time,open,high,low,close,сырая HH,сырая LH,сырая HL,сырая LL
2024-08-15T13:00:00+03:00,2456.95,2460.365,2456.89,2458.215,,,,
2024-08-15T14:00:00+03:00,2458.265,2464.27,2457.95,2463.595,,,,
2024-08-15T15:00:00+03:00,2463.6,2470.155,2441.1,2441.25,,2470.155,,
2024-08-15T16:00:00+03:00,2441.325,2451.52,2432.225,2444.495,,,,2432.225
2024-08-15T17:00:00+03:00,2444.52,2458.66,2444.51,2452.32,,,,
2024-08-15T18:00:00+03:00,2452.335,2459.645,2450.595,2458.47,,,,
2024-08-15T19:00:00+03:00,2458.465,2459.955,2455.14,2455.755,,,,
2024-08-15T20:00:00+03:00,2455.83,2456.505,2453.52,2455.53,,,,
2024-08-15T21:00:00+03:00,2455.535,2458.395,2454.855,2458.345,,,,
2024-08-15T22:00:00+03:00,2458.395,2461.675,2454.195,2455.645,,2461.675,,
2024-08-15T23:00:00+03:00,2455.65,2457.55,2454.835,2456.545,,,,
2024-08-16T01:00:00+03:00,2456.105,2456.105,2454.665,2454.905,,,,
2024-08-16T02:00:00+03:00,2454.91,2458.31,2454.515,2457.405,,,,
2024-08-16T03:00:00+03:00,2457.39,2459.815,2457.035,2458.445,,,,
2024-08-16T04:00:00+03:00,2458.635,2460.15,2455.855,2457.385,,,,
2024-08-16T05:00:00+03:00,2457.315,2457.775,2453.655,2455.03,,,,
2024-08-16T06:00:00+03:00,2454.845,2455.755,2450.805,2452.51,,,2450.805,
2024-08-16T07:00:00+03:00,2452.505,2453.785,2452.075,2452.79,,,,
2024-08-16T08:00:00+03:00,2452.795,2456.42,2452.67,2455.81,,,,
2024-08-16T09:00:00+03:00,2455.835,2457.88,2454.705,2455.085,,,,
2024-08-16T10:00:00+03:00,2455.095,2464.57,2451.22,2462.035,,,,
2024-08-16T11:00:00+03:00,2462.1,2464.12,2459.15,2462.435,,,,
2024-08-16T12:00:00+03:00,2462.44,2464.39,2461.265,2463.435,,,,
2024-08-16T13:00:00+03:00,2463.42,2468.26,2462.94,2464.685,,,,
2024-08-16T14:00:00+03:00,2464.69,2472.36,2464.685,2472.22,,,,
2024-08-16T15:00:00+03:00,2472.25,2492.53,2471.355,2491.73,,,,
2024-08-16T16:00:00+03:00,2491.775,2500.31,2483.7,2494.82,,,,
2024-08-16T17:00:00+03:00,2494.825,2495.16,2477.53,2487.22,,,,
2024-08-16T18:00:00+03:00,2487.23,2492.34,2485.75,2491.83,,,,
2024-08-16T19:00:00+03:00,2491.84,2497.82,2491.77,2495.95,,,,
2024-08-16T20:00:00+03:00,2495.94,2500.185,2493.19,2499.855,,,,
2024-08-16T21:00:00+03:00,2499.86,2505.64,2498.52,2503.38,,,,
2024-08-16T22:00:00+03:00,2503.485,2509.06,2501.785,2507.925,,,,
2024-08-16T23:00:00+03:00,2507.985,2509.82,2505.585,2508.14,2509.82,,,
2024-08-19T01:00:00+03:00,2506.525,2506.865,2502.45,2504.96,,,,
2024-08-19T02:00:00+03:00,2505.045,2506.915,2503.485,2506.535,,,,
2024-08-19T03:00:00+03:00,2506.54,2506.84,2500.385,2502.065,,,,
2024-08-19T04:00:00+03:00,2502.195,2506.16,2495.045,2498.32,,,2495.045,
2024-08-19T05:00:00+03:00,2498.325,2504.065,2496.305,2503.58,,,,
2024-08-19T06:00:00+03:00,2503.575,2505.95,2500.62,2503.345,,,,
2024-08-19T07:00:00+03:00,2503.27,2504.81,2498.885,2500.74,,,,
2024-08-19T08:00:00+03:00,2500.78,2502.52,2499.185,2501.14,,,,
2024-08-19T09:00:00+03:00,2501.14,2505.285,2499.695,2502.18,,,,
2024-08-19T10:00:00+03:00,2502.19,2505.01,2499.825,2503.145,,,,
2024-08-19T11:00:00+03:00,2503.12,2507.225,2502.41,2503.205,,2507.225,,
2024-08-19T12:00:00+03:00,2503.21,2504.025,2499.895,2500.025,,,,
2024-08-19T13:00:00+03:00,2500.015,2500.15,2489.6,2489.91,,,,
2024-08-19T14:00:00+03:00,2489.88,2495.26,2486.6,2494.555,,,,
2024-08-19T15:00:00+03:00,2494.585,2495.57,2488.81,2491.265,,,,
2024-08-19T16:00:00+03:00,2491.28,2495.9,2485.735,2494.755,,,,2485.735
2024-08-19T17:00:00+03:00,2494.69,2504.89,2494.005,2501.305,,,,
2024-08-19T18:00:00+03:00,2501.355,2506.045,2499.96,2504.01,,,,
2024-08-19T19:00:00+03:00,2504.02,2507.535,2501.995,2505.51,2507.535,,,
2024-08-19T20:00:00+03:00,2505.505,2505.835,2500.79,2503.195,,,,
2024-08-19T21:00:00+03:00,2503.165,2504.925,2502.54,2504.315,,,,
2024-08-19T22:00:00+03:00,2504.31,2505.925,2503.155,2505.53,,,,
2024-08-19T23:00:00+03:00,2505.535,2505.65,2503.45,2504.285,,,,
2024-08-20T01:00:00+03:00,2503.74,2504.695,2502.16,2504.425,,,,
2024-08-20T02:00:00+03:00,2504.42,2504.42,2502.61,2503.68,,,,
2024-08-20T03:00:00+03:00,2503.73,2506.925,2503.47,2505.05,,,,
2024-08-20T04:00:00+03:00,2505.005,2508.275,2501.36,2502.025,2508.275,,,
2024-08-20T05:00:00+03:00,2502.03,2502.46,2498.775,2499.695,,,,
2024-08-20T06:00:00+03:00,2499.69,2502.475,2499.13,2501.84,,,,
2024-08-20T07:00:00+03:00,2501.835,2502.84,2499.6,2500.87,,,,
2024-08-20T08:00:00+03:00,2500.905,2503.755,2499.56,2499.56,,,,
2024-08-20T09:00:00+03:00,2499.515,2505.845,2497.4,2502.44,,,2497.4,
2024-08-20T10:00:00+03:00,2502.445,2515.285,2501.255,2514.985,,,,
2024-08-20T11:00:00+03:00,2515.045,2523.185,2514.465,2519.88,,,,
2024-08-20T12:00:00+03:00,2519.91,2525.305,2519.875,2521.785,,,,
2024-08-20T13:00:00+03:00,2521.79,2524.64,2521.25,2522.925,,,,
2024-08-20T14:00:00+03:00,2522.905,2527.125,2522.295,2526.375,,,,
2024-08-20T15:00:00+03:00,2526.43,2529.275,2521.7,2526.78,,,,
2024-08-20T16:00:00+03:00,2526.765,2531.765,2519.965,2530.03,2531.765,,,
2024-08-20T17:00:00+03:00,2529.98,2530.295,2520.505,2523.905,,,,
2024-08-20T18:00:00+03:00,2523.885,2524.05,2505.91,2508.54,,,,
2024-08-20T19:00:00+03:00,2508.53,2510.62,2500.865,2509.2,,,2500.865,
2024-08-20T20:00:00+03:00,2509.19,2513.265,2506.86,2510.7,,,,
2024-08-20T21:00:00+03:00,2510.695,2515.475,2509.405,2513.39,,,,
2024-08-20T22:00:00+03:00,2513.405,2515.34,2511.035,2515.1,,,,
2024-08-20T23:00:00+03:00,2515.085,2516.97,2513.615,2514.11,,,,
2024-08-21T01:00:00+03:00,2513.86,2515.875,2513.46,2514.835,,,,
2024-08-21T02:00:00+03:00,2514.825,2516.135,2512.845,2512.97,,,,
2024-08-21T03:00:00+03:00,2512.985,2516.01,2512.53,2513.635,,,,
2024-08-21T04:00:00+03:00,2513.69,2517.12,2510.93,2516.87,,,2510.93,
2024-08-21T05:00:00+03:00,2516.86,2519.985,2515.945,2519.475,,2519.985,,
2024-08-21T06:00:00+03:00,2519.435,2519.505,2513.11,2517.485,,,,
2024-08-21T07:00:00+03:00,2517.535,2517.765,2513.885,2516.23,,,,
2024-08-21T08:00:00+03:00,2516.195,2518.485,2515.075,2515.265,,,,
2024-08-21T09:00:00+03:00,2515.27,2519.645,2511.845,2514.52,,,,
2024-08-21T10:00:00+03:00,2514.5,2517.11,2508.235,2509.82,,,,
2024-08-21T11:00:00+03:00,2509.81,2512.47,2506.995,2507.325,,,,
2024-08-21T12:00:00+03:00,2507.235,2509.275,2504.595,2505.695,,,,
2024-08-21T13:00:00+03:00,2505.625,2509.795,2504.515,2509.435,,,,
2024-08-21T14:00:00+03:00,2509.48,2513.325,2507,2511.9,,,,
2024-08-21T15:00:00+03:00,2511.855,2513.77,2507.175,2510.63,,,,
2024-08-21T16:00:00+03:00,2510.62,2512.975,2498.03,2503.135,,,,
2024-08-21T17:00:00+03:00,2503.11,2506.74,2493.83,2501.565,,,,2493.83
2024-08-21T18:00:00+03:00,2501.645,2511.15,2501.42,2508.47,,,,
2024-08-21T19:00:00+03:00,2508.375,2508.955,2503.23,2507.175,,,,
2024-08-21T20:00:00+03:00,2507.12,2511.43,2507.025,2509.58,,,,
2024-08-21T21:00:00+03:00,2509.555,2519.185,2509.375,2516.08,,2519.185,,
2024-08-21T22:00:00+03:00,2516.15,2516.475,2511.01,2511.57,,,,
2024-08-21T23:00:00+03:00,2511.57,2512.48,2509.875,2512.25,,,,
2024-08-22T01:00:00+03:00,2512.22,2514.08,2511.77,2514.065,,,,
2024-08-22T02:00:00+03:00,2514.02,2514.46,2512.32,2512.78,,,,
2024-08-22T03:00:00+03:00,2512.875,2514.73,2511.24,2513.81,,,,
2024-08-22T04:00:00+03:00,2513.76,2514.165,2507.065,2507.69,,,,
2024-08-22T05:00:00+03:00,2507.695,2508.715,2500.04,2502.36,,,,
2024-08-22T06:00:00+03:00,2502.37,2504.81,2501.19,2502.385,,,,
2024-08-22T07:00:00+03:00,2502.39,2502.455,2499.35,2501.985,,,2499.35,
2024-08-22T08:00:00+03:00,2501.94,2506.365,2500.755,2505.62,,,,
2024-08-22T09:00:00+03:00,2505.615,2510.645,2503.65,2507.55,,,,
2024-08-22T10:00:00+03:00,2507.53,2509.825,2504.51,2507.185,,,,
2024-08-22T11:00:00+03:00,2507.095,2507.555,2502.565,2503.72,,,,
2024-08-22T12:00:00+03:00,2503.705,2508.15,2501.205,2507.34,,,,
2024-08-22T13:00:00+03:00,2507.385,2509.18,2505.265,2505.355,,,,
2024-08-22T14:00:00+03:00,2505.31,2506.06,2498.105,2499.615,,,,
2024-08-22T15:00:00+03:00,2499.675,2504.265,2495.29,2500.785,,,,
2024-08-22T16:00:00+03:00,2500.82,2501.625,2483.065,2487.955,,,,
2024-08-22T17:00:00+03:00,2487.82,2487.88,2470.85,2480.14,,,,2470.85
2024-08-22T18:00:00+03:00,2480.105,2484.315,2475.07,2481.94,,,,
2024-08-22T19:00:00+03:00,2481.96,2486.08,2481.425,2484.325,,,,
2024-08-22T20:00:00+03:00,2484.305,2484.505,2479.732,2482.355,,,,
2024-08-22T21:00:00+03:00,2482.43,2484.855,2480.435,2482.325,,,,
2024-08-22T22:00:00+03:00,2482.3,2483.54,2478.62,2483.01,,,,
2024-08-22T23:00:00+03:00,2483.04,2484.96,2482.565,2484.72,,,,
2024-08-23T01:00:00+03:00,2485.335,2485.67,2484.41,2485.21,,,,
2024-08-23T02:00:00+03:00,2485.195,2487.69,2485.025,2487.68,,,,
2024-08-23T03:00:00+03:00,2487.675,2492.325,2486.56,2490.045,,,,
2024-08-23T04:00:00+03:00,2490.105,2491.515,2487.95,2490.905,,,,
2024-08-23T05:00:00+03:00,2490.91,2491.685,2486.77,2490.025,,,,
2024-08-23T06:00:00+03:00,2489.98,2493.82,2489.52,2493.3,,,,
2024-08-23T07:00:00+03:00,2493.29,2494.585,2492.625,2493.48,,,,
2024-08-23T08:00:00+03:00,2493.475,2495.855,2491.21,2491.96,,,,
2024-08-23T09:00:00+03:00,2491.965,2494.65,2490.67,2493.055,,,,
2024-08-23T10:00:00+03:00,2493.145,2494.165,2491.73,2493.51,,,,
2024-08-23T11:00:00+03:00,2493.435,2500,2493.11,2499.045,,,,
2024-08-23T12:00:00+03:00,2499.06,2501.915,2497.08,2499,,,,
2024-08-23T13:00:00+03:00,2498.99,2499.33,2495.72,2499.095,,,,
2024-08-23T14:00:00+03:00,2499.1,2502.495,2497.475,2501.68,,,,
2024-08-23T15:00:00+03:00,2501.51,2502.385,2498.45,2501.36,,,,
2024-08-23T16:00:00+03:00,2501.35,2503.93,2494.515,2498.455,,,,
2024-08-23T17:00:00+03:00,2498.355,2517.945,2498.01,2509.225,,,,
2024-08-23T18:00:00+03:00,2509.285,2518.4,2508.055,2509.845,,2518.4,,
2024-08-23T19:00:00+03:00,2509.875,2510.54,2501.82,2510.385,,,,
2024-08-23T20:00:00+03:00,2510.375,2513.25,2509.62,2510.915,,,,
2024-08-23T21:00:00+03:00,2510.925,2511.925,2509.11,2509.835,,,,
2024-08-23T22:00:00+03:00,2509.82,2512.865,2507.995,2510.845,,,,
2024-08-23T23:00:00+03:00,2510.82,2512.61,2509.64,2512.49,,,,
2024-08-26T01:00:00+03:00,2512.035,2514.695,2511.105,2513.095,,,,
2024-08-26T02:00:00+03:00,2513.11,2516.755,2513.025,2516.01,,,,
2024-08-26T03:00:00+03:00,2516.025,2516.995,2512.49,2513.745,,2516.995,,
2024-08-26T04:00:00+03:00,2513.755,2515.575,2510.68,2513.42,,,,
2024-08-26T05:00:00+03:00,2513.37,2515.36,2511.87,2512,,,,
2024-08-26T06:00:00+03:00,2511.99,2513.035,2509.35,2509.945,,,,
2024-08-26T07:00:00+03:00,2509.94,2510.95,2508.985,2509.65,,,,
2024-08-26T08:00:00+03:00,2509.645,2511.42,2508.81,2510.575,,,2508.81,
2024-08-26T09:00:00+03:00,2510.56,2515.38,2509.895,2515.185,,,,
2024-08-26T10:00:00+03:00,2515.145,2521.87,2514.255,2521.555,,,,
2024-08-26T11:00:00+03:00,2521.475,2525.825,2520.77,2524.295,,,,
2024-08-26T12:00:00+03:00,2524.3,2525.715,2523.465,2525.12,,,,
2024-08-26T13:00:00+03:00,2525.21,2526.69,2522.6,2525.01,,,,
2024-08-26T14:00:00+03:00,2525.085,2526.9,2520.985,2526.605,2526.9,,,
2024-08-26T15:00:00+03:00,2526.635,2526.875,2522.63,2523.915,,,,
2024-08-26T16:00:00+03:00,2523.92,2526.485,2515.545,2516.005,,,,
2024-08-26T17:00:00+03:00,2516.025,2519.04,2510.68,2517.04,,,2510.68,
2024-08-26T18:00:00+03:00,2517.055,2517.505,2511.445,2515.895,,,,
2024-08-26T19:00:00+03:00,2515.915,2520.525,2513.7,2520.305,,,,
2024-08-26T20:00:00+03:00,2520.295,2523.45,2516.59,2518.15,,,,
2024-08-26T21:00:00+03:00,2518.22,2519.605,2515.655,2516.97,,,,
2024-08-26T22:00:00+03:00,2516.975,2521.025,2516.915,2518.235,,,,
2024-08-26T23:00:00+03:00,2518.2,2519.09,2517.52,2517.955,,,,
2024-08-27T01:00:00+03:00,2517.73,2517.905,2517.09,2517.41,,,,
2024-08-27T02:00:00+03:00,2517.41,2517.71,2515.54,2515.56,,,,
2024-08-27T03:00:00+03:00,2515.535,2516.81,2513.035,2513.215,,,,
2024-08-27T04:00:00+03:00,2513.27,2514.18,2508.32,2509.805,,,,
2024-08-27T05:00:00+03:00,2509.8,2510.5,2505.845,2508.81,,,,
2024-08-27T06:00:00+03:00,2508.8,2509.26,2505.88,2509.145,,,,
2024-08-27T07:00:00+03:00,2509.16,2509.58,2506.32,2507.355,,,,
2024-08-27T08:00:00+03:00,2507.295,2513.88,2506.7,2513.645,,,,
2024-08-27T09:00:00+03:00,2513.685,2517.58,2512.825,2514.96,,,,
2024-08-27T10:00:00+03:00,2515.11,2517.615,2504.585,2504.98,,2517.615,,
2024-08-27T11:00:00+03:00,2504.915,2512.54,2503.585,2511.14,,,,2503.585
2024-08-27T12:00:00+03:00,2511.105,2513.83,2508.165,2508.97,,,,
2024-08-27T13:00:00+03:00,2508.965,2510.49,2506.965,2509.055,,,,
2024-08-27T14:00:00+03:00,2509.09,2512.55,2508.725,2511.535,,,,
2024-08-27T15:00:00+03:00,2511.53,2514.41,2507.805,2509.93,,,,
2024-08-27T16:00:00+03:00,2509.9,2515.19,2503.605,2512.23,,,,
2024-08-27T17:00:00+03:00,2512.33,2518.165,2507.85,2514.815,,,,
2024-08-27T18:00:00+03:00,2514.935,2520.505,2511.6,2512.195,,,,
2024-08-27T19:00:00+03:00,2512.18,2514.46,2509.965,2514.455,,,,
2024-08-27T20:00:00+03:00,2514.47,2521.775,2514.175,2520.11,,,,
2024-08-27T21:00:00+03:00,2520.125,2526.01,2520,2524.46,,,,
2024-08-27T22:00:00+03:00,2524.515,2525.755,2523.085,2525.14,,,,
2024-08-27T23:00:00+03:00,2525.135,2525.99,2523.9,2524.825,,,,
2024-08-28T01:00:00+03:00,2525.26,2526.095,2524.97,2525.655,,,,
2024-08-28T02:00:00+03:00,2525.7,2529.135,2524.23,2525.37,2529.135,,,
2024-08-28T03:00:00+03:00,2525.37,2525.925,2523.935,2524.5,,,,
2024-08-28T04:00:00+03:00,2524.495,2524.505,2516.905,2517.195,,,,
2024-08-28T05:00:00+03:00,2517.19,2518.59,2513.44,2516.44,,,,
2024-08-28T06:00:00+03:00,2516.425,2517.185,2513.355,2515.935,,,,
2024-08-28T07:00:00+03:00,2515.925,2516.24,2510.34,2511.585,,,,
2024-08-28T08:00:00+03:00,2511.59,2511.765,2505.535,2505.84,,,,
2024-08-28T09:00:00+03:00,2505.835,2509.075,2503.325,2508.615,,,,
2024-08-28T10:00:00+03:00,2508.63,2511.435,2507.61,2510.085,,,,
2024-08-28T11:00:00+03:00,2510.07,2510.07,2506.045,2508.24,,,,
2024-08-28T12:00:00+03:00,2508.185,2511.43,2507.875,2510.205,,,,
2024-08-28T13:00:00+03:00,2510.275,2510.55,2502.65,2505.415,,,,
2024-08-28T14:00:00+03:00,2505.395,2505.505,2500.81,2501.515,,,,
2024-08-28T15:00:00+03:00,2501.51,2501.685,2493.665,2500.665,,,,2493.665
2024-08-28T16:00:00+03:00,2500.675,2510.69,2499.5,2506.64,,,,
2024-08-28T17:00:00+03:00,2506.635,2509.165,2504.095,2507.65,,,,
2024-08-28T18:00:00+03:00,2507.655,2510.285,2505.085,2506.185,,,,
2024-08-28T19:00:00+03:00,2506.195,2506.52,2496.465,2501.99,,,,
2024-08-28T20:00:00+03:00,2501.97,2506.45,2500.65,2505.425,,,,
2024-08-28T21:00:00+03:00,2505.45,2508.285,2503.73,2508.065,,,,
2024-08-28T22:00:00+03:00,2508.065,2509.65,2506.9,2507.67,,,,
2024-08-28T23:00:00+03:00,2507.875,2508.625,2502.88,2504.67,,,,
2024-08-29T01:00:00+03:00,2506.21,2508.865,2504.925,2507.26,,,,
2024-08-29T02:00:00+03:00,2507.225,2508.245,2506.515,2508.2,,,,
2024-08-29T03:00:00+03:00,2508.215,2515.39,2508.045,2512.42,,,,
2024-08-29T04:00:00+03:00,2512.34,2514.83,2511.8,2513.235,,,,
2024-08-29T05:00:00+03:00,2513.15,2515.2,2511.7,2512.945,,,,
2024-08-29T06:00:00+03:00,2512.935,2516.93,2512.47,2516.755,,,,
2024-08-29T07:00:00+03:00,2516.75,2518.27,2515.59,2515.945,,,,
2024-08-29T08:00:00+03:00,2515.845,2520.035,2513.85,2518.86,,,,
2024-08-29T09:00:00+03:00,2518.855,2521.24,2516.3,2516.935,,,,
2024-08-29T10:00:00+03:00,2517.155,2519.24,2515.265,2519.215,,,,
2024-08-29T11:00:00+03:00,2519.24,2520.205,2515.175,2517.175,,,,
2024-08-29T12:00:00+03:00,2517.205,2524.5,2515.975,2523.005,,,,
2024-08-29T13:00:00+03:00,2523.08,2524.505,2520.9,2523.175,,,,
2024-08-29T14:00:00+03:00,2523.185,2523.485,2519.13,2519.965,,,,
2024-08-29T15:00:00+03:00,2519.96,2520.27,2503.69,2509.27,,,2503.69,
2024-08-29T16:00:00+03:00,2509.335,2519.295,2508.285,2516.87,,,,
2024-08-29T17:00:00+03:00,2516.875,2522.335,2514.455,2522.235,,,,
2024-08-29T18:00:00+03:00,2522.31,2525.72,2518.6,2522.64,,,,
2024-08-29T19:00:00+03:00,2522.645,2526.755,2517.485,2525.315,,,,
2024-08-29T20:00:00+03:00,2525.325,2528.74,2523.545,2525.93,,2528.74,,
2024-08-29T21:00:00+03:00,2526.085,2526.405,2521.05,2523.135,,,,
2024-08-29T22:00:00+03:00,2523.125,2524.875,2520.945,2521.21,,,,
2024-08-29T23:00:00+03:00,2521.22,2522.365,2520.735,2521.215,,,,
2024-08-30T01:00:00+03:00,2520.805,2521.845,2520.605,2521.05,,,,
2024-08-30T02:00:00+03:00,2521,2521,2518.925,2519.63,,,,
2024-08-30T03:00:00+03:00,2519.685,2519.735,2516.72,2517.87,,,,
2024-08-30T04:00:00+03:00,2517.885,2520.19,2514.53,2516.145,,,,
2024-08-30T05:00:00+03:00,2516.13,2517.955,2514.265,2516.13,,,,
2024-08-30T06:00:00+03:00,2516.095,2517.115,2512.34,2513.615,,,,
2024-08-30T07:00:00+03:00,2513.585,2514.655,2512.255,2513.445,,,2512.255,
2024-08-30T08:00:00+03:00,2513.455,2516.39,2512.595,2513.9,,,,
2024-08-30T09:00:00+03:00,2513.875,2524.17,2513.225,2517.835,,,,
2024-08-30T10:00:00+03:00,2517.78,2521.46,2517.59,2519.415,,,,
2024-08-30T11:00:00+03:00,2519.405,2526.785,2518.935,2522.975,,,,
2024-08-30T12:00:00+03:00,2522.97,2526.925,2522.675,2524.24,,2526.925,,
2024-08-30T13:00:00+03:00,2524.36,2524.855,2515.13,2515.39,,,,
2024-08-30T14:00:00+03:00,2515.385,2521.745,2515.08,2519.57,,,,
2024-08-30T15:00:00+03:00,2519.485,2524.765,2516.365,2519.765,,,,
2024-08-30T16:00:00+03:00,2519.75,2519.97,2512.96,2515.65,,,,
2024-08-30T17:00:00+03:00,2515.665,2518.465,2506.445,2509.12,,,,
2024-08-30T18:00:00+03:00,2509.11,2509.615,2500.325,2502.55,,,,
2024-08-30T19:00:00+03:00,2502.51,2506.12,2496.67,2497.805,,,,
2024-08-30T20:00:00+03:00,2497.69,2500.55,2494.215,2499.66,,,,2494.215
2024-08-30T21:00:00+03:00,2499.625,2504.81,2499.475,2502.42,,,,
2024-08-30T22:00:00+03:00,2502.34,2504.12,2498.335,2502.385,,,,
2024-08-30T23:00:00+03:00,2502.41,2503.61,2501.905,2503.4,,,,
2024-09-02T01:00:00+03:00,2502.84,2504.905,2502.675,2503.465,,,,
2024-09-02T02:00:00+03:00,2503.45,2503.77,2501.985,2503.11,,,,
2024-09-02T03:00:00+03:00,2503.14,2505.01,2501.23,2501.56,,2505.01,,
2024-09-02T04:00:00+03:00,2501.565,2504.73,2496.695,2498.055,,,,
2024-09-02T05:00:00+03:00,2498.065,2498.355,2490.105,2492.035,,,,2490.105
2024-09-02T06:00:00+03:00,2492.03,2496.5,2491.435,2496.38,,,,
2024-09-02T07:00:00+03:00,2496.385,2499.48,2496.225,2496.98,,,,
2024-09-02T08:00:00+03:00,2496.99,2498.59,2495.36,2496.6,,,,
2024-09-02T09:00:00+03:00,2496.605,2501.505,2495.955,2497.67,,,,
2024-09-02T10:00:00+03:00,2497.695,2499.6,2496.27,2498.325,,,,
2024-09-02T11:00:00+03:00,2498.31,2507.33,2497.35,2506.365,2507.33,,,
2024-09-02T12:00:00+03:00,2506.28,2506.63,2498.24,2499.01,,,,
2024-09-02T13:00:00+03:00,2498.985,2502.125,2498.21,2499.26,,,,
2024-09-02T14:00:00+03:00,2499.425,2500.315,2497.18,2499.925,,,,
2024-09-02T15:00:00+03:00,2499.895,2503.275,2498.9,2501.335,,,,
2024-09-02T16:00:00+03:00,2501.39,2502.34,2498.585,2499.995,,,,
2024-09-02T17:00:00+03:00,2499.99,2502.555,2497.79,2502.085,,,,
2024-09-02T18:00:00+03:00,2502.1,2502.545,2499.97,2501.67,,,,
2024-09-02T19:00:00+03:00,2501.675,2501.985,2498.685,2500.59,,,,
2024-09-02T20:00:00+03:00,2500.585,2501.365,2498.765,2499.44,,,,
2024-09-02T21:00:00+03:00,2499.445,2500.17,2498.74,2499.42,,,,
2024-09-03T01:00:00+03:00,2499.55,2499.73,2497.6,2497.885,,,,
2024-09-03T02:00:00+03:00,2497.825,2498.605,2496.485,2497.325,,,,
2024-09-03T03:00:00+03:00,2497.33,2497.755,2495.045,2495.895,,,,
2024-09-03T04:00:00+03:00,2495.865,2495.97,2489.705,2493.82,,,,2489.705
2024-09-03T05:00:00+03:00,2493.825,2496.47,2492.52,2495.37,,,,
2024-09-03T06:00:00+03:00,2495.3,2495.935,2493.175,2494.87,,,,
2024-09-03T07:00:00+03:00,2494.865,2497.025,2493.995,2496.01,,,,
2024-09-03T08:00:00+03:00,2496,2496,2492.83,2495.115,,,,
2024-09-03T09:00:00+03:00,2495.13,2498.935,2492.875,2497.945,,,,
2024-09-03T10:00:00+03:00,2497.915,2502.11,2496.675,2500.845,,,,
2024-09-03T11:00:00+03:00,2500.835,2506.35,2500.65,2503.97,,2506.35,,
2024-09-03T12:00:00+03:00,2504.04,2505.065,2500.955,2500.955,,,,
2024-09-03T13:00:00+03:00,2500.96,2501.065,2492.7,2497.405,,,,
2024-09-03T14:00:00+03:00,2497.34,2501.645,2484.805,2489.755,,,,
2024-09-03T15:00:00+03:00,2489.725,2502.305,2487.16,2493.335,,,,
2024-09-03T16:00:00+03:00,2493.35,2497.75,2475.625,2480.165,,,,
2024-09-03T17:00:00+03:00,2482.235,2485.705,2473.325,2478.365,,,,2473.325
2024-09-03T18:00:00+03:00,2478.295,2489.59,2477.295,2488.465,,,,
2024-09-03T19:00:00+03:00,2488.455,2489.075,2484.015,2486.09,,,,
2024-09-03T20:00:00+03:00,2486.04,2492.11,2485.575,2489.545,,,,
2024-09-03T21:00:00+03:00,2489.57,2490.055,2487.13,2489.42,,,,
2024-09-03T22:00:00+03:00,2489.37,2494.43,2489.055,2492.11,,,,
2024-09-03T23:00:00+03:00,2492.06,2493.3,2491.445,2492.95,,,,
2024-09-04T01:00:00+03:00,2492.62,2494.54,2492.1,2493.19,,,,
2024-09-04T02:00:00+03:00,2493.265,2494.765,2492.35,2493.395,,,,
2024-09-04T03:00:00+03:00,2493.35,2495.05,2492.24,2492.395,,,,
2024-09-04T04:00:00+03:00,2492.36,2494.53,2491.44,2493.475,,,,
2024-09-04T05:00:00+03:00,2493.48,2496.985,2492.51,2495.375,,2496.985,,
2024-09-04T06:00:00+03:00,2495.35,2496.605,2493.56,2495.12,,,,
2024-09-04T07:00:00+03:00,2495.13,2496.825,2494.53,2495.995,,,,
2024-09-04T08:00:00+03:00,2495.99,2496.68,2492.805,2493.195,,,,
2024-09-04T09:00:00+03:00,2493.215,2493.48,2483.775,2484.365,,,,
2024-09-04T10:00:00+03:00,2484.315,2488.315,2482,2482.175,,,,
2024-09-04T11:00:00+03:00,2482.145,2483.415,2472.61,2473.35,,,,
2024-09-04T12:00:00+03:00,2473.43,2483.37,2471.915,2481.7,,,,2471.915
2024-09-04T13:00:00+03:00,2481.665,2490.065,2481.17,2489.06,,,,
2024-09-04T14:00:00+03:00,2489.065,2491.285,2486.79,2489.27,,,,
2024-09-04T15:00:00+03:00,2489.275,2491.255,2485.58,2486.6,,,,
2024-09-04T16:00:00+03:00,2486.625,2490.185,2482.125,2485.475,,,,
2024-09-04T17:00:00+03:00,2485.545,2500.345,2485.105,2496.26,2500.345,,,
2024-09-04T18:00:00+03:00,2496.275,2498.42,2492.84,2494.14,,,,
2024-09-04T19:00:00+03:00,2494.095,2497.98,2493.22,2496.86,,,,
2024-09-04T20:00:00+03:00,2496.81,2497.39,2493.585,2494.07,,,,
2024-09-04T21:00:00+03:00,2494.055,2495.665,2492.56,2494.75,,,,
2024-09-04T22:00:00+03:00,2494.84,2494.87,2491.55,2493.455,,,,
2024-09-04T23:00:00+03:00,2493.39,2497.045,2492.995,2495.545,,,,
2024-09-05T01:00:00+03:00,2495.32,2495.745,2494.645,2495.465,,,,
2024-09-05T02:00:00+03:00,2495.48,2496.97,2495.21,2495.9,,,,
2024-09-05T03:00:00+03:00,2495.98,2496.61,2494.545,2495.275,,,,
2024-09-05T04:00:00+03:00,2495.26,2499.43,2494.595,2496.55,,,,
2024-09-05T05:00:00+03:00,2496.485,2499.005,2496.325,2498.12,,,,
2024-09-05T06:00:00+03:00,2498.11,2498.65,2494.705,2494.94,,,,
2024-09-05T07:00:00+03:00,2494.815,2495.165,2493.88,2494.365,,,2493.88,
2024-09-05T08:00:00+03:00,2494.28,2502.41,2494.055,2502.02,,,,
2024-09-05T09:00:00+03:00,2501.96,2506.995,2500.84,2504.44,,,,
2024-09-05T10:00:00+03:00,2504.435,2507.62,2503.075,2506.51,,,,
2024-09-05T11:00:00+03:00,2506.565,2516.735,2506.09,2514.755,,,,
2024-09-05T12:00:00+03:00,2514.81,2517.35,2514.81,2515.57,,,,
2024-09-05T13:00:00+03:00,2515.585,2517.015,2513.425,2516.38,,,,
2024-09-05T14:00:00+03:00,2516.375,2518.435,2513.73,2515.25,,,,
2024-09-05T15:00:00+03:00,2515.47,2523.525,2514.16,2517.82,2523.525,,,
2024-09-05T16:00:00+03:00,2517.985,2519.46,2512.53,2514.78,,,,
2024-09-05T17:00:00+03:00,2515.865,2520.65,2507.72,2508.795,,,,
2024-09-05T18:00:00+03:00,2508.825,2511.065,2503.965,2507.19,,,2503.965,
2024-09-05T19:00:00+03:00,2507.225,2511.68,2506.155,2510.47,,,,
2024-09-05T20:00:00+03:00,2510.48,2515.465,2509.36,2515.205,,,,
2024-09-05T21:00:00+03:00,2515.235,2516.92,2514.855,2515.725,,,,
2024-09-05T22:00:00+03:00,2515.72,2516.165,2513.7,2514.96,,,,
2024-09-05T23:00:00+03:00,2514.945,2516.925,2514.935,2516.815,,,,
2024-09-06T01:00:00+03:00,2516.46,2516.63,2515.8,2516.255,,,,
2024-09-06T02:00:00+03:00,2516.245,2517.975,2516.21,2517.34,,,,
2024-09-06T03:00:00+03:00,2517.425,2517.695,2515.68,2515.99,,,,
2024-09-06T04:00:00+03:00,2516.01,2516.74,2513.525,2513.84,,,,
2024-09-06T05:00:00+03:00,2513.84,2518.11,2513.095,2517.825,,,2513.095,
2024-09-06T06:00:00+03:00,2517.82,2518.465,2517.04,2518.365,,,,
2024-09-06T07:00:00+03:00,2518.37,2519.565,2517.85,2518.52,,,,
2024-09-06T08:00:00+03:00,2518.505,2521.9,2518.505,2520.115,,2521.9,,
2024-09-06T09:00:00+03:00,2520.045,2521.5,2516.71,2519.265,,,,
2024-09-06T10:00:00+03:00,2519.265,2520.02,2516.36,2516.58,,,,
2024-09-06T11:00:00+03:00,2516.55,2518.325,2515.605,2517.925,,,,
2024-09-06T12:00:00+03:00,2517.915,2519.99,2516.44,2519.285,,,,
2024-09-06T13:00:00+03:00,2519.195,2519.9,2517.245,2519.005,,,,
2024-09-06T14:00:00+03:00,2519.015,2520.37,2514.775,2516.32,,,,
2024-09-06T15:00:00+03:00,2516.385,2529.3,2507.73,2522.33,2529.3,,,
2024-09-06T16:00:00+03:00,2522.375,2523.07,2502.24,2509.415,,,,
2024-09-06T17:00:00+03:00,2509.385,2515.71,2500.515,2506.785,,,,
2024-09-06T18:00:00+03:00,2506.79,2518.57,2503.665,2505.43,,,,
2024-09-06T19:00:00+03:00,2505.38,2505.84,2485.19,2489.11,,,,2485.19
2024-09-06T20:00:00+03:00,2489.105,2497.08,2486.015,2495.605,,,,
2024-09-06T21:00:00+03:00,2495.78,2497,2492.095,2494.755,,,,
2024-09-06T22:00:00+03:00,2494.83,2496.95,2490.765,2495.985,,,,
2024-09-06T23:00:00+03:00,2495.965,2497.915,2494.81,2497.565,,,,
2024-09-09T01:00:00+03:00,2496.79,2498.13,2496.2,2497.955,,,,
2024-09-09T02:00:00+03:00,2497.99,2498.365,2495.61,2496.95,,,,
2024-09-09T03:00:00+03:00,2497.01,2498.335,2495.715,2496.065,,,,
2024-09-09T04:00:00+03:00,2496.085,2498.765,2494.805,2497.79,,,,
2024-09-09T05:00:00+03:00,2497.795,2499.215,2497.06,2497.17,,,,
2024-09-09T06:00:00+03:00,2497.175,2500.59,2496.78,2499.365,,2500.59,,
2024-09-09T07:00:00+03:00,2499.37,2499.56,2497.58,2498.28,,,,
2024-09-09T08:00:00+03:00,2498.265,2498.37,2487.515,2487.92,,,,
2024-09-09T09:00:00+03:00,2487.915,2493.655,2485.61,2489.855,,,2485.61,
2024-09-09T10:00:00+03:00,2489.86,2496.815,2488.94,2494.4,,,,
2024-09-09T11:00:00+03:00,2494.42,2495.715,2490.135,2492.245,,,,
2024-09-09T12:00:00+03:00,2492.345,2497.675,2492.17,2496.465,,,,
2024-09-09T13:00:00+03:00,2496.475,2499.27,2493.19,2494.53,,,,
2024-09-09T14:00:00+03:00,2494.535,2498.94,2493.49,2497.27,,,,
2024-09-09T15:00:00+03:00,2497.445,2504.195,2496.345,2500.94,,,,
2024-09-09T16:00:00+03:00,2500.94,2505.35,2499.385,2499.86,,,,
2024-09-09T17:00:00+03:00,2499.805,2501.275,2493.31,2496.925,,,,
2024-09-09T18:00:00+03:00,2496.94,2499.74,2493.69,2499.21,,,,
2024-09-09T19:00:00+03:00,2499.215,2505.36,2499.21,2504.475,,,,
2024-09-09T20:00:00+03:00,2504.485,2506.625,2499.49,2500.035,,,,
2024-09-09T21:00:00+03:00,2500.075,2505.35,2499.47,2504.8,,,,
2024-09-09T22:00:00+03:00,2504.79,2506.18,2502.705,2506.055,,,,
2024-09-09T23:00:00+03:00,2506.065,2507.265,2505.365,2506.395,,,,
2024-09-10T01:00:00+03:00,2506.73,2507.235,2505.89,2507.15,,,,
2024-09-10T02:00:00+03:00,2507.065,2507.74,2505.79,2506.835,2507.74,,,
2024-09-10T03:00:00+03:00,2506.935,2507.605,2504.865,2505.44,,,,
2024-09-10T04:00:00+03:00,2505.445,2506.915,2502.88,2503.875,,,,
2024-09-10T05:00:00+03:00,2503.885,2504.08,2501.865,2503.115,,,,
2024-09-10T06:00:00+03:00,2503.04,2504.44,2501.545,2502.65,,,,
2024-09-10T07:00:00+03:00,2502.645,2502.99,2501.125,2501.82,,,,
2024-09-10T08:00:00+03:00,2501.835,2505.01,2500.84,2503.93,,,,
2024-09-10T09:00:00+03:00,2503.925,2506.625,2503.455,2505.2,,,,
2024-09-10T10:00:00+03:00,2505.04,2507.795,2502.185,2502.815,,,,
2024-09-10T11:00:00+03:00,2502.805,2503.26,2500.19,2502.35,,,2500.19,
2024-09-10T12:00:00+03:00,2502.345,2506.155,2500.21,2506.155,,,,
2024-09-10T13:00:00+03:00,2506.16,2509.725,2505.225,2505.745,,,,
2024-09-10T14:00:00+03:00,2505.75,2507.23,2504.315,2504.63,,,,
2024-09-10T15:00:00+03:00,2504.625,2514.14,2504.575,2513.905,,,,
2024-09-10T16:00:00+03:00,2513.925,2515.42,2506.345,2506.845,,,,
2024-09-10T17:00:00+03:00,2506.79,2509.335,2500.945,2509.13,,,,
2024-09-10T18:00:00+03:00,2509.145,2518.535,2508.32,2512.805,2518.535,,,
2024-09-10T19:00:00+03:00,2512.885,2515.635,2510.745,2514.485,,,,
2024-09-10T20:00:00+03:00,2514.475,2515.75,2512.95,2513.25,,,,
2024-09-10T21:00:00+03:00,2513.24,2516.685,2512.17,2516.42,,,,
2024-09-10T22:00:00+03:00,2516.375,2517.575,2514.16,2517.35,,,,
2024-09-10T23:00:00+03:00,2517.36,2517.525,2515.845,2516.735,,,,
2024-09-11T01:00:00+03:00,2516.55,2517.13,2516.375,2516.515,,,,
2024-09-11T02:00:00+03:00,2516.56,2518.89,2516.43,2518.73,,,,
2024-09-11T03:00:00+03:00,2518.69,2519.18,2516.235,2516.65,,,,
2024-09-11T04:00:00+03:00,2516.655,2522.615,2515.02,2518.79,,,,
2024-09-11T05:00:00+03:00,2518.69,2520.43,2517.68,2518.835,,,,
2024-09-11T06:00:00+03:00,2518.84,2520.07,2516.88,2519.505,,,,
2024-09-11T07:00:00+03:00,2519.5,2520.245,2518.685,2519.635,,,,
2024-09-11T08:00:00+03:00,2519.63,2522.52,2519.385,2521.375,,,,
2024-09-11T09:00:00+03:00,2521.37,2529.09,2520.95,2526.665,2529.09,,,
2024-09-11T10:00:00+03:00,2526.66,2527.83,2520.805,2521.51,,,,
2024-09-11T11:00:00+03:00,2521.49,2527.275,2520.76,2524.355,,,,
2024-09-11T12:00:00+03:00,2524.405,2524.765,2522.085,2523.325,,,,
2024-09-11T13:00:00+03:00,2523.32,2523.375,2519.85,2521.85,,,,
2024-09-11T14:00:00+03:00,2521.84,2524.275,2520.785,2522.26,,,,
2024-09-11T15:00:00+03:00,2522.2,2524.27,2502.27,2508.22,,,,
2024-09-11T16:00:00+03:00,2508.215,2512.955,2503.19,2509.725,,,,
2024-09-11T17:00:00+03:00,2509.715,2510.535,2501,2509.55,,,2501,
2024-09-11T18:00:00+03:00,2509.575,2515.03,2508.815,2514.885,,,,
2024-09-11T19:00:00+03:00,2514.885,2520.16,2513.76,2515.26,,,,
2024-09-11T20:00:00+03:00,2515.215,2516.945,2512.475,2514.675,,,,
2024-09-11T21:00:00+03:00,2514.68,2516.39,2511.285,2511.555,,,,
2024-09-11T22:00:00+03:00,2511.55,2513.285,2509.87,2512.99,,,,
2024-09-11T23:00:00+03:00,2513.005,2513.905,2511.36,2511.675,,,,
2024-09-12T01:00:00+03:00,2512.945,2513.925,2512.81,2512.925,,,,
2024-09-12T02:00:00+03:00,2512.91,2513.135,2511.89,2512,,,,
2024-09-12T03:00:00+03:00,2512.01,2512.485,2511.145,2512.26,,,,
2024-09-12T04:00:00+03:00,2512.275,2515.27,2511.735,2513.255,,,,
2024-09-12T05:00:00+03:00,2513.265,2514.205,2511.095,2512.285,,,2511.095,
2024-09-12T06:00:00+03:00,2512.27,2516.12,2512.255,2515.91,,,,
2024-09-12T07:00:00+03:00,2515.915,2517.845,2515.615,2517.045,,,,
2024-09-12T08:00:00+03:00,2517.145,2519.815,2517.045,2519.54,,,,
2024-09-12T09:00:00+03:00,2519.48,2522.36,2516.82,2517.01,,2522.36,,
2024-09-12T10:00:00+03:00,2517.03,2517.83,2514.59,2515.965,,,,
2024-09-12T11:00:00+03:00,2515.905,2519.385,2515.15,2517.43,,,,
2024-09-12T12:00:00+03:00,2517.425,2519.245,2516.475,2518.88,,,,
2024-09-12T13:00:00+03:00,2518.865,2521.105,2513.275,2513.295,,,,
2024-09-12T14:00:00+03:00,2513.28,2520.415,2513.12,2519.605,,,2513.12,
2024-09-12T15:00:00+03:00,2519.61,2535.45,2518.95,2528.585,,,,
2024-09-12T16:00:00+03:00,2528.575,2551.765,2522.075,2545.48,,,,
2024-09-12T17:00:00+03:00,2545.465,2554.82,2541.915,2553.445,,,,
2024-09-12T18:00:00+03:00,2553.435,2555.245,2548.97,2553.32,,,,
2024-09-12T19:00:00+03:00,2553.33,2553.765,2544.94,2550.825,,,,
2024-09-12T20:00:00+03:00,2550.82,2554.9,2550.23,2554.11,,,,
2024-09-12T21:00:00+03:00,2554.11,2558.885,2552.125,2555.935,,,,
2024-09-12T22:00:00+03:00,2555.985,2559.19,2554.665,2557.955,,,,
2024-09-12T23:00:00+03:00,2557.88,2560.13,2556.82,2558.655,,,,
2024-09-13T01:00:00+03:00,2558.38,2559.625,2557.29,2557.51,,,,
2024-09-13T02:00:00+03:00,2557.575,2558.69,2556.795,2558.585,,,,
2024-09-13T03:00:00+03:00,2558.57,2562.765,2556.85,2561.66,,,,
2024-09-13T04:00:00+03:00,2561.665,2568.135,2560.035,2563.32,,,,
2024-09-13T05:00:00+03:00,2563.33,2565.685,2561.64,2565.49,,,,
2024-09-13T06:00:00+03:00,2565.48,2570.12,2564.72,2568.02,,,,
2024-09-13T07:00:00+03:00,2568.025,2570.15,2566.705,2568.945,,,,
2024-09-13T08:00:00+03:00,2568.93,2570.37,2566.025,2566.625,,,,
2024-09-13T09:00:00+03:00,2566.58,2568.885,2563.2,2567.215,,,,
2024-09-13T10:00:00+03:00,2567.245,2571.115,2563.975,2569.785,,,,
2024-09-13T11:00:00+03:00,2569.855,2571.085,2565.76,2570.075,,,,
2024-09-13T12:00:00+03:00,2569.77,2573.035,2567.05,2568.64,,,,
2024-09-13T13:00:00+03:00,2568.645,2569.385,2565.74,2567.125,,,,
2024-09-13T14:00:00+03:00,2567.28,2568.345,2563.78,2567.375,,,,
2024-09-13T15:00:00+03:00,2567.47,2576.01,2566.1,2575.87,,,,
2024-09-13T16:00:00+03:00,2575.915,2583.435,2573.575,2578.19,,,,
2024-09-13T17:00:00+03:00,2577.71,2580.26,2573.2,2578.44,,,,
2024-09-13T18:00:00+03:00,2578.52,2582.515,2573.755,2582.27,,,,
2024-09-13T19:00:00+03:00,2582.325,2585.21,2580.135,2584.38,,,,
2024-09-13T20:00:00+03:00,2584.375,2586.16,2581.565,2582.715,2586.16,,,
2024-09-13T21:00:00+03:00,2582.705,2584.05,2580.8,2582.335,,,,
2024-09-13T22:00:00+03:00,2582.33,2582.985,2578.69,2582.67,,,,
2024-09-13T23:00:00+03:00,2582.665,2583,2577.26,2578.715,,,,
2024-09-16T01:00:00+03:00,2578.79,2580.47,2577.595,2580.15,,,,
2024-09-16T02:00:00+03:00,2580.17,2580.43,2578.335,2579.17,,,,
2024-09-16T03:00:00+03:00,2579.165,2582.485,2578.945,2581.41,,,,
2024-09-16T04:00:00+03:00,2581.335,2582.93,2579.96,2581.835,,,,
2024-09-16T05:00:00+03:00,2581.77,2586,2581.6,2585.48,,,,
2024-09-16T06:00:00+03:00,2585.47,2589.05,2583.835,2586.415,,,,
2024-09-16T07:00:00+03:00,2586.425,2586.855,2585.075,2585.915,,,,
2024-09-16T08:00:00+03:00,2585.93,2589.495,2585.6,2588.84,,,,
2024-09-16T09:00:00+03:00,2588.875,2589.715,2585.175,2585.38,2589.715,,,
2024-09-16T10:00:00+03:00,2585.34,2585.675,2579.57,2582.215,,,,
2024-09-16T11:00:00+03:00,2582.21,2588.585,2581.455,2586.93,,,,
2024-09-16T12:00:00+03:00,2586.89,2588.36,2584.235,2585.59,,,,
2024-09-16T13:00:00+03:00,2585.605,2586.455,2575.245,2579.86,,,2575.245,
2024-09-16T14:00:00+03:00,2579.885,2583.27,2578.755,2583.075,,,,
2024-09-16T15:00:00+03:00,2583.09,2583.54,2578.605,2583.45,,,,
2024-09-16T16:00:00+03:00,2583.485,2589.405,2581.315,2588.295,,2589.405,,
2024-09-16T17:00:00+03:00,2588.29,2588.665,2576.18,2580.315,,,,
2024-09-16T18:00:00+03:00,2580.325,2582.005,2577.74,2579.95,,,,
2024-09-16T19:00:00+03:00,2579.955,2584.15,2579.645,2583.775,,,,
2024-09-16T20:00:00+03:00,2583.675,2584.205,2579.95,2582.69,,,,
2024-09-16T21:00:00+03:00,2582.78,2582.935,2580.28,2581.095,,,,
2024-09-16T22:00:00+03:00,2581.1,2583.375,2579.685,2582.6,,,,
2024-09-16T23:00:00+03:00,2582.6,2583.52,2581.895,2582.665,,,,
2024-09-17T01:00:00+03:00,2582.66,2583.65,2582.59,2582.995,,,,
2024-09-17T02:00:00+03:00,2583.08,2583.93,2582.275,2583.785,,,,
2024-09-17T03:00:00+03:00,2583.78,2584.425,2580.3,2580.305,,,,
2024-09-17T04:00:00+03:00,2580.31,2582.765,2578.495,2582.675,,,,
2024-09-17T05:00:00+03:00,2582.68,2586.36,2581.11,2581.65,,,,
2024-09-17T06:00:00+03:00,2581.6,2581.6,2576.89,2577.265,,,,
2024-09-17T07:00:00+03:00,2577.22,2579.215,2574.975,2576.935,,,,
2024-09-17T08:00:00+03:00,2576.92,2579.675,2574.625,2579.395,,,,
2024-09-17T09:00:00+03:00,2579.405,2587.02,2579.39,2584.385,,2587.02,,
2024-09-17T10:00:00+03:00,2584.49,2585.72,2582.775,2583.89,,,,
2024-09-17T11:00:00+03:00,2583.85,2584.225,2577.665,2580.18,,,,
2024-09-17T12:00:00+03:00,2580.195,2580.195,2571.83,2573.69,,,,
2024-09-17T13:00:00+03:00,2573.61,2576.18,2569.81,2573.08,,,,
2024-09-17T14:00:00+03:00,2573.16,2581.76,2572.325,2579.895,,,,
2024-09-17T15:00:00+03:00,2579.89,2581.665,2568.4,2577.84,,,,
2024-09-17T16:00:00+03:00,2577.98,2579.62,2573.095,2573.735,,,,
2024-09-17T17:00:00+03:00,2573.715,2582.3,2571.845,2576.555,,2582.3,,
2024-09-17T18:00:00+03:00,2576.625,2577.14,2561.855,2565.675,,,,
2024-09-17T19:00:00+03:00,2565.715,2566.69,2561.51,2563.19,,,,
2024-09-17T20:00:00+03:00,2563.13,2570.565,2560.78,2569.99,,,,2560.78
2024-09-17T21:00:00+03:00,2569.98,2571.655,2568.7,2570.235,,,,
2024-09-17T22:00:00+03:00,2570.2,2571.22,2567.055,2568.75,,,,
2024-09-17T23:00:00+03:00,2568.775,2570.34,2568.39,2569.59,,,,
2024-09-18T01:00:00+03:00,2570.325,2571.45,2570.035,2570.82,,,,
2024-09-18T02:00:00+03:00,2570.78,2574.445,2570.77,2574.1,,,,
2024-09-18T03:00:00+03:00,2574.095,2574.85,2571.565,2573.08,,,,
2024-09-18T04:00:00+03:00,2573.09,2576.54,2571.64,2572.255,,2576.54,,
2024-09-18T05:00:00+03:00,2572.335,2574.21,2570.095,2573.86,,,,
2024-09-18T06:00:00+03:00,2573.865,2576.48,2572.845,2575.99,,,,
2024-09-18T07:00:00+03:00,2575.995,2576.535,2568.1,2568.73,,,,
2024-09-18T08:00:00+03:00,2568.705,2569.31,2565.79,2567.78,,,2565.79,
2024-09-18T09:00:00+03:00,2567.815,2570.07,2566.72,2569.205,,,,
2024-09-18T10:00:00+03:00,2569.21,2572.005,2568.73,2571.635,,,,
2024-09-18T11:00:00+03:00,2571.65,2572.015,2568.37,2569.835,,,,
2024-09-18T12:00:00+03:00,2569.83,2572.02,2568.04,2572.02,,,,
2024-09-18T13:00:00+03:00,2572.035,2578.165,2571.13,2576.225,,,,
2024-09-18T14:00:00+03:00,2576.235,2580.775,2575.135,2577.49,2580.775,,,
2024-09-18T15:00:00+03:00,2577.555,2578.92,2573.575,2576.3,,,,
2024-09-18T16:00:00+03:00,2576.315,2578.64,2568.665,2571.85,,,,
2024-09-18T17:00:00+03:00,2571.835,2574.915,2568.12,2571.735,,,,
2024-09-18T18:00:00+03:00,2571.76,2574.57,2568.145,2569.79,,,,
2024-09-18T19:00:00+03:00,2569.83,2575.3,2568.975,2574.955,,,,
2024-09-18T20:00:00+03:00,2574.945,2574.945,2566.855,2567.805,,,,
2024-09-18T21:00:00+03:00,2567.93,2600.29,2567.695,2575.645,2600.29,,,
2024-09-18T22:00:00+03:00,2575.685,2576.3,2546.86,2548.975,,,,2546.86
2024-09-18T23:00:00+03:00,2548.94,2560.955,2548.315,2559.3,,,,
2024-09-19T01:00:00+03:00,2559.235,2561.6,2555.715,2559.36,,,,
2024-09-19T02:00:00+03:00,2559.38,2559.76,2556.35,2559.415,,,,
2024-09-19T03:00:00+03:00,2559.425,2559.67,2557.005,2558.825,,,,
2024-09-19T04:00:00+03:00,2558.82,2558.82,2551.16,2555.31,,,,
2024-09-19T05:00:00+03:00,2555.47,2566.775,2555.375,2564.18,,,,
2024-09-19T06:00:00+03:00,2564.165,2565.44,2561.39,2564.07,,,,
2024-09-19T07:00:00+03:00,2564.11,2564.22,2559.655,2564.185,,,,
2024-09-19T08:00:00+03:00,2564.15,2574.63,2564.085,2574.625,,,,
2024-09-19T09:00:00+03:00,2574.635,2578.89,2574.005,2575.9,,,,
2024-09-19T10:00:00+03:00,2575.91,2584.705,2575.115,2584.43,,,,
2024-09-19T11:00:00+03:00,2584.425,2586.675,2581.45,2585.025,,,,
2024-09-19T12:00:00+03:00,2585.02,2594.945,2584.12,2591.875,,2594.945,,
2024-09-19T13:00:00+03:00,2591.88,2591.905,2586,2588.7,,,,
2024-09-19T14:00:00+03:00,2588.735,2589.82,2584.405,2589.495,,,,
2024-09-19T15:00:00+03:00,2589.47,2591.32,2573.27,2576.825,,,,
2024-09-19T16:00:00+03:00,2576.83,2582.62,2569.815,2575.185,,,2569.815,
2024-09-19T17:00:00+03:00,2575.1,2584.705,2571.81,2581.29,,,,
2024-09-19T18:00:00+03:00,2581.34,2589.49,2580.52,2589.17,,,,
2024-09-19T19:00:00+03:00,2589.25,2592.635,2587.835,2591.8,,,,
2024-09-19T20:00:00+03:00,2591.81,2592.735,2587.985,2590.655,,2592.735,,
2024-09-19T21:00:00+03:00,2590.675,2590.865,2586.695,2588.32,,,,
2024-09-19T22:00:00+03:00,2588.295,2588.99,2586.02,2588.48,,,,
2024-09-19T23:00:00+03:00,2588.445,2589.875,2586.005,2586.91,,,,
2024-09-20T01:00:00+03:00,2586.52,2587.985,2586.315,2587.86,,,,
2024-09-20T02:00:00+03:00,2587.8,2587.885,2586.49,2587.32,,,,
2024-09-20T03:00:00+03:00,2587.285,2588.565,2586.145,2588.125,,,,
2024-09-20T04:00:00+03:00,2588.13,2589.555,2584.875,2588.32,,,2584.875,
2024-09-20T05:00:00+03:00,2588.305,2592.64,2587.455,2591.655,,,,
2024-09-20T06:00:00+03:00,2591.62,2593.685,2591.075,2591.52,,,,
2024-09-20T07:00:00+03:00,2591.525,2594.44,2591.47,2593.83,,,,
2024-09-20T08:00:00+03:00,2593.87,2595.25,2592.505,2594.6,,,,
2024-09-20T09:00:00+03:00,2594.59,2607.09,2594.365,2605.545,,,,
2024-09-20T10:00:00+03:00,2605.53,2609.79,2604.81,2607.19,,,,
2024-09-20T11:00:00+03:00,2607.13,2612.77,2605.535,2609.815,,,,
2024-09-20T12:00:00+03:00,2609.82,2610.61,2602.52,2606.38,,,,
2024-09-20T13:00:00+03:00,2606.44,2614.265,2606.305,2613.305,,,,
2024-09-20T14:00:00+03:00,2613.325,2615.515,2610.345,2613.78,,,,
2024-09-20T15:00:00+03:00,2613.82,2619.395,2613.515,2615.63,,,,
2024-09-20T16:00:00+03:00,2615.605,2616.59,2602.665,2606.705,,,,
2024-09-20T17:00:00+03:00,2606.7,2617.235,2604.765,2614.07,,,,
2024-09-20T18:00:00+03:00,2614.14,2623.05,2611.265,2622.895,,,,
2024-09-20T19:00:00+03:00,2622.905,2625.79,2619.825,2624.975,2625.79,,,
2024-09-20T20:00:00+03:00,2624.95,2625.445,2619.32,2619.64,,,,
2024-09-20T21:00:00+03:00,2619.685,2622.305,2617.915,2621.84,,,,
2024-09-20T22:00:00+03:00,2621.795,2623.465,2620.755,2621.17,,,,
2024-09-20T23:00:00+03:00,2621.12,2622.555,2619.13,2622.235,,,,
2024-09-23T01:00:00+03:00,2621.365,2622.06,2619.81,2620.485,,,,
2024-09-23T02:00:00+03:00,2620.53,2621.56,2619.72,2620.275,,,,
2024-09-23T03:00:00+03:00,2620.28,2620.465,2618.265,2618.415,,,,
2024-09-23T04:00:00+03:00,2618.33,2621.585,2616.175,2620.225,,,2616.175,
2024-09-23T05:00:00+03:00,2620.23,2626.4,2618.87,2625.415,,,,
2024-09-23T06:00:00+03:00,2625.365,2631.185,2624.91,2628.56,,,,
2024-09-23T07:00:00+03:00,2628.555,2631.14,2628.065,2629.5,,,,
2024-09-23T08:00:00+03:00,2629.495,2631.405,2626.84,2630.07,2631.405,,,
2024-09-23T09:00:00+03:00,2630.095,2630.205,2624.55,2624.55,,,,
2024-09-23T10:00:00+03:00,2624.47,2625.1,2613.89,2615.24,,,,2613.89
2024-09-23T11:00:00+03:00,2615.235,2619.73,2614.705,2616.935,,,,
2024-09-23T12:00:00+03:00,2616.93,2622.095,2615.51,2621.675,,,,
2024-09-23T13:00:00+03:00,2621.67,2623.67,2620.82,2621.585,,,,
2024-09-23T14:00:00+03:00,2621.675,2625.82,2620.99,2624.15,,,,
2024-09-23T15:00:00+03:00,2624.165,2628.17,2620.115,2627.125,,,,
2024-09-23T16:00:00+03:00,2627.15,2634.365,2625.685,2632.025,,,,
2024-09-23T17:00:00+03:00,2631.995,2634.905,2628.035,2630.495,2634.905,,,
2024-09-23T18:00:00+03:00,2630.51,2632.085,2625.825,2629.32,,,,
2024-09-23T19:00:00+03:00,2629.315,2630.905,2626.645,2628.235,,,,
2024-09-23T20:00:00+03:00,2628.295,2629.145,2626.52,2628.085,,,,
2024-09-23T21:00:00+03:00,2628.085,2628.87,2626.04,2627.48,,,,
2024-09-23T22:00:00+03:00,2627.485,2627.975,2625.7,2626.31,,,,
2024-09-23T23:00:00+03:00,2626.285,2628.63,2626.235,2628.63,,,,
2024-09-24T01:00:00+03:00,2627.79,2628.53,2627.22,2627.56,,,,
2024-09-24T02:00:00+03:00,2627.585,2627.6,2625.91,2626.435,,,,
2024-09-24T03:00:00+03:00,2626.425,2626.64,2623.87,2625.26,,,2623.87,
2024-09-24T04:00:00+03:00,2625.3,2630.24,2624.995,2629.145,,,,
2024-09-24T05:00:00+03:00,2629.13,2629.39,2626.875,2628.98,,,,
2024-09-24T06:00:00+03:00,2628.975,2636.16,2628.87,2634.125,,,,
2024-09-24T07:00:00+03:00,2634.115,2638.35,2632.09,2638.175,,,,
2024-09-24T08:00:00+03:00,2638.185,2640.18,2625.22,2625.5,2640.18,,,
2024-09-24T09:00:00+03:00,2625.47,2629.96,2624.6,2628.785,,,,
2024-09-24T10:00:00+03:00,2628.915,2630.355,2622.68,2629,,,,2622.68
2024-09-24T11:00:00+03:00,2629.03,2629.58,2626.01,2629.105,,,,
2024-09-24T12:00:00+03:00,2629.11,2630.965,2627.19,2630.835,,,,
2024-09-24T13:00:00+03:00,2630.845,2636.245,2630.68,2633.44,,,,
2024-09-24T14:00:00+03:00,2633.405,2633.475,2623.465,2626.46,,,,
2024-09-24T15:00:00+03:00,2626.455,2633.335,2623.555,2633.255,,,,
2024-09-24T16:00:00+03:00,2633.26,2637.345,2631.05,2635.575,,,,
2024-09-24T17:00:00+03:00,2635.675,2647.235,2634.595,2643.68,,,,
2024-09-24T18:00:00+03:00,2643.76,2648.52,2639.905,2643.225,,,,
2024-09-24T19:00:00+03:00,2643.23,2655.32,2642.52,2653.63,,,,
2024-09-24T20:00:00+03:00,2653.615,2654.565,2649.88,2654.13,,,,
2024-09-24T21:00:00+03:00,2654.13,2657.765,2653.455,2657.365,,,,
2024-09-24T22:00:00+03:00,2657.35,2664.38,2656.485,2662.76,2664.38,,,
2024-09-24T23:00:00+03:00,2662.75,2663.76,2656.525,2657.26,,,,
2024-09-25T01:00:00+03:00,2658.69,2659.9,2657.73,2659.245,,,,
2024-09-25T02:00:00+03:00,2659.225,2659.325,2656.795,2658.255,,,,
2024-09-25T03:00:00+03:00,2658.32,2661.19,2656.685,2660.905,,,,
2024-09-25T04:00:00+03:00,2660.98,2662.93,2655.58,2660.07,,,,
2024-09-25T05:00:00+03:00,2660.04,2670.605,2659.695,2670.15,2670.605,,,
2024-09-25T06:00:00+03:00,2670.145,2670.29,2659.885,2661.615,,,,
2024-09-25T07:00:00+03:00,2661.62,2661.775,2657.72,2658.97,,,,
2024-09-25T08:00:00+03:00,2658.875,2659.905,2654.515,2657.325,,,,
2024-09-25T09:00:00+03:00,2657.325,2659.89,2653.615,2654.765,,,,
2024-09-25T10:00:00+03:00,2654.945,2657.75,2651.415,2657.005,,,2651.415,
2024-09-25T11:00:00+03:00,2657.05,2658.65,2654.68,2655.94,,,,
2024-09-25T12:00:00+03:00,2655.935,2657.775,2652.8,2657.035,,,,
2024-09-25T13:00:00+03:00,2657.04,2658.25,2654.46,2655.675,,,,
2024-09-25T14:00:00+03:00,2655.735,2658.11,2653.985,2657.46,,,,
2024-09-25T15:00:00+03:00,2657.39,2660.88,2657.025,2659.525,,,,
2024-09-25T16:00:00+03:00,2659.52,2666.39,2658.435,2664.55,,,,
2024-09-25T17:00:00+03:00,2664.43,2667.505,2654.395,2659.055,,2667.505,,
2024-09-25T18:00:00+03:00,2659.095,2660.905,2655.325,2657.795,,,,
2024-09-25T19:00:00+03:00,2657.79,2658.88,2649.7,2653.79,,,,2649.7
2024-09-25T20:00:00+03:00,2653.695,2663.06,2653.22,2660.715,,,,
2024-09-25T21:00:00+03:00,2660.705,2661.765,2659.155,2660.45,,,,
2024-09-25T22:00:00+03:00,2660.43,2661.635,2659.53,2659.785,,,,
2024-09-25T23:00:00+03:00,2659.81,2660.305,2656.38,2656.995,,,,
2024-09-26T01:00:00+03:00,2657.74,2659.795,2657.03,2658.365,,,,
2024-09-26T02:00:00+03:00,2658.335,2659.565,2656.315,2656.42,,,,
2024-09-26T03:00:00+03:00,2656.435,2660.44,2655.485,2659.11,,,2655.485,
2024-09-26T04:00:00+03:00,2659.12,2661.53,2657.785,2660.835,,,,
2024-09-26T05:00:00+03:00,2660.925,2661.66,2657.165,2658.245,,,,
2024-09-26T06:00:00+03:00,2658.18,2662.575,2657.81,2662.575,,,,
2024-09-26T07:00:00+03:00,2662.6,2662.945,2660.26,2660.75,,,,
2024-09-26T08:00:00+03:00,2660.745,2663.495,2659.825,2661.49,,,,
2024-09-26T09:00:00+03:00,2661.365,2662.7,2658.05,2661.795,,,,
2024-09-26T10:00:00+03:00,2661.785,2666.94,2659.555,2664.705,,,,
2024-09-26T11:00:00+03:00,2664.68,2670.56,2664.68,2669.095,,,,
2024-09-26T12:00:00+03:00,2669.1,2669.905,2666.985,2668.945,,,,
2024-09-26T13:00:00+03:00,2668.935,2675.735,2667.565,2672.715,,,,
2024-09-26T14:00:00+03:00,2672.7,2685.64,2672.33,2682.88,2685.64,,,
2024-09-26T15:00:00+03:00,2682.885,2684.25,2668.625,2677.33,,,,
2024-09-26T16:00:00+03:00,2677.32,2679.725,2654.84,2660.87,,,,2654.84
2024-09-26T17:00:00+03:00,2660.935,2669.65,2659.77,2665.905,,,,
2024-09-26T18:00:00+03:00,2665.89,2673.175,2662.515,2671.46,,,,
2024-09-26T19:00:00+03:00,2671.495,2672.545,2663.005,2668.265,,,,
2024-09-26T20:00:00+03:00,2668.18,2672.32,2667.725,2670.985,,,,
2024-09-26T21:00:00+03:00,2671.005,2677.16,2670.155,2675.98,,,,
2024-09-26T22:00:00+03:00,2676.02,2677.88,2672.35,2673.73,,2677.88,,
2024-09-26T23:00:00+03:00,2673.785,2674.1,2670.91,2672.435,,,,
2024-09-27T01:00:00+03:00,2672.235,2673.29,2671.795,2672.45,,,,
2024-09-27T02:00:00+03:00,2672.535,2673.295,2672.055,2672.705,,,,
2024-09-27T03:00:00+03:00,2672.68,2672.76,2669.38,2669.82,,,,
2024-09-27T04:00:00+03:00,2669.835,2672.825,2666.295,2669.6,,,,
2024-09-27T05:00:00+03:00,2669.595,2671.155,2667.275,2669.06,,,,
2024-09-27T06:00:00+03:00,2669.045,2674.045,2668.755,2673.735,,2674.045,,
2024-09-27T07:00:00+03:00,2673.785,2673.995,2669.425,2670.61,,,,
2024-09-27T08:00:00+03:00,2670.62,2671.45,2662.415,2664.975,,,,
2024-09-27T09:00:00+03:00,2665,2669.58,2664.095,2665.915,,,,
2024-09-27T10:00:00+03:00,2666.04,2668.335,2661.085,2664.725,,,,
2024-09-27T11:00:00+03:00,2664.635,2665.46,2661.895,2662.71,,,,
2024-09-27T12:00:00+03:00,2662.695,2665.02,2658.45,2663.765,,,,
2024-09-27T13:00:00+03:00,2663.755,2665.71,2662.115,2664.415,,,,
2024-09-27T14:00:00+03:00,2664.395,2669.28,2664.355,2666.18,,,,
2024-09-27T15:00:00+03:00,2666.19,2674.375,2662.41,2670.095,2674.375,,,
2024-09-27T16:00:00+03:00,2670.065,2671.165,2664.115,2666.525,,,,
2024-09-27T17:00:00+03:00,2666.435,2666.945,2649.45,2649.53,,,,
2024-09-27T18:00:00+03:00,2649.4,2654.695,2644.765,2649.875,,,,
2024-09-27T19:00:00+03:00,2649.88,2656.375,2645.995,2651.85,,,,
2024-09-27T20:00:00+03:00,2651.855,2652.425,2643.155,2645.22,,,,2643.155
2024-09-27T21:00:00+03:00,2645.32,2648.975,2643.525,2648,,,,
2024-09-27T22:00:00+03:00,2648.02,2652.92,2645.72,2652.1,,,,
2024-09-27T23:00:00+03:00,2652.04,2660.255,2651.255,2658.55,,,,
2024-09-30T01:00:00+03:00,2661.815,2663.55,2659.91,2662.81,,,,
2024-09-30T02:00:00+03:00,2662.785,2665.135,2661.745,2663.63,,,,
2024-09-30T03:00:00+03:00,2663.655,2666.05,2661.31,2661.64,,2666.05,,
2024-09-30T04:00:00+03:00,2661.64,2664.39,2647.33,2652.835,,,,
2024-09-30T05:00:00+03:00,2652.825,2656.525,2650.31,2652.64,,,,
2024-09-30T06:00:00+03:00,2652.63,2655.67,2652.29,2653.635,,,,
2024-09-30T07:00:00+03:00,2653.58,2656.015,2652.2,2655.98,,,,
2024-09-30T08:00:00+03:00,2655.975,2659.49,2654.47,2657.915,,,,
2024-09-30T09:00:00+03:00,2657.88,2660.18,2655.785,2658.005,,,,
2024-09-30T10:00:00+03:00,2658.02,2660.675,2650.715,2650.97,,2660.675,,
2024-09-30T11:00:00+03:00,2650.815,2656.66,2650.675,2653.64,,,,
2024-09-30T12:00:00+03:00,2653.67,2653.73,2648.395,2649.765,,,,
2024-09-30T13:00:00+03:00,2649.77,2650.15,2635.845,2636.995,,,,
2024-09-30T14:00:00+03:00,2636.915,2642.9,2634.505,2641.69,,,,
2024-09-30T15:00:00+03:00,2641.695,2644.28,2634.965,2639.1,,,,
2024-09-30T16:00:00+03:00,2639.085,2642.16,2630.415,2635.76,,,,
2024-09-30T17:00:00+03:00,2635.71,2636.235,2628.855,2633.325,,,,
2024-09-30T18:00:00+03:00,2633.375,2636.545,2630.395,2633.975,,,,
2024-09-30T19:00:00+03:00,2633.99,2639.485,2633.45,2639.2,,,,
2024-09-30T20:00:00+03:00,2639.205,2641.895,2636.48,2637.89,,,,
2024-09-30T21:00:00+03:00,2637.885,2638.4,2624.78,2631.595,,,,2624.78
2024-09-30T22:00:00+03:00,2631.435,2631.83,2626.565,2631.07,,,,
2024-09-30T23:00:00+03:00,2631.065,2635.205,2630.835,2634.69,,,,
2024-10-01T01:00:00+03:00,2633.53,2635.05,2633.31,2635.05,,,,
2024-10-01T02:00:00+03:00,2635.155,2636.27,2634.685,2635.77,,,,
2024-10-01T03:00:00+03:00,2635.85,2637.22,2634,2636.5,,,,
2024-10-01T04:00:00+03:00,2636.495,2639.895,2635.58,2639.87,,,,
2024-10-01T05:00:00+03:00,2639.885,2640.075,2635.05,2636.465,,,,
2024-10-01T06:00:00+03:00,2636.43,2638.69,2634.57,2638,,,,
2024-10-01T07:00:00+03:00,2637.95,2640.52,2637.465,2639.675,,,,
2024-10-01T08:00:00+03:00,2639.725,2644.45,2639.66,2643.18,,,,
2024-10-01T09:00:00+03:00,2643.135,2645.6,2642.67,2645.39,,,,
2024-10-01T10:00:00+03:00,2645.51,2647.51,2641.79,2645.69,,,,
2024-10-01T11:00:00+03:00,2645.715,2646.9,2642.48,2646.615,,,,
2024-10-01T12:00:00+03:00,2646.55,2649.335,2645.435,2648.745,,,,
2024-10-01T13:00:00+03:00,2648.715,2650.57,2648.34,2650.39,,,,
2024-10-01T14:00:00+03:00,2650.4,2652.145,2646.94,2650.305,,,,
2024-10-01T15:00:00+03:00,2650.295,2656.74,2650.255,2651.585,,,,
2024-10-01T16:00:00+03:00,2651.67,2671.825,2648.05,2668.245,,,,
2024-10-01T17:00:00+03:00,2668.1,2670.005,2657.375,2659.17,,,,
2024-10-01T18:00:00+03:00,2659.115,2665.455,2654.02,2663.5,,,,
2024-10-01T19:00:00+03:00,2663.505,2673.26,2661.33,2666.485,2673.26,,,
2024-10-01T20:00:00+03:00,2666.525,2671.79,2661.22,2662.5,,,,
2024-10-01T21:00:00+03:00,2662.4,2665.035,2657.64,2661.165,,,,
2024-10-01T22:00:00+03:00,2661.115,2664.395,2658.24,2658.765,,,,
2024-10-01T23:00:00+03:00,2658.77,2664.16,2657.99,2663.61,,,,
2024-10-02T01:00:00+03:00,2661.92,2662.885,2661.23,2662.15,,,,
2024-10-02T02:00:00+03:00,2662.17,2662.315,2660.225,2660.44,,,,
2024-10-02T03:00:00+03:00,2660.415,2660.665,2657.035,2657.51,,,,
2024-10-02T04:00:00+03:00,2657.575,2662.11,2656.385,2660.695,,,,
2024-10-02T05:00:00+03:00,2660.65,2661.23,2658.88,2660.21,,,,
2024-10-02T06:00:00+03:00,2660.195,2661.6,2655.175,2655.46,,,,
2024-10-02T07:00:00+03:00,2655.43,2656.58,2652.71,2654.195,,,,
2024-10-02T08:00:00+03:00,2654.19,2656.235,2644.58,2648.145,,,2644.58,
2024-10-02T09:00:00+03:00,2648.14,2650.895,2647.285,2649.79,,,,
2024-10-02T10:00:00+03:00,2649.775,2655.575,2649.58,2655.48,,,,
2024-10-02T11:00:00+03:00,2655.465,2655.895,2648.685,2652.505,,,,
2024-10-02T12:00:00+03:00,2652.445,2655.63,2651.615,2653,,,,
2024-10-02T13:00:00+03:00,2653.01,2654.43,2648.83,2649.205,,,,
2024-10-02T14:00:00+03:00,2649.2,2652.67,2648.055,2649.605,,,,
2024-10-02T15:00:00+03:00,2649.815,2653.09,2643.81,2649.645,,,,
2024-10-02T16:00:00+03:00,2649.68,2660.915,2649.3,2659.545,,,,
2024-10-02T17:00:00+03:00,2659.585,2663.445,2647.465,2648.155,,2663.445,,
2024-10-02T18:00:00+03:00,2648.21,2650.735,2641.18,2649.985,,,,2641.18
2024-10-02T19:00:00+03:00,2649.995,2652.33,2648.2,2649.775,,,,
2024-10-02T20:00:00+03:00,2649.72,2652.865,2647.255,2652.245,,,,
2024-10-02T21:00:00+03:00,2652.24,2656.07,2651.205,2654.14,,,,
2024-10-02T22:00:00+03:00,2654.13,2659.035,2653.765,2658.695,,,,
2024-10-02T23:00:00+03:00,2658.705,2660.015,2658.385,2658.75,,,,
2024-10-03T01:00:00+03:00,2658.77,2660.415,2658.598,2659.565,,,,
2024-10-03T02:00:00+03:00,2659.595,2661.26,2659.485,2660.335,,,,
2024-10-03T03:00:00+03:00,2660.39,2663.015,2657.58,2657.925,,2663.015,,
2024-10-03T04:00:00+03:00,2657.925,2659.015,2655.07,2658.32,,,,
2024-10-03T05:00:00+03:00,2658.355,2658.73,2655.455,2655.87,,,,
2024-10-03T06:00:00+03:00,2655.865,2658.02,2653.375,2656.045,,,,
2024-10-03T07:00:00+03:00,2655.985,2656.61,2654.685,2655.07,,,,
2024-10-03T08:00:00+03:00,2655.065,2656.745,2652.005,2653.34,,,,
2024-10-03T09:00:00+03:00,2653.31,2657.53,2651.365,2655.925,,,,
2024-10-03T10:00:00+03:00,2655.915,2656.285,2643.525,2645.315,,,,
2024-10-03T11:00:00+03:00,2645.305,2647.585,2641.89,2645.16,,,,
2024-10-03T12:00:00+03:00,2645.15,2647.7,2641.03,2644.875,,,,
2024-10-03T13:00:00+03:00,2644.87,2648.17,2644.115,2646.86,,,,
2024-10-03T14:00:00+03:00,2646.915,2649.12,2643.655,2648.125,,,,
2024-10-03T15:00:00+03:00,2648.12,2654.665,2642.14,2642.4,,,,
2024-10-03T16:00:00+03:00,2642.395,2651.435,2641.66,2647.54,,,,
2024-10-03T17:00:00+03:00,2647.4,2654.53,2637.015,2650.225,,,,2637.015
2024-10-03T18:00:00+03:00,2650.23,2654.655,2648,2648.9,,,,
2024-10-03T19:00:00+03:00,2648.965,2661.395,2648.61,2660.095,,,,
2024-10-03T20:00:00+03:00,2660.125,2662.2,2655.225,2656.785,,2662.2,,
2024-10-03T21:00:00+03:00,2656.815,2659.75,2655.485,2657.605,,,,
2024-10-03T22:00:00+03:00,2657.61,2659.555,2656.97,2658.055,,,,
2024-10-03T23:00:00+03:00,2658.06,2658.06,2655.41,2656.11,,,,
2024-10-04T01:00:00+03:00,2655.95,2656.335,2654.485,2656.11,,,,
2024-10-04T02:00:00+03:00,2656.04,2656.675,2654.42,2655.875,,,2654.42,
2024-10-04T03:00:00+03:00,2655.895,2657.61,2655.56,2657.375,,,,
2024-10-04T04:00:00+03:00,2657.335,2659.27,2656.86,2658.39,,,,
2024-10-04T05:00:00+03:00,2658.32,2663.59,2658.06,2662.09,,,,
2024-10-04T06:00:00+03:00,2662.115,2663.7,2660.82,2661.205,,,,
2024-10-04T07:00:00+03:00,2661.215,2666.24,2660.775,2664.105,,,,
2024-10-04T08:00:00+03:00,2664.115,2667.87,2664.115,2667.42,2667.87,,,
2024-10-04T09:00:00+03:00,2667.42,2667.64,2659.735,2660.31,,,,
2024-10-04T10:00:00+03:00,2660.295,2663.215,2658.795,2661.1,,,,
2024-10-04T11:00:00+03:00,2661.105,2661.645,2658.915,2659.105,,,,
2024-10-04T12:00:00+03:00,2659.145,2660.255,2656.975,2657.585,,,,
2024-10-04T13:00:00+03:00,2657.56,2660.78,2657.27,2658.315,,,,
2024-10-04T14:00:00+03:00,2658.3,2662.6,2657.465,2661.42,,,,
2024-10-04T15:00:00+03:00,2661.425,2661.56,2632.015,2638.95,,,,2632.015
2024-10-04T16:00:00+03:00,2638.9,2655.235,2637.57,2651.98,,,,
2024-10-04T17:00:00+03:00,2651.95,2661.37,2646.6,2658.4,,,,
2024-10-04T18:00:00+03:00,2658.44,2670.24,2647.9,2653.255,2670.24,,,
2024-10-04T19:00:00+03:00,2653.385,2653.855,2641.885,2645.44,,,,
2024-10-04T20:00:00+03:00,2645.445,2650.51,2643.94,2650.11,,,,
2024-10-04T21:00:00+03:00,2650.115,2650.825,2644.45,2645.675,,,,
2024-10-04T22:00:00+03:00,2645.645,2652.16,2642.83,2651.675,,,,
2024-10-04T23:00:00+03:00,2651.71,2654.05,2649.915,2653.84,,,,
2024-10-07T01:00:00+03:00,2651.39,2652.3,2649.925,2650.89,,,,
2024-10-07T02:00:00+03:00,2650.875,2652.485,2649.775,2650.27,,,,
2024-10-07T03:00:00+03:00,2650.255,2651.15,2647.855,2649.385,,,,
2024-10-07T04:00:00+03:00,2649.41,2652.005,2643.885,2646.245,,,,
2024-10-07T05:00:00+03:00,2646.235,2648.7,2645.41,2645.435,,,,
2024-10-07T06:00:00+03:00,2645.425,2647.515,2643.95,2647.5,,,,
2024-10-07T07:00:00+03:00,2647.495,2648.705,2646.41,2646.845,,,,
2024-10-07T08:00:00+03:00,2646.85,2646.86,2640.12,2640.855,,,,
2024-10-07T09:00:00+03:00,2640.875,2643.975,2639.745,2643.29,,,2639.745,
2024-10-07T10:00:00+03:00,2643.295,2652.87,2642.115,2652.145,,,,
2024-10-07T11:00:00+03:00,2652.115,2656.445,2651.68,2652.305,,,,
2024-10-07T12:00:00+03:00,2652.315,2657.34,2650.775,2656.665,,,,
2024-10-07T13:00:00+03:00,2656.66,2658.55,2655.265,2655.445,,,,
2024-10-07T14:00:00+03:00,2655.44,2659.66,2655.165,2657.025,,2659.66,,
2024-10-07T15:00:00+03:00,2657.035,2659.335,2637.77,2640.1,,,,2637.77
2024-10-07T16:00:00+03:00,2640.08,2653.84,2639.775,2642.82,,,,
2024-10-07T17:00:00+03:00,2642.84,2647.87,2640.44,2640.905,,,,
2024-10-07T18:00:00+03:00,2640.9,2650.21,2639.185,2645.725,,,,
2024-10-07T19:00:00+03:00,2645.72,2647.01,2642.67,2646.9,,,,
2024-10-07T20:00:00+03:00,2646.825,2648.84,2644.245,2648.035,,,,
2024-10-07T21:00:00+03:00,2648.055,2648.17,2639.71,2640.92,,,,
2024-10-07T22:00:00+03:00,2640.915,2644.785,2640.435,2643.295,,,,
2024-10-07T23:00:00+03:00,2643.325,2643.755,2641.825,2642.585,,,,
2024-10-08T01:00:00+03:00,2642.085,2649.26,2641.965,2644.26,,2649.26,,
2024-10-08T02:00:00+03:00,2644.265,2644.98,2642.51,2643.06,,,,
2024-10-08T03:00:00+03:00,2643.08,2645.175,2642.385,2643.605,,,,
2024-10-08T04:00:00+03:00,2643.6,2647.97,2637.965,2647.33,,,,
2024-10-08T05:00:00+03:00,2647.345,2648.305,2633.835,2635.765,,,,
2024-10-08T06:00:00+03:00,2635.66,2645.79,2635.29,2643.035,,,,
2024-10-08T07:00:00+03:00,2643.04,2643.815,2641.435,2643.185,,,,
2024-10-08T08:00:00+03:00,2643.19,2646.325,2641.6,2645.085,,,,
2024-10-08T09:00:00+03:00,2645.08,2646.53,2635.765,2636.435,,,,
2024-10-08T10:00:00+03:00,2636.44,2638.575,2631.23,2634.045,,,,
2024-10-08T11:00:00+03:00,2634.015,2640.42,2628.6,2637.985,,,,2628.6
2024-10-08T12:00:00+03:00,2638,2642.04,2635.82,2641.52,,,,
2024-10-08T13:00:00+03:00,2641.47,2647.54,2639.89,2646.355,,,,
2024-10-08T14:00:00+03:00,2646.35,2652.005,2646.325,2650.81,,,,
2024-10-08T15:00:00+03:00,2650.805,2653.115,2639.755,2645.945,2653.115,,,
2024-10-08T16:00:00+03:00,2645.89,2647.71,2636.655,2639.715,,,,
2024-10-08T17:00:00+03:00,2639.725,2640.46,2619.615,2621.12,,,,
2024-10-08T18:00:00+03:00,2621.115,2621.175,2604.82,2613.035,,,,2604.82
2024-10-08T19:00:00+03:00,2613.075,2616.3,2606.695,2609.05,,,,
2024-10-08T20:00:00+03:00,2609.055,2618.215,2605.505,2614.55,,,,
2024-10-08T21:00:00+03:00,2614.57,2617.045,2613.91,2615.775,,,,
2024-10-08T22:00:00+03:00,2615.77,2623.7,2614.995,2623.035,,,,
2024-10-08T23:00:00+03:00,2623.03,2623.235,2618.98,2621.965,,,,
2024-10-09T01:00:00+03:00,2622.11,2622.305,2620.635,2622.03,,,,
2024-10-09T02:00:00+03:00,2622.115,2623.83,2621.255,2622.02,,,,
2024-10-09T03:00:00+03:00,2622.005,2623.305,2621.065,2621.28,,,,
2024-10-09T04:00:00+03:00,2621.255,2624.3,2618.425,2620.1,,,,
2024-10-09T05:00:00+03:00,2620.085,2620.435,2616.91,2618.465,,,,
2024-10-09T06:00:00+03:00,2618.46,2619.01,2614.99,2617.18,,,,
2024-10-09T07:00:00+03:00,2617.15,2618.635,2615.53,2616.07,,,,
2024-10-09T08:00:00+03:00,2616.065,2624.375,2615.77,2619.745,,2624.375,,
2024-10-09T09:00:00+03:00,2619.735,2619.735,2610.71,2612.785,,,,
2024-10-09T10:00:00+03:00,2612.79,2615.7,2609.245,2611.735,,,2609.245,
2024-10-09T11:00:00+03:00,2611.75,2617.445,2610.54,2616.345,,,,
2024-10-09T12:00:00+03:00,2616.35,2618.67,2614.76,2618.105,,,,
2024-10-09T13:00:00+03:00,2618.12,2621.59,2616.13,2621.175,,,,
2024-10-09T14:00:00+03:00,2621.17,2622.465,2617.025,2619.085,,2622.465,,
2024-10-09T15:00:00+03:00,2619.095,2622.43,2615.495,2618.96,,,,
2024-10-09T16:00:00+03:00,2618.945,2620.8,2606.97,2609.74,,,,
2024-10-09T17:00:00+03:00,2609.73,2612.015,2605.265,2609.91,,,,
2024-10-09T18:00:00+03:00,2609.9,2617.95,2609.54,2614.855,,,,
2024-10-09T19:00:00+03:00,2614.865,2615.915,2607.875,2608.79,,,,
2024-10-09T20:00:00+03:00,2608.785,2610.025,2606.575,2609.935,,,,
2024-10-09T21:00:00+03:00,2610.075,2611.11,2605.21,2606.445,,,,2605.21
2024-10-09T22:00:00+03:00,2606.47,2610.255,2606.375,2609.25,,,,
2024-10-09T23:00:00+03:00,2609.235,2609.51,2606.97,2607.735,,,,
2024-10-10T01:00:00+03:00,2607.735,2609.01,2607.585,2608.95,,,,
2024-10-10T02:00:00+03:00,2608.905,2609.47,2607.945,2608.48,,,,
2024-10-10T03:00:00+03:00,2608.54,2610.23,2606.005,2609.34,,,,
2024-10-10T04:00:00+03:00,2609.335,2612.615,2606.885,2609.185,,,,
2024-10-10T05:00:00+03:00,2609.16,2615.715,2608.04,2615.32,,,,
2024-10-10T06:00:00+03:00,2615.32,2616.96,2611.5,2611.87,,,,
2024-10-10T07:00:00+03:00,2611.865,2614.78,2611.615,2613.965,,,,
2024-10-10T08:00:00+03:00,2614,2615.58,2612.55,2613.44,,,,
2024-10-10T09:00:00+03:00,2613.43,2616.475,2610.665,2612.545,,,,
2024-10-10T10:00:00+03:00,2612.55,2617.095,2610.33,2616.77,,,,
2024-10-10T11:00:00+03:00,2616.77,2617.425,2613.585,2615.525,,,,
2024-10-10T12:00:00+03:00,2615.53,2618.535,2614.39,2617.27,,,,
2024-10-10T13:00:00+03:00,2617.265,2618.525,2615.635,2618.015,,,,
2024-10-10T14:00:00+03:00,2618.03,2618.95,2611.36,2613.11,,,,
2024-10-10T15:00:00+03:00,2613.13,2627.395,2604.39,2625.125,,,,2604.39
2024-10-10T16:00:00+03:00,2625.12,2628.005,2615.655,2626.785,,,,
2024-10-10T17:00:00+03:00,2626.76,2629.835,2622.765,2625.51,,,,
2024-10-10T18:00:00+03:00,2625.505,2626.265,2618.915,2623.665,,,,
2024-10-10T19:00:00+03:00,2623.675,2629.18,2618.815,2619.39,,,,
2024-10-10T20:00:00+03:00,2619.395,2626.32,2616.555,2623.91,,,,
2024-10-10T21:00:00+03:00,2623.925,2629.175,2623.435,2626.535,,,,
2024-10-10T22:00:00+03:00,2626.485,2631.445,2626.03,2629.21,,,,
2024-10-10T23:00:00+03:00,2629.26,2631.565,2628.865,2629.92,,,,
2024-10-11T01:00:00+03:00,2628.62,2629.165,2628.18,2628.32,,,,
2024-10-11T02:00:00+03:00,2628.335,2636.005,2628.33,2633.24,,,,
2024-10-11T03:00:00+03:00,2633.245,2634.47,2632.1,2633.87,,,,
2024-10-11T04:00:00+03:00,2633.955,2638.09,2632.98,2637.875,,,,
2024-10-11T05:00:00+03:00,2637.86,2644.185,2635.335,2642.47,,,,
2024-10-11T06:00:00+03:00,2642.405,2646.14,2640.705,2645.58,,,,
2024-10-11T07:00:00+03:00,2645.59,2646.105,2643.965,2645.685,,,,
2024-10-11T08:00:00+03:00,2645.62,2646.025,2643.26,2644.815,,,,
2024-10-11T09:00:00+03:00,2644.815,2647.245,2638.095,2639.565,2647.245,,,
2024-10-11T10:00:00+03:00,2639.54,2645.615,2638.38,2645.445,,,,
2024-10-11T11:00:00+03:00,2645.435,2646.21,2639.14,2639.305,,,,
2024-10-11T12:00:00+03:00,2639.31,2641.75,2636.245,2637.975,,,2636.245,
2024-10-11T13:00:00+03:00,2637.965,2642.3,2637.125,2641.68,,,,
2024-10-11T14:00:00+03:00,2641.68,2644.865,2638.76,2644.76,,,,
2024-10-11T15:00:00+03:00,2644.745,2650.195,2640.68,2643.095,,,,
2024-10-11T16:00:00+03:00,2643.23,2653.45,2642.7,2649.855,,,,
2024-10-11T17:00:00+03:00,2649.87,2655.36,2646.49,2653.135,,,,
2024-10-11T18:00:00+03:00,2653.16,2659.305,2653.13,2658.85,,,,
2024-10-11T19:00:00+03:00,2658.86,2661.475,2657.945,2660.515,2661.475,,,
2024-10-11T20:00:00+03:00,2660.53,2661.255,2656.345,2659.575,,,,
2024-10-11T21:00:00+03:00,2659.59,2659.625,2656.14,2658.72,,,,
2024-10-11T22:00:00+03:00,2658.715,2658.91,2655.275,2656.18,,,,
2024-10-11T23:00:00+03:00,2656.145,2657.445,2654.775,2657.18,,,,
2024-10-14T01:00:00+03:00,2648.805,2652.65,2646.955,2650.385,,,,
2024-10-14T02:00:00+03:00,2650.405,2650.75,2647.645,2648.145,,,,
2024-10-14T03:00:00+03:00,2648.185,2648.46,2645.21,2646.785,,,,
2024-10-14T04:00:00+03:00,2646.78,2648.6,2643.615,2646.195,,,,
2024-10-14T05:00:00+03:00,2646.185,2655.52,2643.245,2655.225,,,2643.245,
2024-10-14T06:00:00+03:00,2655.21,2657.425,2653.77,2655.635,,,,
2024-10-14T07:00:00+03:00,2655.63,2660.41,2655.335,2659.27,,,,
2024-10-14T08:00:00+03:00,2659.265,2660.77,2657.145,2659.05,,,,
2024-10-14T09:00:00+03:00,2659.035,2666.875,2657.5,2664.155,2666.875,,,
2024-10-14T10:00:00+03:00,2664.15,2665.27,2659.215,2660.57,,,,
2024-10-14T11:00:00+03:00,2660.575,2662.045,2658.28,2659.455,,,,
2024-10-14T12:00:00+03:00,2659.55,2663.06,2656.89,2658.565,,,,
2024-10-14T13:00:00+03:00,2658.56,2660.95,2655.895,2655.895,,,,
2024-10-14T14:00:00+03:00,2655.895,2656.865,2651.135,2652.19,,,,
2024-10-14T15:00:00+03:00,2652.185,2654.615,2649.335,2651.41,,,,
2024-10-14T16:00:00+03:00,2651.415,2661.305,2647.785,2655.54,,,,
2024-10-14T17:00:00+03:00,2655.53,2657.095,2644.79,2645.735,,,,
2024-10-14T18:00:00+03:00,2645.805,2649.175,2644.055,2646.795,,,2644.055,
2024-10-14T19:00:00+03:00,2646.82,2649.805,2645.905,2648.605,,,,
2024-10-14T20:00:00+03:00,2648.66,2649.92,2647.29,2648.695,,,,
2024-10-14T21:00:00+03:00,2648.69,2651.02,2648.51,2649.26,,,,
2024-10-14T22:00:00+03:00,2649.245,2652.705,2647.075,2652.55,,,,
2024-10-14T23:00:00+03:00,2652.51,2653.365,2646.195,2648.785,,2653.365,,
2024-10-15T01:00:00+03:00,2649.215,2650.385,2648.175,2650.115,,,,
2024-10-15T02:00:00+03:00,2650.12,2651.02,2649.02,2649.475,,,,
2024-10-15T03:00:00+03:00,2649.455,2650.29,2647.89,2648.255,,,,
2024-10-15T04:00:00+03:00,2648.25,2651.31,2647.275,2648.455,,,,
2024-10-15T05:00:00+03:00,2648.395,2652.81,2648.135,2651.755,,,,
2024-10-15T06:00:00+03:00,2651.755,2651.755,2644.52,2645.69,,,,
2024-10-15T07:00:00+03:00,2645.715,2645.74,2642.99,2644.44,,,,
2024-10-15T08:00:00+03:00,2644.445,2644.445,2638.105,2641.985,,,,2638.105
2024-10-15T09:00:00+03:00,2641.95,2649.23,2641.425,2648.71,,,,
2024-10-15T10:00:00+03:00,2648.705,2653.955,2647.995,2650.805,,,,
2024-10-15T11:00:00+03:00,2650.76,2655.815,2649.8,2654,,,,
2024-10-15T12:00:00+03:00,2653.995,2655.605,2651.165,2653.58,,,,
2024-10-15T13:00:00+03:00,2653.57,2656.825,2652.69,2653.055,,,,
2024-10-15T14:00:00+03:00,2653.09,2654.605,2645.655,2647.815,,,,
2024-10-15T15:00:00+03:00,2647.82,2657.51,2647.245,2648.335,,,,
2024-10-15T16:00:00+03:00,2648.32,2653.42,2646.11,2648.67,,,,
2024-10-15T17:00:00+03:00,2648.68,2664.25,2647.855,2659.815,,,,
2024-10-15T18:00:00+03:00,2659.84,2665.255,2657.33,2664.705,,,,
2024-10-15T19:00:00+03:00,2664.7,2668.965,2661.215,2661.955,2668.965,,,
2024-10-15T20:00:00+03:00,2661.945,2664.25,2659.01,2663.665,,,,
2024-10-15T21:00:00+03:00,2663.68,2665.87,2663.43,2665.145,,,,
2024-10-15T22:00:00+03:00,2665.095,2666.525,2659.515,2661.795,,,,
2024-10-15T23:00:00+03:00,2661.765,2663.175,2660.33,2662.695,,,,
2024-10-16T01:00:00+03:00,2662.285,2662.91,2661.575,2662.24,,,,
2024-10-16T02:00:00+03:00,2662.285,2662.62,2660.47,2660.56,,,,
2024-10-16T03:00:00+03:00,2660.485,2660.61,2658.8,2660.27,,,2658.8,
2024-10-16T04:00:00+03:00,2660.285,2668.065,2660.19,2668.045,,,,
2024-10-16T05:00:00+03:00,2668.035,2670.165,2665.54,2668.125,,,,
2024-10-16T06:00:00+03:00,2668.14,2669.26,2665.405,2667.21,,,,
2024-10-16T07:00:00+03:00,2667.205,2668.295,2665.645,2666.74,,,,
2024-10-16T08:00:00+03:00,2666.77,2670.62,2666.19,2669.6,,,,
2024-10-16T09:00:00+03:00,2669.62,2677.78,2667.115,2677.25,,,,
2024-10-16T10:00:00+03:00,2677.24,2677.56,2673.375,2676.22,,,,
2024-10-16T11:00:00+03:00,2676.14,2680.18,2674.615,2679.58,,,,
2024-10-16T12:00:00+03:00,2679.565,2682.875,2678.225,2680.255,,,,
2024-10-16T13:00:00+03:00,2680.27,2681.015,2673.26,2674.4,,,,
2024-10-16T14:00:00+03:00,2674.43,2680.67,2673.055,2678.435,,,,
2024-10-16T15:00:00+03:00,2678.425,2681.99,2676.545,2681.81,,,,
2024-10-16T16:00:00+03:00,2681.82,2685.465,2672.5,2675.13,2685.465,,,
2024-10-16T17:00:00+03:00,2675.225,2681.52,2670.07,2672.27,,,,
2024-10-16T18:00:00+03:00,2672.29,2675.815,2667.63,2670.085,,,,
2024-10-16T19:00:00+03:00,2670.04,2674.26,2666.795,2674.21,,,2666.795,
2024-10-16T20:00:00+03:00,2674.28,2676.385,2673.15,2675.37,,,,
2024-10-16T21:00:00+03:00,2675.355,2676.76,2674.645,2675.035,,,,
2024-10-16T22:00:00+03:00,2674.99,2675.1,2672.81,2674.825,,,,
2024-10-16T23:00:00+03:00,2674.855,2675.06,2673.175,2673.93,,,,
2024-10-17T01:00:00+03:00,2674.605,2675.08,2673.33,2673.855,,,,
2024-10-17T02:00:00+03:00,2673.85,2674.755,2673.59,2674.17,,,,
2024-10-17T03:00:00+03:00,2674.185,2678.08,2674.145,2677.95,,,,
2024-10-17T04:00:00+03:00,2677.925,2683.09,2676.585,2683.07,,,,
2024-10-17T05:00:00+03:00,2683.095,2684.94,2678.935,2682.025,,,,
2024-10-17T06:00:00+03:00,2682.06,2682.3,2674.6,2676.81,,,,
2024-10-17T07:00:00+03:00,2676.8,2679.795,2676.55,2679.135,,,,
2024-10-17T08:00:00+03:00,2679.13,2684.37,2678.145,2683.595,,,,
2024-10-17T09:00:00+03:00,2683.6,2685.845,2680.145,2681.24,,,,
2024-10-17T10:00:00+03:00,2681.22,2683.77,2678.965,2682.115,,,,
2024-10-17T11:00:00+03:00,2682.11,2683.935,2680.105,2681.925,,,,
2024-10-17T12:00:00+03:00,2681.91,2682.15,2677.035,2679.53,,,,
2024-10-17T13:00:00+03:00,2679.485,2688.84,2679.115,2687.455,,,,
2024-10-17T14:00:00+03:00,2687.465,2688.51,2680.87,2681.365,,,,
2024-10-17T15:00:00+03:00,2681.35,2682.315,2673.165,2680.68,,,2673.165,
2024-10-17T16:00:00+03:00,2680.715,2690.225,2677.88,2688.81,,,,
2024-10-17T17:00:00+03:00,2688.84,2696.565,2684.815,2695.69,,,,
2024-10-17T18:00:00+03:00,2695.7,2696.8,2687.625,2693.34,2696.8,,,
2024-10-17T19:00:00+03:00,2693.345,2693.45,2684.01,2692.28,,,,
2024-10-17T20:00:00+03:00,2692.315,2694.27,2690.52,2692.005,,,,
2024-10-17T21:00:00+03:00,2692.045,2692.315,2689.27,2689.585,,,,
2024-10-17T22:00:00+03:00,2689.595,2692.645,2688.98,2692.045,,,,
2024-10-17T23:00:00+03:00,2692.075,2693.04,2690.995,2693.01,,,,
2024-10-18T01:00:00+03:00,2693.045,2693.5,2692.395,2692.73,,,,
2024-10-18T02:00:00+03:00,2692.755,2694.49,2692.43,2693.85,,,,
2024-10-18T03:00:00+03:00,2693.83,2695.85,2692.91,2693.105,,,,
2024-10-18T04:00:00+03:00,2693.115,2706.89,2692.915,2704.74,,,,
2024-10-18T05:00:00+03:00,2704.7,2712.04,2704.13,2708.24,,,,
2024-10-18T06:00:00+03:00,2708.18,2710.92,2707.13,2710.1,,,,
2024-10-18T07:00:00+03:00,2710.105,2711.355,2708.855,2710.295,,,,
2024-10-18T08:00:00+03:00,2710.31,2714.14,2710.155,2711.535,2714.14,,,
2024-10-18T09:00:00+03:00,2711.48,2711.765,2702.73,2707.465,,,,
2024-10-18T10:00:00+03:00,2707.525,2709.26,2702.345,2702.365,,,,
2024-10-18T11:00:00+03:00,2702.39,2706.365,2701.735,2706.32,,,2701.735,
2024-10-18T12:00:00+03:00,2706.375,2713.19,2706.285,2711.475,,,,
2024-10-18T13:00:00+03:00,2711.51,2713.28,2708.09,2712.595,,,,
2024-10-18T14:00:00+03:00,2712.615,2713.195,2708.05,2709.89,,,,
2024-10-18T15:00:00+03:00,2709.9,2717.1,2709.25,2709.65,,,,
2024-10-18T16:00:00+03:00,2709.64,2715.805,2705.035,2713.76,,,,
2024-10-18T17:00:00+03:00,2713.735,2720.21,2712.19,2717.485,,,,
2024-10-18T18:00:00+03:00,2717.525,2719.28,2713.735,2714.88,,,,
2024-10-18T19:00:00+03:00,2714.89,2719.105,2714.78,2717.68,,,,
2024-10-18T20:00:00+03:00,2717.69,2720.045,2713.67,2715.925,,,,
2024-10-18T21:00:00+03:00,2715.94,2721.335,2715.575,2720.3,,,,
2024-10-18T22:00:00+03:00,2720.385,2720.605,2718.09,2719.71,,,,
2024-10-18T23:00:00+03:00,2719.77,2722.65,2719.265,2721.9,,,,
2024-10-21T01:00:00+03:00,2723.09,2723.92,2720.34,2723.68,,,,
2024-10-21T02:00:00+03:00,2723.695,2725.2,2722.46,2723.48,,,,
2024-10-21T03:00:00+03:00,2723.525,2725.9,2721.535,2721.75,,,,
2024-10-21T04:00:00+03:00,2721.725,2729.325,2721.1,2726.475,,,,
2024-10-21T05:00:00+03:00,2726.48,2731.505,2724.905,2730.825,,,,
2024-10-21T06:00:00+03:00,2730.79,2732.885,2729.375,2731.59,,,,
2024-10-21T07:00:00+03:00,2731.555,2732.04,2729.72,2730.5,,,,
2024-10-21T08:00:00+03:00,2730.505,2730.52,2724.56,2724.965,,,,
2024-10-21T09:00:00+03:00,2724.955,2730.655,2723.67,2730.36,,,,
2024-10-21T10:00:00+03:00,2730.375,2732.525,2725.435,2730.46,,,,
2024-10-21T11:00:00+03:00,2730.435,2733.175,2729.49,2731.43,,,,
2024-10-21T12:00:00+03:00,2731.545,2736.925,2730.82,2734.57,,,,
2024-10-21T13:00:00+03:00,2734.58,2734.98,2727.83,2733.42,,,,
2024-10-21T14:00:00+03:00,2733.44,2738.145,2733.05,2734.54,,,,
2024-10-21T15:00:00+03:00,2734.555,2739.83,2732.85,2738.7,,,,
2024-10-21T16:00:00+03:00,2738.695,2740.6,2733.77,2739.1,2740.6,,,
2024-10-21T17:00:00+03:00,2739.16,2739.535,2722.315,2725.325,,,,
2024-10-21T18:00:00+03:00,2725.34,2727.24,2716.905,2720.16,,,,
2024-10-21T19:00:00+03:00,2720.155,2724.125,2718.175,2723.59,,,,
2024-10-21T20:00:00+03:00,2723.605,2725.68,2721.67,2722.9,,,,
2024-10-21T21:00:00+03:00,2722.955,2723.2,2715.36,2716.45,,,,
2024-10-21T22:00:00+03:00,2716.385,2721.155,2714.235,2719.965,,,2714.235,
2024-10-21T23:00:00+03:00,2719.945,2721.07,2718.895,2719.675,,,,
2024-10-22T01:00:00+03:00,2719.36,2721.82,2719.16,2720.795,,,,
2024-10-22T02:00:00+03:00,2720.785,2722.73,2720.495,2721.565,,,,
2024-10-22T03:00:00+03:00,2721.56,2725.215,2720.72,2724.73,,,,
2024-10-22T04:00:00+03:00,2724.725,2730.37,2724.095,2728.195,,,,
2024-10-22T05:00:00+03:00,2728.19,2730.695,2727.815,2728.965,,,,
2024-10-22T06:00:00+03:00,2728.96,2733.2,2728.815,2731.05,,,,
2024-10-22T07:00:00+03:00,2731.035,2735.955,2731.035,2734.815,,,,
2024-10-22T08:00:00+03:00,2734.81,2735.215,2729.115,2730.515,,,,
2024-10-22T09:00:00+03:00,2730.535,2737.22,2729.725,2735.13,,,,
2024-10-22T10:00:00+03:00,2735.06,2736.32,2732.585,2733.71,,,,
2024-10-22T11:00:00+03:00,2733.695,2738.5,2731.58,2734.955,,,,
2024-10-22T12:00:00+03:00,2734.93,2736.18,2729.92,2731.57,,,,
2024-10-22T13:00:00+03:00,2731.525,2739.395,2730.625,2738.97,,,,
2024-10-22T14:00:00+03:00,2738.985,2739.36,2729.585,2732.11,,,2729.585,
2024-10-22T15:00:00+03:00,2732.105,2738.09,2731.68,2736.28,,,,
2024-10-22T16:00:00+03:00,2736.275,2742.145,2735.485,2735.815,,,,
2024-10-22T17:00:00+03:00,2735.795,2743.2,2733.76,2741.905,,,,
2024-10-22T18:00:00+03:00,2741.94,2744.26,2736.96,2737.66,,,,
2024-10-22T19:00:00+03:00,2737.655,2745.605,2737.285,2745.39,,,,
2024-10-22T20:00:00+03:00,2745.395,2748.43,2743.595,2746.83,,,,
2024-10-22T21:00:00+03:00,2746.845,2747.305,2744.13,2744.69,,,,
2024-10-22T22:00:00+03:00,2744.645,2748.94,2743.9,2748.425,,,,
2024-10-22T23:00:00+03:00,2748.47,2748.975,2746.81,2748.96,2748.975,,,
2024-10-23T01:00:00+03:00,2747.33,2748.27,2746.81,2747.4,,,,
2024-10-23T02:00:00+03:00,2747.415,2748.19,2746.025,2746.63,,,,
2024-10-23T03:00:00+03:00,2746.625,2747.095,2744.85,2745.325,,,,
2024-10-23T04:00:00+03:00,2745.335,2747.235,2737.995,2738.65,,,,
2024-10-23T05:00:00+03:00,2738.62,2741.15,2737.94,2738.995,,,2737.94,
2024-10-23T06:00:00+03:00,2738.97,2747.07,2738.365,2746.14,,,,
2024-10-23T07:00:00+03:00,2746.19,2750.725,2745.345,2750.025,,,,
2024-10-23T08:00:00+03:00,2750.02,2753.365,2748.88,2751.615,,,,
2024-10-23T09:00:00+03:00,2751.61,2753.285,2748.2,2750.585,,,,
2024-10-23T10:00:00+03:00,2750.54,2755.665,2749.34,2755.02,,,,
2024-10-23T11:00:00+03:00,2755.005,2758.525,2754.73,2757,2758.525,,,
2024-10-23T12:00:00+03:00,2757.01,2757.63,2749.91,2750.745,,,,
2024-10-23T13:00:00+03:00,2750.74,2752.6,2749.715,2750.845,,,,
2024-10-23T14:00:00+03:00,2750.835,2752.985,2749.225,2749.99,,,,
2024-10-23T15:00:00+03:00,2749.935,2750.54,2740.84,2743.405,,,,
2024-10-23T16:00:00+03:00,2743.41,2744.235,2731.66,2737.56,,,,
2024-10-23T17:00:00+03:00,2737.49,2738.775,2716.52,2717.805,,,,
2024-10-23T18:00:00+03:00,2717.815,2722.705,2708.755,2721.905,,,,2708.755
2024-10-23T19:00:00+03:00,2721.88,2723.32,2718.53,2719.435,,,,
2024-10-23T20:00:00+03:00,2719.43,2720.725,2713.775,2716.745,,,,
2024-10-23T21:00:00+03:00,2716.735,2716.775,2712.055,2714.145,,,,
2024-10-23T22:00:00+03:00,2714.14,2718.305,2713.255,2716.225,,,,
2024-10-23T23:00:00+03:00,2716.19,2716.72,2714.285,2715.59,,,,
2024-10-24T01:00:00+03:00,2716.415,2718.35,2716.215,2718.065,,,,
2024-10-24T02:00:00+03:00,2718.11,2721.96,2718.11,2721.405,,,,
2024-10-24T03:00:00+03:00,2721.385,2721.48,2717.93,2721.275,,,,
2024-10-24T04:00:00+03:00,2721.29,2726.81,2720.315,2723.89,,,,
2024-10-24T05:00:00+03:00,2723.875,2724.59,2720.345,2723.395,,,,
2024-10-24T06:00:00+03:00,2723.39,2724.06,2721.405,2723.075,,,,
2024-10-24T07:00:00+03:00,2723.08,2727.225,2722.97,2726.61,,,,
2024-10-24T08:00:00+03:00,2726.595,2729.835,2725.94,2728.98,,,,
2024-10-24T09:00:00+03:00,2729.015,2736.54,2728.4,2735.285,,,,
2024-10-24T10:00:00+03:00,2735.25,2737.185,2732.25,2733.665,,,,
2024-10-24T11:00:00+03:00,2733.64,2737.965,2732.545,2736.855,,,,
2024-10-24T12:00:00+03:00,2736.875,2739.255,2735.885,2736.56,,,,
2024-10-24T13:00:00+03:00,2736.57,2739.225,2736.32,2736.905,,,,
2024-10-24T14:00:00+03:00,2736.87,2739.725,2735.215,2738.57,,,,
2024-10-24T15:00:00+03:00,2738.575,2741.675,2734.65,2739.135,,,,
2024-10-24T16:00:00+03:00,2739.16,2743.325,2729.605,2733.775,,2743.325,,
2024-10-24T17:00:00+03:00,2733.7,2736.255,2722.505,2732.465,,,2722.505,
2024-10-24T18:00:00+03:00,2732.47,2734.47,2726.84,2731.205,,,,
2024-10-24T19:00:00+03:00,2731.24,2735.63,2725.835,2733.68,,,,
2024-10-24T20:00:00+03:00,2733.7,2737.09,2732.935,2735.51,,,,
2024-10-24T21:00:00+03:00,2735.53,2737.845,2734.56,2735.605,,,,
2024-10-24T22:00:00+03:00,2735.63,2737.18,2733.52,2737.18,,,,
2024-10-24T23:00:00+03:00,2737.185,2737.195,2735.07,2736.08,,,,
2024-10-25T01:00:00+03:00,2735.95,2736.02,2734.615,2734.695,,,,
2024-10-25T02:00:00+03:00,2734.69,2735.55,2733.735,2733.85,,,,
2024-10-25T03:00:00+03:00,2733.915,2734.985,2731.335,2732.505,,,,
2024-10-25T04:00:00+03:00,2732.5,2735.175,2729.895,2730.095,,,,
2024-10-25T05:00:00+03:00,2730.085,2730.29,2726.205,2728.48,,,,
2024-10-25T06:00:00+03:00,2728.495,2728.51,2724.48,2726.12,,,,
2024-10-25T07:00:00+03:00,2726.08,2727.87,2723.99,2725.98,,,,
2024-10-25T08:00:00+03:00,2726.05,2729.775,2725.98,2728.63,,,,
2024-10-25T09:00:00+03:00,2728.635,2732.67,2725.02,2732.285,,,,
2024-10-25T10:00:00+03:00,2732.27,2732.275,2725.965,2726.535,,,,
2024-10-25T11:00:00+03:00,2726.56,2727.13,2718.91,2719.49,,,,
2024-10-25T12:00:00+03:00,2719.46,2721.355,2717.1,2721.29,,,,2717.1
2024-10-25T13:00:00+03:00,2721.285,2722.725,2717.275,2722.33,,,,
2024-10-25T14:00:00+03:00,2722.335,2729.44,2721.28,2724.275,,,,
2024-10-25T15:00:00+03:00,2724.3,2732.525,2723.36,2731.57,,,,
2024-10-25T16:00:00+03:00,2731.615,2732.215,2725.32,2727.835,,,,
2024-10-25T17:00:00+03:00,2727.73,2740.63,2727.73,2738.565,,,,
2024-10-25T18:00:00+03:00,2738.53,2742.135,2736.55,2737.195,,,,
2024-10-25T19:00:00+03:00,2737.205,2739.42,2734.06,2739.255,,,,
2024-10-25T20:00:00+03:00,2739.265,2745.12,2738.875,2744.395,,,,
2024-10-25T21:00:00+03:00,2744.445,2744.79,2741.3,2742.175,,,,
2024-10-25T22:00:00+03:00,2742.21,2744.475,2740.415,2742.58,,,,
2024-10-25T23:00:00+03:00,2742.59,2747.835,2742.545,2747.215,2747.835,,,
2024-10-28T00:00:00+02:00,2734.065,2736.28,2730.335,2734.66,,,,
2024-10-28T01:00:00+02:00,2734.655,2740.33,2734.645,2735.82,,,,
2024-10-28T02:00:00+02:00,2735.825,2736.43,2732.17,2732.525,,,,
2024-10-28T03:00:00+02:00,2732.515,2733.075,2724.755,2732.39,,,2724.755,
2024-10-28T04:00:00+02:00,2732.375,2735.64,2730.705,2734.295,,,,
2024-10-28T05:00:00+02:00,2734.29,2734.73,2729.715,2729.74,,,,
2024-10-28T06:00:00+02:00,2729.735,2733.47,2729.215,2733.015,,,,
2024-10-28T07:00:00+02:00,2733.075,2738.85,2731.225,2738.46,,,,
2024-10-28T08:00:00+02:00,2738.475,2744.65,2737.575,2740.64,,2744.65,,
2024-10-28T09:00:00+02:00,2740.645,2743.65,2735.925,2739,,,,
2024-10-28T10:00:00+02:00,2739.075,2740.945,2731.495,2732.065,,,,
2024-10-28T11:00:00+02:00,2732.06,2734.095,2728.48,2729.375,,,,
2024-10-28T12:00:00+02:00,2729.33,2733.36,2727.93,2732.235,,,2727.93,
2024-10-28T13:00:00+02:00,2732.25,2732.975,2729.82,2732.33,,,,
2024-10-28T14:00:00+02:00,2732.335,2734.93,2731.305,2734.37,,,,
2024-10-28T15:00:00+02:00,2734.305,2743.505,2732.855,2740.94,,,,
2024-10-28T16:00:00+02:00,2740.895,2746.01,2738.895,2744.275,2746.01,,,
2024-10-28T17:00:00+02:00,2744.355,2744.68,2739.74,2740.805,,,,
2024-10-28T18:00:00+02:00,2740.79,2745.02,2740.045,2742.77,,,,
2024-10-28T19:00:00+02:00,2742.765,2745.025,2740.365,2743.435,,,,
2024-10-28T20:00:00+02:00,2743.43,2743.525,2740.24,2741.985,,,,
2024-10-28T21:00:00+02:00,2741.995,2743.585,2740.39,2742.58,,,,
2024-10-28T22:00:00+02:00,2742.555,2743.115,2741.445,2742.325,,,,
2024-10-29T00:00:00+02:00,2741.45,2742.435,2739.87,2742.14,,,2739.87,
2024-10-29T01:00:00+02:00,2742.195,2744.575,2741.25,2744.54,,,,
2024-10-29T02:00:00+02:00,2744.55,2746.895,2743.36,2745.835,,,,
2024-10-29T03:00:00+02:00,2745.84,2752.46,2745.625,2752.165,,,,
2024-10-29T04:00:00+02:00,2752.16,2757.78,2750.56,2753.11,2757.78,,,
2024-10-29T05:00:00+02:00,2753.115,2753.4,2748.77,2751.77,,,,
2024-10-29T06:00:00+02:00,2751.765,2755.34,2751.35,2754.815,,,,
2024-10-29T07:00:00+02:00,2754.905,2756.875,2749.78,2750.06,,,,
2024-10-29T08:00:00+02:00,2750.055,2756.61,2749.085,2755.83,,,,
2024-10-29T09:00:00+02:00,2755.83,2756.34,2752.03,2752.53,,,,
2024-10-29T10:00:00+02:00,2752.535,2755.13,2746.415,2754.715,,,,
2024-10-29T11:00:00+02:00,2754.72,2756.665,2750.17,2752.505,,,,
2024-10-29T12:00:00+02:00,2752.51,2753.225,2747.48,2749.995,,,,
2024-10-29T13:00:00+02:00,2749.99,2753.37,2746.195,2751.9,,,2746.195,
2024-10-29T14:00:00+02:00,2751.895,2753.725,2749.02,2749.26,,,,
2024-10-29T15:00:00+02:00,2749.22,2764.105,2748.325,2760.93,,,,
2024-10-29T16:00:00+02:00,2760.965,2771.79,2760.965,2769.61,,,,
2024-10-29T17:00:00+02:00,2769.625,2770.55,2760.885,2764.335,,,,
2024-10-29T18:00:00+02:00,2764.33,2770.35,2764.235,2769.485,,,,
2024-10-29T19:00:00+02:00,2769.385,2772.62,2766.355,2769.93,,,,
2024-10-29T20:00:00+02:00,2769.935,2773.59,2768.305,2773.03,,,,
2024-10-29T21:00:00+02:00,2773.075,2774.885,2771.09,2772.23,,,,
2024-10-29T22:00:00+02:00,2772.235,2774.835,2771.945,2774.58,,,,
2024-10-30T00:00:00+02:00,2773.51,2775.535,2773.005,2774.705,,,,
2024-10-30T01:00:00+02:00,2774.76,2775.255,2773.525,2775.125,,,,
2024-10-30T02:00:00+02:00,2775.135,2779.25,2774.96,2778.21,,,,
2024-10-30T03:00:00+02:00,2778.245,2782.185,2777.005,2781.74,,,,
2024-10-30T04:00:00+02:00,2781.72,2781.92,2776.165,2780.585,,,,
2024-10-30T05:00:00+02:00,2780.575,2781.315,2777.25,2779.04,,,,
2024-10-30T06:00:00+02:00,2779.045,2781.015,2777.46,2780.24,,,,
2024-10-30T07:00:00+02:00,2780.235,2785.035,2778.09,2783.25,,,,
2024-10-30T08:00:00+02:00,2783.245,2789.855,2781.28,2787.185,2789.855,,,
2024-10-30T09:00:00+02:00,2787.19,2788.115,2780.555,2782.33,,,,
2024-10-30T10:00:00+02:00,2782.355,2784.685,2779.62,2782.025,,,,
2024-10-30T11:00:00+02:00,2781.935,2784.715,2780.355,2784.625,,,,
2024-10-30T12:00:00+02:00,2784.635,2786.565,2780.17,2780.24,,,,
2024-10-30T13:00:00+02:00,2780.225,2782.135,2778.36,2778.635,,,,
2024-10-30T14:00:00+02:00,2778.63,2783.48,2773.665,2782.545,,,,
2024-10-30T15:00:00+02:00,2782.54,2787.57,2770.925,2777.565,,,2770.925,
2024-10-30T16:00:00+02:00,2777.555,2781.815,2775.24,2780.37,,,,
2024-10-30T17:00:00+02:00,2780.385,2785.93,2772.08,2784.74,,,,
2024-10-30T18:00:00+02:00,2784.745,2787.515,2783.05,2785.445,,,,
2024-10-30T19:00:00+02:00,2785.45,2789.65,2784.06,2788.645,,,,
2024-10-30T20:00:00+02:00,2788.655,2790.07,2787.34,2787.795,2790.07,,,
2024-10-30T21:00:00+02:00,2787.805,2788.145,2784.478,2787.51,,,,
2024-10-30T22:00:00+02:00,2787.43,2788.1,2784.805,2787.475,,,,
2024-10-31T00:00:00+02:00,2786.87,2788.195,2786.3,2787.56,,,,
2024-10-31T01:00:00+02:00,2787.51,2788.16,2785.285,2785.51,,,,
2024-10-31T02:00:00+02:00,2785.54,2788.305,2784.755,2787.68,,,,
2024-10-31T03:00:00+02:00,2787.69,2790.17,2783.68,2784.78,2790.17,,,
2024-10-31T04:00:00+02:00,2784.775,2789.055,2784.485,2787.135,,,,
2024-10-31T05:00:00+02:00,2787.125,2788.43,2784.465,2784.81,,,,
2024-10-31T06:00:00+02:00,2784.82,2785.56,2782.165,2784.53,,,,
2024-10-31T07:00:00+02:00,2784.525,2786.675,2782.73,2785.22,,,,
2024-10-31T08:00:00+02:00,2785.205,2786.1,2779.79,2779.915,,,,
2024-10-31T09:00:00+02:00,2779.89,2784.115,2778.16,2782.1,,,,
2024-10-31T10:00:00+02:00,2782.085,2783.11,2777.025,2779.17,,,,
2024-10-31T11:00:00+02:00,2779.175,2780.29,2777.245,2778.26,,,,
2024-10-31T12:00:00+02:00,2778.245,2781.235,2773.36,2780.98,,,,
2024-10-31T13:00:00+02:00,2780.965,2782.69,2776.78,2779.56,,,,
2024-10-31T14:00:00+02:00,2779.545,2782.035,2772.07,2773.735,,,,
2024-10-31T15:00:00+02:00,2773.715,2773.97,2754.65,2755.43,,,,
2024-10-31T16:00:00+02:00,2755.395,2756.975,2734.7,2734.79,,,,
2024-10-31T17:00:00+02:00,2734.79,2741.015,2731.635,2740.71,,,,2731.635
2024-10-31T18:00:00+02:00,2740.7,2743.795,2738.12,2740.75,,,,
2024-10-31T19:00:00+02:00,2740.76,2743.92,2738.3,2739.67,,,,
2024-10-31T20:00:00+02:00,2739.675,2748.03,2739.64,2747,,,,
2024-10-31T21:00:00+02:00,2746.975,2749.825,2745.81,2746.515,,,,
2024-10-31T22:00:00+02:00,2746.535,2748.23,2743.355,2743.95,,,,
2024-11-01T00:00:00+02:00,2745.37,2747.795,2745.12,2746.23,,,,
2024-11-01T01:00:00+02:00,2746.325,2747.945,2745.565,2746.785,,,,
2024-11-01T02:00:00+02:00,2746.81,2747.415,2744.975,2745.14,,,,
2024-11-01T03:00:00+02:00,2745.1,2750.075,2744.96,2749.83,,,,
2024-11-01T04:00:00+02:00,2749.81,2751.02,2745.865,2748.85,,,,
2024-11-01T05:00:00+02:00,2748.87,2751.98,2747.48,2751.845,,,,
2024-11-01T06:00:00+02:00,2751.85,2753.145,2750.835,2752.38,,,,
2024-11-01T07:00:00+02:00,2752.43,2755.225,2751.745,2754.965,,,,
2024-11-01T08:00:00+02:00,2754.98,2757.735,2751.35,2752.09,,2757.735,,
2024-11-01T09:00:00+02:00,2752.085,2753.3,2747.22,2749.715,,,,
2024-11-01T10:00:00+02:00,2749.645,2755.11,2748.62,2753.505,,,,
2024-11-01T11:00:00+02:00,2753.505,2755.51,2748.09,2751.415,,,,
2024-11-01T12:00:00+02:00,2751.42,2751.96,2744.845,2749.68,,,,
2024-11-01T13:00:00+02:00,2749.695,2754.145,2749.695,2752.99,,,,
2024-11-01T14:00:00+02:00,2753.05,2759.895,2749.345,2753.875,,,,
2024-11-01T15:00:00+02:00,2753.885,2762.275,2752.205,2756.125,2762.275,,,
2024-11-01T16:00:00+02:00,2756.41,2759.01,2739.76,2747.26,,,,
2024-11-01T17:00:00+02:00,2747.265,2750.38,2742.65,2744.755,,,,
2024-11-01T18:00:00+02:00,2744.745,2746.16,2740.47,2743.195,,,,
2024-11-01T19:00:00+02:00,2743.175,2743.945,2735.12,2736.375,,,,
2024-11-01T20:00:00+02:00,2736.34,2738.075,2733.55,2736.23,,,,
2024-11-01T21:00:00+02:00,2736.255,2737.09,2733.255,2734.165,,,,
2024-11-01T22:00:00+02:00,2734.14,2736.945,2733.365,2736.45,,,,
2024-11-04T01:00:00+02:00,2732.04,2740.395,2732.04,2738.43,,,2732.04,
2024-11-04T02:00:00+02:00,2738.415,2740.965,2737.065,2740.365,,,,
2024-11-04T03:00:00+02:00,2740.355,2741.405,2735.44,2740.01,,,,
2024-11-04T04:00:00+02:00,2740.005,2741.135,2737.085,2739.95,,,,
2024-11-04T05:00:00+02:00,2739.945,2742.49,2739.375,2741.075,,,,
2024-11-04T06:00:00+02:00,2741.07,2742.36,2739.82,2741.165,,,,
2024-11-04T07:00:00+02:00,2741.155,2743.88,2737.785,2741.66,,,,
2024-11-04T08:00:00+02:00,2741.675,2741.745,2735.84,2741.43,,,,
2024-11-04T09:00:00+02:00,2741.455,2744.935,2735.135,2735.895,,,,
2024-11-04T10:00:00+02:00,2735.89,2738.5,2731.93,2733.435,,,,2731.93
2024-11-04T11:00:00+02:00,2733.405,2744.15,2732.655,2743.4,,,,
2024-11-04T12:00:00+02:00,2743.415,2745.355,2737.32,2738.685,,,,
2024-11-04T13:00:00+02:00,2738.68,2741.045,2736.595,2740.7,,,,
2024-11-04T14:00:00+02:00,2740.535,2744.1,2739.56,2743.445,,,,
2024-11-04T15:00:00+02:00,2743.47,2746.825,2738.82,2746.8,,,,
2024-11-04T16:00:00+02:00,2746.81,2748.24,2737.94,2743.465,,2748.24,,
2024-11-04T17:00:00+02:00,2743.43,2745.615,2737.765,2738.58,,,,
2024-11-04T18:00:00+02:00,2738.525,2738.98,2732.38,2734.285,,,,
2024-11-04T19:00:00+02:00,2734.275,2738.51,2731.77,2738.445,,,,2731.77
2024-11-04T20:00:00+02:00,2738.45,2739.31,2735.645,2738.275,,,,
2024-11-04T21:00:00+02:00,2738.28,2739.735,2737.325,2738.395,,,,
2024-11-04T22:00:00+02:00,2738.37,2738.69,2736.435,2737.4,,,,
2024-11-04T23:00:00+02:00,2737.435,2737.715,2735.94,2736.605,,,,
2024-11-05T01:00:00+02:00,2737.365,2737.635,2736.075,2736.08,,,,
2024-11-05T02:00:00+02:00,2736.13,2736.725,2734.15,2735.11,,,,
2024-11-05T03:00:00+02:00,2735.115,2736.215,2733.025,2734.325,,,,
2024-11-05T04:00:00+02:00,2734.32,2735.41,2724.765,2728.58,,,,2724.765
2024-11-05T05:00:00+02:00,2728.57,2736.02,2727.825,2735.32,,,,
2024-11-05T06:00:00+02:00,2735.325,2736.41,2733.17,2734.535,,,,
2024-11-05T07:00:00+02:00,2734.51,2737.29,2732.03,2732.735,,,,
2024-11-05T08:00:00+02:00,2732.72,2738.795,2731.805,2737.935,,,,
2024-11-05T09:00:00+02:00,2737.935,2741.41,2735.285,2736.56,,,,
2024-11-05T10:00:00+02:00,2736.555,2743.315,2732.17,2742.58,,,,
2024-11-05T11:00:00+02:00,2742.585,2745.065,2738.955,2740,,,,
2024-11-05T12:00:00+02:00,2739.985,2740.29,2735.66,2737.995,,,,
2024-11-05T13:00:00+02:00,2738.035,2742.995,2738.035,2741.76,,,,
2024-11-05T14:00:00+02:00,2741.765,2743.185,2737.625,2738,,,,
2024-11-05T15:00:00+02:00,2738.03,2746.815,2736.46,2744.75,,,,
2024-11-05T16:00:00+02:00,2744.745,2750.09,2741.515,2746.925,2750.09,,,
2024-11-05T17:00:00+02:00,2746.655,2746.655,2733.035,2742.06,,,2733.035,
2024-11-05T18:00:00+02:00,2742.105,2744.575,2736.365,2739,,,,
2024-11-05T19:00:00+02:00,2738.995,2743.77,2738.315,2742.07,,,,
2024-11-05T20:00:00+02:00,2742.085,2743.995,2739.43,2741.33,,,,
2024-11-05T21:00:00+02:00,2741.31,2742.345,2739.555,2740.54,,,,
2024-11-05T22:00:00+02:00,2740.545,2743.55,2739.7,2743.1,,,,
2024-11-05T23:00:00+02:00,2743.105,2744.935,2742.65,2743.91,,,,
2024-11-06T01:00:00+02:00,2743.065,2746.485,2742.67,2745.68,,,,
2024-11-06T02:00:00+02:00,2745.665,2745.73,2735.4,2738.15,,,,
2024-11-06T03:00:00+02:00,2738.155,2749.78,2732.78,2747.16,,2749.78,,
2024-11-06T04:00:00+02:00,2747.13,2748.415,2736.885,2737.535,,,,
2024-11-06T05:00:00+02:00,2737.55,2743.56,2730.53,2734.155,,,,
2024-11-06T06:00:00+02:00,2734.15,2743.165,2733.19,2741.87,,,,
2024-11-06T07:00:00+02:00,2741.9,2743.685,2736.485,2738.975,,,,
2024-11-06T08:00:00+02:00,2738.97,2739.325,2701.425,2707.125,,,,
2024-11-06T09:00:00+02:00,2707.13,2733.275,2704.175,2725.835,,,,
2024-11-06T10:00:00+02:00,2725.71,2733.865,2722.86,2724.53,,,,
2024-11-06T11:00:00+02:00,2724.52,2728.635,2716.495,2724.73,,,,
2024-11-06T12:00:00+02:00,2724.705,2727.305,2718.74,2720.295,,,,
2024-11-06T13:00:00+02:00,2720.29,2722.805,2696.13,2699.15,,,,
2024-11-06T14:00:00+02:00,2699.155,2708.09,2693.45,2695.225,,,,
2024-11-06T15:00:00+02:00,2695.195,2695.195,2659.175,2664.28,,,,
2024-11-06T16:00:00+02:00,2664.235,2670.495,2652.405,2659.89,,,,2652.405
2024-11-06T17:00:00+02:00,2659.91,2675.94,2657.54,2675.845,,,,
2024-11-06T18:00:00+02:00,2675.905,2678.29,2662.915,2666.195,,,,
2024-11-06T19:00:00+02:00,2666.2,2669.345,2661.68,2663.355,,,,
2024-11-06T20:00:00+02:00,2663.385,2669.595,2662.915,2665.67,,,,
2024-11-06T21:00:00+02:00,2665.705,2668.585,2665.065,2667.175,,,,
2024-11-06T22:00:00+02:00,2667.18,2667.815,2659.425,2660.75,,,,
2024-11-06T23:00:00+02:00,2660.76,2662.478,2659.06,2659.175,,,,
2024-11-07T01:00:00+02:00,2662.255,2664.4,2661.245,2664.095,,,,
2024-11-07T02:00:00+02:00,2664.085,2664.26,2661.03,2661.62,,,,
2024-11-07T03:00:00+02:00,2661.535,2664.06,2643.355,2649.515,,,,2643.355
2024-11-07T04:00:00+02:00,2649.535,2657.585,2649.51,2657.44,,,,
2024-11-07T05:00:00+02:00,2657.445,2661.295,2655.7,2659.275,,,,
2024-11-07T06:00:00+02:00,2659.27,2659.695,2654.18,2654.665,,,,
2024-11-07T07:00:00+02:00,2654.735,2660.735,2654.735,2659.275,,,,
2024-11-07T08:00:00+02:00,2659.28,2659.535,2652.865,2657.17,,,,
2024-11-07T09:00:00+02:00,2657.14,2667.695,2656.22,2663.375,,,,
2024-11-07T10:00:00+02:00,2663.415,2666.76,2657.46,2657.67,,,,
2024-11-07T11:00:00+02:00,2657.655,2666.15,2657.485,2661.72,,,,
2024-11-07T12:00:00+02:00,2661.725,2668.435,2659.885,2666.64,,,,
2024-11-07T13:00:00+02:00,2666.605,2668.21,2663.94,2666.37,,,,
2024-11-07T14:00:00+02:00,2666.375,2674.145,2664.425,2673.675,,,,
2024-11-07T15:00:00+02:00,2673.655,2685.21,2672.475,2684.65,,,,
2024-11-07T16:00:00+02:00,2684.665,2695.04,2682.39,2691.915,,,,
2024-11-07T17:00:00+02:00,2691.91,2700.285,2690.165,2698.865,,,,
2024-11-07T18:00:00+02:00,2698.895,2699.535,2690.695,2695.86,,,,
2024-11-07T19:00:00+02:00,2695.875,2700.405,2694.325,2699.435,,,,
2024-11-07T20:00:00+02:00,2699.44,2699.5,2694.035,2695.6,,,,
2024-11-07T21:00:00+02:00,2695.7,2698.115,2687.575,2694.4,,,,
2024-11-07T22:00:00+02:00,2694.445,2710.52,2692.935,2704.49,,2710.52,,
2024-11-07T23:00:00+02:00,2704.51,2708.585,2703.705,2706.84,,,,
2024-11-08T01:00:00+02:00,2704.26,2708.08,2704.17,2706.985,,,,
2024-11-08T02:00:00+02:00,2707,2710.43,2705.745,2706.425,,,,
2024-11-08T03:00:00+02:00,2706.49,2707.705,2699.255,2699.95,,,,
2024-11-08T04:00:00+02:00,2699.945,2701.075,2695.185,2697.59,,,,
2024-11-08T05:00:00+02:00,2697.55,2700.57,2694.15,2695.27,,,,
2024-11-08T06:00:00+02:00,2695.265,2696.18,2693.385,2693.69,,,,
2024-11-08T07:00:00+02:00,2693.675,2696.385,2693.675,2695.27,,,,
2024-11-08T08:00:00+02:00,2695.265,2695.86,2686.09,2686.48,,,,
2024-11-08T09:00:00+02:00,2686.465,2687.88,2680.415,2687.47,,,2680.415,
2024-11-08T10:00:00+02:00,2687.475,2691.9,2681.985,2688.765,,,,
2024-11-08T11:00:00+02:00,2688.76,2691.085,2687.14,2689.33,,,,
2024-11-08T12:00:00+02:00,2689.385,2689.42,2682.065,2688.62,,,,
2024-11-08T13:00:00+02:00,2688.64,2695.03,2686.795,2691.945,,,,
2024-11-08T14:00:00+02:00,2691.975,2693.185,2686.265,2691.975,,,,
2024-11-08T15:00:00+02:00,2691.96,2701.215,2687.98,2697.66,,,,
2024-11-08T16:00:00+02:00,2697.65,2704.12,2687.855,2691.64,,2704.12,,
2024-11-08T17:00:00+02:00,2691.615,2692.925,2683.485,2687.57,,,,
2024-11-08T18:00:00+02:00,2687.555,2689.38,2682.935,2683.33,,,,
2024-11-08T19:00:00+02:00,2683.345,2688.69,2683.345,2688,,,,
2024-11-08T20:00:00+02:00,2688.01,2688.915,2683.92,2685.02,,,,
2024-11-08T21:00:00+02:00,2685.05,2687.585,2683.315,2687.155,,,,
2024-11-08T22:00:00+02:00,2687.175,2688.645,2685.03,2685.17,,,,
2024-11-08T23:00:00+02:00,2685.18,2685.95,2682.93,2684.455,,,,
2024-11-11T01:00:00+02:00,2683.71,2685.675,2681.585,2685.585,,,,
2024-11-11T02:00:00+02:00,2685.57,2686.165,2682.72,2684.09,,,,
2024-11-11T03:00:00+02:00,2684.08,2684.96,2671.94,2673.04,,,,
2024-11-11T04:00:00+02:00,2673.045,2675.325,2666.57,2672.08,,,,2666.57
2024-11-11T05:00:00+02:00,2672.075,2672.075,2668.025,2670.315,,,,
2024-11-11T06:00:00+02:00,2670.275,2672.535,2668.925,2672.29,,,,
2024-11-11T07:00:00+02:00,2672.295,2674.425,2666.995,2669.3,,,,
2024-11-11T08:00:00+02:00,2669.31,2674.15,2668.495,2673.33,,,,
2024-11-11T09:00:00+02:00,2673.345,2674.095,2668.925,2669.68,,,,
2024-11-11T10:00:00+02:00,2669.66,2671.815,2667.665,2669.635,,,,
2024-11-11T11:00:00+02:00,2669.625,2670.865,2663.9,2666.895,,,,
2024-11-11T12:00:00+02:00,2666.89,2675.34,2661.01,2661.96,,2675.34,,
2024-11-11T13:00:00+02:00,2661.975,2667.075,2659.08,2662.645,,,,
2024-11-11T14:00:00+02:00,2662.65,2663.23,2656.81,2657.325,,,,
2024-11-11T15:00:00+02:00,2657.28,2657.645,2634.38,2635.58,,,,
2024-11-11T16:00:00+02:00,2635.61,2635.74,2617.73,2622.5,,,,
2024-11-11T17:00:00+02:00,2622.515,2626.365,2613.405,2614.61,,,,
2024-11-11T18:00:00+02:00,2614.7,2618.17,2612.745,2615.21,,,,
2024-11-11T19:00:00+02:00,2615.255,2617.015,2611.46,2612.655,,,,
2024-11-11T20:00:00+02:00,2612.61,2619.45,2610.695,2619.06,,,,2610.695
2024-11-11T21:00:00+02:00,2619.075,2620.765,2617.96,2619.355,,,,
2024-11-11T22:00:00+02:00,2619.36,2626.275,2619.36,2622.06,,,,
2024-11-11T23:00:00+02:00,2622.045,2623.165,2619.3,2619.595,,,,
2024-11-12T01:00:00+02:00,2621.07,2624.2,2620.6,2624.09,,,,
2024-11-12T02:00:00+02:00,2624.085,2625.29,2622.31,2624.08,,,,
2024-11-12T03:00:00+02:00,2624.075,2627.235,2619.28,2624.195,,2627.235,,
2024-11-12T04:00:00+02:00,2624.175,2625.555,2620.515,2622.02,,,,
2024-11-12T05:00:00+02:00,2622.025,2623.77,2618.88,2619.045,,,,
2024-11-12T06:00:00+02:00,2619.03,2619.17,2615.745,2617.85,,,,
2024-11-12T07:00:00+02:00,2617.92,2618.25,2605.44,2606.94,,,,
2024-11-12T08:00:00+02:00,2606.945,2610.24,2603.525,2607.995,,,,
2024-11-12T09:00:00+02:00,2608.03,2609.16,2595.285,2598.355,,,,
2024-11-12T10:00:00+02:00,2598.525,2606.625,2598.225,2600.67,,,,
2024-11-12T11:00:00+02:00,2600.66,2600.775,2590.895,2593.335,,,,
2024-11-12T12:00:00+02:00,2593.32,2598.69,2589.725,2596.725,,,,2589.725
2024-11-12T13:00:00+02:00,2596.695,2599.175,2592.6,2597.945,,,,
2024-11-12T14:00:00+02:00,2597.95,2607.205,2597.95,2605.345,,,,
2024-11-12T15:00:00+02:00,2605.35,2616.445,2604.535,2611.675,,,,
2024-11-12T16:00:00+02:00,2611.71,2617.125,2608.97,2610.405,,2617.125,,
2024-11-12T17:00:00+02:00,2610.42,2611.795,2597.48,2598.535,,,,
2024-11-12T18:00:00+02:00,2598.57,2604.21,2597.93,2600.805,,,,
2024-11-12T19:00:00+02:00,2600.81,2601.235,2592.53,2597.48,,,2592.53,
2024-11-12T20:00:00+02:00,2597.565,2602.165,2596.515,2599.23,,,,
2024-11-12T21:00:00+02:00,2599.24,2601.47,2598.05,2598.235,,,,
2024-11-12T22:00:00+02:00,2598.21,2601.415,2595.205,2599.81,,,,
2024-11-12T23:00:00+02:00,2599.795,2600.78,2597.2,2598.29,,,,
2024-11-13T01:00:00+02:00,2597.96,2599.9,2597.72,2599.025,,,,
2024-11-13T02:00:00+02:00,2599.03,2599.935,2598.1,2599.505,,,,
2024-11-13T03:00:00+02:00,2599.51,2611.21,2599.48,2608.18,,,,
2024-11-13T04:00:00+02:00,2608.205,2612.66,2605.22,2612.18,,,,
2024-11-13T05:00:00+02:00,2612.235,2613.285,2606.57,2611.595,,2613.285,,
2024-11-13T06:00:00+02:00,2611.59,2612.4,2606.155,2606.33,,,,
2024-11-13T07:00:00+02:00,2606.39,2607.93,2603.63,2605.84,,,,
2024-11-13T08:00:00+02:00,2605.825,2607.485,2604.26,2605.535,,,,
2024-11-13T09:00:00+02:00,2605.495,2607.45,2604.38,2606.225,,,,
2024-11-13T10:00:00+02:00,2606.285,2610.845,2601.095,2607.76,,,2601.095,
2024-11-13T11:00:00+02:00,2607.765,2611.72,2607.41,2608.67,,,,
2024-11-13T12:00:00+02:00,2608.665,2610.49,2607.035,2609.125,,,,
2024-11-13T13:00:00+02:00,2609.115,2611.69,2605.94,2610.865,,,,
2024-11-13T14:00:00+02:00,2610.875,2612.745,2608.97,2609.725,,,,
2024-11-13T15:00:00+02:00,2609.735,2618.92,2607.23,2612.35,2618.92,,,
2024-11-13T16:00:00+02:00,2612.355,2616.425,2601.08,2602.085,,,,
2024-11-13T17:00:00+02:00,2602.08,2606.88,2593.65,2605.435,,,,
2024-11-13T18:00:00+02:00,2605.47,2606.13,2584.735,2585.905,,,,
2024-11-13T19:00:00+02:00,2585.815,2586.91,2577.68,2583.415,,,,
2024-11-13T20:00:00+02:00,2583.4,2585.54,2579.69,2582.815,,,,
2024-11-13T21:00:00+02:00,2582.83,2584.99,2580.6,2581.01,,,,
2024-11-13T22:00:00+02:00,2581.015,2581.195,2573.055,2573.815,,,,
2024-11-13T23:00:00+02:00,2573.855,2577.185,2572.7,2572.83,,,,
2024-11-14T01:00:00+02:00,2573.84,2581.445,2569.375,2570.93,,,,
2024-11-14T02:00:00+02:00,2570.935,2574.835,2569.72,2572.565,,,,
2024-11-14T03:00:00+02:00,2572.615,2573,2561.605,2562.645,,,,
2024-11-14T04:00:00+02:00,2562.635,2564.625,2558.98,2560.685,,,,
2024-11-14T05:00:00+02:00,2560.665,2565.085,2559.965,2560.76,,,,
2024-11-14T06:00:00+02:00,2560.755,2565.335,2559.33,2565.23,,,,
2024-11-14T07:00:00+02:00,2565.235,2565.235,2555.36,2558.69,,,,
2024-11-14T08:00:00+02:00,2558.695,2560.545,2551.965,2555.11,,,,
2024-11-14T09:00:00+02:00,2555.12,2558.97,2550.41,2557.03,,,,
2024-11-14T10:00:00+02:00,2557.025,2559.89,2554.575,2556.215,,,,
2024-11-14T11:00:00+02:00,2556.195,2558.405,2536.855,2543.595,,,,2536.855
2024-11-14T12:00:00+02:00,2543.605,2548.15,2539.125,2547.14,,,,
2024-11-14T13:00:00+02:00,2547.155,2555.165,2545.235,2553.705,,,,
2024-11-14T14:00:00+02:00,2553.72,2556.955,2550.155,2552.32,,,,
2024-11-14T15:00:00+02:00,2552.305,2560.41,2551.335,2557.18,,,,
2024-11-14T16:00:00+02:00,2557.175,2565.965,2554.315,2559.775,,,,
2024-11-14T17:00:00+02:00,2559.77,2573.075,2558.615,2570.355,,,,
2024-11-14T18:00:00+02:00,2570.36,2577.525,2569.28,2574.08,,2577.525,,
2024-11-14T19:00:00+02:00,2574.08,2575.955,2567.56,2573.04,,,,
2024-11-14T20:00:00+02:00,2573.075,2573.54,2567.23,2569.895,,,,
2024-11-14T21:00:00+02:00,2569.885,2576.985,2569.865,2576.025,,,,
2024-11-14T22:00:00+02:00,2575.98,2576.64,2563.995,2567.31,,,,
2024-11-14T23:00:00+02:00,2567.305,2569.64,2564.19,2564.72,,,,
2024-11-15T01:00:00+02:00,2566.485,2567.365,2565.885,2566.98,,,,
2024-11-15T02:00:00+02:00,2566.975,2567.69,2565.985,2566.975,,,,
2024-11-15T03:00:00+02:00,2566.97,2571.76,2563.155,2565.09,,,,
2024-11-15T04:00:00+02:00,2565.04,2571.14,2565.005,2570.28,,,,
2024-11-15T05:00:00+02:00,2570.285,2571.21,2567.78,2567.82,,,,
2024-11-15T06:00:00+02:00,2567.815,2569.6,2567.105,2567.155,,,,
2024-11-15T07:00:00+02:00,2567.18,2567.365,2559.81,2560,,,,
2024-11-15T08:00:00+02:00,2559.975,2563.695,2554.395,2561.515,,,2554.395,
2024-11-15T09:00:00+02:00,2561.47,2564.995,2559.46,2563.9,,,,
2024-11-15T10:00:00+02:00,2563.855,2569.055,2560.93,2566.92,,,,
2024-11-15T11:00:00+02:00,2566.895,2569.01,2563.99,2564.05,,,,
2024-11-15T12:00:00+02:00,2564.03,2570.51,2563.09,2567.93,,,,
2024-11-15T13:00:00+02:00,2567.905,2573.355,2566.7,2570.805,,,,
2024-11-15T14:00:00+02:00,2570.835,2571.13,2565.56,2569.205,,,,
2024-11-15T15:00:00+02:00,2569.22,2575.87,2561.23,2565.41,,,,
2024-11-15T16:00:00+02:00,2565.395,2575.69,2564.325,2572.895,,,,
2024-11-15T17:00:00+02:00,2572.94,2576.045,2565.125,2570.895,,2576.045,,
2024-11-15T18:00:00+02:00,2570.89,2573.36,2562.11,2562.24,,,,
2024-11-15T19:00:00+02:00,2562.245,2564.865,2560.175,2563.02,,,,
2024-11-15T20:00:00+02:00,2563.06,2567.88,2559.525,2567.575,,,2559.525,
2024-11-15T21:00:00+02:00,2567.59,2568.125,2562.845,2563.895,,,,
2024-11-15T22:00:00+02:00,2563.905,2563.985,2559.81,2562.26,,,,
2024-11-15T23:00:00+02:00,2562.245,2563.745,2561.21,2563.22,,,,
2024-11-18T01:00:00+02:00,2567.13,2575.555,2567.13,2571.42,,,,
2024-11-18T02:00:00+02:00,2571.36,2577.26,2569.92,2576.55,,,,
2024-11-18T03:00:00+02:00,2576.54,2597.28,2576.515,2587.13,2597.28,,,
2024-11-18T04:00:00+02:00,2587.07,2595.225,2586.92,2591.16,,,,
2024-11-18T05:00:00+02:00,2591.105,2592.61,2587.805,2589.955,,,,
2024-11-18T06:00:00+02:00,2589.96,2593.215,2589.36,2592.3,,,,
2024-11-18T07:00:00+02:00,2592.26,2592.34,2585.085,2585.56,,,,
2024-11-18T08:00:00+02:00,2585.51,2587.72,2580.5,2586.07,,,,
2024-11-18T09:00:00+02:00,2586.065,2587.17,2581.725,2582.925,,,,
2024-11-18T10:00:00+02:00,2582.865,2590.135,2582.11,2585.705,,,,
2024-11-18T11:00:00+02:00,2585.62,2597.35,2583.885,2595.765,,,,
2024-11-18T12:00:00+02:00,2595.835,2596.745,2589.59,2594.1,,,,
2024-11-18T13:00:00+02:00,2594.12,2595.465,2590.585,2594.45,,,,
2024-11-18T14:00:00+02:00,2594.43,2597.19,2590.42,2595.2,,,,
2024-11-18T15:00:00+02:00,2595.23,2605.225,2592.95,2604.06,,,,
2024-11-18T16:00:00+02:00,2604.055,2610.37,2602.83,2608.265,,,,
2024-11-18T17:00:00+02:00,2608.26,2613.455,2605.985,2613.035,,,,
2024-11-18T18:00:00+02:00,2613.04,2615.145,2609.43,2611.62,2615.145,,,
2024-11-18T19:00:00+02:00,2611.61,2611.995,2607.38,2610.46,,,,
2024-11-18T20:00:00+02:00,2610.47,2612.15,2607.785,2611.21,,,,
2024-11-18T21:00:00+02:00,2611.2,2612.69,2608.435,2609.88,,,,
2024-11-18T22:00:00+02:00,2609.885,2611.64,2608.315,2610.4,,,,
2024-11-18T23:00:00+02:00,2610.415,2612.4,2609.9,2612.04,,,,
2024-11-19T01:00:00+02:00,2610.755,2613.17,2610.465,2612.69,,,,
2024-11-19T02:00:00+02:00,2612.705,2613.735,2611.145,2613.38,,,,
2024-11-19T03:00:00+02:00,2613.43,2617.905,2611.635,2615.77,,,,
2024-11-19T04:00:00+02:00,2615.735,2624.21,2615.725,2622.54,,,,
2024-11-19T05:00:00+02:00,2622.525,2625.645,2621.46,2624.535,,,,
2024-11-19T06:00:00+02:00,2624.49,2625.265,2621.67,2623.005,,,,
2024-11-19T07:00:00+02:00,2622.925,2623.535,2620.96,2622.62,,,,
2024-11-19T08:00:00+02:00,2622.64,2626.76,2621.445,2625.225,,,,
2024-11-19T09:00:00+02:00,2625.21,2625.4,2617.755,2619.12,,,,
2024-11-19T10:00:00+02:00,2619.05,2627.08,2618.73,2626.43,,,,
2024-11-19T11:00:00+02:00,2626.4,2634.535,2625.385,2630.32,,,,
2024-11-19T12:00:00+02:00,2630.3,2636.56,2629.995,2635.185,,,,
2024-11-19T13:00:00+02:00,2635.195,2636.075,2629.095,2629.65,,,,
2024-11-19T14:00:00+02:00,2629.67,2639.425,2628.83,2639.29,,,,
2024-11-19T15:00:00+02:00,2639.325,2639.53,2629.36,2635.33,2639.53,,,
2024-11-19T16:00:00+02:00,2635.245,2636.985,2622.86,2623.52,,,,
2024-11-19T17:00:00+02:00,2623.47,2628.74,2621,2624.5,,,2621,
2024-11-19T18:00:00+02:00,2624.52,2628.54,2622.38,2626.535,,,,
2024-11-19T19:00:00+02:00,2626.53,2633.205,2625.71,2628.1,,,,
2024-11-19T20:00:00+02:00,2628.095,2630.51,2626.295,2630.24,,,,
2024-11-19T21:00:00+02:00,2630.32,2631.695,2628.935,2630.785,,,,
2024-11-19T22:00:00+02:00,2630.8,2634.705,2630.505,2633.79,,,,
2024-11-19T23:00:00+02:00,2633.785,2633.99,2630.655,2632.2,,,,
2024-11-20T01:00:00+02:00,2632.535,2635.54,2632.075,2635.19,,,,
2024-11-20T02:00:00+02:00,2635.16,2639.21,2634.74,2637.895,,,,
2024-11-20T03:00:00+02:00,2637.94,2641.58,2635.84,2639.655,,,,
2024-11-20T04:00:00+02:00,2639.64,2641.94,2638.48,2640.29,2641.94,,,
2024-11-20T05:00:00+02:00,2640.295,2641.33,2637.65,2638.02,,,,
2024-11-20T06:00:00+02:00,2638.035,2638.855,2636.215,2636.68,,,,
2024-11-20T07:00:00+02:00,2636.62,2638.57,2635.015,2636.95,,,,
2024-11-20T08:00:00+02:00,2636.855,2637.14,2628.62,2629.515,,,,
2024-11-20T09:00:00+02:00,2629.39,2630.265,2621.24,2621.655,,,,
2024-11-20T10:00:00+02:00,2621.61,2624.59,2618.89,2624.27,,,,2618.89
2024-11-20T11:00:00+02:00,2624.265,2625.74,2621.095,2621.92,,,,
2024-11-20T12:00:00+02:00,2621.925,2626.27,2620.985,2625.165,,,,
2024-11-20T13:00:00+02:00,2625.17,2628.225,2621.48,2628.135,,,,
2024-11-20T14:00:00+02:00,2628.14,2632.485,2627.1,2631.885,,,,
2024-11-20T15:00:00+02:00,2631.875,2640.575,2631.2,2636.145,,,,
2024-11-20T16:00:00+02:00,2636.15,2646.47,2634.175,2643.21,,,,
2024-11-20T17:00:00+02:00,2643.145,2648.935,2640.92,2648.925,,,,
2024-11-20T18:00:00+02:00,2649.045,2650.925,2646.17,2650.72,,,,
2024-11-20T19:00:00+02:00,2650.73,2655.485,2649.33,2651.88,2655.485,,,
2024-11-20T20:00:00+02:00,2651.89,2652.155,2645.5,2648.66,,,,
2024-11-20T21:00:00+02:00,2648.655,2653.23,2648.51,2650.96,,,,
2024-11-20T22:00:00+02:00,2650.95,2651.305,2647.28,2648.95,,,,
2024-11-20T23:00:00+02:00,2648.96,2650.545,2648.09,2650.46,,,,
2024-11-21T01:00:00+02:00,2649.925,2653.005,2648.975,2652.26,,,,
2024-11-21T02:00:00+02:00,2652.25,2658.87,2651.82,2658.555,,,,
2024-11-21T03:00:00+02:00,2658.56,2660.53,2651.88,2653.495,,,,
2024-11-21T04:00:00+02:00,2653.485,2658.215,2652.65,2653.715,,,,
2024-11-21T05:00:00+02:00,2653.71,2657.28,2650.45,2656.975,,,,
2024-11-21T06:00:00+02:00,2656.96,2658.985,2656.9,2657.025,,,,
2024-11-21T07:00:00+02:00,2657.04,2658.18,2654.68,2656.99,,,,
2024-11-21T08:00:00+02:00,2656.985,2662.315,2656.615,2661.495,,,,
2024-11-21T09:00:00+02:00,2661.49,2664.735,2660.17,2663.195,,,,
2024-11-21T10:00:00+02:00,2663.19,2670.315,2662.08,2668.895,,,,
2024-11-21T11:00:00+02:00,2668.91,2671.695,2663.57,2668.905,,,,
2024-11-21T12:00:00+02:00,2668.91,2670.415,2665.125,2670.005,,,,
2024-11-21T13:00:00+02:00,2670.03,2673.595,2668.4,2671.575,2673.595,,,
2024-11-21T14:00:00+02:00,2671.61,2671.855,2663.07,2663.365,,,,
2024-11-21T15:00:00+02:00,2663.36,2667.795,2660.51,2665.52,,,2660.51,
2024-11-21T16:00:00+02:00,2665.54,2671.625,2661.455,2665.05,,,,
2024-11-21T17:00:00+02:00,2665.01,2670.64,2664.495,2667.78,,,,
2024-11-21T18:00:00+02:00,2667.785,2669.81,2661.355,2664.77,,,,
2024-11-21T19:00:00+02:00,2664.775,2672.89,2661.845,2671.905,,,,
2024-11-21T20:00:00+02:00,2671.92,2673.18,2669.11,2672.49,,,,
2024-11-21T21:00:00+02:00,2672.495,2673.565,2667.84,2669.72,,,,
2024-11-21T22:00:00+02:00,2669.715,2671.9,2668.615,2671.585,,,,
2024-11-21T23:00:00+02:00,2671.555,2671.9,2668.11,2669.645,,,,
2024-11-22T01:00:00+02:00,2669.5,2670.025,2668.2,2669.245,,,,
2024-11-22T02:00:00+02:00,2669.24,2673.63,2668.9,2673.175,,,,
2024-11-22T03:00:00+02:00,2673.18,2679.45,2673.16,2677.855,,,,
2024-11-22T04:00:00+02:00,2677.85,2686.55,2677.34,2686.14,,,,
2024-11-22T05:00:00+02:00,2686.125,2690.545,2681.535,2686.23,,,,
2024-11-22T06:00:00+02:00,2686.225,2692.475,2683.085,2688.805,,,,
2024-11-22T07:00:00+02:00,2688.935,2689.23,2683.09,2686.71,,,,
2024-11-22T08:00:00+02:00,2686.715,2693.34,2685.94,2693.07,,,,
2024-11-22T09:00:00+02:00,2693.065,2699.115,2690.52,2696.475,,,,
2024-11-22T10:00:00+02:00,2696.52,2700.53,2694.74,2697.335,,,,
2024-11-22T11:00:00+02:00,2697.365,2707.485,2693.58,2703.385,,,,
2024-11-22T12:00:00+02:00,2703.395,2708.63,2702.8,2707.745,,,,
2024-11-22T13:00:00+02:00,2707.81,2710.185,2697.115,2698.915,2710.185,,,
2024-11-22T14:00:00+02:00,2698.905,2705,2697.145,2703.085,,,,
2024-11-22T15:00:00+02:00,2703.02,2704.25,2689.375,2692.98,,,,
2024-11-22T16:00:00+02:00,2692.945,2696.35,2684.495,2694.68,,,2684.495,
2024-11-22T17:00:00+02:00,2694.62,2705.14,2694.595,2703.725,,,,
2024-11-22T18:00:00+02:00,2703.81,2706.67,2700.885,2705.215,,,,
2024-11-22T19:00:00+02:00,2705.22,2707.325,2703.695,2706.86,,,,
2024-11-22T20:00:00+02:00,2706.875,2711.51,2706.765,2710.955,,,,
2024-11-22T21:00:00+02:00,2710.96,2711.495,2707.07,2708.23,,,,
2024-11-22T22:00:00+02:00,2708.245,2708.925,2705.115,2705.9,,,,
2024-11-22T23:00:00+02:00,2705.81,2716.4,2705.81,2716.335,,,,
2024-11-25T01:00:00+02:00,2711.165,2721.42,2710.895,2719.9,2721.42,,,
2024-11-25T02:00:00+02:00,2719.905,2720.205,2709.855,2710.64,,,,
2024-11-25T03:00:00+02:00,2710.865,2711.205,2694.96,2701.32,,,,
2024-11-25T04:00:00+02:00,2701.325,2704.51,2692.405,2695.325,,,,
2024-11-25T05:00:00+02:00,2695.3,2697.495,2658.99,2672.355,,,,
2024-11-25T06:00:00+02:00,2672.32,2676.39,2663.97,2672.575,,,,
2024-11-25T07:00:00+02:00,2672.57,2674.09,2658.21,2664.795,,,,2658.21
2024-11-25T08:00:00+02:00,2664.81,2670.205,2661.75,2666.985,,,,
2024-11-25T09:00:00+02:00,2666.96,2672.63,2663.845,2667.985,,,,
2024-11-25T10:00:00+02:00,2667.99,2673.585,2667.245,2672.045,,,,
2024-11-25T11:00:00+02:00,2672.08,2675.25,2670.025,2673.945,,,,
2024-11-25T12:00:00+02:00,2673.94,2678.195,2668.855,2677.805,,,,
2024-11-25T13:00:00+02:00,2677.76,2688.83,2677.72,2686.88,,2688.83,,
2024-11-25T14:00:00+02:00,2686.96,2687.15,2680.04,2681.01,,,,
2024-11-25T15:00:00+02:00,2680.87,2687.985,2676.755,2678.33,,,,
2024-11-25T16:00:00+02:00,2678.385,2678.77,2633.64,2641.34,,,,
2024-11-25T17:00:00+02:00,2641.35,2641.755,2626.31,2628.41,,,,
2024-11-25T18:00:00+02:00,2628.42,2639.495,2628.36,2632.015,,,,
2024-11-25T19:00:00+02:00,2632.005,2634.28,2624.44,2627.925,,,,
2024-11-25T20:00:00+02:00,2627.94,2628.58,2615.67,2618.96,,,,
2024-11-25T21:00:00+02:00,2618.9,2626.245,2618.465,2625.855,,,,
2024-11-25T22:00:00+02:00,2625.845,2628.83,2622.71,2626.135,,,,
2024-11-25T23:00:00+02:00,2626.13,2628.4,2625.26,2625.62,,,,
2024-11-26T01:00:00+02:00,2627.485,2628.66,2605.31,2610.615,,,,2605.31
2024-11-26T02:00:00+02:00,2610.64,2624.63,2608.75,2619.89,,,,
2024-11-26T03:00:00+02:00,2619.9,2632.225,2618.175,2628.25,,2632.225,,
2024-11-26T04:00:00+02:00,2628.255,2630.54,2625.05,2625.465,,,,
2024-11-26T05:00:00+02:00,2625.46,2631.135,2623.04,2630.535,,,,
2024-11-26T06:00:00+02:00,2630.47,2631.565,2625.075,2626.455,,,,
2024-11-26T07:00:00+02:00,2626.395,2626.56,2617.905,2624.455,,,,
2024-11-26T08:00:00+02:00,2624.44,2626.13,2621.315,2622.15,,,,
2024-11-26T09:00:00+02:00,2622.15,2622.9,2610.86,2614.055,,,2610.86,
2024-11-26T10:00:00+02:00,2614.11,2618.42,2612.505,2613.455,,,,
2024-11-26T11:00:00+02:00,2613.405,2627.245,2613,2626.065,,,,
2024-11-26T12:00:00+02:00,2626.08,2633.175,2625.19,2631.44,,,,
2024-11-26T13:00:00+02:00,2631.395,2633.315,2627.705,2633.295,,,,
2024-11-26T14:00:00+02:00,2633.305,2634.865,2629.355,2631.075,,,,
2024-11-26T15:00:00+02:00,2631.06,2642.02,2624.055,2629.94,2642.02,,,
2024-11-26T16:00:00+02:00,2629.95,2633.94,2616.775,2622.84,,,,
2024-11-26T17:00:00+02:00,2622.83,2632.875,2620.37,2629.555,,,,
2024-11-26T18:00:00+02:00,2629.6,2631.56,2626.48,2628.7,,,,
2024-11-26T19:00:00+02:00,2628.715,2628.725,2625.005,2625.005,,,,
2024-11-26T20:00:00+02:00,2624.99,2624.99,2619.655,2623.52,,,,
2024-11-26T21:00:00+02:00,2623.565,2629.085,2622.705,2628.145,,,,
2024-11-26T22:00:00+02:00,2628.08,2632.89,2627.585,2631.745,,,,
2024-11-26T23:00:00+02:00,2631.74,2633.6,2630.835,2632.955,,,,
2024-11-27T01:00:00+02:00,2631.21,2634.21,2631.045,2632.35,,,,
2024-11-27T02:00:00+02:00,2632.355,2633.175,2627.28,2627.795,,,,
2024-11-27T03:00:00+02:00,2627.845,2632.81,2627.125,2631.44,,,,
2024-11-27T04:00:00+02:00,2631.4,2640.58,2631.185,2637.625,,,,
2024-11-27T05:00:00+02:00,2637.64,2639.5,2635.985,2637.87,,,,
2024-11-27T06:00:00+02:00,2637.855,2640.695,2636.75,2639.1,,,,
2024-11-27T07:00:00+02:00,2639.105,2645.81,2638.25,2642.09,,,,
2024-11-27T08:00:00+02:00,2642.15,2648.06,2639.075,2647.845,,,,
2024-11-27T09:00:00+02:00,2647.85,2648.53,2646.01,2646.68,,,,
2024-11-27T10:00:00+02:00,2646.57,2653.705,2645.29,2653.495,,,,
2024-11-27T11:00:00+02:00,2653.505,2653.975,2647.955,2648.485,,,,
2024-11-27T12:00:00+02:00,2648.47,2650.03,2647.77,2648.635,,,,
2024-11-27T13:00:00+02:00,2648.65,2652.39,2643.075,2651.17,,,,
2024-11-27T14:00:00+02:00,2651.18,2655.115,2649.56,2651.315,,,,
2024-11-27T15:00:00+02:00,2651.34,2658.275,2645.88,2656.355,2658.275,,,
2024-11-27T16:00:00+02:00,2656.345,2656.935,2649.185,2651.45,,,,
2024-11-27T17:00:00+02:00,2651.26,2651.67,2635.55,2642.775,,,,
2024-11-27T18:00:00+02:00,2642.76,2644.39,2638.135,2639.075,,,,
2024-11-27T19:00:00+02:00,2639.1,2642.845,2635.345,2637.325,,,,
2024-11-27T20:00:00+02:00,2637.31,2640.84,2636.625,2638.975,,,,
2024-11-27T21:00:00+02:00,2638.99,2639.43,2633.78,2634.845,,,,
2024-11-27T22:00:00+02:00,2634.83,2639.085,2634.295,2637.045,,,,
2024-11-27T23:00:00+02:00,2637.065,2637.56,2634.87,2636.09,,,,
2024-11-28T01:00:00+02:00,2637.98,2637.98,2636.31,2637.14,,,,
2024-11-28T02:00:00+02:00,2637.18,2638.53,2635.2,2635.8,,,,
2024-11-28T03:00:00+02:00,2635.81,2636.38,2620.99,2628.89,,,2620.99,
2024-11-28T04:00:00+02:00,2628.905,2630.255,2625.695,2628.3,,,,
2024-11-28T05:00:00+02:00,2628.305,2632.205,2625.77,2630.33,,,,
2024-11-28T06:00:00+02:00,2630.345,2634.08,2629.425,2631.345,,,,
2024-11-28T07:00:00+02:00,2631.335,2634.11,2630.215,2633.485,,,,
2024-11-28T08:00:00+02:00,2633.515,2639.72,2631.92,2636.97,,,,
2024-11-28T09:00:00+02:00,2636.97,2639.38,2634.625,2637.355,,,,
2024-11-28T10:00:00+02:00,2637.39,2646.42,2635.8,2644.18,,,,
2024-11-28T11:00:00+02:00,2644.16,2648.03,2642.835,2646.245,,,,
2024-11-28T12:00:00+02:00,2646.22,2649.735,2644.9,2647.55,,2649.735,,
2024-11-28T13:00:00+02:00,2647.555,2649.53,2644.94,2646.945,,,,
2024-11-28T14:00:00+02:00,2646.965,2647.26,2643.975,2646.135,,,,
2024-11-28T15:00:00+02:00,2646.14,2647.855,2642.85,2647.09,,,,
2024-11-28T16:00:00+02:00,2647.11,2647.985,2640.9,2641.34,,,,
2024-11-28T17:00:00+02:00,2641.345,2643.165,2636.36,2638.245,,,2636.36,
2024-11-28T18:00:00+02:00,2638.24,2642.45,2637.63,2642.13,,,,
2024-11-28T19:00:00+02:00,2642.145,2642.415,2639.695,2641.02,,,,
2024-11-28T20:00:00+02:00,2640.99,2641.48,2639.615,2639.98,,,,
2024-11-28T21:00:00+02:00,2640.125,2640.125,2637.44,2637.6,,,,
2024-11-29T01:00:00+02:00,2639.285,2639.295,2637.265,2638.845,,,,
2024-11-29T02:00:00+02:00,2638.85,2639.245,2635.715,2636.11,,,,
2024-11-29T03:00:00+02:00,2636.105,2647.26,2634.09,2644.95,,,,2634.09
2024-11-29T04:00:00+02:00,2644.955,2662.785,2644.78,2657.525,,,,
2024-11-29T05:00:00+02:00,2657.495,2660.685,2654.87,2660.07,,,,
2024-11-29T06:00:00+02:00,2660.075,2664.32,2658.445,2659.975,,,,
2024-11-29T07:00:00+02:00,2659.95,2664.115,2659.47,2662.465,,,,
2024-11-29T08:00:00+02:00,2662.42,2666.35,2661.78,2665.315,2666.35,,,
2024-11-29T09:00:00+02:00,2665.31,2665.62,2659.15,2660.655,,,,
2024-11-29T10:00:00+02:00,2660.65,2662.65,2654.59,2657.34,,,2654.59,
2024-11-29T11:00:00+02:00,2657.295,2664.805,2655.89,2664.2,,,,
2024-11-29T12:00:00+02:00,2664.2,2665.93,2661.375,2662.875,,,,
2024-11-29T13:00:00+02:00,2662.875,2664.37,2659.535,2659.68,,,,
2024-11-29T14:00:00+02:00,2659.665,2665.02,2659.035,2660.04,,,,
2024-11-29T15:00:00+02:00,2660.09,2663.355,2656.205,2658.025,,,,
2024-11-29T16:00:00+02:00,2658.04,2662.78,2651.985,2653.54,,,,
2024-11-29T17:00:00+02:00,2653.51,2658.985,2650.63,2658.985,,,,
2024-11-29T18:00:00+02:00,2659.005,2662.325,2658.065,2662.25,,,,
2024-11-29T19:00:00+02:00,2662.21,2662.325,2657.55,2660.69,,,,
2024-11-29T20:00:00+02:00,2660.73,2660.835,2651.83,2652.78,,,,
2024-11-29T21:00:00+02:00,2652.69,2653.15,2648.735,2650.35,,,,
2024-12-02T01:00:00+02:00,2648.94,2650.36,2643.11,2645.98,,,,
2024-12-02T02:00:00+02:00,2645.985,2647.755,2630.045,2637.525,,,,
2024-12-02T03:00:00+02:00,2637.495,2639.2,2622.99,2635.96,,,,
2024-12-02T04:00:00+02:00,2635.95,2638.115,2625.635,2626.805,,,,
2024-12-02T05:00:00+02:00,2626.8,2631.125,2624.175,2629.395,,,,
2024-12-02T06:00:00+02:00,2629.39,2630.63,2626.245,2628.63,,,,
2024-12-02T07:00:00+02:00,2628.625,2628.815,2621.98,2623.255,,,,2621.98
2024-12-02T08:00:00+02:00,2623.23,2627.8,2621.99,2626.035,,,,
2024-12-02T09:00:00+02:00,2626.03,2633.65,2625.37,2629.945,,,,
2024-12-02T10:00:00+02:00,2629.755,2632.87,2626.635,2629.595,,,,
2024-12-02T11:00:00+02:00,2629.585,2636.9,2628.66,2633.705,,,,
2024-12-02T12:00:00+02:00,2633.69,2637.795,2633.395,2635.945,,,,
2024-12-02T13:00:00+02:00,2635.92,2646.32,2635.81,2641.89,,,,
2024-12-02T14:00:00+02:00,2641.875,2645.235,2639.18,2641.07,,,,
2024-12-02T15:00:00+02:00,2641.065,2648.865,2637.085,2647.1,,,,
2024-12-02T16:00:00+02:00,2647.055,2651.905,2642.54,2645.795,,2651.905,,
2024-12-02T17:00:00+02:00,2645.455,2649.395,2640.305,2642.35,,,,
2024-12-02T18:00:00+02:00,2642.365,2644.43,2638.64,2641.43,,,,
2024-12-02T19:00:00+02:00,2641.435,2642.075,2637.44,2638.885,,,,
2024-12-02T20:00:00+02:00,2638.9,2638.975,2633.595,2637.085,,,2633.595,
2024-12-02T21:00:00+02:00,2637.115,2640.33,2636.62,2637.68,,,,
2024-12-02T22:00:00+02:00,2637.665,2644.29,2635.345,2637.155,,,,
2024-12-02T23:00:00+02:00,2637.125,2639.195,2636.59,2638.955,,,,
2024-12-03T01:00:00+02:00,2638.96,2643.035,2638.79,2642.3,,,,
2024-12-03T02:00:00+02:00,2642.29,2644.4,2640.61,2641.185,,,,
2024-12-03T03:00:00+02:00,2641.195,2645.32,2634.165,2636.61,,,2634.165,
2024-12-03T04:00:00+02:00,2636.615,2639.15,2634.54,2637.095,,,,
2024-12-03T05:00:00+02:00,2637.06,2640.7,2636.315,2640.56,,,,
2024-12-03T06:00:00+02:00,2640.545,2643.045,2638.43,2639.93,,,,
2024-12-03T07:00:00+02:00,2639.915,2642.05,2637.22,2641.28,,,,
2024-12-03T08:00:00+02:00,2641.335,2650.165,2641.315,2646.925,,2650.165,,
2024-12-03T09:00:00+02:00,2646.93,2647.78,2644.52,2644.74,,,,
2024-12-03T10:00:00+02:00,2644.69,2645.485,2639.305,2645.13,,,,
2024-12-03T11:00:00+02:00,2645.165,2648.125,2644.005,2644.035,,,,
2024-12-03T12:00:00+02:00,2644.045,2645.64,2642.595,2642.86,,,,
2024-12-03T13:00:00+02:00,2642.865,2645.69,2642.77,2643.7,,,,
2024-12-03T14:00:00+02:00,2643.695,2644.26,2638.3,2639.89,,,,
2024-12-03T15:00:00+02:00,2639.95,2653.83,2637.79,2652.965,,,,
2024-12-03T16:00:00+02:00,2652.97,2655.665,2645.775,2646.745,2655.665,,,
2024-12-03T17:00:00+02:00,2646.7,2647.25,2635.23,2640.495,,,2635.23,
2024-12-03T18:00:00+02:00,2640.5,2648.755,2638.99,2648.43,,,,
2024-12-03T19:00:00+02:00,2648.475,2648.88,2643.475,2647.11,,,,
2024-12-03T20:00:00+02:00,2647.07,2649.225,2643.21,2645.815,,,,
2024-12-03T21:00:00+02:00,2645.825,2646.345,2640.265,2640.985,,,,
2024-12-03T22:00:00+02:00,2641,2644.255,2640.76,2642.18,,,,
2024-12-03T23:00:00+02:00,2642.185,2644.095,2641.99,2643.885,,,,
2024-12-04T01:00:00+02:00,2642.66,2643.21,2641.185,2642.86,,,,
2024-12-04T02:00:00+02:00,2642.855,2643.625,2639.705,2640.585,,,,
2024-12-04T03:00:00+02:00,2640.555,2643.345,2637.75,2642.285,,,2637.75,
2024-12-04T04:00:00+02:00,2642.205,2648.175,2641.995,2645.945,,,,
2024-12-04T05:00:00+02:00,2645.96,2647.975,2643.245,2644.55,,,,
2024-12-04T06:00:00+02:00,2644.545,2648.7,2643.865,2648.495,,,,
2024-12-04T07:00:00+02:00,2648.495,2651.26,2647.62,2649.8,,,,
2024-12-04T08:00:00+02:00,2649.82,2651.45,2647.45,2649.325,,2651.45,,
2024-12-04T09:00:00+02:00,2649.32,2649.425,2640.415,2641.515,,,,
2024-12-04T10:00:00+02:00,2641.45,2642.285,2636.735,2641.385,,,,
2024-12-04T11:00:00+02:00,2641.405,2642.835,2638.715,2640.975,,,,
2024-12-04T12:00:00+02:00,2640.995,2644.615,2640.275,2644.52,,,,
2024-12-04T13:00:00+02:00,2644.495,2647.775,2643.495,2646.24,,,,
2024-12-04T14:00:00+02:00,2646.23,2646.62,2636.265,2637.14,,,,
2024-12-04T15:00:00+02:00,2637.085,2649.24,2632.465,2648.52,,,,2632.465
2024-12-04T16:00:00+02:00,2648.51,2653.485,2645.15,2649.3,,,,
2024-12-04T17:00:00+02:00,2650.07,2657.235,2648.875,2655.09,2657.235,,,
2024-12-04T18:00:00+02:00,2655.1,2655.715,2647.07,2649.805,,,,
2024-12-04T19:00:00+02:00,2649.795,2653.085,2648.56,2651.51,,,,
2024-12-04T20:00:00+02:00,2651.54,2653.07,2648.905,2649.07,,,,
2024-12-04T21:00:00+02:00,2649.045,2655.565,2646.875,2651.77,,,,
2024-12-04T22:00:00+02:00,2651.735,2651.97,2648.075,2650.11,,,,
2024-12-04T23:00:00+02:00,2650.125,2651.225,2648.905,2650.22,,,,
2024-12-05T01:00:00+02:00,2649.36,2651.625,2648.97,2650.435,,,,
2024-12-05T02:00:00+02:00,2650.44,2650.48,2647.775,2648.44,,,,
2024-12-05T03:00:00+02:00,2648.45,2650.795,2646.335,2647.095,,,,
2024-12-05T04:00:00+02:00,2647.045,2649.74,2645.32,2646.61,,,,
2024-12-05T05:00:00+02:00,2646.585,2649.3,2644.735,2648.925,,,,
2024-12-05T06:00:00+02:00,2648.88,2649.665,2645.805,2646.365,,,,
2024-12-05T07:00:00+02:00,2646.35,2655.635,2645.61,2653.14,,2655.635,,
2024-12-05T08:00:00+02:00,2653.075,2654.12,2646.685,2646.98,,,,
2024-12-05T09:00:00+02:00,2646.965,2650.945,2645.45,2648.795,,,,
2024-12-05T10:00:00+02:00,2648.8,2650.275,2642.085,2643.275,,,,
2024-12-05T11:00:00+02:00,2643.265,2646.235,2641.945,2644.905,,,,
2024-12-05T12:00:00+02:00,2644.895,2650.415,2644.8,2648.9,,,,
2024-12-05T13:00:00+02:00,2648.895,2652.72,2648.195,2651.46,,,,
2024-12-05T14:00:00+02:00,2651.445,2653.465,2647.62,2653.36,,,,
2024-12-05T15:00:00+02:00,2653.37,2654.555,2644.335,2648.98,,2654.555,,
2024-12-05T16:00:00+02:00,2648.985,2650.315,2639.645,2640.42,,,,
2024-12-05T17:00:00+02:00,2640.445,2642.095,2631.91,2640.305,,,,
2024-12-05T18:00:00+02:00,2640.31,2643.46,2632.975,2635.16,,,,
2024-12-05T19:00:00+02:00,2635.19,2635.935,2623.755,2628.065,,,,
2024-12-05T20:00:00+02:00,2628.1,2629.73,2623.615,2629.655,,,,2623.615
2024-12-05T21:00:00+02:00,2629.67,2631.755,2628.64,2629.885,,,,
2024-12-05T22:00:00+02:00,2629.88,2631.76,2628.055,2631.41,,,,
2024-12-05T23:00:00+02:00,2631.38,2632.535,2631.065,2631.925,,,,
2024-12-06T01:00:00+02:00,2631.985,2633.91,2631.54,2633.85,,,,
2024-12-06T02:00:00+02:00,2633.865,2633.865,2628.22,2628.495,,,,
2024-12-06T03:00:00+02:00,2628.52,2630.605,2613.11,2617.65,,,,2613.11
2024-12-06T04:00:00+02:00,2617.71,2625.62,2616.955,2625.45,,,,
2024-12-06T05:00:00+02:00,2625.445,2642.595,2625.04,2640.855,,,,
2024-12-06T06:00:00+02:00,2640.84,2644.675,2640.23,2642.295,,,,
2024-12-06T07:00:00+02:00,2642.29,2642.735,2635.405,2638.035,,,,
2024-12-06T08:00:00+02:00,2638.04,2642.32,2636.35,2639.365,,,,
2024-12-06T09:00:00+02:00,2639.38,2640.245,2636.04,2639.785,,,,
2024-12-06T10:00:00+02:00,2639.77,2645.25,2637.835,2644.255,,,,
2024-12-06T11:00:00+02:00,2644.25,2645.73,2639.82,2640.835,,2645.73,,
2024-12-06T12:00:00+02:00,2640.845,2641.025,2633.615,2634.2,,,,
2024-12-06T13:00:00+02:00,2634.185,2639.37,2632.52,2638.555,,,,
2024-12-06T14:00:00+02:00,2638.49,2641.525,2635.845,2638.63,,,,
2024-12-06T15:00:00+02:00,2638.625,2643.595,2631.32,2635.78,,,,
2024-12-06T16:00:00+02:00,2635.78,2638.99,2624.13,2635.685,,,2624.13,
2024-12-06T17:00:00+02:00,2635.69,2640.625,2632.595,2637.655,,,,
2024-12-06T18:00:00+02:00,2637.65,2641.68,2635.635,2640.515,,,,
2024-12-06T19:00:00+02:00,2640.535,2640.73,2634.285,2634.965,,,,
2024-12-06T20:00:00+02:00,2634.975,2639.055,2634.185,2637.28,,,,
2024-12-06T21:00:00+02:00,2637.325,2637.505,2633.055,2634.885,,,,
2024-12-06T22:00:00+02:00,2634.895,2636.465,2631.51,2631.92,,,,
2024-12-06T23:00:00+02:00,2631.925,2633.915,2631.13,2633.33,,,,
2024-12-09T01:00:00+02:00,2643.08,2648.77,2636.38,2640.165,,,,
2024-12-09T02:00:00+02:00,2640.14,2640.14,2627.575,2631,,,2627.575,
2024-12-09T03:00:00+02:00,2630.94,2650.615,2630.935,2646.78,2650.615,,,
2024-12-09T04:00:00+02:00,2646.765,2648.68,2641.02,2646.15,,,,
2024-12-09T05:00:00+02:00,2646.165,2646.72,2638.335,2638.885,,,,
2024-12-09T06:00:00+02:00,2638.86,2639.325,2634.72,2636.06,,,,
2024-12-09T07:00:00+02:00,2636.085,2640.525,2635.94,2638.38,,,,
2024-12-09T08:00:00+02:00,2638.375,2644.57,2638.18,2643.925,,,,
2024-12-09T09:00:00+02:00,2643.88,2651.28,2643.085,2650.605,,,,
2024-12-09T10:00:00+02:00,2650.64,2651.15,2646.135,2649.46,,,,
2024-12-09T11:00:00+02:00,2649.445,2657.53,2648.855,2655.685,,,,
2024-12-09T12:00:00+02:00,2655.695,2658.43,2653.55,2657.595,,,,
2024-12-09T13:00:00+02:00,2657.66,2660.56,2653.49,2656.29,,,,
2024-12-09T14:00:00+02:00,2656.295,2658.295,2653.385,2656.305,,,,
2024-12-09T15:00:00+02:00,2656.31,2666.32,2654.775,2665.56,,,,
2024-12-09T16:00:00+02:00,2665.595,2675.335,2662.74,2674.265,,,,
2024-12-09T17:00:00+02:00,2674.155,2676.48,2666.71,2668.41,2676.48,,,
2024-12-09T18:00:00+02:00,2668.395,2670.635,2665.7,2667.725,,,,
2024-12-09T19:00:00+02:00,2667.73,2669.49,2663.73,2664.57,,,,
2024-12-09T20:00:00+02:00,2664.615,2664.78,2661.725,2663.07,,,,
2024-12-09T21:00:00+02:00,2663.055,2663.345,2658.97,2660.305,,,,
2024-12-09T22:00:00+02:00,2660.295,2660.295,2656.805,2657.94,,,2656.805,
2024-12-09T23:00:00+02:00,2657.94,2661.05,2657.9,2660.325,,,,
2024-12-10T01:00:00+02:00,2661.1,2661.695,2659.655,2660.6,,,,
2024-12-10T02:00:00+02:00,2660.59,2665.595,2658.035,2665.105,,,,
2024-12-10T03:00:00+02:00,2665.115,2668.73,2660.65,2667.535,,,,
2024-12-10T04:00:00+02:00,2667.55,2671.535,2666.195,2669.11,,,,
2024-12-10T05:00:00+02:00,2669.095,2671.855,2665.52,2669.965,,,,
2024-12-10T06:00:00+02:00,2670.02,2673.91,2669.73,2670.395,,2673.91,,
2024-12-10T07:00:00+02:00,2670.3,2671.7,2668.315,2668.855,,,,
2024-12-10T08:00:00+02:00,2668.815,2670.955,2665.78,2670.085,,,,
2024-12-10T09:00:00+02:00,2670.08,2670.875,2663.675,2664.67,,,,
2024-12-10T10:00:00+02:00,2664.63,2665.72,2661.245,2663.3,,,2661.245,
2024-12-10T11:00:00+02:00,2663.315,2667.075,2661.715,2665.115,,,,
2024-12-10T12:00:00+02:00,2665.145,2676.865,2664.475,2675.68,,,,
2024-12-10T13:00:00+02:00,2675.69,2675.7,2669.815,2674.6,,,,
2024-12-10T14:00:00+02:00,2674.605,2679.59,2672.745,2677.825,,,,
2024-12-10T15:00:00+02:00,2677.86,2682.1,2672.36,2680.455,,,,
2024-12-10T16:00:00+02:00,2680.47,2691.86,2679.56,2688.85,,,,
2024-12-10T17:00:00+02:00,2688.82,2690.51,2684.625,2687.47,,,,
2024-12-10T18:00:00+02:00,2687.465,2692.6,2684.685,2692.385,,,,
2024-12-10T19:00:00+02:00,2692.41,2695.595,2690.56,2694.385,,,,
2024-12-10T20:00:00+02:00,2694.36,2695.245,2691.98,2692.425,,,,
2024-12-10T21:00:00+02:00,2692.43,2694.61,2691.18,2692,,,,
2024-12-10T22:00:00+02:00,2692.005,2693.195,2690.98,2691.825,,,,
2024-12-10T23:00:00+02:00,2691.785,2694.435,2691.485,2693.875,,,,
2024-12-11T01:00:00+02:00,2695.145,2698.43,2694.055,2696.14,,,,
2024-12-11T02:00:00+02:00,2696.05,2701.9,2693.565,2700.93,,,,
2024-12-11T03:00:00+02:00,2700.95,2703.78,2696.57,2700.02,,,,
2024-12-11T04:00:00+02:00,2700.01,2704.445,2698.29,2699.155,2704.445,,,
2024-12-11T05:00:00+02:00,2699.11,2702.325,2694.195,2695.6,,,,
2024-12-11T06:00:00+02:00,2695.58,2696.205,2682.07,2684.865,,,,
2024-12-11T07:00:00+02:00,2684.895,2698.785,2675.465,2687.85,,,2675.465,
2024-12-11T08:00:00+02:00,2687.805,2698.105,2687.58,2696.6,,,,
2024-12-11T09:00:00+02:00,2696.585,2696.745,2688.1,2690.29,,,,
2024-12-11T10:00:00+02:00,2690.205,2696.26,2688.765,2691.265,,,,
2024-12-11T11:00:00+02:00,2691.26,2696.045,2686.285,2695.845,,,,
2024-12-11T12:00:00+02:00,2695.87,2699.915,2692.49,2694.375,,,,
2024-12-11T13:00:00+02:00,2694.325,2697.67,2692.67,2696.58,,,,
2024-12-11T14:00:00+02:00,2696.64,2697.505,2693.87,2695.875,,,,
2024-12-11T15:00:00+02:00,2695.985,2702.505,2690.765,2701.055,,,,
2024-12-11T16:00:00+02:00,2701.07,2706.995,2696.65,2706.41,,,,
2024-12-11T17:00:00+02:00,2706.365,2716.065,2705.44,2713.235,,,,
2024-12-11T18:00:00+02:00,2713.24,2718.63,2711.12,2715.355,,,,
2024-12-11T19:00:00+02:00,2715.34,2720.09,2714.08,2718.14,,,,
2024-12-11T20:00:00+02:00,2718.05,2721.27,2714.015,2714.26,,,,
2024-12-11T21:00:00+02:00,2714.2,2719.73,2713.35,2718.135,,,,
2024-12-11T22:00:00+02:00,2718.16,2720.21,2716.125,2717.305,,,,
2024-12-11T23:00:00+02:00,2717.3,2718.882,2716.145,2718.245,,,,
2024-12-12T01:00:00+02:00,2717.81,2720.47,2717.075,2720.15,,,,
2024-12-12T02:00:00+02:00,2720.135,2724.61,2718.925,2724.32,,,,
2024-12-12T03:00:00+02:00,2724.34,2726.295,2700.81,2711.125,2726.295,,2700.81,
2024-12-12T04:00:00+02:00,2711.1,2711.63,2703.78,2705.995,,,,
2024-12-12T05:00:00+02:00,2706.075,2711.505,2705.255,2710.47,,,,
2024-12-12T06:00:00+02:00,2710.46,2715.34,2709.88,2712.715,,,,
2024-12-12T07:00:00+02:00,2712.725,2716.385,2711.595,2713.55,,,,
2024-12-12T08:00:00+02:00,2713.69,2718.585,2710.225,2718.555,,,,
2024-12-12T09:00:00+02:00,2718.56,2720.52,2715.5,2716.345,,2720.52,,
2024-12-12T10:00:00+02:00,2716.36,2719.61,2715.04,2718.1,,,,
2024-12-12T11:00:00+02:00,2718.18,2718.96,2714.23,2714.76,,,,
2024-12-12T12:00:00+02:00,2714.725,2715.78,2709.905,2711.58,,,,
2024-12-12T13:00:00+02:00,2711.65,2713.575,2707.36,2710.955,,,,
2024-12-12T14:00:00+02:00,2710.98,2712.6,2706.095,2706.915,,,,
2024-12-12T15:00:00+02:00,2706.855,2711.575,2697.435,2697.66,,,,
2024-12-12T16:00:00+02:00,2697.675,2699.695,2680.97,2686.46,,,,
2024-12-12T17:00:00+02:00,2686.52,2688.34,2675.165,2679.73,,,,2675.165
2024-12-12T18:00:00+02:00,2679.785,2683.89,2677.455,2683.59,,,,
2024-12-12T19:00:00+02:00,2683.6,2686.7,2681.555,2686.37,,,,
2024-12-12T20:00:00+02:00,2686.43,2687.175,2682.905,2684.22,,,,
2024-12-12T21:00:00+02:00,2684.21,2687,2682.58,2683.095,,,,
2024-12-12T22:00:00+02:00,2683.1,2683.63,2679.42,2679.775,,,,
2024-12-12T23:00:00+02:00,2679.775,2683.075,2679.74,2680.825,,,,
2024-12-13T01:00:00+02:00,2680.705,2681.725,2680.085,2680.795,,,,
2024-12-13T02:00:00+02:00,2680.815,2685.755,2679.055,2685.585,,,2679.055,
2024-12-13T03:00:00+02:00,2685.58,2692.865,2685.37,2690.05,,2692.865,,
2024-12-13T04:00:00+02:00,2690.025,2691.4,2684.475,2686.72,,,,
2024-12-13T05:00:00+02:00,2686.71,2691.36,2686.17,2688.21,,,,
2024-12-13T06:00:00+02:00,2688.165,2688.765,2685.65,2687.425,,,,
2024-12-13T07:00:00+02:00,2687.435,2689.525,2685.235,2688.42,,,,
2024-12-13T08:00:00+02:00,2688.405,2690.635,2683.41,2689.77,,,,
2024-12-13T09:00:00+02:00,2689.71,2690.165,2681.075,2683.235,,,,
2024-12-13T10:00:00+02:00,2683.24,2684.83,2674.42,2675.095,,,,
2024-12-13T11:00:00+02:00,2675.015,2677.04,2667.54,2669.045,,,,
2024-12-13T12:00:00+02:00,2669.05,2670.26,2665.145,2666.75,,,,
2024-12-13T13:00:00+02:00,2666.745,2669.55,2664.38,2665,,,,
2024-12-13T14:00:00+02:00,2664.99,2672.845,2663.015,2672.54,,,,
2024-12-13T15:00:00+02:00,2672.545,2673.095,2659.635,2662.27,,,,
2024-12-13T16:00:00+02:00,2662.325,2664.04,2657.41,2660.22,,,,
2024-12-13T17:00:00+02:00,2660.335,2662.795,2654.8,2660.05,,,,
2024-12-13T18:00:00+02:00,2660.005,2664.61,2658.915,2662.28,,,,
2024-12-13T19:00:00+02:00,2662.305,2662.43,2655.6,2656.365,,,,
2024-12-13T20:00:00+02:00,2656.365,2657.11,2652.27,2654.3,,,,
2024-12-13T21:00:00+02:00,2654.35,2655.335,2652.32,2653.055,,,,
2024-12-13T22:00:00+02:00,2653.06,2653.55,2646.57,2647.945,,,,
2024-12-13T23:00:00+02:00,2647.92,2650.06,2646.22,2648.68,,,,
2024-12-16T01:00:00+02:00,2648.86,2653.12,2648.8,2651.565,,,,
2024-12-16T02:00:00+02:00,2651.5,2651.815,2643.595,2647.22,,,,2643.595
2024-12-16T03:00:00+02:00,2647.28,2655.74,2646.81,2653.545,,,,
2024-12-16T04:00:00+02:00,2653.525,2654.83,2650.59,2652.035,,,,
2024-12-16T05:00:00+02:00,2652.045,2655.77,2651.865,2653.91,,,,
2024-12-16T06:00:00+02:00,2653.915,2654.605,2652.095,2652.89,,,,
2024-12-16T07:00:00+02:00,2652.825,2653.59,2649.645,2652.94,,,,
2024-12-16T08:00:00+02:00,2652.915,2654.88,2652.155,2653.77,,,,
2024-12-16T09:00:00+02:00,2653.76,2655.95,2651.765,2653.865,,,,
2024-12-16T10:00:00+02:00,2653.905,2662.12,2652.37,2658.055,,,,
2024-12-16T11:00:00+02:00,2658.005,2660.17,2655.855,2658.19,,,,
2024-12-16T12:00:00+02:00,2658.185,2661.185,2658.08,2658.85,,,,
2024-12-16T13:00:00+02:00,2658.825,2664.195,2657.775,2663.58,,,,
2024-12-16T14:00:00+02:00,2663.55,2664.475,2657.505,2660.08,,2664.475,,
2024-12-16T15:00:00+02:00,2659.97,2664.315,2658.9,2662.215,,,,
2024-12-16T16:00:00+02:00,2662.205,2663.11,2654.275,2654.845,,,,
2024-12-16T17:00:00+02:00,2654.845,2656.955,2650.875,2654.5,,,,
2024-12-16T18:00:00+02:00,2654.51,2655.86,2648.63,2652.27,,,2648.63,
2024-12-16T19:00:00+02:00,2652.255,2655.435,2651.86,2652.15,,,,
2024-12-16T20:00:00+02:00,2652.135,2655.655,2651.415,2655.345,,,,
2024-12-16T21:00:00+02:00,2655.38,2655.775,2652.16,2653.34,,,,
2024-12-16T22:00:00+02:00,2653.335,2653.63,2651.95,2652.745,,,,
2024-12-16T23:00:00+02:00,2652.825,2653.13,2651.495,2652.75,,,,
2024-12-17T01:00:00+02:00,2652.26,2653.005,2651.665,2651.715,,,,
2024-12-17T02:00:00+02:00,2651.71,2655.53,2651.235,2655.335,,,,
2024-12-17T03:00:00+02:00,2655.365,2658.74,2654.33,2658.21,,2658.74,,
2024-12-17T04:00:00+02:00,2658.205,2658.735,2654,2654.995,,,,
2024-12-17T05:00:00+02:00,2654.98,2656.23,2651.375,2653.67,,,,
2024-12-17T06:00:00+02:00,2653.62,2655.42,2651.035,2651.845,,,,
2024-12-17T07:00:00+02:00,2651.84,2654.765,2649.185,2653.805,,,,
2024-12-17T08:00:00+02:00,2653.835,2654.655,2646.555,2649.01,,,,
2024-12-17T09:00:00+02:00,2649.06,2657.105,2648.36,2653.81,,,,
2024-12-17T10:00:00+02:00,2653.8,2653.8,2641.64,2644.21,,,,
2024-12-17T11:00:00+02:00,2644.175,2646.08,2638.145,2639.74,,,,
2024-12-17T12:00:00+02:00,2639.725,2643.35,2638.185,2638.24,,,,
2024-12-17T13:00:00+02:00,2638.235,2642.52,2636.285,2642.26,,,,
2024-12-17T14:00:00+02:00,2642.245,2645.61,2640.78,2642.92,,,,
2024-12-17T15:00:00+02:00,2642.94,2646.97,2634.85,2637.12,,,,
2024-12-17T16:00:00+02:00,2637.15,2642.095,2633.16,2636.775,,,,2633.16
2024-12-17T17:00:00+02:00,2636.815,2643.005,2636.1,2640.255,,,,
2024-12-17T18:00:00+02:00,2640.27,2641.505,2636.815,2638.975,,,,
2024-12-17T19:00:00+02:00,2638.94,2647.095,2637.985,2646.075,,,,
2024-12-17T20:00:00+02:00,2646.08,2649.085,2645.06,2647.365,,,,
2024-12-17T21:00:00+02:00,2647.485,2648.245,2645.205,2645.435,,,,
2024-12-17T22:00:00+02:00,2645.39,2647.05,2643.075,2643.62,,,,
2024-12-17T23:00:00+02:00,2643.605,2646.76,2643.585,2646.6,,,,
2024-12-18T01:00:00+02:00,2646.88,2647.745,2644.91,2647.555,,,,
2024-12-18T02:00:00+02:00,2647.54,2650.545,2646.605,2650.155,,,,
2024-12-18T03:00:00+02:00,2650.11,2651.785,2648.08,2651.01,,2651.785,,
2024-12-18T04:00:00+02:00,2651.04,2651.135,2647.045,2647.495,,,,
2024-12-18T05:00:00+02:00,2647.47,2648.865,2645.335,2645.845,,,,
2024-12-18T06:00:00+02:00,2645.795,2645.99,2642.815,2645.185,,,,
2024-12-18T07:00:00+02:00,2645.185,2649.57,2643.985,2647.54,,,,
2024-12-18T08:00:00+02:00,2647.55,2648.025,2644.66,2646.76,,,,
2024-12-18T09:00:00+02:00,2646.77,2647.46,2643.4,2644.705,,,,
2024-12-18T10:00:00+02:00,2644.68,2649.705,2642.17,2647.97,,2649.705,,
2024-12-18T11:00:00+02:00,2647.975,2649.29,2645.58,2646.91,,,,
2024-12-18T12:00:00+02:00,2646.9,2649.49,2646.28,2648.54,,,,
2024-12-18T13:00:00+02:00,2648.535,2649.53,2645.945,2646.235,,,,
2024-12-18T14:00:00+02:00,2646.23,2647.795,2643.54,2644.095,,,,
2024-12-18T15:00:00+02:00,2644.12,2647.615,2641.23,2644.03,,,,
2024-12-18T16:00:00+02:00,2644.05,2644.965,2637.065,2638.07,,,,
2024-12-18T17:00:00+02:00,2638.035,2638.48,2633.84,2638.275,,,,
2024-12-18T18:00:00+02:00,2638.25,2639.58,2633.16,2634.845,,,,
2024-12-18T19:00:00+02:00,2634.855,2640.065,2634.725,2636.065,,,,
2024-12-18T20:00:00+02:00,2636.07,2639,2635.35,2636.67,,,,
2024-12-18T21:00:00+02:00,2636.675,2636.675,2604.06,2604.61,,,,
2024-12-18T22:00:00+02:00,2604.55,2609.4,2587.325,2592.565,,,,
2024-12-18T23:00:00+02:00,2592.685,2595.515,2583.915,2585.61,,,,2583.915
2024-12-19T01:00:00+02:00,2587.54,2592.365,2586.46,2588.165,,,,
2024-12-19T02:00:00+02:00,2588.285,2597.32,2588.005,2595.285,,,,
2024-12-19T03:00:00+02:00,2595.36,2618.155,2593.425,2612.015,,,,
2024-12-19T04:00:00+02:00,2611.92,2613.945,2606.355,2612.15,,,,
2024-12-19T05:00:00+02:00,2612.12,2613.4,2607.715,2610.515,,,,
2024-12-19T06:00:00+02:00,2610.555,2611.635,2607.05,2609.29,,,,
2024-12-19T07:00:00+02:00,2609.285,2610.63,2606.6,2607.315,,,,
2024-12-19T08:00:00+02:00,2607.28,2614.28,2603.385,2613.015,,,,
2024-12-19T09:00:00+02:00,2613.05,2622.64,2611.92,2616.65,,,,
2024-12-19T10:00:00+02:00,2616.66,2619.315,2613.325,2618.59,,,,
2024-12-19T11:00:00+02:00,2618.585,2622.915,2618.585,2620.495,,,,
2024-12-19T12:00:00+02:00,2620.48,2626.44,2617.455,2619.645,,2626.44,,
2024-12-19T13:00:00+02:00,2619.635,2621.96,2616.25,2616.835,,,,
2024-12-19T14:00:00+02:00,2616.77,2616.79,2604.45,2606.31,,,,
2024-12-19T15:00:00+02:00,2606.375,2606.38,2595.395,2596.435,,,,
2024-12-19T16:00:00+02:00,2596.43,2600.88,2591.965,2592.665,,,,
2024-12-19T17:00:00+02:00,2592.535,2595.99,2587.065,2588.45,,,2587.065,
2024-12-19T18:00:00+02:00,2588.395,2596.68,2587.285,2591.74,,,,
2024-12-19T19:00:00+02:00,2591.725,2594.3,2590.79,2592.745,,,,
2024-12-19T20:00:00+02:00,2592.75,2599.985,2591.91,2599.815,,,,
2024-12-19T21:00:00+02:00,2599.77,2601.135,2596.79,2596.865,,,,
2024-12-19T22:00:00+02:00,2596.88,2600.4,2596.57,2596.82,,,,
2024-12-19T23:00:00+02:00,2596.795,2597.11,2593.295,2594.55,,,,
2024-12-20T01:00:00+02:00,2594.18,2595.91,2592.445,2593.66,,,,
2024-12-20T02:00:00+02:00,2593.655,2595.42,2590.545,2590.9,,,,
2024-12-20T03:00:00+02:00,2590.885,2603.945,2589.665,2603.85,,,2589.665,
2024-12-20T04:00:00+02:00,2603.825,2604.075,2595.555,2597.2,,,,
2024-12-20T05:00:00+02:00,2597.175,2599.145,2595.855,2598.595,,,,
2024-12-20T06:00:00+02:00,2598.6,2601.04,2597.48,2598.105,,,,
2024-12-20T07:00:00+02:00,2598.1,2601.405,2596.6,2600.445,,,,
2024-12-20T08:00:00+02:00,2600.435,2605.475,2599.085,2604.885,,,,
2024-12-20T09:00:00+02:00,2604.855,2607.63,2602.465,2606.36,,,,
2024-12-20T10:00:00+02:00,2606.38,2607.805,2604.405,2605.57,,,,
2024-12-20T11:00:00+02:00,2605.55,2606.71,2603.155,2605.095,,,,
2024-12-20T12:00:00+02:00,2605.1,2607.015,2604.075,2604.275,,,,
2024-12-20T13:00:00+02:00,2604.29,2604.86,2600.215,2603.775,,,,
2024-12-20T14:00:00+02:00,2603.725,2606.285,2602.3,2603.655,,,,
2024-12-20T15:00:00+02:00,2603.75,2614.19,2600.425,2609.635,,,,
2024-12-20T16:00:00+02:00,2609.63,2618.425,2608.605,2616.945,,,,
2024-12-20T17:00:00+02:00,2617.05,2631.285,2616.435,2630.445,,,,
2024-12-20T18:00:00+02:00,2630.49,2631.92,2622.475,2625.17,2631.92,,,
2024-12-20T19:00:00+02:00,2625.185,2627.565,2622.285,2625.725,,,,
2024-12-20T20:00:00+02:00,2625.73,2627.42,2623.49,2626.22,,,,
2024-12-20T21:00:00+02:00,2626.21,2629.385,2625.125,2627.955,,,,
2024-12-20T22:00:00+02:00,2627.89,2628.145,2622.3,2622.8,,,,
2024-12-20T23:00:00+02:00,2622.815,2624.17,2619.38,2623.61,,,,
2024-12-23T01:00:00+02:00,2622.21,2624.805,2621.805,2624.405,,,,
2024-12-23T02:00:00+02:00,2624.475,2625.28,2617.515,2621.77,,,2617.515,
2024-12-23T03:00:00+02:00,2621.7,2624.2,2618.545,2620.95,,,,
2024-12-23T04:00:00+02:00,2620.905,2627.55,2620.67,2625.895,,,,
2024-12-23T05:00:00+02:00,2625.89,2627.04,2622.45,2624.135,,,,
2024-12-23T06:00:00+02:00,2624.14,2626.435,2623.98,2625.595,,,,
2024-12-23T07:00:00+02:00,2625.65,2629.35,2625.1,2626.83,,,,
2024-12-23T08:00:00+02:00,2626.825,2632.99,2624.675,2631.66,,,,
2024-12-23T09:00:00+02:00,2631.655,2633.39,2629.565,2630.345,2633.39,,,
2024-12-23T10:00:00+02:00,2630.36,2632.145,2626.09,2630.015,,,,
2024-12-23T11:00:00+02:00,2630,2630.83,2626.09,2626.44,,,,
2024-12-23T12:00:00+02:00,2626.43,2627.005,2619.105,2619.56,,,,
2024-12-23T13:00:00+02:00,2619.48,2620.155,2613.12,2616.295,,,,
2024-12-23T14:00:00+02:00,2616.305,2618.78,2614.135,2615.17,,,,
2024-12-23T15:00:00+02:00,2615.16,2619.94,2614.04,2617.435,,,,
2024-12-23T16:00:00+02:00,2617.445,2619.995,2613.81,2615.76,,,,
2024-12-23T17:00:00+02:00,2615.66,2616.75,2609.385,2609.925,,,,
2024-12-23T18:00:00+02:00,2609.93,2616.315,2608.26,2616.13,,,,2608.26
2024-12-23T19:00:00+02:00,2616.125,2616.81,2610.85,2611.245,,,,
2024-12-23T20:00:00+02:00,2611.135,2612.86,2610.035,2610.545,,,,
2024-12-23T21:00:00+02:00,2610.525,2612.665,2609.765,2611.22,,,,
2024-12-23T22:00:00+02:00,2611.28,2612.715,2609.17,2611.035,,,,
2024-12-23T23:00:00+02:00,2611.2,2613.885,2610.34,2612.755,,,,
2024-12-24T01:00:00+02:00,2614.795,2617.08,2614.025,2615.65,,,,
2024-12-24T02:00:00+02:00,2615.665,2617.515,2613.63,2616.795,,,,
2024-12-24T03:00:00+02:00,2616.79,2618.08,2614.6,2617.6,,,,
2024-12-24T04:00:00+02:00,2617.57,2620.045,2616.785,2617,,,,
2024-12-24T05:00:00+02:00,2616.97,2618.76,2615.84,2618.76,,,,
2024-12-24T06:00:00+02:00,2618.82,2620.545,2618.355,2620.265,,,,
2024-12-24T07:00:00+02:00,2620.28,2621.535,2618.42,2619.405,,2621.535,,
2024-12-24T08:00:00+02:00,2619.395,2619.93,2616.55,2619.1,,,,
2024-12-24T09:00:00+02:00,2619.055,2621.495,2617.985,2618.438,,,,
2024-12-24T10:00:00+02:00,2618.5,2619.815,2616.76,2617.34,,,,
2024-12-24T11:00:00+02:00,2617.35,2618.52,2613.47,2613.64,,,,
2024-12-24T12:00:00+02:00,2613.615,2618.025,2613.19,2615.57,,,,
2024-12-24T13:00:00+02:00,2615.565,2616.285,2612.555,2615.2,,,,
2024-12-24T14:00:00+02:00,2615.235,2616.345,2612.72,2613.875,,,,
2024-12-24T15:00:00+02:00,2613.835,2614.815,2611.395,2614.285,,,,
2024-12-24T16:00:00+02:00,2614.3,2617.28,2610.28,2611.095,,,,
2024-12-24T17:00:00+02:00,2611.085,2613.6,2610.105,2611.82,,,2610.105,
2024-12-24T18:00:00+02:00,2611.785,2617.955,2611.66,2616.025,,,,
2024-12-24T19:00:00+02:00,2615.995,2619.49,2615.35,2617.055,,,,
2024-12-24T20:00:00+02:00,2617.08,2617.985,2614.99,2616.875,,,,
2024-12-26T01:00:00+02:00,2615.31,2620.29,2615.145,2618.75,,,,
2024-12-26T02:00:00+02:00,2618.8,2623.025,2618.75,2621.56,,,,
2024-12-26T03:00:00+02:00,2621.525,2627.91,2620.96,2626.77,,,,
2024-12-26T04:00:00+02:00,2626.775,2627.935,2625.945,2627.705,,,,
2024-12-26T05:00:00+02:00,2627.725,2629.125,2625.845,2627.06,,,,
2024-12-26T06:00:00+02:00,2627.055,2629.27,2626.345,2627.47,,,,
2024-12-26T07:00:00+02:00,2627.485,2628.335,2626.14,2626.5,,,,
2024-12-26T08:00:00+02:00,2626.475,2627.44,2624.675,2626.21,,,,
2024-12-26T09:00:00+02:00,2626.255,2629.605,2623.665,2625.555,,,2623.665,
2024-12-26T10:00:00+02:00,2625.62,2629.18,2625.135,2627.675,,,,
2024-12-26T11:00:00+02:00,2627.665,2628.34,2625.945,2627.48,,,,
2024-12-26T12:00:00+02:00,2627.495,2629.43,2626.765,2628.74,,,,
2024-12-26T13:00:00+02:00,2628.745,2630.075,2627.83,2627.865,,,,
2024-12-26T14:00:00+02:00,2627.9,2628.54,2624.675,2626.76,,,,
2024-12-26T15:00:00+02:00,2626.745,2631.165,2621.855,2623.23,,,,2621.855
2024-12-26T16:00:00+02:00,2623.21,2630.29,2622.635,2630.085,,,,
2024-12-26T17:00:00+02:00,2630.04,2639.175,2629.15,2636.535,2639.175,,,
2024-12-26T18:00:00+02:00,2636.615,2636.835,2631.575,2632.185,,,,
2024-12-26T19:00:00+02:00,2632.21,2632.285,2628.085,2629.445,,,,
2024-12-26T20:00:00+02:00,2629.435,2636.065,2629.33,2634.86,,,,
2024-12-26T21:00:00+02:00,2634.795,2636.005,2632.8,2635.045,,,,
2024-12-26T22:00:00+02:00,2635.04,2636.265,2633.84,2634.38,,,,
2024-12-26T23:00:00+02:00,2634.385,2634.63,2633.28,2633.865,,,,
2024-12-27T01:00:00+02:00,2633.3,2634.435,2631.67,2632.78,,,,
2024-12-27T02:00:00+02:00,2632.785,2634.11,2631.46,2631.465,,,,
2024-12-27T03:00:00+02:00,2631.515,2633.93,2630.75,2632.24,,,,
2024-12-27T04:00:00+02:00,2632.265,2633.825,2628.99,2632.925,,,2628.99,
2024-12-27T05:00:00+02:00,2632.91,2635.62,2631.695,2633.875,,,,
2024-12-27T06:00:00+02:00,2633.825,2634.11,2632.135,2633.675,,,,
2024-12-27T07:00:00+02:00,2633.645,2634.35,2631.51,2631.52,,,,
2024-12-27T08:00:00+02:00,2631.51,2637.065,2631.425,2634.73,,,,
2024-12-27T09:00:00+02:00,2634.73,2638.3,2633.295,2633.715,,2638.3,,
2024-12-27T10:00:00+02:00,2633.655,2633.655,2626.17,2626.25,,,,
2024-12-27T11:00:00+02:00,2626.26,2627.765,2623.78,2624.12,,,,
2024-12-27T12:00:00+02:00,2624.115,2628.125,2623.58,2626.74,,,,
2024-12-27T13:00:00+02:00,2626.755,2628.945,2625.23,2628.74,,,,
2024-12-27T14:00:00+02:00,2628.835,2631.65,2625.695,2626.365,,,,
2024-12-27T15:00:00+02:00,2626.37,2627.325,2618.185,2618.8,,,,
2024-12-27T16:00:00+02:00,2618.785,2619.445,2611.715,2615.755,,,,2611.715
2024-12-27T17:00:00+02:00,2615.745,2619.485,2613.075,2618.205,,,,
2024-12-27T18:00:00+02:00,2618.215,2619.85,2615.375,2618.025,,,,
2024-12-27T19:00:00+02:00,2618,2618.35,2614.215,2615.945,,,,
2024-12-27T20:00:00+02:00,2615.98,2620.18,2615.41,2618.65,,,,
2024-12-27T21:00:00+02:00,2618.655,2621.485,2617.535,2620.77,,,,
2024-12-27T22:00:00+02:00,2620.705,2620.85,2612.795,2615.53,,,2612.795,
2024-12-27T23:00:00+02:00,2615.48,2622.295,2615.435,2622.035,,,,
2024-12-30T01:00:00+02:00,2622.075,2626.31,2621.915,2624.115,,,,
2024-12-30T02:00:00+02:00,2624.12,2625.455,2621.61,2622.64,,,,
2024-12-30T03:00:00+02:00,2622.545,2626.745,2622.255,2624.225,,,,
2024-12-30T04:00:00+02:00,2624.235,2625.415,2622.56,2623.965,,,,
2024-12-30T05:00:00+02:00,2623.97,2628.095,2623.195,2626.64,,2628.095,,
2024-12-30T06:00:00+02:00,2626.635,2626.635,2621.62,2622.285,,,,
2024-12-30T07:00:00+02:00,2622.28,2624.31,2620.605,2623.845,,,,
2024-12-30T08:00:00+02:00,2623.85,2624.725,2618.38,2619.175,,,,
2024-12-30T09:00:00+02:00,2619.17,2619.985,2615.86,2616.94,,,,
2024-12-30T10:00:00+02:00,2616.87,2617.57,2609.375,2612.07,,,,
2024-12-30T11:00:00+02:00,2612,2617.63,2611.38,2612.87,,,,
2024-12-30T12:00:00+02:00,2612.86,2615.35,2610.58,2610.605,,,,
2024-12-30T13:00:00+02:00,2610.54,2618.745,2609.235,2616.44,,,,
2024-12-30T14:00:00+02:00,2616.445,2622.66,2615.63,2621.78,,2622.66,,
2024-12-30T15:00:00+02:00,2621.725,2622.625,2606.515,2606.73,,,,
2024-12-30T16:00:00+02:00,2606.695,2613.865,2605.48,2611.55,,,,
2024-12-30T17:00:00+02:00,2611.635,2611.775,2599.68,2601.605,,,,
2024-12-30T18:00:00+02:00,2601.595,2602.895,2596.185,2599.915,,,,2596.185
2024-12-30T19:00:00+02:00,2599.945,2605.625,2599.945,2605.225,,,,
2024-12-30T20:00:00+02:00,2605.26,2606.785,2603.57,2606.195,,,,
2024-12-30T21:00:00+02:00,2606.26,2608.42,2603.73,2607.22,,,,
2024-12-30T22:00:00+02:00,2607.185,2609.585,2606.535,2607.775,,,,
2024-12-30T23:00:00+02:00,2607.8,2608.12,2605.685,2605.825,,,,
2024-12-31T01:00:00+02:00,2606.065,2607.435,2603.91,2606.77,,,,
2024-12-31T02:00:00+02:00,2606.745,2608.71,2605.095,2607.815,,,,
2024-12-31T03:00:00+02:00,2607.83,2611.61,2606.725,2608.91,,2611.61,,
2024-12-31T04:00:00+02:00,2608.865,2609.695,2606.935,2607.215,,,,
2024-12-31T05:00:00+02:00,2607.145,2607.615,2603.565,2604.735,,,,
2024-12-31T06:00:00+02:00,2604.72,2607.12,2604.38,2606.62,,,,
2024-12-31T07:00:00+02:00,2606.61,2608.13,2602.76,2604.49,,,2602.76,
2024-12-31T08:00:00+02:00,2604.44,2608.655,2603.64,2607.895,,,,
2024-12-31T09:00:00+02:00,2607.835,2614.135,2607.3,2613.89,,,,
2024-12-31T10:00:00+02:00,2613.905,2617.85,2612.895,2616.68,2617.85,,,
2024-12-31T11:00:00+02:00,2616.645,2616.895,2613.17,2615.35,,,,
2024-12-31T12:00:00+02:00,2615.415,2615.845,2610.965,2611.87,,,,
2024-12-31T13:00:00+02:00,2611.885,2614.265,2609.835,2611.105,,,,
2024-12-31T14:00:00+02:00,2611.08,2612.805,2609.39,2611.2,,,,
2024-12-31T15:00:00+02:00,2611.275,2616.275,2605.49,2613.295,,,2605.49,
2024-12-31T16:00:00+02:00,2613.25,2618.01,2611.33,2613.845,,,,
2024-12-31T17:00:00+02:00,2613.798,2626.71,2612.525,2625.83,,,,
2024-12-31T18:00:00+02:00,2625.84,2627.28,2622.345,2625.485,,,,
2024-12-31T19:00:00+02:00,2625.42,2627.625,2623.26,2624.315,2627.625,,,
2024-12-31T20:00:00+02:00,2624.255,2627.13,2622.645,2624.945,,,,
2024-12-31T21:00:00+02:00,2624.965,2627.305,2622.89,2623.78,,,,
2024-12-31T22:00:00+02:00,2623.785,2625.04,2622.175,2623.35,,,,
2024-12-31T23:00:00+02:00,2623.365,2625.02,2622.975,2624.26,,,,
2025-01-02T01:00:00+02:00,2625.07,2625.675,2621.775,2623.815,,,2621.775,
2025-01-02T02:00:00+02:00,2623.81,2627.96,2622.765,2625.42,,,,
2025-01-02T03:00:00+02:00,2625.415,2634.56,2623.895,2633.045,,,,
2025-01-02T04:00:00+02:00,2633.03,2636.59,2632.365,2634.775,2636.59,,,
2025-01-02T05:00:00+02:00,2634.835,2635.475,2632.315,2633.715,,,,
2025-01-02T06:00:00+02:00,2633.71,2634.29,2631.18,2634.095,,,,
2025-01-02T07:00:00+02:00,2634.075,2636.55,2633.14,2634.08,,,,
2025-01-02T08:00:00+02:00,2634.02,2635.425,2631.365,2634.27,,,,
2025-01-02T09:00:00+02:00,2634.265,2636.1,2633.065,2636.06,,,,
2025-01-02T10:00:00+02:00,2636.075,2637.815,2631.145,2636.55,,,2631.145,
2025-01-02T11:00:00+02:00,2636.535,2640,2636.085,2636.2,,,,
2025-01-02T12:00:00+02:00,2636.195,2646.38,2632.805,2642.765,,,,
2025-01-02T13:00:00+02:00,2642.77,2644.685,2640.35,2641.98,,,,
2025-01-02T14:00:00+02:00,2641.995,2646.49,2640.395,2643.435,,,,
2025-01-02T15:00:00+02:00,2643.425,2647.365,2636.155,2643.005,,,,
2025-01-02T16:00:00+02:00,2642.935,2651.11,2640.42,2647.625,,,,
2025-01-02T17:00:00+02:00,2647.58,2655.995,2645.235,2654.17,,,,
2025-01-02T18:00:00+02:00,2654.175,2660.535,2650.085,2659.355,,,,
2025-01-02T19:00:00+02:00,2659.405,2660.605,2652.595,2656.625,2660.605,,,
2025-01-02T20:00:00+02:00,2656.64,2658.91,2653.87,2655.455,,,,
2025-01-02T21:00:00+02:00,2655.44,2657.17,2653.86,2654.75,,,,
2025-01-02T22:00:00+02:00,2654.815,2660.565,2654.18,2659.84,,,,
2025-01-02T23:00:00+02:00,2659.77,2660.25,2656.61,2658.23,,,,
2025-01-03T01:00:00+02:00,2657.82,2659.655,2657.745,2658.44,,,,
2025-01-03T02:00:00+02:00,2658.485,2661.22,2658.42,2660.845,,,,
2025-01-03T03:00:00+02:00,2660.85,2662.645,2656.76,2659.575,,,,
2025-01-03T04:00:00+02:00,2659.53,2664.135,2656.305,2662.565,,,,
2025-01-03T05:00:00+02:00,2662.57,2665.405,2661.35,2662.355,2665.405,,,
2025-01-03T06:00:00+02:00,2662.33,2664.41,2661.85,2662.94,,,,
2025-01-03T07:00:00+02:00,2662.97,2662.995,2655.955,2658.685,,,,
2025-01-03T08:00:00+02:00,2658.69,2660.42,2656.785,2659.665,,,,
2025-01-03T09:00:00+02:00,2659.68,2659.68,2651.925,2654.24,,,,
2025-01-03T10:00:00+02:00,2654.2,2655.83,2649.95,2652.98,,,,
2025-01-03T11:00:00+02:00,2652.965,2656.02,2652.835,2653.68,,,,
2025-01-03T12:00:00+02:00,2653.665,2658.08,2653.16,2657.78,,,,
2025-01-03T13:00:00+02:00,2657.73,2659.345,2656.365,2657.655,,,,
2025-01-03T14:00:00+02:00,2657.645,2658.445,2654.875,2655.345,,,,
2025-01-03T15:00:00+02:00,2655.34,2656.385,2643.57,2649.875,,,,
2025-01-03T16:00:00+02:00,2649.885,2652.725,2645.225,2647.835,,,,
2025-01-03T17:00:00+02:00,2647.185,2648.35,2641.045,2643.94,,,,
2025-01-03T18:00:00+02:00,2643.93,2647.325,2639.14,2640.07,,,,
2025-01-03T19:00:00+02:00,2640.005,2642.705,2639.185,2641.915,,,,
2025-01-03T20:00:00+02:00,2641.895,2642.4,2639.805,2641.985,,,,
2025-01-03T21:00:00+02:00,2641.95,2643.04,2639.175,2639.535,,,,
2025-01-03T22:00:00+02:00,2639.495,2640.215,2637.04,2638.355,,,,
2025-01-03T23:00:00+02:00,2638.37,2640.88,2636.705,2639.725,,,2636.705,
2025-01-06T01:00:00+02:00,2639.88,2642.545,2639.745,2641.085,,,,
2025-01-06T02:00:00+02:00,2641.045,2643.385,2638.75,2643.3,,,,
2025-01-06T03:00:00+02:00,2643.28,2647.49,2640.85,2641.46,,2647.49,,
2025-01-06T04:00:00+02:00,2641.41,2645.35,2639.885,2644.6,,,,
2025-01-06T05:00:00+02:00,2644.605,2645.38,2639.285,2640.28,,,,
2025-01-06T06:00:00+02:00,2640.275,2640.85,2634.4,2635.51,,,,
2025-01-06T07:00:00+02:00,2635.515,2636.275,2631.66,2634,,,,
2025-01-06T08:00:00+02:00,2634.01,2635.38,2630.37,2631.57,,,,
2025-01-06T09:00:00+02:00,2631.545,2633.74,2625.26,2626.905,,,,2625.26
2025-01-06T10:00:00+02:00,2626.94,2632.635,2625.855,2631.585,,,,
2025-01-06T11:00:00+02:00,2631.585,2635.83,2631.265,2632.805,,,,
2025-01-06T12:00:00+02:00,2632.815,2635.085,2631.06,2633.845,,,,
2025-01-06T13:00:00+02:00,2633.84,2649.52,2632.645,2645.68,2649.52,,,
2025-01-06T14:00:00+02:00,2645.695,2648.05,2642.02,2645.535,,,,
2025-01-06T15:00:00+02:00,2645.505,2648.955,2621.775,2624.38,,,,
2025-01-06T16:00:00+02:00,2624.33,2635.085,2614.635,2631.44,,,,2614.635
2025-01-06T17:00:00+02:00,2631.48,2639.73,2629.49,2634.33,,,,
2025-01-06T18:00:00+02:00,2634.345,2641.305,2632.575,2640.815,,,,
2025-01-06T19:00:00+02:00,2640.83,2641.1,2634.295,2636.73,,,,
2025-01-06T20:00:00+02:00,2636.755,2638.69,2633.855,2634.645,,,,
2025-01-06T21:00:00+02:00,2634.62,2635.605,2632.99,2634.44,,,,
2025-01-06T22:00:00+02:00,2634.455,2635.535,2633.235,2634.625,,,,
2025-01-06T23:00:00+02:00,2634.615,2637.115,2634.615,2636.105,,,,
2025-01-07T01:00:00+02:00,2635.965,2636.235,2633.62,2634.68,,,,
2025-01-07T02:00:00+02:00,2634.7,2635.275,2633,2635.1,,,,
2025-01-07T03:00:00+02:00,2635.075,2641.23,2634.85,2639.045,,,,
2025-01-07T04:00:00+02:00,2639.035,2640.19,2637.07,2638.645,,,,
2025-01-07T05:00:00+02:00,2638.655,2640.295,2637.64,2639.65,,,,
2025-01-07T06:00:00+02:00,2639.645,2639.88,2637.38,2638.325,,,,
2025-01-07T07:00:00+02:00,2638.3,2645.785,2637.175,2644.54,,,,
2025-01-07T08:00:00+02:00,2644.485,2646.77,2639.955,2640.3,,,,
2025-01-07T09:00:00+02:00,2640.265,2642.26,2638.14,2640.65,,,,
2025-01-07T10:00:00+02:00,2640.615,2644.845,2640.145,2642.705,,,,
2025-01-07T11:00:00+02:00,2642.72,2644.21,2640.22,2641.495,,,,
2025-01-07T12:00:00+02:00,2641.48,2644.78,2641.395,2643.97,,,,
2025-01-07T13:00:00+02:00,2643.98,2648.775,2642.035,2648.495,,,,
2025-01-07T14:00:00+02:00,2648.545,2652.785,2647.47,2651.745,,,,
2025-01-07T15:00:00+02:00,2651.735,2664.33,2650.03,2662.46,2664.33,,,
2025-01-07T16:00:00+02:00,2662.465,2663.075,2655.845,2658.41,,,,
2025-01-07T17:00:00+02:00,2657.275,2657.275,2642.05,2647.78,,,,
2025-01-07T18:00:00+02:00,2647.775,2655.72,2646.47,2651.865,,,,
2025-01-07T19:00:00+02:00,2651.88,2656.135,2650.385,2652.65,,,,
2025-01-07T20:00:00+02:00,2652.625,2652.73,2647.39,2649.235,,,,
2025-01-07T21:00:00+02:00,2649.24,2650.485,2647.08,2649.42,,,,
2025-01-07T22:00:00+02:00,2649.41,2651.525,2647.23,2650.505,,,,
2025-01-07T23:00:00+02:00,2650.535,2650.535,2647.835,2648.625,,,,
2025-01-08T01:00:00+02:00,2648.655,2650.31,2648.355,2649.825,,,,
2025-01-08T02:00:00+02:00,2649.75,2651.57,2648.735,2650.65,,,,
2025-01-08T03:00:00+02:00,2650.645,2650.965,2647.21,2648.865,,,,
2025-01-08T04:00:00+02:00,2648.86,2650.385,2646,2648.915,,,,
2025-01-08T05:00:00+02:00,2648.845,2648.875,2645.7,2646.875,,,,
2025-01-08T06:00:00+02:00,2646.86,2648.79,2645.37,2647.095,,,2645.37,
2025-01-08T07:00:00+02:00,2647.1,2650.77,2646.765,2650.055,,,,
2025-01-08T08:00:00+02:00,2650.025,2653.145,2649.01,2652.265,,,,
2025-01-08T09:00:00+02:00,2652.275,2654.515,2651.67,2652.69,,,,
2025-01-08T10:00:00+02:00,2652.745,2653.835,2649.64,2652.04,,,,
2025-01-08T11:00:00+02:00,2652.055,2655.015,2651.855,2653.605,,,,
2025-01-08T12:00:00+02:00,2653.625,2655.24,2652.71,2653.175,,,,
2025-01-08T13:00:00+02:00,2653.185,2653.185,2647.68,2650.89,,,,
2025-01-08T14:00:00+02:00,2650.87,2652.505,2645.895,2652.115,,,2645.895,
2025-01-08T15:00:00+02:00,2652.12,2660.37,2651.68,2660.225,,,,
2025-01-08T16:00:00+02:00,2660.23,2667.675,2660.045,2661.545,,,,
2025-01-08T17:00:00+02:00,2661.465,2667.86,2659.415,2665.965,,,,
2025-01-08T18:00:00+02:00,2665.96,2670.15,2662.705,2669.665,2670.15,,,
2025-01-08T19:00:00+02:00,2669.7,2669.87,2649.495,2655.685,,,,
2025-01-08T20:00:00+02:00,2655.69,2659.225,2651.69,2653.365,,,,
2025-01-08T21:00:00+02:00,2653.37,2660.66,2652.635,2658.42,,,,
2025-01-08T22:00:00+02:00,2658.43,2664.115,2658.425,2663.54,,,,
2025-01-08T23:00:00+02:00,2663.53,2664.105,2661.235,2661.655,,,,
2025-01-09T01:00:00+02:00,2662.24,2663.3,2662.185,2662.65,,,,
2025-01-09T02:00:00+02:00,2662.66,2662.87,2659.595,2660.01,,,,
2025-01-09T03:00:00+02:00,2660.005,2661.52,2657.365,2658.57,,,,
2025-01-09T04:00:00+02:00,2658.56,2660.2,2656.43,2658.815,,,,
2025-01-09T05:00:00+02:00,2658.82,2662.225,2658.605,2659.465,,,,
2025-01-09T06:00:00+02:00,2659.435,2659.805,2655.635,2659.12,,,2655.635,
2025-01-09T07:00:00+02:00,2659.105,2661.07,2657.7,2658.435,,,,
2025-01-09T08:00:00+02:00,2658.44,2666.98,2658.42,2666.83,,,,
2025-01-09T09:00:00+02:00,2666.845,2666.845,2662.28,2662.405,,,,
2025-01-09T10:00:00+02:00,2662.38,2666.95,2660.5,2664.44,,,,
2025-01-09T11:00:00+02:00,2664.455,2666.65,2662.345,2665.035,,,,
2025-01-09T12:00:00+02:00,2665.04,2668.695,2664.565,2667.545,,,,
2025-01-09T13:00:00+02:00,2667.54,2673.33,2665.345,2670.285,,,,
2025-01-09T14:00:00+02:00,2670.31,2675.2,2669.61,2674.09,,,,
2025-01-09T15:00:00+02:00,2674.135,2678.405,2672.045,2672.74,2678.405,,,
2025-01-09T16:00:00+02:00,2672.745,2675.79,2667.35,2672.545,,,,
2025-01-09T17:00:00+02:00,2672.56,2675.445,2668.175,2668.435,,,,
2025-01-09T18:00:00+02:00,2668.395,2671.06,2666.38,2667.7,,,,
2025-01-09T19:00:00+02:00,2667.69,2668.71,2662.81,2665.995,,,2662.81,
2025-01-09T20:00:00+02:00,2665.96,2672.61,2665.085,2671.435,,,,
2025-01-09T21:00:00+02:00,2671.515,2671.805,2668.7,2670.26,,,,
2025-01-09T22:00:00+02:00,2670.19,2670.965,2669.35,2669.605,,,,
2025-01-09T23:00:00+02:00,2669.65,2671.5,2669.08,2670.34,,,,
2025-01-10T01:00:00+02:00,2670.45,2670.99,2668.57,2670.08,,,,
2025-01-10T02:00:00+02:00,2670.125,2671.24,2669.015,2670.54,,,,
2025-01-10T03:00:00+02:00,2670.575,2672.095,2669.305,2671.09,,,,
2025-01-10T04:00:00+02:00,2671.075,2674.795,2670.56,2673.495,,,,
2025-01-10T05:00:00+02:00,2673.48,2674.86,2672.575,2673.755,,,,
2025-01-10T06:00:00+02:00,2673.785,2674.095,2671.82,2671.86,,,,
2025-01-10T07:00:00+02:00,2671.85,2675.97,2671.65,2675.095,,,,
2025-01-10T08:00:00+02:00,2675.08,2678.565,2674.335,2678.335,,,,
2025-01-10T09:00:00+02:00,2678.33,2678.79,2673.5,2676.285,,,,
2025-01-10T10:00:00+02:00,2676.28,2680.475,2675.81,2680.165,,,,
2025-01-10T11:00:00+02:00,2680.15,2682.485,2677.72,2678.485,,,,
2025-01-10T12:00:00+02:00,2678.505,2682.73,2678.2,2681.055,,,,
2025-01-10T13:00:00+02:00,2681.05,2683.13,2680.28,2681.37,,,,
2025-01-10T14:00:00+02:00,2681.365,2681.43,2674.86,2678.45,,,,
2025-01-10T15:00:00+02:00,2678.46,2683.845,2664.075,2682.675,,,2664.075,
2025-01-10T16:00:00+02:00,2682.625,2693.395,2681,2688.31,,,,
2025-01-10T17:00:00+02:00,2687.215,2697.95,2682.6,2692.745,2697.95,,,
2025-01-10T18:00:00+02:00,2692.73,2697.195,2686.795,2696.41,,,,
2025-01-10T19:00:00+02:00,2696.455,2697.795,2692.46,2696.13,,,,
2025-01-10T20:00:00+02:00,2696.155,2697.26,2685.15,2687.43,,,,
2025-01-10T21:00:00+02:00,2687.42,2687.94,2684.615,2685.91,,,,
2025-01-10T22:00:00+02:00,2685.905,2690.99,2684.68,2690.735,,,,
2025-01-10T23:00:00+02:00,2690.675,2693.485,2688.97,2689.375,,,,
2025-01-13T01:00:00+02:00,2689.32,2691.245,2687.575,2691.21,,,,
2025-01-13T02:00:00+02:00,2691.19,2693.555,2688.225,2689.675,,,,
2025-01-13T03:00:00+02:00,2689.75,2689.935,2679.315,2685.725,,,2679.315,
2025-01-13T04:00:00+02:00,2685.745,2690.635,2685.02,2688.725,,,,
2025-01-13T05:00:00+02:00,2688.635,2688.805,2685.46,2688.055,,,,
2025-01-13T06:00:00+02:00,2688.02,2690.94,2684.45,2686.105,,,,
2025-01-13T07:00:00+02:00,2686.12,2687.03,2683.39,2686.98,,,,
2025-01-13T08:00:00+02:00,2687.005,2691.325,2687.005,2690.04,,2691.325,,
2025-01-13T09:00:00+02:00,2689.99,2690.56,2684.465,2685.27,,,,
2025-01-13T10:00:00+02:00,2685.295,2689.83,2684.105,2687.115,,,,
2025-01-13T11:00:00+02:00,2687.145,2688.525,2683.25,2684.84,,,,
2025-01-13T12:00:00+02:00,2684.795,2685.08,2677.435,2679.53,,,,
2025-01-13T13:00:00+02:00,2679.56,2680.71,2675.54,2676,,,,
2025-01-13T14:00:00+02:00,2675.975,2677.245,2664.265,2671.33,,,,
2025-01-13T15:00:00+02:00,2671.425,2672.495,2663.76,2669.3,,,,
2025-01-13T16:00:00+02:00,2669.28,2674.3,2664.185,2671.9,,,,
2025-01-13T17:00:00+02:00,2671.825,2672.96,2661.09,2661.93,,,,
2025-01-13T18:00:00+02:00,2661.88,2668.08,2660.805,2661.35,,,,
2025-01-13T19:00:00+02:00,2661.43,2664.245,2659.345,2660.915,,,,
2025-01-13T20:00:00+02:00,2660.96,2662.51,2657.635,2659.37,,,,
2025-01-13T21:00:00+02:00,2659.375,2660.69,2656.835,2658.97,,,,2656.835
2025-01-13T22:00:00+02:00,2658.965,2662.875,2658.805,2662.32,,,,
2025-01-13T23:00:00+02:00,2662.235,2664.305,2660.93,2663.21,,,,
2025-01-14T01:00:00+02:00,2664.465,2669.455,2664.355,2667.99,,,,
2025-01-14T02:00:00+02:00,2667.995,2671.165,2666.455,2670.475,,,,
2025-01-14T03:00:00+02:00,2670.47,2672.21,2667.96,2670.78,,,,
2025-01-14T04:00:00+02:00,2670.77,2672.28,2668.665,2670.515,,,,
2025-01-14T05:00:00+02:00,2670.5,2672.415,2668.935,2669.84,,,,
2025-01-14T06:00:00+02:00,2669.835,2674.07,2668.475,2673.62,,,,
2025-01-14T07:00:00+02:00,2673.645,2675.365,2667.445,2668.55,,2675.365,,
2025-01-14T08:00:00+02:00,2668.595,2669.695,2667.485,2669.14,,,,
2025-01-14T09:00:00+02:00,2669.155,2670.945,2667.215,2669.235,,,,
2025-01-14T10:00:00+02:00,2669.295,2674.635,2667.375,2671.08,,,,
2025-01-14T11:00:00+02:00,2671.06,2671.65,2664.86,2667.255,,,,
2025-01-14T12:00:00+02:00,2667.27,2669.01,2664.755,2666.77,,,,
2025-01-14T13:00:00+02:00,2666.8,2669.91,2664.53,2669.38,,,,
2025-01-14T14:00:00+02:00,2669.375,2671.69,2666.645,2668.45,,,,
2025-01-14T15:00:00+02:00,2668.42,2674.495,2660.798,2663.045,,,,
2025-01-14T16:00:00+02:00,2662.985,2666.035,2659.89,2665.23,,,2659.89,
2025-01-14T17:00:00+02:00,2665.26,2672.835,2665.14,2671.83,,,,
2025-01-14T18:00:00+02:00,2671.815,2674.07,2669.85,2671.68,,,,
2025-01-14T19:00:00+02:00,2671.615,2672.025,2668.065,2669.045,,,,
2025-01-14T20:00:00+02:00,2668.975,2672.635,2666.725,2672.44,,,,
2025-01-14T21:00:00+02:00,2672.435,2676.4,2671.97,2674.335,,,,
2025-01-14T22:00:00+02:00,2674.34,2676.535,2671.925,2676.515,,,,
2025-01-14T23:00:00+02:00,2676.508,2678.395,2675.845,2677.51,2678.395,,,
2025-01-15T01:00:00+02:00,2676.94,2677.31,2674.05,2675.66,,,,
2025-01-15T02:00:00+02:00,2675.68,2676.075,2672.655,2672.785,,,,
2025-01-15T03:00:00+02:00,2672.805,2674.365,2669.84,2669.91,,,,
2025-01-15T04:00:00+02:00,2669.905,2675.06,2669.365,2673.5,,,2669.365,
2025-01-15T05:00:00+02:00,2673.455,2676.44,2672.385,2676.185,,,,
2025-01-15T06:00:00+02:00,2676.21,2676.775,2674.26,2675.61,,,,
2025-01-15T07:00:00+02:00,2675.595,2679.425,2674.55,2679.36,,,,
2025-01-15T08:00:00+02:00,2679.375,2683.475,2679.23,2681.055,,,,
2025-01-15T09:00:00+02:00,2681.015,2684.26,2680.075,2681.455,,,,
2025-01-15T10:00:00+02:00,2681.48,2685.425,2681.29,2684.06,,,,
2025-01-15T11:00:00+02:00,2684.045,2688.565,2683.04,2685.975,,,,
2025-01-15T12:00:00+02:00,2686.005,2689.02,2684.735,2688.44,,,,
2025-01-15T13:00:00+02:00,2688.57,2688.945,2685.175,2686.88,,,,
2025-01-15T14:00:00+02:00,2686.89,2687.515,2684.155,2684.695,,,,
2025-01-15T15:00:00+02:00,2684.805,2694.28,2682.16,2693.805,,,,
2025-01-15T16:00:00+02:00,2693.83,2696.045,2677.95,2682.135,2696.045,,,
2025-01-15T17:00:00+02:00,2682.13,2683.225,2676.755,2678.55,,,2676.755,
2025-01-15T18:00:00+02:00,2678.615,2689.97,2677.03,2689.385,,,,
2025-01-15T19:00:00+02:00,2689.46,2693.09,2688.53,2692.81,,,,
2025-01-15T20:00:00+02:00,2692.78,2694.995,2691.16,2694.185,,,,
2025-01-15T21:00:00+02:00,2694.19,2695.255,2692.645,2694.1,,,,
2025-01-15T22:00:00+02:00,2694.115,2696.63,2693.285,2696.375,,,,
2025-01-15T23:00:00+02:00,2696.45,2697.42,2694.04,2696.265,,,,
2025-01-16T01:00:00+02:00,2696.16,2697.665,2694.71,2695.035,,,,
2025-01-16T02:00:00+02:00,2695.085,2698.205,2693.03,2695.26,,,,
2025-01-16T03:00:00+02:00,2695.255,2702.26,2694.455,2696.245,2702.26,,,
2025-01-16T04:00:00+02:00,2696.335,2698.235,2695.33,2697.57,,,,
2025-01-16T05:00:00+02:00,2697.54,2698.4,2695.63,2697.238,,,,
2025-01-16T06:00:00+02:00,2697.218,2698.09,2696.715,2697.39,,,,
2025-01-16T07:00:00+02:00,2697.33,2697.475,2693.8,2694.825,,,,
2025-01-16T08:00:00+02:00,2694.87,2695.72,2690.05,2693.98,,,2690.05,
2025-01-16T09:00:00+02:00,2693.97,2700.035,2693.48,2698.325,,,,
2025-01-16T10:00:00+02:00,2698.395,2703.435,2697.185,2699,,,,
2025-01-16T11:00:00+02:00,2699.035,2706.175,2697.58,2705.39,,,,
2025-01-16T12:00:00+02:00,2705.43,2708.58,2704.795,2707.835,,,,
2025-01-16T13:00:00+02:00,2707.85,2711.22,2706.29,2706.475,,,,
2025-01-16T14:00:00+02:00,2706.45,2707.315,2700.295,2703.77,,,,
2025-01-16T15:00:00+02:00,2703.755,2718.41,2701.37,2715.385,,,,
2025-01-16T16:00:00+02:00,2715.43,2719.33,2712.95,2718.495,,,,
2025-01-16T17:00:00+02:00,2718.59,2719.6,2712.63,2716.95,,,,
2025-01-16T18:00:00+02:00,2717.035,2722.595,2716.76,2720.465,,,,
2025-01-16T19:00:00+02:00,2720.46,2724.785,2719.64,2721.785,2724.785,,,
2025-01-16T20:00:00+02:00,2721.855,2723.365,2714.805,2715.235,,,,
2025-01-16T21:00:00+02:00,2715.24,2717.265,2714.68,2715.27,,,,
2025-01-16T22:00:00+02:00,2715.33,2717.03,2714.375,2715.875,,,,
2025-01-16T23:00:00+02:00,2715.76,2715.94,2712.57,2714.87,,,,
2025-01-17T01:00:00+02:00,2714.215,2715.275,2712.455,2714.635,,,,
2025-01-17T02:00:00+02:00,2714.63,2716.23,2713.92,2714.79,,,,
2025-01-17T03:00:00+02:00,2714.78,2714.895,2709.965,2714.75,,,2709.965,
2025-01-17T04:00:00+02:00,2714.79,2717.16,2713.955,2715.985,,,,
2025-01-17T05:00:00+02:00,2715.875,2717.43,2714.69,2715.495,,2717.43,,
2025-01-17T06:00:00+02:00,2715.485,2716.58,2714.345,2714.78,,,,
2025-01-17T07:00:00+02:00,2714.74,2715.53,2711.185,2711.61,,,,
2025-01-17T08:00:00+02:00,2711.615,2713.38,2710.74,2712.75,,,,
2025-01-17T09:00:00+02:00,2712.715,2714.675,2708.71,2710.57,,,,
2025-01-17T10:00:00+02:00,2710.62,2713.06,2709.5,2711.755,,,,
2025-01-17T11:00:00+02:00,2711.75,2712.15,2704.135,2705.13,,,,
2025-01-17T12:00:00+02:00,2705.12,2706.215,2702.96,2704.055,,,,
2025-01-17T13:00:00+02:00,2704.075,2708.74,2703.845,2708.135,,,,
2025-01-17T14:00:00+02:00,2708.185,2711.735,2707.1,2710.885,,,,
2025-01-17T15:00:00+02:00,2710.87,2712.215,2704.59,2705.14,,,,
2025-01-17T16:00:00+02:00,2705.125,2712.59,2702.745,2711.75,,,,2702.745
2025-01-17T17:00:00+02:00,2711.74,2715.265,2710.16,2714.36,,,,
2025-01-17T18:00:00+02:00,2714.365,2717.395,2713.66,2716.08,,2717.395,,
2025-01-17T19:00:00+02:00,2716.075,2716.345,2710.65,2712.67,,,,
2025-01-17T20:00:00+02:00,2712.685,2713.4,2705.398,2705.625,,,,
2025-01-17T21:00:00+02:00,2705.63,2707.3,2702.795,2703.11,,,,
2025-01-17T22:00:00+02:00,2703.125,2704.34,2699.99,2701.128,,,,
2025-01-17T23:00:00+02:00,2701.108,2703.44,2699.3,2703.15,,,,
2025-01-20T01:00:00+02:00,2703.135,2703.355,2691.29,2696.585,,,,
2025-01-20T02:00:00+02:00,2696.515,2696.585,2692.695,2694.685,,,,
2025-01-20T03:00:00+02:00,2694.665,2696.035,2689.375,2693.97,,,,2689.375
2025-01-20T04:00:00+02:00,2693.995,2698.095,2693.795,2697.61,,,,
2025-01-20T05:00:00+02:00,2697.62,2704.09,2697.535,2703.505,,,,
2025-01-20T06:00:00+02:00,2703.49,2706.69,2702.4,2706.05,,,,
2025-01-20T07:00:00+02:00,2705.99,2707.635,2703.785,2707.36,,,,
2025-01-20T08:00:00+02:00,2707.37,2713.885,2706.615,2711.855,,2713.885,,
2025-01-20T09:00:00+02:00,2711.79,2712.005,2702.885,2703.53,,,,
2025-01-20T10:00:00+02:00,2703.515,2708.175,2703.03,2707.06,,,,
2025-01-20T11:00:00+02:00,2707.03,2708.93,2702.96,2706.135,,,,
2025-01-20T12:00:00+02:00,2706.13,2709.965,2705.18,2708.59,,,,
2025-01-20T13:00:00+02:00,2708.635,2712.55,2704.84,2708.515,,,,
2025-01-20T14:00:00+02:00,2708.555,2710.15,2706.15,2708.32,,,,
2025-01-20T15:00:00+02:00,2708.275,2710.62,2701.765,2705.27,,,2701.765,
2025-01-20T16:00:00+02:00,2705.3,2712.255,2705.07,2710.515,,,,
2025-01-20T17:00:00+02:00,2710.445,2710.825,2705.3,2707.135,,,,
2025-01-20T18:00:00+02:00,2707.145,2709.355,2703.31,2707.745,,,,
2025-01-20T19:00:00+02:00,2707.74,2710.7,2703.982,2707.535,,,,
2025-01-20T20:00:00+02:00,2707.595,2711,2705.61,2710.75,,,,
2025-01-20T21:00:00+02:00,2710.835,2711.375,2707.51,2707.905,,,,
2025-01-21T01:00:00+02:00,2708.015,2711.28,2706.715,2710.415,,,,
2025-01-21T02:00:00+02:00,2710.305,2711.705,2702.815,2705.665,,,2702.815,
2025-01-21T03:00:00+02:00,2705.71,2719.408,2703.215,2718.01,,,,
2025-01-21T04:00:00+02:00,2717.95,2725.775,2717.81,2724.835,,,,
2025-01-21T05:00:00+02:00,2724.845,2727.015,2721.295,2724.25,,,,
2025-01-21T06:00:00+02:00,2724.265,2727.925,2723.075,2727.395,,,,
2025-01-21T07:00:00+02:00,2727.465,2729.265,2725.48,2726.21,,,,
2025-01-21T08:00:00+02:00,2726.19,2729.415,2723.89,2724.4,,,,
2025-01-21T09:00:00+02:00,2724.395,2733.06,2722.63,2729.885,2733.06,,,
2025-01-21T10:00:00+02:00,2729.865,2730.152,2721.655,2723.375,,,,
2025-01-21T11:00:00+02:00,2723.35,2724.13,2718.01,2721.275,,,,
2025-01-21T12:00:00+02:00,2721.28,2724.205,2719.04,2719.95,,,,
2025-01-21T13:00:00+02:00,2719.925,2724.705,2716.615,2724.105,,,2716.615,
2025-01-21T14:00:00+02:00,2724.14,2727.33,2721.9,2727.025,,,,
2025-01-21T15:00:00+02:00,2727.04,2730.13,2724.635,2726.355,,,,
2025-01-21T16:00:00+02:00,2726.355,2738.69,2725.435,2738.205,,,,
2025-01-21T17:00:00+02:00,2738.135,2740.55,2734.545,2738.9,,,,
2025-01-21T18:00:00+02:00,2738.895,2744.965,2737.81,2743.32,,,,
2025-01-21T19:00:00+02:00,2743.315,2745.785,2740.095,2740.275,,,,
2025-01-21T20:00:00+02:00,2740.255,2746.055,2739.985,2744.68,,,,
2025-01-21T21:00:00+02:00,2744.695,2745.585,2741.39,2742.82,,,,
2025-01-21T22:00:00+02:00,2742.8,2743.345,2740.05,2742.635,,,,
2025-01-21T23:00:00+02:00,2742.63,2745.81,2742.13,2744.865,,,,
2025-01-22T01:00:00+02:00,2744.55,2744.905,2741.965,2744.365,,,,
2025-01-22T02:00:00+02:00,2744.38,2749.17,2742.635,2748.34,,,,
2025-01-22T03:00:00+02:00,2748.325,2750.025,2746.9,2748.04,,,,
2025-01-22T04:00:00+02:00,2748.055,2749.755,2746.35,2749.145,,,,
2025-01-22T05:00:00+02:00,2749.135,2751.275,2748.065,2750.45,,,,
2025-01-22T06:00:00+02:00,2750.34,2752.925,2749.335,2752.15,,,,
2025-01-22T07:00:00+02:00,2752.155,2758.67,2750.4,2758.12,,,,
2025-01-22T08:00:00+02:00,2758.19,2758.275,2745.635,2747.055,,,2745.635,
2025-01-22T09:00:00+02:00,2747.035,2754.09,2746.635,2748.725,,,,
2025-01-22T10:00:00+02:00,2748.74,2753.865,2746.885,2753.35,,,,
2025-01-22T11:00:00+02:00,2753.31,2762.41,2753.03,2758.545,,,,
2025-01-22T12:00:00+02:00,2758.585,2763.435,2758.435,2760.03,2763.435,,,
2025-01-22T13:00:00+02:00,2760.115,2760.47,2756.34,2756.54,,,,
2025-01-22T14:00:00+02:00,2756.555,2758.785,2751.82,2758.4,,,,
2025-01-22T15:00:00+02:00,2758.42,2761.765,2751.135,2757.84,,,,
2025-01-22T16:00:00+02:00,2757.835,2758.395,2750.41,2753.89,,,2750.41,
2025-01-22T17:00:00+02:00,2753.925,2760.375,2750.55,2759.475,,,,
2025-01-22T18:00:00+02:00,2759.47,2760.245,2755.995,2758.345,,,,
2025-01-22T19:00:00+02:00,2758.295,2758.55,2756.015,2756.655,,,,
2025-01-22T20:00:00+02:00,2756.64,2759.47,2754.945,2757.8,,,,
2025-01-22T21:00:00+02:00,2757.83,2757.845,2755.125,2755.395,,,,
2025-01-22T22:00:00+02:00,2755.38,2757.245,2754.935,2756.83,,,,
2025-01-22T23:00:00+02:00,2756.815,2757.22,2754.935,2756.345,,,,
2025-01-23T01:00:00+02:00,2755.74,2756.595,2753.93,2755.35,,,,
2025-01-23T02:00:00+02:00,2755.375,2756.01,2753.285,2755.44,,,,
2025-01-23T03:00:00+02:00,2755.41,2756.295,2750.715,2752.69,,,,
2025-01-23T04:00:00+02:00,2752.685,2754.975,2752.175,2752.735,,,,
2025-01-23T05:00:00+02:00,2752.73,2753.28,2749.625,2750.175,,,,2749.625
2025-01-23T06:00:00+02:00,2750.165,2753.75,2750.015,2751.75,,,,
2025-01-23T07:00:00+02:00,2751.81,2753.545,2751.465,2752.165,,,,
2025-01-23T08:00:00+02:00,2752.155,2755.66,2751.21,2753.27,,,,
2025-01-23T09:00:00+02:00,2753.31,2754.8,2751.795,2752.925,,,,
2025-01-23T10:00:00+02:00,2752.87,2754.92,2752.06,2752.8,,,,
2025-01-23T11:00:00+02:00,2752.79,2753.79,2740.86,2746.035,,,,
2025-01-23T12:00:00+02:00,2745.975,2752.54,2745.37,2751.365,,,,
2025-01-23T13:00:00+02:00,2751.375,2754.545,2750.88,2751.88,,,,
2025-01-23T14:00:00+02:00,2751.895,2753.375,2742.178,2744.825,,,,
2025-01-23T15:00:00+02:00,2744.835,2745.99,2735.96,2741.705,,,,2735.96
2025-01-23T16:00:00+02:00,2741.73,2747.505,2740.39,2746.23,,,,
2025-01-23T17:00:00+02:00,2746.23,2749.505,2742.23,2746.48,,,,
2025-01-23T18:00:00+02:00,2746.475,2757.565,2744.21,2753.975,,,,
2025-01-23T19:00:00+02:00,2754,2758.97,2752.38,2757.81,,2758.97,,
2025-01-23T20:00:00+02:00,2757.79,2758.255,2755.19,2755.895,,,,
2025-01-23T21:00:00+02:00,2755.89,2758.21,2753.832,2754.2,,,,
2025-01-23T22:00:00+02:00,2754.22,2754.745,2751.415,2753.97,,,,
2025-01-23T23:00:00+02:00,2753.95,2754.855,2752.25,2754.855,,,,
2025-01-24T01:00:00+02:00,2753.815,2755.715,2753.64,2754.665,,,,
2025-01-24T02:00:00+02:00,2754.66,2761.09,2754.385,2759.74,,,,
2025-01-24T03:00:00+02:00,2759.72,2762.65,2758.635,2762.415,,,,
2025-01-24T04:00:00+02:00,2762.43,2775.44,2762.43,2774.315,,,,
2025-01-24T05:00:00+02:00,2774.33,2777.375,2771.1,2772.555,,,,
2025-01-24T06:00:00+02:00,2772.55,2775.105,2770.645,2772.225,,,,
2025-01-24T07:00:00+02:00,2772.28,2776.705,2772.28,2775.345,,,,
2025-01-24T08:00:00+02:00,2775.335,2778.455,2773.31,2773.96,,,,
2025-01-24T09:00:00+02:00,2773.955,2775.515,2772.06,2772.75,,,,
2025-01-24T10:00:00+02:00,2772.76,2775.455,2770.18,2774.12,,,2770.18,
2025-01-24T11:00:00+02:00,2774.13,2777.89,2771.07,2772.915,,,,
2025-01-24T12:00:00+02:00,2772.92,2776.3,2771.65,2775.88,,,,
2025-01-24T13:00:00+02:00,2775.91,2780.115,2774.085,2776.76,,,,
2025-01-24T14:00:00+02:00,2776.77,2779.175,2776.105,2778.62,,,,
2025-01-24T15:00:00+02:00,2778.63,2784.805,2777.845,2782.45,,,,
2025-01-24T16:00:00+02:00,2782.39,2784.415,2773.84,2778.425,,,,
2025-01-24T17:00:00+02:00,2778.395,2786.06,2775.52,2775.95,2786.06,,,
2025-01-24T18:00:00+02:00,2776.025,2777.675,2769.955,2771.98,,,,2769.955
2025-01-24T19:00:00+02:00,2771.975,2776.23,2770.64,2773.39,,,,
2025-01-24T20:00:00+02:00,2773.415,2774.225,2771.455,2773.525,,,,
2025-01-24T21:00:00+02:00,2773.52,2775.42,2771.405,2774.74,,,,
2025-01-24T22:00:00+02:00,2774.75,2774.935,2770.742,2771.085,,,,
2025-01-24T23:00:00+02:00,2771.07,2772.29,2770.65,2770.885,,,,
2025-01-27T01:00:00+02:00,2765.17,2769.58,2764.815,2767.67,,,,
2025-01-27T02:00:00+02:00,2767.715,2771.065,2766.235,2769.75,,,,
2025-01-27T03:00:00+02:00,2769.795,2772.745,2762.965,2763.035,,,,
2025-01-27T04:00:00+02:00,2762.985,2763.77,2753.975,2756.375,,,,
2025-01-27T05:00:00+02:00,2756.38,2762.8,2755.34,2761.245,,,,
2025-01-27T06:00:00+02:00,2761.23,2761.255,2755.79,2758.25,,,,
2025-01-27T07:00:00+02:00,2758.255,2758.285,2752.905,2753.33,,,,
2025-01-27T08:00:00+02:00,2753.31,2755.185,2750.94,2754.72,,,,
2025-01-27T09:00:00+02:00,2754.745,2755.14,2747.42,2749.445,,,,2747.42
2025-01-27T10:00:00+02:00,2749.455,2759.85,2749.29,2757.215,,,,
2025-01-27T11:00:00+02:00,2757.175,2765.03,2755.715,2763.445,,,,
2025-01-27T12:00:00+02:00,2763.475,2771.09,2762.9,2768.065,,,,
2025-01-27T13:00:00+02:00,2768.035,2772.105,2765.115,2771.49,,2772.105,,
2025-01-27T14:00:00+02:00,2771.565,2771.85,2760.62,2761.505,,,,
2025-01-27T15:00:00+02:00,2761.465,2762.605,2752.345,2757.25,,,,
2025-01-27T16:00:00+02:00,2757.24,2757.92,2744.975,2751.525,,,,
2025-01-27T17:00:00+02:00,2751.49,2751.49,2739.575,2742.155,,,,
2025-01-27T18:00:00+02:00,2742.125,2743.28,2733.295,2734.575,,,,
2025-01-27T19:00:00+02:00,2734.57,2737.105,2730.56,2733.865,,,,2730.56
2025-01-27T20:00:00+02:00,2733.895,2738.005,2733.165,2737.035,,,,
2025-01-27T21:00:00+02:00,2737.085,2740.58,2736.91,2739.39,,,,
2025-01-27T22:00:00+02:00,2739.375,2742.645,2738.165,2741.525,,,,
2025-01-27T23:00:00+02:00,2741.52,2744.01,2740.43,2740.655,,,,
2025-01-28T01:00:00+02:00,2740.88,2745.36,2739.62,2741.945,,2745.36,,
2025-01-28T02:00:00+02:00,2741.925,2744.545,2739.935,2740.685,,,,
2025-01-28T03:00:00+02:00,2740.775,2745.29,2739.545,2741.58,,,,
2025-01-28T04:00:00+02:00,2741.575,2741.695,2738.465,2739.505,,,,
2025-01-28T05:00:00+02:00,2739.495,2741.93,2737.97,2738.85,,,,
2025-01-28T06:00:00+02:00,2738.86,2742.82,2738.61,2742.39,,,,
2025-01-28T07:00:00+02:00,2742.53,2745.05,2741.3,2741.735,,,,
2025-01-28T08:00:00+02:00,2741.68,2743.015,2739.215,2739.63,,,,
2025-01-28T09:00:00+02:00,2739.64,2743.18,2738.47,2739.095,,,,
2025-01-28T10:00:00+02:00,2739.15,2741.9,2734.815,2741.245,,,2734.815,
2025-01-28T11:00:00+02:00,2741.225,2745.07,2740.465,2743.515,,,,
2025-01-28T12:00:00+02:00,2743.485,2745.255,2741.09,2743.36,,,,
2025-01-28T13:00:00+02:00,2743.35,2744.715,2741.63,2742.775,,,,
2025-01-28T14:00:00+02:00,2742.785,2745.63,2741.26,2745.57,,,,
2025-01-28T15:00:00+02:00,2745.58,2749.615,2745.21,2748.915,,,,
2025-01-28T16:00:00+02:00,2748.94,2756.39,2748.94,2753.69,,,,
2025-01-28T17:00:00+02:00,2753.695,2757.32,2751.185,2755.355,,,,
2025-01-28T18:00:00+02:00,2755.36,2759.68,2755.325,2758.76,,,,
2025-01-28T19:00:00+02:00,2758.785,2760.245,2757.73,2759.8,,,,
2025-01-28T20:00:00+02:00,2759.82,2763.545,2759.35,2762.155,,,,
2025-01-28T21:00:00+02:00,2762.17,2765.025,2761.385,2764.93,,,,
2025-01-28T22:00:00+02:00,2764.9,2765.09,2762.37,2764.15,,,,
2025-01-28T23:00:00+02:00,2764.165,2764.355,2762.88,2763.42,,,,
2025-01-29T01:00:00+02:00,2763.305,2764.51,2762.77,2762.79,,,,
2025-01-29T02:00:00+02:00,2762.8,2764.845,2762.3,2764.01,,,,
2025-01-29T03:00:00+02:00,2764.015,2766.265,2763.68,2763.79,2766.265,,,
2025-01-29T04:00:00+02:00,2763.79,2765.725,2763.44,2764.285,,,,
2025-01-29T05:00:00+02:00,2764.295,2764.585,2762.385,2762.79,,,,
2025-01-29T06:00:00+02:00,2762.71,2764.26,2761.56,2762.52,,,,
2025-01-29T07:00:00+02:00,2762.545,2763.085,2760.15,2760.755,,,,
2025-01-29T08:00:00+02:00,2760.86,2762.3,2759.25,2759.26,,,,
2025-01-29T09:00:00+02:00,2759.26,2760.695,2757.46,2759.09,,,,
2025-01-29T10:00:00+02:00,2759.075,2766.18,2759.075,2764.16,,2766.18,,
2025-01-29T11:00:00+02:00,2764.165,2764.535,2760.45,2762.76,,,,
2025-01-29T12:00:00+02:00,2762.725,2763.365,2757.155,2758.23,,,,
2025-01-29T13:00:00+02:00,2758.23,2759.91,2757.49,2759.09,,,,
2025-01-29T14:00:00+02:00,2759.1,2759.15,2755.585,2756.54,,,,
2025-01-29T15:00:00+02:00,2756.565,2759.585,2752.29,2758.715,,,,
2025-01-29T16:00:00+02:00,2758.765,2761.22,2756.46,2759.42,,,,
2025-01-29T17:00:00+02:00,2759.44,2759.78,2748.57,2754.22,,,,
2025-01-29T18:00:00+02:00,2754.24,2756.25,2748.27,2751.69,,,,
2025-01-29T19:00:00+02:00,2751.695,2754.515,2751.09,2752.945,,,,
2025-01-29T20:00:00+02:00,2752.92,2753.96,2748.76,2751.445,,,,
2025-01-29T21:00:00+02:00,2751.58,2757.825,2744.755,2755.25,,,2744.755,
2025-01-29T22:00:00+02:00,2755.225,2759.135,2752.71,2755.05,,,,
2025-01-29T23:00:00+02:00,2754.975,2760.14,2754.185,2760.09,,,,
2025-01-30T01:00:00+02:00,2758.43,2760.7,2758.39,2760.435,,,,
2025-01-30T02:00:00+02:00,2760.395,2762.745,2759.17,2762.295,,,,
2025-01-30T03:00:00+02:00,2762.225,2762.225,2759.055,2760.27,,,,
2025-01-30T04:00:00+02:00,2760.22,2761.545,2759.325,2760.49,,,,
2025-01-30T05:00:00+02:00,2760.455,2762.47,2759.5,2761.885,,,,
2025-01-30T06:00:00+02:00,2761.865,2763.465,2759.82,2760.445,,,,
2025-01-30T07:00:00+02:00,2760.47,2761.26,2758.86,2760.67,,,2758.86,
2025-01-30T08:00:00+02:00,2760.65,2766.535,2760.365,2765.64,,,,
2025-01-30T09:00:00+02:00,2765.62,2769.53,2765.01,2769.215,,,,
2025-01-30T10:00:00+02:00,2769.22,2776.64,2768.42,2776.245,,,,
2025-01-30T11:00:00+02:00,2776.27,2776.4,2771.625,2774.315,,,,
2025-01-30T12:00:00+02:00,2774.3,2779.36,2773.945,2778.42,,,,
2025-01-30T13:00:00+02:00,2778.415,2779.58,2777.065,2777.775,,,,
2025-01-30T14:00:00+02:00,2777.82,2781.32,2776.165,2780.325,,,,
2025-01-30T15:00:00+02:00,2780.32,2786.055,2778.95,2785.82,,,,
2025-01-30T16:00:00+02:00,2785.885,2789.21,2780.16,2787.745,,,,
2025-01-30T17:00:00+02:00,2787.94,2796.92,2786.835,2795.56,,,,
2025-01-30T18:00:00+02:00,2795.43,2798.605,2790.2,2790.625,2798.605,,,
2025-01-30T19:00:00+02:00,2790.62,2795.9,2788.875,2795.675,,,,
2025-01-30T20:00:00+02:00,2795.71,2797.145,2792.325,2795.105,,,,
2025-01-30T21:00:00+02:00,2795.1,2795.335,2790.755,2793.49,,,,
2025-01-30T22:00:00+02:00,2793.455,2798.21,2792.41,2795.5,,,,
2025-01-30T23:00:00+02:00,2795.52,2798.46,2788.485,2794.165,,,2788.485,
2025-01-31T01:00:00+02:00,2794.425,2796.94,2793.175,2796.305,,,,
2025-01-31T02:00:00+02:00,2796.335,2799.565,2794.565,2795.98,2799.565,,,
2025-01-31T03:00:00+02:00,2796,2796.745,2794.625,2796.415,,,,
2025-01-31T04:00:00+02:00,2796.36,2798.18,2794.815,2796.19,,,,
2025-01-31T05:00:00+02:00,2796.14,2798.325,2795.735,2796.395,,,,
2025-01-31T06:00:00+02:00,2796.41,2796.485,2794.495,2795.845,,,,
2025-01-31T07:00:00+02:00,2795.79,2796.565,2794.04,2795.665,,,,
2025-01-31T08:00:00+02:00,2795.61,2795.805,2792.245,2792.85,,,,
2025-01-31T09:00:00+02:00,2792.815,2801.01,2792.375,2798.355,,,,
2025-01-31T10:00:00+02:00,2798.37,2799.535,2791.795,2793.25,,,,
2025-01-31T11:00:00+02:00,2793.265,2796.615,2792.735,2793.735,,,,
2025-01-31T12:00:00+02:00,2793.72,2795.17,2791.07,2794.31,,,2791.07,
2025-01-31T13:00:00+02:00,2794.15,2800.945,2792.44,2800.44,,,,
2025-01-31T14:00:00+02:00,2800.4,2807.89,2800.13,2805.535,,,,
2025-01-31T15:00:00+02:00,2805.44,2808.405,2803.36,2806.445,,,,
2025-01-31T16:00:00+02:00,2806.47,2812.65,2804.54,2812.435,,,,
2025-01-31T17:00:00+02:00,2812.445,2817.215,2808.33,2809.29,2817.215,,,
2025-01-31T18:00:00+02:00,2809.32,2810.3,2805.05,2807.6,,,,
2025-01-31T19:00:00+02:00,2807.59,2816.225,2803.08,2808.695,,,,
2025-01-31T20:00:00+02:00,2808.712,2809.04,2795.49,2798.89,,,,
2025-01-31T21:00:00+02:00,2798.93,2803.01,2795.55,2796.225,,,,
2025-01-31T22:00:00+02:00,2796.185,2802.195,2794.38,2800.75,,,,
2025-01-31T23:00:00+02:00,2800.845,2802.585,2796.645,2797.94,,,,
2025-02-03T01:00:00+02:00,2801.655,2806.275,2784.74,2793.97,,,,
2025-02-03T02:00:00+02:00,2793.955,2796.065,2790.15,2792.38,,,,
2025-02-03T03:00:00+02:00,2792.375,2792.385,2778.33,2782.275,,,,
2025-02-03T04:00:00+02:00,2782.27,2782.8,2773.815,2778.195,,,,
2025-02-03T05:00:00+02:00,2778.245,2778.46,2772.215,2774.545,,,,2772.215
2025-02-03T06:00:00+02:00,2774.525,2783.11,2774.265,2780.94,,,,
2025-02-03T07:00:00+02:00,2780.925,2785.325,2780.17,2783.215,,,,
2025-02-03T08:00:00+02:00,2783.22,2788.08,2782.975,2786.89,,,,
2025-02-03T09:00:00+02:00,2786.91,2789.965,2785.405,2789.375,,,,
2025-02-03T10:00:00+02:00,2789.37,2800.59,2786.98,2796.825,,,,
2025-02-03T11:00:00+02:00,2796.795,2800.98,2794.785,2796.5,,,,
2025-02-03T12:00:00+02:00,2796.52,2800.235,2793.01,2798.185,,,,
2025-02-03T13:00:00+02:00,2798.19,2804.225,2798.005,2801.305,,,,
2025-02-03T14:00:00+02:00,2801.295,2810.88,2800.635,2810.43,,,,
2025-02-03T15:00:00+02:00,2810.46,2812.015,2806.78,2811.185,,,,
2025-02-03T16:00:00+02:00,2811.235,2830.755,2810.205,2830.225,2830.755,,,
2025-02-03T17:00:00+02:00,2829.625,2830.42,2813.675,2817.575,,,,
2025-02-03T18:00:00+02:00,2817.57,2825.405,2812.695,2814.26,,,,
2025-02-03T19:00:00+02:00,2814.255,2822.29,2814.11,2817.26,,,,
2025-02-03T20:00:00+02:00,2817.23,2821.81,2816.075,2821.145,,,,
2025-02-03T21:00:00+02:00,2821.16,2823.09,2817.985,2818.33,,,,
2025-02-03T22:00:00+02:00,2818.33,2819.6,2815.785,2816.655,,,,
2025-02-03T23:00:00+02:00,2816.675,2817.605,2812.278,2814.71,,,2812.278,
2025-02-04T01:00:00+02:00,2813.3,2815.475,2812.71,2814.015,,,,
2025-02-04T02:00:00+02:00,2813.98,2817.6,2812.84,2817.33,,,,
2025-02-04T03:00:00+02:00,2817.495,2824.44,2816.15,2823.525,,,,
2025-02-04T04:00:00+02:00,2823.505,2824.65,2817.05,2821.355,,2824.65,,
2025-02-04T05:00:00+02:00,2821.335,2824.25,2817.38,2821.44,,,,
2025-02-04T06:00:00+02:00,2821.45,2821.63,2818.075,2819.145,,,,
2025-02-04T07:00:00+02:00,2819.28,2819.3,2813.51,2815.85,,,,
2025-02-04T08:00:00+02:00,2815.86,2816.14,2810.975,2813.515,,,,
2025-02-04T09:00:00+02:00,2813.53,2814.51,2807.275,2812.725,,,,2807.275
2025-02-04T10:00:00+02:00,2812.755,2819.255,2810.22,2815.14,,,,
2025-02-04T11:00:00+02:00,2815.195,2821.855,2814.165,2820.565,,,,
2025-02-04T12:00:00+02:00,2820.55,2820.55,2812.71,2814.8,,,,
2025-02-04T13:00:00+02:00,2814.785,2816.98,2813.32,2815.485,,,,
2025-02-04T14:00:00+02:00,2815.475,2823.02,2814.645,2821.88,,,,
2025-02-04T15:00:00+02:00,2821.915,2837.085,2821.49,2831.62,,,,
2025-02-04T16:00:00+02:00,2831.635,2841.58,2828.92,2838.96,,,,
2025-02-04T17:00:00+02:00,2839.415,2845.47,2833.735,2835.995,2845.47,,,
2025-02-04T18:00:00+02:00,2835.97,2842.505,2832.7,2840.495,,,,
2025-02-04T19:00:00+02:00,2840.51,2844.875,2839.47,2844.115,,,,
2025-02-04T20:00:00+02:00,2844.13,2845.15,2842.555,2842.725,,,,
2025-02-04T21:00:00+02:00,2842.755,2844.23,2841.885,2843.155,,,,
2025-02-04T22:00:00+02:00,2843.16,2844.89,2840.96,2844.325,,,,
2025-02-04T23:00:00+02:00,2844.315,2844.81,2841.125,2842.29,,,,
2025-02-05T01:00:00+02:00,2841.36,2842.635,2840.71,2841.505,,,,
2025-02-05T02:00:00+02:00,2841.59,2848.41,2840.74,2845.315,,,,
2025-02-05T03:00:00+02:00,2845.285,2849.155,2839.74,2844.635,,,2839.74,
2025-02-05T04:00:00+02:00,2844.725,2854.015,2844.005,2851.265,,,,
2025-02-05T05:00:00+02:00,2851.26,2854.605,2849.87,2852.405,,,,
2025-02-05T06:00:00+02:00,2852.365,2858.19,2851.94,2855.335,,,,
2025-02-05T07:00:00+02:00,2855.32,2860.635,2853.755,2859.355,,,,
2025-02-05T08:00:00+02:00,2859.345,2861.915,2857.3,2859.425,,,,
2025-02-05T09:00:00+02:00,2859.43,2864.305,2855.055,2864.25,,,,
2025-02-05T10:00:00+02:00,2864.24,2869.795,2863.735,2867.705,,,,
2025-02-05T11:00:00+02:00,2867.69,2872.275,2865.305,2870.385,,,,
2025-02-05T12:00:00+02:00,2870.415,2877.085,2866.1,2867.85,,,,
2025-02-05T13:00:00+02:00,2867.945,2870.54,2864.815,2868.75,,,,
2025-02-05T14:00:00+02:00,2868.735,2871.02,2867.14,2870.355,,,,
2025-02-05T15:00:00+02:00,2870.39,2870.795,2858.645,2861.97,,,2858.645,
2025-02-05T16:00:00+02:00,2861.92,2872.71,2860.805,2871.005,,,,
2025-02-05T17:00:00+02:00,2871.055,2882.31,2871.055,2880.195,2882.31,,,
2025-02-05T18:00:00+02:00,2880.185,2881.09,2863.185,2874.96,,,,
2025-02-05T19:00:00+02:00,2874.965,2876.69,2871.52,2873.14,,,,
2025-02-05T20:00:00+02:00,2873.15,2873.57,2864.02,2865.765,,,,
2025-02-05T21:00:00+02:00,2865.795,2869.09,2862.905,2863.65,,,,
2025-02-05T22:00:00+02:00,2863.68,2866.215,2859.975,2862.685,,,2859.975,
2025-02-05T23:00:00+02:00,2862.655,2867.772,2861.305,2867.215,,,,
2025-02-06T01:00:00+02:00,2867.785,2870.97,2866.215,2869.37,,,,
2025-02-06T02:00:00+02:00,2869.345,2870.015,2867.395,2869.875,,,,
2025-02-06T03:00:00+02:00,2869.85,2871.96,2863.765,2871.8,,,,
2025-02-06T04:00:00+02:00,2871.795,2873.34,2868.405,2870.675,,2873.34,,
2025-02-06T05:00:00+02:00,2870.715,2870.715,2864.435,2869.405,,,,
2025-02-06T06:00:00+02:00,2869.425,2872.41,2868.355,2868.6,,,,
2025-02-06T07:00:00+02:00,2868.67,2869.945,2865.585,2868.23,,,,
2025-02-06T08:00:00+02:00,2868.225,2871.46,2858.33,2859.285,,,,
2025-02-06T09:00:00+02:00,2859.275,2861.99,2854.985,2855.68,,,,
2025-02-06T10:00:00+02:00,2855.705,2858.52,2848.97,2856.165,,,,2848.97
2025-02-06T11:00:00+02:00,2856.175,2860.06,2855.8,2859.405,,,,
2025-02-06T12:00:00+02:00,2859.42,2861.85,2855.72,2859.315,,,,
2025-02-06T13:00:00+02:00,2859.255,2867.51,2858.23,2865.995,,,,
2025-02-06T14:00:00+02:00,2866.01,2870.395,2863.6,2864.5,,2870.395,,
2025-02-06T15:00:00+02:00,2864.555,2865.09,2855.665,2856.825,,,,
2025-02-06T16:00:00+02:00,2856.83,2859.845,2841.32,2842.005,,,,
2025-02-06T17:00:00+02:00,2841.92,2853.225,2834.27,2850.615,,,,2834.27
2025-02-06T18:00:00+02:00,2850.61,2854.75,2848.835,2848.835,,,,
2025-02-06T19:00:00+02:00,2848.82,2852.75,2848.19,2852.39,,,,
2025-02-06T20:00:00+02:00,2852.4,2853.765,2849.88,2852.66,,,,
2025-02-06T21:00:00+02:00,2852.71,2854.29,2850.44,2853.98,,,,
2025-02-06T22:00:00+02:00,2853.965,2857.4,2853.82,2856.53,,,,
2025-02-06T23:00:00+02:00,2856.545,2857.17,2854.94,2855.925,,,,
2025-02-07T01:00:00+02:00,2856.015,2858.665,2855.98,2858.15,,,,
2025-02-07T02:00:00+02:00,2858.14,2860.592,2858.03,2858.56,,,,
2025-02-07T03:00:00+02:00,2858.585,2868.1,2857.995,2866.3,,,,
2025-02-07T04:00:00+02:00,2866.28,2869.19,2865.575,2868.78,,,,
2025-02-07T05:00:00+02:00,2868.78,2870.565,2866.11,2867.285,2870.565,,,
2025-02-07T06:00:00+02:00,2867.295,2869.67,2866.285,2866.59,,,,
2025-02-07T07:00:00+02:00,2866.605,2867.08,2862.195,2862.305,,,,
2025-02-07T08:00:00+02:00,2862.28,2866.385,2859.03,2860.83,,,,
2025-02-07T09:00:00+02:00,2860.8,2865.71,2860.35,2864.135,,,,
2025-02-07T10:00:00+02:00,2864.15,2866.84,2863.205,2866.42,,,,
2025-02-07T11:00:00+02:00,2866.415,2870.735,2865.615,2868.92,,,,
2025-02-07T12:00:00+02:00,2868.935,2869.215,2863.355,2867.635,,,,
2025-02-07T13:00:00+02:00,2867.63,2868.415,2865.205,2867.785,,,,
2025-02-07T14:00:00+02:00,2867.78,2868.135,2863.65,2863.695,,,,
2025-02-07T15:00:00+02:00,2863.72,2870.875,2852.595,2862.59,,,2852.595,
2025-02-07T16:00:00+02:00,2862.625,2878.345,2856.16,2876.87,,,,
2025-02-07T17:00:00+02:00,2876.38,2886.855,2873.685,2880.575,2886.855,,,
2025-02-07T18:00:00+02:00,2880.595,2881.605,2860.435,2860.738,,,,
2025-02-07T19:00:00+02:00,2860.732,2862.755,2853.435,2860.05,,,,
2025-02-07T20:00:00+02:00,2860.04,2865.255,2859.72,2861.305,,,,
2025-02-07T21:00:00+02:00,2861.4,2863.335,2859.115,2860.39,,,,
2025-02-07T22:00:00+02:00,2860.265,2863.885,2859.465,2860.765,,,,
2025-02-07T23:00:00+02:00,2860.775,2863.375,2860.47,2861.25,,,,
2025-02-10T01:00:00+02:00,2861.84,2870.515,2860.405,2867.595,,,,
2025-02-10T02:00:00+02:00,2867.67,2869.215,2865.875,2867.915,,,,
2025-02-10T03:00:00+02:00,2867.93,2876.74,2866.155,2871.945,,,,
2025-02-10T04:00:00+02:00,2871.96,2875.075,2871.485,2873.9,,,,
2025-02-10T05:00:00+02:00,2873.895,2875.745,2871.235,2875.515,,,,
2025-02-10T06:00:00+02:00,2875.58,2879.735,2874.335,2879.33,,,,
2025-02-10T07:00:00+02:00,2879.32,2880.095,2876.225,2879.365,,,,
2025-02-10T08:00:00+02:00,2879.4,2892.38,2878.92,2888.505,,,,
2025-02-10T09:00:00+02:00,2888.51,2896.61,2886.67,2895.555,,,,
2025-02-10T10:00:00+02:00,2895.525,2898.94,2892.34,2896.635,,,,
2025-02-10T11:00:00+02:00,2896.585,2903.295,2896.205,2903.045,,,,
2025-02-10T12:00:00+02:00,2903.05,2906.345,2898.225,2902.43,,,,
2025-02-10T13:00:00+02:00,2902.465,2905.85,2898.44,2904.75,,,,
2025-02-10T14:00:00+02:00,2904.735,2906.98,2902.715,2902.995,,,,
2025-02-10T15:00:00+02:00,2902.935,2910.975,2899.795,2901.07,,,,
2025-02-10T16:00:00+02:00,2901.125,2909.305,2896.385,2908.735,,,,
2025-02-10T17:00:00+02:00,2908.75,2911.965,2904.52,2909.095,2911.965,,,
2025-02-10T18:00:00+02:00,2909.11,2910.335,2899.165,2901.055,,,,
2025-02-10T19:00:00+02:00,2901.045,2904.39,2896.69,2903.265,,,,
2025-02-10T20:00:00+02:00,2903.28,2906.955,2900.915,2905.195,,,,
2025-02-10T21:00:00+02:00,2905.19,2906.72,2902.54,2904.405,,,,
2025-02-10T22:00:00+02:00,2904.415,2907.848,2902.995,2907.2,,,,
2025-02-10T23:00:00+02:00,2907.28,2908.41,2905.405,2908.175,,,,
2025-02-11T01:00:00+02:00,2911.95,2921.655,2909.765,2917.85,,,,
2025-02-11T02:00:00+02:00,2918.015,2925.2,2916.43,2922.565,,,,
2025-02-11T03:00:00+02:00,2922.58,2936.185,2919.795,2934.03,,,,
2025-02-11T04:00:00+02:00,2934.05,2942.78,2905.94,2918.895,2942.78,,,
2025-02-11T05:00:00+02:00,2918.85,2925.795,2911.745,2919.635,,,,
2025-02-11T06:00:00+02:00,2919.65,2920.97,2915.1,2916.4,,,,
2025-02-11T07:00:00+02:00,2916.34,2923.76,2915.445,2923.005,,,,
2025-02-11T08:00:00+02:00,2922.975,2929.54,2915.45,2917.79,,,,
2025-02-11T09:00:00+02:00,2917.775,2918.43,2907.305,2913.325,,,,
2025-02-11T10:00:00+02:00,2913.315,2915.35,2907.06,2907.47,,,,
2025-02-11T11:00:00+02:00,2907.395,2912.355,2903.065,2903.215,,,,
2025-02-11T12:00:00+02:00,2903.22,2907.15,2901.89,2902.675,,,,
2025-02-11T13:00:00+02:00,2902.665,2906.645,2902.17,2903.93,,,,
2025-02-11T14:00:00+02:00,2903.915,2904.3,2886.92,2889.35,,,,
2025-02-11T15:00:00+02:00,2889.27,2898.36,2881.56,2896.635,,,2881.56,
2025-02-11T16:00:00+02:00,2896.665,2904.39,2894.91,2897.005,,,,
2025-02-11T17:00:00+02:00,2896.955,2906.625,2890.945,2904.895,,,,
2025-02-11T18:00:00+02:00,2904.905,2908.675,2902.375,2902.435,,2908.675,,
2025-02-11T19:00:00+02:00,2902.4,2907.345,2899.75,2905.585,,,,
2025-02-11T20:00:00+02:00,2905.61,2907.29,2903.355,2905.945,,,,
2025-02-11T21:00:00+02:00,2905.97,2906.56,2899.835,2900.27,,,,
2025-02-11T22:00:00+02:00,2900.32,2900.595,2894.16,2897.68,,,,
2025-02-11T23:00:00+02:00,2897.68,2899.76,2897.525,2897.615,,,,
2025-02-12T01:00:00+02:00,2898.025,2900.79,2897.68,2898.69,,,,
2025-02-12T02:00:00+02:00,2898.725,2899.01,2889.34,2892.29,,,,
2025-02-12T03:00:00+02:00,2892.235,2897.71,2883.695,2893.27,,,2883.695,
2025-02-12T04:00:00+02:00,2893.23,2898.04,2891.995,2892.5,,,,
2025-02-12T05:00:00+02:00,2892.495,2893.07,2886.855,2888.995,,,,
2025-02-12T06:00:00+02:00,2888.93,2890.54,2884.125,2885.405,,,,
2025-02-12T07:00:00+02:00,2885.47,2888.095,2883.915,2886.39,,,,
2025-02-12T08:00:00+02:00,2886.395,2894.8,2885.79,2892.745,,,,
2025-02-12T09:00:00+02:00,2892.75,2895.85,2890.99,2892.935,,,,
2025-02-12T10:00:00+02:00,2892.98,2894.15,2888.035,2891.72,,,,
2025-02-12T11:00:00+02:00,2891.73,2893.455,2886.505,2886.855,,,,
2025-02-12T12:00:00+02:00,2886.84,2889.805,2879.55,2882.885,,,,
2025-02-12T13:00:00+02:00,2882.89,2886.07,2879.6,2879.915,,,,
2025-02-12T14:00:00+02:00,2879.92,2886.095,2879.015,2885.275,,,,
2025-02-12T15:00:00+02:00,2885.215,2885.89,2864.33,2884.86,,,,2864.33
2025-02-12T16:00:00+02:00,2884.84,2898.095,2882.065,2894.515,,,,
2025-02-12T17:00:00+02:00,2894.55,2896.055,2886.955,2894.785,,,,
2025-02-12T18:00:00+02:00,2894.79,2904.58,2892.14,2902.54,,,,
2025-02-12T19:00:00+02:00,2902.6,2909.265,2902.045,2902.93,2909.265,,,
2025-02-12T20:00:00+02:00,2902.935,2903.93,2900.415,2901.045,,,,
2025-02-12T21:00:00+02:00,2901.11,2901.83,2893.645,2897.93,,,,
2025-02-12T22:00:00+02:00,2897.89,2901.435,2895.59,2901.06,,,,
2025-02-12T23:00:00+02:00,2901.025,2904.34,2900.22,2903.96,,,,
2025-02-13T01:00:00+02:00,2904.79,2906.545,2900.545,2905.855,,,,
2025-02-13T02:00:00+02:00,2905.83,2909.2,2904.645,2906.465,,,,
2025-02-13T03:00:00+02:00,2906.4,2907.48,2901.5,2906.025,,,,
2025-02-13T04:00:00+02:00,2906.03,2909.11,2905.28,2908.95,,,,
2025-02-13T05:00:00+02:00,2908.945,2918.16,2907.33,2916.605,,,,
2025-02-13T06:00:00+02:00,2916.6,2919.275,2916.335,2918.58,,,,
2025-02-13T07:00:00+02:00,2918.7,2922.88,2916.39,2918.14,2922.88,,,
2025-02-13T08:00:00+02:00,2918.12,2918.895,2912.685,2916.13,,,,
2025-02-13T09:00:00+02:00,2916.135,2920.955,2913.26,2914.63,,,,
2025-02-13T10:00:00+02:00,2914.65,2918.12,2909.5,2911.75,,,,
2025-02-13T11:00:00+02:00,2911.765,2918.495,2909.96,2915.33,,,,
2025-02-13T12:00:00+02:00,2915.34,2919.41,2913.905,2917.995,,,,
2025-02-13T13:00:00+02:00,2918,2918.5,2915.505,2918.06,,,,
2025-02-13T14:00:00+02:00,2918.045,2921.435,2915.755,2917.835,,2921.435,,
2025-02-13T15:00:00+02:00,2917.845,2918.075,2905.885,2908.445,,,2905.885,
2025-02-13T16:00:00+02:00,2908.44,2917.5,2906.61,2915.14,,,,
2025-02-13T17:00:00+02:00,2915.17,2921.01,2914.555,2920.29,,,,
2025-02-13T18:00:00+02:00,2920.295,2920.86,2913.005,2913.885,,,,
2025-02-13T19:00:00+02:00,2913.855,2919.185,2913.57,2919.075,,,,
2025-02-13T20:00:00+02:00,2919.08,2925.41,2914.36,2924.17,,,,
2025-02-13T21:00:00+02:00,2924.155,2927.475,2923.84,2926.915,,,,
2025-02-13T22:00:00+02:00,2926.88,2929.155,2924.975,2928.56,,,,
2025-02-13T23:00:00+02:00,2928.56,2929.48,2928.1,2928.33,,,,
2025-02-14T01:00:00+02:00,2928.05,2932.465,2927.58,2931.245,,,,
2025-02-14T02:00:00+02:00,2931.205,2931.45,2927.54,2927.905,,,,
2025-02-14T03:00:00+02:00,2927.925,2933.92,2927.925,2929.905,,,,
2025-02-14T04:00:00+02:00,2929.9,2930.545,2925.985,2927.48,,,,
2025-02-14T05:00:00+02:00,2927.49,2930.44,2923.335,2924.5,,,2923.335,
2025-02-14T06:00:00+02:00,2924.49,2929.245,2923.945,2928.585,,,,
2025-02-14T07:00:00+02:00,2928.61,2932.48,2926.88,2931.02,,,,
2025-02-14T08:00:00+02:00,2931.005,2936.85,2929.955,2934.4,,,,
2025-02-14T09:00:00+02:00,2934.415,2935.25,2930.635,2931.885,,,,
2025-02-14T10:00:00+02:00,2931.84,2938.6,2930.86,2935.365,,,,
2025-02-14T11:00:00+02:00,2935.325,2938.85,2934.185,2935.31,,,,
2025-02-14T12:00:00+02:00,2935.34,2939.98,2934.42,2936.03,2939.98,,,
2025-02-14T13:00:00+02:00,2936.035,2937.615,2929.405,2931.07,,,,
2025-02-14T14:00:00+02:00,2931.06,2933.175,2927.825,2930.9,,,,
2025-02-14T15:00:00+02:00,2930.895,2933.17,2917.73,2920.675,,,,
2025-02-14T16:00:00+02:00,2920.715,2928.55,2914.365,2921.2,,,,
2025-02-14T17:00:00+02:00,2921.21,2921.935,2893.015,2901.945,,,,
2025-02-14T18:00:00+02:00,2901.91,2903.985,2888.63,2896.025,,,,
2025-02-14T19:00:00+02:00,2896.015,2897.675,2885.485,2887.03,,,,
2025-02-14T20:00:00+02:00,2887.025,2888.005,2882.245,2884,,,,
2025-02-14T21:00:00+02:00,2884.015,2886.145,2878.96,2880.695,,,,
2025-02-14T22:00:00+02:00,2880.705,2886.335,2877.025,2885.375,,,,2877.025
2025-02-14T23:00:00+02:00,2885.395,2885.69,2882.295,2882.482,,,,
2025-02-17T01:00:00+02:00,2893.375,2894.445,2878.785,2879.445,,,,
2025-02-17T02:00:00+02:00,2879.45,2888.095,2879.45,2883.725,,,,
2025-02-17T03:00:00+02:00,2883.74,2896.815,2882.615,2895.655,,,,
2025-02-17T04:00:00+02:00,2895.61,2899.855,2893.96,2899.3,,,,
2025-02-17T05:00:00+02:00,2899.335,2904.76,2897.795,2903.645,,,,
2025-02-17T06:00:00+02:00,2903.675,2905.06,2898.555,2899.355,,,,
2025-02-17T07:00:00+02:00,2899.33,2905.355,2896.18,2896.46,,,,
2025-02-17T08:00:00+02:00,2896.385,2898.03,2888.19,2896.675,,,,
2025-02-17T09:00:00+02:00,2896.73,2903.745,2896.47,2902.575,,,,
2025-02-17T10:00:00+02:00,2902.595,2902.815,2895.15,2900.295,,,,
2025-02-17T11:00:00+02:00,2900.39,2906.525,2900.35,2902.58,,2906.525,,
2025-02-17T12:00:00+02:00,2902.575,2903.06,2895.54,2902.865,,,,
2025-02-17T13:00:00+02:00,2902.9,2903.905,2897.845,2901.095,,,,
2025-02-17T14:00:00+02:00,2901.1,2901.645,2895.45,2897.725,,,,
2025-02-17T15:00:00+02:00,2897.71,2899.265,2895.665,2896.88,,,,
2025-02-17T16:00:00+02:00,2896.875,2903.945,2896.505,2903.08,,,,
2025-02-17T17:00:00+02:00,2903.095,2904.185,2898.015,2899.355,,2904.185,,
2025-02-17T18:00:00+02:00,2899.36,2901.345,2896.66,2899.37,,,,
2025-02-17T19:00:00+02:00,2899.375,2899.95,2898.115,2898.535,,,,
2025-02-17T20:00:00+02:00,2898.525,2899.275,2897.14,2898.255,,,,
2025-02-17T21:00:00+02:00,2898.245,2898.735,2896.91,2898.49,,,,
2025-02-18T01:00:00+02:00,2898.71,2899.56,2897.295,2899.305,,,,
2025-02-18T02:00:00+02:00,2899.29,2900.33,2898.325,2899.29,,,,
2025-02-18T03:00:00+02:00,2899.315,2900.08,2892.07,2895.845,,,2892.07,
2025-02-18T04:00:00+02:00,2895.795,2905.25,2895.375,2903.185,,,,
2025-02-18T05:00:00+02:00,2903.19,2910.845,2902.845,2909.085,,,,
2025-02-18T06:00:00+02:00,2909.09,2911.12,2907.3,2910.92,,,,
2025-02-18T07:00:00+02:00,2911.06,2915.76,2909.93,2910.84,2915.76,,,
2025-02-18T08:00:00+02:00,2910.73,2914.455,2910.07,2913.65,,,,
2025-02-18T09:00:00+02:00,2913.66,2915.445,2908.64,2911.6,,,,
2025-02-18T10:00:00+02:00,2911.56,2913.39,2908.29,2912.515,,,,
2025-02-18T11:00:00+02:00,2912.545,2913.49,2910.115,2912.785,,,,
2025-02-18T12:00:00+02:00,2912.785,2913.585,2907.19,2911.335,,,2907.19,
2025-02-18T13:00:00+02:00,2911.375,2914.935,2909.945,2914.32,,,,
2025-02-18T14:00:00+02:00,2914.31,2918.925,2912.23,2918.185,,,,
2025-02-18T15:00:00+02:00,2918.145,2921.37,2913.49,2918.77,,,,
2025-02-18T16:00:00+02:00,2918.785,2928.775,2917.88,2927.985,,,,
2025-02-18T17:00:00+02:00,2928.05,2929.77,2923.63,2927.14,,,,
2025-02-18T18:00:00+02:00,2927.135,2933.78,2924.38,2932.955,,,,
2025-02-18T19:00:00+02:00,2932.945,2933.745,2929.65,2931.22,,,,
2025-02-18T20:00:00+02:00,2931.215,2933.78,2928.415,2933.355,,,,
2025-02-18T21:00:00+02:00,2933.305,2936.955,2932.035,2935.79,,,,
2025-02-18T22:00:00+02:00,2935.765,2936.76,2932.485,2933.605,,,,
2025-02-18T23:00:00+02:00,2933.585,2936.635,2933.32,2935.465,,,,
2025-02-19T01:00:00+02:00,2935.06,2935.645,2933.22,2933.995,,,,
2025-02-19T02:00:00+02:00,2934.005,2934.35,2928.555,2929.34,,,,
2025-02-19T03:00:00+02:00,2929.32,2939.74,2928.21,2938.515,2939.74,,,
2025-02-19T04:00:00+02:00,2938.53,2939.69,2924.21,2929.31,,,2924.21,
2025-02-19T05:00:00+02:00,2929.315,2930.6,2925.015,2928.955,,,,
2025-02-19T06:00:00+02:00,2928.93,2929.7,2926.705,2929.335,,,,
2025-02-19T07:00:00+02:00,2929.405,2934.6,2928.02,2932.97,,,,
2025-02-19T08:00:00+02:00,2932.94,2935.96,2930.86,2931.715,,,,
2025-02-19T09:00:00+02:00,2931.735,2935.865,2930.455,2934.265,,,,
2025-02-19T10:00:00+02:00,2934.24,2940.17,2933.835,2938.775,,,,
2025-02-19T11:00:00+02:00,2938.78,2946.7,2938.32,2945.475,,,,
2025-02-19T12:00:00+02:00,2945.4,2947.08,2942.785,2944.965,2947.08,,,
2025-02-19T13:00:00+02:00,2944.93,2946.2,2934.28,2935.14,,,,
2025-02-19T14:00:00+02:00,2935.135,2936.91,2931.41,2933.52,,,,
2025-02-19T15:00:00+02:00,2933.565,2941.72,2932.52,2936.385,,,,
2025-02-19T16:00:00+02:00,2936.37,2940.58,2930.31,2938.195,,,,
2025-02-19T17:00:00+02:00,2938.19,2939.29,2925.47,2925.755,,,,
2025-02-19T18:00:00+02:00,2925.74,2931.065,2923.05,2928.165,,,,
2025-02-19T19:00:00+02:00,2928.16,2929.935,2921.58,2923.895,,,,
2025-02-19T20:00:00+02:00,2923.88,2926.825,2918.64,2925.34,,,,2918.64
2025-02-19T21:00:00+02:00,2925.365,2932.405,2923.55,2931.805,,,,
2025-02-19T22:00:00+02:00,2931.8,2936.665,2931.405,2935.95,,,,
2025-02-19T23:00:00+02:00,2935.98,2937.43,2932.475,2933.26,,,,
2025-02-20T01:00:00+02:00,2934.175,2936.34,2933.855,2935.57,,,,
2025-02-20T02:00:00+02:00,2935.565,2941.365,2935.555,2941.01,,,,
2025-02-20T03:00:00+02:00,2941,2942.45,2934.725,2937.03,,,,
2025-02-20T04:00:00+02:00,2937.035,2941.715,2933.97,2941.04,,,,
2025-02-20T05:00:00+02:00,2941.01,2944.19,2940.78,2941.96,,,,
2025-02-20T06:00:00+02:00,2941.98,2942.615,2939.5,2940.085,,,,
2025-02-20T07:00:00+02:00,2940.2,2946.87,2939.56,2946.825,,,,
2025-02-20T08:00:00+02:00,2946.83,2949.015,2943.99,2947.865,,,,
2025-02-20T09:00:00+02:00,2947.87,2954.42,2946.49,2948.96,,,,
2025-02-20T10:00:00+02:00,2948.985,2954.83,2948.985,2954.595,,,,
2025-02-20T11:00:00+02:00,2954.63,2954.955,2949.815,2951.555,2954.955,,,
2025-02-20T12:00:00+02:00,2951.595,2954.94,2949.245,2952.335,,,,
2025-02-20T13:00:00+02:00,2952.35,2952.995,2947.33,2948.785,,,,
2025-02-20T14:00:00+02:00,2948.83,2950.85,2938.84,2945.585,,,,
2025-02-20T15:00:00+02:00,2945.505,2947.84,2933.845,2933.965,,,,
2025-02-20T16:00:00+02:00,2933.95,2940.12,2924.035,2934.86,,,2924.035,
2025-02-20T17:00:00+02:00,2935.15,2939.705,2931.845,2938.585,,,,
2025-02-20T18:00:00+02:00,2938.62,2945.69,2936.045,2943.115,,,,
2025-02-20T19:00:00+02:00,2943.115,2947.09,2940.065,2940.505,,,,
2025-02-20T20:00:00+02:00,2940.415,2942.495,2937.41,2941.885,,,,
2025-02-20T21:00:00+02:00,2941.97,2942.045,2933.555,2938.065,,,,
2025-02-20T22:00:00+02:00,2938.065,2938.79,2935.565,2937.925,,,,
2025-02-20T23:00:00+02:00,2937.825,2940.325,2937.455,2939.385,,,,
2025-02-21T01:00:00+02:00,2939.43,2943.465,2938.865,2941.785,,,,
2025-02-21T02:00:00+02:00,2941.8,2942.84,2937.25,2940.115,,,,
2025-02-21T03:00:00+02:00,2940.125,2949.93,2926.98,2928.86,,2949.93,,
2025-02-21T04:00:00+02:00,2928.83,2941.21,2926.475,2939.33,,,,
2025-02-21T05:00:00+02:00,2939.305,2939.915,2927.195,2931.165,,,,
2025-02-21T06:00:00+02:00,2931.155,2932.33,2926.645,2928.545,,,,
2025-02-21T07:00:00+02:00,2928.59,2934.215,2924.265,2930.18,,,,
2025-02-21T08:00:00+02:00,2930.17,2931.55,2925.66,2929.65,,,,
2025-02-21T09:00:00+02:00,2929.645,2933.11,2929.11,2930.01,,,,
2025-02-21T10:00:00+02:00,2929.89,2931.295,2916.82,2923.44,,,,2916.82
2025-02-21T11:00:00+02:00,2923.435,2929.665,2923.175,2929.375,,,,
2025-02-21T12:00:00+02:00,2929.36,2931.12,2929.015,2930.7,,,,
2025-02-21T13:00:00+02:00,2930.71,2936.14,2928.1,2928.4,,,,
2025-02-21T14:00:00+02:00,2928.41,2935.22,2927.67,2930.155,,,,
2025-02-21T15:00:00+02:00,2930.215,2934.72,2927.04,2931.025,,,,
2025-02-21T16:00:00+02:00,2931.005,2939.17,2928.22,2933.92,,,,
2025-02-21T17:00:00+02:00,2933.585,2935.76,2921.61,2928.78,,,2921.61,
2025-02-21T18:00:00+02:00,2928.79,2938.56,2927.47,2936.775,,,,
2025-02-21T19:00:00+02:00,2936.8,2941.775,2936.185,2939.805,,,,
2025-02-21T20:00:00+02:00,2939.825,2942.88,2937.79,2941.85,,2942.88,,
2025-02-21T21:00:00+02:00,2941.865,2942.695,2933.015,2933.54,,,,
2025-02-21T22:00:00+02:00,2933.51,2937.25,2932.525,2934.7,,,,
2025-02-21T23:00:00+02:00,2934.665,2938.47,2932.05,2936.26,,,,
2025-02-24T01:00:00+02:00,2939.785,2940.535,2936.605,2936.92,,,,
2025-02-24T02:00:00+02:00,2936.915,2937.94,2929.76,2930.09,,,,
2025-02-24T03:00:00+02:00,2930.02,2931.205,2921.475,2928.125,,,,2921.475
2025-02-24T04:00:00+02:00,2927.96,2940.895,2925.105,2940.83,,,,
2025-02-24T05:00:00+02:00,2940.69,2944.76,2939.99,2941.205,,,,
2025-02-24T06:00:00+02:00,2941.13,2943.03,2937.91,2940.995,,,,
2025-02-24T07:00:00+02:00,2941.085,2942.24,2935.665,2936.27,,,,
2025-02-24T08:00:00+02:00,2936.275,2941.965,2935.265,2938.85,,,,
2025-02-24T09:00:00+02:00,2938.855,2945.02,2938.31,2944.015,,,,
2025-02-24T10:00:00+02:00,2944.04,2948.88,2938.33,2946.48,,,,
2025-02-24T11:00:00+02:00,2946.45,2948.33,2942.83,2944.36,,,,
2025-02-24T12:00:00+02:00,2944.35,2944.755,2935.02,2938.335,,,,
2025-02-24T13:00:00+02:00,2938.37,2948.2,2937.84,2947.685,,,,
2025-02-24T14:00:00+02:00,2947.675,2951.32,2945.52,2946.685,,,,
2025-02-24T15:00:00+02:00,2946.68,2954.715,2946.455,2954.57,,,,
2025-02-24T16:00:00+02:00,2954.58,2956.31,2934.77,2938.62,2956.31,,,
2025-02-24T17:00:00+02:00,2938.615,2940.605,2930.81,2936.58,,,2930.81,
2025-02-24T18:00:00+02:00,2936.57,2943.67,2936.545,2943.515,,,,
2025-02-24T19:00:00+02:00,2943.525,2944.87,2941.145,2943.325,,,,
2025-02-24T20:00:00+02:00,2943.36,2948.1,2942.85,2947.48,,,,
2025-02-24T21:00:00+02:00,2947.485,2950.055,2946.865,2949.25,,,,
2025-02-24T22:00:00+02:00,2949.24,2951.65,2947.07,2950.585,,,,
2025-02-24T23:00:00+02:00,2950.59,2953.185,2950.375,2952.065,,,,
2025-02-25T01:00:00+02:00,2952.84,2953.425,2948.305,2950.145,,2953.425,,
2025-02-25T02:00:00+02:00,2950.11,2952.54,2948.525,2949.67,,,,
2025-02-25T03:00:00+02:00,2949.69,2952.545,2945.28,2949.55,,,,
2025-02-25T04:00:00+02:00,2949.515,2952.29,2947.245,2948.725,,,,
2025-02-25T05:00:00+02:00,2948.695,2949.535,2937.535,2939.55,,,,
2025-02-25T06:00:00+02:00,2939.545,2939.79,2935.14,2936.935,,,,
2025-02-25T07:00:00+02:00,2936.92,2941.06,2936.78,2938.025,,,,
2025-02-25T08:00:00+02:00,2937.935,2938.54,2933.595,2936.005,,,,
2025-02-25T09:00:00+02:00,2936.03,2940.66,2930.72,2931.745,,,,
2025-02-25T10:00:00+02:00,2931.73,2942.405,2929.64,2941.645,,,,
2025-02-25T11:00:00+02:00,2941.595,2942.415,2937.475,2938.955,,,,
2025-02-25T12:00:00+02:00,2938.94,2941.705,2937.335,2937.475,,,,
2025-02-25T13:00:00+02:00,2937.48,2940.695,2937.09,2938.745,,,,
2025-02-25T14:00:00+02:00,2938.74,2941.405,2923.98,2928.71,,,,
2025-02-25T15:00:00+02:00,2928.805,2938.03,2926.195,2937.555,,,,
2025-02-25T16:00:00+02:00,2937.57,2944.93,2931.98,2932.79,,2944.93,,
2025-02-25T17:00:00+02:00,2932.775,2934.89,2900.565,2906.015,,,,
2025-02-25T18:00:00+02:00,2906.02,2906.92,2888.18,2896.445,,,,2888.18
2025-02-25T19:00:00+02:00,2896.43,2909.035,2893.75,2907.725,,,,
2025-02-25T20:00:00+02:00,2907.755,2912.325,2905.445,2909.48,,,,
2025-02-25T21:00:00+02:00,2909.425,2913.98,2905.675,2912.095,,,,
2025-02-25T22:00:00+02:00,2912.11,2913.38,2910.89,2912.795,,,,
2025-02-25T23:00:00+02:00,2912.78,2917.335,2912.65,2915.045,,,,
2025-02-26T01:00:00+02:00,2915.835,2918.935,2913.775,2918.63,,,,
2025-02-26T02:00:00+02:00,2918.62,2926.315,2918.61,2923.605,,,,
2025-02-26T03:00:00+02:00,2923.655,2930.18,2915.345,2917.97,,2930.18,,
2025-02-26T04:00:00+02:00,2917.94,2923.11,2914.86,2921.225,,,,
2025-02-26T05:00:00+02:00,2921.23,2921.77,2916.57,2917.26,,,,
2025-02-26T06:00:00+02:00,2917.225,2919.045,2912.72,2915.075,,,,
2025-02-26T07:00:00+02:00,2915.04,2921.13,2914.87,2915.51,,,,
2025-02-26T08:00:00+02:00,2915.515,2916.27,2906.75,2906.78,,,,
2025-02-26T09:00:00+02:00,2906.795,2917.64,2905.905,2915.49,,,2905.905,
2025-02-26T10:00:00+02:00,2915.46,2918.41,2909.69,2918.105,,,,
2025-02-26T11:00:00+02:00,2918.09,2919.14,2912.205,2913.14,,,,
2025-02-26T12:00:00+02:00,2913.17,2916.91,2910.995,2912.705,,,,
2025-02-26T13:00:00+02:00,2912.695,2915.56,2912.225,2913.93,,,,
2025-02-26T14:00:00+02:00,2913.91,2915.655,2910.165,2913.96,,,,
2025-02-26T15:00:00+02:00,2913.975,2915.155,2905.595,2906.02,,,,
2025-02-26T16:00:00+02:00,2906.03,2906.205,2890.865,2901.695,,,,2890.865
2025-02-26T17:00:00+02:00,2901.56,2914.39,2898.605,2913.39,,,,
2025-02-26T18:00:00+02:00,2913.415,2916.835,2909.93,2913.15,,,,
2025-02-26T19:00:00+02:00,2913.145,2916.375,2910.42,2913.925,,,,
2025-02-26T20:00:00+02:00,2913.87,2916.19,2912.425,2914.97,,,,
2025-02-26T21:00:00+02:00,2914.965,2916.215,2913.4,2913.975,,,,
2025-02-26T22:00:00+02:00,2913.95,2916.79,2912.1,2916.315,,,,
2025-02-26T23:00:00+02:00,2916.26,2918.845,2916.04,2916.275,,,,
2025-02-27T01:00:00+02:00,2915.98,2920.815,2915.965,2919.41,,2920.815,,
2025-02-27T02:00:00+02:00,2919.405,2919.405,2916.01,2917.19,,,,
2025-02-27T03:00:00+02:00,2917.145,2918.38,2911.095,2912.68,,,,
2025-02-27T04:00:00+02:00,2912.705,2914.98,2904.41,2906.79,,,,
2025-02-27T05:00:00+02:00,2906.785,2909.225,2905.375,2905.875,,,,
2025-02-27T06:00:00+02:00,2905.81,2906.47,2896.355,2897.515,,,,
2025-02-27T07:00:00+02:00,2897.56,2898.72,2888.605,2890.935,,,,
2025-02-27T08:00:00+02:00,2890.88,2898.49,2890.495,2894.34,,,,
2025-02-27T09:00:00+02:00,2894.345,2896.775,2888.055,2892.035,,,,
2025-02-27T10:00:00+02:00,2892.045,2892.15,2880.72,2881.405,,,,
2025-02-27T11:00:00+02:00,2881.365,2893.535,2877.17,2887.585,,,,
2025-02-27T12:00:00+02:00,2887.6,2895.185,2886.62,2892.345,,,,
2025-02-27T13:00:00+02:00,2892.37,2895.025,2883.45,2884.105,,,,
2025-02-27T14:00:00+02:00,2884.095,2888.89,2883.255,2885.2,,,,
2025-02-27T15:00:00+02:00,2885.18,2892.215,2881.25,2889.145,,,,
2025-02-27T16:00:00+02:00,2889.125,2892.495,2867.795,2872.41,,,,2867.795
2025-02-27T17:00:00+02:00,2872.315,2882.655,2870.555,2872.355,,,,
2025-02-27T18:00:00+02:00,2872.405,2878.27,2871.9,2877.61,,,,
2025-02-27T19:00:00+02:00,2877.585,2883.84,2876.14,2883.305,,,,
2025-02-27T20:00:00+02:00,2883.225,2887.465,2882.89,2887.46,,,,
2025-02-27T21:00:00+02:00,2887.525,2887.745,2877.31,2879.345,,,,
2025-02-27T22:00:00+02:00,2879.36,2879.44,2872.83,2873.93,,,,
2025-02-27T23:00:00+02:00,2873.96,2878.085,2871.285,2877.195,,,,
2025-02-28T01:00:00+02:00,2876.52,2878.44,2875.1,2875.885,,,,
2025-02-28T02:00:00+02:00,2875.88,2880.315,2874.945,2877.03,,,,
2025-02-28T03:00:00+02:00,2877.035,2885.24,2873.94,2874.89,,,,
2025-02-28T04:00:00+02:00,2874.85,2877.915,2870.545,2873.395,,,,
2025-02-28T05:00:00+02:00,2873.385,2876.445,2863.745,2865.83,,,,
2025-02-28T06:00:00+02:00,2865.755,2866.13,2856.975,2863.525,,,,
2025-02-28T07:00:00+02:00,2863.455,2867.2,2861.87,2864.26,,,,
2025-02-28T08:00:00+02:00,2864.34,2866.735,2862.075,2863.72,,,,
2025-02-28T09:00:00+02:00,2863.69,2865.325,2857.465,2858.72,,,,
2025-02-28T10:00:00+02:00,2858.68,2860.49,2851.115,2856.145,,,,
2025-02-28T11:00:00+02:00,2856.13,2864.365,2855.95,2862.42,,,,
2025-02-28T12:00:00+02:00,2862.425,2864.985,2860.815,2862.905,,,,
2025-02-28T13:00:00+02:00,2862.905,2863.81,2859.185,2862.365,,,,
2025-02-28T14:00:00+02:00,2862.415,2865.025,2854.39,2856.44,,,,
2025-02-28T15:00:00+02:00,2856.49,2862.26,2848.37,2848.565,,,,
2025-02-28T16:00:00+02:00,2848.6,2851.85,2833.545,2834.095,,,,
2025-02-28T17:00:00+02:00,2834.01,2850.805,2832.72,2850.275,,,,2832.72
2025-02-28T18:00:00+02:00,2850.29,2854.035,2846.385,2848.705,,,,
2025-02-28T19:00:00+02:00,2848.69,2851.645,2844.655,2845.2,,,,
2025-02-28T20:00:00+02:00,2845.175,2847.765,2838.135,2845.35,,,,
2025-02-28T21:00:00+02:00,2845.33,2850.96,2844.2,2849.6,,,,
2025-02-28T22:00:00+02:00,2849.58,2855.2,2847.73,2854.76,,,,
2025-02-28T23:00:00+02:00,2854.765,2859.58,2853.355,2858.14,,,,
2025-03-03T01:00:00+02:00,2873.14,2876.85,2864.42,2871.125,,2876.85,,
2025-03-03T02:00:00+02:00,2871.09,2871.525,2865.335,2865.95,,,,
2025-03-03T03:00:00+02:00,2865.98,2872.15,2864.26,2870.97,,,,
2025-03-03T04:00:00+02:00,2870.965,2871.995,2867.75,2868.15,,,,
2025-03-03T05:00:00+02:00,2868.17,2868.17,2859.47,2864.87,,,,
2025-03-03T06:00:00+02:00,2864.86,2868.515,2863.195,2867.42,,,,
2025-03-03T07:00:00+02:00,2867.395,2867.45,2861.33,2863.995,,,,
2025-03-03T08:00:00+02:00,2863.94,2866.1,2861.815,2865.595,,,,
2025-03-03T09:00:00+02:00,2865.59,2866.41,2860.285,2863.325,,,,
2025-03-03T10:00:00+02:00,2863.365,2868.93,2859,2868.69,,,2859,
2025-03-03T11:00:00+02:00,2868.685,2871.565,2864.375,2867.495,,,,
2025-03-03T12:00:00+02:00,2867.52,2873.705,2867.275,2871.935,,,,
2025-03-03T13:00:00+02:00,2872.01,2875.575,2871.39,2874.49,,,,
2025-03-03T14:00:00+02:00,2874.38,2877.775,2874.1,2875.685,,,,
2025-03-03T15:00:00+02:00,2875.685,2876.325,2868.95,2872.72,,,,
2025-03-03T16:00:00+02:00,2872.53,2883.05,2871.365,2877.725,,,,
2025-03-03T17:00:00+02:00,2877.305,2890.53,2874,2887.925,,,,
2025-03-03T18:00:00+02:00,2887.97,2893.2,2886.115,2891.64,,,,
2025-03-03T19:00:00+02:00,2891.625,2893.015,2887.39,2890.91,,,,
2025-03-03T20:00:00+02:00,2890.905,2892.45,2886.66,2890,,,,
2025-03-03T21:00:00+02:00,2889.95,2891.28,2879.83,2881.67,,,,
2025-03-03T22:00:00+02:00,2881.65,2891.58,2878.435,2890.675,,,,
2025-03-03T23:00:00+02:00,2890.745,2895.21,2890.21,2892.985,2895.21,,,
2025-03-04T01:00:00+02:00,2892.7,2893.305,2890.635,2890.895,,,,
2025-03-04T02:00:00+02:00,2890.88,2893.85,2890.135,2891.945,,,,
2025-03-04T03:00:00+02:00,2891.995,2893.07,2881.98,2888.41,,,,
2025-03-04T04:00:00+02:00,2888.405,2889.37,2884.875,2885.535,,,,
2025-03-04T05:00:00+02:00,2885.51,2893.15,2885.06,2888.655,,,,
2025-03-04T06:00:00+02:00,2888.525,2892.7,2886.735,2891.37,,,,
2025-03-04T07:00:00+02:00,2891.395,2894.415,2888.515,2889.76,,,,
2025-03-04T08:00:00+02:00,2889.755,2889.87,2884.525,2887.445,,,,
2025-03-04T09:00:00+02:00,2887.445,2901.65,2887.115,2900.03,,,,
2025-03-04T10:00:00+02:00,2899.99,2918.735,2896.785,2914.22,,,,
2025-03-04T11:00:00+02:00,2914.31,2921.225,2912.63,2918.105,,,,
2025-03-04T12:00:00+02:00,2918.1,2918.175,2912.08,2914.725,,,,
2025-03-04T13:00:00+02:00,2914.695,2921.81,2913.02,2920.08,,,,
2025-03-04T14:00:00+02:00,2920.12,2925.625,2918.71,2924.935,,,,
2025-03-04T15:00:00+02:00,2925.03,2927.91,2919.81,2922.615,2927.91,,,
2025-03-04T16:00:00+02:00,2922.63,2923.08,2903.345,2903.365,,,,
2025-03-04T17:00:00+02:00,2903.385,2912.405,2900.39,2906.145,,,2900.39,
2025-03-04T18:00:00+02:00,2906.13,2916.11,2903.765,2915.18,,,,
2025-03-04T19:00:00+02:00,2915.21,2916.46,2911.105,2911.67,,,,
2025-03-04T20:00:00+02:00,2911.645,2915.275,2908.305,2911.375,,,,
2025-03-04T21:00:00+02:00,2911.39,2916.525,2911.26,2916.25,,,,
2025-03-04T22:00:00+02:00,2916.25,2920.61,2914.45,2917.285,,2920.61,,
2025-03-04T23:00:00+02:00,2917.3,2918.48,2913.435,2917.85,,,,
2025-03-05T01:00:00+02:00,2917.885,2917.885,2914.295,2914.39,,,,
2025-03-05T02:00:00+02:00,2914.405,2917.41,2912.27,2914.08,,,,
2025-03-05T03:00:00+02:00,2914.105,2915.23,2903.525,2907.24,,,,
2025-03-05T04:00:00+02:00,2907.26,2914.605,2902.04,2904.51,,,2902.04,
2025-03-05T05:00:00+02:00,2904.515,2913.6,2903.47,2908.76,,,,
2025-03-05T06:00:00+02:00,2908.79,2912.695,2908.62,2910.605,,,,
2025-03-05T07:00:00+02:00,2910.56,2918.975,2910.15,2918.905,,,,
2025-03-05T08:00:00+02:00,2918.87,2921.855,2913.595,2917.2,,,,
2025-03-05T09:00:00+02:00,2917.21,2919.825,2913.05,2918.15,,,,
2025-03-05T10:00:00+02:00,2918.145,2922,2916.865,2920.085,,,,
2025-03-05T11:00:00+02:00,2920.095,2922.675,2913.44,2919.02,2922.675,,,
2025-03-05T12:00:00+02:00,2919.04,2919.33,2909.1,2913.29,,,,
2025-03-05T13:00:00+02:00,2913.27,2917.35,2912.055,2913.265,,,,
2025-03-05T14:00:00+02:00,2913.31,2919.39,2912.39,2916.29,,,,
2025-03-05T15:00:00+02:00,2916.395,2916.68,2894.35,2900.04,,,,2894.35
2025-03-05T16:00:00+02:00,2900.03,2917.255,2897.795,2912.005,,,,
2025-03-05T17:00:00+02:00,2910.805,2923.985,2907.905,2917.26,,,,
2025-03-05T18:00:00+02:00,2917.25,2929.98,2915.295,2923.87,2929.98,,,
2025-03-05T19:00:00+02:00,2923.89,2925.35,2913.485,2916.055,,,,
2025-03-05T20:00:00+02:00,2916.07,2920.785,2911.88,2917.505,,,,
2025-03-05T21:00:00+02:00,2917.56,2921.43,2916.365,2920.545,,,,
2025-03-05T22:00:00+02:00,2920.53,2923.11,2919.55,2922.22,,,,
2025-03-05T23:00:00+02:00,2922.205,2922.46,2917.865,2919.265,,,,
2025-03-06T01:00:00+02:00,2918.685,2919.115,2916.835,2918.315,,,,
2025-03-06T02:00:00+02:00,2918.28,2920.405,2916.6,2916.745,,,,
2025-03-06T03:00:00+02:00,2916.74,2925.805,2916.01,2924.74,,,,
2025-03-06T04:00:00+02:00,2924.725,2926.72,2923.11,2925.71,,2926.72,,
2025-03-06T05:00:00+02:00,2925.715,2925.715,2920.13,2921.27,,,,
2025-03-06T06:00:00+02:00,2921.245,2921.585,2916.485,2917.54,,,,
2025-03-06T07:00:00+02:00,2917.48,2920.74,2914.63,2919.975,,,,
2025-03-06T08:00:00+02:00,2919.98,2923.11,2919.915,2920.705,,,,
2025-03-06T09:00:00+02:00,2920.705,2922.535,2909.81,2910.135,,,,
2025-03-06T10:00:00+02:00,2910.105,2911.595,2901.1,2904.845,,,,
2025-03-06T11:00:00+02:00,2904.85,2905.415,2891.15,2894.225,,,,2891.15
2025-03-06T12:00:00+02:00,2894.245,2905.34,2892.03,2899.39,,,,
2025-03-06T13:00:00+02:00,2899.335,2907.69,2898.685,2905.89,,,,
2025-03-06T14:00:00+02:00,2905.875,2907.16,2899.365,2903.345,,,,
2025-03-06T15:00:00+02:00,2903.35,2909.435,2900.865,2904.595,,,,
2025-03-06T16:00:00+02:00,2904.55,2916.67,2903.445,2915.215,,,,
2025-03-06T17:00:00+02:00,2915.22,2922.85,2909.21,2914.55,,2922.85,,
2025-03-06T18:00:00+02:00,2914.58,2918.515,2912.645,2917.235,,,,
2025-03-06T19:00:00+02:00,2917.245,2921.525,2914.46,2915.57,,,,
2025-03-06T20:00:00+02:00,2915.585,2920.77,2913.915,2916.235,,,,
2025-03-06T21:00:00+02:00,2916.245,2917.765,2912.355,2914.03,,,,
2025-03-06T22:00:00+02:00,2914.01,2916.6,2908.525,2908.895,,,,
2025-03-06T23:00:00+02:00,2908.9,2911.97,2908.45,2911.1,,,,
2025-03-07T01:00:00+02:00,2912.935,2913.48,2910.045,2910.395,,,,
2025-03-07T02:00:00+02:00,2910.385,2910.41,2896.91,2904.78,,,2896.91,
2025-03-07T03:00:00+02:00,2904.815,2910.37,2901.57,2906.965,,,,
2025-03-07T04:00:00+02:00,2906.96,2909.26,2901.345,2908.2,,,,
2025-03-07T05:00:00+02:00,2908.205,2909.135,2904.02,2905.465,,,,
2025-03-07T06:00:00+02:00,2905.41,2908.41,2904.825,2906.645,,,,
2025-03-07T07:00:00+02:00,2906.67,2912.54,2906.445,2909.66,,,,
2025-03-07T08:00:00+02:00,2909.655,2914.82,2907.82,2913.57,,,,
2025-03-07T09:00:00+02:00,2913.57,2917.41,2911.72,2917.2,,,,
2025-03-07T10:00:00+02:00,2917.22,2923.08,2915.31,2922.48,,,,
2025-03-07T11:00:00+02:00,2922.46,2923.18,2920.245,2921.62,,,,
2025-03-07T12:00:00+02:00,2921.605,2922.13,2917.155,2917.935,,,,
2025-03-07T13:00:00+02:00,2917.94,2922.105,2916.735,2918.85,,,,
2025-03-07T14:00:00+02:00,2918.86,2922.835,2918.08,2918.77,,,,
2025-03-07T15:00:00+02:00,2918.745,2926.425,2910.175,2913.835,,,,
2025-03-07T16:00:00+02:00,2913.8,2928.81,2903.83,2926.815,,,,
2025-03-07T17:00:00+02:00,2926.77,2930.54,2908.66,2915.875,2930.54,,,
2025-03-07T18:00:00+02:00,2915.855,2919.47,2911.685,2914.17,,,,
2025-03-07T19:00:00+02:00,2914.19,2916.35,2905.075,2908.325,,,,
2025-03-07T20:00:00+02:00,2908.27,2908.75,2902.065,2906.625,,,2902.065,
2025-03-07T21:00:00+02:00,2906.71,2909.58,2904.68,2905.305,,,,
2025-03-07T22:00:00+02:00,2905.305,2911.26,2904.865,2909.765,,,,
2025-03-07T23:00:00+02:00,2909.755,2912.695,2908.52,2909.55,,,,
2025-03-10T00:00:00+02:00,2912.41,2915.32,2909.93,2911.98,,,,
2025-03-10T01:00:00+02:00,2911.995,2917.08,2911.595,2916.34,,,,
2025-03-10T02:00:00+02:00,2916.33,2918.07,2913.035,2913.865,,,,
2025-03-10T03:00:00+02:00,2913.94,2918.385,2911.375,2912.155,,2918.385,,
2025-03-10T04:00:00+02:00,2912.215,2914.605,2909.53,2911.535,,,,
2025-03-10T05:00:00+02:00,2911.51,2913.585,2908.335,2911.045,,,,
2025-03-10T06:00:00+02:00,2911.035,2912.675,2910.38,2910.98,,,,
2025-03-10T07:00:00+02:00,2911,2911.975,2907.035,2909.985,,,,
2025-03-10T08:00:00+02:00,2910.05,2914.7,2909.41,2914.44,,,,
2025-03-10T09:00:00+02:00,2914.475,2915.59,2904.365,2908.52,,,,
2025-03-10T10:00:00+02:00,2908.49,2910.67,2897.625,2897.935,,,,
2025-03-10T11:00:00+02:00,2897.84,2915.595,2896.71,2911.215,,2915.595,,
2025-03-10T12:00:00+02:00,2911.2,2911.295,2898.425,2903.055,,,,
2025-03-10T13:00:00+02:00,2903.035,2904.805,2895.7,2904.22,,,,2895.7
2025-03-10T14:00:00+02:00,2904.235,2907.715,2900.405,2906.8,,,,
2025-03-10T15:00:00+02:00,2906.8,2908.675,2897.705,2903.79,,,,
2025-03-10T16:00:00+02:00,2903.795,2909.215,2900.995,2908.115,,,,
2025-03-10T17:00:00+02:00,2908.125,2910.635,2900.64,2904.57,,,,
2025-03-10T18:00:00+02:00,2904.59,2906.895,2895.9,2895.975,,,,
2025-03-10T19:00:00+02:00,2895.965,2896.175,2882.82,2886.135,,,,
2025-03-10T20:00:00+02:00,2886.105,2889.735,2880.31,2885.665,,,,2880.31
2025-03-10T21:00:00+02:00,2885.6,2891.065,2880.355,2885.59,,,,
2025-03-10T22:00:00+02:00,2885.575,2889.605,2884.45,2889.5,,,,
2025-03-11T00:00:00+02:00,2889.865,2889.96,2884.115,2884.655,,,,
2025-03-11T01:00:00+02:00,2884.66,2885.875,2882.43,2884.79,,,,
2025-03-11T02:00:00+02:00,2884.865,2888.78,2884.33,2887.415,,,,
2025-03-11T03:00:00+02:00,2887.54,2891.075,2880.25,2890.65,,,,2880.25
2025-03-11T04:00:00+02:00,2890.62,2900.515,2890.015,2899.175,,,,
2025-03-11T05:00:00+02:00,2899.18,2899.47,2895.21,2896.915,,,,
2025-03-11T06:00:00+02:00,2896.905,2898.685,2895.515,2897.77,,,,
2025-03-11T07:00:00+02:00,2897.755,2899.185,2892.815,2895.93,,,,
2025-03-11T08:00:00+02:00,2896,2902.89,2893.62,2902.35,,,,
2025-03-11T09:00:00+02:00,2902.34,2903.7,2897.585,2901.11,,,,
2025-03-11T10:00:00+02:00,2901.13,2910.675,2900.555,2910.01,,,,
2025-03-11T11:00:00+02:00,2910.015,2912.54,2908.935,2911.825,,,,
2025-03-11T12:00:00+02:00,2911.815,2914.595,2910.945,2912.105,,,,
2025-03-11T13:00:00+02:00,2912.115,2915.48,2910.81,2913.615,,,,
2025-03-11T14:00:00+02:00,2913.7,2916.11,2910.66,2913.11,,,,
2025-03-11T15:00:00+02:00,2913.115,2922.225,2906.89,2918.2,2922.225,,,
2025-03-11T16:00:00+02:00,2918.195,2920.905,2911.77,2914.195,,,,
2025-03-11T17:00:00+02:00,2914.195,2919.97,2914.1,2916.85,,,,
2025-03-11T18:00:00+02:00,2916.845,2918.145,2915.22,2917.2,,,,
2025-03-11T19:00:00+02:00,2917.225,2920.755,2914.21,2917.83,,,,
2025-03-11T20:00:00+02:00,2917.77,2919.59,2915.285,2918.355,,,,
2025-03-11T21:00:00+02:00,2918.34,2921.4,2917.51,2918.395,,2921.4,,
2025-03-11T22:00:00+02:00,2918.4,2919.095,2915.135,2915.695,,,,
2025-03-12T00:00:00+02:00,2915.36,2918.265,2914.435,2917.72,,,,
2025-03-12T01:00:00+02:00,2917.79,2919.755,2915.475,2915.555,,,,
2025-03-12T02:00:00+02:00,2915.575,2915.585,2912.23,2914.25,,,,
2025-03-12T03:00:00+02:00,2914.255,2917.48,2910.9,2915,,,2910.9,
2025-03-12T04:00:00+02:00,2914.93,2918.39,2914.055,2916.36,,,,
2025-03-12T05:00:00+02:00,2916.35,2920.11,2914.95,2915.035,,,,
2025-03-12T06:00:00+02:00,2915.055,2916.09,2912.63,2914.985,,,,
2025-03-12T07:00:00+02:00,2914.94,2916.57,2912.165,2916.035,,,,
2025-03-12T08:00:00+02:00,2916.06,2921.185,2911.435,2911.95,,,,
2025-03-12T09:00:00+02:00,2911.91,2915.755,2909.095,2914.655,,,,2909.095
2025-03-12T10:00:00+02:00,2914.605,2922.28,2914.175,2922.27,,,,
2025-03-12T11:00:00+02:00,2922.28,2925.39,2913.74,2914.73,2925.39,,,
2025-03-12T12:00:00+02:00,2914.705,2917.065,2912.86,2914.41,,,,
2025-03-12T13:00:00+02:00,2914.385,2916.855,2912.795,2915.39,,,,
2025-03-12T14:00:00+02:00,2915.4,2923.295,2912.15,2917.56,,,,
2025-03-12T15:00:00+02:00,2917.545,2918.855,2906.11,2915.595,,,,2906.11
2025-03-12T16:00:00+02:00,2915.58,2922.57,2914.36,2921.985,,,,
2025-03-12T17:00:00+02:00,2921.97,2929.49,2921.485,2928.46,,,,
2025-03-12T18:00:00+02:00,2928.59,2939.195,2928,2936.235,,,,
2025-03-12T19:00:00+02:00,2936.265,2940.69,2935.945,2936.21,2940.69,,,
2025-03-12T20:00:00+02:00,2936.235,2937.455,2933.88,2935.21,,,,
2025-03-12T21:00:00+02:00,2935.175,2935.695,2931,2931.405,,,,
2025-03-12T22:00:00+02:00,2931.35,2934.31,2930.965,2933.61,,,,
2025-03-13T00:00:00+02:00,2934.88,2939.075,2934.13,2938.205,,,,
2025-03-13T01:00:00+02:00,2938.215,2939.495,2934.795,2938.195,,,,
2025-03-13T02:00:00+02:00,2938.15,2939.49,2937.645,2938.71,,,,
2025-03-13T03:00:00+02:00,2938.685,2941.56,2936.64,2937.92,,,,
2025-03-13T04:00:00+02:00,2937.835,2946.145,2937.55,2944.38,,,,
2025-03-13T05:00:00+02:00,2944.375,2947.195,2943.13,2945.755,2947.195,,,
2025-03-13T06:00:00+02:00,2945.71,2946.31,2943.515,2944.76,,,,
2025-03-13T07:00:00+02:00,2944.7,2945.1,2938.31,2940.14,,,,
2025-03-13T08:00:00+02:00,2940.055,2940.355,2935.515,2936.955,,,,
2025-03-13T09:00:00+02:00,2936.95,2938.19,2932.98,2935.32,,,2932.98,
2025-03-13T10:00:00+02:00,2935.34,2945.01,2934.885,2941.54,,,,
2025-03-13T11:00:00+02:00,2941.545,2948.93,2941.12,2947.835,,,,
2025-03-13T12:00:00+02:00,2947.84,2948.695,2942.13,2944.15,,,,
2025-03-13T13:00:00+02:00,2944.165,2948.65,2944.165,2946.395,,,,
2025-03-13T14:00:00+02:00,2946.39,2949.3,2941.22,2942.575,,,,
2025-03-13T15:00:00+02:00,2942.59,2952.542,2939.09,2950.49,,,,
2025-03-13T16:00:00+02:00,2950.485,2971.26,2949.955,2970.05,,,,
2025-03-13T17:00:00+02:00,2970.07,2978.45,2966.545,2977.9,,,,
2025-03-13T18:00:00+02:00,2977.915,2985.29,2976.695,2980.16,,,,
2025-03-13T19:00:00+02:00,2980.155,2982.27,2976.525,2979.555,,,,
2025-03-13T20:00:00+02:00,2979.57,2984.425,2979.195,2983.325,,,,
2025-03-13T21:00:00+02:00,2983.36,2985.57,2980.605,2982.94,,,,
2025-03-13T22:00:00+02:00,2982.965,2989.3,2981.345,2988.695,,,,
2025-03-14T00:00:00+02:00,2984.23,2990.055,2983.345,2987.31,,,,
2025-03-14T01:00:00+02:00,2987.315,2989.365,2985.445,2986.465,,,,
2025-03-14T02:00:00+02:00,2986.46,2988.83,2984.71,2986.76,,,,
2025-03-14T03:00:00+02:00,2986.755,2990.275,2981.715,2988.07,,,,
2025-03-14T04:00:00+02:00,2988.015,2988.605,2983.845,2984.095,,,,
2025-03-14T05:00:00+02:00,2984.065,2992.975,2983.865,2992.7,,,,
2025-03-14T06:00:00+02:00,2992.77,2994,2984.49,2985.535,,,,
2025-03-14T07:00:00+02:00,2985.555,2986.795,2981.96,2986.525,,,,
2025-03-14T08:00:00+02:00,2986.55,2987.76,2981.285,2985.745,,,,
2025-03-14T09:00:00+02:00,2985.705,2987.1,2980.915,2986.975,,,2980.915,
2025-03-14T10:00:00+02:00,2986.965,2993.36,2985.28,2993,,,,
2025-03-14T11:00:00+02:00,2992.995,2999.585,2992.71,2998.795,,,,
2025-03-14T12:00:00+02:00,2998.805,3005.04,2986.69,2993.445,3005.04,,,
2025-03-14T13:00:00+02:00,2993.465,2999.265,2993.345,2993.56,,,,
2025-03-14T14:00:00+02:00,2993.535,2999.715,2993.43,2993.955,,,,
2025-03-14T15:00:00+02:00,2993.965,2996.23,2983.2,2985.69,,,,
2025-03-14T16:00:00+02:00,2985.59,2993.455,2982.035,2985.46,,,,
2025-03-14T17:00:00+02:00,2985.5,2986.6,2978.505,2984.62,,,,2978.505
2025-03-14T18:00:00+02:00,2984.605,2990.08,2982.995,2989.885,,,,
2025-03-14T19:00:00+02:00,2989.875,2990.51,2986.425,2986.625,,,,
2025-03-14T20:00:00+02:00,2986.635,2987.14,2983.205,2983.475,,,,
2025-03-14T21:00:00+02:00,2983.465,2986.08,2982.255,2984.01,,,,
2025-03-14T22:00:00+02:00,2983.975,2988.875,2981.85,2984.91,,,,
2025-03-17T00:00:00+02:00,2988.225,2990.765,2986.29,2989.16,,,,
2025-03-17T01:00:00+02:00,2989.185,2994.235,2988.38,2990.125,,2994.235,,
2025-03-17T02:00:00+02:00,2990.21,2991.165,2986.415,2991.005,,,,
2025-03-17T03:00:00+02:00,2990.97,2993.235,2988.79,2990.89,,,,
2025-03-17T04:00:00+02:00,2990.895,2992.105,2987.04,2988.125,,,,
2025-03-17T05:00:00+02:00,2988.115,2988.76,2985.405,2987.035,,,,
2025-03-17T06:00:00+02:00,2987.02,2987.935,2982.485,2982.71,,,,
2025-03-17T07:00:00+02:00,2982.77,2986.23,2982.34,2986.145,,,2982.34,
2025-03-17T08:00:00+02:00,2986.2,2990.83,2985.48,2989.985,,,,
2025-03-17T09:00:00+02:00,2989.935,2990.035,2984.18,2985.545,,,,
2025-03-17T10:00:00+02:00,2985.575,2988.515,2983.175,2988.515,,,,
2025-03-17T11:00:00+02:00,2988.51,2996.955,2987.63,2995.79,,,,
2025-03-17T12:00:00+02:00,2995.785,2999.705,2994.79,2999.03,,,,
2025-03-17T13:00:00+02:00,2999.05,3001.19,2996.41,2997.55,3001.19,,,
2025-03-17T14:00:00+02:00,2997.545,2997.92,2984.93,2987.275,,,,
2025-03-17T15:00:00+02:00,2987.27,2991.45,2986.14,2988.43,,,,
2025-03-17T16:00:00+02:00,2988.415,3000.55,2987.245,2998.72,,,,
2025-03-17T17:00:00+02:00,2998.755,2999.45,2992.965,2997.255,,,,
2025-03-17T18:00:00+02:00,2997.26,2997.835,2993.125,2994.57,,,,
2025-03-17T19:00:00+02:00,2994.6,2999.545,2994.6,2997.955,,,,
2025-03-17T20:00:00+02:00,2997.95,3000.415,2996.945,2999.405,,,,
2025-03-17T21:00:00+02:00,2999.41,3000.925,2997.735,3000.355,,,,
2025-03-17T22:00:00+02:00,3000.32,3001.975,3000.16,3001.13,,,,
2025-03-18T00:00:00+02:00,3001.16,3001.265,3000.095,3000.34,,,,
2025-03-18T01:00:00+02:00,3000.33,3002.89,2999.655,2999.81,,,,
2025-03-18T02:00:00+02:00,2999.805,3003.615,2999.59,3001.565,,,,
2025-03-18T03:00:00+02:00,3001.48,3008.555,2999.46,3005.83,,,,
2025-03-18T04:00:00+02:00,3005.82,3012.24,3002.9,3010.955,,,,
2025-03-18T05:00:00+02:00,3010.96,3015.21,3009.645,3011.515,,,,
2025-03-18T06:00:00+02:00,3011.535,3017.2,3011.32,3014.47,,,,
2025-03-18T07:00:00+02:00,3014.465,3014.85,3006.145,3011.96,,,,
2025-03-18T08:00:00+02:00,3012.02,3017.895,3010.67,3015.86,,,,
2025-03-18T09:00:00+02:00,3015.87,3019,3014.59,3016.63,,,,
2025-03-18T10:00:00+02:00,3016.655,3027.28,3016.485,3026.595,,,,
2025-03-18T11:00:00+02:00,3026.64,3028.52,3018.225,3020.25,,,,
2025-03-18T12:00:00+02:00,3020.21,3025.845,3019.695,3024.16,,,,
2025-03-18T13:00:00+02:00,3024.17,3029.595,3022.53,3026.92,,,,
2025-03-18T14:00:00+02:00,3026.905,3035.96,3026.805,3034.36,,,,
2025-03-18T15:00:00+02:00,3034.37,3038.35,3026.25,3033.34,3038.35,,,
2025-03-18T16:00:00+02:00,3033.325,3033.325,3024.805,3028.055,,,,
2025-03-18T17:00:00+02:00,3028.075,3032.69,3025.265,3031.8,,,,
2025-03-18T18:00:00+02:00,3031.785,3037.035,3030.56,3036.14,,,,
2025-03-18T19:00:00+02:00,3036.115,3036.38,3029.83,3032.605,,,,
2025-03-18T20:00:00+02:00,3032.6,3036.445,3032.47,3035.93,,,,
2025-03-18T21:00:00+02:00,3035.915,3038.065,3035.275,3035.63,,3038.065,,
2025-03-18T22:00:00+02:00,3035.68,3036.095,3033.385,3034.115,,,,
2025-03-19T00:00:00+02:00,3033.97,3034.635,3032.775,3034.505,,,,
2025-03-19T01:00:00+02:00,3034.535,3035.07,3031.56,3031.79,,,,
2025-03-19T02:00:00+02:00,3031.765,3034.035,3030.53,3031.485,,,,
2025-03-19T03:00:00+02:00,3031.46,3032.73,3027.45,3029.51,,,3027.45,
2025-03-19T04:00:00+02:00,3029.47,3033.915,3029.1,3033.465,,,,
2025-03-19T05:00:00+02:00,3033.47,3039.045,3032.315,3036.335,,,,
2025-03-19T06:00:00+02:00,3036.325,3037.73,3034.32,3036.55,,,,
2025-03-19T07:00:00+02:00,3036.625,3045.41,3036.575,3044.59,3045.41,,,
2025-03-19T08:00:00+02:00,3044.625,3044.84,3034.5,3042.34,,,,
2025-03-19T09:00:00+02:00,3042.33,3042.95,3035.59,3035.945,,,,
2025-03-19T10:00:00+02:00,3035.975,3037.19,3024.79,3025.34,,,,
2025-03-19T11:00:00+02:00,3025.31,3031.545,3022.885,3030.64,,,,3022.885
2025-03-19T12:00:00+02:00,3030.62,3037.865,3028.415,3034.725,,,,
2025-03-19T13:00:00+02:00,3034.72,3039.985,3033.775,3038.99,,,,
2025-03-19T14:00:00+02:00,3038.975,3041.1,3036.37,3037.245,,,,
2025-03-19T15:00:00+02:00,3037.25,3038.285,3027.705,3033.425,,,,
2025-03-19T16:00:00+02:00,3033.415,3033.415,3025.96,3027.67,,,,
2025-03-19T17:00:00+02:00,3027.64,3033.255,3026.865,3031.56,,,,
2025-03-19T18:00:00+02:00,3031.595,3038.455,3031.405,3033.135,,,,
2025-03-19T19:00:00+02:00,3033.15,3034.265,3029.52,3030.695,,,,
2025-03-19T20:00:00+02:00,3030.7,3048.83,3030.11,3046.94,,,,
2025-03-19T21:00:00+02:00,3047.045,3051.97,3041.02,3048.045,,,,
2025-03-19T22:00:00+02:00,3048.03,3048.295,3044.385,3047.14,,,,
2025-03-20T00:00:00+02:00,3048.72,3050.745,3047.285,3050.245,,,,
2025-03-20T01:00:00+02:00,3050.24,3051.28,3048.79,3050.14,,,,
2025-03-20T02:00:00+02:00,3050.155,3055.62,3050.155,3053.285,,,,
2025-03-20T03:00:00+02:00,3053.315,3056.23,3049.45,3049.69,,,,
2025-03-20T04:00:00+02:00,3049.705,3052.25,3045.08,3045.76,,,,
2025-03-20T05:00:00+02:00,3045.755,3050.495,3045.565,3050.005,,,,
2025-03-20T06:00:00+02:00,3049.975,3057.59,3048.21,3052.42,3057.59,,,
2025-03-20T07:00:00+02:00,3052.53,3053.485,3045.005,3046.97,,,,
2025-03-20T08:00:00+02:00,3047,3051.625,3045.765,3049.025,,,,
2025-03-20T09:00:00+02:00,3049.045,3049.045,3041.855,3042.34,,,,
2025-03-20T10:00:00+02:00,3042.375,3043.945,3038.805,3042.055,,,,
2025-03-20T11:00:00+02:00,3042.045,3046.36,3040.73,3041.53,,,,
2025-03-20T12:00:00+02:00,3041.525,3041.525,3025.73,3034.34,,,3025.73,
2025-03-20T13:00:00+02:00,3034.345,3035.27,3029.38,3034.52,,,,
2025-03-20T14:00:00+02:00,3034.56,3042.38,3033.465,3040.925,,,,
2025-03-20T15:00:00+02:00,3040.92,3041.145,3030.045,3033.005,,,,
2025-03-20T16:00:00+02:00,3032.95,3040.885,3030.695,3040.24,,,,
2025-03-20T17:00:00+02:00,3040.19,3041.915,3037.68,3040.82,,,,
2025-03-20T18:00:00+02:00,3040.835,3043.27,3034.03,3038.33,,,,
2025-03-20T19:00:00+02:00,3038.37,3041.975,3034.85,3041.795,,,,
2025-03-20T20:00:00+02:00,3041.805,3045.425,3040.92,3043.33,,,,
2025-03-20T21:00:00+02:00,3043.285,3046.225,3043.285,3044.715,,,,
2025-03-20T22:00:00+02:00,3044.74,3045.945,3044.39,3044.66,,,,
2025-03-21T00:00:00+02:00,3045.005,3046.055,3043.54,3045.828,,,,
2025-03-21T01:00:00+02:00,3045.835,3046.68,3044.59,3046.49,,,,
2025-03-21T02:00:00+02:00,3046.485,3047.55,3042.42,3042.925,,3047.55,,
2025-03-21T03:00:00+02:00,3042.95,3044.635,3035.895,3035.95,,,,
2025-03-21T04:00:00+02:00,3035.94,3037.08,3033.845,3034.75,,,,
2025-03-21T05:00:00+02:00,3034.685,3034.745,3030.095,3030.665,,,,
2025-03-21T06:00:00+02:00,3030.66,3032.06,3028.065,3029.88,,,,
2025-03-21T07:00:00+02:00,3029.92,3030.38,3021.845,3028.105,,,,3021.845
2025-03-21T08:00:00+02:00,3028.11,3034.13,3027.55,3029.875,,,,
2025-03-21T09:00:00+02:00,3029.885,3033.52,3028.135,3032.1,,,,
2025-03-21T10:00:00+02:00,3032.11,3034.91,3027.16,3033.02,,,,
2025-03-21T11:00:00+02:00,3032.975,3033.145,3027.8,3029.7,,,,
2025-03-21T12:00:00+02:00,3029.685,3033.57,3029.68,3030.955,,,,
2025-03-21T13:00:00+02:00,3030.865,3037.725,3029.04,3034.355,,,,
2025-03-21T14:00:00+02:00,3034.35,3038.195,3033.555,3034.115,,3038.195,,
2025-03-21T15:00:00+02:00,3034.11,3036.95,3004.27,3006.655,,,,
2025-03-21T16:00:00+02:00,3006.62,3016.815,2999.465,3015.765,,,,2999.465
2025-03-21T17:00:00+02:00,3015.8,3017.93,3010.095,3011.18,,,,
2025-03-21T18:00:00+02:00,3011.155,3017.065,3010.7,3015.25,,,,
2025-03-21T19:00:00+02:00,3015.31,3018.37,3012.885,3013.735,,,,
2025-03-21T20:00:00+02:00,3013.725,3021.73,3013.515,3017.53,,,,
2025-03-21T21:00:00+02:00,3017.495,3022.01,3016.04,3019.985,,,,
2025-03-21T22:00:00+02:00,3020.035,3024.275,3019.95,3023.985,,,,
2025-03-24T00:00:00+02:00,3023.165,3026.19,3022.43,3025.655,,,,
2025-03-24T01:00:00+02:00,3025.685,3026.41,3023.39,3024.865,,3026.41,,
2025-03-24T02:00:00+02:00,3024.73,3025.57,3017.06,3018.41,,,,
2025-03-24T03:00:00+02:00,3018.485,3025.705,3018.185,3020.965,,,,
2025-03-24T04:00:00+02:00,3021.07,3024.58,3013.755,3016.415,,,3013.755,
2025-03-24T05:00:00+02:00,3016.365,3019.84,3015.695,3016.955,,,,
2025-03-24T06:00:00+02:00,3017.02,3020.145,3016.635,3019.52,,,,
2025-03-24T07:00:00+02:00,3019.51,3023.27,3018.985,3022.135,,,,
2025-03-24T08:00:00+02:00,3022.025,3025.73,3017.385,3025.08,,,,
2025-03-24T09:00:00+02:00,3025.14,3028.88,3021,3022.36,,,,
2025-03-24T10:00:00+02:00,3022.35,3029.05,3021.865,3028.9,,,,
2025-03-24T11:00:00+02:00,3028.995,3031.05,3022.64,3023.665,,,,
2025-03-24T12:00:00+02:00,3023.645,3033.34,3023.465,3028.105,3033.34,,,
2025-03-24T13:00:00+02:00,3028.1,3029.295,3024.45,3024.64,,,,
2025-03-24T14:00:00+02:00,3024.65,3028.74,3022.415,3024.205,,,,
2025-03-24T15:00:00+02:00,3024.18,3028.37,3019.25,3022.615,,,,
2025-03-24T16:00:00+02:00,3022.535,3024.1,3008.05,3012.12,,,,
2025-03-24T17:00:00+02:00,3012.13,3015.31,3005.88,3014.18,,,,
2025-03-24T18:00:00+02:00,3014.19,3015.71,3008.025,3009.835,,,,
2025-03-24T19:00:00+02:00,3009.82,3010.005,3005.935,3007.135,,,,
2025-03-24T20:00:00+02:00,3007.115,3008.15,3002.495,3006.79,,,,3002.495
2025-03-24T21:00:00+02:00,3006.84,3008.29,3005.07,3006.155,,,,
2025-03-24T22:00:00+02:00,3006.105,3014.59,3005.655,3012.15,,,,
2025-03-25T00:00:00+02:00,3011.705,3012.355,3009.025,3011.5,,,,
2025-03-25T01:00:00+02:00,3011.515,3012.47,3009.47,3010.045,,,,
2025-03-25T02:00:00+02:00,3010.21,3014.985,3009.205,3014.47,,,,
2025-03-25T03:00:00+02:00,3014.46,3014.68,3010.515,3011.88,,,,
2025-03-25T04:00:00+02:00,3011.9,3012.435,3007.54,3009.14,,,,
2025-03-25T05:00:00+02:00,3009.155,3016.28,3008.66,3015.235,,,,
2025-03-25T06:00:00+02:00,3015.295,3016.465,3014.76,3015.315,,,,
2025-03-25T07:00:00+02:00,3015.29,3021.135,3014.315,3018.435,,,,
2025-03-25T08:00:00+02:00,3018.43,3018.745,3014.79,3017.76,,,,
2025-03-25T09:00:00+02:00,3017.765,3018.115,3010.595,3011.225,,,,
2025-03-25T10:00:00+02:00,3011.23,3021.89,3010.655,3021.41,,,,
2025-03-25T11:00:00+02:00,3021.325,3023.635,3018.975,3023.365,,,,
2025-03-25T12:00:00+02:00,3023.355,3024.97,3020.63,3023.62,,,,
2025-03-25T13:00:00+02:00,3023.615,3026.59,3020.46,3020.74,,,,
2025-03-25T14:00:00+02:00,3020.79,3023.33,3014.205,3021.86,,,,
2025-03-25T15:00:00+02:00,3021.825,3030.8,3021,3028.99,,,,
2025-03-25T16:00:00+02:00,3028.985,3036.07,3025.02,3025.17,3036.07,,,
2025-03-25T17:00:00+02:00,3025.055,3028.08,3018.065,3021.59,,,,
2025-03-25T18:00:00+02:00,3021.6,3025.64,3021.49,3023.28,,,,
2025-03-25T19:00:00+02:00,3023.285,3023.42,3019.855,3022.7,,,,
2025-03-25T20:00:00+02:00,3022.66,3023.005,3017.855,3018.615,,,,
2025-03-25T21:00:00+02:00,3018.605,3020.84,3017.835,3019.72,,,,
2025-03-25T22:00:00+02:00,3019.675,3020.85,3018.905,3020.09,,,,
2025-03-26T00:00:00+02:00,3021.175,3022.47,3020.405,3021.425,,,,
2025-03-26T01:00:00+02:00,3021.46,3022.025,3020.605,3021.08,,,,
2025-03-26T02:00:00+02:00,3021.07,3022.255,3017.885,3018.195,,,,
2025-03-26T03:00:00+02:00,3018.2,3025.555,3016.44,3024.88,,,,
2025-03-26T04:00:00+02:00,3024.885,3027.17,3022.885,3024.44,,,,
2025-03-26T05:00:00+02:00,3024.405,3024.405,3016.515,3017.635,,,,
2025-03-26T06:00:00+02:00,3017.64,3017.7,3014.36,3015.275,,,,
2025-03-26T07:00:00+02:00,3015.27,3024.185,3013.32,3022.665,,,3013.32,
2025-03-26T08:00:00+02:00,3022.66,3026.495,3022.12,3026.345,,,,
2025-03-26T09:00:00+02:00,3026.35,3030.905,3025.125,3030.575,,,,
2025-03-26T10:00:00+02:00,3030.585,3032.165,3023.66,3024.09,,3032.165,,
2025-03-26T11:00:00+02:00,3024.115,3024.25,3017.515,3018.765,,,,
2025-03-26T12:00:00+02:00,3018.705,3025.12,3017.075,3023.41,,,,
2025-03-26T13:00:00+02:00,3023.335,3030.45,3023.335,3027.595,,,,
2025-03-26T14:00:00+02:00,3027.595,3030.155,3025.53,3027.19,,,,
2025-03-26T15:00:00+02:00,3027.18,3027.52,3015.92,3016.715,,,,
2025-03-26T16:00:00+02:00,3016.68,3021.765,3014.995,3017.515,,,,
2025-03-26T17:00:00+02:00,3017.505,3018.94,3012.33,3015.93,,,,3012.33
2025-03-26T18:00:00+02:00,3015.95,3020.15,3015.285,3015.725,,,,
2025-03-26T19:00:00+02:00,3015.725,3019.065,3015.375,3018.78,,,,
2025-03-26T20:00:00+02:00,3018.805,3020.97,3018.26,3018.38,,,,
2025-03-26T21:00:00+02:00,3018.41,3019.14,3015.815,3017.38,,,,
2025-03-26T22:00:00+02:00,3017.395,3021.86,3017.245,3019.495,,,,
2025-03-27T00:00:00+02:00,3020.345,3021.115,3018.155,3019.485,,,,
2025-03-27T01:00:00+02:00,3019.545,3021.905,3017.655,3021.725,,,,
2025-03-27T02:00:00+02:00,3021.715,3025.915,3021.655,3025.47,,,,
2025-03-27T03:00:00+02:00,3025.5,3028.51,3023.015,3023.645,,,,
2025-03-27T04:00:00+02:00,3023.65,3032.93,3023.32,3031.79,,,,
2025-03-27T05:00:00+02:00,3031.755,3034.33,3029.705,3033.745,,,,
2025-03-27T06:00:00+02:00,3033.695,3038.695,3031.8,3034.2,,,,
2025-03-27T07:00:00+02:00,3034.255,3035.97,3029.4,3029.8,,,,
2025-03-27T08:00:00+02:00,3029.75,3033.41,3026.765,3030.025,,,,
2025-03-27T09:00:00+02:00,3030.02,3036.805,3029.355,3035.96,,,,
2025-03-27T10:00:00+02:00,3035.975,3038.015,3033.865,3036.175,,,,
2025-03-27T11:00:00+02:00,3036.18,3041.16,3034.67,3040.08,,,,
2025-03-27T12:00:00+02:00,3040.08,3055.98,3039.91,3051.49,,,,
2025-03-27T13:00:00+02:00,3051.525,3055.685,3048.85,3054.735,,,,
2025-03-27T14:00:00+02:00,3054.75,3056.03,3047.1,3050.075,,,,
2025-03-27T15:00:00+02:00,3050.08,3052.255,3033.475,3040.715,,,3033.475,
2025-03-27T16:00:00+02:00,3040.73,3059.755,3040.73,3057.66,3059.755,,,
2025-03-27T17:00:00+02:00,3057.7,3059.33,3051.375,3052.18,,,,
2025-03-27T18:00:00+02:00,3052.18,3054.325,3047.91,3048.43,,,,
2025-03-27T19:00:00+02:00,3048.415,3053.29,3047.87,3052.93,,,,
2025-03-27T20:00:00+02:00,3052.925,3057.635,3052.785,3055.86,,,,
2025-03-27T21:00:00+02:00,3055.87,3057.955,3054.95,3057.535,,,,
2025-03-27T22:00:00+02:00,3057.53,3057.645,3055.16,3056.605,,,,
2025-03-28T00:00:00+02:00,3056.07,3057.81,3054.56,3055.105,,,,
2025-03-28T01:00:00+02:00,3055.16,3056.185,3054.235,3055.795,,,,
2025-03-28T02:00:00+02:00,3055.78,3063.455,3055.095,3061.985,,,,
2025-03-28T03:00:00+02:00,3061.945,3074.09,3061.835,3073.94,,,,
2025-03-28T04:00:00+02:00,3073.955,3077.68,3070.095,3071.925,,,,
2025-03-28T05:00:00+02:00,3071.895,3076.69,3069.745,3075.29,,,,
2025-03-28T06:00:00+02:00,3075.285,3075.4,3072.645,3073.905,,,,
2025-03-28T07:00:00+02:00,3073.95,3082.14,3072.625,3077.895,,,,
2025-03-28T08:00:00+02:00,3077.85,3085.02,3076.78,3084.76,,,,
2025-03-28T09:00:00+02:00,3084.74,3086.09,3077.735,3079.285,3086.09,,,
2025-03-28T10:00:00+02:00,3079.3,3081.32,3066.145,3072.97,,,3066.145,
2025-03-28T11:00:00+02:00,3072.965,3076.21,3069.655,3072.925,,,,
2025-03-28T12:00:00+02:00,3072.855,3074.73,3067.37,3074.405,,,,
2025-03-28T13:00:00+02:00,3074.395,3079.925,3074.13,3076.35,,,,
2025-03-28T14:00:00+02:00,3076.375,3082,3072.465,3077.505,,,,
2025-03-28T15:00:00+02:00,3077.38,3084.355,3070.85,3083.36,,,,
2025-03-28T16:00:00+02:00,3083.355,3086.965,3068.165,3070.02,3086.965,,,
2025-03-28T17:00:00+02:00,3069.97,3085.845,3067.43,3083.845,,,,
2025-03-28T18:00:00+02:00,3083.865,3086.755,3080.48,3083.985,,,,
2025-03-28T19:00:00+02:00,3083.98,3085.97,3076.13,3077.425,,,,
2025-03-28T20:00:00+02:00,3077.41,3080.505,3073.655,3079.72,,,,
2025-03-28T21:00:00+02:00,3079.715,3081.945,3079.475,3080.775,,,,
2025-03-28T22:00:00+02:00,3080.795,3086,3080.795,3085.345,,,,
2025-03-31T01:00:00+03:00,3093.01,3097.978,3088.59,3090.155,,,,
2025-03-31T02:00:00+03:00,3090.135,3090.96,3088.01,3089.16,,,,
2025-03-31T03:00:00+03:00,3089.25,3089.745,3077.45,3079.125,,,,
2025-03-31T04:00:00+03:00,3079.12,3095.54,3076.805,3094.895,,,3076.805,
2025-03-31T05:00:00+03:00,3094.755,3107.25,3094.05,3106.74,,,,
2025-03-31T06:00:00+03:00,3106.76,3111.865,3105.245,3107.185,,,,
2025-03-31T07:00:00+03:00,3107.255,3116.09,3106.01,3113.505,,,,
2025-03-31T08:00:00+03:00,3113.465,3120.21,3107.565,3116.575,,,,
2025-03-31T09:00:00+03:00,3116.595,3128.135,3113.445,3119.39,3128.135,,,
2025-03-31T10:00:00+03:00,3119.41,3125.385,3118.615,3124.62,,,,
2025-03-31T11:00:00+03:00,3124.5,3127.295,3121.07,3122.26,,,,
2025-03-31T12:00:00+03:00,3122.295,3123.445,3111.93,3115.07,,,,
2025-03-31T13:00:00+03:00,3115.1,3123.795,3111.96,3118.525,,,,
2025-03-31T14:00:00+03:00,3118.545,3119.83,3113.485,3119.62,,,,
2025-03-31T15:00:00+03:00,3119.63,3126.77,3118.205,3124.575,,,,
2025-03-31T16:00:00+03:00,3124.595,3124.805,3099.71,3113.525,,,3099.71,
2025-03-31T17:00:00+03:00,3113.505,3123.675,3110.97,3123.325,,,,
2025-03-31T18:00:00+03:00,3123.32,3127.3,3112.915,3113.795,,3127.3,,
2025-03-31T19:00:00+03:00,3113.825,3120.745,3111.71,3117.675,,,,
2025-03-31T20:00:00+03:00,3117.68,3120.385,3115.925,3117.935,,,,
2025-03-31T21:00:00+03:00,3117.88,3123.45,3117.405,3121.52,,,,
2025-03-31T22:00:00+03:00,3121.515,3124.71,3120.955,3124.485,,,,
2025-03-31T23:00:00+03:00,3124.495,3124.835,3122.98,3123.72,,,,
2025-04-01T01:00:00+03:00,3124.935,3125.56,3121.725,3122.86,,,,
2025-04-01T02:00:00+03:00,3122.885,3126.6,3120.125,3120.535,,,,
2025-04-01T03:00:00+03:00,3120.54,3128.075,3120.335,3127.275,,,,
2025-04-01T04:00:00+03:00,3127.27,3138.365,3126.605,3135.485,,,,
2025-04-01T05:00:00+03:00,3135.49,3145.6,3133.095,3145.265,,,,
2025-04-01T06:00:00+03:00,3145.2,3147.47,3142.68,3146.1,,,,
2025-04-01T07:00:00+03:00,3146.125,3148.01,3142.85,3144.765,,,,
2025-04-01T08:00:00+03:00,3144.76,3149.09,3130.63,3132.08,3149.09,,,
2025-04-01T09:00:00+03:00,3132.085,3138.26,3126.665,3133.785,,,,
2025-04-01T10:00:00+03:00,3133.745,3137.825,3124.105,3127.605,,,3124.105,
2025-04-01T11:00:00+03:00,3127.6,3135.71,3126.47,3131.08,,,,
2025-04-01T12:00:00+03:00,3131.13,3134.22,3130.315,3132.355,,,,
2025-04-01T13:00:00+03:00,3132.36,3139.07,3130.8,3132.37,,,,
2025-04-01T14:00:00+03:00,3132.365,3135.95,3128.79,3130.455,,,,
2025-04-01T15:00:00+03:00,3130.52,3134.685,3127.77,3133.495,,,,
2025-04-01T16:00:00+03:00,3133.455,3137.195,3128.34,3134.085,,,,
2025-04-01T17:00:00+03:00,3134.03,3135.425,3123.815,3128.74,,,,
2025-04-01T18:00:00+03:00,3128.765,3133.08,3113.44,3113.79,,,,
2025-04-01T19:00:00+03:00,3113.755,3116.855,3100.87,3106.715,,,,3100.87
2025-04-01T20:00:00+03:00,3106.705,3114.675,3105.77,3113.755,,,,
2025-04-01T21:00:00+03:00,3113.735,3118.74,3113.36,3114.17,,,,
2025-04-01T22:00:00+03:00,3114.175,3119.165,3113.775,3118.89,,,,
2025-04-01T23:00:00+03:00,3118.695,3120.78,3113.19,3114.475,,,,
2025-04-02T01:00:00+03:00,3114.095,3114.875,3107.83,3111.435,,,,
2025-04-02T02:00:00+03:00,3111.48,3116.34,3111.355,3115.325,,,,
2025-04-02T03:00:00+03:00,3115.34,3123.835,3113.1,3123.015,,,,
2025-04-02T04:00:00+03:00,3123.01,3135.435,3121.44,3133.23,,,,
2025-04-02T05:00:00+03:00,3133.235,3135.805,3128.6,3128.7,,3135.805,,
2025-04-02T06:00:00+03:00,3128.68,3132.205,3124.66,3125.65,,,,
2025-04-02T07:00:00+03:00,3125.65,3126.81,3115.555,3116.13,,,,
2025-04-02T08:00:00+03:00,3116.2,3119.195,3106.705,3118.04,,,3106.705,
2025-04-02T09:00:00+03:00,3118.06,3119.725,3114.095,3116.615,,,,
2025-04-02T10:00:00+03:00,3116.915,3126.17,3112.215,3125.345,,,,
2025-04-02T11:00:00+03:00,3125.305,3133.95,3123.545,3131.37,,3133.95,,
2025-04-02T12:00:00+03:00,3131.45,3131.665,3127.04,3131.155,,,,
2025-04-02T13:00:00+03:00,3131.16,3131.445,3110.205,3114.595,,,,
2025-04-02T14:00:00+03:00,3114.585,3123.98,3114.465,3121.385,,,,
2025-04-02T15:00:00+03:00,3121.39,3127.5,3117.165,3122.5,,,,
2025-04-02T16:00:00+03:00,3122.495,3132.2,3116.67,3122.39,,,,
2025-04-02T17:00:00+03:00,3122.44,3129.51,3119.415,3124.91,,,,
2025-04-02T18:00:00+03:00,3124.9,3128.225,3120.915,3125.965,,,,
2025-04-02T19:00:00+03:00,3126.035,3134.37,3126.035,3131.55,,,,
2025-04-02T20:00:00+03:00,3131.56,3131.56,3120.805,3123.575,,,,
2025-04-02T21:00:00+03:00,3123.615,3126.3,3118.82,3121.905,,,,
2025-04-02T22:00:00+03:00,3121.945,3127.34,3121.67,3124.32,,,,
2025-04-02T23:00:00+03:00,3124.33,3145.34,3104.79,3134.305,,,,3104.79
2025-04-03T01:00:00+03:00,3131.44,3148.06,3113.525,3145.955,,,,
2025-04-03T02:00:00+03:00,3145.995,3167.835,3145.995,3162.725,3167.835,,,
2025-04-03T03:00:00+03:00,3162.73,3164.975,3140.695,3151.335,,,,
2025-04-03T04:00:00+03:00,3151.465,3163.12,3147.9,3153.535,,,,
2025-04-03T05:00:00+03:00,3153.38,3155.545,3142.355,3145.255,,,,
2025-04-03T06:00:00+03:00,3145.245,3152.34,3144.79,3148.175,,,,
2025-04-03T07:00:00+03:00,3148.195,3149.84,3139.16,3140.485,,,,
2025-04-03T08:00:00+03:00,3140.56,3141.035,3124.195,3131.88,,,,
2025-04-03T09:00:00+03:00,3131.91,3134.15,3116.515,3127.895,,,,
2025-04-03T10:00:00+03:00,3127.89,3130.305,3119.95,3129.17,,,,
2025-04-03T11:00:00+03:00,3129.26,3132.15,3126.105,3129.11,,,,
2025-04-03T12:00:00+03:00,3129.12,3129.625,3121.57,3121.725,,,,
2025-04-03T13:00:00+03:00,3121.7,3123.14,3089.1,3095.55,,,,
2025-04-03T14:00:00+03:00,3095.59,3100.2,3085.255,3093.21,,,,
2025-04-03T15:00:00+03:00,3093.14,3094.82,3062.28,3076.32,,,,
2025-04-03T16:00:00+03:00,3076.31,3093.48,3054.19,3086.005,,,,3054.19
2025-04-03T17:00:00+03:00,3088.875,3135.665,3087.935,3128.95,,3135.665,,
2025-04-03T18:00:00+03:00,3128.895,3129.555,3104.065,3110.655,,,,
2025-04-03T19:00:00+03:00,3110.68,3114.315,3101.85,3107.575,,,,
2025-04-03T20:00:00+03:00,3107.515,3109.89,3100.055,3109.56,,,,
2025-04-03T21:00:00+03:00,3109.57,3111.835,3102.195,3111.765,,,,
2025-04-03T22:00:00+03:00,3111.76,3113.375,3101.725,3107.55,,,,
2025-04-03T23:00:00+03:00,3107.545,3120.15,3107.435,3114.575,,,,
2025-04-04T01:00:00+03:00,3114.52,3116.815,3112.5,3115.47,,,,
2025-04-04T02:00:00+03:00,3115.465,3116.45,3109.85,3113.025,,,,
2025-04-04T03:00:00+03:00,3112.97,3115.215,3106.11,3110.69,,,,
2025-04-04T04:00:00+03:00,3110.635,3115.78,3109.22,3109.86,,,,
2025-04-04T05:00:00+03:00,3109.89,3113.065,3091.265,3096.85,,,,
2025-04-04T06:00:00+03:00,3096.825,3099.14,3087.09,3098.46,,,,
2025-04-04T07:00:00+03:00,3098.455,3105.025,3096.12,3100.16,,,,
2025-04-04T08:00:00+03:00,3100.045,3108.99,3098.9,3108.98,,,,
2025-04-04T09:00:00+03:00,3108.985,3110.075,3100.57,3101.135,,,,
2025-04-04T10:00:00+03:00,3101.14,3103.455,3092.055,3092.86,,,,
2025-04-04T11:00:00+03:00,3092.815,3094.19,3078.515,3084.205,,,,
2025-04-04T12:00:00+03:00,3084.135,3096.165,3083.885,3090.805,,,,
2025-04-04T13:00:00+03:00,3090.85,3116.225,3090.725,3110.31,,,,
2025-04-04T14:00:00+03:00,3110.4,3136.775,3095.745,3110.425,3136.775,,,
2025-04-04T15:00:00+03:00,3110.44,3111.9,3069.445,3071.295,,,,
2025-04-04T16:00:00+03:00,3071.29,3087.49,3059.64,3061.935,,,,
2025-04-04T17:00:00+03:00,3061.855,3061.855,3027.15,3038.535,,,,
2025-04-04T18:00:00+03:00,3038.52,3050.525,3016.975,3022,,,,
2025-04-04T19:00:00+03:00,3022.025,3036.97,3017.595,3031.01,,,,
2025-04-04T20:00:00+03:00,3031.02,3033.085,3015.65,3025.94,,,,
2025-04-04T21:00:00+03:00,3025.95,3028.16,3018.035,3025.535,,,,
2025-04-04T22:00:00+03:00,3025.565,3041.09,3022.125,3036.515,,,,
2025-04-04T23:00:00+03:00,3036.44,3041.095,3033.925,3037.885,,,,
2025-04-07T01:00:00+03:00,3030.77,3035.635,2996.035,3010.215,,,,
2025-04-07T02:00:00+03:00,3010.19,3017.37,2977.285,2999.815,,,,
2025-04-07T03:00:00+03:00,2999.745,3009.955,2970.215,2978.98,,,,2970.215
2025-04-07T04:00:00+03:00,2978.845,3057.305,2972.055,3038.43,,3057.305,,
2025-04-07T05:00:00+03:00,3038.49,3055.98,3024.445,3025.905,,,,
2025-04-07T06:00:00+03:00,3025.86,3034.14,3016.88,3019.03,,,,
2025-04-07T07:00:00+03:00,3019.045,3035.735,3019.01,3035.575,,,,
2025-04-07T08:00:00+03:00,3035.615,3044.685,3025.065,3032.18,,,,
2025-04-07T09:00:00+03:00,3032.135,3033.63,3016.68,3029.98,,,,
2025-04-07T10:00:00+03:00,3029.965,3030.875,3013.36,3018.585,,,3013.36,
2025-04-07T11:00:00+03:00,3018.64,3035.605,3017.745,3031.785,,,,
2025-04-07T12:00:00+03:00,3031.83,3033.55,3019.555,3025.34,,,,
2025-04-07T13:00:00+03:00,3025.27,3036.565,3024.235,3031.325,,,,
2025-04-07T14:00:00+03:00,3031.27,3046.235,3030.22,3031.345,,3046.235,,
2025-04-07T15:00:00+03:00,3031.455,3032.925,3014.805,3031.25,,,,
2025-04-07T16:00:00+03:00,3031.225,3034.315,3002.32,3015.52,,,,
2025-04-07T17:00:00+03:00,3015.535,3038.005,2996.575,2999.505,,,,
2025-04-07T18:00:00+03:00,2999.505,3004.76,2980.114,2987.575,,,,
2025-04-07T19:00:00+03:00,2987.56,2987.87,2969.975,2970.925,,,,
2025-04-07T20:00:00+03:00,2970.945,2975.345,2956.565,2970.09,,,,2956.565
2025-04-07T21:00:00+03:00,2970.075,2976.745,2964.145,2965.92,,,,
2025-04-07T22:00:00+03:00,2965.9,2982.325,2965.495,2976.76,,,,
2025-04-07T23:00:00+03:00,2976.8,2986.055,2970.13,2981.94,,,,
2025-04-08T01:00:00+03:00,2982.095,2988.795,2981.195,2986.83,,,,
2025-04-08T02:00:00+03:00,2986.86,2987.47,2978.72,2981.335,,,,
2025-04-08T03:00:00+03:00,2981.295,2992.76,2980.44,2985.475,,,,
2025-04-08T04:00:00+03:00,2985.37,3003.19,2983.685,3000.005,,,,
2025-04-08T05:00:00+03:00,3000.09,3004.96,2998.33,3001.065,,,,
2025-04-08T06:00:00+03:00,3001.045,3001.125,2993.1,2994.805,,,,
2025-04-08T07:00:00+03:00,2994.745,3003.045,2990.94,3002.25,,,,
2025-04-08T08:00:00+03:00,3002.06,3008.42,2999.565,3005.805,,,,
2025-04-08T09:00:00+03:00,3005.765,3016.105,3002.475,3013.285,,,,
2025-04-08T10:00:00+03:00,3013.32,3013.935,3001.92,3003.78,,,,
2025-04-08T11:00:00+03:00,3003.64,3009.465,3001.39,3007.565,,,,
2025-04-08T12:00:00+03:00,3007.44,3008.015,2994.9,3006.97,,,,
2025-04-08T13:00:00+03:00,3007.02,3010.575,3004.155,3009.04,,,,
2025-04-08T14:00:00+03:00,3009.035,3019.51,3008.785,3017.545,,,,
2025-04-08T15:00:00+03:00,3017.525,3019.605,3002.43,3002.67,,,,
2025-04-08T16:00:00+03:00,3002.645,3022.76,3002.59,3010.38,,3022.76,,
2025-04-08T17:00:00+03:00,3010.405,3018.275,3005.865,3006.26,,,,
2025-04-08T18:00:00+03:00,3006.265,3012.44,3001.29,3001.59,,,,
2025-04-08T19:00:00+03:00,3001.47,3001.56,2984.385,2986.055,,,,
2025-04-08T20:00:00+03:00,2986.085,2987.565,2974.795,2985.305,,,,
2025-04-08T21:00:00+03:00,2985.285,2992.38,2979.375,2983.635,,,,
2025-04-08T22:00:00+03:00,2983.655,2987.63,2976.675,2985.015,,,,
2025-04-08T23:00:00+03:00,2985.02,2986.59,2977.05,2982.25,,,,
2025-04-09T01:00:00+03:00,2982.735,2985.545,2980.19,2981.88,,,,
2025-04-09T02:00:00+03:00,2982.13,2990.97,2969.97,2978.56,,,2969.97,
2025-04-09T03:00:00+03:00,2978.575,2987.1,2974.78,2980.495,,,,
2025-04-09T04:00:00+03:00,2980.45,3009.81,2972.415,3008.895,,,,
2025-04-09T05:00:00+03:00,3008.68,3011.15,3000.055,3003.195,,,,
2025-04-09T06:00:00+03:00,3003.115,3009.84,3002.77,3004.435,,,,
2025-04-09T07:00:00+03:00,3004.39,3014.245,2999.57,3012.365,,,,
2025-04-09T08:00:00+03:00,3012.315,3020.63,3005.515,3015.505,,,,
2025-04-09T09:00:00+03:00,3015.53,3041.045,3014.57,3038.99,,,,
2025-04-09T10:00:00+03:00,3039.13,3052.465,3034.455,3041.045,,,,
2025-04-09T11:00:00+03:00,3041.035,3051.28,3038.22,3044.1,,,,
2025-04-09T12:00:00+03:00,3044.1,3049.82,3038.655,3045.005,,,,
2025-04-09T13:00:00+03:00,3045.025,3047.265,3038.295,3043.01,,,,
2025-04-09T14:00:00+03:00,3042.975,3067.99,3036.08,3066.63,,,,
2025-04-09T15:00:00+03:00,3066.64,3073.212,3042.705,3047.515,,,,
2025-04-09T16:00:00+03:00,3047.53,3078.04,3047.42,3075.325,,,,
2025-04-09T17:00:00+03:00,3075.27,3084.73,3068.525,3070.585,,,,
2025-04-09T18:00:00+03:00,3070.52,3087.92,3065.3,3086.42,,,,
2025-04-09T19:00:00+03:00,3086.45,3094.92,3082.725,3092.455,,,,
2025-04-09T20:00:00+03:00,3092.48,3099.115,3051.315,3059.745,,,,
2025-04-09T21:00:00+03:00,3059.48,3073.72,3048.76,3067.18,,,,
2025-04-09T22:00:00+03:00,3067.19,3099.77,3064.235,3093.79,,,,
2025-04-09T23:00:00+03:00,3093.755,3095.53,3078.305,3082.95,,,,
2025-04-10T01:00:00+03:00,3080.48,3090.295,3071.505,3080.235,,,,
2025-04-10T02:00:00+03:00,3080.24,3089.025,3079.84,3086.8,,,,
2025-04-10T03:00:00+03:00,3086.795,3101.48,3081.33,3097.145,,,,
2025-04-10T04:00:00+03:00,3097.1,3100.72,3078.55,3094.2,,,,
2025-04-10T05:00:00+03:00,3094.095,3120.595,3093.955,3119.495,,,,
2025-04-10T06:00:00+03:00,3119.475,3132.035,3115.295,3125.5,,,,
2025-04-10T07:00:00+03:00,3125.49,3129.65,3121.075,3125.36,,,,
2025-04-10T08:00:00+03:00,3125.39,3132.63,3112.875,3122.32,3132.63,,,
2025-04-10T09:00:00+03:00,3122.26,3126.625,3119.025,3122.185,,,,
2025-04-10T10:00:00+03:00,3122.18,3123.695,3106.69,3108.755,,,,
2025-04-10T11:00:00+03:00,3108.73,3115.795,3104.57,3104.975,,,,
2025-04-10T12:00:00+03:00,3104.98,3118.14,3103.32,3116.75,,,3103.32,
2025-04-10T13:00:00+03:00,3116.775,3122.605,3114.335,3120.215,,,,
2025-04-10T14:00:00+03:00,3120.235,3125.775,3113.295,3124.805,,,,
2025-04-10T15:00:00+03:00,3124.795,3134.415,3116.36,3123.075,,,,
2025-04-10T16:00:00+03:00,3123.07,3136.71,3116.17,3117.09,,,,
2025-04-10T17:00:00+03:00,3117.07,3154.81,3116.95,3154.655,,,,
2025-04-10T18:00:00+03:00,3154.705,3175.085,3154.53,3158.185,,,,
2025-04-10T19:00:00+03:00,3158.17,3167.35,3154.13,3158.445,,,,
2025-04-10T20:00:00+03:00,3158.44,3165.75,3151.66,3162.925,,,,
2025-04-10T21:00:00+03:00,3162.95,3175.765,3158.04,3173.375,,,,
2025-04-10T22:00:00+03:00,3173.35,3176.48,3168.03,3170.92,,,,
2025-04-10T23:00:00+03:00,3170.905,3176.6,3168.535,3175.365,,,,
2025-04-11T01:00:00+03:00,3179.765,3190.41,3177.26,3189.225,,,,
2025-04-11T02:00:00+03:00,3189.235,3191.495,3183.18,3189.11,,,,
2025-04-11T03:00:00+03:00,3189.105,3218.115,3185.005,3205.655,,,,
2025-04-11T04:00:00+03:00,3205.64,3219.62,3201.15,3207.34,,,,
2025-04-11T05:00:00+03:00,3207.375,3219.96,3206.075,3217.57,,,,
2025-04-11T06:00:00+03:00,3217.535,3220.1,3214.19,3217.855,,,,
2025-04-11T07:00:00+03:00,3217.875,3218.24,3208.505,3208.56,,,,
2025-04-11T08:00:00+03:00,3208.545,3219.43,3187.265,3196.005,,,,
2025-04-11T09:00:00+03:00,3196.015,3209.77,3190.24,3197.31,,,,
2025-04-11T10:00:00+03:00,3197.335,3213.16,3193.89,3212.405,,,,
2025-04-11T11:00:00+03:00,3212.41,3227.45,3208.545,3216.09,,,,
2025-04-11T12:00:00+03:00,3216.075,3230.29,3211.92,3227.875,,,,
2025-04-11T13:00:00+03:00,3227.89,3237.96,3210.195,3212.65,,,,
2025-04-11T14:00:00+03:00,3212.66,3224.925,3211.52,3213.86,,,,
2025-04-11T15:00:00+03:00,3213.845,3234.15,3211.185,3233.75,,,,
2025-04-11T16:00:00+03:00,3233.775,3244.34,3219.655,3224.29,,,,
2025-04-11T17:00:00+03:00,3224.15,3237.85,3223.065,3230.225,,,,
2025-04-11T18:00:00+03:00,3230.19,3242.085,3229.525,3240.545,,,,
2025-04-11T19:00:00+03:00,3240.56,3245.485,3219.815,3223.195,3245.485,,,
2025-04-11T20:00:00+03:00,3223.23,3235.64,3223.23,3233.97,,,,
2025-04-11T21:00:00+03:00,3234.16,3238.375,3231.195,3235.725,,,,
2025-04-11T22:00:00+03:00,3235.73,3235.765,3227.425,3231.02,,,,
2025-04-11T23:00:00+03:00,3230.995,3238.82,3230.93,3237.93,,,,
2025-04-14T01:00:00+03:00,3222.955,3224.68,3213.355,3221.425,,,3213.355,
2025-04-14T02:00:00+03:00,3221.415,3224.635,3216.82,3223.935,,,,
2025-04-14T03:00:00+03:00,3223.855,3227.47,3219.34,3220.885,,,,
2025-04-14T04:00:00+03:00,3221.01,3243.68,3215.42,3239.71,,,,
2025-04-14T05:00:00+03:00,3239.655,3245.845,3229.63,3232.03,3245.845,,,
2025-04-14T06:00:00+03:00,3232.04,3234.75,3227.015,3232.405,,,,
2025-04-14T07:00:00+03:00,3232.425,3235.89,3226.215,3227.48,,,,
2025-04-14T08:00:00+03:00,3227.435,3236.2,3221.435,3234.44,,,,
2025-04-14T09:00:00+03:00,3234.4,3238.25,3228.925,3231.135,,,,
2025-04-14T10:00:00+03:00,3231.185,3233.8,3224.76,3228.04,,,,
2025-04-14T11:00:00+03:00,3228.06,3230.19,3216.525,3227.09,,,,
2025-04-14T12:00:00+03:00,3227.035,3231.8,3220.855,3224.08,,,,
2025-04-14T13:00:00+03:00,3224.01,3224.875,3206.38,3215.375,,,,
2025-04-14T14:00:00+03:00,3215.325,3225.915,3213.965,3223.42,,,,
2025-04-14T15:00:00+03:00,3223.44,3227.805,3200.665,3206.74,,,,
2025-04-14T16:00:00+03:00,3206.715,3210.815,3193.63,3204.82,,,,3193.63
2025-04-14T17:00:00+03:00,3204.77,3215.66,3195.32,3211.135,,,,
2025-04-14T18:00:00+03:00,3211.145,3211.205,3196.4,3198.15,,,,
2025-04-14T19:00:00+03:00,3198.17,3208.42,3197.8,3207.685,,,,
2025-04-14T20:00:00+03:00,3207.73,3216.485,3207.245,3214.155,,,,
2025-04-14T21:00:00+03:00,3214.165,3214.875,3201.38,3208.18,,,,
2025-04-14T22:00:00+03:00,3208.205,3213.165,3207.8,3212.79,,,,
2025-04-14T23:00:00+03:00,3212.81,3213.805,3207.395,3210.68,,,,
2025-04-15T01:00:00+03:00,3212.565,3215.295,3210.87,3212.22,,,,
2025-04-15T02:00:00+03:00,3212.27,3214.29,3210.515,3212.675,,,,
2025-04-15T03:00:00+03:00,3212.66,3215.355,3210.855,3211.995,,,,
2025-04-15T04:00:00+03:00,3211.99,3226.05,3210.065,3223.775,,,,
2025-04-15T05:00:00+03:00,3223.81,3225.055,3218.72,3224.365,,,,
2025-04-15T06:00:00+03:00,3224.3,3229.06,3223.29,3228.555,,,,
2025-04-15T07:00:00+03:00,3228.545,3232.755,3226.87,3231.91,,3232.755,,
2025-04-15T08:00:00+03:00,3231.885,3232.21,3220.825,3224.765,,,,
2025-04-15T09:00:00+03:00,3224.775,3228.795,3223.205,3225.31,,,,
2025-04-15T10:00:00+03:00,3225.345,3226.64,3217.375,3225.755,,,,
2025-04-15T11:00:00+03:00,3225.81,3232.24,3224.39,3227.755,,,,
2025-04-15T12:00:00+03:00,3227.78,3230.175,3221.185,3222.635,,,,
2025-04-15T13:00:00+03:00,3222.67,3227.05,3219.66,3220.26,,,,
2025-04-15T14:00:00+03:00,3220.27,3224.215,3216.87,3220.21,,,,
2025-04-15T15:00:00+03:00,3220.225,3226.295,3214.355,3221.655,,,,
2025-04-15T16:00:00+03:00,3221.635,3226.405,3211.66,3213.08,,,3211.66,
2025-04-15T17:00:00+03:00,3213.04,3226.97,3213.04,3222.72,,,,
2025-04-15T18:00:00+03:00,3222.735,3224.17,3216.935,3221.365,,,,
2025-04-15T19:00:00+03:00,3221.36,3223.49,3219.635,3221.465,,,,
2025-04-15T20:00:00+03:00,3221.47,3230.745,3220.42,3227.99,,,,
2025-04-15T21:00:00+03:00,3228.005,3229.75,3225.64,3229.205,,,,
2025-04-15T22:00:00+03:00,3229.18,3231.925,3226.25,3229.925,,,,
2025-04-15T23:00:00+03:00,3229.975,3233.705,3226.55,3229.795,,,,
2025-04-16T01:00:00+03:00,3230.675,3242.27,3230.675,3241.42,,,,
2025-04-16T02:00:00+03:00,3241.44,3251.94,3238.42,3251.895,,,,
2025-04-16T03:00:00+03:00,3251.915,3268.09,3251.705,3264.52,,,,
2025-04-16T04:00:00+03:00,3264.525,3275.075,3256.03,3270.34,,,,
2025-04-16T05:00:00+03:00,3270.405,3275.57,3267.065,3267.805,,,,
2025-04-16T06:00:00+03:00,3267.83,3281.81,3266.145,3281.55,,,,
2025-04-16T07:00:00+03:00,3281.615,3287.83,3269.33,3283.77,,,,
2025-04-16T08:00:00+03:00,3283.755,3291.935,3283.725,3289.785,,,,
2025-04-16T09:00:00+03:00,3289.765,3295.18,3286.005,3291.835,,,,
2025-04-16T10:00:00+03:00,3291.805,3300.89,3291.48,3300.53,,,,
2025-04-16T11:00:00+03:00,3300.52,3317.92,3288.585,3307.07,3317.92,,,
2025-04-16T12:00:00+03:00,3307.105,3310.95,3300.2,3303.62,,,,
2025-04-16T13:00:00+03:00,3303.67,3306.98,3299.675,3304.225,,,,
2025-04-16T14:00:00+03:00,3304.265,3313.82,3293.075,3306.88,,,,
2025-04-16T15:00:00+03:00,3306.875,3313.5,3302.515,3307.33,,,,
2025-04-16T16:00:00+03:00,3307.335,3316.635,3296.95,3311.645,,,,
2025-04-16T17:00:00+03:00,3311.685,3319.69,3306.185,3308.61,,,,
2025-04-16T18:00:00+03:00,3308.605,3328.205,3305.345,3325.445,,,,
2025-04-16T19:00:00+03:00,3325.44,3333.11,3321.445,3327.38,,,,
2025-04-16T20:00:00+03:00,3327.355,3332.905,3324.385,3328.255,,,,
2025-04-16T21:00:00+03:00,3328.215,3340.81,3326.42,3338.35,,,,
2025-04-16T22:00:00+03:00,3338.375,3342.545,3335.985,3336.8,,,,
2025-04-16T23:00:00+03:00,3336.71,3343.2,3334.435,3343.1,,,,
2025-04-17T01:00:00+03:00,3348.59,3357.775,3348.515,3351.105,3357.775,,,
2025-04-17T02:00:00+03:00,3351.1,3353.56,3347.105,3350.155,,,,
2025-04-17T03:00:00+03:00,3350.27,3351.42,3342.015,3345.6,,,,
2025-04-17T04:00:00+03:00,3345.625,3356.5,3320.855,3323.995,,,3320.855,
2025-04-17T05:00:00+03:00,3323.935,3340.77,3321.09,3340.48,,,,
2025-04-17T06:00:00+03:00,3340.505,3344.675,3337.46,3344.62,,,,
2025-04-17T07:00:00+03:00,3344.61,3344.61,3337.905,3341.68,,,,
2025-04-17T08:00:00+03:00,3341.67,3345.59,3328.465,3329.44,,,,
2025-04-17T09:00:00+03:00,3329.475,3333.12,3325.26,3328.82,,,,
2025-04-17T10:00:00+03:00,3328.775,3330.19,3314.305,3323.555,,,,
2025-04-17T11:00:00+03:00,3323.58,3325.02,3312.755,3324.345,,,,
2025-04-17T12:00:00+03:00,3324.32,3327.01,3320.705,3321.61,,,,
2025-04-17T13:00:00+03:00,3321.615,3334.755,3321.14,3327.695,,,,
2025-04-17T14:00:00+03:00,3327.71,3332.675,3322.425,3327.53,,,,
2025-04-17T15:00:00+03:00,3327.545,3342.735,3322.265,3328.365,,3342.735,,
2025-04-17T16:00:00+03:00,3328.37,3332.185,3312.08,3315.16,,,,
2025-04-17T17:00:00+03:00,3315.27,3315.27,3283.955,3291.465,,,,3283.955
2025-04-17T18:00:00+03:00,3291.47,3304.94,3290.705,3296.485,,,,
2025-04-17T19:00:00+03:00,3296.465,3318.905,3294.99,3316.295,,,,
2025-04-17T20:00:00+03:00,3316.35,3322.685,3314.3,3319.045,,,,
2025-04-17T21:00:00+03:00,3319.03,3320.97,3314.3,3316.425,,,,
2025-04-17T22:00:00+03:00,3316.4,3322.01,3311.06,3320.825,,,,
2025-04-17T23:00:00+03:00,3320.8,3328.915,3318.05,3327.375,,,,
2025-04-21T01:00:00+03:00,3332.26,3353.22,3331.405,3345.985,,,,
2025-04-21T02:00:00+03:00,3346.165,3351.96,3343.395,3348.255,,,,
2025-04-21T03:00:00+03:00,3348.345,3370.75,3347.595,3368.82,,,,
2025-04-21T04:00:00+03:00,3368.845,3378.605,3367.32,3377.69,,,,
2025-04-21T05:00:00+03:00,3377.72,3385.18,3374.195,3384.965,,,,
2025-04-21T06:00:00+03:00,3384.95,3385.435,3378.305,3382.38,,,,
2025-04-21T07:00:00+03:00,3382.305,3382.305,3369.435,3376.51,,,,
2025-04-21T08:00:00+03:00,3376.5,3386.035,3375.875,3385.62,,,,
2025-04-21T09:00:00+03:00,3385.63,3393.36,3382.51,3392.18,,,,
2025-04-21T10:00:00+03:00,3392.155,3396.16,3381.875,3385.155,,,,
2025-04-21T11:00:00+03:00,3385.105,3394.425,3383.755,3392.9,,,,
2025-04-21T12:00:00+03:00,3392.94,3397.23,3390.885,3394.995,,,,
2025-04-21T13:00:00+03:00,3395.025,3397.9,3392.08,3395.025,,,,
2025-04-21T14:00:00+03:00,3395.02,3406.045,3386.445,3404.49,,,,
2025-04-21T15:00:00+03:00,3404.57,3415.825,3398.005,3414.91,,,,
2025-04-21T16:00:00+03:00,3414.885,3426.895,3405.11,3420.41,,,,
2025-04-21T17:00:00+03:00,3420.465,3430.35,3408.89,3416.815,,,,
2025-04-21T18:00:00+03:00,3416.81,3426.32,3407.775,3423.065,,,,
2025-04-21T19:00:00+03:00,3423.07,3424.19,3410.275,3414.625,,,,
2025-04-21T20:00:00+03:00,3414.65,3422.93,3406.07,3422.555,,,,
2025-04-21T21:00:00+03:00,3422.59,3426.78,3417.67,3426.46,,,,
2025-04-21T22:00:00+03:00,3426.405,3430.61,3417.5,3423.64,,,,
2025-04-21T23:00:00+03:00,3423.645,3427.31,3419.825,3424.235,,,,
2025-04-22T01:00:00+03:00,3427.86,3436.065,3427.855,3431.185,,,,
2025-04-22T02:00:00+03:00,3431.21,3444.68,3429.435,3434.575,,,,
2025-04-22T03:00:00+03:00,3434.535,3435.465,3412.345,3425.66,,,3412.345,
2025-04-22T04:00:00+03:00,3425.67,3455.12,3421.565,3453.21,,,,
2025-04-22T05:00:00+03:00,3453.155,3476.165,3442.425,3473.01,,,,
2025-04-22T06:00:00+03:00,3472.995,3494.97,3472.095,3488.065,,,,
2025-04-22T07:00:00+03:00,3487.99,3488.68,3479.655,3484.605,,,,
2025-04-22T08:00:00+03:00,3484.675,3495.755,3473.57,3494.49,,,,
2025-04-22T09:00:00+03:00,3494.515,3500.2,3475.305,3479.86,3500.2,,,
2025-04-22T10:00:00+03:00,3479.81,3480.825,3460.9,3468.655,,,,
2025-04-22T11:00:00+03:00,3468.735,3472.8,3443.175,3444.285,,,,
2025-04-22T12:00:00+03:00,3444.32,3458.91,3444.03,3454.765,,,,
2025-04-22T13:00:00+03:00,3454.775,3468.425,3451.465,3452.48,,,,
2025-04-22T14:00:00+03:00,3452.45,3461.445,3448.215,3456.82,,,,
2025-04-22T15:00:00+03:00,3456.93,3464.95,3424.36,3431.545,,,,
2025-04-22T16:00:00+03:00,3431.565,3449.98,3408.62,3418.93,,,,
2025-04-22T17:00:00+03:00,3418.935,3439.085,3418.275,3430.06,,,,
2025-04-22T18:00:00+03:00,3430.085,3433.25,3410.55,3417.8,,,,
2025-04-22T19:00:00+03:00,3417.785,3421.205,3372.255,3393.155,,,,
2025-04-22T20:00:00+03:00,3393.16,3410.365,3386.155,3401.925,,,,
2025-04-22T21:00:00+03:00,3401.935,3402.62,3373.325,3381.59,,,,
2025-04-22T22:00:00+03:00,3381.605,3386.04,3366.905,3374.79,,,,
2025-04-22T23:00:00+03:00,3374.83,3382.905,3373.495,3381.16,,,,
2025-04-23T01:00:00+03:00,3324.79,3347.19,3315.34,3328.235,,,,3315.34
2025-04-23T02:00:00+03:00,3328.29,3350.15,3326.945,3336.775,,,,
2025-04-23T03:00:00+03:00,3336.8,3371.425,3334.835,3368.11,,,,
2025-04-23T04:00:00+03:00,3368.105,3386.77,3358.93,3379.16,,3386.77,,
2025-04-23T05:00:00+03:00,3379.135,3380.115,3348.685,3354.295,,,,
2025-04-23T06:00:00+03:00,3354.275,3355.735,3329.2,3339.045,,,,
2025-04-23T07:00:00+03:00,3339.09,3347.32,3335.7,3346.795,,,,
2025-04-23T08:00:00+03:00,3346.825,3349.52,3315.845,3319.04,,,,
2025-04-23T09:00:00+03:00,3319.035,3326.085,3291.735,3301.11,,,,3291.735
2025-04-23T10:00:00+03:00,3301.09,3320.655,3301.09,3319.24,,,,
2025-04-23T11:00:00+03:00,3319.3,3321.71,3305.655,3321.71,,,,
2025-04-23T12:00:00+03:00,3321.73,3340.6,3317.37,3317.77,,,,
2025-04-23T13:00:00+03:00,3317.74,3336.375,3316.755,3330.265,,,,
2025-04-23T14:00:00+03:00,3330.255,3339.22,3321.78,3324.7,,,,
2025-04-23T15:00:00+03:00,3324.765,3333.475,3310.505,3310.735,,,,
2025-04-23T16:00:00+03:00,3310.74,3313.9,3271.345,3277.28,,,,
2025-04-23T17:00:00+03:00,3277.24,3296.53,3260.19,3287.505,,,,3260.19
2025-04-23T18:00:00+03:00,3287.49,3294.42,3269.04,3280.46,,,,
2025-04-23T19:00:00+03:00,3280.465,3305.84,3279.25,3295.08,,,,
2025-04-23T20:00:00+03:00,3295.155,3301.715,3277.905,3281.355,,,,
2025-04-23T21:00:00+03:00,3281.315,3287.095,3277.945,3282.975,,,,
2025-04-23T22:00:00+03:00,3282.985,3297.275,3282.8,3293.99,,,,
2025-04-23T23:00:00+03:00,3294.005,3295.8,3284,3288.24,,,,
2025-04-24T01:00:00+03:00,3306.065,3316.025,3305.375,3309.215,,,,
2025-04-24T02:00:00+03:00,3309.235,3316.88,3308.405,3316.475,,,,
2025-04-24T03:00:00+03:00,3316.48,3339.215,3313.42,3331.73,,,,
2025-04-24T04:00:00+03:00,3331.725,3367.685,3330.81,3357.515,,3367.685,,
2025-04-24T05:00:00+03:00,3357.47,3363.435,3335.865,3342.075,,,,
2025-04-24T06:00:00+03:00,3342.07,3342.63,3320.72,3327.06,,,,
2025-04-24T07:00:00+03:00,3327.04,3331.99,3325.755,3326.195,,,,
2025-04-24T08:00:00+03:00,3326.225,3335.705,3320.58,3323.77,,,,
2025-04-24T09:00:00+03:00,3323.775,3328.27,3314.8,3324.655,,,3314.8,
2025-04-24T10:00:00+03:00,3324.64,3339.97,3323.225,3333.745,,,,
2025-04-24T11:00:00+03:00,3333.77,3341.675,3327.31,3336.13,,,,
2025-04-24T12:00:00+03:00,3336.195,3342.9,3325.43,3335.805,,,,
2025-04-24T13:00:00+03:00,3335.815,3336.855,3325.735,3330.185,,,,
2025-04-24T14:00:00+03:00,3330.025,3344.09,3329.805,3336.995,,,,
2025-04-24T15:00:00+03:00,3337.115,3344.785,3335.515,3335.935,,3344.785,,
2025-04-24T16:00:00+03:00,3335.945,3336.345,3312.645,3315.52,,,,
2025-04-24T17:00:00+03:00,3315.49,3330.54,3306.755,3327.55,,,,3306.755
2025-04-24T18:00:00+03:00,3327.565,3330.6,3319.54,3329.535,,,,
2025-04-24T19:00:00+03:00,3329.545,3335.515,3322.49,3331.725,,,,
2025-04-24T20:00:00+03:00,3331.735,3338.785,3329.95,3336.88,,,,
2025-04-24T21:00:00+03:00,3336.885,3340.45,3333.67,3334.925,,,,
2025-04-24T22:00:00+03:00,3334.955,3347.12,3333.505,3342.295,,,,
2025-04-24T23:00:00+03:00,3342.29,3349.96,3338.14,3348.99,,,,
2025-04-25T01:00:00+03:00,3348.99,3370.475,3348.795,3367.19,3370.475,,,
2025-04-25T02:00:00+03:00,3367.13,3368.33,3347.03,3348.9,,,,
2025-04-25T03:00:00+03:00,3348.92,3361.445,3347.33,3358.005,,,,
2025-04-25T04:00:00+03:00,3357.95,3363.215,3342.945,3345.75,,,,
2025-04-25T05:00:00+03:00,3345.79,3353.425,3344.645,3348.66,,,,
2025-04-25T06:00:00+03:00,3348.615,3354.3,3322.685,3323.72,,,,
2025-04-25T07:00:00+03:00,3323.715,3327.86,3316.39,3324.85,,,,
2025-04-25T08:00:00+03:00,3324.825,3327.19,3287.265,3294.42,,,,3287.265
2025-04-25T09:00:00+03:00,3294.425,3306.39,3287.61,3304.52,,,,
2025-04-25T10:00:00+03:00,3304.49,3314.585,3303.18,3307.395,,,,
2025-04-25T11:00:00+03:00,3307.405,3307.91,3292.045,3304.005,,,,
2025-04-25T12:00:00+03:00,3303.99,3308.995,3292.05,3292.13,,,,
2025-04-25T13:00:00+03:00,3292.235,3306.415,3292.02,3298.06,,,,
2025-04-25T14:00:00+03:00,3298.035,3301.025,3288.01,3293.52,,,,
2025-04-25T15:00:00+03:00,3293.5,3303.155,3291.225,3292.76,,,,
2025-04-25T16:00:00+03:00,3292.745,3293.02,3265.135,3281.315,,,,3265.135
2025-04-25T17:00:00+03:00,3281.175,3287.32,3274.68,3278.045,,,,
2025-04-25T18:00:00+03:00,3278.055,3285.67,3270.155,3283.11,,,,
2025-04-25T19:00:00+03:00,3283.145,3287.705,3280.485,3285.525,,,,
2025-04-25T20:00:00+03:00,3285.485,3295.33,3281.925,3293.395,,,,
2025-04-25T21:00:00+03:00,3293.36,3297.085,3288.325,3288.41,,,,
2025-04-25T22:00:00+03:00,3288.5,3312.555,3287.975,3304.85,,,,
2025-04-25T23:00:00+03:00,3304.81,3319.855,3304.745,3319.345,,,,
2025-04-28T01:00:00+03:00,3326.365,3330.605,3309.28,3310.785,,3330.605,,
2025-04-28T02:00:00+03:00,3310.81,3318.185,3298.64,3302.785,,,,
2025-04-28T03:00:00+03:00,3302.8,3316.165,3301.615,3314.075,,,,
2025-04-28T04:00:00+03:00,3314.015,3315.3,3279.09,3281.055,,,,
2025-04-28T05:00:00+03:00,3281.195,3286.585,3268.11,3280.93,,,3268.11,
2025-04-28T06:00:00+03:00,3280.95,3295.4,3280.39,3290.85,,,,
2025-04-28T07:00:00+03:00,3290.725,3299.245,3288.61,3299.185,,,,
2025-04-28T08:00:00+03:00,3299.225,3301.165,3287.97,3295.19,,,,
2025-04-28T09:00:00+03:00,3295.26,3296.655,3282.01,3283.365,,,,
2025-04-28T10:00:00+03:00,3283.465,3292.59,3277.69,3287.38,,,,
2025-04-28T11:00:00+03:00,3287.415,3288.64,3279.255,3282.79,,,,
2025-04-28T12:00:00+03:00,3282.8,3287.51,3274.585,3274.605,,,,
2025-04-28T13:00:00+03:00,3274.69,3291.94,3273.335,3289.63,,,3273.335,
2025-04-28T14:00:00+03:00,3289.645,3297.275,3284.845,3294.285,,,,
2025-04-28T15:00:00+03:00,3294.32,3302.405,3292.815,3296.225,,,,
2025-04-28T16:00:00+03:00,3296.085,3301.505,3286.875,3293.2,,,,
2025-04-28T17:00:00+03:00,3293.145,3333.22,3293.145,3328.695,,,,
2025-04-28T18:00:00+03:00,3328.68,3336.075,3319.045,3325.25,,,,
2025-04-28T19:00:00+03:00,3325.21,3339.33,3324.67,3336.68,,,,
2025-04-28T20:00:00+03:00,3336.695,3340.195,3333.215,3335.36,,,,
2025-04-28T21:00:00+03:00,3335.395,3349.905,3333.915,3349.025,,,,
2025-04-28T22:00:00+03:00,3349.045,3353.2,3345.665,3352.16,3353.2,,,
2025-04-28T23:00:00+03:00,3352.175,3352.405,3342.42,3343.875,,,,
2025-04-29T01:00:00+03:00,3345.47,3345.505,3332.15,3338.025,,,,
2025-04-29T02:00:00+03:00,3338.03,3343.11,3333.865,3337.68,,,,
2025-04-29T03:00:00+03:00,3337.665,3339.175,3327.845,3330.025,,,,
2025-04-29T04:00:00+03:00,3330.005,3340.135,3322.85,3326.6,,,,
2025-04-29T05:00:00+03:00,3326.475,3333.905,3319.385,3320.72,,,,
2025-04-29T06:00:00+03:00,3320.705,3321.765,3308.19,3316.11,,,,
2025-04-29T07:00:00+03:00,3316.115,3318.17,3306.7,3309.48,,,,
2025-04-29T08:00:00+03:00,3309.35,3316.675,3305.14,3310.35,,,3305.14,
2025-04-29T09:00:00+03:00,3310.33,3324.02,3308.955,3318.83,,,,
2025-04-29T10:00:00+03:00,3318.835,3323.32,3312.39,3323.07,,,,
2025-04-29T11:00:00+03:00,3323.105,3325.005,3311.77,3311.885,,3325.005,,
2025-04-29T12:00:00+03:00,3311.86,3316.095,3308.74,3309.065,,,,
2025-04-29T13:00:00+03:00,3309.07,3315.785,3306.12,3313.005,,,,
2025-04-29T14:00:00+03:00,3313,3316.14,3307.9,3309.29,,,,
2025-04-29T15:00:00+03:00,3309.345,3314.765,3300.4,3313,,,,
2025-04-29T16:00:00+03:00,3312.9,3321.47,3299.805,3307.225,,,,
2025-04-29T17:00:00+03:00,3307.185,3317.91,3299.675,3314.625,,,,3299.675
2025-04-29T18:00:00+03:00,3314.69,3315.71,3305.33,3312.54,,,,
2025-04-29T19:00:00+03:00,3312.565,3330.065,3312.24,3328.87,3330.065,,,
2025-04-29T20:00:00+03:00,3328.905,3329.835,3314.195,3314.365,,,,
2025-04-29T21:00:00+03:00,3314.34,3320.11,3313.3,3319.97,,,,
2025-04-29T22:00:00+03:00,3320.035,3325.125,3317.93,3320.54,,,,
2025-04-29T23:00:00+03:00,3320.525,3323.59,3316.68,3317.15,,,,
2025-04-30T01:00:00+03:00,3317.76,3323.03,3316.1,3319.175,,,,
2025-04-30T02:00:00+03:00,3319.215,3319.37,3310.985,3317.185,,,,
2025-04-30T03:00:00+03:00,3317.18,3328.155,3311.47,3313.14,,3328.155,,
2025-04-30T04:00:00+03:00,3313.145,3322.935,3307.835,3308.17,,,,
2025-04-30T05:00:00+03:00,3308.135,3313.32,3305.165,3306.72,,,,
2025-04-30T06:00:00+03:00,3306.715,3311.335,3303.745,3304.705,,,,
2025-04-30T07:00:00+03:00,3304.69,3309.005,3301.385,3308.07,,,,
2025-04-30T08:00:00+03:00,3308.12,3314.82,3307.69,3309.625,,,,
2025-04-30T09:00:00+03:00,3309.645,3311.32,3304.965,3305.955,,,,
2025-04-30T10:00:00+03:00,3305.85,3314.775,3303.085,3307.24,,,,
2025-04-30T11:00:00+03:00,3307.265,3307.825,3280.285,3284.51,,,,
2025-04-30T12:00:00+03:00,3284.54,3287.06,3275.06,3275.965,,,,
2025-04-30T13:00:00+03:00,3276.035,3280.99,3271.9,3272.66,,,,
2025-04-30T14:00:00+03:00,3272.66,3281.82,3268.29,3272.415,,,,
2025-04-30T15:00:00+03:00,3272.47,3304.89,3266.91,3298.735,,,,3266.91
2025-04-30T16:00:00+03:00,3298.73,3319.8,3296.27,3309.09,,3319.8,,
2025-04-30T17:00:00+03:00,3309.035,3313.83,3292.815,3309.96,,,,
2025-04-30T18:00:00+03:00,3310.05,3314.7,3298.975,3308.105,,,,
2025-04-30T19:00:00+03:00,3308.155,3314.385,3307.21,3310.825,,,,
2025-04-30T20:00:00+03:00,3310.795,3313.645,3305.015,3305.3,,,,
2025-04-30T21:00:00+03:00,3305.305,3307.865,3300.48,3301.77,,,,
2025-04-30T22:00:00+03:00,3301.795,3305.835,3292.09,3295.94,,,,
2025-04-30T23:00:00+03:00,3295.935,3298.05,3283.085,3288.155,,,,
2025-05-01T01:00:00+03:00,3285.63,3288.16,3271.345,3274.08,,,,
2025-05-01T02:00:00+03:00,3274.25,3285.34,3269.67,3272.935,,,,
2025-05-01T03:00:00+03:00,3273.03,3276.555,3241.245,3246.69,,,,
2025-05-01T04:00:00+03:00,3246.7,3251.535,3234.515,3239.03,,,,
2025-05-01T05:00:00+03:00,3239.045,3251.85,3235.345,3241.535,,,,
2025-05-01T06:00:00+03:00,3241.525,3242.68,3228.97,3229.58,,,,
2025-05-01T07:00:00+03:00,3229.585,3232.12,3221.32,3226.87,,,,
2025-05-01T08:00:00+03:00,3226.805,3238.87,3223.405,3236.765,,,,
2025-05-01T09:00:00+03:00,3236.765,3243.28,3233.915,3235.835,,,,
2025-05-01T10:00:00+03:00,3235.84,3237.09,3226.1,3230.2,,,,
2025-05-01T11:00:00+03:00,3230.1,3236.865,3230.03,3235.18,,,,
2025-05-01T12:00:00+03:00,3235.175,3236.26,3215.81,3218.59,,,,
2025-05-01T13:00:00+03:00,3218.625,3225.42,3213.645,3223.04,,,,
2025-05-01T14:00:00+03:00,3223.045,3227.31,3203.46,3205.585,,,,
2025-05-01T15:00:00+03:00,3205.545,3232.815,3201.955,3226.935,,,,3201.955
2025-05-01T16:00:00+03:00,3226.905,3233.37,3218.72,3225.07,,,,
2025-05-01T17:00:00+03:00,3224.965,3231.68,3214.315,3219.095,,,,
2025-05-01T18:00:00+03:00,3219.21,3221.98,3205.095,3216.515,,,,
2025-05-01T19:00:00+03:00,3216.51,3220.69,3209.045,3219.675,,,,
2025-05-01T20:00:00+03:00,3219.69,3220.89,3209.86,3214.49,,,,
2025-05-01T21:00:00+03:00,3214.495,3226.95,3212.87,3224.06,,,,
2025-05-01T22:00:00+03:00,3224.065,3229.96,3224.045,3228.335,,,,
2025-05-01T23:00:00+03:00,3228.345,3239.9,3228.075,3238.295,,,,
2025-05-02T01:00:00+03:00,3239.43,3243.475,3232.655,3237.95,,,,
2025-05-02T02:00:00+03:00,3237.965,3241.545,3234.85,3237.44,,,,
2025-05-02T03:00:00+03:00,3237.44,3244.46,3227.47,3231.195,,,,
2025-05-02T04:00:00+03:00,3231.125,3237.6,3231.125,3236.62,,,,
2025-05-02T05:00:00+03:00,3236.63,3249.32,3235.935,3248.11,,,,
2025-05-02T06:00:00+03:00,3248.125,3258.795,3245.86,3255.05,,,,
2025-05-02T07:00:00+03:00,3255.03,3257.56,3250.57,3251.93,,,,
2025-05-02T08:00:00+03:00,3251.705,3256.995,3249.635,3251.975,,,,
2025-05-02T09:00:00+03:00,3252.075,3262.5,3246.42,3252.9,,,,
2025-05-02T10:00:00+03:00,3252.975,3263.47,3251.61,3259.11,,,,
2025-05-02T11:00:00+03:00,3259.13,3261.8,3255.365,3258.26,,,,
2025-05-02T12:00:00+03:00,3258.31,3267.21,3255.125,3265.34,,,,
2025-05-02T13:00:00+03:00,3265.355,3265.79,3257.44,3259.585,,,,
2025-05-02T14:00:00+03:00,3259.575,3269.3,3258.145,3262.725,,3269.3,,
2025-05-02T15:00:00+03:00,3262.73,3265.06,3250.22,3250.425,,,,
2025-05-02T16:00:00+03:00,3250.5,3259.795,3239.445,3250.56,,,,
2025-05-02T17:00:00+03:00,3250.505,3264.72,3242.28,3262.875,,,,
2025-05-02T18:00:00+03:00,3263.045,3264.34,3230.25,3231.64,,,,
2025-05-02T19:00:00+03:00,3231.7,3236.495,3222.755,3225.07,,,3222.755,
2025-05-02T20:00:00+03:00,3225.075,3240.105,3223.62,3231.51,,,,
2025-05-02T21:00:00+03:00,3231.53,3232.62,3224.305,3226.515,,,,
2025-05-02T22:00:00+03:00,3226.505,3234.715,3226.505,3233.865,,,,
2025-05-02T23:00:00+03:00,3233.875,3241.435,3232.73,3240.95,,,,
2025-05-05T01:00:00+03:00,3238.295,3244.3,3237.79,3239.725,,,,
2025-05-05T02:00:00+03:00,3239.81,3252.43,3239.02,3248.135,,,,
2025-05-05T03:00:00+03:00,3248.155,3248.765,3241.195,3246.76,,,,
2025-05-05T04:00:00+03:00,3246.78,3271.2,3246.64,3264.735,,,,
2025-05-05T05:00:00+03:00,3264.75,3272.545,3259.68,3270.225,3272.545,,,
2025-05-05T06:00:00+03:00,3270.13,3271.42,3253.16,3254.57,,,,
2025-05-05T07:00:00+03:00,3254.605,3259.57,3253.735,3256.575,,,,
2025-05-05T08:00:00+03:00,3256.665,3262.07,3254.11,3259.73,,,,
2025-05-05T09:00:00+03:00,3259.805,3265.8,3256.865,3262.18,,,,
2025-05-05T10:00:00+03:00,3262.2,3267.89,3258.815,3264.85,,,,
2025-05-05T11:00:00+03:00,3264.92,3283.06,3263.225,3282.84,,,,
2025-05-05T12:00:00+03:00,3282.865,3309.2,3282.315,3308.75,,,,
2025-05-05T13:00:00+03:00,3308.84,3318.76,3308.55,3313.385,,,,
2025-05-05T14:00:00+03:00,3313.345,3319.06,3311.385,3313.05,,,,
2025-05-05T15:00:00+03:00,3313.06,3322.71,3312.925,3319.7,,,,
2025-05-05T16:00:00+03:00,3319.695,3321.17,3311.85,3315.8,,,,
2025-05-05T17:00:00+03:00,3315.72,3328.85,3309.93,3312.76,,,,
2025-05-05T18:00:00+03:00,3312.765,3317.965,3309.1,3311.985,,,,
2025-05-05T19:00:00+03:00,3312.02,3313.765,3305.64,3309.875,,,3305.64,
2025-05-05T20:00:00+03:00,3309.87,3318.305,3309.29,3317.17,,,,
2025-05-05T21:00:00+03:00,3317.12,3323.8,3313.925,3323.415,,,,
2025-05-05T22:00:00+03:00,3323.35,3337.67,3322.88,3328.76,,,,
2025-05-05T23:00:00+03:00,3328.74,3334.855,3328.685,3334.195,,,,
2025-05-06T01:00:00+03:00,3333.575,3334.02,3327.53,3330.805,,,,
2025-05-06T02:00:00+03:00,3330.82,3335.335,3329,3334.145,,,,
2025-05-06T03:00:00+03:00,3334.13,3334.415,3322.755,3329.745,,,,
2025-05-06T04:00:00+03:00,3329.75,3381.77,3329.75,3379.685,,,,
2025-05-06T05:00:00+03:00,3379.73,3387.015,3356.54,3358.425,3387.015,,,
2025-05-06T06:00:00+03:00,3358.47,3372.52,3352.505,3360.43,,,,
2025-05-06T07:00:00+03:00,3360.585,3366.255,3356.195,3363.18,,,,
2025-05-06T08:00:00+03:00,3363.2,3363.965,3350.26,3362.15,,,,
2025-05-06T09:00:00+03:00,3362.195,3368.085,3358.755,3364.77,,,,
2025-05-06T10:00:00+03:00,3364.805,3379.675,3364.805,3371.16,,,,
2025-05-06T11:00:00+03:00,3371.44,3383.23,3368.585,3377.175,,,,
2025-05-06T12:00:00+03:00,3377.275,3383.38,3371.47,3383.3,,,,
2025-05-06T13:00:00+03:00,3383.305,3383.94,3376.755,3383.62,,,,
2025-05-06T14:00:00+03:00,3383.625,3385.005,3373.725,3379.245,,,,
2025-05-06T15:00:00+03:00,3379.26,3392.49,3373.13,3391.14,,,,
2025-05-06T16:00:00+03:00,3391.15,3397.75,3387.76,3391.93,,,,
2025-05-06T17:00:00+03:00,3391.9,3398.115,3378.25,3386.295,,,,
2025-05-06T18:00:00+03:00,3386.28,3399.905,3385.34,3395.17,,,,
2025-05-06T19:00:00+03:00,3395.185,3411.8,3394.815,3408.86,,,,
2025-05-06T20:00:00+03:00,3408.875,3417.955,3407.625,3414.04,,,,
2025-05-06T21:00:00+03:00,3414.05,3417.585,3410.3,3415.725,,,,
2025-05-06T22:00:00+03:00,3415.74,3424.225,3412.73,3423.1,,,,
2025-05-06T23:00:00+03:00,3423.105,3435.055,3419.27,3431.14,3435.055,,,
2025-05-07T01:00:00+03:00,3416.915,3422.135,3380.58,3381.735,,,,
2025-05-07T02:00:00+03:00,3381.675,3404.82,3376.895,3400.87,,,,
2025-05-07T03:00:00+03:00,3400.855,3401.73,3360.79,3379.38,,,,
2025-05-07T04:00:00+03:00,3379.35,3385.25,3360.2,3374.85,,,3360.2,
2025-05-07T05:00:00+03:00,3374.83,3394.035,3372.115,3390.665,,,,
2025-05-07T06:00:00+03:00,3390.72,3392.7,3370.085,3375.545,,,,
2025-05-07T07:00:00+03:00,3375.58,3387.525,3374.99,3382.215,,,,
2025-05-07T08:00:00+03:00,3382.26,3389.54,3378.58,3387.88,,,,
2025-05-07T09:00:00+03:00,3387.805,3395.9,3387.4,3392.61,,,,
2025-05-07T10:00:00+03:00,3392.43,3397.445,3383.805,3388.045,,3397.445,,
2025-05-07T11:00:00+03:00,3388.115,3388.745,3378.19,3383,,,,
2025-05-07T12:00:00+03:00,3382.985,3385.24,3369.72,3369.95,,,,
2025-05-07T13:00:00+03:00,3369.96,3393.485,3369.305,3391.365,,,3369.305,
2025-05-07T14:00:00+03:00,3391.4,3391.595,3383.665,3387.05,,,,
2025-05-07T15:00:00+03:00,3387.03,3393.945,3384.125,3390.92,,,,
2025-05-07T16:00:00+03:00,3390.93,3398.145,3381.375,3394.3,3398.145,,,
2025-05-07T17:00:00+03:00,3394.31,3394.845,3375.8,3385.86,,,,
2025-05-07T18:00:00+03:00,3385.975,3389.72,3381.985,3385.23,,,,
2025-05-07T19:00:00+03:00,3385.215,3389.93,3378.8,3386.925,,,,
2025-05-07T20:00:00+03:00,3386.905,3389.885,3383.845,3385.16,,,,
2025-05-07T21:00:00+03:00,3385.165,3398.02,3376.08,3384.645,,,,
2025-05-07T22:00:00+03:00,3384.68,3387.02,3363.735,3371.97,,,,3363.735
2025-05-07T23:00:00+03:00,3372.02,3374.7,3363.835,3364.355,,,,
2025-05-08T01:00:00+03:00,3372.725,3373.77,3366.785,3370.08,,,,
2025-05-08T02:00:00+03:00,3370.15,3377.18,3369.69,3376.475,,,,
2025-05-08T03:00:00+03:00,3376.52,3386.96,3373.84,3380.62,,,,
2025-05-08T04:00:00+03:00,3380.65,3409.85,3379.07,3408.725,,,,
2025-05-08T05:00:00+03:00,3408.72,3414.79,3402.135,3402.16,3414.79,,,
2025-05-08T06:00:00+03:00,3402.155,3408.55,3395.87,3396.94,,,,
2025-05-08T07:00:00+03:00,3396.88,3399.58,3381.995,3382.225,,,,
2025-05-08T08:00:00+03:00,3382.245,3384.36,3354.975,3355.49,,,,
2025-05-08T09:00:00+03:00,3355.495,3361.995,3320.38,3329.83,,,,3320.38
2025-05-08T10:00:00+03:00,3329.69,3349.405,3327.165,3343.05,,,,
2025-05-08T11:00:00+03:00,3343.035,3344.45,3337.125,3339.42,,,,
2025-05-08T12:00:00+03:00,3339.395,3344.44,3331.3,3332.095,,,,
2025-05-08T13:00:00+03:00,3332.08,3346.825,3330.4,3342.5,,,,
2025-05-08T14:00:00+03:00,3342.515,3345.63,3339.295,3344.425,,,,
2025-05-08T15:00:00+03:00,3344.465,3358.715,3343.225,3356.255,,,,
2025-05-08T16:00:00+03:00,3356.28,3369.6,3354.79,3356.05,,3369.6,,
2025-05-08T17:00:00+03:00,3355.99,3363.045,3350.805,3356.555,,,,
2025-05-08T18:00:00+03:00,3356.79,3360.175,3326.85,3330.385,,,,
2025-05-08T19:00:00+03:00,3330.3,3330.325,3304.44,3310.33,,,,
2025-05-08T20:00:00+03:00,3310.35,3311.29,3297.825,3308.39,,,,
2025-05-08T21:00:00+03:00,3308.395,3311.15,3305.68,3308.525,,,,
2025-05-08T22:00:00+03:00,3308.535,3310.13,3288.805,3306.625,,,,
2025-05-08T23:00:00+03:00,3306.615,3310.865,3303.95,3305.98,,,,
2025-05-09T01:00:00+03:00,3310.125,3324.015,3309.9,3323.925,,,,
2025-05-09T02:00:00+03:00,3323.935,3324.095,3312.03,3316.405,,,,
2025-05-09T03:00:00+03:00,3316.47,3323.285,3308.83,3322.355,,,,
2025-05-09T04:00:00+03:00,3322.34,3322.655,3286.81,3291.31,,,,
2025-05-09T05:00:00+03:00,3291.3,3308.795,3274.81,3308.39,,,,3274.81
2025-05-09T06:00:00+03:00,3308.45,3313.51,3299.76,3308.17,,,,
2025-05-09T07:00:00+03:00,3308.225,3327.625,3308.225,3324.645,,,,
2025-05-09T08:00:00+03:00,3324.755,3330.435,3312.95,3321.685,,,,
2025-05-09T09:00:00+03:00,3321.675,3326.93,3315.32,3325.46,,,,
2025-05-09T10:00:00+03:00,3325.465,3332.35,3322.535,3327.485,,,,
2025-05-09T11:00:00+03:00,3327.545,3329.115,3320.205,3328.725,,,,
2025-05-09T12:00:00+03:00,3328.685,3329.395,3323.555,3325.11,,,,
2025-05-09T13:00:00+03:00,3325.195,3329.95,3322.02,3323.435,,,,
2025-05-09T14:00:00+03:00,3323.4,3338.46,3323.4,3333.155,,,,
2025-05-09T15:00:00+03:00,3333.18,3335.83,3329.125,3333.7,,,,
2025-05-09T16:00:00+03:00,3333.695,3340.515,3328.755,3330.81,,,,
2025-05-09T17:00:00+03:00,3330.815,3341.355,3320.395,3337.19,,,3320.395,
2025-05-09T18:00:00+03:00,3337.18,3346.215,3336.14,3345.14,,,,
2025-05-09T19:00:00+03:00,3345.195,3347.625,3336.435,3336.825,,3347.625,,
2025-05-09T20:00:00+03:00,3336.82,3342.705,3336.14,3340.925,,,,
2025-05-09T21:00:00+03:00,3340.93,3343.05,3336.36,3338.785,,,,
2025-05-09T22:00:00+03:00,3338.78,3339.895,3325.505,3328.865,,,,
2025-05-09T23:00:00+03:00,3328.825,3330.355,3324.87,3325.39,,,,
2025-05-12T01:00:00+03:00,3325.39,3325.39,3266.8,3272.68,,,,
2025-05-12T02:00:00+03:00,3272.665,3289.075,3265.89,3287.775,,,,
2025-05-12T03:00:00+03:00,3287.765,3290.105,3272.235,3279.315,,,,
2025-05-12T04:00:00+03:00,3279.135,3282.31,3258.85,3272.005,,,,3258.85
2025-05-12T05:00:00+03:00,3271.985,3279.985,3269.555,3272.185,,,,
2025-05-12T06:00:00+03:00,3272.18,3284.785,3270.58,3283.445,,,,
2025-05-12T07:00:00+03:00,3283.42,3283.8,3275.715,3278.87,,,,
2025-05-12T08:00:00+03:00,3278.995,3279.675,3268.5,3276.14,,,,
2025-05-12T09:00:00+03:00,3276.285,3281.655,3273.11,3277.53,,,,
2025-05-12T10:00:00+03:00,3277.525,3277.82,3216.115,3222.775,,,,
2025-05-12T11:00:00+03:00,3222.795,3234.47,3220.77,3231.45,,,,
2025-05-12T12:00:00+03:00,3231.455,3231.455,3213.05,3215.185,,,,
2025-05-12T13:00:00+03:00,3215.175,3219.66,3207.79,3208.195,,,,3207.79
2025-05-12T14:00:00+03:00,3208.22,3229.6,3207.965,3224.87,,,,
2025-05-12T15:00:00+03:00,3224.855,3234.515,3220.49,3233.685,,,,
2025-05-12T16:00:00+03:00,3233.695,3248.7,3231.81,3240.79,,3248.7,,
2025-05-12T17:00:00+03:00,3240.76,3247.88,3233.46,3237.705,,,,
2025-05-12T18:00:00+03:00,3237.64,3243.99,3232.725,3239.305,,,,
2025-05-12T19:00:00+03:00,3239.26,3240.14,3223.215,3224.29,,,,
2025-05-12T20:00:00+03:00,3224.3,3227.68,3221.185,3223.265,,,,
2025-05-12T21:00:00+03:00,3223.27,3230.165,3220.325,3229.77,,,3220.325,
2025-05-12T22:00:00+03:00,3229.8,3238.875,3228.985,3235.44,,,,
2025-05-12T23:00:00+03:00,3235.45,3238.515,3232.55,3235.075,,,,
2025-05-13T01:00:00+03:00,3237.93,3238.05,3229.825,3233.965,,,,
2025-05-13T02:00:00+03:00,3233.86,3240.16,3233.435,3236.875,,,,
2025-05-13T03:00:00+03:00,3236.86,3243.425,3233.96,3239.96,,,,
2025-05-13T04:00:00+03:00,3239.935,3243.43,3215.855,3225.315,,,,3215.855
2025-05-13T05:00:00+03:00,3225.385,3241.355,3223.31,3228.99,,,,
2025-05-13T06:00:00+03:00,3228.985,3238.55,3228.25,3236.75,,,,
2025-05-13T07:00:00+03:00,3236.72,3253.675,3234.955,3252.71,,,,
2025-05-13T08:00:00+03:00,3252.795,3260.875,3251.225,3256.58,,,,
2025-05-13T09:00:00+03:00,3256.635,3265.785,3247.34,3262.25,3265.785,,,
2025-05-13T10:00:00+03:00,3262.23,3265.005,3254.315,3259.185,,,,
2025-05-13T11:00:00+03:00,3259.215,3261.35,3250.385,3255.515,,,,
2025-05-13T12:00:00+03:00,3255.575,3256.845,3250.595,3253.435,,,,
2025-05-13T13:00:00+03:00,3253.42,3256.265,3251.19,3253.01,,,,
2025-05-13T14:00:00+03:00,3253.005,3258.67,3248.845,3249.25,,,,
2025-05-13T15:00:00+03:00,3249.175,3249.965,3237.33,3241.87,,,,
2025-05-13T16:00:00+03:00,3241.81,3247.03,3227.32,3227.585,,,,
2025-05-13T17:00:00+03:00,3227.54,3248.79,3225.505,3242.7,,,3225.505,
2025-05-13T18:00:00+03:00,3242.92,3255.965,3241.98,3253.42,,,,
2025-05-13T19:00:00+03:00,3253.5,3258,3248.78,3251.095,,,,
2025-05-13T20:00:00+03:00,3251.085,3252.835,3242.115,3247.185,,,,
2025-05-13T21:00:00+03:00,3247.19,3250.89,3245.855,3248.775,,,,
2025-05-13T22:00:00+03:00,3248.84,3251.225,3246.45,3249.45,,,,
2025-05-13T23:00:00+03:00,3249.47,3254.885,3248.125,3250.18,,,,
2025-05-14T01:00:00+03:00,3252,3254.645,3249.53,3254.635,,,,
2025-05-14T02:00:00+03:00,3254.595,3257.14,3252.175,3254.46,,3257.14,,
2025-05-14T03:00:00+03:00,3254.44,3254.75,3240.67,3243.805,,,,
2025-05-14T04:00:00+03:00,3243.815,3251.905,3237.315,3239.03,,,,
2025-05-14T05:00:00+03:00,3238.93,3241.635,3228.895,3232.85,,,,
2025-05-14T06:00:00+03:00,3232.855,3233.71,3226.26,3228.455,,,,
2025-05-14T07:00:00+03:00,3228.46,3230.505,3222.58,3224.035,,,,
2025-05-14T08:00:00+03:00,3224.025,3234.545,3221.565,3233.98,,,,3221.565
2025-05-14T09:00:00+03:00,3233.995,3236.895,3227.775,3228.735,,,,
2025-05-14T10:00:00+03:00,3228.74,3238.92,3224.31,3238.085,,,,
2025-05-14T11:00:00+03:00,3238.135,3243.96,3230.505,3232.595,,3243.96,,
2025-05-14T12:00:00+03:00,3232.62,3236.655,3229.155,3232.44,,,,
2025-05-14T13:00:00+03:00,3232.445,3236.615,3229.74,3235.725,,,,
2025-05-14T14:00:00+03:00,3235.66,3239.2,3219.575,3220.215,,,,
2025-05-14T15:00:00+03:00,3220.21,3222.605,3184.225,3184.87,,,,
2025-05-14T16:00:00+03:00,3185.005,3198.395,3174.87,3191.505,,,,
2025-05-14T17:00:00+03:00,3191.425,3194.37,3179.415,3181.725,,,,
2025-05-14T18:00:00+03:00,3181.865,3186.775,3179.185,3182.65,,,,
2025-05-14T19:00:00+03:00,3182.695,3191.08,3173.775,3188.635,,,,
2025-05-14T20:00:00+03:00,3188.62,3190.655,3180.985,3181.99,,,,
2025-05-14T21:00:00+03:00,3182.07,3183.135,3171.78,3172.035,,,,
2025-05-14T22:00:00+03:00,3172.065,3181.605,3168.065,3180.625,,,,3168.065
2025-05-14T23:00:00+03:00,3180.635,3183.365,3176.985,3177.585,,,,
2025-05-15T01:00:00+03:00,3181.06,3183.99,3180.205,3182.775,,,,
2025-05-15T02:00:00+03:00,3182.74,3187.455,3181.255,3186.165,,,,
2025-05-15T03:00:00+03:00,3186.155,3188.015,3180.3,3187.845,,,,
2025-05-15T04:00:00+03:00,3187.825,3192.83,3171.335,3172.46,,3192.83,,
2025-05-15T05:00:00+03:00,3172.455,3175.65,3150.185,3154.285,,,,
2025-05-15T06:00:00+03:00,3154.3,3157.175,3148.395,3150.665,,,,
2025-05-15T07:00:00+03:00,3150.67,3152.675,3135.545,3138.605,,,,
2025-05-15T08:00:00+03:00,3138.64,3143.15,3123.425,3129.06,,,,
2025-05-15T09:00:00+03:00,3129.06,3154.04,3120.765,3150,,,,3120.765
2025-05-15T10:00:00+03:00,3149.925,3152.175,3130.715,3142.35,,,,
2025-05-15T11:00:00+03:00,3142.315,3164.325,3139.17,3162.6,,,,
2025-05-15T12:00:00+03:00,3162.605,3171.725,3159.35,3165.37,,,,
2025-05-15T13:00:00+03:00,3165.39,3179.195,3164.225,3178.41,,,,
2025-05-15T14:00:00+03:00,3178.425,3180.25,3172.55,3179.25,,,,
2025-05-15T15:00:00+03:00,3179.21,3189.98,3177.555,3188.865,,,,
2025-05-15T16:00:00+03:00,3188.87,3199.96,3185.2,3192.21,,,,
2025-05-15T17:00:00+03:00,3192.245,3207.215,3190.52,3205.54,,,,
2025-05-15T18:00:00+03:00,3205.52,3220.17,3204.715,3219.825,,,,
2025-05-15T19:00:00+03:00,3219.905,3222.815,3215.955,3222.61,,,,
2025-05-15T20:00:00+03:00,3222.595,3229.25,3216.535,3221.21,,,,
2025-05-15T21:00:00+03:00,3221.375,3226.045,3219.9,3223.305,,,,
2025-05-15T22:00:00+03:00,3223.33,3232.85,3222.395,3231.99,,,,
2025-05-15T23:00:00+03:00,3231.96,3240.725,3231.07,3239.97,,,,
2025-05-16T01:00:00+03:00,3241.785,3252.255,3241.61,3251.155,3252.255,,,
2025-05-16T02:00:00+03:00,3251.345,3251.365,3236.565,3237.28,,,,
2025-05-16T03:00:00+03:00,3237.255,3244.095,3232.085,3243.175,,,,
2025-05-16T04:00:00+03:00,3243.265,3244.675,3215.035,3222.175,,,,
2025-05-16T05:00:00+03:00,3222.165,3227.62,3212.795,3215.525,,,,
2025-05-16T06:00:00+03:00,3215.365,3217.46,3206.6,3211.93,,,,
2025-05-16T07:00:00+03:00,3211.845,3222.62,3211.8,3219.575,,,,
2025-05-16T08:00:00+03:00,3219.665,3222.43,3212.08,3218.695,,,,
2025-05-16T09:00:00+03:00,3218.67,3231.335,3212.87,3215.005,,,,
2025-05-16T10:00:00+03:00,3214.975,3218.115,3205.295,3207.62,,,,
2025-05-16T11:00:00+03:00,3207.52,3209.375,3195.53,3207.525,,,,
2025-05-16T12:00:00+03:00,3207.475,3213.015,3203.86,3209.275,,,,
2025-05-16T13:00:00+03:00,3209.295,3211.105,3168.975,3176.17,,,,
2025-05-16T14:00:00+03:00,3176.175,3179.415,3154.3,3163.38,,,3154.3,
2025-05-16T15:00:00+03:00,3163.375,3182.2,3154.82,3177.435,,,,
2025-05-16T16:00:00+03:00,3177.44,3186.795,3169.5,3180.73,,,,
2025-05-16T17:00:00+03:00,3180.58,3188.61,3165.9,3173.335,,,,
2025-05-16T18:00:00+03:00,3173.325,3185.175,3172.815,3183.585,,,,
2025-05-16T19:00:00+03:00,3183.625,3189.9,3180.595,3189.405,,,,
2025-05-16T20:00:00+03:00,3189.435,3192.35,3183.47,3189.495,,,,
2025-05-16T21:00:00+03:00,3189.51,3191.25,3184.88,3187.61,,,,
2025-05-16T22:00:00+03:00,3187.605,3195.9,3187.54,3192.63,,,,
2025-05-16T23:00:00+03:00,3192.555,3205.885,3192.245,3204.45,,,,
2025-05-19T01:00:00+03:00,3215.99,3240.875,3212.075,3239.29,,,,
2025-05-19T02:00:00+03:00,3239.225,3245.345,3226.745,3235.025,,,,
2025-05-19T03:00:00+03:00,3235.025,3249.85,3233.54,3246.52,,3249.85,,
2025-05-19T04:00:00+03:00,3246.405,3246.95,3214.695,3218.595,,,,
2025-05-19T05:00:00+03:00,3218.5,3230.15,3217.03,3228.615,,,,
2025-05-19T06:00:00+03:00,3228.62,3230.605,3208.14,3212.265,,,,
2025-05-19T07:00:00+03:00,3212.255,3218.28,3206.725,3215.97,,,3206.725,
2025-05-19T08:00:00+03:00,3216.22,3224.435,3215.005,3224.16,,,,
2025-05-19T09:00:00+03:00,3224.135,3231.76,3220.36,3224.29,,,,
2025-05-19T10:00:00+03:00,3224.285,3234.585,3224.085,3232.395,,,,
2025-05-19T11:00:00+03:00,3232.405,3245.015,3230.09,3244.565,,,,
2025-05-19T12:00:00+03:00,3244.695,3247.725,3233.61,3242.115,,,,
2025-05-19T13:00:00+03:00,3242.03,3245.435,3234.275,3241.76,,,,
2025-05-19T14:00:00+03:00,3241.78,3248.59,3239.16,3243.835,,3248.59,,
2025-05-19T15:00:00+03:00,3243.81,3244.54,3228.905,3229.5,,,,
2025-05-19T16:00:00+03:00,3229.625,3241.75,3224.675,3230.08,,,,
2025-05-19T17:00:00+03:00,3230.02,3236.225,3217.29,3233.98,,,3217.29,
2025-05-19T18:00:00+03:00,3233.985,3239.915,3229.665,3231.71,,,,
2025-05-19T19:00:00+03:00,3231.765,3234.38,3228.205,3231.92,,,,
2025-05-19T20:00:00+03:00,3231.88,3233.32,3225.595,3226.465,,,,
2025-05-19T21:00:00+03:00,3226.475,3235.27,3225.32,3233.625,,,,
2025-05-19T22:00:00+03:00,3233.67,3235.97,3231.62,3233.12,,,,
2025-05-19T23:00:00+03:00,3233.155,3233.85,3228.1,3230.4,,,,
2025-05-20T01:00:00+03:00,3228.025,3230.59,3224.71,3226.95,,,,
2025-05-20T02:00:00+03:00,3226.97,3227.53,3219.02,3222.665,,,,
2025-05-20T03:00:00+03:00,3222.745,3224.3,3214.13,3222.83,,,,
2025-05-20T04:00:00+03:00,3222.71,3232.85,3220.59,3221.175,,,,
2025-05-20T05:00:00+03:00,3221.2,3223.16,3206.455,3206.785,,,,
2025-05-20T06:00:00+03:00,3206.795,3214.245,3204.67,3211.45,,,,3204.67
2025-05-20T07:00:00+03:00,3211.415,3218.135,3211.35,3217.395,,,,
2025-05-20T08:00:00+03:00,3217.325,3219.885,3209.94,3213.88,,,,
2025-05-20T09:00:00+03:00,3213.9,3219.235,3208.59,3209.885,,,,
2025-05-20T10:00:00+03:00,3209.745,3225.455,3207.98,3222.98,,,,
2025-05-20T11:00:00+03:00,3222.87,3236.18,3218.38,3236.04,,,,
2025-05-20T12:00:00+03:00,3236.035,3239.465,3230.49,3236.445,,,,
2025-05-20T13:00:00+03:00,3236.45,3238.45,3232.015,3235.38,,,,
2025-05-20T14:00:00+03:00,3235.405,3241.74,3235.265,3241.32,,,,
2025-05-20T15:00:00+03:00,3241.255,3251.05,3234.53,3242.855,,,,
2025-05-20T16:00:00+03:00,3242.83,3262.025,3232.995,3261.36,,,,
2025-05-20T17:00:00+03:00,3261.425,3285.93,3260.805,3282.675,,,,
2025-05-20T18:00:00+03:00,3282.73,3283.675,3273.445,3277.355,,,,
2025-05-20T19:00:00+03:00,3277.37,3282.675,3275.31,3278.885,,,,
2025-05-20T20:00:00+03:00,3278.98,3287.97,3278.345,3286.63,,,,
2025-05-20T21:00:00+03:00,3286.625,3289.78,3284.17,3287.775,,,,
2025-05-20T22:00:00+03:00,3287.765,3295.285,3287.295,3294.1,,,,
2025-05-20T23:00:00+03:00,3294.125,3295.79,3289.19,3289.845,,,,
2025-05-21T01:00:00+03:00,3292.7,3304.115,3292.665,3296.79,,,,
2025-05-21T02:00:00+03:00,3296.785,3296.96,3288.675,3290.635,,,,
2025-05-21T03:00:00+03:00,3290.63,3304.315,3288.935,3303.575,,,,
2025-05-21T04:00:00+03:00,3303.485,3314.82,3285.34,3294.755,,,3285.34,
2025-05-21T05:00:00+03:00,3294.74,3305.375,3289.4,3301.85,,,,
2025-05-21T06:00:00+03:00,3301.875,3309.825,3299.25,3307.56,,,,
2025-05-21T07:00:00+03:00,3307.51,3308.3,3301.23,3302.17,,,,
2025-05-21T08:00:00+03:00,3302.155,3319.845,3298.51,3316.365,,,,
2025-05-21T09:00:00+03:00,3316.415,3320.845,3310.765,3320.15,3320.845,,,
2025-05-21T10:00:00+03:00,3320.045,3320.165,3307.85,3309.915,,,,
2025-05-21T11:00:00+03:00,3309.92,3312.395,3303.975,3308.495,,,,
2025-05-21T12:00:00+03:00,3308.51,3313.625,3307.15,3313.595,,,,
2025-05-21T13:00:00+03:00,3313.6,3318.395,3308.655,3311.82,,,,
2025-05-21T14:00:00+03:00,3311.865,3316.475,3306.605,3311.32,,,,
2025-05-21T15:00:00+03:00,3311.325,3312.78,3290.725,3302.79,,,3290.725,
2025-05-21T16:00:00+03:00,3302.825,3309.68,3295.44,3303.7,,,,
2025-05-21T17:00:00+03:00,3303.695,3307.835,3295.355,3304.485,,,,
2025-05-21T18:00:00+03:00,3304.495,3315.315,3303.705,3311.99,,,,
2025-05-21T19:00:00+03:00,3312.015,3314.77,3302.795,3303.205,,,,
2025-05-21T20:00:00+03:00,3303.195,3316.48,3302.95,3316.47,,,,
2025-05-21T21:00:00+03:00,3316.48,3316.52,3312.01,3314.445,,,,
2025-05-21T22:00:00+03:00,3314.45,3324.935,3314.44,3318.44,,,,
2025-05-21T23:00:00+03:00,3318.525,3319.95,3313.155,3315.245,,,,
2025-05-22T01:00:00+03:00,3319.9,3321.185,3315.58,3318.125,,,,
2025-05-22T02:00:00+03:00,3318.185,3324.275,3317.31,3320.12,,,,
2025-05-22T03:00:00+03:00,3320.12,3326.355,3319.605,3323.84,,,,
2025-05-22T04:00:00+03:00,3323.845,3343.06,3320.475,3338.24,,,,
2025-05-22T05:00:00+03:00,3338.21,3344.905,3336.61,3341.25,,,,
2025-05-22T06:00:00+03:00,3341.27,3345.47,3334.975,3335.495,3345.47,,,
2025-05-22T07:00:00+03:00,3335.415,3339.29,3332.835,3338.61,,,,
2025-05-22T08:00:00+03:00,3338.605,3339.55,3326.425,3332.335,,,,
2025-05-22T09:00:00+03:00,3332.355,3335.865,3325.51,3326.49,,,,
2025-05-22T10:00:00+03:00,3326.525,3331.39,3322.625,3327.675,,,,
2025-05-22T11:00:00+03:00,3327.655,3330.015,3310.245,3311.355,,,,
2025-05-22T12:00:00+03:00,3311.245,3314.02,3304.11,3304.815,,,,
2025-05-22T13:00:00+03:00,3304.725,3307.655,3288.58,3289.715,,,,
2025-05-22T14:00:00+03:00,3289.655,3314.78,3283.075,3314.38,,,,
2025-05-22T15:00:00+03:00,3314.29,3314.635,3300.95,3304.225,,,,
2025-05-22T16:00:00+03:00,3304.29,3315.91,3286.925,3287.77,,,,
2025-05-22T17:00:00+03:00,3287.73,3304.69,3279.235,3297.08,,,,3279.235
2025-05-22T18:00:00+03:00,3297.095,3298.865,3281.41,3294.995,,,,
2025-05-22T19:00:00+03:00,3295,3304.945,3291.1,3301.665,,,,
2025-05-22T20:00:00+03:00,3301.6,3301.88,3290.19,3296.535,,,,
2025-05-22T21:00:00+03:00,3296.62,3298.935,3292.38,3293.865,,,,
2025-05-22T22:00:00+03:00,3293.955,3297.22,3289.11,3290.315,,,,
2025-05-22T23:00:00+03:00,3290.35,3295.805,3289.595,3295.01,,,,
2025-05-23T01:00:00+03:00,3297.82,3299.465,3295.275,3297.85,,,,
2025-05-23T02:00:00+03:00,3297.855,3302.14,3297.48,3300.21,,,,
2025-05-23T03:00:00+03:00,3300.22,3309.01,3287.075,3300.89,,,3287.075,
2025-05-23T04:00:00+03:00,3300.975,3306.495,3295.94,3305.315,,,,
2025-05-23T05:00:00+03:00,3305.335,3305.495,3291,3296.925,,,,
2025-05-23T06:00:00+03:00,3296.815,3303.49,3296.555,3302.185,,,,
2025-05-23T07:00:00+03:00,3302.215,3316.4,3302.1,3313.72,,,,
2025-05-23T08:00:00+03:00,3313.745,3325.75,3312.595,3323.975,,,,
2025-05-23T09:00:00+03:00,3323.895,3332.04,3323.12,3331.255,,,,
2025-05-23T10:00:00+03:00,3331.25,3334.465,3326.715,3329.375,,,,
2025-05-23T11:00:00+03:00,3329.3,3329.52,3322.66,3326.47,,,,
2025-05-23T12:00:00+03:00,3326.595,3334.07,3324.975,3328.775,,,,
2025-05-23T13:00:00+03:00,3328.815,3332.05,3323.475,3328.675,,,,
2025-05-23T14:00:00+03:00,3328.595,3349.875,3324.545,3348.255,,,,
2025-05-23T15:00:00+03:00,3348.285,3360.555,3344.825,3357,,,,
2025-05-23T16:00:00+03:00,3357.16,3364.82,3337.29,3340.205,,,,
2025-05-23T17:00:00+03:00,3340.035,3359.735,3336.635,3359.36,,,,
2025-05-23T18:00:00+03:00,3359.39,3362.465,3352.2,3361.695,,,,
2025-05-23T19:00:00+03:00,3361.735,3364.585,3357.31,3359.13,,,,
2025-05-23T20:00:00+03:00,3359.065,3366.015,3356.415,3362.735,3366.015,,,
2025-05-23T21:00:00+03:00,3362.725,3365.945,3361.13,3362.06,,,,
2025-05-23T22:00:00+03:00,3362.045,3365.805,3358.31,3360.795,,,,
2025-05-23T23:00:00+03:00,3360.76,3361.84,3356.24,3358.125,,,,
2025-05-26T01:00:00+03:00,3351.4,3352.5,3341.31,3344.35,,,,
2025-05-26T02:00:00+03:00,3344.435,3350.725,3341.36,3342.73,,,,
2025-05-26T03:00:00+03:00,3342.725,3346.28,3331.445,3342.19,,,3331.445,
2025-05-26T04:00:00+03:00,3342.175,3347.685,3335.615,3345.01,,,,
2025-05-26T05:00:00+03:00,3344.975,3356.995,3343.315,3348.135,,,,
2025-05-26T06:00:00+03:00,3348.145,3350.09,3344.375,3347.65,,,,
2025-05-26T07:00:00+03:00,3347.675,3351.16,3346.315,3349.965,,,,
2025-05-26T08:00:00+03:00,3350.05,3351.98,3344.465,3347.455,,,,
2025-05-26T09:00:00+03:00,3347.435,3347.65,3337.135,3337.425,,,,
2025-05-26T10:00:00+03:00,3337.31,3338.91,3332.24,3337.505,,,,
2025-05-26T11:00:00+03:00,3337.5,3339.755,3331.12,3334.755,,,,
2025-05-26T12:00:00+03:00,3334.765,3336.3,3323.5,3328.6,,,,3323.5
2025-05-26T13:00:00+03:00,3328.7,3333.69,3328.7,3331.625,,,,
2025-05-26T14:00:00+03:00,3331.67,3334.695,3329.22,3333.135,,,,
2025-05-26T15:00:00+03:00,3333.14,3335.095,3326.405,3334.4,,,,
2025-05-26T16:00:00+03:00,3334.51,3339.04,3331.35,3338.4,,,,
2025-05-26T17:00:00+03:00,3338.405,3341.695,3335.58,3337.35,,,,
2025-05-26T18:00:00+03:00,3337.355,3339.82,3336.885,3338.075,,,,
2025-05-26T19:00:00+03:00,3338.145,3343.72,3337.59,3342.265,,,,
2025-05-26T20:00:00+03:00,3342.3,3343.25,3340.57,3341.275,,,,
2025-05-26T21:00:00+03:00,3341.27,3343.265,3341.015,3342.475,,,,
2025-05-27T01:00:00+03:00,3346.38,3348.945,3342.85,3347.775,,,,
2025-05-27T02:00:00+03:00,3347.71,3348.635,3344.585,3346.2,,,,
2025-05-27T03:00:00+03:00,3346.205,3350.095,3342.51,3345.175,,3350.095,,
2025-05-27T04:00:00+03:00,3345.195,3347.425,3331.87,3336.05,,,,
2025-05-27T05:00:00+03:00,3336.07,3344.475,3335.15,3342.95,,,,
2025-05-27T06:00:00+03:00,3342.95,3347.365,3340.915,3341.185,,,,
2025-05-27T07:00:00+03:00,3341.215,3341.59,3330.775,3331,,,,
2025-05-27T08:00:00+03:00,3331.01,3332.805,3316.1,3323.52,,,,
2025-05-27T09:00:00+03:00,3323.525,3328.485,3305.14,3308.615,,,,
2025-05-27T10:00:00+03:00,3308.61,3312.715,3292.655,3296.315,,,,
2025-05-27T11:00:00+03:00,3296.3,3310.53,3296.15,3298.6,,,,
2025-05-27T12:00:00+03:00,3298.585,3309.96,3294.715,3296.22,,,,
2025-05-27T13:00:00+03:00,3296.255,3299.68,3290.42,3293.33,,,,
2025-05-27T14:00:00+03:00,3293.325,3298.305,3287.785,3288.44,,,,
2025-05-27T15:00:00+03:00,3288.455,3297.965,3288.145,3293.88,,,,
2025-05-27T16:00:00+03:00,3293.855,3305.035,3292.34,3295.345,,,,
2025-05-27T17:00:00+03:00,3295.21,3303.395,3285.25,3299.91,,,,3285.25
2025-05-27T18:00:00+03:00,3299.825,3303.15,3289.705,3293.66,,,,
2025-05-27T19:00:00+03:00,3293.68,3298.86,3293.12,3297.915,,,,
2025-05-27T20:00:00+03:00,3297.93,3304.425,3296.885,3301.345,,,,
2025-05-27T21:00:00+03:00,3301.395,3304.01,3299.165,3303.125,,,,
2025-05-27T22:00:00+03:00,3303.11,3308.005,3303.06,3304.45,,,,
2025-05-27T23:00:00+03:00,3304.47,3305.23,3299.75,3300.75,,,,
2025-05-28T01:00:00+03:00,3304.215,3305.86,3302.63,3303.275,,,,
2025-05-28T02:00:00+03:00,3303.45,3311.025,3297.298,3309.56,,,,
2025-05-28T03:00:00+03:00,3309.53,3315.885,3308.25,3308.605,,3315.885,,
2025-05-28T04:00:00+03:00,3308.56,3310.96,3298.52,3301.88,,,,
2025-05-28T05:00:00+03:00,3301.875,3313.99,3300.305,3302.57,,,,
2025-05-28T06:00:00+03:00,3302.56,3304.155,3291.705,3297.91,,,3291.705,
2025-05-28T07:00:00+03:00,3297.895,3299.23,3294.48,3296.47,,,,
2025-05-28T08:00:00+03:00,3296.395,3310.405,3296.04,3307.275,,,,
2025-05-28T09:00:00+03:00,3307.35,3308.79,3298.445,3308.4,,,,
2025-05-28T10:00:00+03:00,3308.375,3322.5,3307.19,3319.275,,,,
2025-05-28T11:00:00+03:00,3319.305,3323.895,3315.205,3321.705,,,,
2025-05-28T12:00:00+03:00,3321.71,3325.695,3320.145,3324.2,3325.695,,,
2025-05-28T13:00:00+03:00,3324.225,3324.755,3311.925,3313.41,,,,
2025-05-28T14:00:00+03:00,3313.395,3315.27,3307.52,3311.26,,,,
2025-05-28T15:00:00+03:00,3311.27,3314.685,3305.45,3312.415,,,,
2025-05-28T16:00:00+03:00,3312.47,3316.505,3297.345,3305.315,,,,
2025-05-28T17:00:00+03:00,3305.23,3309.17,3300.5,3302.71,,,,
2025-05-28T18:00:00+03:00,3302.72,3302.87,3292.65,3296.12,,,,
2025-05-28T19:00:00+03:00,3296.145,3299.235,3288.71,3293.54,,,,
2025-05-28T20:00:00+03:00,3293.545,3299.16,3291.41,3296.855,,,,
2025-05-28T21:00:00+03:00,3296.9,3303.075,3296.56,3302.275,,,,
2025-05-28T22:00:00+03:00,3302.28,3303.14,3293.895,3297.065,,,,
2025-05-28T23:00:00+03:00,3297.055,3297.445,3276.355,3288.725,,,,
2025-05-29T01:00:00+03:00,3289.59,3295.24,3282.08,3286.58,,,,
2025-05-29T02:00:00+03:00,3286.735,3287.915,3250.145,3259.975,,,,
2025-05-29T03:00:00+03:00,3259.93,3269.28,3253.875,3265.05,,,,
2025-05-29T04:00:00+03:00,3265.055,3265.91,3245.56,3263.675,,,,3245.56
2025-05-29T05:00:00+03:00,3263.68,3275.555,3261.07,3270.195,,,,
2025-05-29T06:00:00+03:00,3270.2,3280.22,3268.16,3274.6,,,,
2025-05-29T07:00:00+03:00,3274.59,3275.505,3269.14,3269.16,,,,
2025-05-29T08:00:00+03:00,3269.19,3272.805,3266.08,3272.625,,,,
2025-05-29T09:00:00+03:00,3272.605,3276.51,3268.095,3271.775,,,,
2025-05-29T10:00:00+03:00,3271.88,3287.49,3271.825,3286.485,,,,
2025-05-29T11:00:00+03:00,3286.505,3289.43,3278.3,3281.785,,,,
2025-05-29T12:00:00+03:00,3281.705,3283.27,3276.33,3282.2,,,,
2025-05-29T13:00:00+03:00,3282.19,3300.95,3281.94,3296.755,,,,
2025-05-29T14:00:00+03:00,3296.75,3305.57,3295.5,3299.825,,,,
2025-05-29T15:00:00+03:00,3299.99,3317.605,3298.67,3316.525,,,,
2025-05-29T16:00:00+03:00,3316.53,3322.2,3310.34,3312.615,,,,
2025-05-29T17:00:00+03:00,3312.735,3319.565,3304.76,3310.365,,,,
2025-05-29T18:00:00+03:00,3310.36,3322.095,3309.86,3321.795,,,,
2025-05-29T19:00:00+03:00,3321.755,3331.47,3319.81,3322.285,3331.47,,,
2025-05-29T20:00:00+03:00,3322.25,3324.565,3318.16,3324.33,,,,
2025-05-29T21:00:00+03:00,3324.325,3325.95,3317.68,3321.36,,,,
2025-05-29T22:00:00+03:00,3321.305,3321.565,3315.59,3316.65,,,,
2025-05-29T23:00:00+03:00,3316.625,3318.48,3315.28,3317.615,,,,
2025-05-30T01:00:00+03:00,3317.9,3318.04,3313.75,3314.44,,,,
2025-05-30T02:00:00+03:00,3314.465,3317.385,3312.945,3315.575,,,,
2025-05-30T03:00:00+03:00,3315.565,3318.95,3309.65,3312.565,,,,
2025-05-30T04:00:00+03:00,3312.63,3322.925,3308.16,3310.025,,3322.925,,
2025-05-30T05:00:00+03:00,3309.99,3312.265,3294.935,3297.445,,,,
2025-05-30T06:00:00+03:00,3297.435,3302.445,3291.3,3294.535,,,,
2025-05-30T07:00:00+03:00,3294.325,3296.67,3291.62,3296.325,,,,
2025-05-30T08:00:00+03:00,3296.245,3305.165,3290.195,3303.85,,,,
2025-05-30T09:00:00+03:00,3303.825,3304.365,3290.47,3301.865,,,,
2025-05-30T10:00:00+03:00,3301.855,3301.855,3287.435,3295.09,,,,
2025-05-30T11:00:00+03:00,3295.04,3299.305,3291.65,3295.855,,,,
2025-05-30T12:00:00+03:00,3295.795,3299.355,3292.595,3295.635,,,,
2025-05-30T13:00:00+03:00,3295.6,3300.675,3292.61,3295.375,,,,
2025-05-30T14:00:00+03:00,3295.295,3297.38,3288.535,3294.04,,,,
2025-05-30T15:00:00+03:00,3294.13,3306.925,3282.84,3304.075,,,,
2025-05-30T16:00:00+03:00,3303.98,3308.38,3275.28,3276.775,,3308.38,,
2025-05-30T17:00:00+03:00,3276.91,3287.405,3271.46,3282.8,,,3271.46,
2025-05-30T18:00:00+03:00,3282.865,3292.85,3276.1,3288.705,,,,
2025-05-30T19:00:00+03:00,3288.715,3295.88,3284.005,3293.365,,,,
2025-05-30T20:00:00+03:00,3293.395,3294.87,3289.81,3291.03,,,,
2025-05-30T21:00:00+03:00,3291.035,3295.16,3291.035,3293.925,,,,
2025-05-30T22:00:00+03:00,3293.925,3295.235,3291.68,3295,,,,
2025-05-30T23:00:00+03:00,3294.875,3295.915,3288.795,3289.7,,,,
2025-06-02T01:00:00+03:00,3303.415,3315.135,3299.955,3313.11,,,,
2025-06-02T02:00:00+03:00,3313.08,3316.745,3309.425,3310.22,,,,
2025-06-02T03:00:00+03:00,3310.215,3315.065,3303.315,3311.455,,,,
2025-06-02T04:00:00+03:00,3311.49,3313.93,3301.415,3303.66,,,,
2025-06-02T05:00:00+03:00,3303.64,3311.63,3303.425,3307.38,,,,
2025-06-02T06:00:00+03:00,3307.355,3309.04,3303.475,3308.8,,,,
2025-06-02T07:00:00+03:00,3308.845,3318.295,3308.845,3313.96,,,,
2025-06-02T08:00:00+03:00,3313.95,3325.82,3313.95,3323.775,,,,
2025-06-02T09:00:00+03:00,3323.845,3345.545,3323.77,3344.515,,,,
2025-06-02T10:00:00+03:00,3344.525,3359.1,3343.15,3352.595,,,,
2025-06-02T11:00:00+03:00,3352.615,3356.485,3350.105,3352.105,,,,
2025-06-02T12:00:00+03:00,3352.11,3352.56,3344.495,3348.4,,,,
2025-06-02T13:00:00+03:00,3348.41,3351.545,3344.555,3348.7,,,,
2025-06-02T14:00:00+03:00,3348.755,3360.255,3346.09,3356.39,,,,
2025-06-02T15:00:00+03:00,3356.36,3363.63,3354.105,3355.49,,,,
2025-06-02T16:00:00+03:00,3355.495,3376.275,3350.385,3371.035,,,,
2025-06-02T17:00:00+03:00,3371.775,3379.065,3367.645,3376.06,,,,
2025-06-02T18:00:00+03:00,3376.005,3378.83,3369.805,3374.27,,,,
2025-06-02T19:00:00+03:00,3374.295,3379.435,3369.395,3371.81,,,,
2025-06-02T20:00:00+03:00,3371.815,3376.04,3371.33,3374.455,,,,
2025-06-02T21:00:00+03:00,3374.455,3380.195,3370.875,3379.295,,,,
2025-06-02T22:00:00+03:00,3379.32,3382.5,3377.94,3381.595,,,,
2025-06-02T23:00:00+03:00,3381.59,3382.96,3378.49,3381.87,,,,
2025-06-03T01:00:00+03:00,3384.61,3391.47,3383.095,3389.97,,,,
2025-06-03T02:00:00+03:00,3390.15,3392.305,3383.22,3387.55,3392.305,,,
2025-06-03T03:00:00+03:00,3387.495,3388.8,3373.865,3375.84,,,,
2025-06-03T04:00:00+03:00,3375.845,3376.19,3363.24,3372.8,,,,
2025-06-03T05:00:00+03:00,3372.7,3378.07,3364.48,3368.84,,,,
2025-06-03T06:00:00+03:00,3368.835,3369.675,3359.755,3361.18,,,,
2025-06-03T07:00:00+03:00,3361.175,3365.215,3359.325,3362.8,,,,
2025-06-03T08:00:00+03:00,3362.835,3367.925,3356.355,3365,,,,
2025-06-03T09:00:00+03:00,3365.12,3367.425,3351.11,3358.92,,,3351.11,
2025-06-03T10:00:00+03:00,3358.93,3361.385,3352.585,3359.7,,,,
2025-06-03T11:00:00+03:00,3359.685,3364.92,3359.685,3361.215,,,,
2025-06-03T12:00:00+03:00,3361.195,3362.805,3355.085,3356.95,,,,
2025-06-03T13:00:00+03:00,3356.975,3358.72,3355.055,3355.62,,,,
2025-06-03T14:00:00+03:00,3355.63,3360.545,3353.43,3359.35,,,,
2025-06-03T15:00:00+03:00,3359.385,3363.23,3349.065,3359.41,,,,
2025-06-03T16:00:00+03:00,3359.415,3363.25,3341.04,3346.015,,,,
2025-06-03T17:00:00+03:00,3346.375,3350.265,3333.17,3346.56,,,,3333.17
2025-06-03T18:00:00+03:00,3346.55,3351.625,3344.17,3350.425,,,,
2025-06-03T19:00:00+03:00,3350.45,3353.63,3344.65,3348.495,,,,
2025-06-03T20:00:00+03:00,3348.52,3354.62,3347.36,3353.275,,,,
2025-06-03T21:00:00+03:00,3353.27,3353.915,3350.555,3353.64,,,,
2025-06-03T22:00:00+03:00,3353.66,3355.55,3351.325,3352.68,,,,
2025-06-03T23:00:00+03:00,3352.65,3355.36,3352.545,3353.385,,,,
2025-06-04T01:00:00+03:00,3356.735,3358.64,3355.795,3357.18,,,,
2025-06-04T02:00:00+03:00,3357.285,3361.71,3355.325,3360.06,,,,
2025-06-04T03:00:00+03:00,3360.065,3360.19,3349.87,3350.215,,,,
2025-06-04T04:00:00+03:00,3350.21,3372.475,3346.53,3370.925,,,3346.53,
2025-06-04T05:00:00+03:00,3370.895,3372.715,3362.88,3365.515,,3372.715,,
2025-06-04T06:00:00+03:00,3365.63,3367.54,3358.405,3359.27,,,,
2025-06-04T07:00:00+03:00,3359.275,3361.555,3352.485,3354.955,,,,
2025-06-04T08:00:00+03:00,3354.95,3356.57,3348.11,3351.08,,,,
2025-06-04T09:00:00+03:00,3351.175,3358.505,3349.12,3355.77,,,,
2025-06-04T10:00:00+03:00,3355.86,3365.32,3353.62,3354.725,,,,
2025-06-04T11:00:00+03:00,3354.66,3364.295,3351.765,3362.825,,,,
2025-06-04T12:00:00+03:00,3362.885,3365.025,3359.42,3363.025,,,,
2025-06-04T13:00:00+03:00,3362.915,3364.045,3347.39,3350.995,,,,
2025-06-04T14:00:00+03:00,3350.965,3352.095,3343.815,3346.66,,,,3343.815
2025-06-04T15:00:00+03:00,3346.655,3361.005,3344.425,3358.99,,,,
2025-06-04T16:00:00+03:00,3358.985,3362.875,3350.92,3352.74,,,,
2025-06-04T17:00:00+03:00,3352.67,3384.76,3351.07,3377.495,3384.76,,,
2025-06-04T18:00:00+03:00,3377.44,3379.075,3369.79,3371.855,,,,
2025-06-04T19:00:00+03:00,3371.88,3376.38,3370.905,3375.115,,,,
2025-06-04T20:00:00+03:00,3375.035,3380.945,3373.065,3379.25,,,,
2025-06-04T21:00:00+03:00,3379.3,3382.22,3375.065,3376.25,,,,
2025-06-04T22:00:00+03:00,3376.245,3376.34,3372.01,3373.6,,,,
2025-06-04T23:00:00+03:00,3373.55,3375.125,3370.675,3372.45,,,,
2025-06-05T01:00:00+03:00,3374.615,3376.125,3372.47,3373.655,,,,
2025-06-05T02:00:00+03:00,3373.67,3379.125,3372.55,3378.2,,,,
2025-06-05T03:00:00+03:00,3378.21,3381.9,3372.37,3380.335,,,,
2025-06-05T04:00:00+03:00,3380.285,3384.285,3370.7,3373.875,,3384.285,,
2025-06-05T05:00:00+03:00,3373.885,3375.315,3368.275,3370.93,,,,
2025-06-05T06:00:00+03:00,3370.92,3377.485,3369.405,3369.785,,,,
2025-06-05T07:00:00+03:00,3369.775,3372.565,3363.97,3368.56,,,,
2025-06-05T08:00:00+03:00,3368.565,3369.835,3361.22,3364.425,,,3361.22,
2025-06-05T09:00:00+03:00,3364.435,3370.135,3363.89,3366.035,,,,
2025-06-05T10:00:00+03:00,3366.05,3374.49,3365.33,3371.335,,,,
2025-06-05T11:00:00+03:00,3371.38,3377.05,3369.785,3375.29,,,,
2025-06-05T12:00:00+03:00,3375.295,3391.44,3374.11,3389.54,,,,
2025-06-05T13:00:00+03:00,3389.535,3400.575,3388.255,3400.025,,,,
2025-06-05T14:00:00+03:00,3400.05,3403.625,3391.655,3392.275,3403.625,,,
2025-06-05T15:00:00+03:00,3392.415,3400.215,3377.71,3383.15,,,,
2025-06-05T16:00:00+03:00,3383.155,3388.6,3371.26,3378.235,,,,
2025-06-05T17:00:00+03:00,3378.22,3383.365,3363.895,3367.68,,,,
2025-06-05T18:00:00+03:00,3367.72,3373.06,3339.35,3344.825,,,,3339.35
2025-06-05T19:00:00+03:00,3344.83,3356.555,3339.885,3354.165,,,,
2025-06-05T20:00:00+03:00,3354.16,3354.86,3349.01,3354.03,,,,
2025-06-05T21:00:00+03:00,3354.01,3356.2,3350.505,3353.615,,,,
2025-06-05T22:00:00+03:00,3353.625,3361.44,3352.84,3356.77,,,,
2025-06-05T23:00:00+03:00,3356.755,3357.78,3352.07,3352.73,,,,
2025-06-06T01:00:00+03:00,3356.29,3363.595,3354.315,3359.14,,,,
2025-06-06T02:00:00+03:00,3359.115,3362.715,3357.36,3361.95,,,,
2025-06-06T03:00:00+03:00,3361.905,3364.155,3357.45,3359.495,,,,
2025-06-06T04:00:00+03:00,3359.51,3368.65,3356.13,3363.915,,,,
2025-06-06T05:00:00+03:00,3363.98,3366.645,3362.145,3364.015,,,,
2025-06-06T06:00:00+03:00,3364.055,3371.97,3359.465,3369.775,,,,
2025-06-06T07:00:00+03:00,3369.795,3374.665,3369.12,3373.77,,,,
2025-06-06T08:00:00+03:00,3373.7,3375.705,3362.275,3366.085,,3375.705,,
2025-06-06T09:00:00+03:00,3366.1,3367.08,3356.105,3360.8,,,,
2025-06-06T10:00:00+03:00,3360.795,3362.385,3352.785,3359.56,,,,
2025-06-06T11:00:00+03:00,3359.695,3367.77,3358.48,3365.325,,,,
2025-06-06T12:00:00+03:00,3365.415,3365.455,3352.9,3356.845,,,,
2025-06-06T13:00:00+03:00,3356.85,3361,3355.875,3360.635,,,,
2025-06-06T14:00:00+03:00,3360.67,3364.445,3358.22,3358.4,,,,
2025-06-06T15:00:00+03:00,3358.495,3364.33,3343.56,3353.295,,,,
2025-06-06T16:00:00+03:00,3353.295,3361.125,3342.435,3343.365,,,,
2025-06-06T17:00:00+03:00,3343.385,3345.21,3316.42,3326.28,,,,
2025-06-06T18:00:00+03:00,3326.25,3336.88,3323.36,3332.25,,,,
2025-06-06T19:00:00+03:00,3332.255,3332.825,3320.94,3322.805,,,,
2025-06-06T20:00:00+03:00,3322.825,3326.885,3321.385,3323.69,,,,
2025-06-06T21:00:00+03:00,3323.775,3324.11,3313.77,3317.575,,,,
2025-06-06T22:00:00+03:00,3317.58,3319.05,3311.415,3312.495,,,,
2025-06-06T23:00:00+03:00,3312.49,3312.93,3307.195,3309.98,,,,
2025-06-09T01:00:00+03:00,3317.785,3321.27,3309.22,3314.97,,,,
2025-06-09T02:00:00+03:00,3314.885,3318.645,3313.475,3318.15,,,,
2025-06-09T03:00:00+03:00,3318.15,3318.735,3298.255,3305.475,,,,
2025-06-09T04:00:00+03:00,3305.48,3309.575,3294.99,3296.245,,,,
2025-06-09T05:00:00+03:00,3296.28,3307.655,3293.5,3305.545,,,,3293.5
2025-06-09T06:00:00+03:00,3305.54,3312.025,3304.26,3310.875,,,,
2025-06-09T07:00:00+03:00,3310.915,3313.56,3309.29,3311.795,,,,
2025-06-09T08:00:00+03:00,3311.8,3316.655,3309.695,3314.72,,,,
2025-06-09T09:00:00+03:00,3314.76,3325.01,3312.57,3324.465,,,,
2025-06-09T10:00:00+03:00,3324.44,3328.515,3321.58,3324.25,,3328.515,,
2025-06-09T11:00:00+03:00,3324.365,3325.72,3319.88,3319.98,,,,
2025-06-09T12:00:00+03:00,3319.97,3323.585,3316.89,3318.73,,,,
2025-06-09T13:00:00+03:00,3318.76,3319.825,3312.19,3314.72,,,,
2025-06-09T14:00:00+03:00,3314.725,3321.4,3313.725,3317.575,,,,
2025-06-09T15:00:00+03:00,3317.58,3322.525,3313.095,3320.095,,,,
2025-06-09T16:00:00+03:00,3320.135,3321.76,3310.795,3319.425,,,3310.795,
2025-06-09T17:00:00+03:00,3319.355,3326.9,3316.135,3320.895,,,,
2025-06-09T18:00:00+03:00,3320.91,3332.185,3320.41,3328.685,,,,
2025-06-09T19:00:00+03:00,3328.68,3337.96,3327.55,3337.775,,,,
2025-06-09T20:00:00+03:00,3337.9,3338.295,3332.885,3333.675,3338.295,,,
2025-06-09T21:00:00+03:00,3333.67,3337.145,3332.8,3333.225,,,,
2025-06-09T22:00:00+03:00,3333.21,3335.525,3325.93,3327.27,,,,
2025-06-09T23:00:00+03:00,3327.305,3329.6,3325.005,3325.675,,,,
2025-06-10T01:00:00+03:00,3324.31,3326.99,3321.655,3323.71,,,,
2025-06-10T02:00:00+03:00,3323.74,3327.98,3323.74,3326.865,,,,
2025-06-10T03:00:00+03:00,3326.875,3326.935,3314.685,3316.725,,,,
2025-06-10T04:00:00+03:00,3316.74,3320.03,3302.995,3306.325,,,,
2025-06-10T05:00:00+03:00,3306.305,3310.365,3302.015,3309.35,,,,3302.015
2025-06-10T06:00:00+03:00,3309.345,3310.555,3305.23,3307.625,,,,
2025-06-10T07:00:00+03:00,3307.635,3308.825,3302.915,3307.385,,,,
2025-06-10T08:00:00+03:00,3307.395,3319.26,3306.805,3317.815,,,,
2025-06-10T09:00:00+03:00,3317.83,3331.365,3315.615,3325.52,,,,
2025-06-10T10:00:00+03:00,3325.445,3332.255,3324.12,3330.22,,,,
2025-06-10T11:00:00+03:00,3330.225,3334.96,3326.26,3329.465,,,,
2025-06-10T12:00:00+03:00,3329.45,3331.92,3327.09,3329.82,,,,
2025-06-10T13:00:00+03:00,3329.835,3336.33,3328.45,3335.455,,,,
2025-06-10T14:00:00+03:00,3335.41,3342.54,3332.3,3333.825,,,,
2025-06-10T15:00:00+03:00,3333.845,3340.405,3328.3,3337.205,,,,
2025-06-10T16:00:00+03:00,3337.235,3349.28,3335.555,3343.665,3349.28,,,
2025-06-10T17:00:00+03:00,3343.65,3343.76,3325.56,3328.55,,,,
2025-06-10T18:00:00+03:00,3328.57,3329.31,3323.295,3326.76,,,,
2025-06-10T19:00:00+03:00,3326.71,3327.76,3320.075,3321.395,,,,
2025-06-10T20:00:00+03:00,3321.4,3325.955,3320.5,3324.85,,,,
2025-06-10T21:00:00+03:00,3324.865,3325.41,3319.535,3321.695,,,,
2025-06-10T22:00:00+03:00,3321.715,3334.665,3321.56,3328.81,,,,
2025-06-10T23:00:00+03:00,3328.855,3329.065,3322.5,3322.61,,,,
2025-06-11T01:00:00+03:00,3322.375,3327.505,3320.825,3324.59,,,,
2025-06-11T02:00:00+03:00,3324.595,3328.23,3315.59,3328.005,,,3315.59,
2025-06-11T03:00:00+03:00,3328.01,3335.255,3325.09,3332.475,,,,
2025-06-11T04:00:00+03:00,3332.455,3337.575,3327.68,3328.575,,,,
2025-06-11T05:00:00+03:00,3328.575,3339.73,3327.2,3338.295,,,,
2025-06-11T06:00:00+03:00,3338.285,3341.865,3336.485,3339.465,,,,
2025-06-11T07:00:00+03:00,3339.395,3343,3336.965,3341.85,,,,
2025-06-11T08:00:00+03:00,3341.795,3343.21,3335.605,3339.825,,,,
2025-06-11T09:00:00+03:00,3339.79,3340.31,3332.555,3337.36,,,,
2025-06-11T10:00:00+03:00,3337.375,3348.57,3335.24,3345.785,,,,
2025-06-11T11:00:00+03:00,3345.69,3346.825,3342.63,3344.59,,,,
2025-06-11T12:00:00+03:00,3344.525,3344.7,3331.425,3333.865,,,,
2025-06-11T13:00:00+03:00,3333.86,3336.875,3328.265,3329.94,,,,
2025-06-11T14:00:00+03:00,3329.975,3335.285,3326.175,3333.185,,,3326.175,
2025-06-11T15:00:00+03:00,3333.22,3360.79,3327.29,3336.835,3360.79,,,
2025-06-11T16:00:00+03:00,3336.94,3344.77,3327.95,3330,,,,
2025-06-11T17:00:00+03:00,3329.98,3341.31,3328.575,3337.635,,,,
2025-06-11T18:00:00+03:00,3337.715,3342.93,3329.655,3333.22,,,,
2025-06-11T19:00:00+03:00,3333.265,3334.57,3328.185,3330.39,,,,
2025-06-11T20:00:00+03:00,3330.41,3331.435,3319.38,3324.365,,,,3319.38
2025-06-11T21:00:00+03:00,3324.37,3347.38,3323.9,3343.925,,,,
2025-06-11T22:00:00+03:00,3343.93,3349.39,3342.385,3346.835,,,,
2025-06-11T23:00:00+03:00,3346.86,3355.61,3346.685,3355.25,,,,
2025-06-12T01:00:00+03:00,3357.905,3369.875,3356.3,3369.025,,,,
2025-06-12T02:00:00+03:00,3369.01,3373.645,3357.625,3365.535,,,,
2025-06-12T03:00:00+03:00,3365.505,3371.26,3362.26,3366.035,,,,
2025-06-12T04:00:00+03:00,3366.03,3376.935,3362.57,3371.08,,,,
2025-06-12T05:00:00+03:00,3371.055,3377.895,3368.97,3374.685,3377.895,,,
2025-06-12T06:00:00+03:00,3374.66,3376.685,3371.655,3373.5,,,,
2025-06-12T07:00:00+03:00,3373.52,3373.885,3369.505,3370.47,,,,
2025-06-12T08:00:00+03:00,3370.47,3375.86,3367.8,3374.535,,,,
2025-06-12T09:00:00+03:00,3374.61,3375.685,3365.29,3375.04,,,,
2025-06-12T10:00:00+03:00,3374.985,3375.32,3338.59,3346.305,,,3338.59,
2025-06-12T11:00:00+03:00,3346.475,3361.205,3346.42,3356.885,,,,
2025-06-12T12:00:00+03:00,3356.88,3368.105,3355.545,3365.45,,,,
2025-06-12T13:00:00+03:00,3365.475,3385.96,3362.6,3382.66,,,,
2025-06-12T14:00:00+03:00,3382.665,3388.68,3373.255,3379.305,,,,
2025-06-12T15:00:00+03:00,3379.3,3390.54,3376.455,3388.325,,,,
2025-06-12T16:00:00+03:00,3388.33,3399.05,3379.255,3392.065,3399.05,,,
2025-06-12T17:00:00+03:00,3392.08,3393.29,3382.985,3383.865,,,,
2025-06-12T18:00:00+03:00,3383.875,3390.38,3377.885,3385.87,,,,
2025-06-12T19:00:00+03:00,3385.92,3391.43,3381.025,3383.83,,,,
2025-06-12T20:00:00+03:00,3383.825,3385.05,3378.165,3382.635,,,,
2025-06-12T21:00:00+03:00,3382.685,3386.42,3381.925,3385.995,,,,
2025-06-12T22:00:00+03:00,3385.81,3389.505,3384.8,3388.275,,,,
2025-06-12T23:00:00+03:00,3388.27,3389.03,3384.84,3386.58,,,,
2025-06-13T01:00:00+03:00,3383.865,3385.03,3379.535,3383.57,,,,
2025-06-13T02:00:00+03:00,3383.525,3396.345,3382.655,3395.875,,,,
2025-06-13T03:00:00+03:00,3395.855,3420.095,3391.835,3415.35,,,,
2025-06-13T04:00:00+03:00,3415.255,3433.47,3414.04,3427.625,,,,
2025-06-13T05:00:00+03:00,3427.58,3444.325,3424.92,3441.44,,,,
2025-06-13T06:00:00+03:00,3441.415,3444.495,3423.855,3425.64,3444.495,,,
2025-06-13T07:00:00+03:00,3425.615,3430.385,3422.915,3425.33,,,,
2025-06-13T08:00:00+03:00,3425.365,3428.92,3418.05,3426.255,,,,
2025-06-13T09:00:00+03:00,3426.22,3428.67,3408.5,3416.455,,,,
2025-06-13T10:00:00+03:00,3416.41,3419.105,3407.925,3415,,,3407.925,
2025-06-13T11:00:00+03:00,3414.925,3426.22,3414.365,3424.365,,,,
2025-06-13T12:00:00+03:00,3424.42,3427.375,3420.16,3424.41,,,,
2025-06-13T13:00:00+03:00,3424.365,3427.855,3411.6,3415.985,,,,
2025-06-13T14:00:00+03:00,3415.98,3423.165,3412.635,3422.24,,,,
2025-06-13T15:00:00+03:00,3422.34,3438.26,3421.765,3436.51,,,,
2025-06-13T16:00:00+03:00,3436.495,3446.88,3433.945,3437.1,3446.88,,,
2025-06-13T17:00:00+03:00,3437.08,3439.97,3423.775,3428.035,,,,
2025-06-13T18:00:00+03:00,3428,3430.61,3420.93,3426.305,,,,
2025-06-13T19:00:00+03:00,3426.3,3431.1,3419.215,3430.15,,,,
2025-06-13T20:00:00+03:00,3430.31,3433.56,3427.415,3430.45,,,,
2025-06-13T21:00:00+03:00,3430.49,3439.6,3428.71,3436.61,,,,
2025-06-13T22:00:00+03:00,3436.635,3438.245,3431.75,3432.425,,,,
2025-06-13T23:00:00+03:00,3432.415,3434.925,3429.025,3432.835,,,,
2025-06-16T01:00:00+03:00,3440.48,3451.525,3438.6,3448.49,3451.525,,,
2025-06-16T02:00:00+03:00,3448.36,3450.26,3439.6,3444.225,,,,
2025-06-16T03:00:00+03:00,3444.22,3451.375,3434.245,3436.43,,,,
2025-06-16T04:00:00+03:00,3436.48,3443.24,3433.255,3441.635,,,,
2025-06-16T05:00:00+03:00,3441.645,3446.51,3438.005,3438.52,,,,
2025-06-16T06:00:00+03:00,3438.465,3439.765,3429.35,3431.565,,,,
2025-06-16T07:00:00+03:00,3431.655,3433.325,3426.915,3427.7,,,,
2025-06-16T08:00:00+03:00,3427.695,3430.58,3417.77,3421.72,,,,
2025-06-16T09:00:00+03:00,3421.65,3421.65,3413.08,3418.38,,,,
2025-06-16T10:00:00+03:00,3418.28,3419.91,3409.58,3412.68,,,3409.58,
2025-06-16T11:00:00+03:00,3412.75,3418.66,3409.77,3414.06,,,,
2025-06-16T12:00:00+03:00,3414.045,3419.58,3411.93,3412.08,,,,
2025-06-16T13:00:00+03:00,3412.18,3421.425,3410.795,3421.085,,,,
2025-06-16T14:00:00+03:00,3421.135,3422.785,3410.815,3415.015,,3422.785,,
2025-06-16T15:00:00+03:00,3415.095,3417.895,3411.125,3415.625,,,,
2025-06-16T16:00:00+03:00,3415.615,3418.11,3382.54,3388.34,,,,3382.54
2025-06-16T17:00:00+03:00,3388.26,3399.635,3387.57,3396.985,,,,
2025-06-16T18:00:00+03:00,3397.1,3405.925,3397.07,3404.625,,,,
2025-06-16T19:00:00+03:00,3404.595,3405.105,3397.28,3399.49,,,,
2025-06-16T20:00:00+03:00,3399.505,3400.37,3391.175,3392.7,,,,
2025-06-16T21:00:00+03:00,3392.735,3394.185,3384.12,3385.34,,,,
2025-06-16T22:00:00+03:00,3385.505,3388.57,3382.91,3384.1,,,3382.91,
2025-06-16T23:00:00+03:00,3384.05,3386.09,3383.37,3385.22,,,,
2025-06-17T01:00:00+03:00,3388.445,3398.625,3386.735,3395.525,,,,
2025-06-17T02:00:00+03:00,3395.48,3402.955,3392.94,3402.9,,,,
2025-06-17T03:00:00+03:00,3402.9,3403.43,3391.515,3394.315,,3403.43,,
2025-06-17T04:00:00+03:00,3394.325,3402.57,3393.315,3393.725,,,,
2025-06-17T05:00:00+03:00,3393.715,3400.47,3388.55,3390.13,,,,
2025-06-17T06:00:00+03:00,3390.105,3392.7,3373.67,3387.73,,,,3373.67
2025-06-17T07:00:00+03:00,3387.705,3396.365,3387.155,3394.105,,,,
2025-06-17T08:00:00+03:00,3394.055,3395.55,3390.735,3392.64,,,,
2025-06-17T09:00:00+03:00,3392.625,3392.625,3381.055,3385.5,,,,
2025-06-17T10:00:00+03:00,3385.445,3391.975,3383.21,3387.845,,,,
2025-06-17T11:00:00+03:00,3387.87,3388.7,3377.85,3378.945,,,,
2025-06-17T12:00:00+03:00,3378.92,3385.97,3375.785,3385.695,,,,
2025-06-17T13:00:00+03:00,3385.73,3398.8,3385.425,3398.225,,,,
2025-06-17T14:00:00+03:00,3398.26,3400.2,3388.305,3388.65,,3400.2,,
2025-06-17T15:00:00+03:00,3388.665,3391.665,3383.565,3386.775,,,,
2025-06-17T16:00:00+03:00,3386.795,3397.57,3385.95,3390.68,,,,
2025-06-17T17:00:00+03:00,3390.665,3392.21,3366.115,3385.165,,,,3366.115
2025-06-17T18:00:00+03:00,3385.175,3388.49,3372.555,3379.315,,,,
2025-06-17T19:00:00+03:00,3379.365,3385.975,3376.725,3382.965,,,,
2025-06-17T20:00:00+03:00,3382.985,3391.305,3381.365,3390.395,,,,
2025-06-17T21:00:00+03:00,3390.485,3392.6,3382.42,3382.895,,,,
2025-06-17T22:00:00+03:00,3382.905,3386.57,3382.465,3385.815,,,,
2025-06-17T23:00:00+03:00,3385.8,3390.455,3383.655,3388.455,,,,
2025-06-18T01:00:00+03:00,3395.865,3395.975,3388.885,3388.885,,3395.975,,
2025-06-18T02:00:00+03:00,3389.155,3390.545,3385.145,3387.43,,,,
2025-06-18T03:00:00+03:00,3387.425,3388.965,3383.065,3385.8,,,,
2025-06-18T04:00:00+03:00,3385.795,3388.785,3378.815,3379.06,,,,
2025-06-18T05:00:00+03:00,3379.015,3379.795,3370.645,3379.49,,,3370.645,
2025-06-18T06:00:00+03:00,3379.44,3391.595,3379.335,3391.115,,,,
2025-06-18T07:00:00+03:00,3391.045,3400.11,3389.475,3395.125,3400.11,,,
2025-06-18T08:00:00+03:00,3395.175,3395.67,3384.32,3386.53,,,,
2025-06-18T09:00:00+03:00,3386.58,3386.97,3379.505,3382.515,,,,
2025-06-18T10:00:00+03:00,3382.525,3386.215,3377.18,3385.995,,,,
2025-06-18T11:00:00+03:00,3385.945,3388.515,3382.6,3383.635,,,,
2025-06-18T12:00:00+03:00,3383.585,3385.655,3375.575,3378.275,,,,
2025-06-18T13:00:00+03:00,3378.29,3382.61,3375.8,3380.3,,,,
2025-06-18T14:00:00+03:00,3380.3,3387.065,3379.005,3382.185,,,,
2025-06-18T15:00:00+03:00,3382.125,3389.95,3381.745,3386.635,,,,
2025-06-18T16:00:00+03:00,3386.675,3396.945,3385.71,3392.325,,3396.945,,
2025-06-18T17:00:00+03:00,3392.315,3392.495,3373.825,3386.79,,,,
2025-06-18T18:00:00+03:00,3386.785,3392.945,3381.24,3392.825,,,,
2025-06-18T19:00:00+03:00,3392.855,3394.85,3390.05,3391.06,,,,
2025-06-18T20:00:00+03:00,3391.065,3391.28,3384.41,3385.495,,,,
2025-06-18T21:00:00+03:00,3385.5,3395.925,3378.475,3379.3,,,,
2025-06-18T22:00:00+03:00,3379.315,3379.38,3363.005,3366.93,,,,
2025-06-18T23:00:00+03:00,3366.825,3369.69,3362.605,3369.3,,,,3362.605
2025-06-19T01:00:00+03:00,3371.415,3379.935,3370.61,3375.235,,,,
2025-06-19T02:00:00+03:00,3375.26,3377.16,3370.815,3375.13,,,,
2025-06-19T03:00:00+03:00,3375.22,3383.43,3374.82,3379.6,,,,
2025-06-19T04:00:00+03:00,3379.535,3388.175,3374.61,3374.885,,3388.175,,
2025-06-19T05:00:00+03:00,3374.88,3379.59,3374.18,3376.83,,,,
2025-06-19T06:00:00+03:00,3376.835,3377.39,3369.74,3373.69,,,,
2025-06-19T07:00:00+03:00,3373.705,3375.26,3372.125,3374.685,,,,
2025-06-19T08:00:00+03:00,3374.66,3375.455,3360.295,3364.61,,,,
2025-06-19T09:00:00+03:00,3364.605,3364.825,3347.53,3357.455,,,,3347.53
2025-06-19T10:00:00+03:00,3357.46,3369.225,3350.79,3366.07,,,,
2025-06-19T11:00:00+03:00,3366.06,3371.775,3362.34,3368.745,,,,
2025-06-19T12:00:00+03:00,3368.685,3373.84,3363.66,3370.35,,,,
2025-06-19T13:00:00+03:00,3370.375,3379.18,3369.145,3375.14,,3379.18,,
2025-06-19T14:00:00+03:00,3375.13,3375.58,3370.455,3372.06,,,,
2025-06-19T15:00:00+03:00,3372.065,3372.66,3363.84,3368.005,,,,
2025-06-19T16:00:00+03:00,3368.055,3373.005,3361.525,3369.635,,,3361.525,
2025-06-19T17:00:00+03:00,3369.63,3371.11,3361.695,3364.765,,,,
2025-06-19T18:00:00+03:00,3364.755,3372.245,3362.215,3369.29,,,,
2025-06-19T19:00:00+03:00,3369.24,3371.78,3366.11,3371.19,,,,
2025-06-19T20:00:00+03:00,3371.075,3375.625,3365.93,3368.38,,3375.625,,
2025-06-19T21:00:00+03:00,3368.3,3371.535,3366.68,3370.38,,,,
2025-06-20T01:00:00+03:00,3369.735,3370.525,3362.1,3365.815,,,,
2025-06-20T02:00:00+03:00,3365.785,3370.565,3363.71,3368.88,,,,
2025-06-20T03:00:00+03:00,3368.87,3370.475,3364.69,3368.23,,,,
2025-06-20T04:00:00+03:00,3368.245,3368.38,3356.15,3356.54,,,,
2025-06-20T05:00:00+03:00,3356.545,3360.69,3351.64,3352.525,,,,
2025-06-20T06:00:00+03:00,3352.575,3356.465,3344.675,3355.62,,,,
2025-06-20T07:00:00+03:00,3355.615,3357.82,3352.555,3354.245,,,,
2025-06-20T08:00:00+03:00,3354.25,3355.27,3342.725,3344.79,,,,
2025-06-20T09:00:00+03:00,3344.845,3348.835,3340.415,3345.32,,,,3340.415
2025-06-20T10:00:00+03:00,3345.26,3355.43,3343.44,3347.725,,,,
2025-06-20T11:00:00+03:00,3347.625,3352.595,3346.805,3351.15,,,,
2025-06-20T12:00:00+03:00,3351.14,3359.27,3349.31,3355.32,,,,
2025-06-20T13:00:00+03:00,3355.395,3358,3355.035,3355.49,,,,
2025-06-20T14:00:00+03:00,3355.495,3356.095,3346.39,3347.16,,,,
2025-06-20T15:00:00+03:00,3347.21,3350.825,3341.9,3344.555,,,3341.9,
2025-06-20T16:00:00+03:00,3344.535,3373.875,3343.115,3370.365,,,,
2025-06-20T17:00:00+03:00,3370.335,3374.63,3365.285,3369.33,,3374.63,,
2025-06-20T18:00:00+03:00,3369.34,3371.895,3365.865,3369.905,,,,
2025-06-20T19:00:00+03:00,3369.915,3373.47,3367.885,3371.51,,,,
2025-06-20T20:00:00+03:00,3371.525,3371.79,3366.635,3367.46,,,,
2025-06-20T21:00:00+03:00,3367.525,3368.025,3364.685,3366.685,,,,
2025-06-20T22:00:00+03:00,3366.71,3370.805,3364.92,3365.65,,,,
2025-06-20T23:00:00+03:00,3365.645,3369.5,3364.73,3368.75,,,,
2025-06-23T01:00:00+03:00,3383.825,3389.22,3372.19,3379.265,3389.22,,,
2025-06-23T02:00:00+03:00,3379.175,3380.7,3371.315,3372.82,,,,
2025-06-23T03:00:00+03:00,3372.82,3373.615,3358.32,3365.77,,,,
2025-06-23T04:00:00+03:00,3365.765,3368.18,3351.935,3355.325,,,,
2025-06-23T05:00:00+03:00,3355.33,3364.965,3354.825,3361.59,,,,
2025-06-23T06:00:00+03:00,3361.525,3366.445,3360.45,3363.46,,,,
2025-06-23T07:00:00+03:00,3363.48,3365.095,3356.905,3358.545,,,,
2025-06-23T08:00:00+03:00,3358.59,3360.685,3347.035,3356.85,,,3347.035,
2025-06-23T09:00:00+03:00,3356.955,3359.98,3352.75,3357.705,,,,
2025-06-23T10:00:00+03:00,3357.7,3358.84,3351.695,3357.66,,,,
2025-06-23T11:00:00+03:00,3357.73,3362.445,3357.73,3361.94,,,,
2025-06-23T12:00:00+03:00,3361.93,3369.145,3361.69,3366.65,,,,
2025-06-23T13:00:00+03:00,3366.66,3368.35,3364.055,3367.865,,,,
2025-06-23T14:00:00+03:00,3367.875,3382.15,3367.875,3380.785,,,,
2025-06-23T15:00:00+03:00,3380.755,3381.18,3355.935,3360.485,,,,
2025-06-23T16:00:00+03:00,3360.48,3387.895,3359.835,3380.775,,,,
2025-06-23T17:00:00+03:00,3380.655,3386.825,3369.88,3386.49,,,,
2025-06-23T18:00:00+03:00,3386.495,3389.905,3384.625,3387.265,,,,
2025-06-23T19:00:00+03:00,3387.285,3393.64,3380.405,3389.92,3393.64,,,
2025-06-23T20:00:00+03:00,3389.835,3391.75,3375.615,3382.545,,,,
2025-06-23T21:00:00+03:00,3382.565,3388.145,3376.865,3378.66,,,,
2025-06-23T22:00:00+03:00,3378.665,3382.205,3375.665,3376.285,,,,
2025-06-23T23:00:00+03:00,3376.23,3377.41,3367.325,3369.2,,,,
2025-06-24T01:00:00+03:00,3358.435,3363.9,3350.45,3355.54,,,,
2025-06-24T02:00:00+03:00,3355.59,3357.5,3341.52,3344.49,,,,
2025-06-24T03:00:00+03:00,3344.485,3355.335,3333.28,3351.18,,,,
2025-06-24T04:00:00+03:00,3351.205,3354.55,3342.245,3347.77,,,,
2025-06-24T05:00:00+03:00,3347.72,3352.96,3346.06,3352.035,,,,
2025-06-24T06:00:00+03:00,3351.955,3357.955,3351.66,3352.49,,,,
2025-06-24T07:00:00+03:00,3352.505,3353.52,3347.105,3348.655,,,,
2025-06-24T08:00:00+03:00,3348.65,3348.865,3326.72,3332.12,,,,
2025-06-24T09:00:00+03:00,3332.205,3333.255,3316.075,3322.95,,,,3316.075
2025-06-24T10:00:00+03:00,3322.945,3331.86,3316.63,3329.705,,,,
2025-06-24T11:00:00+03:00,3329.775,3332.375,3324.695,3327.435,,,,
2025-06-24T12:00:00+03:00,3327.36,3328.875,3317.98,3318.59,,,,
2025-06-24T13:00:00+03:00,3318.585,3327.735,3318.555,3325.61,,,,
2025-06-24T14:00:00+03:00,3325.57,3329.035,3317.965,3321.25,,,,
2025-06-24T15:00:00+03:00,3321.145,3321.145,3304.48,3314.825,,,,
2025-06-24T16:00:00+03:00,3314.77,3317.96,3295.315,3302.12,,,,3295.315
2025-06-24T17:00:00+03:00,3302.135,3310.41,3298.645,3304.515,,,,
2025-06-24T18:00:00+03:00,3304.51,3317.115,3299.845,3313.34,,,,
2025-06-24T19:00:00+03:00,3313.35,3320.495,3311.385,3318.485,,,,
2025-06-24T20:00:00+03:00,3318.565,3321.295,3317.985,3318.075,,,,
2025-06-24T21:00:00+03:00,3318.025,3319.12,3315.73,3317.285,,,,
2025-06-24T22:00:00+03:00,3317.23,3325.38,3316.09,3323.655,,,,
2025-06-24T23:00:00+03:00,3323.63,3324.6,3321.805,3323.45,,,,
2025-06-25T01:00:00+03:00,3322.825,3323.63,3320.97,3321.67,,,,
2025-06-25T02:00:00+03:00,3321.695,3324.995,3321.695,3324.205,,,,
2025-06-25T03:00:00+03:00,3324.21,3330.095,3323.71,3326.99,,,,
2025-06-25T04:00:00+03:00,3327.04,3334.905,3326.49,3334.73,,,,
2025-06-25T05:00:00+03:00,3334.76,3335.335,3327.87,3329.53,,,,
2025-06-25T06:00:00+03:00,3329.55,3332.16,3327.255,3328.375,,,,
2025-06-25T07:00:00+03:00,3328.305,3329.335,3325.87,3327.52,,,,
2025-06-25T08:00:00+03:00,3327.5,3333.785,3326.775,3331.715,,,,
2025-06-25T09:00:00+03:00,3331.755,3333.515,3329,3331.815,,,,
2025-06-25T10:00:00+03:00,3331.84,3337.205,3326.775,3330.705,,3337.205,,
2025-06-25T11:00:00+03:00,3330.7,3332.455,3326.515,3327.295,,,,
2025-06-25T12:00:00+03:00,3327.305,3327.355,3321.5,3325.35,,,,
2025-06-25T13:00:00+03:00,3325.345,3329.625,3324.145,3324.55,,,,
2025-06-25T14:00:00+03:00,3324.535,3329.55,3322.21,3322.7,,,,
2025-06-25T15:00:00+03:00,3322.705,3329.475,3318.22,3320.755,,,,
2025-06-25T16:00:00+03:00,3320.775,3321.675,3312.055,3314.57,,,3312.055,
2025-06-25T17:00:00+03:00,3314.505,3326.405,3312.26,3323.505,,,,
2025-06-25T18:00:00+03:00,3323.55,3327.225,3321.725,3325.69,,,,
2025-06-25T19:00:00+03:00,3325.74,3335.22,3324.195,3334.815,,,,
2025-06-25T20:00:00+03:00,3334.82,3335.425,3324.81,3328.065,,,,
2025-06-25T21:00:00+03:00,3328.08,3331.87,3326.31,3331.755,,,,
2025-06-25T22:00:00+03:00,3331.655,3336.15,3330.49,3333.8,,,,
2025-06-25T23:00:00+03:00,3333.81,3335.705,3331.445,3332.395,,,,
2025-06-26T01:00:00+03:00,3334.315,3335.05,3331.395,3333.34,,,,
2025-06-26T02:00:00+03:00,3333.315,3340.325,3333.015,3339.12,,,,
2025-06-26T03:00:00+03:00,3339.185,3339.395,3332.175,3334.04,,,,
2025-06-26T04:00:00+03:00,3334.135,3336.84,3329.3,3330.23,,,3329.3,
2025-06-26T05:00:00+03:00,3330.285,3341.95,3329.335,3339.59,,,,
2025-06-26T06:00:00+03:00,3339.615,3343.255,3336.435,3338.06,,,,
2025-06-26T07:00:00+03:00,3338.105,3338.245,3333.495,3334.02,,,,
2025-06-26T08:00:00+03:00,3334.035,3338.42,3332.5,3334.24,,,,
2025-06-26T09:00:00+03:00,3334.185,3340.5,3331.025,3339.835,,,,
2025-06-26T10:00:00+03:00,3339.785,3347.18,3339.67,3346.1,,,,
2025-06-26T11:00:00+03:00,3346.085,3350.415,3344.465,3348.2,3350.415,,,
2025-06-26T12:00:00+03:00,3348.2,3348.845,3338.845,3340.665,,,,
2025-06-26T13:00:00+03:00,3340.63,3343.51,3338.025,3343.335,,,,
2025-06-26T14:00:00+03:00,3343.345,3344.175,3331.58,3332.975,,,,
2025-06-26T15:00:00+03:00,3332.98,3344.15,3321.68,3322.095,,,,
2025-06-26T16:00:00+03:00,3322.08,3328.75,3309.99,3319.985,,,,3309.99
2025-06-26T17:00:00+03:00,3319.975,3323.94,3311.985,3318.44,,,,
2025-06-26T18:00:00+03:00,3318.395,3325.03,3318.395,3324.92,,,,
2025-06-26T19:00:00+03:00,3324.935,3333.415,3323.845,3331.41,,,,
2025-06-26T20:00:00+03:00,3331.415,3336.55,3331.25,3332.84,,,,
2025-06-26T21:00:00+03:00,3332.825,3334.94,3331.28,3334.1,,,,
2025-06-26T22:00:00+03:00,3334.125,3334.39,3328.42,3331.34,,,,
2025-06-26T23:00:00+03:00,3331.41,3332.43,3327.725,3327.82,,,,
2025-06-27T01:00:00+03:00,3325.33,3325.37,3318.835,3321.545,,,,
2025-06-27T02:00:00+03:00,3321.525,3323.765,3316.295,3318.79,,,,
2025-06-27T03:00:00+03:00,3318.73,3320.04,3313.3,3318.98,,,,
2025-06-27T04:00:00+03:00,3318.97,3322.18,3314.99,3316.5,,,,
2025-06-27T05:00:00+03:00,3316.51,3320.445,3308.61,3308.91,,,,
2025-06-27T06:00:00+03:00,3308.87,3311.025,3292.665,3294.405,,,,
2025-06-27T07:00:00+03:00,3294.385,3297.63,3291.16,3294.01,,,,
2025-06-27T08:00:00+03:00,3294.035,3301.015,3289.325,3297.515,,,,
2025-06-27T09:00:00+03:00,3297.525,3300.045,3286.93,3295.12,,,,
2025-06-27T10:00:00+03:00,3295.135,3295.465,3283.52,3284.54,,,,
2025-06-27T11:00:00+03:00,3284.46,3291.165,3281.9,3289.44,,,,
2025-06-27T12:00:00+03:00,3289.345,3289.84,3282.23,3282.88,,,,
2025-06-27T13:00:00+03:00,3282.89,3291.07,3279.805,3285.74,,,,
2025-06-27T14:00:00+03:00,3285.725,3288.035,3276.19,3281.47,,,,
2025-06-27T15:00:00+03:00,3281.455,3282.415,3269.55,3270.295,,,,
2025-06-27T16:00:00+03:00,3270.195,3274.53,3255.85,3274.285,,,,3255.85
2025-06-27T17:00:00+03:00,3274.335,3278.235,3263.665,3272.51,,,,
2025-06-27T18:00:00+03:00,3272.52,3277.61,3271.035,3274.68,,,,
2025-06-27T19:00:00+03:00,3274.695,3278.685,3273.42,3277.705,,,,
2025-06-27T20:00:00+03:00,3277.73,3282.94,3272.77,3277.465,,3282.94,,
2025-06-27T21:00:00+03:00,3277.47,3278.495,3270.6,3275.86,,,,
2025-06-27T22:00:00+03:00,3275.865,3276.685,3268.43,3270.615,,,,
2025-06-27T23:00:00+03:00,3270.65,3275.585,3270.33,3274.175,,,,
2025-06-30T01:00:00+03:00,3271.64,3274.055,3244.415,3263.855,,,,3244.415
2025-06-30T02:00:00+03:00,3263.98,3270.98,3262.875,3263.815,,,,
2025-06-30T03:00:00+03:00,3263.81,3269.91,3262.695,3264.57,,,,
2025-06-30T04:00:00+03:00,3264.485,3276.1,3259.39,3274.08,,,,
2025-06-30T05:00:00+03:00,3274.075,3283.385,3273.725,3280.28,,,,
2025-06-30T06:00:00+03:00,3280.265,3282.85,3277.965,3279.07,,,,
2025-06-30T07:00:00+03:00,3279.09,3286.48,3277,3285.64,,,,
2025-06-30T08:00:00+03:00,3285.645,3291.545,3284.69,3289.125,,,,
2025-06-30T09:00:00+03:00,3289.12,3295.66,3287.94,3292.215,,,,
2025-06-30T10:00:00+03:00,3292.17,3296.83,3290.835,3293.085,3296.83,,,
2025-06-30T11:00:00+03:00,3292.99,3296.66,3288.165,3289.21,,,,
2025-06-30T12:00:00+03:00,3289.15,3289.15,3277.48,3287.935,,,,
2025-06-30T13:00:00+03:00,3287.945,3288.92,3282.52,3283.525,,,,
2025-06-30T14:00:00+03:00,3283.55,3283.865,3274.625,3278,,,3274.625,
2025-06-30T15:00:00+03:00,3278.03,3289.075,3278.03,3282.155,,,,
2025-06-30T16:00:00+03:00,3282.14,3287.205,3277.975,3284.915,,,,
2025-06-30T17:00:00+03:00,3284.9,3289.67,3279.255,3287.79,,,,
2025-06-30T18:00:00+03:00,3287.76,3290.805,3283.81,3289.635,,,,
2025-06-30T19:00:00+03:00,3289.645,3297.575,3289.12,3297.38,,,,
2025-06-30T20:00:00+03:00,3297.36,3298.64,3292.14,3294.04,,,,
2025-06-30T21:00:00+03:00,3294.035,3299.675,3292.635,3298.525,,,,
2025-06-30T22:00:00+03:00,3298.545,3309.645,3298.125,3308.735,,,,
2025-06-30T23:00:00+03:00,3308.74,3309.32,3302.365,3303.15,,,,
2025-07-01T01:00:00+03:00,3303.3,3314.59,3302.395,3311.505,,,,
2025-07-01T02:00:00+03:00,3311.575,3312.545,3308.65,3312.535,,,,
2025-07-01T03:00:00+03:00,3312.53,3314.96,3310.02,3314.825,,,,
2025-07-01T04:00:00+03:00,3314.73,3321.06,3313.99,3317.935,,,,
2025-07-01T05:00:00+03:00,3317.895,3319.47,3314.52,3316.2,,,,
2025-07-01T06:00:00+03:00,3316.16,3322.76,3315.85,3321.265,,,,
2025-07-01T07:00:00+03:00,3321.27,3323.15,3318.995,3322.975,,,,
2025-07-01T08:00:00+03:00,3322.98,3332.395,3322.975,3328.79,,,,
2025-07-01T09:00:00+03:00,3328.78,3334.63,3325.115,3331.395,,,,
2025-07-01T10:00:00+03:00,3331.455,3339.99,3330.9,3339.56,,,,
2025-07-01T11:00:00+03:00,3339.515,3342.5,3336.885,3339.635,,,,
2025-07-01T12:00:00+03:00,3339.66,3348.155,3338.31,3345.8,,,,
2025-07-01T13:00:00+03:00,3345.83,3349.755,3344.47,3348.76,,,,
2025-07-01T14:00:00+03:00,3348.77,3353.025,3347.07,3349.08,,,,
2025-07-01T15:00:00+03:00,3349.02,3358.085,3348.395,3354.625,3358.085,,,
2025-07-01T16:00:00+03:00,3354.55,3355.615,3344.5,3351.805,,,,
2025-07-01T17:00:00+03:00,3351.845,3354.535,3343.755,3345.88,,,,
2025-07-01T18:00:00+03:00,3345.905,3346.78,3337.045,3340.3,,,,
2025-07-01T19:00:00+03:00,3340.33,3343.615,3337.69,3341.83,,,,
2025-07-01T20:00:00+03:00,3341.805,3342.28,3337.05,3339.82,,,,
2025-07-01T21:00:00+03:00,3339.805,3339.945,3336.945,3338.04,,,,
2025-07-01T22:00:00+03:00,3338.06,3340.165,3336.94,3338.13,,,,
2025-07-01T23:00:00+03:00,3338.1,3340.51,3336.92,3338.72,,,,
2025-07-02T01:00:00+03:00,3340.125,3343.84,3336.97,3341.675,,,,
2025-07-02T02:00:00+03:00,3341.73,3341.965,3336.815,3338.155,,,,
2025-07-02T03:00:00+03:00,3338.21,3345.045,3334.615,3339.025,,3345.045,,
2025-07-02T04:00:00+03:00,3339.065,3342.955,3331.055,3332.25,,,,
2025-07-02T05:00:00+03:00,3332.27,3338.255,3328.615,3336.785,,,,
2025-07-02T06:00:00+03:00,3336.775,3342.23,3334.965,3340.02,,,,
2025-07-02T07:00:00+03:00,3340.015,3342.07,3339.62,3340.17,,,,
2025-07-02T08:00:00+03:00,3340.145,3344.015,3336.655,3338.855,,,,
2025-07-02T09:00:00+03:00,3338.855,3339.42,3329.885,3333.485,,,,
2025-07-02T10:00:00+03:00,3333.495,3336.915,3327.655,3334.745,,,3327.655,
2025-07-02T11:00:00+03:00,3334.68,3338.065,3333.005,3333.62,,,,
2025-07-02T12:00:00+03:00,3333.615,3342.305,3333.185,3341.755,,,,
2025-07-02T13:00:00+03:00,3341.75,3345.83,3340.67,3344.455,,,,
2025-07-02T14:00:00+03:00,3344.465,3347.825,3339.82,3342.32,,,,
2025-07-02T15:00:00+03:00,3342.37,3351.245,3337.95,3346.775,3351.245,,,
2025-07-02T16:00:00+03:00,3346.75,3346.75,3335.025,3337.5,,,,
2025-07-02T17:00:00+03:00,3337.505,3343.62,3333.965,3343.04,,,,
2025-07-02T18:00:00+03:00,3343.045,3343.84,3338.745,3341.115,,,,
2025-07-02T19:00:00+03:00,3341.09,3349.355,3341.035,3348.675,,,,
2025-07-02T20:00:00+03:00,3348.75,3350.785,3347.44,3349.86,,,,
2025-07-02T21:00:00+03:00,3349.85,3355.265,3348.66,3355.09,,,,
2025-07-02T22:00:00+03:00,3355.095,3359.62,3354.635,3358.255,,,,
2025-07-02T23:00:00+03:00,3358.29,3360.13,3355.625,3357.09,,,,
2025-07-03T01:00:00+03:00,3359.515,3365.92,3358.925,3362.01,3365.92,,,
2025-07-03T02:00:00+03:00,3362.035,3362.34,3348.905,3349.43,,,,
2025-07-03T03:00:00+03:00,3349.515,3349.955,3343.52,3344.795,,,,
2025-07-03T04:00:00+03:00,3344.805,3348.295,3342.015,3346.085,,,3342.015,
2025-07-03T05:00:00+03:00,3346.145,3351.535,3345.805,3351.075,,,,
2025-07-03T06:00:00+03:00,3351.125,3351.595,3345.5,3347.6,,,,
2025-07-03T07:00:00+03:00,3347.565,3351.895,3347.505,3350.865,,,,
2025-07-03T08:00:00+03:00,3350.87,3360.54,3350.185,3359.43,,,,
2025-07-03T09:00:00+03:00,3359.425,3363.755,3356.535,3361.92,,3363.755,,
2025-07-03T10:00:00+03:00,3361.91,3363.135,3352.575,3353.065,,,,
2025-07-03T11:00:00+03:00,3353.15,3358.41,3351.775,3356.24,,,,
2025-07-03T12:00:00+03:00,3356.125,3356.46,3343.94,3345.785,,,,
2025-07-03T13:00:00+03:00,3345.8,3355.545,3344.84,3353.255,,,,
2025-07-03T14:00:00+03:00,3353.28,3353.845,3343.135,3346.115,,,,
2025-07-03T15:00:00+03:00,3346.015,3352.365,3311.625,3324.525,,,,3311.625
2025-07-03T16:00:00+03:00,3324.49,3338.59,3322.165,3332.3,,,,
2025-07-03T17:00:00+03:00,3332.12,3334.725,3323.58,3324.665,,,,
2025-07-03T18:00:00+03:00,3324.655,3331.565,3323.06,3328.12,,,,
2025-07-03T19:00:00+03:00,3328.165,3334.755,3325.82,3333.95,,,,
2025-07-03T20:00:00+03:00,3333.945,3334.89,3328.895,3329.145,,,,
2025-07-03T21:00:00+03:00,3329.085,3330.31,3327.94,3329.105,,,,
2025-07-03T22:00:00+03:00,3329.065,3329.62,3327.04,3328.89,,,,
2025-07-03T23:00:00+03:00,3328.895,3328.98,3325.255,3326.03,,,,
2025-07-04T01:00:00+03:00,3324.24,3329.76,3323.66,3329.205,,,3323.66,
2025-07-04T02:00:00+03:00,3329.225,3332.11,3328.54,3330.915,,,,
2025-07-04T03:00:00+03:00,3330.995,3331.25,3325.93,3329.09,,,,
2025-07-04T04:00:00+03:00,3329.08,3334.435,3326.55,3330.145,,,,
2025-07-04T05:00:00+03:00,3330.135,3332.535,3327.175,3327.415,,,,
2025-07-04T06:00:00+03:00,3327.335,3339.065,3326.235,3338.42,,,,
2025-07-04T07:00:00+03:00,3338.37,3342.43,3338.105,3340.94,,,,
2025-07-04T08:00:00+03:00,3340.955,3342.3,3338.49,3339.59,,,,
2025-07-04T09:00:00+03:00,3339.58,3345.175,3339.295,3342.585,,3345.175,,
2025-07-04T10:00:00+03:00,3342.68,3343.805,3336.45,3342.98,,,,
2025-07-04T11:00:00+03:00,3342.96,3344.295,3340.92,3342.895,,,,
2025-07-04T12:00:00+03:00,3342.855,3343.14,3332.96,3334.585,,,,
2025-07-04T13:00:00+03:00,3334.595,3338.185,3331.52,3336.93,,,,
2025-07-04T14:00:00+03:00,3336.935,3337.95,3334.45,3334.77,,,,
2025-07-04T15:00:00+03:00,3334.75,3337.905,3331.455,3334.035,,,,
2025-07-04T16:00:00+03:00,3334.03,3338.095,3332.335,3333.85,,,,
2025-07-04T17:00:00+03:00,3333.855,3334.3,3330.95,3333.225,,,,
2025-07-04T18:00:00+03:00,3333.23,3333.925,3330.87,3332.45,,,,
2025-07-04T19:00:00+03:00,3332.475,3337.59,3332.35,3336.615,,,,
2025-07-07T01:00:00+03:00,3341.57,3342.075,3332.485,3333.495,,3342.075,,
2025-07-07T02:00:00+03:00,3333.54,3334.63,3326.25,3328.95,,,,
2025-07-07T03:00:00+03:00,3328.945,3329.77,3321.845,3326.595,,,,
2025-07-07T04:00:00+03:00,3326.585,3327.86,3306.785,3316.655,,,,
2025-07-07T05:00:00+03:00,3316.67,3317.82,3305.965,3309,,,,
2025-07-07T06:00:00+03:00,3308.945,3315.37,3307.2,3310.975,,,,
2025-07-07T07:00:00+03:00,3310.965,3312.4,3305.245,3307.855,,,,
2025-07-07T08:00:00+03:00,3307.94,3315.21,3307.095,3313.44,,,,
2025-07-07T09:00:00+03:00,3313.43,3315.29,3308.45,3310.02,,,,
2025-07-07T10:00:00+03:00,3309.995,3313.335,3300.765,3302.315,,,,
2025-07-07T11:00:00+03:00,3302.305,3312.86,3301.335,3310.25,,,,
2025-07-07T12:00:00+03:00,3310.16,3311.98,3306.18,3308.995,,,,
2025-07-07T13:00:00+03:00,3309.01,3310.76,3296.28,3302.175,,,,3296.28
2025-07-07T14:00:00+03:00,3302.175,3307.635,3299.815,3301.87,,,,
2025-07-07T15:00:00+03:00,3301.92,3312.795,3300.495,3309.575,,,,
2025-07-07T16:00:00+03:00,3309.565,3317.21,3306.225,3316.625,,,,
2025-07-07T17:00:00+03:00,3316.6,3321.455,3313.29,3318.085,,,,
2025-07-07T18:00:00+03:00,3318.07,3322.135,3316.195,3320.975,,,,
2025-07-07T19:00:00+03:00,3320.97,3328.16,3320.23,3327.49,,,,
2025-07-07T20:00:00+03:00,3327.545,3335.92,3327.45,3332.08,,,,
2025-07-07T21:00:00+03:00,3332.085,3335.845,3328.62,3334.495,,,,
2025-07-07T22:00:00+03:00,3334.465,3340.47,3334.43,3337.235,,,,
2025-07-07T23:00:00+03:00,3337.22,3338.015,3335.53,3336.44,,,,
2025-07-08T01:00:00+03:00,3340.5,3345.955,3339.01,3339.81,3345.955,,,
2025-07-08T02:00:00+03:00,3339.86,3340.165,3333.88,3334.715,,,,
2025-07-08T03:00:00+03:00,3334.725,3337.365,3331.3,3334.285,,,,
2025-07-08T04:00:00+03:00,3334.33,3337.095,3329.74,3334.9,,,,
2025-07-08T05:00:00+03:00,3334.9,3338.15,3332.875,3334.545,,,,
2025-07-08T06:00:00+03:00,3334.465,3335.565,3329.7,3331.61,,,,
2025-07-08T07:00:00+03:00,3331.605,3332.845,3327.405,3329.66,,,,
2025-07-08T08:00:00+03:00,3329.68,3336.625,3329.53,3334.15,,,,
2025-07-08T09:00:00+03:00,3334.17,3336.125,3330.785,3335.835,,,,
2025-07-08T10:00:00+03:00,3335.855,3339.59,3330.595,3333.93,,3339.59,,
2025-07-08T11:00:00+03:00,3333.925,3333.925,3323.405,3323.73,,,,
2025-07-08T12:00:00+03:00,3323.735,3326.845,3321.185,3322.095,,,,
2025-07-08T13:00:00+03:00,3322.09,3327.125,3320.58,3324.67,,,,
2025-07-08T14:00:00+03:00,3324.735,3327.565,3320.035,3325.06,,,,
2025-07-08T15:00:00+03:00,3325.065,3329.935,3324.745,3328.245,,,,
2025-07-08T16:00:00+03:00,3328.24,3328.78,3314.86,3315.31,,,,
2025-07-08T17:00:00+03:00,3315.305,3315.955,3294.435,3296.65,,,,
2025-07-08T18:00:00+03:00,3296.67,3300.375,3287.11,3298.205,,,,3287.11
2025-07-08T19:00:00+03:00,3298.21,3301.655,3295.93,3300.505,,,,
2025-07-08T20:00:00+03:00,3300.49,3310.525,3299.37,3306.51,,,,
2025-07-08T21:00:00+03:00,3306.52,3308.33,3300.68,3305.43,,,,
2025-07-08T22:00:00+03:00,3305.465,3306.235,3302.495,3303,,,,
2025-07-08T23:00:00+03:00,3303.01,3303.885,3299.43,3301.72,,,,
2025-07-09T01:00:00+03:00,3302.83,3304.12,3300.39,3301.625,,,,
2025-07-09T02:00:00+03:00,3301.665,3303.965,3297.29,3302.365,,,,
2025-07-09T03:00:00+03:00,3302.355,3308.145,3301.925,3307.175,,,,
2025-07-09T04:00:00+03:00,3307.11,3307.305,3299.385,3301.89,,,,
2025-07-09T05:00:00+03:00,3301.875,3303.035,3286.325,3288.63,,,,
2025-07-09T06:00:00+03:00,3288.615,3294.775,3284.98,3293.395,,,,
2025-07-09T07:00:00+03:00,3293.375,3296.49,3291.27,3294.05,,,,
2025-07-09T08:00:00+03:00,3294.07,3297.885,3289.08,3289.495,,,,
2025-07-09T09:00:00+03:00,3289.535,3292.88,3285.65,3292.39,,,,
2025-07-09T10:00:00+03:00,3292.405,3296.1,3288.34,3291.94,,,,
2025-07-09T11:00:00+03:00,3291.865,3292.73,3282.665,3285.08,,,,3282.665
2025-07-09T12:00:00+03:00,3285.06,3290.515,3284.465,3289.055,,,,
2025-07-09T13:00:00+03:00,3289.13,3296.04,3288.31,3295.555,,,,
2025-07-09T14:00:00+03:00,3295.545,3296.035,3283.295,3284.99,,,,
2025-07-09T15:00:00+03:00,3284.995,3297.595,3284.995,3296.525,,,,
2025-07-09T16:00:00+03:00,3296.54,3305.345,3291.94,3300.305,,,,
2025-07-09T17:00:00+03:00,3300.3,3313.035,3299.575,3312.42,,,,
2025-07-09T18:00:00+03:00,3312.44,3312.985,3306.405,3309.64,,,,
2025-07-09T19:00:00+03:00,3309.63,3313.385,3307.995,3311.93,,,,
2025-07-09T20:00:00+03:00,3311.935,3314.69,3308.25,3309.57,,,,
2025-07-09T21:00:00+03:00,3309.505,3313.77,3308.105,3311.485,,,,
2025-07-09T22:00:00+03:00,3311.49,3316.99,3311.025,3315.79,,,,
2025-07-09T23:00:00+03:00,3315.765,3315.975,3311.67,3313.7,,,,
2025-07-10T01:00:00+03:00,3315.76,3321.295,3314.89,3319.585,,,,
2025-07-10T02:00:00+03:00,3319.565,3319.83,3315.84,3317.705,,,,
2025-07-10T03:00:00+03:00,3317.695,3322.09,3316.64,3317.71,,,,
2025-07-10T04:00:00+03:00,3317.7,3326.39,3316.54,3322.285,,,,
2025-07-10T05:00:00+03:00,3322.28,3323.69,3318.165,3319.245,,,,
2025-07-10T06:00:00+03:00,3319.23,3320.24,3315.43,3315.765,,,,
2025-07-10T07:00:00+03:00,3315.77,3322.605,3314.84,3322.295,,,3314.84,
2025-07-10T08:00:00+03:00,3322.3,3325.185,3320.745,3321.205,,,,
2025-07-10T09:00:00+03:00,3321.19,3328.565,3321,3325.395,,,,
2025-07-10T10:00:00+03:00,3325.38,3329.545,3319.895,3321.075,,,,
2025-07-10T11:00:00+03:00,3321.09,3330.275,3319.91,3328.725,,,,
2025-07-10T12:00:00+03:00,3328.74,3330.36,3323.34,3326.51,,3330.36,,
2025-07-10T13:00:00+03:00,3326.545,3328.825,3322.305,3325.31,,,,
2025-07-10T14:00:00+03:00,3325.36,3330.325,3318.365,3320.54,,,,
2025-07-10T15:00:00+03:00,3320.58,3326.18,3317.94,3323.815,,,,
2025-07-10T16:00:00+03:00,3323.885,3329.615,3312.01,3312.875,,,,
2025-07-10T17:00:00+03:00,3312.855,3321.78,3310.175,3315.065,,,,3310.175
2025-07-10T18:00:00+03:00,3315.08,3321.685,3314.745,3319.73,,,,
2025-07-10T19:00:00+03:00,3319.75,3320.03,3312.25,3315.17,,,,
2025-07-10T20:00:00+03:00,3315.11,3318.63,3314.725,3317.445,,,,
2025-07-10T21:00:00+03:00,3317.435,3321.985,3316.505,3321.575,,,,
2025-07-10T22:00:00+03:00,3321.565,3326.065,3321.56,3324.8,,,,
2025-07-10T23:00:00+03:00,3324.845,3325.315,3323.36,3324.015,,,,
2025-07-11T01:00:00+03:00,3325.94,3326.83,3321.915,3323.425,,,,
2025-07-11T02:00:00+03:00,3323.355,3326.605,3323.14,3323.81,,,,
2025-07-11T03:00:00+03:00,3323.775,3336.192,3323.615,3330.61,,,,
2025-07-11T04:00:00+03:00,3330.455,3331.695,3325.17,3329.605,,,,
2025-07-11T05:00:00+03:00,3329.55,3335.115,3327.085,3332.505,,,,
2025-07-11T06:00:00+03:00,3332.515,3336.12,3332.075,3333.725,,,,
2025-07-11T07:00:00+03:00,3333.75,3335.4,3329.79,3332.08,,,,
2025-07-11T08:00:00+03:00,3332.05,3341.805,3331.995,3334.17,,,,
2025-07-11T09:00:00+03:00,3334.17,3344.13,3332.21,3332.45,,,,
2025-07-11T10:00:00+03:00,3332.46,3342.385,3331.245,3342.065,,,,
2025-07-11T11:00:00+03:00,3341.995,3343.855,3332.815,3333.17,,,,
2025-07-11T12:00:00+03:00,3333.19,3340.03,3332.83,3339.495,,,,
2025-07-11T13:00:00+03:00,3339.51,3348.41,3339.495,3345.065,,,,
2025-07-11T14:00:00+03:00,3345.125,3350.33,3342.045,3347.55,,,,
2025-07-11T15:00:00+03:00,3347.555,3357.205,3344.185,3355.17,,,,
2025-07-11T16:00:00+03:00,3355.16,3359.43,3350.14,3352.015,,,,
2025-07-11T17:00:00+03:00,3352.06,3363.87,3350.27,3361.255,,,,
2025-07-11T18:00:00+03:00,3361.33,3368.86,3356.915,3358.835,3368.86,,,
2025-07-11T19:00:00+03:00,3358.86,3359.605,3352.82,3353.8,,,,
2025-07-11T20:00:00+03:00,3353.75,3354.16,3349.255,3353.455,,,,
2025-07-11T21:00:00+03:00,3353.485,3358.53,3353.39,3356.115,,,,
2025-07-11T22:00:00+03:00,3356.125,3359.82,3355.625,3356.405,,,,
2025-07-11T23:00:00+03:00,3356.42,3358.725,3353.61,3355.665,,,,
2025-07-14T01:00:00+03:00,3362.375,3371.385,3359.905,3369.665,,,,
2025-07-14T02:00:00+03:00,3369.575,3374.255,3366.6,3367.61,3374.255,,,
2025-07-14T03:00:00+03:00,3367.74,3373.355,3364.895,3367.52,,,,
2025-07-14T04:00:00+03:00,3367.51,3370.245,3356.945,3358.59,,,,
2025-07-14T05:00:00+03:00,3358.545,3359.665,3353.87,3357.485,,,,
2025-07-14T06:00:00+03:00,3357.415,3359.73,3355.57,3357.205,,,,
2025-07-14T07:00:00+03:00,3357.145,3361.84,3353.9,3359.835,,,,
2025-07-14T08:00:00+03:00,3359.625,3360.485,3353.675,3357.64,,,3353.675,
2025-07-14T09:00:00+03:00,3357.71,3369.915,3356.665,3369.06,,,,
2025-07-14T10:00:00+03:00,3369.075,3375.085,3366.75,3372.13,3375.085,,,
2025-07-14T11:00:00+03:00,3372.135,3372.75,3365.44,3366.075,,,,
2025-07-14T12:00:00+03:00,3366.18,3370.48,3364.04,3370.33,,,,
2025-07-14T13:00:00+03:00,3370.41,3374.69,3369.94,3372.095,,,,
2025-07-14T14:00:00+03:00,3372.18,3373.25,3363.915,3364.14,,,,
2025-07-14T15:00:00+03:00,3364.16,3366.705,3349.385,3350.12,,,,
2025-07-14T16:00:00+03:00,3350.1,3359.06,3347.325,3355.385,,,,
2025-07-14T17:00:00+03:00,3355.365,3356.425,3341.09,3343.13,,,,3341.09
2025-07-14T18:00:00+03:00,3343.125,3349.735,3342.525,3345.16,,,,
2025-07-14T19:00:00+03:00,3345.155,3349.44,3343.145,3347.83,,,,
2025-07-14T20:00:00+03:00,3347.89,3351.77,3347.48,3351.12,,,,
2025-07-14T21:00:00+03:00,3351.125,3351.3,3347.955,3348.925,,,,
2025-07-14T22:00:00+03:00,3348.93,3350.525,3343.26,3344.305,,,,
2025-07-14T23:00:00+03:00,3344.365,3345.725,3341.395,3343.755,,,3341.395,
2025-07-15T01:00:00+03:00,3343.085,3345.95,3341.55,3345.895,,,,
2025-07-15T02:00:00+03:00,3345.88,3346.535,3343.92,3345.34,,,,
2025-07-15T03:00:00+03:00,3345.315,3349.515,3344.71,3347.62,,,,
2025-07-15T04:00:00+03:00,3347.635,3350.76,3346.1,3346.735,,,,
2025-07-15T05:00:00+03:00,3346.755,3352.16,3345.795,3350.975,,,,
2025-07-15T06:00:00+03:00,3351.055,3358.425,3350.9,3357.98,,,,
2025-07-15T07:00:00+03:00,3357.99,3361.44,3357.735,3360.26,,,,
2025-07-15T08:00:00+03:00,3360.285,3365.295,3360.285,3362.155,,,,
2025-07-15T09:00:00+03:00,3362.17,3364.32,3357.675,3358.265,,,,
2025-07-15T10:00:00+03:00,3358.285,3365.185,3357.575,3364.4,,,,
2025-07-15T11:00:00+03:00,3364.33,3365.725,3356.6,3361.045,,,,
2025-07-15T12:00:00+03:00,3361.065,3364.725,3358.655,3363.435,,,,
2025-07-15T13:00:00+03:00,3363.475,3366.425,3361.285,3361.56,,3366.425,,
2025-07-15T14:00:00+03:00,3361.505,3362.105,3354.18,3354.915,,,,
2025-07-15T15:00:00+03:00,3354.89,3360.675,3346.61,3348.915,,,,
2025-07-15T16:00:00+03:00,3348.945,3352.58,3334.38,3346.89,,,,
2025-07-15T17:00:00+03:00,3346.885,3352.245,3342.62,3347.955,,,,
2025-07-15T18:00:00+03:00,3347.96,3349.89,3325.335,3329.02,,,,
2025-07-15T19:00:00+03:00,3328.975,3330.42,3320.305,3329.32,,,,3320.305
2025-07-15T20:00:00+03:00,3329.39,3331.4,3325.915,3328.185,,,,
2025-07-15T21:00:00+03:00,3328.29,3331.99,3325.875,3328.87,,,,
2025-07-15T22:00:00+03:00,3328.85,3331.365,3326.59,3330.505,,,,
2025-07-15T23:00:00+03:00,3330.52,3331.025,3324.935,3325.005,,,,
2025-07-16T01:00:00+03:00,3326.32,3327.855,3325.635,3326.715,,,,
2025-07-16T02:00:00+03:00,3326.825,3331.805,3326.455,3331.1,,,,
2025-07-16T03:00:00+03:00,3331.105,3332.73,3328.98,3330.54,,,,
2025-07-16T04:00:00+03:00,3330.555,3335.135,3328.915,3330.96,,,,
2025-07-16T05:00:00+03:00,3330.955,3331.575,3325.21,3326.3,,,,
2025-07-16T06:00:00+03:00,3326.295,3335.17,3326.07,3334.465,,,,
2025-07-16T07:00:00+03:00,3334.46,3338.7,3332.87,3338.295,,,,
2025-07-16T08:00:00+03:00,3338.305,3340,3335.57,3338.195,,,,
2025-07-16T09:00:00+03:00,3338.235,3342.19,3337.76,3339.24,,,,
2025-07-16T10:00:00+03:00,3339.23,3340.285,3336.06,3337.87,,,,
2025-07-16T11:00:00+03:00,3337.94,3342.775,3337.775,3342.08,,,,
2025-07-16T12:00:00+03:00,3342.065,3343.08,3339.055,3340.07,,3343.08,,
2025-07-16T13:00:00+03:00,3339.97,3340.485,3333.945,3335.01,,,,
2025-07-16T14:00:00+03:00,3334.97,3340.34,3333.84,3339.435,,,,
2025-07-16T15:00:00+03:00,3339.4,3341.07,3331.01,3334.61,,,,
2025-07-16T16:00:00+03:00,3334.695,3339.6,3322.065,3326.91,,,,
2025-07-16T17:00:00+03:00,3326.905,3342.685,3319.695,3338.145,,,,3319.695
2025-07-16T18:00:00+03:00,3338.25,3377.655,3335.99,3343.525,3377.655,,,
2025-07-16T19:00:00+03:00,3343.735,3355.215,3339.09,3349.17,,,,
2025-07-16T20:00:00+03:00,3349.155,3357.35,3348.88,3354.8,,,,
2025-07-16T21:00:00+03:00,3354.83,3357.525,3349.17,3350.445,,,,
2025-07-16T22:00:00+03:00,3350.475,3350.665,3346.07,3347.14,,,,
2025-07-16T23:00:00+03:00,3347.135,3349.435,3346.33,3347.6,,,,
2025-07-17T01:00:00+03:00,3350.96,3352.28,3348.52,3349.695,,,,
2025-07-17T02:00:00+03:00,3349.79,3350.295,3345.37,3346.555,,,,
2025-07-17T03:00:00+03:00,3346.54,3347.47,3339.775,3340.895,,,,
2025-07-17T04:00:00+03:00,3340.85,3344.63,3337.285,3344.11,,,,
2025-07-17T05:00:00+03:00,3344.065,3344.865,3337.845,3341.45,,,,
2025-07-17T06:00:00+03:00,3341.46,3342.455,3336.375,3341.59,,,,
2025-07-17T07:00:00+03:00,3341.585,3344.845,3338.44,3342.795,,,,
2025-07-17T08:00:00+03:00,3342.765,3342.995,3336.04,3339.56,,,,
2025-07-17T09:00:00+03:00,3339.575,3339.965,3328.29,3335.53,,,,
2025-07-17T10:00:00+03:00,3335.48,3336.275,3325.16,3325.855,,,,
2025-07-17T11:00:00+03:00,3325.845,3332.18,3325.585,3328.81,,,,
2025-07-17T12:00:00+03:00,3328.795,3332.48,3324.755,3325.65,,,,
2025-07-17T13:00:00+03:00,3325.675,3331.205,3325.03,3325.905,,,,
2025-07-17T14:00:00+03:00,3325.875,3328.58,3322.34,3324.26,,,,
2025-07-17T15:00:00+03:00,3324.255,3328.675,3309.79,3313.15,,,,3309.79
2025-07-17T16:00:00+03:00,3313.195,3321.855,3311.16,3319.16,,,,
2025-07-17T17:00:00+03:00,3319.085,3335.325,3318.365,3334.235,,,,
2025-07-17T18:00:00+03:00,3334.275,3338.495,3331.295,3336.865,,,,
2025-07-17T19:00:00+03:00,3336.87,3340.07,3335.56,3338.865,,,,
2025-07-17T20:00:00+03:00,3338.88,3341.17,3336.37,3337.525,,,,
2025-07-17T21:00:00+03:00,3337.53,3339.025,3335.785,3338.615,,,,
2025-07-17T22:00:00+03:00,3338.61,3340.86,3338.275,3339.855,,,,
2025-07-17T23:00:00+03:00,3339.795,3340.275,3337.445,3339.06,,,,
2025-07-18T01:00:00+03:00,3341.45,3344.11,3338.325,3343.335,,,,
2025-07-18T02:00:00+03:00,3343.315,3343.555,3339.57,3340.38,,,,
2025-07-18T03:00:00+03:00,3340.335,3341.43,3337.965,3339.965,,,,
2025-07-18T04:00:00+03:00,3339.985,3343.15,3335.335,3337.82,,,,
2025-07-18T05:00:00+03:00,3337.765,3344.325,3336.96,3337.82,,,,
2025-07-18T06:00:00+03:00,3337.85,3338.575,3334.19,3334.705,,,,
2025-07-18T07:00:00+03:00,3334.68,3337.185,3333.87,3337.185,,,,
2025-07-18T08:00:00+03:00,3337.17,3340.37,3333.445,3333.56,,,,
2025-07-18T09:00:00+03:00,3333.565,3342.81,3331.885,3342.14,,,3331.885,
2025-07-18T10:00:00+03:00,3342.135,3350.235,3340.72,3349.975,,,,
2025-07-18T11:00:00+03:00,3349.995,3350.43,3346.305,3347.635,,,,
2025-07-18T12:00:00+03:00,3347.705,3354.975,3347.52,3352.275,,,,
2025-07-18T13:00:00+03:00,3352.28,3352.795,3347.895,3351.535,,,,
2025-07-18T14:00:00+03:00,3351.435,3357.765,3350.845,3354.33,,,,
2025-07-18T15:00:00+03:00,3354.315,3361.33,3354.205,3360.005,,3361.33,,
2025-07-18T16:00:00+03:00,3360.01,3360.345,3352.26,3355.675,,,,
2025-07-18T17:00:00+03:00,3355.615,3359.105,3351.235,3354.75,,,,
2025-07-18T18:00:00+03:00,3354.795,3356.405,3352.445,3353.735,,,,
2025-07-18T19:00:00+03:00,3353.745,3357.525,3351.31,3353.705,,,,
2025-07-18T20:00:00+03:00,3353.72,3353.865,3350.6,3352.285,,,,
2025-07-18T21:00:00+03:00,3352.27,3353.46,3350.185,3351.44,,,,
2025-07-18T22:00:00+03:00,3351.405,3352.89,3347.69,3348.33,,,,
2025-07-18T23:00:00+03:00,3348.32,3351.965,3347.75,3350.095,,,,
2025-07-21T01:00:00+03:00,3348.84,3350.37,3344.905,3347.775,,,3344.905,
2025-07-21T02:00:00+03:00,3347.725,3349.505,3345.52,3349.14,,,,
2025-07-21T03:00:00+03:00,3349.21,3354.59,3347.725,3352.31,,,,
2025-07-21T04:00:00+03:00,3352.305,3358.665,3351.945,3356.565,,,,
2025-07-21T05:00:00+03:00,3356.645,3357.53,3352.395,3354.21,,,,
2025-07-21T06:00:00+03:00,3354.2,3356.95,3351.11,3351.295,,,,
2025-07-21T07:00:00+03:00,3351.325,3358.8,3350.7,3357.875,,,,
2025-07-21T08:00:00+03:00,3357.86,3369.71,3357.735,3366.72,,,,
2025-07-21T09:00:00+03:00,3366.705,3370.82,3365.41,3368.355,,,,
2025-07-21T10:00:00+03:00,3368.375,3370.55,3363.935,3364.77,,,,
2025-07-21T11:00:00+03:00,3364.8,3366.865,3363.125,3366.065,,,,
2025-07-21T12:00:00+03:00,3366.1,3366.58,3362.845,3366.305,,,,
2025-07-21T13:00:00+03:00,3366.315,3368.28,3362.915,3366.225,,,,
2025-07-21T14:00:00+03:00,3366.265,3375.765,3365.33,3375.455,,,,
2025-07-21T15:00:00+03:00,3375.41,3388.715,3374.635,3387.32,,,,
2025-07-21T16:00:00+03:00,3387.34,3395.375,3383.655,3388.565,,,,
2025-07-21T17:00:00+03:00,3388.54,3401.645,3386.235,3400.355,3401.645,,,
2025-07-21T18:00:00+03:00,3400.375,3401.13,3395.56,3398.095,,,,
2025-07-21T19:00:00+03:00,3398.075,3399.18,3393.88,3395.655,,,,
2025-07-21T20:00:00+03:00,3395.685,3395.905,3391.375,3393.335,,,,
2025-07-21T21:00:00+03:00,3393.47,3395.92,3393.145,3395.565,,,,
2025-07-21T22:00:00+03:00,3395.575,3399.885,3395.205,3398.872,,,,
2025-07-21T23:00:00+03:00,3398.84,3399.305,3396.805,3397.06,,,,
2025-07-22T01:00:00+03:00,3399.3,3401.265,3398.685,3399.525,,,,
2025-07-22T02:00:00+03:00,3399.73,3402.86,3393.175,3396.48,3402.86,,,
2025-07-22T03:00:00+03:00,3396.505,3397.795,3390.585,3394.615,,,,
2025-07-22T04:00:00+03:00,3394.61,3396.02,3385.18,3386.015,,,,
2025-07-22T05:00:00+03:00,3385.98,3392.005,3385.33,3391.71,,,,
2025-07-22T06:00:00+03:00,3391.72,3393.91,3388.87,3392.52,,,,
2025-07-22T07:00:00+03:00,3392.535,3392.535,3388.055,3391.13,,,,
2025-07-22T08:00:00+03:00,3391.15,3391.96,3384.855,3385.5,,,,
2025-07-22T09:00:00+03:00,3385.465,3388.085,3384.38,3384.745,,,,
2025-07-22T10:00:00+03:00,3384.735,3387.66,3383.42,3387.66,,,3383.42,
2025-07-22T11:00:00+03:00,3387.675,3390.23,3386.21,3389.045,,,,
2025-07-22T12:00:00+03:00,3389.06,3390.68,3384.715,3386.165,,,,
2025-07-22T13:00:00+03:00,3386.12,3388.75,3385.93,3387.11,,,,
2025-07-22T14:00:00+03:00,3387.095,3391.715,3386.71,3391.46,,,,
2025-07-22T15:00:00+03:00,3391.465,3407.935,3390.935,3407.54,,,,
2025-07-22T16:00:00+03:00,3407.545,3420.295,3406.42,3412.485,,,,
2025-07-22T17:00:00+03:00,3412.425,3427.805,3405.095,3426.26,,,,
2025-07-22T18:00:00+03:00,3426.255,3430.675,3423.61,3426.525,,,,
2025-07-22T19:00:00+03:00,3426.545,3433.095,3426.31,3432.305,,,,
2025-07-22T20:00:00+03:00,3432.33,3433.51,3426.49,3429.435,3433.51,,,
2025-07-22T21:00:00+03:00,3429.445,3431.06,3427.96,3429.67,,,,
2025-07-22T22:00:00+03:00,3429.66,3432.63,3429,3431.62,,,,
2025-07-22T23:00:00+03:00,3431.61,3432.815,3427.875,3431.56,,,,
2025-07-23T01:00:00+03:00,3430.92,3431.2,3427.495,3427.905,,,,
2025-07-23T02:00:00+03:00,3427.92,3433.35,3426.255,3427.375,,,,
2025-07-23T03:00:00+03:00,3427.265,3439.035,3427.01,3428.9,3439.035,,,
2025-07-23T04:00:00+03:00,3428.88,3430.72,3420.975,3421.17,,,,
2025-07-23T05:00:00+03:00,3421.12,3425.08,3419.21,3423.165,,,,
2025-07-23T06:00:00+03:00,3423.165,3428.775,3422.885,3423.1,,,,
2025-07-23T07:00:00+03:00,3423.06,3425.38,3422.08,3423.735,,,,
2025-07-23T08:00:00+03:00,3423.725,3423.93,3416.445,3420.44,,,3416.445,
2025-07-23T09:00:00+03:00,3420.415,3425.265,3419.595,3425.175,,,,
2025-07-23T10:00:00+03:00,3425.11,3429.77,3419.94,3420.72,,,,
2025-07-23T11:00:00+03:00,3420.82,3428.85,3420.555,3428.555,,,,
2025-07-23T12:00:00+03:00,3428.565,3433.88,3428.37,3431.15,,3433.88,,
2025-07-23T13:00:00+03:00,3431.145,3431.38,3421.2,3422.8,,,,
2025-07-23T14:00:00+03:00,3422.765,3429.93,3420.44,3428.34,,,,
2025-07-23T15:00:00+03:00,3428.32,3430.075,3419.925,3420.015,,,,
2025-07-23T16:00:00+03:00,3420.005,3420.65,3405.56,3413.465,,,,
2025-07-23T17:00:00+03:00,3413.44,3419.98,3410.75,3413.625,,,,
2025-07-23T18:00:00+03:00,3413.63,3415.855,3398.105,3398.105,,,,
2025-07-23T19:00:00+03:00,3398.18,3398.215,3381.42,3387.47,,,,3381.42
2025-07-23T20:00:00+03:00,3387.465,3394.825,3385.755,3393.38,,,,
2025-07-23T21:00:00+03:00,3393.355,3396.16,3392.065,3393.76,,,,
2025-07-23T22:00:00+03:00,3393.82,3396.05,3388.595,3390.295,,,,
2025-07-23T23:00:00+03:00,3390.37,3390.61,3386.04,3387.45,,,,
2025-07-24T01:00:00+03:00,3390.855,3392.615,3386.955,3387.035,,,,
2025-07-24T02:00:00+03:00,3387.04,3391.72,3386.66,3390.115,,,,
2025-07-24T03:00:00+03:00,3390.165,3393.37,3388.545,3391.595,,,,
2025-07-24T04:00:00+03:00,3391.62,3393.48,3384.07,3387.665,,,,
2025-07-24T05:00:00+03:00,3387.67,3388.885,3380.665,3383.88,,,,
2025-07-24T06:00:00+03:00,3383.785,3385.985,3374.755,3383.835,,,,
2025-07-24T07:00:00+03:00,3383.76,3385.41,3381.015,3382.685,,,,
2025-07-24T08:00:00+03:00,3382.69,3382.995,3374.515,3379.35,,,,
2025-07-24T09:00:00+03:00,3379.36,3379.87,3370.13,3375.885,,,,
2025-07-24T10:00:00+03:00,3375.88,3377.695,3366.145,3367.705,,,,
2025-07-24T11:00:00+03:00,3367.695,3374.71,3365.935,3369.795,,,,
2025-07-24T12:00:00+03:00,3369.725,3370.175,3361.995,3363.7,,,,
2025-07-24T13:00:00+03:00,3363.71,3367.385,3362.205,3364.485,,,,
2025-07-24T14:00:00+03:00,3364.465,3366.615,3361.375,3362.275,,,,
2025-07-24T15:00:00+03:00,3362.31,3365.555,3352.72,3353.48,,,,
2025-07-24T16:00:00+03:00,3353.51,3372.28,3351.465,3366.795,,,,3351.465
2025-07-24T17:00:00+03:00,3366.71,3377.475,3365.88,3373.7,,3377.475,,
2025-07-24T18:00:00+03:00,3373.66,3375.35,3370.355,3372.64,,,,
2025-07-24T19:00:00+03:00,3372.635,3373.91,3366.965,3367.015,,,,
2025-07-24T20:00:00+03:00,3367,3371.915,3366.36,3370.095,,,,
2025-07-24T21:00:00+03:00,3370.08,3373.475,3367.59,3372.01,,,,
2025-07-24T22:00:00+03:00,3372.015,3373.16,3370.08,3370.54,,,,
2025-07-24T23:00:00+03:00,3370.65,3371.3,3367.38,3368.71,,,,
2025-07-25T01:00:00+03:00,3369.45,3369.615,3365.205,3368.93,,,,
2025-07-25T02:00:00+03:00,3368.91,3371.44,3366.855,3369.435,,,,
2025-07-25T03:00:00+03:00,3369.485,3373.495,3368.455,3372.255,,3373.495,,
2025-07-25T04:00:00+03:00,3372.285,3372.845,3366.47,3370.485,,,,
2025-07-25T05:00:00+03:00,3370.525,3370.595,3362.465,3363.135,,,,
2025-07-25T06:00:00+03:00,3363.065,3363.575,3358.67,3359.245,,,,
2025-07-25T07:00:00+03:00,3359.225,3363.51,3357.925,3360.96,,,,
2025-07-25T08:00:00+03:00,3360.945,3362.425,3355.325,3358.745,,,,
2025-07-25T09:00:00+03:00,3358.74,3359.72,3354.715,3359.39,,,,
2025-07-25T10:00:00+03:00,3359.41,3360.165,3352.78,3354.16,,,,
2025-07-25T11:00:00+03:00,3354.165,3355.38,3344.54,3345.555,,,,
2025-07-25T12:00:00+03:00,3345.54,3348.985,3343.145,3345.97,,,,
2025-07-25T13:00:00+03:00,3345.945,3348.16,3341.07,3342.99,,,,
2025-07-25T14:00:00+03:00,3343.045,3345.24,3338.8,3341.1,,,,
2025-07-25T15:00:00+03:00,3341.09,3344.295,3336.345,3340.885,,,,
2025-07-25T16:00:00+03:00,3340.88,3347.635,3336.94,3343.935,,,,
2025-07-25T17:00:00+03:00,3343.91,3344.88,3330.625,3331.94,,,,
2025-07-25T18:00:00+03:00,3331.965,3335.935,3325.115,3327.875,,,,3325.115
2025-07-25T19:00:00+03:00,3327.9,3331.39,3326.245,3329.94,,,,
2025-07-25T20:00:00+03:00,3329.93,3336.92,3329.67,3336.035,,,,
2025-07-25T21:00:00+03:00,3336.09,3339.5,3335.995,3338.835,,,,
2025-07-25T22:00:00+03:00,3338.845,3340.335,3337.195,3337.68,,,,
2025-07-25T23:00:00+03:00,3337.61,3339.195,3336.11,3337.07,,,,
2025-07-28T01:00:00+03:00,3329.475,3335.53,3324.02,3329.635,,,,3324.02
2025-07-28T02:00:00+03:00,3329.615,3337.47,3329.395,3333.72,,,,
2025-07-28T03:00:00+03:00,3333.685,3336.13,3327.755,3333.42,,,,
2025-07-28T04:00:00+03:00,3333.45,3338.815,3329.98,3332.145,,,,
2025-07-28T05:00:00+03:00,3332.16,3336.555,3330.67,3335.71,,,,
2025-07-28T06:00:00+03:00,3335.675,3343.42,3334.56,3343.42,,,,
2025-07-28T07:00:00+03:00,3343.26,3344.175,3339.525,3339.725,,,,
2025-07-28T08:00:00+03:00,3339.67,3344.2,3338.085,3343.405,,,,
2025-07-28T09:00:00+03:00,3343.385,3345.52,3335.85,3340.09,,3345.52,,
2025-07-28T10:00:00+03:00,3340.085,3342.11,3333.96,3335.11,,,,
2025-07-28T11:00:00+03:00,3335.055,3338.905,3332.405,3336.145,,,,
2025-07-28T12:00:00+03:00,3336.155,3340.85,3336.03,3337.87,,,,
2025-07-28T13:00:00+03:00,3337.77,3338.88,3334.295,3335.98,,,,
2025-07-28T14:00:00+03:00,3336.135,3338.475,3334.46,3336.625,,,,
2025-07-28T15:00:00+03:00,3336.635,3338.455,3325.67,3328.46,,,,
2025-07-28T16:00:00+03:00,3328.48,3330.715,3301.765,3302.3,,,,3301.765
2025-07-28T17:00:00+03:00,3302.28,3314.91,3301.82,3308.065,,,,
2025-07-28T18:00:00+03:00,3308.05,3317.29,3306.725,3314.855,,,,
2025-07-28T19:00:00+03:00,3314.88,3315.01,3311.495,3312.265,,,,
2025-07-28T20:00:00+03:00,3312.295,3313.31,3308.84,3310.86,,,,
2025-07-28T21:00:00+03:00,3310.855,3315.715,3310.355,3313.805,,,,
2025-07-28T22:00:00+03:00,3313.795,3318.96,3313.08,3317.22,,,,
2025-07-28T23:00:00+03:00,3317.215,3318.56,3314.27,3314.45,,,,
2025-07-29T01:00:00+03:00,3313.84,3315.485,3311.92,3314.625,,,,
2025-07-29T02:00:00+03:00,3314.66,3314.735,3310.465,3312.65,,,,
2025-07-29T03:00:00+03:00,3312.65,3315.93,3308.16,3311.705,,,3308.16,
2025-07-29T04:00:00+03:00,3311.65,3320.965,3308.53,3318.96,,,,
2025-07-29T05:00:00+03:00,3318.945,3320.445,3317.53,3318.955,,,,
2025-07-29T06:00:00+03:00,3318.985,3318.985,3311.29,3312.655,,,,
2025-07-29T07:00:00+03:00,3312.6,3317.54,3309.11,3316.535,,,,
2025-07-29T08:00:00+03:00,3316.54,3320.19,3314.365,3319.975,,,,
2025-07-29T09:00:00+03:00,3320.02,3322.4,3316.31,3317.12,,,,
2025-07-29T10:00:00+03:00,3317.075,3318.815,3311.34,3317.175,,,,
2025-07-29T11:00:00+03:00,3317.185,3330.1,3316.81,3326.435,,3330.1,,
2025-07-29T12:00:00+03:00,3326.38,3328.32,3320.93,3324.63,,,,
2025-07-29T13:00:00+03:00,3324.65,3326.5,3322.02,3322.095,,,,
2025-07-29T14:00:00+03:00,3322.14,3322.245,3315,3315.335,,,,
2025-07-29T15:00:00+03:00,3315.33,3324.675,3315.275,3323.35,,,,
2025-07-29T16:00:00+03:00,3323.37,3324.375,3312.895,3317.655,,,,
2025-07-29T17:00:00+03:00,3317.555,3329.745,3311.995,3328.935,,,3311.995,
2025-07-29T18:00:00+03:00,3328.99,3334.27,3319.705,3320.695,3334.27,,,
2025-07-29T19:00:00+03:00,3320.77,3324.81,3319.09,3323.28,,,,
2025-07-29T20:00:00+03:00,3323.26,3329.35,3323.105,3328.325,,,,
2025-07-29T21:00:00+03:00,3328.34,3330.89,3325.355,3325.825,,,,
2025-07-29T22:00:00+03:00,3325.84,3328.805,3322.67,3325.075,,,,
2025-07-29T23:00:00+03:00,3325.105,3326.875,3324.785,3326.67,,,,
2025-07-30T01:00:00+03:00,3327.68,3329.17,3325.965,3327.69,,,,
2025-07-30T02:00:00+03:00,3327.7,3328.385,3326.25,3327.56,,,,
2025-07-30T03:00:00+03:00,3327.57,3333.765,3327.33,3330.305,,3333.765,,
2025-07-30T04:00:00+03:00,3330.205,3333.355,3321.795,3323.255,,,3321.795,
2025-07-30T05:00:00+03:00,3323.24,3332.46,3323.24,3329.465,,,,
2025-07-30T06:00:00+03:00,3329.41,3329.97,3326.285,3328.44,,,,
2025-07-30T07:00:00+03:00,3328.445,3329.875,3325.845,3327.19,,,,
2025-07-30T08:00:00+03:00,3327.195,3330.77,3324.56,3324.96,,,,
2025-07-30T09:00:00+03:00,3324.965,3327.66,3323.15,3327.345,,,,
2025-07-30T10:00:00+03:00,3327.37,3332.31,3325.66,3327.775,,,,
2025-07-30T11:00:00+03:00,3327.875,3333.485,3327.585,3332.285,,,,
2025-07-30T12:00:00+03:00,3332.24,3334.09,3329.425,3331.335,3334.09,,,
2025-07-30T13:00:00+03:00,3331.255,3333.085,3326.725,3328.515,,,,
2025-07-30T14:00:00+03:00,3328.505,3331.68,3324.045,3330.93,,,,
2025-07-30T15:00:00+03:00,3330.94,3331.965,3310.815,3313.38,,,,
2025-07-30T16:00:00+03:00,3313.375,3316.28,3298.425,3303.135,,,,
2025-07-30T17:00:00+03:00,3303.12,3308.455,3301.355,3302.205,,,,
2025-07-30T18:00:00+03:00,3302.22,3303.425,3288.605,3290.445,,,,
2025-07-30T19:00:00+03:00,3290.45,3298.69,3290.02,3298.175,,,,
2025-07-30T20:00:00+03:00,3298.2,3302.58,3297.81,3302.485,,,,
2025-07-30T21:00:00+03:00,3302.47,3305.19,3279.78,3280.39,,,,
2025-07-30T22:00:00+03:00,3280.43,3282.77,3268.12,3269.4,,,,3268.12
2025-07-30T23:00:00+03:00,3269.405,3276.435,3268.94,3275.29,,,,
2025-07-31T01:00:00+03:00,3277.29,3279.97,3276.285,3278.915,,,,
2025-07-31T02:00:00+03:00,3278.91,3285.91,3277.74,3285.41,,,,
2025-07-31T03:00:00+03:00,3285.405,3288.485,3282.875,3286.475,,,,
2025-07-31T04:00:00+03:00,3286.48,3293.99,3285.04,3293.86,,,,
2025-07-31T05:00:00+03:00,3293.91,3297.655,3290.575,3297.455,,,,
2025-07-31T06:00:00+03:00,3297.445,3298.76,3293.56,3294.94,,,,
2025-07-31T07:00:00+03:00,3294.915,3298.51,3293.77,3298.15,,,,
2025-07-31T08:00:00+03:00,3298.13,3301.96,3294.83,3299.87,,,,
2025-07-31T09:00:00+03:00,3299.865,3305.135,3298.14,3299.125,,,,
2025-07-31T10:00:00+03:00,3299.14,3309.88,3298.125,3304.765,,,,
2025-07-31T11:00:00+03:00,3304.8,3314.985,3303.785,3309.915,,3314.985,,
2025-07-31T12:00:00+03:00,3309.92,3313.13,3304.97,3306.79,,,,
2025-07-31T13:00:00+03:00,3306.755,3308.24,3293.785,3296.35,,,,
2025-07-31T14:00:00+03:00,3296.36,3307.875,3295.31,3306.275,,,,
2025-07-31T15:00:00+03:00,3306.27,3311.285,3304.08,3307.685,,,,
2025-07-31T16:00:00+03:00,3307.69,3310.455,3300.72,3301.39,,,,
2025-07-31T17:00:00+03:00,3301.37,3303.31,3291.425,3296.19,,,,
2025-07-31T18:00:00+03:00,3296.185,3299.145,3291.385,3295.505,,,,
2025-07-31T19:00:00+03:00,3295.525,3297.475,3289.7,3295.14,,,3289.7,
2025-07-31T20:00:00+03:00,3295.08,3298.495,3294.175,3294.995,,,,
2025-07-31T21:00:00+03:00,3295.02,3297.22,3292.895,3295.745,,,,
2025-07-31T22:00:00+03:00,3295.69,3296.385,3290.575,3291.025,,,,
2025-07-31T23:00:00+03:00,3290.995,3293.825,3289.91,3290.12,,,,
2025-08-01T01:00:00+03:00,3291.675,3295.33,3290.19,3295.105,,,,
2025-08-01T02:00:00+03:00,3295.165,3295.165,3288.125,3288.645,,,,
2025-08-01T03:00:00+03:00,3288.585,3293.945,3286.61,3290.265,,,,
2025-08-01T04:00:00+03:00,3290.21,3293.53,3281.745,3283.855,,,,3281.745
2025-08-01T05:00:00+03:00,3283.79,3292.425,3283.465,3291.785,,,,
2025-08-01T06:00:00+03:00,3291.77,3297.19,3290.655,3291.505,,,,
2025-08-01T07:00:00+03:00,3291.52,3295.535,3290.115,3292.19,,,,
2025-08-01T08:00:00+03:00,3292.2,3300.54,3291.835,3296.695,,,,
2025-08-01T09:00:00+03:00,3296.695,3297.7,3290.605,3292.515,,,,
2025-08-01T10:00:00+03:00,3292.51,3293.535,3285.265,3286.84,,,,
2025-08-01T11:00:00+03:00,3286.695,3294.495,3285.33,3294.36,,,,
2025-08-01T12:00:00+03:00,3294.375,3296.44,3292.825,3294.555,,,,
2025-08-01T13:00:00+03:00,3294.485,3303.18,3293.32,3298.34,,,,
2025-08-01T14:00:00+03:00,3298.36,3301.5,3297.03,3300.495,,,,
2025-08-01T15:00:00+03:00,3300.51,3345.275,3297.52,3341.26,,,,
2025-08-01T16:00:00+03:00,3341.275,3354.875,3338.89,3342.325,,,,
2025-08-01T17:00:00+03:00,3342.495,3355.182,3341.33,3345.88,,,,
2025-08-01T18:00:00+03:00,3345.87,3351.295,3341.615,3348.635,,,,
2025-08-01T19:00:00+03:00,3348.63,3349.53,3340.63,3347.4,,,,
2025-08-01T20:00:00+03:00,3347.31,3349.49,3345.715,3348.25,,,,
2025-08-01T21:00:00+03:00,3348.245,3351.325,3345.905,3347.665,,,,
2025-08-01T22:00:00+03:00,3347.67,3361.335,3347.66,3357.185,,,,
2025-08-01T23:00:00+03:00,3357.2,3363.6,3357.06,3362.895,,,,
2025-08-04T01:00:00+03:00,3364.795,3364.815,3357.815,3359.34,3364.815,,,
2025-08-04T02:00:00+03:00,3359.425,3362.24,3354.68,3362.215,,,,
2025-08-04T03:00:00+03:00,3362.205,3362.5,3350.2,3352.265,,,,
2025-08-04T04:00:00+03:00,3352.2,3353.75,3345.005,3352.355,,,3345.005,
2025-08-04T05:00:00+03:00,3352.335,3355.4,3350.335,3354.4,,,,
2025-08-04T06:00:00+03:00,3354.55,3360.925,3354.43,3360.35,,,,
2025-08-04T07:00:00+03:00,3360.335,3362.25,3358.77,3359,,,,
2025-08-04T08:00:00+03:00,3359.015,3361.02,3355.54,3357.68,,,,
2025-08-04T09:00:00+03:00,3357.695,3362.705,3353.57,3362.62,,,,
2025-08-04T10:00:00+03:00,3362.64,3362.64,3351.775,3355.905,,,,
2025-08-04T11:00:00+03:00,3355.985,3359.93,3354.09,3358.605,,,,
2025-08-04T12:00:00+03:00,3358.62,3361.86,3356.88,3358.045,,,,
2025-08-04T13:00:00+03:00,3358.05,3358.835,3352.89,3357.965,,,,
2025-08-04T14:00:00+03:00,3358,3370.785,3357.84,3370.41,,,,
2025-08-04T15:00:00+03:00,3370.57,3371.595,3361.175,3367.815,,,,
2025-08-04T16:00:00+03:00,3367.81,3385.535,3367.075,3383.315,3385.535,,,
2025-08-04T17:00:00+03:00,3383.355,3384.695,3371.91,3374.035,,,,
2025-08-04T18:00:00+03:00,3374.02,3376.17,3370.82,3374.37,,,,
2025-08-04T19:00:00+03:00,3374.365,3378.24,3370.625,3370.97,,,,
2025-08-04T20:00:00+03:00,3370.965,3374.415,3370.705,3374.09,,,,
2025-08-04T21:00:00+03:00,3374.095,3376.915,3373.32,3375.835,,,,
2025-08-04T22:00:00+03:00,3375.845,3377.205,3374.58,3376.145,,,,
2025-08-04T23:00:00+03:00,3376.09,3377.045,3373.405,3373.635,,,,
2025-08-05T01:00:00+03:00,3376.195,3376.52,3373.76,3374.86,,,,
2025-08-05T02:00:00+03:00,3374.825,3379.785,3374.825,3377.385,,,,
2025-08-05T03:00:00+03:00,3377.4,3381.46,3375.925,3379.875,,,,
2025-08-05T04:00:00+03:00,3379.9,3382.37,3377.875,3379.1,,3382.37,,
2025-08-05T05:00:00+03:00,3379.055,3381.405,3373.71,3373.71,,,,
2025-08-05T06:00:00+03:00,3373.695,3375.515,3372.145,3372.2,,,,
2025-08-05T07:00:00+03:00,3372.17,3373.255,3371.025,3371.27,,,,
2025-08-05T08:00:00+03:00,3371.21,3374.18,3367.765,3374.14,,,,
2025-08-05T09:00:00+03:00,3374.1,3374.195,3365.79,3366.285,,,,
2025-08-05T10:00:00+03:00,3366.275,3375.51,3366.16,3373.71,,,,
2025-08-05T11:00:00+03:00,3373.71,3374.66,3366.09,3366.13,,,,
2025-08-05T12:00:00+03:00,3366.12,3366.32,3358.955,3359.66,,,,
2025-08-05T13:00:00+03:00,3359.68,3361.79,3353.035,3353.225,,,,
2025-08-05T14:00:00+03:00,3353.19,3354.465,3349.89,3351.455,,,3349.89,
2025-08-05T15:00:00+03:00,3351.435,3367.005,3349.97,3366.22,,,,
2025-08-05T16:00:00+03:00,3366.225,3379.825,3365.955,3373.66,,,,
2025-08-05T17:00:00+03:00,3374.2,3386.66,3370.625,3385.29,,,,
2025-08-05T18:00:00+03:00,3385.285,3390.245,3382.32,3389.555,,,,
2025-08-05T19:00:00+03:00,3389.565,3390.6,3377.005,3382.11,3390.6,,,
2025-08-05T20:00:00+03:00,3382.14,3382.915,3379.035,3380.205,,,,
2025-08-05T21:00:00+03:00,3380.21,3381.27,3378.545,3380.13,,,,
2025-08-05T22:00:00+03:00,3380.125,3381.455,3378.265,3379.135,,,,
2025-08-05T23:00:00+03:00,3379.13,3381.125,3378.56,3380.96,,,,
2025-08-06T01:00:00+03:00,3381.475,3381.505,3378.245,3379.83,,,,
2025-08-06T02:00:00+03:00,3379.815,3384.09,3379.14,3383.345,,,,
2025-08-06T03:00:00+03:00,3383.38,3385.365,3380.945,3383.505,,3385.365,,
2025-08-06T04:00:00+03:00,3383.5,3383.715,3373.22,3376.285,,,,
2025-08-06T05:00:00+03:00,3376.26,3377.935,3374.28,3376.335,,,,
2025-08-06T06:00:00+03:00,3376.35,3378.43,3373.515,3374.75,,,,
2025-08-06T07:00:00+03:00,3374.73,3376.585,3372.315,3372.56,,,,
2025-08-06T08:00:00+03:00,3372.5,3374.795,3370.795,3374.395,,,,
2025-08-06T09:00:00+03:00,3374.39,3378.845,3373.22,3375.215,,,,
2025-08-06T10:00:00+03:00,3375.22,3377.27,3369.1,3373.685,,,,
2025-08-06T11:00:00+03:00,3373.645,3374.86,3364.7,3365.205,,,,
2025-08-06T12:00:00+03:00,3365.17,3367.965,3358.255,3358.93,,,3358.255,
2025-08-06T13:00:00+03:00,3358.94,3365.585,3358.295,3363.77,,,,
2025-08-06T14:00:00+03:00,3363.705,3367.05,3360.885,3365.27,,,,
2025-08-06T15:00:00+03:00,3365.265,3369.35,3360.265,3367.615,,,,
2025-08-06T16:00:00+03:00,3367.6,3373.625,3365.22,3371.75,,,,
2025-08-06T17:00:00+03:00,3371.735,3379.4,3369.48,3379.31,,,,
2025-08-06T18:00:00+03:00,3379.305,3380.09,3370.33,3377.555,,3380.09,,
2025-08-06T19:00:00+03:00,3377.565,3379.465,3372.95,3376.175,,,,
2025-08-06T20:00:00+03:00,3376.18,3377.74,3370.925,3374.585,,,,
2025-08-06T21:00:00+03:00,3374.595,3374.64,3369.07,3371.655,,,,
2025-08-06T22:00:00+03:00,3371.645,3373.275,3370.345,3371.78,,,,
2025-08-06T23:00:00+03:00,3371.71,3372.215,3367.26,3369.27,,,,
2025-08-07T01:00:00+03:00,3372.44,3374.71,3370.05,3372,,,,
2025-08-07T02:00:00+03:00,3371.9,3371.9,3367.77,3370.21,,,,
2025-08-07T03:00:00+03:00,3370.215,3374.84,3365.305,3372.385,,,3365.305,
2025-08-07T04:00:00+03:00,3372.375,3382.485,3370.215,3382.42,,,,
2025-08-07T05:00:00+03:00,3382.425,3384.3,3378.255,3379.725,,,,
2025-08-07T06:00:00+03:00,3379.765,3380.345,3376.525,3379.74,,,,
2025-08-07T07:00:00+03:00,3379.76,3380.76,3376.89,3377.74,,,,
2025-08-07T08:00:00+03:00,3377.73,3381.17,3371.645,3375.64,,,,
2025-08-07T09:00:00+03:00,3375.655,3388.005,3375.115,3387.98,,,,
2025-08-07T10:00:00+03:00,3387.985,3397.58,3386.265,3396.24,3397.58,,,
2025-08-07T11:00:00+03:00,3396.31,3396.645,3372.395,3378.51,,,,
2025-08-07T12:00:00+03:00,3378.49,3381.315,3373.535,3376.68,,,,
2025-08-07T13:00:00+03:00,3376.715,3378.91,3371.92,3373.095,,,,
2025-08-07T14:00:00+03:00,3373.155,3383.415,3371.87,3378.29,,,3371.87,
2025-08-07T15:00:00+03:00,3378.335,3389.98,3375.14,3380.735,,,,
2025-08-07T16:00:00+03:00,3380.74,3393.965,3379.97,3384.995,,,,
2025-08-07T17:00:00+03:00,3385.015,3390.5,3374.77,3387.815,,,,
2025-08-07T18:00:00+03:00,3387.865,3391.065,3384.33,3390.255,,,,
2025-08-07T19:00:00+03:00,3390.25,3392.685,3387.2,3388.9,,,,
2025-08-07T20:00:00+03:00,3388.855,3393.12,3384.375,3392.4,,,,
2025-08-07T21:00:00+03:00,3392.425,3394.18,3387.625,3388.26,,,,
2025-08-07T22:00:00+03:00,3388.255,3400.895,3387.33,3399.945,,,,
2025-08-07T23:00:00+03:00,3399.91,3401.885,3392.765,3396.48,,,,
2025-08-08T01:00:00+03:00,3400.365,3409.43,3387.965,3405.44,3409.43,,,
2025-08-08T02:00:00+03:00,3405.38,3407.425,3396.485,3400.625,,,,
2025-08-08T03:00:00+03:00,3400.64,3402.34,3387.155,3388.802,,,,
2025-08-08T04:00:00+03:00,3389.42,3390.68,3381.215,3383.54,,,3381.215,
2025-08-08T05:00:00+03:00,3383.53,3389.925,3383.21,3388.425,,,,
2025-08-08T06:00:00+03:00,3388.43,3398.21,3383.58,3396.05,,,,
2025-08-08T07:00:00+03:00,3396.12,3399.595,3393.36,3394.475,,,,
2025-08-08T08:00:00+03:00,3394.5,3395.88,3390.04,3392.44,,,,
2025-08-08T09:00:00+03:00,3392.38,3398.18,3388.8,3393.695,,,,
2025-08-08T10:00:00+03:00,3393.63,3404.28,3391.775,3402.33,,3404.28,,
2025-08-08T11:00:00+03:00,3402.225,3402.635,3394.16,3394.455,,,,
2025-08-08T12:00:00+03:00,3394.445,3401.755,3393.9,3400.795,,,,
2025-08-08T13:00:00+03:00,3400.735,3401.24,3384.535,3385.155,,,,
2025-08-08T14:00:00+03:00,3385.12,3388.705,3380.455,3386.17,,,,3380.455
2025-08-08T15:00:00+03:00,3386.18,3402.57,3385.15,3391.615,,,,
2025-08-08T16:00:00+03:00,3391.575,3401.82,3387.585,3400.16,,,,
2025-08-08T17:00:00+03:00,3400.145,3401.34,3381.32,3390.715,,,,
2025-08-08T18:00:00+03:00,3390.73,3395.505,3388.905,3395.42,,,,
2025-08-08T19:00:00+03:00,3395.425,3400.75,3393.495,3397.57,,,,
2025-08-08T20:00:00+03:00,3397.47,3399.59,3378.335,3381.835,,,,
2025-08-08T21:00:00+03:00,3382.88,3403.96,3376.575,3395.555,,3403.96,,3376.575
2025-08-08T22:00:00+03:00,3395.5,3400.885,3392.4,3398.585,,,,
2025-08-08T23:00:00+03:00,3398.76,3400.065,3391.965,3397.765,,,,
2025-08-11T01:00:00+03:00,3399.75,3401.395,3378.895,3395.295,,,,
2025-08-11T02:00:00+03:00,3395.205,3397.035,3390.115,3391.39,,,,
2025-08-11T03:00:00+03:00,3391.535,3391.825,3381.425,3381.74,,,,
2025-08-11T04:00:00+03:00,3381.745,3383.975,3367.55,3377.645,,,,
2025-08-11T05:00:00+03:00,3377.645,3379.895,3369.895,3377.27,,,,
2025-08-11T06:00:00+03:00,3377.265,3380.305,3374.025,3378.44,,,,
2025-08-11T07:00:00+03:00,3378.61,3379.86,3375.54,3375.975,,,,
2025-08-11T08:00:00+03:00,3375.91,3380.2,3373.865,3377.115,,,,
2025-08-11T09:00:00+03:00,3377.13,3377.42,3363.815,3365.815,,,,
2025-08-11T10:00:00+03:00,3365.75,3366.67,3357.02,3360.185,,,,
2025-08-11T11:00:00+03:00,3360.13,3366.15,3358.95,3362.01,,,,
2025-08-11T12:00:00+03:00,3361.98,3363.955,3352.965,3353.355,,,,
2025-08-11T13:00:00+03:00,3353.365,3364.11,3353.11,3358.505,,,,
2025-08-11T14:00:00+03:00,3358.555,3358.91,3349.915,3355.435,,,,
2025-08-11T15:00:00+03:00,3355.46,3357.705,3344.42,3356.91,,,,
2025-08-11T16:00:00+03:00,3356.86,3363.005,3348.04,3358.545,,,,
2025-08-11T17:00:00+03:00,3358.615,3359.445,3341.46,3346.38,,,,
2025-08-11T18:00:00+03:00,3346.435,3352.325,3344.855,3349.54,,,,
2025-08-11T19:00:00+03:00,3349.545,3350.4,3342.64,3344.21,,,,
2025-08-11T20:00:00+03:00,3344.205,3358.88,3341.155,3357.635,,,,3341.155
2025-08-11T21:00:00+03:00,3357.645,3358.865,3352.435,3356.255,,,,
2025-08-11T22:00:00+03:00,3356.26,3356.92,3350.41,3351.525,,,,
2025-08-11T23:00:00+03:00,3351.495,3351.785,3342.335,3342.665,,,,
2025-08-12T01:00:00+03:00,3344.04,3347.51,3342.495,3347.365,,,,
2025-08-12T02:00:00+03:00,3347.345,3349.69,3346.155,3349.09,,,,
2025-08-12T03:00:00+03:00,3349.125,3355.77,3347.42,3354.595,,,,
2025-08-12T04:00:00+03:00,3354.59,3357.51,3346.225,3349.945,,3357.51,,
2025-08-12T05:00:00+03:00,3349.885,3354.475,3349.795,3353.075,,,,
2025-08-12T06:00:00+03:00,3353.085,3355.42,3348.16,3349.57,,,,
2025-08-12T07:00:00+03:00,3349.54,3355.77,3348.735,3354.47,,,,
2025-08-12T08:00:00+03:00,3354.46,3355.87,3350.445,3354.515,,,,
2025-08-12T09:00:00+03:00,3354.525,3354.91,3342.31,3345.58,,,,
2025-08-12T10:00:00+03:00,3345.59,3358.25,3343.84,3355.64,3358.25,,,
2025-08-12T11:00:00+03:00,3355.63,3355.875,3345.585,3347.96,,,,
2025-08-12T12:00:00+03:00,3347.975,3351.915,3344.385,3345.495,,,,
2025-08-12T13:00:00+03:00,3345.46,3350.59,3343.965,3344.745,,,,
2025-08-12T14:00:00+03:00,3344.8,3348.475,3336.215,3347.605,,,,
2025-08-12T15:00:00+03:00,3347.6,3358.2,3338.54,3349.95,,,,
2025-08-12T16:00:00+03:00,3349.88,3357.25,3340.03,3345.575,,,,
2025-08-12T17:00:00+03:00,3345.55,3346.715,3331.17,3337.595,,,,3331.17
2025-08-12T18:00:00+03:00,3337.6,3359.34,3337.05,3349.81,3359.34,,,
2025-08-12T19:00:00+03:00,3349.845,3351.275,3345.985,3349.525,,,,
2025-08-12T20:00:00+03:00,3349.53,3350.77,3346.43,3349.1,,,,
2025-08-12T21:00:00+03:00,3349.1,3350.93,3347.6,3349.105,,,,
2025-08-12T22:00:00+03:00,3349.09,3349.49,3345.595,3347.66,,,,
2025-08-12T23:00:00+03:00,3347.655,3350.275,3346.025,3348.345,,,,
2025-08-13T01:00:00+03:00,3350.165,3353.875,3349.295,3350.58,,,,
2025-08-13T02:00:00+03:00,3350.565,3352.145,3349.785,3350.66,,,,
2025-08-13T03:00:00+03:00,3350.645,3350.86,3342.635,3343.625,,,3342.635,
2025-08-13T04:00:00+03:00,3343.64,3352.085,3342.695,3350.97,,,,
2025-08-13T05:00:00+03:00,3350.99,3354.505,3346.675,3351.905,,,,
2025-08-13T06:00:00+03:00,3351.915,3353.06,3348.63,3349.72,,,,
2025-08-13T07:00:00+03:00,3349.705,3352.415,3348.29,3351.82,,,,
2025-08-13T08:00:00+03:00,3351.805,3352.175,3345.57,3349.29,,,,
2025-08-13T09:00:00+03:00,3349.28,3357.78,3348.945,3357.35,,,,
2025-08-13T10:00:00+03:00,3357.345,3360.985,3354.06,3354.74,,,,
2025-08-13T11:00:00+03:00,3354.71,3363.615,3352.915,3360.38,,,,
2025-08-13T12:00:00+03:00,3360.43,3366.805,3358.69,3364.8,,,,
2025-08-13T13:00:00+03:00,3364.735,3367.095,3363.16,3366.18,,,,
2025-08-13T14:00:00+03:00,3366.175,3367.09,3358.925,3362.42,,,,
2025-08-13T15:00:00+03:00,3362.435,3363.9,3355.545,3358.125,,,,
2025-08-13T16:00:00+03:00,3358.095,3365.95,3354.16,3365.175,,,,
2025-08-13T17:00:00+03:00,3365.185,3370.825,3361.12,3363.185,3370.825,,,
2025-08-13T18:00:00+03:00,3363.22,3363.865,3354.495,3357.795,,,,
2025-08-13T19:00:00+03:00,3357.81,3360.94,3357.035,3357.915,,,,
2025-08-13T20:00:00+03:00,3357.91,3359.44,3352.765,3353.725,,,,
2025-08-13T21:00:00+03:00,3353.74,3354.475,3350.015,3353.825,,,3350.015,
2025-08-13T22:00:00+03:00,3353.83,3358.89,3352.695,3357.99,,,,
2025-08-13T23:00:00+03:00,3357.885,3358.315,3355.6,3355.695,,,,
2025-08-14T01:00:00+03:00,3357.46,3358.395,3356.71,3357.665,,,,
2025-08-14T02:00:00+03:00,3357.68,3363.595,3357.68,3362.95,,,,
2025-08-14T03:00:00+03:00,3362.945,3374.805,3362.87,3369.61,3374.805,,,
2025-08-14T04:00:00+03:00,3369.585,3370.935,3365.235,3367.49,,,,
2025-08-14T05:00:00+03:00,3367.505,3369.33,3362.835,3362.86,,,,
2025-08-14T06:00:00+03:00,3362.85,3364.14,3355.595,3360.64,,,,
2025-08-14T07:00:00+03:00,3360.71,3361.85,3358.65,3360.5,,,,
2025-08-14T08:00:00+03:00,3360.51,3362.08,3356.38,3358.96,,,,
2025-08-14T09:00:00+03:00,3358.915,3362.48,3355.94,3362.15,,,,
2025-08-14T10:00:00+03:00,3362.13,3366.65,3343.605,3346.15,,,,
2025-08-14T11:00:00+03:00,3346.07,3350.435,3341.455,3346.23,,,,3341.455
2025-08-14T12:00:00+03:00,3346.225,3359.215,3345.155,3356.56,,,,
2025-08-14T13:00:00+03:00,3356.535,3359.195,3352.15,3355.01,,,,
2025-08-14T14:00:00+03:00,3355.005,3357.18,3352.67,3355.545,,,,
2025-08-14T15:00:00+03:00,3355.56,3358.53,3342.125,3350.64,,,,
2025-08-14T16:00:00+03:00,3350.555,3356.175,3343.77,3344.22,,,,
2025-08-14T17:00:00+03:00,3344.17,3346.75,3334.245,3340.685,,,,
2025-08-14T18:00:00+03:00,3340.77,3343.03,3335.53,3341.865,,,,
2025-08-14T19:00:00+03:00,3341.89,3342.15,3329.85,3334.44,,,,3329.85
2025-08-14T20:00:00+03:00,3334.45,3338.665,3331.915,3337.855,,,,
2025-08-14T21:00:00+03:00,3337.87,3339.375,3336.055,3338.27,,,,
2025-08-14T22:00:00+03:00,3338.265,3341.08,3337.975,3338.055,,,,
2025-08-14T23:00:00+03:00,3338.04,3338.6,3334.565,3335.585,,,,
2025-08-15T01:00:00+03:00,3336.795,3337.215,3332.635,3333.51,,,,
2025-08-15T02:00:00+03:00,3333.535,3336.595,3332.34,3335.51,,,,
2025-08-15T03:00:00+03:00,3335.515,3338.715,3332.425,3337.085,,,,
2025-08-15T04:00:00+03:00,3337.105,3340.41,3333.415,3339.705,,,,
2025-08-15T05:00:00+03:00,3339.66,3340.945,3336.71,3340.53,,,,
2025-08-15T06:00:00+03:00,3340.525,3345.015,3340.15,3343.455,,,,
2025-08-15T07:00:00+03:00,3343.405,3346.765,3343.375,3345.515,,,,
2025-08-15T08:00:00+03:00,3345.52,3348.915,3342.035,3343.87,,3348.915,,
2025-08-15T09:00:00+03:00,3343.87,3344.165,3340.3,3340.6,,,,
2025-08-15T10:00:00+03:00,3340.575,3346.775,3340.175,3346.445,,,,
2025-08-15T11:00:00+03:00,3346.465,3348.265,3338.43,3341.47,,,,
2025-08-15T12:00:00+03:00,3341.455,3345.13,3338.605,3342.78,,,,
2025-08-15T13:00:00+03:00,3342.845,3342.845,3336.345,3337.85,,,,
2025-08-15T14:00:00+03:00,3337.865,3344.145,3337.205,3342.355,,,,
2025-08-15T15:00:00+03:00,3342.405,3344.05,3333.6,3342.74,,,,
2025-08-15T16:00:00+03:00,3342.775,3346.1,3333.06,3335.485,,,3333.06,
2025-08-15T17:00:00+03:00,3335.285,3343.715,3335.08,3341.9,,,,
2025-08-15T18:00:00+03:00,3341.86,3345.245,3341.35,3342.375,,,,
2025-08-15T19:00:00+03:00,3342.39,3342.505,3335.86,3338.225,,,,
2025-08-15T20:00:00+03:00,3338.24,3339.08,3335.205,3336.12,,,,
2025-08-15T21:00:00+03:00,3336.17,3338.355,3334.82,3336.085,,,,
2025-08-15T22:00:00+03:00,3336.105,3339.685,3334.485,3339.115,,,,
2025-08-15T23:00:00+03:00,3339.135,3339.5,3335.34,3335.7,,,,
2025-08-18T01:00:00+03:00,3335.23,3335.77,3333.1,3334.435,,,,
2025-08-18T02:00:00+03:00,3334.42,3334.63,3323.685,3327.16,,,,3323.685
2025-08-18T03:00:00+03:00,3327.165,3342.92,3326.975,3340.575,,,,
2025-08-18T04:00:00+03:00,3340.57,3347.56,3339.685,3346.985,,,,
2025-08-18T05:00:00+03:00,3346.95,3347.695,3342.395,3343.515,,,,
2025-08-18T06:00:00+03:00,3343.46,3351.88,3343.425,3347.225,,,,
2025-08-18T07:00:00+03:00,3347.18,3358.275,3346.955,3357.63,,,,
2025-08-18T08:00:00+03:00,3357.635,3358.49,3346.615,3349.595,3358.49,,,
2025-08-18T09:00:00+03:00,3349.6,3351.3,3346.18,3349.645,,,,
2025-08-18T10:00:00+03:00,3349.67,3355.805,3347.3,3349.045,,,,
2025-08-18T11:00:00+03:00,3349.05,3349.95,3344.645,3348.72,,,,
2025-08-18T12:00:00+03:00,3348.69,3351.775,3347.6,3348.07,,,,
2025-08-18T13:00:00+03:00,3348.06,3351.525,3346.56,3346.635,,,,
2025-08-18T14:00:00+03:00,3346.63,3348.8,3344.74,3345.485,,,,
2025-08-18T15:00:00+03:00,3345.5,3348.795,3343.125,3344.835,,,,
2025-08-18T16:00:00+03:00,3344.815,3345.03,3335.69,3336.89,,,,
2025-08-18T17:00:00+03:00,3336.885,3338.76,3332.585,3334.375,,,,
2025-08-18T18:00:00+03:00,3334.41,3336.9,3332.335,3335.72,,,,
2025-08-18T19:00:00+03:00,3335.73,3335.905,3331.775,3334.33,,,,
2025-08-18T20:00:00+03:00,3334.335,3335,3331.78,3333.73,,,,
2025-08-18T21:00:00+03:00,3333.74,3333.93,3331.575,3332.05,,,,
2025-08-18T22:00:00+03:00,3332.065,3334.375,3330.355,3333.635,,,,
2025-08-18T23:00:00+03:00,3333.65,3334.285,3332.6,3332.895,,,,
2025-08-19T01:00:00+03:00,3333.695,3334.765,3332.905,3334.455,,,,
2025-08-19T02:00:00+03:00,3334.515,3334.75,3330.565,3330.965,,,,
2025-08-19T03:00:00+03:00,3330.915,3339.355,3326.285,3335.24,,,3326.285,
2025-08-19T04:00:00+03:00,3335.3,3335.68,3330.305,3333.04,,,,
2025-08-19T05:00:00+03:00,3332.935,3338.245,3329.52,3338.225,,,,
2025-08-19T06:00:00+03:00,3338.22,3341.695,3337.13,3337.83,,,,
2025-08-19T07:00:00+03:00,3337.835,3338.22,3334.525,3337.77,,,,
2025-08-19T08:00:00+03:00,3337.7,3340.805,3335.775,3336.17,,,,
2025-08-19T09:00:00+03:00,3336.165,3338.81,3334.585,3336.055,,,,
2025-08-19T10:00:00+03:00,3336.08,3341.885,3335.04,3340.835,,,,
2025-08-19T11:00:00+03:00,3340.86,3341.115,3336.455,3338.005,,,,
2025-08-19T12:00:00+03:00,3338.01,3339.77,3336.955,3339.355,,,,
2025-08-19T13:00:00+03:00,3339.39,3345.465,3339.35,3343.74,,3345.465,,
2025-08-19T14:00:00+03:00,3343.705,3344.91,3339.305,3339.78,,,,
2025-08-19T15:00:00+03:00,3339.8,3340.605,3334.345,3334.76,,,,
2025-08-19T16:00:00+03:00,3334.745,3339.555,3325.785,3334.05,,,,
2025-08-19T17:00:00+03:00,3334.03,3337,3320.965,3325.4,,,,
2025-08-19T18:00:00+03:00,3325.46,3326.755,3321.69,3322.69,,,,
2025-08-19T19:00:00+03:00,3322.705,3324.475,3317.1,3317.575,,,,
2025-08-19T20:00:00+03:00,3317.55,3320.335,3315.005,3317.6,,,,
2025-08-19T21:00:00+03:00,3317.59,3320.22,3316.83,3318.555,,,,
2025-08-19T22:00:00+03:00,3318.555,3319.005,3315.575,3315.965,,,,
2025-08-19T23:00:00+03:00,3315.98,3317.525,3315.13,3315.7,,,,
2025-08-20T01:00:00+03:00,3316.49,3317.725,3315.815,3316.895,,,,
2025-08-20T02:00:00+03:00,3316.85,3316.85,3313.005,3314.395,,,,
2025-08-20T03:00:00+03:00,3314.405,3317.025,3312.815,3316.16,,,,
2025-08-20T04:00:00+03:00,3316.165,3317.88,3311.56,3315.38,,,,3311.56
2025-08-20T05:00:00+03:00,3315.34,3317.23,3312.425,3314.095,,,,
2025-08-20T06:00:00+03:00,3314.085,3318.71,3314.065,3317.65,,,,
2025-08-20T07:00:00+03:00,3317.665,3320.97,3317.25,3318.7,,,,
2025-08-20T08:00:00+03:00,3318.72,3324.02,3318.29,3323.545,,,,
2025-08-20T09:00:00+03:00,3323.55,3326.015,3322.255,3323.21,,,,
2025-08-20T10:00:00+03:00,3323.19,3327.61,3321.69,3324.89,,,,
2025-08-20T11:00:00+03:00,3324.86,3325.815,3321.07,3325.13,,,,
2025-08-20T12:00:00+03:00,3325.105,3327.54,3323.67,3326.31,,,,
2025-08-20T13:00:00+03:00,3326.275,3328,3323.87,3326.54,,,,
2025-08-20T14:00:00+03:00,3326.55,3332.975,3325.855,3332.435,,,,
2025-08-20T15:00:00+03:00,3332.445,3344.885,3332.21,3342.925,,,,
2025-08-20T16:00:00+03:00,3342.93,3348.365,3338.905,3344.975,,,,
2025-08-20T17:00:00+03:00,3344.96,3350.275,3340.09,3347.095,3350.275,,,
2025-08-20T18:00:00+03:00,3347.09,3347.11,3338.95,3340.83,,,,
2025-08-20T19:00:00+03:00,3340.835,3346.16,3340.825,3345.285,,,,
2025-08-20T20:00:00+03:00,3345.295,3348.175,3344.2,3347.065,,,,
2025-08-20T21:00:00+03:00,3347.065,3347.225,3344.095,3345.8,,,,
2025-08-20T22:00:00+03:00,3345.795,3349.325,3345.18,3348.77,,,,
2025-08-20T23:00:00+03:00,3348.745,3349.42,3347.585,3348.485,,,,
2025-08-21T01:00:00+03:00,3351.2,3352.3,3348.73,3349.78,3352.3,,,
2025-08-21T02:00:00+03:00,3349.7,3349.715,3346.495,3347.08,,,,
2025-08-21T03:00:00+03:00,3347.065,3347.065,3341.585,3342.29,,,,
2025-08-21T04:00:00+03:00,3342.295,3346.6,3340.805,3342.845,,,,
2025-08-21T05:00:00+03:00,3342.785,3345.105,3340.465,3344.76,,,,
2025-08-21T06:00:00+03:00,3344.745,3344.885,3339.735,3339.91,,,,
2025-08-21T07:00:00+03:00,3339.885,3341.235,3338.03,3338.385,,,,
2025-08-21T08:00:00+03:00,3338.395,3340.885,3337.15,3338.905,,,,
2025-08-21T09:00:00+03:00,3338.89,3339.95,3334.285,3336.765,,,,
2025-08-21T10:00:00+03:00,3336.75,3341.615,3335.54,3339.775,,,,
2025-08-21T11:00:00+03:00,3339.76,3341.44,3337.85,3339.615,,,,
2025-08-21T12:00:00+03:00,3339.62,3342.285,3338.09,3340.86,,,,
2025-08-21T13:00:00+03:00,3340.885,3341.745,3327.6,3328.535,,,,
2025-08-21T14:00:00+03:00,3328.53,3334.505,3325.28,3333.7,,,3325.28,
2025-08-21T15:00:00+03:00,3333.7,3345.135,3333.7,3341.92,,,,
2025-08-21T16:00:00+03:00,3341.945,3347.645,3336.095,3339.405,,,,
2025-08-21T17:00:00+03:00,3339.425,3348.24,3337.915,3344.27,,3348.24,,
2025-08-21T18:00:00+03:00,3344.285,3346.335,3337.56,3343.77,,,,
2025-08-21T19:00:00+03:00,3343.765,3344.045,3338.345,3339.805,,,,
2025-08-21T20:00:00+03:00,3339.815,3342.175,3337.04,3337.095,,,,
2025-08-21T21:00:00+03:00,3337.145,3339.615,3336.655,3339.385,,,,
2025-08-21T22:00:00+03:00,3339.395,3341.995,3337.995,3338.935,,,,
2025-08-21T23:00:00+03:00,3338.93,3339.305,3337.98,3338.71,,,,
2025-08-22T01:00:00+03:00,3340.14,3340.775,3338.765,3339.025,,,,
2025-08-22T02:00:00+03:00,3339.05,3339.635,3337.52,3338.525,,,,
2025-08-22T03:00:00+03:00,3338.52,3339.895,3335.185,3339.66,,,,
2025-08-22T04:00:00+03:00,3339.665,3340.34,3333.72,3334.065,,,,
2025-08-22T05:00:00+03:00,3334.06,3336.27,3332.845,3334.18,,,,
2025-08-22T06:00:00+03:00,3334.145,3335.44,3331.85,3332.015,,,,
2025-08-22T07:00:00+03:00,3332.05,3332.745,3328.075,3328.51,,,,
2025-08-22T08:00:00+03:00,3328.49,3331.555,3327.21,3330.17,,,,
2025-08-22T09:00:00+03:00,3330.155,3330.47,3325.675,3329.62,,,,
2025-08-22T10:00:00+03:00,3329.605,3335.15,3325.785,3327.54,,,,
2025-08-22T11:00:00+03:00,3327.545,3330.835,3325.38,3328.875,,,,
2025-08-22T12:00:00+03:00,3328.87,3331.88,3328.245,3330.27,,,,
2025-08-22T13:00:00+03:00,3330.3,3331.775,3329.05,3330.995,,,,
2025-08-22T14:00:00+03:00,3331,3331.105,3327.7,3329.425,,,,
2025-08-22T15:00:00+03:00,3329.37,3330.01,3321.455,3323.595,,,,3321.455
2025-08-22T16:00:00+03:00,3323.6,3336.31,3323.275,3334.005,,,,
2025-08-22T17:00:00+03:00,3333.97,3376.765,3333.97,3373.9,,,,
2025-08-22T18:00:00+03:00,3373.89,3378.835,3367.345,3367.85,3378.835,,,
2025-08-22T19:00:00+03:00,3367.785,3374.325,3367.785,3370.47,,,,
2025-08-22T20:00:00+03:00,3370.485,3375.555,3370.385,3374.35,,,,
2025-08-22T21:00:00+03:00,3374.33,3375.115,3371.085,3372.76,,,,
2025-08-22T22:00:00+03:00,3372.785,3373.585,3368.835,3373.23,,,,
2025-08-22T23:00:00+03:00,3373.21,3373.675,3370.19,3371.23,,,,
2025-08-25T01:00:00+03:00,3368.725,3370.095,3365.995,3367.42,,,,
2025-08-25T02:00:00+03:00,3367.47,3371.145,3366.54,3369.155,,,,
2025-08-25T03:00:00+03:00,3369.145,3369.725,3363.435,3364.895,,,,
2025-08-25T04:00:00+03:00,3365.015,3367.975,3360.69,3362.92,,,,
2025-08-25T05:00:00+03:00,3362.915,3365.285,3359.78,3364.575,,,3359.78,
2025-08-25T06:00:00+03:00,3364.52,3368.24,3364.3,3367.36,,,,
2025-08-25T07:00:00+03:00,3367.35,3367.685,3363.885,3366.21,,,,
2025-08-25T08:00:00+03:00,3366.205,3366.235,3363.16,3364.78,,,,
2025-08-25T09:00:00+03:00,3364.765,3369.64,3364.675,3368.975,,,,
2025-08-25T10:00:00+03:00,3368.97,3369.965,3366.005,3366.18,,,,
2025-08-25T11:00:00+03:00,3366.255,3366.815,3363.395,3364.06,,,,
2025-08-25T12:00:00+03:00,3364.03,3368.165,3361.985,3367.475,,,3361.985,
2025-08-25T13:00:00+03:00,3367.51,3368.6,3365.095,3365.995,,,,
2025-08-25T14:00:00+03:00,3366.005,3371.675,3365.705,3370.625,,,,
2025-08-25T15:00:00+03:00,3370.685,3371.32,3364.25,3364.525,,,,
2025-08-25T16:00:00+03:00,3364.55,3371.45,3362.14,3370.805,,,,
2025-08-25T17:00:00+03:00,3370.825,3375.425,3369.24,3374.49,,,,
2025-08-25T18:00:00+03:00,3374.49,3376.375,3372,3374.055,,3376.375,,
2025-08-25T19:00:00+03:00,3374.05,3374.42,3371.79,3373.975,,,,
2025-08-25T20:00:00+03:00,3374.005,3374.945,3370.92,3371.06,,,,
2025-08-25T21:00:00+03:00,3371.075,3373.315,3369.96,3370.62,,,,
2025-08-25T22:00:00+03:00,3370.61,3370.985,3365.205,3365.405,,,,
2025-08-25T23:00:00+03:00,3365.41,3366.135,3364.335,3365.72,,,,
2025-08-26T01:00:00+03:00,3366.605,3367.23,3363.795,3364.225,,,,
2025-08-26T02:00:00+03:00,3364.22,3364.275,3351.68,3354.98,,,,
2025-08-26T03:00:00+03:00,3354.99,3386.685,3351.33,3383.18,3386.685,,,3351.33
2025-08-26T04:00:00+03:00,3383.145,3384.95,3371.665,3376.94,,,,
2025-08-26T05:00:00+03:00,3376.85,3379.17,3372.88,3375.435,,,,
2025-08-26T06:00:00+03:00,3375.35,3375.555,3369.735,3372.315,,,,
2025-08-26T07:00:00+03:00,3372.26,3379.095,3372.155,3377.57,,,,
2025-08-26T08:00:00+03:00,3377.59,3379.17,3372.58,3376.685,,,,
2025-08-26T09:00:00+03:00,3376.65,3377.825,3372.525,3376.31,,,,
2025-08-26T10:00:00+03:00,3376.315,3379.185,3367.19,3376.835,,,,
2025-08-26T11:00:00+03:00,3376.82,3379.98,3375.645,3376.83,,,,
2025-08-26T12:00:00+03:00,3376.825,3378.73,3369.51,3372.11,,,,
2025-08-26T13:00:00+03:00,3372.09,3375.33,3367.09,3372.135,,,3367.09,
2025-08-26T14:00:00+03:00,3372.165,3380.515,3370.875,3377.635,,,,
2025-08-26T15:00:00+03:00,3377.635,3379.805,3371.015,3372.13,,,,
2025-08-26T16:00:00+03:00,3372.13,3378.27,3370.535,3375.85,,,,
2025-08-26T17:00:00+03:00,3375.845,3379.715,3370.31,3379.495,,,,
2025-08-26T18:00:00+03:00,3379.51,3389.415,3378.695,3386.705,,,,
2025-08-26T19:00:00+03:00,3386.71,3387.765,3382.545,3383.075,,,,
2025-08-26T20:00:00+03:00,3383.1,3385.87,3381.62,3381.77,,,,
2025-08-26T21:00:00+03:00,3381.775,3385.78,3380.355,3385.695,,,,
2025-08-26T22:00:00+03:00,3385.69,3390.965,3385.195,3389.75,,,,
2025-08-26T23:00:00+03:00,3389.735,3393.745,3389.24,3393.745,3393.745,,,
2025-08-27T01:00:00+03:00,3390.75,3391.935,3388.88,3391.065,,,,
2025-08-27T02:00:00+03:00,3390.99,3392.885,3390.05,3390.925,,,,
2025-08-27T03:00:00+03:00,3390.935,3393.55,3388.99,3389.585,,,,
2025-08-27T04:00:00+03:00,3389.59,3390.04,3383.335,3386.385,,,,
2025-08-27T05:00:00+03:00,3386.335,3387.15,3382.225,3384.22,,,,
2025-08-27T06:00:00+03:00,3384.335,3384.56,3380.535,3380.645,,,,
2025-08-27T07:00:00+03:00,3380.64,3381.245,3373.92,3374.99,,,,
2025-08-27T08:00:00+03:00,3375.06,3379.005,3374.095,3377.325,,,,
2025-08-27T09:00:00+03:00,3377.33,3382.075,3376.37,3377.435,,,,
2025-08-27T10:00:00+03:00,3377.43,3381.69,3373.785,3381.595,,,,
2025-08-27T11:00:00+03:00,3381.57,3385.075,3380.95,3384.665,,,,
2025-08-27T12:00:00+03:00,3384.68,3385.58,3377.555,3378.165,,,,
2025-08-27T13:00:00+03:00,3378.185,3379.29,3374.85,3375.55,,,,
2025-08-27T14:00:00+03:00,3375.57,3378.21,3373.75,3376.8,,,3373.75,
2025-08-27T15:00:00+03:00,3376.76,3382.98,3374.34,3381.195,,,,
2025-08-27T16:00:00+03:00,3381.265,3384.98,3375.63,3377.9,,,,
2025-08-27T17:00:00+03:00,3377.925,3386.975,3376.145,3386.575,,,,
2025-08-27T18:00:00+03:00,3386.625,3390.44,3385.225,3388.095,,,,
2025-08-27T19:00:00+03:00,3388.145,3398.79,3387.62,3395.55,3398.79,,,
2025-08-27T20:00:00+03:00,3395.52,3397.505,3394.92,3395.235,,,,
2025-08-27T21:00:00+03:00,3395.215,3396.35,3392.38,3394.585,,,,
2025-08-27T22:00:00+03:00,3394.605,3396.445,3393.79,3396.295,,,,
2025-08-27T23:00:00+03:00,3396.325,3398.315,3394.295,3397.72,,,,
2025-08-28T01:00:00+03:00,3398.405,3398.73,3394.725,3395.895,,,,
2025-08-28T02:00:00+03:00,3395.895,3399.365,3395.16,3395.76,3399.365,,,
2025-08-28T03:00:00+03:00,3395.755,3398.14,3391.19,3391.98,,,,
2025-08-28T04:00:00+03:00,3391.985,3392.87,3385.53,3386.005,,,,
2025-08-28T05:00:00+03:00,3385.905,3391.565,3384.62,3391.55,,,3384.62,
2025-08-28T06:00:00+03:00,3391.54,3392.545,3389.045,3390.295,,,,
2025-08-28T07:00:00+03:00,3390.26,3392.315,3388.825,3390.39,,,,
2025-08-28T08:00:00+03:00,3390.385,3391.03,3387.685,3389.275,,,,
2025-08-28T09:00:00+03:00,3389.28,3395.835,3388.89,3395.45,,,,
2025-08-28T10:00:00+03:00,3395.455,3397.79,3393.765,3395.92,,,,
2025-08-28T11:00:00+03:00,3395.98,3401.12,3394.085,3400.775,,,,
2025-08-28T12:00:00+03:00,3400.79,3401.73,3398.49,3399.23,,,,
2025-08-28T13:00:00+03:00,3399.15,3399.21,3393.955,3397.15,,,,
2025-08-28T14:00:00+03:00,3397.08,3407.645,3396.39,3404.195,,,,
2025-08-28T15:00:00+03:00,3404.18,3408.78,3396.855,3397.27,,,,
2025-08-28T16:00:00+03:00,3397.275,3410.53,3394.28,3407.22,,,,
2025-08-28T17:00:00+03:00,3407.295,3413.645,3406.465,3412.44,,,,
2025-08-28T18:00:00+03:00,3412.44,3413.365,3404.565,3411.045,,,,
2025-08-28T19:00:00+03:00,3411.05,3417.82,3410.05,3415.59,,,,
2025-08-28T20:00:00+03:00,3415.595,3418.905,3414.595,3418.035,,,,
2025-08-28T21:00:00+03:00,3418.05,3420.455,3417.31,3420.205,,,,
2025-08-28T22:00:00+03:00,3420.215,3423.18,3418.035,3422.125,3423.18,,,
2025-08-28T23:00:00+03:00,3422.135,3422.455,3416.38,3417.06,,,,
2025-08-29T01:00:00+03:00,3417.035,3417.82,3415.675,3416.78,,,,
2025-08-29T02:00:00+03:00,3416.685,3416.75,3414.79,3414.8,,,,
2025-08-29T03:00:00+03:00,3414.81,3417.945,3413.095,3413.475,,,,
2025-08-29T04:00:00+03:00,3413.5,3413.645,3407.905,3409.895,,,,
2025-08-29T05:00:00+03:00,3409.83,3414.125,3409.795,3411.44,,,,
2025-08-29T06:00:00+03:00,3411.455,3413.69,3409.945,3410.96,,,,
2025-08-29T07:00:00+03:00,3410.82,3411.51,3407.505,3408.915,,,,
2025-08-29T08:00:00+03:00,3408.965,3410.865,3407.125,3410.46,,,,
2025-08-29T09:00:00+03:00,3410.465,3412.79,3407.865,3410.23,,,,
2025-08-29T10:00:00+03:00,3410.225,3412.76,3406.565,3412.355,,,,
2025-08-29T11:00:00+03:00,3412.35,3414.92,3409.69,3410.45,,,,
2025-08-29T12:00:00+03:00,3410.445,3411.23,3406.885,3407.455,,,,
2025-08-29T13:00:00+03:00,3407.46,3408.92,3404.8,3405.655,,,,
2025-08-29T14:00:00+03:00,3405.66,3411.395,3404.315,3410.915,,,3404.315,
2025-08-29T15:00:00+03:00,3410.865,3416.905,3406.87,3416.525,,,,
2025-08-29T16:00:00+03:00,3416.51,3429.19,3413.58,3428.6,,,,
2025-08-29T17:00:00+03:00,3428.74,3441.19,3428.74,3441.16,,,,
2025-08-29T18:00:00+03:00,3441.12,3447.79,3439.02,3445.655,,,,
2025-08-29T19:00:00+03:00,3445.635,3449.515,3442.36,3449.355,,,,
2025-08-29T20:00:00+03:00,3449.285,3450.265,3441.045,3443.865,,,,
2025-08-29T21:00:00+03:00,3443.89,3445.645,3441.125,3442.885,,,,
2025-08-29T22:00:00+03:00,3442.905,3453.97,3441.57,3452.84,,,,
2025-08-29T23:00:00+03:00,3452.845,3452.88,3445.825,3447.435,,,,
2025-09-01T01:00:00+03:00,3445.43,3453.13,3442.39,3450.425,,,,
2025-09-01T02:00:00+03:00,3450.39,3450.935,3444.78,3447.88,,,,
2025-09-01T03:00:00+03:00,3447.85,3447.85,3442.6,3444.095,,,,
2025-09-01T04:00:00+03:00,3444.1,3459.47,3437.025,3457.32,,,3437.025,
2025-09-01T05:00:00+03:00,3457.3,3484.94,3455.195,3483.5,,,,
2025-09-01T06:00:00+03:00,3483.49,3486.262,3469.59,3474.77,,,,
2025-09-01T07:00:00+03:00,3474.775,3479.395,3472.165,3475.305,,,,
2025-09-01T08:00:00+03:00,3475.27,3482.95,3474.25,3477.175,,,,
2025-09-01T09:00:00+03:00,3477.165,3489.845,3476.775,3479.035,3489.845,,,
2025-09-01T10:00:00+03:00,3479.085,3480.71,3467.59,3477.945,,,,
2025-09-01T11:00:00+03:00,3477.955,3480.04,3474.565,3476.965,,,,
2025-09-01T12:00:00+03:00,3476.955,3477.135,3467.325,3469.51,,,,
2025-09-01T13:00:00+03:00,3469.49,3474.12,3466.385,3470.675,,,3466.385,
2025-09-01T14:00:00+03:00,3470.63,3473.69,3467.725,3470.26,,,,
2025-09-01T15:00:00+03:00,3470.29,3471.89,3467.295,3469.515,,,,
2025-09-01T16:00:00+03:00,3469.58,3479.275,3468.925,3475.37,,,,
2025-09-01T17:00:00+03:00,3475.305,3481.535,3473.635,3475.89,,3481.535,,
2025-09-01T18:00:00+03:00,3475.875,3479.22,3473.465,3474.215,,,,
2025-09-01T19:00:00+03:00,3474.21,3477.83,3472.39,3477.41,,,,
2025-09-01T20:00:00+03:00,3477.405,3479.07,3476.32,3478.025,,,,
2025-09-01T21:00:00+03:00,3478.01,3478.065,3476.2,3476.365,,,,
2025-09-02T01:00:00+03:00,3475.91,3480.475,3475.225,3475.225,,,,
2025-09-02T02:00:00+03:00,3475.42,3481.425,3474.565,3479.28,,,,
2025-09-02T03:00:00+03:00,3479.185,3485.075,3478.2,3479.23,,,,
2025-09-02T04:00:00+03:00,3479.21,3508.79,3477.06,3497.895,3508.79,,,
2025-09-02T05:00:00+03:00,3497.89,3500.975,3491.41,3496.455,,,,
2025-09-02T06:00:00+03:00,3496.495,3496.495,3489.995,3495.055,,,,
2025-09-02T07:00:00+03:00,3495.07,3498.47,3493.41,3496.83,,,,
2025-09-02T08:00:00+03:00,3496.745,3497.99,3492.015,3493.11,,,,
2025-09-02T09:00:00+03:00,3493.105,3495.885,3483.115,3485.77,,,,
2025-09-02T10:00:00+03:00,3485.76,3488.35,3472.275,3477.035,,,,
2025-09-02T11:00:00+03:00,3477.035,3481.36,3470.05,3477.63,,,3470.05,
2025-09-02T12:00:00+03:00,3477.635,3480.495,3476.01,3476.73,,,,
2025-09-02T13:00:00+03:00,3476.745,3485.86,3475.84,3485.765,,,,
2025-09-02T14:00:00+03:00,3485.76,3490.075,3478.47,3489.845,,,,
2025-09-02T15:00:00+03:00,3489.895,3494.295,3474.42,3482.105,,,,
2025-09-02T16:00:00+03:00,3482.1,3493.7,3478.35,3489.145,,,,
2025-09-02T17:00:00+03:00,3489.085,3514.135,3488.465,3511.225,,,,
2025-09-02T18:00:00+03:00,3511.255,3520.58,3509.525,3520.5,,,,
2025-09-02T19:00:00+03:00,3520.505,3528.865,3518.155,3527.885,,,,
2025-09-02T20:00:00+03:00,3527.9,3530.195,3522.015,3529.35,,,,
2025-09-02T21:00:00+03:00,3529.355,3532.12,3525.295,3528.435,,,,
2025-09-02T22:00:00+03:00,3528.445,3540.06,3528.445,3537.105,,,,
2025-09-02T23:00:00+03:00,3537.095,3537.71,3533.4,3533.545,,,,
2025-09-03T01:00:00+03:00,3532.72,3534.9,3529.195,3529.31,,,,
2025-09-03T02:00:00+03:00,3529.235,3533.1,3526.54,3529.915,,,,
2025-09-03T03:00:00+03:00,3529.835,3547.33,3528.1,3536.115,3547.33,,,
2025-09-03T04:00:00+03:00,3536.05,3541.835,3531.81,3538.945,,,,
2025-09-03T05:00:00+03:00,3538.895,3546.145,3531.165,3531.69,,,,
2025-09-03T06:00:00+03:00,3531.685,3533.615,3529.38,3530.91,,,,
2025-09-03T07:00:00+03:00,3530.925,3538.41,3530.79,3536.985,,,,
2025-09-03T08:00:00+03:00,3537,3538.112,3526.77,3530.1,,,3526.77,
2025-09-03T09:00:00+03:00,3530.085,3537.725,3530.045,3535.255,,,,
2025-09-03T10:00:00+03:00,3535.245,3537.05,3529.13,3533.9,,,,
2025-09-03T11:00:00+03:00,3533.88,3541.505,3533.75,3540.085,,,,
2025-09-03T12:00:00+03:00,3540.08,3541.995,3533.75,3534.35,,,,
2025-09-03T13:00:00+03:00,3534.335,3541.77,3532.37,3540.175,,,,
2025-09-03T14:00:00+03:00,3540.17,3549.66,3539.975,3547.705,,,,
2025-09-03T15:00:00+03:00,3547.725,3551.635,3541.395,3550.63,,,,
2025-09-03T16:00:00+03:00,3550.625,3561.39,3549.345,3554.095,,,,
2025-09-03T17:00:00+03:00,3554.025,3565.805,3551.635,3558.49,,,,
2025-09-03T18:00:00+03:00,3558.55,3567.525,3557.63,3564.02,,,,
2025-09-03T19:00:00+03:00,3563.985,3572.67,3562.375,3572.46,,,,
2025-09-03T20:00:00+03:00,3572.485,3576.03,3570.25,3574.53,,,,
2025-09-03T21:00:00+03:00,3574.625,3578.66,3565.53,3570.445,3578.66,,,
2025-09-03T22:00:00+03:00,3570.47,3571.77,3561.22,3563.66,,,,
2025-09-03T23:00:00+03:00,3563.75,3566.095,3558.94,3559.26,,,,
2025-09-04T01:00:00+03:00,3560.26,3564.155,3559.002,3561.715,,,,
2025-09-04T02:00:00+03:00,3561.65,3561.78,3554.48,3560.495,,,,
2025-09-04T03:00:00+03:00,3560.555,3562.52,3551.895,3561.57,,,,
2025-09-04T04:00:00+03:00,3561.595,3563.475,3543.715,3546.265,,,,
2025-09-04T05:00:00+03:00,3546.25,3550.61,3526.4,3530.775,,,,
2025-09-04T06:00:00+03:00,3530.765,3531.78,3511.755,3529.18,,,,3511.755
2025-09-04T07:00:00+03:00,3529.185,3534.4,3528.815,3533.255,,,,
2025-09-04T08:00:00+03:00,3533.275,3534.325,3525.475,3527.235,,,,
2025-09-04T09:00:00+03:00,3527.245,3541.92,3524.5,3536.175,,,,
2025-09-04T10:00:00+03:00,3536.22,3541.3,3532.87,3541.115,,,,
2025-09-04T11:00:00+03:00,3541.115,3545.63,3537.42,3541.425,,,,
2025-09-04T12:00:00+03:00,3541.435,3545.07,3536.815,3538.755,,,,
2025-09-04T13:00:00+03:00,3538.76,3547.185,3538.415,3541.025,,,,
2025-09-04T14:00:00+03:00,3541.035,3550.04,3536.575,3545.575,,,,
2025-09-04T15:00:00+03:00,3545.58,3553.32,3541.275,3548.44,,,,
2025-09-04T16:00:00+03:00,3548.342,3558.93,3539.9,3546.49,,3558.93,,
2025-09-04T17:00:00+03:00,3546.34,3546.435,3535.145,3545.89,,,3535.145,
2025-09-04T18:00:00+03:00,3545.935,3553.305,3542.47,3552.95,,,,
2025-09-04T19:00:00+03:00,3552.945,3556.275,3549.42,3552.625,,,,
2025-09-04T20:00:00+03:00,3552.615,3555.54,3542.6,3542.895,,,,
2025-09-04T21:00:00+03:00,3542.89,3548.405,3542.79,3546.355,,,,
2025-09-04T22:00:00+03:00,3546.35,3551.2,3545.62,3549.96,,,,
2025-09-04T23:00:00+03:00,3549.975,3550.505,3544.4,3545.87,,,,
2025-09-05T01:00:00+03:00,3545.4,3545.545,3540.015,3541.005,,,3540.015,
2025-09-05T02:00:00+03:00,3540.945,3554.565,3540.89,3552.81,,,,
2025-09-05T03:00:00+03:00,3552.76,3556.755,3549.145,3552.255,,,,
2025-09-05T04:00:00+03:00,3552.27,3556.6,3550,3552.515,,,,
2025-09-05T05:00:00+03:00,3552.53,3555.55,3545.945,3551.015,,,,
2025-09-05T06:00:00+03:00,3551.025,3559.195,3548.775,3558.42,,,,
2025-09-05T07:00:00+03:00,3558.51,3559.32,3556.3,3558.52,,,,
2025-09-05T08:00:00+03:00,3558.55,3561.28,3555.705,3557.79,3561.28,,,
2025-09-05T09:00:00+03:00,3557.8,3558.09,3548.21,3552.71,,,,
2025-09-05T10:00:00+03:00,3552.77,3554.375,3546.635,3548.24,,,,
2025-09-05T11:00:00+03:00,3548.215,3550.035,3544.855,3546.035,,,3544.855,
2025-09-05T12:00:00+03:00,3546.05,3553.92,3545.945,3552.47,,,,
2025-09-05T13:00:00+03:00,3552.48,3553.085,3549.5,3551.885,,,,
2025-09-05T14:00:00+03:00,3551.875,3555.32,3547.9,3553.395,,,,
2025-09-05T15:00:00+03:00,3553.42,3587.04,3548.84,3580.555,,,,
2025-09-05T16:00:00+03:00,3580.565,3595.425,3573.25,3594.74,,,,
2025-09-05T17:00:00+03:00,3594.74,3598.07,3573.24,3590.31,,,,
2025-09-05T18:00:00+03:00,3590.285,3595.515,3581.895,3591.99,,,,
2025-09-05T19:00:00+03:00,3591.955,3600.205,3591.095,3595.175,3600.205,,,
2025-09-05T20:00:00+03:00,3595.19,3597.585,3590.445,3596.43,,,,
2025-09-05T21:00:00+03:00,3596.56,3597.325,3592.57,3595.645,,,,
2025-09-05T22:00:00+03:00,3595.655,3596.155,3592.63,3594.63,,,,
2025-09-05T23:00:00+03:00,3594.615,3595.36,3586.19,3586.545,,,,
2025-09-08T01:00:00+03:00,3591.61,3597.095,3586.95,3592.13,,,,
2025-09-08T02:00:00+03:00,3592.24,3594.105,3587.84,3591.22,,,,
2025-09-08T03:00:00+03:00,3591.21,3594.5,3587.005,3594.41,,,,
2025-09-08T04:00:00+03:00,3594.33,3597.2,3584.905,3589.54,,,,
2025-09-08T05:00:00+03:00,3589.55,3594.585,3586.51,3590.855,,,,
2025-09-08T06:00:00+03:00,3590.87,3592.45,3582.98,3583.51,,,,
2025-09-08T07:00:00+03:00,3583.43,3584.875,3579.72,3581.63,,,3579.72,
2025-09-08T08:00:00+03:00,3581.675,3591.845,3581.21,3591.385,,,,
2025-09-08T09:00:00+03:00,3591.415,3599.035,3589.49,3598.335,,,,
2025-09-08T10:00:00+03:00,3598.33,3613.75,3596.48,3609.49,,,,
2025-09-08T11:00:00+03:00,3609.55,3617.295,3607.3,3611.285,,,,
2025-09-08T12:00:00+03:00,3611.295,3615.165,3608.7,3613.88,,,,
2025-09-08T13:00:00+03:00,3613.925,3622.475,3613.535,3617.075,,,,
2025-09-08T14:00:00+03:00,3617.12,3620.075,3612.725,3619.875,,,,
2025-09-08T15:00:00+03:00,3619.84,3626.09,3614.775,3624.245,,,,
2025-09-08T16:00:00+03:00,3624.21,3637.075,3620.215,3633.39,,,,
2025-09-08T17:00:00+03:00,3633.32,3641.08,3628.895,3640.86,,,,
2025-09-08T18:00:00+03:00,3640.845,3646.545,3633.265,3639.355,3646.545,,,
2025-09-08T19:00:00+03:00,3639.375,3641.735,3635.9,3640.765,,,,
2025-09-08T20:00:00+03:00,3640.74,3641.25,3632.675,3633.585,,,,
2025-09-08T21:00:00+03:00,3633.615,3636.745,3631.935,3636.085,,,,
2025-09-08T22:00:00+03:00,3636.05,3637.69,3632.67,3636.615,,,,
2025-09-08T23:00:00+03:00,3636.595,3638.02,3634.565,3635.85,,,,
2025-09-09T01:00:00+03:00,3636.15,3636.85,3628.83,3629.475,,,,
2025-09-09T02:00:00+03:00,3629.73,3636.33,3628.48,3635.05,,,3628.48,
2025-09-09T03:00:00+03:00,3635.04,3641.015,3633.63,3638.615,,,,
2025-09-09T04:00:00+03:00,3638.605,3647.72,3636.16,3646.59,,,,
2025-09-09T05:00:00+03:00,3646.49,3654.605,3644.925,3647.54,,,,
2025-09-09T06:00:00+03:00,3647.62,3652.08,3642.655,3646.125,,,,
2025-09-09T07:00:00+03:00,3646.14,3657.295,3645.935,3654.995,,,,
2025-09-09T08:00:00+03:00,3654.985,3659.435,3652.755,3655.265,3659.435,,,
2025-09-09T09:00:00+03:00,3655.34,3656.385,3636.62,3647.69,,,,
2025-09-09T10:00:00+03:00,3647.722,3651.095,3641.615,3644.34,,,,
2025-09-09T11:00:00+03:00,3644.325,3651.215,3641.855,3648.1,,,,
2025-09-09T12:00:00+03:00,3648.12,3656.8,3647.81,3653.755,,,,
2025-09-09T13:00:00+03:00,3653.74,3655.94,3648.835,3652.055,,,,
2025-09-09T14:00:00+03:00,3652.09,3654.295,3646.875,3648.075,,,,
2025-09-09T15:00:00+03:00,3648.095,3655.59,3643.775,3647.61,,,,
2025-09-09T16:00:00+03:00,3647.615,3668.32,3646.535,3665.905,,,,
2025-09-09T17:00:00+03:00,3665.95,3674.695,3636.005,3645.075,3674.695,,,
2025-09-09T18:00:00+03:00,3645.09,3646.645,3626.915,3645.665,,,,
2025-09-09T19:00:00+03:00,3645.69,3649.58,3644.2,3645.065,,,,
2025-09-09T20:00:00+03:00,3645.15,3646.5,3641.415,3642.86,,,,
2025-09-09T21:00:00+03:00,3642.915,3645.1,3639.715,3640.455,,,,
2025-09-09T22:00:00+03:00,3640.45,3641.28,3628.65,3629.56,,,,
2025-09-09T23:00:00+03:00,3629.58,3632.95,3626.03,3626.315,,,,
2025-09-10T01:00:00+03:00,3627.45,3635.865,3623.12,3635.49,,,,
2025-09-10T02:00:00+03:00,3635.225,3640.675,3633.535,3633.685,,,,
2025-09-10T03:00:00+03:00,3633.7,3634.635,3621.5,3624.105,,,,
2025-09-10T04:00:00+03:00,3624.13,3632.79,3620.135,3630.6,,,,3620.135
2025-09-10T05:00:00+03:00,3630.605,3638.225,3630.095,3636.275,,,,
2025-09-10T06:00:00+03:00,3636.22,3637.14,3633.125,3636.715,,,,
2025-09-10T07:00:00+03:00,3636.73,3643.39,3636.67,3643.035,,,,
2025-09-10T08:00:00+03:00,3643.02,3645.46,3639.96,3643.04,,,,
2025-09-10T09:00:00+03:00,3642.955,3647.705,3640.755,3643.995,,,,
2025-09-10T10:00:00+03:00,3643.995,3648.605,3641.26,3644.025,,,,
2025-09-10T11:00:00+03:00,3644.115,3647.875,3641.885,3646.065,,,,
2025-09-10T12:00:00+03:00,3645.985,3656.195,3644.93,3655.36,,,,
2025-09-10T13:00:00+03:00,3655.35,3657.535,3651.56,3655.3,,,,
2025-09-10T14:00:00+03:00,3655.315,3656.495,3648.385,3649.27,,,,
2025-09-10T15:00:00+03:00,3649.27,3657.61,3640.34,3644.095,,3657.61,,
2025-09-10T16:00:00+03:00,3644.11,3654.23,3642.125,3651.295,,,,
2025-09-10T17:00:00+03:00,3651.305,3655.575,3643.885,3647.7,,,,
2025-09-10T18:00:00+03:00,3647.745,3648.715,3638.65,3644.51,,,,
2025-09-10T19:00:00+03:00,3644.46,3647.02,3640,3642.825,,,,
2025-09-10T20:00:00+03:00,3642.83,3647.695,3641.815,3647.52,,,,
2025-09-10T21:00:00+03:00,3647.49,3649.69,3644.72,3645.365,,,,
2025-09-10T22:00:00+03:00,3645.44,3646.385,3635.335,3642.14,,,3635.335,
2025-09-10T23:00:00+03:00,3642.115,3642.975,3638.16,3640.585,,,,
2025-09-11T01:00:00+03:00,3644.465,3644.49,3637.96,3639.8,,,,
2025-09-11T02:00:00+03:00,3639.87,3645.695,3638.625,3644.96,,,,
2025-09-11T03:00:00+03:00,3645.005,3647.255,3642.535,3643.965,,,,
2025-09-11T04:00:00+03:00,3643.925,3649.345,3639.865,3641.165,,3649.345,,
2025-09-11T05:00:00+03:00,3641.14,3643.61,3634.255,3637.37,,,,
2025-09-11T06:00:00+03:00,3637.355,3637.355,3629.77,3632.18,,,,
2025-09-11T07:00:00+03:00,3632.18,3634.44,3630.295,3630.7,,,,
2025-09-11T08:00:00+03:00,3630.685,3633.53,3623.495,3625.09,,,,
2025-09-11T09:00:00+03:00,3625.115,3637.92,3622.75,3633.245,,,,
2025-09-11T10:00:00+03:00,3633.245,3633.37,3623.815,3630.09,,,,
2025-09-11T11:00:00+03:00,3630.115,3631.985,3625.47,3626.215,,,,
2025-09-11T12:00:00+03:00,3626.24,3626.24,3614.36,3622.05,,,,
2025-09-11T13:00:00+03:00,3622.03,3625.075,3619.74,3622.08,,,,
2025-09-11T14:00:00+03:00,3622.07,3622.36,3615.56,3616.82,,,,
2025-09-11T15:00:00+03:00,3616.845,3644.085,3612.835,3628.85,,3644.085,,3612.835
2025-09-11T16:00:00+03:00,3629.09,3637.17,3618.48,3630.24,,,,
2025-09-11T17:00:00+03:00,3630.195,3637.96,3626.155,3629.5,,,,
2025-09-11T18:00:00+03:00,3629.565,3639.19,3629.565,3633.06,,,,
2025-09-11T19:00:00+03:00,3633.055,3642.115,3633.04,3636.215,,,,
2025-09-11T20:00:00+03:00,3636.245,3636.73,3631.835,3635.025,,,,
2025-09-11T21:00:00+03:00,3635.045,3637.09,3630.525,3632.465,,,,
2025-09-11T22:00:00+03:00,3632.435,3637.605,3632.305,3637,,,,
2025-09-11T23:00:00+03:00,3636.985,3637.67,3633.255,3634.12,,,,
2025-09-12T01:00:00+03:00,3635.9,3638.525,3633.335,3635.08,,,,
2025-09-12T02:00:00+03:00,3635.09,3636.31,3631.735,3632.01,,,,
2025-09-12T03:00:00+03:00,3632.035,3638.195,3630.625,3636.5,,,,
2025-09-12T04:00:00+03:00,3636.535,3647.765,3636.485,3646.495,,,,
2025-09-12T05:00:00+03:00,3646.545,3651.17,3645.085,3649.195,,,,
2025-09-12T06:00:00+03:00,3649.18,3653.405,3646.715,3653.01,,,,
2025-09-12T07:00:00+03:00,3652.95,3656.36,3651.645,3654.985,,,,
2025-09-12T08:00:00+03:00,3654.96,3656.7,3652.125,3653.105,3656.7,,,
2025-09-12T09:00:00+03:00,3653.19,3654.09,3648.39,3650.62,,,,
2025-09-12T10:00:00+03:00,3650.635,3653.87,3647.86,3648.4,,,,
2025-09-12T11:00:00+03:00,3648.31,3651.415,3639.74,3641.04,,,,
2025-09-12T12:00:00+03:00,3641.05,3647.2,3637.63,3646.465,,,3637.63,
2025-09-12T13:00:00+03:00,3646.475,3652.26,3646.265,3651.335,,,,
2025-09-12T14:00:00+03:00,3651.37,3652.235,3646.885,3647.1,,,,
2025-09-12T15:00:00+03:00,3647.12,3649.04,3638.235,3645.55,,,,
2025-09-12T16:00:00+03:00,3645.58,3652.7,3643.455,3650.795,,,,
2025-09-12T17:00:00+03:00,3650.585,3654.495,3647.425,3648.06,,3654.495,,
2025-09-12T18:00:00+03:00,3648.05,3648.32,3641.79,3644.58,,,,
2025-09-12T19:00:00+03:00,3644.6,3649.8,3642.685,3649.305,,,,
2025-09-12T20:00:00+03:00,3649.33,3650.865,3647.63,3648.895,,,,
2025-09-12T21:00:00+03:00,3648.975,3649.64,3647.215,3648.565,,,,
2025-09-12T22:00:00+03:00,3648.58,3648.61,3643.53,3644.295,,,,
2025-09-12T23:00:00+03:00,3644.23,3645.55,3641.355,3643.085,,,,
2025-09-15T01:00:00+03:00,3644.565,3645.83,3640.035,3642.295,,,,
2025-09-15T02:00:00+03:00,3642.31,3642.31,3636.955,3638.29,,,,
2025-09-15T03:00:00+03:00,3638.26,3642.8,3632.025,3633.475,,,,
2025-09-15T04:00:00+03:00,3633.37,3634.99,3626.46,3634.54,,,,3626.46
2025-09-15T05:00:00+03:00,3634.555,3645.67,3634.32,3641.195,,,,
2025-09-15T06:00:00+03:00,3641.19,3646.515,3640.255,3645.98,,,,
2025-09-15T07:00:00+03:00,3645.995,3646.95,3643.87,3645.86,,3646.95,,
2025-09-15T08:00:00+03:00,3645.735,3646.385,3642.275,3643.625,,,,
2025-09-15T09:00:00+03:00,3643.635,3643.95,3636.5,3636.525,,,,
2025-09-15T10:00:00+03:00,3636.515,3645.17,3633.675,3643.96,,,3633.675,
2025-09-15T11:00:00+03:00,3643.805,3645.89,3640.925,3645.58,,,,
2025-09-15T12:00:00+03:00,3645.585,3646.195,3635.66,3641.32,,,,
2025-09-15T13:00:00+03:00,3641.345,3646.545,3639.015,3639.895,,,,
2025-09-15T14:00:00+03:00,3639.9,3646.855,3639.03,3642.685,,,,
2025-09-15T15:00:00+03:00,3642.795,3650.98,3636.93,3650.51,,,,
2025-09-15T16:00:00+03:00,3650.55,3664.315,3647.005,3657.22,,,,
2025-09-15T17:00:00+03:00,3657.195,3663.985,3654.01,3663.59,,,,
2025-09-15T18:00:00+03:00,3663.66,3681.94,3663.035,3680.51,,,,
2025-09-15T19:00:00+03:00,3680.515,3685.695,3674.74,3679.26,3685.695,,,
2025-09-15T20:00:00+03:00,3679.31,3682.705,3678.64,3681.89,,,,
2025-09-15T21:00:00+03:00,3681.885,3682.2,3675.965,3676.95,,,,
2025-09-15T22:00:00+03:00,3676.985,3682.79,3676.775,3681.055,,,,
2025-09-15T23:00:00+03:00,3681.045,3682.01,3678.53,3678.79,,,,
2025-09-16T01:00:00+03:00,3680.135,3680.55,3676.505,3679.11,,,,
2025-09-16T02:00:00+03:00,3679.13,3680.6,3676.165,3676.84,,,,
2025-09-16T03:00:00+03:00,3676.835,3687.035,3676.305,3686.455,,,,
2025-09-16T04:00:00+03:00,3686.49,3689.51,3677.13,3679.54,,,,
2025-09-16T05:00:00+03:00,3679.505,3682.88,3674.705,3677.745,,,3674.705,
2025-09-16T06:00:00+03:00,3677.665,3683.235,3677.115,3681.06,,,,
2025-09-16T07:00:00+03:00,3681.165,3685.435,3680.26,3684.32,,,,
2025-09-16T08:00:00+03:00,3684.325,3684.6,3680.285,3682.735,,,,
2025-09-16T09:00:00+03:00,3682.745,3694.25,3681.69,3693.565,,,,
2025-09-16T10:00:00+03:00,3693.515,3694.21,3686.375,3686.475,,,,
2025-09-16T11:00:00+03:00,3686.44,3697.405,3686.24,3694.435,,,,
2025-09-16T12:00:00+03:00,3694.46,3699.13,3693.14,3698.435,,,,
2025-09-16T13:00:00+03:00,3698.43,3698.925,3692.725,3693.085,,,,
2025-09-16T14:00:00+03:00,3693.13,3699.62,3690.55,3697.335,,,,
2025-09-16T15:00:00+03:00,3697.355,3697.66,3686.465,3689.39,,,,
2025-09-16T16:00:00+03:00,3689.355,3698.76,3685.25,3695.785,,,,
2025-09-16T17:00:00+03:00,3695.685,3703.24,3685.69,3686.51,3703.24,,,
2025-09-16T18:00:00+03:00,3686.525,3689.015,3678.885,3686.43,,,3678.885,
2025-09-16T19:00:00+03:00,3686.45,3691.375,3684.81,3689.88,,,,
2025-09-16T20:00:00+03:00,3689.89,3691.07,3686.36,3687.75,,,,
2025-09-16T21:00:00+03:00,3687.765,3691.025,3686.53,3690.725,,,,
2025-09-16T22:00:00+03:00,3690.735,3691.26,3687.87,3689.79,,,,
2025-09-16T23:00:00+03:00,3689.78,3693.94,3689.505,3689.855,,,,
2025-09-17T01:00:00+03:00,3691.345,3692.84,3689.935,3692.095,,,,
2025-09-17T02:00:00+03:00,3692.105,3695.4,3691.895,3694.44,,,,
2025-09-17T03:00:00+03:00,3694.48,3695.52,3691.14,3691.18,,3695.52,,
2025-09-17T04:00:00+03:00,3691.215,3692.02,3676.025,3679.505,,,,
2025-09-17T05:00:00+03:00,3679.475,3684.01,3674.15,3682.35,,,,
2025-09-17T06:00:00+03:00,3682.345,3683.72,3679.875,3681.86,,,,
2025-09-17T07:00:00+03:00,3681.905,3682.62,3680.53,3680.775,,,,
2025-09-17T08:00:00+03:00,3680.805,3686.07,3675.905,3679.225,,,,
2025-09-17T09:00:00+03:00,3679.21,3680.185,3670.7,3675.195,,,,
2025-09-17T10:00:00+03:00,3675.185,3677.49,3666.725,3667.09,,,,
2025-09-17T11:00:00+03:00,3667.095,3668.03,3662.635,3664.98,,,,
2025-09-17T12:00:00+03:00,3664.975,3671.135,3664.035,3668.005,,,,
2025-09-17T13:00:00+03:00,3667.94,3670,3660.455,3661.51,,,,
2025-09-17T14:00:00+03:00,3661.425,3670.03,3660.02,3666.02,,,,3660.02
2025-09-17T15:00:00+03:00,3666.025,3679.52,3665.7,3678.845,,,,
2025-09-17T16:00:00+03:00,3678.895,3682.685,3672.85,3678.925,,,,
2025-09-17T17:00:00+03:00,3678.95,3686.15,3676.98,3684.455,,,,
2025-09-17T18:00:00+03:00,3684.44,3687.27,3682.88,3684.315,,,,
2025-09-17T19:00:00+03:00,3684.32,3688.595,3684.085,3684.81,,,,
2025-09-17T20:00:00+03:00,3684.82,3687.73,3678.795,3686.08,,,,
2025-09-17T21:00:00+03:00,3686.06,3707.555,3646.125,3650.465,3707.555,,,3646.125
2025-09-17T22:00:00+03:00,3650.455,3667.12,3646.29,3661.915,,,,
2025-09-17T23:00:00+03:00,3661.9,3661.9,3656.28,3659.975,,,,
2025-09-18T01:00:00+03:00,3659.625,3665.48,3654.815,3662.865,,,,
2025-09-18T02:00:00+03:00,3662.88,3672.125,3662.06,3669.055,,,,
2025-09-18T03:00:00+03:00,3669.05,3669.915,3658.08,3665.34,,,,
2025-09-18T04:00:00+03:00,3665.365,3668.905,3651.695,3657.15,,,,
2025-09-18T05:00:00+03:00,3657.195,3666.01,3655.455,3664.735,,,,
2025-09-18T06:00:00+03:00,3664.73,3666.035,3657.98,3658.64,,,,
2025-09-18T07:00:00+03:00,3658.72,3659.395,3653.445,3653.6,,,,
2025-09-18T08:00:00+03:00,3653.605,3659.34,3649.49,3651.44,,,,
2025-09-18T09:00:00+03:00,3651.425,3651.91,3634.055,3637.56,,,,3634.055
2025-09-18T10:00:00+03:00,3637.535,3660.09,3635.6,3659.055,,,,
2025-09-18T11:00:00+03:00,3659.14,3665.975,3653.82,3665.59,,,,
2025-09-18T12:00:00+03:00,3665.585,3673.205,3664.75,3671.745,,3673.205,,
2025-09-18T13:00:00+03:00,3671.735,3672.655,3665.54,3667.17,,,,
2025-09-18T14:00:00+03:00,3667.205,3671.015,3664.455,3667.26,,,,
2025-09-18T15:00:00+03:00,3667.355,3672.535,3663.02,3663.295,,,,
2025-09-18T16:00:00+03:00,3663.3,3664.42,3627.96,3642.195,,,,3627.96
2025-09-18T17:00:00+03:00,3642.2,3646.615,3634.35,3638.385,,,,
2025-09-18T18:00:00+03:00,3638.44,3642.335,3636.905,3641.43,,,,
2025-09-18T19:00:00+03:00,3641.375,3647.33,3640.865,3646.29,,,,
2025-09-18T20:00:00+03:00,3646.28,3646.845,3643.36,3643.62,,,,
2025-09-18T21:00:00+03:00,3643.605,3643.635,3640.495,3641.415,,,,
2025-09-18T22:00:00+03:00,3641.37,3647.14,3640.675,3646.765,,,,
2025-09-18T23:00:00+03:00,3646.77,3647.235,3643.91,3644.18,,,,
2025-09-19T01:00:00+03:00,3642.92,3643.205,3639.495,3640.27,,,,
2025-09-19T02:00:00+03:00,3640.275,3642.08,3637.955,3640.195,,,,
2025-09-19T03:00:00+03:00,3640.2,3642.79,3636.145,3640.1,,,,
2025-09-19T04:00:00+03:00,3640.105,3651.4,3632.38,3639.985,,,3632.38,
2025-09-19T05:00:00+03:00,3639.87,3650.4,3638.99,3647.47,,,,
2025-09-19T06:00:00+03:00,3647.475,3656.61,3645.445,3653.81,,,,
2025-09-19T07:00:00+03:00,3653.825,3660.075,3653.815,3658.875,,,,
2025-09-19T08:00:00+03:00,3658.895,3661.355,3651.465,3652.44,,3661.355,,
2025-09-19T09:00:00+03:00,3652.525,3654.2,3643.4,3647.015,,,,
2025-09-19T10:00:00+03:00,3647.05,3657.475,3644.6,3654.05,,,,
2025-09-19T11:00:00+03:00,3654.03,3656.69,3649.715,3655.64,,,,
2025-09-19T12:00:00+03:00,3655.8,3658.9,3655.325,3658.71,,,,
2025-09-19T13:00:00+03:00,3658.715,3659.29,3655.205,3655.96,,,,
2025-09-19T14:00:00+03:00,3655.965,3656.045,3645.765,3648.52,,,,
2025-09-19T15:00:00+03:00,3648.53,3651.965,3644.495,3649.445,,,,
2025-09-19T16:00:00+03:00,3649.42,3664.59,3643.785,3663.31,,,3643.785,
2025-09-19T17:00:00+03:00,3663.31,3669.355,3656.425,3667.14,,,,
2025-09-19T18:00:00+03:00,3667.155,3676.015,3665.42,3670.95,,,,
2025-09-19T19:00:00+03:00,3670.925,3673.39,3666.555,3668.345,,,,
2025-09-19T20:00:00+03:00,3668.285,3679.57,3668.105,3678.7,,,,
2025-09-19T21:00:00+03:00,3678.73,3684.23,3678.075,3683.67,,,,
2025-09-19T22:00:00+03:00,3683.665,3685.255,3681.285,3684.45,,,,
2025-09-19T23:00:00+03:00,3684.475,3685.74,3680.8,3684.975,,,,
2025-09-22T01:00:00+03:00,3687.77,3692.29,3683.545,3688.555,,,,
2025-09-22T02:00:00+03:00,3688.51,3690.61,3685.685,3686.315,,,,
2025-09-22T03:00:00+03:00,3686.27,3691.22,3685.655,3691.04,,,,
2025-09-22T04:00:00+03:00,3690.99,3696.945,3686.775,3689.305,,,,
2025-09-22T05:00:00+03:00,3689.33,3693.47,3685.46,3686.52,,,,
2025-09-22T06:00:00+03:00,3686.495,3697.59,3686.085,3695.6,,,,
2025-09-22T07:00:00+03:00,3695.585,3696.09,3690.04,3692.215,,,,
2025-09-22T08:00:00+03:00,3692.29,3700.44,3691.92,3697.08,,,,
2025-09-22T09:00:00+03:00,3697.11,3720.07,3695.655,3714.39,,,,
2025-09-22T10:00:00+03:00,3714.375,3716.535,3708.64,3713.27,,,,
2025-09-22T11:00:00+03:00,3713.215,3722.58,3712.455,3720.31,,,,
2025-09-22T12:00:00+03:00,3720.3,3726.965,3719.38,3723.225,,,,
2025-09-22T13:00:00+03:00,3723.24,3728.49,3721.045,3727.505,,,,
2025-09-22T14:00:00+03:00,3727.545,3728.44,3721.18,3724.65,,,,
2025-09-22T15:00:00+03:00,3724.675,3725.505,3712.25,3721.635,,,,
2025-09-22T16:00:00+03:00,3721.67,3725.575,3713.75,3722.39,,,,
2025-09-22T17:00:00+03:00,3722.4,3726.47,3716.9,3725.975,,,,
2025-09-22T18:00:00+03:00,3726.045,3736.485,3723.615,3736.235,,,,
2025-09-22T19:00:00+03:00,3736.24,3739.63,3735.27,3737.085,,,,
2025-09-22T20:00:00+03:00,3737.09,3747.32,3737.09,3746.61,,,,
2025-09-22T21:00:00+03:00,3746.595,3748.09,3744.62,3747.68,,,,
2025-09-22T22:00:00+03:00,3747.695,3748.86,3742.455,3747.685,,,,
2025-09-22T23:00:00+03:00,3747.7,3748.62,3745.51,3746.355,,,,
2025-09-23T01:00:00+03:00,3747.125,3747.76,3738.125,3740.2,,,,
2025-09-23T02:00:00+03:00,3740.265,3749.255,3739.19,3747.795,,,,
2025-09-23T03:00:00+03:00,3747.785,3750.675,3745.03,3747.26,,,,
2025-09-23T04:00:00+03:00,3747.25,3759.42,3745.74,3754.715,3759.42,,,
2025-09-23T05:00:00+03:00,3754.71,3755.545,3736.66,3742,,,3736.66,
2025-09-23T06:00:00+03:00,3741.99,3747.28,3739.2,3746.76,,,,
2025-09-23T07:00:00+03:00,3746.745,3747.655,3743.285,3744.87,,,,
2025-09-23T08:00:00+03:00,3744.665,3758.805,3743.385,3753.235,,,,
2025-09-23T09:00:00+03:00,3753.2,3757.53,3751.33,3753.9,,,,
2025-09-23T10:00:00+03:00,3753.915,3757.5,3748.985,3753.455,,,,
2025-09-23T11:00:00+03:00,3753.41,3775.285,3753.13,3774.485,,,,
2025-09-23T12:00:00+03:00,3774.48,3791.255,3774.205,3784.89,3791.255,,,
2025-09-23T13:00:00+03:00,3784.915,3787.92,3780.785,3783,,,,
2025-09-23T14:00:00+03:00,3783.035,3788.925,3779.745,3783.68,,,,
2025-09-23T15:00:00+03:00,3783.75,3785.47,3777.56,3784.495,,,,
2025-09-23T16:00:00+03:00,3784.48,3788.81,3774.085,3783.95,,,,
2025-09-23T17:00:00+03:00,3783.94,3784.945,3767.615,3774.175,,,,
2025-09-23T18:00:00+03:00,3774.2,3782.12,3772.965,3779.36,,,,
2025-09-23T19:00:00+03:00,3779.395,3782.06,3765.03,3779.35,,,,
2025-09-23T20:00:00+03:00,3779.385,3785.84,3775.93,3777.515,,,,
2025-09-23T21:00:00+03:00,3777.57,3781.445,3756.275,3756.915,,,,
2025-09-23T22:00:00+03:00,3756.89,3768.315,3752.075,3764.475,,,3752.075,
2025-09-23T23:00:00+03:00,3764.53,3767.495,3762.65,3764.205,,,,
2025-09-24T01:00:00+03:00,3765.31,3766.615,3761.67,3765.47,,,,
2025-09-24T02:00:00+03:00,3765.45,3770.07,3762.07,3763.83,,,,
2025-09-24T03:00:00+03:00,3763.805,3765.545,3759.09,3765.22,,,,
2025-09-24T04:00:00+03:00,3765.28,3771.945,3755.08,3756.49,,,,
2025-09-24T05:00:00+03:00,3756.47,3759.36,3750.51,3756.96,,,,3750.51
2025-09-24T06:00:00+03:00,3756.965,3766.67,3752.275,3765.415,,,,
2025-09-24T07:00:00+03:00,3765.465,3768.44,3763.335,3768.34,,,,
2025-09-24T08:00:00+03:00,3768.345,3777.075,3767.98,3774.87,,,,
2025-09-24T09:00:00+03:00,3774.875,3776.165,3769.155,3771.25,,,,
2025-09-24T10:00:00+03:00,3771.395,3779.34,3770.79,3777.47,,3779.34,,
2025-09-24T11:00:00+03:00,3777.54,3777.96,3767.145,3770.13,,,,
2025-09-24T12:00:00+03:00,3770.045,3771.775,3763.175,3768.465,,,,
2025-09-24T13:00:00+03:00,3768.455,3768.71,3759.89,3762.265,,,,
2025-09-24T14:00:00+03:00,3762.295,3769.605,3759.68,3769.145,,,,
2025-09-24T15:00:00+03:00,3769.13,3771.645,3764.045,3768.175,,,,
2025-09-24T16:00:00+03:00,3768.16,3772.97,3759.05,3761.26,,,,
2025-09-24T17:00:00+03:00,3761.25,3765.335,3749.725,3752.755,,,,
2025-09-24T18:00:00+03:00,3752.805,3756.71,3739.71,3741.22,,,,
2025-09-24T19:00:00+03:00,3741.235,3745.32,3732.37,3735.765,,,,
2025-09-24T20:00:00+03:00,3735.82,3738.965,3732.44,3733.2,,,,
2025-09-24T21:00:00+03:00,3733.17,3734.08,3722.825,3724.285,,,,
2025-09-24T22:00:00+03:00,3724.345,3731.835,3717.52,3730.145,,,,3717.52
2025-09-24T23:00:00+03:00,3730.155,3737.48,3730.025,3736.165,,,,
2025-09-25T01:00:00+03:00,3739.61,3745.18,3739.025,3741.225,,,,
2025-09-25T02:00:00+03:00,3741.21,3745.52,3739.17,3743.115,,,,
2025-09-25T03:00:00+03:00,3743.015,3751.535,3741.645,3749.03,,3751.535,,
2025-09-25T04:00:00+03:00,3748.845,3750.59,3732.955,3736.17,,,,
2025-09-25T05:00:00+03:00,3736.16,3742.38,3729.635,3739.715,,,3729.635,
2025-09-25T06:00:00+03:00,3739.7,3739.81,3734.375,3736.68,,,,
2025-09-25T07:00:00+03:00,3736.745,3740.74,3731.795,3738.18,,,,
2025-09-25T08:00:00+03:00,3738.24,3741.51,3734.17,3738.61,,,,
2025-09-25T09:00:00+03:00,3738.6,3748.295,3737.685,3740.99,,,,
2025-09-25T10:00:00+03:00,3741.05,3755.08,3740.13,3752.445,,,,
2025-09-25T11:00:00+03:00,3752.42,3761.69,3751.3,3756.58,3761.69,,,
2025-09-25T12:00:00+03:00,3756.65,3761.28,3750.465,3757.08,,,,
2025-09-25T13:00:00+03:00,3757.13,3760.975,3755.635,3757.17,,,,
2025-09-25T14:00:00+03:00,3757.165,3757.585,3741.23,3753.16,,,,
2025-09-25T15:00:00+03:00,3753.025,3755.9,3730.66,3738.855,,,,
2025-09-25T16:00:00+03:00,3738.89,3745.815,3722.22,3733.845,,,,3722.22
2025-09-25T17:00:00+03:00,3733.855,3736.645,3723.76,3731.655,,,,
2025-09-25T18:00:00+03:00,3731.67,3738.855,3728.085,3736.05,,,,
2025-09-25T19:00:00+03:00,3736.06,3742.845,3732.595,3733.7,,,,
2025-09-25T20:00:00+03:00,3733.695,3744.27,3732.405,3741.755,,,,
2025-09-25T21:00:00+03:00,3741.815,3758.43,3736.76,3755.24,,3758.43,,
2025-09-25T22:00:00+03:00,3755.275,3756.815,3744.785,3746.74,,,,
2025-09-25T23:00:00+03:00,3746.745,3752.495,3746.25,3749.44,,,,
2025-09-26T01:00:00+03:00,3747.235,3751.615,3746.4,3748.905,,,,
2025-09-26T02:00:00+03:00,3749.125,3749.965,3738.175,3744.855,,,,
2025-09-26T03:00:00+03:00,3744.775,3749.72,3740.08,3749.72,,,,
2025-09-26T04:00:00+03:00,3749.75,3753.31,3737.85,3739.27,,,,
2025-09-26T05:00:00+03:00,3739.235,3742.94,3737.695,3738.535,,,,
2025-09-26T06:00:00+03:00,3738.585,3746.11,3734.44,3745.735,,,3734.44,
2025-09-26T07:00:00+03:00,3745.75,3747.835,3744.7,3747.72,,,,
2025-09-26T08:00:00+03:00,3747.665,3749.65,3741.735,3741.93,,,,
2025-09-26T09:00:00+03:00,3741.89,3754.13,3741.415,3743.525,,,,
2025-09-26T10:00:00+03:00,3743.52,3749.65,3739.345,3748.11,,,,
2025-09-26T11:00:00+03:00,3748.135,3755.24,3747.245,3753.015,,,,
2025-09-26T12:00:00+03:00,3752.99,3754.55,3747.215,3751.615,,,,
2025-09-26T13:00:00+03:00,3751.46,3755.16,3742.955,3744.625,,,,
2025-09-26T14:00:00+03:00,3744.685,3753.06,3744.405,3748.78,,,,
2025-09-26T15:00:00+03:00,3748.755,3757.505,3746.53,3752.045,,,,
2025-09-26T16:00:00+03:00,3752.055,3766.425,3751.225,3761.98,,,,
2025-09-26T17:00:00+03:00,3761.79,3783.885,3761.605,3778.935,3783.885,,,
2025-09-26T18:00:00+03:00,3778.93,3781.19,3772.995,3780.51,,,,
2025-09-26T19:00:00+03:00,3780.495,3781.365,3771.41,3774.365,,,,
2025-09-26T20:00:00+03:00,3774.39,3783.19,3774.14,3783.075,,,,
2025-09-26T21:00:00+03:00,3783.09,3783.355,3774.73,3778.6,,,,
2025-09-26T22:00:00+03:00,3778.605,3778.615,3764.605,3766.825,,,,
2025-09-26T23:00:00+03:00,3766.84,3769.705,3759.66,3759.855,,,3759.66,
2025-09-29T01:00:00+03:00,3764.745,3771.295,3763.45,3770.605,,,,
2025-09-29T02:00:00+03:00,3770.535,3772.605,3766.525,3766.92,,,,
2025-09-29T03:00:00+03:00,3766.87,3787.61,3763.935,3787.135,,,,
2025-09-29T04:00:00+03:00,3787.075,3788.725,3767.91,3778.715,,,,
2025-09-29T05:00:00+03:00,3778.74,3798.79,3777.765,3792.905,,,,
2025-09-29T06:00:00+03:00,3792.89,3799.49,3792.2,3794.565,,,,
2025-09-29T07:00:00+03:00,3794.49,3809.195,3792.58,3805.1,,,,
2025-09-29T08:00:00+03:00,3805.15,3814.655,3801.29,3813.635,,,,
2025-09-29T09:00:00+03:00,3813.665,3819.915,3810.91,3817.405,,,,
2025-09-29T10:00:00+03:00,3817.285,3819.57,3804.985,3806.24,,,,
2025-09-29T11:00:00+03:00,3806.265,3819.6,3806.265,3818.845,,,,
2025-09-29T12:00:00+03:00,3818.825,3819.825,3806.95,3807.555,,,,
2025-09-29T13:00:00+03:00,3807.58,3818.715,3806.47,3818.055,,,,
2025-09-29T14:00:00+03:00,3818.01,3831.45,3816.51,3828.915,,,,
2025-09-29T15:00:00+03:00,3828.92,3830.625,3811.75,3813.795,,,,
2025-09-29T16:00:00+03:00,3813.84,3828.19,3809.425,3821.46,,,,
2025-09-29T17:00:00+03:00,3821.365,3830.695,3816.63,3828.275,,,,
2025-09-29T18:00:00+03:00,3828.345,3833.315,3820.96,3830.49,,,,
2025-09-29T19:00:00+03:00,3830.485,3833.655,3828.19,3830.45,,,,
2025-09-29T20:00:00+03:00,3830.465,3832.98,3824.19,3828.915,,,,
2025-09-29T21:00:00+03:00,3828.985,3830.765,3823.31,3824.51,,,,
2025-09-29T22:00:00+03:00,3824.485,3829.78,3822.6,3828.88,,,,
2025-09-29T23:00:00+03:00,3828.855,3834.3,3827.795,3833.88,,,,
2025-09-30T01:00:00+03:00,3832.57,3832.645,3825.78,3830.805,,,,
2025-09-30T02:00:00+03:00,3830.7,3833.49,3828.13,3832.905,,,,
2025-09-30T03:00:00+03:00,3832.965,3840.905,3831.08,3839.155,,,,
2025-09-30T04:00:00+03:00,3839.03,3851.06,3838.11,3848.275,,,,
2025-09-30T05:00:00+03:00,3848.26,3852.105,3842.72,3848.2,,,,
2025-09-30T06:00:00+03:00,3848.205,3867.405,3846.02,3864.94,,,,
2025-09-30T07:00:00+03:00,3864.88,3867.21,3862.105,3867.175,,,,
2025-09-30T08:00:00+03:00,3867.17,3870.54,3862.52,3869.82,,,,
2025-09-30T09:00:00+03:00,3869.855,3871.89,3854.81,3855.74,3871.89,,,
2025-09-30T10:00:00+03:00,3855.755,3859.415,3839.545,3843.92,,,,
2025-09-30T11:00:00+03:00,3843.805,3847.32,3807.61,3816.37,,,,
2025-09-30T12:00:00+03:00,3816.29,3821.635,3793.175,3798.815,,,3793.175,
2025-09-30T13:00:00+03:00,3798.82,3814.735,3798.305,3812.295,,,,
2025-09-30T14:00:00+03:00,3812.24,3817.87,3804.625,3815.39,,,,
2025-09-30T15:00:00+03:00,3815.38,3821.805,3808.945,3819.475,,,,
2025-09-30T16:00:00+03:00,3819.495,3829.975,3811.735,3823.725,,,,
2025-09-30T17:00:00+03:00,3823.61,3854.7,3820.385,3854.08,,,,
2025-09-30T18:00:00+03:00,3854.06,3854.175,3831.365,3838.91,,,,
2025-09-30T19:00:00+03:00,3838.9,3848.025,3837.88,3846.025,,,,
2025-09-30T20:00:00+03:00,3846.045,3849.38,3842.845,3844.085,,,,
2025-09-30T21:00:00+03:00,3844.13,3849.045,3839.655,3848.045,,,,
2025-09-30T22:00:00+03:00,3848.03,3860.79,3847.145,3859.08,,,,
2025-09-30T23:00:00+03:00,3859.065,3860.145,3850.66,3858.45,,,,
2025-10-01T01:00:00+03:00,3860.08,3861.53,3854.775,3860.015,,,,
2025-10-01T02:00:00+03:00,3860.085,3863.185,3860.085,3863.03,,,,
2025-10-01T03:00:00+03:00,3863.05,3865.375,3858.76,3860.535,,,,
2025-10-01T04:00:00+03:00,3860.47,3869.09,3859.14,3869.065,,,,
2025-10-01T05:00:00+03:00,3869.085,3875.56,3858.37,3863.595,,,,
2025-10-01T06:00:00+03:00,3863.585,3866.65,3855.705,3862.16,,,,
2025-10-01T07:00:00+03:00,3862.125,3865.13,3857.66,3864.99,,,,
2025-10-01T08:00:00+03:00,3864.98,3869.865,3862.28,3863.605,,,,
2025-10-01T09:00:00+03:00,3863.6,3864.88,3853.38,3859.31,,,3853.38,
2025-10-01T10:00:00+03:00,3859.265,3879.86,3859.105,3879.35,,,,
2025-10-01T11:00:00+03:00,3879.35,3895.5,3879.23,3892.95,3895.5,,,
2025-10-01T12:00:00+03:00,3892.94,3895.155,3883.715,3888.94,,,,
2025-10-01T13:00:00+03:00,3888.945,3889.645,3885.21,3887.735,,,,
2025-10-01T14:00:00+03:00,3887.715,3888.585,3878.06,3883.78,,,,
2025-10-01T15:00:00+03:00,3883.915,3891.13,3864.65,3870.575,,,,
2025-10-01T16:00:00+03:00,3870.585,3877.145,3863.72,3873.055,,,,
2025-10-01T17:00:00+03:00,3872.995,3878.88,3856.335,3873.1,,,,
2025-10-01T18:00:00+03:00,3873.07,3876.865,3858.045,3868.625,,,,
2025-10-01T19:00:00+03:00,3868.645,3871.595,3860.645,3870.955,,,,
2025-10-01T20:00:00+03:00,3870.95,3871.91,3860.645,3860.85,,,,
2025-10-01T21:00:00+03:00,3860.875,3866.34,3855.155,3862.185,,,3855.155,
2025-10-01T22:00:00+03:00,3862.24,3871.1,3861.455,3867.75,,,,
2025-10-01T23:00:00+03:00,3867.745,3867.805,3860.43,3865.53,,,,
2025-10-02T01:00:00+03:00,3864.41,3865.78,3858.855,3862.225,,,,
2025-10-02T02:00:00+03:00,3862.23,3866.7,3857.755,3863.49,,,,
2025-10-02T03:00:00+03:00,3863.495,3863.685,3856.075,3856.09,,,,
2025-10-02T04:00:00+03:00,3856.055,3865.29,3852.835,3865.175,,,,3852.835
2025-10-02T05:00:00+03:00,3865.22,3870.06,3861.54,3866.17,,,,
2025-10-02T06:00:00+03:00,3866.09,3869.565,3864.065,3866.635,,,,
2025-10-02T07:00:00+03:00,3866.64,3867.725,3861.75,3864.3,,,,
2025-10-02T08:00:00+03:00,3864.34,3871.255,3864.34,3868.06,,,,
2025-10-02T09:00:00+03:00,3868.05,3874.37,3861.98,3864.155,,,,
2025-10-02T10:00:00+03:00,3864.145,3874.985,3861.7,3868.555,,,,
2025-10-02T11:00:00+03:00,3868.53,3878.86,3864.765,3874.66,,,,
2025-10-02T12:00:00+03:00,3874.625,3880.03,3873.465,3879.21,,,,
2025-10-02T13:00:00+03:00,3879.22,3883.95,3875.865,3881.745,,,,
2025-10-02T14:00:00+03:00,3881.75,3886.76,3879.73,3886.39,,,,
2025-10-02T15:00:00+03:00,3886.41,3892.185,3880.105,3884.515,,,,
2025-10-02T16:00:00+03:00,3884.525,3897.13,3873.725,3875.29,3897.13,,,
2025-10-02T17:00:00+03:00,3875.285,3877.05,3825.4,3839.98,,,,
2025-10-02T18:00:00+03:00,3840.04,3844.96,3819.425,3828.31,,,,3819.425
2025-10-02T19:00:00+03:00,3828.295,3845.5,3827.18,3845.035,,,,
2025-10-02T20:00:00+03:00,3845.06,3847.735,3840.61,3844.385,,,,
2025-10-02T21:00:00+03:00,3844.395,3851.625,3843.555,3850.92,,,,
2025-10-02T22:00:00+03:00,3850.96,3859.27,3850.625,3855.575,,,,
2025-10-02T23:00:00+03:00,3855.57,3859.395,3853.595,3856.56,,,,
2025-10-03T01:00:00+03:00,3857.14,3858.47,3852.07,3857.13,,,,
2025-10-03T02:00:00+03:00,3857.085,3863.715,3856.74,3862.415,,3863.715,,
2025-10-03T03:00:00+03:00,3862.27,3862.855,3856.395,3856.88,,,,
2025-10-03T04:00:00+03:00,3856.82,3862.825,3847.5,3858.55,,,,
2025-10-03T05:00:00+03:00,3858.505,3859.1,3847.65,3848.105,,,,
2025-10-03T06:00:00+03:00,3848.1,3851.12,3838.07,3842.915,,,3838.07,
2025-10-03T07:00:00+03:00,3842.825,3848.43,3841.7,3844.1,,,,
2025-10-03T08:00:00+03:00,3844.24,3859.285,3844.035,3855.23,,,,
2025-10-03T09:00:00+03:00,3855.135,3861.11,3851.05,3859.26,,,,
2025-10-03T10:00:00+03:00,3859.29,3865.38,3856.95,3864.45,,,,
2025-10-03T11:00:00+03:00,3864.455,3865.805,3860.095,3865.01,,,,
2025-10-03T12:00:00+03:00,3865,3865.105,3857.04,3864.405,,,,
2025-10-03T13:00:00+03:00,3864.41,3867.78,3862.08,3865.92,,,,
2025-10-03T14:00:00+03:00,3865.915,3867.235,3854.66,3862.145,,,,
2025-10-03T15:00:00+03:00,3862.185,3875.135,3860.605,3873.95,,,,
2025-10-03T16:00:00+03:00,3873.965,3890.805,3870.245,3882.885,,,,
2025-10-03T17:00:00+03:00,3882.705,3886.3,3866.425,3879.835,,,,
2025-10-03T18:00:00+03:00,3879.86,3891.76,3873.85,3889.565,3891.76,,,
2025-10-03T19:00:00+03:00,3889.57,3889.845,3880.62,3883.74,,,,
2025-10-03T20:00:00+03:00,3883.795,3886.085,3876.985,3881.905,,,,
2025-10-03T21:00:00+03:00,3881.95,3889.265,3880.185,3886.125,,,,
2025-10-03T22:00:00+03:00,3886.12,3889.295,3883.495,3885.825,,,,
2025-10-03T23:00:00+03:00,3885.79,3887.315,3882.94,3886.455,,,,
2025-10-06T01:00:00+03:00,3891.335,3904.44,3884.115,3899.42,,,,
2025-10-06T02:00:00+03:00,3899.405,3920.975,3897.95,3909.73,,,,
2025-10-06T03:00:00+03:00,3909.76,3910.215,3899.03,3900.39,,,,
2025-10-06T04:00:00+03:00,3900.445,3918.47,3899.8,3918.18,,,,
2025-10-06T05:00:00+03:00,3918.2,3924.905,3917.715,3921.05,,,,
2025-10-06T06:00:00+03:00,3921.02,3932.15,3920.05,3929.63,,,,
2025-10-06T07:00:00+03:00,3929.68,3940.55,3928.875,3938.89,,,,
2025-10-06T08:00:00+03:00,3938.83,3945.33,3927.44,3932.565,,,,
2025-10-06T09:00:00+03:00,3932.575,3934.98,3922.5,3934.44,,,,
2025-10-06T10:00:00+03:00,3934.455,3944.065,3929.305,3941.79,,,,
2025-10-06T11:00:00+03:00,3941.8,3949.67,3935.39,3942.61,3949.67,,,
2025-10-06T12:00:00+03:00,3942.65,3945.065,3936.67,3942.495,,,,
2025-10-06T13:00:00+03:00,3942.525,3946.76,3932.52,3942.235,,,,
2025-10-06T14:00:00+03:00,3942.225,3942.81,3931.03,3938.265,,,,
2025-10-06T15:00:00+03:00,3938.22,3941.43,3926.465,3934.385,,,3926.465,
2025-10-06T16:00:00+03:00,3934.375,3947.26,3927.21,3944.74,,,,
2025-10-06T17:00:00+03:00,3944.75,3958.895,3940.39,3955.18,,,,
2025-10-06T18:00:00+03:00,3955.07,3964.17,3948.195,3962.66,,,,
2025-10-06T19:00:00+03:00,3962.655,3970.2,3945.88,3954.175,,,,
2025-10-06T20:00:00+03:00,3954.27,3959.05,3951.145,3958.03,,,,
2025-10-06T21:00:00+03:00,3958.115,3960.665,3955.895,3958.585,,,,
2025-10-06T22:00:00+03:00,3958.55,3965.155,3958.36,3959.585,,,,
2025-10-06T23:00:00+03:00,3959.515,3962.4,3957.34,3960.69,,,,
2025-10-07T01:00:00+03:00,3960.62,3976.155,3958.86,3963.625,,,,
2025-10-07T02:00:00+03:00,3963.545,3972.79,3961.88,3969.61,,,,
2025-10-07T03:00:00+03:00,3969.625,3977.4,3961.435,3962.81,3977.4,,,
2025-10-07T04:00:00+03:00,3962.805,3963.845,3955.87,3958.115,,,,
2025-10-07T05:00:00+03:00,3958.085,3967.105,3957.385,3964.905,,,,
2025-10-07T06:00:00+03:00,3964.83,3974.755,3960.955,3973.55,,,,
2025-10-07T07:00:00+03:00,3973.525,3977.045,3971.515,3976.05,,,,
2025-10-07T08:00:00+03:00,3975.89,3977.015,3960.115,3964.725,,,,
2025-10-07T09:00:00+03:00,3964.76,3966.455,3953.795,3955.045,,,,
2025-10-07T10:00:00+03:00,3955.075,3956.355,3943.315,3945.86,,,,
2025-10-07T11:00:00+03:00,3945.765,3954.07,3941.055,3951.325,,,3941.055,
2025-10-07T12:00:00+03:00,3951.32,3963.675,3951.135,3955.32,,,,
2025-10-07T13:00:00+03:00,3955.31,3962.82,3954.2,3960.175,,,,
2025-10-07T14:00:00+03:00,3960.22,3969.325,3956.455,3967.045,,,,
2025-10-07T15:00:00+03:00,3966.995,3980.095,3964.48,3979.5,,,,
2025-10-07T16:00:00+03:00,3979.38,3985.65,3970.415,3979.33,,,,
2025-10-07T17:00:00+03:00,3979.295,3986.8,3968.775,3985.74,,,,
2025-10-07T18:00:00+03:00,3985.83,3991.135,3961.75,3966.165,3991.135,,,
2025-10-07T19:00:00+03:00,3966.195,3979.59,3963.105,3976.825,,,,
2025-10-07T20:00:00+03:00,3976.845,3987.855,3976.485,3980.815,,,,
2025-10-07T21:00:00+03:00,3980.83,3984.01,3974.155,3981.01,,,,
2025-10-07T22:00:00+03:00,3981.1,3983.545,3978.515,3980.195,,,,
2025-10-07T23:00:00+03:00,3980.17,3986.725,3980.165,3984.33,,,,
2025-10-08T01:00:00+03:00,3986.275,3990.76,3985.015,3989.6,,,,
2025-10-08T02:00:00+03:00,3989.59,3996.2,3988.42,3994.44,,,,
2025-10-08T03:00:00+03:00,3994.425,3999.445,3989.395,3992.325,,,,
2025-10-08T04:00:00+03:00,3992.305,4001.045,3984.32,4000.785,,,,
2025-10-08T05:00:00+03:00,4000.76,4011.88,3995.67,4011.84,,,,
2025-10-08T06:00:00+03:00,4011.825,4016.725,4008.87,4014.66,,,,
2025-10-08T07:00:00+03:00,4014.655,4027.355,4014.595,4026.9,,,,
2025-10-08T08:00:00+03:00,4026.81,4037.16,4024.755,4029.125,,,,
2025-10-08T09:00:00+03:00,4029.145,4033.245,4021.33,4031.745,,,,
2025-10-08T10:00:00+03:00,4031.775,4039.285,4030.27,4034.27,,,,
2025-10-08T11:00:00+03:00,4034.345,4040.595,4033.18,4036.455,,,,
2025-10-08T12:00:00+03:00,4036.46,4049.7,4030.77,4049.365,4049.7,,,
2025-10-08T13:00:00+03:00,4049.35,4049.62,4033.47,4037.23,,,,
2025-10-08T14:00:00+03:00,4037.295,4038.29,4032.145,4038.195,,,,
2025-10-08T15:00:00+03:00,4038.185,4046.51,4030.99,4040.25,,,,
2025-10-08T16:00:00+03:00,4040.2,4049.695,4026.175,4038.025,,,4026.175,
2025-10-08T17:00:00+03:00,4038.04,4049.285,4035.705,4048.225,,,,
2025-10-08T18:00:00+03:00,4048.275,4050.69,4037.2,4045.75,,,,
2025-10-08T19:00:00+03:00,4045.745,4059.35,4044.425,4056.7,4059.35,,,
2025-10-08T20:00:00+03:00,4056.695,4058.1,4042.96,4051.325,,,,
2025-10-08T21:00:00+03:00,4051.32,4053.23,4038.6,4050.08,,,,
2025-10-08T22:00:00+03:00,4050.095,4054.6,4032.13,4044.805,,,,
2025-10-08T23:00:00+03:00,4044.825,4046.625,4038.55,4041.9,,,,
2025-10-09T01:00:00+03:00,4036.775,4037.1,4015.465,4021.51,,,,
2025-10-09T02:00:00+03:00,4021.515,4022.16,4001.33,4011.78,,,,4001.33
2025-10-09T03:00:00+03:00,4011.785,4028.205,4008.57,4023.095,,,,
2025-10-09T04:00:00+03:00,4023.11,4036.54,4008.235,4019.675,,,,
2025-10-09T05:00:00+03:00,4019.73,4021.545,4002.725,4018.765,,,,
2025-10-09T06:00:00+03:00,4018.74,4029.77,4017.13,4026.93,,,,
2025-10-09T07:00:00+03:00,4026.94,4041.265,4026.94,4038.98,,,,
2025-10-09T08:00:00+03:00,4038.945,4043.7,4034.375,4039.805,,,,
2025-10-09T09:00:00+03:00,4039.87,4041.025,4022.67,4025.985,,,,
2025-10-09T10:00:00+03:00,4025.95,4032.83,4024.745,4031.7,,,,
2025-10-09T11:00:00+03:00,4031.69,4040.49,4030.31,4038.22,,,,
2025-10-09T12:00:00+03:00,4038.3,4042.255,4034.14,4037.61,,,,
2025-10-09T13:00:00+03:00,4037.65,4044.26,4036.495,4044.2,,,,
2025-10-09T14:00:00+03:00,4044.245,4046.71,4033.63,4044.43,,,,
2025-10-09T15:00:00+03:00,4044.465,4053.72,4037.535,4053.5,,,,
2025-10-09T16:00:00+03:00,4053.575,4058.11,4016.91,4017.315,,4058.11,,
2025-10-09T17:00:00+03:00,4017.3,4029.29,4004.13,4024.1,,,,
2025-10-09T18:00:00+03:00,4024,4028.865,4006.545,4014.475,,,,
2025-10-09T19:00:00+03:00,4014.42,4021.695,3963.905,3969.025,,,,
2025-10-09T20:00:00+03:00,3969.08,3974.635,3944.435,3950.375,,,,3944.435
2025-10-09T21:00:00+03:00,3950.33,3968.94,3949.57,3957.475,,,,
2025-10-09T22:00:00+03:00,3957.45,3982.175,3955.375,3973.46,,,,
2025-10-09T23:00:00+03:00,3973.34,3979.23,3973.045,3976.24,,,,
2025-10-10T01:00:00+03:00,3977.265,3980.7,3958.855,3975.31,,,,
2025-10-10T02:00:00+03:00,3975.345,3991.28,3974.565,3989.805,,,,
2025-10-10T03:00:00+03:00,3989.785,3994.52,3985.53,3991.3,,3994.52,,
2025-10-10T04:00:00+03:00,3991.27,3992.48,3969.885,3973.275,,,,
2025-10-10T05:00:00+03:00,3973.27,3986.91,3973.27,3978.63,,,,
2025-10-10T06:00:00+03:00,3978.615,3979.385,3960.695,3961.88,,,,
2025-10-10T07:00:00+03:00,3961.895,3966.905,3947.02,3966.29,,,3947.02,
2025-10-10T08:00:00+03:00,3966.285,3977.775,3965.835,3974.85,,,,
2025-10-10T09:00:00+03:00,3974.845,3976.065,3962.64,3968.495,,,,
2025-10-10T10:00:00+03:00,3968.54,3976.41,3952.855,3972.04,,,,
2025-10-10T11:00:00+03:00,3972.025,3995.005,3970.28,3991.98,,,,
2025-10-10T12:00:00+03:00,3992.005,4006.735,3990.41,3995.87,4006.735,,,
2025-10-10T13:00:00+03:00,3995.64,4000.32,3990.85,3993.925,,,,
2025-10-10T14:00:00+03:00,3993.955,3999.91,3983.44,3987.135,,,,
2025-10-10T15:00:00+03:00,3987.21,3993.635,3980.12,3985.805,,,,
2025-10-10T16:00:00+03:00,3985.765,3998.145,3975.63,3981.02,,,,
2025-10-10T17:00:00+03:00,3981.03,3994.315,3970.855,3990.285,,,3970.855,
2025-10-10T18:00:00+03:00,3990.275,4023,3988.135,3997.805,4023,,,
2025-10-10T19:00:00+03:00,3997.695,3998.725,3977.35,3983.545,,,,
2025-10-10T20:00:00+03:00,3983.595,3992.325,3975.235,3990.185,,,,
2025-10-10T21:00:00+03:00,3990.24,4009.215,3984.41,3999.195,,,,
2025-10-10T22:00:00+03:00,3999.125,4021.51,3995.835,4011.365,,,,
2025-10-10T23:00:00+03:00,4011.435,4020.335,4006.015,4016.68,,,,
2025-10-13T01:00:00+03:00,4017.625,4045.68,3998.15,4042.47,,,,
2025-10-13T02:00:00+03:00,4042.485,4060.545,4032.235,4035.19,4060.545,,,
2025-10-13T03:00:00+03:00,4035.205,4060.02,4024.39,4043.97,,,,
2025-10-13T04:00:00+03:00,4044.145,4055.17,4035.99,4053.265,,,,
2025-10-13T05:00:00+03:00,4053.25,4056.065,4041.58,4048.34,,,,
2025-10-13T06:00:00+03:00,4048.365,4056.62,4046.565,4052,,,,
2025-10-13T07:00:00+03:00,4051.98,4059.485,4051.09,4056.255,,,,
2025-10-13T08:00:00+03:00,4056.225,4078.235,4054.81,4063.765,,,,
2025-10-13T09:00:00+03:00,4063.745,4073.865,4059.47,4069.41,,,,
2025-10-13T10:00:00+03:00,4069.45,4077.63,4066.685,4071.225,,,,
2025-10-13T11:00:00+03:00,4071.21,4079.25,4068.925,4077.87,,,,
2025-10-13T12:00:00+03:00,4077.895,4079.92,4070.215,4077.42,,,,
2025-10-13T13:00:00+03:00,4077.41,4085.445,4071.185,4081,,,,
2025-10-13T14:00:00+03:00,4080.98,4084.83,4073.715,4074.03,,,,
2025-10-13T15:00:00+03:00,4074.135,4086.215,4073.315,4079.76,,,,
2025-10-13T16:00:00+03:00,4079.795,4095.675,4078.485,4094.25,,,,
2025-10-13T17:00:00+03:00,4094.21,4104.02,4090.795,4097.4,,,,
2025-10-13T18:00:00+03:00,4097.305,4107.585,4091.695,4105.045,,,,
2025-10-13T19:00:00+03:00,4105.06,4117.42,4103.78,4105.715,4117.42,,,
2025-10-13T20:00:00+03:00,4105.8,4115.61,4100.065,4103.64,,,,
2025-10-13T21:00:00+03:00,4103.585,4107.53,4099.285,4101.945,,,,
2025-10-13T22:00:00+03:00,4101.94,4111.05,4090.935,4108.66,,,,
2025-10-13T23:00:00+03:00,4108.695,4112.615,4106.065,4110.335,,,,
2025-10-14T01:00:00+03:00,4112.47,4115.875,4106.68,4115.055,,,,
2025-10-14T02:00:00+03:00,4115.015,4132.025,4112.99,4127.8,,,,
2025-10-14T03:00:00+03:00,4127.835,4130.375,4119.42,4124.62,,,,
2025-10-14T04:00:00+03:00,4124.54,4150.065,4123.335,4137.05,,,,
2025-10-14T05:00:00+03:00,4137.1,4149.985,4136.8,4146.01,,,,
2025-10-14T06:00:00+03:00,4146.005,4166.53,4145.21,4163.18,,,,
2025-10-14T07:00:00+03:00,4163.18,4170.03,4155.99,4168.16,,,,
2025-10-14T08:00:00+03:00,4168.08,4179.935,4110.63,4121.36,4179.935,,,
2025-10-14T09:00:00+03:00,4121.345,4134.27,4090.145,4112.375,,,4090.145,
2025-10-14T10:00:00+03:00,4112.38,4128.135,4102.73,4126.575,,,,
2025-10-14T11:00:00+03:00,4126.57,4145.07,4124.72,4143.95,,,,
2025-10-14T12:00:00+03:00,4143.9,4144.275,4121.67,4127.4,,,,
2025-10-14T13:00:00+03:00,4127.34,4144.615,4124.72,4131.5,,,,
2025-10-14T14:00:00+03:00,4131.55,4138.065,4125.925,4130.415,,,,
2025-10-14T15:00:00+03:00,4130.505,4134.605,4103.28,4106.47,,,,
2025-10-14T16:00:00+03:00,4106.465,4129.46,4097.74,4124.105,,,4097.74,
2025-10-14T17:00:00+03:00,4123.855,4137.845,4121.26,4129.46,,,,
2025-10-14T18:00:00+03:00,4129.47,4142.71,4126.42,4138.075,,,,
2025-10-14T19:00:00+03:00,4138.095,4155.495,4127.765,4140.39,,,,
2025-10-14T20:00:00+03:00,4140.36,4152.955,4137.33,4148.15,,,,
2025-10-14T21:00:00+03:00,4148.145,4152.73,4143.275,4148.285,,,,
2025-10-14T22:00:00+03:00,4148.245,4150.585,4134.695,4141.92,,,,
2025-10-14T23:00:00+03:00,4141.94,4146.15,4139.465,4142.625,,,,
2025-10-15T01:00:00+03:00,4140.755,4163.595,4140.735,4158.33,,,,
2025-10-15T02:00:00+03:00,4158.47,4167.375,4157.15,4161.56,,,,
2025-10-15T03:00:00+03:00,4161.505,4169.82,4153.8,4162.53,,,,
2025-10-15T04:00:00+03:00,4162.505,4186.9,4162.075,4181.855,,,,
2025-10-15T05:00:00+03:00,4181.86,4184.865,4167.02,4176.705,,,,
2025-10-15T06:00:00+03:00,4176.715,4190.95,4176.36,4187.19,,,,
2025-10-15T07:00:00+03:00,4187.205,4187.615,4173.19,4179.805,,,,
2025-10-15T08:00:00+03:00,4179.76,4193.645,4176.795,4185.805,,,,
2025-10-15T09:00:00+03:00,4185.75,4200.46,4184.26,4199.41,,,,
2025-10-15T10:00:00+03:00,4199.39,4209.905,4194.45,4207.96,,,,
2025-10-15T11:00:00+03:00,4208.015,4218.405,4207.35,4208.075,4218.405,,,
2025-10-15T12:00:00+03:00,4208.1,4212.355,4164.24,4192.48,,,4164.24,
2025-10-15T13:00:00+03:00,4192.355,4206.23,4190.31,4202.96,,,,
2025-10-15T14:00:00+03:00,4202.915,4204.255,4193.485,4198.74,,,,
2025-10-15T15:00:00+03:00,4198.745,4202.87,4176.295,4190.835,,,,
2025-10-15T16:00:00+03:00,4190.865,4198.99,4183.05,4192.145,,,,
2025-10-15T17:00:00+03:00,4192.135,4212.615,4191.73,4200.245,,,,
2025-10-15T18:00:00+03:00,4200.225,4203.19,4179.47,4190.635,,,,
2025-10-15T19:00:00+03:00,4190.67,4200.075,4186.4,4199.155,,,,
2025-10-15T20:00:00+03:00,4199.18,4199.86,4182.71,4197.88,,,,
2025-10-15T21:00:00+03:00,4197.9,4204.625,4195.105,4200.84,,,,
2025-10-15T22:00:00+03:00,4200.835,4213.54,4200.56,4210.35,,,,
2025-10-15T23:00:00+03:00,4210.36,4212.77,4206.075,4207.77,,,,
2025-10-16T01:00:00+03:00,4212.565,4216.06,4199.965,4213.05,,,,
2025-10-16T02:00:00+03:00,4213.07,4215.99,4206.35,4209.45,,,,
2025-10-16T03:00:00+03:00,4209.455,4227.4,4204.84,4210.55,,,,
2025-10-16T04:00:00+03:00,4210.535,4233.21,4210.5,4230.3,,,,
2025-10-16T05:00:00+03:00,4230.36,4239.735,4226.17,4239.73,,,,
2025-10-16T06:00:00+03:00,4239.725,4242.38,4229.07,4233.86,4242.38,,,
2025-10-16T07:00:00+03:00,4233.855,4239.64,4228.2,4233.53,,,,
2025-10-16T08:00:00+03:00,4233.515,4234.925,4203.55,4204.895,,,4203.55,
2025-10-16T09:00:00+03:00,4204.905,4227.48,4203.61,4222.945,,,,
2025-10-16T10:00:00+03:00,4222.94,4234.315,4222.31,4230.78,,,,
2025-10-16T11:00:00+03:00,4230.835,4236.21,4228.535,4233.11,,,,
2025-10-16T12:00:00+03:00,4233.125,4242.055,4221.98,4239.54,,,,
2025-10-16T13:00:00+03:00,4239.525,4246.23,4234.155,4242.71,,,,
2025-10-16T14:00:00+03:00,4242.72,4247.7,4239.555,4240.605,,,,
2025-10-16T15:00:00+03:00,4240.625,4251.345,4227.675,4236.235,,,,
2025-10-16T16:00:00+03:00,4236.25,4258.775,4235.04,4245.975,,,,
2025-10-16T17:00:00+03:00,4245.95,4267.575,4245.6,4263.335,,,,
2025-10-16T18:00:00+03:00,4263.375,4276.09,4260.76,4273.69,,,,
2025-10-16T19:00:00+03:00,4273.71,4292.195,4261.5,4282.81,,,,
2025-10-16T20:00:00+03:00,4282.825,4298.72,4279.845,4293.84,,,,
2025-10-16T21:00:00+03:00,4293.885,4294.85,4273.3,4290.845,,,,
2025-10-16T22:00:00+03:00,4290.835,4312.875,4287.635,4307.495,,,,
2025-10-16T23:00:00+03:00,4307.535,4330.9,4307.535,4326.065,,,,
2025-10-17T01:00:00+03:00,4338.03,4380.99,4333.165,4346.955,4380.99,,,
2025-10-17T02:00:00+03:00,4346.965,4379.51,4341.48,4365.815,,,,
2025-10-17T03:00:00+03:00,4365.805,4371.76,4353.685,4358.145,,,,
2025-10-17T04:00:00+03:00,4358.17,4362.345,4278.68,4314.345,,,4278.68,
2025-10-17T05:00:00+03:00,4314.175,4348.515,4312.295,4342.81,,,,
2025-10-17T06:00:00+03:00,4342.81,4367.01,4339.055,4366.995,,,,
2025-10-17T07:00:00+03:00,4366.995,4377.535,4354.815,4376.62,,,,
2025-10-17T08:00:00+03:00,4376.585,4378.765,4342.18,4366.17,,4378.765,,
2025-10-17T09:00:00+03:00,4366.235,4369.81,4346.81,4360.365,,,,
2025-10-17T10:00:00+03:00,4360.195,4362.065,4306.255,4342.685,,,,
2025-10-17T11:00:00+03:00,4342.525,4349.975,4321.16,4347.53,,,,
2025-10-17T12:00:00+03:00,4347.555,4348.47,4332.46,4340.42,,,,
2025-10-17T13:00:00+03:00,4340.4,4342.285,4319.505,4327.905,,,,
2025-10-17T14:00:00+03:00,4327.885,4335.96,4286.745,4287.19,,,,
2025-10-17T15:00:00+03:00,4287.48,4320.25,4283.665,4314.73,,,,
2025-10-17T16:00:00+03:00,4314.8,4317.79,4258.335,4274.08,,,,
2025-10-17T17:00:00+03:00,4274.13,4274.74,4215.775,4248.98,,,,
2025-10-17T18:00:00+03:00,4248.95,4259.455,4231.065,4237.63,,,,
2025-10-17T19:00:00+03:00,4237.635,4245.19,4200.53,4205.12,,,,
2025-10-17T20:00:00+03:00,4205.24,4228.69,4185.91,4221.01,,,,4185.91
2025-10-17T21:00:00+03:00,4221.07,4244.955,4218.05,4235.77,,,,
2025-10-17T22:00:00+03:00,4235.82,4238.225,4212.54,4226.23,,,,
2025-10-17T23:00:00+03:00,4226.18,4255.31,4220.37,4253.975,,,,
2025-10-20T01:00:00+03:00,4267.075,4268.27,4245.345,4256.06,,,,
2025-10-20T02:00:00+03:00,4255.99,4256.455,4233.465,4238.115,,,,
2025-10-20T03:00:00+03:00,4238.11,4250.95,4219.115,4249.425,,,,
2025-10-20T04:00:00+03:00,4249.36,4269.12,4229.325,4262.445,,,,
2025-10-20T05:00:00+03:00,4262.5,4271.285,4253.33,4255.61,,4271.285,,
2025-10-20T06:00:00+03:00,4255.615,4265.295,4248.775,4264.72,,,,
2025-10-20T07:00:00+03:00,4264.69,4268.285,4260.375,4266.15,,,,
2025-10-20T08:00:00+03:00,4266.37,4266.815,4239.675,4240.1,,,,
2025-10-20T09:00:00+03:00,4240.21,4245.795,4221.205,4236.295,,,4221.205,
2025-10-20T10:00:00+03:00,4236.265,4260.81,4234.65,4255.145,,,,
2025-10-20T11:00:00+03:00,4255.135,4266.12,4252.4,4258.7,,,,
2025-10-20T12:00:00+03:00,4258.71,4263.675,4250.445,4260.775,,,,
2025-10-20T13:00:00+03:00,4260.765,4260.965,4245.77,4254.68,,,,
2025-10-20T14:00:00+03:00,4254.665,4279.645,4251.04,4279.075,,,,
2025-10-20T15:00:00+03:00,4279.06,4327.445,4272.8,4323.54,,,,
2025-10-20T16:00:00+03:00,4323.55,4325.36,4299.595,4300.96,,,,
2025-10-20T17:00:00+03:00,4300.965,4334.71,4292.85,4332.285,,,,
2025-10-20T18:00:00+03:00,4332.3,4355.65,4332.28,4349.12,,,,
2025-10-20T19:00:00+03:00,4349.115,4350.85,4342.735,4347.75,,,,
2025-10-20T20:00:00+03:00,4347.74,4351.255,4337.195,4348.085,,,,
2025-10-20T21:00:00+03:00,4348.115,4364.8,4344.53,4359.375,,,,
2025-10-20T22:00:00+03:00,4359.365,4381.44,4359.2,4377.905,4381.44,,,
2025-10-20T23:00:00+03:00,4377.84,4379.95,4346.23,4355.795,,,,
2025-10-21T01:00:00+03:00,4366.33,4375.625,4357.51,4367.69,,,,
2025-10-21T02:00:00+03:00,4367.655,4371.875,4356.83,4360.195,,,,
2025-10-21T03:00:00+03:00,4360.19,4371.19,4356.25,4368.645,,,,
2025-10-21T04:00:00+03:00,4368.61,4372.445,4333.095,4350.965,,,,
2025-10-21T05:00:00+03:00,4350.98,4355.465,4335.54,4339.145,,,,
2025-10-21T06:00:00+03:00,4339.045,4350.865,4338.2,4346.73,,,,
2025-10-21T07:00:00+03:00,4346.725,4347.255,4336.985,4342.005,,,,
2025-10-21T08:00:00+03:00,4341.81,4344.31,4317.455,4323.175,,,,
2025-10-21T09:00:00+03:00,4323.105,4344.185,4317.395,4343.215,,,,
2025-10-21T10:00:00+03:00,4343.25,4343.27,4293.46,4298.52,,,,
2025-10-21T11:00:00+03:00,4298.51,4302.02,4245.245,4274.15,,,,
2025-10-21T12:00:00+03:00,4274.145,4278.095,4254.84,4265.17,,,,
2025-10-21T13:00:00+03:00,4265.16,4266.77,4249.6,4253.745,,,,
2025-10-21T14:00:00+03:00,4253.74,4272.67,4245.56,4253.435,,,,
2025-10-21T15:00:00+03:00,4253.45,4257.85,4205.87,4211.095,,,,
2025-10-21T16:00:00+03:00,4211.33,4225.485,4167.66,4173.76,,,,
2025-10-21T17:00:00+03:00,4173.84,4188.665,4080.58,4138.935,,,,4080.58
2025-10-21T18:00:00+03:00,4139.03,4150.68,4119.89,4138.77,,,,
2025-10-21T19:00:00+03:00,4138.81,4143.975,4101.79,4113.455,,,,
2025-10-21T20:00:00+03:00,4113.415,4120.575,4093.83,4111.25,,,,
2025-10-21T21:00:00+03:00,4111.265,4126.06,4106.58,4114.89,,,,
2025-10-21T22:00:00+03:00,4115.005,4122.32,4100.795,4109.42,,,,
2025-10-21T23:00:00+03:00,4109.43,4131.1,4106.37,4125.27,,,,
2025-10-22T01:00:00+03:00,4124.28,4129.215,4114.03,4123.54,,,,
2025-10-22T02:00:00+03:00,4123.5,4128.015,4090.005,4093.105,,,,
2025-10-22T03:00:00+03:00,4093.09,4093.895,4004.28,4075.135,,,,4004.28
2025-10-22T04:00:00+03:00,4075.145,4121.14,4064.545,4087.445,,,,
2025-10-22T05:00:00+03:00,4087.45,4117.95,4087.45,4115.295,,,,
2025-10-22T06:00:00+03:00,4115.275,4143.425,4107.34,4128.605,,,,
2025-10-22T07:00:00+03:00,4128.61,4133.585,4107.355,4128.375,,,,
2025-10-22T08:00:00+03:00,4128.47,4147.005,4126.73,4134.915,,,,
2025-10-22T09:00:00+03:00,4134.905,4161.535,4127.715,4155.785,,4161.535,,
2025-10-22T10:00:00+03:00,4155.75,4156.59,4129.505,4132.99,,,,
2025-10-22T11:00:00+03:00,4132.865,4135.94,4053.35,4070.68,,,,
2025-10-22T12:00:00+03:00,4070.595,4101.695,4061.605,4069.8,,,,
2025-10-22T13:00:00+03:00,4069.705,4090.755,4023.51,4035.405,,,,
2025-10-22T14:00:00+03:00,4035.4,4045.205,4015.125,4028.23,,,,
2025-10-22T15:00:00+03:00,4028.26,4053.42,4023.32,4033.87,,,,
2025-10-22T16:00:00+03:00,4034.005,4085.48,4033.37,4075.975,,,,
2025-10-22T17:00:00+03:00,4075.835,4078.745,4011.095,4014.955,,,4011.095,
2025-10-22T18:00:00+03:00,4015.085,4047.34,4014.955,4037.12,,,,
2025-10-22T19:00:00+03:00,4037.13,4064.12,4023.09,4059.27,,,,
2025-10-22T20:00:00+03:00,4059.08,4071.025,4044.02,4069.97,,,,
2025-10-22T21:00:00+03:00,4069.95,4081.73,4066.59,4077.03,,,,
2025-10-22T22:00:00+03:00,4077.035,4113.8,4076.64,4102.105,,4113.8,,
2025-10-22T23:00:00+03:00,4102.12,4107.21,4088.52,4099.4,,,,
2025-10-23T01:00:00+03:00,4110.085,4111.195,4092.59,4102.325,,,,
2025-10-23T02:00:00+03:00,4102.335,4104.89,4080.6,4087.64,,,,
2025-10-23T03:00:00+03:00,4087.645,4096.73,4065.9,4082.15,,,4065.9,
2025-10-23T04:00:00+03:00,4082.17,4093.095,4071.845,4073.165,,,,
2025-10-23T05:00:00+03:00,4073.185,4085.495,4071.96,4082.61,,,,
2025-10-23T06:00:00+03:00,4082.615,4101.035,4077.89,4091.4,,,,
2025-10-23T07:00:00+03:00,4091.405,4093.2,4079.895,4089.605,,,,
2025-10-23T08:00:00+03:00,4089.68,4110.63,4084.075,4110.55,,,,
2025-10-23T09:00:00+03:00,4110.56,4137.745,4110.48,4113.775,4137.745,,,
2025-10-23T10:00:00+03:00,4113.755,4121.24,4092.06,4094.205,,,,
2025-10-23T11:00:00+03:00,4094.23,4118.975,4094.23,4116.33,,,,
2025-10-23T12:00:00+03:00,4116.43,4125.43,4111.07,4124.635,,,,
2025-10-23T13:00:00+03:00,4124.66,4125.55,4101.84,4109.16,,,,
2025-10-23T14:00:00+03:00,4109.255,4121.115,4107.575,4109.66,,,,
2025-10-23T15:00:00+03:00,4109.57,4129.25,4100.14,4127.135,,,,
2025-10-23T16:00:00+03:00,4127.225,4150.99,4125.785,4145.12,,,,
2025-10-23T17:00:00+03:00,4145.01,4154.79,4136.14,4148.365,4154.79,,,
2025-10-23T18:00:00+03:00,4148.395,4151.965,4137.145,4141.945,,,,
2025-10-23T19:00:00+03:00,4141.95,4148.74,4125.75,4132.995,,,,
2025-10-23T20:00:00+03:00,4132.99,4139.28,4125.105,4137.81,,,,
2025-10-23T21:00:00+03:00,4137.805,4143.6,4133.155,4136.35,,,,
2025-10-23T22:00:00+03:00,4136.315,4138.31,4116.61,4118.45,,,,
2025-10-23T23:00:00+03:00,4118.55,4126.075,4107.535,4126.075,,,,
2025-10-24T01:00:00+03:00,4125.85,4128.8,4111.465,4116.275,,,,
2025-10-24T02:00:00+03:00,4116.345,4122.885,4106.035,4121.665,,,,
2025-10-24T03:00:00+03:00,4121.435,4133.895,4117.805,4132.87,,,,
2025-10-24T04:00:00+03:00,4132.9,4144.535,4112.035,4118.79,,4144.535,,
2025-10-24T05:00:00+03:00,4118.79,4119.24,4109.425,4109.71,,,,
2025-10-24T06:00:00+03:00,4109.67,4123.665,4107.58,4122.475,,,,
2025-10-24T07:00:00+03:00,4122.44,4123.405,4102.8,4111.555,,,,
2025-10-24T08:00:00+03:00,4111.92,4118.025,4102.825,4104.5,,,,
2025-10-24T09:00:00+03:00,4104.525,4104.81,4081.425,4092.3,,,,
2025-10-24T10:00:00+03:00,4092.29,4096.095,4069.78,4074.3,,,,
2025-10-24T11:00:00+03:00,4074.315,4077.895,4047.555,4065.515,,,,
2025-10-24T12:00:00+03:00,4065.5,4073.735,4054.285,4060.875,,,,
2025-10-24T13:00:00+03:00,4060.92,4070.855,4053.545,4054.865,,,,
2025-10-24T14:00:00+03:00,4054.875,4065.71,4043.515,4061.46,,,,4043.515
2025-10-24T15:00:00+03:00,4061.52,4094.18,4059.9,4082.265,,,,
2025-10-24T16:00:00+03:00,4082.36,4122.315,4078.975,4106.9,,,,
2025-10-24T17:00:00+03:00,4106.885,4135.32,4102.145,4117.63,,,,
2025-10-24T18:00:00+03:00,4117.615,4131.91,4113.27,4130.545,,,,
2025-10-24T19:00:00+03:00,4130.55,4138.67,4121.9,4129.495,,4138.67,,
2025-10-24T20:00:00+03:00,4129.535,4134.39,4105.805,4107.73,,,,
2025-10-24T21:00:00+03:00,4107.775,4113.73,4102.035,4110.43,,,,
2025-10-24T22:00:00+03:00,4110.48,4117.68,4102.37,4104.205,,,,
2025-10-24T23:00:00+03:00,4104.195,4114.605,4096.625,4114.125,,,,
2025-10-27T00:00:00+02:00,4085.7,4109,4071.925,4081.875,,,,
2025-10-27T01:00:00+02:00,4081.91,4088.785,4061.675,4064.665,,,,
2025-10-27T02:00:00+02:00,4064.66,4084.435,4058.205,4081.27,,,,
2025-10-27T03:00:00+02:00,4081.295,4097.87,4074.94,4082.065,,,,
2025-10-27T04:00:00+02:00,4082.075,4082.375,4070.345,4071.755,,,,
2025-10-27T05:00:00+02:00,4071.745,4081.875,4065.34,4069.745,,,,
2025-10-27T06:00:00+02:00,4069.715,4071.94,4053.71,4068.835,,,,
2025-10-27T07:00:00+02:00,4068.855,4084.68,4068.55,4079.87,,,,
2025-10-27T08:00:00+02:00,4079.865,4085.17,4074.055,4078.325,,,,
2025-10-27T09:00:00+02:00,4078.33,4079.87,4064.02,4068.945,,,,
2025-10-27T10:00:00+02:00,4068.93,4070.455,4024.34,4043.58,,,,
2025-10-27T11:00:00+02:00,4043.545,4050.41,4029.91,4039.96,,,,
2025-10-27T12:00:00+02:00,4039.77,4047.805,4028.895,4037.565,,,,
2025-10-27T13:00:00+02:00,4037.62,4041.545,4015.29,4024.16,,,,
2025-10-27T14:00:00+02:00,4024.155,4046.655,4022.555,4046.06,,,,
2025-10-27T15:00:00+02:00,4046.115,4050.61,4013.525,4022.23,,,,
2025-10-27T16:00:00+02:00,4022.23,4023.665,3983.09,3988.225,,,,
2025-10-27T17:00:00+02:00,3988.235,3993.72,3971.445,3989.965,,,,3971.445
2025-10-27T18:00:00+02:00,3989.98,4000.585,3984.25,3999.44,,,,
2025-10-27T19:00:00+02:00,3999.47,4009.075,3990.81,4006.635,,,,
2025-10-27T20:00:00+02:00,4006.645,4010.305,3997.905,3999.875,,,,
2025-10-27T21:00:00+02:00,3999.89,4005.67,3985.735,3990.35,,,,
2025-10-27T22:00:00+02:00,3990.34,4000.385,3979.335,3981.985,,,,
2025-10-28T00:00:00+02:00,3990.015,3997.02,3983.685,3990.075,,,,
2025-10-28T01:00:00+02:00,3990.095,4004.62,3983.25,3998.66,,,,
2025-10-28T02:00:00+02:00,3998.655,4009.7,3972.93,4006.67,,,,
2025-10-28T03:00:00+02:00,4006.65,4019.805,4004.355,4011.08,,4019.805,,
2025-10-28T04:00:00+02:00,4011.1,4013.935,3980.5,3984.03,,,,
2025-10-28T05:00:00+02:00,3984.015,3994.58,3983.375,3993.07,,,,
2025-10-28T06:00:00+02:00,3993.155,3994.495,3963.62,3973.695,,,,
2025-10-28T07:00:00+02:00,3973.94,3980.1,3959.02,3966.535,,,,
2025-10-28T08:00:00+02:00,3966.545,3968.585,3938.335,3942.525,,,,
2025-10-28T09:00:00+02:00,3942.515,3948.905,3921.72,3932.495,,,,
2025-10-28T10:00:00+02:00,3932.64,3935.9,3896.46,3897.275,,,,
2025-10-28T11:00:00+02:00,3897.285,3911.26,3886.465,3904.635,,,,3886.465
2025-10-28T12:00:00+02:00,3904.64,3931.53,3900.065,3926.74,,,,
2025-10-28T13:00:00+02:00,3926.84,3930.1,3910.94,3923.455,,,,
2025-10-28T14:00:00+02:00,3923.45,3929.89,3905.42,3912.815,,,,
2025-10-28T15:00:00+02:00,3912.95,3940.445,3912.26,3939.085,,,,
2025-10-28T16:00:00+02:00,3939.015,3954.065,3934.935,3949.72,,,,
2025-10-28T17:00:00+02:00,3949.725,3969.615,3947.035,3964.89,,,,
2025-10-28T18:00:00+02:00,3964.94,3965.605,3951.155,3958.73,,,,
2025-10-28T19:00:00+02:00,3958.735,3970.465,3955.38,3962.35,,3970.465,,
2025-10-28T20:00:00+02:00,3962.405,3964.155,3945.15,3956.47,,,,
2025-10-28T21:00:00+02:00,3956.465,3962.775,3950.805,3960.395,,,,
2025-10-28T22:00:00+02:00,3960.28,3961.01,3949.78,3953,,,,
2025-10-29T00:00:00+02:00,3955.945,3956.025,3907.925,3934.17,,,3907.925,
2025-10-29T01:00:00+02:00,3934.165,3967.85,3934.11,3964.945,,,,
2025-10-29T02:00:00+02:00,3964.94,3982.495,3959.195,3975.325,3982.495,,,
2025-10-29T03:00:00+02:00,3975.285,3979.9,3966.225,3973.75,,,,
2025-10-29T04:00:00+02:00,3973.745,3974.38,3943.825,3961.285,,,,
2025-10-29T05:00:00+02:00,3961.315,3972.45,3958.62,3963.525,,,,
2025-10-29T06:00:00+02:00,3963.53,3965.075,3951.01,3952.085,,,,
2025-10-29T07:00:00+02:00,3952.23,3966.39,3950.79,3962.765,,,,
2025-10-29T08:00:00+02:00,3962.725,3984.81,3960.075,3978.38,,,,
2025-10-29T09:00:00+02:00,3978.345,4001.765,3974.89,4001.765,,,,
2025-10-29T10:00:00+02:00,4001.77,4018.595,4000.485,4017.015,,,,
2025-10-29T11:00:00+02:00,4016.98,4029.68,4013.5,4023.935,,,,
2025-10-29T12:00:00+02:00,4023.98,4029.835,4017.08,4023.59,,,,
2025-10-29T13:00:00+02:00,4023.605,4028.565,4013.54,4016.61,,,,
2025-10-29T14:00:00+02:00,4016.64,4030.34,4013.53,4025.55,4030.34,,,
2025-10-29T15:00:00+02:00,4025.56,4025.79,4002.39,4012.47,,,,
2025-10-29T16:00:00+02:00,4012.475,4022.51,4007.19,4008.45,,,,
2025-10-29T17:00:00+02:00,4008.45,4012.025,3989.52,3993.1,,,,
2025-10-29T18:00:00+02:00,3993.225,4001.24,3991.435,3992.865,,,,
2025-10-29T19:00:00+02:00,3992.795,3997.94,3985.98,3994.84,,,,
2025-10-29T20:00:00+02:00,3994.9,4007.875,3942.71,3969.4,,,,
2025-10-29T21:00:00+02:00,3969.315,3979.9,3927.86,3945.825,,,,
2025-10-29T22:00:00+02:00,3945.845,3954.375,3927.955,3930.615,,,,
2025-10-30T00:00:00+02:00,3921.61,3948.515,3916.59,3941.45,,,,
2025-10-30T01:00:00+02:00,3941.46,3954.335,3939.695,3952.975,,,,
2025-10-30T02:00:00+02:00,3952.93,3964.36,3938.09,3950.48,,,,
2025-10-30T03:00:00+02:00,3950.485,3966.8,3945.24,3948.15,,,,
2025-10-30T04:00:00+02:00,3948.09,3948.445,3921.825,3921.96,,,,
2025-10-30T05:00:00+02:00,3922.055,3938.305,3915.52,3938.21,,,3915.52,
2025-10-30T06:00:00+02:00,3938.235,3982.665,3934.735,3972.47,,,,
2025-10-30T07:00:00+02:00,3972.505,3978.24,3947.035,3963.975,,,,
2025-10-30T08:00:00+02:00,3963.985,3977.415,3956.22,3976.96,,,,
2025-10-30T09:00:00+02:00,3976.955,3977.54,3955.94,3961.28,,,,
2025-10-30T10:00:00+02:00,3961.295,3977.02,3960.36,3976.585,,,,
2025-10-30T11:00:00+02:00,3976.56,4011.705,3976.155,3998.69,,,,
2025-10-30T12:00:00+02:00,3998.68,4000.925,3973.655,3984.19,,,,
2025-10-30T13:00:00+02:00,3984.245,3985.045,3964.02,3974.515,,,,
2025-10-30T14:00:00+02:00,3974.55,3985.685,3961.215,3961.48,,,,
2025-10-30T15:00:00+02:00,3961.44,3995.365,3960.32,3995.365,,,3960.32,
2025-10-30T16:00:00+02:00,3995.385,4015.1,3986.925,3996.425,,,,
2025-10-30T17:00:00+02:00,3996.4,4008.775,3988.17,4001.76,,,,
2025-10-30T18:00:00+02:00,4001.75,4004.135,3991.165,4001.55,,,,
2025-10-30T19:00:00+02:00,4001.545,4018.05,3994.485,4004.505,,,,
2025-10-30T20:00:00+02:00,4004.625,4017.715,4000.06,4016.225,,,,
2025-10-30T21:00:00+02:00,4016.165,4025.93,4015.39,4023.355,,,,
2025-10-30T22:00:00+02:00,4023.305,4027.235,4016.36,4024.525,,,,
2025-10-31T00:00:00+02:00,4021.47,4046.595,4016.46,4037.725,4046.595,,,
2025-10-31T01:00:00+02:00,4037.725,4043.25,4018.925,4036.635,,,,
2025-10-31T02:00:00+02:00,4036.625,4037.06,4023.93,4025.01,,,,
2025-10-31T03:00:00+02:00,4025.04,4039.58,4012.755,4019,,,,
2025-10-31T04:00:00+02:00,4018.795,4019.405,4001.415,4011.145,,,,
2025-10-31T05:00:00+02:00,4011.175,4013.895,3991.235,3996.315,,,,
2025-10-31T06:00:00+02:00,3996.33,4010.79,3989.065,4005.9,,,3989.065,
2025-10-31T07:00:00+02:00,4005.455,4011.38,3994.115,4005.11,,,,
2025-10-31T08:00:00+02:00,4005.14,4014.94,4002.17,4013.34,,,,
2025-10-31T09:00:00+02:00,4013.335,4025.72,4007.68,4021.235,,,,
2025-10-31T10:00:00+02:00,4021.205,4026.82,4006.94,4010.575,,,,
2025-10-31T11:00:00+02:00,4010.46,4014.32,3998.875,4008.59,,,,
2025-10-31T12:00:00+02:00,4008.63,4016.84,4003.685,4007.515,,,,
2025-10-31T13:00:00+02:00,4007.535,4011.295,4001.745,4010.595,,,,
2025-10-31T14:00:00+02:00,4010.66,4036.435,4009.19,4023.06,,4036.435,,
2025-10-31T15:00:00+02:00,4023.05,4035.725,4010.28,4016.73,,,,
2025-10-31T16:00:00+02:00,4016.735,4027.32,4011.06,4020.7,,,,
2025-10-31T17:00:00+02:00,4020.665,4023.04,4009.635,4012.6,,,,
2025-10-31T18:00:00+02:00,4012.55,4015.3,3972.285,3980.72,,,,3972.285
2025-10-31T19:00:00+02:00,3980.735,4003.835,3980.575,3997.635,,,,
2025-10-31T20:00:00+02:00,3997.625,4010.08,3995.505,3999.92,,,,
2025-10-31T21:00:00+02:00,3999.93,4005.475,3991.205,4001.43,,,,
2025-10-31T22:00:00+02:00,4001.405,4006.74,3996.28,4002.81,,,,
2025-11-03T01:00:00+02:00,3995.47,3999.335,3977.91,3979.67,,,,
2025-11-03T02:00:00+02:00,3979.605,3988.505,3962.275,3970.755,,,,3962.275
2025-11-03T03:00:00+02:00,3970.76,4002.075,3965.28,3996.09,,,,
2025-11-03T04:00:00+02:00,3996.055,4006.7,3990.445,4004.21,,,,
2025-11-03T05:00:00+02:00,4004.265,4015.45,4002.2,4011.29,,,,
2025-11-03T06:00:00+02:00,4011.295,4014.53,4001.85,4003.7,,,,
2025-11-03T07:00:00+02:00,4003.71,4018.33,3997.705,4013.935,,,,
2025-11-03T08:00:00+02:00,4013.93,4018.795,4010.03,4017.635,,,,
2025-11-03T09:00:00+02:00,4017.64,4026.045,4013.62,4025.185,,,,
2025-11-03T10:00:00+02:00,4025.195,4028.13,4011.215,4019.715,,4028.13,,
2025-11-03T11:00:00+02:00,4019.71,4026.11,3993.1,4000.63,,,3993.1,
2025-11-03T12:00:00+02:00,4000.675,4005.085,3994.44,3998.715,,,,
2025-11-03T13:00:00+02:00,3998.645,4008.76,3994.34,4007.69,,,,
2025-11-03T14:00:00+02:00,4007.71,4013.8,4001.905,4013.61,,,,
2025-11-03T15:00:00+02:00,4013.59,4020.765,4010.865,4016.155,,,,
2025-11-03T16:00:00+02:00,4015.96,4026.155,4001.755,4022.855,,,,
2025-11-03T17:00:00+02:00,4022.84,4030.825,4003.39,4008.59,4030.825,,,
2025-11-03T18:00:00+02:00,4008.595,4013.545,3995.22,4008.48,,,,
2025-11-03T19:00:00+02:00,4008.495,4012.245,4003.59,4006.23,,,,
2025-11-03T20:00:00+02:00,4006.305,4009.78,3999.57,4006.435,,,,
2025-11-03T21:00:00+02:00,4006.42,4008.295,3995.445,4004.66,,,,
2025-11-03T22:00:00+02:00,4004.655,4015.06,4004.59,4010.315,,,,
2025-11-03T23:00:00+02:00,4010.24,4010.24,4000.12,4001.605,,,,
2025-11-04T01:00:00+02:00,4005.115,4005.27,3981.565,3997.27,,,,
2025-11-04T02:00:00+02:00,3997.36,3999.295,3978.675,3986.51,,,,
2025-11-04T03:00:00+02:00,3986.58,3994.81,3979.64,3987.545,,,,
2025-11-04T04:00:00+02:00,3987.52,3987.535,3975.57,3986.685,,,,
2025-11-04T05:00:00+02:00,3986.855,3999.465,3981.7,3994.64,,,,
2025-11-04T06:00:00+02:00,3994.615,3995.26,3984.225,3985.645,,,,
2025-11-04T07:00:00+02:00,3985.275,3987.345,3972.805,3973.355,,,,
2025-11-04T08:00:00+02:00,3973.365,3988.145,3966.605,3985.095,,,,3966.605
2025-11-04T09:00:00+02:00,3985.165,3996.585,3982.31,3993.9,,,,
2025-11-04T10:00:00+02:00,3993.91,4000.855,3990.665,3996.14,,4000.855,,
2025-11-04T11:00:00+02:00,3996.165,3999.62,3990.535,3991.27,,,,
2025-11-04T12:00:00+02:00,3991.245,3997.655,3986.065,3993.94,,,,
2025-11-04T13:00:00+02:00,3993.96,4000.085,3991.845,3994.97,,,,
2025-11-04T14:00:00+02:00,3994.995,3997.61,3983.7,3984.765,,,,
2025-11-04T15:00:00+02:00,3984.72,3996.09,3971.855,3975.82,,,,
2025-11-04T16:00:00+02:00,3975.8,3977.875,3928.685,3957.12,,,,3928.685
2025-11-04T17:00:00+02:00,3957.08,3968.35,3941.41,3956.91,,,,
2025-11-04T18:00:00+02:00,3956.92,3975.685,3956.815,3969.14,,,,
2025-11-04T19:00:00+02:00,3969.15,3971.165,3952.375,3955.08,,,,
2025-11-04T20:00:00+02:00,3954.825,3956.93,3932.04,3937.81,,,,
2025-11-04T21:00:00+02:00,3937.815,3944.245,3934.63,3937.5,,,,
2025-11-04T22:00:00+02:00,3937.55,3942.2,3931.275,3938.77,,,,
2025-11-04T23:00:00+02:00,3938.79,3939.14,3930.56,3932.1,,,,
2025-11-05T01:00:00+02:00,3937.93,3940.88,3930.92,3934.6,,,,
2025-11-05T02:00:00+02:00,3934.625,3942.96,3929.35,3939.745,,,3929.35,
2025-11-05T03:00:00+02:00,3939.735,3949.56,3934.6,3937.125,,,,
2025-11-05T04:00:00+02:00,3937.06,3951.115,3935.725,3948.685,,,,
2025-11-05T05:00:00+02:00,3948.705,3965.345,3947.645,3960.98,,,,
2025-11-05T06:00:00+02:00,3960.9,3973.905,3959.835,3970.495,,,,
2025-11-05T07:00:00+02:00,3970.65,3978.78,3961.875,3965.055,,,,
2025-11-05T08:00:00+02:00,3965.07,3973.645,3962.04,3966.275,,,,
2025-11-05T09:00:00+02:00,3966.285,3974.88,3963.74,3972.6,,,,
2025-11-05T10:00:00+02:00,3972.565,3987.34,3972.52,3980.025,,3987.34,,
2025-11-05T11:00:00+02:00,3980.02,3981.49,3963.57,3971.955,,,,
2025-11-05T12:00:00+02:00,3971.885,3971.935,3956.1,3964.7,,,3956.1,
2025-11-05T13:00:00+02:00,3964.7,3969.14,3957.48,3966.99,,,,
2025-11-05T14:00:00+02:00,3966.995,3969.905,3962.245,3969.65,,,,
2025-11-05T15:00:00+02:00,3969.725,3979.48,3964.885,3975.91,,,,
2025-11-05T16:00:00+02:00,3975.925,3985.725,3969.665,3973.6,,,,
2025-11-05T17:00:00+02:00,3973.62,3984.49,3964.27,3978.295,,,,
2025-11-05T18:00:00+02:00,3978.345,3990.565,3974.985,3986.96,3990.565,,,
2025-11-05T19:00:00+02:00,3987.045,3989.705,3978.58,3982.12,,,,
2025-11-05T20:00:00+02:00,3982.145,3986.105,3978.905,3982.445,,,,
2025-11-05T21:00:00+02:00,3982.46,3988.785,3979.165,3987.92,,,,
2025-11-05T22:00:00+02:00,3987.91,3990.175,3981.585,3984.6,,,,
2025-11-05T23:00:00+02:00,3984.6,3985.185,3977.995,3980.115,,,,
2025-11-06T01:00:00+02:00,3968.78,3977.795,3966.54,3973.93,,,,
2025-11-06T02:00:00+02:00,3973.895,3976.34,3969.79,3976.34,,,,
2025-11-06T03:00:00+02:00,3976.315,3977.465,3964.455,3976.765,,,3964.455,
2025-11-06T04:00:00+02:00,3976.785,3985.13,3974.38,3983.38,,,,
2025-11-06T05:00:00+02:00,3983.435,3990.525,3979.575,3987.54,,,,
2025-11-06T06:00:00+02:00,3987.545,3989.98,3984.58,3988.935,,,,
2025-11-06T07:00:00+02:00,3988.88,3990.87,3985.67,3987.645,,,,
2025-11-06T08:00:00+02:00,3987.655,3993.08,3982.365,3991.515,,,,
2025-11-06T09:00:00+02:00,3991.495,4009.545,3991.185,4005.78,,,,
2025-11-06T10:00:00+02:00,4005.785,4017.06,4004.765,4014.88,,,,
2025-11-06T11:00:00+02:00,4014.865,4015.235,4009.345,4011.01,,,,
2025-11-06T12:00:00+02:00,4011,4011.2,4004.5,4008.465,,,,
2025-11-06T13:00:00+02:00,4008.48,4019.55,4007.165,4018.185,,,,
2025-11-06T14:00:00+02:00,4018.19,4019.645,4002.95,4005.375,4019.645,,,
2025-11-06T15:00:00+02:00,4005.36,4016.31,4003.8,4012.33,,,,
2025-11-06T16:00:00+02:00,4012.315,4014.09,3989.095,3993.41,,,,
2025-11-06T17:00:00+02:00,3993.08,3993.9,3975.08,3980.405,,,,
2025-11-06T18:00:00+02:00,3980.48,3986.45,3976.595,3981.03,,,,
2025-11-06T19:00:00+02:00,3981.005,3988.26,3965.71,3986.34,,,3965.71,
2025-11-06T20:00:00+02:00,3986.35,3991,3980.27,3987.915,,,,
2025-11-06T21:00:00+02:00,3987.95,3995.365,3983.18,3985.35,,,,
2025-11-06T22:00:00+02:00,3985.265,3987.285,3979.455,3980.965,,,,
2025-11-06T23:00:00+02:00,3981.03,3982.615,3976.88,3977.14,,,,
2025-11-07T01:00:00+02:00,3979.465,3989.975,3978.435,3989.345,,,,
2025-11-07T02:00:00+02:00,3989.345,3994.565,3984.655,3988.605,,,,
2025-11-07T03:00:00+02:00,3988.58,4002.85,3987.245,4001.845,,,,
2025-11-07T04:00:00+02:00,4001.82,4003.41,3991.61,3995.47,,,,
2025-11-07T05:00:00+02:00,3995.425,3996.73,3988.16,3990.365,,,,
2025-11-07T06:00:00+02:00,3990.345,3998.565,3985.605,3998.375,,,,
2025-11-07T07:00:00+02:00,3998.38,3999.05,3992.115,3994.95,,,,
2025-11-07T08:00:00+02:00,3994.96,4008.65,3992.25,4006.925,,,,
2025-11-07T09:00:00+02:00,4006.945,4010.02,4002.815,4007.835,,,,
2025-11-07T10:00:00+02:00,4007.935,4010.46,4003.735,4009.73,,,,
2025-11-07T11:00:00+02:00,4009.755,4014.29,4004.31,4006.76,,4014.29,,
2025-11-07T12:00:00+02:00,4006.81,4009.71,4003.26,4007.975,,,,
2025-11-07T13:00:00+02:00,4008,4011.925,3993.65,4002.965,,,,
2025-11-07T14:00:00+02:00,4002.815,4008.715,3991.69,3996.025,,,,
2025-11-07T15:00:00+02:00,3996.06,4002.13,3991.79,3997.855,,,,
2025-11-07T16:00:00+02:00,3997.885,4007.36,3984.385,3993.605,,,,
2025-11-07T17:00:00+02:00,3993.56,3999.285,3984.01,3991.05,,,3984.01,
2025-11-07T18:00:00+02:00,3991.095,4027.595,3990.165,4007.765,4027.595,,,
2025-11-07T19:00:00+02:00,4007.86,4009.8,3992.37,4005.6,,,,
2025-11-07T20:00:00+02:00,4005.595,4009.325,3999.555,4005.65,,,,
2025-11-07T21:00:00+02:00,4005.685,4009.05,4001.935,4006.71,,,,
2025-11-07T22:00:00+02:00,4006.7,4006.93,3994.64,4004.18,,,,
2025-11-07T23:00:00+02:00,4004.14,4005.34,3998.69,4001.275,,,,
2025-11-10T01:00:00+02:00,4005.675,4012.23,4004.355,4011.87,,,,
2025-11-10T02:00:00+02:00,4011.905,4024.12,4011.13,4020.405,,,,
2025-11-10T03:00:00+02:00,4020.39,4053.47,4019.15,4044.07,,,,
2025-11-10T04:00:00+02:00,4043.99,4049.175,4037.74,4048.135,,,,
2025-11-10T05:00:00+02:00,4048.12,4052.98,4044.945,4050.105,,,,
2025-11-10T06:00:00+02:00,4050.055,4056.875,4049.835,4054.225,,,,
2025-11-10T07:00:00+02:00,4054.27,4070.07,4050.24,4069.56,,,,
2025-11-10T08:00:00+02:00,4069.63,4078.615,4066.9,4075.24,,,,
2025-11-10T09:00:00+02:00,4075.24,4079.15,4072.315,4075.395,,,,
2025-11-10T10:00:00+02:00,4075.335,4085.295,4075.135,4082.315,,,,
2025-11-10T11:00:00+02:00,4082.35,4086.375,4071.49,4076.705,,,,
2025-11-10T12:00:00+02:00,4076.69,4083.42,4075.95,4081.11,,,,
2025-11-10T13:00:00+02:00,4081.175,4085.495,4075.86,4085.385,,,,
2025-11-10T14:00:00+02:00,4085.43,4100.085,4084.42,4097.65,,,,
2025-11-10T15:00:00+02:00,4097.7,4106,4090.4,4091.645,,,,
2025-11-10T16:00:00+02:00,4091.635,4094.13,4074.49,4083.53,,,,
2025-11-10T17:00:00+02:00,4083.455,4094.355,4077.935,4084.435,,,,
2025-11-10T18:00:00+02:00,4084.42,4095.77,4082.095,4095.175,,,,
2025-11-10T19:00:00+02:00,4095.2,4102.85,4093.46,4102.72,,,,
2025-11-10T20:00:00+02:00,4102.735,4115.915,4101.77,4110.145,,,,
2025-11-10T21:00:00+02:00,4110.14,4115.465,4107.92,4113.28,,,,
2025-11-10T22:00:00+02:00,4113.265,4114.61,4106.6,4111.685,,,,
2025-11-10T23:00:00+02:00,4111.735,4116.69,4110.4,4115.41,,,,
2025-11-11T01:00:00+02:00,4116.835,4122.925,4116.075,4120.085,,,,
2025-11-11T02:00:00+02:00,4120.275,4133.755,4116.29,4130.96,,,,
2025-11-11T03:00:00+02:00,4130.91,4141.365,4128,4136.355,,,,
2025-11-11T04:00:00+02:00,4136.33,4139.81,4129.75,4138.255,,,,
2025-11-11T05:00:00+02:00,4138.235,4148.18,4137.255,4147.05,,,,
2025-11-11T06:00:00+02:00,4147.03,4149.1,4142.03,4143.19,4149.1,,,
2025-11-11T07:00:00+02:00,4143.165,4144.47,4124.895,4131.13,,,,
2025-11-11T08:00:00+02:00,4131.08,4137.915,4126.8,4130.07,,,,
2025-11-11T09:00:00+02:00,4130.065,4133.04,4124.985,4129.78,,,,
2025-11-11T10:00:00+02:00,4129.805,4137.81,4128.925,4135.635,,,,
2025-11-11T11:00:00+02:00,4135.685,4146.035,4134.435,4141.89,,,,
2025-11-11T12:00:00+02:00,4141.965,4144.345,4136.84,4141.935,,,,
2025-11-11T13:00:00+02:00,4141.985,4144.805,4139.12,4142.85,,,,
2025-11-11T14:00:00+02:00,4142.895,4143.865,4133.34,4134.465,,,,
2025-11-11T15:00:00+02:00,4134.565,4146.885,4133.965,4142.65,,4146.885,,
2025-11-11T16:00:00+02:00,4142.71,4143.295,4119.94,4125.015,,,,
2025-11-11T17:00:00+02:00,4124.97,4126.32,4097.245,4106.835,,,4097.245,
2025-11-11T18:00:00+02:00,4106.84,4115.815,4105.1,4113.415,,,,
2025-11-11T19:00:00+02:00,4113.37,4117.955,4110.645,4114.535,,,,
2025-11-11T20:00:00+02:00,4114.635,4116.48,4106.64,4113.86,,,,
2025-11-11T21:00:00+02:00,4113.865,4126.26,4112.07,4123.12,,,,
2025-11-11T22:00:00+02:00,4123.18,4131.97,4122.395,4129.535,,,,
2025-11-11T23:00:00+02:00,4129.495,4131.45,4125.615,4126.505,,,,
2025-11-12T01:00:00+02:00,4130.9,4144.74,4129.025,4142.66,,,,
2025-11-12T02:00:00+02:00,4142.595,4145.61,4132.16,4133.055,,4145.61,,
2025-11-12T03:00:00+02:00,4133.12,4137.3,4126.315,4131.5,,,,
2025-11-12T04:00:00+02:00,4131.455,4135.495,4118.765,4124.13,,,,
2025-11-12T05:00:00+02:00,4124.135,4125.425,4111.895,4112.085,,,,
2025-11-12T06:00:00+02:00,4112.025,4113.39,4103.635,4110.735,,,,
2025-11-12T07:00:00+02:00,4110.725,4111.265,4098.915,4104.725,,,4098.915,
2025-11-12T08:00:00+02:00,4104.685,4119.3,4103.275,4118.675,,,,
2025-11-12T09:00:00+02:00,4118.68,4125.3,4113.465,4117.305,,,,
2025-11-12T10:00:00+02:00,4117.295,4132.965,4112.27,4131.495,,,,
2025-11-12T11:00:00+02:00,4131.445,4133.855,4120.58,4124.74,,,,
2025-11-12T12:00:00+02:00,4124.785,4129.57,4117.945,4127.81,,,,
2025-11-12T13:00:00+02:00,4127.815,4131.34,4123.09,4126.025,,,,
2025-11-12T14:00:00+02:00,4126.05,4139.51,4125.025,4130.25,,,,
2025-11-12T15:00:00+02:00,4130.43,4132.63,4122.74,4127.285,,,,
2025-11-12T16:00:00+02:00,4127.34,4140.215,4125.045,4136.63,,,,
2025-11-12T17:00:00+02:00,4136.605,4185.785,4134.685,4181.495,,,,
2025-11-12T18:00:00+02:00,4181.415,4197.83,4180.2,4196.51,,,,
2025-11-12T19:00:00+02:00,4196.5,4206.515,4192.25,4199.535,,,,
2025-11-12T20:00:00+02:00,4199.57,4211.795,4190.48,4207.025,4211.795,,,
2025-11-12T21:00:00+02:00,4207.08,4210.25,4192.25,4197.445,,,,
2025-11-12T22:00:00+02:00,4197.45,4199.65,4190.685,4196.05,,,,
2025-11-12T23:00:00+02:00,4196.025,4202.165,4191,4195.21,,,,
2025-11-13T01:00:00+02:00,4202.635,4208.07,4187.27,4191.41,,,,
2025-11-13T02:00:00+02:00,4191.425,4209.005,4185.9,4206.065,,,,
2025-11-13T03:00:00+02:00,4205.965,4209.315,4179.735,4192.43,,,4179.735,
2025-11-13T04:00:00+02:00,4192.405,4196.025,4183.51,4190.28,,,,
2025-11-13T05:00:00+02:00,4190.235,4213.3,4190.175,4212.96,,,,
2025-11-13T06:00:00+02:00,4212.95,4219.52,4203.4,4209.495,,,,
2025-11-13T07:00:00+02:00,4209.455,4217.89,4207.56,4212.02,,,,
2025-11-13T08:00:00+02:00,4211.945,4212.25,4203.27,4210.525,,,,
2025-11-13T09:00:00+02:00,4210.56,4220.255,4208.4,4220.125,,,,
2025-11-13T10:00:00+02:00,4220.08,4239.66,4219.26,4232.71,,,,
2025-11-13T11:00:00+02:00,4232.6,4239.62,4225.08,4233.215,,,,
2025-11-13T12:00:00+02:00,4233.205,4240.24,4221.825,4225.72,,,,
2025-11-13T13:00:00+02:00,4225.82,4232.405,4219.35,4230.47,,,,
2025-11-13T14:00:00+02:00,4230.435,4245.195,4230.005,4242.83,4245.195,,,
2025-11-13T15:00:00+02:00,4242.8,4244.1,4220.41,4231.745,,,,
2025-11-13T16:00:00+02:00,4231.83,4232.425,4184.51,4195.525,,,,
2025-11-13T17:00:00+02:00,4195.515,4205.295,4186.535,4202.675,,,,
2025-11-13T18:00:00+02:00,4202.7,4211.125,4195.705,4206.77,,,,
2025-11-13T19:00:00+02:00,4206.885,4208.575,4193.35,4202.05,,,,
2025-11-13T20:00:00+02:00,4202.065,4203.46,4145.19,4158.07,,,,4145.19
2025-11-13T21:00:00+02:00,4158.015,4170.705,4146,4164.09,,,,
2025-11-13T22:00:00+02:00,4164.1,4170.91,4160.385,4164.17,,,,
2025-11-13T23:00:00+02:00,4164.16,4181.265,4161.23,4171.745,,,,
2025-11-14T01:00:00+02:00,4177.285,4186.84,4175.93,4186.205,,,,
2025-11-14T02:00:00+02:00,4186.24,4190.025,4178.2,4183.81,,,,
2025-11-14T03:00:00+02:00,4183.815,4193.825,4173.72,4190.025,,,,
2025-11-14T04:00:00+02:00,4190.03,4210.405,4188.74,4207.225,,,,
2025-11-14T05:00:00+02:00,4207.165,4211.435,4201.57,4204.49,,4211.435,,
2025-11-14T06:00:00+02:00,4204.445,4205.83,4197.02,4203.335,,,,
2025-11-14T07:00:00+02:00,4203.385,4203.67,4183.985,4189.9,,,,
2025-11-14T08:00:00+02:00,4189.865,4193.53,4169.625,4175.425,,,,
2025-11-14T09:00:00+02:00,4175.4,4182.545,4158.995,4181.26,,,,
2025-11-14T10:00:00+02:00,4181.265,4187.21,4170.145,4176.135,,,,
2025-11-14T11:00:00+02:00,4176.14,4180.615,4166.525,4169.44,,,,
2025-11-14T12:00:00+02:00,4169.415,4171.14,4159.145,4168.08,,,,
2025-11-14T13:00:00+02:00,4168.085,4170.075,4130.92,4133.18,,,,
2025-11-14T14:00:00+02:00,4133.085,4140.75,4107.71,4116.26,,,,
2025-11-14T15:00:00+02:00,4116.255,4119.245,4041.37,4055.975,,,,
2025-11-14T16:00:00+02:00,4055.835,4084.145,4032.23,4082.86,,,,4032.23
2025-11-14T17:00:00+02:00,4082.81,4096.76,4068.31,4093.76,,,,
2025-11-14T18:00:00+02:00,4093.75,4111.185,4081.1,4105.24,,,,
2025-11-14T19:00:00+02:00,4105.29,4110.71,4094.22,4099.92,,,,
2025-11-14T20:00:00+02:00,4099.925,4103.75,4080.87,4098.105,,,,
2025-11-14T21:00:00+02:00,4098.02,4100.23,4087.725,4089.995,,,,
2025-11-14T22:00:00+02:00,4090.065,4092.48,4075.615,4087.16,,,,
2025-11-14T23:00:00+02:00,4087.095,4087.095,4078.02,4085.825,,,,
2025-11-17T01:00:00+02:00,4078.275,4106.705,4077.96,4096.51,,,,
2025-11-17T02:00:00+02:00,4096.5,4098.39,4080.835,4083.37,,,,
2025-11-17T03:00:00+02:00,4083.27,4101.915,4082.69,4091.325,,,,
2025-11-17T04:00:00+02:00,4091.32,4093.905,4080.84,4081.725,,,,
2025-11-17T05:00:00+02:00,4081.68,4085.85,4069.86,4083,,,,
2025-11-17T06:00:00+02:00,4082.985,4088.085,4076.84,4078.68,,,,
2025-11-17T07:00:00+02:00,4078.73,4078.815,4049.76,4058.48,,,4049.76,
2025-11-17T08:00:00+02:00,4058.515,4072.07,4054.9,4066.175,,,,
2025-11-17T09:00:00+02:00,4066.17,4089.26,4065.38,4088.13,,,,
2025-11-17T10:00:00+02:00,4088.32,4095.935,4072.11,4077.395,,4095.935,,
2025-11-17T11:00:00+02:00,4077.24,4088.755,4072.35,4082.28,,,,
2025-11-17T12:00:00+02:00,4082.275,4089.555,4068.435,4070.18,,,,
2025-11-17T13:00:00+02:00,4070.175,4085.98,4061.215,4078.47,,,,
2025-11-17T14:00:00+02:00,4078.535,4085.45,4074.705,4077.375,,,,
2025-11-17T15:00:00+02:00,4077.295,4092.29,4060.65,4065.48,,,,
2025-11-17T16:00:00+02:00,4065.505,4082.01,4060.57,4076.34,,,,
2025-11-17T17:00:00+02:00,4076.32,4077.79,4060.825,4064.33,,,,
2025-11-17T18:00:00+02:00,4064.31,4073.86,4052.38,4070.12,,,,
2025-11-17T19:00:00+02:00,4070.125,4081.13,4069.65,4073.345,,,,
2025-11-17T20:00:00+02:00,4073.35,4076.33,4062.475,4062.845,,,,
2025-11-17T21:00:00+02:00,4062.835,4065.32,4010.95,4011.38,,,,
2025-11-17T22:00:00+02:00,4011.41,4044.435,4007.055,4041.205,,,,4007.055
2025-11-17T23:00:00+02:00,4041.165,4046.105,4038.99,4045.86,,,,
2025-11-18T01:00:00+02:00,4050.79,4054.755,4028.895,4036.785,,,,
2025-11-18T02:00:00+02:00,4036.835,4041.205,4027.3,4040.09,,,,
2025-11-18T03:00:00+02:00,4040.1,4045.355,4022.425,4025.15,,,,
2025-11-18T04:00:00+02:00,4025.14,4035.89,4015.38,4018.035,,,,
2025-11-18T05:00:00+02:00,4018.005,4026.685,4008.24,4013.39,,,,
2025-11-18T06:00:00+02:00,4013.46,4018.16,4004.725,4010.39,,,,
2025-11-18T07:00:00+02:00,4010.45,4025.395,4008.09,4019.005,,,,
2025-11-18T08:00:00+02:00,4019.07,4020.58,4007.71,4008.935,,,,
2025-11-18T09:00:00+02:00,4008.95,4017.69,3997.985,4013.82,,,,3997.985
2025-11-18T10:00:00+02:00,4013.84,4042.795,4010.45,4036.695,,,,
2025-11-18T11:00:00+02:00,4036.52,4047.335,4030.42,4040.365,,,,
2025-11-18T12:00:00+02:00,4040.35,4050.435,4037.43,4044.21,,,,
2025-11-18T13:00:00+02:00,4044.265,4050.525,4036.91,4039.655,,,,
2025-11-18T14:00:00+02:00,4039.68,4045.305,4029.33,4032.555,,,,
2025-11-18T15:00:00+02:00,4032.695,4070.415,4031.34,4065.305,,,,
2025-11-18T16:00:00+02:00,4065.3,4081.915,4058.22,4065.91,,,,
2025-11-18T17:00:00+02:00,4065.83,4072.415,4049.24,4053.2,,,,
2025-11-18T18:00:00+02:00,4053.245,4069.35,4040.55,4066.93,,,,
2025-11-18T19:00:00+02:00,4066.855,4075.75,4059.54,4071.67,,,,
2025-11-18T20:00:00+02:00,4071.6,4074.875,4063.22,4072.63,,,,
2025-11-18T21:00:00+02:00,4072.655,4082.12,4072.58,4081.38,,,,
2025-11-18T22:00:00+02:00,4081.36,4082.58,4067.435,4069.695,,4082.58,,
2025-11-18T23:00:00+02:00,4069.63,4072.41,4064.915,4067.425,,,,
2025-11-19T01:00:00+02:00,4067.645,4078.1,4067.155,4077,,,,
2025-11-19T02:00:00+02:00,4076.975,4078.655,4067.515,4069.34,,,,
2025-11-19T03:00:00+02:00,4069.345,4070.44,4056.39,4059.09,,,,
2025-11-19T04:00:00+02:00,4059.115,4080.775,4055.525,4075.79,,,4055.525,
2025-11-19T05:00:00+02:00,4075.795,4078.83,4066.21,4067.105,,,,
2025-11-19T06:00:00+02:00,4067.1,4077.105,4064.68,4075.245,,,,
2025-11-19T07:00:00+02:00,4075.455,4097.565,4074.3,4095.63,,,,
2025-11-19T08:00:00+02:00,4095.655,4098.72,4089.105,4091.075,,,,
2025-11-19T09:00:00+02:00,4091.08,4097,4084.95,4087,,,,
2025-11-19T10:00:00+02:00,4086.925,4088.855,4078.35,4083.355,,,,
2025-11-19T11:00:00+02:00,4083.4,4116.4,4081.265,4113.325,,,,
2025-11-19T12:00:00+02:00,4113.35,4119.23,4107.075,4108.995,,,,
2025-11-19T13:00:00+02:00,4109.03,4117.75,4106.455,4113.125,,,,
2025-11-19T14:00:00+02:00,4113.14,4120.015,4112.155,4114.685,,,,
2025-11-19T15:00:00+02:00,4114.72,4117.94,4100.85,4110.765,,,,
2025-11-19T16:00:00+02:00,4110.84,4128.975,4101.7,4127.905,,,,
2025-11-19T17:00:00+02:00,4127.865,4132.985,4090.05,4096.745,4132.985,,,
2025-11-19T18:00:00+02:00,4096.74,4098.71,4068.005,4074.74,,,,
2025-11-19T19:00:00+02:00,4074.83,4081.25,4055.475,4078.835,,,,4055.475
2025-11-19T20:00:00+02:00,4078.945,4091.4,4075.795,4087.485,,,,
2025-11-19T21:00:00+02:00,4087.48,4087.52,4069.285,4073.7,,,,
2025-11-19T22:00:00+02:00,4073.655,4082.24,4072.345,4076.385,,,,
2025-11-19T23:00:00+02:00,4076.36,4084.9,4065.76,4077.85,,,,
2025-11-20T01:00:00+02:00,4088.255,4108.21,4083.645,4104.69,,,,
2025-11-20T02:00:00+02:00,4104.66,4110.37,4100.42,4103.135,,4110.37,,
2025-11-20T03:00:00+02:00,4103.065,4109.185,4081.195,4081.605,,,,
2025-11-20T04:00:00+02:00,4081.595,4081.88,4038.9,4066.875,,,,4038.9
2025-11-20T05:00:00+02:00,4066.86,4085.695,4064.88,4072.365,,,,
2025-11-20T06:00:00+02:00,4072.38,4080.53,4068.3,4075.5,,,,
2025-11-20T07:00:00+02:00,4075.51,4075.97,4064.38,4066.79,,,,
2025-11-20T08:00:00+02:00,4066.66,4077.945,4058.52,4068.495,,,,
2025-11-20T09:00:00+02:00,4068.48,4076.675,4054.35,4059.935,,,,
2025-11-20T10:00:00+02:00,4059.97,4069.48,4038.93,4063.46,,,4038.93,
2025-11-20T11:00:00+02:00,4063.335,4072.81,4055.735,4064.225,,,,
2025-11-20T12:00:00+02:00,4064.235,4068.275,4058.305,4059.91,,,,
2025-11-20T13:00:00+02:00,4059.905,4068.525,4051.16,4060.895,,,,
2025-11-20T14:00:00+02:00,4060.82,4082.1,4060.185,4081.81,,,,
2025-11-20T15:00:00+02:00,4081.79,4096.545,4066.925,4080.245,,,,
2025-11-20T16:00:00+02:00,4080.225,4107.35,4072.28,4093.25,,4107.35,,
2025-11-20T17:00:00+02:00,4093.235,4098.87,4070.23,4070.355,,,,
2025-11-20T18:00:00+02:00,4070.39,4082.795,4044.815,4049.12,,,,
2025-11-20T19:00:00+02:00,4049.065,4068.67,4043.58,4066.225,,,4043.58,
2025-11-20T20:00:00+02:00,4066.215,4072.72,4056.215,4060.69,,,,
2025-11-20T21:00:00+02:00,4060.68,4087.445,4059.095,4084.76,,,,
2025-11-20T22:00:00+02:00,4084.71,4085.24,4073.425,4077.49,,,,
2025-11-20T23:00:00+02:00,4077.835,4081.145,4074.455,4077.535,,,,
2025-11-21T01:00:00+02:00,4073.08,4088.725,4073.075,4079.035,,4088.725,,
2025-11-21T02:00:00+02:00,4079.065,4081.56,4071.36,4073.88,,,,
2025-11-21T03:00:00+02:00,4073.905,4074.705,4060.5,4068.68,,,,
2025-11-21T04:00:00+02:00,4068.695,4080.105,4056.525,4057.305,,,,
2025-11-21T05:00:00+02:00,4057.32,4059.625,4049.46,4056.365,,,,
2025-11-21T06:00:00+02:00,4056.37,4062.615,4047.705,4052.445,,,,
2025-11-21T07:00:00+02:00,4052.45,4060.105,4039.75,4058.69,,,,
2025-11-21T08:00:00+02:00,4058.695,4065.095,4029.36,4032.77,,,,
2025-11-21T09:00:00+02:00,4032.82,4039.87,4024.835,4031.82,,,,
2025-11-21T10:00:00+02:00,4031.815,4048.195,4022.26,4041.185,,,,4022.26
2025-11-21T11:00:00+02:00,4041.18,4063.605,4040.36,4050.615,,,,
2025-11-21T12:00:00+02:00,4050.535,4052.8,4032.41,4037.205,,,,
2025-11-21T13:00:00+02:00,4037.095,4047.05,4031.1,4036.715,,,,
2025-11-21T14:00:00+02:00,4036.71,4071.785,4034.785,4066.015,,,,
2025-11-21T15:00:00+02:00,4066.005,4081.39,4059.185,4079.745,,,,
2025-11-21T16:00:00+02:00,4079.685,4084.075,4061.7,4071.425,,,,
2025-11-21T17:00:00+02:00,4071.245,4076.885,4055.16,4069.67,,,,
2025-11-21T18:00:00+02:00,4069.655,4100.685,4063.08,4099.93,,,,
2025-11-21T19:00:00+02:00,4099.925,4101.07,4079.01,4085.645,4101.07,,,
2025-11-21T20:00:00+02:00,4085.65,4088.265,4076.575,4082.875,,,,
2025-11-21T21:00:00+02:00,4082.85,4092.185,4082.58,4087.625,,,,
2025-11-21T22:00:00+02:00,4087.645,4088.77,4055.3,4067.29,,,,
2025-11-21T23:00:00+02:00,4067.315,4069.195,4054.74,4065.01,,,,
2025-11-24T01:00:00+02:00,4067.61,4077.795,4065.75,4075.165,,,,
2025-11-24T02:00:00+02:00,4075.11,4076.105,4058.33,4067.53,,,,
2025-11-24T03:00:00+02:00,4067.54,4073.33,4042.755,4044.235,,,,
2025-11-24T04:00:00+02:00,4044.125,4051.72,4040.77,4043.68,,,,
2025-11-24T05:00:00+02:00,4043.67,4058.285,4043.67,4050.45,,,,
2025-11-24T06:00:00+02:00,4050.23,4061.425,4042.225,4044.26,,,,
2025-11-24T07:00:00+02:00,4044.28,4049.705,4040.02,4046.545,,,4040.02,
2025-11-24T08:00:00+02:00,4046.52,4058.21,4045.67,4053.46,,,,
2025-11-24T09:00:00+02:00,4053.465,4067.75,4051.56,4060.245,,,,
2025-11-24T10:00:00+02:00,4060.25,4067.005,4059.65,4063.385,,,,
2025-11-24T11:00:00+02:00,4063.36,4074.415,4062.885,4072.045,,,,
2025-11-24T12:00:00+02:00,4072.02,4077.4,4063.335,4064.01,,,,
2025-11-24T13:00:00+02:00,4064.015,4071.705,4063.285,4070.035,,,,
2025-11-24T14:00:00+02:00,4070.035,4084.145,4065.635,4080.565,,,,
2025-11-24T15:00:00+02:00,4080.61,4086.02,4073.705,4077.945,,,,
2025-11-24T16:00:00+02:00,4077.9,4086.275,4068.445,4081.595,,,,
2025-11-24T17:00:00+02:00,4081.57,4093.94,4081.295,4091.705,,,,
2025-11-24T18:00:00+02:00,4091.72,4099,4089.64,4097.37,,,,
2025-11-24T19:00:00+02:00,4097.33,4100.47,4088.925,4093.02,,,,
2025-11-24T20:00:00+02:00,4093.025,4126.03,4088.085,4120.585,,,,
2025-11-24T21:00:00+02:00,4120.61,4124.27,4113.775,4118.575,,,,
2025-11-24T22:00:00+02:00,4118.61,4133.75,4118.1,4132.65,,,,
2025-11-24T23:00:00+02:00,4132.64,4139.89,4130.075,4133.975,,,,
2025-11-25T01:00:00+02:00,4135.485,4144.34,4125.385,4143.62,,,,
2025-11-25T02:00:00+02:00,4143.685,4144.585,4127.53,4129.545,,,,
2025-11-25T03:00:00+02:00,4129.72,4139.365,4122.55,4134.94,,,,
2025-11-25T04:00:00+02:00,4134.905,4155.9,4132.93,4150.665,4155.9,,,
2025-11-25T05:00:00+02:00,4150.64,4150.75,4139.59,4143.165,,,,
2025-11-25T06:00:00+02:00,4143.14,4148.43,4139.51,4140.68,,,,
2025-11-25T07:00:00+02:00,4140.78,4152.04,4140.78,4151.09,,,,
2025-11-25T08:00:00+02:00,4150.955,4152.21,4138.65,4141.625,,,,
2025-11-25T09:00:00+02:00,4141.555,4146.02,4130.115,4132.56,,,,
2025-11-25T10:00:00+02:00,4132.715,4139.495,4109.71,4115.965,,,4109.71,
2025-11-25T11:00:00+02:00,4115.975,4131.43,4113.93,4128.46,,,,
2025-11-25T12:00:00+02:00,4128.455,4138.91,4127.42,4131.47,,,,
2025-11-25T13:00:00+02:00,4131.46,4137.47,4127.865,4133.685,,,,
2025-11-25T14:00:00+02:00,4133.68,4138.92,4115.51,4130.065,,,,
2025-11-25T15:00:00+02:00,4130.125,4150.915,4129.66,4147.77,,,,
2025-11-25T16:00:00+02:00,4147.785,4148.61,4110.805,4125.26,,,4110.805,
2025-11-25T17:00:00+02:00,4125.28,4134.13,4117.92,4123.125,,,,
2025-11-25T18:00:00+02:00,4123.12,4141.4,4122.215,4136.195,,,,
2025-11-25T19:00:00+02:00,4136.24,4159.38,4136,4146.215,4159.38,,,
2025-11-25T20:00:00+02:00,4146.235,4151.085,4132.445,4134.325,,,,
2025-11-25T21:00:00+02:00,4134.255,4140.335,4128.49,4133.86,,,,
2025-11-25T22:00:00+02:00,4133.895,4138.525,4130.65,4132.42,,,,
2025-11-25T23:00:00+02:00,4132.4,4132.67,4127.62,4130.55,,,,
2025-11-26T01:00:00+02:00,4134.495,4137.305,4129.99,4133.955,,,,
2025-11-26T02:00:00+02:00,4133.97,4144.435,4132.815,4143.08,,,,
2025-11-26T03:00:00+02:00,4143.085,4152.985,4138.735,4148.545,,,,
2025-11-26T04:00:00+02:00,4148.525,4166.715,4147.465,4162.125,,,,
2025-11-26T05:00:00+02:00,4162.1,4169.58,4160.335,4166.07,4169.58,,,
2025-11-26T06:00:00+02:00,4166.015,4167.09,4156.525,4162.04,,,,
2025-11-26T07:00:00+02:00,4162.1,4168.845,4160.41,4162.46,,,,
2025-11-26T08:00:00+02:00,4162.415,4162.96,4146.68,4150.215,,,,
2025-11-26T09:00:00+02:00,4150.225,4161.74,4149.365,4157.54,,,,
2025-11-26T10:00:00+02:00,4157.525,4168.63,4154.76,4161.09,,,,
2025-11-26T11:00:00+02:00,4161.1,4164.66,4156.52,4162.865,,,,
2025-11-26T12:00:00+02:00,4162.875,4165.28,4155.98,4160.09,,,,
2025-11-26T13:00:00+02:00,4160.095,4173.175,4157.815,4171.61,,,,
2025-11-26T14:00:00+02:00,4171.62,4173.5,4148.57,4155.25,4173.5,,,
2025-11-26T15:00:00+02:00,4155.26,4166.665,4149.02,4153.5,,,,
2025-11-26T16:00:00+02:00,4153.51,4156.97,4139.595,4142.365,,,,
2025-11-26T17:00:00+02:00,4142.225,4165.83,4136.665,4165.43,,,4136.665,
2025-11-26T18:00:00+02:00,4165.445,4168.595,4160.73,4167.15,,,,
2025-11-26T19:00:00+02:00,4167.155,4169.935,4165.16,4167.275,,,,
2025-11-26T20:00:00+02:00,4167.29,4171.905,4158.1,4164.795,,4171.905,,
2025-11-26T21:00:00+02:00,4164.775,4169.84,4162.58,4163.355,,,,
2025-11-26T22:00:00+02:00,4163.365,4167.515,4161.4,4164.06,,,,
2025-11-26T23:00:00+02:00,4164.1,4167.635,4162.21,4163.575,,,,
2025-11-27T01:00:00+02:00,4165.255,4168.75,4162.52,4164.785,,,,
2025-11-27T02:00:00+02:00,4164.805,4167.15,4161.75,4164.56,,,,
2025-11-27T03:00:00+02:00,4164.555,4165.355,4148.76,4154.45,,,,
2025-11-27T04:00:00+02:00,4154.48,4156.425,4144.67,4145.525,,,,
2025-11-27T05:00:00+02:00,4145.49,4150.76,4144.525,4147.565,,,,
2025-11-27T06:00:00+02:00,4147.56,4154.725,4142.73,4151.01,,,4142.73,
2025-11-27T07:00:00+02:00,4150.91,4154.95,4144.61,4146.99,,,,
2025-11-27T08:00:00+02:00,4147.02,4159.295,4146.885,4157.45,,,,
2025-11-27T09:00:00+02:00,4157.425,4162.515,4155.455,4160.18,,,,
2025-11-27T10:00:00+02:00,4160.21,4167.26,4159.565,4165.73,,4167.26,,
2025-11-27T11:00:00+02:00,4165.65,4165.815,4148.4,4158.595,,,,
2025-11-27T12:00:00+02:00,4158.635,4160.71,4152.415,4156.56,,,,
2025-11-27T13:00:00+02:00,4156.47,4162.605,4156.045,4157.42,,,,
2025-11-27T14:00:00+02:00,4157.445,4159.225,4153.615,4154.175,,,,
2025-11-27T15:00:00+02:00,4154.14,4158.13,4149.085,4155.08,,,,
2025-11-27T16:00:00+02:00,4155.075,4160.88,4152.95,4153.34,,,,
2025-11-27T17:00:00+02:00,4153.355,4161.925,4153,4158.07,,,,
2025-11-27T18:00:00+02:00,4158.025,4158.39,4151.505,4156.51,,,,
2025-11-27T19:00:00+02:00,4156.61,4159.33,4154.695,4157.985,,,,
2025-11-27T20:00:00+02:00,4157.98,4159.935,4155.875,4159.29,,,,
2025-11-27T21:00:00+02:00,4159.23,4160.46,4155.7,4157.68,,,,
2025-11-27T22:00:00+02:00,4157.55,4158.87,4155.355,4157.09,,,,
2025-11-27T23:00:00+02:00,4157.65,4159.34,4155.335,4158.8,,,,
2025-11-28T01:00:00+02:00,4159.355,4163.845,4159.325,4163.165,,,,
2025-11-28T02:00:00+02:00,4163.15,4184.055,4162.97,4180.865,,,,
2025-11-28T03:00:00+02:00,4180.85,4193.26,4180.77,4191.295,4193.26,,,
2025-11-28T04:00:00+02:00,4191.28,4191.985,4186.04,4189.635,,,,
2025-11-28T05:00:00+02:00,4189.77,4192.705,4180.63,4183.39,,,,
2025-11-28T06:00:00+02:00,4183.405,4189.4,4176.575,4189.03,,,,
2025-11-28T07:00:00+02:00,4188.655,4189.2,4170.68,4181.97,,,,
2025-11-28T08:00:00+02:00,4181.655,4192.46,4180.89,4187.12,,,,
2025-11-28T09:00:00+02:00,4187.14,4187.81,4172.85,4174.16,,,,
2025-11-28T10:00:00+02:00,4173.95,4175.76,4153.74,4164.01,,,4153.74,
2025-11-28T11:00:00+02:00,4166.166,4169.105,4161.03,4167.545,,,,
2025-11-28T12:00:00+02:00,4167.8,4178.235,4159.32,4163.325,,,,
2025-11-28T13:00:00+02:00,4163.14,4180.15,4162.325,4171.275,,,,
2025-11-28T14:00:00+02:00,4170.63,4179.72,4168.11,4176.95,,,,
2025-11-28T15:00:00+02:00,4176.96,4182.975,4168.22,4182.7,,,,
2025-11-28T16:00:00+02:00,4182.785,4209.04,4182.66,4198.075,,,,
2025-11-28T17:00:00+02:00,4198.075,4204.295,4185.765,4203.93,,,,
2025-11-28T18:00:00+02:00,4203.94,4210.95,4197.87,4206.4,,,,
2025-11-28T19:00:00+02:00,4206.425,4217.1,4204.545,4216.97,,,,
2025-11-28T20:00:00+02:00,4217.04,4226.915,4210.96,4220.55,,,,
2025-11-28T21:00:00+02:00,4220.525,4222.075,4215.005,4215.82,,,,
2025-12-01T01:00:00+02:00,4226.31,4226.465,4205.785,4221.94,,,,
2025-12-01T02:00:00+02:00,4221.905,4233.735,4218.43,4230.775,,,,
2025-12-01T03:00:00+02:00,4230.76,4256.45,4219.745,4255.56,,,,
2025-12-01T04:00:00+02:00,4255.55,4256.6,4234.305,4242.955,4256.6,,,
2025-12-01T05:00:00+02:00,4242.95,4244.08,4232.6,4239.49,,,,
2025-12-01T06:00:00+02:00,4239.5,4247.065,4236.56,4245.775,,,,
2025-12-01T07:00:00+02:00,4245.765,4246.745,4215.605,4229.675,,,4215.605,
2025-12-01T08:00:00+02:00,4229.75,4240.665,4226.27,4237.105,,,,
2025-12-01T09:00:00+02:00,4237.105,4246.715,4231.735,4245.35,,,,
2025-12-01T10:00:00+02:00,4245.375,4253.715,4238.335,4244.78,,,,
2025-12-01T11:00:00+02:00,4244.835,4251.895,4243.8,4250.125,,,,
2025-12-01T12:00:00+02:00,4250.14,4262.435,4249.255,4255.64,,,,
2025-12-01T13:00:00+02:00,4255.655,4258.605,4248.33,4254.63,,,,
2025-12-01T14:00:00+02:00,4254.475,4256.73,4244.225,4246.605,,,,
2025-12-01T15:00:00+02:00,4246.45,4264.7,4245.695,4247.395,4264.7,,,
2025-12-01T16:00:00+02:00,4247.455,4249.36,4219.78,4239.98,,,,
2025-12-01T17:00:00+02:00,4240.53,4244.905,4219.495,4232.525,,,4219.495,
2025-12-01T18:00:00+02:00,4232.51,4242.66,4225.18,4226.295,,,,
2025-12-01T19:00:00+02:00,4226.285,4240.08,4223.105,4232.285,,,,
2025-12-01T20:00:00+02:00,4232.345,4244.81,4232.345,4240.44,,,,
2025-12-01T21:00:00+02:00,4240.46,4243.885,4229.315,4237.075,,,,
2025-12-01T22:00:00+02:00,4237.1,4241.63,4234.545,4237.5,,,,
2025-12-01T23:00:00+02:00,4237.4,4240.47,4230.265,4232.29,,,,
2025-12-02T01:00:00+02:00,4231.77,4236.15,4224.39,4227.54,,,,
2025-12-02T02:00:00+02:00,4227.55,4229.735,4221.69,4226.795,,,,
2025-12-02T03:00:00+02:00,4226.72,4227.34,4192.915,4219.56,,,,4192.915
2025-12-02T04:00:00+02:00,4219.555,4224.705,4214.52,4221.76,,,,
2025-12-02T05:00:00+02:00,4221.655,4226.415,4215.74,4216.835,,,,
2025-12-02T06:00:00+02:00,4216.84,4220.845,4213.8,4218.785,,,,
2025-12-02T07:00:00+02:00,4218.8,4225.655,4215.18,4225.005,,,,
2025-12-02T08:00:00+02:00,4225.03,4226.35,4203.285,4212.965,,,,
2025-12-02T09:00:00+02:00,4212.945,4219.495,4209.82,4213.57,,,,
2025-12-02T10:00:00+02:00,4213.585,4217.24,4207.24,4210.22,,,,
2025-12-02T11:00:00+02:00,4210.16,4213.3,4181.14,4192.12,,,,4181.14
2025-12-02T12:00:00+02:00,4192.085,4192.565,4182.31,4185.925,,,,
2025-12-02T13:00:00+02:00,4185.91,4206.16,4185.07,4205.64,,,,
2025-12-02T14:00:00+02:00,4205.625,4209.655,4201.07,4208.925,,,,
2025-12-02T15:00:00+02:00,4208.92,4215.33,4202.225,4212.565,,,,
2025-12-02T16:00:00+02:00,4212.495,4230.685,4212.4,4218.845,,4230.685,,
2025-12-02T17:00:00+02:00,4218.77,4219.69,4163.805,4169.835,,,,4163.805
2025-12-02T18:00:00+02:00,4170.075,4190.405,4166.825,4185.03,,,,
2025-12-02T19:00:00+02:00,4185.04,4196.94,4184.835,4193.885,,,,
2025-12-02T20:00:00+02:00,4193.865,4197.08,4183.23,4190.985,,,,
2025-12-02T21:00:00+02:00,4191.03,4200.4,4191.03,4196.47,,,,
2025-12-02T22:00:00+02:00,4196.45,4212.495,4194.79,4210.225,,,,
2025-12-02T23:00:00+02:00,4210.24,4211.865,4205.265,4205.665,,,,
2025-12-03T01:00:00+02:00,4202.48,4216.165,4202.38,4212.75,,,,
2025-12-03T02:00:00+02:00,4212.745,4212.91,4204.665,4212.07,,,,
2025-12-03T03:00:00+02:00,4212.1,4221.185,4211.81,4214.435,,,,
2025-12-03T04:00:00+02:00,4214.435,4229.065,4214.235,4226.725,,4229.065,,
2025-12-03T05:00:00+02:00,4226.725,4227.62,4220.245,4221.335,,,,
2025-12-03T06:00:00+02:00,4221.295,4225.455,4217.475,4222.515,,,,
2025-12-03T07:00:00+02:00,4222.47,4224.12,4203.405,4207.705,,,,
2025-12-03T08:00:00+02:00,4207.735,4211.995,4204.845,4208.42,,,,
2025-12-03T09:00:00+02:00,4208.425,4210.35,4200.39,4206.335,,,,
2025-12-03T10:00:00+02:00,4206.385,4210.33,4203.765,4206.43,,,,
2025-12-03T11:00:00+02:00,4206.485,4207.665,4197.22,4202.205,,,,
2025-12-03T12:00:00+02:00,4202.215,4204.965,4194.645,4200.655,,,4194.645,
2025-12-03T13:00:00+02:00,4200.7,4209.245,4197.16,4208.795,,,,
2025-12-03T14:00:00+02:00,4208.77,4214.41,4205.16,4213.595,,,,
2025-12-03T15:00:00+02:00,4213.545,4238.585,4211.105,4237.39,,,,
2025-12-03T16:00:00+02:00,4237.49,4241.565,4205.05,4212.335,4241.565,,,
2025-12-03T17:00:00+02:00,4212.285,4229.565,4206.095,4216.415,,,,
2025-12-03T18:00:00+02:00,4216.365,4225.33,4195.855,4200.895,,,,
2025-12-03T19:00:00+02:00,4200.94,4215.59,4200.39,4211.075,,,,
2025-12-03T20:00:00+02:00,4211.205,4211.515,4195.195,4197.015,,,4195.195,
2025-12-03T21:00:00+02:00,4197.075,4210.1,4196.95,4207.86,,,,
2025-12-03T22:00:00+02:00,4207.84,4212.825,4203.675,4206.23,,,,
2025-12-03T23:00:00+02:00,4206.215,4210.1,4202.69,4203.115,,,,
2025-12-04T01:00:00+02:00,4206.465,4209.08,4202.9,4207.465,,,,
2025-12-04T02:00:00+02:00,4207.54,4215.975,4204.755,4211.77,,,,
2025-12-04T03:00:00+02:00,4211.655,4217.08,4205.93,4209.24,,4217.08,,
2025-12-04T04:00:00+02:00,4209.31,4209.31,4199.01,4200.675,,,,
2025-12-04T05:00:00+02:00,4200.74,4201.58,4187.43,4195.875,,,,
2025-12-04T06:00:00+02:00,4195.805,4199.25,4192.83,4197.155,,,,
2025-12-04T07:00:00+02:00,4197.105,4199.14,4174.81,4181.1,,,,4174.81
2025-12-04T08:00:00+02:00,4181.155,4190.465,4178.82,4190.345,,,,
2025-12-04T09:00:00+02:00,4190.35,4195.215,4186.54,4193.945,,,,
2025-12-04T10:00:00+02:00,4193.86,4196.4,4184.8,4185,,,,
2025-12-04T11:00:00+02:00,4185.005,4202.28,4183.57,4199.95,,,,
2025-12-04T12:00:00+02:00,4199.945,4202.83,4196.645,4197.405,,,,
2025-12-04T13:00:00+02:00,4197.415,4206.63,4197.195,4198.475,,,,
2025-12-04T14:00:00+02:00,4198.485,4201.855,4188.79,4190.47,,,,
2025-12-04T15:00:00+02:00,4190.495,4198.645,4185.45,4198.43,,,,
2025-12-04T16:00:00+02:00,4198.385,4213.61,4193.575,4201.305,,,,
2025-12-04T17:00:00+02:00,4201.355,4210.28,4191.545,4207.355,,,,
2025-12-04T18:00:00+02:00,4207.42,4219.62,4206.63,4215.74,4219.62,,,
2025-12-04T19:00:00+02:00,4215.74,4217.735,4208.995,4216.715,,,,
2025-12-04T20:00:00+02:00,4216.68,4217.675,4207.41,4208.07,,,,
2025-12-04T21:00:00+02:00,4208.115,4210.18,4199.545,4208.975,,,,
2025-12-04T22:00:00+02:00,4208.785,4210.365,4205.485,4209.94,,,,
2025-12-04T23:00:00+02:00,4209.895,4210.425,4207.86,4208.765,,,,
2025-12-05T01:00:00+02:00,4209.41,4209.57,4204.005,4206.285,,,,
2025-12-05T02:00:00+02:00,4206.345,4210.685,4201.245,4201.785,,,,
2025-12-05T03:00:00+02:00,4201.725,4204.615,4194.815,4203.14,,,4194.815,
2025-12-05T04:00:00+02:00,4203.17,4208.69,4196.77,4207.3,,,,
2025-12-05T05:00:00+02:00,4207.37,4210.89,4201.74,4209.635,,,,
2025-12-05T06:00:00+02:00,4209.395,4217.655,4208.08,4217.025,,,,
2025-12-05T07:00:00+02:00,4217.02,4221.475,4214.53,4220.65,,,,
2025-12-05T08:00:00+02:00,4220.635,4229.35,4218.77,4224.7,,,,
2025-12-05T09:00:00+02:00,4224.725,4230.9,4222.56,4224.55,4230.9,,,
2025-12-05T10:00:00+02:00,4224.575,4227.24,4220.535,4220.6,,,,
2025-12-05T11:00:00+02:00,4220.585,4225.22,4215.935,4223.43,,,,
2025-12-05T12:00:00+02:00,4223.415,4227.545,4222.525,4222.93,,,,
2025-12-05T13:00:00+02:00,4222.915,4225.8,4220.15,4223.54,,,,
2025-12-05T14:00:00+02:00,4223.54,4229.72,4222.93,4228.83,,,,
2025-12-05T15:00:00+02:00,4228.98,4239.03,4221.46,4234.62,,,,
2025-12-05T16:00:00+02:00,4234.54,4245.67,4228.22,4242.135,,,,
2025-12-05T17:00:00+02:00,4242.115,4259.34,4234,4243.845,4259.34,,,
2025-12-05T18:00:00+02:00,4243.89,4245.765,4198.545,4214.175,,,,
2025-12-05T19:00:00+02:00,4214.21,4219.92,4206.55,4217.565,,,,
2025-12-05T20:00:00+02:00,4217.54,4219.35,4206.695,4208.955,,,,
2025-12-05T21:00:00+02:00,4208.97,4211.08,4202.34,4207.56,,,,
2025-12-05T22:00:00+02:00,4207.6,4207.71,4199.485,4202.14,,,,
2025-12-05T23:00:00+02:00,4202.165,4202.42,4192.055,4198.685,,,,4192.055
2025-12-08T01:00:00+02:00,4198.685,4203.14,4198.505,4201.52,,,,
2025-12-08T02:00:00+02:00,4201.58,4211.86,4199.91,4210.76,,,,
2025-12-08T03:00:00+02:00,4210.745,4211.775,4197.54,4201.25,,,,
2025-12-08T04:00:00+02:00,4201.19,4212.635,4198.72,4208.515,,,,
2025-12-08T05:00:00+02:00,4208.51,4213.305,4206.86,4210.24,,,,
2025-12-08T06:00:00+02:00,4210.215,4213.415,4207.045,4208.67,,,,
2025-12-08T07:00:00+02:00,4208.625,4217.365,4204.77,4217.3,,,,
2025-12-08T08:00:00+02:00,4217.295,4219.175,4212.18,4217.185,,4219.175,,
2025-12-08T09:00:00+02:00,4217.19,4217.61,4206.31,4206.83,,,,
2025-12-08T10:00:00+02:00,4206.815,4216.695,4203.175,4209.875,,,,
2025-12-08T11:00:00+02:00,4209.66,4213.045,4204.305,4207.855,,,,
2025-12-08T12:00:00+02:00,4207.85,4210.385,4201.105,4203.685,,,,
2025-12-08T13:00:00+02:00,4203.51,4214.465,4199.71,4208.735,,,,
2025-12-08T14:00:00+02:00,4208.77,4215.585,4208.54,4213.86,,,,
2025-12-08T15:00:00+02:00,4213.78,4214.785,4197.895,4201.9,,,,
2025-12-08T16:00:00+02:00,4201.905,4211.85,4195.315,4196.575,,,,
2025-12-08T17:00:00+02:00,4196.565,4196.8,4176.205,4182.905,,,,4176.205
2025-12-08T18:00:00+02:00,4182.89,4197.88,4176.815,4191.64,,,,
2025-12-08T19:00:00+02:00,4191.645,4195.68,4185.725,4195.045,,,,
2025-12-08T20:00:00+02:00,4195.01,4195.74,4184.555,4187.415,,,,
2025-12-08T21:00:00+02:00,4187.45,4189.055,4184.435,4187.03,,,,
2025-12-08T22:00:00+02:00,4187.045,4195.695,4184.98,4191.67,,,,
2025-12-08T23:00:00+02:00,4191.685,4193.36,4188.465,4190.66,,,,
2025-12-09T01:00:00+02:00,4191.48,4195.49,4190.785,4194.86,,,,
2025-12-09T02:00:00+02:00,4194.835,4195.82,4190.03,4190.535,,,,
2025-12-09T03:00:00+02:00,4190.595,4197.415,4188.885,4196.375,,,,
2025-12-09T04:00:00+02:00,4196.315,4197.29,4186.105,4190.035,,,,
2025-12-09T05:00:00+02:00,4190.1,4198.905,4190.1,4194.605,,4198.905,,
2025-12-09T06:00:00+02:00,4194.58,4195.76,4184.53,4186.78,,,,
2025-12-09T07:00:00+02:00,4186.765,4187.385,4178.035,4179.665,,,,
2025-12-09T08:00:00+02:00,4179.7,4184.075,4169.985,4182.285,,,,4169.985
2025-12-09T09:00:00+02:00,4182.29,4186.03,4175.855,4182.415,,,,
2025-12-09T10:00:00+02:00,4182.435,4192.025,4182.425,4191.73,,,,
2025-12-09T11:00:00+02:00,4191.74,4213.05,4190.795,4203.035,4213.05,,,
2025-12-09T12:00:00+02:00,4203.07,4208.505,4201.355,4204.12,,,,
2025-12-09T13:00:00+02:00,4204.1,4206.66,4201.235,4203.14,,,,
2025-12-09T14:00:00+02:00,4203.19,4207.705,4198.595,4204.235,,,,
2025-12-09T15:00:00+02:00,4204.245,4208.57,4195.725,4201.515,,,,
2025-12-09T16:00:00+02:00,4201.54,4210.455,4189.505,4204.99,,,4189.505,
2025-12-09T17:00:00+02:00,4204.78,4216.545,4190.14,4212.575,,,,
2025-12-09T18:00:00+02:00,4212.6,4221.625,4210.14,4212.4,4221.625,,,
2025-12-09T19:00:00+02:00,4212.41,4216.265,4201.665,4203.14,,,,
2025-12-09T20:00:00+02:00,4203.225,4209.935,4201.255,4209.195,,,,
2025-12-09T21:00:00+02:00,4209.14,4214.485,4207.15,4212.62,,,,
2025-12-09T22:00:00+02:00,4212.53,4216.035,4208.94,4212.125,,,,
2025-12-09T23:00:00+02:00,4212.14,4213.05,4207.415,4207.915,,,,
2025-12-10T01:00:00+02:00,4209.445,4212.99,4208.02,4210.75,,,,
2025-12-10T02:00:00+02:00,4210.68,4212.77,4207.01,4208.295,,,,
2025-12-10T03:00:00+02:00,4208.31,4218.15,4206.93,4213.75,,,,
2025-12-10T04:00:00+02:00,4213.73,4218.86,4211.74,4217.095,,4218.86,,
2025-12-10T05:00:00+02:00,4216.995,4217.27,4203.485,4206.44,,,,
2025-12-10T06:00:00+02:00,4206.395,4209.845,4205.58,4207.12,,,,
2025-12-10T07:00:00+02:00,4207.015,4214.66,4201.7,4211.575,,,,
2025-12-10T08:00:00+02:00,4211.515,4211.855,4203.005,4207.415,,,,
2025-12-10T09:00:00+02:00,4207.42,4209.26,4203.17,4203.37,,,,
2025-12-10T10:00:00+02:00,4203.3,4206.66,4197.05,4197.92,,,,
2025-12-10T11:00:00+02:00,4197.72,4200.52,4192.65,4194.39,,,,
2025-12-10T12:00:00+02:00,4194.34,4196.67,4187.8,4193.245,,,,4187.8
2025-12-10T13:00:00+02:00,4193.345,4197.845,4192.655,4197.44,,,,
2025-12-10T14:00:00+02:00,4197.405,4202.375,4195.405,4196.575,,,,
2025-12-10T15:00:00+02:00,4196.565,4205.23,4193.22,4200.745,,,,
2025-12-10T16:00:00+02:00,4200.7,4207.105,4191.415,4192.56,,,,
2025-12-10T17:00:00+02:00,4192.53,4201.27,4188.97,4193.75,,,,
2025-12-10T18:00:00+02:00,4193.78,4205.16,4192.72,4204.975,,,,
2025-12-10T19:00:00+02:00,4204.92,4204.955,4196.905,4199.735,,,,
2025-12-10T20:00:00+02:00,4199.775,4200.75,4192.15,4194.07,,,,
2025-12-10T21:00:00+02:00,4194.105,4219.86,4182.08,4216.45,,,,4182.08
2025-12-10T22:00:00+02:00,4216.41,4238.785,4211.425,4229.555,,,,
2025-12-10T23:00:00+02:00,4229.525,4232.335,4221.32,4228.775,,,,
2025-12-11T01:00:00+02:00,4228.245,4234.215,4224.255,4232.585,,,,
2025-12-11T02:00:00+02:00,4232.565,4245.385,4231.615,4237.375,,,,
2025-12-11T03:00:00+02:00,4237.38,4247.805,4233.03,4238.39,4247.805,,,
2025-12-11T04:00:00+02:00,4238.365,4240.915,4220.36,4222.28,,,,
2025-12-11T05:00:00+02:00,4222.22,4225.02,4209.47,4216.905,,,,
2025-12-11T06:00:00+02:00,4216.82,4218.45,4208.43,4213.525,,,,
2025-12-11T07:00:00+02:00,4213.405,4216.315,4206.075,4207.35,,,,
2025-12-11T08:00:00+02:00,4207.355,4215.61,4204.27,4214.725,,,4204.27,
2025-12-11T09:00:00+02:00,4214.75,4218.75,4210.595,4216.11,,,,
2025-12-11T10:00:00+02:00,4216.105,4219.65,4212.835,4216.775,,,,
2025-12-11T11:00:00+02:00,4216.785,4221.615,4210.4,4218.495,,,,
2025-12-11T12:00:00+02:00,4218.51,4226.08,4211.84,4217.035,,,,
2025-12-11T13:00:00+02:00,4217.06,4219.125,4209.61,4211.19,,,,
2025-12-11T14:00:00+02:00,4211.195,4220.61,4208.77,4220.565,,,,
2025-12-11T15:00:00+02:00,4220.705,4223.52,4205.35,4221.015,,,4205.35,
2025-12-11T16:00:00+02:00,4221.035,4244.595,4217.945,4230.395,,,,
2025-12-11T17:00:00+02:00,4230.36,4261.5,4226.335,4256.125,,,,
2025-12-11T18:00:00+02:00,4256.16,4279.04,4250.085,4273.655,,,,
2025-12-11T19:00:00+02:00,4273.645,4281.815,4272.23,4278.71,,,,
2025-12-11T20:00:00+02:00,4278.605,4285.89,4266.77,4268.28,4285.89,,,
2025-12-11T21:00:00+02:00,4268.255,4277.835,4262.83,4273.545,,,,
2025-12-11T22:00:00+02:00,4273.535,4276.395,4264.25,4276.285,,,,
2025-12-11T23:00:00+02:00,4276.24,4283.725,4272.61,4279.335,,,,
2025-12-12T01:00:00+02:00,4282.93,4283.005,4272.42,4276.285,,,,
2025-12-12T02:00:00+02:00,4276.32,4280.07,4269.11,4269.53,,,,
2025-12-12T03:00:00+02:00,4269.555,4276.32,4264.525,4270.935,,,,
2025-12-12T04:00:00+02:00,4270.95,4277.17,4269.32,4270.41,,,,
2025-12-12T05:00:00+02:00,4270.42,4274.825,4268.775,4270.705,,,,
2025-12-12T06:00:00+02:00,4270.68,4271.12,4266.36,4266.39,,,,
2025-12-12T07:00:00+02:00,4266.44,4280.695,4266.045,4278.94,,,,
2025-12-12T08:00:00+02:00,4278.945,4283.285,4276.665,4282.975,,,,
2025-12-12T09:00:00+02:00,4282.86,4290.625,4281.38,4287.245,,,,
2025-12-12T10:00:00+02:00,4287.28,4309.545,4287.185,4308.17,,,,
2025-12-12T11:00:00+02:00,4308.19,4320.425,4306.96,4318.315,,,,
2025-12-12T12:00:00+02:00,4318.3,4331.175,4314.695,4330.17,,,,
2025-12-12T13:00:00+02:00,4330.315,4339.385,4327.21,4336.515,,,,
2025-12-12T14:00:00+02:00,4336.505,4339.46,4324.735,4325.79,,,,
2025-12-12T15:00:00+02:00,4325.905,4346.32,4321.495,4341.155,,,,
2025-12-12T16:00:00+02:00,4341.145,4353.555,4331.05,4346.935,4353.555,,,
2025-12-12T17:00:00+02:00,4346.865,4351.625,4283.55,4290.755,,,,
2025-12-12T18:00:00+02:00,4290.835,4296.665,4257.275,4281.89,,,4257.275,
2025-12-12T19:00:00+02:00,4281.87,4298.525,4271.265,4294.255,,,,
2025-12-12T20:00:00+02:00,4294.3,4303.915,4290.535,4295.02,,,,
2025-12-12T21:00:00+02:00,4295.34,4299.705,4289.96,4296.51,,,,
2025-12-12T22:00:00+02:00,4296.53,4302.985,4288.74,4299.335,,,,
2025-12-12T23:00:00+02:00,4299.41,4304.215,4296.93,4299.38,,,,
2025-12-15T01:00:00+02:00,4302.985,4308.52,4301.72,4302.575,,,,
2025-12-15T02:00:00+02:00,4302.67,4307.995,4300.41,4307.515,,,,
2025-12-15T03:00:00+02:00,4307.555,4325.925,4305.66,4322.53,,,,
2025-12-15T04:00:00+02:00,4322.39,4329.405,4320.845,4326.345,,,,
2025-12-15T05:00:00+02:00,4326.365,4329.775,4319.32,4327.33,,,,
2025-12-15T06:00:00+02:00,4327.28,4330.1,4323.1,4326.19,,,,
2025-12-15T07:00:00+02:00,4326.255,4344.46,4324.685,4343.615,,,,
2025-12-15T08:00:00+02:00,4343.78,4347.48,4339.485,4343.51,,,,
2025-12-15T09:00:00+02:00,4343.53,4344.75,4333.545,4339.19,,,,
2025-12-15T10:00:00+02:00,4339.215,4349.025,4338.785,4346.82,,,,
2025-12-15T11:00:00+02:00,4346.765,4350.285,4342.345,4342.565,,4350.285,,
2025-12-15T12:00:00+02:00,4342.56,4348.175,4337.715,4339.59,,,,
2025-12-15T13:00:00+02:00,4339.61,4343.685,4335.305,4342.775,,,,
2025-12-15T14:00:00+02:00,4342.785,4348.525,4342.74,4345.71,,,,
2025-12-15T15:00:00+02:00,4345.685,4346.32,4330.74,4332.06,,,,
2025-12-15T16:00:00+02:00,4332.075,4336.835,4317.515,4323.765,,,,
2025-12-15T17:00:00+02:00,4323.695,4327.935,4311.63,4318.375,,,,
2025-12-15T18:00:00+02:00,4318.385,4319.02,4285.515,4297.815,,,4285.515,
2025-12-15T19:00:00+02:00,4297.795,4306.825,4291.08,4304.425,,,,
2025-12-15T20:00:00+02:00,4304.53,4313.61,4300.06,4313.085,,,,
2025-12-15T21:00:00+02:00,4313.085,4317.81,4307.92,4314.285,,,,
2025-12-15T22:00:00+02:00,4314.21,4314.385,4299.725,4304.625,,,,
2025-12-15T23:00:00+02:00,4304.63,4305.84,4300.825,4304.91,,,,
2025-12-16T01:00:00+02:00,4307.67,4309.77,4303.565,4304.445,,,,
2025-12-16T02:00:00+02:00,4304.435,4313.515,4303.04,4308.045,,,,
2025-12-16T03:00:00+02:00,4308.055,4318.035,4299.355,4308.79,,4318.035,,
2025-12-16T04:00:00+02:00,4308.68,4312.3,4286.605,4289.71,,,,
2025-12-16T05:00:00+02:00,4289.745,4294.675,4280.62,4291.005,,,,
2025-12-16T06:00:00+02:00,4290.98,4292.385,4286.825,4289.22,,,,
2025-12-16T07:00:00+02:00,4289.225,4292.405,4271.575,4284.185,,,,4271.575
2025-12-16T08:00:00+02:00,4284.22,4292.345,4282.595,4289.41,,,,
2025-12-16T09:00:00+02:00,4289.44,4290.13,4279.63,4287.655,,,,
2025-12-16T10:00:00+02:00,4287.635,4289.445,4275.275,4284.705,,,,
2025-12-16T11:00:00+02:00,4284.685,4285.93,4276.575,4280.495,,,,
2025-12-16T12:00:00+02:00,4280.545,4284.44,4274.7,4277.45,,,,
2025-12-16T13:00:00+02:00,4277.4,4279.765,4273.885,4278.69,,,4273.885,
2025-12-16T14:00:00+02:00,4278.635,4294.995,4276.94,4294.535,,,,
2025-12-16T15:00:00+02:00,4294.565,4313.27,4291,4313.015,,,,
2025-12-16T16:00:00+02:00,4313.04,4332.205,4311.43,4324.48,,,,
2025-12-16T17:00:00+02:00,4324.445,4335.185,4312.56,4319.865,4335.185,,,
2025-12-16T18:00:00+02:00,4319.805,4323.39,4291.41,4300.675,,,,
2025-12-16T19:00:00+02:00,4300.66,4311.07,4300.355,4303.725,,,,
2025-12-16T20:00:00+02:00,4303.83,4313.475,4298.285,4311.37,,,,
2025-12-16T21:00:00+02:00,4311.44,4315.92,4296.81,4310.655,,,,
2025-12-16T22:00:00+02:00,4310.65,4314.475,4302.66,4304.615,,,,
2025-12-16T23:00:00+02:00,4304.645,4305.53,4300.61,4302.225,,,,
2025-12-17T01:00:00+02:00,4303.6,4309.215,4302.405,4308.11,,,,
2025-12-17T02:00:00+02:00,4308.1,4315.435,4307.6,4313.195,,,,
2025-12-17T03:00:00+02:00,4313.205,4326.78,4311.445,4326.635,,,,
2025-12-17T04:00:00+02:00,4326.69,4327.835,4311.145,4314.365,,,,
2025-12-17T05:00:00+02:00,4314.38,4325.215,4312.64,4323.84,,,,
2025-12-17T06:00:00+02:00,4323.955,4331.65,4320.56,4329.8,,,,
2025-12-17T07:00:00+02:00,4329.785,4342.58,4328.095,4333.9,4342.58,,,
2025-12-17T08:00:00+02:00,4333.88,4337.64,4324.7,4328.72,,,,
2025-12-17T09:00:00+02:00,4328.685,4328.685,4315.68,4317.835,,,,
2025-12-17T10:00:00+02:00,4317.785,4320.915,4308.44,4319.385,,,,
2025-12-17T11:00:00+02:00,4319.3,4323.45,4315.88,4317.015,,,,
2025-12-17T12:00:00+02:00,4316.895,4322.315,4306.515,4317.805,,,4306.515,
2025-12-17T13:00:00+02:00,4317.875,4320.465,4315.06,4316.345,,,,
2025-12-17T14:00:00+02:00,4316.33,4323.24,4314.99,4317.57,,,,
2025-12-17T15:00:00+02:00,4317.615,4344.26,4315.085,4342.145,,,,
2025-12-17T16:00:00+02:00,4342.125,4346.09,4323.14,4338.245,,,,
2025-12-17T17:00:00+02:00,4338.22,4349.28,4324.34,4330.485,4349.28,,,
2025-12-17T18:00:00+02:00,4330.575,4337.66,4320.325,4333.68,,,,
2025-12-17T19:00:00+02:00,4333.675,4342.595,4328.77,4342.58,,,,
2025-12-17T20:00:00+02:00,4342.585,4346.61,4328.82,4336.25,,,,
2025-12-17T21:00:00+02:00,4336.13,4341.2,4330.45,4337.265,,,,
2025-12-17T22:00:00+02:00,4337.28,4346.145,4335.425,4341.49,,,,
2025-12-17T23:00:00+02:00,4341.545,4346.41,4337.5,4337.83,,,,
2025-12-18T01:00:00+02:00,4338.89,4343.095,4335.535,4339.055,,,,
2025-12-18T02:00:00+02:00,4338.985,4343.03,4333.34,4334.985,,,,
2025-12-18T03:00:00+02:00,4335.06,4337.245,4324.02,4331.745,,,4324.02,
2025-12-18T04:00:00+02:00,4331.78,4337.985,4330.01,4333.365,,,,
2025-12-18T05:00:00+02:00,4333.345,4336.94,4331.05,4333.34,,,,
2025-12-18T06:00:00+02:00,4333.28,4333.59,4328.69,4331.845,,,,
2025-12-18T07:00:00+02:00,4331.69,4337.465,4331.065,4333.32,,,,
2025-12-18T08:00:00+02:00,4333.27,4336.185,4330.68,4334.01,,,,
2025-12-18T09:00:00+02:00,4334.04,4337.785,4330.075,4331.495,,,,
2025-12-18T10:00:00+02:00,4331.375,4332.59,4321.805,4326.645,,,,
2025-12-18T11:00:00+02:00,4326.48,4328.63,4320.655,4323.64,,,,
2025-12-18T12:00:00+02:00,4323.615,4327.615,4322.02,4325.54,,,,
2025-12-18T13:00:00+02:00,4325.52,4328.825,4324.47,4325.735,,,,
2025-12-18T14:00:00+02:00,4325.685,4326.715,4317.285,4320.94,,,,
2025-12-18T15:00:00+02:00,4320.925,4343.185,4314.68,4336.65,,,,
2025-12-18T16:00:00+02:00,4336.635,4341.485,4308.67,4328.625,,,,4308.67
2025-12-18T17:00:00+02:00,4328.58,4341.77,4325.06,4338.395,,,,
2025-12-18T18:00:00+02:00,4338.42,4374.655,4337.74,4360.415,4374.655,,,
2025-12-18T19:00:00+02:00,4360.42,4363.415,4322.145,4333.565,,,,
2025-12-18T20:00:00+02:00,4333.575,4341.455,4325.905,4331.955,,,,
2025-12-18T21:00:00+02:00,4331.925,4335.09,4322.755,4325.18,,,,
2025-12-18T22:00:00+02:00,4325.18,4338.545,4324.67,4335,,,,
2025-12-18T23:00:00+02:00,4334.995,4334.995,4328.55,4332.59,,,,
2025-12-19T01:00:00+02:00,4335.855,4337.07,4333.6,4335.135,,,,
2025-12-19T02:00:00+02:00,4335.11,4335.835,4325.97,4326.33,,,,
2025-12-19T03:00:00+02:00,4326.405,4328.655,4309.095,4323.32,,,4309.095,
2025-12-19T04:00:00+02:00,4323.365,4328.1,4314.175,4316.76,,,,
2025-12-19T05:00:00+02:00,4316.735,4322.55,4312.68,4318.12,,,,
2025-12-19T06:00:00+02:00,4318.145,4322.935,4317.05,4322.74,,,,
2025-12-19T07:00:00+02:00,4322.725,4328.97,4317.46,4325.97,,,,
2025-12-19T08:00:00+02:00,4326.015,4329.57,4321.63,4326.44,,,,
2025-12-19T09:00:00+02:00,4326.42,4329.665,4321.5,4322.61,,,,
2025-12-19T10:00:00+02:00,4322.615,4330.975,4321.085,4325.99,,,,
2025-12-19T11:00:00+02:00,4325.945,4333.67,4324.41,4329.585,,,,
2025-12-19T12:00:00+02:00,4329.555,4331.915,4322.6,4327.805,,,,
2025-12-19T13:00:00+02:00,4327.81,4329.57,4325.18,4327.375,,,,
2025-12-19T14:00:00+02:00,4327.43,4328.955,4320.775,4326.735,,,,
2025-12-19T15:00:00+02:00,4326.77,4335.705,4326.055,4328.365,,,,
2025-12-19T16:00:00+02:00,4328.325,4337.93,4319.83,4332.855,,,4319.83,
2025-12-19T17:00:00+02:00,4332.735,4349.29,4332.135,4347.91,,,,
2025-12-19T18:00:00+02:00,4347.905,4354.755,4342.155,4349.935,,,,
2025-12-19T19:00:00+02:00,4349.92,4355.99,4347.075,4353.555,,,,
2025-12-19T20:00:00+02:00,4353.495,4356.625,4343.155,4348.595,,,,
2025-12-19T21:00:00+02:00,4348.605,4350.635,4345.17,4345.295,,,,
2025-12-19T22:00:00+02:00,4345.26,4346.545,4336.875,4339.75,,,,
2025-12-19T23:00:00+02:00,4339.735,4340.36,4336.555,4338.765,,,4336.555,
2025-12-22T01:00:00+02:00,4340.905,4356.1,4339.9,4355.4,,,,
2025-12-22T02:00:00+02:00,4355.325,4366.56,4355.325,4365.165,,,,
2025-12-22T03:00:00+02:00,4365.275,4384.96,4361.375,4382.97,,,,
2025-12-22T04:00:00+02:00,4382.995,4388.84,4378.695,4386.07,,,,
2025-12-22T05:00:00+02:00,4386.055,4395.05,4384.415,4392.66,,,,
2025-12-22T06:00:00+02:00,4392.655,4401.115,4391.33,4398.525,,,,
2025-12-22T07:00:00+02:00,4398.38,4409.76,4396.865,4400.21,,,,
2025-12-22T08:00:00+02:00,4400.235,4420.16,4398.96,4419.47,,,,
2025-12-22T09:00:00+02:00,4419.455,4420.515,4410.41,4414.395,4420.515,,,
2025-12-22T10:00:00+02:00,4414.345,4415.08,4406.195,4408.28,,,,
2025-12-22T11:00:00+02:00,4408.265,4415.01,4408.02,4411.2,,,,
2025-12-22T12:00:00+02:00,4411.195,4416.055,4406.215,4408.79,,,,
2025-12-22T13:00:00+02:00,4408.765,4411.695,4406.06,4410.42,,,,
2025-12-22T14:00:00+02:00,4410.225,4416.04,4406.29,4415.81,,,,
2025-12-22T15:00:00+02:00,4415.83,4427.42,4412.73,4423.865,,,,
2025-12-22T16:00:00+02:00,4423.905,4429.665,4414.725,4419.445,,,,
2025-12-22T17:00:00+02:00,4419.455,4435.65,4411.945,4431.835,,,,
2025-12-22T18:00:00+02:00,4431.86,4442.21,4428.22,4438.72,,,,
2025-12-22T19:00:00+02:00,4438.725,4442.27,4431.995,4438.51,,,,
2025-12-22T20:00:00+02:00,4438.61,4438.995,4429.445,4435.465,,,,
2025-12-22T21:00:00+02:00,4435.46,4436.085,4429.005,4433.69,,,,
2025-12-22T22:00:00+02:00,4433.615,4439.27,4431.72,4438.715,,,,
2025-12-22T23:00:00+02:00,4438.695,4449.385,4438.525,4443.74,,,,
2025-12-23T01:00:00+02:00,4449.18,4461.66,4449.045,4460.145,,,,
2025-12-23T02:00:00+02:00,4460.095,4470.715,4458.16,4470.6,,,,
2025-12-23T03:00:00+02:00,4470.53,4490.69,4469.44,4486.675,,,,
2025-12-23T04:00:00+02:00,4486.66,4497.685,4481.38,4493.48,4497.685,,,
2025-12-23T05:00:00+02:00,4493.44,4496.78,4482.955,4486.725,,,,
2025-12-23T06:00:00+02:00,4486.765,4488.325,4478.86,4482.585,,,,
2025-12-23T07:00:00+02:00,4482.525,4485.695,4474.92,4475.335,,,,
2025-12-23T08:00:00+02:00,4475.245,4481.735,4469.5,4481.62,,,,
2025-12-23T09:00:00+02:00,4481.61,4489.88,4478.5,4486.855,,,,
2025-12-23T10:00:00+02:00,4486.81,4493.49,4484.73,4490.055,,,,
2025-12-23T11:00:00+02:00,4490.04,4491.36,4478.225,4480.5,,,,
2025-12-23T12:00:00+02:00,4480.545,4487.605,4479.56,4484.4,,,,
2025-12-23T13:00:00+02:00,4484.415,4494.315,4483.1,4493.655,,,,
2025-12-23T14:00:00+02:00,4493.625,4493.785,4483.275,4486.41,,,,
2025-12-23T15:00:00+02:00,4486.35,4497.635,4473.51,4479.36,,4497.635,,
2025-12-23T16:00:00+02:00,4479.425,4480.13,4441.5,4446.745,,,,
2025-12-23T17:00:00+02:00,4446.735,4459.415,4430.515,4458.395,,,4430.515,
2025-12-23T18:00:00+02:00,4458.43,4476.695,4455.815,4474.38,,,,
2025-12-23T19:00:00+02:00,4474.395,4479.92,4469.945,4472.965,,,,
2025-12-23T20:00:00+02:00,4473.08,4485.22,4472.74,4484.725,,,,
2025-12-23T21:00:00+02:00,4484.625,4496.38,4484.265,4490.745,,,,
2025-12-23T22:00:00+02:00,4490.74,4499.82,4489.3,4497.5,,,,
2025-12-23T23:00:00+02:00,4497.505,4498.85,4483.52,4484.55,,,,
2025-12-24T01:00:00+02:00,4488.59,4510.78,4488,4503.39,,,,
2025-12-24T02:00:00+02:00,4503.3,4518.215,4500.96,4512.095,,,,
2025-12-24T03:00:00+02:00,4512.02,4526.15,4507.045,4518.84,4526.15,,,
2025-12-24T04:00:00+02:00,4518.815,4519.52,4474.375,4478.06,,,,
2025-12-24T05:00:00+02:00,4478.26,4498.74,4466.54,4493.2,,,4466.54,
2025-12-24T06:00:00+02:00,4493.325,4501.565,4491.4,4499.32,,,,
2025-12-24T07:00:00+02:00,4499.17,4500.575,4485.185,4488.645,,,,
2025-12-24T08:00:00+02:00,4488.65,4498.025,4485.275,4493.78,,,,
2025-12-24T09:00:00+02:00,4493.805,4495.24,4483.61,4484.05,,,,
2025-12-24T10:00:00+02:00,4484.04,4492.705,4478.205,4482.505,,,,
2025-12-24T11:00:00+02:00,4482.51,4496.26,4482.1,4494.895,,,,
2025-12-24T12:00:00+02:00,4494.89,4500.035,4482.425,4489.695,,,,
2025-12-24T13:00:00+02:00,4489.71,4492.17,4483.165,4491.77,,,,
2025-12-24T14:00:00+02:00,4491.77,4496.335,4489.745,4490.765,,,,
2025-12-24T15:00:00+02:00,4490.8,4493.655,4474.72,4488.29,,,,
2025-12-24T16:00:00+02:00,4488.135,4489.785,4460.485,4464.975,,,,
2025-12-24T17:00:00+02:00,4464.955,4476.745,4448.26,4458.685,,,,4448.26
2025-12-24T18:00:00+02:00,4458.715,4478.265,4456.12,4476.87,,,,
2025-12-24T19:00:00+02:00,4476.88,4487.88,4475.545,4480.745,,,,
2025-12-24T20:00:00+02:00,4480.765,4482.5,4477.405,4479.415,,,,
2025-12-26T01:00:00+02:00,4502.625,4536.74,4484.195,4495.405,4536.74,,,
2025-12-26T02:00:00+02:00,4495.315,4518.11,4492.27,4517.97,,,,
2025-12-26T03:00:00+02:00,4517.965,4531.515,4497.655,4504.045,,,,
2025-12-26T04:00:00+02:00,4504.02,4509.92,4492.21,4508.95,,,,
2025-12-26T05:00:00+02:00,4508.955,4513.545,4497.585,4501.845,,,,
2025-12-26T06:00:00+02:00,4501.84,4511.855,4500.54,4509.19,,,,
2025-12-26T07:00:00+02:00,4509.185,4514.98,4506.13,4509.82,,,,
2025-12-26T08:00:00+02:00,4509.875,4519.55,4508.045,4511.58,,,,
2025-12-26T09:00:00+02:00,4511.63,4515.795,4507.435,4511.05,,,,
2025-12-26T10:00:00+02:00,4511.21,4519.765,4509.735,4518.99,,,,
2025-12-26T11:00:00+02:00,4519.02,4520.7,4512.005,4512.83,,,,
2025-12-26T12:00:00+02:00,4512.795,4523.75,4511.255,4514.47,,,,
2025-12-26T13:00:00+02:00,4514.48,4515.28,4502.91,4509.945,,,4502.91,
2025-12-26T14:00:00+02:00,4509.915,4515.17,4506.785,4508.93,,,,
2025-12-26T15:00:00+02:00,4508.885,4528.885,4503.705,4525.195,,,,
2025-12-26T16:00:00+02:00,4525.19,4533.235,4512.795,4521.16,,,,
2025-12-26T17:00:00+02:00,4521.155,4547.38,4519.64,4546.495,,,,
2025-12-26T18:00:00+02:00,4546.54,4550.15,4531.34,4536.33,4550.15,,,
2025-12-26T19:00:00+02:00,4536.325,4537.65,4510.025,4519.07,,,,
2025-12-26T20:00:00+02:00,4519.055,4532.785,4514.705,4531.155,,,,
2025-12-26T21:00:00+02:00,4531.22,4535.795,4519.925,4523.81,,,,
2025-12-26T22:00:00+02:00,4523.82,4535.74,4521.685,4531.05,,,,
2025-12-26T23:00:00+02:00,4530.985,4534.825,4527.205,4533.21,,,,
2025-12-29T01:00:00+02:00,4542.66,4548.35,4523.05,4527.08,,4548.35,,
2025-12-29T02:00:00+02:00,4527.135,4527.98,4472.25,4497.3,,,,4472.25
2025-12-29T03:00:00+02:00,4497.305,4517.59,4492.295,4497.325,,,,
2025-12-29T04:00:00+02:00,4497.325,4516.02,4496.45,4512.425,,,,
2025-12-29T05:00:00+02:00,4512.465,4520.61,4509.445,4516.67,,,,
2025-12-29T06:00:00+02:00,4516.48,4519.74,4508.005,4515.825,,,,
2025-12-29T07:00:00+02:00,4515.66,4519.595,4504.925,4506.665,,,,
2025-12-29T08:00:00+02:00,4506.545,4510.74,4471.325,4475.105,,,,
2025-12-29T09:00:00+02:00,4475.05,4481.685,4445.115,4474.775,,,,
2025-12-29T10:00:00+02:00,4474.86,4488.6,4452.68,4461.035,,,,
2025-12-29T11:00:00+02:00,4461.08,4476.545,4459.27,4472.18,,,,
2025-12-29T12:00:00+02:00,4472.165,4474.68,4456.935,4460.935,,,,
2025-12-29T13:00:00+02:00,4460.93,4468.02,4434.12,4446.885,,,,
2025-12-29T14:00:00+02:00,4446.995,4464.985,4445.75,4464.415,,,,
2025-12-29T15:00:00+02:00,4464.41,4467.7,4407.145,4421.735,,,,
2025-12-29T16:00:00+02:00,4421.665,4421.665,4356.765,4360.275,,,,
2025-12-29T17:00:00+02:00,4360.38,4360.61,4302.11,4325.455,,,,4302.11
2025-12-29T18:00:00+02:00,4325.42,4347.435,4323.575,4341.59,,,,
2025-12-29T19:00:00+02:00,4341.73,4343.34,4315.015,4328.255,,,,
2025-12-29T20:00:00+02:00,4328.35,4334.86,4322.83,4331.38,,,,
2025-12-29T21:00:00+02:00,4331.39,4337.9,4327.615,4336.925,,,,
2025-12-29T22:00:00+02:00,4336.88,4344.695,4325.735,4334.76,,,,
2025-12-29T23:00:00+02:00,4334.97,4339.64,4327.765,4332.56,,,,
2025-12-30T01:00:00+02:00,4341.72,4347.59,4323.42,4345.945,,,,
2025-12-30T02:00:00+02:00,4345.945,4350.855,4334.62,4339.995,,,,
2025-12-30T03:00:00+02:00,4339.975,4360.405,4324.65,4360.37,,,,
2025-12-30T04:00:00+02:00,4360.36,4364.93,4348.805,4362.75,,,,
2025-12-30T05:00:00+02:00,4362.73,4369.19,4356.41,4359.305,,,,
2025-12-30T06:00:00+02:00,4359.265,4370.125,4357.635,4363.595,,,,
2025-12-30T07:00:00+02:00,4363.735,4380.23,4358.925,4377.585,,,,
2025-12-30T08:00:00+02:00,4377.535,4378.56,4360.055,4364.665,,,,
2025-12-30T09:00:00+02:00,4364.685,4383.445,4359.085,4372.42,,,,
2025-12-30T10:00:00+02:00,4372.51,4373.875,4350.49,4365.085,,,4350.49,
2025-12-30T11:00:00+02:00,4365.045,4376.785,4364.3,4372.345,,,,
2025-12-30T12:00:00+02:00,4372.28,4391.91,4368.01,4384.88,,,,
2025-12-30T13:00:00+02:00,4385.13,4390.535,4381.365,4384.38,,,,
2025-12-30T14:00:00+02:00,4384.405,4402.85,4383.5,4401.24,,,,
2025-12-30T15:00:00+02:00,4401.265,4404.375,4376.27,4388.55,,4404.375,,
2025-12-30T16:00:00+02:00,4388.565,4392.34,4355.865,4366.11,,,,
2025-12-30T17:00:00+02:00,4366.095,4377.54,4359.665,4365.52,,,,
2025-12-30T18:00:00+02:00,4365.485,4379.955,4355.145,4377.78,,,,
2025-12-30T19:00:00+02:00,4377.745,4382.125,4364.27,4370.32,,,,
2025-12-30T20:00:00+02:00,4370.325,4378.865,4362.735,4364.84,,,,
2025-12-30T21:00:00+02:00,4364.845,4368.07,4337.29,4348.82,,,,
2025-12-30T22:00:00+02:00,4348.87,4355.69,4337.955,4341.83,,,,
2025-12-30T23:00:00+02:00,4342.01,4350.665,4334.8,4339.395,,,,
2025-12-31T01:00:00+02:00,4341.77,4346.755,4328.125,4339.12,,,,4328.125
2025-12-31T02:00:00+02:00,4339.07,4346.63,4332.765,4342.515,,,,
2025-12-31T03:00:00+02:00,4342.5,4373.59,4336.85,4365.995,,4373.59,,
2025-12-31T04:00:00+02:00,4365.955,4371.425,4346.635,4348.905,,,,
2025-12-31T05:00:00+02:00,4348.95,4359.91,4341.075,4348.66,,,,
2025-12-31T06:00:00+02:00,4348.685,4351.375,4330.69,4332.865,,,,
2025-12-31T07:00:00+02:00,4332.865,4343.22,4276.685,4285.815,,,,
2025-12-31T08:00:00+02:00,4286.105,4329.415,4274.025,4328.065,,,,4274.025
2025-12-31T09:00:00+02:00,4328.135,4335.23,4323.755,4331.12,,,,
2025-12-31T10:00:00+02:00,4331.16,4333.105,4303.325,4307.74,,,,
2025-12-31T11:00:00+02:00,4307.71,4337.48,4307.325,4325.66,,,,
2025-12-31T12:00:00+02:00,4325.675,4331.455,4303.42,4306.705,,,,
2025-12-31T13:00:00+02:00,4306.605,4316.735,4304.215,4311.26,,,,
2025-12-31T14:00:00+02:00,4311.2,4318.35,4303.255,4313.99,,,4303.255,
2025-12-31T15:00:00+02:00,4313.995,4348.395,4308.205,4346.105,,,,
2025-12-31T16:00:00+02:00,4345.995,4353.445,4332.825,4346.03,,4353.445,,
2025-12-31T17:00:00+02:00,4345.97,4346.285,4327.005,4337.61,,,,
2025-12-31T18:00:00+02:00,4337.675,4339.95,4317.235,4323.16,,,,
2025-12-31T19:00:00+02:00,4323.175,4329.715,4318.33,4322.085,,,,
2025-12-31T20:00:00+02:00,4322.005,4331.78,4315.91,4319.815,,,,
2025-12-31T21:00:00+02:00,4319.975,4323.08,4307.94,4311.55,,,,
2025-12-31T22:00:00+02:00,4311.56,4324.915,4304.645,4313.575,,,4304.645,
2025-12-31T23:00:00+02:00,4313.67,4322.61,4307.465,4322.61,,,,
2026-01-02T01:00:00+02:00,4326.405,4351.665,4326.285,4348.26,,,,
2026-01-02T02:00:00+02:00,4348.245,4355.885,4341.61,4354.055,,,,
2026-01-02T03:00:00+02:00,4354,4355.825,4344.68,4348.095,,,,
2026-01-02T04:00:00+02:00,4348.105,4363.33,4345.32,4362.955,,,,
2026-01-02T05:00:00+02:00,4362.93,4375.78,4362.195,4375.125,,,,
2026-01-02T06:00:00+02:00,4375.145,4378.665,4371.285,4373.16,,,,
2026-01-02T07:00:00+02:00,4373.17,4381.975,4371.11,4380.66,,,,
2026-01-02T08:00:00+02:00,4380.69,4380.88,4373.325,4374.965,,,,
2026-01-02T09:00:00+02:00,4374.945,4383.58,4372.05,4383.015,,,,
2026-01-02T10:00:00+02:00,4382.99,4397.835,4380.935,4386.98,,,,
2026-01-02T11:00:00+02:00,4386.99,4391.715,4383.405,4385.56,,,,
2026-01-02T12:00:00+02:00,4385.59,4398.615,4384.7,4396.24,,,,
2026-01-02T13:00:00+02:00,4396.25,4399.39,4390.83,4393.065,,,,
2026-01-02T14:00:00+02:00,4393.05,4398.44,4385.25,4394.52,,,,
2026-01-02T15:00:00+02:00,4394.585,4402.295,4362.165,4366.255,4402.295,,,
2026-01-02T16:00:00+02:00,4366.27,4373.91,4348.105,4353.74,,,,
2026-01-02T17:00:00+02:00,4353.75,4357.455,4330.475,4335.395,,,,
2026-01-02T18:00:00+02:00,4335.545,4337.535,4315.195,4326.58,,,,
2026-01-02T19:00:00+02:00,4326.535,4333.415,4322.88,4323.245,,,,
2026-01-02T20:00:00+02:00,4323.085,4323.83,4309.915,4315.405,,,4309.915,
2026-01-02T21:00:00+02:00,4315.835,4326.355,4315.835,4318.2,,,,
2026-01-02T22:00:00+02:00,4318.175,4331.76,4317.38,4331.685,,,,
2026-01-02T23:00:00+02:00,4331.765,4333.725,4326.88,4332.065,,,,
2026-01-05T01:00:00+02:00,4356.505,4375.995,4349.355,4372.725,,,,
2026-01-05T02:00:00+02:00,4372.71,4396.71,4370.425,4395.29,,,,
2026-01-05T03:00:00+02:00,4395.28,4421.605,4391.06,4402.2,,,,
2026-01-05T04:00:00+02:00,4402.08,4409.505,4388.575,4405.435,,,,
2026-01-05T05:00:00+02:00,4405.49,4414.165,4399.805,4399.98,,,,
2026-01-05T06:00:00+02:00,4399.965,4408.46,4397.25,4404.31,,,,
2026-01-05T07:00:00+02:00,4404.225,4414.705,4401.035,4412.46,,,,
2026-01-05T08:00:00+02:00,4412.46,4426.52,4411.565,4420.65,,,,
2026-01-05T09:00:00+02:00,4420.635,4425.14,4416.875,4421.79,,,,
2026-01-05T10:00:00+02:00,4421.73,4434.02,4419.31,4430.25,,,,
2026-01-05T11:00:00+02:00,4430.205,4438.335,4426.17,4434.865,,,,
2026-01-05T12:00:00+02:00,4434.85,4440.055,4430.86,4436.48,,,,
2026-01-05T13:00:00+02:00,4436.515,4437.755,4410.805,4419.265,,,,
2026-01-05T14:00:00+02:00,4419.01,4421.51,4405.52,4409.705,,,,
2026-01-05T15:00:00+02:00,4409.785,4418.99,4396.485,4416.965,,,4396.485,
2026-01-05T16:00:00+02:00,4417.025,4442.765,4417.025,4436.28,,,,
2026-01-05T17:00:00+02:00,4436.77,4455.77,4435.56,4448.5,4455.77,,,
2026-01-05T18:00:00+02:00,4448.48,4454.415,4438.195,4441.93,,,,
2026-01-05T19:00:00+02:00,4441.955,4449.255,4432.535,4443.615,,,,
2026-01-05T20:00:00+02:00,4443.55,4448.605,4439.795,4448.605,,,,
2026-01-05T21:00:00+02:00,4448.595,4449.45,4434.855,4439.735,,,,
2026-01-05T22:00:00+02:00,4439.705,4447.105,4438.24,4444.795,,,,
2026-01-05T23:00:00+02:00,4444.815,4449.54,4443.33,4449.17,,,,
2026-01-06T01:00:00+02:00,4454.8,4460.285,4436.865,4440.675,,,,
2026-01-06T02:00:00+02:00,4440.635,4444.77,4430.28,4436.75,,,,
2026-01-06T03:00:00+02:00,4436.76,4452.595,4427.635,4450.89,,,4427.635,
2026-01-06T04:00:00+02:00,4450.905,4461.385,4448.72,4455.17,,,,
2026-01-06T05:00:00+02:00,4455.175,4468.27,4454.385,4467.7,,,,
2026-01-06T06:00:00+02:00,4467.68,4468.67,4461.805,4467.57,,,,
2026-01-06T07:00:00+02:00,4467.535,4474.265,4449.51,4452.505,,,,
2026-01-06T08:00:00+02:00,4452.495,4467.09,4451.56,4465.92,,,,
2026-01-06T09:00:00+02:00,4465.86,4470.4,4457.115,4459.47,,,,
2026-01-06T10:00:00+02:00,4459.475,4475.79,4457.37,4468.305,4475.79,,,
2026-01-06T11:00:00+02:00,4468.295,4468.46,4444.91,4446.58,,,,
2026-01-06T12:00:00+02:00,4446.555,4455.99,4442.665,4451.875,,,4442.665,
2026-01-06T13:00:00+02:00,4451.86,4464.705,4448.78,4463.525,,,,
2026-01-06T14:00:00+02:00,4463.515,4466.565,4458.8,4463.785,,,,
2026-01-06T15:00:00+02:00,4463.735,4470.63,4453.965,4468.09,,,,
2026-01-06T16:00:00+02:00,4468.165,4489.78,4464.405,4487.65,,,,
2026-01-06T17:00:00+02:00,4487.605,4491.205,4463.13,4478.46,,,,
2026-01-06T18:00:00+02:00,4478.425,4489.045,4471.445,4488.38,,,,
2026-01-06T19:00:00+02:00,4488.395,4491.65,4481.76,4489.51,,,,
2026-01-06T20:00:00+02:00,4489.44,4494.165,4482.165,4488.675,,,,
2026-01-06T21:00:00+02:00,4488.68,4489.52,4477.49,4481.505,,,,
2026-01-06T22:00:00+02:00,4481.49,4496.87,4480.505,4493.735,,,,
2026-01-06T23:00:00+02:00,4493.69,4497.31,4491.835,4494.635,,,,
2026-01-07T01:00:00+02:00,4498.54,4500.56,4492.305,4493.73,4500.56,,,
2026-01-07T02:00:00+02:00,4493.645,4494.71,4482.36,4492.195,,,,
2026-01-07T03:00:00+02:00,4492.18,4496.115,4460.985,4465.58,,,,
2026-01-07T04:00:00+02:00,4465.525,4479.08,4459.71,4474.65,,,,
2026-01-07T05:00:00+02:00,4474.665,4480.52,4471.85,4474.9,,,,
2026-01-07T06:00:00+02:00,4474.895,4476.06,4463.57,4464.96,,,,
2026-01-07T07:00:00+02:00,4464.935,4470.55,4443.24,4454.38,,,,
2026-01-07T08:00:00+02:00,4454.365,4460.415,4441.445,4444.125,,,,4441.445
2026-01-07T09:00:00+02:00,4444.12,4465.065,4441.61,4461.185,,,,
2026-01-07T10:00:00+02:00,4461.16,4474.875,4459.53,4468.42,,,,
2026-01-07T11:00:00+02:00,4468.425,4468.7,4459.495,4463.59,,,,
2026-01-07T12:00:00+02:00,4463.54,4467.745,4458.895,4464.415,,,,
2026-01-07T13:00:00+02:00,4464.405,4465.115,4446.62,4447.47,,,,
2026-01-07T14:00:00+02:00,4447.55,4455.23,4439.45,4445.045,,,,
2026-01-07T15:00:00+02:00,4445.03,4453.24,4428.015,4452.96,,,,
2026-01-07T16:00:00+02:00,4452.99,4454.52,4435.885,4445.02,,,,
2026-01-07T17:00:00+02:00,4444.1,4452.485,4423.385,4446.3,,,,4423.385
2026-01-07T18:00:00+02:00,4446.28,4468.37,4443.965,4464.235,,4468.37,,
2026-01-07T19:00:00+02:00,4464.255,4465.375,4449.705,4451.93,,,,
2026-01-07T20:00:00+02:00,4451.815,4459.05,4447.135,4452.25,,,,
2026-01-07T21:00:00+02:00,4452.255,4458.24,4445.545,4457.145,,,,
2026-01-07T22:00:00+02:00,4457.125,4461.625,4450.725,4452.495,,,,
2026-01-07T23:00:00+02:00,4452.515,4456.835,4449.72,4456.65,,,,
2026-01-08T01:00:00+02:00,4461.955,4464.05,4458.52,4463.52,,,,
2026-01-08T02:00:00+02:00,4463.5,4466.485,4446.825,4450.25,,4466.485,,
2026-01-08T03:00:00+02:00,4450.06,4460.42,4441.935,4448.4,,,,
2026-01-08T04:00:00+02:00,4448.395,4449.61,4433.735,4441.36,,,,
2026-01-08T05:00:00+02:00,4441.355,4446.565,4437.49,4440.28,,,,
2026-01-08T06:00:00+02:00,4440.225,4440.665,4430.235,4431.695,,,,
2026-01-08T07:00:00+02:00,4431.68,4432.535,4415.405,4425.815,,,,4415.405
2026-01-08T08:00:00+02:00,4425.83,4437.82,4415.745,4433.385,,,,
2026-01-08T09:00:00+02:00,4433.425,4439.765,4428.415,4431.085,,,,
2026-01-08T10:00:00+02:00,4431.02,4433.625,4419.92,4431.815,,,,
2026-01-08T11:00:00+02:00,4431.71,4435.51,4426.1,4432.77,,,,
2026-01-08T12:00:00+02:00,4432.78,4435.035,4423.035,4433.395,,,,
2026-01-08T13:00:00+02:00,4433.235,4433.235,4422.275,4422.985,,,,
2026-01-08T14:00:00+02:00,4422.975,4431.44,4407.835,4427.825,,,,4407.835
2026-01-08T15:00:00+02:00,4427.765,4436.205,4417.405,4423.835,,,,
2026-01-08T16:00:00+02:00,4423.87,4439.53,4418.925,4433.175,,,,
2026-01-08T17:00:00+02:00,4433.155,4456.83,4428.04,4454.36,,,,
2026-01-08T18:00:00+02:00,4454.375,4464.705,4447.035,4463.365,,,,
2026-01-08T19:00:00+02:00,4463.425,4465.745,4457.715,4463.565,,,,
2026-01-08T20:00:00+02:00,4463.53,4463.53,4448.065,4449.685,,,,
2026-01-08T21:00:00+02:00,4449.675,4453,4444.715,4452.19,,,,
2026-01-08T22:00:00+02:00,4452.18,4478.18,4451.565,4476.26,,,,
2026-01-08T23:00:00+02:00,4476.25,4479.71,4472.665,4477.565,,,,
2026-01-09T01:00:00+02:00,4476.635,4479.735,4472.675,4475.735,4479.735,,,
2026-01-09T02:00:00+02:00,4475.75,4476.81,4460.085,4462.89,,,,
2026-01-09T03:00:00+02:00,4462.885,4470.065,4452.92,4468.91,,,,
2026-01-09T04:00:00+02:00,4468.965,4476.615,4465.7,4469.54,,,,
2026-01-09T05:00:00+02:00,4469.49,4470.13,4460.49,4464.18,,,,
2026-01-09T06:00:00+02:00,4464.17,4466.97,4460.83,4464.79,,,,
2026-01-09T07:00:00+02:00,4464.59,4471.905,4458.295,4468.1,,,,
2026-01-09T08:00:00+02:00,4468.115,4477.545,4466.1,4474.175,,,,
2026-01-09T09:00:00+02:00,4474.185,4475.54,4468.62,4470.275,,,,
2026-01-09T10:00:00+02:00,4470.25,4477.05,4464.2,4468.715,,,,
2026-01-09T11:00:00+02:00,4468.655,4477.7,4468.525,4471.285,,,,
2026-01-09T12:00:00+02:00,4471.225,4474.3,4467.12,4472.675,,,,
2026-01-09T13:00:00+02:00,4472.75,4476.395,4468.775,4475.525,,,,
2026-01-09T14:00:00+02:00,4475.495,4480.615,4461.045,4466.005,,,,
2026-01-09T15:00:00+02:00,4466.03,4492.135,4458.935,4482.9,,,4458.935,
2026-01-09T16:00:00+02:00,4482.685,4498.425,4479.135,4494.97,,,,
2026-01-09T17:00:00+02:00,4494.77,4517.25,4490.1,4512.43,4517.25,,,
2026-01-09T18:00:00+02:00,4512.435,4514.46,4499.945,4506.505,,,,
2026-01-09T19:00:00+02:00,4506.45,4511.815,4482.01,4484.475,,,,
2026-01-09T20:00:00+02:00,4484.485,4504.635,4483.065,4496.205,,,,
2026-01-09T21:00:00+02:00,4496.215,4502.05,4492.935,4499.38,,,,
2026-01-09T22:00:00+02:00,4499.37,4510.24,4497.86,4507.63,,,,
2026-01-09T23:00:00+02:00,4507.655,4511.47,4505.075,4509.66,,,,
2026-01-12T01:00:00+02:00,4521.495,4544.96,4521.19,4540.26,,,,
2026-01-12T02:00:00+02:00,4540.255,4601.695,4536.53,4589.02,4601.695,,,
2026-01-12T03:00:00+02:00,4589.02,4595.135,4570.19,4570.19,,,,
2026-01-12T04:00:00+02:00,4570.18,4582.165,4561.935,4577.48,,,,
2026-01-12T05:00:00+02:00,4577.465,4581.51,4567.79,4570.71,,,,
2026-01-12T06:00:00+02:00,4570.665,4572.22,4563.455,4568.74,,,,
2026-01-12T07:00:00+02:00,4568.655,4585.17,4566.145,4581.065,,,,
2026-01-12T08:00:00+02:00,4581.025,4581.12,4569.88,4578.56,,,,
2026-01-12T09:00:00+02:00,4578.58,4589.725,4574.71,4587.77,,,,
2026-01-12T10:00:00+02:00,4587.76,4598.45,4579.535,4596.955,,,,
2026-01-12T11:00:00+02:00,4596.985,4599.475,4587.84,4589.225,,,,
2026-01-12T12:00:00+02:00,4589.22,4595.505,4586.12,4594.41,,,,
2026-01-12T13:00:00+02:00,4594.47,4595.015,4581.75,4585.315,,,,
2026-01-12T14:00:00+02:00,4585.365,4590.84,4578.485,4590.525,,,,
2026-01-12T15:00:00+02:00,4590.475,4620.38,4588.715,4615.905,,,,
2026-01-12T16:00:00+02:00,4615.895,4617.45,4585.07,4602.245,,,,
2026-01-12T17:00:00+02:00,4602.1,4627.61,4601.905,4621.22,,,,
2026-01-12T18:00:00+02:00,4621.075,4630.19,4607.835,4616.93,4630.19,,,
2026-01-12T19:00:00+02:00,4616.935,4620.655,4610.795,4616.415,,,,
2026-01-12T20:00:00+02:00,4616.435,4618.68,4600.345,4610.91,,,,
2026-01-12T21:00:00+02:00,4610.885,4618.985,4608.785,4611.24,,,,
2026-01-12T22:00:00+02:00,4611.205,4611.795,4591.66,4593.93,,,,
2026-01-12T23:00:00+02:00,4593.925,4598.06,4589.415,4597.65,,,,
2026-01-13T01:00:00+02:00,4597.62,4600,4578.095,4599.575,,,,
2026-01-13T02:00:00+02:00,4599.66,4599.89,4584.505,4587.36,,,,
2026-01-13T03:00:00+02:00,4587.39,4595.955,4575.585,4577.95,,,,
2026-01-13T04:00:00+02:00,4577.78,4595.195,4576.75,4594.355,,,,
2026-01-13T05:00:00+02:00,4594.335,4599.845,4592.585,4594.285,,,,
2026-01-13T06:00:00+02:00,4594.285,4599.885,4594.085,4596.49,,,,
2026-01-13T07:00:00+02:00,4596.405,4602.195,4585.765,4592.225,,4602.195,,
2026-01-13T08:00:00+02:00,4592.22,4592.48,4573.605,4581.955,,,4573.605,
2026-01-13T09:00:00+02:00,4581.895,4587.275,4577.54,4580.795,,,,
2026-01-13T10:00:00+02:00,4580.82,4597.095,4579.705,4592.96,,,,
2026-01-13T11:00:00+02:00,4592.905,4595.845,4585.695,4586.155,,,,
2026-01-13T12:00:00+02:00,4586.115,4588.37,4580.4,4586.395,,,,
2026-01-13T13:00:00+02:00,4586.42,4592.18,4582.13,4588.72,,,,
2026-01-13T14:00:00+02:00,4588.815,4595.39,4577.925,4593.345,,,,
2026-01-13T15:00:00+02:00,4593.35,4621.03,4590.51,4611.56,,,,
2026-01-13T16:00:00+02:00,4611.54,4634.89,4609.155,4629.8,4634.89,,,
2026-01-13T17:00:00+02:00,4629.865,4630.365,4600.83,4619.165,,,,
2026-01-13T18:00:00+02:00,4619.17,4620.875,4592.94,4613.565,,,,
2026-01-13T19:00:00+02:00,4613.535,4616.09,4586.825,4590.595,,,,
2026-01-13T20:00:00+02:00,4590.52,4602.09,4581.175,4594.155,,,,
2026-01-13T21:00:00+02:00,4594.22,4598.99,4584.29,4597.495,,,,
2026-01-13T22:00:00+02:00,4597.515,4597.855,4569.47,4586.195,,,,4569.47
2026-01-13T23:00:00+02:00,4586.25,4589.935,4582.975,4586.005,,,,
2026-01-14T01:00:00+02:00,4591.935,4598.965,4591.495,4597.105,,,,
2026-01-14T02:00:00+02:00,4597.095,4610.755,4597.005,4609.215,,,,
2026-01-14T03:00:00+02:00,4609.29,4620.03,4606.18,4619.385,,,,
2026-01-14T04:00:00+02:00,4619.445,4623.79,4614.22,4620.725,,,,
2026-01-14T05:00:00+02:00,4620.705,4630.355,4613.51,4628.32,,,,
2026-01-14T06:00:00+02:00,4628.45,4630.63,4625.35,4629.42,,,,
2026-01-14T07:00:00+02:00,4629.435,4639.89,4617.945,4619.895,4639.89,,,
2026-01-14T08:00:00+02:00,4619.905,4637.36,4618.575,4637.355,,,,
2026-01-14T09:00:00+02:00,4637.36,4639.695,4631.645,4632.47,,,,
2026-01-14T10:00:00+02:00,4632.48,4638.025,4621.65,4635.045,,,,
2026-01-14T11:00:00+02:00,4635.045,4639.63,4627.08,4630.535,,,,
2026-01-14T12:00:00+02:00,4630.525,4638.33,4627.8,4633.095,,,,
2026-01-14T13:00:00+02:00,4633.115,4637.58,4626.175,4630.415,,,,
2026-01-14T14:00:00+02:00,4630.47,4641.985,4630.315,4638.785,4641.985,,,
2026-01-14T15:00:00+02:00,4638.79,4641.74,4624.305,4635.805,,,,
2026-01-14T16:00:00+02:00,4635.795,4639.07,4607.02,4617.52,,,,
2026-01-14T17:00:00+02:00,4617.5,4626.61,4599.5,4618.025,,,4599.5,
2026-01-14T18:00:00+02:00,4618.265,4624.935,4608.755,4617.14,,,,
2026-01-14T19:00:00+02:00,4617.145,4619.25,4601.22,4614.4,,,,
2026-01-14T20:00:00+02:00,4614.375,4637.375,4612.905,4635.175,,,,
2026-01-14T21:00:00+02:00,4635.19,4642.97,4633.355,4639.255,4642.97,,,
2026-01-14T22:00:00+02:00,4639.24,4641.635,4625.515,4632.63,,,,
2026-01-14T23:00:00+02:00,4632.64,4633.05,4617.89,4626.575,,,,
2026-01-15T01:00:00+02:00,4624.17,4624.17,4602.88,4615.325,,,,
2026-01-15T02:00:00+02:00,4615.285,4618.26,4610.225,4615.235,,,,
2026-01-15T03:00:00+02:00,4615.22,4617.54,4583.565,4600.17,,,,
2026-01-15T04:00:00+02:00,4599.465,4614.86,4595.59,4602.96,,,,
2026-01-15T05:00:00+02:00,4602.95,4604.38,4581.065,4592.27,,,,4581.065
2026-01-15T06:00:00+02:00,4592.255,4597.555,4587.13,4592.35,,,,
2026-01-15T07:00:00+02:00,4592.38,4599.01,4581.095,4595.35,,,,
2026-01-15T08:00:00+02:00,4595.36,4612.14,4593.635,4610.305,,,,
2026-01-15T09:00:00+02:00,4610.295,4613.645,4599.22,4601.8,,,,
2026-01-15T10:00:00+02:00,4601.825,4607.34,4597.865,4604.43,,,,
2026-01-15T11:00:00+02:00,4604.48,4613.2,4600.76,4612.65,,,,
2026-01-15T12:00:00+02:00,4612.675,4620.645,4609.445,4620.04,,,,
2026-01-15T13:00:00+02:00,4620.035,4623.11,4615.705,4619.3,,,,
2026-01-15T14:00:00+02:00,4619.295,4620.89,4611.77,4614.035,,,,
2026-01-15T15:00:00+02:00,4614.04,4616.32,4581.625,4588.325,,,4581.625,
2026-01-15T16:00:00+02:00,4588.34,4615.23,4583.22,4611.205,,,,
2026-01-15T17:00:00+02:00,4611.145,4618.25,4603.855,4615.545,,,,
2026-01-15T18:00:00+02:00,4615.53,4625.015,4601.21,4605.68,,4625.015,,
2026-01-15T19:00:00+02:00,4605.685,4617.01,4605.62,4616.61,,,,
2026-01-15T20:00:00+02:00,4616.64,4621.275,4613.48,4617.69,,,,
2026-01-15T21:00:00+02:00,4617.7,4621.72,4612.82,4615.935,,,,
2026-01-15T22:00:00+02:00,4615.955,4616.425,4600.71,4605.92,,,,
2026-01-15T23:00:00+02:00,4605.865,4616.615,4604.5,4616.04,,,,
2026-01-16T01:00:00+02:00,4619.075,4620.975,4606.41,4610.365,,,,
2026-01-16T02:00:00+02:00,4610.39,4611.32,4598.52,4600.025,,,,
2026-01-16T03:00:00+02:00,4600,4608.655,4593.78,4600.62,,,,
2026-01-16T04:00:00+02:00,4600.615,4604.43,4591.37,4595.075,,,4591.37,
2026-01-16T05:00:00+02:00,4595.065,4599.9,4592.935,4596.44,,,,
2026-01-16T06:00:00+02:00,4596.385,4602.175,4596.14,4601.265,,,,
2026-01-16T07:00:00+02:00,4601.29,4616.315,4595.36,4611.58,,4616.315,,
2026-01-16T08:00:00+02:00,4611.53,4612.41,4594.095,4598.245,,,,
2026-01-16T09:00:00+02:00,4598.29,4612.245,4596.925,4607.645,,,,
2026-01-16T10:00:00+02:00,4607.65,4610.725,4601.31,4603.345,,,,
2026-01-16T11:00:00+02:00,4603.315,4608.695,4598.925,4600.845,,,,
2026-01-16T12:00:00+02:00,4600.81,4611.215,4599.79,4600.25,,,,
2026-01-16T13:00:00+02:00,4600.28,4616.33,4598.6,4612.605,,,,
2026-01-16T14:00:00+02:00,4612.61,4613.08,4597.41,4602.01,,,,
2026-01-16T15:00:00+02:00,4601.99,4605.77,4582.67,4602.055,,,,
2026-01-16T16:00:00+02:00,4602.05,4614.83,4596.135,4607.725,,,,
2026-01-16T17:00:00+02:00,4607.675,4620.39,4536.49,4571.31,4620.39,,,4536.49
2026-01-16T18:00:00+02:00,4571.265,4599.2,4567.795,4591.45,,,,
2026-01-16T19:00:00+02:00,4591.485,4593.34,4576.705,4581.51,,,,
2026-01-16T20:00:00+02:00,4581.465,4596.2,4579.955,4582.745,,,,
2026-01-16T21:00:00+02:00,4582.705,4592.475,4580.97,4590.545,,,,
2026-01-16T22:00:00+02:00,4590.54,4595.865,4580.78,4582.02,,,,
2026-01-16T23:00:00+02:00,4582.035,4598.64,4582.035,4596.32,,,,
2026-01-19T01:00:00+02:00,4649.78,4690.94,4646.135,4672.975,4690.94,,,
2026-01-19T02:00:00+02:00,4672.94,4682.145,4660.89,4675.52,,,,
2026-01-19T03:00:00+02:00,4675.575,4678.685,4656.19,4657.285,,,,
2026-01-19T04:00:00+02:00,4657.28,4665.26,4653.225,4662.59,,,,
2026-01-19T05:00:00+02:00,4662.6,4670.015,4658.23,4658.38,,,,
2026-01-19T06:00:00+02:00,4658.54,4666.15,4658.205,4663.36,,,,
2026-01-19T07:00:00+02:00,4663.355,4674.48,4663.195,4670.065,,,,
2026-01-19T08:00:00+02:00,4670.08,4679.11,4666.79,4677.995,,4679.11,,
2026-01-19T09:00:00+02:00,4678.03,4678.72,4661.935,4665.155,,,,
2026-01-19T10:00:00+02:00,4665.16,4674.03,4661.725,4663.57,,,,
2026-01-19T11:00:00+02:00,4663.6,4672.99,4662.055,4668.48,,,,
2026-01-19T12:00:00+02:00,4668.475,4671.29,4661.34,4663.805,,,,
2026-01-19T13:00:00+02:00,4663.83,4667.665,4659.73,4660.695,,,4659.73,
2026-01-19T14:00:00+02:00,4660.755,4673.795,4660.185,4672.05,,,,
2026-01-19T15:00:00+02:00,4672.045,4673.85,4664.535,4666.175,,,,
2026-01-19T16:00:00+02:00,4666.205,4670.52,4661.55,4666.625,,,,
2026-01-19T17:00:00+02:00,4666.585,4676.28,4664.35,4674.47,,,,
2026-01-19T18:00:00+02:00,4674.475,4675.74,4670.485,4672.37,,,,
2026-01-19T19:00:00+02:00,4672.355,4678.95,4669.17,4676.35,,,,
2026-01-19T20:00:00+02:00,4676.35,4680.405,4673.78,4676.585,4680.405,,,
2026-01-19T21:00:00+02:00,4676.63,4676.725,4667.115,4670.295,,,,
2026-01-20T01:00:00+02:00,4668.575,4672.345,4664.37,4665.36,,,,
2026-01-20T02:00:00+02:00,4665.375,4668.07,4659.395,4660.41,,,,4659.395
2026-01-20T03:00:00+02:00,4660.59,4676.235,4659.915,4669.805,,,,
2026-01-20T04:00:00+02:00,4669.74,4674.94,4665.545,4668.815,,,,
2026-01-20T05:00:00+02:00,4668.82,4681.57,4666.165,4680.28,,,,
2026-01-20T06:00:00+02:00,4680.275,4697.225,4679.755,4695.335,,,,
2026-01-20T07:00:00+02:00,4695.33,4716.745,4694.315,4714.63,,,,
2026-01-20T08:00:00+02:00,4714.575,4717.265,4705.74,4712.585,,,,
2026-01-20T09:00:00+02:00,4712.51,4722.845,4711.46,4716.22,,,,
2026-01-20T10:00:00+02:00,4716.28,4731.71,4715.035,4729.41,,,,
2026-01-20T11:00:00+02:00,4729.395,4737.57,4721.315,4732.51,,,,
2026-01-20T12:00:00+02:00,4732.49,4735.095,4723.075,4726.565,,,,
2026-01-20T13:00:00+02:00,4726.565,4735.465,4721.64,4733.245,,,,
2026-01-20T14:00:00+02:00,4733.26,4733.26,4724.08,4727.63,,,,
2026-01-20T15:00:00+02:00,4727.64,4738.54,4715.035,4737.265,,,4715.035,
2026-01-20T16:00:00+02:00,4737.275,4751.37,4728.63,4741.265,,,,
2026-01-20T17:00:00+02:00,4740.945,4748.765,4722.51,4737.675,,,,
2026-01-20T18:00:00+02:00,4737.655,4757.81,4728.945,4753.63,,,,
2026-01-20T19:00:00+02:00,4753.605,4762.47,4746.12,4759.19,,,,
2026-01-20T20:00:00+02:00,4759.2,4766.29,4752.785,4759.41,,,,
2026-01-20T21:00:00+02:00,4759.405,4766.4,4756.57,4760.855,,,,
2026-01-20T22:00:00+02:00,4760.82,4761.31,4747.36,4756.73,,,,
2026-01-20T23:00:00+02:00,4756.745,4763.945,4756.405,4763.37,,,,
2026-01-21T01:00:00+02:00,4762.815,4781.285,4757.885,4775.99,,,,
2026-01-21T02:00:00+02:00,4775.99,4787.805,4770.6,4784.645,,,,
2026-01-21T03:00:00+02:00,4784.675,4844.29,4783.495,4835.49,,,,
2026-01-21T04:00:00+02:00,4835.455,4842.215,4817.24,4836.73,,,,
2026-01-21T05:00:00+02:00,4836.76,4849.84,4826.975,4845.11,,,,
2026-01-21T06:00:00+02:00,4845.115,4870.885,4837.93,4865.905,,,,
2026-01-21T07:00:00+02:00,4865.87,4878.25,4859.05,4870.025,,,,
2026-01-21T08:00:00+02:00,4870.035,4888.545,4845.505,4847.56,4888.545,,,
2026-01-21T09:00:00+02:00,4847.41,4857.275,4832.725,4855.475,,,,
2026-01-21T10:00:00+02:00,4855.54,4869.65,4851.625,4854.735,,,,
2026-01-21T11:00:00+02:00,4854.73,4877.335,4852.43,4860.415,,,,
2026-01-21T12:00:00+02:00,4860.38,4866.93,4859.625,4862.3,,,,
2026-01-21T13:00:00+02:00,4862.32,4871.605,4855.19,4866.785,,,,
2026-01-21T14:00:00+02:00,4866.795,4870.845,4855.52,4865.195,,,,
2026-01-21T15:00:00+02:00,4865.19,4880.415,4858.485,4879.295,,,,
2026-01-21T16:00:00+02:00,4879.3,4880.935,4839.395,4852.14,,4880.935,,
2026-01-21T17:00:00+02:00,4851.895,4868.83,4813.355,4847.88,,,,
2026-01-21T18:00:00+02:00,4847.89,4855.8,4819.695,4833.63,,,,
2026-01-21T19:00:00+02:00,4833.635,4834.495,4802.62,4826.48,,,,
2026-01-21T20:00:00+02:00,4826.365,4850.7,4819.925,4850.385,,,,
2026-01-21T21:00:00+02:00,4850.415,4854.165,4755.075,4781.57,,,4755.075,
2026-01-21T22:00:00+02:00,4781.555,4828.14,4772.395,4826.515,,,,
2026-01-21T23:00:00+02:00,4826.7,4839.9,4813.235,4831.38,,,,
2026-01-22T01:00:00+02:00,4816.795,4821.3,4777.63,4778.265,,,,
2026-01-22T02:00:00+02:00,4778.23,4798.915,4778.17,4797.975,,,,
2026-01-22T03:00:00+02:00,4797.95,4809.875,4772.27,4797.935,,,,
2026-01-22T04:00:00+02:00,4797.775,4798.485,4774.61,4789.29,,,,
2026-01-22T05:00:00+02:00,4789.275,4797.14,4784.315,4796.48,,,,
2026-01-22T06:00:00+02:00,4796.47,4800.52,4793.905,4797.53,,,,
2026-01-22T07:00:00+02:00,4797.46,4821.775,4793.705,4821.415,,,,
2026-01-22T08:00:00+02:00,4821.41,4829.28,4816.49,4826.7,,,,
2026-01-22T09:00:00+02:00,4826.71,4839.71,4825.75,4832.72,,4839.71,,
2026-01-22T10:00:00+02:00,4832.73,4835.69,4822.185,4830.72,,,,
2026-01-22T11:00:00+02:00,4830.725,4838.095,4813.96,4823.185,,,,
2026-01-22T12:00:00+02:00,4823.2,4831.97,4819.47,4829.11,,,,
2026-01-22T13:00:00+02:00,4829.115,4836.43,4824.46,4831.19,,,,
2026-01-22T14:00:00+02:00,4831.18,4832.62,4818.785,4819.67,,,,
2026-01-22T15:00:00+02:00,4819.685,4835.46,4810.74,4822.29,,,4810.74,
2026-01-22T16:00:00+02:00,4822.32,4847.845,4820.49,4835.135,,,,
2026-01-22T17:00:00+02:00,4835.195,4873.91,4825.865,4871.82,,,,
2026-01-22T18:00:00+02:00,4871.945,4885.46,4868.085,4878.075,,,,
2026-01-22T19:00:00+02:00,4878.11,4906.47,4869.58,4904.715,,,,
2026-01-22T20:00:00+02:00,4904.7,4919.59,4901.375,4916.035,,,,
2026-01-22T21:00:00+02:00,4916.025,4924.525,4905.985,4911.74,,,,
2026-01-22T22:00:00+02:00,4911.76,4928.54,4911.505,4917.07,,,,
2026-01-22T23:00:00+02:00,4917.27,4940.885,4914.68,4936.075,,,,
2026-01-23T01:00:00+02:00,4952.295,4960.67,4930.84,4959.13,,,,
2026-01-23T02:00:00+02:00,4959.135,4965.985,4947.58,4965.16,,,,
2026-01-23T03:00:00+02:00,4965.26,4967.52,4936.06,4953.995,4967.52,,,
2026-01-23T04:00:00+02:00,4953.94,4962.47,4946.925,4955.615,,,,
2026-01-23T05:00:00+02:00,4955.595,4959.24,4938.1,4952.075,,,,
2026-01-23T06:00:00+02:00,4952,4958.585,4950.26,4956.285,,,,
2026-01-23T07:00:00+02:00,4956.26,4967.28,4954.615,4960.64,,,,
2026-01-23T08:00:00+02:00,4960.59,4963.27,4945.575,4953.965,,,,
2026-01-23T09:00:00+02:00,4953.97,4959.715,4943.235,4944.47,,,,
2026-01-23T10:00:00+02:00,4944.46,4947.825,4900.9,4913.88,,,,
2026-01-23T11:00:00+02:00,4913.875,4921.72,4899.795,4918.66,,,4899.795,
2026-01-23T12:00:00+02:00,4918.715,4932.56,4915.7,4929.88,,,,
2026-01-23T13:00:00+02:00,4929.875,4930.165,4912.07,4922.875,,,,
2026-01-23T14:00:00+02:00,4923.08,4942.6,4918.49,4939.42,,,,
2026-01-23T15:00:00+02:00,4939.67,4947.98,4923.77,4939.18,,,,
2026-01-23T16:00:00+02:00,4939.195,4956.645,4932.89,4943.76,,,,
2026-01-23T17:00:00+02:00,4943.505,4963.475,4938.405,4960.64,,,,
2026-01-23T18:00:00+02:00,4960.78,4988.44,4959.155,4980.43,,,,
2026-01-23T19:00:00+02:00,4980.445,4988.16,4962.005,4965.895,,,,
2026-01-23T20:00:00+02:00,4965.995,4984.205,4958.345,4966.85,,,,
2026-01-23T21:00:00+02:00,4966.975,4989.88,4966.975,4984.14,,,,
2026-01-23T22:00:00+02:00,4984.155,4985.72,4970.59,4981.055,,,,
2026-01-23T23:00:00+02:00,4981.075,4990.12,4978.185,4987.545,,,,
2026-01-26T01:00:00+02:00,5015.63,5040.55,5003.705,5039.85,,,,
2026-01-26T02:00:00+02:00,5039.89,5052.26,5030.83,5041.89,,,,
2026-01-26T03:00:00+02:00,5041.905,5085.665,5028.96,5071.115,,,,
2026-01-26T04:00:00+02:00,5071.09,5092.975,5066.925,5081.05,,,,
2026-01-26T05:00:00+02:00,5081.075,5087.93,5070.15,5076.66,,,,
2026-01-26T06:00:00+02:00,5076.645,5078.195,5058.145,5070.385,,,,
2026-01-26T07:00:00+02:00,5070.25,5076.69,5052.365,5074.425,,,,
2026-01-26T08:00:00+02:00,5074.41,5111.51,5065.39,5077.645,5111.51,,,
2026-01-26T09:00:00+02:00,5077.66,5095.855,5073.94,5089.06,,,,
2026-01-26T10:00:00+02:00,5089.08,5098.455,5080.14,5083.48,,,,
2026-01-26T11:00:00+02:00,5083.415,5098.515,5075.395,5084.14,,,,
2026-01-26T12:00:00+02:00,5084.23,5095.115,5078.625,5091.575,,,,
2026-01-26T13:00:00+02:00,5091.785,5092.97,5078.435,5091.585,,,,
2026-01-26T14:00:00+02:00,5091.58,5097.1,5077.285,5078.995,,,,
2026-01-26T15:00:00+02:00,5078.985,5083.195,5054.67,5068.735,,,5054.67,
2026-01-26T16:00:00+02:00,5068.8,5097.025,5058.45,5096.18,,,,
2026-01-26T17:00:00+02:00,5096.245,5097.46,5074.255,5090.845,,,,
2026-01-26T18:00:00+02:00,5090.865,5105.34,5065.385,5089.545,,5105.34,,
2026-01-26T19:00:00+02:00,5089.55,5105.15,5080.285,5101.235,,,,
2026-01-26T20:00:00+02:00,5101.2,5103.22,5057.935,5069.04,,,,
2026-01-26T21:00:00+02:00,5069.085,5069.85,5008.275,5028.715,,,,
2026-01-26T22:00:00+02:00,5028.735,5062.32,5026.26,5055.11,,,,
2026-01-26T23:00:00+02:00,5055.12,5059.165,4990.215,5008.875,,,,4990.215
2026-01-27T01:00:00+02:00,5035.795,5061.675,5028.275,5043.56,,,,
2026-01-27T02:00:00+02:00,5043.58,5054.135,5013.875,5033.115,,,,
2026-01-27T03:00:00+02:00,5033.125,5076.14,5018.805,5060.14,,,,
2026-01-27T04:00:00+02:00,5059.99,5079.81,5049.585,5072.68,,,,
2026-01-27T05:00:00+02:00,5072.66,5079.31,5060.16,5077.225,,,,
2026-01-27T06:00:00+02:00,5077.025,5078.955,5061.5,5067.8,,,,
2026-01-27T07:00:00+02:00,5067.775,5085.495,5057.195,5083.11,,,,
2026-01-27T08:00:00+02:00,5083.125,5094.35,5076.865,5085.785,,,,
2026-01-27T09:00:00+02:00,5085.8,5100.84,5081.58,5085.965,,5100.84,,
2026-01-27T10:00:00+02:00,5086.01,5088.165,5073.51,5079.755,,,,
2026-01-27T11:00:00+02:00,5079.75,5099.65,5078.165,5098.325,,,,
2026-01-27T12:00:00+02:00,5098.66,5098.66,5081.99,5086.545,,,,
2026-01-27T13:00:00+02:00,5086.56,5090.83,5066.64,5077.08,,,,
2026-01-27T14:00:00+02:00,5077.095,5091.37,5073.725,5085.13,,,,
2026-01-27T15:00:00+02:00,5085.19,5093.145,5069.47,5077.555,,,,
2026-01-27T16:00:00+02:00,5077.52,5082.205,5046.84,5054.74,,,5046.84,
2026-01-27T17:00:00+02:00,5054.74,5091.32,5047.69,5090.905,,,,
2026-01-27T18:00:00+02:00,5090.925,5103.355,5083.3,5087.47,,,,
2026-01-27T19:00:00+02:00,5087.495,5094.155,5076.92,5081.37,,,,
2026-01-27T20:00:00+02:00,5081.395,5095.82,5076.45,5088.11,,,,
2026-01-27T21:00:00+02:00,5088.135,5100.12,5081.05,5099.055,,,,
2026-01-27T22:00:00+02:00,5099.05,5182.795,5098.035,5176.65,,,,
2026-01-27T23:00:00+02:00,5176.6,5190.51,5169.13,5180.625,,,,
2026-01-28T01:00:00+02:00,5181.64,5184.57,5159.025,5172.315,,,,
2026-01-28T02:00:00+02:00,5172.225,5180.27,5157.21,5172.025,,,,
2026-01-28T03:00:00+02:00,5172.01,5225.36,5168.545,5204.87,,,,
2026-01-28T04:00:00+02:00,5204.82,5234.775,5201.745,5232.245,,,,
2026-01-28T05:00:00+02:00,5232.02,5247.82,5224.4,5235.285,,,,
2026-01-28T06:00:00+02:00,5235.075,5249.09,5232.5,5245.545,,,,
2026-01-28T07:00:00+02:00,5245.56,5266.435,5241.57,5261.35,,,,
2026-01-28T08:00:00+02:00,5261.47,5271.5,5251.87,5270.16,,,,
2026-01-28T09:00:00+02:00,5270.21,5292.87,5263.18,5290.675,,,,
2026-01-28T10:00:00+02:00,5290.57,5311.665,5280.64,5293.985,5311.665,,,
2026-01-28T11:00:00+02:00,5293.975,5297.76,5263.22,5278.37,,,,
2026-01-28T12:00:00+02:00,5278.41,5285.95,5269.51,5269.97,,,,
2026-01-28T13:00:00+02:00,5270.2,5270.77,5238.59,5261.73,,,,
2026-01-28T14:00:00+02:00,5261.84,5279.49,5251.81,5279.415,,,,
2026-01-28T15:00:00+02:00,5279.275,5289.71,5257.015,5266.645,,,,
2026-01-28T16:00:00+02:00,5266.615,5288.485,5248.775,5286.19,,,,
2026-01-28T17:00:00+02:00,5285.925,5298.35,5235.75,5278.28,,,5235.75,
2026-01-28T18:00:00+02:00,5278.295,5300.33,5274.505,5299.875,,,,
2026-01-28T19:00:00+02:00,5299.915,5307.285,5283.26,5298.11,,,,
2026-01-28T20:00:00+02:00,5298.145,5325.97,5268.45,5282.595,,,,
2026-01-28T21:00:00+02:00,5282.85,5332.08,5269.295,5325.41,,,,
2026-01-28T22:00:00+02:00,5325.39,5391.62,5320.9,5376.885,,,,
2026-01-28T23:00:00+02:00,5376.885,5419.645,5376.885,5418.545,,,,
2026-01-29T01:00:00+02:00,5446.995,5602.225,5432.455,5513.285,5602.225,,,
2026-01-29T02:00:00+02:00,5513.585,5527.24,5454.12,5520.195,,,,
2026-01-29T03:00:00+02:00,5520.2,5551.96,5444.925,5545.785,,,,
2026-01-29T04:00:00+02:00,5545.73,5550.06,5504.585,5536.11,,,,
2026-01-29T05:00:00+02:00,5536.12,5549.235,5508.53,5545.84,,,,
2026-01-29T06:00:00+02:00,5545.835,5564.725,5533.265,5557.99,,,,
2026-01-29T07:00:00+02:00,5557.955,5564.545,5515.995,5562.655,,,,
2026-01-29T08:00:00+02:00,5562.725,5595.77,5554.955,5561.325,,5595.77,,
2026-01-29T09:00:00+02:00,5561.32,5575.28,5536.905,5548.96,,,,
2026-01-29T10:00:00+02:00,5548.935,5554.845,5473.555,5510.08,,,,
2026-01-29T11:00:00+02:00,5509.82,5529.875,5497.925,5513.92,,,,
2026-01-29T12:00:00+02:00,5513.925,5525.835,5482.495,5483.705,,,,
2026-01-29T13:00:00+02:00,5483.895,5528.94,5470.9,5522.62,,,,
2026-01-29T14:00:00+02:00,5522.655,5543.23,5518.575,5534.16,,,,
2026-01-29T15:00:00+02:00,5534.23,5541.215,5499.925,5510.785,,,,
2026-01-29T16:00:00+02:00,5510.775,5549.565,5491.24,5496.965,,5549.565,,
2026-01-29T17:00:00+02:00,5496.52,5496.66,5097.215,5183.2,,,,5097.215
2026-01-29T18:00:00+02:00,5183.13,5311.67,5171.89,5264.55,,,,
2026-01-29T19:00:00+02:00,5264.61,5375.735,5264.61,5335.37,,,,
2026-01-29T20:00:00+02:00,5335.4,5362.02,5307.695,5338.785,,,,
2026-01-29T21:00:00+02:00,5338.81,5345.75,5290.46,5306,,,,
2026-01-29T22:00:00+02:00,5306.075,5407.33,5282.98,5394.17,,,,
2026-01-29T23:00:00+02:00,5394.195,5426.085,5369.18,5370.23,,,,
2026-01-30T01:00:00+02:00,5419.64,5448.89,5387.62,5438.57,,,,
2026-01-30T02:00:00+02:00,5438.565,5451.16,5389.895,5407.47,,5451.16,,
2026-01-30T03:00:00+02:00,5407.435,5410.625,5290.44,5300.745,,,,
2026-01-30T04:00:00+02:00,5300.74,5312.725,5112.105,5225.075,,,5112.105,
2026-01-30T05:00:00+02:00,5225.08,5230.07,5149.93,5196.94,,,,
2026-01-30T06:00:00+02:00,5196.915,5231.515,5193.45,5215.065,,,,
2026-01-30T07:00:00+02:00,5214.795,5241.85,5180.175,5185.135,,,,
2026-01-30T08:00:00+02:00,5185.29,5205.81,5144.87,5155.96,,,,
2026-01-30T09:00:00+02:00,5155.88,5186.445,5118.01,5181.08,,,,
2026-01-30T10:00:00+02:00,5181.115,5181.115,5054.43,5116.775,,,,
2026-01-30T11:00:00+02:00,5116.755,5133.05,4941.5,5013.76,,,,4941.5
2026-01-30T12:00:00+02:00,5013.44,5122.47,5000.82,5119.58,,,,
2026-01-30T13:00:00+02:00,5119.765,5144.765,5088.485,5135.91,,,,
2026-01-30T14:00:00+02:00,5135.955,5145.98,5055.375,5064.675,,,,
2026-01-30T15:00:00+02:00,5064.62,5100.2,4992.555,5019.645,,,,
2026-01-30T16:00:00+02:00,5019.53,5113.795,5014.07,5033.255,,,,
2026-01-30T17:00:00+02:00,5033.24,5074.36,4980.8,5050.925,,,,
2026-01-30T18:00:00+02:00,5050.9,5052.3,4943.18,4985.7,,,,
2026-01-30T19:00:00+02:00,4985.71,4986.51,4800.855,4850.225,,,,
2026-01-30T20:00:00+02:00,4850.19,4893.795,4679.51,4878.955,,,,4679.51
2026-01-30T21:00:00+02:00,4879.135,4948.545,4836.87,4932.84,,,,
2026-01-30T22:00:00+02:00,4932.845,4932.945,4807.725,4847.57,,,,
2026-01-30T23:00:00+02:00,4847.605,4901.69,4831.905,4895.44,,,,
2026-02-02T01:00:00+02:00,4833.89,4834.255,4697.14,4742.1,,,,
2026-02-02T02:00:00+02:00,4742.22,4884.56,4740.755,4766.465,,,,
2026-02-02T03:00:00+02:00,4766.505,4785.045,4584.82,4736.89,,,,
2026-02-02T04:00:00+02:00,4736.79,4773.225,4696.825,4710.84,,,,
2026-02-02T05:00:00+02:00,4710.835,4729.825,4630.67,4646.855,,,,
2026-02-02T06:00:00+02:00,4646.81,4713.375,4603.14,4679.745,,,,
2026-02-02T07:00:00+02:00,4679.725,4697.085,4498.085,4549.31,,,,
2026-02-02T08:00:00+02:00,4549.25,4574.03,4402.38,4505.79,,,,4402.38
2026-02-02T09:00:00+02:00,4505.745,4619.31,4484.55,4587.4,,,,
2026-02-02T10:00:00+02:00,4587.495,4651.5,4559.075,4641.065,,,,
2026-02-02T11:00:00+02:00,4640.82,4731.64,4603.165,4719.6,,,,
2026-02-02T12:00:00+02:00,4719.255,4733.805,4657.01,4705.655,,,,
2026-02-02T13:00:00+02:00,4705.62,4780.07,4703.27,4766.24,,,,
2026-02-02T14:00:00+02:00,4766.235,4812.265,4743.715,4794.555,,4812.265,,
2026-02-02T15:00:00+02:00,4794.39,4804.2,4669.27,4706.305,,,,
2026-02-02T16:00:00+02:00,4706.305,4794.685,4680.24,4718.945,,,,
2026-02-02T17:00:00+02:00,4718.375,4745.54,4617.31,4619.85,,,,
2026-02-02T18:00:00+02:00,4619.82,4708.905,4596.74,4666.18,,,4596.74,
2026-02-02T19:00:00+02:00,4666.175,4714.105,4656.855,4674.11,,,,
2026-02-02T20:00:00+02:00,4674.21,4674.415,4618.67,4657.88,,,,
2026-02-02T21:00:00+02:00,4657.89,4712.925,4631.55,4685.41,,,,
2026-02-02T22:00:00+02:00,4685.405,4701.06,4647.875,4653.115,,,,
2026-02-02T23:00:00+02:00,4653.16,4687.05,4644.21,4661.055,,,,
2026-02-03T01:00:00+02:00,4704.095,4775.865,4695.53,4774.575,,,,
2026-02-03T02:00:00+02:00,4774.605,4831.095,4766.035,4780.485,,,,
2026-02-03T03:00:00+02:00,4780.81,4856.76,4766.29,4841.405,,,,
2026-02-03T04:00:00+02:00,4841.38,4842.045,4745.68,4783.68,,,,
2026-02-03T05:00:00+02:00,4783.71,4813.535,4751.885,4809.505,,,,
2026-02-03T06:00:00+02:00,4809.545,4825.415,4800.905,4809.18,,,,
2026-02-03T07:00:00+02:00,4809.42,4842.3,4809.3,4825.305,,,,
2026-02-03T08:00:00+02:00,4825.365,4893.815,4816.66,4881.315,,,,
2026-02-03T09:00:00+02:00,4881.445,4933.785,4872.05,4917.365,,,,
2026-02-03T10:00:00+02:00,4917.54,4950.68,4898.34,4912.675,,,,
2026-02-03T11:00:00+02:00,4912.595,4926.395,4884.625,4916.175,,,,
2026-02-03T12:00:00+02:00,4916.21,4930.075,4901.735,4902.57,,,,
2026-02-03T13:00:00+02:00,4902.63,4919.485,4883.69,4917.01,,,,
2026-02-03T14:00:00+02:00,4916.915,4936.63,4892.27,4913.83,,,,
2026-02-03T15:00:00+02:00,4913.825,4951.295,4902.895,4933.07,,,,
2026-02-03T16:00:00+02:00,4933.14,4937.195,4893.775,4917.07,,,,
2026-02-03T17:00:00+02:00,4916.945,4948.84,4904.805,4935.445,,,,
2026-02-03T18:00:00+02:00,4935.595,4993.835,4929.665,4955.63,4993.835,,,
2026-02-03T19:00:00+02:00,4955.415,4970.05,4907.63,4929.04,,,,
2026-02-03T20:00:00+02:00,4928.675,4954.285,4884.765,4908.43,,,,
2026-02-03T21:00:00+02:00,4908.35,4948.87,4880.595,4927.23,,,4880.595,
2026-02-03T22:00:00+02:00,4927.09,4957.21,4902.11,4944.105,,,,
2026-02-03T23:00:00+02:00,4944.125,4964.24,4934.075,4946.805,,,,
2026-02-04T01:00:00+02:00,4959.765,4959.765,4909.17,4947.82,,,,
2026-02-04T02:00:00+02:00,4947.84,5016.53,4946.16,5015.855,,,,
2026-02-04T03:00:00+02:00,5015.83,5053.675,4985.05,5046.855,,,,
2026-02-04T04:00:00+02:00,5046.81,5065.795,5035.72,5040.2,,,,
2026-02-04T05:00:00+02:00,5040.155,5073.745,5036.055,5070.115,,,,
2026-02-04T06:00:00+02:00,5070.045,5081.54,5056.28,5080.665,,,,
2026-02-04T07:00:00+02:00,5080.615,5090.435,5069.29,5079.455,,,,
2026-02-04T08:00:00+02:00,5079.46,5083.17,5051.155,5076.87,,,,
2026-02-04T09:00:00+02:00,5076.855,5091.755,5062.505,5084.905,,,,
2026-02-04T10:00:00+02:00,5084.895,5091.93,5068.87,5083.73,5091.93,,,
2026-02-04T11:00:00+02:00,5083.63,5086.975,5043.245,5060.1,,,,
2026-02-04T12:00:00+02:00,5060.245,5064.58,5041.98,5048.7,,,,
2026-02-04T13:00:00+02:00,5048.675,5053.495,5013.77,5047.49,,,,
2026-02-04T14:00:00+02:00,5047.56,5063.51,5036.495,5041.295,,,,
2026-02-04T15:00:00+02:00,5041.375,5063.735,5023.735,5054.185,,,,
2026-02-04T16:00:00+02:00,5054.195,5059.23,4967.005,4987.045,,,,
2026-02-04T17:00:00+02:00,4987.04,5008.05,4887.62,4920.41,,,,
2026-02-04T18:00:00+02:00,4920.36,4940.31,4848.405,4904.53,,,,4848.405
2026-02-04T19:00:00+02:00,4904.54,4931.535,4888.225,4897.86,,,,
2026-02-04T20:00:00+02:00,4897.92,4935.09,4872.865,4927.68,,,,
2026-02-04T21:00:00+02:00,4927.795,4957.72,4914.575,4941.72,,,,
2026-02-04T22:00:00+02:00,4941.775,4951.85,4914.245,4938.33,,,,
2026-02-04T23:00:00+02:00,4938.24,4971.18,4937.49,4964.455,,,,
2026-02-05T01:00:00+02:00,4995.96,5024.03,4987.85,5012.535,,5024.03,,
2026-02-05T02:00:00+02:00,5012.42,5020.555,4996.95,5006.845,,,,
2026-02-05T03:00:00+02:00,5007.335,5012.325,4935.81,4959.135,,,,
2026-02-05T04:00:00+02:00,4959.185,4962.33,4805.98,4812.24,,,,
2026-02-05T05:00:00+02:00,4812.26,4888.69,4789.655,4880.96,,,,4789.655
2026-02-05T06:00:00+02:00,4880.83,4891.49,4863.515,4864.19,,,,
2026-02-05T07:00:00+02:00,4864.165,4906.57,4825.83,4896.725,,,,
2026-02-05T08:00:00+02:00,4896.71,4934.125,4877.655,4920.27,,,,
2026-02-05T09:00:00+02:00,4920.255,4940.92,4896.065,4915.145,,,,
2026-02-05T10:00:00+02:00,4915.1,4943.735,4900.9,4911.89,,4943.735,,
2026-02-05T11:00:00+02:00,4911.865,4914.15,4849.9,4855.395,,,,
2026-02-05T12:00:00+02:00,4855.39,4887.115,4847.485,4877.325,,,,
2026-02-05T13:00:00+02:00,4877.32,4894.805,4864.475,4868.365,,,,
2026-02-05T14:00:00+02:00,4868.44,4878.36,4810.8,4854.245,,,,
2026-02-05T15:00:00+02:00,4854.22,4868.82,4802.06,4835.635,,,,
2026-02-05T16:00:00+02:00,4835.645,4869.81,4806.26,4846.34,,,,
2026-02-05T17:00:00+02:00,4846.01,4866.825,4800.535,4817.91,,,,
2026-02-05T18:00:00+02:00,4817.89,4906.735,4812.675,4888.855,,4906.735,,
2026-02-05T19:00:00+02:00,4888.885,4890.59,4859.225,4869.025,,,,
2026-02-05T20:00:00+02:00,4868.98,4875.25,4851.31,4858.13,,,,
2026-02-05T21:00:00+02:00,4858.055,4865.355,4823.85,4829.485,,,,
2026-02-05T22:00:00+02:00,4829.66,4843.555,4793.205,4811.575,,,,
2026-02-05T23:00:00+02:00,4811.585,4826.315,4759.48,4780.675,,,,
2026-02-06T01:00:00+02:00,4778.27,4782.14,4703.485,4703.78,,,,
2026-02-06T02:00:00+02:00,4703.775,4764.72,4655.23,4763.3,,,,4655.23
2026-02-06T03:00:00+02:00,4763.315,4785.005,4693.835,4774.51,,,,
2026-02-06T04:00:00+02:00,4774.49,4846.66,4760.865,4816.73,,,,
2026-02-06T05:00:00+02:00,4816.685,4839.665,4800.515,4824.385,,,,
2026-02-06T06:00:00+02:00,4824.35,4832.005,4807.265,4813.965,,,,
2026-02-06T07:00:00+02:00,4813.63,4898.15,4807.72,4897.55,,,,
2026-02-06T08:00:00+02:00,4897.465,4903.4,4824.705,4846.36,,4903.4,,
2026-02-06T09:00:00+02:00,4846.35,4861.91,4838.215,4841.03,,,,
2026-02-06T10:00:00+02:00,4841.09,4882.34,4829.71,4862.06,,,,
2026-02-06T11:00:00+02:00,4861.905,4873.07,4838.68,4866.805,,,,
2026-02-06T12:00:00+02:00,4866.8,4880.13,4852.045,4878.76,,,,
2026-02-06T13:00:00+02:00,4878.755,4896.1,4863.83,4887.38,,,,
2026-02-06T14:00:00+02:00,4887.375,4903.94,4871.66,4900.465,,,,
2026-02-06T15:00:00+02:00,4900.47,4938.505,4897.355,4929.115,,,,
2026-02-06T16:00:00+02:00,4929.13,4949.975,4894.45,4948.29,,,,
2026-02-06T17:00:00+02:00,4948.16,4964.815,4928.5,4943.77,,,,
2026-02-06T18:00:00+02:00,4943.725,4953.62,4921.85,4951.875,,,,
2026-02-06T19:00:00+02:00,4951.83,4968.72,4948.24,4960.6,,,,
2026-02-06T20:00:00+02:00,4960.58,4971.34,4943.835,4962.47,,,,
2026-02-06T21:00:00+02:00,4962.48,4963.285,4948.585,4957.135,,,,
2026-02-06T22:00:00+02:00,4957.14,4959.34,4936.69,4953.33,,,,
2026-02-06T23:00:00+02:00,4953.345,4968.915,4946.4,4964.62,,,,
2026-02-09T01:00:00+02:00,4989.93,5047.915,4965.42,5036.085,5047.915,,,
2026-02-09T02:00:00+02:00,5036.07,5045.11,5012.075,5019.93,,,,
2026-02-09T03:00:00+02:00,5020.51,5042.105,4976.15,4983.005,,,,
2026-02-09T04:00:00+02:00,4982.955,5017.585,4968.885,5007.245,,,,
2026-02-09T05:00:00+02:00,5007.23,5031.275,5005.72,5016.06,,,,
2026-02-09T06:00:00+02:00,5016.105,5024.845,5007.42,5011.955,,,,
2026-02-09T07:00:00+02:00,5011.975,5041.755,5011.315,5036.605,,,,
2026-02-09T08:00:00+02:00,5036.68,5045.815,5013.92,5031.155,,5045.815,,
2026-02-09T09:00:00+02:00,5031.135,5031.14,4997.855,5006.475,,,,
2026-02-09T10:00:00+02:00,5006.455,5036.2,5003,5027.56,,,,
2026-02-09T11:00:00+02:00,5027.675,5041.4,5002.78,5007.985,,,,
2026-02-09T12:00:00+02:00,5007.93,5015.45,4982.495,4991.025,,,4982.495,
2026-02-09T13:00:00+02:00,4991.015,5018.335,4988.855,5010.83,,,,
2026-02-09T14:00:00+02:00,5010.84,5021.92,5007.435,5013.385,,,,
2026-02-09T15:00:00+02:00,5013.405,5025,4995.125,5007.34,,,,
2026-02-09T16:00:00+02:00,5007.38,5040.845,5002.4,5038.01,,,,
2026-02-09T17:00:00+02:00,5037.805,5060.56,5023.76,5059.065,,,,
2026-02-09T18:00:00+02:00,5059.05,5080.895,5056.655,5073.57,,,,
2026-02-09T19:00:00+02:00,5073.585,5075.62,5040.965,5046.3,,,,
2026-02-09T20:00:00+02:00,5046.29,5064.125,5044.44,5062.85,,,,
2026-02-09T21:00:00+02:00,5062.84,5080.145,5062.495,5074.62,,,,
2026-02-09T22:00:00+02:00,5074.685,5086.68,5072.215,5079.705,5086.68,,,
2026-02-09T23:00:00+02:00,5079.7,5083.2,5048.4,5057.775,,,,
2026-02-10T01:00:00+02:00,5057.535,5064.13,4987.385,5031.995,,,4987.385,
2026-02-10T02:00:00+02:00,5032,5048.65,5009.015,5018.91,,,,
2026-02-10T03:00:00+02:00,5018.85,5038.005,5012.59,5033.055,,,,
2026-02-10T04:00:00+02:00,5032.98,5056.34,5031.64,5038.66,,,,
2026-02-10T05:00:00+02:00,5038.6,5038.6,5016.42,5030.155,,,,
2026-02-10T06:00:00+02:00,5030.095,5033.98,5017.625,5031.725,,,,
2026-02-10T07:00:00+02:00,5031.705,5040.68,5011.445,5039.295,,,,
2026-02-10T08:00:00+02:00,5039.135,5045.73,5019.07,5024.62,,,,
2026-02-10T09:00:00+02:00,5024.625,5036.2,5018.67,5033.975,,,,
2026-02-10T10:00:00+02:00,5033.965,5055.26,5028.82,5042.07,,,,
2026-02-10T11:00:00+02:00,5042.02,5063.55,5040.61,5046.905,,,,
2026-02-10T12:00:00+02:00,5046.9,5058.195,5037.225,5047.005,,,,
2026-02-10T13:00:00+02:00,5046.945,5057.555,5044.525,5056.135,,,,
2026-02-10T14:00:00+02:00,5056.185,5057.285,5019.935,5032.215,,,,
2026-02-10T15:00:00+02:00,5032.285,5059.06,5026.605,5051.175,,,,
2026-02-10T16:00:00+02:00,5051.195,5078.745,5020.795,5039.53,,5078.745,,
2026-02-10T17:00:00+02:00,5039.085,5048.04,4998.95,5019.6,,,4998.95,
2026-02-10T18:00:00+02:00,5019.61,5026.575,5005.785,5023.94,,,,
2026-02-10T19:00:00+02:00,5023.92,5040.22,5020.78,5026.605,,,,
2026-02-10T20:00:00+02:00,5026.585,5027.985,5004.73,5013.17,,,,
2026-02-10T21:00:00+02:00,5013.16,5030.375,5009.015,5028.155,,,,
2026-02-10T22:00:00+02:00,5028.165,5045.6,5020.5,5030.315,,,,
2026-02-10T23:00:00+02:00,5030.29,5032.865,5020.4,5025.12,,,,
2026-02-11T01:00:00+02:00,5033.585,5054.855,5028.975,5041.735,,,,
2026-02-11T02:00:00+02:00,5041.795,5049.625,5028.39,5037.735,,,,
2026-02-11T03:00:00+02:00,5037.895,5053.035,5030.845,5052.6,,,,
2026-02-11T04:00:00+02:00,5052.575,5057.775,5032.745,5055.89,,,,
2026-02-11T05:00:00+02:00,5055.735,5061.02,5045.165,5054.49,,,,
2026-02-11T06:00:00+02:00,5054.365,5059.545,5045.85,5046.59,,,,
2026-02-11T07:00:00+02:00,5046.62,5064.04,5043.8,5053.15,,,,
2026-02-11T08:00:00+02:00,5053.14,5064.7,5049.59,5064.22,,,,
2026-02-11T09:00:00+02:00,5064.24,5069.235,5049.125,5055.505,,,,
2026-02-11T10:00:00+02:00,5055.315,5060.51,5045.92,5053.8,,,,
2026-02-11T11:00:00+02:00,5053.75,5072.185,5047.345,5062.925,,,,
2026-02-11T12:00:00+02:00,5062.91,5101.49,5062.59,5093.245,,,,
2026-02-11T13:00:00+02:00,5093.3,5116.725,5082.68,5111.67,,,,
2026-02-11T14:00:00+02:00,5111.665,5119.345,5052.53,5083.525,5119.345,,,
2026-02-11T15:00:00+02:00,5083.395,5090.24,5019.715,5065.77,,,5019.715,
2026-02-11T16:00:00+02:00,5065.79,5083.345,5035.78,5059.445,,,,
2026-02-11T17:00:00+02:00,5059.395,5081.9,5039.305,5060.07,,,,
2026-02-11T18:00:00+02:00,5060.035,5078.31,5043.115,5075.22,,,,
2026-02-11T19:00:00+02:00,5075.265,5099.315,5068.545,5091.53,,,,
2026-02-11T20:00:00+02:00,5091.45,5092.995,5066.96,5082.64,,,,
2026-02-11T21:00:00+02:00,5082.59,5094.29,5076.92,5081.99,,,,
2026-02-11T22:00:00+02:00,5081.97,5090.195,5078.22,5086.985,,,,
2026-02-11T23:00:00+02:00,5086.97,5093.335,5069.965,5084.28,,,,
2026-02-12T01:00:00+02:00,5095.495,5095.915,5053.89,5061.55,,,,
2026-02-12T02:00:00+02:00,5061.465,5067.945,5049.98,5063.13,,,,
2026-02-12T03:00:00+02:00,5063.02,5064.315,5045.445,5063.65,,,5045.445,
2026-02-12T04:00:00+02:00,5063.56,5073.25,5055.055,5066.1,,,,
2026-02-12T05:00:00+02:00,5066.01,5074.875,5054.82,5056.995,,,,
2026-02-12T06:00:00+02:00,5056.98,5070.36,5050.985,5069.61,,,,
2026-02-12T07:00:00+02:00,5069.615,5078.42,5064.46,5075.815,,,,
2026-02-12T08:00:00+02:00,5075.69,5076.475,5047.13,5060.01,,,,
2026-02-12T09:00:00+02:00,5060.005,5066.49,5052,5064.085,,,,
2026-02-12T10:00:00+02:00,5064.075,5073.6,5052.43,5068.625,,,,
2026-02-12T11:00:00+02:00,5068.605,5080.91,5066.25,5073.265,,,,
2026-02-12T12:00:00+02:00,5073.27,5077.09,5056.29,5062.48,,,,
2026-02-12T13:00:00+02:00,5062.49,5068.48,5059.53,5064.19,,,,
2026-02-12T14:00:00+02:00,5064.25,5068.665,5048.935,5052.85,,,,
2026-02-12T15:00:00+02:00,5052.835,5083.855,5051.485,5075.455,,5083.855,,
2026-02-12T16:00:00+02:00,5075.475,5077.905,5039.7,5044.625,,,,
2026-02-12T17:00:00+02:00,5044.63,5074.87,5039.815,5060.57,,,,
2026-02-12T18:00:00+02:00,5060.585,5068.36,4878.5,4954.74,,,,4878.5
2026-02-12T19:00:00+02:00,4955.03,4983.245,4939.89,4941.145,,,,
2026-02-12T20:00:00+02:00,4941.14,4952.285,4906.765,4935.625,,,,
2026-02-12T21:00:00+02:00,4935.64,4958.155,4927.775,4945.665,,,,
2026-02-12T22:00:00+02:00,4945.715,4948.68,4911.215,4915.12,,,,
2026-02-12T23:00:00+02:00,4915.19,4927.34,4911.825,4922.08,,,,
2026-02-13T01:00:00+02:00,4888.315,4928.76,4888.315,4920.465,,,4888.315,
2026-02-13T02:00:00+02:00,4920.47,4949,4913.86,4928.175,,,,
2026-02-13T03:00:00+02:00,4928.22,4988.825,4927.4,4980.865,,,,
2026-02-13T04:00:00+02:00,4980.78,4991.805,4972.315,4988.64,,,,
2026-02-13T05:00:00+02:00,4988.59,4989.435,4973.97,4981.51,,,,
2026-02-13T06:00:00+02:00,4981.505,4997.555,4972.99,4976.995,,4997.555,,
2026-02-13T07:00:00+02:00,4976.99,4986.555,4944.93,4946.555,,,,
2026-02-13T08:00:00+02:00,4946.565,4968.875,4946.135,4967.64,,,,
2026-02-13T09:00:00+02:00,4967.615,4982.9,4951.285,4975.045,,,,
2026-02-13T10:00:00+02:00,4975.16,4989.695,4970.91,4982.795,,,,
2026-02-13T11:00:00+02:00,4982.81,4982.975,4961.49,4970.34,,,,
2026-02-13T12:00:00+02:00,4970.355,4980.89,4947.17,4950.1,,,,
2026-02-13T13:00:00+02:00,4950.07,4955.51,4933.635,4953.64,,,4933.635,
2026-02-13T14:00:00+02:00,4953.645,4974.23,4952.235,4969.605,,,,
2026-02-13T15:00:00+02:00,4969.66,4999.685,4957.71,4987.26,,,,
2026-02-13T16:00:00+02:00,4987.275,5011.07,4964.22,4996.12,,,,
2026-02-13T17:00:00+02:00,4996.245,5020.68,4974.035,4976.885,,,,
2026-02-13T18:00:00+02:00,4976.87,5033.735,4975.52,5007.995,,,,
2026-02-13T19:00:00+02:00,5008.03,5029.235,5006.1,5021.045,,,,
2026-02-13T20:00:00+02:00,5021.085,5035.55,5015.485,5031.185,,,,
2026-02-13T21:00:00+02:00,5031.24,5046.185,5023.545,5023.94,,,,
2026-02-13T22:00:00+02:00,5023.865,5034.85,5021.705,5032.59,,,,
2026-02-13T23:00:00+02:00,5032.545,5046.48,5029.8,5042.74,5046.48,,,
2026-02-16T01:00:00+02:00,5017.145,5032.565,5009.64,5020.215,,,,
2026-02-16T02:00:00+02:00,5020.21,5023.075,5000.13,5015.62,,,,
2026-02-16T03:00:00+02:00,5015.63,5031.29,5006.995,5028.955,,,,
2026-02-16T04:00:00+02:00,5028.965,5031.28,4992.19,4994.54,,,,
2026-02-16T05:00:00+02:00,4994.525,5000.08,4973.455,4987.555,,,,
2026-02-16T06:00:00+02:00,4987.635,4992.38,4973.36,4977.9,,,,
2026-02-16T07:00:00+02:00,4977.92,4991.04,4964.865,4990.77,,,4964.865,
2026-02-16T08:00:00+02:00,4990.775,5003.22,4984.58,4994.92,,,,
2026-02-16T09:00:00+02:00,4994.91,5010.115,4988.965,5007.4,,,,
2026-02-16T10:00:00+02:00,5007.42,5013.33,4995.86,5008.11,,,,
2026-02-16T11:00:00+02:00,5008.1,5017.445,5007.995,5013.66,,5017.445,,
2026-02-16T12:00:00+02:00,5013.67,5017.225,5000.27,5006.09,,,,
2026-02-16T13:00:00+02:00,5006.15,5008.23,4999.03,5004.75,,,,
2026-02-16T14:00:00+02:00,5004.755,5008.19,4992.725,5002.03,,,,
2026-02-16T15:00:00+02:00,5002.065,5003.905,4989.64,4997.365,,,,
2026-02-16T16:00:00+02:00,4997.37,4999.66,4981.765,4988.41,,,,
2026-02-16T17:00:00+02:00,4988.395,4988.51,4969.11,4979.7,,,4969.11,
2026-02-16T18:00:00+02:00,4979.71,4990.45,4973.235,4988.37,,,,
2026-02-16T19:00:00+02:00,4988.375,4996.195,4988.22,4991.765,,,,
2026-02-16T20:00:00+02:00,4991.865,4997.975,4988.645,4994.59,,,,
2026-02-16T21:00:00+02:00,4994.61,4996.525,4990.425,4992.005,,,,
2026-02-17T01:00:00+02:00,4997.26,5001.24,4985.185,4989.925,,5001.24,,
2026-02-17T02:00:00+02:00,4989.855,4991.515,4932.235,4936.04,,,,
2026-02-17T03:00:00+02:00,4936.1,4964.1,4922.895,4957.605,,,,
2026-02-17T04:00:00+02:00,4957.485,4971.55,4954.875,4967.125,,,,
2026-02-17T05:00:00+02:00,4967.13,4970.215,4949.76,4956.87,,,,
2026-02-17T06:00:00+02:00,4956.86,4960.455,4946.71,4953.03,,,,
2026-02-17T07:00:00+02:00,4952.995,4954.49,4859.2,4888.94,,,,4859.2
2026-02-17T08:00:00+02:00,4889,4914.295,4886.6,4910.355,,,,
2026-02-17T09:00:00+02:00,4910.38,4922.365,4903.87,4917.1,,,,
2026-02-17T10:00:00+02:00,4917.085,4930.425,4916.26,4920.78,,,,
2026-02-17T11:00:00+02:00,4920.75,4932.67,4913.365,4926.09,,,,
2026-02-17T12:00:00+02:00,4926.03,4939.4,4907.885,4913.385,,,,
2026-02-17T13:00:00+02:00,4913.665,4931.24,4913.34,4929.4,,,,
2026-02-17T14:00:00+02:00,4929.54,4944.7,4928.44,4932.255,,4944.7,,
2026-02-17T15:00:00+02:00,4932.28,4933.545,4869.965,4870.96,,,,
2026-02-17T16:00:00+02:00,4870.92,4907.235,4842.6,4863.325,,,,4842.6
2026-02-17T17:00:00+02:00,4863.205,4882.64,4849.17,4878.6,,,,
2026-02-17T18:00:00+02:00,4878.605,4894.005,4868.655,4869.33,,,,
2026-02-17T19:00:00+02:00,4869.38,4871.49,4850.09,4865.095,,,,
2026-02-17T20:00:00+02:00,4865.1,4910.9,4862.395,4899.165,,,,
2026-02-17T21:00:00+02:00,4899.19,4901.295,4876.45,4880.515,,,,
2026-02-17T22:00:00+02:00,4880.52,4884.355,4873.59,4877.79,,,,
2026-02-17T23:00:00+02:00,4877.86,4886.965,4875.145,4877.855,,,,
2026-02-18T01:00:00+02:00,4871.135,4884.845,4854.24,4859.44,,,,
2026-02-18T02:00:00+02:00,4859.42,4883.4,4858.37,4875.01,,,,
2026-02-18T03:00:00+02:00,4874.815,4893.55,4874.65,4889.98,,,,
2026-02-18T04:00:00+02:00,4890.02,4907.515,4886.475,4905.35,,,,
2026-02-18T05:00:00+02:00,4905.355,4922.345,4904.25,4920.855,,,,
2026-02-18T06:00:00+02:00,4920.86,4940.89,4918.415,4934.235,,,,
2026-02-18T07:00:00+02:00,4934.265,4939.8,4929.97,4933.49,,,,
2026-02-18T08:00:00+02:00,4933.655,4936.21,4925.21,4930.91,,,,
2026-02-18T09:00:00+02:00,4930.835,4942.49,4929.19,4930.38,,,,
2026-02-18T10:00:00+02:00,4930.345,4932.32,4916.815,4917.25,,,,
2026-02-18T11:00:00+02:00,4917.28,4923.28,4913.075,4917.425,,,,
2026-02-18T12:00:00+02:00,4917.465,4924.755,4909.345,4914.65,,,,
2026-02-18T13:00:00+02:00,4914.665,4917.79,4906.425,4913.075,,,4906.425,
2026-02-18T14:00:00+02:00,4913.065,4947.105,4912.12,4943.36,,,,
2026-02-18T15:00:00+02:00,4943.345,4969.1,4943.2,4954.78,,,,
2026-02-18T16:00:00+02:00,4954.79,4994.51,4952.34,4991.795,,,,
2026-02-18T17:00:00+02:00,4991.71,5009.035,4991.49,4997.95,,,,
2026-02-18T18:00:00+02:00,4997.99,5010.915,4991.445,5000.555,5010.915,,,
2026-02-18T19:00:00+02:00,5000.625,5001.97,4993.5,4999.195,,,,
2026-02-18T20:00:00+02:00,4999.185,5003.27,4980.55,4987.445,,,,
2026-02-18T21:00:00+02:00,4987.45,4995.56,4972.87,4980.715,,,,
2026-02-18T22:00:00+02:00,4980.585,4987.555,4975.615,4984.96,,,,
2026-02-18T23:00:00+02:00,4984.93,4986.375,4975.56,4977.26,,,,
2026-02-19T01:00:00+02:00,4973.795,4988.86,4966.715,4976.15,,,,
2026-02-19T02:00:00+02:00,4976.02,4976.42,4960.645,4961.42,,,4960.645,
2026-02-19T03:00:00+02:00,4961.4,4975.63,4960.785,4973.14,,,,
2026-02-19T04:00:00+02:00,4973.08,4977.465,4965.825,4968.345,,,,
2026-02-19T05:00:00+02:00,4968.365,4983.48,4966.475,4981.675,,,,
2026-02-19T06:00:00+02:00,4981.58,4985.69,4977.09,4984.45,,,,
2026-02-19T07:00:00+02:00,4984.42,4998.94,4984.42,4997.28,,,,
2026-02-19T08:00:00+02:00,4997.275,5020.29,4996.765,5018.41,,,,
2026-02-19T09:00:00+02:00,5018.405,5021.805,5008.815,5010.305,,,,
2026-02-19T10:00:00+02:00,5010.33,5022.17,5006.31,5017.085,5022.17,,,
2026-02-19T11:00:00+02:00,5017.23,5020.565,4993.215,4995.67,,,,
2026-02-19T12:00:00+02:00,4995.62,4996.25,4981.45,4993.405,,,,
2026-02-19T13:00:00+02:00,4993.41,4996.48,4977.98,4984.715,,,,
2026-02-19T14:00:00+02:00,4984.725,4992.905,4980.765,4984.97,,,,
2026-02-19T15:00:00+02:00,4985.02,4998.81,4971.125,4997.17,,,,
2026-02-19T16:00:00+02:00,4997.12,5010.44,4963.445,5005.795,,,4963.445,
2026-02-19T17:00:00+02:00,5005.89,5022.385,4996.095,5013.83,5022.385,,,
2026-02-19T18:00:00+02:00,5013.865,5014.445,4990.22,4995.15,,,,
2026-02-19T19:00:00+02:00,4995.23,5001.905,4982.84,4985.165,,,,
2026-02-19T20:00:00+02:00,4985.2,4989.7,4975.41,4981.87,,,,
2026-02-19T21:00:00+02:00,4981.875,4990.495,4978.325,4987.88,,,,
2026-02-19T22:00:00+02:00,4987.935,5003.545,4987.915,5001.84,,,,
2026-02-19T23:00:00+02:00,5001.84,5004.225,4992.065,4996.49,,,,
2026-02-20T01:00:00+02:00,5000.805,5008.24,4985.56,4987.795,,,,
2026-02-20T02:00:00+02:00,4987.955,5007.185,4985.435,5006.645,,,,
2026-02-20T03:00:00+02:00,5006.635,5014.865,4995.475,4997.145,,,,
2026-02-20T04:00:00+02:00,4997.135,5007.68,4992.9,4996.29,,,,
2026-02-20T05:00:00+02:00,4996.35,4999.265,4981.67,4988.69,,,4981.67,
2026-02-20T06:00:00+02:00,4988.7,5003.815,4986.96,4999.885,,,,
2026-02-20T07:00:00+02:00,4999.925,5012.185,4997.915,5012.185,,,,
2026-02-20T08:00:00+02:00,5012.09,5030.145,5011.89,5020.79,,,,
2026-02-20T09:00:00+02:00,5020.745,5028.36,5006.145,5006.58,,,,
2026-02-20T10:00:00+02:00,5006.605,5031.215,5004.97,5028.995,,,,
2026-02-20T11:00:00+02:00,5029.2,5042.74,5027.625,5027.635,,,,
2026-02-20T12:00:00+02:00,5027.67,5038.66,5019.52,5034.62,,,,
2026-02-20T13:00:00+02:00,5034.615,5034.9,5015.585,5017.435,,,,
2026-02-20T14:00:00+02:00,5017.405,5026.675,5007.285,5025.185,,,,
2026-02-20T15:00:00+02:00,5025.19,5048.885,5018.145,5043.48,,,,
2026-02-20T16:00:00+02:00,5043.5,5060.655,5037.31,5054.495,,,,
2026-02-20T17:00:00+02:00,5054.65,5064.33,4990.585,5042.805,,,4990.585,
2026-02-20T18:00:00+02:00,5042.515,5069.475,5038.835,5066.765,,,,
2026-02-20T19:00:00+02:00,5066.745,5076.465,5054.555,5073.12,,,,
2026-02-20T20:00:00+02:00,5073.06,5075.16,5053.79,5071.52,,,,
2026-02-20T21:00:00+02:00,5071.525,5079.81,5068.785,5079.265,,,,
2026-02-20T22:00:00+02:00,5079.26,5098.215,5077.01,5097.02,,,,
2026-02-20T23:00:00+02:00,5097,5108.72,5091.8,5108.255,,,,
2026-02-23T01:00:00+02:00,5118.71,5172.315,5117.815,5165.785,,,,
2026-02-23T02:00:00+02:00,5165.79,5166.89,5129.61,5144.65,,,,
2026-02-23T03:00:00+02:00,5144.84,5167.935,5139.885,5157.345,,,,
2026-02-23T04:00:00+02:00,5157.375,5176.95,5156.765,5173.72,5176.95,,,
2026-02-23T05:00:00+02:00,5173.69,5176.05,5151.775,5166.85,,,,
2026-02-23T06:00:00+02:00,5166.84,5168.855,5155.44,5160.955,,,,
2026-02-23T07:00:00+02:00,5160.9,5161.86,5152.165,5158.36,,,,
2026-02-23T08:00:00+02:00,5158.35,5161.755,5145.13,5145.88,,,,
2026-02-23T09:00:00+02:00,5145.93,5154.375,5125.19,5136.835,,,,
2026-02-23T10:00:00+02:00,5136.785,5142.225,5122.22,5140.37,,,5122.22,
2026-02-23T11:00:00+02:00,5140.31,5150.165,5139.16,5149.5,,,,
2026-02-23T12:00:00+02:00,5149.59,5163.655,5145.16,5162.925,,,,
2026-02-23T13:00:00+02:00,5162.985,5163.5,5146.36,5149.85,,,,
2026-02-23T14:00:00+02:00,5149.78,5165.555,5145.535,5164.215,,,,
2026-02-23T15:00:00+02:00,5164.2,5165.565,5143.85,5146.375,,,,
2026-02-23T16:00:00+02:00,5146.325,5200.665,5141.615,5192.825,,,,
2026-02-23T17:00:00+02:00,5192.69,5205.17,5180.72,5195.97,,,,
2026-02-23T18:00:00+02:00,5195.905,5219.215,5175.805,5210.16,,,,
2026-02-23T19:00:00+02:00,5210.545,5213.575,5191.275,5208.06,,,,
2026-02-23T20:00:00+02:00,5208.09,5215.925,5201.015,5209.48,,,,
2026-02-23T21:00:00+02:00,5209.525,5218.44,5206.65,5215.635,,,,
2026-02-23T22:00:00+02:00,5215.69,5237.95,5214.875,5236.5,,,,
2026-02-23T23:00:00+02:00,5236.5,5237.415,5226.43,5226.87,,,,
2026-02-24T01:00:00+02:00,5244.98,5250.005,5233.83,5235.81,5250.005,,,
2026-02-24T02:00:00+02:00,5235.87,5238.18,5217.52,5224.185,,,,
2026-02-24T03:00:00+02:00,5224.19,5224.4,5145.135,5177.375,,,5145.135,
2026-02-24T04:00:00+02:00,5177.38,5190.965,5165.46,5189.99,,,,
2026-02-24T05:00:00+02:00,5189.905,5191.95,5171.02,5172.09,,,,
2026-02-24T06:00:00+02:00,5172.025,5175.36,5161.12,5168.3,,,,
2026-02-24T07:00:00+02:00,5168.21,5185.88,5164.15,5182.475,,,,
2026-02-24T08:00:00+02:00,5182.47,5185.24,5155.905,5173.635,,,,
2026-02-24T09:00:00+02:00,5173.64,5184.15,5164.25,5179.4,,,,
2026-02-24T10:00:00+02:00,5179.18,5181.955,5165.21,5173.64,,,,
2026-02-24T11:00:00+02:00,5173.5,5180.55,5166.565,5171.595,,,,
2026-02-24T12:00:00+02:00,5171.55,5181.49,5163.355,5172.92,,,,
2026-02-24T13:00:00+02:00,5172.97,5178.67,5171.02,5172.805,,,,
2026-02-24T14:00:00+02:00,5172.795,5173.58,5145.01,5150.77,,,,
2026-02-24T15:00:00+02:00,5151.105,5161.485,5111,5115.145,,,,
2026-02-24T16:00:00+02:00,5115.14,5139.38,5093.225,5127.885,,,,5093.225
2026-02-24T17:00:00+02:00,5127.9,5155.375,5117.875,5150.385,,,,
2026-02-24T18:00:00+02:00,5150.39,5152.33,5130.68,5141.975,,,,
2026-02-24T19:00:00+02:00,5141.95,5163.86,5141.685,5163.78,,,,
2026-02-24T20:00:00+02:00,5163.715,5170.37,5153.575,5160.125,,,,
2026-02-24T21:00:00+02:00,5160.12,5160.55,5146.39,5153.995,,,,
2026-02-24T22:00:00+02:00,5154,5173.31,5146.65,5164.095,,,,
2026-02-24T23:00:00+02:00,5164.02,5165.51,5139.88,5143.925,,,,
2026-02-25T01:00:00+02:00,5135.495,5152.46,5128.285,5146.75,,,5128.285,
2026-02-25T02:00:00+02:00,5146.76,5156.445,5136.85,5152.375,,,,
2026-02-25T03:00:00+02:00,5152.37,5189.895,5144.185,5176.685,,,,
2026-02-25T04:00:00+02:00,5176.66,5193.835,5166.495,5180.72,,,,
2026-02-25T05:00:00+02:00,5181.045,5190.495,5178.125,5182,,,,
2026-02-25T06:00:00+02:00,5181.95,5185.07,5171.815,5182.84,,,,
2026-02-25T07:00:00+02:00,5182.845,5210.68,5182.69,5201.705,,5210.68,,
2026-02-25T08:00:00+02:00,5201.72,5201.73,5182.455,5194.66,,,,
2026-02-25T09:00:00+02:00,5194.64,5195.155,5180.325,5184.6,,,,
2026-02-25T10:00:00+02:00,5184.625,5197.265,5184.185,5185.515,,,,
2026-02-25T11:00:00+02:00,5185.465,5194.595,5176.635,5193.295,,,,
2026-02-25T12:00:00+02:00,5193.3,5195.285,5169.84,5175.275,,,,
2026-02-25T13:00:00+02:00,5175.27,5182.685,5155.095,5181.695,,,5155.095,
2026-02-25T14:00:00+02:00,5181.645,5187.495,5177.33,5182.825,,,,
2026-02-25T15:00:00+02:00,5182.805,5191.415,5181.1,5185.205,,,,
2026-02-25T16:00:00+02:00,5185.175,5193.315,5158.645,5191.175,,,,
2026-02-25T17:00:00+02:00,5191.095,5202.795,5172.2,5194.875,,,,
2026-02-25T18:00:00+02:00,5194.805,5214.02,5189.87,5212.245,,,,
2026-02-25T19:00:00+02:00,5212.325,5217.78,5203.7,5206.945,5217.78,,,
2026-02-25T20:00:00+02:00,5206.96,5207.645,5200.55,5202.31,,,,
2026-02-25T21:00:00+02:00,5202.4,5208.445,5191.695,5205.07,,,,
2026-02-25T22:00:00+02:00,5205.085,5206.305,5144.905,5152.55,,,,5144.905
2026-02-25T23:00:00+02:00,5152.51,5173.67,5150.58,5163.58,,,,
2026-02-26T01:00:00+02:00,5173.57,5182.18,5161.46,5163.27,,,,
2026-02-26T02:00:00+02:00,5163.275,5192.205,5155.13,5188.45,,,,
2026-02-26T03:00:00+02:00,5188.455,5198.455,5178.53,5191.5,,,,
2026-02-26T04:00:00+02:00,5191.495,5195.82,5174.07,5184.425,,,,
2026-02-26T05:00:00+02:00,5184.42,5193.835,5182.88,5192.735,,,,
2026-02-26T06:00:00+02:00,5192.725,5199.49,5190.415,5192.77,,,,
2026-02-26T07:00:00+02:00,5192.81,5205.64,5189.935,5198.365,,5205.64,,
2026-02-26T08:00:00+02:00,5198.395,5199.82,5190.41,5193.32,,,,
2026-02-26T09:00:00+02:00,5193.365,5194.935,5179.725,5186.105,,,,
2026-02-26T10:00:00+02:00,5186.025,5191.12,5167.7,5179.585,,,,
2026-02-26T11:00:00+02:00,5179.28,5189.65,5174.05,5186.49,,,,
2026-02-26T12:00:00+02:00,5186.485,5190.335,5165.75,5171.535,,,,
2026-02-26T13:00:00+02:00,5171.505,5178.495,5161.05,5164.88,,,,
2026-02-26T14:00:00+02:00,5164.91,5188.095,5157.87,5183.86,,,,
2026-02-26T15:00:00+02:00,5183.855,5185.73,5164.375,5165.995,,,,
2026-02-26T16:00:00+02:00,5165.985,5176.33,5140.14,5164.98,,,,
2026-02-26T17:00:00+02:00,5164.535,5192.955,5130.235,5185.775,,,,5130.235
2026-02-26T18:00:00+02:00,5185.82,5187.335,5172.96,5179.565,,,,
2026-02-26T19:00:00+02:00,5179.61,5190.46,5162.025,5167.345,,,,
2026-02-26T20:00:00+02:00,5167.49,5186.135,5160.53,5180.56,,,,
2026-02-26T21:00:00+02:00,5180.555,5194.08,5179.675,5187,,,,
2026-02-26T22:00:00+02:00,5187.01,5201.005,5186.74,5196.62,,5201.005,,
2026-02-26T23:00:00+02:00,5196.62,5200.755,5182.945,5185.17,,,,
2026-02-27T01:00:00+02:00,5182.035,5189.5,5179.005,5184.76,,,,
2026-02-27T02:00:00+02:00,5184.74,5195.03,5170.115,5175.1,,,,
2026-02-27T03:00:00+02:00,5175.12,5194.79,5166.995,5194.41,,,5166.995,
2026-02-27T04:00:00+02:00,5194.47,5199.845,5173.59,5183.77,,,,
2026-02-27T05:00:00+02:00,5183.7,5190.9,5181.175,5183.975,,,,
2026-02-27T06:00:00+02:00,5183.98,5188.785,5181.015,5181.795,,,,
2026-02-27T07:00:00+02:00,5181.805,5200.64,5181.58,5197.815,,5200.64,,
2026-02-27T08:00:00+02:00,5197.83,5199.47,5185.065,5185.77,,,,
2026-02-27T09:00:00+02:00,5185.725,5189.845,5175.795,5176.035,,,,
2026-02-27T10:00:00+02:00,5176.2,5182.435,5174.38,5178.86,,,,
2026-02-27T11:00:00+02:00,5178.855,5182.815,5172.225,5176.11,,,,
2026-02-27T12:00:00+02:00,5176.145,5180.985,5168.685,5177.725,,,5168.685,
2026-02-27T13:00:00+02:00,5177.69,5185.715,5172.66,5185.715,,,,
2026-02-27T14:00:00+02:00,5185.73,5190.69,5183.12,5187.695,,,,
2026-02-27T15:00:00+02:00,5187.705,5240.825,5186.895,5223.22,,,,
2026-02-27T16:00:00+02:00,5223.17,5236.665,5213.935,5223.76,,,,
2026-02-27T17:00:00+02:00,5223.595,5246.83,5214.97,5239.475,,,,
2026-02-27T18:00:00+02:00,5239.48,5257.75,5221.89,5229.325,,,,
2026-02-27T19:00:00+02:00,5229.32,5237.01,5220.76,5234.74,,,,
2026-02-27T20:00:00+02:00,5234.75,5246.98,5222.665,5245.34,,,,
2026-02-27T21:00:00+02:00,5245.35,5252.43,5240.205,5250.095,,,,
2026-02-27T22:00:00+02:00,5250.135,5265.6,5248.735,5263.47,,,,
2026-02-27T23:00:00+02:00,5263.455,5281.155,5257.32,5278.51,,,,
2026-03-02T01:00:00+02:00,5368.53,5394.005,5329.785,5387.085,5394.005,,,
2026-03-02T02:00:00+02:00,5387.08,5388.3,5341.28,5347.58,,,,
2026-03-02T03:00:00+02:00,5347.57,5347.71,5303.39,5325.44,,,,
2026-03-02T04:00:00+02:00,5325.34,5352.04,5317.325,5346.67,,,,
2026-03-02T05:00:00+02:00,5346.72,5366.93,5344.415,5366.46,,,,
2026-03-02T06:00:00+02:00,5366.625,5367.325,5345.16,5356.12,,,,
2026-03-02T07:00:00+02:00,5356.2,5366.395,5340.82,5366.04,,,,
2026-03-02T08:00:00+02:00,5366.045,5390.21,5363.835,5387.7,,,,
2026-03-02T09:00:00+02:00,5387.69,5419.66,5385.035,5408.175,5419.66,,,
2026-03-02T10:00:00+02:00,5408.155,5416.945,5391.39,5394.145,,,,
2026-03-02T11:00:00+02:00,5394.11,5403.27,5386.09,5392.11,,,,
2026-03-02T12:00:00+02:00,5392.115,5401.045,5379.055,5389.435,,,,
2026-03-02T13:00:00+02:00,5389.445,5400.215,5374.37,5385.41,,,,
2026-03-02T14:00:00+02:00,5385.43,5398.92,5378.96,5397.15,,,,
2026-03-02T15:00:00+02:00,5397.195,5417.045,5381.965,5394.08,,5417.045,,
2026-03-02T16:00:00+02:00,5394.1,5395.375,5306.51,5334.355,,,,
2026-03-02T17:00:00+02:00,5334.125,5349.165,5308.27,5315.605,,,,
2026-03-02T18:00:00+02:00,5315.545,5315.55,5260.285,5290.205,,,5260.285,
2026-03-02T19:00:00+02:00,5290.235,5320.92,5287.11,5306.995,,,,
2026-03-02T20:00:00+02:00,5306.99,5316.665,5289.87,5315.515,,,,
2026-03-02T21:00:00+02:00,5315.54,5334.185,5313.875,5330.65,,,,
2026-03-02T22:00:00+02:00,5330.685,5346.585,5328.44,5332.69,,,,
2026-03-02T23:00:00+02:00,5332.63,5340.565,5321.705,5321.935,,,,
2026-03-03T01:00:00+02:00,5344.96,5347.215,5329.3,5345.89,,,,
2026-03-03T02:00:00+02:00,5345.95,5362.29,5336.98,5350.32,,,,
2026-03-03T03:00:00+02:00,5350.345,5379.975,5338.02,5339.67,,5379.975,,
2026-03-03T04:00:00+02:00,5339.69,5368.065,5332.94,5367.015,,,,
2026-03-03T05:00:00+02:00,5367.025,5373.535,5358.94,5367.525,,,,
2026-03-03T06:00:00+02:00,5367.535,5375.865,5359.515,5361.21,,,,
2026-03-03T07:00:00+02:00,5361.145,5367.28,5305.1,5319.32,,,,
2026-03-03T08:00:00+02:00,5319.36,5323.42,5279.005,5310.69,,,,
2026-03-03T09:00:00+02:00,5310.705,5331.32,5306.095,5327.745,,,,
2026-03-03T10:00:00+02:00,5327.735,5336.12,5290.085,5295.9,,,,
2026-03-03T11:00:00+02:00,5295.835,5304.155,5225.57,5275.345,,,,
2026-03-03T12:00:00+02:00,5275.28,5288.07,5237.96,5248.5,,,,
2026-03-03T13:00:00+02:00,5248.49,5264.17,5073.135,5144.925,,,,
2026-03-03T14:00:00+02:00,5144.95,5227.08,5138.915,5224.46,,,,
2026-03-03T15:00:00+02:00,5224.575,5224.625,5127.6,5156.895,,,,
2026-03-03T16:00:00+02:00,5156.885,5175.7,5016.125,5039.065,,,,
2026-03-03T17:00:00+02:00,5039.085,5097.12,4996.275,5095.76,,,,4996.275
2026-03-03T18:00:00+02:00,5095.755,5134.82,5090.715,5107.435,,,,
2026-03-03T19:00:00+02:00,5107.45,5109.915,5065.5,5079.63,,,,
2026-03-03T20:00:00+02:00,5079.545,5138.44,5079.375,5136.11,,,,
2026-03-03T21:00:00+02:00,5136.13,5149.055,5099.43,5113.395,,,,
2026-03-03T22:00:00+02:00,5113.385,5130.67,5086.21,5097.52,,,,
2026-03-03T23:00:00+02:00,5097.525,5110.66,5083.45,5088.835,,,,
2026-03-04T01:00:00+02:00,5106.335,5130.105,5105.37,5125.44,,,,
2026-03-04T02:00:00+02:00,5125.43,5140.605,5105.72,5139.095,,,,
2026-03-04T03:00:00+02:00,5139.075,5178.82,5139.055,5175.155,,,,
2026-03-04T04:00:00+02:00,5175.075,5191.065,5154.07,5156.48,,5191.065,,
2026-03-04T05:00:00+02:00,5156.49,5177.835,5141.14,5174.465,,,,
2026-03-04T06:00:00+02:00,5174.455,5181.01,5151.77,5156.93,,,,
2026-03-04T07:00:00+02:00,5157.265,5168.47,5152.095,5160.09,,,,
2026-03-04T08:00:00+02:00,5160.095,5161.015,5117.72,5160.625,,,5117.72,
2026-03-04T09:00:00+02:00,5160.6,5176.065,5158.55,5168.37,,,,
2026-03-04T10:00:00+02:00,5168.345,5182.335,5147.64,5167.775,,,,
2026-03-04T11:00:00+02:00,5167.73,5185.4,5159.33,5182.51,,,,
2026-03-04T12:00:00+02:00,5182.53,5202.425,5179.725,5190.135,,,,
2026-03-04T13:00:00+02:00,5190.17,5200.79,5187.645,5192.205,,,,
2026-03-04T14:00:00+02:00,5192.21,5206.265,5156.51,5171.335,5206.265,,,
2026-03-04T15:00:00+02:00,5171.315,5196.52,5167.53,5167.965,,,,
2026-03-04T16:00:00+02:00,5167.99,5185.33,5138.98,5147.475,,,,
2026-03-04T17:00:00+02:00,5146.005,5167.045,5131.34,5151.595,,,,
2026-03-04T18:00:00+02:00,5151.49,5162.675,5138.28,5149.67,,,,
2026-03-04T19:00:00+02:00,5149.675,5152.99,5120.285,5141.285,,,,
2026-03-04T20:00:00+02:00,5141.23,5143.695,5108.64,5134.06,,,,5108.64
2026-03-04T21:00:00+02:00,5134.055,5139.695,5123.385,5138.015,,,,
2026-03-04T22:00:00+02:00,5137.975,5146.945,5123.785,5134.81,,,,
2026-03-04T23:00:00+02:00,5134.835,5144.155,5129.595,5140.945,,,,
2026-03-05T01:00:00+02:00,5152.485,5166.33,5144.86,5165.365,,,,
2026-03-05T02:00:00+02:00,5165.375,5180.1,5159.35,5172.695,,,,
2026-03-05T03:00:00+02:00,5172.69,5186.575,5167.665,5172.85,,,,
2026-03-05T04:00:00+02:00,5172.8,5192.62,5171.895,5192.21,,,,
2026-03-05T05:00:00+02:00,5192.155,5195.22,5178.35,5180.35,,5195.22,,
2026-03-05T06:00:00+02:00,5180.325,5186.81,5166.315,5171.61,,,,
2026-03-05T07:00:00+02:00,5171.615,5176.925,5148.41,5148.755,,,,
2026-03-05T08:00:00+02:00,5148.755,5168.95,5120.785,5167.79,,,5120.785,
2026-03-05T09:00:00+02:00,5167.74,5172.94,5158.8,5162.195,,,,
2026-03-05T10:00:00+02:00,5162.11,5170.25,5137.54,5165.625,,,,
2026-03-05T11:00:00+02:00,5165.63,5180.48,5152.48,5161.26,,,,
2026-03-05T12:00:00+02:00,5161.255,5167.845,5146.24,5164.635,,,,
2026-03-05T13:00:00+02:00,5164.685,5168.02,5156.955,5164.035,,,,
2026-03-05T14:00:00+02:00,5164.05,5171.54,5160.755,5162.635,,,,
2026-03-05T15:00:00+02:00,5162.615,5164.11,5081.23,5118.085,,,,
2026-03-05T16:00:00+02:00,5118.09,5130.005,5090.54,5102.305,,,,
2026-03-05T17:00:00+02:00,5102.3,5119.965,5060.625,5102.63,,,,
2026-03-05T18:00:00+02:00,5102.635,5104.76,5054.22,5077.735,,,,
2026-03-05T19:00:00+02:00,5077.74,5089.5,5055.065,5062.87,,,,
2026-03-05T20:00:00+02:00,5062.75,5085.525,5050.905,5069.41,,,,5050.905
2026-03-05T21:00:00+02:00,5069.395,5081.325,5055.775,5066.14,,,,
2026-03-05T22:00:00+02:00,5066.145,5094.925,5061.805,5076.855,,,,
2026-03-05T23:00:00+02:00,5076.9,5085.19,5072.29,5081.38,,,,
2026-03-06T01:00:00+02:00,5090.81,5102.525,5082.155,5086.155,,,,
2026-03-06T02:00:00+02:00,5086.075,5092.545,5074.22,5084.95,,,,
2026-03-06T03:00:00+02:00,5084.895,5144.05,5066.4,5134.575,,5144.05,,
2026-03-06T04:00:00+02:00,5134.44,5138.58,5122.075,5126.37,,,,
2026-03-06T05:00:00+02:00,5126.345,5141.64,5124.44,5131.21,,,,
2026-03-06T06:00:00+02:00,5131.2,5136.485,5126.25,5127.65,,,,
2026-03-06T07:00:00+02:00,5127.53,5130.38,5114.23,5117.63,,,,
2026-03-06T08:00:00+02:00,5117.595,5123.115,5109.25,5115.78,,,,
2026-03-06T09:00:00+02:00,5115.84,5120.82,5105.72,5119.695,,,,
2026-03-06T10:00:00+02:00,5119.7,5123.16,5096.54,5108.8,,,,
2026-03-06T11:00:00+02:00,5108.805,5109.75,5083.33,5085.715,,,,
2026-03-06T12:00:00+02:00,5085.77,5093.35,5075.66,5091.13,,,,
2026-03-06T13:00:00+02:00,5091.165,5099.735,5063.215,5077.28,,,5063.215,
2026-03-06T14:00:00+02:00,5077.34,5096.725,5076.43,5083.295,,,,
2026-03-06T15:00:00+02:00,5083.29,5131.245,5065.5,5085.12,,,,
2026-03-06T16:00:00+02:00,5085.17,5132.44,5080.905,5130.2,,,,
2026-03-06T17:00:00+02:00,5130.18,5171.89,5127.96,5141.835,,,,
2026-03-06T18:00:00+02:00,5141.84,5153.3,5125.865,5140.125,,,,
2026-03-06T19:00:00+02:00,5140.225,5152.585,5129.02,5141.01,,,,
2026-03-06T20:00:00+02:00,5141.015,5167.875,5138.88,5161.08,,,,
2026-03-06T21:00:00+02:00,5161.07,5174.67,5156.79,5159.73,,,,
2026-03-06T22:00:00+02:00,5159.9,5162.63,5149.34,5153.345,,,,
2026-03-06T23:00:00+02:00,5153.34,5176.63,5150.99,5171.5,5176.63,,,
2026-03-09T00:00:00+02:00,5171.95,5171.95,5104.345,5130.31,,,,
2026-03-09T01:00:00+02:00,5130.31,5136.2,5044.14,5076.01,,,,
2026-03-09T02:00:00+02:00,5076.02,5081.36,5028.54,5050.03,,,,
2026-03-09T03:00:00+02:00,5049.625,5087.895,5015.045,5070.165,,,,5015.045
2026-03-09T04:00:00+02:00,5070.235,5099.21,5055.21,5094.655,,,,
2026-03-09T05:00:00+02:00,5095.515,5102.255,5081.87,5091.275,,,,
2026-03-09T06:00:00+02:00,5091.295,5097.225,5085.36,5090.36,,,,
2026-03-09T07:00:00+02:00,5090.35,5140.79,5081.185,5124.2,,5140.79,,
2026-03-09T08:00:00+02:00,5124.185,5134.075,5097.22,5097.975,,,,
2026-03-09T09:00:00+02:00,5097.97,5108.03,5088.265,5099.085,,,,
2026-03-09T10:00:00+02:00,5099.145,5111.055,5087.07,5096.725,,,,
2026-03-09T11:00:00+02:00,5096.71,5132.765,5095.085,5105.39,,,,
2026-03-09T12:00:00+02:00,5105.4,5111.32,5083.845,5087.335,,,,
2026-03-09T13:00:00+02:00,5087.3,5097.52,5079.93,5088.305,,,,
2026-03-09T14:00:00+02:00,5088.29,5112.505,5088.29,5095.07,,,,
2026-03-09T15:00:00+02:00,5095.075,5111.52,5067.42,5074.39,,,,
2026-03-09T16:00:00+02:00,5074.44,5116.28,5060.595,5094.125,,,5060.595,
2026-03-09T17:00:00+02:00,5094.01,5103.54,5079.585,5099.79,,,,
2026-03-09T18:00:00+02:00,5099.885,5110.715,5094.76,5104.74,,,,
2026-03-09T19:00:00+02:00,5104.76,5106.99,5089.135,5096.12,,,,
2026-03-09T20:00:00+02:00,5096.07,5126.645,5092.51,5123.46,,,,
2026-03-09T21:00:00+02:00,5123.535,5144.325,5118.375,5141.21,,,,
2026-03-09T22:00:00+02:00,5141.265,5148.205,5134.4,5137.91,,,,
2026-03-10T00:00:00+02:00,5128.805,5153.285,5117.355,5153.22,,,,
2026-03-10T01:00:00+02:00,5153.265,5156.21,5135.64,5139.805,,,,
2026-03-10T02:00:00+02:00,5139.61,5141.435,5124.89,5131.225,,,,
2026-03-10T03:00:00+02:00,5131.155,5186.455,5124.835,5184.24,,,,
2026-03-10T04:00:00+02:00,5184.245,5187.055,5164,5166.065,5187.055,,,
2026-03-10T05:00:00+02:00,5166.055,5173.48,5155.56,5157.615,,,,
2026-03-10T06:00:00+02:00,5157.555,5166.645,5154.47,5163.845,,,,
2026-03-10T07:00:00+02:00,5163.84,5179.35,5163.815,5177.87,,,,
2026-03-10T08:00:00+02:00,5178.08,5181.1,5171.84,5175.34,,,,
2026-03-10T09:00:00+02:00,5175.325,5181.755,5158.395,5181.205,,,,
2026-03-10T10:00:00+02:00,5181.155,5195.405,5175.005,5183.48,,,,
2026-03-10T11:00:00+02:00,5183.58,5189.505,5180.58,5182.755,,,,
2026-03-10T12:00:00+02:00,5182.76,5183.91,5156.5,5177.18,,,5156.5,
2026-03-10T13:00:00+02:00,5177.225,5192.045,5171.82,5175.26,,,,
2026-03-10T14:00:00+02:00,5175.42,5189.6,5162.485,5187.085,,,,
2026-03-10T15:00:00+02:00,5187.01,5228.925,5186.005,5205.34,,,,
2026-03-10T16:00:00+02:00,5205.455,5214.55,5185.3,5206.845,,,,
2026-03-10T17:00:00+02:00,5206.76,5238.775,5203.285,5228.69,5238.775,,,
2026-03-10T18:00:00+02:00,5228.88,5235.65,5222.75,5227.58,,,,
2026-03-10T19:00:00+02:00,5227.585,5235.55,5223.7,5227.575,,,,
2026-03-10T20:00:00+02:00,5227.57,5228.065,5160.65,5192.05,,,5160.65,
2026-03-10T21:00:00+02:00,5192.08,5207.865,5179.905,5198.885,,,,
2026-03-10T22:00:00+02:00,5198.88,5199.165,5191.875,5192.51,,,,
2026-03-11T00:00:00+02:00,5191.79,5197.985,5183.47,5189.525,,,,
2026-03-11T01:00:00+02:00,5189.44,5197.8,5187.835,5197.375,,,,
2026-03-11T02:00:00+02:00,5197.38,5219.59,5186.66,5215.455,,,,
2026-03-11T03:00:00+02:00,5215.45,5223.385,5208.65,5208.66,,5223.385,,
2026-03-11T04:00:00+02:00,5208.72,5220.64,5194.02,5217.45,,,,
2026-03-11T05:00:00+02:00,5217.32,5220.505,5199.42,5203.44,,,,
2026-03-11T06:00:00+02:00,5203.445,5208.81,5199.595,5204.61,,,,
2026-03-11T07:00:00+02:00,5204.4,5208.535,5190.705,5199.84,,,,
2026-03-11T08:00:00+02:00,5199.57,5210.97,5191.53,5197.66,,,,
2026-03-11T09:00:00+02:00,5197.655,5202.28,5184.56,5195.845,,,,
2026-03-11T10:00:00+02:00,5195.825,5198.695,5175.35,5187.695,,,,
2026-03-11T11:00:00+02:00,5187.67,5197.145,5179.63,5187.66,,,,
2026-03-11T12:00:00+02:00,5187.88,5195.425,5177.23,5186.155,,,,
2026-03-11T13:00:00+02:00,5186.22,5193.67,5175.87,5181.415,,,,
2026-03-11T14:00:00+02:00,5181.38,5197.175,5166.835,5167.53,,,,
2026-03-11T15:00:00+02:00,5167.48,5183.185,5149.155,5176.855,,,,5149.155
2026-03-11T16:00:00+02:00,5176.86,5196.315,5174.565,5183.38,,,,
2026-03-11T17:00:00+02:00,5183.39,5185.9,5164.075,5166.605,,,,
2026-03-11T18:00:00+02:00,5166.51,5178.15,5163.81,5175.77,,,,
2026-03-11T19:00:00+02:00,5175.84,5181.115,5154.985,5169.845,,,,
2026-03-11T20:00:00+02:00,5169.885,5178.395,5169.355,5172.555,,,,
2026-03-11T21:00:00+02:00,5172.605,5183.76,5169.375,5183.29,,,,
2026-03-11T22:00:00+02:00,5183.215,5183.595,5175.265,5176.48,,,,
2026-03-12T00:00:00+02:00,5178.045,5178.32,5129.83,5139.13,,,,
2026-03-12T01:00:00+02:00,5139.14,5157.94,5133.295,5134.6,,,,
2026-03-12T02:00:00+02:00,5134.61,5161.6,5125.64,5153.205,,,,5125.64
2026-03-12T03:00:00+02:00,5153.2,5173.16,5151.435,5168.835,,,,
2026-03-12T04:00:00+02:00,5168.705,5175.15,5145.935,5150.88,,,,
2026-03-12T05:00:00+02:00,5150.955,5155.82,5147.405,5153.155,,,,
2026-03-12T06:00:00+02:00,5153.255,5154.02,5140.62,5142.7,,,,
2026-03-12T07:00:00+02:00,5142.76,5157.93,5137.17,5154.675,,,,
2026-03-12T08:00:00+02:00,5154.66,5170.39,5147.4,5166.32,,,,
2026-03-12T09:00:00+02:00,5166.325,5185.23,5164.52,5182.385,,,,
2026-03-12T10:00:00+02:00,5182.38,5189.86,5175.88,5178.22,,,,
2026-03-12T11:00:00+02:00,5178.205,5190.5,5174.43,5188.385,,,,
2026-03-12T12:00:00+02:00,5188.35,5191.79,5175.965,5182.47,,5191.79,,
2026-03-12T13:00:00+02:00,5182.445,5183.87,5172.875,5179.15,,,,
2026-03-12T14:00:00+02:00,5179.18,5185.875,5163.685,5181.625,,,,
2026-03-12T15:00:00+02:00,5181.575,5186.145,5146.085,5151.45,,,,
2026-03-12T16:00:00+02:00,5151.48,5163.72,5138.475,5142.92,,,,
2026-03-12T17:00:00+02:00,5142.71,5144.99,5109.85,5132.485,,,,
2026-03-12T18:00:00+02:00,5132.485,5138.175,5121.23,5123.55,,,,
2026-03-12T19:00:00+02:00,5123.495,5129.87,5102.615,5105.485,,,,
2026-03-12T20:00:00+02:00,5105.49,5112.84,5090.885,5094.49,,,,
2026-03-12T21:00:00+02:00,5094.48,5097.005,5079.37,5084.985,,,,
2026-03-12T22:00:00+02:00,5085.02,5090.925,5055.125,5079.255,,,,5055.125
2026-03-13T00:00:00+02:00,5083.865,5096.33,5077.79,5096.03,,,,
2026-03-13T01:00:00+02:00,5096.055,5101.35,5088.97,5098.13,,,,
2026-03-13T02:00:00+02:00,5098.135,5115.4,5097.48,5113.78,,,,
2026-03-13T03:00:00+02:00,5113.95,5124.535,5108.72,5124.28,,,,
2026-03-13T04:00:00+02:00,5124.35,5128.475,5110.455,5112.245,,5128.475,,
2026-03-13T05:00:00+02:00,5112.225,5116.735,5106.42,5115.76,,,,
2026-03-13T06:00:00+02:00,5115.62,5118.175,5102.825,5104.59,,,,
2026-03-13T07:00:00+02:00,5104.82,5111.26,5098.415,5103.175,,,,
2026-03-13T08:00:00+02:00,5103.165,5107.94,5085.665,5088.34,,,,
2026-03-13T09:00:00+02:00,5088.18,5094.265,5071.935,5085.47,,,,
2026-03-13T10:00:00+02:00,5085.465,5088.19,5061.72,5087.55,,,5061.72,
2026-03-13T11:00:00+02:00,5087.485,5097.165,5083.36,5089.755,,,,
2026-03-13T12:00:00+02:00,5089.675,5098.375,5079.94,5094.965,,,,
2026-03-13T13:00:00+02:00,5095.065,5107.995,5086.385,5107.835,,,,
2026-03-13T14:00:00+02:00,5107.84,5122.01,5104.365,5118.3,,5122.01,,
2026-03-13T15:00:00+02:00,5118.335,5121.265,5096.57,5102.24,,,,
2026-03-13T16:00:00+02:00,5102.21,5108.135,5035.535,5042.025,,,,
2026-03-13T17:00:00+02:00,5042.03,5071.505,5031.015,5034.925,,,,
2026-03-13T18:00:00+02:00,5034.775,5053.25,5019.2,5046.045,,,,
2026-03-13T19:00:00+02:00,5045.955,5064.08,5043.555,5046.465,,,,
2026-03-13T20:00:00+02:00,5046.445,5051.88,5036.26,5046.655,,,,
2026-03-13T21:00:00+02:00,5046.67,5049.965,5009.745,5016.735,,,,
2026-03-13T22:00:00+02:00,5016.77,5025.645,5012.505,5020.6,,,,
2026-03-16T00:00:00+02:00,5014.955,5031.005,5000.91,5024.97,,,,
2026-03-16T01:00:00+02:00,5025.05,5026.335,4967.775,4997.655,,,,4967.775
2026-03-16T02:00:00+02:00,4997.64,5030.98,4996.69,5026.005,,,,
2026-03-16T03:00:00+02:00,5026.02,5026.66,4982.675,5016.355,,,,
2026-03-16T04:00:00+02:00,5016.3,5019.065,4997.895,5003.67,,,,
2026-03-16T05:00:00+02:00,5003.61,5021.01,4998.21,5019.165,,,,
2026-03-16T06:00:00+02:00,5019.15,5026.505,5012.575,5013.05,,,,
2026-03-16T07:00:00+02:00,5013.045,5020.37,5003.41,5017.59,,,,
2026-03-16T08:00:00+02:00,5017.57,5036.01,5005.405,5012.3,,5036.01,,
2026-03-16T09:00:00+02:00,5012.57,5016.59,4991.895,4995.615,,,,
2026-03-16T10:00:00+02:00,4995.6,5003.63,4985.115,4991.305,,,,
2026-03-16T11:00:00+02:00,4991.135,4991.805,4972.535,4975.565,,,,
2026-03-16T12:00:00+02:00,4975.575,4999.69,4970.23,4998.95,,,4970.23,
2026-03-16T13:00:00+02:00,4998.91,5022.825,4992.78,4997.31,,,,
2026-03-16T14:00:00+02:00,4997.335,5025.585,4994.55,5020.06,,,,
2026-03-16T15:00:00+02:00,5020.055,5034.53,5013.885,5029.94,,,,
2026-03-16T16:00:00+02:00,5029.88,5038.145,4988.09,4996.065,5038.145,,,
2026-03-16T17:00:00+02:00,4996.07,5005.91,4983.89,4987.095,,,,
2026-03-16T18:00:00+02:00,4987.07,4998.8,4974.235,4990.74,,,4974.235,
2026-03-16T19:00:00+02:00,4990.78,5003.9,4984.015,4991.265,,,,
2026-03-16T20:00:00+02:00,4991.26,5017.905,4990.045,5012.92,,,,
2026-03-16T21:00:00+02:00,5012.935,5020.465,5008.235,5013.085,,,,
2026-03-16T22:00:00+02:00,5013.08,5021.835,5004.8,5006.565,,,,
2026-03-17T00:00:00+02:00,5011.11,5016.185,4998.685,5002.525,,,,
2026-03-17T01:00:00+02:00,5002.425,5015.61,5002.13,5012.93,,,,
2026-03-17T02:00:00+02:00,5012.925,5014.2,4998.29,5003.03,,,,
2026-03-17T03:00:00+02:00,5002.91,5028.195,4994.935,5027.965,,,4994.935,
2026-03-17T04:00:00+02:00,5027.935,5029.98,5019.85,5022.815,,,,
2026-03-17T05:00:00+02:00,5022.77,5033.76,5020.93,5027.74,,,,
2026-03-17T06:00:00+02:00,5027.72,5042.185,5026.185,5038.05,,,,
2026-03-17T07:00:00+02:00,5038.045,5044.9,5020.12,5020.83,5044.9,,,
2026-03-17T08:00:00+02:00,5020.92,5023.065,5005.04,5010.09,,,,
2026-03-17T09:00:00+02:00,5010.115,5028.2,5009.18,5021.46,,,,
2026-03-17T10:00:00+02:00,5021.455,5029.625,5018.685,5024.95,,,,
2026-03-17T11:00:00+02:00,5024.905,5026.055,5010.165,5010.52,,,,
2026-03-17T12:00:00+02:00,5010.505,5016.615,4992.06,5000.415,,,,
2026-03-17T13:00:00+02:00,5000.4,5011.635,4996.925,5003.375,,,,
2026-03-17T14:00:00+02:00,5003.38,5023.935,4999.485,5011.905,,,,
2026-03-17T15:00:00+02:00,5011.9,5031.59,5005.59,5016.755,,5031.59,,
2026-03-17T16:00:00+02:00,5016.745,5020.675,5002.965,5007.78,,,,
2026-03-17T17:00:00+02:00,5007.73,5017.65,4973.72,4997.98,,,,4973.72
2026-03-17T18:00:00+02:00,4998.005,5006.03,4991.705,5002.06,,,,
2026-03-17T19:00:00+02:00,5002.05,5008.8,4996.695,5002.56,,,,
2026-03-17T20:00:00+02:00,5002.57,5009.21,4999.935,5003.89,,,,
2026-03-17T21:00:00+02:00,5003.885,5005.75,4996.445,5000.405,,,,
2026-03-17T22:00:00+02:00,5000.445,5006.645,5000,5005.725,,,,
2026-03-18T00:00:00+02:00,5001.96,5005.27,4993.39,4999.865,,,,
2026-03-18T01:00:00+02:00,4999.915,5003.82,4999,5002.9,,,,
2026-03-18T02:00:00+02:00,5002.885,5012.24,5000.315,5004.32,,,,
2026-03-18T03:00:00+02:00,5004.3,5016.29,4991.455,4998.785,,,,
2026-03-18T04:00:00+02:00,4998.83,5007.105,4990.615,4992.025,,,,
2026-03-18T05:00:00+02:00,4992,4997.6,4986.305,4991.57,,,,
2026-03-18T06:00:00+02:00,4991.575,4993.66,4981.83,4987.2,,,,
2026-03-18T07:00:00+02:00,4987.17,5002.845,4984.8,4997.745,,,,
2026-03-18T08:00:00+02:00,4997.74,5016.53,4996.19,5009.51,,5016.53,,
2026-03-18T09:00:00+02:00,5009.64,5015.14,4990.515,4995.195,,,,
2026-03-18T10:00:00+02:00,4995.175,4997.115,4977.455,4987.645,,,,
2026-03-18T11:00:00+02:00,4987.645,4995.85,4984.87,4992.265,,,,
2026-03-18T12:00:00+02:00,4992.27,4992.27,4958.83,4967.955,,,,
2026-03-18T13:00:00+02:00,4968.07,4974.135,4924.88,4930.25,,,,
2026-03-18T14:00:00+02:00,4930.305,4932.645,4870.87,4881.815,,,,
2026-03-18T15:00:00+02:00,4881.78,4885.69,4834.38,4878.61,,,,4834.38
2026-03-18T16:00:00+02:00,4878.655,4894.67,4856.795,4869.76,,,,
2026-03-18T17:00:00+02:00,4869.885,4880.27,4861.29,4862.57,,,,
2026-03-18T18:00:00+02:00,4862.52,4890.485,4861.085,4886.95,,,,
2026-03-18T19:00:00+02:00,4887,4899.165,4883.97,4891.045,,,,
2026-03-18T20:00:00+02:00,4891.05,4899.46,4852.505,4853.17,,4899.46,,
2026-03-18T21:00:00+02:00,4853.155,4865.6,4838.35,4843.285,,,,
2026-03-18T22:00:00+02:00,4843.25,4848.94,4806.845,4818.415,,,,
2026-03-19T00:00:00+02:00,4824.645,4839.135,4804.225,4834.57,,,,4804.225
2026-03-19T01:00:00+02:00,4834.66,4842.39,4828.435,4836.84,,,,
2026-03-19T02:00:00+02:00,4836.855,4848.87,4835.475,4841.38,,,,
2026-03-19T03:00:00+02:00,4841.385,4867.225,4832.995,4849.94,,4867.225,,
2026-03-19T04:00:00+02:00,4849.915,4862.325,4841.49,4858.82,,,,
2026-03-19T05:00:00+02:00,4858.77,4866.21,4850.84,4851,,,,
2026-03-19T06:00:00+02:00,4851.01,4853.995,4845.84,4849.87,,,,
2026-03-19T07:00:00+02:00,4849.86,4853.885,4827.125,4827.63,,,,
2026-03-19T08:00:00+02:00,4827.62,4842.41,4747.72,4763.695,,,,
2026-03-19T09:00:00+02:00,4763.54,4784.595,4727.25,4728.095,,,,
2026-03-19T10:00:00+02:00,4728.065,4740.49,4686.885,4709.635,,,,
2026-03-19T11:00:00+02:00,4709.64,4726.02,4687.79,4699.21,,,,
2026-03-19T12:00:00+02:00,4699.2,4719.865,4666.81,4679.225,,,,
2026-03-19T13:00:00+02:00,4679.26,4699.63,4651.16,4651.885,,,,
2026-03-19T14:00:00+02:00,4651.84,4654.25,4531.275,4574.815,,,,
2026-03-19T15:00:00+02:00,4574.745,4621.305,4502.365,4620.99,,,,4502.365
2026-03-19T16:00:00+02:00,4621.025,4649.31,4581.345,4601.82,,,,
2026-03-19T17:00:00+02:00,4601.83,4639.055,4566.19,4596.475,,,,
2026-03-19T18:00:00+02:00,4596.46,4626.865,4576.99,4584.95,,,,
2026-03-19T19:00:00+02:00,4584.94,4630.01,4573.915,4616.175,,,,
2026-03-19T20:00:00+02:00,4616.205,4623.24,4596.115,4623.1,,,,
2026-03-19T21:00:00+02:00,4623.13,4663.63,4623.095,4644.06,,,,
2026-03-19T22:00:00+02:00,4644.04,4662.08,4643.07,4650.72,,,,
2026-03-20T00:00:00+02:00,4659.99,4677.205,4636.27,4636.455,,,,
2026-03-20T01:00:00+02:00,4636.465,4648.355,4634.355,4643.815,,,,
2026-03-20T02:00:00+02:00,4643.745,4665.1,4642.16,4648.745,,,,
2026-03-20T03:00:00+02:00,4648.74,4699.53,4639.42,4677.3,,,,
2026-03-20T04:00:00+02:00,4677.355,4703.785,4670.575,4698.5,,,,
2026-03-20T05:00:00+02:00,4698.47,4736.175,4693.225,4725.93,,4736.175,,
2026-03-20T06:00:00+02:00,4725.935,4727.725,4715.145,4721.82,,,,
2026-03-20T07:00:00+02:00,4721.845,4723.835,4685.6,4688.335,,,,
2026-03-20T08:00:00+02:00,4688.34,4701.16,4661.305,4669.22,,,,
2026-03-20T09:00:00+02:00,4669.195,4707.915,4667.95,4706.43,,,,
2026-03-20T10:00:00+02:00,4706.435,4734.96,4684.805,4693.85,,,,
2026-03-20T11:00:00+02:00,4693.855,4700.65,4660.06,4667.73,,,,
2026-03-20T12:00:00+02:00,4667.755,4670.2,4638.195,4645.465,,,,
2026-03-20T13:00:00+02:00,4645.405,4674.29,4637.245,4671.9,,,,
2026-03-20T14:00:00+02:00,4671.915,4695.705,4661.81,4678.445,,,,
2026-03-20T15:00:00+02:00,4678.42,4679.615,4613.025,4616.64,,,,
2026-03-20T16:00:00+02:00,4616.555,4622.74,4548.035,4563.96,,,,
2026-03-20T17:00:00+02:00,4563.935,4580.43,4540.785,4553.61,,,,
2026-03-20T18:00:00+02:00,4553.27,4614.065,4552.04,4583.105,,,,
2026-03-20T19:00:00+02:00,4583.155,4600.885,4554.785,4573.675,,,,
2026-03-20T20:00:00+02:00,4573.685,4578.685,4477.54,4500.025,,,,
2026-03-20T21:00:00+02:00,4500.05,4517,4485.51,4501.73,,,,
2026-03-20T22:00:00+02:00,4501.81,4514.81,4493.66,4497.48,,,,
2026-03-23T00:00:00+02:00,4472.24,4536.415,4471.95,4498.255,,,,
2026-03-23T01:00:00+02:00,4498.28,4511.11,4452.08,4464.8,,,,
2026-03-23T02:00:00+02:00,4464.98,4473.16,4319.92,4354.325,,,,
2026-03-23T03:00:00+02:00,4354.13,4454.51,4330.325,4388.005,,,,
2026-03-23T04:00:00+02:00,4387.985,4422.36,4354.68,4360.86,,,,
2026-03-23T05:00:00+02:00,4360.865,4378.335,4334.795,4352.99,,,,
2026-03-23T06:00:00+02:00,4352.99,4382.22,4349.91,4367.97,,,,
2026-03-23T07:00:00+02:00,4367.92,4380.155,4302.165,4310.315,,,,
2026-03-23T08:00:00+02:00,4310.305,4310.52,4163.07,4220.705,,,,
2026-03-23T09:00:00+02:00,4220.68,4232.57,4099.125,4204.44,,,,4099.125
2026-03-23T10:00:00+02:00,4204.52,4270.955,4203.03,4251.44,,,,
2026-03-23T11:00:00+02:00,4251.45,4308.625,4223.685,4254.29,,,,
2026-03-23T12:00:00+02:00,4254.27,4281.985,4241.165,4269.11,,,,
2026-03-23T13:00:00+02:00,4269.145,4463.725,4269.145,4379.43,,,,
2026-03-23T14:00:00+02:00,4379.465,4492.925,4336.29,4478.505,,,,
2026-03-23T15:00:00+02:00,4478.51,4486.075,4401.76,4454.165,,,,
2026-03-23T16:00:00+02:00,4454.32,4513.165,4453.635,4462.075,,4513.165,,
2026-03-23T17:00:00+02:00,4462.08,4487.385,4350.63,4363.87,,,,
2026-03-23T18:00:00+02:00,4363.545,4391.925,4352.31,4375.79,,,,
2026-03-23T19:00:00+02:00,4375.745,4439.245,4370.825,4426.225,,,,
2026-03-23T20:00:00+02:00,4426.32,4467.27,4402.185,4449.04,,,,
2026-03-23T21:00:00+02:00,4448.88,4450.615,4392.99,4397.99,,,,
2026-03-23T22:00:00+02:00,4398.325,4413.34,4382.855,4406.505,,,,
2026-03-24T00:00:00+02:00,4382.825,4431.365,4359.74,4426.855,,,,
2026-03-24T01:00:00+02:00,4426.83,4448.355,4422.035,4441.245,,,,
2026-03-24T02:00:00+02:00,4441.05,4446.785,4331.36,4364.59,,,,
2026-03-24T03:00:00+02:00,4364.635,4374.555,4307.99,4322.56,,,,
2026-03-24T04:00:00+02:00,4322.545,4379.465,4305.88,4365.94,,,4305.88,
2026-03-24T05:00:00+02:00,4365.895,4368.22,4335.2,4347.5,,,,
2026-03-24T06:00:00+02:00,4347.445,4357.36,4326.615,4333.595,,,,
2026-03-24T07:00:00+02:00,4333.6,4374.06,4320.04,4347.69,,,,
2026-03-24T08:00:00+02:00,4347.69,4405.26,4343.23,4402.56,,,,
2026-03-24T09:00:00+02:00,4402.54,4433.31,4399.775,4417.305,,,,
2026-03-24T10:00:00+02:00,4417.54,4421.165,4391.285,4412.02,,,,
2026-03-24T11:00:00+02:00,4411.975,4430.995,4395.97,4426.5,,,,
2026-03-24T12:00:00+02:00,4426.61,4441.73,4414.79,4438.67,,,,
2026-03-24T13:00:00+02:00,4438.62,4442.245,4374.74,4408.24,,4442.245,,
2026-03-24T14:00:00+02:00,4408.235,4427.645,4362.065,4379.115,,,,
2026-03-24T15:00:00+02:00,4379.06,4389.89,4351.09,4381.67,,,4351.09,
2026-03-24T16:00:00+02:00,4381.66,4434.31,4380.855,4416.165,,,,
2026-03-24T17:00:00+02:00,4416.12,4431.085,4396.455,4411.79,,,,
2026-03-24T18:00:00+02:00,4411.85,4427.925,4402.635,4421.485,,,,
2026-03-24T19:00:00+02:00,4421.49,4426.69,4372.655,4388.695,,,,
2026-03-24T20:00:00+02:00,4388.725,4423.72,4383.95,4389.735,,,,
2026-03-24T21:00:00+02:00,4389.59,4411.61,4388.695,4400.33,,,,
2026-03-24T22:00:00+02:00,4400.14,4484.495,4397.575,4474.275,,,,
2026-03-25T00:00:00+02:00,4476.635,4485.445,4455.885,4484.35,,,,
2026-03-25T01:00:00+02:00,4484.285,4551.66,4472.855,4547.015,,,,
2026-03-25T02:00:00+02:00,4546.99,4572.18,4537.49,4563.295,,,,
2026-03-25T03:00:00+02:00,4563.265,4601.415,4552.375,4594.93,,,,
2026-03-25T04:00:00+02:00,4594.93,4602.645,4579.835,4583.8,4602.645,,,
2026-03-25T05:00:00+02:00,4583.725,4586.42,4567.755,4570.035,,,,
2026-03-25T06:00:00+02:00,4570.015,4574.985,4565.59,4573.02,,,,
2026-03-25T07:00:00+02:00,4573.15,4573.585,4549.225,4555.78,,,,
2026-03-25T08:00:00+02:00,4555.79,4557.1,4533.145,4545.62,,,,
2026-03-25T09:00:00+02:00,4545.595,4563.34,4537.115,4539.675,,,,
2026-03-25T10:00:00+02:00,4539.705,4568.235,4536.05,4556.32,,,,
2026-03-25T11:00:00+02:00,4556.295,4567.77,4527.89,4551.94,,,,
2026-03-25T12:00:00+02:00,4552,4562.585,4551.39,4558.87,,,,
2026-03-25T13:00:00+02:00,4558.915,4585.6,4556.21,4578.965,,4585.6,,
2026-03-25T14:00:00+02:00,4578.97,4583.87,4521.88,4544.095,,,4521.88,
2026-03-25T15:00:00+02:00,4544.09,4576.755,4540.925,4544.97,,,,
2026-03-25T16:00:00+02:00,4544.96,4579.44,4533.22,4567.34,,,,
2026-03-25T17:00:00+02:00,4567.245,4569.375,4525.265,4559.155,,,,
2026-03-25T18:00:00+02:00,4559.14,4565.185,4545.4,4555.135,,,,
2026-03-25T19:00:00+02:00,4555.155,4563.945,4542.96,4550.835,,,,
2026-03-25T20:00:00+02:00,4550.83,4569.025,4530.955,4538.295,,,,
2026-03-25T21:00:00+02:00,4538.305,4539.74,4486.59,4530.96,,,,4486.59
2026-03-25T22:00:00+02:00,4530.955,4542.065,4494.7,4506.845,,,,
2026-03-26T00:00:00+02:00,4521.855,4534.83,4505.76,4517.76,,,,
2026-03-26T01:00:00+02:00,4517.755,4518.705,4489.075,4498.115,,,,
2026-03-26T02:00:00+02:00,4498.11,4539.065,4498.04,4535.78,,,,
2026-03-26T03:00:00+02:00,4535.72,4544.815,4522.525,4535.895,,4544.815,,
2026-03-26T04:00:00+02:00,4535.89,4536.21,4505.675,4508.95,,,,
2026-03-26T05:00:00+02:00,4508.955,4518.91,4500.055,4517.165,,,,
2026-03-26T06:00:00+02:00,4517.235,4524.25,4511.71,4520.54,,,,
2026-03-26T07:00:00+02:00,4520.58,4522.55,4438.975,4439.045,,,,
2026-03-26T08:00:00+02:00,4439.035,4459.77,4415.87,4456.805,,,,
2026-03-26T09:00:00+02:00,4456.82,4463.995,4439.115,4452.895,,,,
2026-03-26T10:00:00+02:00,4452.775,4459.455,4412.44,4428.055,,,,4412.44
2026-03-26T11:00:00+02:00,4427.995,4436.835,4414.705,4423.88,,,,
2026-03-26T12:00:00+02:00,4423.905,4448.435,4416.995,4443.675,,,,
2026-03-26T13:00:00+02:00,4443.73,4456.865,4419.34,4423.24,,,,
2026-03-26T14:00:00+02:00,4423.265,4446.145,4416.775,4429.47,,,,
2026-03-26T15:00:00+02:00,4429.315,4461.035,4420.24,4452.84,,,,
2026-03-26T16:00:00+02:00,4452.87,4479.895,4437.34,4465.015,,4479.895,,
2026-03-26T17:00:00+02:00,4464.89,4469.17,4434.315,4438.415,,,,
2026-03-26T18:00:00+02:00,4438.185,4442.785,4366.95,4389.375,,,,
2026-03-26T19:00:00+02:00,4389.305,4402.32,4377.285,4381.575,,,,
2026-03-26T20:00:00+02:00,4381.505,4398.045,4367.83,4394.615,,,,
2026-03-26T21:00:00+02:00,4394.76,4399.45,4359.445,4364.065,,,,
2026-03-26T22:00:00+02:00,4364.075,4420.75,4351.355,4378.2,,,,4351.355
2026-03-27T00:00:00+02:00,4388.67,4415.4,4387.215,4411.33,,,,
2026-03-27T01:00:00+02:00,4411.44,4414.44,4389.84,4405.11,,,,
2026-03-27T02:00:00+02:00,4405.165,4411.225,4375.525,4378.76,,,,
2026-03-27T03:00:00+02:00,4378.745,4420.485,4377.28,4417.37,,,,
2026-03-27T04:00:00+02:00,4417.495,4440.6,4416.99,4432.22,,,,
2026-03-27T05:00:00+02:00,4432.195,4446.33,4421.39,4437.655,,,,
2026-03-27T06:00:00+02:00,4437.68,4449.83,4431.62,4445.955,,,,
2026-03-27T07:00:00+02:00,4446.08,4475.3,4440.74,4454.575,,4475.3,,
2026-03-27T08:00:00+02:00,4454.335,4473.225,4451.9,4459.605,,,,
2026-03-27T09:00:00+02:00,4459.575,4463.14,4443.12,4447.915,,,,
2026-03-27T10:00:00+02:00,4447.875,4451.29,4424.025,4424.51,,,,
2026-03-27T11:00:00+02:00,4424.465,4438.58,4420.885,4429.13,,,,
2026-03-27T12:00:00+02:00,4429.135,4433.14,4410.56,4414.915,,,,
2026-03-27T13:00:00+02:00,4414.92,4426.57,4404.58,4420.315,,,4404.58,
2026-03-27T14:00:00+02:00,4420.355,4445.34,4412.89,4438.01,,,,
2026-03-27T15:00:00+02:00,4437.97,4443.905,4413.775,4431.385,,,,
2026-03-27T16:00:00+02:00,4431.37,4514.685,4430.85,4509.71,,,,
2026-03-27T17:00:00+02:00,4509.705,4555.63,4501.78,4524.445,4555.63,,,
2026-03-27T18:00:00+02:00,4524.45,4533.745,4505.62,4507.355,,,,
2026-03-27T19:00:00+02:00,4511.27,4522.27,4486.505,4486.875,,,,
2026-03-27T20:00:00+02:00,4486.88,4528.755,4486.815,4516.855,,,,
2026-03-27T21:00:00+02:00,4516.775,4526.315,4500.76,4514.49,,,,
2026-03-27T22:00:00+02:00,4514.625,4520.8,4491.13,4493.685,,,,
2026-03-30T01:00:00+03:00,4512.54,4513.55,4480.84,4484.475,,,,
2026-03-30T02:00:00+03:00,4484.47,4492.605,4443.945,4449.04,,,,
2026-03-30T03:00:00+03:00,4449.03,4467.01,4417.43,4432.295,,,4417.43,
2026-03-30T04:00:00+03:00,4431.87,4475.845,4431.825,4469.895,,,,
2026-03-30T05:00:00+03:00,4469.81,4499.69,4458.89,4481.55,,,,
2026-03-30T06:00:00+03:00,4481.505,4518.175,4479.095,4496.15,,,,
2026-03-30T07:00:00+03:00,4496.165,4498.96,4486.7,4497.02,,,,
2026-03-30T08:00:00+03:00,4497.03,4528.825,4497.02,4522.53,,,,
2026-03-30T09:00:00+03:00,4522.63,4550.855,4517.31,4532.59,,,,
2026-03-30T10:00:00+03:00,4532.58,4535.2,4515.87,4527.585,,,,
2026-03-30T11:00:00+03:00,4527.495,4540.58,4525.12,4538.22,,,,
2026-03-30T12:00:00+03:00,4538.23,4540.895,4523.605,4533.14,,,,
2026-03-30T13:00:00+03:00,4533.165,4540.2,4527.785,4532.655,,,,
2026-03-30T14:00:00+03:00,4532.67,4580.73,4525.645,4559.87,4580.73,,,
2026-03-30T15:00:00+03:00,4559.875,4578.11,4545.33,4569.445,,,,
2026-03-30T16:00:00+03:00,4569.49,4578.835,4516.935,4523.535,,,,
2026-03-30T17:00:00+03:00,4523.525,4541.545,4512.57,4538.835,,,,
2026-03-30T18:00:00+03:00,4538.885,4556.895,4524.7,4548.355,,,,
2026-03-30T19:00:00+03:00,4548.295,4549.82,4532.415,4539.985,,,,
2026-03-30T20:00:00+03:00,4539.92,4542.46,4511.685,4514.955,,,,
2026-03-30T21:00:00+03:00,4514.945,4523.135,4498.505,4499.18,,,,
2026-03-30T22:00:00+03:00,4499.2,4518.51,4493.1,4513.64,,,,
2026-03-30T23:00:00+03:00,4513.59,4516.525,4501.27,4510.65,,,,
2026-03-31T01:00:00+03:00,4517.71,4519.14,4502.035,4511.07,,,,
2026-03-31T02:00:00+03:00,4511.025,4521.915,4492.8,4514.07,,,,
2026-03-31T03:00:00+03:00,4514.075,4548.31,4482.66,4547.935,,,4482.66,
2026-03-31T04:00:00+03:00,4547.94,4619.255,4532.15,4605.205,4619.255,,,
2026-03-31T05:00:00+03:00,4605.205,4607.48,4565.795,4567.965,,,,
2026-03-31T06:00:00+03:00,4567.99,4577.26,4550.455,4557.49,,,,
2026-03-31T07:00:00+03:00,4557.47,4569.56,4556.955,4564.925,,,,
2026-03-31T08:00:00+03:00,4564.535,4581.94,4547.9,4568.89,,,,
2026-03-31T09:00:00+03:00,4568.925,4569.2,4553.445,4557.565,,,,
2026-03-31T10:00:00+03:00,4557.555,4566.105,4543.51,4564.87,,,,
2026-03-31T11:00:00+03:00,4564.875,4575.4,4560.645,4568.755,,,,
2026-03-31T12:00:00+03:00,4568.8,4572.735,4550.205,4555.7,,,,
2026-03-31T13:00:00+03:00,4555.75,4561.99,4529.545,4547.05,,,4529.545,
2026-03-31T14:00:00+03:00,4547.12,4593.365,4541.365,4582.37,,,,
2026-03-31T15:00:00+03:00,4582.39,4597.76,4569.21,4574.82,,,,
2026-03-31T16:00:00+03:00,4575,4609.74,4567.98,4607.35,,,,
2026-03-31T17:00:00+03:00,4607.275,4630.42,4594.97,4599.015,,,,
2026-03-31T18:00:00+03:00,4598.94,4625.565,4598.94,4609.565,,,,
2026-03-31T19:00:00+03:00,4609.615,4651.585,4607.135,4638.23,,,,
2026-03-31T20:00:00+03:00,4638.14,4667.785,4636.5,4654.38,,,,
2026-03-31T21:00:00+03:00,4654.39,4671.37,4653.52,4667.435,,,,
2026-03-31T22:00:00+03:00,4667.44,4685.805,4661.86,4683.02,,,,
2026-03-31T23:00:00+03:00,4682.945,4687.335,4664.86,4667.875,,,,
2026-04-01T01:00:00+03:00,4674.535,4696.54,4662.125,4681.28,,,,
2026-04-01T02:00:00+03:00,4681.32,4699.975,4671.985,4696.44,,,,
2026-04-01T03:00:00+03:00,4696.4,4722.6,4693.52,4710.92,,,,
2026-04-01T04:00:00+03:00,4710.93,4724.52,4681.225,4692.8,,,,
2026-04-01T05:00:00+03:00,4692.81,4700.895,4678.235,4684.84,,,,
2026-04-01T06:00:00+03:00,4684.83,4694.43,4679.735,4682,,,,
2026-04-01T07:00:00+03:00,4682.005,4682.105,4667.195,4676.495,,,4667.195,
2026-04-01T08:00:00+03:00,4676.61,4703.78,4674.72,4684.56,,,,
2026-04-01T09:00:00+03:00,4684.59,4733.235,4682.55,4730.83,,,,
2026-04-01T10:00:00+03:00,4730.825,4747.815,4709.815,4713.22,,,,
2026-04-01T11:00:00+03:00,4713.17,4740.565,4710.445,4728.7,,,,
2026-04-01T12:00:00+03:00,4728.77,4730.35,4713.195,4723.465,,,,
2026-04-01T13:00:00+03:00,4723.46,4738.67,4715.47,4731.235,,,,
2026-04-01T14:00:00+03:00,4731.22,4762.905,4728.43,4752.565,,,,
2026-04-01T15:00:00+03:00,4752.61,4753.725,4724.4,4724.775,,,,
2026-04-01T16:00:00+03:00,4724.82,4749.715,4716.28,4738.355,,,,
2026-04-01T17:00:00+03:00,4738.48,4768.87,4724.3,4760.89,,,,
2026-04-01T18:00:00+03:00,4760.96,4788.16,4758.575,4786.7,,,,
2026-04-01T19:00:00+03:00,4786.685,4790.84,4774.305,4787.3,,,,
2026-04-01T20:00:00+03:00,4787.305,4793.195,4774.035,4774.64,,,,
2026-04-01T21:00:00+03:00,4774.63,4775.49,4742.17,4753.28,,,,
2026-04-01T22:00:00+03:00,4753.27,4778.21,4751.335,4766.205,,,,
2026-04-01T23:00:00+03:00,4766.185,4771.295,4754.145,4758.2,,,,
2026-04-02T01:00:00+03:00,4758.465,4783.005,4751.98,4776.7,,,,
2026-04-02T02:00:00+03:00,4776.84,4800.8,4773.795,4784.19,4800.8,,,
2026-04-02T03:00:00+03:00,4784.15,4798.935,4775.21,4784.42,,,,
2026-04-02T04:00:00+03:00,4784.41,4786.36,4649.465,4696.105,,,,
2026-04-02T05:00:00+03:00,4695.875,4704.155,4655.525,4687.24,,,,
2026-04-02T06:00:00+03:00,4687.23,4699.52,4676.04,4676.51,,,,
2026-04-02T07:00:00+03:00,4676.57,4681.8,4657.175,4672.65,,,,
2026-04-02T08:00:00+03:00,4672.635,4680.915,4585.755,4594.63,,,,
2026-04-02T09:00:00+03:00,4594.645,4608.905,4553.85,4598.855,,,,4553.85
2026-04-02T10:00:00+03:00,4598.83,4651.505,4597.245,4642.775,,,,
2026-04-02T11:00:00+03:00,4642.77,4648.905,4616.78,4621.005,,,,
2026-04-02T12:00:00+03:00,4620.995,4632.075,4613.15,4621.685,,,,
2026-04-02T13:00:00+03:00,4621.825,4635.435,4603.775,4620.61,,,,
2026-04-02T14:00:00+03:00,4620.6,4630.855,4592.895,4600.215,,,,
2026-04-02T15:00:00+03:00,4600.23,4630.36,4594.71,4601.765,,,,
2026-04-02T16:00:00+03:00,4601.71,4651.545,4580.65,4646.325,,,4580.65,
2026-04-02T17:00:00+03:00,4646.265,4699.89,4631.85,4681.72,,4699.89,,
2026-04-02T18:00:00+03:00,4681.66,4684.185,4652.76,4661.48,,,,
2026-04-02T19:00:00+03:00,4661.46,4670.83,4642.925,4659.215,,,,
2026-04-02T20:00:00+03:00,4659.22,4668.5,4645.78,4648.76,,,,
2026-04-02T21:00:00+03:00,4648.765,4672.17,4647.465,4668.64,,,,
2026-04-02T22:00:00+03:00,4668.655,4682.01,4661.495,4672.235,,,,
2026-04-02T23:00:00+03:00,4672.325,4678.11,4664.475,4676.745,,,,
2026-04-06T01:00:00+03:00,4638.25,4654.59,4607.09,4646.265,,,,
2026-04-06T02:00:00+03:00,4646.27,4651.415,4604.97,4610.87,,,,
2026-04-06T03:00:00+03:00,4610.97,4629.2,4600.85,4622.585,,,4600.85,
2026-04-06T04:00:00+03:00,4622.63,4643.24,4620.605,4625.815,,,,
2026-04-06T05:00:00+03:00,4625.8,4671.73,4623.815,4648.105,,,,
2026-04-06T06:00:00+03:00,4648.07,4648.155,4625.47,4640.89,,,,
2026-04-06T07:00:00+03:00,4640.875,4660.005,4640.065,4659.21,,,,
2026-04-06T08:00:00+03:00,4659.205,4678.93,4651.375,4652.565,,,,
2026-04-06T09:00:00+03:00,4652.585,4667.78,4643.505,4665.965,,,,
2026-04-06T10:00:00+03:00,4665.96,4688.94,4645.12,4684.9,,,,
2026-04-06T11:00:00+03:00,4684.815,4698.21,4680.7,4695.86,,,,
2026-04-06T12:00:00+03:00,4696.09,4706.875,4690.94,4693.805,4706.875,,,
2026-04-06T13:00:00+03:00,4693.84,4697.725,4684.655,4689.91,,,,
2026-04-06T14:00:00+03:00,4690.12,4696.92,4677.07,4677.94,,,,
2026-04-06T15:00:00+03:00,4677.92,4686.855,4659.655,4676.22,,,,
2026-04-06T16:00:00+03:00,4676.21,4681.87,4659.8,4679.92,,,,
2026-04-06T17:00:00+03:00,4679.91,4697.78,4660.455,4682.84,,,,
2026-04-06T18:00:00+03:00,4682.835,4683.91,4652.095,4668.155,,,,
2026-04-06T19:00:00+03:00,4668.22,4672.66,4658.12,4660.515,,,,
2026-04-06T20:00:00+03:00,4660.55,4661.235,4645.885,4653.865,,,,
2026-04-06T21:00:00+03:00,4653.87,4666.725,4648.905,4658.43,,,,
2026-04-06T22:00:00+03:00,4658.395,4659.52,4645.805,4655.52,,,,
2026-04-06T23:00:00+03:00,4655.485,4658.525,4649.305,4649.995,,,,
2026-04-07T01:00:00+03:00,4661.755,4667.97,4656.805,4658.505,,,,
2026-04-07T02:00:00+03:00,4658.54,4661.31,4651.555,4659.21,,,,
2026-04-07T03:00:00+03:00,4659.185,4661.515,4649.46,4655.23,,,,
2026-04-07T04:00:00+03:00,4655.22,4664.53,4616.53,4627.135,,,4616.53,
2026-04-07T05:00:00+03:00,4627.21,4654.01,4620.165,4650.395,,,,
2026-04-07T06:00:00+03:00,4650.38,4653.995,4639.655,4649.66,,,,
2026-04-07T07:00:00+03:00,4649.65,4664.12,4645.695,4660.155,,,,
2026-04-07T08:00:00+03:00,4660.24,4661.36,4623.475,4642.88,,,,
2026-04-07T09:00:00+03:00,4642.93,4656.65,4638.04,4653.585,,,,
2026-04-07T10:00:00+03:00,4653.575,4657.225,4636.91,4646.315,,,,
2026-04-07T11:00:00+03:00,4646.305,4691.225,4644.395,4683.035,,,,
2026-04-07T12:00:00+03:00,4682.905,4694.905,4658.905,4671.03,,4694.905,,
2026-04-07T13:00:00+03:00,4671.075,4680.735,4649.46,4652.33,,,,
2026-04-07T14:00:00+03:00,4652.345,4664.28,4629.02,4659.805,,,,
2026-04-07T15:00:00+03:00,4659.875,4671.335,4647.075,4651.67,,,,
2026-04-07T16:00:00+03:00,4651.675,4663.49,4635.625,4644.44,,,,
2026-04-07T17:00:00+03:00,4644.32,4661.935,4607.63,4633.275,,,,4607.63
2026-04-07T18:00:00+03:00,4633.335,4659.69,4624.885,4655.51,,,,
2026-04-07T19:00:00+03:00,4655.505,4668.825,4652.87,4657.29,,,,
2026-04-07T20:00:00+03:00,4657.28,4686.745,4654.115,4675.935,,,,
2026-04-07T21:00:00+03:00,4675.875,4686.295,4657.63,4662.35,,,,
2026-04-07T22:00:00+03:00,4662.41,4718.96,4660.735,4701.05,,,,
2026-04-07T23:00:00+03:00,4701.06,4716.95,4697.415,4704.81,,,,
2026-04-08T01:00:00+03:00,4741.845,4820.065,4713.04,4818.41,,,,
2026-04-08T02:00:00+03:00,4818.42,4836.505,4801.285,4833.66,,,,
2026-04-08T03:00:00+03:00,4833.65,4858.215,4808.885,4817.715,4858.215,,,
2026-04-08T04:00:00+03:00,4817.73,4825.325,4788.12,4810.275,,,,
2026-04-08T05:00:00+03:00,4810.1,4825.435,4798.91,4804.22,,,,
2026-04-08T06:00:00+03:00,4804.2,4806.18,4795.25,4797.79,,,,
2026-04-08T07:00:00+03:00,4797.77,4806.975,4790.38,4803.515,,,,
2026-04-08T08:00:00+03:00,4803.53,4843.9,4800.47,4827.61,,,,
2026-04-08T09:00:00+03:00,4827.635,4839.97,4820.02,4820.16,,,,
2026-04-08T10:00:00+03:00,4820.18,4821.39,4805.17,4813.6,,,,
2026-04-08T11:00:00+03:00,4813.595,4819.935,4790.39,4794.2,,,,
2026-04-08T12:00:00+03:00,4794.12,4807.05,4776.285,4783.185,,,,
2026-04-08T13:00:00+03:00,4783.18,4796.31,4771.18,4782.885,,,,
2026-04-08T14:00:00+03:00,4782.88,4803.06,4778.33,4798.59,,,,
2026-04-08T15:00:00+03:00,4798.785,4807.42,4768.4,4799.765,,,,
2026-04-08T16:00:00+03:00,4799.705,4806.92,4767.1,4777.225,,,,
2026-04-08T17:00:00+03:00,4777.185,4792.155,4732.305,4736.41,,,,
2026-04-08T18:00:00+03:00,4736.35,4763.32,4734.165,4756.625,,,,
2026-04-08T19:00:00+03:00,4756.635,4765.675,4745.35,4760.52,,,,
2026-04-08T20:00:00+03:00,4760.605,4764.505,4731.69,4734.205,,,,
2026-04-08T21:00:00+03:00,4734.22,4744.705,4703.47,4705.245,,,,
2026-04-08T22:00:00+03:00,4705.12,4731.935,4699.305,4730.755,,,,
2026-04-08T23:00:00+03:00,4730.625,4732.365,4717.225,4718.96,,,,
2026-04-09T01:00:00+03:00,4727.55,4729.67,4704.58,4717.755,,,,
2026-04-09T02:00:00+03:00,4717.745,4720.345,4705.535,4715.84,,,,
2026-04-09T03:00:00+03:00,4715.8,4719.3,4698.725,4707.185,,,4698.725,
2026-04-09T04:00:00+03:00,4707.18,4728.4,4699.905,4727.455,,,,
2026-04-09T05:00:00+03:00,4727.46,4733.04,4717.525,4718.985,,4733.04,,
2026-04-09T06:00:00+03:00,4718.96,4720.32,4705.39,4711.64,,,,
2026-04-09T07:00:00+03:00,4711.69,4725.48,4709.845,4720.92,,,,
2026-04-09T08:00:00+03:00,4720.985,4726.575,4705.98,4713.27,,,,
2026-04-09T09:00:00+03:00,4713.285,4725.66,4703.58,4712.83,,,,
2026-04-09T10:00:00+03:00,4712.84,4731.735,4705.53,4724.385,,,,
2026-04-09T11:00:00+03:00,4724.38,4733.19,4720.04,4726.17,,,,
2026-04-09T12:00:00+03:00,4726.145,4733.495,4723.25,4729.295,,,,
2026-04-09T13:00:00+03:00,4729.285,4746.795,4723.785,4741.12,,,,
2026-04-09T14:00:00+03:00,4741.155,4757.665,4738.635,4756.795,,,,
2026-04-09T15:00:00+03:00,4756.81,4759.87,4735.065,4746.07,,,,
2026-04-09T16:00:00+03:00,4746.06,4777.085,4738.655,4764.51,,,,
2026-04-09T17:00:00+03:00,4764.51,4776.47,4747.3,4768.755,,,,
2026-04-09T18:00:00+03:00,4768.795,4798.235,4761.31,4793.1,,,,
2026-04-09T19:00:00+03:00,4793.135,4801.28,4784.705,4789.09,,,,
2026-04-09T20:00:00+03:00,4789.085,4801.39,4786.935,4797.91,4801.39,,,
2026-04-09T21:00:00+03:00,4797.915,4798.18,4767.99,4772.115,,,,
2026-04-09T22:00:00+03:00,4772.13,4782.59,4766.935,4768.865,,,,
2026-04-09T23:00:00+03:00,4768.875,4773.26,4760.835,4765.405,,,,
2026-04-10T01:00:00+03:00,4772.62,4772.62,4758.915,4764.315,,,,
2026-04-10T02:00:00+03:00,4764.33,4764.41,4757.085,4763.87,,,,
2026-04-10T03:00:00+03:00,4763.935,4763.935,4750.535,4763.21,,,,
2026-04-10T04:00:00+03:00,4763.22,4777.42,4758.07,4764.605,,,,
2026-04-10T05:00:00+03:00,4764.82,4765.59,4738.105,4752.99,,,4738.105,
2026-04-10T06:00:00+03:00,4752.985,4769.66,4752.905,4766.6,,,,
2026-04-10T07:00:00+03:00,4766.66,4770.9,4757.98,4758.52,,,,
2026-04-10T08:00:00+03:00,4758.51,4769.385,4757.445,4765.945,,,,
2026-04-10T09:00:00+03:00,4765.96,4766.01,4742.935,4746.07,,,,
2026-04-10T10:00:00+03:00,4746.035,4757.7,4741.51,4749.64,,,,
2026-04-10T11:00:00+03:00,4749.825,4753.565,4730.74,4740.975,,,,4730.74
2026-04-10T12:00:00+03:00,4741.005,4760.92,4740.695,4751.57,,,,
2026-04-10T13:00:00+03:00,4751.585,4760.845,4742.33,4757.265,,,,
2026-04-10T14:00:00+03:00,4757.28,4768.96,4753.38,4768.345,,,,
2026-04-10T15:00:00+03:00,4768.46,4782.605,4759.845,4771.92,,,,
2026-04-10T16:00:00+03:00,4771.93,4780.155,4764.95,4775.14,,,,
2026-04-10T17:00:00+03:00,4775.47,4794.98,4767.35,4774.815,,4794.98,,
2026-04-10T18:00:00+03:00,4774.835,4787.46,4755.41,4762.34,,,,
2026-04-10T19:00:00+03:00,4762.42,4766.25,4747.375,4763.84,,,,
2026-04-10T20:00:00+03:00,4763.865,4768.78,4758.235,4760.315,,,,
2026-04-10T21:00:00+03:00,4760.33,4773.35,4751.175,4765.435,,,,
2026-04-10T22:00:00+03:00,4765.41,4770.71,4758.405,4759.895,,,,
2026-04-10T23:00:00+03:00,4759.885,4760.125,4741.01,4749.685,,,,
2026-04-13T01:00:00+03:00,4670.425,4685.41,4644.595,4659.035,,,,
2026-04-13T02:00:00+03:00,4659.05,4672.06,4644.465,4671.49,,,,4644.465
2026-04-13T03:00:00+03:00,4671.47,4698.96,4664.625,4695.635,,,,
2026-04-13T04:00:00+03:00,4695.63,4728.225,4693.79,4721.255,,,,
2026-04-13T05:00:00+03:00,4721.245,4727.885,4711.44,4720.575,,,,
2026-04-13T06:00:00+03:00,4720.57,4724.065,4712.19,4718.17,,,,
2026-04-13T07:00:00+03:00,4718.16,4725.05,4708.64,4723.16,,,,
2026-04-13T08:00:00+03:00,4723.17,4730.91,4716.39,4729.48,,,,
2026-04-13T09:00:00+03:00,4729.475,4732.79,4720.86,4725.655,,,,
2026-04-13T10:00:00+03:00,4725.67,4740.03,4724.73,4733.92,,4740.03,,
2026-04-13T11:00:00+03:00,4733.95,4738.765,4720.43,4723.63,,,,
2026-04-13T12:00:00+03:00,4723.635,4728.775,4710.605,4714.905,,,,
2026-04-13T13:00:00+03:00,4714.91,4724.195,4708.365,4722.16,,,,
2026-04-13T14:00:00+03:00,4722.135,4729.23,4703.375,4707.135,,,,
2026-04-13T15:00:00+03:00,4707.14,4725.345,4703.905,4723.48,,,,
2026-04-13T16:00:00+03:00,4723.43,4744.64,4721.125,4730.795,,,,
2026-04-13T17:00:00+03:00,4730.52,4731.37,4708.875,4719.375,,,,
2026-04-13T18:00:00+03:00,4719.36,4720.15,4700.565,4714.45,,,4700.565,
2026-04-13T19:00:00+03:00,4714.465,4746.27,4709.545,4733.215,,,,
2026-04-13T20:00:00+03:00,4733.225,4750.205,4725.605,4730.11,,,,
2026-04-13T21:00:00+03:00,4730.12,4740.735,4723.54,4738.45,,,,
2026-04-13T22:00:00+03:00,4738.435,4747.58,4730.85,4741.28,,,,
2026-04-13T23:00:00+03:00,4741.345,4744.3,4738.4,4740.34,,,,
2026-04-14T01:00:00+03:00,4746.92,4759.8,4745.84,4758.14,,,,
2026-04-14T02:00:00+03:00,4758.12,4765.805,4754.54,4757.9,,,,
2026-04-14T03:00:00+03:00,4758.02,4776.075,4751.77,4769.98,,,,
2026-04-14T04:00:00+03:00,4769.94,4777.385,4761.79,4765.065,,,,
2026-04-14T05:00:00+03:00,4765.07,4777.305,4762.15,4775.225,,,,
2026-04-14T06:00:00+03:00,4775.22,4775.675,4765.65,4768.25,,,,
2026-04-14T07:00:00+03:00,4768.215,4777.085,4767.095,4774.24,,,,
2026-04-14T08:00:00+03:00,4774.24,4774.32,4757.855,4759.985,,,,
2026-04-14T09:00:00+03:00,4760.015,4782.965,4760.015,4782.09,,,,
2026-04-14T10:00:00+03:00,4782.095,4796.63,4767.855,4777.16,4796.63,,,
2026-04-14T11:00:00+03:00,4777.155,4790,4774.14,4786.97,,,,
2026-04-14T12:00:00+03:00,4787.08,4789.405,4771.735,4778.235,,,,
2026-04-14T13:00:00+03:00,4778.245,4788.31,4751.22,4768.58,,,4751.22,
2026-04-14T14:00:00+03:00,4768.52,4783.165,4767.03,4774.94,,,,
2026-04-14T15:00:00+03:00,4774.905,4777.715,4762.36,4771.48,,,,
2026-04-14T16:00:00+03:00,4771.475,4803.79,4771.185,4794.805,,,,
2026-04-14T17:00:00+03:00,4794.825,4818.33,4793.065,4803.81,,,,
2026-04-14T18:00:00+03:00,4803.8,4816.265,4791.115,4808.41,,,,
2026-04-14T19:00:00+03:00,4808.44,4820.34,4805.255,4810.075,,,,
2026-04-14T20:00:00+03:00,4810.12,4841.705,4809.54,4835.235,,,,
2026-04-14T21:00:00+03:00,4835.215,4843.64,4830.895,4835.73,,,,
2026-04-14T22:00:00+03:00,4835.75,4846.345,4835.75,4844.99,,,,
2026-04-14T23:00:00+03:00,4845,4846.37,4839.7,4841.76,,,,
2026-04-15T01:00:00+03:00,4849.155,4850.88,4833.195,4835.26,,,,
2026-04-15T02:00:00+03:00,4835.14,4844.315,4833.68,4837.285,,,,
2026-04-15T03:00:00+03:00,4837.315,4840.18,4827.285,4835.56,,,,
2026-04-15T04:00:00+03:00,4835.52,4871.38,4828.335,4847.19,4871.38,,,
2026-04-15T05:00:00+03:00,4847.175,4853.445,4820.715,4824.005,,,,
2026-04-15T06:00:00+03:00,4824.02,4829.725,4816.915,4823.925,,,,
2026-04-15T07:00:00+03:00,4823.955,4827.92,4820.3,4825.075,,,,
2026-04-15T08:00:00+03:00,4825.125,4830.53,4812.735,4819.97,,,,
2026-04-15T09:00:00+03:00,4819.975,4825.04,4811.31,4811.625,,,,
2026-04-15T10:00:00+03:00,4811.565,4816.935,4804.05,4811.27,,,,
2026-04-15T11:00:00+03:00,4811.15,4821.875,4804.595,4818.63,,,,
2026-04-15T12:00:00+03:00,4818.56,4819.565,4786.08,4798.255,,,4786.08,
2026-04-15T13:00:00+03:00,4798.25,4805.275,4790.095,4800.16,,,,
2026-04-15T14:00:00+03:00,4800.175,4815.305,4795.57,4812.635,,,,
2026-04-15T15:00:00+03:00,4812.65,4816.37,4807.025,4811.76,,,,
2026-04-15T16:00:00+03:00,4811.69,4830.31,4808.57,4828.915,,,,
2026-04-15T17:00:00+03:00,4828.93,4830.615,4813.505,4815.525,,4830.615,,
2026-04-15T18:00:00+03:00,4815.535,4816.155,4787.145,4801.745,,,4787.145,
2026-04-15T19:00:00+03:00,4801.74,4812.84,4800.17,4803.985,,,,
2026-04-15T20:00:00+03:00,4803.975,4808.96,4790.82,4792.64,,,,
2026-04-15T21:00:00+03:00,4792.63,4802.675,4790.24,4799.745,,,,
2026-04-15T22:00:00+03:00,4799.715,4803.575,4794.685,4796.045,,,,
2026-04-15T23:00:00+03:00,4796.095,4796.795,4787.895,4790.94,,,,
2026-04-16T01:00:00+03:00,4798.465,4812.1,4790.87,4807.665,,,,
2026-04-16T02:00:00+03:00,4807.675,4826.795,4807.615,4823.455,,,,
2026-04-16T03:00:00+03:00,4823.385,4837.81,4820.345,4833.145,,,,
2026-04-16T04:00:00+03:00,4833.205,4836.465,4811.33,4818.1,,,,
2026-04-16T05:00:00+03:00,4818.165,4825.1,4812.465,4819.805,,,,
2026-04-16T06:00:00+03:00,4819.785,4827.205,4819.115,4824.27,,,,
2026-04-16T07:00:00+03:00,4824.255,4833.79,4822.885,4833.185,,,,
2026-04-16T08:00:00+03:00,4833.21,4838.56,4821.215,4821.325,4838.56,,,
2026-04-16T09:00:00+03:00,4821.31,4830.69,4814.46,4826.125,,,,
2026-04-16T10:00:00+03:00,4826.14,4831.025,4817.12,4821.2,,,,
2026-04-16T11:00:00+03:00,4821.29,4822.07,4806.59,4813.85,,,,
2026-04-16T12:00:00+03:00,4813.815,4818.11,4807.04,4812.82,,,,
2026-04-16T13:00:00+03:00,4812.825,4817.62,4805.165,4817.49,,,,
2026-04-16T14:00:00+03:00,4817.475,4822.56,4815.535,4822.175,,,,
2026-04-16T15:00:00+03:00,4822.28,4823.14,4811.59,4816.265,,,,
2026-04-16T16:00:00+03:00,4816.285,4824.04,4784.73,4795.065,,4824.04,,
2026-04-16T17:00:00+03:00,4795.08,4805.62,4772.575,4788.86,,,,4772.575
2026-04-16T18:00:00+03:00,4788.815,4813.045,4788.43,4807.09,,,,
2026-04-16T19:00:00+03:00,4807.16,4810.225,4785.245,4792.095,,,,
2026-04-16T20:00:00+03:00,4792.105,4795.455,4781.45,4789.395,,,,
2026-04-16T21:00:00+03:00,4789.405,4794.45,4785.865,4789.745,,,,
2026-04-16T22:00:00+03:00,4789.795,4798.67,4789.63,4793.52,,,,
2026-04-16T23:00:00+03:00,4793.565,4793.985,4786.45,4790.66,,,,
2026-04-17T01:00:00+03:00,4793.945,4797.995,4790.925,4795.4,,,,
2026-04-17T02:00:00+03:00,4795.185,4797.935,4791.77,4791.77,,,,
2026-04-17T03:00:00+03:00,4791.725,4801.3,4785.965,4794.845,,,,
2026-04-17T04:00:00+03:00,4794.88,4795.675,4767.845,4789.635,,,,4767.845
2026-04-17T05:00:00+03:00,4789.575,4794.84,4784.64,4784.695,,,,
2026-04-17T06:00:00+03:00,4784.685,4798.405,4784.68,4793.255,,,,
2026-04-17T07:00:00+03:00,4793.195,4804.48,4792.71,4802.995,,,,
2026-04-17T08:00:00+03:00,4802.99,4806.2,4793.78,4794.305,,4806.2,,
2026-04-17T09:00:00+03:00,4794.345,4795.375,4779.455,4785.075,,,,
2026-04-17T10:00:00+03:00,4785.195,4794.925,4778.81,4784.57,,,4778.81,
2026-04-17T11:00:00+03:00,4784.585,4797.085,4781.035,4796.11,,,,
2026-04-17T12:00:00+03:00,4796.115,4800.995,4790.125,4790.44,,,,
2026-04-17T13:00:00+03:00,4790.445,4794.085,4782.255,4787.49,,,,
2026-04-17T14:00:00+03:00,4787.595,4811.82,4783.67,4799.125,,,,
2026-04-17T15:00:00+03:00,4799.25,4848.005,4797.68,4846.52,,,,
2026-04-17T16:00:00+03:00,4846.53,4891.54,4834.915,4880.4,4891.54,,,
2026-04-17T17:00:00+03:00,4880.33,4885.53,4860.85,4873.15,,,,
2026-04-17T18:00:00+03:00,4873.135,4880.705,4855.065,4867.445,,,,
2026-04-17T19:00:00+03:00,4867.44,4873.535,4863.745,4867.18,,,,
2026-04-17T20:00:00+03:00,4867.15,4869.665,4853.79,4862.59,,,,
2026-04-17T21:00:00+03:00,4862.585,4868.11,4855.785,4858.11,,,,
2026-04-17T22:00:00+03:00,4858.095,4861.305,4852.96,4854.695,,,,
2026-04-17T23:00:00+03:00,4854.645,4855.245,4830.79,4831.61,,,,
2026-04-20T01:00:00+03:00,4774.815,4794.97,4771.055,4779.365,,,,
2026-04-20T02:00:00+03:00,4779.36,4779.465,4736.83,4755.365,,,,4736.83
2026-04-20T03:00:00+03:00,4755.285,4774.685,4744.515,4772.815,,,,
2026-04-20T04:00:00+03:00,4772.8,4814.46,4771.44,4807.795,,,,
2026-04-20T05:00:00+03:00,4807.805,4809.18,4793.26,4797.395,,,,
2026-04-20T06:00:00+03:00,4797.37,4798.415,4788.875,4791.02,,,,
2026-04-20T07:00:00+03:00,4791.04,4795.94,4787.245,4789.035,,,,
2026-04-20T08:00:00+03:00,4789.06,4796.36,4779.54,4791.085,,,,
2026-04-20T09:00:00+03:00,4791.06,4795.62,4784.025,4795.595,,,,
2026-04-20T10:00:00+03:00,4795.6,4805.795,4786.905,4789.64,,,,
2026-04-20T11:00:00+03:00,4789.55,4796.51,4786.16,4796.395,,,,
2026-04-20T12:00:00+03:00,4796.355,4798.075,4783.72,4791.885,,,,
2026-04-20T13:00:00+03:00,4791.865,4801.045,4789.93,4796.01,,,,
2026-04-20T14:00:00+03:00,4796.02,4810.9,4786.8,4810.53,,,,
2026-04-20T15:00:00+03:00,4810.525,4822.175,4799.125,4803.505,,,,
2026-04-20T16:00:00+03:00,4803.495,4826.355,4799.695,4818.105,,,,
2026-04-20T17:00:00+03:00,4818.12,4827.695,4792.615,4805.385,,4827.695,,
2026-04-20T18:00:00+03:00,4805.4,4809.63,4792.785,4799.955,,,,
2026-04-20T19:00:00+03:00,4799.96,4806.38,4792.865,4805.55,,,,
2026-04-20T20:00:00+03:00,4805.645,4812.27,4803.9,4806.89,,,,
2026-04-20T21:00:00+03:00,4806.84,4816.515,4806.84,4814.105,,,,
2026-04-20T22:00:00+03:00,4814.065,4821.425,4810.615,4814.38,,,,
2026-04-20T23:00:00+03:00,4814.43,4821.98,4812.3,4820.115,,,,
2026-04-21T01:00:00+03:00,4825.135,4833.405,4823.365,4827.82,4833.405,,,
2026-04-21T02:00:00+03:00,4827.79,4831.935,4819.855,4822.03,,,,
2026-04-21T03:00:00+03:00,4822.07,4830.895,4817,4823.895,,,,
2026-04-21T04:00:00+03:00,4823.9,4824.54,4805.795,4810.27,,,,
2026-04-21T05:00:00+03:00,4810.295,4810.555,4802.695,4806.95,,,,
2026-04-21T06:00:00+03:00,4807.055,4807.86,4792.77,4797.45,,,,
2026-04-21T07:00:00+03:00,4797.48,4797.815,4788.87,4789.49,,,,
2026-04-21T08:00:00+03:00,4789.415,4797.145,4783.28,4784.18,,,,
2026-04-21T09:00:00+03:00,4784.15,4790.86,4774.8,4778.42,,,,
2026-04-21T10:00:00+03:00,4778.4,4792.83,4772.885,4786.255,,,,
2026-04-21T11:00:00+03:00,4786.23,4793.22,4774.685,4786.09,,,,
2026-04-21T12:00:00+03:00,4786.11,4789.79,4781.29,4783.87,,,,
2026-04-21T13:00:00+03:00,4783.885,4790.67,4780.965,4789.945,,,,
2026-04-21T14:00:00+03:00,4789.95,4798.03,4775.49,4794.62,,4798.03,,
2026-04-21T15:00:00+03:00,4794.615,4796.995,4766.545,4778.98,,,,
2026-04-21T16:00:00+03:00,4778.97,4794.52,4760.35,4779.47,,,,
2026-04-21T17:00:00+03:00,4779.35,4782.74,4723.77,4739.02,,,,
2026-04-21T18:00:00+03:00,4739.04,4757.83,4727.845,4741.78,,,,
2026-04-21T19:00:00+03:00,4741.79,4747.06,4708.375,4711.27,,,,
2026-04-21T20:00:00+03:00,4711.29,4722.28,4697.16,4711.28,,,,
2026-04-21T21:00:00+03:00,4711.185,4714.97,4692.46,4709.555,,,,
2026-04-21T22:00:00+03:00,4709.59,4715.06,4668.62,4679.48,,,,4668.62
2026-04-21T23:00:00+03:00,4679.47,4721.25,4669.175,4720.685,,,,
2026-04-22T01:00:00+03:00,4726.085,4726.52,4715.78,4719.63,,,,
2026-04-22T02:00:00+03:00,4719.565,4740.66,4718.145,4738.14,,,,
2026-04-22T03:00:00+03:00,4738.375,4747.455,4738.375,4740.02,,,,
2026-04-22T04:00:00+03:00,4739.96,4754.745,4735.875,4752.27,,,,
2026-04-22T05:00:00+03:00,4752.36,4759.025,4750.155,4755.845,,,,
2026-04-22T06:00:00+03:00,4755.84,4765.035,4753.17,4758.26,,,,
2026-04-22T07:00:00+03:00,4758.275,4759.76,4752.325,4754.665,,,,
2026-04-22T08:00:00+03:00,4754.715,4772,4752.32,4767.83,,,,
2026-04-22T09:00:00+03:00,4767.74,4768.015,4758.775,4767.905,,,,
2026-04-22T10:00:00+03:00,4767.9,4772.385,4759.69,4760.68,,4772.385,,
2026-04-22T11:00:00+03:00,4760.705,4762.455,4751.98,4757.19,,,,
2026-04-22T12:00:00+03:00,4757.085,4762.595,4752.57,4755.335,,,,
2026-04-22T13:00:00+03:00,4755.41,4760.415,4745.89,4759.435,,,,
2026-04-22T14:00:00+03:00,4759.465,4760.985,4747.88,4750.515,,,,
2026-04-22T15:00:00+03:00,4750.52,4760.305,4742.98,4744.54,,,,
2026-04-22T16:00:00+03:00,4744.555,4760.99,4736.595,4752.99,,,,
2026-04-22T17:00:00+03:00,4752.88,4757.53,4729.99,4736.11,,,,
2026-04-22T18:00:00+03:00,4736.14,4740.395,4725.02,4727.68,,,,
2026-04-22T19:00:00+03:00,4727.81,4735.045,4723.995,4728.62,,,4723.995,
2026-04-22T20:00:00+03:00,4728.615,4739.64,4728.56,4737.36,,,,
2026-04-22T21:00:00+03:00,4737.31,4750.2,4729.985,4741.81,,,,
2026-04-22T22:00:00+03:00,4741.8,4745.595,4737.075,4740.39,,,,
2026-04-22T23:00:00+03:00,4740.375,4740.965,4734.59,4740.455,,,,
2026-04-23T01:00:00+03:00,4741.96,4742.305,4725.82,4726.07,,,,
2026-04-23T02:00:00+03:00,4726.12,4730.005,4723.645,4727.88,,,,
2026-04-23T03:00:00+03:00,4727.89,4754.2,4694.135,4747.765,,4754.2,,
2026-04-23T04:00:00+03:00,4747.755,4750.06,4722.35,4723.555,,,,
2026-04-23T05:00:00+03:00,4723.54,4724.81,4698.405,4699.095,,,,
2026-04-23T06:00:00+03:00,4699.025,4708.74,4698.26,4704.1,,,,
2026-04-23T07:00:00+03:00,4704.03,4707.255,4698.935,4704.49,,,,
2026-04-23T08:00:00+03:00,4704.55,4715.36,4692.485,4713.625,,,,
2026-04-23T09:00:00+03:00,4713.655,4721.57,4708.6,4713.115,,,,
2026-04-23T10:00:00+03:00,4713.095,4720.59,4703.2,4719.275,,,,
2026-04-23T11:00:00+03:00,4719.28,4725.115,4701.78,4703.45,,,,
2026-04-23T12:00:00+03:00,4703.385,4703.79,4694.765,4697.825,,,,
2026-04-23T13:00:00+03:00,4697.83,4701.805,4684.265,4696.82,,,,4684.265
2026-04-23T14:00:00+03:00,4696.84,4721.065,4695.575,4720.925,,,,
2026-04-23T15:00:00+03:00,4720.935,4743.2,4719.905,4740.125,,4743.2,,
2026-04-23T16:00:00+03:00,4740.115,4741.23,4723.95,4724.435,,,,
2026-04-23T17:00:00+03:00,4724.44,4736.69,4717.185,4733.705,,,,
2026-04-23T18:00:00+03:00,4733.755,4741.205,4716.545,4720.65,,,,
2026-04-23T19:00:00+03:00,4720.685,4737.275,4715.76,4733.055,,,,
2026-04-23T20:00:00+03:00,4733.095,4734.61,4664.38,4709.665,,,,4664.38
2026-04-23T21:00:00+03:00,4709.69,4722.24,4699.43,4701.045,,,,
2026-04-23T22:00:00+03:00,4701.06,4704.66,4689.56,4696.08,,,,
2026-04-23T23:00:00+03:00,4696.125,4698.365,4686.715,4694.09,,,,
2026-04-24T01:00:00+03:00,4695.935,4699.445,4690.21,4693.5,,,,
2026-04-24T02:00:00+03:00,4693.495,4700.84,4686.65,4695.445,,,,
2026-04-24T03:00:00+03:00,4695.485,4708.175,4690.965,4704.69,,,,
2026-04-24T04:00:00+03:00,4704.68,4711.23,4690.29,4699.4,,4711.23,,
2026-04-24T05:00:00+03:00,4699.415,4700.57,4673.05,4676.955,,,,
2026-04-24T06:00:00+03:00,4676.96,4678.435,4668.68,4672.38,,,,
2026-04-24T07:00:00+03:00,4672.37,4676.98,4658.03,4674.485,,,,4658.03
2026-04-24T08:00:00+03:00,4674.55,4687.245,4669.755,4686.555,,,,
2026-04-24T09:00:00+03:00,4686.56,4688.255,4667.055,4671.975,,,,
2026-04-24T10:00:00+03:00,4671.895,4695.45,4671.085,4694.49,,,,
2026-04-24T11:00:00+03:00,4694.51,4697.55,4685.25,4690.915,,,,
2026-04-24T12:00:00+03:00,4690.925,4696.76,4679.35,4682.33,,,,
2026-04-24T13:00:00+03:00,4682.28,4686.33,4674.88,4677.935,,,,
2026-04-24T14:00:00+03:00,4677.93,4717.44,4677.88,4706.87,,,,
2026-04-24T15:00:00+03:00,4706.855,4712.025,4690.36,4700.64,,,,
2026-04-24T16:00:00+03:00,4700.71,4717.485,4689.665,4711.835,,,,
2026-04-24T17:00:00+03:00,4711.585,4740.57,4706.92,4726.435,4740.57,,,
2026-04-24T18:00:00+03:00,4726.485,4733.425,4715.125,4727.12,,,,
2026-04-24T19:00:00+03:00,4727.04,4729.76,4719.255,4726.98,,,,
2026-04-24T20:00:00+03:00,4726.99,4730.16,4719.17,4723.35,,,,
2026-04-24T21:00:00+03:00,4723.375,4724.975,4717.015,4722.91,,,,
2026-04-24T22:00:00+03:00,4722.94,4726.17,4713.785,4716.395,,,,
2026-04-24T23:00:00+03:00,4716.405,4717.595,4705.465,4709.75,,,,
2026-04-27T01:00:00+03:00,4696.875,4697.365,4680.28,4684.6,,,,
2026-04-27T02:00:00+03:00,4684.54,4685.02,4675.21,4680.235,,,,
2026-04-27T03:00:00+03:00,4680.22,4698.535,4672.405,4697.94,,,4672.405,
2026-04-27T04:00:00+03:00,4697.9,4710.08,4691.07,4702.77,,,,
2026-04-27T05:00:00+03:00,4702.815,4723.54,4696.38,4718.29,,,,
2026-04-27T06:00:00+03:00,4718.26,4729.63,4714.535,4724.23,,,,
2026-04-27T07:00:00+03:00,4724.17,4729.965,4722.615,4725,,4729.965,,
2026-04-27T08:00:00+03:00,4725.01,4725.59,4708.985,4710.325,,,,
2026-04-27T09:00:00+03:00,4710.315,4715.895,4709.44,4712.78,,,,
2026-04-27T10:00:00+03:00,4712.785,4718.46,4710.16,4713.5,,,,
2026-04-27T11:00:00+03:00,4713.42,4714.94,4705.595,4706.795,,,,
2026-04-27T12:00:00+03:00,4706.79,4708.365,4699.3,4703.77,,,,
2026-04-27T13:00:00+03:00,4703.78,4711.075,4699.675,4708.76,,,,
2026-04-27T14:00:00+03:00,4708.795,4709.145,4700.345,4705.12,,,,
2026-04-27T15:00:00+03:00,4705.135,4712.655,4697.12,4699.43,,,,
2026-04-27T16:00:00+03:00,4699.405,4703.68,4689.125,4696.225,,,,
2026-04-27T17:00:00+03:00,4696.24,4696.84,4676.715,4678.24,,,,
2026-04-27T18:00:00+03:00,4678.255,4682.755,4667.335,4670.235,,,,4667.335
2026-04-27T19:00:00+03:00,4670.24,4679.715,4667.425,4676.895,,,,
2026-04-27T20:00:00+03:00,4676.915,4686.305,4668.44,4682.24,,,,
2026-04-27T21:00:00+03:00,4682.245,4685.585,4679.06,4680.735,,,,
2026-04-27T22:00:00+03:00,4680.715,4682.765,4676.74,4680.915,,,,
2026-04-27T23:00:00+03:00,4680.91,4681.955,4677.55,4681.955,,,,
2026-04-28T01:00:00+03:00,4682.585,4691.32,4682.385,4687.87,,,,
2026-04-28T02:00:00+03:00,4687.835,4694.945,4687.195,4692.06,,,,
2026-04-28T03:00:00+03:00,4692.195,4701.64,4690.64,4690.835,,4701.64,,
2026-04-28T04:00:00+03:00,4690.82,4691.75,4669.475,4670.76,,,,
2026-04-28T05:00:00+03:00,4670.85,4680.015,4666.6,4669.17,,,,
2026-04-28T06:00:00+03:00,4669.265,4676.255,4668.59,4671.155,,,,
2026-04-28T07:00:00+03:00,4671.07,4671.41,4666.755,4667.73,,,,
2026-04-28T08:00:00+03:00,4667.84,4668.08,4624.08,4632.39,,,,
2026-04-28T09:00:00+03:00,4632.34,4643.13,4623.545,4629.06,,,,
2026-04-28T10:00:00+03:00,4629.035,4639.5,4620.655,4633.015,,,,
2026-04-28T11:00:00+03:00,4633.025,4635.585,4614.75,4629.77,,,,
2026-04-28T12:00:00+03:00,4629.73,4630.12,4604.675,4604.755,,,,
2026-04-28T13:00:00+03:00,4604.68,4616.78,4603.365,4603.41,,,,
2026-04-28T14:00:00+03:00,4603.405,4608.95,4555.635,4562.795,,,,
2026-04-28T15:00:00+03:00,4562.895,4600.3,4555.135,4593.935,,,,4555.135
2026-04-28T16:00:00+03:00,4593.905,4594.85,4570.86,4580.71,,,,
2026-04-28T17:00:00+03:00,4580.645,4580.88,4557.36,4574.645,,,,
2026-04-28T18:00:00+03:00,4574.655,4586.73,4566.995,4586.625,,,,
2026-04-28T19:00:00+03:00,4586.63,4594.93,4577.915,4592.24,,,,
2026-04-28T20:00:00+03:00,4592.255,4601.51,4587.28,4594.945,,4601.51,,
2026-04-28T21:00:00+03:00,4594.965,4600.655,4592.225,4594.415,,,,
2026-04-28T22:00:00+03:00,4594.43,4600.18,4593.415,4595.695,,,,
2026-04-28T23:00:00+03:00,4595.565,4598.65,4591.275,4596.8,,,,
2026-04-29T01:00:00+03:00,4598.745,4598.745,4592.38,4594.17,,,,
2026-04-29T02:00:00+03:00,4594.175,4596.27,4588.095,4595.75,,,,
2026-04-29T03:00:00+03:00,4595.755,4610.535,4594.995,4600.52,4610.535,,,
2026-04-29T04:00:00+03:00,4600.53,4600.765,4575.72,4585.015,,,4575.72,
2026-04-29T05:00:00+03:00,4585.04,4604.32,4585.02,4593.71,,,,
2026-04-29T06:00:00+03:00,4593.715,4603.415,4592.395,4595.71,,,,
2026-04-29T07:00:00+03:00,4595.725,4605.835,4595.48,4604.825,,,,
2026-04-29T08:00:00+03:00,4604.81,4607.725,4590.775,4591.15,,,,
2026-04-29T09:00:00+03:00,4591.105,4598.87,4580.925,4584.665,,,,
2026-04-29T10:00:00+03:00,4584.69,4589.005,4567.37,4567.93,,,,
2026-04-29T11:00:00+03:00,4567.96,4576.995,4557.385,4573.43,,,,
2026-04-29T12:00:00+03:00,4573.415,4580.75,4551.675,4555.78,,,,
2026-04-29T13:00:00+03:00,4555.775,4576.535,4555.06,4569.95,,,,
2026-04-29T14:00:00+03:00,4569.945,4572.2,4559.25,4561.695,,,,
2026-04-29T15:00:00+03:00,4561.675,4569.155,4541.705,4544.945,,,,
2026-04-29T16:00:00+03:00,4544.91,4553.65,4510.095,4521.73,,,,4510.095
2026-04-29T17:00:00+03:00,4521.665,4542.815,4517.945,4539.455,,,,
2026-04-29T18:00:00+03:00,4539.385,4558.995,4536.3,4547.77,,,,
2026-04-29T19:00:00+03:00,4547.765,4564.985,4543.32,4545.565,,,,
2026-04-29T20:00:00+03:00,4545.6,4554.625,4541.79,4547.83,,,,
2026-04-29T21:00:00+03:00,4547.84,4553.05,4518.335,4538.24,,,,
2026-04-29T22:00:00+03:00,4538.255,4550.855,4533.34,4546.93,,,,
2026-04-29T23:00:00+03:00,4546.94,4553.855,4541.55,4543.715,,,,
2026-04-30T01:00:00+03:00,4540.13,4552.805,4539.685,4552.2,,,,
2026-04-30T02:00:00+03:00,4552.185,4561.945,4549.525,4561.685,,,,
2026-04-30T03:00:00+03:00,4561.725,4574.245,4556.485,4569.99,,,,
2026-04-30T04:00:00+03:00,4569.92,4582.585,4564.76,4579.085,,,,
2026-04-30T05:00:00+03:00,4579.08,4582.035,4559.94,4565.085,,,,
2026-04-30T06:00:00+03:00,4564.8,4569.24,4555.79,4556.07,,,,
2026-04-30T07:00:00+03:00,4556.08,4557.09,4540.925,4542.05,,,4540.925,
2026-04-30T08:00:00+03:00,4542.06,4569.87,4541.965,4562.69,,,,
2026-04-30T09:00:00+03:00,4562.74,4591.59,4560.1,4589.66,,,,
2026-04-30T10:00:00+03:00,4589.7,4605.645,4584.885,4598.44,,,,
2026-04-30T11:00:00+03:00,4598.48,4629.76,4597.46,4616.36,,,,
2026-04-30T12:00:00+03:00,4616.35,4631.93,4614.29,4625.23,,,,
2026-04-30T13:00:00+03:00,4625.195,4647.045,4623.705,4639.755,4647.045,,,
2026-04-30T14:00:00+03:00,4639.78,4645.96,4627.08,4630.26,,,,
2026-04-30T15:00:00+03:00,4630.345,4640.14,4624.75,4639.61,,,,
2026-04-30T16:00:00+03:00,4639.66,4645.905,4610.82,4611.185,,,,
2026-04-30T17:00:00+03:00,4611.24,4625.985,4609.5,4619.62,,,,
2026-04-30T18:00:00+03:00,4619.615,4625.57,4611.33,4615.3,,,,
2026-04-30T19:00:00+03:00,4615.295,4617.885,4605.48,4607.745,,,4605.48,
2026-04-30T20:00:00+03:00,4607.71,4621.765,4607.7,4616.895,,,,
2026-04-30T21:00:00+03:00,4616.91,4625.36,4616.73,4622.635,,,,
2026-04-30T22:00:00+03:00,4622.645,4627.415,4614.655,4617.17,,,,
2026-04-30T23:00:00+03:00,4617.18,4622.07,4615.435,4622.065,,,,
2026-05-01T01:00:00+03:00,4629.515,4632.99,4626.555,4630.265,,,,
2026-05-01T02:00:00+03:00,4630.26,4634.145,4626.585,4626.685,,,,
2026-05-01T03:00:00+03:00,4626.655,4631.365,4618.635,4619.93,,,,
2026-05-01T04:00:00+03:00,4619.915,4622.435,4614.15,4621.02,,,,
2026-05-01T05:00:00+03:00,4620.905,4635.94,4616.655,4619.215,,4635.94,,
2026-05-01T06:00:00+03:00,4619.155,4632.11,4617.875,4626.735,,,,
2026-05-01T07:00:00+03:00,4626.74,4628.865,4609.2,4609.265,,,,
2026-05-01T08:00:00+03:00,4609.255,4616.2,4602.985,4605.18,,,,
2026-05-01T09:00:00+03:00,4605.235,4608.095,4590.86,4594.925,,,,
2026-05-01T10:00:00+03:00,4594.885,4598.165,4575.875,4578.25,,,,
2026-05-01T11:00:00+03:00,4578.245,4582.52,4565.16,4569.225,,,,
2026-05-01T12:00:00+03:00,4569.2,4573.13,4560.32,4563.035,,,,4560.32
2026-05-01T13:00:00+03:00,4563.04,4576.105,4561.595,4567.055,,,,
2026-05-01T14:00:00+03:00,4567.01,4579.665,4562.515,4578.865,,,,
2026-05-01T15:00:00+03:00,4578.81,4607.875,4575.11,4591.435,,,,
2026-05-01T16:00:00+03:00,4591.43,4628.905,4586.695,4625.77,,,,
2026-05-01T17:00:00+03:00,4625.67,4660.585,4625.16,4632.31,4660.585,,,
2026-05-01T18:00:00+03:00,4632.325,4648.195,4619.1,4643.25,,,,
2026-05-01T19:00:00+03:00,4643.2,4650.035,4633.99,4638.81,,,,
2026-05-01T20:00:00+03:00,4638.815,4642.785,4626.785,4629.49,,,,
2026-05-01T21:00:00+03:00,4629.495,4630.725,4613.855,4624.385,,,,
2026-05-01T22:00:00+03:00,4624.46,4627.69,4609.015,4610.92,,,,
2026-05-01T23:00:00+03:00,4610.905,4617.805,4607.22,4613.835,,,,
2026-05-04T01:00:00+03:00,4625.35,4629.465,4612.66,4619,,,,
2026-05-04T02:00:00+03:00,4618.985,4621,4611.405,4613.965,,,,
2026-05-04T03:00:00+03:00,4613.96,4616.685,4601.825,4613.17,,,,
2026-05-04T04:00:00+03:00,4613.125,4614.165,4592.965,4613.255,,,,
2026-05-04T05:00:00+03:00,4613.26,4618.825,4591.11,4606.065,,,,
2026-05-04T06:00:00+03:00,4606.04,4617.34,4598.63,4615.315,,,,
2026-05-04T07:00:00+03:00,4615.28,4615.7,4605.36,4606.205,,,,
2026-05-04T08:00:00+03:00,4606.19,4613.16,4592.365,4598.92,,,,
2026-05-04T09:00:00+03:00,4598.915,4600.76,4583.95,4588.97,,,,
2026-05-04T10:00:00+03:00,4588.95,4593.565,4578.215,4579.255,,,,
2026-05-04T11:00:00+03:00,4579.245,4581.625,4573.85,4577.27,,,,
2026-05-04T12:00:00+03:00,4577.245,4584.825,4572.095,4575.64,,,,
2026-05-04T13:00:00+03:00,4575.645,4576.03,4526.09,4562.575,,,,
2026-05-04T14:00:00+03:00,4562.545,4570.91,4551.515,4560.515,,,,
2026-05-04T15:00:00+03:00,4560.395,4579.44,4559.295,4568.49,,,,
2026-05-04T16:00:00+03:00,4568.525,4575.945,4555.205,4564.14,,,,
2026-05-04T17:00:00+03:00,4564.16,4583.38,4553.44,4561.625,,,,
2026-05-04T18:00:00+03:00,4561.74,4566.2,4513.635,4521.83,,,,
2026-05-04T19:00:00+03:00,4521.775,4527.045,4501.035,4510.695,,,,4501.035
2026-05-04T20:00:00+03:00,4510.74,4531.715,4510.74,4522.48,,,,
2026-05-04T21:00:00+03:00,4522.525,4525.4,4509.96,4516.4,,,,
2026-05-04T22:00:00+03:00,4516.345,4527.265,4511.425,4517.89,,,,
2026-05-04T23:00:00+03:00,4517.84,4524.175,4512.005,4524.115,,,,
2026-05-05T01:00:00+03:00,4520.775,4522.92,4515.59,4517.395,,,,
2026-05-05T02:00:00+03:00,4517.39,4521.59,4516.125,4519.155,,,,
2026-05-05T03:00:00+03:00,4519.2,4530.475,4513.655,4529.755,,,,
2026-05-05T04:00:00+03:00,4529.63,4542.13,4525.47,4541.04,,,,
2026-05-05T05:00:00+03:00,4541.145,4546.94,4534.775,4538.955,,,,
2026-05-05T06:00:00+03:00,4538.875,4542.82,4532.465,4534.64,,,,
2026-05-05T07:00:00+03:00,4534.635,4536.71,4528.03,4533.67,,,,
2026-05-05T08:00:00+03:00,4533.625,4552,4531.47,4545.945,,,,
2026-05-05T09:00:00+03:00,4545.95,4552.02,4533.9,4548.34,,,,
2026-05-05T10:00:00+03:00,4548.365,4558.465,4543.42,4545.825,,,,
2026-05-05T11:00:00+03:00,4545.815,4559.57,4545.69,4558.375,,,,
2026-05-05T12:00:00+03:00,4558.36,4560.445,4550.985,4556.515,,,,
2026-05-05T13:00:00+03:00,4556.53,4557.155,4540.13,4543.77,,,,
2026-05-05T14:00:00+03:00,4543.755,4564.87,4539.96,4562.99,,,,
2026-05-05T15:00:00+03:00,4562.985,4574.595,4554.195,4564.41,,,,
2026-05-05T16:00:00+03:00,4564.42,4585.205,4564.42,4579.47,,,,
2026-05-05T17:00:00+03:00,4579.57,4586.605,4565.985,4582.39,,4586.605,,
2026-05-05T18:00:00+03:00,4582.44,4583.85,4568.43,4568.685,,,,
2026-05-05T19:00:00+03:00,4568.655,4569.125,4553.77,4561.295,,,,
2026-05-05T20:00:00+03:00,4561.28,4562.79,4553.355,4559.94,,,,
2026-05-05T21:00:00+03:00,4559.975,4565.83,4557.55,4560.965,,,,
2026-05-05T22:00:00+03:00,4561.095,4561.47,4551.625,4555.26,,,,
2026-05-05T23:00:00+03:00,4555.14,4560.18,4554.23,4557.535,,,,
2026-05-06T01:00:00+03:00,4552.07,4577.46,4546.36,4573.51,,,4546.36,
2026-05-06T02:00:00+03:00,4573.42,4596,4569.565,4593.87,,,,
2026-05-06T03:00:00+03:00,4593.735,4619.97,4588.33,4618.8,,,,
2026-05-06T04:00:00+03:00,4618.645,4628.915,4609.63,4626.225,,,,
2026-05-06T05:00:00+03:00,4626.2,4642.195,4625.555,4640.95,,,,
2026-05-06T06:00:00+03:00,4640.925,4652.13,4638.67,4643.65,,,,
2026-05-06T07:00:00+03:00,4643.645,4653.585,4643.455,4648.815,,,,
2026-05-06T08:00:00+03:00,4648.82,4663.95,4644.765,4663.22,,,,
2026-05-06T09:00:00+03:00,4663.21,4669.97,4657.07,4669.455,,,,
2026-05-06T10:00:00+03:00,4669.46,4681.905,4657.47,4681.36,,,,
2026-05-06T11:00:00+03:00,4681.325,4702.965,4671.655,4700.58,,,,
2026-05-06T12:00:00+03:00,4700.63,4708.7,4689.08,4701.725,,,,
2026-05-06T13:00:00+03:00,4701.73,4723.14,4695.705,4718.005,4723.14,,,
2026-05-06T14:00:00+03:00,4717.98,4721.32,4690.98,4691.99,,,,
2026-05-06T15:00:00+03:00,4691.995,4693.1,4660.435,4683.29,,,,
2026-05-06T16:00:00+03:00,4683.325,4707.82,4669.02,4702.13,,,,
2026-05-06T17:00:00+03:00,4702.13,4717.625,4697.71,4703.205,,,,
2026-05-06T18:00:00+03:00,4703.17,4705.915,4687.79,4687.79,,,,
2026-05-06T19:00:00+03:00,4687.75,4692.19,4679.705,4683.21,,,,
2026-05-06T20:00:00+03:00,4683.205,4688.14,4679.145,4684.27,,,,
2026-05-06T21:00:00+03:00,4684.275,4690.62,4682.125,4686.13,,,,
2026-05-06T22:00:00+03:00,4686.14,4700.235,4686.14,4692.48,,,,
2026-05-06T23:00:00+03:00,4692.455,4699.63,4685.26,4690.91,,,,
2026-05-07T01:00:00+03:00,4690.165,4699.935,4690.165,4695.05,,,,
2026-05-07T02:00:00+03:00,4694.99,4699.59,4690.355,4699.055,,,,
2026-05-07T03:00:00+03:00,4698.995,4701.545,4685.655,4688.855,,,,
2026-05-07T04:00:00+03:00,4688.86,4721.53,4685.275,4714.925,,,,
2026-05-07T05:00:00+03:00,4714.93,4718.745,4700.165,4707.385,,,,
2026-05-07T06:00:00+03:00,4707.295,4709.845,4699.12,4699.38,,,,
2026-05-07T07:00:00+03:00,4699.425,4701.11,4692.505,4696.48,,,,
2026-05-07T08:00:00+03:00,4696.43,4706.81,4694.91,4701.315,,,,
2026-05-07T09:00:00+03:00,4701.32,4750.01,4701.29,4739.355,,,,
2026-05-07T10:00:00+03:00,4739.37,4750.66,4731.53,4743.28,,,,
2026-05-07T11:00:00+03:00,4743.265,4753.435,4730.875,4731.08,,,,
2026-05-07T12:00:00+03:00,4731.11,4739.515,4721.84,4729.255,,,,
2026-05-07T13:00:00+03:00,4729.255,4739.84,4726.77,4735.795,,,,
2026-05-07T14:00:00+03:00,4735.93,4743.805,4727.305,4742.845,,,,
2026-05-07T15:00:00+03:00,4742.965,4752.69,4733.185,4750.195,,,,
2026-05-07T16:00:00+03:00,4750.235,4758.165,4731.38,4746.495,,,,
2026-05-07T17:00:00+03:00,4746.245,4763.58,4741.28,4762.885,,,,
2026-05-07T18:00:00+03:00,4762.895,4764.905,4726.43,4729.305,4764.905,,,
2026-05-07T19:00:00+03:00,4729.31,4729.87,4704.575,4715.24,,,,
2026-05-07T20:00:00+03:00,4715.235,4719.685,4687.92,4711.44,,,,
2026-05-07T21:00:00+03:00,4711.445,4716.09,4695.535,4709.64,,,,
2026-05-07T22:00:00+03:00,4709.62,4712.93,4697.98,4703.045,,,,
2026-05-07T23:00:00+03:00,4703.055,4719.195,4686.28,4687.18,,,,
2026-05-08T01:00:00+03:00,4694.565,4699.605,4682.045,4686.095,,,4682.045,
2026-05-08T02:00:00+03:00,4686.115,4705.74,4684.845,4704.405,,,,
2026-05-08T03:00:00+03:00,4704.385,4709.615,4694.125,4701.38,,,,
2026-05-08T04:00:00+03:00,4701.3,4725.71,4700.45,4722.97,,,,
2026-05-08T05:00:00+03:00,4723.145,4732.885,4706.995,4713.57,,,,
2026-05-08T06:00:00+03:00,4713.565,4731.185,4711.405,4719.735,,,,
2026-05-08T07:00:00+03:00,4719.72,4723.315,4709.31,4711.13,,,,
2026-05-08T08:00:00+03:00,4711.22,4731.39,4709.675,4727.62,,,,
2026-05-08T09:00:00+03:00,4727.605,4734.895,4712.665,4725.94,,4734.895,,
2026-05-08T10:00:00+03:00,4725.855,4726.725,4697.045,4707.925,,,4697.045,
2026-05-08T11:00:00+03:00,4707.965,4723.84,4706.72,4715.76,,,,
2026-05-08T12:00:00+03:00,4715.755,4723.13,4707.605,4712.015,,,,
2026-05-08T13:00:00+03:00,4711.915,4727.85,4711.24,4719.82,,,,
2026-05-08T14:00:00+03:00,4719.8,4727.495,4713.91,4717.9,,,,
2026-05-08T15:00:00+03:00,4717.87,4732.125,4702.88,4724.485,,,,
2026-05-08T16:00:00+03:00,4724.395,4748.015,4716.51,4747.85,,,,
2026-05-08T17:00:00+03:00,4747.84,4749.58,4713.495,4716.01,4749.58,,,
2026-05-08T18:00:00+03:00,4716.02,4721.065,4702.055,4707.22,,,4702.055,
2026-05-08T19:00:00+03:00,4707.23,4720.28,4705.55,4712.525,,,,
2026-05-08T20:00:00+03:00,4712.505,4722.765,4712.225,4720.96,,,,
2026-05-08T21:00:00+03:00,4721.025,4729.025,4720.01,4722,,,,
2026-05-08T22:00:00+03:00,4721.995,4726.915,4721.06,4724.09,,,,
2026-05-08T23:00:00+03:00,4724.19,4724.43,4714.745,4715.715,,,,
2026-05-11T01:00:00+03:00,4687.43,4696.435,4680.075,4691.76,,,,
2026-05-11T02:00:00+03:00,4691.75,4698.65,4688.805,4691.89,,,,
2026-05-11T03:00:00+03:00,4691.84,4693.375,4670.505,4683.44,,,,
2026-05-11T04:00:00+03:00,4683.415,4705.56,4674.635,4685.97,,,,
2026-05-11T05:00:00+03:00,4685.975,4700.425,4676.905,4681.985,,,,
2026-05-11T06:00:00+03:00,4681.96,4690.715,4675.45,4678.75,,,,
2026-05-11T07:00:00+03:00,4678.775,4680.11,4668.55,4672.16,,,,
2026-05-11T08:00:00+03:00,4672.1,4680.97,4648.09,4652.53,,,,4648.09
2026-05-11T09:00:00+03:00,4652.62,4680.645,4649.505,4678.565,,,,
2026-05-11T10:00:00+03:00,4678.555,4680.385,4664.33,4667.86,,,,
2026-05-11T11:00:00+03:00,4667.79,4678.995,4664.46,4667.895,,,,
2026-05-11T12:00:00+03:00,4667.84,4670.275,4650.795,4656.895,,,,
2026-05-11T13:00:00+03:00,4656.9,4667.69,4656.49,4664.14,,,,
2026-05-11T14:00:00+03:00,4664.15,4677.425,4664.15,4674.625,,,,
2026-05-11T15:00:00+03:00,4674.56,4701.245,4667.535,4700.035,,,,
2026-05-11T16:00:00+03:00,4700.055,4748.95,4698.82,4736.135,,4748.95,,
2026-05-11T17:00:00+03:00,4736.125,4738.465,4715.205,4725.625,,,,
2026-05-11T18:00:00+03:00,4725.61,4738.195,4722.9,4732.36,,,,
2026-05-11T19:00:00+03:00,4732.375,4733.735,4708.005,4716.485,,,,
2026-05-11T20:00:00+03:00,4716.415,4724.835,4715.92,4723.895,,,,
2026-05-11T21:00:00+03:00,4724.035,4729.47,4721.11,4725.085,,,,
2026-05-11T22:00:00+03:00,4725.13,4736.21,4722.495,4733.655,,,,
2026-05-11T23:00:00+03:00,4733.755,4738.59,4729.985,4735.455,,,,
2026-05-12T01:00:00+03:00,4740.565,4755.745,4737.79,4751.09,,,,
2026-05-12T02:00:00+03:00,4751.48,4769.795,4746.35,4767.67,,,,
2026-05-12T03:00:00+03:00,4767.675,4773.575,4748.89,4749.56,4773.575,,,
2026-05-12T04:00:00+03:00,4749.51,4755.805,4720.53,4727.4,,,,
2026-05-12T05:00:00+03:00,4727.325,4734.105,4722.425,4730.02,,,,
2026-05-12T06:00:00+03:00,4730.05,4733.41,4718.25,4720.33,,,,
2026-05-12T07:00:00+03:00,4720.28,4730.48,4710.975,4714.255,,,,
2026-05-12T08:00:00+03:00,4714.215,4722.32,4709,4714.595,,,,
2026-05-12T09:00:00+03:00,4714.53,4714.735,4694.51,4697.09,,,,
2026-05-12T10:00:00+03:00,4697.1,4703.97,4686.395,4699.985,,,,
2026-05-12T11:00:00+03:00,4699.995,4706.99,4697.195,4703.415,,,,
2026-05-12T12:00:00+03:00,4703.36,4705.155,4694.325,4699.455,,,,
2026-05-12T13:00:00+03:00,4699.475,4708.715,4685.28,4694.47,,,,
2026-05-12T14:00:00+03:00,4694.615,4709.475,4687.26,4706.49,,,,
2026-05-12T15:00:00+03:00,4706.58,4711.68,4689.84,4705.74,,4711.68,,
2026-05-12T16:00:00+03:00,4705.73,4709.025,4676.88,4679.225,,,,
2026-05-12T17:00:00+03:00,4679.365,4695.235,4669.555,4673,,,,
2026-05-12T18:00:00+03:00,4672.99,4676.235,4638.365,4666.285,,,,4638.365
2026-05-12T19:00:00+03:00,4666.29,4675.19,4664.265,4671.375,,,,
2026-05-12T20:00:00+03:00,4671.38,4682.42,4671.38,4678.84,,,,
2026-05-12T21:00:00+03:00,4678.825,4698.14,4676.235,4695.94,,,,
2026-05-12T22:00:00+03:00,4695.96,4715.705,4695.96,4715.595,,,,
2026-05-12T23:00:00+03:00,4715.545,4719.365,4712.155,4715.495,,,,
2026-05-13T01:00:00+03:00,4719.905,4722.445,4711.74,4716.965,,,,
2026-05-13T02:00:00+03:00,4716.955,4723.915,4715.24,4717.175,,,,
2026-05-13T03:00:00+03:00,4717.28,4727.03,4713.925,4714.955,4727.03,,,
2026-05-13T04:00:00+03:00,4715.015,4717.405,4701.205,4702.615,,,,
2026-05-13T05:00:00+03:00,4702.575,4707.73,4687.705,4692.01,,,4687.705,
2026-05-13T06:00:00+03:00,4692,4705.795,4689.025,4696.1,,,,
2026-05-13T07:00:00+03:00,4696.165,4703.45,4695.48,4699.57,,,,
2026-05-13T08:00:00+03:00,4699.52,4707.385,4693.73,4704.32,,,,
2026-05-13T09:00:00+03:00,4704.32,4715.385,4698.955,4701.735,,,,
2026-05-13T10:00:00+03:00,4701.755,4708.755,4696.8,4702.78,,,,
2026-05-13T11:00:00+03:00,4702.785,4704.34,4694.665,4700.605,,,,
2026-05-13T12:00:00+03:00,4700.615,4702.09,4685.905,4700.85,,,,
2026-05-13T13:00:00+03:00,4700.87,4710.585,4693.77,4694.19,,,,
2026-05-13T14:00:00+03:00,4694.215,4705.7,4691.775,4697.485,,,,
2026-05-13T15:00:00+03:00,4697.43,4701.62,4676.135,4683.84,,,,
2026-05-13T16:00:00+03:00,4683.715,4694.825,4669.525,4679.415,,,,4669.525
2026-05-13T17:00:00+03:00,4679.405,4691.12,4672.885,4679.75,,,,
2026-05-13T18:00:00+03:00,4679.825,4700.025,4678.92,4695.715,,,,
2026-05-13T19:00:00+03:00,4695.65,4709.9,4695.13,4695.865,,4709.9,,
2026-05-13T20:00:00+03:00,4695.885,4701.28,4684.555,4685.6,,,,
2026-05-13T21:00:00+03:00,4685.635,4694.175,4677.63,4685.11,,,,
2026-05-13T22:00:00+03:00,4685.14,4690.705,4683.525,4688.38,,,,
2026-05-13T23:00:00+03:00,4688.465,4693.475,4686.075,4689.14,,,,
2026-05-14T01:00:00+03:00,4693.605,4700.57,4689.06,4700.035,,,,
2026-05-14T02:00:00+03:00,4699.98,4702.125,4693.38,4696.62,,,,
2026-05-14T03:00:00+03:00,4696.5,4706.795,4689.78,4705.065,,,,
2026-05-14T04:00:00+03:00,4705.015,4707.15,4683.455,4688.95,,,,
2026-05-14T05:00:00+03:00,4689,4699.775,4680.21,4686.48,,,,
2026-05-14T06:00:00+03:00,4686.475,4693.45,4673.965,4675.285,,,,
2026-05-14T07:00:00+03:00,4675.3,4712.685,4668.71,4702.355,,,,4668.71
2026-05-14T08:00:00+03:00,4702.54,4704.235,4689.21,4689.955,,,,
2026-05-14T09:00:00+03:00,4689.94,4702.505,4686.31,4700.515,,,,
2026-05-14T10:00:00+03:00,4700.43,4718.88,4690.945,4693.35,4718.88,,,
2026-05-14T11:00:00+03:00,4693.365,4706.83,4692.205,4693.485,,,,
2026-05-14T12:00:00+03:00,4693.55,4702.755,4688.645,4699.73,,,,
2026-05-14T13:00:00+03:00,4699.74,4705.63,4691.27,4697.09,,,,
2026-05-14T14:00:00+03:00,4697.16,4704.895,4689.51,4694.205,,,,
2026-05-14T15:00:00+03:00,4694.175,4710.165,4692.42,4704.95,,,,
2026-05-14T16:00:00+03:00,4704.945,4707.935,4666.78,4679.775,,,,4666.78
2026-05-14T17:00:00+03:00,4679.835,4700.98,4677.815,4679.53,,,,
2026-05-14T18:00:00+03:00,4679.62,4689.625,4677.195,4685.765,,,,
2026-05-14T19:00:00+03:00,4685.815,4687.055,4670.51,4678.66,,,,
2026-05-14T20:00:00+03:00,4678.675,4683.115,4676.49,4678.33,,,,
2026-05-14T21:00:00+03:00,4678.34,4678.41,4667.165,4671.8,,,,
2026-05-14T22:00:00+03:00,4671.89,4672.02,4653.26,4654.37,,,,
2026-05-14T23:00:00+03:00,4654.385,4657.18,4644.31,4652.27,,,,
2026-05-15T01:00:00+03:00,4654.08,4662.77,4652.145,4662.515,,,,
2026-05-15T02:00:00+03:00,4662.5,4665.445,4646.85,4652.15,,,,
2026-05-15T03:00:00+03:00,4652.22,4658.225,4613.745,4630.465,,,,
2026-05-15T04:00:00+03:00,4630.475,4631.69,4607.51,4614.23,,,,
2026-05-15T05:00:00+03:00,4614.265,4623.42,4609.45,4617.945,,,,
2026-05-15T06:00:00+03:00,4617.885,4622.33,4607.68,4615.605,,,,
2026-05-15T07:00:00+03:00,4615.61,4621.91,4604.45,4606.19,,,,
2026-05-15T08:00:00+03:00,4606.3,4606.58,4556.71,4559.04,,,,
2026-05-15T09:00:00+03:00,4559.02,4580.645,4556.52,4570.22,,,,
2026-05-15T10:00:00+03:00,4570.205,4588.88,4566.07,4570.975,,,,
2026-05-15T11:00:00+03:00,4570.985,4572.245,4550.055,4554.62,,,,
2026-05-15T12:00:00+03:00,4554.605,4564.035,4531.995,4546.095,,,,
2026-05-15T13:00:00+03:00,4546.115,4572.775,4544.3,4566.135,,,,
2026-05-15T14:00:00+03:00,4566.12,4570.37,4550.005,4552.18,,,,
2026-05-15T15:00:00+03:00,4552.19,4558.815,4543.83,4545.96,,,,
2026-05-15T16:00:00+03:00,4545.965,4557.66,4510.985,4533.685,,,,4510.985
2026-05-15T17:00:00+03:00,4533.645,4566.735,4525.465,4562.85,,,,
2026-05-15T18:00:00+03:00,4562.865,4563.78,4533.86,4539.95,,,,
2026-05-15T19:00:00+03:00,4539.995,4548.255,4529.555,4544.4,,,,
2026-05-15T20:00:00+03:00,4544.23,4564.605,4543.105,4559.65,,,,
2026-05-15T21:00:00+03:00,4559.685,4563.115,4552.415,4559.25,,,,
2026-05-15T22:00:00+03:00,4559.255,4560.18,4545.1,4546.005,,,,
2026-05-15T23:00:00+03:00,4546.01,4546.47,4533.34,4540.645,,,,
2026-05-18T01:00:00+03:00,4545.805,4554.915,4538.175,4546.05,,,,
2026-05-18T02:00:00+03:00,4546.06,4548.035,4532.25,4537.21,,,,
2026-05-18T03:00:00+03:00,4537.215,4542.635,4480.41,4514.795,,,,4480.41
2026-05-18T04:00:00+03:00,4514.795,4535.715,4489.535,4525.67,,,,
2026-05-18T05:00:00+03:00,4525.61,4542.9,4522.355,4533.815,,,,
2026-05-18T06:00:00+03:00,4533.785,4548.06,4525.565,4541.215,,,,
2026-05-18T07:00:00+03:00,4541.21,4549.93,4530.235,4540.825,,,,
2026-05-18T08:00:00+03:00,4540.775,4552.045,4530.205,4531.245,,,,
2026-05-18T09:00:00+03:00,4531.19,4548.235,4530.005,4546.855,,,,
2026-05-18T10:00:00+03:00,4546.875,4560.095,4538.465,4546.295,,,,
2026-05-18T11:00:00+03:00,4546.285,4557.135,4542.44,4549.97,,,,
2026-05-18T12:00:00+03:00,4549.96,4552.125,4540.38,4543.205,,,,
2026-05-18T13:00:00+03:00,4543.165,4547.955,4532.145,4540.495,,,,
2026-05-18T14:00:00+03:00,4540.49,4567.17,4529.96,4550.925,,,4529.96,
2026-05-18T15:00:00+03:00,4550.965,4575.065,4545.36,4571.425,,,,
2026-05-18T16:00:00+03:00,4571.43,4584.375,4561.975,4575.75,,4584.375,,
2026-05-18T17:00:00+03:00,4575.63,4575.63,4537.81,4546.53,,,,
2026-05-18T18:00:00+03:00,4546.555,4548.02,4531.85,4543.71,,,,
2026-05-18T19:00:00+03:00,4543.715,4554.69,4533.915,4550.21,,,,
2026-05-18T20:00:00+03:00,4550.04,4558.29,4545.645,4546.935,,,,
2026-05-18T21:00:00+03:00,4546.95,4547.775,4534.375,4535.855,,,,
2026-05-18T22:00:00+03:00,4535.86,4565.07,4535.335,4558.55,,,,
2026-05-18T23:00:00+03:00,4558.625,4566.87,4558.08,4566.16,,,,
2026-05-19T01:00:00+03:00,4570.36,4578.58,4569.81,4574.115,,,,
2026-05-19T02:00:00+03:00,4573.995,4589.09,4573.86,4581.995,,,,
2026-05-19T03:00:00+03:00,4582.16,4589.58,4561.465,4563.21,4589.58,,,
2026-05-19T04:00:00+03:00,4563.26,4572.48,4554.27,4564.065,,,,
2026-05-19T05:00:00+03:00,4564.005,4564.005,4546.055,4547.29,,,,
2026-05-19T06:00:00+03:00,4547.22,4555.16,4543.77,4545.19,,,,
2026-05-19T07:00:00+03:00,4545.18,4545.895,4538.075,4542.605,,,,
2026-05-19T08:00:00+03:00,4542.71,4546.675,4531.085,4540.915,,,,
2026-05-19T09:00:00+03:00,4540.93,4553.97,4533.68,4548.33,,,,
2026-05-19T10:00:00+03:00,4548.315,4559.535,4541.575,4557.28,,,,
2026-05-19T11:00:00+03:00,4557.25,4559.25,4536.405,4543.05,,,,
2026-05-19T12:00:00+03:00,4543.035,4546.935,4536.205,4542.035,,,,
2026-05-19T13:00:00+03:00,4542.01,4544.925,4525.68,4544.925,,,,
2026-05-19T14:00:00+03:00,4544.855,4548.01,4529.915,4530.89,,,,
2026-05-19T15:00:00+03:00,4530.905,4547.28,4527.6,4537.305,,,,
2026-05-19T16:00:00+03:00,4537.385,4537.7,4464.78,4504.175,,,,4464.78
2026-05-19T17:00:00+03:00,4504.055,4514.23,4484.495,4494.165,,,,
2026-05-19T18:00:00+03:00,4494.095,4509.48,4489.845,4508.63,,,,
2026-05-19T19:00:00+03:00,4508.64,4512.7,4496.385,4507.9,,,,
2026-05-19T20:00:00+03:00,4507.725,4511.125,4499.31,4500.9,,,,
2026-05-19T21:00:00+03:00,4500.915,4503.84,4490.33,4493.65,,,,
2026-05-19T22:00:00+03:00,4493.63,4497.84,4481.285,4483.5,,,,
2026-05-19T23:00:00+03:00,4483.44,4488.355,4481.07,4482.115,,,,
2026-05-20T01:00:00+03:00,4484.735,4485.975,4477.45,4484.73,,,,
2026-05-20T02:00:00+03:00,4484.61,4496.595,4479.995,4489.485,,,,
2026-05-20T03:00:00+03:00,4489.51,4508.85,4479.82,4501.185,,4508.85,,
2026-05-20T04:00:00+03:00,4501.175,4506.29,4456.095,4481.485,,,,
2026-05-20T05:00:00+03:00,4481.54,4487.24,4458.68,4465.395,,,,
2026-05-20T06:00:00+03:00,4465.305,4467.265,4453.39,4463.96,,,,4453.39
2026-05-20T07:00:00+03:00,4463.955,4470.75,4456.8,4462.14,,,,
2026-05-20T08:00:00+03:00,4462.07,4479.125,4461.79,4472.855,,,,
2026-05-20T09:00:00+03:00,4472.83,4478.555,4461.69,4474.47,,,,
2026-05-20T10:00:00+03:00,4474.355,4486.095,4472.08,4478.545,,,,
2026-05-20T11:00:00+03:00,4478.585,4490.305,4476.81,4484.065,,,,
2026-05-20T12:00:00+03:00,4484.035,4491.18,4472.805,4484.925,,,,
2026-05-20T13:00:00+03:00,4484.885,4497.115,4484.68,4494.85,,,,
2026-05-20T14:00:00+03:00,4494.845,4501.29,4490.905,4499.16,,,,
2026-05-20T15:00:00+03:00,4499.08,4505.435,4493.07,4496.245,,,,
2026-05-20T16:00:00+03:00,4496.24,4506.36,4482.26,4483.265,,,,
2026-05-20T17:00:00+03:00,4483.285,4537.355,4467.245,4531.295,,,4467.245,
2026-05-20T18:00:00+03:00,4531.3,4553.045,4523.175,4529.21,4553.045,,,
2026-05-20T19:00:00+03:00,4529.27,4535.555,4524.115,4534.465,,,,
2026-05-20T20:00:00+03:00,4534.475,4538.24,4529.995,4531.445,,,,
2026-05-20T21:00:00+03:00,4531.275,4545.16,4529.12,4542.515,,,,
2026-05-20T22:00:00+03:00,4542.525,4550.38,4541.81,4545.675,,,,
2026-05-20T23:00:00+03:00,4545.66,4550.445,4542.18,4543.705,,,,
2026-05-21T01:00:00+03:00,4544.62,4546.92,4535.35,4539.9,,,,
2026-05-21T02:00:00+03:00,4539.91,4547.525,4534.74,4546.74,,,,
2026-05-21T03:00:00+03:00,4546.87,4553.355,4537.365,4545.16,,,,
2026-05-21T04:00:00+03:00,4545.19,4570.895,4539.92,4561.01,4570.895,,,
2026-05-21T05:00:00+03:00,4561,4564.92,4531.615,4533.24,,,,
2026-05-21T06:00:00+03:00,4533.23,4540.28,4527.37,4528.4,,,,
2026-05-21T07:00:00+03:00,4528.385,4540.8,4527.56,4538.63,,,,
2026-05-21T08:00:00+03:00,4538.72,4540.66,4518.44,4527.975,,,,
2026-05-21T09:00:00+03:00,4527.995,4539.905,4518.905,4521.525,,,,
2026-05-21T10:00:00+03:00,4521.49,4524.375,4512.075,4519.785,,,,
2026-05-21T11:00:00+03:00,4519.85,4537.06,4518.415,4532.715,,,,
2026-05-21T12:00:00+03:00,4532.685,4543.06,4528.03,4530.855,,4543.06,,
2026-05-21T13:00:00+03:00,4530.845,4535.435,4504.895,4511.77,,,,
2026-05-21T14:00:00+03:00,4511.82,4521.3,4508.23,4514.08,,,,
2026-05-21T15:00:00+03:00,4514.1,4519.47,4502.08,4504.25,,,,
2026-05-21T16:00:00+03:00,4504.245,4521.095,4488.63,4513.455,,,4488.63,
2026-05-21T17:00:00+03:00,4513.465,4515.415,4498.17,4508.795,,,,
2026-05-21T18:00:00+03:00,4508.835,4515.43,4496.91,4512.045,,,,
2026-05-21T19:00:00+03:00,4512.15,4520.81,4512.15,4519.465,,,,
2026-05-21T20:00:00+03:00,4519.465,4559.365,4514.28,4551.435,4559.365,,,
2026-05-21T21:00:00+03:00,4551.48,4556.085,4527.51,4532.035,,,,
2026-05-21T22:00:00+03:00,4532.04,4543.935,4529.795,4543.085,,,,
2026-05-21T23:00:00+03:00,4543.07,4544.925,4539.94,4543.425,,,,
2026-05-22T01:00:00+03:00,4544.905,4544.93,4539.785,4543.465,,,,
2026-05-22T02:00:00+03:00,4543.47,4545.26,4532.43,4535.425,,,,
2026-05-22T03:00:00+03:00,4535.47,4541.24,4525.64,4526.71,,,,
2026-05-22T04:00:00+03:00,4526.695,4536.235,4521.18,4526.38,,,,
2026-05-22T05:00:00+03:00,4526.31,4529.66,4518.53,4523.335,,,,
2026-05-22T06:00:00+03:00,4523.395,4530.04,4519.37,4529.54,,,,
2026-05-22T07:00:00+03:00,4529.535,4532.98,4525.41,4527.135,,,,
2026-05-22T08:00:00+03:00,4527.09,4534.325,4507.43,4511.7,,,4507.43,
2026-05-22T09:00:00+03:00,4511.705,4528.98,4510.025,4527.02,,,,
2026-05-22T10:00:00+03:00,4527.045,4527.5,4516.2,4521.87,,,,
2026-05-22T11:00:00+03:00,4521.875,4531.32,4517.02,4521.835,,,,
2026-05-22T12:00:00+03:00,4521.83,4535.96,4514.88,4532.255,,,,
2026-05-22T13:00:00+03:00,4532.265,4536.82,4510.285,4514.705,,4536.82,,
2026-05-22T14:00:00+03:00,4514.66,4525.315,4511.67,4520.635,,,,
2026-05-22T15:00:00+03:00,4520.595,4535.96,4515.325,4528.24,,,,
2026-05-22T16:00:00+03:00,4528.225,4534.495,4510.32,4514.02,,,,
2026-05-22T17:00:00+03:00,4513.6,4513.73,4491.93,4500.615,,,,4491.93
2026-05-22T18:00:00+03:00,4500.73,4522.555,4500.245,4519.975,,,,
2026-05-22T19:00:00+03:00,4520.085,4526.915,4512.38,4515.05,,,,
2026-05-22T20:00:00+03:00,4515.1,4527.995,4513.215,4519.255,,,,
2026-05-22T21:00:00+03:00,4519.245,4520.34,4512.11,4515.27,,,,
2026-05-22T22:00:00+03:00,4515.28,4516.05,4504.34,4508.45,,,,
2026-05-22T23:00:00+03:00,4508.48,4510.69,4504.17,4509.69,,,,
2026-05-25T01:00:00+03:00,4550.54,4565.825,4548.91,4565.33,,,,
2026-05-25T02:00:00+03:00,4565.36,4580.21,4565.27,4567.08,4580.21,,,
2026-05-25T03:00:00+03:00,4567.07,4579.575,4566.33,4569.72,,,,
2026-05-25T04:00:00+03:00,4569.715,4576.585,4560.34,4563.08,,,,
2026-05-25T05:00:00+03:00,4563.09,4570.51,4558.955,4561.43,,,,
2026-05-25T06:00:00+03:00,4561.435,4564.6,4556.585,4559.78,,,,
2026-05-25T07:00:00+03:00,4559.655,4565.94,4559.39,4564.88,,,,
2026-05-25T08:00:00+03:00,4564.895,4566,4552.015,4553.43,,,,
2026-05-25T09:00:00+03:00,4553.455,4563.43,4550.55,4562.69,,,4550.55,
2026-05-25T10:00:00+03:00,4562.7,4565.18,4552.495,4564.79,,,,
2026-05-25T11:00:00+03:00,4564.78,4565.085,4553.435,4556.01,,,,
2026-05-25T12:00:00+03:00,4556.07,4569.165,4554.92,4567.62,,,,
2026-05-25T13:00:00+03:00,4567.62,4573.825,4567.62,4568.6,,,,
2026-05-25T14:00:00+03:00,4568.63,4577.115,4567.705,4569.46,,4577.115,,
2026-05-25T15:00:00+03:00,4569.455,4570.41,4553.12,4567.795,,,,
2026-05-25T16:00:00+03:00,4567.74,4571.605,4560.17,4563.125,,,,
2026-05-25T17:00:00+03:00,4563.14,4570.655,4562.46,4566.985,,,,
2026-05-25T18:00:00+03:00,4566.97,4574.875,4565.665,4571.06,,,,
2026-05-25T19:00:00+03:00,4571.07,4574.685,4568.005,4573.63,,,,
2026-05-25T20:00:00+03:00,4573.485,4578.065,4563.365,4565.11,,,,
2026-05-25T21:00:00+03:00,4565.175,4572.05,4564.325,4570.315,,,,
2026-05-26T01:00:00+03:00,4571.33,4576.635,4569.68,4574.935,,,,
2026-05-26T02:00:00+03:00,4574.95,4580.245,4555.415,4559.77,4580.245,,,
2026-05-26T03:00:00+03:00,4559.865,4560.36,4539.595,4549.9,,,,
2026-05-26T04:00:00+03:00,4549.905,4550.685,4527.865,4537.3,,,,
2026-05-26T05:00:00+03:00,4537.285,4539.75,4530.165,4532.445,,,,
2026-05-26T06:00:00+03:00,4532.45,4545.6,4532.22,4542.4,,,,
2026-05-26T07:00:00+03:00,4542.44,4543.255,4523.59,4525.65,,,,
2026-05-26T08:00:00+03:00,4525.635,4535.24,4523.005,4527.37,,,,
2026-05-26T09:00:00+03:00,4527.32,4536.28,4527.26,4531.135,,,,
2026-05-26T10:00:00+03:00,4531.225,4539.2,4521.68,4538.365,,,,
2026-05-26T11:00:00+03:00,4538.33,4539.145,4520.11,4523.88,,,,
2026-05-26T12:00:00+03:00,4523.89,4526.665,4512.07,4522.775,,,,
2026-05-26T13:00:00+03:00,4522.81,4540.69,4519.52,4534.46,,4540.69,,
2026-05-26T14:00:00+03:00,4534.46,4536.405,4503.615,4507.46,,,,
2026-05-26T15:00:00+03:00,4507.465,4523.875,4500.785,4520.59,,,,
2026-05-26T16:00:00+03:00,4520.565,4531.475,4512.3,4514.15,,,,
2026-05-26T17:00:00+03:00,4514.37,4525.11,4507.91,4515.425,,,,
2026-05-26T18:00:00+03:00,4515.495,4515.755,4502.41,4506.64,,,,
2026-05-26T19:00:00+03:00,4506.725,4511.34,4499.845,4505.155,,,,
2026-05-26T20:00:00+03:00,4505.155,4507.765,4490.025,4491.19,,,,
2026-05-26T21:00:00+03:00,4491.135,4499.66,4482.62,4499.425,,,,4482.62
2026-05-26T22:00:00+03:00,4499.43,4510.055,4497.805,4509.05,,,,
2026-05-26T23:00:00+03:00,4509.04,4511.22,4504.2,4507.57,,,,
2026-05-27T01:00:00+03:00,4506.725,4512.66,4498.125,4511.13,,,,
2026-05-27T02:00:00+03:00,4511.155,4528.05,4504.485,4519.68,,4528.05,,
2026-05-27T03:00:00+03:00,4519.54,4526.035,4514.315,4515.06,,,,
2026-05-27T04:00:00+03:00,4515.055,4521.19,4507.005,4508.165,,,,
2026-05-27T05:00:00+03:00,4508.16,4509.745,4498.075,4505.96,,,,
2026-05-27T06:00:00+03:00,4505.94,4512.095,4496.91,4497.325,,,,
2026-05-27T07:00:00+03:00,4497.32,4517.375,4496.065,4510.28,,,,
2026-05-27T08:00:00+03:00,4510.31,4513.94,4491.89,4497.685,,,,
2026-05-27T09:00:00+03:00,4497.68,4499.31,4479.87,4485.17,,,,
2026-05-27T10:00:00+03:00,4485.18,4489.43,4475.985,4482.265,,,,
2026-05-27T11:00:00+03:00,4482.27,4498.845,4481.385,4497.93,,,,
2026-05-27T12:00:00+03:00,4497.92,4497.92,4487.14,4490.165,,,,
2026-05-27T13:00:00+03:00,4490.16,4490.705,4442.765,4445.99,,,,
2026-05-27T14:00:00+03:00,4446.075,4453.41,4425.145,4428.795,,,,
2026-05-27T15:00:00+03:00,4428.79,4466.7,4427.66,4439.01,,,,
2026-05-27T16:00:00+03:00,4438.975,4439.215,4401.63,4427.425,,,,4401.63
2026-05-27T17:00:00+03:00,4427.455,4455.655,4426.08,4434.105,,,,
2026-05-27T18:00:00+03:00,4434.07,4441.64,4428.21,4436.55,,,,
2026-05-27T19:00:00+03:00,4436.555,4453.36,4434.23,4450.8,,,,
2026-05-27T20:00:00+03:00,4450.82,4454.39,4441.415,4450.495,,,,
2026-05-27T21:00:00+03:00,4450.28,4458.445,4447.795,4454.435,,,,
2026-05-27T22:00:00+03:00,4454.445,4454.855,4448.905,4451.01,,,,
2026-05-27T23:00:00+03:00,4450.925,4458.975,4450.13,4456.12,,,,
2026-05-28T01:00:00+03:00,4456.89,4462.58,4455.31,4457.55,,4462.58,,
2026-05-28T02:00:00+03:00,4457.545,4457.815,4443.905,4447.11,,,,
2026-05-28T03:00:00+03:00,4447.125,4458.245,4443.7,4457.15,,,,
2026-05-28T04:00:00+03:00,4457.56,4459,4406.875,4410.105,,,,
2026-05-28T05:00:00+03:00,4410.29,4412.91,4392.63,4394.37,,,,
2026-05-28T06:00:00+03:00,4394.27,4397.925,4368.605,4374.89,,,,
2026-05-28T07:00:00+03:00,4374.86,4382.4,4366.23,4373.1,,,,4366.23
2026-05-28T08:00:00+03:00,4373.13,4395.97,4367.215,4388.115,,,,
2026-05-28T09:00:00+03:00,4388.1,4390.67,4374.31,4383.795,,,,
2026-05-28T10:00:00+03:00,4383.815,4396.31,4382.9,4387.745,,,,
2026-05-28T11:00:00+03:00,4387.725,4395.145,4385.99,4387.055,,,,
2026-05-28T12:00:00+03:00,4387.01,4399.195,4386.545,4393.605,,,,
2026-05-28T13:00:00+03:00,4393.645,4404.33,4375.255,4383.17,,,,
2026-05-28T14:00:00+03:00,4383.12,4390.725,4381.01,4387.925,,,,
2026-05-28T15:00:00+03:00,4387.945,4433.88,4379.745,4432.24,,,,
2026-05-28T16:00:00+03:00,4432.245,4439.185,4418.255,4430.46,,,,
2026-05-28T17:00:00+03:00,4430.285,4480.53,4420.87,4469.97,,,,
2026-05-28T18:00:00+03:00,4469.945,4484.995,4468.825,4482.505,,,,
2026-05-28T19:00:00+03:00,4482.51,4511.075,4477.685,4511.015,,,,
2026-05-28T20:00:00+03:00,4511.035,4514.63,4501.305,4509.065,,,,
2026-05-28T21:00:00+03:00,4509.06,4516.63,4498.645,4501.385,4516.63,,,
2026-05-28T22:00:00+03:00,4501.365,4503.79,4497.305,4497.995,,,,
2026-05-28T23:00:00+03:00,4497.965,4500.715,4494.775,4495.825,,,,
2026-05-29T01:00:00+03:00,4497.085,4498.15,4491.135,4491.22,,,,
2026-05-29T02:00:00+03:00,4491.26,4497.24,4488.975,4495.08,,,4488.975,
2026-05-29T03:00:00+03:00,4495.195,4500.75,4492.085,4496.22,,,,
2026-05-29T04:00:00+03:00,4496.37,4520.815,4492.42,4506.52,,,,
2026-05-29T05:00:00+03:00,4506.55,4511.31,4498.6,4501.785,,,,
2026-05-29T06:00:00+03:00,4501.69,4502.145,4494.935,4501.38,,,,
2026-05-29T07:00:00+03:00,4501.365,4515.19,4501.18,4514.105,,,,
2026-05-29T08:00:00+03:00,4514.1,4515.73,4502.635,4515.165,,,,
2026-05-29T09:00:00+03:00,4515.17,4524.09,4510.03,4523.605,,,,
2026-05-29T10:00:00+03:00,4523.59,4526.2,4510.695,4524.82,,,,
2026-05-29T11:00:00+03:00,4524.8,4524.855,4509.955,4514.95,,,,
2026-05-29T12:00:00+03:00,4514.965,4539.75,4513.255,4531.315,,,,
2026-05-29T13:00:00+03:00,4531.26,4543.31,4525.58,4538.825,,,,
2026-05-29T14:00:00+03:00,4538.785,4540.665,4525.935,4538.58,,,,
2026-05-29T15:00:00+03:00,4538.6,4538.765,4512.73,4523.215,,,,
2026-05-29T16:00:00+03:00,4523.18,4540.785,4517.04,4536.725,,,,
2026-05-29T17:00:00+03:00,4536.73,4570.61,4525.38,4564.135,,,,
2026-05-29T18:00:00+03:00,4564.13,4595.33,4557.56,4571.25,4595.33,,,
2026-05-29T19:00:00+03:00,4571.3,4573.68,4560.07,4567.03,,,,
2026-05-29T20:00:00+03:00,4567.05,4568.57,4551.715,4553.51,,,,
2026-05-29T21:00:00+03:00,4553.545,4561.75,4551.015,4553.245,,,,
2026-05-29T22:00:00+03:00,4553.24,4560.29,4542.9,4545.685,,,,
2026-05-29T23:00:00+03:00,4545.515,4549.24,4540.06,4540.53,,,,
2026-06-01T01:00:00+03:00,4520.795,4540.485,4520.025,4535.37,,,,
2026-06-01T02:00:00+03:00,4535.405,4545.845,4535.23,4539.665,,,,
2026-06-01T03:00:00+03:00,4539.68,4546.27,4535.39,4540.765,,,,
2026-06-01T04:00:00+03:00,4540.83,4541.45,4523.715,4525.47,,,,
2026-06-01T05:00:00+03:00,4525.46,4534.825,4521.325,4521.595,,,,
2026-06-01T06:00:00+03:00,4521.605,4525.64,4509.965,4516.555,,,,
2026-06-01T07:00:00+03:00,4516.615,4519.74,4508.64,4514.64,,,,
2026-06-01T08:00:00+03:00,4514.66,4525.27,4512.79,4518.32,,,,
2026-06-01T09:00:00+03:00,4518.285,4518.855,4500.32,4501.61,,,,
2026-06-01T10:00:00+03:00,4501.57,4510.09,4492.59,4503.345,,,,
2026-06-01T11:00:00+03:00,4503.325,4504.69,4490.45,4498.275,,,,
2026-06-01T12:00:00+03:00,4498.27,4506.455,4489.095,4495.945,,,,
2026-06-01T13:00:00+03:00,4495.95,4511.15,4495.95,4504.125,,,,
2026-06-01T14:00:00+03:00,4504.11,4513.08,4499.94,4505.895,,,,
2026-06-01T15:00:00+03:00,4505.915,4510.55,4497.62,4502.215,,,,
2026-06-01T16:00:00+03:00,4502.265,4503.985,4448.35,4450.745,,,,
2026-06-01T17:00:00+03:00,4449.595,4464.845,4447.86,4458.81,,,,4447.86
2026-06-01T18:00:00+03:00,4458.83,4479.885,4455.595,4474.29,,,,
2026-06-01T19:00:00+03:00,4474.16,4482.27,4463.07,4480.17,,,,
2026-06-01T20:00:00+03:00,4480.23,4495.54,4471.58,4487.46,,,,
2026-06-01T21:00:00+03:00,4487.455,4490.24,4484.915,4486.73,,,,
2026-06-01T22:00:00+03:00,4486.605,4488.245,4479.16,4481.265,,,,
2026-06-01T23:00:00+03:00,4481.29,4485.89,4480.26,4484.725,,,,
2026-06-02T01:00:00+03:00,4483.385,4486.67,4479.755,4485.765,,,,
2026-06-02T02:00:00+03:00,4485.755,4488.345,4479.21,4484.475,,,,
2026-06-02T03:00:00+03:00,4484.545,4497.135,4476.91,4481.545,,,,
2026-06-02T04:00:00+03:00,4481.45,4492.49,4463.01,4474.03,,,4463.01,
2026-06-02T05:00:00+03:00,4474,4486.78,4472.265,4486.065,,,,
2026-06-02T06:00:00+03:00,4486.05,4499.445,4485.785,4499.425,,,,
2026-06-02T07:00:00+03:00,4499.43,4518.4,4497.915,4517.45,,,,
2026-06-02T08:00:00+03:00,4517.44,4528.26,4515.1,4517.195,,,,
2026-06-02T09:00:00+03:00,4517.145,4538.455,4517.07,4535.945,,,,
2026-06-02T10:00:00+03:00,4535.765,4541.63,4528.085,4535.14,,4541.63,,
2026-06-02T11:00:00+03:00,4535.16,4539.255,4526.095,4526.845,,,,
2026-06-02T12:00:00+03:00,4526.855,4535.76,4521.715,4529.95,,,,
2026-06-02T13:00:00+03:00,4529.97,4534.085,4524.7,4533.28,,,,
2026-06-02T14:00:00+03:00,4533.29,4534.845,4525.72,4527.635,,,,
2026-06-02T15:00:00+03:00,4527.66,4534.19,4513.555,4514.79,,,,
2026-06-02T16:00:00+03:00,4514.84,4524.91,4503.015,4503.08,,,,
2026-06-02T17:00:00+03:00,4503.055,4507.065,4490.435,4504.27,,,,
2026-06-02T18:00:00+03:00,4504.29,4508.64,4500.16,4502.18,,,,
2026-06-02T19:00:00+03:00,4502.245,4502.85,4486.355,4491.965,,,,
2026-06-02T20:00:00+03:00,4491.95,4493.22,4482.14,4484.615,,,,
2026-06-02T21:00:00+03:00,4484.63,4491.075,4478.785,4487.365,,,,
2026-06-02T22:00:00+03:00,4487.385,4490.375,4483.495,4488.205,,,,
2026-06-02T23:00:00+03:00,4488.185,4491.14,4486.315,4487.955,,,,
2026-06-03T01:00:00+03:00,4490.115,4493.32,4484.15,4484.94,,,,
2026-06-03T02:00:00+03:00,4485.015,4488.91,4462.29,4474.465,,,,4462.29
2026-06-03T03:00:00+03:00,4474.375,4496.885,4474.11,4486.19,,4496.885,,
2026-06-03T04:00:00+03:00,4486.01,4487.81,4463.64,4475.86,,,,
2026-06-03T05:00:00+03:00,4475.955,4485.335,4472.9,4481.895,,,,
2026-06-03T06:00:00+03:00,4481.91,4487.655,4481.86,4484.475,,,,
2026-06-03T07:00:00+03:00,4484.62,4488.44,4468.385,4469.485,,,,
2026-06-03T08:00:00+03:00,4469.455,4474.455,4456.71,4457.165,,,,
2026-06-03T09:00:00+03:00,4457.215,4471.06,4455.39,4463.2,,,,
2026-06-03T10:00:00+03:00,4463.245,4472.375,4453.025,4453.46,,,,
2026-06-03T11:00:00+03:00,4453.55,4459.495,4440.365,4444.11,,,,
2026-06-03T12:00:00+03:00,4444.065,4459.135,4439.09,4443.315,,,,
2026-06-03T13:00:00+03:00,4443.28,4467.185,4441.115,4459.045,,,,
2026-06-03T14:00:00+03:00,4459.035,4468.19,4458.645,4462.56,,,,
2026-06-03T15:00:00+03:00,4462.555,4467.255,4448.375,4460.365,,,,
2026-06-03T16:00:00+03:00,4460.34,4466.205,4426.42,4446.875,,,,4426.42
2026-06-03T17:00:00+03:00,4446.84,4459.745,4442.48,4457.24,,,,
2026-06-03T18:00:00+03:00,4457.3,4458.515,4436.755,4442.405,,,,
2026-06-03T19:00:00+03:00,4442.27,4444.05,4433.925,4442,,,,
2026-06-03T20:00:00+03:00,4442.035,4448.445,4435.73,4439.2,,,,
2026-06-03T21:00:00+03:00,4439.19,4443.075,4435.535,4442.235,,,,
2026-06-03T22:00:00+03:00,4442.23,4452.325,4441.605,4444.03,,,,
2026-06-03T23:00:00+03:00,4444.04,4445.485,4430.635,4434.715,,,,
2026-06-04T01:00:00+03:00,4431.91,4453.23,4423.965,4449.285,,,,4423.965
2026-06-04T02:00:00+03:00,4449.23,4464.87,4445.64,4457.54,,,,
2026-06-04T03:00:00+03:00,4457.615,4465.46,4444.245,4448.57,,,,
2026-06-04T04:00:00+03:00,4448.38,4473.95,4443.18,4465.91,,,,
2026-06-04T05:00:00+03:00,4465.81,4476.71,4455.63,4475.23,,,,
2026-06-04T06:00:00+03:00,4475.04,4477.37,4458.52,4463.865,,,,
2026-06-04T07:00:00+03:00,4463.86,4484.055,4462.47,4481.135,,4484.055,,
2026-06-04T08:00:00+03:00,4481.2,4482.44,4466.98,4469.34,,,,
2026-06-04T09:00:00+03:00,4469.335,4477.255,4463.075,4467.865,,,,
2026-06-04T10:00:00+03:00,4467.955,4470.89,4459.66,4461.795,,,,
2026-06-04T11:00:00+03:00,4461.665,4469.595,4458.665,4463.57,,,,
2026-06-04T12:00:00+03:00,4463.595,4475.725,4461.035,4470.595,,,,
2026-06-04T13:00:00+03:00,4470.55,4474.025,4464.35,4473.88,,,,
2026-06-04T14:00:00+03:00,4473.86,4514.76,4468.785,4511.62,,,,
2026-06-04T15:00:00+03:00,4511.555,4513.875,4491.185,4504.185,,,,
2026-06-04T16:00:00+03:00,4504.17,4515.515,4495.515,4495.865,4515.515,,,
2026-06-04T17:00:00+03:00,4495.87,4500.035,4457.36,4466.11,,,4457.36,
2026-06-04T18:00:00+03:00,4466.115,4479.115,4463.78,4477.45,,,,
2026-06-04T19:00:00+03:00,4477.435,4485.17,4475.37,4482.855,,,,
2026-06-04T20:00:00+03:00,4482.835,4482.835,4474.09,4478.16,,,,
2026-06-04T21:00:00+03:00,4478.19,4481.22,4472.775,4478.28,,,,
2026-06-04T22:00:00+03:00,4478.275,4483.555,4476.2,4480.77,,,,
2026-06-04T23:00:00+03:00,4480.78,4481.655,4474.455,4475.29,,,,
2026-06-05T01:00:00+03:00,4474.185,4481.625,4469,4469.87,,,,
2026-06-05T02:00:00+03:00,4469.805,4474.155,4460.67,4461.915,,,,
2026-06-05T03:00:00+03:00,4461.93,4467.02,4450.79,4459.55,,,,
2026-06-05T04:00:00+03:00,4459.565,4470.045,4444.265,4447.02,,,,
2026-06-05T05:00:00+03:00,4447.07,4455.14,4438.69,4440.575,,,,
2026-06-05T06:00:00+03:00,4440.56,4444.135,4435.305,4442.615,,,,
2026-06-05T07:00:00+03:00,4442.66,4446.84,4437.69,4445.065,,,,
2026-06-05T08:00:00+03:00,4445.085,4450.26,4438.795,4440.085,,,,
2026-06-05T09:00:00+03:00,4440.06,4456.175,4428.72,4452.95,,,,4428.72
2026-06-05T10:00:00+03:00,4452.945,4467.34,4451.99,4460.955,,,,
2026-06-05T11:00:00+03:00,4460.86,4468.355,4458.725,4462.795,,,,
2026-06-05T12:00:00+03:00,4462.715,4469.465,4458.895,4465.025,,,,
2026-06-05T13:00:00+03:00,4465.03,4468.21,4461.975,4466.61,,,,
2026-06-05T14:00:00+03:00,4466.595,4475.325,4458.28,4470.22,,,,
2026-06-05T15:00:00+03:00,4470.305,4475.885,4404.93,4406.605,,4475.885,,
2026-06-05T16:00:00+03:00,4406.65,4421.235,4365.475,4365.755,,,,
2026-06-05T17:00:00+03:00,4365.865,4379.45,4344.605,4369.81,,,,
2026-06-05T18:00:00+03:00,4369.86,4372.615,4334.11,4335.645,,,,
2026-06-05T19:00:00+03:00,4335.58,4345.095,4323.27,4344.68,,,,
2026-06-05T20:00:00+03:00,4344.85,4347.455,4335.715,4341.965,,,,
2026-06-05T21:00:00+03:00,4341.97,4342.355,4315.345,4322.485,,,,
2026-06-05T22:00:00+03:00,4322.55,4325.215,4314.005,4318.73,,,,
2026-06-05T23:00:00+03:00,4318.745,4330.79,4311.93,4327.885,,,,
2026-06-08T01:00:00+03:00,4321.55,4330.885,4310.115,4317.53,,,,
2026-06-08T02:00:00+03:00,4317.64,4347.095,4317.585,4344.16,,,,
2026-06-08T03:00:00+03:00,4344.175,4353.45,4340.06,4342.45,,4353.45,,
2026-06-08T04:00:00+03:00,4342.55,4346.18,4300.025,4325.83,,,,
2026-06-08T05:00:00+03:00,4325.82,4330.855,4307.14,4310.82,,,,
2026-06-08T06:00:00+03:00,4310.785,4317.295,4303.66,4317.145,,,,
2026-06-08T07:00:00+03:00,4317.235,4322.005,4307.72,4312.98,,,,
2026-06-08T08:00:00+03:00,4312.975,4316.21,4268.48,4292.19,,,,4268.48
2026-06-08T09:00:00+03:00,4292.145,4311.525,4292.14,4300.16,,,,
2026-06-08T10:00:00+03:00,4300.16,4316.96,4294.52,4294.59,,,,
2026-06-08T11:00:00+03:00,4294.44,4297.325,4285.415,4288.82,,,,
2026-06-08T12:00:00+03:00,4288.84,4302.01,4273.165,4294.455,,,,
2026-06-08T13:00:00+03:00,4294.495,4305.94,4286.105,4302.19,,,,
2026-06-08T14:00:00+03:00,4302.165,4333.455,4297.285,4331.425,,,,
2026-06-08T15:00:00+03:00,4331.435,4339.505,4320.28,4333.34,,,,
2026-06-08T16:00:00+03:00,4333.345,4346.88,4321.3,4327.185,,4346.88,,
2026-06-08T17:00:00+03:00,4327,4331.705,4314.945,4331.01,,,,
2026-06-08T18:00:00+03:00,4331.07,4345.775,4322.67,4341.84,,,,
2026-06-08T19:00:00+03:00,4341.82,4346.4,4337.89,4340.775,,,,
2026-06-08T20:00:00+03:00,4340.81,4342.525,4332.025,4339.2,,,,
2026-06-08T21:00:00+03:00,4339.225,4346.005,4333.025,4334.79,,,,
2026-06-08T22:00:00+03:00,4334.81,4338.295,4323.365,4326.63,,,,
2026-06-08T23:00:00+03:00,4326.615,4330.4,4324.59,4330.065,,,,
2026-06-09T01:00:00+03:00,4326.5,4328.93,4322.88,4327.91,,,,
2026-06-09T02:00:00+03:00,4327.94,4328.915,4312.96,4317.88,,,4312.96,
2026-06-09T03:00:00+03:00,4317.71,4323.775,4315.125,4320.045,,,,
2026-06-09T04:00:00+03:00,4320.025,4338.945,4318.66,4336.465,,,,
2026-06-09T05:00:00+03:00,4336.515,4341.005,4328.315,4336.275,,,,
2026-06-09T06:00:00+03:00,4336.27,4342.275,4331.275,4336.565,,,,
2026-06-09T07:00:00+03:00,4336.57,4339.36,4324.33,4332.585,,,,
2026-06-09T08:00:00+03:00,4332.625,4351.56,4330.83,4343.67,4351.56,,,
2026-06-09T09:00:00+03:00,4343.655,4348.995,4330.225,4330.725,,,,
2026-06-09T10:00:00+03:00,4330.69,4334.895,4322.365,4326.83,,,,
2026-06-09T11:00:00+03:00,4326.84,4337.02,4321.32,4326.695,,,4321.32,
2026-06-09T12:00:00+03:00,4326.69,4336.32,4324.19,4332.225,,,,
2026-06-09T13:00:00+03:00,4332.24,4340.965,4325.2,4339.275,,,,
2026-06-09T14:00:00+03:00,4339.31,4343.86,4335.74,4340.02,,,,
2026-06-09T15:00:00+03:00,4340.015,4344.39,4334.97,4341.555,,,,
2026-06-09T16:00:00+03:00,4341.57,4363.72,4325.285,4329.075,4363.72,,,
2026-06-09T17:00:00+03:00,4329.055,4336.22,4278.58,4300.535,,,,
2026-06-09T18:00:00+03:00,4300.645,4302.235,4263.29,4272.46,,,,
2026-06-09T19:00:00+03:00,4272.385,4281.295,4236.7,4252.165,,,,
2026-06-09T20:00:00+03:00,4252.19,4268.235,4251.395,4263.13,,,,
2026-06-09T21:00:00+03:00,4263.12,4274.345,4259.585,4270.105,,,,
2026-06-09T22:00:00+03:00,4270.155,4271.675,4249.96,4258.815,,,,
2026-06-09T23:00:00+03:00,4258.85,4262.195,4255.69,4259.965,,,,
2026-06-10T01:00:00+03:00,4256.145,4257.605,4232.475,4237.52,,,,
2026-06-10T02:00:00+03:00,4237.495,4247.43,4210.505,4222.155,,,,
2026-06-10T03:00:00+03:00,4222.165,4228.5,4199.025,4218.42,,,,
2026-06-10T04:00:00+03:00,4218.435,4219.2,4183.89,4188.7,,,,
2026-06-10T05:00:00+03:00,4188.715,4192.455,4173.265,4173.98,,,,
2026-06-10T06:00:00+03:00,4173.89,4186.555,4173.115,4184.92,,,,
2026-06-10T07:00:00+03:00,4184.92,4187.215,4172.565,4174.855,,,,
2026-06-10T08:00:00+03:00,4174.895,4209.155,4173.57,4205.25,,,,
2026-06-10T09:00:00+03:00,4205.21,4222.005,4201.835,4204.005,,4222.005,,
2026-06-10T10:00:00+03:00,4203.995,4208.14,4181.59,4186.085,,,,
2026-06-10T11:00:00+03:00,4186.065,4187.385,4161.47,4169.135,,,,
2026-06-10T12:00:00+03:00,4169.11,4179.65,4163.195,4168.75,,,,
2026-06-10T13:00:00+03:00,4168.755,4178.785,4155.715,4174.81,,,,
2026-06-10T14:00:00+03:00,4174.835,4176.325,4145.865,4147.79,,,,
2026-06-10T15:00:00+03:00,4147.785,4173.98,4130.62,4147.235,,,,
2026-06-10T16:00:00+03:00,4147.29,4186.42,4133.065,4179.605,,,,
2026-06-10T17:00:00+03:00,4179.695,4181.215,4117.78,4125,,,,
2026-06-10T18:00:00+03:00,4124.985,4137.06,4107.03,4128.92,,,,
2026-06-10T19:00:00+03:00,4128.98,4135.385,4116.16,4122.13,,,,
2026-06-10T20:00:00+03:00,4122.085,4135.08,4100.985,4111.72,,,,
2026-06-10T21:00:00+03:00,4111.78,4120.51,4097.095,4101.67,,,,
2026-06-10T22:00:00+03:00,4101.69,4102.25,4081.73,4082.775,,,,
2026-06-10T23:00:00+03:00,4082.75,4083.185,4067.24,4072.015,,,,
2026-06-11T01:00:00+03:00,4061.7,4069.38,4036.06,4046.485,,,,
2026-06-11T02:00:00+03:00,4046.53,4064.965,4023.87,4047.445,,,,4023.87
2026-06-11T03:00:00+03:00,4047.475,4078.15,4036.03,4075.92,,,,
2026-06-11T04:00:00+03:00,4075.725,4118.395,4066.315,4101.91,,4118.395,,
2026-06-11T05:00:00+03:00,4102.065,4102.815,4052.295,4068.03,,,,
2026-06-11T06:00:00+03:00,4068.055,4078.705,4057.04,4072.675,,,,
2026-06-11T07:00:00+03:00,4072.665,4086.155,4070.26,4082.93,,,,
2026-06-11T08:00:00+03:00,4082.935,4106.325,4072.885,4094.355,,,,
2026-06-11T09:00:00+03:00,4094.28,4097.58,4076.52,4094.485,,,,
2026-06-11T10:00:00+03:00,4094.49,4110.64,4091.845,4104.925,,,,
2026-06-11T11:00:00+03:00,4104.845,4112.725,4084.7,4084.715,,4112.725,,
2026-06-11T12:00:00+03:00,4084.71,4096.54,4077.645,4091.745,,,,
2026-06-11T13:00:00+03:00,4091.695,4094.74,4086.71,4090.07,,,,
2026-06-11T14:00:00+03:00,4090.065,4096.07,4079.975,4080.395,,,,
2026-06-11T15:00:00+03:00,4080.5,4087.31,4057.55,4081.97,,,,
2026-06-11T16:00:00+03:00,4081.98,4092.92,4067.285,4083.235,,,,
2026-06-11T17:00:00+03:00,4083.275,4085.57,4052.975,4073.41,,,4052.975,
2026-06-11T18:00:00+03:00,4073.405,4095.655,4070.38,4088.905,,,,
2026-06-11T19:00:00+03:00,4088.905,4107.755,4078.03,4080.375,,,,
2026-06-11T20:00:00+03:00,4080.38,4170.095,4072.02,4151.895,,,,
2026-06-11T21:00:00+03:00,4151.925,4171.76,4131.455,4161.87,,,,
2026-06-11T22:00:00+03:00,4161.94,4220.22,4161.94,4208.91,,,,
2026-06-11T23:00:00+03:00,4208.97,4218.69,4208.17,4211.195,,,,
2026-06-12T01:00:00+03:00,4208.535,4246.715,4205.51,4243.515,4246.715,,,
2026-06-12T02:00:00+03:00,4243.505,4246.09,4214.28,4219.915,,,,
2026-06-12T03:00:00+03:00,4219.815,4230.53,4200.875,4208.435,,,,
2026-06-12T04:00:00+03:00,4208.405,4210.98,4171.405,4186.71,,,,
2026-06-12T05:00:00+03:00,4186.645,4200.03,4182.91,4191.475,,,,
2026-06-12T06:00:00+03:00,4191.375,4204.995,4189.425,4197.17,,,,
2026-06-12T07:00:00+03:00,4197.195,4201.27,4189.685,4189.92,,,,
2026-06-12T08:00:00+03:00,4189.885,4193.03,4171.005,4173.47,,,,
2026-06-12T09:00:00+03:00,4173.51,4185.77,4172.385,4184.12,,,,
2026-06-12T10:00:00+03:00,4184.05,4194.53,4170.29,4194.53,,,4170.29,
2026-06-12T11:00:00+03:00,4194.495,4226.13,4192.165,4219.545,,,,
2026-06-12T12:00:00+03:00,4219.55,4228.07,4217.45,4221.995,,4228.07,,
2026-06-12T13:00:00+03:00,4222.01,4225.71,4202.945,4211.055,,,,
2026-06-12T14:00:00+03:00,4211.005,4215.43,4197.735,4206.915,,,,
2026-06-12T15:00:00+03:00,4206.93,4215.43,4188.59,4191.76,,,,
2026-06-12T16:00:00+03:00,4191.795,4210.325,4182.88,4186.575,,,,
2026-06-12T17:00:00+03:00,4186.545,4208.62,4177.25,4204.07,,,4177.25,
2026-06-12T18:00:00+03:00,4204.065,4235.69,4200.38,4212.12,4235.69,,,
2026-06-12T19:00:00+03:00,4212.155,4233.085,4208.2,4216.155,,,,
2026-06-12T20:00:00+03:00,4216.19,4226.525,4214.03,4221.515,,,,
2026-06-12T21:00:00+03:00,4221.535,4235.485,4214.215,4215.625,,,,
2026-06-12T22:00:00+03:00,4215.575,4219.565,4201.82,4210.8,,,,
2026-06-12T23:00:00+03:00,4210.78,4219.52,4209.505,4218.56,,,,
2026-06-15T01:00:00+03:00,4301.665,4309.19,4280.395,4285.675,,,,
2026-06-15T02:00:00+03:00,4285.705,4295.225,4281.24,4294.04,,,,
2026-06-15T03:00:00+03:00,4294.045,4308.42,4291.635,4292.545,,,,
2026-06-15T04:00:00+03:00,4292.635,4319.715,4285.32,4316.94,,,,
2026-06-15T05:00:00+03:00,4316.905,4335.57,4316.28,4329.65,4335.57,,,
2026-06-15T06:00:00+03:00,4329.64,4331.395,4321.26,4325.1,,,,
2026-06-15T07:00:00+03:00,4325.195,4330.44,4320.76,4328.345,,,,
2026-06-15T08:00:00+03:00,4328.33,4333.05,4307.57,4310.135,,,,
2026-06-15T09:00:00+03:00,4310.15,4313.48,4301.005,4308.125,,,,
2026-06-15T10:00:00+03:00,4308.185,4325.375,4305.41,4323.24,,,,
2026-06-15T11:00:00+03:00,4323.22,4345.555,4321.875,4334.14,,,,
2026-06-15T12:00:00+03:00,4334.145,4343.285,4334.145,4336.78,,,,
2026-06-15T13:00:00+03:00,4336.885,4341.585,4335.4,4338.31,,,,
2026-06-15T14:00:00+03:00,4338.31,4347.575,4331.99,4335.505,,,,
2026-06-15T15:00:00+03:00,4335.525,4349.41,4324.8,4349.15,,,,
2026-06-15T16:00:00+03:00,4349.135,4369.085,4341.32,4355.215,,,,
2026-06-15T17:00:00+03:00,4355.2,4369.665,4353.91,4356.89,4369.665,,,
2026-06-15T18:00:00+03:00,4356.88,4360.855,4349.655,4356.345,,,,
2026-06-15T19:00:00+03:00,4356.395,4358.825,4334.65,4339.19,,,,
2026-06-15T20:00:00+03:00,4339.26,4339.26,4320.545,4324.955,,,,
2026-06-15T21:00:00+03:00,4324.965,4328.015,4318.06,4325.75,,,,
2026-06-15T22:00:00+03:00,4325.68,4326.825,4316.73,4320.71,,,,
2026-06-15T23:00:00+03:00,4320.725,4322.095,4306.545,4308.85,,,,
2026-06-16T01:00:00+03:00,4312.985,4315.44,4306.11,4312.215,,,4306.11,
2026-06-16T02:00:00+03:00,4312.22,4319.33,4311.485,4315.705,,,,
2026-06-16T03:00:00+03:00,4315.665,4320.955,4306.985,4319.295,,,,
2026-06-16T04:00:00+03:00,4319.305,4326.02,4312.27,4313.6,,,,
2026-06-16T05:00:00+03:00,4313.615,4321.08,4307.7,4318.855,,,,
2026-06-16T06:00:00+03:00,4318.805,4333.375,4315.515,4330.475,,,,
2026-06-16T07:00:00+03:00,4330.45,4332.245,4321.315,4322.63,,,,
2026-06-16T08:00:00+03:00,4322.65,4331,4314.24,4315.84,,,,
2026-06-16T09:00:00+03:00,4315.825,4324.525,4313.53,4323.835,,,,
2026-06-16T10:00:00+03:00,4323.99,4335.585,4322.665,4335.105,,,,
2026-06-16T11:00:00+03:00,4335.1,4348.105,4332.715,4347.02,,,,
2026-06-16T12:00:00+03:00,4347.03,4348.505,4338.41,4345.205,,,,
2026-06-16T13:00:00+03:00,4345.2,4349.14,4342.34,4349.14,,,,
2026-06-16T14:00:00+03:00,4349.045,4349.655,4335.165,4341.005,,,,
2026-06-16T15:00:00+03:00,4341.025,4354.95,4337.5,4354.66,,4354.95,,
2026-06-16T16:00:00+03:00,4354.57,4354.835,4331.67,4331.855,,,,
2026-06-16T17:00:00+03:00,4331.82,4338.89,4313.32,4324.19,,,4313.32,
2026-06-16T18:00:00+03:00,4324.11,4343.445,4321.025,4335.35,,,,
2026-06-16T19:00:00+03:00,4335.305,4347.145,4334.975,4340.6,,,,
2026-06-16T20:00:00+03:00,4340.57,4341.2,4325.37,4340.215,,,,
2026-06-16T21:00:00+03:00,4340.235,4342.94,4336.235,4338.58,,,,
2026-06-16T22:00:00+03:00,4338.66,4342.92,4330.69,4334.105,,,,
2026-06-16T23:00:00+03:00,4334.06,4335.015,4329.69,4331.28,,,,
2026-06-17T01:00:00+03:00,4331.69,4336.255,4328.975,4335.45,,,,
2026-06-17T02:00:00+03:00,4335.445,4338.57,4329.58,4331.025,,,,
2026-06-17T03:00:00+03:00,4331.03,4341.785,4328.615,4337.06,,,,
2026-06-17T04:00:00+03:00,4336.995,4349.605,4334.265,4340.955,,4349.605,,
2026-06-17T05:00:00+03:00,4340.965,4344.545,4329.74,4331.73,,,,
2026-06-17T06:00:00+03:00,4331.72,4334.29,4328.79,4332.305,,,,
2026-06-17T07:00:00+03:00,4332.31,4334.18,4317.665,4326.845,,,,
2026-06-17T08:00:00+03:00,4326.87,4334.285,4321.125,4326.685,,,,
2026-06-17T09:00:00+03:00,4326.81,4331.92,4320.575,4331.82,,,,
2026-06-17T10:00:00+03:00,4331.785,4332.825,4324.73,4325.275,,,,
2026-06-17T11:00:00+03:00,4325.325,4328.08,4317.19,4324.72,,,4317.19,
2026-06-17T12:00:00+03:00,4324.67,4335.81,4321.29,4329.64,,,,
2026-06-17T13:00:00+03:00,4329.64,4335.225,4326.735,4331.49,,,,
2026-06-17T14:00:00+03:00,4331.58,4332.165,4321.04,4323.285,,,,
2026-06-17T15:00:00+03:00,4323.315,4335.79,4319.94,4333.68,,,,
2026-06-17T16:00:00+03:00,4333.675,4345.27,4324.09,4339.705,,,,
2026-06-17T17:00:00+03:00,4339.695,4364.09,4330.95,4344.7,,,,
2026-06-17T18:00:00+03:00,4344.67,4364.935,4343.82,4363.575,,,,
2026-06-17T19:00:00+03:00,4363.545,4366.555,4355.14,4359.515,,,,
2026-06-17T20:00:00+03:00,4359.505,4382.615,4355.335,4379.55,4382.615,,,
2026-06-17T21:00:00+03:00,4379.505,4379.505,4270.2,4286.52,,,,
2026-06-17T22:00:00+03:00,4286.535,4295.7,4219.165,4236.055,,,,4219.165
2026-06-17T23:00:00+03:00,4235.99,4269.855,4235.205,4257.65,,,,
2026-06-18T01:00:00+03:00,4257.675,4271.645,4257.675,4267.02,,,,
2026-06-18T02:00:00+03:00,4267,4283.89,4264.245,4278.08,,,,
2026-06-18T03:00:00+03:00,4278.09,4315.39,4276.625,4308.39,,,,
2026-06-18T04:00:00+03:00,4308.355,4328.545,4306.83,4318.045,,,,
2026-06-18T05:00:00+03:00,4318.05,4329.865,4310.365,4310.96,,4329.865,,
2026-06-18T06:00:00+03:00,4310.94,4322.73,4309.225,4319.635,,,,
2026-06-18T07:00:00+03:00,4319.745,4324.055,4309.82,4315.68,,,,
2026-06-18T08:00:00+03:00,4315.685,4324.91,4301.355,4308.105,,,,
2026-06-18T09:00:00+03:00,4308.14,4310.035,4296.23,4306.66,,,,
2026-06-18T10:00:00+03:00,4306.675,4309.375,4287.445,4288.645,,,,
2026-06-18T11:00:00+03:00,4288.665,4293.015,4265.6,4266.965,,,,
2026-06-18T12:00:00+03:00,4267.03,4273.365,4259.875,4268.64,,,,
2026-06-18T13:00:00+03:00,4268.61,4272.985,4254.85,4255.66,,,,
2026-06-18T14:00:00+03:00,4255.69,4255.995,4240.07,4242.04,,,,
2026-06-18T15:00:00+03:00,4242.035,4269.225,4240.55,4246.79,,,,
2026-06-18T16:00:00+03:00,4246.775,4276.745,4245.09,4256.755,,,,
2026-06-18T17:00:00+03:00,4256.795,4257.98,4237.265,4252.345,,,,
2026-06-18T18:00:00+03:00,4252.365,4254.845,4223.2,4226.69,,,,
2026-06-18T19:00:00+03:00,4226.75,4233.465,4214.165,4219.65,,,,
2026-06-18T20:00:00+03:00,4219.675,4233.225,4218.805,4230.29,,,,
2026-06-18T21:00:00+03:00,4230.305,4233.235,4218.34,4218.605,,,,
2026-06-18T22:00:00+03:00,4218.715,4219.29,4201.495,4217.205,,,,
2026-06-18T23:00:00+03:00,4217.21,4219.685,4207.685,4208.995,,,,
2026-06-19T01:00:00+03:00,4204.63,4210.695,4202.685,4207.54,,,,
2026-06-19T02:00:00+03:00,4207.585,4208.55,4186.94,4188.445,,,,
2026-06-19T03:00:00+03:00,4188.44,4198.245,4184.075,4190.62,,,,
2026-06-19T04:00:00+03:00,4190.625,4194.665,4184.125,4184.995,,,,
2026-06-19T05:00:00+03:00,4184.955,4186.335,4171.955,4176.425,,,,
2026-06-19T06:00:00+03:00,4176.395,4177.355,4146.05,4153.68,,,,
2026-06-19T07:00:00+03:00,4153.685,4155.33,4125.225,4125.685,,,,
2026-06-19T08:00:00+03:00,4125.63,4141.84,4121.955,4139.77,,,,4121.955
2026-06-19T09:00:00+03:00,4139.765,4150.87,4133.065,4147.775,,,,
2026-06-19T10:00:00+03:00,4147.665,4163.355,4147.665,4158.215,,,,
2026-06-19T11:00:00+03:00,4158.22,4178.525,4155.435,4169.325,,,,
2026-06-19T12:00:00+03:00,4169.31,4171.08,4161.18,4163.025,,,,
2026-06-19T13:00:00+03:00,4163.03,4163.285,4148.2,4149.835,,,,
2026-06-19T14:00:00+03:00,4149.72,4155.105,4142.035,4152.71,,,,
2026-06-19T15:00:00+03:00,4152.805,4180.12,4147.445,4179.07,,,,
2026-06-19T16:00:00+03:00,4179.06,4183.125,4150.565,4151.54,,4183.125,,
2026-06-19T17:00:00+03:00,4151.525,4154.765,4142.545,4149.485,,,,
2026-06-19T18:00:00+03:00,4149.475,4154.155,4147.835,4151.25,,,,
2026-06-19T19:00:00+03:00,4151.24,4157.985,4144.32,4155.405,,,,
2026-06-22T01:00:00+03:00,4157.1,4160.11,4147.905,4156.44,,,,
2026-06-22T02:00:00+03:00,4156.43,4164.945,4136.695,4140.385,,,4136.695,
2026-06-22T03:00:00+03:00,4140.405,4201.24,4140.095,4201.185,,,,
2026-06-22T04:00:00+03:00,4201.27,4221.37,4189.735,4191.225,4221.37,,,
2026-06-22T05:00:00+03:00,4191.24,4200.29,4183.54,4188.575,,,,
2026-06-22T06:00:00+03:00,4188.59,4190.065,4170.805,4171.635,,,,
2026-06-22T07:00:00+03:00,4171.57,4182.345,4170.695,4181.945,,,,
2026-06-22T08:00:00+03:00,4181.82,4198.66,4179.51,4193.96,,,,
2026-06-22T09:00:00+03:00,4193.925,4207.355,4191.31,4197.59,,,,
2026-06-22T10:00:00+03:00,4197.62,4201.945,4188.87,4190.49,,,,
2026-06-22T11:00:00+03:00,4190.5,4197.945,4188.645,4197.455,,,,
2026-06-22T12:00:00+03:00,4197.425,4210.215,4195.985,4208.23,,,,
2026-06-22T13:00:00+03:00,4208.21,4214.42,4203.715,4204.795,,,,
2026-06-22T14:00:00+03:00,4204.8,4215.255,4201.61,4207.555,,4215.255,,
2026-06-22T15:00:00+03:00,4207.57,4212,4192.24,4193.295,,,,
2026-06-22T16:00:00+03:00,4193.29,4205.8,4183,4199.875,,,,
2026-06-22T17:00:00+03:00,4199.925,4210.78,4186.48,4198.385,,,,
2026-06-22T18:00:00+03:00,4198.39,4201.455,4169.82,4182.805,,,4169.82,
2026-06-22T19:00:00+03:00,4182.85,4193.23,4174.405,4190.13,,,,
2026-06-22T20:00:00+03:00,4190.235,4191.725,4177.165,4183.235,,,,
2026-06-22T21:00:00+03:00,4183.31,4192.915,4182.67,4191.34,,,,
2026-06-22T22:00:00+03:00,4191.36,4193.47,4184.23,4190.755,,,,
2026-06-22T23:00:00+03:00,4190.8,4193.835,4188.72,4191.69,,,,
2026-06-23T01:00:00+03:00,4192.855,4194.86,4188.445,4189.975,,,,
2026-06-23T02:00:00+03:00,4189.965,4195.255,4186.875,4187.615,,,,
2026-06-23T03:00:00+03:00,4187.585,4194.74,4178.485,4193.49,,,,
2026-06-23T04:00:00+03:00,4193.345,4198.605,4150.025,4161.305,,4198.605,,
2026-06-23T05:00:00+03:00,4161.32,4163.4,4146.545,4146.99,,,,
2026-06-23T06:00:00+03:00,4146.95,4149.95,4130.965,4144.195,,,,
2026-06-23T07:00:00+03:00,4144.35,4147.065,4114.825,4118.325,,,,
2026-06-23T08:00:00+03:00,4118.36,4137.595,4115.58,4121.245,,,,
2026-06-23T09:00:00+03:00,4121.195,4127.17,4110.335,4114.49,,,,
2026-06-23T10:00:00+03:00,4114.455,4124.92,4096.61,4098.98,,,,
2026-06-23T11:00:00+03:00,4098.99,4111.05,4091.03,4105.34,,,,4091.03
2026-06-23T12:00:00+03:00,4105.32,4122.375,4103.945,4122.375,,,,
2026-06-23T13:00:00+03:00,4122.42,4133.48,4119.565,4119.68,,,,
2026-06-23T14:00:00+03:00,4119.67,4132.11,4117.44,4123.405,,,,
2026-06-23T15:00:00+03:00,4123.445,4127.48,4111.72,4113.305,,,,
2026-06-23T16:00:00+03:00,4113.295,4140.39,4105.43,4135.39,,,,
2026-06-23T17:00:00+03:00,4135.35,4145.215,4122.775,4130.08,,4145.215,,
2026-06-23T18:00:00+03:00,4130.075,4141.82,4123.485,4138.71,,,,
2026-06-23T19:00:00+03:00,4138.755,4143.94,4131.645,4134.385,,,,
2026-06-23T20:00:00+03:00,4134.355,4139.955,4127.79,4128.1,,,,
2026-06-23T21:00:00+03:00,4128.12,4131.16,4112.88,4117.88,,,,
2026-06-23T22:00:00+03:00,4117.895,4126.215,4111.675,4111.795,,,,
2026-06-23T23:00:00+03:00,4111.845,4113.035,4107.53,4110.745,,,,
2026-06-24T01:00:00+03:00,4111.71,4115.235,4097.01,4104.275,,,,
2026-06-24T02:00:00+03:00,4104.26,4104.355,4080.895,4099.25,,,,
2026-06-24T03:00:00+03:00,4099.27,4112.135,4093.82,4097.5,,,,
2026-06-24T04:00:00+03:00,4097.55,4102.51,4068.52,4089.075,,,,
2026-06-24T05:00:00+03:00,4088.96,4096.335,4052.07,4061.275,,,,
2026-06-24T06:00:00+03:00,4061.22,4070.705,4050.47,4062.835,,,,4050.47
2026-06-24T07:00:00+03:00,4062.87,4067.34,4055.035,4064.635,,,,
2026-06-24T08:00:00+03:00,4064.475,4086.24,4060.86,4075.85,,,,
2026-06-24T09:00:00+03:00,4075.74,4097.73,4075.63,4087.135,,,,
2026-06-24T10:00:00+03:00,4087.075,4090.845,4073.795,4074.925,,,,
2026-06-24T11:00:00+03:00,4074.94,4087.76,4073.185,4076.385,,,,
2026-06-24T12:00:00+03:00,4076.39,4079.36,4064.26,4064.655,,,,
2026-06-24T13:00:00+03:00,4064.82,4066.96,4054.6,4055.805,,,,
2026-06-24T14:00:00+03:00,4055.855,4058.615,4037.585,4046.78,,,,
2026-06-24T15:00:00+03:00,4046.765,4048.86,3987.655,3987.93,,,,
2026-06-24T16:00:00+03:00,3988.115,4042.26,3964.645,4038.365,,,,
2026-06-24T17:00:00+03:00,4038.33,4041.025,4003.075,4008.05,,,,
2026-06-24T18:00:00+03:00,4008.17,4016.97,3997.37,4002.635,,,,
2026-06-24T19:00:00+03:00,4002.605,4022.435,3995.615,4006.845,,,,
2026-06-24T20:00:00+03:00,4006.865,4011.49,3972.78,3972.9,,,,
2026-06-24T21:00:00+03:00,3973.035,3994.34,3959.08,3981.535,,,,3959.08
2026-06-24T22:00:00+03:00,3981.74,3990.875,3973.67,3988.055,,,,
2026-06-24T23:00:00+03:00,3988.07,4003,3984.71,3999.5,,,,
2026-06-25T01:00:00+03:00,4006.955,4007.825,3992.905,3996.475,,,,
2026-06-25T02:00:00+03:00,3996.5,4018.825,3990.87,4012.5,,4018.825,,
2026-06-25T03:00:00+03:00,4012.47,4016.42,3978.5,3991.775,,,,
2026-06-25T04:00:00+03:00,3991.71,4005.825,3972.425,3976.92,,,,
2026-06-25T05:00:00+03:00,3976.91,3991.35,3962.475,3982.83,,,3962.475,
2026-06-25T06:00:00+03:00,3982.845,4001.125,3966.335,3995.365,,,,
2026-06-25T07:00:00+03:00,3995.4,3997.76,3983.605,3996.225,,,,
2026-06-25T08:00:00+03:00,3996.205,4000.215,3980.535,3986.73,,,,
2026-06-25T09:00:00+03:00,3986.545,3989.465,3974.12,3977.655,,,,
2026-06-25T10:00:00+03:00,3977.68,3989.765,3971.695,3987.835,,,,
2026-06-25T11:00:00+03:00,3987.885,4002.11,3984.355,3989.17,,,,
2026-06-25T12:00:00+03:00,3989.24,3997.72,3986.095,3988.245,,,,
2026-06-25T13:00:00+03:00,3988.265,3989.52,3981.355,3984.39,,,,
2026-06-25T14:00:00+03:00,3984.595,3987.86,3973.64,3980.14,,,,
2026-06-25T15:00:00+03:00,3980.2,4019.38,3978.84,4012.67,,,,
2026-06-25T16:00:00+03:00,4012.68,4034.225,4000.98,4002.365,,,,
2026-06-25T17:00:00+03:00,4002.36,4028.55,3999.17,4011.925,,,,
2026-06-25T18:00:00+03:00,4011.92,4042.755,4005.02,4041.525,,,,
2026-06-25T19:00:00+03:00,4041.49,4044.085,4023.88,4028.73,,,,
2026-06-25T20:00:00+03:00,4028.78,4036.83,4026.88,4034.725,,,,
2026-06-25T21:00:00+03:00,4034.735,4044.14,4026.025,4034.8,4044.14,,,
2026-06-25T22:00:00+03:00,4034.88,4043.87,4021.965,4026.83,,,,
2026-06-25T23:00:00+03:00,4026.745,4035.155,4024.51,4026.92,,,,
2026-06-26T01:00:00+03:00,4030.09,4036.505,4019.935,4026.44,,,,
2026-06-26T02:00:00+03:00,4026.28,4030.535,4012.815,4014.555,,,,
2026-06-26T03:00:00+03:00,4014.635,4024.735,4011.575,4020.495,,,,
2026-06-26T04:00:00+03:00,4020.505,4030.015,4014.315,4020.915,,,,
2026-06-26T05:00:00+03:00,4020.875,4023.355,3982.95,3990.61,,,3982.95,
2026-06-26T06:00:00+03:00,3990.56,4006.685,3986.645,4004.52,,,,
2026-06-26T07:00:00+03:00,4004.51,4015.295,3998.935,4011.705,,,,
2026-06-26T08:00:00+03:00,4011.71,4021.57,4005.63,4008.19,,,,
2026-06-26T09:00:00+03:00,4008.205,4033.185,4006.795,4032.115,,,,
2026-06-26T10:00:00+03:00,4032.1,4039.875,4026.81,4030.565,,,,
2026-06-26T11:00:00+03:00,4030.525,4037.805,4025.86,4030.94,,,,
2026-06-26T12:00:00+03:00,4030.945,4054.16,4029.59,4047.185,,,,
2026-06-26T13:00:00+03:00,4047.175,4054.995,4042.42,4054.705,,,,
2026-06-26T14:00:00+03:00,4054.73,4055.76,4042.61,4045.965,,,,
2026-06-26T15:00:00+03:00,4045.985,4061.615,4035.935,4058.99,,,,
2026-06-26T16:00:00+03:00,4059.035,4078.265,4043.23,4073.77,,,,
2026-06-26T17:00:00+03:00,4073.75,4093.15,4067.805,4080.585,,,,
2026-06-26T18:00:00+03:00,4080.63,4095.985,4075.72,4090.625,4095.985,,,
2026-06-26T19:00:00+03:00,4090.71,4093.785,4082.21,4085.2,,,,
2026-06-26T20:00:00+03:00,4085.225,4088.215,4073.825,4074.85,,,,
2026-06-26T21:00:00+03:00,4074.865,4079.02,4067.275,4067.46,,,,
2026-06-26T22:00:00+03:00,4067.48,4074.695,4064.705,4071.815,,,,
2026-06-26T23:00:00+03:00,4071.845,4091.205,4064.795,4088.385,,,,
2026-06-29T01:00:00+03:00,4075.86,4083.82,4053.375,4066.425,,,,
2026-06-29T02:00:00+03:00,4066.385,4070.545,4052.145,4063.115,,,,
2026-06-29T03:00:00+03:00,4063.08,4074.33,4048.15,4069.41,,,,
2026-06-29T04:00:00+03:00,4069.415,4074.75,4053.77,4061.6,,,,
2026-06-29T05:00:00+03:00,4061.59,4071.85,4058.53,4066.24,,,,
2026-06-29T06:00:00+03:00,4066.185,4076.015,4064.92,4068.895,,,,
2026-06-29T07:00:00+03:00,4068.88,4069.125,4049.665,4052.335,,,,
2026-06-29T08:00:00+03:00,4052.23,4057.505,4039.325,4054.475,,,,
2026-06-29T09:00:00+03:00,4054.415,4064.88,4053.585,4062.365,,,,
2026-06-29T10:00:00+03:00,4062.405,4068.83,4056.185,4061.72,,,,
2026-06-29T11:00:00+03:00,4061.63,4066.78,4043.875,4047.28,,,,
2026-06-29T12:00:00+03:00,4047.26,4055.485,4024.44,4031.66,,,,
2026-06-29T13:00:00+03:00,4031.65,4039.855,4027.545,4037.015,,,,
2026-06-29T14:00:00+03:00,4037.02,4042.34,4027.51,4039.285,,,,
2026-06-29T15:00:00+03:00,4039.38,4052.61,4037.605,4043.75,,,,
2026-06-29T16:00:00+03:00,4043.785,4051.935,4028.315,4032.265,,,,
2026-06-29T17:00:00+03:00,4032.36,4035.62,4000.325,4025.745,,,4000.325,
2026-06-29T18:00:00+03:00,4025.71,4030.525,4016.84,4026.96,,,,
2026-06-29T19:00:00+03:00,4026.975,4028.765,4018.755,4023.975,,,,
2026-06-29T20:00:00+03:00,4023.98,4032.17,4019.405,4021.055,,,,
2026-06-29T21:00:00+03:00,4021.07,4025.41,4012.02,4013.58,,,,
2026-06-29T22:00:00+03:00,4013.57,4019.675,4005.435,4015.955,,,,
2026-06-29T23:00:00+03:00,4015.91,4018.115,4012.82,4016.955,,,,
2026-06-30T01:00:00+03:00,4018.65,4022.455,4009.57,4014.235,,,,
2026-06-30T02:00:00+03:00,4014.365,4022.505,4013.675,4015.1,,,,
2026-06-30T03:00:00+03:00,4015.05,4015.4,3979.98,3987.34,,,,
2026-06-30T04:00:00+03:00,3987.325,3987.505,3942.1,3969.76,,,,3942.1
2026-06-30T05:00:00+03:00,3969.59,3973.645,3952.135,3963.13,,,,
2026-06-30T06:00:00+03:00,3963.01,3971.42,3960.255,3970.06,,,,
2026-06-30T07:00:00+03:00,3969.975,3998.27,3968.165,3985.585,,,,
2026-06-30T08:00:00+03:00,3985.575,3991.02,3975.23,3978.05,,,,
2026-06-30T09:00:00+03:00,3978.035,4034.325,3978.035,4029.625,,,,
2026-06-30T10:00:00+03:00,4029.68,4034.86,4023.785,4032.28,,,,
2026-06-30T11:00:00+03:00,4032.285,4037.665,4013.8,4015.725,,4037.665,,
2026-06-30T12:00:00+03:00,4015.695,4023.955,4012.47,4023.955,,,,
2026-06-30T13:00:00+03:00,4023.985,4031.385,4021.565,4029.895,,,,
2026-06-30T14:00:00+03:00,4029.85,4037.43,4025.45,4034.05,,,,
2026-06-30T15:00:00+03:00,4033.99,4034.56,4008.74,4009.97,,,4008.74,
2026-06-30T16:00:00+03:00,4010.025,4033.46,4009.455,4029.375,,,,
2026-06-30T17:00:00+03:00,4029.415,4063.48,4025.425,4037.405,4063.48,,,
2026-06-30T18:00:00+03:00,4037.455,4039.53,4022.335,4029.365,,,,
2026-06-30T19:00:00+03:00,4029.335,4034.015,4025.86,4026.175,,,,
2026-06-30T20:00:00+03:00,4026.145,4032.265,4020.765,4030.885,,,,
2026-06-30T21:00:00+03:00,4030.875,4033.925,4028.24,4028.55,,,,
2026-06-30T22:00:00+03:00,4028.56,4029.605,4014.73,4015.97,,,,
2026-06-30T23:00:00+03:00,4015.985,4021.265,4006.58,4007.525,,,,
2026-07-01T01:00:00+03:00,4014.34,4018.175,4011.085,4013.245,,,,
2026-07-01T02:00:00+03:00,4013.3,4018.505,4005.505,4005.835,,,,
2026-07-01T03:00:00+03:00,4005.86,4009.915,3993.21,3996.72,,,,
2026-07-01T04:00:00+03:00,3996.77,3999.9,3974.1,3977.995,,,,
2026-07-01T05:00:00+03:00,3978.005,3986.25,3970.395,3979.395,,,,
2026-07-01T06:00:00+03:00,3979.38,3987.095,3976.765,3980.58,,,,
2026-07-01T07:00:00+03:00,3980.615,3982.985,3972.515,3976.7,,,,
2026-07-01T08:00:00+03:00,3976.685,3979.15,3969.98,3974.13,,,,
2026-07-01T09:00:00+03:00,3974.135,3977.605,3963.34,3971.99,,,,
2026-07-01T10:00:00+03:00,3971.965,3978.585,3960.275,3976.065,,,,3960.275
2026-07-01T11:00:00+03:00,3976.1,3984.555,3969.465,3974.665,,,,
2026-07-01T12:00:00+03:00,3974.645,3986.145,3972.95,3984.545,,,,
2026-07-01T13:00:00+03:00,3984.535,3998.75,3981.39,3998.41,,,,
2026-07-01T14:00:00+03:00,3998.51,4035.595,3997.975,4030.475,,,,
2026-07-01T15:00:00+03:00,4030.5,4034.045,4019.65,4022.905,,,,
2026-07-01T16:00:00+03:00,4022.93,4108.205,4012.865,4089.65,,,,
2026-07-01T17:00:00+03:00,4090.045,4115.81,4082.925,4093.46,4115.81,,,
2026-07-01T18:00:00+03:00,4093.475,4094.665,4076.75,4081.16,,,,
2026-07-01T19:00:00+03:00,4081.165,4088.435,4070.55,4071.285,,,,
2026-07-01T20:00:00+03:00,4071.18,4073.725,4067.33,4068.21,,,,
2026-07-01T21:00:00+03:00,4068.21,4070.85,4057.865,4062.19,,,,
2026-07-01T22:00:00+03:00,4062.175,4068.365,4034.58,4038.88,,,,
2026-07-01T23:00:00+03:00,4038.87,4039.83,4028.265,4031.705,,,4028.265,
2026-07-02T01:00:00+03:00,4038.71,4045.155,4035.155,4045.035,,,,
2026-07-02T02:00:00+03:00,4045.025,4045.185,4033.245,4035.325,,,,
2026-07-02T03:00:00+03:00,4035.335,4052.795,4030.895,4052.095,,,,
2026-07-02T04:00:00+03:00,4052.14,4068.73,4045.29,4050.32,,,,
2026-07-02T05:00:00+03:00,4050.315,4061.065,4041.515,4057.085,,,,
2026-07-02T06:00:00+03:00,4057.09,4074.235,4055.51,4070.03,,,,
2026-07-02T07:00:00+03:00,4070.025,4073.325,4060.77,4060.87,,,,
2026-07-02T08:00:00+03:00,4060.885,4067.865,4053.245,4066.275,,,,
2026-07-02T09:00:00+03:00,4066.36,4079.92,4066.11,4073.275,,,,
2026-07-02T10:00:00+03:00,4073.305,4075.585,4060.815,4064.375,,,,
2026-07-02T11:00:00+03:00,4064.34,4080.12,4061.475,4076.19,,,,
2026-07-02T12:00:00+03:00,4076.195,4077.225,4064.095,4065.275,,,,
2026-07-02T13:00:00+03:00,4065.425,4068.8,4061.665,4066.365,,,,
2026-07-02T14:00:00+03:00,4066.37,4072.325,4057.44,4065.33,,,4057.44,
2026-07-02T15:00:00+03:00,4065.34,4140.525,4061.31,4117.58,,,,
2026-07-02T16:00:00+03:00,4117.55,4144.08,4109.445,4136.79,4144.08,,,
2026-07-02T17:00:00+03:00,4136.81,4138.265,4114.06,4128.655,,,,
2026-07-02T18:00:00+03:00,4128.64,4131.665,4114.745,4128.54,,,,
2026-07-02T19:00:00+03:00,4128.6,4130.39,4100.355,4118.185,,,,
2026-07-02T20:00:00+03:00,4118.02,4120.045,4105.855,4106.89,,,,
2026-07-02T21:00:00+03:00,4106.815,4127.09,4105.895,4122.75,,,,
2026-07-02T22:00:00+03:00,4122.755,4124.485,4108.295,4121.425,,,,
2026-07-02T23:00:00+03:00,4121.385,4125.19,4116.365,4123.605,,,,
2026-07-03T01:00:00+03:00,4125.815,4128.335,4122.62,4124.745,,,,
2026-07-03T02:00:00+03:00,4124.725,4135.08,4121.47,4126.105,,,,
2026-07-03T03:00:00+03:00,4126.015,4151.14,4122.775,4147.115,,,,
2026-07-03T04:00:00+03:00,4147.175,4195.51,4146.725,4182.51,4195.51,,,
2026-07-03T05:00:00+03:00,4182.525,4186.86,4176.485,4183.425,,,,
2026-07-03T06:00:00+03:00,4183.4,4184.62,4175.205,4176.07,,,,
2026-07-03T07:00:00+03:00,4176.02,4183.06,4173.085,4179.065,,,,
2026-07-03T08:00:00+03:00,4179.055,4182.08,4169.165,4171.335,,,,
2026-07-03T09:00:00+03:00,4171.33,4174.515,4160.415,4173.11,,,,
2026-07-03T10:00:00+03:00,4173.145,4181.665,4169.39,4177.535,,,,
2026-07-03T11:00:00+03:00,4177.55,4186.655,4176.9,4181.14,,4186.655,,
2026-07-03T12:00:00+03:00,4181.09,4182.08,4168.57,4172.115,,,,
2026-07-03T13:00:00+03:00,4172.08,4181.275,4170.865,4177.16,,,,
2026-07-03T14:00:00+03:00,4177.09,4186.46,4175.64,4181.025,,,,
2026-07-03T15:00:00+03:00,4181.04,4183.29,4172.255,4176.775,,,,
2026-07-03T16:00:00+03:00,4176.905,4179.38,4163.705,4164.76,,,,
2026-07-03T17:00:00+03:00,4164.9,4171.295,4155.41,4170,,,4155.41,
2026-07-03T18:00:00+03:00,4169.99,4174.51,4164.54,4164.825,,,,
2026-07-03T19:00:00+03:00,4164.815,4176.58,4163,4175.695,,,,
2026-07-06T01:00:00+03:00,4180.345,4191.665,4177.305,4188.315,,,,
2026-07-06T02:00:00+03:00,4188.31,4202.225,4177.22,4183.285,,,,
2026-07-06T03:00:00+03:00,4183.275,4189.085,4170.295,4179.715,,,,
2026-07-06T04:00:00+03:00,4179.525,4202.705,4172.795,4186.07,4202.705,,,
2026-07-06T05:00:00+03:00,4186.265,4187.905,4168.71,4174.29,,,,
2026-07-06T06:00:00+03:00,4174.215,4176.53,4161.175,4165.375,,,,
2026-07-06T07:00:00+03:00,4165.36,4166.78,4157.525,4159.87,,,,
2026-07-06T08:00:00+03:00,4159.85,4161.09,4144.83,4148.135,,,,
2026-07-06T09:00:00+03:00,4148.13,4159.63,4145.91,4150.475,,,,
2026-07-06T10:00:00+03:00,4150.465,4166.52,4147.255,4164.58,,,,
2026-07-06T11:00:00+03:00,4164.68,4166.14,4147.265,4150.52,,,,
2026-07-06T12:00:00+03:00,4150.53,4151.25,4136.555,4143.24,,,,
2026-07-06T13:00:00+03:00,4143.225,4155.92,4142.095,4154.93,,,,
2026-07-06T14:00:00+03:00,4154.885,4159.6,4151.54,4155.265,,,,
2026-07-06T15:00:00+03:00,4155.28,4158.525,4131.52,4139.65,,,,
2026-07-06T16:00:00+03:00,4139.66,4150.625,4136.055,4140.835,,,,
2026-07-06T17:00:00+03:00,4140.1,4147.25,4128.51,4138.25,,,,4128.51
2026-07-06T18:00:00+03:00,4138.23,4152.185,4137.54,4148.43,,,,
2026-07-06T19:00:00+03:00,4148.48,4156.34,4140.295,4155.14,,,,
2026-07-06T20:00:00+03:00,4155.15,4161.65,4150.455,4161.26,,,,
2026-07-06T21:00:00+03:00,4161.295,4167.59,4155.435,4164.08,,,,
2026-07-06T22:00:00+03:00,4164.075,4165.53,4158.895,4163.81,,,,
2026-07-06T23:00:00+03:00,4163.805,4165.17,4160.77,4165.115,,,,
2026-07-07T01:00:00+03:00,4164.735,4168.65,4164.15,4164.275,,4168.65,,
2026-07-07T02:00:00+03:00,4164.29,4165.77,4157.005,4157.425,,,,
2026-07-07T03:00:00+03:00,4157.435,4162.75,4145.195,4146.13,,,,
2026-07-07T04:00:00+03:00,4146.095,4148.07,4125.7,4141.91,,,,
2026-07-07T05:00:00+03:00,4141.975,4145.39,4131.59,4136.815,,,,
2026-07-07T06:00:00+03:00,4136.805,4140.35,4124.535,4131.3,,,,
2026-07-07T07:00:00+03:00,4131.355,4141.415,4126.065,4126.835,,,,
2026-07-07T08:00:00+03:00,4126.885,4131.535,4116.7,4124.15,,,,4116.7
2026-07-07T09:00:00+03:00,4124.145,4133.03,4121.675,4130.54,,,,
2026-07-07T10:00:00+03:00,4130.535,4133.665,4124.465,4124.815,,,,
2026-07-07T11:00:00+03:00,4124.765,4139.395,4121.94,4126.08,,,,
2026-07-07T12:00:00+03:00,4126.065,4133.9,4119.81,4131.235,,,,
2026-07-07T13:00:00+03:00,4131.22,4138.875,4131.205,4135.83,,,,
2026-07-07T14:00:00+03:00,4135.835,4158.36,4131.84,4157.175,,,,
2026-07-07T15:00:00+03:00,4157.185,4175.085,4154.625,4172.4,,,,
2026-07-07T16:00:00+03:00,4172.505,4180.52,4156.16,4158.71,4180.52,,,
2026-07-07T17:00:00+03:00,4158.64,4163.95,4143.73,4154.32,,,,
2026-07-07T18:00:00+03:00,4154.215,4155.7,4135.945,4139.055,,,,
2026-07-07T19:00:00+03:00,4139.07,4147.31,4137.135,4145.235,,,,
2026-07-07T20:00:00+03:00,4145.19,4148.345,4140.685,4144.575,,,,
2026-07-07T21:00:00+03:00,4144.635,4145.365,4125.23,4127.105,,,,
2026-07-07T22:00:00+03:00,4127.06,4127.88,4092.295,4114.215,,,,4092.295
2026-07-07T23:00:00+03:00,4114.205,4115.905,4103.53,4106.12,,,,
2026-07-08T01:00:00+03:00,4105.04,4106.35,4095.74,4098.375,,,,
2026-07-08T02:00:00+03:00,4098.355,4108.01,4096.065,4098.775,,,,
2026-07-08T03:00:00+03:00,4098.78,4126.82,4097.125,4111.74,,,,
2026-07-08T04:00:00+03:00,4111.58,4117.89,4096.56,4111.23,,,,
2026-07-08T05:00:00+03:00,4111.275,4125.11,4106.08,4114.57,,,,
2026-07-08T06:00:00+03:00,4114.61,4131.22,4114.56,4123.55,,,,
2026-07-08T07:00:00+03:00,4123.45,4128.955,4120.61,4125.295,,,,
2026-07-08T08:00:00+03:00,4125.29,4133.99,4121.26,4127.925,,4133.99,,
2026-07-08T09:00:00+03:00,4127.895,4133.805,4122.245,4123.67,,,,
2026-07-08T10:00:00+03:00,4123.665,4127.27,4114.9,4121.36,,,,
2026-07-08T11:00:00+03:00,4121.345,4121.365,4052.285,4057.005,,,,
2026-07-08T12:00:00+03:00,4056.93,4061.105,4041.565,4043.515,,,,
2026-07-08T13:00:00+03:00,4043.545,4058.77,4040.575,4053.165,,,,
2026-07-08T14:00:00+03:00,4053.155,4072.845,4041.55,4062.335,,,,
2026-07-08T15:00:00+03:00,4062.235,4086.445,4058.885,4072.325,,,,
2026-07-08T16:00:00+03:00,4072.33,4083.185,4065.34,4070.895,,,,
2026-07-08T17:00:00+03:00,4070.825,4071.585,4033.885,4040.915,,,,
2026-07-08T18:00:00+03:00,4040.955,4043.96,4021.815,4034.46,,,,4021.815
2026-07-08T19:00:00+03:00,4034.49,4064.48,4033.225,4063.87,,,,
2026-07-08T20:00:00+03:00,4063.875,4076.495,4059.77,4065.53,,,,
2026-07-08T21:00:00+03:00,4065.45,4091.67,4063.5,4084.285,,4091.67,,
2026-07-08T22:00:00+03:00,4084.275,4091.375,4078.425,4080.055,,,,
2026-07-08T23:00:00+03:00,4080.04,4083.64,4071.645,4077.12,,,,
2026-07-09T01:00:00+03:00,4074.405,4079.885,4073.475,4076.57,,,,
2026-07-09T02:00:00+03:00,4076.575,4077.905,4072.26,4076.285,,,,
2026-07-09T03:00:00+03:00,4076.185,4090.02,4070.38,4073.97,,,,
2026-07-09T04:00:00+03:00,4073.985,4078.895,4062.475,4073.09,,,,
2026-07-09T05:00:00+03:00,4073.185,4082.83,4064.525,4065.195,,,,
2026-07-09T06:00:00+03:00,4065.19,4067.8,4054.4,4064.25,,,4054.4,
2026-07-09T07:00:00+03:00,4064.37,4064.705,4056.455,4064.405,,,,
2026-07-09T08:00:00+03:00,4064.4,4084.325,4063.85,4082.02,,,,
2026-07-09T09:00:00+03:00,4081.995,4108.185,4081.44,4108.04,,,,
2026-07-09T10:00:00+03:00,4108.065,4111.24,4101.54,4107.95,,,,
2026-07-09T11:00:00+03:00,4108.02,4118.005,4105.315,4108.34,,,,
2026-07-09T12:00:00+03:00,4108.34,4112.52,4103.09,4106.355,,,,
2026-07-09T13:00:00+03:00,4106.35,4110.22,4093.855,4099.23,,,,
2026-07-09T14:00:00+03:00,4099.205,4110.59,4097.915,4108.61,,,,
2026-07-09T15:00:00+03:00,4108.605,4122.63,4105.225,4107.69,,,,
2026-07-09T16:00:00+03:00,4107.665,4129.59,4106.875,4122.085,,,,
2026-07-09T17:00:00+03:00,4122.015,4136.605,4114.305,4127.84,,,,
2026-07-09T18:00:00+03:00,4127.915,4132.84,4124.885,4126.885,,,,
2026-07-09T19:00:00+03:00,4126.885,4138.035,4125.785,4128.155,,,,
2026-07-09T20:00:00+03:00,4128.115,4138.06,4125.095,4136.24,4138.06,,,
2026-07-09T21:00:00+03:00,4136.225,4136.48,4121.53,4124.59,,,,
2026-07-09T22:00:00+03:00,4124.58,4127.06,4118.91,4122.56,,,,
2026-07-09T23:00:00+03:00,4122.44,4125.745,4120.7,4123.79,,,,
2026-07-10T01:00:00+03:00,4125.25,4127.815,4121.65,4121.9,,,,
2026-07-10T02:00:00+03:00,4121.94,4125.24,4121.065,4123.535,,,,
2026-07-10T03:00:00+03:00,4123.54,4128.47,4114.545,4126.51,,,,
2026-07-10T04:00:00+03:00,4126.565,4131.26,4108.72,4116.895,,,,
2026-07-10T05:00:00+03:00,4116.995,4129.105,4116.12,4127.77,,,,
2026-07-10T06:00:00+03:00,4127.76,4134.92,4119.55,4120.355,,4134.92,,
2026-07-10T07:00:00+03:00,4120.375,4121.285,4112.265,4115.32,,,,
2026-07-10T08:00:00+03:00,4115.315,4117.285,4108.39,4116.89,,,,
2026-07-10T09:00:00+03:00,4116.845,4120.19,4111.16,4111.785,,,,
2026-07-10T10:00:00+03:00,4111.68,4115.52,4104.44,4109.07,,,,
2026-07-10T11:00:00+03:00,4108.985,4109.65,4094.86,4098.03,,,,
2026-07-10T12:00:00+03:00,4098.02,4105.625,4094.535,4104.5,,,,
2026-07-10T13:00:00+03:00,4104.525,4112.815,4104.28,4104.67,,,,
2026-07-10T14:00:00+03:00,4104.595,4108.205,4096.155,4102.415,,,,
2026-07-10T15:00:00+03:00,4102.465,4117.585,4097.63,4100.765,,4117.585,,
2026-07-10T16:00:00+03:00,4100.865,4106.765,4085.855,4099.995,,,,
2026-07-10T17:00:00+03:00,4099.99,4109.145,4072.8,4092.94,,,4072.8,
2026-07-10T18:00:00+03:00,4092.945,4113.595,4091.46,4113.115,,,,
2026-07-10T19:00:00+03:00,4113.215,4115.51,4104.48,4104.525,,,,
2026-07-10T20:00:00+03:00,4104.52,4107.035,4100.58,4100.785,,,,
2026-07-10T21:00:00+03:00,4100.815,4105.58,4098.21,4101.375,,,,
2026-07-10T22:00:00+03:00,4101.415,4109.155,4097.925,4108.465,,,,
2026-07-10T23:00:00+03:00,4108.47,4121.375,4108.4,4120.67,4121.375,,,
2026-07-13T01:00:00+03:00,4090.98,4094.82,4069.68,4076.745,,,,
2026-07-13T02:00:00+03:00,4076.795,4084.885,4068.61,4084.7,,,,
2026-07-13T03:00:00+03:00,4084.72,4091.295,4061.115,4074.105,,,,
2026-07-13T04:00:00+03:00,4074.36,4089.905,4065.74,4072.59,,,,
2026-07-13T05:00:00+03:00,4072.74,4077.405,4064.695,4068.735,,,,
2026-07-13T06:00:00+03:00,4068.57,4069.545,4053.27,4060.66,,,,
2026-07-13T07:00:00+03:00,4060.69,4060.69,4050.465,4058.95,,,,
2026-07-13T08:00:00+03:00,4058.935,4073.27,4052.17,4053.76,,,,
2026-07-13T09:00:00+03:00,4053.765,4063.72,4044.06,4055.655,,,,4044.06
2026-07-13T10:00:00+03:00,4055.66,4065.225,4049.045,4065.055,,,,
2026-07-13T11:00:00+03:00,4065.04,4080.845,4063.29,4074.585,,4080.845,,
2026-07-13T12:00:00+03:00,4074.555,4076.715,4068.18,4068.43,,,,
2026-07-13T13:00:00+03:00,4068.26,4070.705,4046.43,4060.815,,,,
2026-07-13T14:00:00+03:00,4060.835,4068.63,4055.08,4056.525,,,,
2026-07-13T15:00:00+03:00,4056.55,4067.6,4053.62,4067.56,,,,
2026-07-13T16:00:00+03:00,4067.61,4067.8,4042.005,4043.425,,,,
2026-07-13T17:00:00+03:00,4043.39,4047.025,4000.23,4015.415,,,,
2026-07-13T18:00:00+03:00,4015.4,4020.355,4010.37,4016.09,,,,
2026-07-13T19:00:00+03:00,4016.155,4018.115,3986.58,3993.5,,,,3986.58
2026-07-13T20:00:00+03:00,3993.655,4002.025,3992.055,3993.27,,,,
2026-07-13T21:00:00+03:00,3993.335,4005.215,3986.92,4001.51,,,,
2026-07-13T22:00:00+03:00,4001.585,4004.615,3993.62,4002.07,,,,
2026-07-13T23:00:00+03:00,4002.065,4006.245,3996.59,4001.185,,,,
2026-07-14T01:00:00+03:00,4001.64,4005.925,4000.9,4001.075,,,,
2026-07-14T02:00:00+03:00,4001.12,4003.18,3992.855,4001.26,,,,
2026-07-14T03:00:00+03:00,4001.355,4007.41,3983.545,4004.285,,,,3983.545
2026-07-14T04:00:00+03:00,4004.32,4012.385,3992.1,4010.58,,,,
2026-07-14T05:00:00+03:00,4010.6,4019.235,4006.15,4012.515,,,,
2026-07-14T06:00:00+03:00,4012.5,4019.25,4011.09,4017.13,,,,
2026-07-14T07:00:00+03:00,4017.195,4023.575,4013.57,4020.26,,,,
2026-07-14T08:00:00+03:00,4020.275,4034.25,4019.635,4031.42,,4034.25,,
2026-07-14T09:00:00+03:00,4031.475,4033.35,4021.75,4024.06,,,,
2026-07-14T10:00:00+03:00,4024.07,4029.965,4020.3,4020.83,,,,
2026-07-14T11:00:00+03:00,4020.89,4024.03,4014.515,4016.065,,,,
2026-07-14T12:00:00+03:00,4016.075,4024.6,4013.925,4021.745,,,,
2026-07-14T13:00:00+03:00,4021.66,4023.015,4015.175,4021.875,,,,
2026-07-14T14:00:00+03:00,4021.855,4031.915,4015.485,4031.185,,,,
2026-07-14T15:00:00+03:00,4031.11,4104.05,4023.33,4076.225,4104.05,,,
2026-07-14T16:00:00+03:00,4076.335,4088.795,4071,4076.63,,,,
2026-07-14T17:00:00+03:00,4076.68,4090.655,4070.71,4085.16,,,,
2026-07-14T18:00:00+03:00,4085.21,4100.685,4064.725,4066.415,,,,
2026-07-14T19:00:00+03:00,4066.4,4067.31,4057.81,4061.625,,,,
2026-07-14T20:00:00+03:00,4061.605,4065.17,4054.57,4062.885,,,,
2026-07-14T21:00:00+03:00,4062.68,4063.195,4042.885,4054.35,,,4042.885,
2026-07-14T22:00:00+03:00,4054.355,4057.395,4047.835,4055.84,,,,
2026-07-14T23:00:00+03:00,4055.83,4056.575,4049.31,4052.775,,,,
2026-07-15T01:00:00+03:00,4053.215,4053.24,4048.62,4049.05,,,,
2026-07-15T02:00:00+03:00,4049.11,4056.215,4046.925,4053.035,,,,
2026-07-15T03:00:00+03:00,4052.935,4060.845,4051.05,4059.295,,,,
2026-07-15T04:00:00+03:00,4059.285,4062.125,4035.54,4037.43,,4062.125,,
2026-07-15T05:00:00+03:00,4037.25,4042.305,4029.38,4035.335,,,,
2026-07-15T06:00:00+03:00,4035.285,4040.455,4028.1,4031.4,,,,
2026-07-15T07:00:00+03:00,4031.45,4035.315,4028.325,4033.245,,,,
2026-07-15T08:00:00+03:00,4033.32,4037.16,4022.245,4034.84,,,,
2026-07-15T09:00:00+03:00,4034.735,4035.63,4021.465,4032.1,,,,
2026-07-15T10:00:00+03:00,4032.155,4034.485,4019.71,4024.615,,,,
2026-07-15T11:00:00+03:00,4024.735,4033.29,4017.475,4031.35,,,,4017.475
2026-07-15T12:00:00+03:00,4031.385,4034.475,4025.605,4030.31,,,,
2026-07-15T13:00:00+03:00,4030.405,4036.14,4026.61,4028.27,,,,
2026-07-15T14:00:00+03:00,4028.26,4040.25,4027.77,4038.435,,,,
2026-07-15T15:00:00+03:00,4038.45,4071.595,4035.955,4067.85,,,,
2026-07-15T16:00:00+03:00,4068.045,4074.175,4054.105,4061.69,,,,
2026-07-15T17:00:00+03:00,4061.855,4066.07,4053.325,4060.61,,,,
2026-07-15T18:00:00+03:00,4060.605,4063.01,4039.655,4046.985,,,,
2026-07-15T19:00:00+03:00,4047.03,4048.02,4026.945,4033.83,,,4026.945,
2026-07-15T20:00:00+03:00,4033.82,4066.3,4033.11,4062.36,,,,
2026-07-15T21:00:00+03:00,4062.41,4081.52,4058.1,4059.29,4081.52,,,
2026-07-15T22:00:00+03:00,4059.265,4063.055,4048.1,4057.12,,,,
2026-07-15T23:00:00+03:00,4057.03,4063.225,4055.255,4060.695,,,,
2026-07-16T01:00:00+03:00,4060.64,4064.71,4058.235,4059.68,,,,
2026-07-16T02:00:00+03:00,4059.57,4062.075,4055.825,4058.02,,,,
2026-07-16T03:00:00+03:00,4058.035,4061.21,4043.745,4044.605,,,,
2026-07-16T04:00:00+03:00,4044.595,4050.735,4034.075,4039.14,,,,
2026-07-16T05:00:00+03:00,4039.145,4040.21,4024.27,4031.525,,,,
2026-07-16T06:00:00+03:00,4031.455,4037.075,4027.8,4036.385,,,,
2026-07-16T07:00:00+03:00,4036.435,4038.045,4032,4033.305,,,,
2026-07-16T08:00:00+03:00,4033.305,4034.13,4025.46,4027.445,,,,
2026-07-16T09:00:00+03:00,4027.375,4036.62,4023.21,4030.705,,,,
2026-07-16T10:00:00+03:00,4030.7,4031.99,4023.03,4030.805,,,,
2026-07-16T11:00:00+03:00,4030.745,4036.645,4025.43,4035.29,,,,
2026-07-16T12:00:00+03:00,4035.295,4037.98,4030.55,4031.755,,,,
2026-07-16T13:00:00+03:00,4031.695,4034.805,4028.65,4029.565,,,,
2026-07-16T14:00:00+03:00,4029.645,4042.43,4021.375,4038.465,,,,
2026-07-16T15:00:00+03:00,4038.45,4043.36,3990.58,3992.54,,4043.36,,
2026-07-16T16:00:00+03:00,3992.55,4008.485,3973.8,3990.265,,,,3973.8
2026-07-16T17:00:00+03:00,3990.23,4006.815,3987.19,3997.92,,,,
2026-07-16T18:00:00+03:00,3997.97,4017.03,3989.47,4007.125,,,,
2026-07-16T19:00:00+03:00,4007.17,4007.775,3982.455,3992.05,,,,
2026-07-16T20:00:00+03:00,3992.085,3992.99,3980.095,3984.71,,,,
2026-07-16T21:00:00+03:00,3984.74,3990.51,3976.69,3980.36,,,,
2026-07-16T22:00:00+03:00,3980.4,3986.13,3969.345,3980.085,,,,3969.345
2026-07-16T23:00:00+03:00,3980.2,3980.27,3971.905,3976.58,,,,
2026-07-17T01:00:00+03:00,3979.265,3979.325,3973.365,3978.445,,,,
2026-07-17T02:00:00+03:00,3978.455,3986.585,3975.25,3986.105,,,,
2026-07-17T03:00:00+03:00,3986.135,3992.06,3980.61,3992,,,,
2026-07-17T04:00:00+03:00,3991.975,3996.3,3979.385,3983.44,,,,
2026-07-17T05:00:00+03:00,3983.475,3987.52,3970.74,3979.19,,,3970.74,
2026-07-17T06:00:00+03:00,3979.2,4008.795,3979.025,3991.435,,4008.795,,
2026-07-17T07:00:00+03:00,3991.415,3991.765,3980.245,3981.97,,,,
2026-07-17T08:00:00+03:00,3981.965,3991.54,3975.295,3985.2,,,,
2026-07-17T09:00:00+03:00,3985.21,4007.295,3985.21,3999.475,,,,
2026-07-17T10:00:00+03:00,3999.43,4002.76,3992.69,3992.775,,,,
2026-07-17T11:00:00+03:00,3992.81,3999.985,3987.945,3994.265,,,,
2026-07-17T12:00:00+03:00,3994.255,4002.455,3992.93,3998.055,,,,
2026-07-17T13:00:00+03:00,3998.06,3999.23,3990.595,3990.995,,,,
2026-07-17T14:00:00+03:00,3990.99,3998.805,3990.12,3994.225,,,,
2026-07-17T15:00:00+03:00,3994.165,3995.71,3964.155,3966.32,,,,
2026-07-17T16:00:00+03:00,3966.34,4003.745,3959.8,3997.37,,,,3959.8
2026-07-17T17:00:00+03:00,3997.3,4004.605,3990.19,4001.365,,,,
2026-07-17T18:00:00+03:00,4001.255,4021.345,3997.74,4019.2,,,,
2026-07-17T19:00:00+03:00,4019.36,4023.835,4011.035,4014.98,4023.835,,,
2026-07-17T20:00:00+03:00,4015.09,4019.27,4008.32,4010.14,,,,
2026-07-17T21:00:00+03:00,4010.145,4016.26,4006.68,4011.385,,,,
2026-07-17T22:00:00+03:00,4011.305,4016.605,4002.42,4015.475,,,,
2026-07-17T23:00:00+03:00,4015.585,4019.04,4008.7,4017.315,,,,
2026-07-20T01:00:00+03:00,3995.57,4002.31,3993.485,3994.725,,,,
2026-07-20T02:00:00+03:00,3994.8,3996.2,3989.5,3995.515,,,,
2026-07-20T03:00:00+03:00,3995.5,4010.325,3982.63,4008.695,,,3982.63,
2026-07-20T04:00:00+03:00,4008.73,4021.1,3995.82,4002.215,,,,
2026-07-20T05:00:00+03:00,4002.205,4028.94,4001.38,4022.015,4028.94,,,
2026-07-20T06:00:00+03:00,4021.965,4028.04,4018.65,4024.175,,,,
2026-07-20T07:00:00+03:00,4024.165,4026.845,4018.55,4018.935,,,,
2026-07-20T08:00:00+03:00,4019.04,4021.295,4005.52,4008.72,,,,
2026-07-20T09:00:00+03:00,4008.715,4011.855,4002.95,4003.775,,,,
2026-07-20T10:00:00+03:00,4003.785,4021.895,4002.185,4017.34,,,,
2026-07-20T11:00:00+03:00,4017.26,4030.875,4017.145,4019.03,,,,
2026-07-20T12:00:00+03:00,4019.005,4023.34,4014.845,4021.315,,,,
2026-07-20T13:00:00+03:00,4021.34,4025.725,4018.31,4024.225,,,,
2026-07-20T14:00:00+03:00,4024.355,4040.815,4019.855,4025.315,4040.815,,,
2026-07-20T15:00:00+03:00,4025.325,4025.325,4006.505,4008.165,,,,
2026-07-20T16:00:00+03:00,4008.18,4017.48,4005.77,4005.825,,,,
2026-07-20T17:00:00+03:00,4005.795,4013.88,3998.33,4006.3,,,3998.33,
2026-07-20T18:00:00+03:00,4006.335,4019.63,4004.63,4011.855,,,,
2026-07-20T19:00:00+03:00,4011.835,4018.385,4001.58,4009.775,,,,
2026-07-20T20:00:00+03:00,4009.77,4013.095,4003.885,4005.38,,,,
2026-07-20T21:00:00+03:00,4005.415,4011.87,4003.405,4007.34,,,,
2026-07-20T22:00:00+03:00,4007.35,4018.035,4004.305,4006.995,,,,
2026-07-20T23:00:00+03:00,4007.005,4009.55,4005.87,4007.585,,,,
2026-07-21T01:00:00+03:00,4008.105,4011.025,3999.915,4000.555,,,3999.915,
2026-07-21T02:00:00+03:00,4000.67,4010.85,4000.305,4010.055,,,,
2026-07-21T03:00:00+03:00,4010.06,4027.225,4003.565,4024.8,,,,
2026-07-21T04:00:00+03:00,4024.81,4036.16,4018.46,4023.34,,,,
2026-07-21T05:00:00+03:00,4023.345,4045.365,4022.055,4038.145,,,,
2026-07-21T06:00:00+03:00,4038.135,4051.515,4036.75,4046.96,,,,
2026-07-21T07:00:00+03:00,4046.995,4051.92,4043.725,4049.67,,,,
2026-07-21T08:00:00+03:00,4049.68,4068.095,4046.375,4061.6,,,,
2026-07-21T09:00:00+03:00,4061.61,4084.305,4061.395,4078.605,4084.305,,,
2026-07-21T10:00:00+03:00,4078.65,4080.285,4067.62,4071.255,,,,
2026-07-21T11:00:00+03:00,4071.195,4072.52,4059.175,4062.875,,,,
2026-07-21T12:00:00+03:00,4062.92,4069.745,4061,4065.975,,,,
2026-07-21T13:00:00+03:00,4065.945,4070.235,4060.975,4063.06,,,,
2026-07-21T14:00:00+03:00,4063.055,4063.75,4054.52,4056.175,,,,
2026-07-21T15:00:00+03:00,4056.2,4065.725,4051.255,4054,,,,
2026-07-21T16:00:00+03:00,4053.9,4061.795,4044.725,4053.245,,,4044.725,
2026-07-21T17:00:00+03:00,4053.2,4074.08,4051.61,4068.64,,,,
2026-07-21T18:00:00+03:00,4068.49,4083.405,4065.74,4074.255,,,,
2026-07-21T19:00:00+03:00,4074.265,4079.265,4069.945,4071.555,,,,
2026-07-21T20:00:00+03:00,4071.55,4072.855,4066.83,4068.75,,,,
2026-07-21T21:00:00+03:00,4068.81,4087.135,4067.79,4082.23,,,,
2026-07-21T22:00:00+03:00,4082.25,4085.815,4080.085,4084.485,,,,
2026-07-21T23:00:00+03:00,4084.435,4086.455,4076.915,4077.325,,,,
2026-07-22T01:00:00+03:00,4078.675,4085.32,4077.165,4080.59,,,,
2026-07-22T02:00:00+03:00,4080.595,4083.135,4079.18,4080.71,,,,
2026-07-22T03:00:00+03:00,4080.68,4102.575,4076.755,4097.58,,,,
2026-07-22T04:00:00+03:00,4097.67,4123.72,4096.78,4122.265,,,,
2026-07-22T05:00:00+03:00,4122.16,4131.015,4118.81,4130.66,,,,
2026-07-22T06:00:00+03:00,4130.69,4141.715,4129.32,4130.875,4141.715,,,
2026-07-22T07:00:00+03:00,4130.785,4131.23,4124.725,4126.995,,,,
2026-07-22T08:00:00+03:00,4127.01,4134.12,4123.08,4131.26,,,,
2026-07-22T09:00:00+03:00,4131.235,4135.415,4113.475,4116.58,,,,
2026-07-22T10:00:00+03:00,4116.565,4123.065,4109.395,4110.78,,,,
2026-07-22T11:00:00+03:00,4110.785,4120.21,4110.635,4118.28,,,,
2026-07-22T12:00:00+03:00,4118.305,4122.325,4113.32,4115,,,,
2026-07-22T13:00:00+03:00,4115.025,4121.89,4114.8,4117.59,,,,
2026-07-22T14:00:00+03:00,4117.555,4123.17,4112.605,4122.695,,,,
2026-07-22T15:00:00+03:00,4122.705,4134.46,4106.72,4113.16,,,4106.72,
2026-07-22T16:00:00+03:00,4113.155,4155.87,4112.93,4154.525,,,,
2026-07-22T17:00:00+03:00,4154.52,4163.54,4144.165,4148.58,,,,
2026-07-22T18:00:00+03:00,4148.6,4166.13,4148.59,4159.475,4166.13,,,
2026-07-22T19:00:00+03:00,4159.475,4159.605,4144.55,4146.84,,,,
2026-07-22T20:00:00+03:00,4146.83,4147.93,4138.44,4142.47,,,,
2026-07-22T21:00:00+03:00,4142.475,4142.885,4132.125,4136.125,,,,
2026-07-22T22:00:00+03:00,4136.115,4137.29,4129.02,4131.905,,,,
2026-07-22T23:00:00+03:00,4131.875,4137.92,4128.42,4129.76,,,,
2026-07-23T01:00:00+03:00,4119.635,4130.195,4119.59,4121.525,,,,
2026-07-23T02:00:00+03:00,4121.625,4134.4,4116.73,4133.495,,,,
2026-07-23T03:00:00+03:00,4133.505,4134.67,4125.2,4132.15,,,,
2026-07-23T04:00:00+03:00,4131.855,4141.275,4114.425,4118.11,,4141.275,,
2026-07-23T05:00:00+03:00,4118.035,4129.025,4112.315,4128.14,,,,
2026-07-23T06:00:00+03:00,4128.15,4133.25,4124.32,4124.87,,,,
2026-07-23T07:00:00+03:00,4124.855,4130.54,4120.07,4121.265,,,,
2026-07-23T08:00:00+03:00,4121.26,4130.625,4119.645,4124.165,,,,
2026-07-23T09:00:00+03:00,4124.16,4128.37,4117.06,4118.67,,,,
2026-07-23T10:00:00+03:00,4118.69,4119.525,4090.055,4095.47,,,,
2026-07-23T11:00:00+03:00,4095.42,4097.855,4087.11,4093.52,,,,
2026-07-23T12:00:00+03:00,4093.54,4099.63,4088.465,4089.96,,,,
2026-07-23T13:00:00+03:00,4089.955,4095.46,4086.185,4093.405,,,,
2026-07-23T14:00:00+03:00,4093.375,4094.07,4073.2,4085.765,,,,
2026-07-23T15:00:00+03:00,4085.645,4086.045,4061.2,4061.85,,,,
2026-07-23T16:00:00+03:00,4061.815,4067.415,4040.595,4043.45,,,,
2026-07-23T17:00:00+03:00,4043.52,4061.8,4040.185,4057.98,,,,4040.185
2026-07-23T18:00:00+03:00,4058.165,4059.64,4042.41,4048.815,,,,
2026-07-23T19:00:00+03:00,4048.89,4051.83,4045.96,4051.535,,,,
2026-07-23T20:00:00+03:00,4051.535,4054.58,4041.7,4041.88,,,,
2026-07-23T21:00:00+03:00,4041.94,4048.445,4040.745,4046.175,,,,
2026-07-23T22:00:00+03:00,4046.145,4051.14,4043.115,4049.935,,,,
2026-07-23T23:00:00+03:00,4049.945,4051.44,4047.495,4049.78,,,,
2026-07-24T01:00:00+03:00,4048.875,4050.655,4048.645,4049.785,,,,
2026-07-24T02:00:00+03:00,4049.78,4050.825,4046.71,4047.29,,,,
2026-07-24T03:00:00+03:00,4047.33,4051.01,4041.375,4049.88,,,,
2026-07-24T04:00:00+03:00,4049.89,4050.39,4039.97,4043.68,,,,
2026-07-24T05:00:00+03:00,4043.64,4048.59,4023.07,4024.54,,,,
2026-07-24T06:00:00+03:00,4024.535,4033.84,4023.04,4029.54,,,,
2026-07-24T07:00:00+03:00,4029.52,4030.54,4025.72,4027.12,,,,
2026-07-24T08:00:00+03:00,4027.13,4032.335,4022.06,4023.135,,,,4022.06
2026-07-24T09:00:00+03:00,4023.195,4039.185,4023.055,4035.845,,,,
2026-07-24T10:00:00+03:00,4035.855,4053.84,4035.245,4048.415,,,,
2026-07-24T11:00:00+03:00,4048.435,4058.775,4045.28,4057.65,,,,
2026-07-24T12:00:00+03:00,4057.645,4060.74,4051.84,4059.885,,,,
2026-07-24T13:00:00+03:00,4059.935,4064.025,4057.165,4060.205,,,,
2026-07-24T14:00:00+03:00,4060.2,4063.495,4051.49,4057.795,,,,
2026-07-24T15:00:00+03:00,4057.81,4060.285,4051.815,4056.095,,,,
2026-07-24T16:00:00+03:00,4056.07,4068.68,4044.81,4067.865,,,4044.81,
2026-07-24T17:00:00+03:00,4067.86,4069.98,4056.115,4063.35,,,,
2026-07-24T18:00:00+03:00,4063.4,4082.16,4061.955,4077.535,,4082.16,,
2026-07-24T19:00:00+03:00,4077.575,4078.245,4064.285,4067.175,,,,
2026-07-24T20:00:00+03:00,4067.18,4069.96,4062.985,4063.505,,,,
2026-07-24T21:00:00+03:00,4063.555,4064.615,4051.255,4054.47,,,,
2026-07-24T22:00:00+03:00,4054.52,4058.01,4049.38,4053.895,,,4049.38,
2026-07-24T23:00:00+03:00,4053.875,4056.465,4051.665,4052.845,,,,
2026-07-27T01:00:00+03:00,4090.16,4093.84,4084.03,4089.575,,,,
2026-07-27T02:00:00+03:00,4089.795,4096.515,4083.8,4094.11,,,,
2026-07-27T03:00:00+03:00,4094.105,4116.185,4090.64,4100.815,4116.185,,,
2026-07-27T04:00:00+03:00,4100.83,4112.48,4097.13,4110.255,,,,
2026-07-27T05:00:00+03:00,4110.3,4111.105,4093.75,4093.765,,,,
2026-07-27T06:00:00+03:00,4093.68,4095.955,4085.23,4091.045,,,,
2026-07-27T07:00:00+03:00,4091.055,4092.925,4087.08,4090.39,,,,
2026-07-27T08:00:00+03:00,4090.395,4094.99,4084.49,4093.365,,,4084.49,
2026-07-27T09:00:00+03:00,4093.33,4099.365,4091.36,4096.02,,,,
2026-07-27T10:00:00+03:00,4095.98,4106.24,4088.635,4088.885,,,,
2026-07-27T11:00:00+03:00,4088.98,4096.985,4087.24,4095.28,,,,
2026-07-27T12:00:00+03:00,4095.215,4100.38,4090.575,4096.14,,,,
2026-07-27T13:00:00+03:00,4096.12,4102.45,4086.62,4099.625,,,,
2026-07-27T14:00:00+03:00,4099.66,4104.205,4093.695,4094.015,,,,
2026-07-27T15:00:00+03:00,4094.03,4097.845,4081.73,4083.82,,,,
2026-07-27T16:00:00+03:00,4083.875,4089.59,4070.495,4074.445,,,,
2026-07-27T17:00:00+03:00,4074.48,4079.23,4065.415,4076.335,,,,4065.415
2026-07-27T18:00:00+03:00,4076.315,4080.05,4071.915,4078.62,,,,
2026-07-27T19:00:00+03:00,4078.625,4094.105,4077.965,4082.56,,,,
2026-07-27T20:00:00+03:00,4082.565,4082.565,4070.785,4076.505,,,,
2026-07-27T21:00:00+03:00,4076.51,4079.58,4073,4078.005,,,,
2026-07-27T22:00:00+03:00,4078.04,4089.485,4076.22,4083.5,,,,
2026-07-27T23:00:00+03:00,4083.535,4084.21,4075.325,4076.425,,,,
2026-07-28T01:00:00+03:00,4080.685,4081.415,4071.16,4074.32,,,,
2026-07-28T02:00:00+03:00,4074.22,4075.14,4070.035,4073.385,,,,
2026-07-28T03:00:00+03:00,4073.365,4074.26,4057.665,4058.245,,,,
2026-07-28T04:00:00+03:00,4058.23,4060.43,4042.77,4045.23,,,,
2026-07-28T05:00:00+03:00,4045.245,4049.215,4040.935,4042.115,,,,
2026-07-28T06:00:00+03:00,4042.11,4051.24,4040.455,4049.615,,,,
2026-07-28T07:00:00+03:00,4049.605,4049.7,4041.395,4042.305,,,,
2026-07-28T08:00:00+03:00,4042.3,4046.625,4034.795,4045.2,,,,
2026-07-28T09:00:00+03:00,4045.195,4052.405,4043.015,4048.425,,,,
2026-07-28T10:00:00+03:00,4048.395,4052.425,4046.235,4047.395,,,,
2026-07-28T11:00:00+03:00,4047.355,4055.21,4041.72,4045.56,,4055.21,,
2026-07-28T12:00:00+03:00,4045.46,4045.955,4019.575,4023.42,,,,
2026-07-28T13:00:00+03:00,4023.49,4028.63,4017.115,4026.67,,,,
2026-07-28T14:00:00+03:00,4026.66,4032.555,4023.275,4028.19,,,,
2026-07-28T15:00:00+03:00,4028.195,4038.22,4022.965,4029.69,,,,
2026-07-28T16:00:00+03:00,4029.74,4036.04,4020.33,4022.11,,,,
2026-07-28T17:00:00+03:00,4022.16,4033.6,4011.765,4024.375,,,,4011.765
2026-07-28T18:00:00+03:00,4024.43,4047.195,4022.16,4046.13,,4047.195,,
2026-07-28T19:00:00+03:00,4046.145,4046.68,4036.715,4037.605,,,,
2026-07-28T20:00:00+03:00,4037.69,4041.73,4025.755,4027.935,,,,
2026-07-28T21:00:00+03:00,4027.985,4030.58,4021.715,4023.15,,,,
2026-07-28T22:00:00+03:00,4023.19,4028.07,4021.935,4026.465,,,,
2026-07-28T23:00:00+03:00,4026.455,4030.555,4022.6,4028.67,,,,
2026-07-29T01:00:00+03:00,4026.565,4028.165,4013.975,4018.44,,,,
2026-07-29T02:00:00+03:00,4018.45,4026.345,4015.21,4024.945,,,,
2026-07-29T03:00:00+03:00,4024.99,4029.815,4017.57,4022.08,,,,
2026-07-29T04:00:00+03:00,4022.075,4030.675,4010.41,4026.16,,,,4010.41
2026-07-29T05:00:00+03:00,4026.165,4038.08,4023.265,4029.435,,,,
2026-07-29T06:00:00+03:00,4029.42,4032.84,4023.25,4023.73,,,,
2026-07-29T07:00:00+03:00,4023.74,4027.845,4020.655,4027.4,,,,
2026-07-29T08:00:00+03:00,4027.425,4040.15,4026.735,4033.135,,,,
2026-07-29T09:00:00+03:00,4033.14,4044.845,4033.08,4041.25,,,,
2026-07-29T10:00:00+03:00,4041.2,4047.88,4041.2,4043.825,4047.88,,,
2026-07-29T11:00:00+03:00,4043.82,4044.555,4035.67,4037.64,,,,
2026-07-29T12:00:00+03:00,4037.73,4038.38,4031.36,4032.695,,,,
2026-07-29T13:00:00+03:00,4032.68,4034.57,4026.065,4027.535,,,,
2026-07-29T14:00:00+03:00,4027.555,4036.195,4025.105,4032.845,,,,
2026-07-29T15:00:00+03:00,4032.85,4033.5,4009.39,4022.65,,,,
2026-07-29T16:00:00+03:00,4022.82,4026.565,4002.6,4007.445,,,,
2026-07-29T17:00:00+03:00,4007.455,4010.215,3996.055,4004.875,,,,3996.055
2026-07-29T18:00:00+03:00,4004.93,4013.815,4003.4,4009.975,,,,
2026-07-29T19:00:00+03:00,4010.015,4032.915,4007.63,4027.46,,,,
2026-07-29T20:00:00+03:00,4027.455,4050.745,4027.405,4044.285,,,,
2026-07-29T21:00:00+03:00,4044.29,4110.12,4042.775,4106.75,,,,
2026-07-29T22:00:00+03:00,4106.74,4116.415,4044.375,4044.74,4116.415,,,
2026-07-29T23:00:00+03:00,4044.74,4070.195,4042.955,4066.34,,,,
2026-07-30T01:00:00+03:00,4074.84,4090.65,4064.505,4088.58,,,,
2026-07-30T02:00:00+03:00,4088.61,4100.485,4084.4,4084.59,,,,
2026-07-30T03:00:00+03:00,4084.625,4086.735,4064.96,4072.27,,,,
2026-07-30T04:00:00+03:00,4072.285,4092.955,4070.36,4084.59,,,,
2026-07-30T05:00:00+03:00,4084.46,4090.45,4063.435,4063.71,,,,
2026-07-30T06:00:00+03:00,4063.705,4070.345,4050.81,4058.88,,,,
2026-07-30T07:00:00+03:00,4058.94,4060.385,4044.34,4046.045,,,,
2026-07-30T08:00:00+03:00,4046.05,4051.445,4028.69,4033.82,,,4028.69,
2026-07-30T09:00:00+03:00,4033.725,4040.63,4029.4,4036.54,,,,
2026-07-30T10:00:00+03:00,4036.57,4051.43,4035.41,4038.935,,,,
2026-07-30T11:00:00+03:00,4038.825,4073.01,4036.81,4061.49,,,,
2026-07-30T12:00:00+03:00,4061.485,4073.155,4060.305,4063.405,,,,
2026-07-30T13:00:00+03:00,4063.495,4083.23,4063.065,4078.155,,,,
2026-07-30T14:00:00+03:00,4078.105,4082.945,4075.77,4077.815,,,,
2026-07-30T15:00:00+03:00,4077.79,4086.785,4067.285,4069.03,,,,
2026-07-30T16:00:00+03:00,4069.04,4112.825,4065.315,4112.34,,,,
2026-07-30T17:00:00+03:00,4112.415,4120.495,4087.195,4100.01,4120.495,,,
2026-07-30T18:00:00+03:00,4100.075,4110.23,4083.27,4108.25,,,,
2026-07-30T19:00:00+03:00,4108.2,4119.285,4106.645,4110.78,,,,
2026-07-30T20:00:00+03:00,4110.75,4111.325,4098.505,4102.765,,,,
2026-07-30T21:00:00+03:00,4102.75,4107.855,4098.785,4099.74,,,,
2026-07-30T22:00:00+03:00,4099.745,4115.375,4098.77,4112.065,,,,
2026-07-30T23:00:00+03:00,4112.2,4117.515,4099.235,4103.27,,,,
2026-07-31T01:00:00+03:00,4103.36,4111.455,4102.63,4109.385,,,,
2026-07-31T02:00:00+03:00,4109.335,4112.01,4102.345,4105.985,,,,
2026-07-31T03:00:00+03:00,4106.065,4107.225,4090.585,4094.855,,,,
2026-07-31T04:00:00+03:00,4094.835,4101.71,4082.15,4084.325,,,,
2026-07-31T05:00:00+03:00,4084.39,4090.405,4074.27,4076.275,,,,
2026-07-31T06:00:00+03:00,4076.07,4079.65,4072.145,4075.14,,,,
2026-07-31T07:00:00+03:00,4075.07,4081.535,4073.32,4080.16,,,,
2026-07-31T08:00:00+03:00,4080.17,4083.315,4073.44,4074.43,,,,
2026-07-31T09:00:00+03:00,4074.45,4087.665,4072.785,4077.765,,,,
2026-07-31T10:00:00+03:00,4077.735,4079.315,4067.62,4067.81,,,,
2026-07-31T11:00:00+03:00,4067.795,4067.89,4054.175,4060.98,,,,
2026-07-31T12:00:00+03:00,4060.895,4064.115,4050.315,4055.25,,,,
2026-07-31T13:00:00+03:00,4055.185,4058.435,4052.015,4054.565,,,,
2026-07-31T14:00:00+03:00,4054.58,4061.15,4050.69,4053.84,,,,
2026-07-31T15:00:00+03:00,4053.83,4059.495,4040.575,4040.765,,,,
2026-07-31T16:00:00+03:00,4040.75,4047.035,4022.13,4025.51,,,,
2026-07-31T17:00:00+03:00,4025.41,4050.435,4020.975,4049.315,,,,4020.975
2026-07-31T18:00:00+03:00,4049.345,4052.695,4036.82,4045.58,,,,
2026-07-31T19:00:00+03:00,4045.585,4049.995,4041.3,4043.415,,,,
2026-07-31T20:00:00+03:00,4043.41,4054.805,4041.6,4053.66,,,,
2026-07-31T21:00:00+03:00,4053.665,4055.245,4047.18,4050.82,,,,
2026-07-31T22:00:00+03:00,4050.785,4055.665,4046.955,4050.935,,,,
2026-07-31T23:00:00+03:00,4050.915,4053.105,4043.04,4045.165,,,,
2026-08-03T01:00:00+03:00,4075.055,4078.785,4063.515,4063.755,,,,
2026-08-03T02:00:00+03:00,4063.705,4075.09,4063.3,4075.065,,,,
2026-08-03T03:00:00+03:00,4075.07,4079.185,4055.88,4057.35,,4079.185,,
2026-08-03T04:00:00+03:00,4057.355,4063.7,4047.345,4056.77,,,,
2026-08-03T05:00:00+03:00,4056.775,4067.275,4052.11,4062.605,,,,
2026-08-03T06:00:00+03:00,4062.51,4068.1,4059.5,4065.115,,,,
2026-08-03T07:00:00+03:00,4065.145,4072.055,4064,4064.045,,,,
2026-08-03T08:00:00+03:00,4063.99,4070.045,4054.17,4069.035,,,,
2026-08-03T09:00:00+03:00,4069.03,4072.185,4060.51,4063.94,,4072.185,,
2026-08-03T10:00:00+03:00,4063.95,4065.305,4052.19,4061.155,,,,
2026-08-03T11:00:00+03:00,4061.1,4062.595,4054.335,4059.42,,,,
2026-08-03T12:00:00+03:00,4059.43,4062.21,4046.685,4055.355,,,,
2026-08-03T13:00:00+03:00,4055.375,4057.13,4045.84,4049.495,,,,
2026-08-03T14:00:00+03:00,4049.485,4063.245,4045.57,4062.505,,,,
2026-08-03T15:00:00+03:00,4062.465,4064.74,4042.34,4047.85,,,,
2026-08-03T16:00:00+03:00,4047.865,4053.855,4019.24,4032.35,,,,4019.24
2026-08-03T17:00:00+03:00,4031.91,4039.16,4026.75,4036.375,,,,
2026-08-03T18:00:00+03:00,4036.475,4041.03,4030.54,4036.135,,,,
2026-08-03T19:00:00+03:00,4036.14,4039.335,4034.805,4037.03,,,,
2026-08-03T20:00:00+03:00,4037.06,4037.8,4030.27,4030.57,,,,
2026-08-03T21:00:00+03:00,4030.62,4045.12,4029.675,4043.535,,,,
2026-08-03T22:00:00+03:00,4043.53,4055.815,4043.485,4052.08,,,,
2026-08-03T23:00:00+03:00,4052.145,4058.215,4050.325,4055.33,,,,
2026-08-04T01:00:00+03:00,4052.12,4053.58,4049.04,4052.765,,,,
2026-08-04T02:00:00+03:00,4052.725,4055.22,4050.22,4053.96,,,,
2026-08-04T03:00:00+03:00,4053.93,4069.465,4048.64,4049.425,,4069.465,,
2026-08-04T04:00:00+03:00,4049.345,4061.97,4042.72,4058.82,,,4042.72,
2026-08-04T05:00:00+03:00,4058.825,4065.235,4055.62,4059.08,,,,
2026-08-04T06:00:00+03:00,4059,4061.855,4052.25,4052.56,,,,
2026-08-04T07:00:00+03:00,4052.61,4066.425,4051.25,4063.765,,,,
2026-08-04T08:00:00+03:00,4063.785,4067.835,4057.2,4061.975,,,,
2026-08-04T09:00:00+03:00,4061.96,4066.215,4055.7,4063.515,,,,
2026-08-04T10:00:00+03:00,4063.58,4066.79,4060.845,4065.535,,,,
2026-08-04T11:00:00+03:00,4065.635,4072.97,4054.455,4055.19,,,,
2026-08-04T12:00:00+03:00,4055.16,4055.505,4046.255,4049.93,,,,
2026-08-04T13:00:00+03:00,4049.935,4060.84,4045.62,4053.99,,,4045.62,
2026-08-04T14:00:00+03:00,4053.995,4084.345,4052.44,4074.995,,,,
2026-08-04T15:00:00+03:00,4075.055,4084.56,4061.115,4070.945,,,,
2026-08-04T16:00:00+03:00,4070.925,4093.88,4061.23,4083.955,,,,
2026-08-04T17:00:00+03:00,4083.995,4092.075,4074.55,4083.64,,,,
2026-08-04T18:00:00+03:00,4083.645,4088.885,4074.735,4087.35,,,,
2026-08-04T19:00:00+03:00,4087.44,4093.685,4083.195,4093.41,,,,
2026-08-04T20:00:00+03:00,4093.36,4106.475,4086.205,4086.21,4106.475,,,
2026-08-04T21:00:00+03:00,4086.18,4089.06,4075.285,4079.945,,,,
2026-08-04T22:00:00+03:00,4079.995,4084.86,4076.39,4078.615,,,,
2026-08-04T23:00:00+03:00,4078.61,4080.295,4074.69,4077.055,,,,
2026-08-05T01:00:00+03:00,4078.39,4085.87,4075.735,4075.805,,,,
2026-08-05T02:00:00+03:00,4075.89,4077.205,4065.33,4072.605,,,4065.33,
2026-08-05T03:00:00+03:00,4072.6,4083.63,4070.505,4082.55,,,,
2026-08-05T04:00:00+03:00,4082.57,4102.58,4077.725,4101.43,,,,
2026-08-05T05:00:00+03:00,4101.44,4135.435,4095.42,4129.195,,,,
2026-08-05T06:00:00+03:00,4129.2,4136.69,4126.92,4128.33,,,,
2026-08-05T07:00:00+03:00,4128.335,4141.505,4128.26,4135.595,,,,
2026-08-05T08:00:00+03:00,4135.575,4173.1,4134.885,4161.545,,,,
2026-08-05T09:00:00+03:00,4161.535,4178.565,4160.3,4177.565,,,,
2026-08-05T10:00:00+03:00,4177.645,4179.555,4162.225,4170.81,,,,
2026-08-05T11:00:00+03:00,4170.8,4172.68,4159.045,4160.515,,,,
2026-08-05T12:00:00+03:00,4160.64,4167.17,4153.145,4157.98,,,,
2026-08-05T13:00:00+03:00,4157.97,4161.495,4150.28,4161.42,,,,
2026-08-05T14:00:00+03:00,4161.455,4192.625,4160.85,4188.93,,,,
2026-08-05T15:00:00+03:00,4188.945,4213.54,4183.305,4183.985,,,,
2026-08-05T16:00:00+03:00,4183.965,4206.845,4183.795,4206.17,,,,
2026-08-05T17:00:00+03:00,4206.11,4247.64,4203.67,4244.26,,,,
2026-08-05T18:00:00+03:00,4244.3,4265.29,4232.375,4233.025,,,,
2026-08-05T19:00:00+03:00,4233.03,4247.48,4224.89,4242.26,,,,
2026-08-05T20:00:00+03:00,4242.33,4252.555,4237,4250.36,,,,
2026-08-05T21:00:00+03:00,4249.95,4268.09,4249.26,4260.985,,,,
2026-08-05T22:00:00+03:00,4261,4262.27,4246.405,4247.13,,,,
2026-08-05T23:00:00+03:00,4247.08,4249.76,4243.06,4247.275,,,,
2026-08-06T01:00:00+03:00,4249.5,4250.385,4245.825,4250.045,,,,
2026-08-06T02:00:00+03:00,4250.055,4282.05,4249.12,4278.305,,,,
2026-08-06T03:00:00+03:00,4278.315,4300.39,4264.64,4294.985,,,,
2026-08-06T04:00:00+03:00,4294.99,4302.74,4272.98,4286.64,,,,
2026-08-06T05:00:00+03:00,4286.405,4304.31,4274.93,4278.71,4304.31,,,
2026-08-06T06:00:00+03:00,4278.735,4280.95,4260.48,4265.795,,,,
2026-08-06T07:00:00+03:00,4265.78,4267.27,4253.045,4262.265,,,,
2026-08-06T08:00:00+03:00,4262.1,4268.675,4247.24,4267.345,,,4247.24,
2026-08-06T09:00:00+03:00,4267.325,4268.64,4249.39,4256.225,,,,
2026-08-06T10:00:00+03:00,4256.22,4265.47,4252.6,4262.79,,,,
2026-08-06T11:00:00+03:00,4262.96,4278.915,4260.345,4278.33,,,,
2026-08-06T12:00:00+03:00,4278.405,4284.885,4271.27,4273.16,,4284.885,,
2026-08-06T13:00:00+03:00,4273.11,4273.7,4264.545,4270.915,,,,
2026-08-06T14:00:00+03:00,4270.91,4273.405,4254.26,4263.3,,,,
2026-08-06T15:00:00+03:00,4263.305,4271.115,4249.145,4250.27,,,,
2026-08-06T16:00:00+03:00,4250.235,4274.29,4230.46,4267.025,,,,
2026-08-06T17:00:00+03:00,4267.025,4275.44,4260.255,4273.055,,,,
2026-08-06T18:00:00+03:00,4273.065,4274.39,4229.505,4233.82,,,,
2026-08-06T19:00:00+03:00,4233.815,4243.18,4223.505,4241.525,,,,4223.505
2026-08-06T20:00:00+03:00,4241.51,4248.2,4238.545,4247.27,,,,
2026-08-06T21:00:00+03:00,4247.345,4249.74,4240.755,4243.535,,,,
2026-08-06T22:00:00+03:00,4243.56,4251.385,4233.12,4248.95,,,,
2026-08-06T23:00:00+03:00,4248.81,4250.215,4234.78,4240.75,,,,
2026-08-07T01:00:00+03:00,4236.61,4243.5,4236.605,4240.83,,,,
2026-08-07T02:00:00+03:00,4240.555,4253.245,4240.36,4252.425,,,,
2026-08-07T03:00:00+03:00,4252.42,4253.015,4229.875,4232.9,,,4229.875,
2026-08-07T04:00:00+03:00,4232.925,4259.365,4231.59,4256.97,,,,
2026-08-07T05:00:00+03:00,4256.955,4261.785,4247.21,4250.36,,,,
2026-08-07T06:00:00+03:00,4250.39,4266.545,4249.57,4266.265,,,,
2026-08-07T07:00:00+03:00,4266.245,4269.215,4260.81,4265.045,,,,
2026-08-07T08:00:00+03:00,4264.995,4280.635,4262.1,4278.815,,,,
2026-08-07T09:00:00+03:00,4278.875,4298.945,4278.535,4297.275,,,,
2026-08-07T10:00:00+03:00,4297.3,4298.095,4282.99,4290.18,,,,
2026-08-07T11:00:00+03:00,4290.17,4316.735,4289.13,4306.245,,,,
2026-08-07T12:00:00+03:00,4306.25,4320.865,4302.29,4316.08,,,,
2026-08-07T13:00:00+03:00,4316.075,4320.695,4308.09,4316.97,,,,
2026-08-07T14:00:00+03:00,4316.965,4327.745,4316.9,4321.245,,,,
2026-08-07T15:00:00+03:00,4321.24,4371.84,4301.015,4361.425,4371.84,,,
2026-08-07T16:00:00+03:00,4361.415,4368.01,4338.98,4348.255,,,,
2026-08-07T17:00:00+03:00,4348.265,4353.025,4327.455,4341.605,,,,
2026-08-07T18:00:00+03:00,4341.615,4358.545,4339.895,4341.13,,,,
2026-08-07T19:00:00+03:00,4341.185,4349.745,4329.28,4329.305,,,,
2026-08-07T20:00:00+03:00,4329.3,4343.15,4327.865,4340.275,,,,
2026-08-07T21:00:00+03:00,4340.325,4343.03,4332.255,4335.695,,,,
2026-08-07T22:00:00+03:00,4335.7,4350.41,4335.565,4344.08,,,,
2026-08-07T23:00:00+03:00,4344.12,4345.38,4336.015,4341.935,,,,
2026-08-10T01:00:00+03:00,4340.28,4346.235,4334.605,4341.59,,,,
2026-08-10T02:00:00+03:00,4341.605,4349.11,4332.32,4333.115,,,,
2026-08-10T03:00:00+03:00,4333.075,4347.215,4330.84,4332.21,,,,
2026-08-10T04:00:00+03:00,4332.27,4340.655,4313.43,4322.67,,,4313.43,
2026-08-10T05:00:00+03:00,4322.695,4332.405,4318.79,4319.735,,,,
2026-08-10T06:00:00+03:00,4319.72,4330.025,4317.805,4326.735,,,,
2026-08-10T07:00:00+03:00,4326.79,4339.64,4323.21,4339.535,,,,
2026-08-10T08:00:00+03:00,4339.475,4352.41,4331.74,4347.405,,,,
2026-08-10T09:00:00+03:00,4347.475,4359.935,4341.97,4358.31,,,,
2026-08-10T10:00:00+03:00,4358.22,4362.06,4350.23,4355.46,,4362.06,,
2026-08-10T11:00:00+03:00,4355.445,4356.76,4343.905,4346.65,,,,
2026-08-10T12:00:00+03:00,4346.715,4350.07,4340.395,4341.29,,,,
2026-08-10T13:00:00+03:00,4341.34,4344.275,4335.45,4335.75,,,,
2026-08-10T14:00:00+03:00,4335.78,4339.535,4329.045,4335.12,,,,
2026-08-10T15:00:00+03:00,4335.095,4337.635,4324.125,4332.625,,,,
2026-08-10T16:00:00+03:00,4332.66,4340.165,4316.675,4317.985,,,4316.675,
2026-08-10T17:00:00+03:00,4317.98,4352.04,4317.965,4345.435,,,,
2026-08-10T18:00:00+03:00,4345.6,4359.545,4343.325,4358.51,,,,
2026-08-10T19:00:00+03:00,4358.53,4364.8,4349.19,4356.845,,,,
2026-08-10T20:00:00+03:00,4356.855,4365.315,4351.75,4360.23,,,,
2026-08-10T21:00:00+03:00,4360.3,4383.05,4359.84,4378.49,,,,
2026-08-10T22:00:00+03:00,4378.495,4395.385,4378.495,4388.555,,,,
2026-08-10T23:00:00+03:00,4388.55,4392.135,4386.005,4390.235,,,,
2026-08-11T01:00:00+03:00,4389.775,4401.065,4389.34,4399.895,,,,
2026-08-11T02:00:00+03:00,4399.935,4402.715,4394.7,4402.355,,,,
2026-08-11T03:00:00+03:00,4402.41,4419.335,4396.44,4409.495,,,,
2026-08-11T04:00:00+03:00,4409.49,4434.265,4393.78,4429.815,,,,
2026-08-11T05:00:00+03:00,4429.705,4435.245,4408.09,4410.975,4435.245,,,
2026-08-11T06:00:00+03:00,4410.96,4421.675,4409.835,4416.9,,,,
2026-08-11T07:00:00+03:00,4416.895,4420.5,4403.49,4409.005,,,,
2026-08-11T08:00:00+03:00,4408.995,4409.15,4367.52,4375.47,,,,
2026-08-11T09:00:00+03:00,4375.47,4382.7,4359.675,4366.315,,,,
2026-08-11T10:00:00+03:00,4366.335,4367.97,4356.7,4357.655,,,4356.7,
2026-08-11T11:00:00+03:00,4357.635,4376.765,4357,4369.29,,,,
2026-08-11T12:00:00+03:00,4369.245,4375.655,4367.675,4372.505,,,,
2026-08-11T13:00:00+03:00,4372.57,4382.77,4371.37,4382.56,,,,
2026-08-11T14:00:00+03:00,4382.485,4393.11,4380.565,4387.8,,,,
2026-08-11T15:00:00+03:00,4387.8,4400.185,4383.875,4392.53,,,,
2026-08-11T16:00:00+03:00,4392.52,4404.29,4384.645,4389.5,,4404.29,,
2026-08-11T17:00:00+03:00,4389.35,4397.99,4381.29,4394.125,,,,
2026-08-11T18:00:00+03:00,4394.175,4398.83,4369.15,4383.905,,,,
2026-08-11T19:00:00+03:00,4383.92,4385.9,4378.52,4383.46,,,,
2026-08-11T20:00:00+03:00,4383.5,4385.765,4368.935,4369.19,,,,
2026-08-11T21:00:00+03:00,4369.225,4372.69,4360.295,4371.59,,,4360.295,
2026-08-11T22:00:00+03:00,4371.655,4374.28,4361.265,4370.745,,,,
2026-08-11T23:00:00+03:00,4370.78,4371.225,4367.18,4368.245,,,,
2026-08-12T01:00:00+03:00,4372.355,4378.52,4367.28,4369.2,,,,
2026-08-12T02:00:00+03:00,4369.19,4374.77,4362.655,4371.645,,,,
2026-08-12T03:00:00+03:00,4371.65,4383.8,4366.54,4380.5,,,,
2026-08-12T04:00:00+03:00,4380.585,4397.42,4378.445,4396.5,,,,
2026-08-12T05:00:00+03:00,4396.505,4414.5,4394.21,4411.32,,,,
2026-08-12T06:00:00+03:00,4411.355,4416.25,4401.065,4402.36,4416.25,,,
2026-08-12T07:00:00+03:00,4402.365,4403.425,4395.44,4401.175,,,,
2026-08-12T08:00:00+03:00,4401.125,4404.88,4384.02,4391.025,,,,
2026-08-12T09:00:00+03:00,4391.01,4406.445,4385.235,4403.545,,,,
2026-08-12T10:00:00+03:00,4403.535,4410.145,4398.345,4406.355,,,,
2026-08-12T11:00:00+03:00,4406.355,4410.545,4401.8,4401.895,,,,
2026-08-12T12:00:00+03:00,4401.95,4424.46,4401.925,4416.055,,,,
2026-08-12T13:00:00+03:00,4416.09,4421.025,4407.575,4412.88,,,,
2026-08-12T14:00:00+03:00,4412.885,4416.805,4407.995,4412.935,,,,
2026-08-12T15:00:00+03:00,4412.955,4438.305,4382.485,4437.37,,,4382.485,
2026-08-12T16:00:00+03:00,4437.37,4441.315,4408.65,4427.53,4441.315,,,
2026-08-12T17:00:00+03:00,4427.535,4439.75,4416.545,4422.16,,,,
2026-08-12T18:00:00+03:00,4422.245,4430.14,4411.145,4421.17,,,,
2026-08-12T19:00:00+03:00,4421.145,4426.57,4396.575,4401.68,,,,
2026-08-12T20:00:00+03:00,4401.685,4411.575,4399.135,4399.62,,,,
2026-08-12T21:00:00+03:00,4399.625,4418.005,4396.575,4413.165,,,4396.575,
2026-08-12T22:00:00+03:00,4413.185,4418.475,4408.335,4414.08,,,,
2026-08-12T23:00:00+03:00,4413.99,4414.37,4406.725,4408.525,,,,
2026-08-13T01:00:00+03:00,4405.785,4405.8,4398.43,4401.835,,,,
2026-08-13T02:00:00+03:00,4401.925,4414.62,4401.875,4414.515,,,,
2026-08-13T03:00:00+03:00,4414.565,4449.83,4413.06,4427.76,4449.83,,,
2026-08-13T04:00:00+03:00,4427.71,4435.44,4406.33,4408.55,,,,
2026-08-13T05:00:00+03:00,4408.5,4414.245,4399.135,4407.215,,,,
2026-08-13T06:00:00+03:00,4407.145,4412.29,4398.78,4400.3,,,,
2026-08-13T07:00:00+03:00,4400.235,4400.525,4391.615,4397.825,,,,
2026-08-13T08:00:00+03:00,4397.85,4407.31,4380.63,4383.06,,,,
2026-08-13T09:00:00+03:00,4383.12,4385.68,4369.035,4381.06,,,,
2026-08-13T10:00:00+03:00,4380.955,4381.84,4369.405,4369.93,,,,
2026-08-13T11:00:00+03:00,4369.935,4379.355,4364.17,4376.025,,,,4364.17
2026-08-13T12:00:00+03:00,4375.995,4384.92,4372.605,4384.635,,,,
2026-08-13T13:00:00+03:00,4384.66,4393.86,4381.51,4392.245,,,,
2026-08-13T14:00:00+03:00,4392.215,4396.715,4382.99,4387.865,,,,
2026-08-13T15:00:00+03:00,4387.8,4401.9,4380.88,4401.82,,,,
2026-08-13T16:00:00+03:00,4401.745,4402.215,4370.84,4373.045,,4402.215,,
2026-08-13T17:00:00+03:00,4373.055,4387.19,4357.395,4383.705,,,,
2026-08-13T18:00:00+03:00,4383.725,4385.73,4357.755,4365.145,,,,
2026-08-13T19:00:00+03:00,4365.13,4368.5,4351.355,4367,,,,
2026-08-13T20:00:00+03:00,4367.055,4373.435,4355.81,4356.06,,,,
2026-08-13T21:00:00+03:00,4356.05,4363.73,4354.75,4357.045,,,,
2026-08-13T22:00:00+03:00,4357.125,4358.97,4343.65,4350.255,,,,
2026-08-13T23:00:00+03:00,4350.235,4352.28,4346.985,4351.27,,,,
2026-08-14T01:00:00+03:00,4353.405,4362.945,4353.015,4354.91,,,,
2026-08-14T02:00:00+03:00,4354.92,4364.45,4349.315,4356.475,,,,
2026-08-14T03:00:00+03:00,4356.46,4362.045,4329.42,4341.095,,,,
2026-08-14T04:00:00+03:00,4341.085,4341.325,4312.22,4318.255,,,,
2026-08-14T05:00:00+03:00,4318.26,4322.94,4311.27,4315.84,,,,
2026-08-14T06:00:00+03:00,4315.76,4328.465,4313.835,4323.66,,,,
2026-08-14T07:00:00+03:00,4323.67,4328.225,4322.855,4327.015,,,,
2026-08-14T08:00:00+03:00,4327.055,4333.67,4311.04,4333.67,,,,4311.04
2026-08-14T09:00:00+03:00,4333.62,4336.82,4328.05,4335.785,,,,
2026-08-14T10:00:00+03:00,4335.76,4345.385,4329.81,4343.83,,,,
2026-08-14T11:00:00+03:00,4343.855,4349.845,4341.935,4348.605,,,,
2026-08-14T12:00:00+03:00,4348.555,4357.525,4346.14,4357.17,,,,
2026-08-14T13:00:00+03:00,4357.175,4358.76,4348.095,4349.425,,,,
2026-08-14T14:00:00+03:00,4349.47,4369.46,4348.63,4369.195,,,,
2026-08-14T15:00:00+03:00,4369.19,4386.965,4365.79,4373.725,,,,
2026-08-14T16:00:00+03:00,4373.785,4397.06,4370.32,4384.68,,4397.06,,
2026-08-14T17:00:00+03:00,4384.62,4394.745,4378.885,4381.445,,,,
2026-08-14T18:00:00+03:00,4381.47,4394.785,4379.075,4391.695,,,,
2026-08-14T19:00:00+03:00,4391.7,4396.845,4380.415,4386.015,,,,
2026-08-14T20:00:00+03:00,4386.105,4386.53,4376.47,4378.59,,,,
2026-08-14T21:00:00+03:00,4378.585,4382.84,4371.005,4373.6,,,,
2026-08-14T22:00:00+03:00,4373.525,4379.99,4372.115,4376.23,,,,
2026-08-14T23:00:00+03:00,4376.22,4377.005,4371.495,4376.82,,,,
2026-08-17T01:00:00+03:00,4372.68,4386.86,4372.31,4386.04,,,,
2026-08-17T02:00:00+03:00,4386,4386.345,4367.29,4370.235,,,4367.29,
2026-08-17T03:00:00+03:00,4370.315,4402.015,4368.1,4401.005,,,,
2026-08-17T04:00:00+03:00,4400.995,4416.55,4392.055,4395.755,4416.55,,,
2026-08-17T05:00:00+03:00,4395.75,4398.315,4388.455,4393.255,,,,
2026-08-17T06:00:00+03:00,4393.25,4397.69,4388.285,4397.045,,,,
2026-08-17T07:00:00+03:00,4397.035,4399.635,4389.015,4390.86,,,,
2026-08-17T08:00:00+03:00,4390.78,4401.475,4386.94,4394.86,,,,
2026-08-17T09:00:00+03:00,4394.855,4404.71,4392.815,4403.17,,,,
2026-08-17T10:00:00+03:00,4403.085,4411.32,4396.08,4405.19,,4411.32,,
2026-08-17T11:00:00+03:00,4405.195,4405.195,4392.69,4395.18,,,,
2026-08-17T12:00:00+03:00,4395.19,4400.625,4392.55,4395.62,,,,
2026-08-17T13:00:00+03:00,4395.655,4405.97,4392.03,4399.08,,,,
2026-08-17T14:00:00+03:00,4399.115,4404.98,4395.46,4396.75,,,,
2026-08-17T15:00:00+03:00,4396.755,4398.82,4377.355,4384.935,,,4377.355,
2026-08-17T16:00:00+03:00,4385.015,4416.31,4381.94,4408.645,,,,
2026-08-17T17:00:00+03:00,4408.695,4427.6,4403.805,4417.48,,,,
2026-08-17T18:00:00+03:00,4417.485,4427.85,4415.335,4427.615,,,,
2026-08-17T19:00:00+03:00,4427.63,4428.89,4422.675,4424.245,4428.89,,,
2026-08-17T20:00:00+03:00,4424.255,4426.23,4411.205,4413.765,,,,
2026-08-17T21:00:00+03:00,4413.765,4416.255,4398.205,4406.77,,,,
2026-08-17T22:00:00+03:00,4406.68,4421.055,4400.405,4419.965,,,,
2026-08-17T23:00:00+03:00,4419.935,4421.47,4414.61,4416.68,,,,
2026-08-18T01:00:00+03:00,4416.205,4417.28,4410.49,4411.87,,,,
2026-08-18T02:00:00+03:00,4411.92,4426.305,4409.89,4426.12,,,,
2026-08-18T03:00:00+03:00,4426.095,4434.88,4419.06,4434.435,,,,
2026-08-18T04:00:00+03:00,4434.455,4436.23,4404.32,4408.185,4436.23,,,
2026-08-18T05:00:00+03:00,4408.01,4408.39,4394.175,4399.985,,,,
2026-08-18T06:00:00+03:00,4400,4404.175,4390.63,4391.965,,,,
2026-08-18T07:00:00+03:00,4391.98,4395.58,4389.02,4393.69,,,,
2026-08-18T08:00:00+03:00,4393.66,4397.66,4386.185,4394.465,,,4386.185,
2026-08-18T09:00:00+03:00,4394.43,4400.395,4387.755,4398.93,,,,
2026-08-18T10:00:00+03:00,4398.92,4403.735,4395.495,4395.71,,,,
2026-08-18T11:00:00+03:00,4395.825,4398.775,4386.91,4393.44,,,,
2026-08-18T12:00:00+03:00,4393.385,4395.08,4387.03,4393.32,,,,
2026-08-18T13:00:00+03:00,4393.375,4399.68,4389.8,4397.63,,,,
2026-08-18T14:00:00+03:00,4397.705,4399.055,4388.675,4396.07,,,,
2026-08-18T15:00:00+03:00,4396.21,4400.85,4389.67,4394.225,,,,
2026-08-18T16:00:00+03:00,4394.23,4406.9,4376.195,4394.695,,4406.9,,
2026-08-18T17:00:00+03:00,4394.705,4406.48,4363.775,4366.685,,,,
2026-08-18T18:00:00+03:00,4366.725,4377.795,4351.765,4364.925,,,,
2026-08-18T19:00:00+03:00,4364.92,4371.73,4363.125,4363.83,,,,
2026-08-18T20:00:00+03:00,4363.805,4368.355,4356.85,4357.725,,,,
2026-08-18T21:00:00+03:00,4357.755,4361.12,4352.705,4354.43,,,,
2026-08-18T22:00:00+03:00,4354.43,4358.76,4338.395,4345.785,,,,
2026-08-18T23:00:00+03:00,4345.705,4346.665,4329.265,4334.575,,,,
2026-08-19T01:00:00+03:00,4341.965,4343.83,4332.77,4333.83,,,,
2026-08-19T02:00:00+03:00,4334.045,4338.45,4327.27,4333.105,,,,
2026-08-19T03:00:00+03:00,4333.14,4347.42,4331.635,4338.155,,,,
2026-08-19T04:00:00+03:00,4338.015,4357.765,4324.68,4356.63,,,,4324.68
2026-08-19T05:00:00+03:00,4356.72,4362.165,4351.545,4355.085,,,,
2026-08-19T06:00:00+03:00,4355.055,4360.51,4351.96,4355.06,,,,
2026-08-19T07:00:00+03:00,4355.15,4356.29,4344.005,4348.555,,,,
2026-08-19T08:00:00+03:00,4348.53,4350.865,4335.175,4335.695,,,,
2026-08-19T09:00:00+03:00,4335.635,4349.465,4335.415,4349.15,,,,
2026-08-19T10:00:00+03:00,4349.095,4363.34,4347.54,4354.905,,,,
2026-08-19T11:00:00+03:00,4354.805,4363.2,4351.105,4355.735,,,,
2026-08-19T12:00:00+03:00,4355.66,4362.095,4353.45,4362.025,,,,
2026-08-19T13:00:00+03:00,4362.045,4369.585,4359.755,4367.41,,,,
2026-08-19T14:00:00+03:00,4367.435,4374.19,4363.305,4364.655,,,,
2026-08-19T15:00:00+03:00,4364.65,4442.47,4362.115,4438.87,,,,
2026-08-19T16:00:00+03:00,4438.875,4466.29,4424.285,4459.6,,,,
2026-08-19T17:00:00+03:00,4459.59,4498.73,4455.22,4488.245,,,,
2026-08-19T18:00:00+03:00,4488.215,4494.465,4478.355,4493.87,,,,
2026-08-19T19:00:00+03:00,4493.9,4499.425,4490.655,4493.395,,,,
2026-08-19T20:00:00+03:00,4493.52,4499.1,4484.425,4486.965,,,,
2026-08-19T21:00:00+03:00,4486.96,4497.215,4472.18,4495.185,,,,
2026-08-19T22:00:00+03:00,4495.15,4512.27,4494.49,4511.31,,,,
2026-08-19T23:00:00+03:00,4511.265,4524.34,4505.165,4523.05,4524.34,,,
2026-08-20T01:00:00+03:00,4521.405,4523.72,4516.415,4518.915,,,,
2026-08-20T02:00:00+03:00,4518.98,4523.86,4511.36,4511.74,,,,
2026-08-20T03:00:00+03:00,4511.69,4521.44,4503.835,4504.68,,,,
2026-08-20T04:00:00+03:00,4504.705,4510.22,4484.48,4489.88,,,,
2026-08-20T05:00:00+03:00,4489.89,4499.76,4488.68,4490.825,,,,
2026-08-20T06:00:00+03:00,4490.83,4501.255,4488.05,4498.925,,,,
2026-08-20T07:00:00+03:00,4498.95,4499.345,4486.395,4488.63,,,,
2026-08-20T08:00:00+03:00,4488.64,4494.135,4478.075,4481.425,,,4478.075,
2026-08-20T09:00:00+03:00,4481.35,4496.065,4480.17,4493.935,,,,
2026-08-20T10:00:00+03:00,4493.89,4494.145,4483.645,4491.105,,,,
2026-08-20T11:00:00+03:00,4491.105,4498.78,4487.34,4489.35,,,,
2026-08-20T12:00:00+03:00,4489.39,4494.295,4482.005,4482.735,,,,
2026-08-20T13:00:00+03:00,4482.75,4495.145,4480.865,4490.18,,,,
2026-08-20T14:00:00+03:00,4490.21,4491.34,4465.57,4467.175,,,,
2026-08-20T15:00:00+03:00,4467.18,4477.1,4450.745,4474.855,,,,4450.745
2026-08-20T16:00:00+03:00,4474.875,4489.335,4469.35,4481.715,,,,
2026-08-20T17:00:00+03:00,4481.705,4516.315,4480.87,4516.06,,,,
2026-08-20T18:00:00+03:00,4516.145,4541.045,4508.76,4521.735,4541.045,,,
2026-08-20T19:00:00+03:00,4521.755,4524.885,4502.825,4510.07,,,,
2026-08-20T20:00:00+03:00,4510.1,4520.485,4507.79,4520.025,,,,
2026-08-20T21:00:00+03:00,4520.06,4525.365,4508.395,4522.08,,,,
2026-08-20T22:00:00+03:00,4522.065,4532.235,4518.19,4528.745,,,,
2026-08-20T23:00:00+03:00,4528.755,4529.205,4516.835,4518.955,,,,
2026-08-21T01:00:00+03:00,4519.545,4524.42,4517.04,4524.225,,,,
2026-08-21T02:00:00+03:00,4524.215,4533.05,4520.99,4526.405,,,,
2026-08-21T03:00:00+03:00,4526.39,4527.555,4509.8,4510.765,,,,
2026-08-21T04:00:00+03:00,4510.755,4544.01,4508.995,4530.785,,,4508.995,
2026-08-21T05:00:00+03:00,4530.82,4542.96,4518.505,4533.9,,,,
2026-08-21T06:00:00+03:00,4533.845,4538.81,4526.795,4535.57,,,,
2026-08-21T07:00:00+03:00,4535.61,4548.215,4535.515,4540.7,,,,
2026-08-21T08:00:00+03:00,4540.75,4556.46,4529.115,4553.735,,,,
2026-08-21T09:00:00+03:00,4553.82,4567.785,4545.6,4560.955,,,,
2026-08-21T10:00:00+03:00,4560.95,4568.13,4558.565,4564.42,,,,
2026-08-21T11:00:00+03:00,4564.535,4585.13,4559.155,4584.255,,,,
2026-08-21T12:00:00+03:00,4584.285,4602.27,4580.545,4582.725,,,,
2026-08-21T13:00:00+03:00,4582.62,4594.22,4577.93,4588.57,,,,
2026-08-21T14:00:00+03:00,4588.64,4604.61,4587.255,4597.045,,,,
2026-08-21T15:00:00+03:00,4597.125,4601.655,4563.57,4578.08,,,,
2026-08-21T16:00:00+03:00,4578.025,4593.135,4573.4,4581.095,,,,
2026-08-21T17:00:00+03:00,4581.02,4603.625,4579.845,4591.57,,,,
2026-08-21T18:00:00+03:00,4591.575,4615.45,4587.28,4614.625,,,,
2026-08-21T19:00:00+03:00,4614.645,4629.165,4609.11,4628.88,,,,
2026-08-21T20:00:00+03:00,4628.92,4632.145,4615.32,4620.67,4632.145,,,
2026-08-21T21:00:00+03:00,4620.68,4627.845,4619.555,4624.515,,,,
2026-08-21T22:00:00+03:00,4624.555,4625.66,4615.645,4617.03,,,,
2026-08-21T23:00:00+03:00,4617.06,4617.815,4602.67,4602.99,,,,
2026-08-24T01:00:00+03:00,4609.655,4621.245,4606.13,4606.21,,,,
2026-08-24T02:00:00+03:00,4606.255,4624.695,4604.75,4624.085,,,,
2026-08-24T03:00:00+03:00,4624.08,4640.935,4594.515,4621.905,,,4594.515,
2026-08-24T04:00:00+03:00,4621.85,4637.745,4608.155,4632.245,,,,
2026-08-24T05:00:00+03:00,4632.23,4657,4627.73,4643.79,,,,
2026-08-24T06:00:00+03:00,4643.84,4650.25,4633.6,4641.835,,,,
2026-08-24T07:00:00+03:00,4641.82,4642.82,4632.71,4638.93,,,,
2026-08-24T08:00:00+03:00,4638.94,4646.67,4630.015,4640.94,,,,
2026-08-24T09:00:00+03:00,4640.91,4660.125,4639.465,4649.97,,,,
2026-08-24T10:00:00+03:00,4650.005,4654.815,4630.335,4641.615,,,,
2026-08-24T11:00:00+03:00,4641.605,4646.685,4628.895,4638.19,,,4628.895,
2026-08-24T12:00:00+03:00,4638.135,4646.095,4632.895,4645.93,,,,
2026-08-24T13:00:00+03:00,4645.895,4650.21,4641.97,4643.285,,,,
2026-08-24T14:00:00+03:00,4643.26,4670.46,4639.165,4657.905,,,,
2026-08-24T15:00:00+03:00,4657.9,4668.82,4645.625,4662.83,,,,
2026-08-24T16:00:00+03:00,4662.815,4681.02,4656.245,4664.835,4681.02,,,
2026-08-24T17:00:00+03:00,4664.79,4678.725,4655.395,4670.355,,,,
2026-08-24T18:00:00+03:00,4670.375,4679.79,4640.135,4649.335,,,,
2026-08-24T19:00:00+03:00,4649.42,4662.23,4641.845,4645.105,,,,
2026-08-24T20:00:00+03:00,4645.095,4655.475,4630.035,4636.765,,,,
2026-08-24T21:00:00+03:00,4636.785,4642.265,4625.225,4636.555,,,,4625.225
2026-08-24T22:00:00+03:00,4636.515,4656.145,4635.955,4651.95,,,,
2026-08-24T23:00:00+03:00,4651.845,4655.255,4647.27,4651.24,,,,
2026-08-25T01:00:00+03:00,4655.495,4668.525,4655.205,4667.735,,,,
2026-08-25T02:00:00+03:00,4667.705,4682.785,4666.86,4679.93,,,,
2026-08-25T03:00:00+03:00,4679.92,4697.105,4675.445,4684.645,4697.105,,,
2026-08-25T04:00:00+03:00,4684.615,4687.125,4656.775,4658.21,,,,
2026-08-25T05:00:00+03:00,4658.2,4661.66,4617.28,4629.53,,,,4617.28
2026-08-25T06:00:00+03:00,4629.525,4641.35,4622.425,4633.68,,,,
2026-08-25T07:00:00+03:00,4633.655,4637.805,4623.76,4626.03,,,,
2026-08-25T08:00:00+03:00,4626.025,4647.97,4624.115,4643.075,,,,
2026-08-25T09:00:00+03:00,4643.085,4653.43,4637.08,4638.3,,,,
2026-08-25T10:00:00+03:00,4638.305,4643.8,4629.865,4630.19,,,,
2026-08-25T11:00:00+03:00,4630.195,4645.485,4620.09,4630.48,,,,
2026-08-25T12:00:00+03:00,4630.46,4642.585,4624.29,4636.395,,,,
2026-08-25T13:00:00+03:00,4636.455,4642.405,4632.82,4639.29,,,,
2026-08-25T14:00:00+03:00,4639.295,4647.33,4636.48,4642.405,,,,
2026-08-25T15:00:00+03:00,4642.6,4644.235,4630.25,4640.77,,,,
2026-08-25T16:00:00+03:00,4640.76,4641.26,4605.29,4616.875,,,,4605.29
2026-08-25T17:00:00+03:00,4616.88,4640.23,4613.23,4635.575,,,,
2026-08-25T18:00:00+03:00,4635.72,4659.485,4629.495,4652.77,,,,
2026-08-25T19:00:00+03:00,4652.965,4653.38,4637.155,4643.62,,,,
2026-08-25T20:00:00+03:00,4643.625,4648.57,4634.305,4648.515,,,,
2026-08-25T21:00:00+03:00,4648.52,4655.085,4644.45,4654.595,,,,
2026-08-25T22:00:00+03:00,4654.635,4668.25,4653.405,4667.035,,,,
2026-08-25T23:00:00+03:00,4667,4669.115,4657.75,4659.055,,,,
2026-08-26T01:00:00+03:00,4661.445,4673.765,4660.155,4672.67,,4673.765,,
2026-08-26T02:00:00+03:00,4672.605,4673.57,4653.31,4654.945,,,,
2026-08-26T03:00:00+03:00,4654.955,4657.955,4634.505,4637.705,,,,
2026-08-26T04:00:00+03:00,4637.72,4661.005,4629.615,4656.98,,,,
2026-08-26T05:00:00+03:00,4656.95,4670.83,4654.9,4658.42,,,,
2026-08-26T06:00:00+03:00,4658.415,4658.825,4642.76,4642.885,,,,
2026-08-26T07:00:00+03:00,4642.875,4644.64,4638.99,4640.715,,,,
2026-08-26T08:00:00+03:00,4640.765,4649.61,4635.7,4639.905,,,,
2026-08-26T09:00:00+03:00,4639.875,4641.64,4624.71,4634.365,,,,
2026-08-26T10:00:00+03:00,4634.375,4639.395,4626.675,4629.16,,,,
2026-08-26T11:00:00+03:00,4629.08,4630.825,4622.36,4628.49,,,,
2026-08-26T12:00:00+03:00,4628.6,4631.085,4616.415,4623.225,,,,
2026-08-26T13:00:00+03:00,4623.22,4624.235,4613.225,4620.225,,,,
2026-08-26T14:00:00+03:00,4620.245,4625.31,4616.51,4624.75,,,,
2026-08-26T15:00:00+03:00,4624.735,4633.325,4610.97,4614.465,,,,
2026-08-26T16:00:00+03:00,4614.52,4632.025,4598.1,4631.695,,,,
2026-08-26T17:00:00+03:00,4631.72,4633.69,4602.975,4603.125,,4633.69,,
2026-08-26T18:00:00+03:00,4603.15,4609.345,4583.065,4596.21,,,,4583.065
2026-08-26T19:00:00+03:00,4596.24,4601.595,4585.615,4591.64,,,,
2026-08-26T20:00:00+03:00,4591.685,4602.405,4590.84,4597.83,,,,
2026-08-26T21:00:00+03:00,4597.815,4604.735,4592.645,4593.875,,,,
2026-08-26T22:00:00+03:00,4593.93,4601.735,4591.23,4594.455,,,,
2026-08-26T23:00:00+03:00,4594.385,4596.825,4584.19,4594.725,,,,
2026-08-27T01:00:00+03:00,4603.39,4613.41,4601.955,4609.46,,,,
2026-08-27T02:00:00+03:00,4609.5,4625.14,4607.01,4623.7,,,,
2026-08-27T03:00:00+03:00,4623.865,4627.05,4600.735,4605.2,,,,
2026-08-27T04:00:00+03:00,4605.25,4640.91,4602.46,4640.015,,,,
2026-08-27T05:00:00+03:00,4640.03,4643.21,4623.675,4629.85,4643.21,,,
2026-08-27T06:00:00+03:00,4629.78,4638.77,4624.48,4625.63,,,,
2026-08-27T07:00:00+03:00,4625.68,4627.4,4617.28,4618.945,,,,
2026-08-27T08:00:00+03:00,4618.985,4621.75,4600.935,4607.24,,,,
2026-08-27T09:00:00+03:00,4607.23,4612,4597.915,4600.32,,,,
2026-08-27T10:00:00+03:00,4600.265,4605.955,4593.705,4600.39,,,,
2026-08-27T11:00:00+03:00,4600.385,4606.96,4594.765,4599.105,,,,
2026-08-27T12:00:00+03:00,4599.105,4600.9,4577.975,4580.505,,,,
2026-08-27T13:00:00+03:00,4580.53,4590.585,4569.29,4590.14,,,,
2026-08-27T14:00:00+03:00,4590.12,4600.39,4587.32,4598.34,,,,
2026-08-27T15:00:00+03:00,4598.385,4601.225,4580.54,4585.925,,,,
2026-08-27T16:00:00+03:00,4585.985,4593.475,4564.27,4572.515,,,,4564.27
2026-08-27T17:00:00+03:00,4572.595,4598.185,4568.485,4591.39,,,,
2026-08-27T18:00:00+03:00,4591.32,4611.305,4588.94,4610.505,,,,
2026-08-27T19:00:00+03:00,4610.535,4616.695,4602.525,4615,,,,
2026-08-27T20:00:00+03:00,4615.12,4616.55,4605.21,4606.54,,,,
2026-08-27T21:00:00+03:00,4606.645,4611.22,4600.97,4610.345,,,,
2026-08-27T22:00:00+03:00,4610.39,4618.02,4604.215,4609.505,,4618.02,,
2026-08-27T23:00:00+03:00,4609.38,4609.78,4600.115,4602.145,,,,
2026-08-28T01:00:00+03:00,4601.95,4610.78,4601.02,4610.705,,,,
2026-08-28T02:00:00+03:00,4610.695,4611.46,4594.335,4594.59,,,,
2026-08-28T03:00:00+03:00,4594.54,4602.66,4585.845,4588.875,,,,
2026-08-28T04:00:00+03:00,4588.92,4602.32,4575.505,4575.985,,,,
2026-08-28T05:00:00+03:00,4576.015,4589.84,4575.055,4586.545,,,,
2026-08-28T06:00:00+03:00,4586.555,4590.22,4578.75,4580.005,,,,
2026-08-28T07:00:00+03:00,4580,4585.52,4578.05,4584.465,,,,
2026-08-28T08:00:00+03:00,4584.495,4586.405,4571.66,4573.555,,,4571.66,
2026-08-28T09:00:00+03:00,4573.57,4613.22,4572.62,4612.605,,,,
2026-08-28T10:00:00+03:00,4612.55,4614.375,4596.77,4611.835,,,,
2026-08-28T11:00:00+03:00,4611.75,4614.59,4601.065,4602.88,,,,
2026-08-28T12:00:00+03:00,4602.84,4607.425,4600.38,4605.205,,,,
2026-08-28T13:00:00+03:00,4605.29,4609.96,4597.64,4600.295,,,,
2026-08-28T14:00:00+03:00,4600.31,4601.455,4591.44,4593.565,,,,
2026-08-28T15:00:00+03:00,4593.585,4603.775,4589.13,4601.74,,,,
2026-08-28T16:00:00+03:00,4601.82,4627.4,4593.845,4604.605,,,,
2026-08-28T17:00:00+03:00,4603.8,4631.98,4530.02,4576.765,4631.98,,,
2026-08-28T18:00:00+03:00,4576.76,4582.9,4524.125,4524.61,,,,
2026-08-28T19:00:00+03:00,4524.595,4529.625,4464.415,4479.545,,,,
2026-08-28T20:00:00+03:00,4479.53,4486.84,4460.63,4469.43,,,,
2026-08-28T21:00:00+03:00,4469.435,4471.7,4445.455,4456.95,,,,
2026-08-28T22:00:00+03:00,4456.985,4467.185,4453.035,4458.545,,,,
2026-08-28T23:00:00+03:00,4458.535,4462.755,4453.135,4454.99,,,,
2026-08-31T01:00:00+03:00,4445.72,4466.18,4445.545,4461.43,,,,
2026-08-31T02:00:00+03:00,4461.425,4466.95,4435.825,4458.495,,,,
2026-08-31T03:00:00+03:00,4458.51,4472.165,4452.425,4456.305,,4472.165,,
2026-08-31T04:00:00+03:00,4456.31,4463.295,4435.96,4440.26,,,,
2026-08-31T05:00:00+03:00,4440.265,4441.505,4396.525,4422.985,,,,4396.525
2026-08-31T06:00:00+03:00,4422.91,4434.05,4419.955,4422.695,,,,
2026-08-31T07:00:00+03:00,4422.82,4425.06,4413,4424.635,,,,
2026-08-31T08:00:00+03:00,4424.615,4443.98,4419.37,4443.07,,,,
2026-08-31T09:00:00+03:00,4443.015,4443.265,4429.35,4439.47,,,,
2026-08-31T10:00:00+03:00,4439.44,4448.32,4435.23,4443.25,,,,
2026-08-31T11:00:00+03:00,4443.275,4449.53,4433.815,4435.645,,,,
2026-08-31T12:00:00+03:00,4435.69,4445.54,4435.605,4445.38,,,,
2026-08-31T13:00:00+03:00,4445.41,4455.615,4444.88,4453.93,,,,
2026-08-31T14:00:00+03:00,4453.91,4464.23,4452.65,4455.46,,4464.23,,
2026-08-31T15:00:00+03:00,4455.425,4460.935,4435.44,4435.8,,,,
2026-08-31T16:00:00+03:00,4435.81,4448.255,4415.75,4418.7,,,4415.75,
2026-08-31T17:00:00+03:00,4418.69,4436.96,4416.27,4431.815,,,,
2026-08-31T18:00:00+03:00,4431.795,4438.005,4424.735,4426.435,,,,
2026-08-31T19:00:00+03:00,4426.48,4440.4,4423.94,4433.365,,,,
2026-08-31T20:00:00+03:00,4433.36,4440.15,4428.85,4436.64,,,,
2026-08-31T21:00:00+03:00,4436.645,4436.88,4426.3,4431.065,,,,
2026-08-31T22:00:00+03:00,4431.06,4453.76,4429.2,4453.415,,,,
2026-08-31T23:00:00+03:00,4453.46,4455.925,4446.62,4449.24,,,,
2026-09-01T01:00:00+03:00,4454.255,4455.88,4445.65,4447.125,,,,
2026-09-01T02:00:00+03:00,4447.165,4452.545,4441.85,4452.35,,,,
2026-09-01T03:00:00+03:00,4452.395,4461.7,4446.48,4453.745,,4461.7,,
2026-09-01T04:00:00+03:00,4453.81,4457.015,4436.505,4444.51,,,,
2026-09-01T05:00:00+03:00,4444.485,4449.395,4427.695,4443.05,,,,
2026-09-01T06:00:00+03:00,4443.04,4444.175,4431.92,4436.79,,,,
2026-09-01T07:00:00+03:00,4436.795,4437.81,4425.555,4426.815,,,,
2026-09-01T08:00:00+03:00,4426.82,4446.105,4423.705,4440.28,,,,
2026-09-01T09:00:00+03:00,4440.13,4440.63,4427.8,4429.76,,,,
2026-09-01T10:00:00+03:00,4429.755,4435.095,4412.205,4420.19,,,,
2026-09-01T11:00:00+03:00,4420.145,4420.145,4369.365,4370.905,,,,
2026-09-01T12:00:00+03:00,4370.84,4378.26,4364.545,4364.795,,,,
2026-09-01T13:00:00+03:00,4364.785,4386.1,4364.41,4378.255,,,,
2026-09-01T14:00:00+03:00,4378.215,4387.385,4371.97,4374.64,,,,
2026-09-01T15:00:00+03:00,4374.525,4376.265,4352.015,4356.29,,,,
2026-09-01T16:00:00+03:00,4356.3,4367.575,4326.27,4365.28,,,,4326.27
2026-09-01T17:00:00+03:00,4365.49,4375.695,4353.31,4360.44,,,,
2026-09-01T18:00:00+03:00,4360.505,4373.955,4355.23,4372.955,,,,
2026-09-01T19:00:00+03:00,4372.99,4374.79,4347.09,4351.42,,,,
2026-09-01T20:00:00+03:00,4351.47,4352.05,4341.09,4343.025,,,,
2026-09-01T21:00:00+03:00,4343.06,4344.625,4328.305,4331.85,,,,
2026-09-01T22:00:00+03:00,4331.81,4337.78,4322.745,4327.125,,,,
2026-09-01T23:00:00+03:00,4327.145,4330.875,4323.74,4328.405,,,,
2026-09-02T01:00:00+03:00,4331.385,4331.59,4326.385,4329.32,,,,
2026-09-02T02:00:00+03:00,4329.28,4335.9,4322.945,4324.465,,,,
2026-09-02T03:00:00+03:00,4324.455,4334.59,4314.63,4315.905,,,,
2026-09-02T04:00:00+03:00,4315.815,4326.815,4288.44,4291.11,,,,
2026-09-02T05:00:00+03:00,4291.12,4314.855,4287.27,4303.055,,,,
2026-09-02T06:00:00+03:00,4302.95,4304.455,4282.625,4303.45,,,,4282.625
2026-09-02T07:00:00+03:00,4303.44,4308.06,4301.32,4307.465,,,,
2026-09-02T08:00:00+03:00,4307.415,4326.645,4303.72,4320.12,,,,
2026-09-02T09:00:00+03:00,4320.16,4329.325,4314.525,4321.875,,,,
2026-09-02T10:00:00+03:00,4321.84,4331.405,4319.285,4323.17,,,,
2026-09-02T11:00:00+03:00,4323.2,4331.645,4312.685,4313.07,,,,
2026-09-02T12:00:00+03:00,4313.045,4322.54,4304.87,4308.645,,,,
2026-09-02T13:00:00+03:00,4308.68,4312.355,4301.745,4309.395,,,4301.745,
2026-09-02T14:00:00+03:00,4309.35,4333.1,4307.705,4332.495,,,,
2026-09-02T15:00:00+03:00,4332.5,4344.385,4327.495,4331.525,,,,
2026-09-02T16:00:00+03:00,4331.61,4385.515,4330.85,4385.12,,,,
2026-09-02T17:00:00+03:00,4385.105,4397.75,4374.41,4377.04,,4397.75,,
2026-09-02T18:00:00+03:00,4377.065,4381.045,4364.64,4373.195,,,,
2026-09-02T19:00:00+03:00,4373.18,4374.91,4364.52,4368.4,,,,
2026-09-02T20:00:00+03:00,4368.405,4380.855,4364.735,4377.08,,,,
2026-09-02T21:00:00+03:00,4377.075,4379.85,4369.32,4374.265,,,,
2026-09-02T22:00:00+03:00,4374.24,4391.365,4371.83,4391.205,,,,
2026-09-02T23:00:00+03:00,4391.23,4391.67,4384.055,4388.22,,,,
2026-09-03T01:00:00+03:00,4391.29,4391.835,4383.535,4384.75,,,,
2026-09-03T02:00:00+03:00,4384.755,4388.94,4381.25,4385.73,,,,
2026-09-03T03:00:00+03:00,4385.735,4397.985,4382.505,4395.585,,,,
2026-09-03T04:00:00+03:00,4395.645,4412.625,4387.365,4410.565,,,,
2026-09-03T05:00:00+03:00,4410.53,4420.565,4406.795,4420.425,,,,
2026-09-03T06:00:00+03:00,4420.415,4432.685,4419.4,4431.485,,,,
2026-09-03T07:00:00+03:00,4431.455,4438.725,4425.665,4437.405,,,,
2026-09-03T08:00:00+03:00,4437.4,4440.355,4422.585,4431.155,,,,
2026-09-03T09:00:00+03:00,4431.185,4436.38,4417.575,4420.59,,,,
2026-09-03T10:00:00+03:00,4420.61,4431.635,4419.165,4428.91,,,,
2026-09-03T11:00:00+03:00,4428.86,4443.715,4428.135,4434.97,,,,
2026-09-03T12:00:00+03:00,4435.025,4442.04,4425.595,4427.62,,,,
2026-09-03T13:00:00+03:00,4427.66,4429.965,4419.09,4427.345,,,,
2026-09-03T14:00:00+03:00,4427.38,4445.745,4425.12,4444.28,,,,
2026-09-03T15:00:00+03:00,4444.25,4495.23,4437.855,4493.535,,,,
2026-09-03T16:00:00+03:00,4493.585,4496.01,4456.925,4470.785,,,,
2026-09-03T17:00:00+03:00,4470.78,4485.425,4458.385,4485.365,,,,
2026-09-03T18:00:00+03:00,4485.37,4510.93,4484.28,4493.345,4510.93,,,
2026-09-03T19:00:00+03:00,4493.335,4495.57,4485.53,4486.28,,,,
2026-09-03T20:00:00+03:00,4486.36,4494.745,4483.355,4486.695,,,,
2026-09-03T21:00:00+03:00,4486.705,4489.835,4474.02,4475.19,,,,
2026-09-03T22:00:00+03:00,4475.175,4480.805,4472.65,4475.29,,,,
2026-09-03T23:00:00+03:00,4475.235,4475.74,4470.55,4472.965,,,,
2026-09-04T01:00:00+03:00,4476.075,4478.99,4471.515,4474.645,,,,
2026-09-04T02:00:00+03:00,4474.545,4480.4,4471.79,4480.16,,,,
2026-09-04T03:00:00+03:00,4480.06,4487.475,4472.91,4486.4,,,,
2026-09-04T04:00:00+03:00,4486.51,4487.545,4467.125,4478.925,,4487.545,,
2026-09-04T05:00:00+03:00,4479.075,4482.605,4470.43,4477.47,,,,
2026-09-04T06:00:00+03:00,4477.495,4478.73,4467.185,4467.185,,,,
2026-09-04T07:00:00+03:00,4467.145,4475.125,4465.49,4473.825,,,,
2026-09-04T08:00:00+03:00,4473.785,4477.695,4466.91,4472.205,,,,
2026-09-04T09:00:00+03:00,4472.21,4473.5,4460.155,4462.935,,,4460.155,
2026-09-04T10:00:00+03:00,4462.915,4490.895,4461.51,4483.425,4490.895,,,
2026-09-04T11:00:00+03:00,4483.43,4486.54,4474.49,4477.97,,,,
2026-09-04T12:00:00+03:00,4477.95,4479.315,4464,4465.69,,,,
2026-09-04T13:00:00+03:00,4465.665,4476.45,4465.53,4472.955,,,,
2026-09-04T14:00:00+03:00,4473.035,4473.515,4465.145,4467.145,,,,
2026-09-04T15:00:00+03:00,4467.17,4476.665,4376.18,4393.77,,,,
2026-09-04T16:00:00+03:00,4393.735,4434.93,4365.57,4413.285,,,,4365.57
2026-09-04T17:00:00+03:00,4413.27,4442.26,4412.06,4427.605,,,,
2026-09-04T18:00:00+03:00,4427.67,4449,4422.825,4436.655,,,,
2026-09-04T19:00:00+03:00,4436.605,4443.615,4432.31,4436.37,,,,
2026-09-04T20:00:00+03:00,4436.335,4440.55,4415.645,4416.58,,,,
2026-09-04T21:00:00+03:00,4416.615,4426.75,4411.97,4424.035,,,,
2026-09-04T22:00:00+03:00,4424.06,4438.565,4422.615,4434.925,,,,
2026-09-04T23:00:00+03:00,4434.915,4435.245,4428.69,4429.825,,,,
2026-09-07T01:00:00+03:00,4422.495,4435.255,4422.165,4429.39,,,,
2026-09-07T02:00:00+03:00,4429.38,4434.06,4421.165,4423.435,,,,
2026-09-07T03:00:00+03:00,4423.535,4429.605,4410.1,4412.78,,,,
2026-09-07T04:00:00+03:00,4412.75,4416.87,4389.585,4409.215,,,,
2026-09-07T05:00:00+03:00,4409.23,4419.02,4403.085,4408.91,,,,
2026-09-07T06:00:00+03:00,4408.995,4410.705,4401.26,4404.285,,,,
2026-09-07T07:00:00+03:00,4404.27,4407.455,4394.58,4398.145,,,,
2026-09-07T08:00:00+03:00,4398.165,4413.315,4393.25,4394.225,,,,
2026-09-07T09:00:00+03:00,4394.255,4399.865,4385.33,4392.91,,,,
2026-09-07T10:00:00+03:00,4392.945,4406.83,4391.855,4406.45,,,,
2026-09-07T11:00:00+03:00,4406.35,4423.885,4405.275,4411.005,,4423.885,,
2026-09-07T12:00:00+03:00,4411.055,4413.885,4403.695,4405.745,,,,
2026-09-07T13:00:00+03:00,4405.645,4406.355,4388.11,4391.695,,,,
2026-09-07T14:00:00+03:00,4391.68,4394.975,4381.24,4385.33,,,4381.24,
2026-09-07T15:00:00+03:00,4385.335,4398.17,4385.335,4396.845,,,,
2026-09-07T16:00:00+03:00,4396.745,4407.85,4395.47,4402.43,,,,
2026-09-07T17:00:00+03:00,4402.445,4419.655,4401.16,4416.035,,4419.655,,
2026-09-07T18:00:00+03:00,4416.045,4416.705,4408.905,4414.53,,,,
2026-09-07T19:00:00+03:00,4414.515,4417.4,4411.965,4414.575,,,,
2026-09-07T20:00:00+03:00,4414.57,4415.185,4407.125,4407.175,,,,
2026-09-07T21:00:00+03:00,4407.18,4409.185,4403.13,4406.065,,,,
2026-09-08T01:00:00+03:00,4412.87,4413.605,4406.295,4407.645,,,,
2026-09-08T02:00:00+03:00,4407.265,4428.17,4407.245,4423.085,,,,
2026-09-08T03:00:00+03:00,4423.145,4430.325,4415.215,4426.255,,,,
2026-09-08T04:00:00+03:00,4426.24,4440.81,4417.19,4437.245,,,,
2026-09-08T05:00:00+03:00,4437.33,4438.785,4421.295,4424.41,,,,
2026-09-08T06:00:00+03:00,4424.405,4440.235,4422.75,4437.875,,,,
2026-09-08T07:00:00+03:00,4437.965,4442.98,4431.695,4436,,,,
2026-09-08T08:00:00+03:00,4435.985,4437.77,4417.595,4419.675,,,,
2026-09-08T09:00:00+03:00,4419.595,4420.365,4398.325,4405.64,,,,