time,open,high,low,close,сырая HH,сырая LH,сырая HL,сырая LL
2025-09-05T06:00:00+03:00,3551.025,3559.195,3548.775,3558.42,,,,
2025-09-05T07:00:00+03:00,3558.51,3559.32,3556.3,3558.52,,,,
2025-09-05T08:00:00+03:00,3558.55,3561.28,3555.705,3557.79,3561.28,,,
2025-09-05T09:00:00+03:00,3557.8,3558.09,3548.21,3552.71,,,,
2025-09-05T10:00:00+03:00,3552.77,3554.375,3546.635,3548.24,,,,
2025-09-05T11:00:00+03:00,3548.215,3550.035,3544.855,3546.035,,,3544.855,
2025-09-05T12:00:00+03:00,3546.05,3553.92,3545.945,3552.47,,,,
2025-09-05T13:00:00+03:00,3552.48,3553.085,3549.5,3551.885,,,,
2025-09-05T14:00:00+03:00,3551.875,3555.32,3547.9,3553.395,,,,
2025-09-05T15:00:00+03:00,3553.42,3587.04,3548.84,3580.555,,,,
2025-09-05T16:00:00+03:00,3580.565,3595.425,3573.25,3594.74,,,,
2025-09-05T17:00:00+03:00,3594.74,3598.07,3573.24,3590.31,,,,
2025-09-05T18:00:00+03:00,3590.285,3595.515,3581.895,3591.99,,,,
2025-09-05T19:00:00+03:00,3591.955,3600.205,3591.095,3595.175,3600.205,,,
2025-09-05T20:00:00+03:00,3595.19,3597.585,3590.445,3596.43,,,,
2025-09-05T21:00:00+03:00,3596.56,3597.325,3592.57,3595.645,,,,
2025-09-05T22:00:00+03:00,3595.655,3596.155,3592.63,3594.63,,,,
2025-09-05T23:00:00+03:00,3594.615,3595.36,3586.19,3586.545,,,,
2025-09-08T01:00:00+03:00,3591.61,3597.095,3586.95,3592.13,,,,
2025-09-08T02:00:00+03:00,3592.24,3594.105,3587.84,3591.22,,,,
2025-09-08T03:00:00+03:00,3591.21,3594.5,3587.005,3594.41,,,,
2025-09-08T04:00:00+03:00,3594.33,3597.2,3584.905,3589.54,,,,
2025-09-08T05:00:00+03:00,3589.55,3594.585,3586.51,3590.855,,,,
2025-09-08T06:00:00+03:00,3590.87,3592.45,3582.98,3583.51,,,,
2025-09-08T07:00:00+03:00,3583.43,3584.875,3579.72,3581.63,,,3579.72,
2025-09-08T08:00:00+03:00,3581.675,3591.845,3581.21,3591.385,,,,
2025-09-08T09:00:00+03:00,3591.415,3599.035,3589.49,3598.335,,,,
2025-09-08T10:00:00+03:00,3598.33,3613.75,3596.48,3609.49,,,,
2025-09-08T11:00:00+03:00,3609.55,3617.295,3607.3,3611.285,,,,
2025-09-08T12:00:00+03:00,3611.295,3615.165,3608.7,3613.88,,,,
2025-09-08T13:00:00+03:00,3613.925,3622.475,3613.535,3617.075,,,,
2025-09-08T14:00:00+03:00,3617.12,3620.075,3612.725,3619.875,,,,
2025-09-08T15:00:00+03:00,3619.84,3626.09,3614.775,3624.245,,,,
2025-09-08T16:00:00+03:00,3624.21,3637.075,3620.215,3633.39,,,,
2025-09-08T17:00:00+03:00,3633.32,3641.08,3628.895,3640.86,,,,
2025-09-08T18:00:00+03:00,3640.845,3646.545,3633.265,3639.355,3646.545,,,
2025-09-08T19:00:00+03:00,3639.375,3641.735,3635.9,3640.765,,,,
2025-09-08T20:00:00+03:00,3640.74,3641.25,3632.675,3633.585,,,,
2025-09-08T21:00:00+03:00,3633.615,3636.745,3631.935,3636.085,,,,
2025-09-08T22:00:00+03:00,3636.05,3637.69,3632.67,3636.615,,,,
2025-09-08T23:00:00+03:00,3636.595,3638.02,3634.565,3635.85,,,,
2025-09-09T01:00:00+03:00,3636.15,3636.85,3628.83,3629.475,,,,
2025-09-09T02:00:00+03:00,3629.73,3636.33,3628.48,3635.05,,,3628.48,
2025-09-09T03:00:00+03:00,3635.04,3641.015,3633.63,3638.615,,,,
2025-09-09T04:00:00+03:00,3638.605,3647.72,3636.16,3646.59,,,,
2025-09-09T05:00:00+03:00,3646.49,3654.605,3644.925,3647.54,,,,
2025-09-09T06:00:00+03:00,3647.62,3652.08,3642.655,3646.125,,,,
2025-09-09T07:00:00+03:00,3646.14,3657.295,3645.935,3654.995,,,,
2025-09-09T08:00:00+03:00,3654.985,3659.435,3652.755,3655.265,3659.435,,,
2025-09-09T09:00:00+03:00,3655.34,3656.385,3636.62,3647.69,,,,
2025-09-09T10:00:00+03:00,3647.722,3651.095,3641.615,3644.34,,,,
2025-09-09T11:00:00+03:00,3644.325,3651.215,3641.855,3648.1,,,,
2025-09-09T12:00:00+03:00,3648.12,3656.8,3647.81,3653.755,,,,
2025-09-09T13:00:00+03:00,3653.74,3655.94,3648.835,3652.055,,,,
2025-09-09T14:00:00+03:00,3652.09,3654.295,3646.875,3648.075,,,,
2025-09-09T15:00:00+03:00,3648.095,3655.59,3643.775,3647.61,,,,
2025-09-09T16:00:00+03:00,3647.615,3668.32,3646.535,3665.905,,,,
2025-09-09T17:00:00+03:00,3665.95,3674.695,3636.005,3645.075,3674.695,,,
2025-09-09T18:00:00+03:00,3645.09,3646.645,3626.915,3645.665,,,,
2025-09-09T19:00:00+03:00,3645.69,3649.58,3644.2,3645.065,,,,
2025-09-09T20:00:00+03:00,3645.15,3646.5,3641.415,3642.86,,,,
2025-09-09T21:00:00+03:00,3642.915,3645.1,3639.715,3640.455,,,,
2025-09-09T22:00:00+03:00,3640.45,3641.28,3628.65,3629.56,,,,
2025-09-09T23:00:00+03:00,3629.58,3632.95,3626.03,3626.315,,,,
2025-09-10T01:00:00+03:00,3627.45,3635.865,3623.12,3635.49,,,,
2025-09-10T02:00:00+03:00,3635.225,3640.675,3633.535,3633.685,,,,
2025-09-10T03:00:00+03:00,3633.7,3634.635,3621.5,3624.105,,,,
2025-09-10T04:00:00+03:00,3624.13,3632.79,3620.135,3630.6,,,,3620.135
2025-09-10T05:00:00+03:00,3630.605,3638.225,3630.095,3636.275,,,,
2025-09-10T06:00:00+03:00,3636.22,3637.14,3633.125,3636.715,,,,
2025-09-10T07:00:00+03:00,3636.73,3643.39,3636.67,3643.035,,,,
2025-09-10T08:00:00+03:00,3643.02,3645.46,3639.96,3643.04,,,,
2025-09-10T09:00:00+03:00,3642.955,3647.705,3640.755,3643.995,,,,
2025-09-10T10:00:00+03:00,3643.995,3648.605,3641.26,3644.025,,,,
2025-09-10T11:00:00+03:00,3644.115,3647.875,3641.885,3646.065,,,,
2025-09-10T12:00:00+03:00,3645.985,3656.195,3644.93,3655.36,,,,
2025-09-10T13:00:00+03:00,3655.35,3657.535,3651.56,3655.3,,,,
2025-09-10T14:00:00+03:00,3655.315,3656.495,3648.385,3649.27,,,,
2025-09-10T15:00:00+03:00,3649.27,3657.61,3640.34,3644.095,,3657.61,,
2025-09-10T16:00:00+03:00,3644.11,3654.23,3642.125,3651.295,,,,
2025-09-10T17:00:00+03:00,3651.305,3655.575,3643.885,3647.7,,,,
2025-09-10T18:00:00+03:00,3647.745,3648.715,3638.65,3644.51,,,,
2025-09-10T19:00:00+03:00,3644.46,3647.02,3640,3642.825,,,,
2025-09-10T20:00:00+03:00,3642.83,3647.695,3641.815,3647.52,,,,
2025-09-10T21:00:00+03:00,3647.49,3649.69,3644.72,3645.365,,,,
2025-09-10T22:00:00+03:00,3645.44,3646.385,3635.335,3642.14,,,3635.335,
2025-09-10T23:00:00+03:00,3642.115,3642.975,3638.16,3640.585,,,,
2025-09-11T01:00:00+03:00,3644.465,3644.49,3637.96,3639.8,,,,
2025-09-11T02:00:00+03:00,3639.87,3645.695,3638.625,3644.96,,,,
2025-09-11T03:00:00+03:00,3645.005,3647.255,3642.535,3643.965,,,,
2025-09-11T04:00:00+03:00,3643.925,3649.345,3639.865,3641.165,,3649.345,,
2025-09-11T05:00:00+03:00,3641.14,3643.61,3634.255,3637.37,,,,
2025-09-11T06:00:00+03:00,3637.355,3637.355,3629.77,3632.18,,,,
2025-09-11T07:00:00+03:00,3632.18,3634.44,3630.295,3630.7,,,,
2025-09-11T08:00:00+03:00,3630.685,3633.53,3623.495,3625.09,,,,
2025-09-11T09:00:00+03:00,3625.115,3637.92,3622.75,3633.245,,,,
2025-09-11T10:00:00+03:00,3633.245,3633.37,3623.815,3630.09,,,,
2025-09-11T11:00:00+03:00,3630.115,3631.985,3625.47,3626.215,,,,
2025-09-11T12:00:00+03:00,3626.24,3626.24,3614.36,3622.05,,,,
2025-09-11T13:00:00+03:00,3622.03,3625.075,3619.74,3622.08,,,,
2025-09-11T14:00:00+03:00,3622.07,3622.36,3615.56,3616.82,,,,
2025-09-11T15:00:00+03:00,3616.845,3644.085,3612.835,3628.85,,3644.085,,3612.835
2025-09-11T16:00:00+03:00,3629.09,3637.17,3618.48,3630.24,,,,
2025-09-11T17:00:00+03:00,3630.195,3637.96,3626.155,3629.5,,,,
2025-09-11T18:00:00+03:00,3629.565,3639.19,3629.565,3633.06,,,,
2025-09-11T19:00:00+03:00,3633.055,3642.115,3633.04,3636.215,,,,
2025-09-11T20:00:00+03:00,3636.245,3636.73,3631.835,3635.025,,,,
2025-09-11T21:00:00+03:00,3635.045,3637.09,3630.525,3632.465,,,,
2025-09-11T22:00:00+03:00,3632.435,3637.605,3632.305,3637,,,,
2025-09-11T23:00:00+03:00,3636.985,3637.67,3633.255,3634.12,,,,
2025-09-12T01:00:00+03:00,3635.9,3638.525,3633.335,3635.08,,,,
2025-09-12T02:00:00+03:00,3635.09,3636.31,3631.735,3632.01,,,,
2025-09-12T03:00:00+03:00,3632.035,3638.195,3630.625,3636.5,,,,
2025-09-12T04:00:00+03:00,3636.535,3647.765,3636.485,3646.495,,,,
2025-09-12T05:00:00+03:00,3646.545,3651.17,3645.085,3649.195,,,,
2025-09-12T06:00:00+03:00,3649.18,3653.405,3646.715,3653.01,,,,
2025-09-12T07:00:00+03:00,3652.95,3656.36,3651.645,3654.985,,,,
2025-09-12T08:00:00+03:00,3654.96,3656.7,3652.125,3653.105,3656.7,,,
2025-09-12T09:00:00+03:00,3653.19,3654.09,3648.39,3650.62,,,,
2025-09-12T10:00:00+03:00,3650.635,3653.87,3647.86,3648.4,,,,
2025-09-12T11:00:00+03:00,3648.31,3651.415,3639.74,3641.04,,,,
2025-09-12T12:00:00+03:00,3641.05,3647.2,3637.63,3646.465,,,3637.63,
2025-09-12T13:00:00+03:00,3646.475,3652.26,3646.265,3651.335,,,,
2025-09-12T14:00:00+03:00,3651.37,3652.235,3646.885,3647.1,,,,
2025-09-12T15:00:00+03:00,3647.12,3649.04,3638.235,3645.55,,,,
2025-09-12T16:00:00+03:00,3645.58,3652.7,3643.455,3650.795,,,,
2025-09-12T17:00:00+03:00,3650.585,3654.495,3647.425,3648.06,,3654.495,,
2025-09-12T18:00:00+03:00,3648.05,3648.32,3641.79,3644.58,,,,
2025-09-12T19:00:00+03:00,3644.6,3649.8,3642.685,3649.305,,,,
2025-09-12T20:00:00+03:00,3649.33,3650.865,3647.63,3648.895,,,,
2025-09-12T21:00:00+03:00,3648.975,3649.64,3647.215,3648.565,,,,
2025-09-12T22:00:00+03:00,3648.58,3648.61,3643.53,3644.295,,,,
2025-09-12T23:00:00+03:00,3644.23,3645.55,3641.355,3643.085,,,,
2025-09-15T01:00:00+03:00,3644.565,3645.83,3640.035,3642.295,,,,
2025-09-15T02:00:00+03:00,3642.31,3642.31,3636.955,3638.29,,,,
2025-09-15T03:00:00+03:00,3638.26,3642.8,3632.025,3633.475,,,,
2025-09-15T04:00:00+03:00,3633.37,3634.99,3626.46,3634.54,,,,3626.46
2025-09-15T05:00:00+03:00,3634.555,3645.67,3634.32,3641.195,,,,
2025-09-15T06:00:00+03:00,3641.19,3646.515,3640.255,3645.98,,,,
2025-09-15T07:00:00+03:00,3645.995,3646.95,3643.87,3645.86,,3646.95,,
2025-09-15T08:00:00+03:00,3645.735,3646.385,3642.275,3643.625,,,,
2025-09-15T09:00:00+03:00,3643.635,3643.95,3636.5,3636.525,,,,
2025-09-15T10:00:00+03:00,3636.515,3645.17,3633.675,3643.96,,,3633.675,
2025-09-15T11:00:00+03:00,3643.805,3645.89,3640.925,3645.58,,,,
2025-09-15T12:00:00+03:00,3645.585,3646.195,3635.66,3641.32,,,,
2025-09-15T13:00:00+03:00,3641.345,3646.545,3639.015,3639.895,,,,
2025-09-15T14:00:00+03:00,3639.9,3646.855,3639.03,3642.685,,,,
2025-09-15T15:00:00+03:00,3642.795,3650.98,3636.93,3650.51,,,,
2025-09-15T16:00:00+03:00,3650.55,3664.315,3647.005,3657.22,,,,
2025-09-15T17:00:00+03:00,3657.195,3663.985,3654.01,3663.59,,,,
2025-09-15T18:00:00+03:00,3663.66,3681.94,3663.035,3680.51,,,,
2025-09-15T19:00:00+03:00,3680.515,3685.695,3674.74,3679.26,3685.695,,,
2025-09-15T20:00:00+03:00,3679.31,3682.705,3678.64,3681.89,,,,
2025-09-15T21:00:00+03:00,3681.885,3682.2,3675.965,3676.95,,,,
2025-09-15T22:00:00+03:00,3676.985,3682.79,3676.775,3681.055,,,,
2025-09-15T23:00:00+03:00,3681.045,3682.01,3678.53,3678.79,,,,
2025-09-16T01:00:00+03:00,3680.135,3680.55,3676.505,3679.11,,,,
2025-09-16T02:00:00+03:00,3679.13,3680.6,3676.165,3676.84,,,,
2025-09-16T03:00:00+03:00,3676.835,3687.035,3676.305,3686.455,,,,
2025-09-16T04:00:00+03:00,3686.49,3689.51,3677.13,3679.54,,,,
2025-09-16T05:00:00+03:00,3679.505,3682.88,3674.705,3677.745,,,3674.705,
2025-09-16T06:00:00+03:00,3677.665,3683.235,3677.115,3681.06,,,,
2025-09-16T07:00:00+03:00,3681.165,3685.435,3680.26,3684.32,,,,
2025-09-16T08:00:00+03:00,3684.325,3684.6,3680.285,3682.735,,,,
2025-09-16T09:00:00+03:00,3682.745,3694.25,3681.69,3693.565,,,,
2025-09-16T10:00:00+03:00,3693.515,3694.21,3686.375,3686.475,,,,
2025-09-16T11:00:00+03:00,3686.44,3697.405,3686.24,3694.435,,,,
2025-09-16T12:00:00+03:00,3694.46,3699.13,3693.14,3698.435,,,,
2025-09-16T13:00:00+03:00,3698.43,3698.925,3692.725,3693.085,,,,
2025-09-16T14:00:00+03:00,3693.13,3699.62,3690.55,3697.335,,,,
2025-09-16T15:00:00+03:00,3697.355,3697.66,3686.465,3689.39,,,,
2025-09-16T16:00:00+03:00,3689.355,3698.76,3685.25,3695.785,,,,
2025-09-16T17:00:00+03:00,3695.685,3703.24,3685.69,3686.51,3703.24,,,
2025-09-16T18:00:00+03:00,3686.525,3689.015,3678.885,3686.43,,,3678.885,
2025-09-16T19:00:00+03:00,3686.45,3691.375,3684.81,3689.88,,,,
2025-09-16T20:00:00+03:00,3689.89,3691.07,3686.36,3687.75,,,,
2025-09-16T21:00:00+03:00,3687.765,3691.025,3686.53,3690.725,,,,
2025-09-16T22:00:00+03:00,3690.735,3691.26,3687.87,3689.79,,,,
2025-09-16T23:00:00+03:00,3689.78,3693.94,3689.505,3689.855,,,,
2025-09-17T01:00:00+03:00,3691.345,3692.84,3689.935,3692.095,,,,
2025-09-17T02:00:00+03:00,3692.105,3695.4,3691.895,3694.44,,,,
2025-09-17T03:00:00+03:00,3694.48,3695.52,3691.14,3691.18,,3695.52,,
2025-09-17T04:00:00+03:00,3691.215,3692.02,3676.025,3679.505,,,,
2025-09-17T05:00:00+03:00,3679.475,3684.01,3674.15,3682.35,,,,
2025-09-17T06:00:00+03:00,3682.345,3683.72,3679.875,3681.86,,,,
2025-09-17T07:00:00+03:00,3681.905,3682.62,3680.53,3680.775,,,,
2025-09-17T08:00:00+03:00,3680.805,3686.07,3675.905,3679.225,,,,
2025-09-17T09:00:00+03:00,3679.21,3680.185,3670.7,3675.195,,,,
2025-09-17T10:00:00+03:00,3675.185,3677.49,3666.725,3667.09,,,,
2025-09-17T11:00:00+03:00,3667.095,3668.03,3662.635,3664.98,,,,
2025-09-17T12:00:00+03:00,3664.975,3671.135,3664.035,3668.005,,,,
2025-09-17T13:00:00+03:00,3667.94,3670,3660.455,3661.51,,,,
2025-09-17T14:00:00+03:00,3661.425,3670.03,3660.02,3666.02,,,,3660.02
2025-09-17T15:00:00+03:00,3666.025,3679.52,3665.7,3678.845,,,,
2025-09-17T16:00:00+03:00,3678.895,3682.685,3672.85,3678.925,,,,
2025-09-17T17:00:00+03:00,3678.95,3686.15,3676.98,3684.455,,,,
2025-09-17T18:00:00+03:00,3684.44,3687.27,3682.88,3684.315,,,,
2025-09-17T19:00:00+03:00,3684.32,3688.595,3684.085,3684.81,,,,
2025-09-17T20:00:00+03:00,3684.82,3687.73,3678.795,3686.08,,,,
2025-09-17T21:00:00+03:00,3686.06,3707.555,3646.125,3650.465,3707.555,,,3646.125
2025-09-17T22:00:00+03:00,3650.455,3667.12,3646.29,3661.915,,,,
2025-09-17T23:00:00+03:00,3661.9,3661.9,3656.28,3659.975,,,,
2025-09-18T01:00:00+03:00,3659.625,3665.48,3654.815,3662.865,,,,
2025-09-18T02:00:00+03:00,3662.88,3672.125,3662.06,3669.055,,,,
2025-09-18T03:00:00+03:00,3669.05,3669.915,3658.08,3665.34,,,,
2025-09-18T04:00:00+03:00,3665.365,3668.905,3651.695,3657.15,,,,
2025-09-18T05:00:00+03:00,3657.195,3666.01,3655.455,3664.735,,,,
2025-09-18T06:00:00+03:00,3664.73,3666.035,3657.98,3658.64,,,,
2025-09-18T07:00:00+03:00,3658.72,3659.395,3653.445,3653.6,,,,
2025-09-18T08:00:00+03:00,3653.605,3659.34,3649.49,3651.44,,,,
2025-09-18T09:00:00+03:00,3651.425,3651.91,3634.055,3637.56,,,,3634.055
2025-09-18T10:00:00+03:00,3637.535,3660.09,3635.6,3659.055,,,,
2025-09-18T11:00:00+03:00,3659.14,3665.975,3653.82,3665.59,,,,
2025-09-18T12:00:00+03:00,3665.585,3673.205,3664.75,3671.745,,3673.205,,
2025-09-18T13:00:00+03:00,3671.735,3672.655,3665.54,3667.17,,,,
2025-09-18T14:00:00+03:00,3667.205,3671.015,3664.455,3667.26,,,,
2025-09-18T15:00:00+03:00,3667.355,3672.535,3663.02,3663.295,,,,
2025-09-18T16:00:00+03:00,3663.3,3664.42,3627.96,3642.195,,,,3627.96
2025-09-18T17:00:00+03:00,3642.2,3646.615,3634.35,3638.385,,,,
2025-09-18T18:00:00+03:00,3638.44,3642.335,3636.905,3641.43,,,,
2025-09-18T19:00:00+03:00,3641.375,3647.33,3640.865,3646.29,,,,
2025-09-18T20:00:00+03:00,3646.28,3646.845,3643.36,3643.62,,,,
2025-09-18T21:00:00+03:00,3643.605,3643.635,3640.495,3641.415,,,,
2025-09-18T22:00:00+03:00,3641.37,3647.14,3640.675,3646.765,,,,
2025-09-18T23:00:00+03:00,3646.77,3647.235,3643.91,3644.18,,,,
2025-09-19T01:00:00+03:00,3642.92,3643.205,3639.495,3640.27,,,,
2025-09-19T02:00:00+03:00,3640.275,3642.08,3637.955,3640.195,,,,
2025-09-19T03:00:00+03:00,3640.2,3642.79,3636.145,3640.1,,,,
2025-09-19T04:00:00+03:00,3640.105,3651.4,3632.38,3639.985,,,3632.38,
2025-09-19T05:00:00+03:00,3639.87,3650.4,3638.99,3647.47,,,,
2025-09-19T06:00:00+03:00,3647.475,3656.61,3645.445,3653.81,,,,
2025-09-19T07:00:00+03:00,3653.825,3660.075,3653.815,3658.875,,,,
2025-09-19T08:00:00+03:00,3658.895,3661.355,3651.465,3652.44,,3661.355,,
2025-09-19T09:00:00+03:00,3652.525,3654.2,3643.4,3647.015,,,,
2025-09-19T10:00:00+03:00,3647.05,3657.475,3644.6,3654.05,,,,
2025-09-19T11:00:00+03:00,3654.03,3656.69,3649.715,3655.64,,,,
2025-09-19T12:00:00+03:00,3655.8,3658.9,3655.325,3658.71,,,,
2025-09-19T13:00:00+03:00,3658.715,3659.29,3655.205,3655.96,,,,
2025-09-19T14:00:00+03:00,3655.965,3656.045,3645.765,3648.52,,,,
2025-09-19T15:00:00+03:00,3648.53,3651.965,3644.495,3649.445,,,,
2025-09-19T16:00:00+03:00,3649.42,3664.59,3643.785,3663.31,,,3643.785,
2025-09-19T17:00:00+03:00,3663.31,3669.355,3656.425,3667.14,,,,
2025-09-19T18:00:00+03:00,3667.155,3676.015,3665.42,3670.95,,,,
2025-09-19T19:00:00+03:00,3670.925,3673.39,3666.555,3668.345,,,,
2025-09-19T20:00:00+03:00,3668.285,3679.57,3668.105,3678.7,,,,
2025-09-19T21:00:00+03:00,3678.73,3684.23,3678.075,3683.67,,,,
2025-09-19T22:00:00+03:00,3683.665,3685.255,3681.285,3684.45,,,,
2025-09-19T23:00:00+03:00,3684.475,3685.74,3680.8,3684.975,,,,
2025-09-22T01:00:00+03:00,3687.77,3692.29,3683.545,3688.555,,,,
2025-09-22T02:00:00+03:00,3688.51,3690.61,3685.685,3686.315,,,,
2025-09-22T03:00:00+03:00,3686.27,3691.22,3685.655,3691.04,,,,
2025-09-22T04:00:00+03:00,3690.99,3696.945,3686.775,3689.305,,,,
2025-09-22T05:00:00+03:00,3689.33,3693.47,3685.46,3686.52,,,,
2025-09-22T06:00:00+03:00,3686.495,3697.59,3686.085,3695.6,,,,
2025-09-22T07:00:00+03:00,3695.585,3696.09,3690.04,3692.215,,,,
2025-09-22T08:00:00+03:00,3692.29,3700.44,3691.92,3697.08,,,,
2025-09-22T09:00:00+03:00,3697.11,3720.07,3695.655,3714.39,,,,
2025-09-22T10:00:00+03:00,3714.375,3716.535,3708.64,3713.27,,,,
2025-09-22T11:00:00+03:00,3713.215,3722.58,3712.455,3720.31,,,,
2025-09-22T12:00:00+03:00,3720.3,3726.965,3719.38,3723.225,,,,
2025-09-22T13:00:00+03:00,3723.24,3728.49,3721.045,3727.505,,,,
2025-09-22T14:00:00+03:00,3727.545,3728.44,3721.18,3724.65,,,,
2025-09-22T15:00:00+03:00,3724.675,3725.505,3712.25,3721.635,,,,
2025-09-22T16:00:00+03:00,3721.67,3725.575,3713.75,3722.39,,,,
2025-09-22T17:00:00+03:00,3722.4,3726.47,3716.9,3725.975,,,,
2025-09-22T18:00:00+03:00,3726.045,3736.485,3723.615,3736.235,,,,
2025-09-22T19:00:00+03:00,3736.24,3739.63,3735.27,3737.085,,,,
2025-09-22T20:00:00+03:00,3737.09,3747.32,3737.09,3746.61,,,,
2025-09-22T21:00:00+03:00,3746.595,3748.09,3744.62,3747.68,,,,
2025-09-22T22:00:00+03:00,3747.695,3748.86,3742.455,3747.685,,,,
2025-09-22T23:00:00+03:00,3747.7,3748.62,3745.51,3746.355,,,,
2025-09-23T01:00:00+03:00,3747.125,3747.76,3738.125,3740.2,,,,
2025-09-23T02:00:00+03:00,3740.265,3749.255,3739.19,3747.795,,,,
2025-09-23T03:00:00+03:00,3747.785,3750.675,3745.03,3747.26,,,,
2025-09-23T04:00:00+03:00,3747.25,3759.42,3745.74,3754.715,3759.42,,,
2025-09-23T05:00:00+03:00,3754.71,3755.545,3736.66,3742,,,3736.66,
2025-09-23T06:00:00+03:00,3741.99,3747.28,3739.2,3746.76,,,,
2025-09-23T07:00:00+03:00,3746.745,3747.655,3743.285,3744.87,,,,
2025-09-23T08:00:00+03:00,3744.665,3758.805,3743.385,3753.235,,,,
2025-09-23T09:00:00+03:00,3753.2,3757.53,3751.33,3753.9,,,,
2025-09-23T10:00:00+03:00,3753.915,3757.5,3748.985,3753.455,,,,
2025-09-23T11:00:00+03:00,3753.41,3775.285,3753.13,3774.485,,,,
2025-09-23T12:00:00+03:00,3774.48,3791.255,3774.205,3784.89,3791.255,,,
2025-09-23T13:00:00+03:00,3784.915,3787.92,3780.785,3783,,,,
2025-09-23T14:00:00+03:00,3783.035,3788.925,3779.745,3783.68,,,,
2025-09-23T15:00:00+03:00,3783.75,3785.47,3777.56,3784.495,,,,
2025-09-23T16:00:00+03:00,3784.48,3788.81,3774.085,3783.95,,,,
2025-09-23T17:00:00+03:00,3783.94,3784.945,3767.615,3774.175,,,,
2025-09-23T18:00:00+03:00,3774.2,3782.12,3772.965,3779.36,,,,
2025-09-23T19:00:00+03:00,3779.395,3782.06,3765.03,3779.35,,,,
2025-09-23T20:00:00+03:00,3779.385,3785.84,3775.93,3777.515,,,,
2025-09-23T21:00:00+03:00,3777.57,3781.445,3756.275,3756.915,,,,
2025-09-23T22:00:00+03:00,3756.89,3768.315,3752.075,3764.475,,,3752.075,
2025-09-23T23:00:00+03:00,3764.53,3767.495,3762.65,3764.205,,,,
2025-09-24T01:00:00+03:00,3765.31,3766.615,3761.67,3765.47,,,,
2025-09-24T02:00:00+03:00,3765.45,3770.07,3762.07,3763.83,,,,
2025-09-24T03:00:00+03:00,3763.805,3765.545,3759.09,3765.22,,,,
2025-09-24T04:00:00+03:00,3765.28,3771.945,3755.08,3756.49,,,,
2025-09-24T05:00:00+03:00,3756.47,3759.36,3750.51,3756.96,,,,3750.51
2025-09-24T06:00:00+03:00,3756.965,3766.67,3752.275,3765.415,,,,
2025-09-24T07:00:00+03:00,3765.465,3768.44,3763.335,3768.34,,,,
2025-09-24T08:00:00+03:00,3768.345,3777.075,3767.98,3774.87,,,,
2025-09-24T09:00:00+03:00,3774.875,3776.165,3769.155,3771.25,,,,
2025-09-24T10:00:00+03:00,3771.395,3779.34,3770.79,3777.47,,3779.34,,
2025-09-24T11:00:00+03:00,3777.54,3777.96,3767.145,3770.13,,,,
2025-09-24T12:00:00+03:00,3770.045,3771.775,3763.175,3768.465,,,,
2025-09-24T13:00:00+03:00,3768.455,3768.71,3759.89,3762.265,,,,
2025-09-24T14:00:00+03:00,3762.295,3769.605,3759.68,3769.145,,,,
2025-09-24T15:00:00+03:00,3769.13,3771.645,3764.045,3768.175,,,,
2025-09-24T16:00:00+03:00,3768.16,3772.97,3759.05,3761.26,,,,
2025-09-24T17:00:00+03:00,3761.25,3765.335,3749.725,3752.755,,,,
2025-09-24T18:00:00+03:00,3752.805,3756.71,3739.71,3741.22,,,,
2025-09-24T19:00:00+03:00,3741.235,3745.32,3732.37,3735.765,,,,
2025-09-24T20:00:00+03:00,3735.82,3738.965,3732.44,3733.2,,,,
2025-09-24T21:00:00+03:00,3733.17,3734.08,3722.825,3724.285,,,,
2025-09-24T22:00:00+03:00,3724.345,3731.835,3717.52,3730.145,,,,3717.52
2025-09-24T23:00:00+03:00,3730.155,3737.48,3730.025,3736.165,,,,
2025-09-25T01:00:00+03:00,3739.61,3745.18,3739.025,3741.225,,,,
2025-09-25T02:00:00+03:00,3741.21,3745.52,3739.17,3743.115,,,,
2025-09-25T03:00:00+03:00,3743.015,3751.535,3741.645,3749.03,,3751.535,,
2025-09-25T04:00:00+03:00,3748.845,3750.59,3732.955,3736.17,,,,
2025-09-25T05:00:00+03:00,3736.16,3742.38,3729.635,3739.715,,,3729.635,
2025-09-25T06:00:00+03:00,3739.7,3739.81,3734.375,3736.68,,,,
2025-09-25T07:00:00+03:00,3736.745,3740.74,3731.795,3738.18,,,,
2025-09-25T08:00:00+03:00,3738.24,3741.51,3734.17,3738.61,,,,
2025-09-25T09:00:00+03:00,3738.6,3748.295,3737.685,3740.99,,,,
2025-09-25T10:00:00+03:00,3741.05,3755.08,3740.13,3752.445,,,,
2025-09-25T11:00:00+03:00,3752.42,3761.69,3751.3,3756.58,3761.69,,,
2025-09-25T12:00:00+03:00,3756.65,3761.28,3750.465,3757.08,,,,
2025-09-25T13:00:00+03:00,3757.13,3760.975,3755.635,3757.17,,,,
2025-09-25T14:00:00+03:00,3757.165,3757.585,3741.23,3753.16,,,,
2025-09-25T15:00:00+03:00,3753.025,3755.9,3730.66,3738.855,,,,
2025-09-25T16:00:00+03:00,3738.89,3745.815,3722.22,3733.845,,,,3722.22
2025-09-25T17:00:00+03:00,3733.855,3736.645,3723.76,3731.655,,,,
2025-09-25T18:00:00+03:00,3731.67,3738.855,3728.085,3736.05,,,,
2025-09-25T19:00:00+03:00,3736.06,3742.845,3732.595,3733.7,,,,
2025-09-25T20:00:00+03:00,3733.695,3744.27,3732.405,3741.755,,,,
2025-09-25T21:00:00+03:00,3741.815,3758.43,3736.76,3755.24,,3758.43,,
2025-09-25T22:00:00+03:00,3755.275,3756.815,3744.785,3746.74,,,,
2025-09-25T23:00:00+03:00,3746.745,3752.495,3746.25,3749.44,,,,
2025-09-26T01:00:00+03:00,3747.235,3751.615,3746.4,3748.905,,,,
2025-09-26T02:00:00+03:00,3749.125,3749.965,3738.175,3744.855,,,,
2025-09-26T03:00:00+03:00,3744.775,3749.72,3740.08,3749.72,,,,
2025-09-26T04:00:00+03:00,3749.75,3753.31,3737.85,3739.27,,,,
2025-09-26T05:00:00+03:00,3739.235,3742.94,3737.695,3738.535,,,,
2025-09-26T06:00:00+03:00,3738.585,3746.11,3734.44,3745.735,,,3734.44,
2025-09-26T07:00:00+03:00,3745.75,3747.835,3744.7,3747.72,,,,
2025-09-26T08:00:00+03:00,3747.665,3749.65,3741.735,3741.93,,,,
2025-09-26T09:00:00+03:00,3741.89,3754.13,3741.415,3743.525,,,,
2025-09-26T10:00:00+03:00,3743.52,3749.65,3739.345,3748.11,,,,
2025-09-26T11:00:00+03:00,3748.135,3755.24,3747.245,3753.015,,,,
2025-09-26T12:00:00+03:00,3752.99,3754.55,3747.215,3751.615,,,,
2025-09-26T13:00:00+03:00,3751.46,3755.16,3742.955,3744.625,,,,
2025-09-26T14:00:00+03:00,3744.685,3753.06,3744.405,3748.78,,,,
2025-09-26T15:00:00+03:00,3748.755,3757.505,3746.53,3752.045,,,,
2025-09-26T16:00:00+03:00,3752.055,3766.425,3751.225,3761.98,,,,
2025-09-26T17:00:00+03:00,3761.79,3783.885,3761.605,3778.935,3783.885,,,
2025-09-26T18:00:00+03:00,3778.93,3781.19,3772.995,3780.51,,,,
2025-09-26T19:00:00+03:00,3780.495,3781.365,3771.41,3774.365,,,,
2025-09-26T20:00:00+03:00,3774.39,3783.19,3774.14,3783.075,,,,
2025-09-26T21:00:00+03:00,3783.09,3783.355,3774.73,3778.6,,,,
2025-09-26T22:00:00+03:00,3778.605,3778.615,3764.605,3766.825,,,,
2025-09-26T23:00:00+03:00,3766.84,3769.705,3759.66,3759.855,,,3759.66,
2025-09-29T01:00:00+03:00,3764.745,3771.295,3763.45,3770.605,,,,
2025-09-29T02:00:00+03:00,3770.535,3772.605,3766.525,3766.92,,,,
2025-09-29T03:00:00+03:00,3766.87,3787.61,3763.935,3787.135,,,,
2025-09-29T04:00:00+03:00,3787.075,3788.725,3767.91,3778.715,,,,
2025-09-29T05:00:00+03:00,3778.74,3798.79,3777.765,3792.905,,,,
2025-09-29T06:00:00+03:00,3792.89,3799.49,3792.2,3794.565,,,,
2025-09-29T07:00:00+03:00,3794.49,3809.195,3792.58,3805.1,,,,
2025-09-29T08:00:00+03:00,3805.15,3814.655,3801.29,3813.635,,,,
2025-09-29T09:00:00+03:00,3813.665,3819.915,3810.91,3817.405,,,,
2025-09-29T10:00:00+03:00,3817.285,3819.57,3804.985,3806.24,,,,
2025-09-29T11:00:00+03:00,3806.265,3819.6,3806.265,3818.845,,,,
2025-09-29T12:00:00+03:00,3818.825,3819.825,3806.95,3807.555,,,,
2025-09-29T13:00:00+03:00,3807.58,3818.715,3806.47,3818.055,,,,
2025-09-29T14:00:00+03:00,3818.01,3831.45,3816.51,3828.915,,,,
2025-09-29T15:00:00+03:00,3828.92,3830.625,3811.75,3813.795,,,,
2025-09-29T16:00:00+03:00,3813.84,3828.19,3809.425,3821.46,,,,
2025-09-29T17:00:00+03:00,3821.365,3830.695,3816.63,3828.275,,,,
2025-09-29T18:00:00+03:00,3828.345,3833.315,3820.96,3830.49,,,,
2025-09-29T19:00:00+03:00,3830.485,3833.655,3828.19,3830.45,,,,
2025-09-29T20:00:00+03:00,3830.465,3832.98,3824.19,3828.915,,,,
2025-09-29T21:00:00+03:00,3828.985,3830.765,3823.31,3824.51,,,,
2025-09-29T22:00:00+03:00,3824.485,3829.78,3822.6,3828.88,,,,
2025-09-29T23:00:00+03:00,3828.855,3834.3,3827.795,3833.88,,,,
2025-09-30T01:00:00+03:00,3832.57,3832.645,3825.78,3830.805,,,,
2025-09-30T02:00:00+03:00,3830.7,3833.49,3828.13,3832.905,,,,
2025-09-30T03:00:00+03:00,3832.965,3840.905,3831.08,3839.155,,,,
2025-09-30T04:00:00+03:00,3839.03,3851.06,3838.11,3848.275,,,,
2025-09-30T05:00:00+03:00,3848.26,3852.105,3842.72,3848.2,,,,
2025-09-30T06:00:00+03:00,3848.205,3867.405,3846.02,3864.94,,,,
2025-09-30T07:00:00+03:00,3864.88,3867.21,3862.105,3867.175,,,,
2025-09-30T08:00:00+03:00,3867.17,3870.54,3862.52,3869.82,,,,
2025-09-30T09:00:00+03:00,3869.855,3871.89,3854.81,3855.74,3871.89,,,
2025-09-30T10:00:00+03:00,3855.755,3859.415,3839.545,3843.92,,,,
2025-09-30T11:00:00+03:00,3843.805,3847.32,3807.61,3816.37,,,,
2025-09-30T12:00:00+03:00,3816.29,3821.635,3793.175,3798.815,,,3793.175,
2025-09-30T13:00:00+03:00,3798.82,3814.735,3798.305,3812.295,,,,
2025-09-30T14:00:00+03:00,3812.24,3817.87,3804.625,3815.39,,,,
2025-09-30T15:00:00+03:00,3815.38,3821.805,3808.945,3819.475,,,,
2025-09-30T16:00:00+03:00,3819.495,3829.975,3811.735,3823.725,,,,
2025-09-30T17:00:00+03:00,3823.61,3854.7,3820.385,3854.08,,,,
2025-09-30T18:00:00+03:00,3854.06,3854.175,3831.365,3838.91,,,,
2025-09-30T19:00:00+03:00,3838.9,3848.025,3837.88,3846.025,,,,
2025-09-30T20:00:00+03:00,3846.045,3849.38,3842.845,3844.085,,,,
2025-09-30T21:00:00+03:00,3844.13,3849.045,3839.655,3848.045,,,,
2025-09-30T22:00:00+03:00,3848.03,3860.79,3847.145,3859.08,,,,
2025-09-30T23:00:00+03:00,3859.065,3860.145,3850.66,3858.45,,,,
2025-10-01T01:00:00+03:00,3860.08,3861.53,3854.775,3860.015,,,,
2025-10-01T02:00:00+03:00,3860.085,3863.185,3860.085,3863.03,,,,
2025-10-01T03:00:00+03:00,3863.05,3865.375,3858.76,3860.535,,,,
2025-10-01T04:00:00+03:00,3860.47,3869.09,3859.14,3869.065,,,,
2025-10-01T05:00:00+03:00,3869.085,3875.56,3858.37,3863.595,,,,
2025-10-01T06:00:00+03:00,3863.585,3866.65,3855.705,3862.16,,,,
2025-10-01T07:00:00+03:00,3862.125,3865.13,3857.66,3864.99,,,,
2025-10-01T08:00:00+03:00,3864.98,3869.865,3862.28,3863.605,,,,
2025-10-01T09:00:00+03:00,3863.6,3864.88,3853.38,3859.31,,,3853.38,
2025-10-01T10:00:00+03:00,3859.265,3879.86,3859.105,3879.35,,,,
2025-10-01T11:00:00+03:00,3879.35,3895.5,3879.23,3892.95,3895.5,,,
2025-10-01T12:00:00+03:00,3892.94,3895.155,3883.715,3888.94,,,,
2025-10-01T13:00:00+03:00,3888.945,3889.645,3885.21,3887.735,,,,
2025-10-01T14:00:00+03:00,3887.715,3888.585,3878.06,3883.78,,,,
2025-10-01T15:00:00+03:00,3883.915,3891.13,3864.65,3870.575,,,,
2025-10-01T16:00:00+03:00,3870.585,3877.145,3863.72,3873.055,,,,
2025-10-01T17:00:00+03:00,3872.995,3878.88,3856.335,3873.1,,,,
2025-10-01T18:00:00+03:00,3873.07,3876.865,3858.045,3868.625,,,,
2025-10-01T19:00:00+03:00,3868.645,3871.595,3860.645,3870.955,,,,
2025-10-01T20:00:00+03:00,3870.95,3871.91,3860.645,3860.85,,,,
2025-10-01T21:00:00+03:00,3860.875,3866.34,3855.155,3862.185,,,3855.155,
2025-10-01T22:00:00+03:00,3862.24,3871.1,3861.455,3867.75,,,,
2025-10-01T23:00:00+03:00,3867.745,3867.805,3860.43,3865.53,,,,
2025-10-02T01:00:00+03:00,3864.41,3865.78,3858.855,3862.225,,,,
2025-10-02T02:00:00+03:00,3862.23,3866.7,3857.755,3863.49,,,,
2025-10-02T03:00:00+03:00,3863.495,3863.685,3856.075,3856.09,,,,
2025-10-02T04:00:00+03:00,3856.055,3865.29,3852.835,3865.175,,,,3852.835
2025-10-02T05:00:00+03:00,3865.22,3870.06,3861.54,3866.17,,,,
2025-10-02T06:00:00+03:00,3866.09,3869.565,3864.065,3866.635,,,,
2025-10-02T07:00:00+03:00,3866.64,3867.725,3861.75,3864.3,,,,
2025-10-02T08:00:00+03:00,3864.34,3871.255,3864.34,3868.06,,,,
2025-10-02T09:00:00+03:00,3868.05,3874.37,3861.98,3864.155,,,,
2025-10-02T10:00:00+03:00,3864.145,3874.985,3861.7,3868.555,,,,
2025-10-02T11:00:00+03:00,3868.53,3878.86,3864.765,3874.66,,,,
2025-10-02T12:00:00+03:00,3874.625,3880.03,3873.465,3879.21,,,,
2025-10-02T13:00:00+03:00,3879.22,3883.95,3875.865,3881.745,,,,
2025-10-02T14:00:00+03:00,3881.75,3886.76,3879.73,3886.39,,,,
2025-10-02T15:00:00+03:00,3886.41,3892.185,3880.105,3884.515,,,,
2025-10-02T16:00:00+03:00,3884.525,3897.13,3873.725,3875.29,3897.13,,,
2025-10-02T17:00:00+03:00,3875.285,3877.05,3825.4,3839.98,,,,
2025-10-02T18:00:00+03:00,3840.04,3844.96,3819.425,3828.31,,,,3819.425
2025-10-02T19:00:00+03:00,3828.295,3845.5,3827.18,3845.035,,,,
2025-10-02T20:00:00+03:00,3845.06,3847.735,3840.61,3844.385,,,,
2025-10-02T21:00:00+03:00,3844.395,3851.625,3843.555,3850.92,,,,
2025-10-02T22:00:00+03:00,3850.96,3859.27,3850.625,3855.575,,,,
2025-10-02T23:00:00+03:00,3855.57,3859.395,3853.595,3856.56,,,,
2025-10-03T01:00:00+03:00,3857.14,3858.47,3852.07,3857.13,,,,
2025-10-03T02:00:00+03:00,3857.085,3863.715,3856.74,3862.415,,3863.715,,
2025-10-03T03:00:00+03:00,3862.27,3862.855,3856.395,3856.88,,,,
2025-10-03T04:00:00+03:00,3856.82,3862.825,3847.5,3858.55,,,,
2025-10-03T05:00:00+03:00,3858.505,3859.1,3847.65,3848.105,,,,
2025-10-03T06:00:00+03:00,3848.1,3851.12,3838.07,3842.915,,,3838.07,
2025-10-03T07:00:00+03:00,3842.825,3848.43,3841.7,3844.1,,,,
2025-10-03T08:00:00+03:00,3844.24,3859.285,3844.035,3855.23,,,,
2025-10-03T09:00:00+03:00,3855.135,3861.11,3851.05,3859.26,,,,
2025-10-03T10:00:00+03:00,3859.29,3865.38,3856.95,3864.45,,,,
2025-10-03T11:00:00+03:00,3864.455,3865.805,3860.095,3865.01,,,,
2025-10-03T12:00:00+03:00,3865,3865.105,3857.04,3864.405,,,,
2025-10-03T13:00:00+03:00,3864.41,3867.78,3862.08,3865.92,,,,
2025-10-03T14:00:00+03:00,3865.915,3867.235,3854.66,3862.145,,,,
2025-10-03T15:00:00+03:00,3862.185,3875.135,3860.605,3873.95,,,,
2025-10-03T16:00:00+03:00,3873.965,3890.805,3870.245,3882.885,,,,
2025-10-03T17:00:00+03:00,3882.705,3886.3,3866.425,3879.835,,,,
2025-10-03T18:00:00+03:00,3879.86,3891.76,3873.85,3889.565,3891.76,,,
2025-10-03T19:00:00+03:00,3889.57,3889.845,3880.62,3883.74,,,,
2025-10-03T20:00:00+03:00,3883.795,3886.085,3876.985,3881.905,,,,
2025-10-03T21:00:00+03:00,3881.95,3889.265,3880.185,3886.125,,,,
2025-10-03T22:00:00+03:00,3886.12,3889.295,3883.495,3885.825,,,,
2025-10-03T23:00:00+03:00,3885.79,3887.315,3882.94,3886.455,,,,
2025-10-06T01:00:00+03:00,3891.335,3904.44,3884.115,3899.42,,,,
2025-10-06T02:00:00+03:00,3899.405,3920.975,3897.95,3909.73,,,,
2025-10-06T03:00:00+03:00,3909.76,3910.215,3899.03,3900.39,,,,
2025-10-06T04:00:00+03:00,3900.445,3918.47,3899.8,3918.18,,,,
2025-10-06T05:00:00+03:00,3918.2,3924.905,3917.715,3921.05,,,,
2025-10-06T06:00:00+03:00,3921.02,3932.15,3920.05,3929.63,,,,
2025-10-06T07:00:00+03:00,3929.68,3940.55,3928.875,3938.89,,,,
2025-10-06T08:00:00+03:00,3938.83,3945.33,3927.44,3932.565,,,,
2025-10-06T09:00:00+03:00,3932.575,3934.98,3922.5,3934.44,,,,
2025-10-06T10:00:00+03:00,3934.455,3944.065,3929.305,3941.79,,,,
2025-10-06T11:00:00+03:00,3941.8,3949.67,3935.39,3942.61,3949.67,,,
2025-10-06T12:00:00+03:00,3942.65,3945.065,3936.67,3942.495,,,,
2025-10-06T13:00:00+03:00,3942.525,3946.76,3932.52,3942.235,,,,
2025-10-06T14:00:00+03:00,3942.225,3942.81,3931.03,3938.265,,,,
2025-10-06T15:00:00+03:00,3938.22,3941.43,3926.465,3934.385,,,3926.465,
2025-10-06T16:00:00+03:00,3934.375,3947.26,3927.21,3944.74,,,,
2025-10-06T17:00:00+03:00,3944.75,3958.895,3940.39,3955.18,,,,
2025-10-06T18:00:00+03:00,3955.07,3964.17,3948.195,3962.66,,,,
2025-10-06T19:00:00+03:00,3962.655,3970.2,3945.88,3954.175,,,,
2025-10-06T20:00:00+03:00,3954.27,3959.05,3951.145,3958.03,,,,
2025-10-06T21:00:00+03:00,3958.115,3960.665,3955.895,3958.585,,,,
2025-10-06T22:00:00+03:00,3958.55,3965.155,3958.36,3959.585,,,,
2025-10-06T23:00:00+03:00,3959.515,3962.4,3957.34,3960.69,,,,
2025-10-07T01:00:00+03:00,3960.62,3976.155,3958.86,3963.625,,,,
2025-10-07T02:00:00+03:00,3963.545,3972.79,3961.88,3969.61,,,,
2025-10-07T03:00:00+03:00,3969.625,3977.4,3961.435,3962.81,3977.4,,,
2025-10-07T04:00:00+03:00,3962.805,3963.845,3955.87,3958.115,,,,
2025-10-07T05:00:00+03:00,3958.085,3967.105,3957.385,3964.905,,,,
2025-10-07T06:00:00+03:00,3964.83,3974.755,3960.955,3973.55,,,,
2025-10-07T07:00:00+03:00,3973.525,3977.045,3971.515,3976.05,,,,
2025-10-07T08:00:00+03:00,3975.89,3977.015,3960.115,3964.725,,,,
2025-10-07T09:00:00+03:00,3964.76,3966.455,3953.795,3955.045,,,,
2025-10-07T10:00:00+03:00,3955.075,3956.355,3943.315,3945.86,,,,
2025-10-07T11:00:00+03:00,3945.765,3954.07,3941.055,3951.325,,,3941.055,
2025-10-07T12:00:00+03:00,3951.32,3963.675,3951.135,3955.32,,,,
2025-10-07T13:00:00+03:00,3955.31,3962.82,3954.2,3960.175,,,,
2025-10-07T14:00:00+03:00,3960.22,3969.325,3956.455,3967.045,,,,
2025-10-07T15:00:00+03:00,3966.995,3980.095,3964.48,3979.5,,,,
2025-10-07T16:00:00+03:00,3979.38,3985.65,3970.415,3979.33,,,,
2025-10-07T17:00:00+03:00,3979.295,3986.8,3968.775,3985.74,,,,
2025-10-07T18:00:00+03:00,3985.83,3991.135,3961.75,3966.165,3991.135,,,
2025-10-07T19:00:00+03:00,3966.195,3979.59,3963.105,3976.825,,,,
2025-10-07T20:00:00+03:00,3976.845,3987.855,3976.485,3980.815,,,,
2025-10-07T21:00:00+03:00,3980.83,3984.01,3974.155,3981.01,,,,
2025-10-07T22:00:00+03:00,3981.1,3983.545,3978.515,3980.195,,,,
2025-10-07T23:00:00+03:00,3980.17,3986.725,3980.165,3984.33,,,,
2025-10-08T01:00:00+03:00,3986.275,3990.76,3985.015,3989.6,,,,
2025-10-08T02:00:00+03:00,3989.59,3996.2,3988.42,3994.44,,,,
2025-10-08T03:00:00+03:00,3994.425,3999.445,3989.395,3992.325,,,,
2025-10-08T04:00:00+03:00,3992.305,4001.045,3984.32,4000.785,,,,
2025-10-08T05:00:00+03:00,4000.76,4011.88,3995.67,4011.84,,,,
2025-10-08T06:00:00+03:00,4011.825,4016.725,4008.87,4014.66,,,,
2025-10-08T07:00:00+03:00,4014.655,4027.355,4014.595,4026.9,,,,
2025-10-08T08:00:00+03:00,4026.81,4037.16,4024.755,4029.125,,,,
2025-10-08T09:00:00+03:00,4029.145,4033.245,4021.33,4031.745,,,,
2025-10-08T10:00:00+03:00,4031.775,4039.285,4030.27,4034.27,,,,
2025-10-08T11:00:00+03:00,4034.345,4040.595,4033.18,4036.455,,,,
2025-10-08T12:00:00+03:00,4036.46,4049.7,4030.77,4049.365,4049.7,,,
2025-10-08T13:00:00+03:00,4049.35,4049.62,4033.47,4037.23,,,,
2025-10-08T14:00:00+03:00,4037.295,4038.29,4032.145,4038.195,,,,
2025-10-08T15:00:00+03:00,4038.185,4046.51,4030.99,4040.25,,,,
2025-10-08T16:00:00+03:00,4040.2,4049.695,4026.175,4038.025,,,4026.175,
2025-10-08T17:00:00+03:00,4038.04,4049.285,4035.705,4048.225,,,,
2025-10-08T18:00:00+03:00,4048.275,4050.69,4037.2,4045.75,,,,
2025-10-08T19:00:00+03:00,4045.745,4059.35,4044.425,4056.7,4059.35,,,
2025-10-08T20:00:00+03:00,4056.695,4058.1,4042.96,4051.325,,,,
2025-10-08T21:00:00+03:00,4051.32,4053.23,4038.6,4050.08,,,,
2025-10-08T22:00:00+03:00,4050.095,4054.6,4032.13,4044.805,,,,
2025-10-08T23:00:00+03:00,4044.825,4046.625,4038.55,4041.9,,,,
2025-10-09T01:00:00+03:00,4036.775,4037.1,4015.465,4021.51,,,,
2025-10-09T02:00:00+03:00,4021.515,4022.16,4001.33,4011.78,,,,4001.33
2025-10-09T03:00:00+03:00,4011.785,4028.205,4008.57,4023.095,,,,
2025-10-09T04:00:00+03:00,4023.11,4036.54,4008.235,4019.675,,,,
2025-10-09T05:00:00+03:00,4019.73,4021.545,4002.725,4018.765,,,,
2025-10-09T06:00:00+03:00,4018.74,4029.77,4017.13,4026.93,,,,
2025-10-09T07:00:00+03:00,4026.94,4041.265,4026.94,4038.98,,,,
2025-10-09T08:00:00+03:00,4038.945,4043.7,4034.375,4039.805,,,,
2025-10-09T09:00:00+03:00,4039.87,4041.025,4022.67,4025.985,,,,
2025-10-09T10:00:00+03:00,4025.95,4032.83,4024.745,4031.7,,,,
2025-10-09T11:00:00+03:00,4031.69,4040.49,4030.31,4038.22,,,,
2025-10-09T12:00:00+03:00,4038.3,4042.255,4034.14,4037.61,,,,
2025-10-09T13:00:00+03:00,4037.65,4044.26,4036.495,4044.2,,,,
2025-10-09T14:00:00+03:00,4044.245,4046.71,4033.63,4044.43,,,,
2025-10-09T15:00:00+03:00,4044.465,4053.72,4037.535,4053.5,,,,
2025-10-09T16:00:00+03:00,4053.575,4058.11,4016.91,4017.315,,4058.11,,
2025-10-09T17:00:00+03:00,4017.3,4029.29,4004.13,4024.1,,,,
2025-10-09T18:00:00+03:00,4024,4028.865,4006.545,4014.475,,,,
2025-10-09T19:00:00+03:00,4014.42,4021.695,3963.905,3969.025,,,,
2025-10-09T20:00:00+03:00,3969.08,3974.635,3944.435,3950.375,,,,3944.435
2025-10-09T21:00:00+03:00,3950.33,3968.94,3949.57,3957.475,,,,
2025-10-09T22:00:00+03:00,3957.45,3982.175,3955.375,3973.46,,,,
2025-10-09T23:00:00+03:00,3973.34,3979.23,3973.045,3976.24,,,,
2025-10-10T01:00:00+03:00,3977.265,3980.7,3958.855,3975.31,,,,
2025-10-10T02:00:00+03:00,3975.345,3991.28,3974.565,3989.805,,,,
2025-10-10T03:00:00+03:00,3989.785,3994.52,3985.53,3991.3,,3994.52,,
2025-10-10T04:00:00+03:00,3991.27,3992.48,3969.885,3973.275,,,,
2025-10-10T05:00:00+03:00,3973.27,3986.91,3973.27,3978.63,,,,
2025-10-10T06:00:00+03:00,3978.615,3979.385,3960.695,3961.88,,,,
2025-10-10T07:00:00+03:00,3961.895,3966.905,3947.02,3966.29,,,3947.02,
2025-10-10T08:00:00+03:00,3966.285,3977.775,3965.835,3974.85,,,,
2025-10-10T09:00:00+03:00,3974.845,3976.065,3962.64,3968.495,,,,
2025-10-10T10:00:00+03:00,3968.54,3976.41,3952.855,3972.04,,,,
2025-10-10T11:00:00+03:00,3972.025,3995.005,3970.28,3991.98,,,,
2025-10-10T12:00:00+03:00,3992.005,4006.735,3990.41,3995.87,4006.735,,,
2025-10-10T13:00:00+03:00,3995.64,4000.32,3990.85,3993.925,,,,
2025-10-10T14:00:00+03:00,3993.955,3999.91,3983.44,3987.135,,,,
2025-10-10T15:00:00+03:00,3987.21,3993.635,3980.12,3985.805,,,,
2025-10-10T16:00:00+03:00,3985.765,3998.145,3975.63,3981.02,,,,
2025-10-10T17:00:00+03:00,3981.03,3994.315,3970.855,3990.285,,,3970.855,
2025-10-10T18:00:00+03:00,3990.275,4023,3988.135,3997.805,4023,,,
2025-10-10T19:00:00+03:00,3997.695,3998.725,3977.35,3983.545,,,,
2025-10-10T20:00:00+03:00,3983.595,3992.325,3975.235,3990.185,,,,
2025-10-10T21:00:00+03:00,3990.24,4009.215,3984.41,3999.195,,,,
2025-10-10T22:00:00+03:00,3999.125,4021.51,3995.835,4011.365,,,,
2025-10-10T23:00:00+03:00,4011.435,4020.335,4006.015,4016.68,,,,
2025-10-13T01:00:00+03:00,4017.625,4045.68,3998.15,4042.47,,,,
2025-10-13T02:00:00+03:00,4042.485,4060.545,4032.235,4035.19,4060.545,,,
2025-10-13T03:00:00+03:00,4035.205,4060.02,4024.39,4043.97,,,,
2025-10-13T04:00:00+03:00,4044.145,4055.17,4035.99,4053.265,,,,
2025-10-13T05:00:00+03:00,4053.25,4056.065,4041.58,4048.34,,,,
2025-10-13T06:00:00+03:00,4048.365,4056.62,4046.565,4052,,,,
2025-10-13T07:00:00+03:00,4051.98,4059.485,4051.09,4056.255,,,,
2025-10-13T08:00:00+03:00,4056.225,4078.235,4054.81,4063.765,,,,
2025-10-13T09:00:00+03:00,4063.745,4073.865,4059.47,4069.41,,,,
2025-10-13T10:00:00+03:00,4069.45,4077.63,4066.685,4071.225,,,,
2025-10-13T11:00:00+03:00,4071.21,4079.25,4068.925,4077.87,,,,
2025-10-13T12:00:00+03:00,4077.895,4079.92,4070.215,4077.42,,,,
2025-10-13T13:00:00+03:00,4077.41,4085.445,4071.185,4081,,,,
2025-10-13T14:00:00+03:00,4080.98,4084.83,4073.715,4074.03,,,,
2025-10-13T15:00:00+03:00,4074.135,4086.215,4073.315,4079.76,,,,
2025-10-13T16:00:00+03:00,4079.795,4095.675,4078.485,4094.25,,,,
2025-10-13T17:00:00+03:00,4094.21,4104.02,4090.795,4097.4,,,,
2025-10-13T18:00:00+03:00,4097.305,4107.585,4091.695,4105.045,,,,
2025-10-13T19:00:00+03:00,4105.06,4117.42,4103.78,4105.715,4117.42,,,
2025-10-13T20:00:00+03:00,4105.8,4115.61,4100.065,4103.64,,,,
2025-10-13T21:00:00+03:00,4103.585,4107.53,4099.285,4101.945,,,,
2025-10-13T22:00:00+03:00,4101.94,4111.05,4090.935,4108.66,,,,
2025-10-13T23:00:00+03:00,4108.695,4112.615,4106.065,4110.335,,,,
2025-10-14T01:00:00+03:00,4112.47,4115.875,4106.68,4115.055,,,,
2025-10-14T02:00:00+03:00,4115.015,4132.025,4112.99,4127.8,,,,
2025-10-14T03:00:00+03:00,4127.835,4130.375,4119.42,4124.62,,,,
2025-10-14T04:00:00+03:00,4124.54,4150.065,4123.335,4137.05,,,,
2025-10-14T05:00:00+03:00,4137.1,4149.985,4136.8,4146.01,,,,
2025-10-14T06:00:00+03:00,4146.005,4166.53,4145.21,4163.18,,,,
2025-10-14T07:00:00+03:00,4163.18,4170.03,4155.99,4168.16,,,,
2025-10-14T08:00:00+03:00,4168.08,4179.935,4110.63,4121.36,4179.935,,,
2025-10-14T09:00:00+03:00,4121.345,4134.27,4090.145,4112.375,,,4090.145,
2025-10-14T10:00:00+03:00,4112.38,4128.135,4102.73,4126.575,,,,
2025-10-14T11:00:00+03:00,4126.57,4145.07,4124.72,4143.95,,,,
2025-10-14T12:00:00+03:00,4143.9,4144.275,4121.67,4127.4,,,,
2025-10-14T13:00:00+03:00,4127.34,4144.615,4124.72,4131.5,,,,
2025-10-14T14:00:00+03:00,4131.55,4138.065,4125.925,4130.415,,,,
2025-10-14T15:00:00+03:00,4130.505,4134.605,4103.28,4106.47,,,,
2025-10-14T16:00:00+03:00,4106.465,4129.46,4097.74,4124.105,,,4097.74,
2025-10-14T17:00:00+03:00,4123.855,4137.845,4121.26,4129.46,,,,
2025-10-14T18:00:00+03:00,4129.47,4142.71,4126.42,4138.075,,,,
2025-10-14T19:00:00+03:00,4138.095,4155.495,4127.765,4140.39,,,,
2025-10-14T20:00:00+03:00,4140.36,4152.955,4137.33,4148.15,,,,
2025-10-14T21:00:00+03:00,4148.145,4152.73,4143.275,4148.285,,,,
2025-10-14T22:00:00+03:00,4148.245,4150.585,4134.695,4141.92,,,,
2025-10-14T23:00:00+03:00,4141.94,4146.15,4139.465,4142.625,,,,
2025-10-15T01:00:00+03:00,4140.755,4163.595,4140.735,4158.33,,,,
2025-10-15T02:00:00+03:00,4158.47,4167.375,4157.15,4161.56,,,,
2025-10-15T03:00:00+03:00,4161.505,4169.82,4153.8,4162.53,,,,
2025-10-15T04:00:00+03:00,4162.505,4186.9,4162.075,4181.855,,,,
2025-10-15T05:00:00+03:00,4181.86,4184.865,4167.02,4176.705,,,,
2025-10-15T06:00:00+03:00,4176.715,4190.95,4176.36,4187.19,,,,
2025-10-15T07:00:00+03:00,4187.205,4187.615,4173.19,4179.805,,,,
2025-10-15T08:00:00+03:00,4179.76,4193.645,4176.795,4185.805,,,,
2025-10-15T09:00:00+03:00,4185.75,4200.46,4184.26,4199.41,,,,
2025-10-15T10:00:00+03:00,4199.39,4209.905,4194.45,4207.96,,,,
2025-10-15T11:00:00+03:00,4208.015,4218.405,4207.35,4208.075,4218.405,,,
2025-10-15T12:00:00+03:00,4208.1,4212.355,4164.24,4192.48,,,4164.24,
2025-10-15T13:00:00+03:00,4192.355,4206.23,4190.31,4202.96,,,,
2025-10-15T14:00:00+03:00,4202.915,4204.255,4193.485,4198.74,,,,
2025-10-15T15:00:00+03:00,4198.745,4202.87,4176.295,4190.835,,,,
2025-10-15T16:00:00+03:00,4190.865,4198.99,4183.05,4192.145,,,,
2025-10-15T17:00:00+03:00,4192.135,4212.615,4191.73,4200.245,,,,
2025-10-15T18:00:00+03:00,4200.225,4203.19,4179.47,4190.635,,,,
2025-10-15T19:00:00+03:00,4190.67,4200.075,4186.4,4199.155,,,,
2025-10-15T20:00:00+03:00,4199.18,4199.86,4182.71,4197.88,,,,
2025-10-15T21:00:00+03:00,4197.9,4204.625,4195.105,4200.84,,,,
2025-10-15T22:00:00+03:00,4200.835,4213.54,4200.56,4210.35,,,,
2025-10-15T23:00:00+03:00,4210.36,4212.77,4206.075,4207.77,,,,
2025-10-16T01:00:00+03:00,4212.565,4216.06,4199.965,4213.05,,,,
2025-10-16T02:00:00+03:00,4213.07,4215.99,4206.35,4209.45,,,,
2025-10-16T03:00:00+03:00,4209.455,4227.4,4204.84,4210.55,,,,
2025-10-16T04:00:00+03:00,4210.535,4233.21,4210.5,4230.3,,,,
2025-10-16T05:00:00+03:00,4230.36,4239.735,4226.17,4239.73,,,,
2025-10-16T06:00:00+03:00,4239.725,4242.38,4229.07,4233.86,4242.38,,,
2025-10-16T07:00:00+03:00,4233.855,4239.64,4228.2,4233.53,,,,
2025-10-16T08:00:00+03:00,4233.515,4234.925,4203.55,4204.895,,,4203.55,
2025-10-16T09:00:00+03:00,4204.905,4227.48,4203.61,4222.945,,,,
2025-10-16T10:00:00+03:00,4222.94,4234.315,4222.31,4230.78,,,,
2025-10-16T11:00:00+03:00,4230.835,4236.21,4228.535,4233.11,,,,
2025-10-16T12:00:00+03:00,4233.125,4242.055,4221.98,4239.54,,,,
2025-10-16T13:00:00+03:00,4239.525,4246.23,4234.155,4242.71,,,,
2025-10-16T14:00:00+03:00,4242.72,4247.7,4239.555,4240.605,,,,
2025-10-16T15:00:00+03:00,4240.625,4251.345,4227.675,4236.235,,,,
2025-10-16T16:00:00+03:00,4236.25,4258.775,4235.04,4245.975,,,,
2025-10-16T17:00:00+03:00,4245.95,4267.575,4245.6,4263.335,,,,
2025-10-16T18:00:00+03:00,4263.375,4276.09,4260.76,4273.69,,,,
2025-10-16T19:00:00+03:00,4273.71,4292.195,4261.5,4282.81,,,,
2025-10-16T20:00:00+03:00,4282.825,4298.72,4279.845,4293.84,,,,
2025-10-16T21:00:00+03:00,4293.885,4294.85,4273.3,4290.845,,,,
2025-10-16T22:00:00+03:00,4290.835,4312.875,4287.635,4307.495,,,,
2025-10-16T23:00:00+03:00,4307.535,4330.9,4307.535,4326.065,,,,
2025-10-17T01:00:00+03:00,4338.03,4380.99,4333.165,4346.955,4380.99,,,
2025-10-17T02:00:00+03:00,4346.965,4379.51,4341.48,4365.815,,,,
2025-10-17T03:00:00+03:00,4365.805,4371.76,4353.685,4358.145,,,,
2025-10-17T04:00:00+03:00,4358.17,4362.345,4278.68,4314.345,,,4278.68,
2025-10-17T05:00:00+03:00,4314.175,4348.515,4312.295,4342.81,,,,
2025-10-17T06:00:00+03:00,4342.81,4367.01,4339.055,4366.995,,,,
2025-10-17T07:00:00+03:00,4366.995,4377.535,4354.815,4376.62,,,,
2025-10-17T08:00:00+03:00,4376.585,4378.765,4342.18,4366.17,,4378.765,,
2025-10-17T09:00:00+03:00,4366.235,4369.81,4346.81,4360.365,,,,
2025-10-17T10:00:00+03:00,4360.195,4362.065,4306.255,4342.685,,,,
2025-10-17T11:00:00+03:00,4342.525,4349.975,4321.16,4347.53,,,,
2025-10-17T12:00:00+03:00,4347.555,4348.47,4332.46,4340.42,,,,
2025-10-17T13:00:00+03:00,4340.4,4342.285,4319.505,4327.905,,,,
2025-10-17T14:00:00+03:00,4327.885,4335.96,4286.745,4287.19,,,,
2025-10-17T15:00:00+03:00,4287.48,4320.25,4283.665,4314.73,,,,
2025-10-17T16:00:00+03:00,4314.8,4317.79,4258.335,4274.08,,,,
2025-10-17T17:00:00+03:00,4274.13,4274.74,4215.775,4248.98,,,,
2025-10-17T18:00:00+03:00,4248.95,4259.455,4231.065,4237.63,,,,
2025-10-17T19:00:00+03:00,4237.635,4245.19,4200.53,4205.12,,,,
2025-10-17T20:00:00+03:00,4205.24,4228.69,4185.91,4221.01,,,,4185.91
2025-10-17T21:00:00+03:00,4221.07,4244.955,4218.05,4235.77,,,,
2025-10-17T22:00:00+03:00,4235.82,4238.225,4212.54,4226.23,,,,
2025-10-17T23:00:00+03:00,4226.18,4255.31,4220.37,4253.975,,,,
2025-10-20T01:00:00+03:00,4267.075,4268.27,4245.345,4256.06,,,,
2025-10-20T02:00:00+03:00,4255.99,4256.455,4233.465,4238.115,,,,
2025-10-20T03:00:00+03:00,4238.11,4250.95,4219.115,4249.425,,,,
2025-10-20T04:00:00+03:00,4249.36,4269.12,4229.325,4262.445,,,,
2025-10-20T05:00:00+03:00,4262.5,4271.285,4253.33,4255.61,,4271.285,,
2025-10-20T06:00:00+03:00,4255.615,4265.295,4248.775,4264.72,,,,
2025-10-20T07:00:00+03:00,4264.69,4268.285,4260.375,4266.15,,,,
2025-10-20T08:00:00+03:00,4266.37,4266.815,4239.675,4240.1,,,,
2025-10-20T09:00:00+03:00,4240.21,4245.795,4221.205,4236.295,,,4221.205,
2025-10-20T10:00:00+03:00,4236.265,4260.81,4234.65,4255.145,,,,
2025-10-20T11:00:00+03:00,4255.135,4266.12,4252.4,4258.7,,,,
2025-10-20T12:00:00+03:00,4258.71,4263.675,4250.445,4260.775,,,,
2025-10-20T13:00:00+03:00,4260.765,4260.965,4245.77,4254.68,,,,
2025-10-20T14:00:00+03:00,4254.665,4279.645,4251.04,4279.075,,,,
2025-10-20T15:00:00+03:00,4279.06,4327.445,4272.8,4323.54,,,,
2025-10-20T16:00:00+03:00,4323.55,4325.36,4299.595,4300.96,,,,
2025-10-20T17:00:00+03:00,4300.965,4334.71,4292.85,4332.285,,,,
2025-10-20T18:00:00+03:00,4332.3,4355.65,4332.28,4349.12,,,,
2025-10-20T19:00:00+03:00,4349.115,4350.85,4342.735,4347.75,,,,
2025-10-20T20:00:00+03:00,4347.74,4351.255,4337.195,4348.085,,,,
2025-10-20T21:00:00+03:00,4348.115,4364.8,4344.53,4359.375,,,,
2025-10-20T22:00:00+03:00,4359.365,4381.44,4359.2,4377.905,4381.44,,,
2025-10-20T23:00:00+03:00,4377.84,4379.95,4346.23,4355.795,,,,
2025-10-21T01:00:00+03:00,4366.33,4375.625,4357.51,4367.69,,,,
2025-10-21T02:00:00+03:00,4367.655,4371.875,4356.83,4360.195,,,,
2025-10-21T03:00:00+03:00,4360.19,4371.19,4356.25,4368.645,,,,
2025-10-21T04:00:00+03:00,4368.61,4372.445,4333.095,4350.965,,,,
2025-10-21T05:00:00+03:00,4350.98,4355.465,4335.54,4339.145,,,,
2025-10-21T06:00:00+03:00,4339.045,4350.865,4338.2,4346.73,,,,
2025-10-21T07:00:00+03:00,4346.725,4347.255,4336.985,4342.005,,,,
2025-10-21T08:00:00+03:00,4341.81,4344.31,4317.455,4323.175,,,,
2025-10-21T09:00:00+03:00,4323.105,4344.185,4317.395,4343.215,,,,
2025-10-21T10:00:00+03:00,4343.25,4343.27,4293.46,4298.52,,,,
2025-10-21T11:00:00+03:00,4298.51,4302.02,4245.245,4274.15,,,,
2025-10-21T12:00:00+03:00,4274.145,4278.095,4254.84,4265.17,,,,
2025-10-21T13:00:00+03:00,4265.16,4266.77,4249.6,4253.745,,,,
2025-10-21T14:00:00+03:00,4253.74,4272.67,4245.56,4253.435,,,,
2025-10-21T15:00:00+03:00,4253.45,4257.85,4205.87,4211.095,,,,
2025-10-21T16:00:00+03:00,4211.33,4225.485,4167.66,4173.76,,,,
2025-10-21T17:00:00+03:00,4173.84,4188.665,4080.58,4138.935,,,,4080.58
2025-10-21T18:00:00+03:00,4139.03,4150.68,4119.89,4138.77,,,,
2025-10-21T19:00:00+03:00,4138.81,4143.975,4101.79,4113.455,,,,
2025-10-21T20:00:00+03:00,4113.415,4120.575,4093.83,4111.25,,,,
2025-10-21T21:00:00+03:00,4111.265,4126.06,4106.58,4114.89,,,,
2025-10-21T22:00:00+03:00,4115.005,4122.32,4100.795,4109.42,,,,
2025-10-21T23:00:00+03:00,4109.43,4131.1,4106.37,4125.27,,,,
2025-10-22T01:00:00+03:00,4124.28,4129.215,4114.03,4123.54,,,,
2025-10-22T02:00:00+03:00,4123.5,4128.015,4090.005,4093.105,,,,
2025-10-22T03:00:00+03:00,4093.09,4093.895,4004.28,4075.135,,,,4004.28
2025-10-22T04:00:00+03:00,4075.145,4121.14,4064.545,4087.445,,,,
2025-10-22T05:00:00+03:00,4087.45,4117.95,4087.45,4115.295,,,,
2025-10-22T06:00:00+03:00,4115.275,4143.425,4107.34,4128.605,,,,
2025-10-22T07:00:00+03:00,4128.61,4133.585,4107.355,4128.375,,,,
2025-10-22T08:00:00+03:00,4128.47,4147.005,4126.73,4134.915,,,,
2025-10-22T09:00:00+03:00,4134.905,4161.535,4127.715,4155.785,,4161.535,,
2025-10-22T10:00:00+03:00,4155.75,4156.59,4129.505,4132.99,,,,
2025-10-22T11:00:00+03:00,4132.865,4135.94,4053.35,4070.68,,,,
2025-10-22T12:00:00+03:00,4070.595,4101.695,4061.605,4069.8,,,,
2025-10-22T13:00:00+03:00,4069.705,4090.755,4023.51,4035.405,,,,
2025-10-22T14:00:00+03:00,4035.4,4045.205,4015.125,4028.23,,,,
2025-10-22T15:00:00+03:00,4028.26,4053.42,4023.32,4033.87,,,,
2025-10-22T16:00:00+03:00,4034.005,4085.48,4033.37,4075.975,,,,
2025-10-22T17:00:00+03:00,4075.835,4078.745,4011.095,4014.955,,,4011.095,
2025-10-22T18:00:00+03:00,4015.085,4047.34,4014.955,4037.12,,,,
2025-10-22T19:00:00+03:00,4037.13,4064.12,4023.09,4059.27,,,,
2025-10-22T20:00:00+03:00,4059.08,4071.025,4044.02,4069.97,,,,
2025-10-22T21:00:00+03:00,4069.95,4081.73,4066.59,4077.03,,,,
2025-10-22T22:00:00+03:00,4077.035,4113.8,4076.64,4102.105,,4113.8,,
2025-10-22T23:00:00+03:00,4102.12,4107.21,4088.52,4099.4,,,,
2025-10-23T01:00:00+03:00,4110.085,4111.195,4092.59,4102.325,,,,
2025-10-23T02:00:00+03:00,4102.335,4104.89,4080.6,4087.64,,,,
2025-10-23T03:00:00+03:00,4087.645,4096.73,4065.9,4082.15,,,4065.9,
2025-10-23T04:00:00+03:00,4082.17,4093.095,4071.845,4073.165,,,,
2025-10-23T05:00:00+03:00,4073.185,4085.495,4071.96,4082.61,,,,
2025-10-23T06:00:00+03:00,4082.615,4101.035,4077.89,4091.4,,,,
2025-10-23T07:00:00+03:00,4091.405,4093.2,4079.895,4089.605,,,,
2025-10-23T08:00:00+03:00,4089.68,4110.63,4084.075,4110.55,,,,
2025-10-23T09:00:00+03:00,4110.56,4137.745,4110.48,4113.775,4137.745,,,
2025-10-23T10:00:00+03:00,4113.755,4121.24,4092.06,4094.205,,,,
2025-10-23T11:00:00+03:00,4094.23,4118.975,4094.23,4116.33,,,,
2025-10-23T12:00:00+03:00,4116.43,4125.43,4111.07,4124.635,,,,
2025-10-23T13:00:00+03:00,4124.66,4125.55,4101.84,4109.16,,,,
2025-10-23T14:00:00+03:00,4109.255,4121.115,4107.575,4109.66,,,,
2025-10-23T15:00:00+03:00,4109.57,4129.25,4100.14,4127.135,,,,
2025-10-23T16:00:00+03:00,4127.225,4150.99,4125.785,4145.12,,,,
2025-10-23T17:00:00+03:00,4145.01,4154.79,4136.14,4148.365,4154.79,,,
2025-10-23T18:00:00+03:00,4148.395,4151.965,4137.145,4141.945,,,,
2025-10-23T19:00:00+03:00,4141.95,4148.74,4125.75,4132.995,,,,
2025-10-23T20:00:00+03:00,4132.99,4139.28,4125.105,4137.81,,,,
2025-10-23T21:00:00+03:00,4137.805,4143.6,4133.155,4136.35,,,,
2025-10-23T22:00:00+03:00,4136.315,4138.31,4116.61,4118.45,,,,
2025-10-23T23:00:00+03:00,4118.55,4126.075,4107.535,4126.075,,,,
2025-10-24T01:00:00+03:00,4125.85,4128.8,4111.465,4116.275,,,,
2025-10-24T02:00:00+03:00,4116.345,4122.885,4106.035,4121.665,,,,
2025-10-24T03:00:00+03:00,4121.435,4133.895,4117.805,4132.87,,,,
2025-10-24T04:00:00+03:00,4132.9,4144.535,4112.035,4118.79,,4144.535,,
2025-10-24T05:00:00+03:00,4118.79,4119.24,4109.425,4109.71,,,,
2025-10-24T06:00:00+03:00,4109.67,4123.665,4107.58,4122.475,,,,
2025-10-24T07:00:00+03:00,4122.44,4123.405,4102.8,4111.555,,,,
2025-10-24T08:00:00+03:00,4111.92,4118.025,4102.825,4104.5,,,,
2025-10-24T09:00:00+03:00,4104.525,4104.81,4081.425,4092.3,,,,
2025-10-24T10:00:00+03:00,4092.29,4096.095,4069.78,4074.3,,,,
2025-10-24T11:00:00+03:00,4074.315,4077.895,4047.555,4065.515,,,,
2025-10-24T12:00:00+03:00,4065.5,4073.735,4054.285,4060.875,,,,
2025-10-24T13:00:00+03:00,4060.92,4070.855,4053.545,4054.865,,,,
2025-10-24T14:00:00+03:00,4054.875,4065.71,4043.515,4061.46,,,,4043.515
2025-10-24T15:00:00+03:00,4061.52,4094.18,4059.9,4082.265,,,,
2025-10-24T16:00:00+03:00,4082.36,4122.315,4078.975,4106.9,,,,
2025-10-24T17:00:00+03:00,4106.885,4135.32,4102.145,4117.63,,,,
2025-10-24T18:00:00+03:00,4117.615,4131.91,4113.27,4130.545,,,,
2025-10-24T19:00:00+03:00,4130.55,4138.67,4121.9,4129.495,,4138.67,,
2025-10-24T20:00:00+03:00,4129.535,4134.39,4105.805,4107.73,,,,
2025-10-24T21:00:00+03:00,4107.775,4113.73,4102.035,4110.43,,,,
2025-10-24T22:00:00+03:00,4110.48,4117.68,4102.37,4104.205,,,,
2025-10-24T23:00:00+03:00,4104.195,4114.605,4096.625,4114.125,,,,
2025-10-27T00:00:00+02:00,4085.7,4109,4071.925,4081.875,,,,
2025-10-27T01:00:00+02:00,4081.91,4088.785,4061.675,4064.665,,,,
2025-10-27T02:00:00+02:00,4064.66,4084.435,4058.205,4081.27,,,,
2025-10-27T03:00:00+02:00,4081.295,4097.87,4074.94,4082.065,,,,
2025-10-27T04:00:00+02:00,4082.075,4082.375,4070.345,4071.755,,,,
2025-10-27T05:00:00+02:00,4071.745,4081.875,4065.34,4069.745,,,,
2025-10-27T06:00:00+02:00,4069.715,4071.94,4053.71,4068.835,,,,
2025-10-27T07:00:00+02:00,4068.855,4084.68,4068.55,4079.87,,,,
2025-10-27T08:00:00+02:00,4079.865,4085.17,4074.055,4078.325,,,,
2025-10-27T09:00:00+02:00,4078.33,4079.87,4064.02,4068.945,,,,
2025-10-27T10:00:00+02:00,4068.93,4070.455,4024.34,4043.58,,,,
2025-10-27T11:00:00+02:00,4043.545,4050.41,4029.91,4039.96,,,,
2025-10-27T12:00:00+02:00,4039.77,4047.805,4028.895,4037.565,,,,
2025-10-27T13:00:00+02:00,4037.62,4041.545,4015.29,4024.16,,,,
2025-10-27T14:00:00+02:00,4024.155,4046.655,4022.555,4046.06,,,,
2025-10-27T15:00:00+02:00,4046.115,4050.61,4013.525,4022.23,,,,
2025-10-27T16:00:00+02:00,4022.23,4023.665,3983.09,3988.225,,,,
2025-10-27T17:00:00+02:00,3988.235,3993.72,3971.445,3989.965,,,,3971.445
2025-10-27T18:00:00+02:00,3989.98,4000.585,3984.25,3999.44,,,,
2025-10-27T19:00:00+02:00,3999.47,4009.075,3990.81,4006.635,,,,
2025-10-27T20:00:00+02:00,4006.645,4010.305,3997.905,3999.875,,,,
2025-10-27T21:00:00+02:00,3999.89,4005.67,3985.735,3990.35,,,,
2025-10-27T22:00:00+02:00,3990.34,4000.385,3979.335,3981.985,,,,
2025-10-28T00:00:00+02:00,3990.015,3997.02,3983.685,3990.075,,,,
2025-10-28T01:00:00+02:00,3990.095,4004.62,3983.25,3998.66,,,,
2025-10-28T02:00:00+02:00,3998.655,4009.7,3972.93,4006.67,,,,
2025-10-28T03:00:00+02:00,4006.65,4019.805,4004.355,4011.08,,4019.805,,
2025-10-28T04:00:00+02:00,4011.1,4013.935,3980.5,3984.03,,,,
2025-10-28T05:00:00+02:00,3984.015,3994.58,3983.375,3993.07,,,,
2025-10-28T06:00:00+02:00,3993.155,3994.495,3963.62,3973.695,,,,
2025-10-28T07:00:00+02:00,3973.94,3980.1,3959.02,3966.535,,,,
2025-10-28T08:00:00+02:00,3966.545,3968.585,3938.335,3942.525,,,,
2025-10-28T09:00:00+02:00,3942.515,3948.905,3921.72,3932.495,,,,
2025-10-28T10:00:00+02:00,3932.64,3935.9,3896.46,3897.275,,,,
2025-10-28T11:00:00+02:00,3897.285,3911.26,3886.465,3904.635,,,,3886.465
2025-10-28T12:00:00+02:00,3904.64,3931.53,3900.065,3926.74,,,,
2025-10-28T13:00:00+02:00,3926.84,3930.1,3910.94,3923.455,,,,
2025-10-28T14:00:00+02:00,3923.45,3929.89,3905.42,3912.815,,,,
2025-10-28T15:00:00+02:00,3912.95,3940.445,3912.26,3939.085,,,,
2025-10-28T16:00:00+02:00,3939.015,3954.065,3934.935,3949.72,,,,
2025-10-28T17:00:00+02:00,3949.725,3969.615,3947.035,3964.89,,,,
2025-10-28T18:00:00+02:00,3964.94,3965.605,3951.155,3958.73,,,,
2025-10-28T19:00:00+02:00,3958.735,3970.465,3955.38,3962.35,,3970.465,,
2025-10-28T20:00:00+02:00,3962.405,3964.155,3945.15,3956.47,,,,
2025-10-28T21:00:00+02:00,3956.465,3962.775,3950.805,3960.395,,,,
2025-10-28T22:00:00+02:00,3960.28,3961.01,3949.78,3953,,,,
2025-10-29T00:00:00+02:00,3955.945,3956.025,3907.925,3934.17,,,3907.925,
2025-10-29T01:00:00+02:00,3934.165,3967.85,3934.11,3964.945,,,,
2025-10-29T02:00:00+02:00,3964.94,3982.495,3959.195,3975.325,3982.495,,,
2025-10-29T03:00:00+02:00,3975.285,3979.9,3966.225,3973.75,,,,
2025-10-29T04:00:00+02:00,3973.745,3974.38,3943.825,3961.285,,,,
2025-10-29T05:00:00+02:00,3961.315,3972.45,3958.62,3963.525,,,,
2025-10-29T06:00:00+02:00,3963.53,3965.075,3951.01,3952.085,,,,
2025-10-29T07:00:00+02:00,3952.23,3966.39,3950.79,3962.765,,,,
2025-10-29T08:00:00+02:00,3962.725,3984.81,3960.075,3978.38,,,,
2025-10-29T09:00:00+02:00,3978.345,4001.765,3974.89,4001.765,,,,
2025-10-29T10:00:00+02:00,4001.77,4018.595,4000.485,4017.015,,,,
2025-10-29T11:00:00+02:00,4016.98,4029.68,4013.5,4023.935,,,,
2025-10-29T12:00:00+02:00,4023.98,4029.835,4017.08,4023.59,,,,
2025-10-29T13:00:00+02:00,4023.605,4028.565,4013.54,4016.61,,,,
2025-10-29T14:00:00+02:00,4016.64,4030.34,4013.53,4025.55,4030.34,,,
2025-10-29T15:00:00+02:00,4025.56,4025.79,4002.39,4012.47,,,,
2025-10-29T16:00:00+02:00,4012.475,4022.51,4007.19,4008.45,,,,
2025-10-29T17:00:00+02:00,4008.45,4012.025,3989.52,3993.1,,,,
2025-10-29T18:00:00+02:00,3993.225,4001.24,3991.435,3992.865,,,,
2025-10-29T19:00:00+02:00,3992.795,3997.94,3985.98,3994.84,,,,
2025-10-29T20:00:00+02:00,3994.9,4007.875,3942.71,3969.4,,,,
2025-10-29T21:00:00+02:00,3969.315,3979.9,3927.86,3945.825,,,,
2025-10-29T22:00:00+02:00,3945.845,3954.375,3927.955,3930.615,,,,
2025-10-30T00:00:00+02:00,3921.61,3948.515,3916.59,3941.45,,,,
2025-10-30T01:00:00+02:00,3941.46,3954.335,3939.695,3952.975,,,,
2025-10-30T02:00:00+02:00,3952.93,3964.36,3938.09,3950.48,,,,
2025-10-30T03:00:00+02:00,3950.485,3966.8,3945.24,3948.15,,,,
2025-10-30T04:00:00+02:00,3948.09,3948.445,3921.825,3921.96,,,,
2025-10-30T05:00:00+02:00,3922.055,3938.305,3915.52,3938.21,,,3915.52,
2025-10-30T06:00:00+02:00,3938.235,3982.665,3934.735,3972.47,,,,
2025-10-30T07:00:00+02:00,3972.505,3978.24,3947.035,3963.975,,,,
2025-10-30T08:00:00+02:00,3963.985,3977.415,3956.22,3976.96,,,,
2025-10-30T09:00:00+02:00,3976.955,3977.54,3955.94,3961.28,,,,
2025-10-30T10:00:00+02:00,3961.295,3977.02,3960.36,3976.585,,,,
2025-10-30T11:00:00+02:00,3976.56,4011.705,3976.155,3998.69,,,,
2025-10-30T12:00:00+02:00,3998.68,4000.925,3973.655,3984.19,,,,
2025-10-30T13:00:00+02:00,3984.245,3985.045,3964.02,3974.515,,,,
2025-10-30T14:00:00+02:00,3974.55,3985.685,3961.215,3961.48,,,,
2025-10-30T15:00:00+02:00,3961.44,3995.365,3960.32,3995.365,,,3960.32,
2025-10-30T16:00:00+02:00,3995.385,4015.1,3986.925,3996.425,,,,
2025-10-30T17:00:00+02:00,3996.4,4008.775,3988.17,4001.76,,,,
2025-10-30T18:00:00+02:00,4001.75,4004.135,3991.165,4001.55,,,,
2025-10-30T19:00:00+02:00,4001.545,4018.05,3994.485,4004.505,,,,
2025-10-30T20:00:00+02:00,4004.625,4017.715,4000.06,4016.225,,,,
2025-10-30T21:00:00+02:00,4016.165,4025.93,4015.39,4023.355,,,,
2025-10-30T22:00:00+02:00,4023.305,4027.235,4016.36,4024.525,,,,
2025-10-31T00:00:00+02:00,4021.47,4046.595,4016.46,4037.725,4046.595,,,
2025-10-31T01:00:00+02:00,4037.725,4043.25,4018.925,4036.635,,,,
2025-10-31T02:00:00+02:00,4036.625,4037.06,4023.93,4025.01,,,,
2025-10-31T03:00:00+02:00,4025.04,4039.58,4012.755,4019,,,,
2025-10-31T04:00:00+02:00,4018.795,4019.405,4001.415,4011.145,,,,
2025-10-31T05:00:00+02:00,4011.175,4013.895,3991.235,3996.315,,,,
2025-10-31T06:00:00+02:00,3996.33,4010.79,3989.065,4005.9,,,3989.065,
2025-10-31T07:00:00+02:00,4005.455,4011.38,3994.115,4005.11,,,,
2025-10-31T08:00:00+02:00,4005.14,4014.94,4002.17,4013.34,,,,
2025-10-31T09:00:00+02:00,4013.335,4025.72,4007.68,4021.235,,,,
2025-10-31T10:00:00+02:00,4021.205,4026.82,4006.94,4010.575,,,,
2025-10-31T11:00:00+02:00,4010.46,4014.32,3998.875,4008.59,,,,
2025-10-31T12:00:00+02:00,4008.63,4016.84,4003.685,4007.515,,,,
2025-10-31T13:00:00+02:00,4007.535,4011.295,4001.745,4010.595,,,,
2025-10-31T14:00:00+02:00,4010.66,4036.435,4009.19,4023.06,,4036.435,,
2025-10-31T15:00:00+02:00,4023.05,4035.725,4010.28,4016.73,,,,
2025-10-31T16:00:00+02:00,4016.735,4027.32,4011.06,4020.7,,,,
2025-10-31T17:00:00+02:00,4020.665,4023.04,4009.635,4012.6,,,,
2025-10-31T18:00:00+02:00,4012.55,4015.3,3972.285,3980.72,,,,3972.285
2025-10-31T19:00:00+02:00,3980.735,4003.835,3980.575,3997.635,,,,
2025-10-31T20:00:00+02:00,3997.625,4010.08,3995.505,3999.92,,,,
2025-10-31T21:00:00+02:00,3999.93,4005.475,3991.205,4001.43,,,,
2025-10-31T22:00:00+02:00,4001.405,4006.74,3996.28,4002.81,,,,
2025-11-03T01:00:00+02:00,3995.47,3999.335,3977.91,3979.67,,,,
2025-11-03T02:00:00+02:00,3979.605,3988.505,3962.275,3970.755,,,,3962.275
2025-11-03T03:00:00+02:00,3970.76,4002.075,3965.28,3996.09,,,,
2025-11-03T04:00:00+02:00,3996.055,4006.7,3990.445,4004.21,,,,
2025-11-03T05:00:00+02:00,4004.265,4015.45,4002.2,4011.29,,,,
2025-11-03T06:00:00+02:00,4011.295,4014.53,4001.85,4003.7,,,,
2025-11-03T07:00:00+02:00,4003.71,4018.33,3997.705,4013.935,,,,
2025-11-03T08:00:00+02:00,4013.93,4018.795,4010.03,4017.635,,,,
2025-11-03T09:00:00+02:00,4017.64,4026.045,4013.62,4025.185,,,,
2025-11-03T10:00:00+02:00,4025.195,4028.13,4011.215,4019.715,,4028.13,,
2025-11-03T11:00:00+02:00,4019.71,4026.11,3993.1,4000.63,,,3993.1,
2025-11-03T12:00:00+02:00,4000.675,4005.085,3994.44,3998.715,,,,
2025-11-03T13:00:00+02:00,3998.645,4008.76,3994.34,4007.69,,,,
2025-11-03T14:00:00+02:00,4007.71,4013.8,4001.905,4013.61,,,,
2025-11-03T15:00:00+02:00,4013.59,4020.765,4010.865,4016.155,,,,
2025-11-03T16:00:00+02:00,4015.96,4026.155,4001.755,4022.855,,,,
2025-11-03T17:00:00+02:00,4022.84,4030.825,4003.39,4008.59,4030.825,,,
2025-11-03T18:00:00+02:00,4008.595,4013.545,3995.22,4008.48,,,,
2025-11-03T19:00:00+02:00,4008.495,4012.245,4003.59,4006.23,,,,
2025-11-03T20:00:00+02:00,4006.305,4009.78,3999.57,4006.435,,,,
2025-11-03T21:00:00+02:00,4006.42,4008.295,3995.445,4004.66,,,,
2025-11-03T22:00:00+02:00,4004.655,4015.06,4004.59,4010.315,,,,
2025-11-03T23:00:00+02:00,4010.24,4010.24,4000.12,4001.605,,,,
2025-11-04T01:00:00+02:00,4005.115,4005.27,3981.565,3997.27,,,,
2025-11-04T02:00:00+02:00,3997.36,3999.295,3978.675,3986.51,,,,
2025-11-04T03:00:00+02:00,3986.58,3994.81,3979.64,3987.545,,,,
2025-11-04T04:00:00+02:00,3987.52,3987.535,3975.57,3986.685,,,,
2025-11-04T05:00:00+02:00,3986.855,3999.465,3981.7,3994.64,,,,
2025-11-04T06:00:00+02:00,3994.615,3995.26,3984.225,3985.645,,,,
2025-11-04T07:00:00+02:00,3985.275,3987.345,3972.805,3973.355,,,,
2025-11-04T08:00:00+02:00,3973.365,3988.145,3966.605,3985.095,,,,3966.605
2025-11-04T09:00:00+02:00,3985.165,3996.585,3982.31,3993.9,,,,
2025-11-04T10:00:00+02:00,3993.91,4000.855,3990.665,3996.14,,4000.855,,
2025-11-04T11:00:00+02:00,3996.165,3999.62,3990.535,3991.27,,,,
2025-11-04T12:00:00+02:00,3991.245,3997.655,3986.065,3993.94,,,,
2025-11-04T13:00:00+02:00,3993.96,4000.085,3991.845,3994.97,,,,
2025-11-04T14:00:00+02:00,3994.995,3997.61,3983.7,3984.765,,,,
2025-11-04T15:00:00+02:00,3984.72,3996.09,3971.855,3975.82,,,,
2025-11-04T16:00:00+02:00,3975.8,3977.875,3928.685,3957.12,,,,3928.685
2025-11-04T17:00:00+02:00,3957.08,3968.35,3941.41,3956.91,,,,
2025-11-04T18:00:00+02:00,3956.92,3975.685,3956.815,3969.14,,,,
2025-11-04T19:00:00+02:00,3969.15,3971.165,3952.375,3955.08,,,,
2025-11-04T20:00:00+02:00,3954.825,3956.93,3932.04,3937.81,,,,
2025-11-04T21:00:00+02:00,3937.815,3944.245,3934.63,3937.5,,,,
2025-11-04T22:00:00+02:00,3937.55,3942.2,3931.275,3938.77,,,,
2025-11-04T23:00:00+02:00,3938.79,3939.14,3930.56,3932.1,,,,
2025-11-05T01:00:00+02:00,3937.93,3940.88,3930.92,3934.6,,,,
2025-11-05T02:00:00+02:00,3934.625,3942.96,3929.35,3939.745,,,3929.35,
2025-11-05T03:00:00+02:00,3939.735,3949.56,3934.6,3937.125,,,,
2025-11-05T04:00:00+02:00,3937.06,3951.115,3935.725,3948.685,,,,
2025-11-05T05:00:00+02:00,3948.705,3965.345,3947.645,3960.98,,,,
2025-11-05T06:00:00+02:00,3960.9,3973.905,3959.835,3970.495,,,,
2025-11-05T07:00:00+02:00,3970.65,3978.78,3961.875,3965.055,,,,
2025-11-05T08:00:00+02:00,3965.07,3973.645,3962.04,3966.275,,,,
2025-11-05T09:00:00+02:00,3966.285,3974.88,3963.74,3972.6,,,,
2025-11-05T10:00:00+02:00,3972.565,3987.34,3972.52,3980.025,,3987.34,,
2025-11-05T11:00:00+02:00,3980.02,3981.49,3963.57,3971.955,,,,
2025-11-05T12:00:00+02:00,3971.885,3971.935,3956.1,3964.7,,,3956.1,
2025-11-05T13:00:00+02:00,3964.7,3969.14,3957.48,3966.99,,,,
2025-11-05T14:00:00+02:00,3966.995,3969.905,3962.245,3969.65,,,,
2025-11-05T15:00:00+02:00,3969.725,3979.48,3964.885,3975.91,,,,
2025-11-05T16:00:00+02:00,3975.925,3985.725,3969.665,3973.6,,,,
2025-11-05T17:00:00+02:00,3973.62,3984.49,3964.27,3978.295,,,,
2025-11-05T18:00:00+02:00,3978.345,3990.565,3974.985,3986.96,3990.565,,,
2025-11-05T19:00:00+02:00,3987.045,3989.705,3978.58,3982.12,,,,
2025-11-05T20:00:00+02:00,3982.145,3986.105,3978.905,3982.445,,,,
2025-11-05T21:00:00+02:00,3982.46,3988.785,3979.165,3987.92,,,,
2025-11-05T22:00:00+02:00,3987.91,3990.175,3981.585,3984.6,,,,
2025-11-05T23:00:00+02:00,3984.6,3985.185,3977.995,3980.115,,,,
2025-11-06T01:00:00+02:00,3968.78,3977.795,3966.54,3973.93,,,,
2025-11-06T02:00:00+02:00,3973.895,3976.34,3969.79,3976.34,,,,
2025-11-06T03:00:00+02:00,3976.315,3977.465,3964.455,3976.765,,,3964.455,
2025-11-06T04:00:00+02:00,3976.785,3985.13,3974.38,3983.38,,,,
2025-11-06T05:00:00+02:00,3983.435,3990.525,3979.575,3987.54,,,,
2025-11-06T06:00:00+02:00,3987.545,3989.98,3984.58,3988.935,,,,
2025-11-06T07:00:00+02:00,3988.88,3990.87,3985.67,3987.645,,,,
2025-11-06T08:00:00+02:00,3987.655,3993.08,3982.365,3991.515,,,,
2025-11-06T09:00:00+02:00,3991.495,4009.545,3991.185,4005.78,,,,
2025-11-06T10:00:00+02:00,4005.785,4017.06,4004.765,4014.88,,,,
2025-11-06T11:00:00+02:00,4014.865,4015.235,4009.345,4011.01,,,,
2025-11-06T12:00:00+02:00,4011,4011.2,4004.5,4008.465,,,,
2025-11-06T13:00:00+02:00,4008.48,4019.55,4007.165,4018.185,,,,
2025-11-06T14:00:00+02:00,4018.19,4019.645,4002.95,4005.375,4019.645,,,
2025-11-06T15:00:00+02:00,4005.36,4016.31,4003.8,4012.33,,,,
2025-11-06T16:00:00+02:00,4012.315,4014.09,3989.095,3993.41,,,,
2025-11-06T17:00:00+02:00,3993.08,3993.9,3975.08,3980.405,,,,
2025-11-06T18:00:00+02:00,3980.48,3986.45,3976.595,3981.03,,,,
2025-11-06T19:00:00+02:00,3981.005,3988.26,3965.71,3986.34,,,3965.71,
2025-11-06T20:00:00+02:00,3986.35,3991,3980.27,3987.915,,,,
2025-11-06T21:00:00+02:00,3987.95,3995.365,3983.18,3985.35,,,,
2025-11-06T22:00:00+02:00,3985.265,3987.285,3979.455,3980.965,,,,
2025-11-06T23:00:00+02:00,3981.03,3982.615,3976.88,3977.14,,,,
2025-11-07T01:00:00+02:00,3979.465,3989.975,3978.435,3989.345,,,,
2025-11-07T02:00:00+02:00,3989.345,3994.565,3984.655,3988.605,,,,
2025-11-07T03:00:00+02:00,3988.58,4002.85,3987.245,4001.845,,,,
2025-11-07T04:00:00+02:00,4001.82,4003.41,3991.61,3995.47,,,,
2025-11-07T05:00:00+02:00,3995.425,3996.73,3988.16,3990.365,,,,
2025-11-07T06:00:00+02:00,3990.345,3998.565,3985.605,3998.375,,,,
2025-11-07T07:00:00+02:00,3998.38,3999.05,3992.115,3994.95,,,,
2025-11-07T08:00:00+02:00,3994.96,4008.65,3992.25,4006.925,,,,
2025-11-07T09:00:00+02:00,4006.945,4010.02,4002.815,4007.835,,,,
2025-11-07T10:00:00+02:00,4007.935,4010.46,4003.735,4009.73,,,,
2025-11-07T11:00:00+02:00,4009.755,4014.29,4004.31,4006.76,,4014.29,,
2025-11-07T12:00:00+02:00,4006.81,4009.71,4003.26,4007.975,,,,
2025-11-07T13:00:00+02:00,4008,4011.925,3993.65,4002.965,,,,
2025-11-07T14:00:00+02:00,4002.815,4008.715,3991.69,3996.025,,,,
2025-11-07T15:00:00+02:00,3996.06,4002.13,3991.79,3997.855,,,,
2025-11-07T16:00:00+02:00,3997.885,4007.36,3984.385,3993.605,,,,
2025-11-07T17:00:00+02:00,3993.56,3999.285,3984.01,3991.05,,,3984.01,
2025-11-07T18:00:00+02:00,3991.095,4027.595,3990.165,4007.765,4027.595,,,
2025-11-07T19:00:00+02:00,4007.86,4009.8,3992.37,4005.6,,,,
2025-11-07T20:00:00+02:00,4005.595,4009.325,3999.555,4005.65,,,,
2025-11-07T21:00:00+02:00,4005.685,4009.05,4001.935,4006.71,,,,
2025-11-07T22:00:00+02:00,4006.7,4006.93,3994.64,4004.18,,,,
2025-11-07T23:00:00+02:00,4004.14,4005.34,3998.69,4001.275,,,,
2025-11-10T01:00:00+02:00,4005.675,4012.23,4004.355,4011.87,,,,
2025-11-10T02:00:00+02:00,4011.905,4024.12,4011.13,4020.405,,,,
2025-11-10T03:00:00+02:00,4020.39,4053.47,4019.15,4044.07,,,,
2025-11-10T04:00:00+02:00,4043.99,4049.175,4037.74,4048.135,,,,
2025-11-10T05:00:00+02:00,4048.12,4052.98,4044.945,4050.105,,,,
2025-11-10T06:00:00+02:00,4050.055,4056.875,4049.835,4054.225,,,,
2025-11-10T07:00:00+02:00,4054.27,4070.07,4050.24,4069.56,,,,
2025-11-10T08:00:00+02:00,4069.63,4078.615,4066.9,4075.24,,,,
2025-11-10T09:00:00+02:00,4075.24,4079.15,4072.315,4075.395,,,,
2025-11-10T10:00:00+02:00,4075.335,4085.295,4075.135,4082.315,,,,
2025-11-10T11:00:00+02:00,4082.35,4086.375,4071.49,4076.705,,,,
2025-11-10T12:00:00+02:00,4076.69,4083.42,4075.95,4081.11,,,,
2025-11-10T13:00:00+02:00,4081.175,4085.495,4075.86,4085.385,,,,
2025-11-10T14:00:00+02:00,4085.43,4100.085,4084.42,4097.65,,,,
2025-11-10T15:00:00+02:00,4097.7,4106,4090.4,4091.645,,,,
2025-11-10T16:00:00+02:00,4091.635,4094.13,4074.49,4083.53,,,,
2025-11-10T17:00:00+02:00,4083.455,4094.355,4077.935,4084.435,,,,
2025-11-10T18:00:00+02:00,4084.42,4095.77,4082.095,4095.175,,,,
2025-11-10T19:00:00+02:00,4095.2,4102.85,4093.46,4102.72,,,,
2025-11-10T20:00:00+02:00,4102.735,4115.915,4101.77,4110.145,,,,
2025-11-10T21:00:00+02:00,4110.14,4115.465,4107.92,4113.28,,,,
2025-11-10T22:00:00+02:00,4113.265,4114.61,4106.6,4111.685,,,,
2025-11-10T23:00:00+02:00,4111.735,4116.69,4110.4,4115.41,,,,
2025-11-11T01:00:00+02:00,4116.835,4122.925,4116.075,4120.085,,,,
2025-11-11T02:00:00+02:00,4120.275,4133.755,4116.29,4130.96,,,,
2025-11-11T03:00:00+02:00,4130.91,4141.365,4128,4136.355,,,,
2025-11-11T04:00:00+02:00,4136.33,4139.81,4129.75,4138.255,,,,
2025-11-11T05:00:00+02:00,4138.235,4148.18,4137.255,4147.05,,,,
2025-11-11T06:00:00+02:00,4147.03,4149.1,4142.03,4143.19,4149.1,,,
2025-11-11T07:00:00+02:00,4143.165,4144.47,4124.895,4131.13,,,,
2025-11-11T08:00:00+02:00,4131.08,4137.915,4126.8,4130.07,,,,
2025-11-11T09:00:00+02:00,4130.065,4133.04,4124.985,4129.78,,,,
2025-11-11T10:00:00+02:00,4129.805,4137.81,4128.925,4135.635,,,,
2025-11-11T11:00:00+02:00,4135.685,4146.035,4134.435,4141.89,,,,
2025-11-11T12:00:00+02:00,4141.965,4144.345,4136.84,4141.935,,,,
2025-11-11T13:00:00+02:00,4141.985,4144.805,4139.12,4142.85,,,,
2025-11-11T14:00:00+02:00,4142.895,4143.865,4133.34,4134.465,,,,
2025-11-11T15:00:00+02:00,4134.565,4146.885,4133.965,4142.65,,4146.885,,
2025-11-11T16:00:00+02:00,4142.71,4143.295,4119.94,4125.015,,,,
2025-11-11T17:00:00+02:00,4124.97,4126.32,4097.245,4106.835,,,4097.245,
2025-11-11T18:00:00+02:00,4106.84,4115.815,4105.1,4113.415,,,,
2025-11-11T19:00:00+02:00,4113.37,4117.955,4110.645,4114.535,,,,
2025-11-11T20:00:00+02:00,4114.635,4116.48,4106.64,4113.86,,,,
2025-11-11T21:00:00+02:00,4113.865,4126.26,4112.07,4123.12,,,,
2025-11-11T22:00:00+02:00,4123.18,4131.97,4122.395,4129.535,,,,
2025-11-11T23:00:00+02:00,4129.495,4131.45,4125.615,4126.505,,,,
2025-11-12T01:00:00+02:00,4130.9,4144.74,4129.025,4142.66,,,,
2025-11-12T02:00:00+02:00,4142.595,4145.61,4132.16,4133.055,,4145.61,,
2025-11-12T03:00:00+02:00,4133.12,4137.3,4126.315,4131.5,,,,
2025-11-12T04:00:00+02:00,4131.455,4135.495,4118.765,4124.13,,,,
2025-11-12T05:00:00+02:00,4124.135,4125.425,4111.895,4112.085,,,,
2025-11-12T06:00:00+02:00,4112.025,4113.39,4103.635,4110.735,,,,
2025-11-12T07:00:00+02:00,4110.725,4111.265,4098.915,4104.725,,,4098.915,
2025-11-12T08:00:00+02:00,4104.685,4119.3,4103.275,4118.675,,,,
2025-11-12T09:00:00+02:00,4118.68,4125.3,4113.465,4117.305,,,,
2025-11-12T10:00:00+02:00,4117.295,4132.965,4112.27,4131.495,,,,
2025-11-12T11:00:00+02:00,4131.445,4133.855,4120.58,4124.74,,,,
2025-11-12T12:00:00+02:00,4124.785,4129.57,4117.945,4127.81,,,,
2025-11-12T13:00:00+02:00,4127.815,4131.34,4123.09,4126.025,,,,
2025-11-12T14:00:00+02:00,4126.05,4139.51,4125.025,4130.25,,,,
2025-11-12T15:00:00+02:00,4130.43,4132.63,4122.74,4127.285,,,,
2025-11-12T16:00:00+02:00,4127.34,4140.215,4125.045,4136.63,,,,
2025-11-12T17:00:00+02:00,4136.605,4185.785,4134.685,4181.495,,,,
2025-11-12T18:00:00+02:00,4181.415,4197.83,4180.2,4196.51,,,,
2025-11-12T19:00:00+02:00,4196.5,4206.515,4192.25,4199.535,,,,
2025-11-12T20:00:00+02:00,4199.57,4211.795,4190.48,4207.025,4211.795,,,
2025-11-12T21:00:00+02:00,4207.08,4210.25,4192.25,4197.445,,,,
2025-11-12T22:00:00+02:00,4197.45,4199.65,4190.685,4196.05,,,,
2025-11-12T23:00:00+02:00,4196.025,4202.165,4191,4195.21,,,,
2025-11-13T01:00:00+02:00,4202.635,4208.07,4187.27,4191.41,,,,
2025-11-13T02:00:00+02:00,4191.425,4209.005,4185.9,4206.065,,,,
2025-11-13T03:00:00+02:00,4205.965,4209.315,4179.735,4192.43,,,4179.735,
2025-11-13T04:00:00+02:00,4192.405,4196.025,4183.51,4190.28,,,,
2025-11-13T05:00:00+02:00,4190.235,4213.3,4190.175,4212.96,,,,
2025-11-13T06:00:00+02:00,4212.95,4219.52,4203.4,4209.495,,,,
2025-11-13T07:00:00+02:00,4209.455,4217.89,4207.56,4212.02,,,,
2025-11-13T08:00:00+02:00,4211.945,4212.25,4203.27,4210.525,,,,
2025-11-13T09:00:00+02:00,4210.56,4220.255,4208.4,4220.125,,,,
2025-11-13T10:00:00+02:00,4220.08,4239.66,4219.26,4232.71,,,,
2025-11-13T11:00:00+02:00,4232.6,4239.62,4225.08,4233.215,,,,
2025-11-13T12:00:00+02:00,4233.205,4240.24,4221.825,4225.72,,,,
2025-11-13T13:00:00+02:00,4225.82,4232.405,4219.35,4230.47,,,,
2025-11-13T14:00:00+02:00,4230.435,4245.195,4230.005,4242.83,4245.195,,,
2025-11-13T15:00:00+02:00,4242.8,4244.1,4220.41,4231.745,,,,
2025-11-13T16:00:00+02:00,4231.83,4232.425,4184.51,4195.525,,,,
2025-11-13T17:00:00+02:00,4195.515,4205.295,4186.535,4202.675,,,,
2025-11-13T18:00:00+02:00,4202.7,4211.125,4195.705,4206.77,,,,
2025-11-13T19:00:00+02:00,4206.885,4208.575,4193.35,4202.05,,,,
2025-11-13T20:00:00+02:00,4202.065,4203.46,4145.19,4158.07,,,,4145.19
2025-11-13T21:00:00+02:00,4158.015,4170.705,4146,4164.09,,,,
2025-11-13T22:00:00+02:00,4164.1,4170.91,4160.385,4164.17,,,,
2025-11-13T23:00:00+02:00,4164.16,4181.265,4161.23,4171.745,,,,
2025-11-14T01:00:00+02:00,4177.285,4186.84,4175.93,4186.205,,,,
2025-11-14T02:00:00+02:00,4186.24,4190.025,4178.2,4183.81,,,,
2025-11-14T03:00:00+02:00,4183.815,4193.825,4173.72,4190.025,,,,
2025-11-14T04:00:00+02:00,4190.03,4210.405,4188.74,4207.225,,,,
2025-11-14T05:00:00+02:00,4207.165,4211.435,4201.57,4204.49,,4211.435,,
2025-11-14T06:00:00+02:00,4204.445,4205.83,4197.02,4203.335,,,,
2025-11-14T07:00:00+02:00,4203.385,4203.67,4183.985,4189.9,,,,
2025-11-14T08:00:00+02:00,4189.865,4193.53,4169.625,4175.425,,,,
2025-11-14T09:00:00+02:00,4175.4,4182.545,4158.995,4181.26,,,,
2025-11-14T10:00:00+02:00,4181.265,4187.21,4170.145,4176.135,,,,
2025-11-14T11:00:00+02:00,4176.14,4180.615,4166.525,4169.44,,,,
2025-11-14T12:00:00+02:00,4169.415,4171.14,4159.145,4168.08,,,,
2025-11-14T13:00:00+02:00,4168.085,4170.075,4130.92,4133.18,,,,
2025-11-14T14:00:00+02:00,4133.085,4140.75,4107.71,4116.26,,,,
2025-11-14T15:00:00+02:00,4116.255,4119.245,4041.37,4055.975,,,,
2025-11-14T16:00:00+02:00,4055.835,4084.145,4032.23,4082.86,,,,4032.23
2025-11-14T17:00:00+02:00,4082.81,4096.76,4068.31,4093.76,,,,
2025-11-14T18:00:00+02:00,4093.75,4111.185,4081.1,4105.24,,,,
2025-11-14T19:00:00+02:00,4105.29,4110.71,4094.22,4099.92,,,,
2025-11-14T20:00:00+02:00,4099.925,4103.75,4080.87,4098.105,,,,
2025-11-14T21:00:00+02:00,4098.02,4100.23,4087.725,4089.995,,,,
2025-11-14T22:00:00+02:00,4090.065,4092.48,4075.615,4087.16,,,,
2025-11-14T23:00:00+02:00,4087.095,4087.095,4078.02,4085.825,,,,
2025-11-17T01:00:00+02:00,4078.275,4106.705,4077.96,4096.51,,,,
2025-11-17T02:00:00+02:00,4096.5,4098.39,4080.835,4083.37,,,,
2025-11-17T03:00:00+02:00,4083.27,4101.915,4082.69,4091.325,,,,
2025-11-17T04:00:00+02:00,4091.32,4093.905,4080.84,4081.725,,,,
2025-11-17T05:00:00+02:00,4081.68,4085.85,4069.86,4083,,,,
2025-11-17T06:00:00+02:00,4082.985,4088.085,4076.84,4078.68,,,,
2025-11-17T07:00:00+02:00,4078.73,4078.815,4049.76,4058.48,,,4049.76,
2025-11-17T08:00:00+02:00,4058.515,4072.07,4054.9,4066.175,,,,
2025-11-17T09:00:00+02:00,4066.17,4089.26,4065.38,4088.13,,,,
2025-11-17T10:00:00+02:00,4088.32,4095.935,4072.11,4077.395,,4095.935,,
2025-11-17T11:00:00+02:00,4077.24,4088.755,4072.35,4082.28,,,,
2025-11-17T12:00:00+02:00,4082.275,4089.555,4068.435,4070.18,,,,
2025-11-17T13:00:00+02:00,4070.175,4085.98,4061.215,4078.47,,,,
2025-11-17T14:00:00+02:00,4078.535,4085.45,4074.705,4077.375,,,,
2025-11-17T15:00:00+02:00,4077.295,4092.29,4060.65,4065.48,,,,
2025-11-17T16:00:00+02:00,4065.505,4082.01,4060.57,4076.34,,,,
2025-11-17T17:00:00+02:00,4076.32,4077.79,4060.825,4064.33,,,,
2025-11-17T18:00:00+02:00,4064.31,4073.86,4052.38,4070.12,,,,
2025-11-17T19:00:00+02:00,4070.125,4081.13,4069.65,4073.345,,,,
2025-11-17T20:00:00+02:00,4073.35,4076.33,4062.475,4062.845,,,,
2025-11-17T21:00:00+02:00,4062.835,4065.32,4010.95,4011.38,,,,
2025-11-17T22:00:00+02:00,4011.41,4044.435,4007.055,4041.205,,,,4007.055
2025-11-17T23:00:00+02:00,4041.165,4046.105,4038.99,4045.86,,,,
2025-11-18T01:00:00+02:00,4050.79,4054.755,4028.895,4036.785,,,,
2025-11-18T02:00:00+02:00,4036.835,4041.205,4027.3,4040.09,,,,
2025-11-18T03:00:00+02:00,4040.1,4045.355,4022.425,4025.15,,,,
2025-11-18T04:00:00+02:00,4025.14,4035.89,4015.38,4018.035,,,,
2025-11-18T05:00:00+02:00,4018.005,4026.685,4008.24,4013.39,,,,
2025-11-18T06:00:00+02:00,4013.46,4018.16,4004.725,4010.39,,,,
2025-11-18T07:00:00+02:00,4010.45,4025.395,4008.09,4019.005,,,,
2025-11-18T08:00:00+02:00,4019.07,4020.58,4007.71,4008.935,,,,
2025-11-18T09:00:00+02:00,4008.95,4017.69,3997.985,4013.82,,,,3997.985
2025-11-18T10:00:00+02:00,4013.84,4042.795,4010.45,4036.695,,,,
2025-11-18T11:00:00+02:00,4036.52,4047.335,4030.42,4040.365,,,,
2025-11-18T12:00:00+02:00,4040.35,4050.435,4037.43,4044.21,,,,
2025-11-18T13:00:00+02:00,4044.265,4050.525,4036.91,4039.655,,,,
2025-11-18T14:00:00+02:00,4039.68,4045.305,4029.33,4032.555,,,,
2025-11-18T15:00:00+02:00,4032.695,4070.415,4031.34,4065.305,,,,
2025-11-18T16:00:00+02:00,4065.3,4081.915,4058.22,4065.91,,,,
2025-11-18T17:00:00+02:00,4065.83,4072.415,4049.24,4053.2,,,,
2025-11-18T18:00:00+02:00,4053.245,4069.35,4040.55,4066.93,,,,
2025-11-18T19:00:00+02:00,4066.855,4075.75,4059.54,4071.67,,,,
2025-11-18T20:00:00+02:00,4071.6,4074.875,4063.22,4072.63,,,,
2025-11-18T21:00:00+02:00,4072.655,4082.12,4072.58,4081.38,,,,
2025-11-18T22:00:00+02:00,4081.36,4082.58,4067.435,4069.695,,4082.58,,
2025-11-18T23:00:00+02:00,4069.63,4072.41,4064.915,4067.425,,,,
2025-11-19T01:00:00+02:00,4067.645,4078.1,4067.155,4077,,,,
2025-11-19T02:00:00+02:00,4076.975,4078.655,4067.515,4069.34,,,,
2025-11-19T03:00:00+02:00,4069.345,4070.44,4056.39,4059.09,,,,
2025-11-19T04:00:00+02:00,4059.115,4080.775,4055.525,4075.79,,,4055.525,
2025-11-19T05:00:00+02:00,4075.795,4078.83,4066.21,4067.105,,,,
2025-11-19T06:00:00+02:00,4067.1,4077.105,4064.68,4075.245,,,,
2025-11-19T07:00:00+02:00,4075.455,4097.565,4074.3,4095.63,,,,
2025-11-19T08:00:00+02:00,4095.655,4098.72,4089.105,4091.075,,,,
2025-11-19T09:00:00+02:00,4091.08,4097,4084.95,4087,,,,
2025-11-19T10:00:00+02:00,4086.925,4088.855,4078.35,4083.355,,,,
2025-11-19T11:00:00+02:00,4083.4,4116.4,4081.265,4113.325,,,,
2025-11-19T12:00:00+02:00,4113.35,4119.23,4107.075,4108.995,,,,
2025-11-19T13:00:00+02:00,4109.03,4117.75,4106.455,4113.125,,,,
2025-11-19T14:00:00+02:00,4113.14,4120.015,4112.155,4114.685,,,,
2025-11-19T15:00:00+02:00,4114.72,4117.94,4100.85,4110.765,,,,
2025-11-19T16:00:00+02:00,4110.84,4128.975,4101.7,4127.905,,,,
2025-11-19T17:00:00+02:00,4127.865,4132.985,4090.05,4096.745,4132.985,,,
2025-11-19T18:00:00+02:00,4096.74,4098.71,4068.005,4074.74,,,,
2025-11-19T19:00:00+02:00,4074.83,4081.25,4055.475,4078.835,,,,4055.475
2025-11-19T20:00:00+02:00,4078.945,4091.4,4075.795,4087.485,,,,
2025-11-19T21:00:00+02:00,4087.48,4087.52,4069.285,4073.7,,,,
2025-11-19T22:00:00+02:00,4073.655,4082.24,4072.345,4076.385,,,,
2025-11-19T23:00:00+02:00,4076.36,4084.9,4065.76,4077.85,,,,
2025-11-20T01:00:00+02:00,4088.255,4108.21,4083.645,4104.69,,,,
2025-11-20T02:00:00+02:00,4104.66,4110.37,4100.42,4103.135,,4110.37,,
2025-11-20T03:00:00+02:00,4103.065,4109.185,4081.195,4081.605,,,,
2025-11-20T04:00:00+02:00,4081.595,4081.88,4038.9,4066.875,,,,4038.9
2025-11-20T05:00:00+02:00,4066.86,4085.695,4064.88,4072.365,,,,
2025-11-20T06:00:00+02:00,4072.38,4080.53,4068.3,4075.5,,,,
2025-11-20T07:00:00+02:00,4075.51,4075.97,4064.38,4066.79,,,,
2025-11-20T08:00:00+02:00,4066.66,4077.945,4058.52,4068.495,,,,
2025-11-20T09:00:00+02:00,4068.48,4076.675,4054.35,4059.935,,,,
2025-11-20T10:00:00+02:00,4059.97,4069.48,4038.93,4063.46,,,4038.93,
2025-11-20T11:00:00+02:00,4063.335,4072.81,4055.735,4064.225,,,,
2025-11-20T12:00:00+02:00,4064.235,4068.275,4058.305,4059.91,,,,
2025-11-20T13:00:00+02:00,4059.905,4068.525,4051.16,4060.895,,,,
2025-11-20T14:00:00+02:00,4060.82,4082.1,4060.185,4081.81,,,,
2025-11-20T15:00:00+02:00,4081.79,4096.545,4066.925,4080.245,,,,
2025-11-20T16:00:00+02:00,4080.225,4107.35,4072.28,4093.25,,4107.35,,
2025-11-20T17:00:00+02:00,4093.235,4098.87,4070.23,4070.355,,,,
2025-11-20T18:00:00+02:00,4070.39,4082.795,4044.815,4049.12,,,,
2025-11-20T19:00:00+02:00,4049.065,4068.67,4043.58,4066.225,,,4043.58,
2025-11-20T20:00:00+02:00,4066.215,4072.72,4056.215,4060.69,,,,
2025-11-20T21:00:00+02:00,4060.68,4087.445,4059.095,4084.76,,,,
2025-11-20T22:00:00+02:00,4084.71,4085.24,4073.425,4077.49,,,,
2025-11-20T23:00:00+02:00,4077.835,4081.145,4074.455,4077.535,,,,
2025-11-21T01:00:00+02:00,4073.08,4088.725,4073.075,4079.035,,4088.725,,
2025-11-21T02:00:00+02:00,4079.065,4081.56,4071.36,4073.88,,,,
2025-11-21T03:00:00+02:00,4073.905,4074.705,4060.5,4068.68,,,,
2025-11-21T04:00:00+02:00,4068.695,4080.105,4056.525,4057.305,,,,
2025-11-21T05:00:00+02:00,4057.32,4059.625,4049.46,4056.365,,,,
2025-11-21T06:00:00+02:00,4056.37,4062.615,4047.705,4052.445,,,,
2025-11-21T07:00:00+02:00,4052.45,4060.105,4039.75,4058.69,,,,
2025-11-21T08:00:00+02:00,4058.695,4065.095,4029.36,4032.77,,,,
2025-11-21T09:00:00+02:00,4032.82,4039.87,4024.835,4031.82,,,,
2025-11-21T10:00:00+02:00,4031.815,4048.195,4022.26,4041.185,,,,4022.26
2025-11-21T11:00:00+02:00,4041.18,4063.605,4040.36,4050.615,,,,
2025-11-21T12:00:00+02:00,4050.535,4052.8,4032.41,4037.205,,,,
2025-11-21T13:00:00+02:00,4037.095,4047.05,4031.1,4036.715,,,,
2025-11-21T14:00:00+02:00,4036.71,4071.785,4034.785,4066.015,,,,
2025-11-21T15:00:00+02:00,4066.005,4081.39,4059.185,4079.745,,,,
2025-11-21T16:00:00+02:00,4079.685,4084.075,4061.7,4071.425,,,,
2025-11-21T17:00:00+02:00,4071.245,4076.885,4055.16,4069.67,,,,
2025-11-21T18:00:00+02:00,4069.655,4100.685,4063.08,4099.93,,,,
2025-11-21T19:00:00+02:00,4099.925,4101.07,4079.01,4085.645,4101.07,,,
2025-11-21T20:00:00+02:00,4085.65,4088.265,4076.575,4082.875,,,,
2025-11-21T21:00:00+02:00,4082.85,4092.185,4082.58,4087.625,,,,
2025-11-21T22:00:00+02:00,4087.645,4088.77,4055.3,4067.29,,,,
2025-11-21T23:00:00+02:00,4067.315,4069.195,4054.74,4065.01,,,,
2025-11-24T01:00:00+02:00,4067.61,4077.795,4065.75,4075.165,,,,
2025-11-24T02:00:00+02:00,4075.11,4076.105,4058.33,4067.53,,,,
2025-11-24T03:00:00+02:00,4067.54,4073.33,4042.755,4044.235,,,,
2025-11-24T04:00:00+02:00,4044.125,4051.72,4040.77,4043.68,,,,
2025-11-24T05:00:00+02:00,4043.67,4058.285,4043.67,4050.45,,,,
2025-11-24T06:00:00+02:00,4050.23,4061.425,4042.225,4044.26,,,,
2025-11-24T07:00:00+02:00,4044.28,4049.705,4040.02,4046.545,,,4040.02,
2025-11-24T08:00:00+02:00,4046.52,4058.21,4045.67,4053.46,,,,
2025-11-24T09:00:00+02:00,4053.465,4067.75,4051.56,4060.245,,,,
2025-11-24T10:00:00+02:00,4060.25,4067.005,4059.65,4063.385,,,,
2025-11-24T11:00:00+02:00,4063.36,4074.415,4062.885,4072.045,,,,
2025-11-24T12:00:00+02:00,4072.02,4077.4,4063.335,4064.01,,,,
2025-11-24T13:00:00+02:00,4064.015,4071.705,4063.285,4070.035,,,,
2025-11-24T14:00:00+02:00,4070.035,4084.145,4065.635,4080.565,,,,
2025-11-24T15:00:00+02:00,4080.61,4086.02,4073.705,4077.945,,,,
2025-11-24T16:00:00+02:00,4077.9,4086.275,4068.445,4081.595,,,,
2025-11-24T17:00:00+02:00,4081.57,4093.94,4081.295,4091.705,,,,
2025-11-24T18:00:00+02:00,4091.72,4099,4089.64,4097.37,,,,
2025-11-24T19:00:00+02:00,4097.33,4100.47,4088.925,4093.02,,,,
2025-11-24T20:00:00+02:00,4093.025,4126.03,4088.085,4120.585,,,,
2025-11-24T21:00:00+02:00,4120.61,4124.27,4113.775,4118.575,,,,
2025-11-24T22:00:00+02:00,4118.61,4133.75,4118.1,4132.65,,,,
2025-11-24T23:00:00+02:00,4132.64,4139.89,4130.075,4133.975,,,,
2025-11-25T01:00:00+02:00,4135.485,4144.34,4125.385,4143.62,,,,
2025-11-25T02:00:00+02:00,4143.685,4144.585,4127.53,4129.545,,,,
2025-11-25T03:00:00+02:00,4129.72,4139.365,4122.55,4134.94,,,,
2025-11-25T04:00:00+02:00,4134.905,4155.9,4132.93,4150.665,4155.9,,,
2025-11-25T05:00:00+02:00,4150.64,4150.75,4139.59,4143.165,,,,
2025-11-25T06:00:00+02:00,4143.14,4148.43,4139.51,4140.68,,,,
2025-11-25T07:00:00+02:00,4140.78,4152.04,4140.78,4151.09,,,,
2025-11-25T08:00:00+02:00,4150.955,4152.21,4138.65,4141.625,,,,
2025-11-25T09:00:00+02:00,4141.555,4146.02,4130.115,4132.56,,,,
2025-11-25T10:00:00+02:00,4132.715,4139.495,4109.71,4115.965,,,4109.71,
2025-11-25T11:00:00+02:00,4115.975,4131.43,4113.93,4128.46,,,,
2025-11-25T12:00:00+02:00,4128.455,4138.91,4127.42,4131.47,,,,
2025-11-25T13:00:00+02:00,4131.46,4137.47,4127.865,4133.685,,,,
2025-11-25T14:00:00+02:00,4133.68,4138.92,4115.51,4130.065,,,,
2025-11-25T15:00:00+02:00,4130.125,4150.915,4129.66,4147.77,,,,
2025-11-25T16:00:00+02:00,4147.785,4148.61,4110.805,4125.26,,,4110.805,
2025-11-25T17:00:00+02:00,4125.28,4134.13,4117.92,4123.125,,,,
2025-11-25T18:00:00+02:00,4123.12,4141.4,4122.215,4136.195,,,,
2025-11-25T19:00:00+02:00,4136.24,4159.38,4136,4146.215,4159.38,,,
2025-11-25T20:00:00+02:00,4146.235,4151.085,4132.445,4134.325,,,,
2025-11-25T21:00:00+02:00,4134.255,4140.335,4128.49,4133.86,,,,
2025-11-25T22:00:00+02:00,4133.895,4138.525,4130.65,4132.42,,,,
2025-11-25T23:00:00+02:00,4132.4,4132.67,4127.62,4130.55,,,,
2025-11-26T01:00:00+02:00,4134.495,4137.305,4129.99,4133.955,,,,
2025-11-26T02:00:00+02:00,4133.97,4144.435,4132.815,4143.08,,,,
2025-11-26T03:00:00+02:00,4143.085,4152.985,4138.735,4148.545,,,,
2025-11-26T04:00:00+02:00,4148.525,4166.715,4147.465,4162.125,,,,
2025-11-26T05:00:00+02:00,4162.1,4169.58,4160.335,4166.07,4169.58,,,
2025-11-26T06:00:00+02:00,4166.015,4167.09,4156.525,4162.04,,,,
2025-11-26T07:00:00+02:00,4162.1,4168.845,4160.41,4162.46,,,,
2025-11-26T08:00:00+02:00,4162.415,4162.96,4146.68,4150.215,,,,
2025-11-26T09:00:00+02:00,4150.225,4161.74,4149.365,4157.54,,,,
2025-11-26T10:00:00+02:00,4157.525,4168.63,4154.76,4161.09,,,,
2025-11-26T11:00:00+02:00,4161.1,4164.66,4156.52,4162.865,,,,
2025-11-26T12:00:00+02:00,4162.875,4165.28,4155.98,4160.09,,,,
2025-11-26T13:00:00+02:00,4160.095,4173.175,4157.815,4171.61,,,,
2025-11-26T14:00:00+02:00,4171.62,4173.5,4148.57,4155.25,4173.5,,,
2025-11-26T15:00:00+02:00,4155.26,4166.665,4149.02,4153.5,,,,
2025-11-26T16:00:00+02:00,4153.51,4156.97,4139.595,4142.365,,,,
2025-11-26T17:00:00+02:00,4142.225,4165.83,4136.665,4165.43,,,4136.665,
2025-11-26T18:00:00+02:00,4165.445,4168.595,4160.73,4167.15,,,,
2025-11-26T19:00:00+02:00,4167.155,4169.935,4165.16,4167.275,,,,
2025-11-26T20:00:00+02:00,4167.29,4171.905,4158.1,4164.795,,4171.905,,
2025-11-26T21:00:00+02:00,4164.775,4169.84,4162.58,4163.355,,,,
2025-11-26T22:00:00+02:00,4163.365,4167.515,4161.4,4164.06,,,,
2025-11-26T23:00:00+02:00,4164.1,4167.635,4162.21,4163.575,,,,
2025-11-27T01:00:00+02:00,4165.255,4168.75,4162.52,4164.785,,,,
2025-11-27T02:00:00+02:00,4164.805,4167.15,4161.75,4164.56,,,,
2025-11-27T03:00:00+02:00,4164.555,4165.355,4148.76,4154.45,,,,
2025-11-27T04:00:00+02:00,4154.48,4156.425,4144.67,4145.525,,,,
2025-11-27T05:00:00+02:00,4145.49,4150.76,4144.525,4147.565,,,,
2025-11-27T06:00:00+02:00,4147.56,4154.725,4142.73,4151.01,,,4142.73,
2025-11-27T07:00:00+02:00,4150.91,4154.95,4144.61,4146.99,,,,
2025-11-27T08:00:00+02:00,4147.02,4159.295,4146.885,4157.45,,,,
2025-11-27T09:00:00+02:00,4157.425,4162.515,4155.455,4160.18,,,,
2025-11-27T10:00:00+02:00,4160.21,4167.26,4159.565,4165.73,,4167.26,,
2025-11-27T11:00:00+02:00,4165.65,4165.815,4148.4,4158.595,,,,
2025-11-27T12:00:00+02:00,4158.635,4160.71,4152.415,4156.56,,,,
2025-11-27T13:00:00+02:00,4156.47,4162.605,4156.045,4157.42,,,,
2025-11-27T14:00:00+02:00,4157.445,4159.225,4153.615,4154.175,,,,
2025-11-27T15:00:00+02:00,4154.14,4158.13,4149.085,4155.08,,,,
2025-11-27T16:00:00+02:00,4155.075,4160.88,4152.95,4153.34,,,,
2025-11-27T17:00:00+02:00,4153.355,4161.925,4153,4158.07,,,,
2025-11-27T18:00:00+02:00,4158.025,4158.39,4151.505,4156.51,,,,
2025-11-27T19:00:00+02:00,4156.61,4159.33,4154.695,4157.985,,,,
2025-11-27T20:00:00+02:00,4157.98,4159.935,4155.875,4159.29,,,,
2025-11-27T21:00:00+02:00,4159.23,4160.46,4155.7,4157.68,,,,
2025-11-27T22:00:00+02:00,4157.55,4158.87,4155.355,4157.09,,,,
2025-11-27T23:00:00+02:00,4157.65,4159.34,4155.335,4158.8,,,,
2025-11-28T01:00:00+02:00,4159.355,4163.845,4159.325,4163.165,,,,
2025-11-28T02:00:00+02:00,4163.15,4184.055,4162.97,4180.865,,,,
2025-11-28T03:00:00+02:00,4180.85,4193.26,4180.77,4191.295,4193.26,,,
2025-11-28T04:00:00+02:00,4191.28,4191.985,4186.04,4189.635,,,,
2025-11-28T05:00:00+02:00,4189.77,4192.705,4180.63,4183.39,,,,
2025-11-28T06:00:00+02:00,4183.405,4189.4,4176.575,4189.03,,,,
2025-11-28T07:00:00+02:00,4188.655,4189.2,4170.68,4181.97,,,,
2025-11-28T08:00:00+02:00,4181.655,4192.46,4180.89,4187.12,,,,
2025-11-28T09:00:00+02:00,4187.14,4187.81,4172.85,4174.16,,,,
2025-11-28T10:00:00+02:00,4173.95,4175.76,4153.74,4164.01,,,4153.74,
2025-11-28T11:00:00+02:00,4166.166,4169.105,4161.03,4167.545,,,,
2025-11-28T12:00:00+02:00,4167.8,4178.235,4159.32,4163.325,,,,
2025-11-28T13:00:00+02:00,4163.14,4180.15,4162.325,4171.275,,,,
2025-11-28T14:00:00+02:00,4170.63,4179.72,4168.11,4176.95,,,,
2025-11-28T15:00:00+02:00,4176.96,4182.975,4168.22,4182.7,,,,
2025-11-28T16:00:00+02:00,4182.785,4209.04,4182.66,4198.075,,,,
2025-11-28T17:00:00+02:00,4198.075,4204.295,4185.765,4203.93,,,,
2025-11-28T18:00:00+02:00,4203.94,4210.95,4197.87,4206.4,,,,
2025-11-28T19:00:00+02:00,4206.425,4217.1,4204.545,4216.97,,,,
2025-11-28T20:00:00+02:00,4217.04,4226.915,4210.96,4220.55,,,,
2025-11-28T21:00:00+02:00,4220.525,4222.075,4215.005,4215.82,,,,
2025-12-01T01:00:00+02:00,4226.31,4226.465,4205.785,4221.94,,,,
2025-12-01T02:00:00+02:00,4221.905,4233.735,4218.43,4230.775,,,,
2025-12-01T03:00:00+02:00,4230.76,4256.45,4219.745,4255.56,,,,
2025-12-01T04:00:00+02:00,4255.55,4256.6,4234.305,4242.955,4256.6,,,
2025-12-01T05:00:00+02:00,4242.95,4244.08,4232.6,4239.49,,,,
2025-12-01T06:00:00+02:00,4239.5,4247.065,4236.56,4245.775,,,,
2025-12-01T07:00:00+02:00,4245.765,4246.745,4215.605,4229.675,,,4215.605,
2025-12-01T08:00:00+02:00,4229.75,4240.665,4226.27,4237.105,,,,
2025-12-01T09:00:00+02:00,4237.105,4246.715,4231.735,4245.35,,,,
2025-12-01T10:00:00+02:00,4245.375,4253.715,4238.335,4244.78,,,,
2025-12-01T11:00:00+02:00,4244.835,4251.895,4243.8,4250.125,,,,
2025-12-01T12:00:00+02:00,4250.14,4262.435,4249.255,4255.64,,,,
2025-12-01T13:00:00+02:00,4255.655,4258.605,4248.33,4254.63,,,,
2025-12-01T14:00:00+02:00,4254.475,4256.73,4244.225,4246.605,,,,
2025-12-01T15:00:00+02:00,4246.45,4264.7,4245.695,4247.395,4264.7,,,
2025-12-01T16:00:00+02:00,4247.455,4249.36,4219.78,4239.98,,,,
2025-12-01T17:00:00+02:00,4240.53,4244.905,4219.495,4232.525,,,4219.495,
2025-12-01T18:00:00+02:00,4232.51,4242.66,4225.18,4226.295,,,,
2025-12-01T19:00:00+02:00,4226.285,4240.08,4223.105,4232.285,,,,
2025-12-01T20:00:00+02:00,4232.345,4244.81,4232.345,4240.44,,,,
2025-12-01T21:00:00+02:00,4240.46,4243.885,4229.315,4237.075,,,,
2025-12-01T22:00:00+02:00,4237.1,4241.63,4234.545,4237.5,,,,
2025-12-01T23:00:00+02:00,4237.4,4240.47,4230.265,4232.29,,,,
2025-12-02T01:00:00+02:00,4231.77,4236.15,4224.39,4227.54,,,,
2025-12-02T02:00:00+02:00,4227.55,4229.735,4221.69,4226.795,,,,
2025-12-02T03:00:00+02:00,4226.72,4227.34,4192.915,4219.56,,,,4192.915
2025-12-02T04:00:00+02:00,4219.555,4224.705,4214.52,4221.76,,,,
2025-12-02T05:00:00+02:00,4221.655,4226.415,4215.74,4216.835,,,,
2025-12-02T06:00:00+02:00,4216.84,4220.845,4213.8,4218.785,,,,
2025-12-02T07:00:00+02:00,4218.8,4225.655,4215.18,4225.005,,,,
2025-12-02T08:00:00+02:00,4225.03,4226.35,4203.285,4212.965,,,,
2025-12-02T09:00:00+02:00,4212.945,4219.495,4209.82,4213.57,,,,
2025-12-02T10:00:00+02:00,4213.585,4217.24,4207.24,4210.22,,,,
2025-12-02T11:00:00+02:00,4210.16,4213.3,4181.14,4192.12,,,,4181.14
2025-12-02T12:00:00+02:00,4192.085,4192.565,4182.31,4185.925,,,,
2025-12-02T13:00:00+02:00,4185.91,4206.16,4185.07,4205.64,,,,
2025-12-02T14:00:00+02:00,4205.625,4209.655,4201.07,4208.925,,,,
2025-12-02T15:00:00+02:00,4208.92,4215.33,4202.225,4212.565,,,,
2025-12-02T16:00:00+02:00,4212.495,4230.685,4212.4,4218.845,,4230.685,,
2025-12-02T17:00:00+02:00,4218.77,4219.69,4163.805,4169.835,,,,4163.805
2025-12-02T18:00:00+02:00,4170.075,4190.405,4166.825,4185.03,,,,
2025-12-02T19:00:00+02:00,4185.04,4196.94,4184.835,4193.885,,,,
2025-12-02T20:00:00+02:00,4193.865,4197.08,4183.23,4190.985,,,,
2025-12-02T21:00:00+02:00,4191.03,4200.4,4191.03,4196.47,,,,
2025-12-02T22:00:00+02:00,4196.45,4212.495,4194.79,4210.225,,,,
2025-12-02T23:00:00+02:00,4210.24,4211.865,4205.265,4205.665,,,,
2025-12-03T01:00:00+02:00,4202.48,4216.165,4202.38,4212.75,,,,
2025-12-03T02:00:00+02:00,4212.745,4212.91,4204.665,4212.07,,,,
2025-12-03T03:00:00+02:00,4212.1,4221.185,4211.81,4214.435,,,,
2025-12-03T04:00:00+02:00,4214.435,4229.065,4214.235,4226.725,,4229.065,,
2025-12-03T05:00:00+02:00,4226.725,4227.62,4220.245,4221.335,,,,
2025-12-03T06:00:00+02:00,4221.295,4225.455,4217.475,4222.515,,,,
2025-12-03T07:00:00+02:00,4222.47,4224.12,4203.405,4207.705,,,,
2025-12-03T08:00:00+02:00,4207.735,4211.995,4204.845,4208.42,,,,
2025-12-03T09:00:00+02:00,4208.425,4210.35,4200.39,4206.335,,,,
2025-12-03T10:00:00+02:00,4206.385,4210.33,4203.765,4206.43,,,,
2025-12-03T11:00:00+02:00,4206.485,4207.665,4197.22,4202.205,,,,
2025-12-03T12:00:00+02:00,4202.215,4204.965,4194.645,4200.655,,,4194.645,
2025-12-03T13:00:00+02:00,4200.7,4209.245,4197.16,4208.795,,,,
2025-12-03T14:00:00+02:00,4208.77,4214.41,4205.16,4213.595,,,,
2025-12-03T15:00:00+02:00,4213.545,4238.585,4211.105,4237.39,,,,
2025-12-03T16:00:00+02:00,4237.49,4241.565,4205.05,4212.335,4241.565,,,
2025-12-03T17:00:00+02:00,4212.285,4229.565,4206.095,4216.415,,,,
2025-12-03T18:00:00+02:00,4216.365,4225.33,4195.855,4200.895,,,,
2025-12-03T19:00:00+02:00,4200.94,4215.59,4200.39,4211.075,,,,
2025-12-03T20:00:00+02:00,4211.205,4211.515,4195.195,4197.015,,,4195.195,
2025-12-03T21:00:00+02:00,4197.075,4210.1,4196.95,4207.86,,,,
2025-12-03T22:00:00+02:00,4207.84,4212.825,4203.675,4206.23,,,,
2025-12-03T23:00:00+02:00,4206.215,4210.1,4202.69,4203.115,,,,
2025-12-04T01:00:00+02:00,4206.465,4209.08,4202.9,4207.465,,,,
2025-12-04T02:00:00+02:00,4207.54,4215.975,4204.755,4211.77,,,,
2025-12-04T03:00:00+02:00,4211.655,4217.08,4205.93,4209.24,,4217.08,,
2025-12-04T04:00:00+02:00,4209.31,4209.31,4199.01,4200.675,,,,
2025-12-04T05:00:00+02:00,4200.74,4201.58,4187.43,4195.875,,,,
2025-12-04T06:00:00+02:00,4195.805,4199.25,4192.83,4197.155,,,,
2025-12-04T07:00:00+02:00,4197.105,4199.14,4174.81,4181.1,,,,4174.81
2025-12-04T08:00:00+02:00,4181.155,4190.465,4178.82,4190.345,,,,
2025-12-04T09:00:00+02:00,4190.35,4195.215,4186.54,4193.945,,,,
2025-12-04T10:00:00+02:00,4193.86,4196.4,4184.8,4185,,,,
2025-12-04T11:00:00+02:00,4185.005,4202.28,4183.57,4199.95,,,,
2025-12-04T12:00:00+02:00,4199.945,4202.83,4196.645,4197.405,,,,
2025-12-04T13:00:00+02:00,4197.415,4206.63,4197.195,4198.475,,,,
2025-12-04T14:00:00+02:00,4198.485,4201.855,4188.79,4190.47,,,,
2025-12-04T15:00:00+02:00,4190.495,4198.645,4185.45,4198.43,,,,
2025-12-04T16:00:00+02:00,4198.385,4213.61,4193.575,4201.305,,,,
2025-12-04T17:00:00+02:00,4201.355,4210.28,4191.545,4207.355,,,,
2025-12-04T18:00:00+02:00,4207.42,4219.62,4206.63,4215.74,4219.62,,,
2025-12-04T19:00:00+02:00,4215.74,4217.735,4208.995,4216.715,,,,
2025-12-04T20:00:00+02:00,4216.68,4217.675,4207.41,4208.07,,,,
2025-12-04T21:00:00+02:00,4208.115,4210.18,4199.545,4208.975,,,,
2025-12-04T22:00:00+02:00,4208.785,4210.365,4205.485,4209.94,,,,
2025-12-04T23:00:00+02:00,4209.895,4210.425,4207.86,4208.765,,,,
2025-12-05T01:00:00+02:00,4209.41,4209.57,4204.005,4206.285,,,,
2025-12-05T02:00:00+02:00,4206.345,4210.685,4201.245,4201.785,,,,
2025-12-05T03:00:00+02:00,4201.725,4204.615,4194.815,4203.14,,,4194.815,
2025-12-05T04:00:00+02:00,4203.17,4208.69,4196.77,4207.3,,,,
2025-12-05T05:00:00+02:00,4207.37,4210.89,4201.74,4209.635,,,,
2025-12-05T06:00:00+02:00,4209.395,4217.655,4208.08,4217.025,,,,
2025-12-05T07:00:00+02:00,4217.02,4221.475,4214.53,4220.65,,,,
2025-12-05T08:00:00+02:00,4220.635,4229.35,4218.77,4224.7,,,,
2025-12-05T09:00:00+02:00,4224.725,4230.9,4222.56,4224.55,4230.9,,,
2025-12-05T10:00:00+02:00,4224.575,4227.24,4220.535,4220.6,,,,
2025-12-05T11:00:00+02:00,4220.585,4225.22,4215.935,4223.43,,,,
2025-12-05T12:00:00+02:00,4223.415,4227.545,4222.525,4222.93,,,,
2025-12-05T13:00:00+02:00,4222.915,4225.8,4220.15,4223.54,,,,
2025-12-05T14:00:00+02:00,4223.54,4229.72,4222.93,4228.83,,,,
2025-12-05T15:00:00+02:00,4228.98,4239.03,4221.46,4234.62,,,,
2025-12-05T16:00:00+02:00,4234.54,4245.67,4228.22,4242.135,,,,
2025-12-05T17:00:00+02:00,4242.115,4259.34,4234,4243.845,4259.34,,,
2025-12-05T18:00:00+02:00,4243.89,4245.765,4198.545,4214.175,,,,
2025-12-05T19:00:00+02:00,4214.21,4219.92,4206.55,4217.565,,,,
2025-12-05T20:00:00+02:00,4217.54,4219.35,4206.695,4208.955,,,,
2025-12-05T21:00:00+02:00,4208.97,4211.08,4202.34,4207.56,,,,
2025-12-05T22:00:00+02:00,4207.6,4207.71,4199.485,4202.14,,,,
2025-12-05T23:00:00+02:00,4202.165,4202.42,4192.055,4198.685,,,,4192.055
2025-12-08T01:00:00+02:00,4198.685,4203.14,4198.505,4201.52,,,,
2025-12-08T02:00:00+02:00,4201.58,4211.86,4199.91,4210.76,,,,
2025-12-08T03:00:00+02:00,4210.745,4211.775,4197.54,4201.25,,,,
2025-12-08T04:00:00+02:00,4201.19,4212.635,4198.72,4208.515,,,,
2025-12-08T05:00:00+02:00,4208.51,4213.305,4206.86,4210.24,,,,
2025-12-08T06:00:00+02:00,4210.215,4213.415,4207.045,4208.67,,,,
2025-12-08T07:00:00+02:00,4208.625,4217.365,4204.77,4217.3,,,,
2025-12-08T08:00:00+02:00,4217.295,4219.175,4212.18,4217.185,,4219.175,,
2025-12-08T09:00:00+02:00,4217.19,4217.61,4206.31,4206.83,,,,
2025-12-08T10:00:00+02:00,4206.815,4216.695,4203.175,4209.875,,,,
2025-12-08T11:00:00+02:00,4209.66,4213.045,4204.305,4207.855,,,,
2025-12-08T12:00:00+02:00,4207.85,4210.385,4201.105,4203.685,,,,
2025-12-08T13:00:00+02:00,4203.51,4214.465,4199.71,4208.735,,,,
2025-12-08T14:00:00+02:00,4208.77,4215.585,4208.54,4213.86,,,,
2025-12-08T15:00:00+02:00,4213.78,4214.785,4197.895,4201.9,,,,
2025-12-08T16:00:00+02:00,4201.905,4211.85,4195.315,4196.575,,,,
2025-12-08T17:00:00+02:00,4196.565,4196.8,4176.205,4182.905,,,,4176.205
2025-12-08T18:00:00+02:00,4182.89,4197.88,4176.815,4191.64,,,,
2025-12-08T19:00:00+02:00,4191.645,4195.68,4185.725,4195.045,,,,
2025-12-08T20:00:00+02:00,4195.01,4195.74,4184.555,4187.415,,,,
2025-12-08T21:00:00+02:00,4187.45,4189.055,4184.435,4187.03,,,,
2025-12-08T22:00:00+02:00,4187.045,4195.695,4184.98,4191.67,,,,
2025-12-08T23:00:00+02:00,4191.685,4193.36,4188.465,4190.66,,,,
2025-12-09T01:00:00+02:00,4191.48,4195.49,4190.785,4194.86,,,,
2025-12-09T02:00:00+02:00,4194.835,4195.82,4190.03,4190.535,,,,
2025-12-09T03:00:00+02:00,4190.595,4197.415,4188.885,4196.375,,,,
2025-12-09T04:00:00+02:00,4196.315,4197.29,4186.105,4190.035,,,,
2025-12-09T05:00:00+02:00,4190.1,4198.905,4190.1,4194.605,,4198.905,,
2025-12-09T06:00:00+02:00,4194.58,4195.76,4184.53,4186.78,,,,
2025-12-09T07:00:00+02:00,4186.765,4187.385,4178.035,4179.665,,,,
2025-12-09T08:00:00+02:00,4179.7,4184.075,4169.985,4182.285,,,,4169.985
2025-12-09T09:00:00+02:00,4182.29,4186.03,4175.855,4182.415,,,,
2025-12-09T10:00:00+02:00,4182.435,4192.025,4182.425,4191.73,,,,
2025-12-09T11:00:00+02:00,4191.74,4213.05,4190.795,4203.035,4213.05,,,
2025-12-09T12:00:00+02:00,4203.07,4208.505,4201.355,4204.12,,,,
2025-12-09T13:00:00+02:00,4204.1,4206.66,4201.235,4203.14,,,,
2025-12-09T14:00:00+02:00,4203.19,4207.705,4198.595,4204.235,,,,
2025-12-09T15:00:00+02:00,4204.245,4208.57,4195.725,4201.515,,,,
2025-12-09T16:00:00+02:00,4201.54,4210.455,4189.505,4204.99,,,4189.505,
2025-12-09T17:00:00+02:00,4204.78,4216.545,4190.14,4212.575,,,,
2025-12-09T18:00:00+02:00,4212.6,4221.625,4210.14,4212.4,4221.625,,,
2025-12-09T19:00:00+02:00,4212.41,4216.265,4201.665,4203.14,,,,
2025-12-09T20:00:00+02:00,4203.225,4209.935,4201.255,4209.195,,,,
2025-12-09T21:00:00+02:00,4209.14,4214.485,4207.15,4212.62,,,,
2025-12-09T22:00:00+02:00,4212.53,4216.035,4208.94,4212.125,,,,
2025-12-09T23:00:00+02:00,4212.14,4213.05,4207.415,4207.915,,,,
2025-12-10T01:00:00+02:00,4209.445,4212.99,4208.02,4210.75,,,,
2025-12-10T02:00:00+02:00,4210.68,4212.77,4207.01,4208.295,,,,
2025-12-10T03:00:00+02:00,4208.31,4218.15,4206.93,4213.75,,,,
2025-12-10T04:00:00+02:00,4213.73,4218.86,4211.74,4217.095,,4218.86,,
2025-12-10T05:00:00+02:00,4216.995,4217.27,4203.485,4206.44,,,,
2025-12-10T06:00:00+02:00,4206.395,4209.845,4205.58,4207.12,,,,
2025-12-10T07:00:00+02:00,4207.015,4214.66,4201.7,4211.575,,,,
2025-12-10T08:00:00+02:00,4211.515,4211.855,4203.005,4207.415,,,,
2025-12-10T09:00:00+02:00,4207.42,4209.26,4203.17,4203.37,,,,
2025-12-10T10:00:00+02:00,4203.3,4206.66,4197.05,4197.92,,,,
2025-12-10T11:00:00+02:00,4197.72,4200.52,4192.65,4194.39,,,,
2025-12-10T12:00:00+02:00,4194.34,4196.67,4187.8,4193.245,,,,4187.8
2025-12-10T13:00:00+02:00,4193.345,4197.845,4192.655,4197.44,,,,
2025-12-10T14:00:00+02:00,4197.405,4202.375,4195.405,4196.575,,,,
2025-12-10T15:00:00+02:00,4196.565,4205.23,4193.22,4200.745,,,,
2025-12-10T16:00:00+02:00,4200.7,4207.105,4191.415,4192.56,,,,
2025-12-10T17:00:00+02:00,4192.53,4201.27,4188.97,4193.75,,,,
2025-12-10T18:00:00+02:00,4193.78,4205.16,4192.72,4204.975,,,,
2025-12-10T19:00:00+02:00,4204.92,4204.955,4196.905,4199.735,,,,
2025-12-10T20:00:00+02:00,4199.775,4200.75,4192.15,4194.07,,,,
2025-12-10T21:00:00+02:00,4194.105,4219.86,4182.08,4216.45,,,,4182.08
2025-12-10T22:00:00+02:00,4216.41,4238.785,4211.425,4229.555,,,,
2025-12-10T23:00:00+02:00,4229.525,4232.335,4221.32,4228.775,,,,
2025-12-11T01:00:00+02:00,4228.245,4234.215,4224.255,4232.585,,,,
2025-12-11T02:00:00+02:00,4232.565,4245.385,4231.615,4237.375,,,,
2025-12-11T03:00:00+02:00,4237.38,4247.805,4233.03,4238.39,4247.805,,,
2025-12-11T04:00:00+02:00,4238.365,4240.915,4220.36,4222.28,,,,
2025-12-11T05:00:00+02:00,4222.22,4225.02,4209.47,4216.905,,,,
2025-12-11T06:00:00+02:00,4216.82,4218.45,4208.43,4213.525,,,,
2025-12-11T07:00:00+02:00,4213.405,4216.315,4206.075,4207.35,,,,
2025-12-11T08:00:00+02:00,4207.355,4215.61,4204.27,4214.725,,,4204.27,
2025-12-11T09:00:00+02:00,4214.75,4218.75,4210.595,4216.11,,,,
2025-12-11T10:00:00+02:00,4216.105,4219.65,4212.835,4216.775,,,,
2025-12-11T11:00:00+02:00,4216.785,4221.615,4210.4,4218.495,,,,
2025-12-11T12:00:00+02:00,4218.51,4226.08,4211.84,4217.035,,,,
2025-12-11T13:00:00+02:00,4217.06,4219.125,4209.61,4211.19,,,,
2025-12-11T14:00:00+02:00,4211.195,4220.61,4208.77,4220.565,,,,
2025-12-11T15:00:00+02:00,4220.705,4223.52,4205.35,4221.015,,,4205.35,
2025-12-11T16:00:00+02:00,4221.035,4244.595,4217.945,4230.395,,,,
2025-12-11T17:00:00+02:00,4230.36,4261.5,4226.335,4256.125,,,,
2025-12-11T18:00:00+02:00,4256.16,4279.04,4250.085,4273.655,,,,
2025-12-11T19:00:00+02:00,4273.645,4281.815,4272.23,4278.71,,,,
2025-12-11T20:00:00+02:00,4278.605,4285.89,4266.77,4268.28,4285.89,,,
2025-12-11T21:00:00+02:00,4268.255,4277.835,4262.83,4273.545,,,,
2025-12-11T22:00:00+02:00,4273.535,4276.395,4264.25,4276.285,,,,
2025-12-11T23:00:00+02:00,4276.24,4283.725,4272.61,4279.335,,,,
2025-12-12T01:00:00+02:00,4282.93,4283.005,4272.42,4276.285,,,,
2025-12-12T02:00:00+02:00,4276.32,4280.07,4269.11,4269.53,,,,
2025-12-12T03:00:00+02:00,4269.555,4276.32,4264.525,4270.935,,,,
2025-12-12T04:00:00+02:00,4270.95,4277.17,4269.32,4270.41,,,,
2025-12-12T05:00:00+02:00,4270.42,4274.825,4268.775,4270.705,,,,
2025-12-12T06:00:00+02:00,4270.68,4271.12,4266.36,4266.39,,,,
2025-12-12T07:00:00+02:00,4266.44,4280.695,4266.045,4278.94,,,,
2025-12-12T08:00:00+02:00,4278.945,4283.285,4276.665,4282.975,,,,
2025-12-12T09:00:00+02:00,4282.86,4290.625,4281.38,4287.245,,,,
2025-12-12T10:00:00+02:00,4287.28,4309.545,4287.185,4308.17,,,,
2025-12-12T11:00:00+02:00,4308.19,4320.425,4306.96,4318.315,,,,
2025-12-12T12:00:00+02:00,4318.3,4331.175,4314.695,4330.17,,,,
2025-12-12T13:00:00+02:00,4330.315,4339.385,4327.21,4336.515,,,,
2025-12-12T14:00:00+02:00,4336.505,4339.46,4324.735,4325.79,,,,
2025-12-12T15:00:00+02:00,4325.905,4346.32,4321.495,4341.155,,,,
2025-12-12T16:00:00+02:00,4341.145,4353.555,4331.05,4346.935,4353.555,,,
2025-12-12T17:00:00+02:00,4346.865,4351.625,4283.55,4290.755,,,,
2025-12-12T18:00:00+02:00,4290.835,4296.665,4257.275,4281.89,,,4257.275,
2025-12-12T19:00:00+02:00,4281.87,4298.525,4271.265,4294.255,,,,
2025-12-12T20:00:00+02:00,4294.3,4303.915,4290.535,4295.02,,,,
2025-12-12T21:00:00+02:00,4295.34,4299.705,4289.96,4296.51,,,,
2025-12-12T22:00:00+02:00,4296.53,4302.985,4288.74,4299.335,,,,
2025-12-12T23:00:00+02:00,4299.41,4304.215,4296.93,4299.38,,,,
2025-12-15T01:00:00+02:00,4302.985,4308.52,4301.72,4302.575,,,,
2025-12-15T02:00:00+02:00,4302.67,4307.995,4300.41,4307.515,,,,
2025-12-15T03:00:00+02:00,4307.555,4325.925,4305.66,4322.53,,,,
2025-12-15T04:00:00+02:00,4322.39,4329.405,4320.845,4326.345,,,,
2025-12-15T05:00:00+02:00,4326.365,4329.775,4319.32,4327.33,,,,
2025-12-15T06:00:00+02:00,4327.28,4330.1,4323.1,4326.19,,,,
2025-12-15T07:00:00+02:00,4326.255,4344.46,4324.685,4343.615,,,,
2025-12-15T08:00:00+02:00,4343.78,4347.48,4339.485,4343.51,,,,
2025-12-15T09:00:00+02:00,4343.53,4344.75,4333.545,4339.19,,,,
2025-12-15T10:00:00+02:00,4339.215,4349.025,4338.785,4346.82,,,,
2025-12-15T11:00:00+02:00,4346.765,4350.285,4342.345,4342.565,,4350.285,,
2025-12-15T12:00:00+02:00,4342.56,4348.175,4337.715,4339.59,,,,
2025-12-15T13:00:00+02:00,4339.61,4343.685,4335.305,4342.775,,,,
2025-12-15T14:00:00+02:00,4342.785,4348.525,4342.74,4345.71,,,,
2025-12-15T15:00:00+02:00,4345.685,4346.32,4330.74,4332.06,,,,
2025-12-15T16:00:00+02:00,4332.075,4336.835,4317.515,4323.765,,,,
2025-12-15T17:00:00+02:00,4323.695,4327.935,4311.63,4318.375,,,,
2025-12-15T18:00:00+02:00,4318.385,4319.02,4285.515,4297.815,,,4285.515,
2025-12-15T19:00:00+02:00,4297.795,4306.825,4291.08,4304.425,,,,
2025-12-15T20:00:00+02:00,4304.53,4313.61,4300.06,4313.085,,,,
2025-12-15T21:00:00+02:00,4313.085,4317.81,4307.92,4314.285,,,,
2025-12-15T22:00:00+02:00,4314.21,4314.385,4299.725,4304.625,,,,
2025-12-15T23:00:00+02:00,4304.63,4305.84,4300.825,4304.91,,,,
2025-12-16T01:00:00+02:00,4307.67,4309.77,4303.565,4304.445,,,,
2025-12-16T02:00:00+02:00,4304.435,4313.515,4303.04,4308.045,,,,
2025-12-16T03:00:00+02:00,4308.055,4318.035,4299.355,4308.79,,4318.035,,
2025-12-16T04:00:00+02:00,4308.68,4312.3,4286.605,4289.71,,,,
2025-12-16T05:00:00+02:00,4289.745,4294.675,4280.62,4291.005,,,,
2025-12-16T06:00:00+02:00,4290.98,4292.385,4286.825,4289.22,,,,
2025-12-16T07:00:00+02:00,4289.225,4292.405,4271.575,4284.185,,,,4271.575
2025-12-16T08:00:00+02:00,4284.22,4292.345,4282.595,4289.41,,,,
2025-12-16T09:00:00+02:00,4289.44,4290.13,4279.63,4287.655,,,,
2025-12-16T10:00:00+02:00,4287.635,4289.445,4275.275,4284.705,,,,
2025-12-16T11:00:00+02:00,4284.685,4285.93,4276.575,4280.495,,,,
2025-12-16T12:00:00+02:00,4280.545,4284.44,4274.7,4277.45,,,,
2025-12-16T13:00:00+02:00,4277.4,4279.765,4273.885,4278.69,,,4273.885,
2025-12-16T14:00:00+02:00,4278.635,4294.995,4276.94,4294.535,,,,
2025-12-16T15:00:00+02:00,4294.565,4313.27,4291,4313.015,,,,
2025-12-16T16:00:00+02:00,4313.04,4332.205,4311.43,4324.48,,,,
2025-12-16T17:00:00+02:00,4324.445,4335.185,4312.56,4319.865,4335.185,,,
2025-12-16T18:00:00+02:00,4319.805,4323.39,4291.41,4300.675,,,,
2025-12-16T19:00:00+02:00,4300.66,4311.07,4300.355,4303.725,,,,
2025-12-16T20:00:00+02:00,4303.83,4313.475,4298.285,4311.37,,,,
2025-12-16T21:00:00+02:00,4311.44,4315.92,4296.81,4310.655,,,,
2025-12-16T22:00:00+02:00,4310.65,4314.475,4302.66,4304.615,,,,
2025-12-16T23:00:00+02:00,4304.645,4305.53,4300.61,4302.225,,,,
2025-12-17T01:00:00+02:00,4303.6,4309.215,4302.405,4308.11,,,,
2025-12-17T02:00:00+02:00,4308.1,4315.435,4307.6,4313.195,,,,
2025-12-17T03:00:00+02:00,4313.205,4326.78,4311.445,4326.635,,,,
2025-12-17T04:00:00+02:00,4326.69,4327.835,4311.145,4314.365,,,,
2025-12-17T05:00:00+02:00,4314.38,4325.215,4312.64,4323.84,,,,
2025-12-17T06:00:00+02:00,4323.955,4331.65,4320.56,4329.8,,,,
2025-12-17T07:00:00+02:00,4329.785,4342.58,4328.095,4333.9,4342.58,,,
2025-12-17T08:00:00+02:00,4333.88,4337.64,4324.7,4328.72,,,,
2025-12-17T09:00:00+02:00,4328.685,4328.685,4315.68,4317.835,,,,
2025-12-17T10:00:00+02:00,4317.785,4320.915,4308.44,4319.385,,,,
2025-12-17T11:00:00+02:00,4319.3,4323.45,4315.88,4317.015,,,,
2025-12-17T12:00:00+02:00,4316.895,4322.315,4306.515,4317.805,,,4306.515,
2025-12-17T13:00:00+02:00,4317.875,4320.465,4315.06,4316.345,,,,
2025-12-17T14:00:00+02:00,4316.33,4323.24,4314.99,4317.57,,,,
2025-12-17T15:00:00+02:00,4317.615,4344.26,4315.085,4342.145,,,,
2025-12-17T16:00:00+02:00,4342.125,4346.09,4323.14,4338.245,,,,
2025-12-17T17:00:00+02:00,4338.22,4349.28,4324.34,4330.485,4349.28,,,
2025-12-17T18:00:00+02:00,4330.575,4337.66,4320.325,4333.68,,,,
2025-12-17T19:00:00+02:00,4333.675,4342.595,4328.77,4342.58,,,,
2025-12-17T20:00:00+02:00,4342.585,4346.61,4328.82,4336.25,,,,
2025-12-17T21:00:00+02:00,4336.13,4341.2,4330.45,4337.265,,,,
2025-12-17T22:00:00+02:00,4337.28,4346.145,4335.425,4341.49,,,,
2025-12-17T23:00:00+02:00,4341.545,4346.41,4337.5,4337.83,,,,
2025-12-18T01:00:00+02:00,4338.89,4343.095,4335.535,4339.055,,,,
2025-12-18T02:00:00+02:00,4338.985,4343.03,4333.34,4334.985,,,,
2025-12-18T03:00:00+02:00,4335.06,4337.245,4324.02,4331.745,,,4324.02,
2025-12-18T04:00:00+02:00,4331.78,4337.985,4330.01,4333.365,,,,
2025-12-18T05:00:00+02:00,4333.345,4336.94,4331.05,4333.34,,,,
2025-12-18T06:00:00+02:00,4333.28,4333.59,4328.69,4331.845,,,,
2025-12-18T07:00:00+02:00,4331.69,4337.465,4331.065,4333.32,,,,
2025-12-18T08:00:00+02:00,4333.27,4336.185,4330.68,4334.01,,,,
2025-12-18T09:00:00+02:00,4334.04,4337.785,4330.075,4331.495,,,,
2025-12-18T10:00:00+02:00,4331.375,4332.59,4321.805,4326.645,,,,
2025-12-18T11:00:00+02:00,4326.48,4328.63,4320.655,4323.64,,,,
2025-12-18T12:00:00+02:00,4323.615,4327.615,4322.02,4325.54,,,,
2025-12-18T13:00:00+02:00,4325.52,4328.825,4324.47,4325.735,,,,
2025-12-18T14:00:00+02:00,4325.685,4326.715,4317.285,4320.94,,,,
2025-12-18T15:00:00+02:00,4320.925,4343.185,4314.68,4336.65,,,,
2025-12-18T16:00:00+02:00,4336.635,4341.485,4308.67,4328.625,,,,4308.67
2025-12-18T17:00:00+02:00,4328.58,4341.77,4325.06,4338.395,,,,
2025-12-18T18:00:00+02:00,4338.42,4374.655,4337.74,4360.415,4374.655,,,
2025-12-18T19:00:00+02:00,4360.42,4363.415,4322.145,4333.565,,,,
2025-12-18T20:00:00+02:00,4333.575,4341.455,4325.905,4331.955,,,,
2025-12-18T21:00:00+02:00,4331.925,4335.09,4322.755,4325.18,,,,
2025-12-18T22:00:00+02:00,4325.18,4338.545,4324.67,4335,,,,
2025-12-18T23:00:00+02:00,4334.995,4334.995,4328.55,4332.59,,,,
2025-12-19T01:00:00+02:00,4335.855,4337.07,4333.6,4335.135,,,,
2025-12-19T02:00:00+02:00,4335.11,4335.835,4325.97,4326.33,,,,
2025-12-19T03:00:00+02:00,4326.405,4328.655,4309.095,4323.32,,,4309.095,
2025-12-19T04:00:00+02:00,4323.365,4328.1,4314.175,4316.76,,,,
2025-12-19T05:00:00+02:00,4316.735,4322.55,4312.68,4318.12,,,,
2025-12-19T06:00:00+02:00,4318.145,4322.935,4317.05,4322.74,,,,
2025-12-19T07:00:00+02:00,4322.725,4328.97,4317.46,4325.97,,,,
2025-12-19T08:00:00+02:00,4326.015,4329.57,4321.63,4326.44,,,,
2025-12-19T09:00:00+02:00,4326.42,4329.665,4321.5,4322.61,,,,
2025-12-19T10:00:00+02:00,4322.615,4330.975,4321.085,4325.99,,,,
2025-12-19T11:00:00+02:00,4325.945,4333.67,4324.41,4329.585,,,,
2025-12-19T12:00:00+02:00,4329.555,4331.915,4322.6,4327.805,,,,
2025-12-19T13:00:00+02:00,4327.81,4329.57,4325.18,4327.375,,,,
2025-12-19T14:00:00+02:00,4327.43,4328.955,4320.775,4326.735,,,,
2025-12-19T15:00:00+02:00,4326.77,4335.705,4326.055,4328.365,,,,
2025-12-19T16:00:00+02:00,4328.325,4337.93,4319.83,4332.855,,,4319.83,
2025-12-19T17:00:00+02:00,4332.735,4349.29,4332.135,4347.91,,,,
2025-12-19T18:00:00+02:00,4347.905,4354.755,4342.155,4349.935,,,,
2025-12-19T19:00:00+02:00,4349.92,4355.99,4347.075,4353.555,,,,
2025-12-19T20:00:00+02:00,4353.495,4356.625,4343.155,4348.595,,,,
2025-12-19T21:00:00+02:00,4348.605,4350.635,4345.17,4345.295,,,,
2025-12-19T22:00:00+02:00,4345.26,4346.545,4336.875,4339.75,,,,
2025-12-19T23:00:00+02:00,4339.735,4340.36,4336.555,4338.765,,,4336.555,
2025-12-22T01:00:00+02:00,4340.905,4356.1,4339.9,4355.4,,,,
2025-12-22T02:00:00+02:00,4355.325,4366.56,4355.325,4365.165,,,,
2025-12-22T03:00:00+02:00,4365.275,4384.96,4361.375,4382.97,,,,
2025-12-22T04:00:00+02:00,4382.995,4388.84,4378.695,4386.07,,,,
2025-12-22T05:00:00+02:00,4386.055,4395.05,4384.415,4392.66,,,,
2025-12-22T06:00:00+02:00,4392.655,4401.115,4391.33,4398.525,,,,
2025-12-22T07:00:00+02:00,4398.38,4409.76,4396.865,4400.21,,,,
2025-12-22T08:00:00+02:00,4400.235,4420.16,4398.96,4419.47,,,,
2025-12-22T09:00:00+02:00,4419.455,4420.515,4410.41,4414.395,4420.515,,,
2025-12-22T10:00:00+02:00,4414.345,4415.08,4406.195,4408.28,,,,
2025-12-22T11:00:00+02:00,4408.265,4415.01,4408.02,4411.2,,,,
2025-12-22T12:00:00+02:00,4411.195,4416.055,4406.215,4408.79,,,,
2025-12-22T13:00:00+02:00,4408.765,4411.695,4406.06,4410.42,,,,
2025-12-22T14:00:00+02:00,4410.225,4416.04,4406.29,4415.81,,,,
2025-12-22T15:00:00+02:00,4415.83,4427.42,4412.73,4423.865,,,,
2025-12-22T16:00:00+02:00,4423.905,4429.665,4414.725,4419.445,,,,
2025-12-22T17:00:00+02:00,4419.455,4435.65,4411.945,4431.835,,,,
2025-12-22T18:00:00+02:00,4431.86,4442.21,4428.22,4438.72,,,,
2025-12-22T19:00:00+02:00,4438.725,4442.27,4431.995,4438.51,,,,
2025-12-22T20:00:00+02:00,4438.61,4438.995,4429.445,4435.465,,,,
2025-12-22T21:00:00+02:00,4435.46,4436.085,4429.005,4433.69,,,,
2025-12-22T22:00:00+02:00,4433.615,4439.27,4431.72,4438.715,,,,
2025-12-22T23:00:00+02:00,4438.695,4449.385,4438.525,4443.74,,,,
2025-12-23T01:00:00+02:00,4449.18,4461.66,4449.045,4460.145,,,,
2025-12-23T02:00:00+02:00,4460.095,4470.715,4458.16,4470.6,,,,
2025-12-23T03:00:00+02:00,4470.53,4490.69,4469.44,4486.675,,,,
2025-12-23T04:00:00+02:00,4486.66,4497.685,4481.38,4493.48,4497.685,,,
2025-12-23T05:00:00+02:00,4493.44,4496.78,4482.955,4486.725,,,,
2025-12-23T06:00:00+02:00,4486.765,4488.325,4478.86,4482.585,,,,
2025-12-23T07:00:00+02:00,4482.525,4485.695,4474.92,4475.335,,,,
2025-12-23T08:00:00+02:00,4475.245,4481.735,4469.5,4481.62,,,,
2025-12-23T09:00:00+02:00,4481.61,4489.88,4478.5,4486.855,,,,
2025-12-23T10:00:00+02:00,4486.81,4493.49,4484.73,4490.055,,,,
2025-12-23T11:00:00+02:00,4490.04,4491.36,4478.225,4480.5,,,,
2025-12-23T12:00:00+02:00,4480.545,4487.605,4479.56,4484.4,,,,
2025-12-23T13:00:00+02:00,4484.415,4494.315,4483.1,4493.655,,,,
2025-12-23T14:00:00+02:00,4493.625,4493.785,4483.275,4486.41,,,,
2025-12-23T15:00:00+02:00,4486.35,4497.635,4473.51,4479.36,,4497.635,,
2025-12-23T16:00:00+02:00,4479.425,4480.13,4441.5,4446.745,,,,
2025-12-23T17:00:00+02:00,4446.735,4459.415,4430.515,4458.395,,,4430.515,
2025-12-23T18:00:00+02:00,4458.43,4476.695,4455.815,4474.38,,,,
2025-12-23T19:00:00+02:00,4474.395,4479.92,4469.945,4472.965,,,,
2025-12-23T20:00:00+02:00,4473.08,4485.22,4472.74,4484.725,,,,
2025-12-23T21:00:00+02:00,4484.625,4496.38,4484.265,4490.745,,,,
2025-12-23T22:00:00+02:00,4490.74,4499.82,4489.3,4497.5,,,,
2025-12-23T23:00:00+02:00,4497.505,4498.85,4483.52,4484.55,,,,
2025-12-24T01:00:00+02:00,4488.59,4510.78,4488,4503.39,,,,
2025-12-24T02:00:00+02:00,4503.3,4518.215,4500.96,4512.095,,,,
2025-12-24T03:00:00+02:00,4512.02,4526.15,4507.045,4518.84,4526.15,,,
2025-12-24T04:00:00+02:00,4518.815,4519.52,4474.375,4478.06,,,,
2025-12-24T05:00:00+02:00,4478.26,4498.74,4466.54,4493.2,,,4466.54,
2025-12-24T06:00:00+02:00,4493.325,4501.565,4491.4,4499.32,,,,
2025-12-24T07:00:00+02:00,4499.17,4500.575,4485.185,4488.645,,,,
2025-12-24T08:00:00+02:00,4488.65,4498.025,4485.275,4493.78,,,,
2025-12-24T09:00:00+02:00,4493.805,4495.24,4483.61,4484.05,,,,
2025-12-24T10:00:00+02:00,4484.04,4492.705,4478.205,4482.505,,,,
2025-12-24T11:00:00+02:00,4482.51,4496.26,4482.1,4494.895,,,,
2025-12-24T12:00:00+02:00,4494.89,4500.035,4482.425,4489.695,,,,
2025-12-24T13:00:00+02:00,4489.71,4492.17,4483.165,4491.77,,,,
2025-12-24T14:00:00+02:00,4491.77,4496.335,4489.745,4490.765,,,,
2025-12-24T15:00:00+02:00,4490.8,4493.655,4474.72,4488.29,,,,
2025-12-24T16:00:00+02:00,4488.135,4489.785,4460.485,4464.975,,,,
2025-12-24T17:00:00+02:00,4464.955,4476.745,4448.26,4458.685,,,,4448.26
2025-12-24T18:00:00+02:00,4458.715,4478.265,4456.12,4476.87,,,,
2025-12-24T19:00:00+02:00,4476.88,4487.88,4475.545,4480.745,,,,
2025-12-24T20:00:00+02:00,4480.765,4482.5,4477.405,4479.415,,,,
2025-12-26T01:00:00+02:00,4502.625,4536.74,4484.195,4495.405,4536.74,,,
2025-12-26T02:00:00+02:00,4495.315,4518.11,4492.27,4517.97,,,,
2025-12-26T03:00:00+02:00,4517.965,4531.515,4497.655,4504.045,,,,
2025-12-26T04:00:00+02:00,4504.02,4509.92,4492.21,4508.95,,,,
2025-12-26T05:00:00+02:00,4508.955,4513.545,4497.585,4501.845,,,,
2025-12-26T06:00:00+02:00,4501.84,4511.855,4500.54,4509.19,,,,
2025-12-26T07:00:00+02:00,4509.185,4514.98,4506.13,4509.82,,,,
2025-12-26T08:00:00+02:00,4509.875,4519.55,4508.045,4511.58,,,,
2025-12-26T09:00:00+02:00,4511.63,4515.795,4507.435,4511.05,,,,
2025-12-26T10:00:00+02:00,4511.21,4519.765,4509.735,4518.99,,,,
2025-12-26T11:00:00+02:00,4519.02,4520.7,4512.005,4512.83,,,,
2025-12-26T12:00:00+02:00,4512.795,4523.75,4511.255,4514.47,,,,
2025-12-26T13:00:00+02:00,4514.48,4515.28,4502.91,4509.945,,,4502.91,
2025-12-26T14:00:00+02:00,4509.915,4515.17,4506.785,4508.93,,,,
2025-12-26T15:00:00+02:00,4508.885,4528.885,4503.705,4525.195,,,,
2025-12-26T16:00:00+02:00,4525.19,4533.235,4512.795,4521.16,,,,
2025-12-26T17:00:00+02:00,4521.155,4547.38,4519.64,4546.495,,,,
2025-12-26T18:00:00+02:00,4546.54,4550.15,4531.34,4536.33,4550.15,,,
2025-12-26T19:00:00+02:00,4536.325,4537.65,4510.025,4519.07,,,,
2025-12-26T20:00:00+02:00,4519.055,4532.785,4514.705,4531.155,,,,
2025-12-26T21:00:00+02:00,4531.22,4535.795,4519.925,4523.81,,,,
2025-12-26T22:00:00+02:00,4523.82,4535.74,4521.685,4531.05,,,,
2025-12-26T23:00:00+02:00,4530.985,4534.825,4527.205,4533.21,,,,
2025-12-29T01:00:00+02:00,4542.66,4548.35,4523.05,4527.08,,4548.35,,
2025-12-29T02:00:00+02:00,4527.135,4527.98,4472.25,4497.3,,,,4472.25
2025-12-29T03:00:00+02:00,4497.305,4517.59,4492.295,4497.325,,,,
2025-12-29T04:00:00+02:00,4497.325,4516.02,4496.45,4512.425,,,,
2025-12-29T05:00:00+02:00,4512.465,4520.61,4509.445,4516.67,,,,
2025-12-29T06:00:00+02:00,4516.48,4519.74,4508.005,4515.825,,,,
2025-12-29T07:00:00+02:00,4515.66,4519.595,4504.925,4506.665,,,,
2025-12-29T08:00:00+02:00,4506.545,4510.74,4471.325,4475.105,,,,
2025-12-29T09:00:00+02:00,4475.05,4481.685,4445.115,4474.775,,,,
2025-12-29T10:00:00+02:00,4474.86,4488.6,4452.68,4461.035,,,,
2025-12-29T11:00:00+02:00,4461.08,4476.545,4459.27,4472.18,,,,
2025-12-29T12:00:00+02:00,4472.165,4474.68,4456.935,4460.935,,,,
2025-12-29T13:00:00+02:00,4460.93,4468.02,4434.12,4446.885,,,,
2025-12-29T14:00:00+02:00,4446.995,4464.985,4445.75,4464.415,,,,
2025-12-29T15:00:00+02:00,4464.41,4467.7,4407.145,4421.735,,,,
2025-12-29T16:00:00+02:00,4421.665,4421.665,4356.765,4360.275,,,,
2025-12-29T17:00:00+02:00,4360.38,4360.61,4302.11,4325.455,,,,4302.11
2025-12-29T18:00:00+02:00,4325.42,4347.435,4323.575,4341.59,,,,
2025-12-29T19:00:00+02:00,4341.73,4343.34,4315.015,4328.255,,,,
2025-12-29T20:00:00+02:00,4328.35,4334.86,4322.83,4331.38,,,,
2025-12-29T21:00:00+02:00,4331.39,4337.9,4327.615,4336.925,,,,
2025-12-29T22:00:00+02:00,4336.88,4344.695,4325.735,4334.76,,,,
2025-12-29T23:00:00+02:00,4334.97,4339.64,4327.765,4332.56,,,,
2025-12-30T01:00:00+02:00,4341.72,4347.59,4323.42,4345.945,,,,
2025-12-30T02:00:00+02:00,4345.945,4350.855,4334.62,4339.995,,,,
2025-12-30T03:00:00+02:00,4339.975,4360.405,4324.65,4360.37,,,,
2025-12-30T04:00:00+02:00,4360.36,4364.93,4348.805,4362.75,,,,
2025-12-30T05:00:00+02:00,4362.73,4369.19,4356.41,4359.305,,,,
2025-12-30T06:00:00+02:00,4359.265,4370.125,4357.635,4363.595,,,,
2025-12-30T07:00:00+02:00,4363.735,4380.23,4358.925,4377.585,,,,
2025-12-30T08:00:00+02:00,4377.535,4378.56,4360.055,4364.665,,,,
2025-12-30T09:00:00+02:00,4364.685,4383.445,4359.085,4372.42,,,,
2025-12-30T10:00:00+02:00,4372.51,4373.875,4350.49,4365.085,,,4350.49,
2025-12-30T11:00:00+02:00,4365.045,4376.785,4364.3,4372.345,,,,
2025-12-30T12:00:00+02:00,4372.28,4391.91,4368.01,4384.88,,,,
2025-12-30T13:00:00+02:00,4385.13,4390.535,4381.365,4384.38,,,,
2025-12-30T14:00:00+02:00,4384.405,4402.85,4383.5,4401.24,,,,
2025-12-30T15:00:00+02:00,4401.265,4404.375,4376.27,4388.55,,4404.375,,
2025-12-30T16:00:00+02:00,4388.565,4392.34,4355.865,4366.11,,,,
2025-12-30T17:00:00+02:00,4366.095,4377.54,4359.665,4365.52,,,,
2025-12-30T18:00:00+02:00,4365.485,4379.955,4355.145,4377.78,,,,
2025-12-30T19:00:00+02:00,4377.745,4382.125,4364.27,4370.32,,,,
2025-12-30T20:00:00+02:00,4370.325,4378.865,4362.735,4364.84,,,,
2025-12-30T21:00:00+02:00,4364.845,4368.07,4337.29,4348.82,,,,
2025-12-30T22:00:00+02:00,4348.87,4355.69,4337.955,4341.83,,,,
2025-12-30T23:00:00+02:00,4342.01,4350.665,4334.8,4339.395,,,,
2025-12-31T01:00:00+02:00,4341.77,4346.755,4328.125,4339.12,,,,4328.125
2025-12-31T02:00:00+02:00,4339.07,4346.63,4332.765,4342.515,,,,
2025-12-31T03:00:00+02:00,4342.5,4373.59,4336.85,4365.995,,4373.59,,
2025-12-31T04:00:00+02:00,4365.955,4371.425,4346.635,4348.905,,,,
2025-12-31T05:00:00+02:00,4348.95,4359.91,4341.075,4348.66,,,,
2025-12-31T06:00:00+02:00,4348.685,4351.375,4330.69,4332.865,,,,
2025-12-31T07:00:00+02:00,4332.865,4343.22,4276.685,4285.815,,,,
2025-12-31T08:00:00+02:00,4286.105,4329.415,4274.025,4328.065,,,,4274.025
2025-12-31T09:00:00+02:00,4328.135,4335.23,4323.755,4331.12,,,,
2025-12-31T10:00:00+02:00,4331.16,4333.105,4303.325,4307.74,,,,
2025-12-31T11:00:00+02:00,4307.71,4337.48,4307.325,4325.66,,,,
2025-12-31T12:00:00+02:00,4325.675,4331.455,4303.42,4306.705,,,,
2025-12-31T13:00:00+02:00,4306.605,4316.735,4304.215,4311.26,,,,
2025-12-31T14:00:00+02:00,4311.2,4318.35,4303.255,4313.99,,,4303.255,
2025-12-31T15:00:00+02:00,4313.995,4348.395,4308.205,4346.105,,,,
2025-12-31T16:00:00+02:00,4345.995,4353.445,4332.825,4346.03,,4353.445,,
2025-12-31T17:00:00+02:00,4345.97,4346.285,4327.005,4337.61,,,,
2025-12-31T18:00:00+02:00,4337.675,4339.95,4317.235,4323.16,,,,
2025-12-31T19:00:00+02:00,4323.175,4329.715,4318.33,4322.085,,,,
2025-12-31T20:00:00+02:00,4322.005,4331.78,4315.91,4319.815,,,,
2025-12-31T21:00:00+02:00,4319.975,4323.08,4307.94,4311.55,,,,
2025-12-31T22:00:00+02:00,4311.56,4324.915,4304.645,4313.575,,,4304.645,
2025-12-31T23:00:00+02:00,4313.67,4322.61,4307.465,4322.61,,,,
2026-01-02T01:00:00+02:00,4326.405,4351.665,4326.285,4348.26,,,,
2026-01-02T02:00:00+02:00,4348.245,4355.885,4341.61,4354.055,,,,
2026-01-02T03:00:00+02:00,4354,4355.825,4344.68,4348.095,,,,
2026-01-02T04:00:00+02:00,4348.105,4363.33,4345.32,4362.955,,,,
2026-01-02T05:00:00+02:00,4362.93,4375.78,4362.195,4375.125,,,,
2026-01-02T06:00:00+02:00,4375.145,4378.665,4371.285,4373.16,,,,
2026-01-02T07:00:00+02:00,4373.17,4381.975,4371.11,4380.66,,,,
2026-01-02T08:00:00+02:00,4380.69,4380.88,4373.325,4374.965,,,,
2026-01-02T09:00:00+02:00,4374.945,4383.58,4372.05,4383.015,,,,
2026-01-02T10:00:00+02:00,4382.99,4397.835,4380.935,4386.98,,,,
2026-01-02T11:00:00+02:00,4386.99,4391.715,4383.405,4385.56,,,,
2026-01-02T12:00:00+02:00,4385.59,4398.615,4384.7,4396.24,,,,
2026-01-02T13:00:00+02:00,4396.25,4399.39,4390.83,4393.065,,,,
2026-01-02T14:00:00+02:00,4393.05,4398.44,4385.25,4394.52,,,,
2026-01-02T15:00:00+02:00,4394.585,4402.295,4362.165,4366.255,4402.295,,,
2026-01-02T16:00:00+02:00,4366.27,4373.91,4348.105,4353.74,,,,
2026-01-02T17:00:00+02:00,4353.75,4357.455,4330.475,4335.395,,,,
2026-01-02T18:00:00+02:00,4335.545,4337.535,4315.195,4326.58,,,,
2026-01-02T19:00:00+02:00,4326.535,4333.415,4322.88,4323.245,,,,
2026-01-02T20:00:00+02:00,4323.085,4323.83,4309.915,4315.405,,,4309.915,
2026-01-02T21:00:00+02:00,4315.835,4326.355,4315.835,4318.2,,,,
2026-01-02T22:00:00+02:00,4318.175,4331.76,4317.38,4331.685,,,,
2026-01-02T23:00:00+02:00,4331.765,4333.725,4326.88,4332.065,,,,
2026-01-05T01:00:00+02:00,4356.505,4375.995,4349.355,4372.725,,,,
2026-01-05T02:00:00+02:00,4372.71,4396.71,4370.425,4395.29,,,,
2026-01-05T03:00:00+02:00,4395.28,4421.605,4391.06,4402.2,,,,
2026-01-05T04:00:00+02:00,4402.08,4409.505,4388.575,4405.435,,,,
2026-01-05T05:00:00+02:00,4405.49,4414.165,4399.805,4399.98,,,,
2026-01-05T06:00:00+02:00,4399.965,4408.46,4397.25,4404.31,,,,
2026-01-05T07:00:00+02:00,4404.225,4414.705,4401.035,4412.46,,,,
2026-01-05T08:00:00+02:00,4412.46,4426.52,4411.565,4420.65,,,,
2026-01-05T09:00:00+02:00,4420.635,4425.14,4416.875,4421.79,,,,
2026-01-05T10:00:00+02:00,4421.73,4434.02,4419.31,4430.25,,,,
2026-01-05T11:00:00+02:00,4430.205,4438.335,4426.17,4434.865,,,,
2026-01-05T12:00:00+02:00,4434.85,4440.055,4430.86,4436.48,,,,
2026-01-05T13:00:00+02:00,4436.515,4437.755,4410.805,4419.265,,,,
2026-01-05T14:00:00+02:00,4419.01,4421.51,4405.52,4409.705,,,,
2026-01-05T15:00:00+02:00,4409.785,4418.99,4396.485,4416.965,,,4396.485,
2026-01-05T16:00:00+02:00,4417.025,4442.765,4417.025,4436.28,,,,
2026-01-05T17:00:00+02:00,4436.77,4455.77,4435.56,4448.5,4455.77,,,
2026-01-05T18:00:00+02:00,4448.48,4454.415,4438.195,4441.93,,,,
2026-01-05T19:00:00+02:00,4441.955,4449.255,4432.535,4443.615,,,,
2026-01-05T20:00:00+02:00,4443.55,4448.605,4439.795,4448.605,,,,
2026-01-05T21:00:00+02:00,4448.595,4449.45,4434.855,4439.735,,,,
2026-01-05T22:00:00+02:00,4439.705,4447.105,4438.24,4444.795,,,,
2026-01-05T23:00:00+02:00,4444.815,4449.54,4443.33,4449.17,,,,
2026-01-06T01:00:00+02:00,4454.8,4460.285,4436.865,4440.675,,,,
2026-01-06T02:00:00+02:00,4440.635,4444.77,4430.28,4436.75,,,,
2026-01-06T03:00:00+02:00,4436.76,4452.595,4427.635,4450.89,,,4427.635,
2026-01-06T04:00:00+02:00,4450.905,4461.385,4448.72,4455.17,,,,
2026-01-06T05:00:00+02:00,4455.175,4468.27,4454.385,4467.7,,,,
2026-01-06T06:00:00+02:00,4467.68,4468.67,4461.805,4467.57,,,,
2026-01-06T07:00:00+02:00,4467.535,4474.265,4449.51,4452.505,,,,
2026-01-06T08:00:00+02:00,4452.495,4467.09,4451.56,4465.92,,,,
2026-01-06T09:00:00+02:00,4465.86,4470.4,4457.115,4459.47,,,,
2026-01-06T10:00:00+02:00,4459.475,4475.79,4457.37,4468.305,4475.79,,,
2026-01-06T11:00:00+02:00,4468.295,4468.46,4444.91,4446.58,,,,
2026-01-06T12:00:00+02:00,4446.555,4455.99,4442.665,4451.875,,,4442.665,
2026-01-06T13:00:00+02:00,4451.86,4464.705,4448.78,4463.525,,,,
2026-01-06T14:00:00+02:00,4463.515,4466.565,4458.8,4463.785,,,,
2026-01-06T15:00:00+02:00,4463.735,4470.63,4453.965,4468.09,,,,
2026-01-06T16:00:00+02:00,4468.165,4489.78,4464.405,4487.65,,,,
2026-01-06T17:00:00+02:00,4487.605,4491.205,4463.13,4478.46,,,,
2026-01-06T18:00:00+02:00,4478.425,4489.045,4471.445,4488.38,,,,
2026-01-06T19:00:00+02:00,4488.395,4491.65,4481.76,4489.51,,,,
2026-01-06T20:00:00+02:00,4489.44,4494.165,4482.165,4488.675,,,,
2026-01-06T21:00:00+02:00,4488.68,4489.52,4477.49,4481.505,,,,
2026-01-06T22:00:00+02:00,4481.49,4496.87,4480.505,4493.735,,,,
2026-01-06T23:00:00+02:00,4493.69,4497.31,4491.835,4494.635,,,,
2026-01-07T01:00:00+02:00,4498.54,4500.56,4492.305,4493.73,4500.56,,,
2026-01-07T02:00:00+02:00,4493.645,4494.71,4482.36,4492.195,,,,
2026-01-07T03:00:00+02:00,4492.18,4496.115,4460.985,4465.58,,,,
2026-01-07T04:00:00+02:00,4465.525,4479.08,4459.71,4474.65,,,,
2026-01-07T05:00:00+02:00,4474.665,4480.52,4471.85,4474.9,,,,
2026-01-07T06:00:00+02:00,4474.895,4476.06,4463.57,4464.96,,,,
2026-01-07T07:00:00+02:00,4464.935,4470.55,4443.24,4454.38,,,,
2026-01-07T08:00:00+02:00,4454.365,4460.415,4441.445,4444.125,,,,4441.445
2026-01-07T09:00:00+02:00,4444.12,4465.065,4441.61,4461.185,,,,
2026-01-07T10:00:00+02:00,4461.16,4474.875,4459.53,4468.42,,,,
2026-01-07T11:00:00+02:00,4468.425,4468.7,4459.495,4463.59,,,,
2026-01-07T12:00:00+02:00,4463.54,4467.745,4458.895,4464.415,,,,
2026-01-07T13:00:00+02:00,4464.405,4465.115,4446.62,4447.47,,,,
2026-01-07T14:00:00+02:00,4447.55,4455.23,4439.45,4445.045,,,,
2026-01-07T15:00:00+02:00,4445.03,4453.24,4428.015,4452.96,,,,
2026-01-07T16:00:00+02:00,4452.99,4454.52,4435.885,4445.02,,,,
2026-01-07T17:00:00+02:00,4444.1,4452.485,4423.385,4446.3,,,,4423.385
2026-01-07T18:00:00+02:00,4446.28,4468.37,4443.965,4464.235,,4468.37,,
2026-01-07T19:00:00+02:00,4464.255,4465.375,4449.705,4451.93,,,,
2026-01-07T20:00:00+02:00,4451.815,4459.05,4447.135,4452.25,,,,
2026-01-07T21:00:00+02:00,4452.255,4458.24,4445.545,4457.145,,,,
2026-01-07T22:00:00+02:00,4457.125,4461.625,4450.725,4452.495,,,,
2026-01-07T23:00:00+02:00,4452.515,4456.835,4449.72,4456.65,,,,
2026-01-08T01:00:00+02:00,4461.955,4464.05,4458.52,4463.52,,,,
2026-01-08T02:00:00+02:00,4463.5,4466.485,4446.825,4450.25,,4466.485,,
2026-01-08T03:00:00+02:00,4450.06,4460.42,4441.935,4448.4,,,,
2026-01-08T04:00:00+02:00,4448.395,4449.61,4433.735,4441.36,,,,
2026-01-08T05:00:00+02:00,4441.355,4446.565,4437.49,4440.28,,,,
2026-01-08T06:00:00+02:00,4440.225,4440.665,4430.235,4431.695,,,,
2026-01-08T07:00:00+02:00,4431.68,4432.535,4415.405,4425.815,,,,4415.405
2026-01-08T08:00:00+02:00,4425.83,4437.82,4415.745,4433.385,,,,
2026-01-08T09:00:00+02:00,4433.425,4439.765,4428.415,4431.085,,,,
2026-01-08T10:00:00+02:00,4431.02,4433.625,4419.92,4431.815,,,,
2026-01-08T11:00:00+02:00,4431.71,4435.51,4426.1,4432.77,,,,
2026-01-08T12:00:00+02:00,4432.78,4435.035,4423.035,4433.395,,,,
2026-01-08T13:00:00+02:00,4433.235,4433.235,4422.275,4422.985,,,,
2026-01-08T14:00:00+02:00,4422.975,4431.44,4407.835,4427.825,,,,4407.835
2026-01-08T15:00:00+02:00,4427.765,4436.205,4417.405,4423.835,,,,
2026-01-08T16:00:00+02:00,4423.87,4439.53,4418.925,4433.175,,,,
2026-01-08T17:00:00+02:00,4433.155,4456.83,4428.04,4454.36,,,,
2026-01-08T18:00:00+02:00,4454.375,4464.705,4447.035,4463.365,,,,
2026-01-08T19:00:00+02:00,4463.425,4465.745,4457.715,4463.565,,,,
2026-01-08T20:00:00+02:00,4463.53,4463.53,4448.065,4449.685,,,,
2026-01-08T21:00:00+02:00,4449.675,4453,4444.715,4452.19,,,,
2026-01-08T22:00:00+02:00,4452.18,4478.18,4451.565,4476.26,,,,
2026-01-08T23:00:00+02:00,4476.25,4479.71,4472.665,4477.565,,,,
2026-01-09T01:00:00+02:00,4476.635,4479.735,4472.675,4475.735,4479.735,,,
2026-01-09T02:00:00+02:00,4475.75,4476.81,4460.085,4462.89,,,,
2026-01-09T03:00:00+02:00,4462.885,4470.065,4452.92,4468.91,,,,
2026-01-09T04:00:00+02:00,4468.965,4476.615,4465.7,4469.54,,,,
2026-01-09T05:00:00+02:00,4469.49,4470.13,4460.49,4464.18,,,,
2026-01-09T06:00:00+02:00,4464.17,4466.97,4460.83,4464.79,,,,
2026-01-09T07:00:00+02:00,4464.59,4471.905,4458.295,4468.1,,,,
2026-01-09T08:00:00+02:00,4468.115,4477.545,4466.1,4474.175,,,,
2026-01-09T09:00:00+02:00,4474.185,4475.54,4468.62,4470.275,,,,
2026-01-09T10:00:00+02:00,4470.25,4477.05,4464.2,4468.715,,,,
2026-01-09T11:00:00+02:00,4468.655,4477.7,4468.525,4471.285,,,,
2026-01-09T12:00:00+02:00,4471.225,4474.3,4467.12,4472.675,,,,
2026-01-09T13:00:00+02:00,4472.75,4476.395,4468.775,4475.525,,,,
2026-01-09T14:00:00+02:00,4475.495,4480.615,4461.045,4466.005,,,,
2026-01-09T15:00:00+02:00,4466.03,4492.135,4458.935,4482.9,,,4458.935,
2026-01-09T16:00:00+02:00,4482.685,4498.425,4479.135,4494.97,,,,
2026-01-09T17:00:00+02:00,4494.77,4517.25,4490.1,4512.43,4517.25,,,
2026-01-09T18:00:00+02:00,4512.435,4514.46,4499.945,4506.505,,,,
2026-01-09T19:00:00+02:00,4506.45,4511.815,4482.01,4484.475,,,,
2026-01-09T20:00:00+02:00,4484.485,4504.635,4483.065,4496.205,,,,
2026-01-09T21:00:00+02:00,4496.215,4502.05,4492.935,4499.38,,,,
2026-01-09T22:00:00+02:00,4499.37,4510.24,4497.86,4507.63,,,,
2026-01-09T23:00:00+02:00,4507.655,4511.47,4505.075,4509.66,,,,
2026-01-12T01:00:00+02:00,4521.495,4544.96,4521.19,4540.26,,,,
2026-01-12T02:00:00+02:00,4540.255,4601.695,4536.53,4589.02,4601.695,,,
2026-01-12T03:00:00+02:00,4589.02,4595.135,4570.19,4570.19,,,,
2026-01-12T04:00:00+02:00,4570.18,4582.165,4561.935,4577.48,,,,
2026-01-12T05:00:00+02:00,4577.465,4581.51,4567.79,4570.71,,,,
2026-01-12T06:00:00+02:00,4570.665,4572.22,4563.455,4568.74,,,,
2026-01-12T07:00:00+02:00,4568.655,4585.17,4566.145,4581.065,,,,
2026-01-12T08:00:00+02:00,4581.025,4581.12,4569.88,4578.56,,,,
2026-01-12T09:00:00+02:00,4578.58,4589.725,4574.71,4587.77,,,,
2026-01-12T10:00:00+02:00,4587.76,4598.45,4579.535,4596.955,,,,
2026-01-12T11:00:00+02:00,4596.985,4599.475,4587.84,4589.225,,,,
2026-01-12T12:00:00+02:00,4589.22,4595.505,4586.12,4594.41,,,,
2026-01-12T13:00:00+02:00,4594.47,4595.015,4581.75,4585.315,,,,
2026-01-12T14:00:00+02:00,4585.365,4590.84,4578.485,4590.525,,,,
2026-01-12T15:00:00+02:00,4590.475,4620.38,4588.715,4615.905,,,,
2026-01-12T16:00:00+02:00,4615.895,4617.45,4585.07,4602.245,,,,
2026-01-12T17:00:00+02:00,4602.1,4627.61,4601.905,4621.22,,,,
2026-01-12T18:00:00+02:00,4621.075,4630.19,4607.835,4616.93,4630.19,,,
2026-01-12T19:00:00+02:00,4616.935,4620.655,4610.795,4616.415,,,,
2026-01-12T20:00:00+02:00,4616.435,4618.68,4600.345,4610.91,,,,
2026-01-12T21:00:00+02:00,4610.885,4618.985,4608.785,4611.24,,,,
2026-01-12T22:00:00+02:00,4611.205,4611.795,4591.66,4593.93,,,,
2026-01-12T23:00:00+02:00,4593.925,4598.06,4589.415,4597.65,,,,
2026-01-13T01:00:00+02:00,4597.62,4600,4578.095,4599.575,,,,
2026-01-13T02:00:00+02:00,4599.66,4599.89,4584.505,4587.36,,,,
2026-01-13T03:00:00+02:00,4587.39,4595.955,4575.585,4577.95,,,,
2026-01-13T04:00:00+02:00,4577.78,4595.195,4576.75,4594.355,,,,
2026-01-13T05:00:00+02:00,4594.335,4599.845,4592.585,4594.285,,,,
2026-01-13T06:00:00+02:00,4594.285,4599.885,4594.085,4596.49,,,,
2026-01-13T07:00:00+02:00,4596.405,4602.195,4585.765,4592.225,,4602.195,,
2026-01-13T08:00:00+02:00,4592.22,4592.48,4573.605,4581.955,,,4573.605,
2026-01-13T09:00:00+02:00,4581.895,4587.275,4577.54,4580.795,,,,
2026-01-13T10:00:00+02:00,4580.82,4597.095,4579.705,4592.96,,,,
2026-01-13T11:00:00+02:00,4592.905,4595.845,4585.695,4586.155,,,,
2026-01-13T12:00:00+02:00,4586.115,4588.37,4580.4,4586.395,,,,
2026-01-13T13:00:00+02:00,4586.42,4592.18,4582.13,4588.72,,,,
2026-01-13T14:00:00+02:00,4588.815,4595.39,4577.925,4593.345,,,,
2026-01-13T15:00:00+02:00,4593.35,4621.03,4590.51,4611.56,,,,
2026-01-13T16:00:00+02:00,4611.54,4634.89,4609.155,4629.8,4634.89,,,
2026-01-13T17:00:00+02:00,4629.865,4630.365,4600.83,4619.165,,,,
2026-01-13T18:00:00+02:00,4619.17,4620.875,4592.94,4613.565,,,,
2026-01-13T19:00:00+02:00,4613.535,4616.09,4586.825,4590.595,,,,
2026-01-13T20:00:00+02:00,4590.52,4602.09,4581.175,4594.155,,,,
2026-01-13T21:00:00+02:00,4594.22,4598.99,4584.29,4597.495,,,,
2026-01-13T22:00:00+02:00,4597.515,4597.855,4569.47,4586.195,,,,4569.47
2026-01-13T23:00:00+02:00,4586.25,4589.935,4582.975,4586.005,,,,
2026-01-14T01:00:00+02:00,4591.935,4598.965,4591.495,4597.105,,,,
2026-01-14T02:00:00+02:00,4597.095,4610.755,4597.005,4609.215,,,,
2026-01-14T03:00:00+02:00,4609.29,4620.03,4606.18,4619.385,,,,
2026-01-14T04:00:00+02:00,4619.445,4623.79,4614.22,4620.725,,,,
2026-01-14T05:00:00+02:00,4620.705,4630.355,4613.51,4628.32,,,,
2026-01-14T06:00:00+02:00,4628.45,4630.63,4625.35,4629.42,,,,
2026-01-14T07:00:00+02:00,4629.435,4639.89,4617.945,4619.895,4639.89,,,
2026-01-14T08:00:00+02:00,4619.905,4637.36,4618.575,4637.355,,,,
2026-01-14T09:00:00+02:00,4637.36,4639.695,4631.645,4632.47,,,,
2026-01-14T10:00:00+02:00,4632.48,4638.025,4621.65,4635.045,,,,
2026-01-14T11:00:00+02:00,4635.045,4639.63,4627.08,4630.535,,,,
2026-01-14T12:00:00+02:00,4630.525,4638.33,4627.8,4633.095,,,,
2026-01-14T13:00:00+02:00,4633.115,4637.58,4626.175,4630.415,,,,
2026-01-14T14:00:00+02:00,4630.47,4641.985,4630.315,4638.785,4641.985,,,
2026-01-14T15:00:00+02:00,4638.79,4641.74,4624.305,4635.805,,,,
2026-01-14T16:00:00+02:00,4635.795,4639.07,4607.02,4617.52,,,,
2026-01-14T17:00:00+02:00,4617.5,4626.61,4599.5,4618.025,,,4599.5,
2026-01-14T18:00:00+02:00,4618.265,4624.935,4608.755,4617.14,,,,
2026-01-14T19:00:00+02:00,4617.145,4619.25,4601.22,4614.4,,,,
2026-01-14T20:00:00+02:00,4614.375,4637.375,4612.905,4635.175,,,,
2026-01-14T21:00:00+02:00,4635.19,4642.97,4633.355,4639.255,4642.97,,,
2026-01-14T22:00:00+02:00,4639.24,4641.635,4625.515,4632.63,,,,
2026-01-14T23:00:00+02:00,4632.64,4633.05,4617.89,4626.575,,,,
2026-01-15T01:00:00+02:00,4624.17,4624.17,4602.88,4615.325,,,,
2026-01-15T02:00:00+02:00,4615.285,4618.26,4610.225,4615.235,,,,
2026-01-15T03:00:00+02:00,4615.22,4617.54,4583.565,4600.17,,,,
2026-01-15T04:00:00+02:00,4599.465,4614.86,4595.59,4602.96,,,,
2026-01-15T05:00:00+02:00,4602.95,4604.38,4581.065,4592.27,,,,4581.065
2026-01-15T06:00:00+02:00,4592.255,4597.555,4587.13,4592.35,,,,
2026-01-15T07:00:00+02:00,4592.38,4599.01,4581.095,4595.35,,,,
2026-01-15T08:00:00+02:00,4595.36,4612.14,4593.635,4610.305,,,,
2026-01-15T09:00:00+02:00,4610.295,4613.645,4599.22,4601.8,,,,
2026-01-15T10:00:00+02:00,4601.825,4607.34,4597.865,4604.43,,,,
2026-01-15T11:00:00+02:00,4604.48,4613.2,4600.76,4612.65,,,,
2026-01-15T12:00:00+02:00,4612.675,4620.645,4609.445,4620.04,,,,
2026-01-15T13:00:00+02:00,4620.035,4623.11,4615.705,4619.3,,,,
2026-01-15T14:00:00+02:00,4619.295,4620.89,4611.77,4614.035,,,,
2026-01-15T15:00:00+02:00,4614.04,4616.32,4581.625,4588.325,,,4581.625,
2026-01-15T16:00:00+02:00,4588.34,4615.23,4583.22,4611.205,,,,
2026-01-15T17:00:00+02:00,4611.145,4618.25,4603.855,4615.545,,,,
2026-01-15T18:00:00+02:00,4615.53,4625.015,4601.21,4605.68,,4625.015,,
2026-01-15T19:00:00+02:00,4605.685,4617.01,4605.62,4616.61,,,,
2026-01-15T20:00:00+02:00,4616.64,4621.275,4613.48,4617.69,,,,
2026-01-15T21:00:00+02:00,4617.7,4621.72,4612.82,4615.935,,,,
2026-01-15T22:00:00+02:00,4615.955,4616.425,4600.71,4605.92,,,,
2026-01-15T23:00:00+02:00,4605.865,4616.615,4604.5,4616.04,,,,
2026-01-16T01:00:00+02:00,4619.075,4620.975,4606.41,4610.365,,,,
2026-01-16T02:00:00+02:00,4610.39,4611.32,4598.52,4600.025,,,,
2026-01-16T03:00:00+02:00,4600,4608.655,4593.78,4600.62,,,,
2026-01-16T04:00:00+02:00,4600.615,4604.43,4591.37,4595.075,,,4591.37,
2026-01-16T05:00:00+02:00,4595.065,4599.9,4592.935,4596.44,,,,
2026-01-16T06:00:00+02:00,4596.385,4602.175,4596.14,4601.265,,,,
2026-01-16T07:00:00+02:00,4601.29,4616.315,4595.36,4611.58,,4616.315,,
2026-01-16T08:00:00+02:00,4611.53,4612.41,4594.095,4598.245,,,,
2026-01-16T09:00:00+02:00,4598.29,4612.245,4596.925,4607.645,,,,
2026-01-16T10:00:00+02:00,4607.65,4610.725,4601.31,4603.345,,,,
2026-01-16T11:00:00+02:00,4603.315,4608.695,4598.925,4600.845,,,,
2026-01-16T12:00:00+02:00,4600.81,4611.215,4599.79,4600.25,,,,
2026-01-16T13:00:00+02:00,4600.28,4616.33,4598.6,4612.605,,,,
2026-01-16T14:00:00+02:00,4612.61,4613.08,4597.41,4602.01,,,,
2026-01-16T15:00:00+02:00,4601.99,4605.77,4582.67,4602.055,,,,
2026-01-16T16:00:00+02:00,4602.05,4614.83,4596.135,4607.725,,,,
2026-01-16T17:00:00+02:00,4607.675,4620.39,4536.49,4571.31,4620.39,,,4536.49
2026-01-16T18:00:00+02:00,4571.265,4599.2,4567.795,4591.45,,,,
2026-01-16T19:00:00+02:00,4591.485,4593.34,4576.705,4581.51,,,,
2026-01-16T20:00:00+02:00,4581.465,4596.2,4579.955,4582.745,,,,
2026-01-16T21:00:00+02:00,4582.705,4592.475,4580.97,4590.545,,,,
2026-01-16T22:00:00+02:00,4590.54,4595.865,4580.78,4582.02,,,,
2026-01-16T23:00:00+02:00,4582.035,4598.64,4582.035,4596.32,,,,
2026-01-19T01:00:00+02:00,4649.78,4690.94,4646.135,4672.975,4690.94,,,
2026-01-19T02:00:00+02:00,4672.94,4682.145,4660.89,4675.52,,,,
2026-01-19T03:00:00+02:00,4675.575,4678.685,4656.19,4657.285,,,,
2026-01-19T04:00:00+02:00,4657.28,4665.26,4653.225,4662.59,,,,
2026-01-19T05:00:00+02:00,4662.6,4670.015,4658.23,4658.38,,,,
2026-01-19T06:00:00+02:00,4658.54,4666.15,4658.205,4663.36,,,,
2026-01-19T07:00:00+02:00,4663.355,4674.48,4663.195,4670.065,,,,
2026-01-19T08:00:00+02:00,4670.08,4679.11,4666.79,4677.995,,4679.11,,
2026-01-19T09:00:00+02:00,4678.03,4678.72,4661.935,4665.155,,,,
2026-01-19T10:00:00+02:00,4665.16,4674.03,4661.725,4663.57,,,,
2026-01-19T11:00:00+02:00,4663.6,4672.99,4662.055,4668.48,,,,
2026-01-19T12:00:00+02:00,4668.475,4671.29,4661.34,4663.805,,,,
2026-01-19T13:00:00+02:00,4663.83,4667.665,4659.73,4660.695,,,4659.73,
2026-01-19T14:00:00+02:00,4660.755,4673.795,4660.185,4672.05,,,,
2026-01-19T15:00:00+02:00,4672.045,4673.85,4664.535,4666.175,,,,
2026-01-19T16:00:00+02:00,4666.205,4670.52,4661.55,4666.625,,,,
2026-01-19T17:00:00+02:00,4666.585,4676.28,4664.35,4674.47,,,,
2026-01-19T18:00:00+02:00,4674.475,4675.74,4670.485,4672.37,,,,
2026-01-19T19:00:00+02:00,4672.355,4678.95,4669.17,4676.35,,,,
2026-01-19T20:00:00+02:00,4676.35,4680.405,4673.78,4676.585,4680.405,,,
2026-01-19T21:00:00+02:00,4676.63,4676.725,4667.115,4670.295,,,,
2026-01-20T01:00:00+02:00,4668.575,4672.345,4664.37,4665.36,,,,
2026-01-20T02:00:00+02:00,4665.375,4668.07,4659.395,4660.41,,,,4659.395
2026-01-20T03:00:00+02:00,4660.59,4676.235,4659.915,4669.805,,,,
2026-01-20T04:00:00+02:00,4669.74,4674.94,4665.545,4668.815,,,,
2026-01-20T05:00:00+02:00,4668.82,4681.57,4666.165,4680.28,,,,
2026-01-20T06:00:00+02:00,4680.275,4697.225,4679.755,4695.335,,,,
2026-01-20T07:00:00+02:00,4695.33,4716.745,4694.315,4714.63,,,,
2026-01-20T08:00:00+02:00,4714.575,4717.265,4705.74,4712.585,,,,
2026-01-20T09:00:00+02:00,4712.51,4722.845,4711.46,4716.22,,,,
2026-01-20T10:00:00+02:00,4716.28,4731.71,4715.035,4729.41,,,,
2026-01-20T11:00:00+02:00,4729.395,4737.57,4721.315,4732.51,,,,
2026-01-20T12:00:00+02:00,4732.49,4735.095,4723.075,4726.565,,,,
2026-01-20T13:00:00+02:00,4726.565,4735.465,4721.64,4733.245,,,,
2026-01-20T14:00:00+02:00,4733.26,4733.26,4724.08,4727.63,,,,
2026-01-20T15:00:00+02:00,4727.64,4738.54,4715.035,4737.265,,,4715.035,
2026-01-20T16:00:00+02:00,4737.275,4751.37,4728.63,4741.265,,,,
2026-01-20T17:00:00+02:00,4740.945,4748.765,4722.51,4737.675,,,,
2026-01-20T18:00:00+02:00,4737.655,4757.81,4728.945,4753.63,,,,
2026-01-20T19:00:00+02:00,4753.605,4762.47,4746.12,4759.19,,,,
2026-01-20T20:00:00+02:00,4759.2,4766.29,4752.785,4759.41,,,,
2026-01-20T21:00:00+02:00,4759.405,4766.4,4756.57,4760.855,,,,
2026-01-20T22:00:00+02:00,4760.82,4761.31,4747.36,4756.73,,,,
2026-01-20T23:00:00+02:00,4756.745,4763.945,4756.405,4763.37,,,,
2026-01-21T01:00:00+02:00,4762.815,4781.285,4757.885,4775.99,,,,
2026-01-21T02:00:00+02:00,4775.99,4787.805,4770.6,4784.645,,,,
2026-01-21T03:00:00+02:00,4784.675,4844.29,4783.495,4835.49,,,,
2026-01-21T04:00:00+02:00,4835.455,4842.215,4817.24,4836.73,,,,
2026-01-21T05:00:00+02:00,4836.76,4849.84,4826.975,4845.11,,,,
2026-01-21T06:00:00+02:00,4845.115,4870.885,4837.93,4865.905,,,,
2026-01-21T07:00:00+02:00,4865.87,4878.25,4859.05,4870.025,,,,
2026-01-21T08:00:00+02:00,4870.035,4888.545,4845.505,4847.56,4888.545,,,
2026-01-21T09:00:00+02:00,4847.41,4857.275,4832.725,4855.475,,,,
2026-01-21T10:00:00+02:00,4855.54,4869.65,4851.625,4854.735,,,,
2026-01-21T11:00:00+02:00,4854.73,4877.335,4852.43,4860.415,,,,
2026-01-21T12:00:00+02:00,4860.38,4866.93,4859.625,4862.3,,,,
2026-01-21T13:00:00+02:00,4862.32,4871.605,4855.19,4866.785,,,,
2026-01-21T14:00:00+02:00,4866.795,4870.845,4855.52,4865.195,,,,
2026-01-21T15:00:00+02:00,4865.19,4880.415,4858.485,4879.295,,,,
2026-01-21T16:00:00+02:00,4879.3,4880.935,4839.395,4852.14,,4880.935,,
2026-01-21T17:00:00+02:00,4851.895,4868.83,4813.355,4847.88,,,,
2026-01-21T18:00:00+02:00,4847.89,4855.8,4819.695,4833.63,,,,
2026-01-21T19:00:00+02:00,4833.635,4834.495,4802.62,4826.48,,,,
2026-01-21T20:00:00+02:00,4826.365,4850.7,4819.925,4850.385,,,,
2026-01-21T21:00:00+02:00,4850.415,4854.165,4755.075,4781.57,,,4755.075,
2026-01-21T22:00:00+02:00,4781.555,4828.14,4772.395,4826.515,,,,
2026-01-21T23:00:00+02:00,4826.7,4839.9,4813.235,4831.38,,,,
2026-01-22T01:00:00+02:00,4816.795,4821.3,4777.63,4778.265,,,,
2026-01-22T02:00:00+02:00,4778.23,4798.915,4778.17,4797.975,,,,
2026-01-22T03:00:00+02:00,4797.95,4809.875,4772.27,4797.935,,,,
2026-01-22T04:00:00+02:00,4797.775,4798.485,4774.61,4789.29,,,,
2026-01-22T05:00:00+02:00,4789.275,4797.14,4784.315,4796.48,,,,
2026-01-22T06:00:00+02:00,4796.47,4800.52,4793.905,4797.53,,,,
2026-01-22T07:00:00+02:00,4797.46,4821.775,4793.705,4821.415,,,,
2026-01-22T08:00:00+02:00,4821.41,4829.28,4816.49,4826.7,,,,
2026-01-22T09:00:00+02:00,4826.71,4839.71,4825.75,4832.72,,4839.71,,
2026-01-22T10:00:00+02:00,4832.73,4835.69,4822.185,4830.72,,,,
2026-01-22T11:00:00+02:00,4830.725,4838.095,4813.96,4823.185,,,,
2026-01-22T12:00:00+02:00,4823.2,4831.97,4819.47,4829.11,,,,
2026-01-22T13:00:00+02:00,4829.115,4836.43,4824.46,4831.19,,,,
2026-01-22T14:00:00+02:00,4831.18,4832.62,4818.785,4819.67,,,,
2026-01-22T15:00:00+02:00,4819.685,4835.46,4810.74,4822.29,,,4810.74,
2026-01-22T16:00:00+02:00,4822.32,4847.845,4820.49,4835.135,,,,
2026-01-22T17:00:00+02:00,4835.195,4873.91,4825.865,4871.82,,,,
2026-01-22T18:00:00+02:00,4871.945,4885.46,4868.085,4878.075,,,,
2026-01-22T19:00:00+02:00,4878.11,4906.47,4869.58,4904.715,,,,
2026-01-22T20:00:00+02:00,4904.7,4919.59,4901.375,4916.035,,,,
2026-01-22T21:00:00+02:00,4916.025,4924.525,4905.985,4911.74,,,,
2026-01-22T22:00:00+02:00,4911.76,4928.54,4911.505,4917.07,,,,
2026-01-22T23:00:00+02:00,4917.27,4940.885,4914.68,4936.075,,,,
2026-01-23T01:00:00+02:00,4952.295,4960.67,4930.84,4959.13,,,,
2026-01-23T02:00:00+02:00,4959.135,4965.985,4947.58,4965.16,,,,
2026-01-23T03:00:00+02:00,4965.26,4967.52,4936.06,4953.995,4967.52,,,
2026-01-23T04:00:00+02:00,4953.94,4962.47,4946.925,4955.615,,,,
2026-01-23T05:00:00+02:00,4955.595,4959.24,4938.1,4952.075,,,,
2026-01-23T06:00:00+02:00,4952,4958.585,4950.26,4956.285,,,,
2026-01-23T07:00:00+02:00,4956.26,4967.28,4954.615,4960.64,,,,
2026-01-23T08:00:00+02:00,4960.59,4963.27,4945.575,4953.965,,,,
2026-01-23T09:00:00+02:00,4953.97,4959.715,4943.235,4944.47,,,,
2026-01-23T10:00:00+02:00,4944.46,4947.825,4900.9,4913.88,,,,
2026-01-23T11:00:00+02:00,4913.875,4921.72,4899.795,4918.66,,,4899.795,
2026-01-23T12:00:00+02:00,4918.715,4932.56,4915.7,4929.88,,,,
2026-01-23T13:00:00+02:00,4929.875,4930.165,4912.07,4922.875,,,,
2026-01-23T14:00:00+02:00,4923.08,4942.6,4918.49,4939.42,,,,
2026-01-23T15:00:00+02:00,4939.67,4947.98,4923.77,4939.18,,,,
2026-01-23T16:00:00+02:00,4939.195,4956.645,4932.89,4943.76,,,,
2026-01-23T17:00:00+02:00,4943.505,4963.475,4938.405,4960.64,,,,
2026-01-23T18:00:00+02:00,4960.78,4988.44,4959.155,4980.43,,,,
2026-01-23T19:00:00+02:00,4980.445,4988.16,4962.005,4965.895,,,,
2026-01-23T20:00:00+02:00,4965.995,4984.205,4958.345,4966.85,,,,
2026-01-23T21:00:00+02:00,4966.975,4989.88,4966.975,4984.14,,,,
2026-01-23T22:00:00+02:00,4984.155,4985.72,4970.59,4981.055,,,,
2026-01-23T23:00:00+02:00,4981.075,4990.12,4978.185,4987.545,,,,
2026-01-26T01:00:00+02:00,5015.63,5040.55,5003.705,5039.85,,,,
2026-01-26T02:00:00+02:00,5039.89,5052.26,5030.83,5041.89,,,,
2026-01-26T03:00:00+02:00,5041.905,5085.665,5028.96,5071.115,,,,
2026-01-26T04:00:00+02:00,5071.09,5092.975,5066.925,5081.05,,,,
2026-01-26T05:00:00+02:00,5081.075,5087.93,5070.15,5076.66,,,,
2026-01-26T06:00:00+02:00,5076.645,5078.195,5058.145,5070.385,,,,
2026-01-26T07:00:00+02:00,5070.25,5076.69,5052.365,5074.425,,,,
2026-01-26T08:00:00+02:00,5074.41,5111.51,5065.39,5077.645,5111.51,,,
2026-01-26T09:00:00+02:00,5077.66,5095.855,5073.94,5089.06,,,,
2026-01-26T10:00:00+02:00,5089.08,5098.455,5080.14,5083.48,,,,
2026-01-26T11:00:00+02:00,5083.415,5098.515,5075.395,5084.14,,,,
2026-01-26T12:00:00+02:00,5084.23,5095.115,5078.625,5091.575,,,,
2026-01-26T13:00:00+02:00,5091.785,5092.97,5078.435,5091.585,,,,
2026-01-26T14:00:00+02:00,5091.58,5097.1,5077.285,5078.995,,,,
2026-01-26T15:00:00+02:00,5078.985,5083.195,5054.67,5068.735,,,5054.67,
2026-01-26T16:00:00+02:00,5068.8,5097.025,5058.45,5096.18,,,,
2026-01-26T17:00:00+02:00,5096.245,5097.46,5074.255,5090.845,,,,
2026-01-26T18:00:00+02:00,5090.865,5105.34,5065.385,5089.545,,5105.34,,
2026-01-26T19:00:00+02:00,5089.55,5105.15,5080.285,5101.235,,,,
2026-01-26T20:00:00+02:00,5101.2,5103.22,5057.935,5069.04,,,,
2026-01-26T21:00:00+02:00,5069.085,5069.85,5008.275,5028.715,,,,
2026-01-26T22:00:00+02:00,5028.735,5062.32,5026.26,5055.11,,,,
2026-01-26T23:00:00+02:00,5055.12,5059.165,4990.215,5008.875,,,,4990.215
2026-01-27T01:00:00+02:00,5035.795,5061.675,5028.275,5043.56,,,,
2026-01-27T02:00:00+02:00,5043.58,5054.135,5013.875,5033.115,,,,
2026-01-27T03:00:00+02:00,5033.125,5076.14,5018.805,5060.14,,,,
2026-01-27T04:00:00+02:00,5059.99,5079.81,5049.585,5072.68,,,,
2026-01-27T05:00:00+02:00,5072.66,5079.31,5060.16,5077.225,,,,
2026-01-27T06:00:00+02:00,5077.025,5078.955,5061.5,5067.8,,,,
2026-01-27T07:00:00+02:00,5067.775,5085.495,5057.195,5083.11,,,,
2026-01-27T08:00:00+02:00,5083.125,5094.35,5076.865,5085.785,,,,
2026-01-27T09:00:00+02:00,5085.8,5100.84,5081.58,5085.965,,5100.84,,
2026-01-27T10:00:00+02:00,5086.01,5088.165,5073.51,5079.755,,,,
2026-01-27T11:00:00+02:00,5079.75,5099.65,5078.165,5098.325,,,,
2026-01-27T12:00:00+02:00,5098.66,5098.66,5081.99,5086.545,,,,
2026-01-27T13:00:00+02:00,5086.56,5090.83,5066.64,5077.08,,,,
2026-01-27T14:00:00+02:00,5077.095,5091.37,5073.725,5085.13,,,,
2026-01-27T15:00:00+02:00,5085.19,5093.145,5069.47,5077.555,,,,
2026-01-27T16:00:00+02:00,5077.52,5082.205,5046.84,5054.74,,,5046.84,
2026-01-27T17:00:00+02:00,5054.74,5091.32,5047.69,5090.905,,,,
2026-01-27T18:00:00+02:00,5090.925,5103.355,5083.3,5087.47,,,,
2026-01-27T19:00:00+02:00,5087.495,5094.155,5076.92,5081.37,,,,
2026-01-27T20:00:00+02:00,5081.395,5095.82,5076.45,5088.11,,,,
2026-01-27T21:00:00+02:00,5088.135,5100.12,5081.05,5099.055,,,,
2026-01-27T22:00:00+02:00,5099.05,5182.795,5098.035,5176.65,,,,
2026-01-27T23:00:00+02:00,5176.6,5190.51,5169.13,5180.625,,,,
2026-01-28T01:00:00+02:00,5181.64,5184.57,5159.025,5172.315,,,,
2026-01-28T02:00:00+02:00,5172.225,5180.27,5157.21,5172.025,,,,
2026-01-28T03:00:00+02:00,5172.01,5225.36,5168.545,5204.87,,,,
2026-01-28T04:00:00+02:00,5204.82,5234.775,5201.745,5232.245,,,,
2026-01-28T05:00:00+02:00,5232.02,5247.82,5224.4,5235.285,,,,
2026-01-28T06:00:00+02:00,5235.075,5249.09,5232.5,5245.545,,,,
2026-01-28T07:00:00+02:00,5245.56,5266.435,5241.57,5261.35,,,,
2026-01-28T08:00:00+02:00,5261.47,5271.5,5251.87,5270.16,,,,
2026-01-28T09:00:00+02:00,5270.21,5292.87,5263.18,5290.675,,,,
2026-01-28T10:00:00+02:00,5290.57,5311.665,5280.64,5293.985,5311.665,,,
2026-01-28T11:00:00+02:00,5293.975,5297.76,5263.22,5278.37,,,,
2026-01-28T12:00:00+02:00,5278.41,5285.95,5269.51,5269.97,,,,
2026-01-28T13:00:00+02:00,5270.2,5270.77,5238.59,5261.73,,,,
2026-01-28T14:00:00+02:00,5261.84,5279.49,5251.81,5279.415,,,,
2026-01-28T15:00:00+02:00,5279.275,5289.71,5257.015,5266.645,,,,
2026-01-28T16:00:00+02:00,5266.615,5288.485,5248.775,5286.19,,,,
2026-01-28T17:00:00+02:00,5285.925,5298.35,5235.75,5278.28,,,5235.75,
2026-01-28T18:00:00+02:00,5278.295,5300.33,5274.505,5299.875,,,,
2026-01-28T19:00:00+02:00,5299.915,5307.285,5283.26,5298.11,,,,
2026-01-28T20:00:00+02:00,5298.145,5325.97,5268.45,5282.595,,,,
2026-01-28T21:00:00+02:00,5282.85,5332.08,5269.295,5325.41,,,,
2026-01-28T22:00:00+02:00,5325.39,5391.62,5320.9,5376.885,,,,
2026-01-28T23:00:00+02:00,5376.885,5419.645,5376.885,5418.545,,,,
2026-01-29T01:00:00+02:00,5446.995,5602.225,5432.455,5513.285,5602.225,,,
2026-01-29T02:00:00+02:00,5513.585,5527.24,5454.12,5520.195,,,,
2026-01-29T03:00:00+02:00,5520.2,5551.96,5444.925,5545.785,,,,
2026-01-29T04:00:00+02:00,5545.73,5550.06,5504.585,5536.11,,,,
2026-01-29T05:00:00+02:00,5536.12,5549.235,5508.53,5545.84,,,,
2026-01-29T06:00:00+02:00,5545.835,5564.725,5533.265,5557.99,,,,
2026-01-29T07:00:00+02:00,5557.955,5564.545,5515.995,5562.655,,,,
2026-01-29T08:00:00+02:00,5562.725,5595.77,5554.955,5561.325,,5595.77,,
2026-01-29T09:00:00+02:00,5561.32,5575.28,5536.905,5548.96,,,,
2026-01-29T10:00:00+02:00,5548.935,5554.845,5473.555,5510.08,,,,
2026-01-29T11:00:00+02:00,5509.82,5529.875,5497.925,5513.92,,,,
2026-01-29T12:00:00+02:00,5513.925,5525.835,5482.495,5483.705,,,,
2026-01-29T13:00:00+02:00,5483.895,5528.94,5470.9,5522.62,,,,
2026-01-29T14:00:00+02:00,5522.655,5543.23,5518.575,5534.16,,,,
2026-01-29T15:00:00+02:00,5534.23,5541.215,5499.925,5510.785,,,,
2026-01-29T16:00:00+02:00,5510.775,5549.565,5491.24,5496.965,,5549.565,,
2026-01-29T17:00:00+02:00,5496.52,5496.66,5097.215,5183.2,,,,5097.215
2026-01-29T18:00:00+02:00,5183.13,5311.67,5171.89,5264.55,,,,
2026-01-29T19:00:00+02:00,5264.61,5375.735,5264.61,5335.37,,,,
2026-01-29T20:00:00+02:00,5335.4,5362.02,5307.695,5338.785,,,,
2026-01-29T21:00:00+02:00,5338.81,5345.75,5290.46,5306,,,,
2026-01-29T22:00:00+02:00,5306.075,5407.33,5282.98,5394.17,,,,
2026-01-29T23:00:00+02:00,5394.195,5426.085,5369.18,5370.23,,,,
2026-01-30T01:00:00+02:00,5419.64,5448.89,5387.62,5438.57,,,,
2026-01-30T02:00:00+02:00,5438.565,5451.16,5389.895,5407.47,,5451.16,,
2026-01-30T03:00:00+02:00,5407.435,5410.625,5290.44,5300.745,,,,
2026-01-30T04:00:00+02:00,5300.74,5312.725,5112.105,5225.075,,,5112.105,
2026-01-30T05:00:00+02:00,5225.08,5230.07,5149.93,5196.94,,,,
2026-01-30T06:00:00+02:00,5196.915,5231.515,5193.45,5215.065,,,,
2026-01-30T07:00:00+02:00,5214.795,5241.85,5180.175,5185.135,,,,
2026-01-30T08:00:00+02:00,5185.29,5205.81,5144.87,5155.96,,,,
2026-01-30T09:00:00+02:00,5155.88,5186.445,5118.01,5181.08,,,,
2026-01-30T10:00:00+02:00,5181.115,5181.115,5054.43,5116.775,,,,
2026-01-30T11:00:00+02:00,5116.755,5133.05,4941.5,5013.76,,,,4941.5
2026-01-30T12:00:00+02:00,5013.44,5122.47,5000.82,5119.58,,,,
2026-01-30T13:00:00+02:00,5119.765,5144.765,5088.485,5135.91,,,,
2026-01-30T14:00:00+02:00,5135.955,5145.98,5055.375,5064.675,,,,
2026-01-30T15:00:00+02:00,5064.62,5100.2,4992.555,5019.645,,,,
2026-01-30T16:00:00+02:00,5019.53,5113.795,5014.07,5033.255,,,,
2026-01-30T17:00:00+02:00,5033.24,5074.36,4980.8,5050.925,,,,
2026-01-30T18:00:00+02:00,5050.9,5052.3,4943.18,4985.7,,,,
2026-01-30T19:00:00+02:00,4985.71,4986.51,4800.855,4850.225,,,,
2026-01-30T20:00:00+02:00,4850.19,4893.795,4679.51,4878.955,,,,4679.51
2026-01-30T21:00:00+02:00,4879.135,4948.545,4836.87,4932.84,,,,
2026-01-30T22:00:00+02:00,4932.845,4932.945,4807.725,4847.57,,,,
2026-01-30T23:00:00+02:00,4847.605,4901.69,4831.905,4895.44,,,,
2026-02-02T01:00:00+02:00,4833.89,4834.255,4697.14,4742.1,,,,
2026-02-02T02:00:00+02:00,4742.22,4884.56,4740.755,4766.465,,,,
2026-02-02T03:00:00+02:00,4766.505,4785.045,4584.82,4736.89,,,,
2026-02-02T04:00:00+02:00,4736.79,4773.225,4696.825,4710.84,,,,
2026-02-02T05:00:00+02:00,4710.835,4729.825,4630.67,4646.855,,,,
2026-02-02T06:00:00+02:00,4646.81,4713.375,4603.14,4679.745,,,,
2026-02-02T07:00:00+02:00,4679.725,4697.085,4498.085,4549.31,,,,
2026-02-02T08:00:00+02:00,4549.25,4574.03,4402.38,4505.79,,,,4402.38
2026-02-02T09:00:00+02:00,4505.745,4619.31,4484.55,4587.4,,,,
2026-02-02T10:00:00+02:00,4587.495,4651.5,4559.075,4641.065,,,,
2026-02-02T11:00:00+02:00,4640.82,4731.64,4603.165,4719.6,,,,
2026-02-02T12:00:00+02:00,4719.255,4733.805,4657.01,4705.655,,,,
2026-02-02T13:00:00+02:00,4705.62,4780.07,4703.27,4766.24,,,,
2026-02-02T14:00:00+02:00,4766.235,4812.265,4743.715,4794.555,,4812.265,,
2026-02-02T15:00:00+02:00,4794.39,4804.2,4669.27,4706.305,,,,
2026-02-02T16:00:00+02:00,4706.305,4794.685,4680.24,4718.945,,,,
2026-02-02T17:00:00+02:00,4718.375,4745.54,4617.31,4619.85,,,,
2026-02-02T18:00:00+02:00,4619.82,4708.905,4596.74,4666.18,,,4596.74,
2026-02-02T19:00:00+02:00,4666.175,4714.105,4656.855,4674.11,,,,
2026-02-02T20:00:00+02:00,4674.21,4674.415,4618.67,4657.88,,,,
2026-02-02T21:00:00+02:00,4657.89,4712.925,4631.55,4685.41,,,,
2026-02-02T22:00:00+02:00,4685.405,4701.06,4647.875,4653.115,,,,
2026-02-02T23:00:00+02:00,4653.16,4687.05,4644.21,4661.055,,,,
2026-02-03T01:00:00+02:00,4704.095,4775.865,4695.53,4774.575,,,,
2026-02-03T02:00:00+02:00,4774.605,4831.095,4766.035,4780.485,,,,
2026-02-03T03:00:00+02:00,4780.81,4856.76,4766.29,4841.405,,,,
2026-02-03T04:00:00+02:00,4841.38,4842.045,4745.68,4783.68,,,,
2026-02-03T05:00:00+02:00,4783.71,4813.535,4751.885,4809.505,,,,
2026-02-03T06:00:00+02:00,4809.545,4825.415,4800.905,4809.18,,,,
2026-02-03T07:00:00+02:00,4809.42,4842.3,4809.3,4825.305,,,,
2026-02-03T08:00:00+02:00,4825.365,4893.815,4816.66,4881.315,,,,
2026-02-03T09:00:00+02:00,4881.445,4933.785,4872.05,4917.365,,,,
2026-02-03T10:00:00+02:00,4917.54,4950.68,4898.34,4912.675,,,,
2026-02-03T11:00:00+02:00,4912.595,4926.395,4884.625,4916.175,,,,
2026-02-03T12:00:00+02:00,4916.21,4930.075,4901.735,4902.57,,,,
2026-02-03T13:00:00+02:00,4902.63,4919.485,4883.69,4917.01,,,,
2026-02-03T14:00:00+02:00,4916.915,4936.63,4892.27,4913.83,,,,
2026-02-03T15:00:00+02:00,4913.825,4951.295,4902.895,4933.07,,,,
2026-02-03T16:00:00+02:00,4933.14,4937.195,4893.775,4917.07,,,,
2026-02-03T17:00:00+02:00,4916.945,4948.84,4904.805,4935.445,,,,
2026-02-03T18:00:00+02:00,4935.595,4993.835,4929.665,4955.63,4993.835,,,
2026-02-03T19:00:00+02:00,4955.415,4970.05,4907.63,4929.04,,,,
2026-02-03T20:00:00+02:00,4928.675,4954.285,4884.765,4908.43,,,,
2026-02-03T21:00:00+02:00,4908.35,4948.87,4880.595,4927.23,,,4880.595,
2026-02-03T22:00:00+02:00,4927.09,4957.21,4902.11,4944.105,,,,
2026-02-03T23:00:00+02:00,4944.125,4964.24,4934.075,4946.805,,,,
2026-02-04T01:00:00+02:00,4959.765,4959.765,4909.17,4947.82,,,,
2026-02-04T02:00:00+02:00,4947.84,5016.53,4946.16,5015.855,,,,
2026-02-04T03:00:00+02:00,5015.83,5053.675,4985.05,5046.855,,,,
2026-02-04T04:00:00+02:00,5046.81,5065.795,5035.72,5040.2,,,,
2026-02-04T05:00:00+02:00,5040.155,5073.745,5036.055,5070.115,,,,
2026-02-04T06:00:00+02:00,5070.045,5081.54,5056.28,5080.665,,,,
2026-02-04T07:00:00+02:00,5080.615,5090.435,5069.29,5079.455,,,,
2026-02-04T08:00:00+02:00,5079.46,5083.17,5051.155,5076.87,,,,
2026-02-04T09:00:00+02:00,5076.855,5091.755,5062.505,5084.905,,,,
2026-02-04T10:00:00+02:00,5084.895,5091.93,5068.87,5083.73,5091.93,,,
2026-02-04T11:00:00+02:00,5083.63,5086.975,5043.245,5060.1,,,,
2026-02-04T12:00:00+02:00,5060.245,5064.58,5041.98,5048.7,,,,
2026-02-04T13:00:00+02:00,5048.675,5053.495,5013.77,5047.49,,,,
2026-02-04T14:00:00+02:00,5047.56,5063.51,5036.495,5041.295,,,,
2026-02-04T15:00:00+02:00,5041.375,5063.735,5023.735,5054.185,,,,
2026-02-04T16:00:00+02:00,5054.195,5059.23,4967.005,4987.045,,,,
2026-02-04T17:00:00+02:00,4987.04,5008.05,4887.62,4920.41,,,,
2026-02-04T18:00:00+02:00,4920.36,4940.31,4848.405,4904.53,,,,4848.405
2026-02-04T19:00:00+02:00,4904.54,4931.535,4888.225,4897.86,,,,
2026-02-04T20:00:00+02:00,4897.92,4935.09,4872.865,4927.68,,,,
2026-02-04T21:00:00+02:00,4927.795,4957.72,4914.575,4941.72,,,,
2026-02-04T22:00:00+02:00,4941.775,4951.85,4914.245,4938.33,,,,
2026-02-04T23:00:00+02:00,4938.24,4971.18,4937.49,4964.455,,,,
2026-02-05T01:00:00+02:00,4995.96,5024.03,4987.85,5012.535,,5024.03,,
2026-02-05T02:00:00+02:00,5012.42,5020.555,4996.95,5006.845,,,,
2026-02-05T03:00:00+02:00,5007.335,5012.325,4935.81,4959.135,,,,
2026-02-05T04:00:00+02:00,4959.185,4962.33,4805.98,4812.24,,,,
2026-02-05T05:00:00+02:00,4812.26,4888.69,4789.655,4880.96,,,,4789.655
2026-02-05T06:00:00+02:00,4880.83,4891.49,4863.515,4864.19,,,,
2026-02-05T07:00:00+02:00,4864.165,4906.57,4825.83,4896.725,,,,
2026-02-05T08:00:00+02:00,4896.71,4934.125,4877.655,4920.27,,,,
2026-02-05T09:00:00+02:00,4920.255,4940.92,4896.065,4915.145,,,,
2026-02-05T10:00:00+02:00,4915.1,4943.735,4900.9,4911.89,,4943.735,,
2026-02-05T11:00:00+02:00,4911.865,4914.15,4849.9,4855.395,,,,
2026-02-05T12:00:00+02:00,4855.39,4887.115,4847.485,4877.325,,,,
2026-02-05T13:00:00+02:00,4877.32,4894.805,4864.475,4868.365,,,,
2026-02-05T14:00:00+02:00,4868.44,4878.36,4810.8,4854.245,,,,
2026-02-05T15:00:00+02:00,4854.22,4868.82,4802.06,4835.635,,,,
2026-02-05T16:00:00+02:00,4835.645,4869.81,4806.26,4846.34,,,,
2026-02-05T17:00:00+02:00,4846.01,4866.825,4800.535,4817.91,,,,
2026-02-05T18:00:00+02:00,4817.89,4906.735,4812.675,4888.855,,4906.735,,
2026-02-05T19:00:00+02:00,4888.885,4890.59,4859.225,4869.025,,,,
2026-02-05T20:00:00+02:00,4868.98,4875.25,4851.31,4858.13,,,,
2026-02-05T21:00:00+02:00,4858.055,4865.355,4823.85,4829.485,,,,
2026-02-05T22:00:00+02:00,4829.66,4843.555,4793.205,4811.575,,,,
2026-02-05T23:00:00+02:00,4811.585,4826.315,4759.48,4780.675,,,,
2026-02-06T01:00:00+02:00,4778.27,4782.14,4703.485,4703.78,,,,
2026-02-06T02:00:00+02:00,4703.775,4764.72,4655.23,4763.3,,,,4655.23
2026-02-06T03:00:00+02:00,4763.315,4785.005,4693.835,4774.51,,,,
2026-02-06T04:00:00+02:00,4774.49,4846.66,4760.865,4816.73,,,,
2026-02-06T05:00:00+02:00,4816.685,4839.665,4800.515,4824.385,,,,
2026-02-06T06:00:00+02:00,4824.35,4832.005,4807.265,4813.965,,,,
2026-02-06T07:00:00+02:00,4813.63,4898.15,4807.72,4897.55,,,,
2026-02-06T08:00:00+02:00,4897.465,4903.4,4824.705,4846.36,,4903.4,,
2026-02-06T09:00:00+02:00,4846.35,4861.91,4838.215,4841.03,,,,
2026-02-06T10:00:00+02:00,4841.09,4882.34,4829.71,4862.06,,,,
2026-02-06T11:00:00+02:00,4861.905,4873.07,4838.68,4866.805,,,,
2026-02-06T12:00:00+02:00,4866.8,4880.13,4852.045,4878.76,,,,
2026-02-06T13:00:00+02:00,4878.755,4896.1,4863.83,4887.38,,,,
2026-02-06T14:00:00+02:00,4887.375,4903.94,4871.66,4900.465,,,,
2026-02-06T15:00:00+02:00,4900.47,4938.505,4897.355,4929.115,,,,
2026-02-06T16:00:00+02:00,4929.13,4949.975,4894.45,4948.29,,,,
2026-02-06T17:00:00+02:00,4948.16,4964.815,4928.5,4943.77,,,,
2026-02-06T18:00:00+02:00,4943.725,4953.62,4921.85,4951.875,,,,
2026-02-06T19:00:00+02:00,4951.83,4968.72,4948.24,4960.6,,,,
2026-02-06T20:00:00+02:00,4960.58,4971.34,4943.835,4962.47,,,,
2026-02-06T21:00:00+02:00,4962.48,4963.285,4948.585,4957.135,,,,
2026-02-06T22:00:00+02:00,4957.14,4959.34,4936.69,4953.33,,,,
2026-02-06T23:00:00+02:00,4953.345,4968.915,4946.4,4964.62,,,,
2026-02-09T01:00:00+02:00,4989.93,5047.915,4965.42,5036.085,5047.915,,,
2026-02-09T02:00:00+02:00,5036.07,5045.11,5012.075,5019.93,,,,
2026-02-09T03:00:00+02:00,5020.51,5042.105,4976.15,4983.005,,,,
2026-02-09T04:00:00+02:00,4982.955,5017.585,4968.885,5007.245,,,,
2026-02-09T05:00:00+02:00,5007.23,5031.275,5005.72,5016.06,,,,
2026-02-09T06:00:00+02:00,5016.105,5024.845,5007.42,5011.955,,,,
2026-02-09T07:00:00+02:00,5011.975,5041.755,5011.315,5036.605,,,,
2026-02-09T08:00:00+02:00,5036.68,5045.815,5013.92,5031.155,,5045.815,,
2026-02-09T09:00:00+02:00,5031.135,5031.14,4997.855,5006.475,,,,
2026-02-09T10:00:00+02:00,5006.455,5036.2,5003,5027.56,,,,
2026-02-09T11:00:00+02:00,5027.675,5041.4,5002.78,5007.985,,,,
2026-02-09T12:00:00+02:00,5007.93,5015.45,4982.495,4991.025,,,4982.495,
2026-02-09T13:00:00+02:00,4991.015,5018.335,4988.855,5010.83,,,,
2026-02-09T14:00:00+02:00,5010.84,5021.92,5007.435,5013.385,,,,
2026-02-09T15:00:00+02:00,5013.405,5025,4995.125,5007.34,,,,
2026-02-09T16:00:00+02:00,5007.38,5040.845,5002.4,5038.01,,,,
2026-02-09T17:00:00+02:00,5037.805,5060.56,5023.76,5059.065,,,,
2026-02-09T18:00:00+02:00,5059.05,5080.895,5056.655,5073.57,,,,
2026-02-09T19:00:00+02:00,5073.585,5075.62,5040.965,5046.3,,,,
2026-02-09T20:00:00+02:00,5046.29,5064.125,5044.44,5062.85,,,,
2026-02-09T21:00:00+02:00,5062.84,5080.145,5062.495,5074.62,,,,
2026-02-09T22:00:00+02:00,5074.685,5086.68,5072.215,5079.705,5086.68,,,
2026-02-09T23:00:00+02:00,5079.7,5083.2,5048.4,5057.775,,,,
2026-02-10T01:00:00+02:00,5057.535,5064.13,4987.385,5031.995,,,4987.385,
2026-02-10T02:00:00+02:00,5032,5048.65,5009.015,5018.91,,,,
2026-02-10T03:00:00+02:00,5018.85,5038.005,5012.59,5033.055,,,,
2026-02-10T04:00:00+02:00,5032.98,5056.34,5031.64,5038.66,,,,
2026-02-10T05:00:00+02:00,5038.6,5038.6,5016.42,5030.155,,,,
2026-02-10T06:00:00+02:00,5030.095,5033.98,5017.625,5031.725,,,,
2026-02-10T07:00:00+02:00,5031.705,5040.68,5011.445,5039.295,,,,
2026-02-10T08:00:00+02:00,5039.135,5045.73,5019.07,5024.62,,,,
2026-02-10T09:00:00+02:00,5024.625,5036.2,5018.67,5033.975,,,,
2026-02-10T10:00:00+02:00,5033.965,5055.26,5028.82,5042.07,,,,
2026-02-10T11:00:00+02:00,5042.02,5063.55,5040.61,5046.905,,,,
2026-02-10T12:00:00+02:00,5046.9,5058.195,5037.225,5047.005,,,,
2026-02-10T13:00:00+02:00,5046.945,5057.555,5044.525,5056.135,,,,
2026-02-10T14:00:00+02:00,5056.185,5057.285,5019.935,5032.215,,,,
2026-02-10T15:00:00+02:00,5032.285,5059.06,5026.605,5051.175,,,,
2026-02-10T16:00:00+02:00,5051.195,5078.745,5020.795,5039.53,,5078.745,,
2026-02-10T17:00:00+02:00,5039.085,5048.04,4998.95,5019.6,,,4998.95,
2026-02-10T18:00:00+02:00,5019.61,5026.575,5005.785,5023.94,,,,
2026-02-10T19:00:00+02:00,5023.92,5040.22,5020.78,5026.605,,,,
2026-02-10T20:00:00+02:00,5026.585,5027.985,5004.73,5013.17,,,,
2026-02-10T21:00:00+02:00,5013.16,5030.375,5009.015,5028.155,,,,
2026-02-10T22:00:00+02:00,5028.165,5045.6,5020.5,5030.315,,,,
2026-02-10T23:00:00+02:00,5030.29,5032.865,5020.4,5025.12,,,,
2026-02-11T01:00:00+02:00,5033.585,5054.855,5028.975,5041.735,,,,
2026-02-11T02:00:00+02:00,5041.795,5049.625,5028.39,5037.735,,,,
2026-02-11T03:00:00+02:00,5037.895,5053.035,5030.845,5052.6,,,,
2026-02-11T04:00:00+02:00,5052.575,5057.775,5032.745,5055.89,,,,
2026-02-11T05:00:00+02:00,5055.735,5061.02,5045.165,5054.49,,,,
2026-02-11T06:00:00+02:00,5054.365,5059.545,5045.85,5046.59,,,,
2026-02-11T07:00:00+02:00,5046.62,5064.04,5043.8,5053.15,,,,
2026-02-11T08:00:00+02:00,5053.14,5064.7,5049.59,5064.22,,,,
2026-02-11T09:00:00+02:00,5064.24,5069.235,5049.125,5055.505,,,,
2026-02-11T10:00:00+02:00,5055.315,5060.51,5045.92,5053.8,,,,
2026-02-11T11:00:00+02:00,5053.75,5072.185,5047.345,5062.925,,,,
2026-02-11T12:00:00+02:00,5062.91,5101.49,5062.59,5093.245,,,,
2026-02-11T13:00:00+02:00,5093.3,5116.725,5082.68,5111.67,,,,
2026-02-11T14:00:00+02:00,5111.665,5119.345,5052.53,5083.525,5119.345,,,
2026-02-11T15:00:00+02:00,5083.395,5090.24,5019.715,5065.77,,,5019.715,
2026-02-11T16:00:00+02:00,5065.79,5083.345,5035.78,5059.445,,,,
2026-02-11T17:00:00+02:00,5059.395,5081.9,5039.305,5060.07,,,,
2026-02-11T18:00:00+02:00,5060.035,5078.31,5043.115,5075.22,,,,
2026-02-11T19:00:00+02:00,5075.265,5099.315,5068.545,5091.53,,,,
2026-02-11T20:00:00+02:00,5091.45,5092.995,5066.96,5082.64,,,,
2026-02-11T21:00:00+02:00,5082.59,5094.29,5076.92,5081.99,,,,
2026-02-11T22:00:00+02:00,5081.97,5090.195,5078.22,5086.985,,,,
2026-02-11T23:00:00+02:00,5086.97,5093.335,5069.965,5084.28,,,,
2026-02-12T01:00:00+02:00,5095.495,5095.915,5053.89,5061.55,,,,
2026-02-12T02:00:00+02:00,5061.465,5067.945,5049.98,5063.13,,,,
2026-02-12T03:00:00+02:00,5063.02,5064.315,5045.445,5063.65,,,5045.445,
2026-02-12T04:00:00+02:00,5063.56,5073.25,5055.055,5066.1,,,,
2026-02-12T05:00:00+02:00,5066.01,5074.875,5054.82,5056.995,,,,
2026-02-12T06:00:00+02:00,5056.98,5070.36,5050.985,5069.61,,,,
2026-02-12T07:00:00+02:00,5069.615,5078.42,5064.46,5075.815,,,,
2026-02-12T08:00:00+02:00,5075.69,5076.475,5047.13,5060.01,,,,
2026-02-12T09:00:00+02:00,5060.005,5066.49,5052,5064.085,,,,
2026-02-12T10:00:00+02:00,5064.075,5073.6,5052.43,5068.625,,,,
2026-02-12T11:00:00+02:00,5068.605,5080.91,5066.25,5073.265,,,,
2026-02-12T12:00:00+02:00,5073.27,5077.09,5056.29,5062.48,,,,
2026-02-12T13:00:00+02:00,5062.49,5068.48,5059.53,5064.19,,,,
2026-02-12T14:00:00+02:00,5064.25,5068.665,5048.935,5052.85,,,,
2026-02-12T15:00:00+02:00,5052.835,5083.855,5051.485,5075.455,,5083.855,,
2026-02-12T16:00:00+02:00,5075.475,5077.905,5039.7,5044.625,,,,
2026-02-12T17:00:00+02:00,5044.63,5074.87,5039.815,5060.57,,,,
2026-02-12T18:00:00+02:00,5060.585,5068.36,4878.5,4954.74,,,,4878.5
2026-02-12T19:00:00+02:00,4955.03,4983.245,4939.89,4941.145,,,,
2026-02-12T20:00:00+02:00,4941.14,4952.285,4906.765,4935.625,,,,
2026-02-12T21:00:00+02:00,4935.64,4958.155,4927.775,4945.665,,,,
2026-02-12T22:00:00+02:00,4945.715,4948.68,4911.215,4915.12,,,,
2026-02-12T23:00:00+02:00,4915.19,4927.34,4911.825,4922.08,,,,
2026-02-13T01:00:00+02:00,4888.315,4928.76,4888.315,4920.465,,,4888.315,
2026-02-13T02:00:00+02:00,4920.47,4949,4913.86,4928.175,,,,
2026-02-13T03:00:00+02:00,4928.22,4988.825,4927.4,4980.865,,,,
2026-02-13T04:00:00+02:00,4980.78,4991.805,4972.315,4988.64,,,,
2026-02-13T05:00:00+02:00,4988.59,4989.435,4973.97,4981.51,,,,
2026-02-13T06:00:00+02:00,4981.505,4997.555,4972.99,4976.995,,4997.555,,
2026-02-13T07:00:00+02:00,4976.99,4986.555,4944.93,4946.555,,,,
2026-02-13T08:00:00+02:00,4946.565,4968.875,4946.135,4967.64,,,,
2026-02-13T09:00:00+02:00,4967.615,4982.9,4951.285,4975.045,,,,
2026-02-13T10:00:00+02:00,4975.16,4989.695,4970.91,4982.795,,,,
2026-02-13T11:00:00+02:00,4982.81,4982.975,4961.49,4970.34,,,,
2026-02-13T12:00:00+02:00,4970.355,4980.89,4947.17,4950.1,,,,
2026-02-13T13:00:00+02:00,4950.07,4955.51,4933.635,4953.64,,,4933.635,
2026-02-13T14:00:00+02:00,4953.645,4974.23,4952.235,4969.605,,,,
2026-02-13T15:00:00+02:00,4969.66,4999.685,4957.71,4987.26,,,,
2026-02-13T16:00:00+02:00,4987.275,5011.07,4964.22,4996.12,,,,
2026-02-13T17:00:00+02:00,4996.245,5020.68,4974.035,4976.885,,,,
2026-02-13T18:00:00+02:00,4976.87,5033.735,4975.52,5007.995,,,,
2026-02-13T19:00:00+02:00,5008.03,5029.235,5006.1,5021.045,,,,
2026-02-13T20:00:00+02:00,5021.085,5035.55,5015.485,5031.185,,,,
2026-02-13T21:00:00+02:00,5031.24,5046.185,5023.545,5023.94,,,,
2026-02-13T22:00:00+02:00,5023.865,5034.85,5021.705,5032.59,,,,
2026-02-13T23:00:00+02:00,5032.545,5046.48,5029.8,5042.74,5046.48,,,
2026-02-16T01:00:00+02:00,5017.145,5032.565,5009.64,5020.215,,,,
2026-02-16T02:00:00+02:00,5020.21,5023.075,5000.13,5015.62,,,,
2026-02-16T03:00:00+02:00,5015.63,5031.29,5006.995,5028.955,,,,
2026-02-16T04:00:00+02:00,5028.965,5031.28,4992.19,4994.54,,,,
2026-02-16T05:00:00+02:00,4994.525,5000.08,4973.455,4987.555,,,,
2026-02-16T06:00:00+02:00,4987.635,4992.38,4973.36,4977.9,,,,
2026-02-16T07:00:00+02:00,4977.92,4991.04,4964.865,4990.77,,,4964.865,
2026-02-16T08:00:00+02:00,4990.775,5003.22,4984.58,4994.92,,,,
2026-02-16T09:00:00+02:00,4994.91,5010.115,4988.965,5007.4,,,,
2026-02-16T10:00:00+02:00,5007.42,5013.33,4995.86,5008.11,,,,
2026-02-16T11:00:00+02:00,5008.1,5017.445,5007.995,5013.66,,5017.445,,
2026-02-16T12:00:00+02:00,5013.67,5017.225,5000.27,5006.09,,,,
2026-02-16T13:00:00+02:00,5006.15,5008.23,4999.03,5004.75,,,,
2026-02-16T14:00:00+02:00,5004.755,5008.19,4992.725,5002.03,,,,
2026-02-16T15:00:00+02:00,5002.065,5003.905,4989.64,4997.365,,,,
2026-02-16T16:00:00+02:00,4997.37,4999.66,4981.765,4988.41,,,,
2026-02-16T17:00:00+02:00,4988.395,4988.51,4969.11,4979.7,,,4969.11,
2026-02-16T18:00:00+02:00,4979.71,4990.45,4973.235,4988.37,,,,
2026-02-16T19:00:00+02:00,4988.375,4996.195,4988.22,4991.765,,,,
2026-02-16T20:00:00+02:00,4991.865,4997.975,4988.645,4994.59,,,,
2026-02-16T21:00:00+02:00,4994.61,4996.525,4990.425,4992.005,,,,
2026-02-17T01:00:00+02:00,4997.26,5001.24,4985.185,4989.925,,5001.24,,
2026-02-17T02:00:00+02:00,4989.855,4991.515,4932.235,4936.04,,,,
2026-02-17T03:00:00+02:00,4936.1,4964.1,4922.895,4957.605,,,,
2026-02-17T04:00:00+02:00,4957.485,4971.55,4954.875,4967.125,,,,
2026-02-17T05:00:00+02:00,4967.13,4970.215,4949.76,4956.87,,,,
2026-02-17T06:00:00+02:00,4956.86,4960.455,4946.71,4953.03,,,,
2026-02-17T07:00:00+02:00,4952.995,4954.49,4859.2,4888.94,,,,4859.2
2026-02-17T08:00:00+02:00,4889,4914.295,4886.6,4910.355,,,,
2026-02-17T09:00:00+02:00,4910.38,4922.365,4903.87,4917.1,,,,
2026-02-17T10:00:00+02:00,4917.085,4930.425,4916.26,4920.78,,,,
2026-02-17T11:00:00+02:00,4920.75,4932.67,4913.365,4926.09,,,,
2026-02-17T12:00:00+02:00,4926.03,4939.4,4907.885,4913.385,,,,
2026-02-17T13:00:00+02:00,4913.665,4931.24,4913.34,4929.4,,,,
2026-02-17T14:00:00+02:00,4929.54,4944.7,4928.44,4932.255,,4944.7,,
2026-02-17T15:00:00+02:00,4932.28,4933.545,4869.965,4870.96,,,,
2026-02-17T16:00:00+02:00,4870.92,4907.235,4842.6,4863.325,,,,4842.6
2026-02-17T17:00:00+02:00,4863.205,4882.64,4849.17,4878.6,,,,
2026-02-17T18:00:00+02:00,4878.605,4894.005,4868.655,4869.33,,,,
2026-02-17T19:00:00+02:00,4869.38,4871.49,4850.09,4865.095,,,,
2026-02-17T20:00:00+02:00,4865.1,4910.9,4862.395,4899.165,,,,
2026-02-17T21:00:00+02:00,4899.19,4901.295,4876.45,4880.515,,,,
2026-02-17T22:00:00+02:00,4880.52,4884.355,4873.59,4877.79,,,,
2026-02-17T23:00:00+02:00,4877.86,4886.965,4875.145,4877.855,,,,
2026-02-18T01:00:00+02:00,4871.135,4884.845,4854.24,4859.44,,,,
2026-02-18T02:00:00+02:00,4859.42,4883.4,4858.37,4875.01,,,,
2026-02-18T03:00:00+02:00,4874.815,4893.55,4874.65,4889.98,,,,
2026-02-18T04:00:00+02:00,4890.02,4907.515,4886.475,4905.35,,,,
2026-02-18T05:00:00+02:00,4905.355,4922.345,4904.25,4920.855,,,,
2026-02-18T06:00:00+02:00,4920.86,4940.89,4918.415,4934.235,,,,
2026-02-18T07:00:00+02:00,4934.265,4939.8,4929.97,4933.49,,,,
2026-02-18T08:00:00+02:00,4933.655,4936.21,4925.21,4930.91,,,,
2026-02-18T09:00:00+02:00,4930.835,4942.49,4929.19,4930.38,,,,
2026-02-18T10:00:00+02:00,4930.345,4932.32,4916.815,4917.25,,,,
2026-02-18T11:00:00+02:00,4917.28,4923.28,4913.075,4917.425,,,,
2026-02-18T12:00:00+02:00,4917.465,4924.755,4909.345,4914.65,,,,
2026-02-18T13:00:00+02:00,4914.665,4917.79,4906.425,4913.075,,,4906.425,
2026-02-18T14:00:00+02:00,4913.065,4947.105,4912.12,4943.36,,,,
2026-02-18T15:00:00+02:00,4943.345,4969.1,4943.2,4954.78,,,,
2026-02-18T16:00:00+02:00,4954.79,4994.51,4952.34,4991.795,,,,
2026-02-18T17:00:00+02:00,4991.71,5009.035,4991.49,4997.95,,,,
2026-02-18T18:00:00+02:00,4997.99,5010.915,4991.445,5000.555,5010.915,,,
2026-02-18T19:00:00+02:00,5000.625,5001.97,4993.5,4999.195,,,,
2026-02-18T20:00:00+02:00,4999.185,5003.27,4980.55,4987.445,,,,
2026-02-18T21:00:00+02:00,4987.45,4995.56,4972.87,4980.715,,,,
2026-02-18T22:00:00+02:00,4980.585,4987.555,4975.615,4984.96,,,,
2026-02-18T23:00:00+02:00,4984.93,4986.375,4975.56,4977.26,,,,
2026-02-19T01:00:00+02:00,4973.795,4988.86,4966.715,4976.15,,,,
2026-02-19T02:00:00+02:00,4976.02,4976.42,4960.645,4961.42,,,4960.645,
2026-02-19T03:00:00+02:00,4961.4,4975.63,4960.785,4973.14,,,,
2026-02-19T04:00:00+02:00,4973.08,4977.465,4965.825,4968.345,,,,
2026-02-19T05:00:00+02:00,4968.365,4983.48,4966.475,4981.675,,,,
2026-02-19T06:00:00+02:00,4981.58,4985.69,4977.09,4984.45,,,,
2026-02-19T07:00:00+02:00,4984.42,4998.94,4984.42,4997.28,,,,
2026-02-19T08:00:00+02:00,4997.275,5020.29,4996.765,5018.41,,,,
2026-02-19T09:00:00+02:00,5018.405,5021.805,5008.815,5010.305,,,,
2026-02-19T10:00:00+02:00,5010.33,5022.17,5006.31,5017.085,5022.17,,,
2026-02-19T11:00:00+02:00,5017.23,5020.565,4993.215,4995.67,,,,
2026-02-19T12:00:00+02:00,4995.62,4996.25,4981.45,4993.405,,,,
2026-02-19T13:00:00+02:00,4993.41,4996.48,4977.98,4984.715,,,,
2026-02-19T14:00:00+02:00,4984.725,4992.905,4980.765,4984.97,,,,
2026-02-19T15:00:00+02:00,4985.02,4998.81,4971.125,4997.17,,,,
2026-02-19T16:00:00+02:00,4997.12,5010.44,4963.445,5005.795,,,4963.445,
2026-02-19T17:00:00+02:00,5005.89,5022.385,4996.095,5013.83,5022.385,,,
2026-02-19T18:00:00+02:00,5013.865,5014.445,4990.22,4995.15,,,,
2026-02-19T19:00:00+02:00,4995.23,5001.905,4982.84,4985.165,,,,
2026-02-19T20:00:00+02:00,4985.2,4989.7,4975.41,4981.87,,,,
2026-02-19T21:00:00+02:00,4981.875,4990.495,4978.325,4987.88,,,,
2026-02-19T22:00:00+02:00,4987.935,5003.545,4987.915,5001.84,,,,
2026-02-19T23:00:00+02:00,5001.84,5004.225,4992.065,4996.49,,,,
2026-02-20T01:00:00+02:00,5000.805,5008.24,4985.56,4987.795,,,,
2026-02-20T02:00:00+02:00,4987.955,5007.185,4985.435,5006.645,,,,
2026-02-20T03:00:00+02:00,5006.635,5014.865,4995.475,4997.145,,,,
2026-02-20T04:00:00+02:00,4997.135,5007.68,4992.9,4996.29,,,,
2026-02-20T05:00:00+02:00,4996.35,4999.265,4981.67,4988.69,,,4981.67,
2026-02-20T06:00:00+02:00,4988.7,5003.815,4986.96,4999.885,,,,
2026-02-20T07:00:00+02:00,4999.925,5012.185,4997.915,5012.185,,,,
2026-02-20T08:00:00+02:00,5012.09,5030.145,5011.89,5020.79,,,,
2026-02-20T09:00:00+02:00,5020.745,5028.36,5006.145,5006.58,,,,
2026-02-20T10:00:00+02:00,5006.605,5031.215,5004.97,5028.995,,,,
2026-02-20T11:00:00+02:00,5029.2,5042.74,5027.625,5027.635,,,,
2026-02-20T12:00:00+02:00,5027.67,5038.66,5019.52,5034.62,,,,
2026-02-20T13:00:00+02:00,5034.615,5034.9,5015.585,5017.435,,,,
2026-02-20T14:00:00+02:00,5017.405,5026.675,5007.285,5025.185,,,,
2026-02-20T15:00:00+02:00,5025.19,5048.885,5018.145,5043.48,,,,
2026-02-20T16:00:00+02:00,5043.5,5060.655,5037.31,5054.495,,,,
2026-02-20T17:00:00+02:00,5054.65,5064.33,4990.585,5042.805,,,4990.585,
2026-02-20T18:00:00+02:00,5042.515,5069.475,5038.835,5066.765,,,,
2026-02-20T19:00:00+02:00,5066.745,5076.465,5054.555,5073.12,,,,
2026-02-20T20:00:00+02:00,5073.06,5075.16,5053.79,5071.52,,,,
2026-02-20T21:00:00+02:00,5071.525,5079.81,5068.785,5079.265,,,,
2026-02-20T22:00:00+02:00,5079.26,5098.215,5077.01,5097.02,,,,
2026-02-20T23:00:00+02:00,5097,5108.72,5091.8,5108.255,,,,
2026-02-23T01:00:00+02:00,5118.71,5172.315,5117.815,5165.785,,,,
2026-02-23T02:00:00+02:00,5165.79,5166.89,5129.61,5144.65,,,,
2026-02-23T03:00:00+02:00,5144.84,5167.935,5139.885,5157.345,,,,
2026-02-23T04:00:00+02:00,5157.375,5176.95,5156.765,5173.72,5176.95,,,
2026-02-23T05:00:00+02:00,5173.69,5176.05,5151.775,5166.85,,,,
2026-02-23T06:00:00+02:00,5166.84,5168.855,5155.44,5160.955,,,,
2026-02-23T07:00:00+02:00,5160.9,5161.86,5152.165,5158.36,,,,
2026-02-23T08:00:00+02:00,5158.35,5161.755,5145.13,5145.88,,,,
2026-02-23T09:00:00+02:00,5145.93,5154.375,5125.19,5136.835,,,,
2026-02-23T10:00:00+02:00,5136.785,5142.225,5122.22,5140.37,,,5122.22,
2026-02-23T11:00:00+02:00,5140.31,5150.165,5139.16,5149.5,,,,
2026-02-23T12:00:00+02:00,5149.59,5163.655,5145.16,5162.925,,,,
2026-02-23T13:00:00+02:00,5162.985,5163.5,5146.36,5149.85,,,,
2026-02-23T14:00:00+02:00,5149.78,5165.555,5145.535,5164.215,,,,
2026-02-23T15:00:00+02:00,5164.2,5165.565,5143.85,5146.375,,,,
2026-02-23T16:00:00+02:00,5146.325,5200.665,5141.615,5192.825,,,,
2026-02-23T17:00:00+02:00,5192.69,5205.17,5180.72,5195.97,,,,
2026-02-23T18:00:00+02:00,5195.905,5219.215,5175.805,5210.16,,,,
2026-02-23T19:00:00+02:00,5210.545,5213.575,5191.275,5208.06,,,,
2026-02-23T20:00:00+02:00,5208.09,5215.925,5201.015,5209.48,,,,
2026-02-23T21:00:00+02:00,5209.525,5218.44,5206.65,5215.635,,,,
2026-02-23T22:00:00+02:00,5215.69,5237.95,5214.875,5236.5,,,,
2026-02-23T23:00:00+02:00,5236.5,5237.415,5226.43,5226.87,,,,
2026-02-24T01:00:00+02:00,5244.98,5250.005,5233.83,5235.81,5250.005,,,
2026-02-24T02:00:00+02:00,5235.87,5238.18,5217.52,5224.185,,,,
2026-02-24T03:00:00+02:00,5224.19,5224.4,5145.135,5177.375,,,5145.135,
2026-02-24T04:00:00+02:00,5177.38,5190.965,5165.46,5189.99,,,,
2026-02-24T05:00:00+02:00,5189.905,5191.95,5171.02,5172.09,,,,
2026-02-24T06:00:00+02:00,5172.025,5175.36,5161.12,5168.3,,,,
2026-02-24T07:00:00+02:00,5168.21,5185.88,5164.15,5182.475,,,,
2026-02-24T08:00:00+02:00,5182.47,5185.24,5155.905,5173.635,,,,
2026-02-24T09:00:00+02:00,5173.64,5184.15,5164.25,5179.4,,,,
2026-02-24T10:00:00+02:00,5179.18,5181.955,5165.21,5173.64,,,,
2026-02-24T11:00:00+02:00,5173.5,5180.55,5166.565,5171.595,,,,
2026-02-24T12:00:00+02:00,5171.55,5181.49,5163.355,5172.92,,,,
2026-02-24T13:00:00+02:00,5172.97,5178.67,5171.02,5172.805,,,,
2026-02-24T14:00:00+02:00,5172.795,5173.58,5145.01,5150.77,,,,
2026-02-24T15:00:00+02:00,5151.105,5161.485,5111,5115.145,,,,
2026-02-24T16:00:00+02:00,5115.14,5139.38,5093.225,5127.885,,,,5093.225
2026-02-24T17:00:00+02:00,5127.9,5155.375,5117.875,5150.385,,,,
2026-02-24T18:00:00+02:00,5150.39,5152.33,5130.68,5141.975,,,,
2026-02-24T19:00:00+02:00,5141.95,5163.86,5141.685,5163.78,,,,
2026-02-24T20:00:00+02:00,5163.715,5170.37,5153.575,5160.125,,,,
2026-02-24T21:00:00+02:00,5160.12,5160.55,5146.39,5153.995,,,,
2026-02-24T22:00:00+02:00,5154,5173.31,5146.65,5164.095,,,,
2026-02-24T23:00:00+02:00,5164.02,5165.51,5139.88,5143.925,,,,
2026-02-25T01:00:00+02:00,5135.495,5152.46,5128.285,5146.75,,,5128.285,
2026-02-25T02:00:00+02:00,5146.76,5156.445,5136.85,5152.375,,,,
2026-02-25T03:00:00+02:00,5152.37,5189.895,5144.185,5176.685,,,,
2026-02-25T04:00:00+02:00,5176.66,5193.835,5166.495,5180.72,,,,
2026-02-25T05:00:00+02:00,5181.045,5190.495,5178.125,5182,,,,
2026-02-25T06:00:00+02:00,5181.95,5185.07,5171.815,5182.84,,,,
2026-02-25T07:00:00+02:00,5182.845,5210.68,5182.69,5201.705,,5210.68,,
2026-02-25T08:00:00+02:00,5201.72,5201.73,5182.455,5194.66,,,,
2026-02-25T09:00:00+02:00,5194.64,5195.155,5180.325,5184.6,,,,
2026-02-25T10:00:00+02:00,5184.625,5197.265,5184.185,5185.515,,,,
2026-02-25T11:00:00+02:00,5185.465,5194.595,5176.635,5193.295,,,,
2026-02-25T12:00:00+02:00,5193.3,5195.285,5169.84,5175.275,,,,
2026-02-25T13:00:00+02:00,5175.27,5182.685,5155.095,5181.695,,,5155.095,
2026-02-25T14:00:00+02:00,5181.645,5187.495,5177.33,5182.825,,,,
2026-02-25T15:00:00+02:00,5182.805,5191.415,5181.1,5185.205,,,,
2026-02-25T16:00:00+02:00,5185.175,5193.315,5158.645,5191.175,,,,
2026-02-25T17:00:00+02:00,5191.095,5202.795,5172.2,5194.875,,,,
2026-02-25T18:00:00+02:00,5194.805,5214.02,5189.87,5212.245,,,,
2026-02-25T19:00:00+02:00,5212.325,5217.78,5203.7,5206.945,5217.78,,,
2026-02-25T20:00:00+02:00,5206.96,5207.645,5200.55,5202.31,,,,
2026-02-25T21:00:00+02:00,5202.4,5208.445,5191.695,5205.07,,,,
2026-02-25T22:00:00+02:00,5205.085,5206.305,5144.905,5152.55,,,,5144.905
2026-02-25T23:00:00+02:00,5152.51,5173.67,5150.58,5163.58,,,,
2026-02-26T01:00:00+02:00,5173.57,5182.18,5161.46,5163.27,,,,
2026-02-26T02:00:00+02:00,5163.275,5192.205,5155.13,5188.45,,,,
2026-02-26T03:00:00+02:00,5188.455,5198.455,5178.53,5191.5,,,,
2026-02-26T04:00:00+02:00,5191.495,5195.82,5174.07,5184.425,,,,
2026-02-26T05:00:00+02:00,5184.42,5193.835,5182.88,5192.735,,,,
2026-02-26T06:00:00+02:00,5192.725,5199.49,5190.415,5192.77,,,,
2026-02-26T07:00:00+02:00,5192.81,5205.64,5189.935,5198.365,,5205.64,,
2026-02-26T08:00:00+02:00,5198.395,5199.82,5190.41,5193.32,,,,
2026-02-26T09:00:00+02:00,5193.365,5194.935,5179.725,5186.105,,,,
2026-02-26T10:00:00+02:00,5186.025,5191.12,5167.7,5179.585,,,,
2026-02-26T11:00:00+02:00,5179.28,5189.65,5174.05,5186.49,,,,
2026-02-26T12:00:00+02:00,5186.485,5190.335,5165.75,5171.535,,,,
2026-02-26T13:00:00+02:00,5171.505,5178.495,5161.05,5164.88,,,,
2026-02-26T14:00:00+02:00,5164.91,5188.095,5157.87,5183.86,,,,
2026-02-26T15:00:00+02:00,5183.855,5185.73,5164.375,5165.995,,,,
2026-02-26T16:00:00+02:00,5165.985,5176.33,5140.14,5164.98,,,,
2026-02-26T17:00:00+02:00,5164.535,5192.955,5130.235,5185.775,,,,5130.235
2026-02-26T18:00:00+02:00,5185.82,5187.335,5172.96,5179.565,,,,
2026-02-26T19:00:00+02:00,5179.61,5190.46,5162.025,5167.345,,,,
2026-02-26T20:00:00+02:00,5167.49,5186.135,5160.53,5180.56,,,,
2026-02-26T21:00:00+02:00,5180.555,5194.08,5179.675,5187,,,,
2026-02-26T22:00:00+02:00,5187.01,5201.005,5186.74,5196.62,,5201.005,,
2026-02-26T23:00:00+02:00,5196.62,5200.755,5182.945,5185.17,,,,
2026-02-27T01:00:00+02:00,5182.035,5189.5,5179.005,5184.76,,,,
2026-02-27T02:00:00+02:00,5184.74,5195.03,5170.115,5175.1,,,,
2026-02-27T03:00:00+02:00,5175.12,5194.79,5166.995,5194.41,,,5166.995,
2026-02-27T04:00:00+02:00,5194.47,5199.845,5173.59,5183.77,,,,
2026-02-27T05:00:00+02:00,5183.7,5190.9,5181.175,5183.975,,,,
2026-02-27T06:00:00+02:00,5183.98,5188.785,5181.015,5181.795,,,,
2026-02-27T07:00:00+02:00,5181.805,5200.64,5181.58,5197.815,,5200.64,,
2026-02-27T08:00:00+02:00,5197.83,5199.47,5185.065,5185.77,,,,
2026-02-27T09:00:00+02:00,5185.725,5189.845,5175.795,5176.035,,,,
2026-02-27T10:00:00+02:00,5176.2,5182.435,5174.38,5178.86,,,,
2026-02-27T11:00:00+02:00,5178.855,5182.815,5172.225,5176.11,,,,
2026-02-27T12:00:00+02:00,5176.145,5180.985,5168.685,5177.725,,,5168.685,
2026-02-27T13:00:00+02:00,5177.69,5185.715,5172.66,5185.715,,,,
2026-02-27T14:00:00+02:00,5185.73,5190.69,5183.12,5187.695,,,,
2026-02-27T15:00:00+02:00,5187.705,5240.825,5186.895,5223.22,,,,
2026-02-27T16:00:00+02:00,5223.17,5236.665,5213.935,5223.76,,,,
2026-02-27T17:00:00+02:00,5223.595,5246.83,5214.97,5239.475,,,,
2026-02-27T18:00:00+02:00,5239.48,5257.75,5221.89,5229.325,,,,
2026-02-27T19:00:00+02:00,5229.32,5237.01,5220.76,5234.74,,,,
2026-02-27T20:00:00+02:00,5234.75,5246.98,5222.665,5245.34,,,,
2026-02-27T21:00:00+02:00,5245.35,5252.43,5240.205,5250.095,,,,
2026-02-27T22:00:00+02:00,5250.135,5265.6,5248.735,5263.47,,,,
2026-02-27T23:00:00+02:00,5263.455,5281.155,5257.32,5278.51,,,,
2026-03-02T01:00:00+02:00,5368.53,5394.005,5329.785,5387.085,5394.005,,,
2026-03-02T02:00:00+02:00,5387.08,5388.3,5341.28,5347.58,,,,
2026-03-02T03:00:00+02:00,5347.57,5347.71,5303.39,5325.44,,,,
2026-03-02T04:00:00+02:00,5325.34,5352.04,5317.325,5346.67,,,,
2026-03-02T05:00:00+02:00,5346.72,5366.93,5344.415,5366.46,,,,
2026-03-02T06:00:00+02:00,5366.625,5367.325,5345.16,5356.12,,,,
2026-03-02T07:00:00+02:00,5356.2,5366.395,5340.82,5366.04,,,,
2026-03-02T08:00:00+02:00,5366.045,5390.21,5363.835,5387.7,,,,
2026-03-02T09:00:00+02:00,5387.69,5419.66,5385.035,5408.175,5419.66,,,
2026-03-02T10:00:00+02:00,5408.155,5416.945,5391.39,5394.145,,,,
2026-03-02T11:00:00+02:00,5394.11,5403.27,5386.09,5392.11,,,,
2026-03-02T12:00:00+02:00,5392.115,5401.045,5379.055,5389.435,,,,
2026-03-02T13:00:00+02:00,5389.445,5400.215,5374.37,5385.41,,,,
2026-03-02T14:00:00+02:00,5385.43,5398.92,5378.96,5397.15,,,,
2026-03-02T15:00:00+02:00,5397.195,5417.045,5381.965,5394.08,,5417.045,,
2026-03-02T16:00:00+02:00,5394.1,5395.375,5306.51,5334.355,,,,
2026-03-02T17:00:00+02:00,5334.125,5349.165,5308.27,5315.605,,,,
2026-03-02T18:00:00+02:00,5315.545,5315.55,5260.285,5290.205,,,5260.285,
2026-03-02T19:00:00+02:00,5290.235,5320.92,5287.11,5306.995,,,,
2026-03-02T20:00:00+02:00,5306.99,5316.665,5289.87,5315.515,,,,
2026-03-02T21:00:00+02:00,5315.54,5334.185,5313.875,5330.65,,,,
2026-03-02T22:00:00+02:00,5330.685,5346.585,5328.44,5332.69,,,,
2026-03-02T23:00:00+02:00,5332.63,5340.565,5321.705,5321.935,,,,
2026-03-03T01:00:00+02:00,5344.96,5347.215,5329.3,5345.89,,,,
2026-03-03T02:00:00+02:00,5345.95,5362.29,5336.98,5350.32,,,,
2026-03-03T03:00:00+02:00,5350.345,5379.975,5338.02,5339.67,,5379.975,,
2026-03-03T04:00:00+02:00,5339.69,5368.065,5332.94,5367.015,,,,
2026-03-03T05:00:00+02:00,5367.025,5373.535,5358.94,5367.525,,,,
2026-03-03T06:00:00+02:00,5367.535,5375.865,5359.515,5361.21,,,,
2026-03-03T07:00:00+02:00,5361.145,5367.28,5305.1,5319.32,,,,
2026-03-03T08:00:00+02:00,5319.36,5323.42,5279.005,5310.69,,,,
2026-03-03T09:00:00+02:00,5310.705,5331.32,5306.095,5327.745,,,,
2026-03-03T10:00:00+02:00,5327.735,5336.12,5290.085,5295.9,,,,
2026-03-03T11:00:00+02:00,5295.835,5304.155,5225.57,5275.345,,,,
2026-03-03T12:00:00+02:00,5275.28,5288.07,5237.96,5248.5,,,,
2026-03-03T13:00:00+02:00,5248.49,5264.17,5073.135,5144.925,,,,
2026-03-03T14:00:00+02:00,5144.95,5227.08,5138.915,5224.46,,,,
2026-03-03T15:00:00+02:00,5224.575,5224.625,5127.6,5156.895,,,,
2026-03-03T16:00:00+02:00,5156.885,5175.7,5016.125,5039.065,,,,
2026-03-03T17:00:00+02:00,5039.085,5097.12,4996.275,5095.76,,,,4996.275
2026-03-03T18:00:00+02:00,5095.755,5134.82,5090.715,5107.435,,,,
2026-03-03T19:00:00+02:00,5107.45,5109.915,5065.5,5079.63,,,,
2026-03-03T20:00:00+02:00,5079.545,5138.44,5079.375,5136.11,,,,
2026-03-03T21:00:00+02:00,5136.13,5149.055,5099.43,5113.395,,,,
2026-03-03T22:00:00+02:00,5113.385,5130.67,5086.21,5097.52,,,,
2026-03-03T23:00:00+02:00,5097.525,5110.66,5083.45,5088.835,,,,
2026-03-04T01:00:00+02:00,5106.335,5130.105,5105.37,5125.44,,,,
2026-03-04T02:00:00+02:00,5125.43,5140.605,5105.72,5139.095,,,,
2026-03-04T03:00:00+02:00,5139.075,5178.82,5139.055,5175.155,,,,
2026-03-04T04:00:00+02:00,5175.075,5191.065,5154.07,5156.48,,5191.065,,
2026-03-04T05:00:00+02:00,5156.49,5177.835,5141.14,5174.465,,,,
2026-03-04T06:00:00+02:00,5174.455,5181.01,5151.77,5156.93,,,,
2026-03-04T07:00:00+02:00,5157.265,5168.47,5152.095,5160.09,,,,
2026-03-04T08:00:00+02:00,5160.095,5161.015,5117.72,5160.625,,,5117.72,
2026-03-04T09:00:00+02:00,5160.6,5176.065,5158.55,5168.37,,,,
2026-03-04T10:00:00+02:00,5168.345,5182.335,5147.64,5167.775,,,,
2026-03-04T11:00:00+02:00,5167.73,5185.4,5159.33,5182.51,,,,
2026-03-04T12:00:00+02:00,5182.53,5202.425,5179.725,5190.135,,,,
2026-03-04T13:00:00+02:00,5190.17,5200.79,5187.645,5192.205,,,,
2026-03-04T14:00:00+02:00,5192.21,5206.265,5156.51,5171.335,5206.265,,,
2026-03-04T15:00:00+02:00,5171.315,5196.52,5167.53,5167.965,,,,
2026-03-04T16:00:00+02:00,5167.99,5185.33,5138.98,5147.475,,,,
2026-03-04T17:00:00+02:00,5146.005,5167.045,5131.34,5151.595,,,,
2026-03-04T18:00:00+02:00,5151.49,5162.675,5138.28,5149.67,,,,
2026-03-04T19:00:00+02:00,5149.675,5152.99,5120.285,5141.285,,,,
2026-03-04T20:00:00+02:00,5141.23,5143.695,5108.64,5134.06,,,,5108.64
2026-03-04T21:00:00+02:00,5134.055,5139.695,5123.385,5138.015,,,,
2026-03-04T22:00:00+02:00,5137.975,5146.945,5123.785,5134.81,,,,
2026-03-04T23:00:00+02:00,5134.835,5144.155,5129.595,5140.945,,,,
2026-03-05T01:00:00+02:00,5152.485,5166.33,5144.86,5165.365,,,,
2026-03-05T02:00:00+02:00,5165.375,5180.1,5159.35,5172.695,,,,
2026-03-05T03:00:00+02:00,5172.69,5186.575,5167.665,5172.85,,,,
2026-03-05T04:00:00+02:00,5172.8,5192.62,5171.895,5192.21,,,,
2026-03-05T05:00:00+02:00,5192.155,5195.22,5178.35,5180.35,,5195.22,,
2026-03-05T06:00:00+02:00,5180.325,5186.81,5166.315,5171.61,,,,
2026-03-05T07:00:00+02:00,5171.615,5176.925,5148.41,5148.755,,,,
2026-03-05T08:00:00+02:00,5148.755,5168.95,5120.785,5167.79,,,5120.785,
2026-03-05T09:00:00+02:00,5167.74,5172.94,5158.8,5162.195,,,,
2026-03-05T10:00:00+02:00,5162.11,5170.25,5137.54,5165.625,,,,
2026-03-05T11:00:00+02:00,5165.63,5180.48,5152.48,5161.26,,,,
2026-03-05T12:00:00+02:00,5161.255,5167.845,5146.24,5164.635,,,,
2026-03-05T13:00:00+02:00,5164.685,5168.02,5156.955,5164.035,,,,
2026-03-05T14:00:00+02:00,5164.05,5171.54,5160.755,5162.635,,,,
2026-03-05T15:00:00+02:00,5162.615,5164.11,5081.23,5118.085,,,,
2026-03-05T16:00:00+02:00,5118.09,5130.005,5090.54,5102.305,,,,
2026-03-05T17:00:00+02:00,5102.3,5119.965,5060.625,5102.63,,,,
2026-03-05T18:00:00+02:00,5102.635,5104.76,5054.22,5077.735,,,,
2026-03-05T19:00:00+02:00,5077.74,5089.5,5055.065,5062.87,,,,
2026-03-05T20:00:00+02:00,5062.75,5085.525,5050.905,5069.41,,,,5050.905
2026-03-05T21:00:00+02:00,5069.395,5081.325,5055.775,5066.14,,,,
2026-03-05T22:00:00+02:00,5066.145,5094.925,5061.805,5076.855,,,,
2026-03-05T23:00:00+02:00,5076.9,5085.19,5072.29,5081.38,,,,
2026-03-06T01:00:00+02:00,5090.81,5102.525,5082.155,5086.155,,,,
2026-03-06T02:00:00+02:00,5086.075,5092.545,5074.22,5084.95,,,,
2026-03-06T03:00:00+02:00,5084.895,5144.05,5066.4,5134.575,,5144.05,,
2026-03-06T04:00:00+02:00,5134.44,5138.58,5122.075,5126.37,,,,
2026-03-06T05:00:00+02:00,5126.345,5141.64,5124.44,5131.21,,,,
2026-03-06T06:00:00+02:00,5131.2,5136.485,5126.25,5127.65,,,,
2026-03-06T07:00:00+02:00,5127.53,5130.38,5114.23,5117.63,,,,
2026-03-06T08:00:00+02:00,5117.595,5123.115,5109.25,5115.78,,,,
2026-03-06T09:00:00+02:00,5115.84,5120.82,5105.72,5119.695,,,,
2026-03-06T10:00:00+02:00,5119.7,5123.16,5096.54,5108.8,,,,
2026-03-06T11:00:00+02:00,5108.805,5109.75,5083.33,5085.715,,,,
2026-03-06T12:00:00+02:00,5085.77,5093.35,5075.66,5091.13,,,,
2026-03-06T13:00:00+02:00,5091.165,5099.735,5063.215,5077.28,,,5063.215,
2026-03-06T14:00:00+02:00,5077.34,5096.725,5076.43,5083.295,,,,
2026-03-06T15:00:00+02:00,5083.29,5131.245,5065.5,5085.12,,,,
2026-03-06T16:00:00+02:00,5085.17,5132.44,5080.905,5130.2,,,,
2026-03-06T17:00:00+02:00,5130.18,5171.89,5127.96,5141.835,,,,
2026-03-06T18:00:00+02:00,5141.84,5153.3,5125.865,5140.125,,,,
2026-03-06T19:00:00+02:00,5140.225,5152.585,5129.02,5141.01,,,,
2026-03-06T20:00:00+02:00,5141.015,5167.875,5138.88,5161.08,,,,
2026-03-06T21:00:00+02:00,5161.07,5174.67,5156.79,5159.73,,,,
2026-03-06T22:00:00+02:00,5159.9,5162.63,5149.34,5153.345,,,,
2026-03-06T23:00:00+02:00,5153.34,5176.63,5150.99,5171.5,5176.63,,,
2026-03-09T00:00:00+02:00,5171.95,5171.95,5104.345,5130.31,,,,
2026-03-09T01:00:00+02:00,5130.31,5136.2,5044.14,5076.01,,,,
2026-03-09T02:00:00+02:00,5076.02,5081.36,5028.54,5050.03,,,,
2026-03-09T03:00:00+02:00,5049.625,5087.895,5015.045,5070.165,,,,5015.045
2026-03-09T04:00:00+02:00,5070.235,5099.21,5055.21,5094.655,,,,
2026-03-09T05:00:00+02:00,5095.515,5102.255,5081.87,5091.275,,,,
2026-03-09T06:00:00+02:00,5091.295,5097.225,5085.36,5090.36,,,,
2026-03-09T07:00:00+02:00,5090.35,5140.79,5081.185,5124.2,,5140.79,,
2026-03-09T08:00:00+02:00,5124.185,5134.075,5097.22,5097.975,,,,
2026-03-09T09:00:00+02:00,5097.97,5108.03,5088.265,5099.085,,,,
2026-03-09T10:00:00+02:00,5099.145,5111.055,5087.07,5096.725,,,,
2026-03-09T11:00:00+02:00,5096.71,5132.765,5095.085,5105.39,,,,
2026-03-09T12:00:00+02:00,5105.4,5111.32,5083.845,5087.335,,,,
2026-03-09T13:00:00+02:00,5087.3,5097.52,5079.93,5088.305,,,,
2026-03-09T14:00:00+02:00,5088.29,5112.505,5088.29,5095.07,,,,
2026-03-09T15:00:00+02:00,5095.075,5111.52,5067.42,5074.39,,,,
2026-03-09T16:00:00+02:00,5074.44,5116.28,5060.595,5094.125,,,5060.595,
2026-03-09T17:00:00+02:00,5094.01,5103.54,5079.585,5099.79,,,,
2026-03-09T18:00:00+02:00,5099.885,5110.715,5094.76,5104.74,,,,
2026-03-09T19:00:00+02:00,5104.76,5106.99,5089.135,5096.12,,,,
2026-03-09T20:00:00+02:00,5096.07,5126.645,5092.51,5123.46,,,,
2026-03-09T21:00:00+02:00,5123.535,5144.325,5118.375,5141.21,,,,
2026-03-09T22:00:00+02:00,5141.265,5148.205,5134.4,5137.91,,,,
2026-03-10T00:00:00+02:00,5128.805,5153.285,5117.355,5153.22,,,,
2026-03-10T01:00:00+02:00,5153.265,5156.21,5135.64,5139.805,,,,
2026-03-10T02:00:00+02:00,5139.61,5141.435,5124.89,5131.225,,,,
2026-03-10T03:00:00+02:00,5131.155,5186.455,5124.835,5184.24,,,,
2026-03-10T04:00:00+02:00,5184.245,5187.055,5164,5166.065,5187.055,,,
2026-03-10T05:00:00+02:00,5166.055,5173.48,5155.56,5157.615,,,,
2026-03-10T06:00:00+02:00,5157.555,5166.645,5154.47,5163.845,,,,
2026-03-10T07:00:00+02:00,5163.84,5179.35,5163.815,5177.87,,,,
2026-03-10T08:00:00+02:00,5178.08,5181.1,5171.84,5175.34,,,,
2026-03-10T09:00:00+02:00,5175.325,5181.755,5158.395,5181.205,,,,
2026-03-10T10:00:00+02:00,5181.155,5195.405,5175.005,5183.48,,,,
2026-03-10T11:00:00+02:00,5183.58,5189.505,5180.58,5182.755,,,,
2026-03-10T12:00:00+02:00,5182.76,5183.91,5156.5,5177.18,,,5156.5,
2026-03-10T13:00:00+02:00,5177.225,5192.045,5171.82,5175.26,,,,
2026-03-10T14:00:00+02:00,5175.42,5189.6,5162.485,5187.085,,,,
2026-03-10T15:00:00+02:00,5187.01,5228.925,5186.005,5205.34,,,,
2026-03-10T16:00:00+02:00,5205.455,5214.55,5185.3,5206.845,,,,
2026-03-10T17:00:00+02:00,5206.76,5238.775,5203.285,5228.69,5238.775,,,
2026-03-10T18:00:00+02:00,5228.88,5235.65,5222.75,5227.58,,,,
2026-03-10T19:00:00+02:00,5227.585,5235.55,5223.7,5227.575,,,,
2026-03-10T20:00:00+02:00,5227.57,5228.065,5160.65,5192.05,,,5160.65,
2026-03-10T21:00:00+02:00,5192.08,5207.865,5179.905,5198.885,,,,
2026-03-10T22:00:00+02:00,5198.88,5199.165,5191.875,5192.51,,,,
2026-03-11T00:00:00+02:00,5191.79,5197.985,5183.47,5189.525,,,,
2026-03-11T01:00:00+02:00,5189.44,5197.8,5187.835,5197.375,,,,
2026-03-11T02:00:00+02:00,5197.38,5219.59,5186.66,5215.455,,,,
2026-03-11T03:00:00+02:00,5215.45,5223.385,5208.65,5208.66,,5223.385,,
2026-03-11T04:00:00+02:00,5208.72,5220.64,5194.02,5217.45,,,,
2026-03-11T05:00:00+02:00,5217.32,5220.505,5199.42,5203.44,,,,
2026-03-11T06:00:00+02:00,5203.445,5208.81,5199.595,5204.61,,,,
2026-03-11T07:00:00+02:00,5204.4,5208.535,5190.705,5199.84,,,,
2026-03-11T08:00:00+02:00,5199.57,5210.97,5191.53,5197.66,,,,
2026-03-11T09:00:00+02:00,5197.655,5202.28,5184.56,5195.845,,,,
2026-03-11T10:00:00+02:00,5195.825,5198.695,5175.35,5187.695,,,,
2026-03-11T11:00:00+02:00,5187.67,5197.145,5179.63,5187.66,,,,
2026-03-11T12:00:00+02:00,5187.88,5195.425,5177.23,5186.155,,,,
2026-03-11T13:00:00+02:00,5186.22,5193.67,5175.87,5181.415,,,,
2026-03-11T14:00:00+02:00,5181.38,5197.175,5166.835,5167.53,,,,
2026-03-11T15:00:00+02:00,5167.48,5183.185,5149.155,5176.855,,,,5149.155
2026-03-11T16:00:00+02:00,5176.86,5196.315,5174.565,5183.38,,,,
2026-03-11T17:00:00+02:00,5183.39,5185.9,5164.075,5166.605,,,,
2026-03-11T18:00:00+02:00,5166.51,5178.15,5163.81,5175.77,,,,
2026-03-11T19:00:00+02:00,5175.84,5181.115,5154.985,5169.845,,,,
2026-03-11T20:00:00+02:00,5169.885,5178.395,5169.355,5172.555,,,,
2026-03-11T21:00:00+02:00,5172.605,5183.76,5169.375,5183.29,,,,
2026-03-11T22:00:00+02:00,5183.215,5183.595,5175.265,5176.48,,,,
2026-03-12T00:00:00+02:00,5178.045,5178.32,5129.83,5139.13,,,,
2026-03-12T01:00:00+02:00,5139.14,5157.94,5133.295,5134.6,,,,
2026-03-12T02:00:00+02:00,5134.61,5161.6,5125.64,5153.205,,,,5125.64
2026-03-12T03:00:00+02:00,5153.2,5173.16,5151.435,5168.835,,,,
2026-03-12T04:00:00+02:00,5168.705,5175.15,5145.935,5150.88,,,,
2026-03-12T05:00:00+02:00,5150.955,5155.82,5147.405,5153.155,,,,
2026-03-12T06:00:00+02:00,5153.255,5154.02,5140.62,5142.7,,,,
2026-03-12T07:00:00+02:00,5142.76,5157.93,5137.17,5154.675,,,,
2026-03-12T08:00:00+02:00,5154.66,5170.39,5147.4,5166.32,,,,
2026-03-12T09:00:00+02:00,5166.325,5185.23,5164.52,5182.385,,,,
2026-03-12T10:00:00+02:00,5182.38,5189.86,5175.88,5178.22,,,,
2026-03-12T11:00:00+02:00,5178.205,5190.5,5174.43,5188.385,,,,
2026-03-12T12:00:00+02:00,5188.35,5191.79,5175.965,5182.47,,5191.79,,
2026-03-12T13:00:00+02:00,5182.445,5183.87,5172.875,5179.15,,,,
2026-03-12T14:00:00+02:00,5179.18,5185.875,5163.685,5181.625,,,,
2026-03-12T15:00:00+02:00,5181.575,5186.145,5146.085,5151.45,,,,
2026-03-12T16:00:00+02:00,5151.48,5163.72,5138.475,5142.92,,,,
2026-03-12T17:00:00+02:00,5142.71,5144.99,5109.85,5132.485,,,,
2026-03-12T18:00:00+02:00,5132.485,5138.175,5121.23,5123.55,,,,
2026-03-12T19:00:00+02:00,5123.495,5129.87,5102.615,5105.485,,,,
2026-03-12T20:00:00+02:00,5105.49,5112.84,5090.885,5094.49,,,,
2026-03-12T21:00:00+02:00,5094.48,5097.005,5079.37,5084.985,,,,
2026-03-12T22:00:00+02:00,5085.02,5090.925,5055.125,5079.255,,,,5055.125
2026-03-13T00:00:00+02:00,5083.865,5096.33,5077.79,5096.03,,,,
2026-03-13T01:00:00+02:00,5096.055,5101.35,5088.97,5098.13,,,,
2026-03-13T02:00:00+02:00,5098.135,5115.4,5097.48,5113.78,,,,
2026-03-13T03:00:00+02:00,5113.95,5124.535,5108.72,5124.28,,,,
2026-03-13T04:00:00+02:00,5124.35,5128.475,5110.455,5112.245,,5128.475,,
2026-03-13T05:00:00+02:00,5112.225,5116.735,5106.42,5115.76,,,,
2026-03-13T06:00:00+02:00,5115.62,5118.175,5102.825,5104.59,,,,
2026-03-13T07:00:00+02:00,5104.82,5111.26,5098.415,5103.175,,,,
2026-03-13T08:00:00+02:00,5103.165,5107.94,5085.665,5088.34,,,,
2026-03-13T09:00:00+02:00,5088.18,5094.265,5071.935,5085.47,,,,
2026-03-13T10:00:00+02:00,5085.465,5088.19,5061.72,5087.55,,,5061.72,
2026-03-13T11:00:00+02:00,5087.485,5097.165,5083.36,5089.755,,,,
2026-03-13T12:00:00+02:00,5089.675,5098.375,5079.94,5094.965,,,,
2026-03-13T13:00:00+02:00,5095.065,5107.995,5086.385,5107.835,,,,
2026-03-13T14:00:00+02:00,5107.84,5122.01,5104.365,5118.3,,5122.01,,
2026-03-13T15:00:00+02:00,5118.335,5121.265,5096.57,5102.24,,,,
2026-03-13T16:00:00+02:00,5102.21,5108.135,5035.535,5042.025,,,,
2026-03-13T17:00:00+02:00,5042.03,5071.505,5031.015,5034.925,,,,
2026-03-13T18:00:00+02:00,5034.775,5053.25,5019.2,5046.045,,,,
2026-03-13T19:00:00+02:00,5045.955,5064.08,5043.555,5046.465,,,,
2026-03-13T20:00:00+02:00,5046.445,5051.88,5036.26,5046.655,,,,
2026-03-13T21:00:00+02:00,5046.67,5049.965,5009.745,5016.735,,,,
2026-03-13T22:00:00+02:00,5016.77,5025.645,5012.505,5020.6,,,,
2026-03-16T00:00:00+02:00,5014.955,5031.005,5000.91,5024.97,,,,
2026-03-16T01:00:00+02:00,5025.05,5026.335,4967.775,4997.655,,,,4967.775
2026-03-16T02:00:00+02:00,4997.64,5030.98,4996.69,5026.005,,,,
2026-03-16T03:00:00+02:00,5026.02,5026.66,4982.675,5016.355,,,,
2026-03-16T04:00:00+02:00,5016.3,5019.065,4997.895,5003.67,,,,
2026-03-16T05:00:00+02:00,5003.61,5021.01,4998.21,5019.165,,,,
2026-03-16T06:00:00+02:00,5019.15,5026.505,5012.575,5013.05,,,,
2026-03-16T07:00:00+02:00,5013.045,5020.37,5003.41,5017.59,,,,
2026-03-16T08:00:00+02:00,5017.57,5036.01,5005.405,5012.3,,5036.01,,
2026-03-16T09:00:00+02:00,5012.57,5016.59,4991.895,4995.615,,,,
2026-03-16T10:00:00+02:00,4995.6,5003.63,4985.115,4991.305,,,,
2026-03-16T11:00:00+02:00,4991.135,4991.805,4972.535,4975.565,,,,
2026-03-16T12:00:00+02:00,4975.575,4999.69,4970.23,4998.95,,,4970.23,
2026-03-16T13:00:00+02:00,4998.91,5022.825,4992.78,4997.31,,,,
2026-03-16T14:00:00+02:00,4997.335,5025.585,4994.55,5020.06,,,,
2026-03-16T15:00:00+02:00,5020.055,5034.53,5013.885,5029.94,,,,
2026-03-16T16:00:00+02:00,5029.88,5038.145,4988.09,4996.065,5038.145,,,
2026-03-16T17:00:00+02:00,4996.07,5005.91,4983.89,4987.095,,,,
2026-03-16T18:00:00+02:00,4987.07,4998.8,4974.235,4990.74,,,4974.235,
2026-03-16T19:00:00+02:00,4990.78,5003.9,4984.015,4991.265,,,,
2026-03-16T20:00:00+02:00,4991.26,5017.905,4990.045,5012.92,,,,
2026-03-16T21:00:00+02:00,5012.935,5020.465,5008.235,5013.085,,,,
2026-03-16T22:00:00+02:00,5013.08,5021.835,5004.8,5006.565,,,,
2026-03-17T00:00:00+02:00,5011.11,5016.185,4998.685,5002.525,,,,
2026-03-17T01:00:00+02:00,5002.425,5015.61,5002.13,5012.93,,,,
2026-03-17T02:00:00+02:00,5012.925,5014.2,4998.29,5003.03,,,,
2026-03-17T03:00:00+02:00,5002.91,5028.195,4994.935,5027.965,,,4994.935,
2026-03-17T04:00:00+02:00,5027.935,5029.98,5019.85,5022.815,,,,
2026-03-17T05:00:00+02:00,5022.77,5033.76,5020.93,5027.74,,,,
2026-03-17T06:00:00+02:00,5027.72,5042.185,5026.185,5038.05,,,,
2026-03-17T07:00:00+02:00,5038.045,5044.9,5020.12,5020.83,5044.9,,,
2026-03-17T08:00:00+02:00,5020.92,5023.065,5005.04,5010.09,,,,
2026-03-17T09:00:00+02:00,5010.115,5028.2,5009.18,5021.46,,,,
2026-03-17T10:00:00+02:00,5021.455,5029.625,5018.685,5024.95,,,,
2026-03-17T11:00:00+02:00,5024.905,5026.055,5010.165,5010.52,,,,
2026-03-17T12:00:00+02:00,5010.505,5016.615,4992.06,5000.415,,,,
2026-03-17T13:00:00+02:00,5000.4,5011.635,4996.925,5003.375,,,,
2026-03-17T14:00:00+02:00,5003.38,5023.935,4999.485,5011.905,,,,
2026-03-17T15:00:00+02:00,5011.9,5031.59,5005.59,5016.755,,5031.59,,
2026-03-17T16:00:00+02:00,5016.745,5020.675,5002.965,5007.78,,,,
2026-03-17T17:00:00+02:00,5007.73,5017.65,4973.72,4997.98,,,,4973.72
2026-03-17T18:00:00+02:00,4998.005,5006.03,4991.705,5002.06,,,,
2026-03-17T19:00:00+02:00,5002.05,5008.8,4996.695,5002.56,,,,
2026-03-17T20:00:00+02:00,5002.57,5009.21,4999.935,5003.89,,,,
2026-03-17T21:00:00+02:00,5003.885,5005.75,4996.445,5000.405,,,,
2026-03-17T22:00:00+02:00,5000.445,5006.645,5000,5005.725,,,,
2026-03-18T00:00:00+02:00,5001.96,5005.27,4993.39,4999.865,,,,
2026-03-18T01:00:00+02:00,4999.915,5003.82,4999,5002.9,,,,
2026-03-18T02:00:00+02:00,5002.885,5012.24,5000.315,5004.32,,,,
2026-03-18T03:00:00+02:00,5004.3,5016.29,4991.455,4998.785,,,,
2026-03-18T04:00:00+02:00,4998.83,5007.105,4990.615,4992.025,,,,
2026-03-18T05:00:00+02:00,4992,4997.6,4986.305,4991.57,,,,
2026-03-18T06:00:00+02:00,4991.575,4993.66,4981.83,4987.2,,,,
2026-03-18T07:00:00+02:00,4987.17,5002.845,4984.8,4997.745,,,,
2026-03-18T08:00:00+02:00,4997.74,5016.53,4996.19,5009.51,,5016.53,,
2026-03-18T09:00:00+02:00,5009.64,5015.14,4990.515,4995.195,,,,
2026-03-18T10:00:00+02:00,4995.175,4997.115,4977.455,4987.645,,,,
2026-03-18T11:00:00+02:00,4987.645,4995.85,4984.87,4992.265,,,,
2026-03-18T12:00:00+02:00,4992.27,4992.27,4958.83,4967.955,,,,
2026-03-18T13:00:00+02:00,4968.07,4974.135,4924.88,4930.25,,,,
2026-03-18T14:00:00+02:00,4930.305,4932.645,4870.87,4881.815,,,,
2026-03-18T15:00:00+02:00,4881.78,4885.69,4834.38,4878.61,,,,4834.38
2026-03-18T16:00:00+02:00,4878.655,4894.67,4856.795,4869.76,,,,
2026-03-18T17:00:00+02:00,4869.885,4880.27,4861.29,4862.57,,,,
2026-03-18T18:00:00+02:00,4862.52,4890.485,4861.085,4886.95,,,,
2026-03-18T19:00:00+02:00,4887,4899.165,4883.97,4891.045,,,,
2026-03-18T20:00:00+02:00,4891.05,4899.46,4852.505,4853.17,,4899.46,,
2026-03-18T21:00:00+02:00,4853.155,4865.6,4838.35,4843.285,,,,
2026-03-18T22:00:00+02:00,4843.25,4848.94,4806.845,4818.415,,,,
2026-03-19T00:00:00+02:00,4824.645,4839.135,4804.225,4834.57,,,,4804.225
2026-03-19T01:00:00+02:00,4834.66,4842.39,4828.435,4836.84,,,,
2026-03-19T02:00:00+02:00,4836.855,4848.87,4835.475,4841.38,,,,
2026-03-19T03:00:00+02:00,4841.385,4867.225,4832.995,4849.94,,4867.225,,
2026-03-19T04:00:00+02:00,4849.915,4862.325,4841.49,4858.82,,,,
2026-03-19T05:00:00+02:00,4858.77,4866.21,4850.84,4851,,,,
2026-03-19T06:00:00+02:00,4851.01,4853.995,4845.84,4849.87,,,,
2026-03-19T07:00:00+02:00,4849.86,4853.885,4827.125,4827.63,,,,
2026-03-19T08:00:00+02:00,4827.62,4842.41,4747.72,4763.695,,,,
2026-03-19T09:00:00+02:00,4763.54,4784.595,4727.25,4728.095,,,,
2026-03-19T10:00:00+02:00,4728.065,4740.49,4686.885,4709.635,,,,
2026-03-19T11:00:00+02:00,4709.64,4726.02,4687.79,4699.21,,,,
2026-03-19T12:00:00+02:00,4699.2,4719.865,4666.81,4679.225,,,,
2026-03-19T13:00:00+02:00,4679.26,4699.63,4651.16,4651.885,,,,
2026-03-19T14:00:00+02:00,4651.84,4654.25,4531.275,4574.815,,,,
2026-03-19T15:00:00+02:00,4574.745,4621.305,4502.365,4620.99,,,,4502.365
2026-03-19T16:00:00+02:00,4621.025,4649.31,4581.345,4601.82,,,,
2026-03-19T17:00:00+02:00,4601.83,4639.055,4566.19,4596.475,,,,
2026-03-19T18:00:00+02:00,4596.46,4626.865,4576.99,4584.95,,,,
2026-03-19T19:00:00+02:00,4584.94,4630.01,4573.915,4616.175,,,,
2026-03-19T20:00:00+02:00,4616.205,4623.24,4596.115,4623.1,,,,
2026-03-19T21:00:00+02:00,4623.13,4663.63,4623.095,4644.06,,,,
2026-03-19T22:00:00+02:00,4644.04,4662.08,4643.07,4650.72,,,,
2026-03-20T00:00:00+02:00,4659.99,4677.205,4636.27,4636.455,,,,
2026-03-20T01:00:00+02:00,4636.465,4648.355,4634.355,4643.815,,,,
2026-03-20T02:00:00+02:00,4643.745,4665.1,4642.16,4648.745,,,,
2026-03-20T03:00:00+02:00,4648.74,4699.53,4639.42,4677.3,,,,
2026-03-20T04:00:00+02:00,4677.355,4703.785,4670.575,4698.5,,,,
2026-03-20T05:00:00+02:00,4698.47,4736.175,4693.225,4725.93,,4736.175,,
2026-03-20T06:00:00+02:00,4725.935,4727.725,4715.145,4721.82,,,,
2026-03-20T07:00:00+02:00,4721.845,4723.835,4685.6,4688.335,,,,
2026-03-20T08:00:00+02:00,4688.34,4701.16,4661.305,4669.22,,,,
2026-03-20T09:00:00+02:00,4669.195,4707.915,4667.95,4706.43,,,,
2026-03-20T10:00:00+02:00,4706.435,4734.96,4684.805,4693.85,,,,
2026-03-20T11:00:00+02:00,4693.855,4700.65,4660.06,4667.73,,,,
2026-03-20T12:00:00+02:00,4667.755,4670.2,4638.195,4645.465,,,,
2026-03-20T13:00:00+02:00,4645.405,4674.29,4637.245,4671.9,,,,
2026-03-20T14:00:00+02:00,4671.915,4695.705,4661.81,4678.445,,,,
2026-03-20T15:00:00+02:00,4678.42,4679.615,4613.025,4616.64,,,,
2026-03-20T16:00:00+02:00,4616.555,4622.74,4548.035,4563.96,,,,
2026-03-20T17:00:00+02:00,4563.935,4580.43,4540.785,4553.61,,,,
2026-03-20T18:00:00+02:00,4553.27,4614.065,4552.04,4583.105,,,,
2026-03-20T19:00:00+02:00,4583.155,4600.885,4554.785,4573.675,,,,
2026-03-20T20:00:00+02:00,4573.685,4578.685,4477.54,4500.025,,,,
2026-03-20T21:00:00+02:00,4500.05,4517,4485.51,4501.73,,,,
2026-03-20T22:00:00+02:00,4501.81,4514.81,4493.66,4497.48,,,,
2026-03-23T00:00:00+02:00,4472.24,4536.415,4471.95,4498.255,,,,
2026-03-23T01:00:00+02:00,4498.28,4511.11,4452.08,4464.8,,,,
2026-03-23T02:00:00+02:00,4464.98,4473.16,4319.92,4354.325,,,,
2026-03-23T03:00:00+02:00,4354.13,4454.51,4330.325,4388.005,,,,
2026-03-23T04:00:00+02:00,4387.985,4422.36,4354.68,4360.86,,,,
2026-03-23T05:00:00+02:00,4360.865,4378.335,4334.795,4352.99,,,,
2026-03-23T06:00:00+02:00,4352.99,4382.22,4349.91,4367.97,,,,
2026-03-23T07:00:00+02:00,4367.92,4380.155,4302.165,4310.315,,,,
2026-03-23T08:00:00+02:00,4310.305,4310.52,4163.07,4220.705,,,,
2026-03-23T09:00:00+02:00,4220.68,4232.57,4099.125,4204.44,,,,4099.125
2026-03-23T10:00:00+02:00,4204.52,4270.955,4203.03,4251.44,,,,
2026-03-23T11:00:00+02:00,4251.45,4308.625,4223.685,4254.29,,,,
2026-03-23T12:00:00+02:00,4254.27,4281.985,4241.165,4269.11,,,,
2026-03-23T13:00:00+02:00,4269.145,4463.725,4269.145,4379.43,,,,
2026-03-23T14:00:00+02:00,4379.465,4492.925,4336.29,4478.505,,,,
2026-03-23T15:00:00+02:00,4478.51,4486.075,4401.76,4454.165,,,,
2026-03-23T16:00:00+02:00,4454.32,4513.165,4453.635,4462.075,,4513.165,,
2026-03-23T17:00:00+02:00,4462.08,4487.385,4350.63,4363.87,,,,
2026-03-23T18:00:00+02:00,4363.545,4391.925,4352.31,4375.79,,,,
2026-03-23T19:00:00+02:00,4375.745,4439.245,4370.825,4426.225,,,,
2026-03-23T20:00:00+02:00,4426.32,4467.27,4402.185,4449.04,,,,
2026-03-23T21:00:00+02:00,4448.88,4450.615,4392.99,4397.99,,,,
2026-03-23T22:00:00+02:00,4398.325,4413.34,4382.855,4406.505,,,,
2026-03-24T00:00:00+02:00,4382.825,4431.365,4359.74,4426.855,,,,
2026-03-24T01:00:00+02:00,4426.83,4448.355,4422.035,4441.245,,,,
2026-03-24T02:00:00+02:00,4441.05,4446.785,4331.36,4364.59,,,,
2026-03-24T03:00:00+02:00,4364.635,4374.555,4307.99,4322.56,,,,
2026-03-24T04:00:00+02:00,4322.545,4379.465,4305.88,4365.94,,,4305.88,
2026-03-24T05:00:00+02:00,4365.895,4368.22,4335.2,4347.5,,,,
2026-03-24T06:00:00+02:00,4347.445,4357.36,4326.615,4333.595,,,,
2026-03-24T07:00:00+02:00,4333.6,4374.06,4320.04,4347.69,,,,
2026-03-24T08:00:00+02:00,4347.69,4405.26,4343.23,4402.56,,,,
2026-03-24T09:00:00+02:00,4402.54,4433.31,4399.775,4417.305,,,,
2026-03-24T10:00:00+02:00,4417.54,4421.165,4391.285,4412.02,,,,
2026-03-24T11:00:00+02:00,4411.975,4430.995,4395.97,4426.5,,,,
2026-03-24T12:00:00+02:00,4426.61,4441.73,4414.79,4438.67,,,,
2026-03-24T13:00:00+02:00,4438.62,4442.245,4374.74,4408.24,,4442.245,,
2026-03-24T14:00:00+02:00,4408.235,4427.645,4362.065,4379.115,,,,
2026-03-24T15:00:00+02:00,4379.06,4389.89,4351.09,4381.67,,,4351.09,
2026-03-24T16:00:00+02:00,4381.66,4434.31,4380.855,4416.165,,,,
2026-03-24T17:00:00+02:00,4416.12,4431.085,4396.455,4411.79,,,,
2026-03-24T18:00:00+02:00,4411.85,4427.925,4402.635,4421.485,,,,
2026-03-24T19:00:00+02:00,4421.49,4426.69,4372.655,4388.695,,,,
2026-03-24T20:00:00+02:00,4388.725,4423.72,4383.95,4389.735,,,,
2026-03-24T21:00:00+02:00,4389.59,4411.61,4388.695,4400.33,,,,
2026-03-24T22:00:00+02:00,4400.14,4484.495,4397.575,4474.275,,,,
2026-03-25T00:00:00+02:00,4476.635,4485.445,4455.885,4484.35,,,,
2026-03-25T01:00:00+02:00,4484.285,4551.66,4472.855,4547.015,,,,
2026-03-25T02:00:00+02:00,4546.99,4572.18,4537.49,4563.295,,,,
2026-03-25T03:00:00+02:00,4563.265,4601.415,4552.375,4594.93,,,,
2026-03-25T04:00:00+02:00,4594.93,4602.645,4579.835,4583.8,4602.645,,,
2026-03-25T05:00:00+02:00,4583.725,4586.42,4567.755,4570.035,,,,
2026-03-25T06:00:00+02:00,4570.015,4574.985,4565.59,4573.02,,,,
2026-03-25T07:00:00+02:00,4573.15,4573.585,4549.225,4555.78,,,,
2026-03-25T08:00:00+02:00,4555.79,4557.1,4533.145,4545.62,,,,
2026-03-25T09:00:00+02:00,4545.595,4563.34,4537.115,4539.675,,,,
2026-03-25T10:00:00+02:00,4539.705,4568.235,4536.05,4556.32,,,,
2026-03-25T11:00:00+02:00,4556.295,4567.77,4527.89,4551.94,,,,
2026-03-25T12:00:00+02:00,4552,4562.585,4551.39,4558.87,,,,
2026-03-25T13:00:00+02:00,4558.915,4585.6,4556.21,4578.965,,4585.6,,
2026-03-25T14:00:00+02:00,4578.97,4583.87,4521.88,4544.095,,,4521.88,
2026-03-25T15:00:00+02:00,4544.09,4576.755,4540.925,4544.97,,,,
2026-03-25T16:00:00+02:00,4544.96,4579.44,4533.22,4567.34,,,,
2026-03-25T17:00:00+02:00,4567.245,4569.375,4525.265,4559.155,,,,
2026-03-25T18:00:00+02:00,4559.14,4565.185,4545.4,4555.135,,,,
2026-03-25T19:00:00+02:00,4555.155,4563.945,4542.96,4550.835,,,,
2026-03-25T20:00:00+02:00,4550.83,4569.025,4530.955,4538.295,,,,
2026-03-25T21:00:00+02:00,4538.305,4539.74,4486.59,4530.96,,,,4486.59
2026-03-25T22:00:00+02:00,4530.955,4542.065,4494.7,4506.845,,,,
2026-03-26T00:00:00+02:00,4521.855,4534.83,4505.76,4517.76,,,,
2026-03-26T01:00:00+02:00,4517.755,4518.705,4489.075,4498.115,,,,
2026-03-26T02:00:00+02:00,4498.11,4539.065,4498.04,4535.78,,,,
2026-03-26T03:00:00+02:00,4535.72,4544.815,4522.525,4535.895,,4544.815,,
2026-03-26T04:00:00+02:00,4535.89,4536.21,4505.675,4508.95,,,,
2026-03-26T05:00:00+02:00,4508.955,4518.91,4500.055,4517.165,,,,
2026-03-26T06:00:00+02:00,4517.235,4524.25,4511.71,4520.54,,,,
2026-03-26T07:00:00+02:00,4520.58,4522.55,4438.975,4439.045,,,,
2026-03-26T08:00:00+02:00,4439.035,4459.77,4415.87,4456.805,,,,
2026-03-26T09:00:00+02:00,4456.82,4463.995,4439.115,4452.895,,,,
2026-03-26T10:00:00+02:00,4452.775,4459.455,4412.44,4428.055,,,,4412.44
2026-03-26T11:00:00+02:00,4427.995,4436.835,4414.705,4423.88,,,,
2026-03-26T12:00:00+02:00,4423.905,4448.435,4416.995,4443.675,,,,
2026-03-26T13:00:00+02:00,4443.73,4456.865,4419.34,4423.24,,,,
2026-03-26T14:00:00+02:00,4423.265,4446.145,4416.775,4429.47,,,,
2026-03-26T15:00:00+02:00,4429.315,4461.035,4420.24,4452.84,,,,
2026-03-26T16:00:00+02:00,4452.87,4479.895,4437.34,4465.015,,4479.895,,
2026-03-26T17:00:00+02:00,4464.89,4469.17,4434.315,4438.415,,,,
2026-03-26T18:00:00+02:00,4438.185,4442.785,4366.95,4389.375,,,,
2026-03-26T19:00:00+02:00,4389.305,4402.32,4377.285,4381.575,,,,
2026-03-26T20:00:00+02:00,4381.505,4398.045,4367.83,4394.615,,,,
2026-03-26T21:00:00+02:00,4394.76,4399.45,4359.445,4364.065,,,,
2026-03-26T22:00:00+02:00,4364.075,4420.75,4351.355,4378.2,,,,4351.355
2026-03-27T00:00:00+02:00,4388.67,4415.4,4387.215,4411.33,,,,
2026-03-27T01:00:00+02:00,4411.44,4414.44,4389.84,4405.11,,,,
2026-03-27T02:00:00+02:00,4405.165,4411.225,4375.525,4378.76,,,,
2026-03-27T03:00:00+02:00,4378.745,4420.485,4377.28,4417.37,,,,
2026-03-27T04:00:00+02:00,4417.495,4440.6,4416.99,4432.22,,,,
2026-03-27T05:00:00+02:00,4432.195,4446.33,4421.39,4437.655,,,,
2026-03-27T06:00:00+02:00,4437.68,4449.83,4431.62,4445.955,,,,
2026-03-27T07:00:00+02:00,4446.08,4475.3,4440.74,4454.575,,4475.3,,
2026-03-27T08:00:00+02:00,4454.335,4473.225,4451.9,4459.605,,,,
2026-03-27T09:00:00+02:00,4459.575,4463.14,4443.12,4447.915,,,,
2026-03-27T10:00:00+02:00,4447.875,4451.29,4424.025,4424.51,,,,
2026-03-27T11:00:00+02:00,4424.465,4438.58,4420.885,4429.13,,,,
2026-03-27T12:00:00+02:00,4429.135,4433.14,4410.56,4414.915,,,,
2026-03-27T13:00:00+02:00,4414.92,4426.57,4404.58,4420.315,,,4404.58,
2026-03-27T14:00:00+02:00,4420.355,4445.34,4412.89,4438.01,,,,
2026-03-27T15:00:00+02:00,4437.97,4443.905,4413.775,4431.385,,,,
2026-03-27T16:00:00+02:00,4431.37,4514.685,4430.85,4509.71,,,,
2026-03-27T17:00:00+02:00,4509.705,4555.63,4501.78,4524.445,4555.63,,,
2026-03-27T18:00:00+02:00,4524.45,4533.745,4505.62,4507.355,,,,
2026-03-27T19:00:00+02:00,4511.27,4522.27,4486.505,4486.875,,,,
2026-03-27T20:00:00+02:00,4486.88,4528.755,4486.815,4516.855,,,,
2026-03-27T21:00:00+02:00,4516.775,4526.315,4500.76,4514.49,,,,
2026-03-27T22:00:00+02:00,4514.625,4520.8,4491.13,4493.685,,,,
2026-03-30T01:00:00+03:00,4512.54,4513.55,4480.84,4484.475,,,,
2026-03-30T02:00:00+03:00,4484.47,4492.605,4443.945,4449.04,,,,
2026-03-30T03:00:00+03:00,4449.03,4467.01,4417.43,4432.295,,,4417.43,
2026-03-30T04:00:00+03:00,4431.87,4475.845,4431.825,4469.895,,,,
2026-03-30T05:00:00+03:00,4469.81,4499.69,4458.89,4481.55,,,,
2026-03-30T06:00:00+03:00,4481.505,4518.175,4479.095,4496.15,,,,
2026-03-30T07:00:00+03:00,4496.165,4498.96,4486.7,4497.02,,,,
2026-03-30T08:00:00+03:00,4497.03,4528.825,4497.02,4522.53,,,,
2026-03-30T09:00:00+03:00,4522.63,4550.855,4517.31,4532.59,,,,
2026-03-30T10:00:00+03:00,4532.58,4535.2,4515.87,4527.585,,,,
2026-03-30T11:00:00+03:00,4527.495,4540.58,4525.12,4538.22,,,,
2026-03-30T12:00:00+03:00,4538.23,4540.895,4523.605,4533.14,,,,
2026-03-30T13:00:00+03:00,4533.165,4540.2,4527.785,4532.655,,,,
2026-03-30T14:00:00+03:00,4532.67,4580.73,4525.645,4559.87,4580.73,,,
2026-03-30T15:00:00+03:00,4559.875,4578.11,4545.33,4569.445,,,,
2026-03-30T16:00:00+03:00,4569.49,4578.835,4516.935,4523.535,,,,
2026-03-30T17:00:00+03:00,4523.525,4541.545,4512.57,4538.835,,,,
2026-03-30T18:00:00+03:00,4538.885,4556.895,4524.7,4548.355,,,,
2026-03-30T19:00:00+03:00,4548.295,4549.82,4532.415,4539.985,,,,
2026-03-30T20:00:00+03:00,4539.92,4542.46,4511.685,4514.955,,,,
2026-03-30T21:00:00+03:00,4514.945,4523.135,4498.505,4499.18,,,,
2026-03-30T22:00:00+03:00,4499.2,4518.51,4493.1,4513.64,,,,
2026-03-30T23:00:00+03:00,4513.59,4516.525,4501.27,4510.65,,,,
2026-03-31T01:00:00+03:00,4517.71,4519.14,4502.035,4511.07,,,,
2026-03-31T02:00:00+03:00,4511.025,4521.915,4492.8,4514.07,,,,
2026-03-31T03:00:00+03:00,4514.075,4548.31,4482.66,4547.935,,,4482.66,
2026-03-31T04:00:00+03:00,4547.94,4619.255,4532.15,4605.205,4619.255,,,
2026-03-31T05:00:00+03:00,4605.205,4607.48,4565.795,4567.965,,,,
2026-03-31T06:00:00+03:00,4567.99,4577.26,4550.455,4557.49,,,,
2026-03-31T07:00:00+03:00,4557.47,4569.56,4556.955,4564.925,,,,
2026-03-31T08:00:00+03:00,4564.535,4581.94,4547.9,4568.89,,,,
2026-03-31T09:00:00+03:00,4568.925,4569.2,4553.445,4557.565,,,,
2026-03-31T10:00:00+03:00,4557.555,4566.105,4543.51,4564.87,,,,
2026-03-31T11:00:00+03:00,4564.875,4575.4,4560.645,4568.755,,,,
2026-03-31T12:00:00+03:00,4568.8,4572.735,4550.205,4555.7,,,,
2026-03-31T13:00:00+03:00,4555.75,4561.99,4529.545,4547.05,,,4529.545,
2026-03-31T14:00:00+03:00,4547.12,4593.365,4541.365,4582.37,,,,
2026-03-31T15:00:00+03:00,4582.39,4597.76,4569.21,4574.82,,,,
2026-03-31T16:00:00+03:00,4575,4609.74,4567.98,4607.35,,,,
2026-03-31T17:00:00+03:00,4607.275,4630.42,4594.97,4599.015,,,,
2026-03-31T18:00:00+03:00,4598.94,4625.565,4598.94,4609.565,,,,
2026-03-31T19:00:00+03:00,4609.615,4651.585,4607.135,4638.23,,,,
2026-03-31T20:00:00+03:00,4638.14,4667.785,4636.5,4654.38,,,,
2026-03-31T21:00:00+03:00,4654.39,4671.37,4653.52,4667.435,,,,
2026-03-31T22:00:00+03:00,4667.44,4685.805,4661.86,4683.02,,,,
2026-03-31T23:00:00+03:00,4682.945,4687.335,4664.86,4667.875,,,,
2026-04-01T01:00:00+03:00,4674.535,4696.54,4662.125,4681.28,,,,
2026-04-01T02:00:00+03:00,4681.32,4699.975,4671.985,4696.44,,,,
2026-04-01T03:00:00+03:00,4696.4,4722.6,4693.52,4710.92,,,,
2026-04-01T04:00:00+03:00,4710.93,4724.52,4681.225,4692.8,,,,
2026-04-01T05:00:00+03:00,4692.81,4700.895,4678.235,4684.84,,,,
2026-04-01T06:00:00+03:00,4684.83,4694.43,4679.735,4682,,,,
2026-04-01T07:00:00+03:00,4682.005,4682.105,4667.195,4676.495,,,4667.195,
2026-04-01T08:00:00+03:00,4676.61,4703.78,4674.72,4684.56,,,,
2026-04-01T09:00:00+03:00,4684.59,4733.235,4682.55,4730.83,,,,
2026-04-01T10:00:00+03:00,4730.825,4747.815,4709.815,4713.22,,,,
2026-04-01T11:00:00+03:00,4713.17,4740.565,4710.445,4728.7,,,,
2026-04-01T12:00:00+03:00,4728.77,4730.35,4713.195,4723.465,,,,
2026-04-01T13:00:00+03:00,4723.46,4738.67,4715.47,4731.235,,,,
2026-04-01T14:00:00+03:00,4731.22,4762.905,4728.43,4752.565,,,,
2026-04-01T15:00:00+03:00,4752.61,4753.725,4724.4,4724.775,,,,
2026-04-01T16:00:00+03:00,4724.82,4749.715,4716.28,4738.355,,,,
2026-04-01T17:00:00+03:00,4738.48,4768.87,4724.3,4760.89,,,,
2026-04-01T18:00:00+03:00,4760.96,4788.16,4758.575,4786.7,,,,
2026-04-01T19:00:00+03:00,4786.685,4790.84,4774.305,4787.3,,,,
2026-04-01T20:00:00+03:00,4787.305,4793.195,4774.035,4774.64,,,,
2026-04-01T21:00:00+03:00,4774.63,4775.49,4742.17,4753.28,,,,
2026-04-01T22:00:00+03:00,4753.27,4778.21,4751.335,4766.205,,,,
2026-04-01T23:00:00+03:00,4766.185,4771.295,4754.145,4758.2,,,,
2026-04-02T01:00:00+03:00,4758.465,4783.005,4751.98,4776.7,,,,
2026-04-02T02:00:00+03:00,4776.84,4800.8,4773.795,4784.19,4800.8,,,
2026-04-02T03:00:00+03:00,4784.15,4798.935,4775.21,4784.42,,,,
2026-04-02T04:00:00+03:00,4784.41,4786.36,4649.465,4696.105,,,,
2026-04-02T05:00:00+03:00,4695.875,4704.155,4655.525,4687.24,,,,
2026-04-02T06:00:00+03:00,4687.23,4699.52,4676.04,4676.51,,,,
2026-04-02T07:00:00+03:00,4676.57,4681.8,4657.175,4672.65,,,,
2026-04-02T08:00:00+03:00,4672.635,4680.915,4585.755,4594.63,,,,
2026-04-02T09:00:00+03:00,4594.645,4608.905,4553.85,4598.855,,,,4553.85
2026-04-02T10:00:00+03:00,4598.83,4651.505,4597.245,4642.775,,,,
2026-04-02T11:00:00+03:00,4642.77,4648.905,4616.78,4621.005,,,,
2026-04-02T12:00:00+03:00,4620.995,4632.075,4613.15,4621.685,,,,
2026-04-02T13:00:00+03:00,4621.825,4635.435,4603.775,4620.61,,,,
2026-04-02T14:00:00+03:00,4620.6,4630.855,4592.895,4600.215,,,,
2026-04-02T15:00:00+03:00,4600.23,4630.36,4594.71,4601.765,,,,
2026-04-02T16:00:00+03:00,4601.71,4651.545,4580.65,4646.325,,,4580.65,
2026-04-02T17:00:00+03:00,4646.265,4699.89,4631.85,4681.72,,4699.89,,
2026-04-02T18:00:00+03:00,4681.66,4684.185,4652.76,4661.48,,,,
2026-04-02T19:00:00+03:00,4661.46,4670.83,4642.925,4659.215,,,,
2026-04-02T20:00:00+03:00,4659.22,4668.5,4645.78,4648.76,,,,
2026-04-02T21:00:00+03:00,4648.765,4672.17,4647.465,4668.64,,,,
2026-04-02T22:00:00+03:00,4668.655,4682.01,4661.495,4672.235,,,,
2026-04-02T23:00:00+03:00,4672.325,4678.11,4664.475,4676.745,,,,
2026-04-06T01:00:00+03:00,4638.25,4654.59,4607.09,4646.265,,,,
2026-04-06T02:00:00+03:00,4646.27,4651.415,4604.97,4610.87,,,,
2026-04-06T03:00:00+03:00,4610.97,4629.2,4600.85,4622.585,,,4600.85,
2026-04-06T04:00:00+03:00,4622.63,4643.24,4620.605,4625.815,,,,
2026-04-06T05:00:00+03:00,4625.8,4671.73,4623.815,4648.105,,,,
2026-04-06T06:00:00+03:00,4648.07,4648.155,4625.47,4640.89,,,,
2026-04-06T07:00:00+03:00,4640.875,4660.005,4640.065,4659.21,,,,
2026-04-06T08:00:00+03:00,4659.205,4678.93,4651.375,4652.565,,,,
2026-04-06T09:00:00+03:00,4652.585,4667.78,4643.505,4665.965,,,,
2026-04-06T10:00:00+03:00,4665.96,4688.94,4645.12,4684.9,,,,
2026-04-06T11:00:00+03:00,4684.815,4698.21,4680.7,4695.86,,,,
2026-04-06T12:00:00+03:00,4696.09,4706.875,4690.94,4693.805,4706.875,,,
2026-04-06T13:00:00+03:00,4693.84,4697.725,4684.655,4689.91,,,,
2026-04-06T14:00:00+03:00,4690.12,4696.92,4677.07,4677.94,,,,
2026-04-06T15:00:00+03:00,4677.92,4686.855,4659.655,4676.22,,,,
2026-04-06T16:00:00+03:00,4676.21,4681.87,4659.8,4679.92,,,,
2026-04-06T17:00:00+03:00,4679.91,4697.78,4660.455,4682.84,,,,
2026-04-06T18:00:00+03:00,4682.835,4683.91,4652.095,4668.155,,,,
2026-04-06T19:00:00+03:00,4668.22,4672.66,4658.12,4660.515,,,,
2026-04-06T20:00:00+03:00,4660.55,4661.235,4645.885,4653.865,,,,
2026-04-06T21:00:00+03:00,4653.87,4666.725,4648.905,4658.43,,,,
2026-04-06T22:00:00+03:00,4658.395,4659.52,4645.805,4655.52,,,,
2026-04-06T23:00:00+03:00,4655.485,4658.525,4649.305,4649.995,,,,
2026-04-07T01:00:00+03:00,4661.755,4667.97,4656.805,4658.505,,,,
2026-04-07T02:00:00+03:00,4658.54,4661.31,4651.555,4659.21,,,,
2026-04-07T03:00:00+03:00,4659.185,4661.515,4649.46,4655.23,,,,
2026-04-07T04:00:00+03:00,4655.22,4664.53,4616.53,4627.135,,,4616.53,
2026-04-07T05:00:00+03:00,4627.21,4654.01,4620.165,4650.395,,,,
2026-04-07T06:00:00+03:00,4650.38,4653.995,4639.655,4649.66,,,,
2026-04-07T07:00:00+03:00,4649.65,4664.12,4645.695,4660.155,,,,
2026-04-07T08:00:00+03:00,4660.24,4661.36,4623.475,4642.88,,,,
2026-04-07T09:00:00+03:00,4642.93,4656.65,4638.04,4653.585,,,,
2026-04-07T10:00:00+03:00,4653.575,4657.225,4636.91,4646.315,,,,
2026-04-07T11:00:00+03:00,4646.305,4691.225,4644.395,4683.035,,,,
2026-04-07T12:00:00+03:00,4682.905,4694.905,4658.905,4671.03,,4694.905,,
2026-04-07T13:00:00+03:00,4671.075,4680.735,4649.46,4652.33,,,,
2026-04-07T14:00:00+03:00,4652.345,4664.28,4629.02,4659.805,,,,
2026-04-07T15:00:00+03:00,4659.875,4671.335,4647.075,4651.67,,,,
2026-04-07T16:00:00+03:00,4651.675,4663.49,4635.625,4644.44,,,,
2026-04-07T17:00:00+03:00,4644.32,4661.935,4607.63,4633.275,,,,4607.63
2026-04-07T18:00:00+03:00,4633.335,4659.69,4624.885,4655.51,,,,
2026-04-07T19:00:00+03:00,4655.505,4668.825,4652.87,4657.29,,,,
2026-04-07T20:00:00+03:00,4657.28,4686.745,4654.115,4675.935,,,,
2026-04-07T21:00:00+03:00,4675.875,4686.295,4657.63,4662.35,,,,
2026-04-07T22:00:00+03:00,4662.41,4718.96,4660.735,4701.05,,,,
2026-04-07T23:00:00+03:00,4701.06,4716.95,4697.415,4704.81,,,,
2026-04-08T01:00:00+03:00,4741.845,4820.065,4713.04,4818.41,,,,
2026-04-08T02:00:00+03:00,4818.42,4836.505,4801.285,4833.66,,,,
2026-04-08T03:00:00+03:00,4833.65,4858.215,4808.885,4817.715,4858.215,,,
2026-04-08T04:00:00+03:00,4817.73,4825.325,4788.12,4810.275,,,,
2026-04-08T05:00:00+03:00,4810.1,4825.435,4798.91,4804.22,,,,
2026-04-08T06:00:00+03:00,4804.2,4806.18,4795.25,4797.79,,,,
2026-04-08T07:00:00+03:00,4797.77,4806.975,4790.38,4803.515,,,,
2026-04-08T08:00:00+03:00,4803.53,4843.9,4800.47,4827.61,,,,
2026-04-08T09:00:00+03:00,4827.635,4839.97,4820.02,4820.16,,,,
2026-04-08T10:00:00+03:00,4820.18,4821.39,4805.17,4813.6,,,,
2026-04-08T11:00:00+03:00,4813.595,4819.935,4790.39,4794.2,,,,
2026-04-08T12:00:00+03:00,4794.12,4807.05,4776.285,4783.185,,,,
2026-04-08T13:00:00+03:00,4783.18,4796.31,4771.18,4782.885,,,,
2026-04-08T14:00:00+03:00,4782.88,4803.06,4778.33,4798.59,,,,
2026-04-08T15:00:00+03:00,4798.785,4807.42,4768.4,4799.765,,,,
2026-04-08T16:00:00+03:00,4799.705,4806.92,4767.1,4777.225,,,,
2026-04-08T17:00:00+03:00,4777.185,4792.155,4732.305,4736.41,,,,
2026-04-08T18:00:00+03:00,4736.35,4763.32,4734.165,4756.625,,,,
2026-04-08T19:00:00+03:00,4756.635,4765.675,4745.35,4760.52,,,,
2026-04-08T20:00:00+03:00,4760.605,4764.505,4731.69,4734.205,,,,
2026-04-08T21:00:00+03:00,4734.22,4744.705,4703.47,4705.245,,,,
2026-04-08T22:00:00+03:00,4705.12,4731.935,4699.305,4730.755,,,,
2026-04-08T23:00:00+03:00,4730.625,4732.365,4717.225,4718.96,,,,
2026-04-09T01:00:00+03:00,4727.55,4729.67,4704.58,4717.755,,,,
2026-04-09T02:00:00+03:00,4717.745,4720.345,4705.535,4715.84,,,,
2026-04-09T03:00:00+03:00,4715.8,4719.3,4698.725,4707.185,,,4698.725,
2026-04-09T04:00:00+03:00,4707.18,4728.4,4699.905,4727.455,,,,
2026-04-09T05:00:00+03:00,4727.46,4733.04,4717.525,4718.985,,4733.04,,
2026-04-09T06:00:00+03:00,4718.96,4720.32,4705.39,4711.64,,,,
2026-04-09T07:00:00+03:00,4711.69,4725.48,4709.845,4720.92,,,,
2026-04-09T08:00:00+03:00,4720.985,4726.575,4705.98,4713.27,,,,
2026-04-09T09:00:00+03:00,4713.285,4725.66,4703.58,4712.83,,,,
2026-04-09T10:00:00+03:00,4712.84,4731.735,4705.53,4724.385,,,,
2026-04-09T11:00:00+03:00,4724.38,4733.19,4720.04,4726.17,,,,
2026-04-09T12:00:00+03:00,4726.145,4733.495,4723.25,4729.295,,,,
2026-04-09T13:00:00+03:00,4729.285,4746.795,4723.785,4741.12,,,,
2026-04-09T14:00:00+03:00,4741.155,4757.665,4738.635,4756.795,,,,
2026-04-09T15:00:00+03:00,4756.81,4759.87,4735.065,4746.07,,,,
2026-04-09T16:00:00+03:00,4746.06,4777.085,4738.655,4764.51,,,,
2026-04-09T17:00:00+03:00,4764.51,4776.47,4747.3,4768.755,,,,
2026-04-09T18:00:00+03:00,4768.795,4798.235,4761.31,4793.1,,,,
2026-04-09T19:00:00+03:00,4793.135,4801.28,4784.705,4789.09,,,,
2026-04-09T20:00:00+03:00,4789.085,4801.39,4786.935,4797.91,4801.39,,,
2026-04-09T21:00:00+03:00,4797.915,4798.18,4767.99,4772.115,,,,
2026-04-09T22:00:00+03:00,4772.13,4782.59,4766.935,4768.865,,,,
2026-04-09T23:00:00+03:00,4768.875,4773.26,4760.835,4765.405,,,,
2026-04-10T01:00:00+03:00,4772.62,4772.62,4758.915,4764.315,,,,
2026-04-10T02:00:00+03:00,4764.33,4764.41,4757.085,4763.87,,,,
2026-04-10T03:00:00+03:00,4763.935,4763.935,4750.535,4763.21,,,,
2026-04-10T04:00:00+03:00,4763.22,4777.42,4758.07,4764.605,,,,
2026-04-10T05:00:00+03:00,4764.82,4765.59,4738.105,4752.99,,,4738.105,
2026-04-10T06:00:00+03:00,4752.985,4769.66,4752.905,4766.6,,,,
2026-04-10T07:00:00+03:00,4766.66,4770.9,4757.98,4758.52,,,,
2026-04-10T08:00:00+03:00,4758.51,4769.385,4757.445,4765.945,,,,
2026-04-10T09:00:00+03:00,4765.96,4766.01,4742.935,4746.07,,,,
2026-04-10T10:00:00+03:00,4746.035,4757.7,4741.51,4749.64,,,,
2026-04-10T11:00:00+03:00,4749.825,4753.565,4730.74,4740.975,,,,4730.74
2026-04-10T12:00:00+03:00,4741.005,4760.92,4740.695,4751.57,,,,
2026-04-10T13:00:00+03:00,4751.585,4760.845,4742.33,4757.265,,,,
2026-04-10T14:00:00+03:00,4757.28,4768.96,4753.38,4768.345,,,,
2026-04-10T15:00:00+03:00,4768.46,4782.605,4759.845,4771.92,,,,
2026-04-10T16:00:00+03:00,4771.93,4780.155,4764.95,4775.14,,,,
2026-04-10T17:00:00+03:00,4775.47,4794.98,4767.35,4774.815,,4794.98,,
2026-04-10T18:00:00+03:00,4774.835,4787.46,4755.41,4762.34,,,,
2026-04-10T19:00:00+03:00,4762.42,4766.25,4747.375,4763.84,,,,
2026-04-10T20:00:00+03:00,4763.865,4768.78,4758.235,4760.315,,,,
2026-04-10T21:00:00+03:00,4760.33,4773.35,4751.175,4765.435,,,,
2026-04-10T22:00:00+03:00,4765.41,4770.71,4758.405,4759.895,,,,
2026-04-10T23:00:00+03:00,4759.885,4760.125,4741.01,4749.685,,,,
2026-04-13T01:00:00+03:00,4670.425,4685.41,4644.595,4659.035,,,,
2026-04-13T02:00:00+03:00,4659.05,4672.06,4644.465,4671.49,,,,4644.465
2026-04-13T03:00:00+03:00,4671.47,4698.96,4664.625,4695.635,,,,
2026-04-13T04:00:00+03:00,4695.63,4728.225,4693.79,4721.255,,,,
2026-04-13T05:00:00+03:00,4721.245,4727.885,4711.44,4720.575,,,,
2026-04-13T06:00:00+03:00,4720.57,4724.065,4712.19,4718.17,,,,
2026-04-13T07:00:00+03:00,4718.16,4725.05,4708.64,4723.16,,,,
2026-04-13T08:00:00+03:00,4723.17,4730.91,4716.39,4729.48,,,,
2026-04-13T09:00:00+03:00,4729.475,4732.79,4720.86,4725.655,,,,
2026-04-13T10:00:00+03:00,4725.67,4740.03,4724.73,4733.92,,4740.03,,
2026-04-13T11:00:00+03:00,4733.95,4738.765,4720.43,4723.63,,,,
2026-04-13T12:00:00+03:00,4723.635,4728.775,4710.605,4714.905,,,,
2026-04-13T13:00:00+03:00,4714.91,4724.195,4708.365,4722.16,,,,
2026-04-13T14:00:00+03:00,4722.135,4729.23,4703.375,4707.135,,,,
2026-04-13T15:00:00+03:00,4707.14,4725.345,4703.905,4723.48,,,,
2026-04-13T16:00:00+03:00,4723.43,4744.64,4721.125,4730.795,,,,
2026-04-13T17:00:00+03:00,4730.52,4731.37,4708.875,4719.375,,,,
2026-04-13T18:00:00+03:00,4719.36,4720.15,4700.565,4714.45,,,4700.565,
2026-04-13T19:00:00+03:00,4714.465,4746.27,4709.545,4733.215,,,,
2026-04-13T20:00:00+03:00,4733.225,4750.205,4725.605,4730.11,,,,
2026-04-13T21:00:00+03:00,4730.12,4740.735,4723.54,4738.45,,,,
2026-04-13T22:00:00+03:00,4738.435,4747.58,4730.85,4741.28,,,,
2026-04-13T23:00:00+03:00,4741.345,4744.3,4738.4,4740.34,,,,
2026-04-14T01:00:00+03:00,4746.92,4759.8,4745.84,4758.14,,,,
2026-04-14T02:00:00+03:00,4758.12,4765.805,4754.54,4757.9,,,,
2026-04-14T03:00:00+03:00,4758.02,4776.075,4751.77,4769.98,,,,
2026-04-14T04:00:00+03:00,4769.94,4777.385,4761.79,4765.065,,,,
2026-04-14T05:00:00+03:00,4765.07,4777.305,4762.15,4775.225,,,,
2026-04-14T06:00:00+03:00,4775.22,4775.675,4765.65,4768.25,,,,
2026-04-14T07:00:00+03:00,4768.215,4777.085,4767.095,4774.24,,,,
2026-04-14T08:00:00+03:00,4774.24,4774.32,4757.855,4759.985,,,,
2026-04-14T09:00:00+03:00,4760.015,4782.965,4760.015,4782.09,,,,
2026-04-14T10:00:00+03:00,4782.095,4796.63,4767.855,4777.16,4796.63,,,
2026-04-14T11:00:00+03:00,4777.155,4790,4774.14,4786.97,,,,
2026-04-14T12:00:00+03:00,4787.08,4789.405,4771.735,4778.235,,,,
2026-04-14T13:00:00+03:00,4778.245,4788.31,4751.22,4768.58,,,4751.22,
2026-04-14T14:00:00+03:00,4768.52,4783.165,4767.03,4774.94,,,,
2026-04-14T15:00:00+03:00,4774.905,4777.715,4762.36,4771.48,,,,
2026-04-14T16:00:00+03:00,4771.475,4803.79,4771.185,4794.805,,,,
2026-04-14T17:00:00+03:00,4794.825,4818.33,4793.065,4803.81,,,,
2026-04-14T18:00:00+03:00,4803.8,4816.265,4791.115,4808.41,,,,
2026-04-14T19:00:00+03:00,4808.44,4820.34,4805.255,4810.075,,,,
2026-04-14T20:00:00+03:00,4810.12,4841.705,4809.54,4835.235,,,,
2026-04-14T21:00:00+03:00,4835.215,4843.64,4830.895,4835.73,,,,
2026-04-14T22:00:00+03:00,4835.75,4846.345,4835.75,4844.99,,,,
2026-04-14T23:00:00+03:00,4845,4846.37,4839.7,4841.76,,,,
2026-04-15T01:00:00+03:00,4849.155,4850.88,4833.195,4835.26,,,,
2026-04-15T02:00:00+03:00,4835.14,4844.315,4833.68,4837.285,,,,
2026-04-15T03:00:00+03:00,4837.315,4840.18,4827.285,4835.56,,,,
2026-04-15T04:00:00+03:00,4835.52,4871.38,4828.335,4847.19,4871.38,,,
2026-04-15T05:00:00+03:00,4847.175,4853.445,4820.715,4824.005,,,,
2026-04-15T06:00:00+03:00,4824.02,4829.725,4816.915,4823.925,,,,
2026-04-15T07:00:00+03:00,4823.955,4827.92,4820.3,4825.075,,,,
2026-04-15T08:00:00+03:00,4825.125,4830.53,4812.735,4819.97,,,,
2026-04-15T09:00:00+03:00,4819.975,4825.04,4811.31,4811.625,,,,
2026-04-15T10:00:00+03:00,4811.565,4816.935,4804.05,4811.27,,,,
2026-04-15T11:00:00+03:00,4811.15,4821.875,4804.595,4818.63,,,,
2026-04-15T12:00:00+03:00,4818.56,4819.565,4786.08,4798.255,,,4786.08,
2026-04-15T13:00:00+03:00,4798.25,4805.275,4790.095,4800.16,,,,
2026-04-15T14:00:00+03:00,4800.175,4815.305,4795.57,4812.635,,,,
2026-04-15T15:00:00+03:00,4812.65,4816.37,4807.025,4811.76,,,,
2026-04-15T16:00:00+03:00,4811.69,4830.31,4808.57,4828.915,,,,
2026-04-15T17:00:00+03:00,4828.93,4830.615,4813.505,4815.525,,4830.615,,
2026-04-15T18:00:00+03:00,4815.535,4816.155,4787.145,4801.745,,,4787.145,
2026-04-15T19:00:00+03:00,4801.74,4812.84,4800.17,4803.985,,,,
2026-04-15T20:00:00+03:00,4803.975,4808.96,4790.82,4792.64,,,,
2026-04-15T21:00:00+03:00,4792.63,4802.675,4790.24,4799.745,,,,
2026-04-15T22:00:00+03:00,4799.715,4803.575,4794.685,4796.045,,,,
2026-04-15T23:00:00+03:00,4796.095,4796.795,4787.895,4790.94,,,,
2026-04-16T01:00:00+03:00,4798.465,4812.1,4790.87,4807.665,,,,
2026-04-16T02:00:00+03:00,4807.675,4826.795,4807.615,4823.455,,,,
2026-04-16T03:00:00+03:00,4823.385,4837.81,4820.345,4833.145,,,,
2026-04-16T04:00:00+03:00,4833.205,4836.465,4811.33,4818.1,,,,
2026-04-16T05:00:00+03:00,4818.165,4825.1,4812.465,4819.805,,,,
2026-04-16T06:00:00+03:00,4819.785,4827.205,4819.115,4824.27,,,,
2026-04-16T07:00:00+03:00,4824.255,4833.79,4822.885,4833.185,,,,
2026-04-16T08:00:00+03:00,4833.21,4838.56,4821.215,4821.325,4838.56,,,
2026-04-16T09:00:00+03:00,4821.31,4830.69,4814.46,4826.125,,,,
2026-04-16T10:00:00+03:00,4826.14,4831.025,4817.12,4821.2,,,,
2026-04-16T11:00:00+03:00,4821.29,4822.07,4806.59,4813.85,,,,
2026-04-16T12:00:00+03:00,4813.815,4818.11,4807.04,4812.82,,,,
2026-04-16T13:00:00+03:00,4812.825,4817.62,4805.165,4817.49,,,,
2026-04-16T14:00:00+03:00,4817.475,4822.56,4815.535,4822.175,,,,
2026-04-16T15:00:00+03:00,4822.28,4823.14,4811.59,4816.265,,,,
2026-04-16T16:00:00+03:00,4816.285,4824.04,4784.73,4795.065,,4824.04,,
2026-04-16T17:00:00+03:00,4795.08,4805.62,4772.575,4788.86,,,,4772.575
2026-04-16T18:00:00+03:00,4788.815,4813.045,4788.43,4807.09,,,,
2026-04-16T19:00:00+03:00,4807.16,4810.225,4785.245,4792.095,,,,
2026-04-16T20:00:00+03:00,4792.105,4795.455,4781.45,4789.395,,,,
2026-04-16T21:00:00+03:00,4789.405,4794.45,4785.865,4789.745,,,,
2026-04-16T22:00:00+03:00,4789.795,4798.67,4789.63,4793.52,,,,
2026-04-16T23:00:00+03:00,4793.565,4793.985,4786.45,4790.66,,,,
2026-04-17T01:00:00+03:00,4793.945,4797.995,4790.925,4795.4,,,,
2026-04-17T02:00:00+03:00,4795.185,4797.935,4791.77,4791.77,,,,
2026-04-17T03:00:00+03:00,4791.725,4801.3,4785.965,4794.845,,,,
2026-04-17T04:00:00+03:00,4794.88,4795.675,4767.845,4789.635,,,,4767.845
2026-04-17T05:00:00+03:00,4789.575,4794.84,4784.64,4784.695,,,,
2026-04-17T06:00:00+03:00,4784.685,4798.405,4784.68,4793.255,,,,
2026-04-17T07:00:00+03:00,4793.195,4804.48,4792.71,4802.995,,,,
2026-04-17T08:00:00+03:00,4802.99,4806.2,4793.78,4794.305,,4806.2,,
2026-04-17T09:00:00+03:00,4794.345,4795.375,4779.455,4785.075,,,,
2026-04-17T10:00:00+03:00,4785.195,4794.925,4778.81,4784.57,,,4778.81,
2026-04-17T11:00:00+03:00,4784.585,4797.085,4781.035,4796.11,,,,
2026-04-17T12:00:00+03:00,4796.115,4800.995,4790.125,4790.44,,,,
2026-04-17T13:00:00+03:00,4790.445,4794.085,4782.255,4787.49,,,,
2026-04-17T14:00:00+03:00,4787.595,4811.82,4783.67,4799.125,,,,
2026-04-17T15:00:00+03:00,4799.25,4848.005,4797.68,4846.52,,,,
2026-04-17T16:00:00+03:00,4846.53,4891.54,4834.915,4880.4,4891.54,,,
2026-04-17T17:00:00+03:00,4880.33,4885.53,4860.85,4873.15,,,,
2026-04-17T18:00:00+03:00,4873.135,4880.705,4855.065,4867.445,,,,
2026-04-17T19:00:00+03:00,4867.44,4873.535,4863.745,4867.18,,,,
2026-04-17T20:00:00+03:00,4867.15,4869.665,4853.79,4862.59,,,,
2026-04-17T21:00:00+03:00,4862.585,4868.11,4855.785,4858.11,,,,
2026-04-17T22:00:00+03:00,4858.095,4861.305,4852.96,4854.695,,,,
2026-04-17T23:00:00+03:00,4854.645,4855.245,4830.79,4831.61,,,,
2026-04-20T01:00:00+03:00,4774.815,4794.97,4771.055,4779.365,,,,
2026-04-20T02:00:00+03:00,4779.36,4779.465,4736.83,4755.365,,,,4736.83
2026-04-20T03:00:00+03:00,4755.285,4774.685,4744.515,4772.815,,,,
2026-04-20T04:00:00+03:00,4772.8,4814.46,4771.44,4807.795,,,,
2026-04-20T05:00:00+03:00,4807.805,4809.18,4793.26,4797.395,,,,
2026-04-20T06:00:00+03:00,4797.37,4798.415,4788.875,4791.02,,,,
2026-04-20T07:00:00+03:00,4791.04,4795.94,4787.245,4789.035,,,,
2026-04-20T08:00:00+03:00,4789.06,4796.36,4779.54,4791.085,,,,
2026-04-20T09:00:00+03:00,4791.06,4795.62,4784.025,4795.595,,,,
2026-04-20T10:00:00+03:00,4795.6,4805.795,4786.905,4789.64,,,,
2026-04-20T11:00:00+03:00,4789.55,4796.51,4786.16,4796.395,,,,
2026-04-20T12:00:00+03:00,4796.355,4798.075,4783.72,4791.885,,,,
2026-04-20T13:00:00+03:00,4791.865,4801.045,4789.93,4796.01,,,,
2026-04-20T14:00:00+03:00,4796.02,4810.9,4786.8,4810.53,,,,
2026-04-20T15:00:00+03:00,4810.525,4822.175,4799.125,4803.505,,,,
2026-04-20T16:00:00+03:00,4803.495,4826.355,4799.695,4818.105,,,,
2026-04-20T17:00:00+03:00,4818.12,4827.695,4792.615,4805.385,,4827.695,,
2026-04-20T18:00:00+03:00,4805.4,4809.63,4792.785,4799.955,,,,
2026-04-20T19:00:00+03:00,4799.96,4806.38,4792.865,4805.55,,,,
2026-04-20T20:00:00+03:00,4805.645,4812.27,4803.9,4806.89,,,,
2026-04-20T21:00:00+03:00,4806.84,4816.515,4806.84,4814.105,,,,
2026-04-20T22:00:00+03:00,4814.065,4821.425,4810.615,4814.38,,,,
2026-04-20T23:00:00+03:00,4814.43,4821.98,4812.3,4820.115,,,,
2026-04-21T01:00:00+03:00,4825.135,4833.405,4823.365,4827.82,4833.405,,,
2026-04-21T02:00:00+03:00,4827.79,4831.935,4819.855,4822.03,,,,
2026-04-21T03:00:00+03:00,4822.07,4830.895,4817,4823.895,,,,
2026-04-21T04:00:00+03:00,4823.9,4824.54,4805.795,4810.27,,,,
2026-04-21T05:00:00+03:00,4810.295,4810.555,4802.695,4806.95,,,,
2026-04-21T06:00:00+03:00,4807.055,4807.86,4792.77,4797.45,,,,
2026-04-21T07:00:00+03:00,4797.48,4797.815,4788.87,4789.49,,,,
2026-04-21T08:00:00+03:00,4789.415,4797.145,4783.28,4784.18,,,,
2026-04-21T09:00:00+03:00,4784.15,4790.86,4774.8,4778.42,,,,
2026-04-21T10:00:00+03:00,4778.4,4792.83,4772.885,4786.255,,,,
2026-04-21T11:00:00+03:00,4786.23,4793.22,4774.685,4786.09,,,,
2026-04-21T12:00:00+03:00,4786.11,4789.79,4781.29,4783.87,,,,
2026-04-21T13:00:00+03:00,4783.885,4790.67,4780.965,4789.945,,,,
2026-04-21T14:00:00+03:00,4789.95,4798.03,4775.49,4794.62,,4798.03,,
2026-04-21T15:00:00+03:00,4794.615,4796.995,4766.545,4778.98,,,,
2026-04-21T16:00:00+03:00,4778.97,4794.52,4760.35,4779.47,,,,
2026-04-21T17:00:00+03:00,4779.35,4782.74,4723.77,4739.02,,,,
2026-04-21T18:00:00+03:00,4739.04,4757.83,4727.845,4741.78,,,,
2026-04-21T19:00:00+03:00,4741.79,4747.06,4708.375,4711.27,,,,
2026-04-21T20:00:00+03:00,4711.29,4722.28,4697.16,4711.28,,,,
2026-04-21T21:00:00+03:00,4711.185,4714.97,4692.46,4709.555,,,,
2026-04-21T22:00:00+03:00,4709.59,4715.06,4668.62,4679.48,,,,4668.62
2026-04-21T23:00:00+03:00,4679.47,4721.25,4669.175,4720.685,,,,
2026-04-22T01:00:00+03:00,4726.085,4726.52,4715.78,4719.63,,,,
2026-04-22T02:00:00+03:00,4719.565,4740.66,4718.145,4738.14,,,,
2026-04-22T03:00:00+03:00,4738.375,4747.455,4738.375,4740.02,,,,
2026-04-22T04:00:00+03:00,4739.96,4754.745,4735.875,4752.27,,,,
2026-04-22T05:00:00+03:00,4752.36,4759.025,4750.155,4755.845,,,,
2026-04-22T06:00:00+03:00,4755.84,4765.035,4753.17,4758.26,,,,
2026-04-22T07:00:00+03:00,4758.275,4759.76,4752.325,4754.665,,,,
2026-04-22T08:00:00+03:00,4754.715,4772,4752.32,4767.83,,,,
2026-04-22T09:00:00+03:00,4767.74,4768.015,4758.775,4767.905,,,,
2026-04-22T10:00:00+03:00,4767.9,4772.385,4759.69,4760.68,,4772.385,,
2026-04-22T11:00:00+03:00,4760.705,4762.455,4751.98,4757.19,,,,
2026-04-22T12:00:00+03:00,4757.085,4762.595,4752.57,4755.335,,,,
2026-04-22T13:00:00+03:00,4755.41,4760.415,4745.89,4759.435,,,,
2026-04-22T14:00:00+03:00,4759.465,4760.985,4747.88,4750.515,,,,
2026-04-22T15:00:00+03:00,4750.52,4760.305,4742.98,4744.54,,,,
2026-04-22T16:00:00+03:00,4744.555,4760.99,4736.595,4752.99,,,,
2026-04-22T17:00:00+03:00,4752.88,4757.53,4729.99,4736.11,,,,
2026-04-22T18:00:00+03:00,4736.14,4740.395,4725.02,4727.68,,,,
2026-04-22T19:00:00+03:00,4727.81,4735.045,4723.995,4728.62,,,4723.995,
2026-04-22T20:00:00+03:00,4728.615,4739.64,4728.56,4737.36,,,,
2026-04-22T21:00:00+03:00,4737.31,4750.2,4729.985,4741.81,,,,
2026-04-22T22:00:00+03:00,4741.8,4745.595,4737.075,4740.39,,,,
2026-04-22T23:00:00+03:00,4740.375,4740.965,4734.59,4740.455,,,,
2026-04-23T01:00:00+03:00,4741.96,4742.305,4725.82,4726.07,,,,
2026-04-23T02:00:00+03:00,4726.12,4730.005,4723.645,4727.88,,,,
2026-04-23T03:00:00+03:00,4727.89,4754.2,4694.135,4747.765,,4754.2,,
2026-04-23T04:00:00+03:00,4747.755,4750.06,4722.35,4723.555,,,,
2026-04-23T05:00:00+03:00,4723.54,4724.81,4698.405,4699.095,,,,
2026-04-23T06:00:00+03:00,4699.025,4708.74,4698.26,4704.1,,,,
2026-04-23T07:00:00+03:00,4704.03,4707.255,4698.935,4704.49,,,,
2026-04-23T08:00:00+03:00,4704.55,4715.36,4692.485,4713.625,,,,
2026-04-23T09:00:00+03:00,4713.655,4721.57,4708.6,4713.115,,,,
2026-04-23T10:00:00+03:00,4713.095,4720.59,4703.2,4719.275,,,,
2026-04-23T11:00:00+03:00,4719.28,4725.115,4701.78,4703.45,,,,
2026-04-23T12:00:00+03:00,4703.385,4703.79,4694.765,4697.825,,,,
2026-04-23T13:00:00+03:00,4697.83,4701.805,4684.265,4696.82,,,,4684.265
2026-04-23T14:00:00+03:00,4696.84,4721.065,4695.575,4720.925,,,,
2026-04-23T15:00:00+03:00,4720.935,4743.2,4719.905,4740.125,,4743.2,,
2026-04-23T16:00:00+03:00,4740.115,4741.23,4723.95,4724.435,,,,
2026-04-23T17:00:00+03:00,4724.44,4736.69,4717.185,4733.705,,,,
2026-04-23T18:00:00+03:00,4733.755,4741.205,4716.545,4720.65,,,,
2026-04-23T19:00:00+03:00,4720.685,4737.275,4715.76,4733.055,,,,
2026-04-23T20:00:00+03:00,4733.095,4734.61,4664.38,4709.665,,,,4664.38
2026-04-23T21:00:00+03:00,4709.69,4722.24,4699.43,4701.045,,,,
2026-04-23T22:00:00+03:00,4701.06,4704.66,4689.56,4696.08,,,,
2026-04-23T23:00:00+03:00,4696.125,4698.365,4686.715,4694.09,,,,
2026-04-24T01:00:00+03:00,4695.935,4699.445,4690.21,4693.5,,,,
2026-04-24T02:00:00+03:00,4693.495,4700.84,4686.65,4695.445,,,,
2026-04-24T03:00:00+03:00,4695.485,4708.175,4690.965,4704.69,,,,
2026-04-24T04:00:00+03:00,4704.68,4711.23,4690.29,4699.4,,4711.23,,
2026-04-24T05:00:00+03:00,4699.415,4700.57,4673.05,4676.955,,,,
2026-04-24T06:00:00+03:00,4676.96,4678.435,4668.68,4672.38,,,,
2026-04-24T07:00:00+03:00,4672.37,4676.98,4658.03,4674.485,,,,4658.03
2026-04-24T08:00:00+03:00,4674.55,4687.245,4669.755,4686.555,,,,
2026-04-24T09:00:00+03:00,4686.56,4688.255,4667.055,4671.975,,,,
2026-04-24T10:00:00+03:00,4671.895,4695.45,4671.085,4694.49,,,,
2026-04-24T11:00:00+03:00,4694.51,4697.55,4685.25,4690.915,,,,
2026-04-24T12:00:00+03:00,4690.925,4696.76,4679.35,4682.33,,,,
2026-04-24T13:00:00+03:00,4682.28,4686.33,4674.88,4677.935,,,,
2026-04-24T14:00:00+03:00,4677.93,4717.44,4677.88,4706.87,,,,
2026-04-24T15:00:00+03:00,4706.855,4712.025,4690.36,4700.64,,,,
2026-04-24T16:00:00+03:00,4700.71,4717.485,4689.665,4711.835,,,,
2026-04-24T17:00:00+03:00,4711.585,4740.57,4706.92,4726.435,4740.57,,,
2026-04-24T18:00:00+03:00,4726.485,4733.425,4715.125,4727.12,,,,
2026-04-24T19:00:00+03:00,4727.04,4729.76,4719.255,4726.98,,,,
2026-04-24T20:00:00+03:00,4726.99,4730.16,4719.17,4723.35,,,,
2026-04-24T21:00:00+03:00,4723.375,4724.975,4717.015,4722.91,,,,
2026-04-24T22:00:00+03:00,4722.94,4726.17,4713.785,4716.395,,,,
2026-04-24T23:00:00+03:00,4716.405,4717.595,4705.465,4709.75,,,,
2026-04-27T01:00:00+03:00,4696.875,4697.365,4680.28,4684.6,,,,
2026-04-27T02:00:00+03:00,4684.54,4685.02,4675.21,4680.235,,,,
2026-04-27T03:00:00+03:00,4680.22,4698.535,4672.405,4697.94,,,4672.405,
2026-04-27T04:00:00+03:00,4697.9,4710.08,4691.07,4702.77,,,,
2026-04-27T05:00:00+03:00,4702.815,4723.54,4696.38,4718.29,,,,
2026-04-27T06:00:00+03:00,4718.26,4729.63,4714.535,4724.23,,,,
2026-04-27T07:00:00+03:00,4724.17,4729.965,4722.615,4725,,4729.965,,
2026-04-27T08:00:00+03:00,4725.01,4725.59,4708.985,4710.325,,,,
2026-04-27T09:00:00+03:00,4710.315,4715.895,4709.44,4712.78,,,,
2026-04-27T10:00:00+03:00,4712.785,4718.46,4710.16,4713.5,,,,
2026-04-27T11:00:00+03:00,4713.42,4714.94,4705.595,4706.795,,,,
2026-04-27T12:00:00+03:00,4706.79,4708.365,4699.3,4703.77,,,,
2026-04-27T13:00:00+03:00,4703.78,4711.075,4699.675,4708.76,,,,
2026-04-27T14:00:00+03:00,4708.795,4709.145,4700.345,4705.12,,,,
2026-04-27T15:00:00+03:00,4705.135,4712.655,4697.12,4699.43,,,,
2026-04-27T16:00:00+03:00,4699.405,4703.68,4689.125,4696.225,,,,
2026-04-27T17:00:00+03:00,4696.24,4696.84,4676.715,4678.24,,,,
2026-04-27T18:00:00+03:00,4678.255,4682.755,4667.335,4670.235,,,,4667.335
2026-04-27T19:00:00+03:00,4670.24,4679.715,4667.425,4676.895,,,,
2026-04-27T20:00:00+03:00,4676.915,4686.305,4668.44,4682.24,,,,
2026-04-27T21:00:00+03:00,4682.245,4685.585,4679.06,4680.735,,,,
2026-04-27T22:00:00+03:00,4680.715,4682.765,4676.74,4680.915,,,,
2026-04-27T23:00:00+03:00,4680.91,4681.955,4677.55,4681.955,,,,
2026-04-28T01:00:00+03:00,4682.585,4691.32,4682.385,4687.87,,,,
2026-04-28T02:00:00+03:00,4687.835,4694.945,4687.195,4692.06,,,,
2026-04-28T03:00:00+03:00,4692.195,4701.64,4690.64,4690.835,,4701.64,,
2026-04-28T04:00:00+03:00,4690.82,4691.75,4669.475,4670.76,,,,
2026-04-28T05:00:00+03:00,4670.85,4680.015,4666.6,4669.17,,,,
2026-04-28T06:00:00+03:00,4669.265,4676.255,4668.59,4671.155,,,,
2026-04-28T07:00:00+03:00,4671.07,4671.41,4666.755,4667.73,,,,
2026-04-28T08:00:00+03:00,4667.84,4668.08,4624.08,4632.39,,,,
2026-04-28T09:00:00+03:00,4632.34,4643.13,4623.545,4629.06,,,,
2026-04-28T10:00:00+03:00,4629.035,4639.5,4620.655,4633.015,,,,
2026-04-28T11:00:00+03:00,4633.025,4635.585,4614.75,4629.77,,,,
2026-04-28T12:00:00+03:00,4629.73,4630.12,4604.675,4604.755,,,,
2026-04-28T13:00:00+03:00,4604.68,4616.78,4603.365,4603.41,,,,
2026-04-28T14:00:00+03:00,4603.405,4608.95,4555.635,4562.795,,,,
2026-04-28T15:00:00+03:00,4562.895,4600.3,4555.135,4593.935,,,,4555.135
2026-04-28T16:00:00+03:00,4593.905,4594.85,4570.86,4580.71,,,,
2026-04-28T17:00:00+03:00,4580.645,4580.88,4557.36,4574.645,,,,
2026-04-28T18:00:00+03:00,4574.655,4586.73,4566.995,4586.625,,,,
2026-04-28T19:00:00+03:00,4586.63,4594.93,4577.915,4592.24,,,,
2026-04-28T20:00:00+03:00,4592.255,4601.51,4587.28,4594.945,,4601.51,,
2026-04-28T21:00:00+03:00,4594.965,4600.655,4592.225,4594.415,,,,
2026-04-28T22:00:00+03:00,4594.43,4600.18,4593.415,4595.695,,,,
2026-04-28T23:00:00+03:00,4595.565,4598.65,4591.275,4596.8,,,,
2026-04-29T01:00:00+03:00,4598.745,4598.745,4592.38,4594.17,,,,
2026-04-29T02:00:00+03:00,4594.175,4596.27,4588.095,4595.75,,,,
2026-04-29T03:00:00+03:00,4595.755,4610.535,4594.995,4600.52,4610.535,,,
2026-04-29T04:00:00+03:00,4600.53,4600.765,4575.72,4585.015,,,4575.72,
2026-04-29T05:00:00+03:00,4585.04,4604.32,4585.02,4593.71,,,,
2026-04-29T06:00:00+03:00,4593.715,4603.415,4592.395,4595.71,,,,
2026-04-29T07:00:00+03:00,4595.725,4605.835,4595.48,4604.825,,,,
2026-04-29T08:00:00+03:00,4604.81,4607.725,4590.775,4591.15,,,,
2026-04-29T09:00:00+03:00,4591.105,4598.87,4580.925,4584.665,,,,
2026-04-29T10:00:00+03:00,4584.69,4589.005,4567.37,4567.93,,,,
2026-04-29T11:00:00+03:00,4567.96,4576.995,4557.385,4573.43,,,,
2026-04-29T12:00:00+03:00,4573.415,4580.75,4551.675,4555.78,,,,
2026-04-29T13:00:00+03:00,4555.775,4576.535,4555.06,4569.95,,,,
2026-04-29T14:00:00+03:00,4569.945,4572.2,4559.25,4561.695,,,,
2026-04-29T15:00:00+03:00,4561.675,4569.155,4541.705,4544.945,,,,
2026-04-29T16:00:00+03:00,4544.91,4553.65,4510.095,4521.73,,,,4510.095
2026-04-29T17:00:00+03:00,4521.665,4542.815,4517.945,4539.455,,,,
2026-04-29T18:00:00+03:00,4539.385,4558.995,4536.3,4547.77,,,,
2026-04-29T19:00:00+03:00,4547.765,4564.985,4543.32,4545.565,,,,
2026-04-29T20:00:00+03:00,4545.6,4554.625,4541.79,4547.83,,,,
2026-04-29T21:00:00+03:00,4547.84,4553.05,4518.335,4538.24,,,,
2026-04-29T22:00:00+03:00,4538.255,4550.855,4533.34,4546.93,,,,
2026-04-29T23:00:00+03:00,4546.94,4553.855,4541.55,4543.715,,,,
2026-04-30T01:00:00+03:00,4540.13,4552.805,4539.685,4552.2,,,,
2026-04-30T02:00:00+03:00,4552.185,4561.945,4549.525,4561.685,,,,
2026-04-30T03:00:00+03:00,4561.725,4574.245,4556.485,4569.99,,,,
2026-04-30T04:00:00+03:00,4569.92,4582.585,4564.76,4579.085,,,,
2026-04-30T05:00:00+03:00,4579.08,4582.035,4559.94,4565.085,,,,
2026-04-30T06:00:00+03:00,4564.8,4569.24,4555.79,4556.07,,,,
2026-04-30T07:00:00+03:00,4556.08,4557.09,4540.925,4542.05,,,4540.925,
2026-04-30T08:00:00+03:00,4542.06,4569.87,4541.965,4562.69,,,,
2026-04-30T09:00:00+03:00,4562.74,4591.59,4560.1,4589.66,,,,
2026-04-30T10:00:00+03:00,4589.7,4605.645,4584.885,4598.44,,,,
2026-04-30T11:00:00+03:00,4598.48,4629.76,4597.46,4616.36,,,,
2026-04-30T12:00:00+03:00,4616.35,4631.93,4614.29,4625.23,,,,
2026-04-30T13:00:00+03:00,4625.195,4647.045,4623.705,4639.755,4647.045,,,
2026-04-30T14:00:00+03:00,4639.78,4645.96,4627.08,4630.26,,,,
2026-04-30T15:00:00+03:00,4630.345,4640.14,4624.75,4639.61,,,,
2026-04-30T16:00:00+03:00,4639.66,4645.905,4610.82,4611.185,,,,
2026-04-30T17:00:00+03:00,4611.24,4625.985,4609.5,4619.62,,,,
2026-04-30T18:00:00+03:00,4619.615,4625.57,4611.33,4615.3,,,,
2026-04-30T19:00:00+03:00,4615.295,4617.885,4605.48,4607.745,,,4605.48,
2026-04-30T20:00:00+03:00,4607.71,4621.765,4607.7,4616.895,,,,
2026-04-30T21:00:00+03:00,4616.91,4625.36,4616.73,4622.635,,,,
2026-04-30T22:00:00+03:00,4622.645,4627.415,4614.655,4617.17,,,,
2026-04-30T23:00:00+03:00,4617.18,4622.07,4615.435,4622.065,,,,
2026-05-01T01:00:00+03:00,4629.515,4632.99,4626.555,4630.265,,,,
2026-05-01T02:00:00+03:00,4630.26,4634.145,4626.585,4626.685,,,,
2026-05-01T03:00:00+03:00,4626.655,4631.365,4618.635,4619.93,,,,
2026-05-01T04:00:00+03:00,4619.915,4622.435,4614.15,4621.02,,,,
2026-05-01T05:00:00+03:00,4620.905,4635.94,4616.655,4619.215,,4635.94,,
2026-05-01T06:00:00+03:00,4619.155,4632.11,4617.875,4626.735,,,,
2026-05-01T07:00:00+03:00,4626.74,4628.865,4609.2,4609.265,,,,
2026-05-01T08:00:00+03:00,4609.255,4616.2,4602.985,4605.18,,,,
2026-05-01T09:00:00+03:00,4605.235,4608.095,4590.86,4594.925,,,,
2026-05-01T10:00:00+03:00,4594.885,4598.165,4575.875,4578.25,,,,
2026-05-01T11:00:00+03:00,4578.245,4582.52,4565.16,4569.225,,,,
2026-05-01T12:00:00+03:00,4569.2,4573.13,4560.32,4563.035,,,,4560.32
2026-05-01T13:00:00+03:00,4563.04,4576.105,4561.595,4567.055,,,,
2026-05-01T14:00:00+03:00,4567.01,4579.665,4562.515,4578.865,,,,
2026-05-01T15:00:00+03:00,4578.81,4607.875,4575.11,4591.435,,,,
2026-05-01T16:00:00+03:00,4591.43,4628.905,4586.695,4625.77,,,,
2026-05-01T17:00:00+03:00,4625.67,4660.585,4625.16,4632.31,4660.585,,,
2026-05-01T18:00:00+03:00,4632.325,4648.195,4619.1,4643.25,,,,
2026-05-01T19:00:00+03:00,4643.2,4650.035,4633.99,4638.81,,,,
2026-05-01T20:00:00+03:00,4638.815,4642.785,4626.785,4629.49,,,,
2026-05-01T21:00:00+03:00,4629.495,4630.725,4613.855,4624.385,,,,
2026-05-01T22:00:00+03:00,4624.46,4627.69,4609.015,4610.92,,,,
2026-05-01T23:00:00+03:00,4610.905,4617.805,4607.22,4613.835,,,,
2026-05-04T01:00:00+03:00,4625.35,4629.465,4612.66,4619,,,,
2026-05-04T02:00:00+03:00,4618.985,4621,4611.405,4613.965,,,,
2026-05-04T03:00:00+03:00,4613.96,4616.685,4601.825,4613.17,,,,
2026-05-04T04:00:00+03:00,4613.125,4614.165,4592.965,4613.255,,,,
2026-05-04T05:00:00+03:00,4613.26,4618.825,4591.11,4606.065,,,,
2026-05-04T06:00:00+03:00,4606.04,4617.34,4598.63,4615.315,,,,
2026-05-04T07:00:00+03:00,4615.28,4615.7,4605.36,4606.205,,,,
2026-05-04T08:00:00+03:00,4606.19,4613.16,4592.365,4598.92,,,,
2026-05-04T09:00:00+03:00,4598.915,4600.76,4583.95,4588.97,,,,
2026-05-04T10:00:00+03:00,4588.95,4593.565,4578.215,4579.255,,,,
2026-05-04T11:00:00+03:00,4579.245,4581.625,4573.85,4577.27,,,,
2026-05-04T12:00:00+03:00,4577.245,4584.825,4572.095,4575.64,,,,
2026-05-04T13:00:00+03:00,4575.645,4576.03,4526.09,4562.575,,,,
2026-05-04T14:00:00+03:00,4562.545,4570.91,4551.515,4560.515,,,,
2026-05-04T15:00:00+03:00,4560.395,4579.44,4559.295,4568.49,,,,
2026-05-04T16:00:00+03:00,4568.525,4575.945,4555.205,4564.14,,,,
2026-05-04T17:00:00+03:00,4564.16,4583.38,4553.44,4561.625,,,,
2026-05-04T18:00:00+03:00,4561.74,4566.2,4513.635,4521.83,,,,
2026-05-04T19:00:00+03:00,4521.775,4527.045,4501.035,4510.695,,,,4501.035
2026-05-04T20:00:00+03:00,4510.74,4531.715,4510.74,4522.48,,,,
2026-05-04T21:00:00+03:00,4522.525,4525.4,4509.96,4516.4,,,,
2026-05-04T22:00:00+03:00,4516.345,4527.265,4511.425,4517.89,,,,
2026-05-04T23:00:00+03:00,4517.84,4524.175,4512.005,4524.115,,,,
2026-05-05T01:00:00+03:00,4520.775,4522.92,4515.59,4517.395,,,,
2026-05-05T02:00:00+03:00,4517.39,4521.59,4516.125,4519.155,,,,
2026-05-05T03:00:00+03:00,4519.2,4530.475,4513.655,4529.755,,,,
2026-05-05T04:00:00+03:00,4529.63,4542.13,4525.47,4541.04,,,,
2026-05-05T05:00:00+03:00,4541.145,4546.94,4534.775,4538.955,,,,
2026-05-05T06:00:00+03:00,4538.875,4542.82,4532.465,4534.64,,,,
2026-05-05T07:00:00+03:00,4534.635,4536.71,4528.03,4533.67,,,,
2026-05-05T08:00:00+03:00,4533.625,4552,4531.47,4545.945,,,,
2026-05-05T09:00:00+03:00,4545.95,4552.02,4533.9,4548.34,,,,
2026-05-05T10:00:00+03:00,4548.365,4558.465,4543.42,4545.825,,,,
2026-05-05T11:00:00+03:00,4545.815,4559.57,4545.69,4558.375,,,,
2026-05-05T12:00:00+03:00,4558.36,4560.445,4550.985,4556.515,,,,
2026-05-05T13:00:00+03:00,4556.53,4557.155,4540.13,4543.77,,,,
2026-05-05T14:00:00+03:00,4543.755,4564.87,4539.96,4562.99,,,,
2026-05-05T15:00:00+03:00,4562.985,4574.595,4554.195,4564.41,,,,
2026-05-05T16:00:00+03:00,4564.42,4585.205,4564.42,4579.47,,,,
2026-05-05T17:00:00+03:00,4579.57,4586.605,4565.985,4582.39,,4586.605,,
2026-05-05T18:00:00+03:00,4582.44,4583.85,4568.43,4568.685,,,,
2026-05-05T19:00:00+03:00,4568.655,4569.125,4553.77,4561.295,,,,
2026-05-05T20:00:00+03:00,4561.28,4562.79,4553.355,4559.94,,,,
2026-05-05T21:00:00+03:00,4559.975,4565.83,4557.55,4560.965,,,,
2026-05-05T22:00:00+03:00,4561.095,4561.47,4551.625,4555.26,,,,
2026-05-05T23:00:00+03:00,4555.14,4560.18,4554.23,4557.535,,,,
2026-05-06T01:00:00+03:00,4552.07,4577.46,4546.36,4573.51,,,4546.36,
2026-05-06T02:00:00+03:00,4573.42,4596,4569.565,4593.87,,,,
2026-05-06T03:00:00+03:00,4593.735,4619.97,4588.33,4618.8,,,,
2026-05-06T04:00:00+03:00,4618.645,4628.915,4609.63,4626.225,,,,
2026-05-06T05:00:00+03:00,4626.2,4642.195,4625.555,4640.95,,,,
2026-05-06T06:00:00+03:00,4640.925,4652.13,4638.67,4643.65,,,,
2026-05-06T07:00:00+03:00,4643.645,4653.585,4643.455,4648.815,,,,
2026-05-06T08:00:00+03:00,4648.82,4663.95,4644.765,4663.22,,,,
2026-05-06T09:00:00+03:00,4663.21,4669.97,4657.07,4669.455,,,,
2026-05-06T10:00:00+03:00,4669.46,4681.905,4657.47,4681.36,,,,
2026-05-06T11:00:00+03:00,4681.325,4702.965,4671.655,4700.58,,,,
2026-05-06T12:00:00+03:00,4700.63,4708.7,4689.08,4701.725,,,,
2026-05-06T13:00:00+03:00,4701.73,4723.14,4695.705,4718.005,4723.14,,,
2026-05-06T14:00:00+03:00,4717.98,4721.32,4690.98,4691.99,,,,
2026-05-06T15:00:00+03:00,4691.995,4693.1,4660.435,4683.29,,,,
2026-05-06T16:00:00+03:00,4683.325,4707.82,4669.02,4702.13,,,,
2026-05-06T17:00:00+03:00,4702.13,4717.625,4697.71,4703.205,,,,
2026-05-06T18:00:00+03:00,4703.17,4705.915,4687.79,4687.79,,,,
2026-05-06T19:00:00+03:00,4687.75,4692.19,4679.705,4683.21,,,,
2026-05-06T20:00:00+03:00,4683.205,4688.14,4679.145,4684.27,,,,
2026-05-06T21:00:00+03:00,4684.275,4690.62,4682.125,4686.13,,,,
2026-05-06T22:00:00+03:00,4686.14,4700.235,4686.14,4692.48,,,,
2026-05-06T23:00:00+03:00,4692.455,4699.63,4685.26,4690.91,,,,
2026-05-07T01:00:00+03:00,4690.165,4699.935,4690.165,4695.05,,,,
2026-05-07T02:00:00+03:00,4694.99,4699.59,4690.355,4699.055,,,,
2026-05-07T03:00:00+03:00,4698.995,4701.545,4685.655,4688.855,,,,
2026-05-07T04:00:00+03:00,4688.86,4721.53,4685.275,4714.925,,,,
2026-05-07T05:00:00+03:00,4714.93,4718.745,4700.165,4707.385,,,,
2026-05-07T06:00:00+03:00,4707.295,4709.845,4699.12,4699.38,,,,
2026-05-07T07:00:00+03:00,4699.425,4701.11,4692.505,4696.48,,,,
2026-05-07T08:00:00+03:00,4696.43,4706.81,4694.91,4701.315,,,,
2026-05-07T09:00:00+03:00,4701.32,4750.01,4701.29,4739.355,,,,
2026-05-07T10:00:00+03:00,4739.37,4750.66,4731.53,4743.28,,,,
2026-05-07T11:00:00+03:00,4743.265,4753.435,4730.875,4731.08,,,,
2026-05-07T12:00:00+03:00,4731.11,4739.515,4721.84,4729.255,,,,
2026-05-07T13:00:00+03:00,4729.255,4739.84,4726.77,4735.795,,,,
2026-05-07T14:00:00+03:00,4735.93,4743.805,4727.305,4742.845,,,,
2026-05-07T15:00:00+03:00,4742.965,4752.69,4733.185,4750.195,,,,
2026-05-07T16:00:00+03:00,4750.235,4758.165,4731.38,4746.495,,,,
2026-05-07T17:00:00+03:00,4746.245,4763.58,4741.28,4762.885,,,,
2026-05-07T18:00:00+03:00,4762.895,4764.905,4726.43,4729.305,4764.905,,,
2026-05-07T19:00:00+03:00,4729.31,4729.87,4704.575,4715.24,,,,
2026-05-07T20:00:00+03:00,4715.235,4719.685,4687.92,4711.44,,,,
2026-05-07T21:00:00+03:00,4711.445,4716.09,4695.535,4709.64,,,,
2026-05-07T22:00:00+03:00,4709.62,4712.93,4697.98,4703.045,,,,
2026-05-07T23:00:00+03:00,4703.055,4719.195,4686.28,4687.18,,,,
2026-05-08T01:00:00+03:00,4694.565,4699.605,4682.045,4686.095,,,4682.045,
2026-05-08T02:00:00+03:00,4686.115,4705.74,4684.845,4704.405,,,,
2026-05-08T03:00:00+03:00,4704.385,4709.615,4694.125,4701.38,,,,
2026-05-08T04:00:00+03:00,4701.3,4725.71,4700.45,4722.97,,,,
2026-05-08T05:00:00+03:00,4723.145,4732.885,4706.995,4713.57,,,,
2026-05-08T06:00:00+03:00,4713.565,4731.185,4711.405,4719.735,,,,
2026-05-08T07:00:00+03:00,4719.72,4723.315,4709.31,4711.13,,,,
2026-05-08T08:00:00+03:00,4711.22,4731.39,4709.675,4727.62,,,,
2026-05-08T09:00:00+03:00,4727.605,4734.895,4712.665,4725.94,,4734.895,,
2026-05-08T10:00:00+03:00,4725.855,4726.725,4697.045,4707.925,,,4697.045,
2026-05-08T11:00:00+03:00,4707.965,4723.84,4706.72,4715.76,,,,
2026-05-08T12:00:00+03:00,4715.755,4723.13,4707.605,4712.015,,,,
2026-05-08T13:00:00+03:00,4711.915,4727.85,4711.24,4719.82,,,,
2026-05-08T14:00:00+03:00,4719.8,4727.495,4713.91,4717.9,,,,
2026-05-08T15:00:00+03:00,4717.87,4732.125,4702.88,4724.485,,,,
2026-05-08T16:00:00+03:00,4724.395,4748.015,4716.51,4747.85,,,,
2026-05-08T17:00:00+03:00,4747.84,4749.58,4713.495,4716.01,4749.58,,,
2026-05-08T18:00:00+03:00,4716.02,4721.065,4702.055,4707.22,,,4702.055,
2026-05-08T19:00:00+03:00,4707.23,4720.28,4705.55,4712.525,,,,
2026-05-08T20:00:00+03:00,4712.505,4722.765,4712.225,4720.96,,,,
2026-05-08T21:00:00+03:00,4721.025,4729.025,4720.01,4722,,,,
2026-05-08T22:00:00+03:00,4721.995,4726.915,4721.06,4724.09,,,,
2026-05-08T23:00:00+03:00,4724.19,4724.43,4714.745,4715.715,,,,
2026-05-11T01:00:00+03:00,4687.43,4696.435,4680.075,4691.76,,,,
2026-05-11T02:00:00+03:00,4691.75,4698.65,4688.805,4691.89,,,,
2026-05-11T03:00:00+03:00,4691.84,4693.375,4670.505,4683.44,,,,
2026-05-11T04:00:00+03:00,4683.415,4705.56,4674.635,4685.97,,,,
2026-05-11T05:00:00+03:00,4685.975,4700.425,4676.905,4681.985,,,,
2026-05-11T06:00:00+03:00,4681.96,4690.715,4675.45,4678.75,,,,
2026-05-11T07:00:00+03:00,4678.775,4680.11,4668.55,4672.16,,,,
2026-05-11T08:00:00+03:00,4672.1,4680.97,4648.09,4652.53,,,,4648.09
2026-05-11T09:00:00+03:00,4652.62,4680.645,4649.505,4678.565,,,,
2026-05-11T10:00:00+03:00,4678.555,4680.385,4664.33,4667.86,,,,
2026-05-11T11:00:00+03:00,4667.79,4678.995,4664.46,4667.895,,,,
2026-05-11T12:00:00+03:00,4667.84,4670.275,4650.795,4656.895,,,,
2026-05-11T13:00:00+03:00,4656.9,4667.69,4656.49,4664.14,,,,
2026-05-11T14:00:00+03:00,4664.15,4677.425,4664.15,4674.625,,,,
2026-05-11T15:00:00+03:00,4674.56,4701.245,4667.535,4700.035,,,,
2026-05-11T16:00:00+03:00,4700.055,4748.95,4698.82,4736.135,,4748.95,,
2026-05-11T17:00:00+03:00,4736.125,4738.465,4715.205,4725.625,,,,
2026-05-11T18:00:00+03:00,4725.61,4738.195,4722.9,4732.36,,,,
2026-05-11T19:00:00+03:00,4732.375,4733.735,4708.005,4716.485,,,,
2026-05-11T20:00:00+03:00,4716.415,4724.835,4715.92,4723.895,,,,
2026-05-11T21:00:00+03:00,4724.035,4729.47,4721.11,4725.085,,,,
2026-05-11T22:00:00+03:00,4725.13,4736.21,4722.495,4733.655,,,,
2026-05-11T23:00:00+03:00,4733.755,4738.59,4729.985,4735.455,,,,
2026-05-12T01:00:00+03:00,4740.565,4755.745,4737.79,4751.09,,,,
2026-05-12T02:00:00+03:00,4751.48,4769.795,4746.35,4767.67,,,,
2026-05-12T03:00:00+03:00,4767.675,4773.575,4748.89,4749.56,4773.575,,,
2026-05-12T04:00:00+03:00,4749.51,4755.805,4720.53,4727.4,,,,
2026-05-12T05:00:00+03:00,4727.325,4734.105,4722.425,4730.02,,,,
2026-05-12T06:00:00+03:00,4730.05,4733.41,4718.25,4720.33,,,,
2026-05-12T07:00:00+03:00,4720.28,4730.48,4710.975,4714.255,,,,
2026-05-12T08:00:00+03:00,4714.215,4722.32,4709,4714.595,,,,
2026-05-12T09:00:00+03:00,4714.53,4714.735,4694.51,4697.09,,,,
2026-05-12T10:00:00+03:00,4697.1,4703.97,4686.395,4699.985,,,,
2026-05-12T11:00:00+03:00,4699.995,4706.99,4697.195,4703.415,,,,
2026-05-12T12:00:00+03:00,4703.36,4705.155,4694.325,4699.455,,,,
2026-05-12T13:00:00+03:00,4699.475,4708.715,4685.28,4694.47,,,,
2026-05-12T14:00:00+03:00,4694.615,4709.475,4687.26,4706.49,,,,
2026-05-12T15:00:00+03:00,4706.58,4711.68,4689.84,4705.74,,4711.68,,
2026-05-12T16:00:00+03:00,4705.73,4709.025,4676.88,4679.225,,,,
2026-05-12T17:00:00+03:00,4679.365,4695.235,4669.555,4673,,,,
2026-05-12T18:00:00+03:00,4672.99,4676.235,4638.365,4666.285,,,,4638.365
2026-05-12T19:00:00+03:00,4666.29,4675.19,4664.265,4671.375,,,,
2026-05-12T20:00:00+03:00,4671.38,4682.42,4671.38,4678.84,,,,
2026-05-12T21:00:00+03:00,4678.825,4698.14,4676.235,4695.94,,,,
2026-05-12T22:00:00+03:00,4695.96,4715.705,4695.96,4715.595,,,,
2026-05-12T23:00:00+03:00,4715.545,4719.365,4712.155,4715.495,,,,
2026-05-13T01:00:00+03:00,4719.905,4722.445,4711.74,4716.965,,,,
2026-05-13T02:00:00+03:00,4716.955,4723.915,4715.24,4717.175,,,,
2026-05-13T03:00:00+03:00,4717.28,4727.03,4713.925,4714.955,4727.03,,,
2026-05-13T04:00:00+03:00,4715.015,4717.405,4701.205,4702.615,,,,
2026-05-13T05:00:00+03:00,4702.575,4707.73,4687.705,4692.01,,,4687.705,
2026-05-13T06:00:00+03:00,4692,4705.795,4689.025,4696.1,,,,
2026-05-13T07:00:00+03:00,4696.165,4703.45,4695.48,4699.57,,,,
2026-05-13T08:00:00+03:00,4699.52,4707.385,4693.73,4704.32,,,,
2026-05-13T09:00:00+03:00,4704.32,4715.385,4698.955,4701.735,,,,
2026-05-13T10:00:00+03:00,4701.755,4708.755,4696.8,4702.78,,,,
2026-05-13T11:00:00+03:00,4702.785,4704.34,4694.665,4700.605,,,,
2026-05-13T12:00:00+03:00,4700.615,4702.09,4685.905,4700.85,,,,
2026-05-13T13:00:00+03:00,4700.87,4710.585,4693.77,4694.19,,,,
2026-05-13T14:00:00+03:00,4694.215,4705.7,4691.775,4697.485,,,,
2026-05-13T15:00:00+03:00,4697.43,4701.62,4676.135,4683.84,,,,
2026-05-13T16:00:00+03:00,4683.715,4694.825,4669.525,4679.415,,,,4669.525
2026-05-13T17:00:00+03:00,4679.405,4691.12,4672.885,4679.75,,,,
2026-05-13T18:00:00+03:00,4679.825,4700.025,4678.92,4695.715,,,,
2026-05-13T19:00:00+03:00,4695.65,4709.9,4695.13,4695.865,,4709.9,,
2026-05-13T20:00:00+03:00,4695.885,4701.28,4684.555,4685.6,,,,
2026-05-13T21:00:00+03:00,4685.635,4694.175,4677.63,4685.11,,,,
2026-05-13T22:00:00+03:00,4685.14,4690.705,4683.525,4688.38,,,,
2026-05-13T23:00:00+03:00,4688.465,4693.475,4686.075,4689.14,,,,
2026-05-14T01:00:00+03:00,4693.605,4700.57,4689.06,4700.035,,,,
2026-05-14T02:00:00+03:00,4699.98,4702.125,4693.38,4696.62,,,,
2026-05-14T03:00:00+03:00,4696.5,4706.795,4689.78,4705.065,,,,
2026-05-14T04:00:00+03:00,4705.015,4707.15,4683.455,4688.95,,,,
2026-05-14T05:00:00+03:00,4689,4699.775,4680.21,4686.48,,,,
2026-05-14T06:00:00+03:00,4686.475,4693.45,4673.965,4675.285,,,,
2026-05-14T07:00:00+03:00,4675.3,4712.685,4668.71,4702.355,,,,4668.71
2026-05-14T08:00:00+03:00,4702.54,4704.235,4689.21,4689.955,,,,
2026-05-14T09:00:00+03:00,4689.94,4702.505,4686.31,4700.515,,,,
2026-05-14T10:00:00+03:00,4700.43,4718.88,4690.945,4693.35,4718.88,,,
2026-05-14T11:00:00+03:00,4693.365,4706.83,4692.205,4693.485,,,,
2026-05-14T12:00:00+03:00,4693.55,4702.755,4688.645,4699.73,,,,
2026-05-14T13:00:00+03:00,4699.74,4705.63,4691.27,4697.09,,,,
2026-05-14T14:00:00+03:00,4697.16,4704.895,4689.51,4694.205,,,,
2026-05-14T15:00:00+03:00,4694.175,4710.165,4692.42,4704.95,,,,
2026-05-14T16:00:00+03:00,4704.945,4707.935,4666.78,4679.775,,,,4666.78
2026-05-14T17:00:00+03:00,4679.835,4700.98,4677.815,4679.53,,,,
2026-05-14T18:00:00+03:00,4679.62,4689.625,4677.195,4685.765,,,,
2026-05-14T19:00:00+03:00,4685.815,4687.055,4670.51,4678.66,,,,
2026-05-14T20:00:00+03:00,4678.675,4683.115,4676.49,4678.33,,,,
2026-05-14T21:00:00+03:00,4678.34,4678.41,4667.165,4671.8,,,,
2026-05-14T22:00:00+03:00,4671.89,4672.02,4653.26,4654.37,,,,
2026-05-14T23:00:00+03:00,4654.385,4657.18,4644.31,4652.27,,,,
2026-05-15T01:00:00+03:00,4654.08,4662.77,4652.145,4662.515,,,,
2026-05-15T02:00:00+03:00,4662.5,4665.445,4646.85,4652.15,,,,
2026-05-15T03:00:00+03:00,4652.22,4658.225,4613.745,4630.465,,,,
2026-05-15T04:00:00+03:00,4630.475,4631.69,4607.51,4614.23,,,,
2026-05-15T05:00:00+03:00,4614.265,4623.42,4609.45,4617.945,,,,
2026-05-15T06:00:00+03:00,4617.885,4622.33,4607.68,4615.605,,,,
2026-05-15T07:00:00+03:00,4615.61,4621.91,4604.45,4606.19,,,,
2026-05-15T08:00:00+03:00,4606.3,4606.58,4556.71,4559.04,,,,
2026-05-15T09:00:00+03:00,4559.02,4580.645,4556.52,4570.22,,,,
2026-05-15T10:00:00+03:00,4570.205,4588.88,4566.07,4570.975,,,,
2026-05-15T11:00:00+03:00,4570.985,4572.245,4550.055,4554.62,,,,
2026-05-15T12:00:00+03:00,4554.605,4564.035,4531.995,4546.095,,,,
2026-05-15T13:00:00+03:00,4546.115,4572.775,4544.3,4566.135,,,,
2026-05-15T14:00:00+03:00,4566.12,4570.37,4550.005,4552.18,,,,
2026-05-15T15:00:00+03:00,4552.19,4558.815,4543.83,4545.96,,,,
2026-05-15T16:00:00+03:00,4545.965,4557.66,4510.985,4533.685,,,,4510.985
2026-05-15T17:00:00+03:00,4533.645,4566.735,4525.465,4562.85,,,,
2026-05-15T18:00:00+03:00,4562.865,4563.78,4533.86,4539.95,,,,
2026-05-15T19:00:00+03:00,4539.995,4548.255,4529.555,4544.4,,,,
2026-05-15T20:00:00+03:00,4544.23,4564.605,4543.105,4559.65,,,,
2026-05-15T21:00:00+03:00,4559.685,4563.115,4552.415,4559.25,,,,
2026-05-15T22:00:00+03:00,4559.255,4560.18,4545.1,4546.005,,,,
2026-05-15T23:00:00+03:00,4546.01,4546.47,4533.34,4540.645,,,,
2026-05-18T01:00:00+03:00,4545.805,4554.915,4538.175,4546.05,,,,
2026-05-18T02:00:00+03:00,4546.06,4548.035,4532.25,4537.21,,,,
2026-05-18T03:00:00+03:00,4537.215,4542.635,4480.41,4514.795,,,,4480.41
2026-05-18T04:00:00+03:00,4514.795,4535.715,4489.535,4525.67,,,,
2026-05-18T05:00:00+03:00,4525.61,4542.9,4522.355,4533.815,,,,
2026-05-18T06:00:00+03:00,4533.785,4548.06,4525.565,4541.215,,,,
2026-05-18T07:00:00+03:00,4541.21,4549.93,4530.235,4540.825,,,,
2026-05-18T08:00:00+03:00,4540.775,4552.045,4530.205,4531.245,,,,
2026-05-18T09:00:00+03:00,4531.19,4548.235,4530.005,4546.855,,,,
2026-05-18T10:00:00+03:00,4546.875,4560.095,4538.465,4546.295,,,,
2026-05-18T11:00:00+03:00,4546.285,4557.135,4542.44,4549.97,,,,
2026-05-18T12:00:00+03:00,4549.96,4552.125,4540.38,4543.205,,,,
2026-05-18T13:00:00+03:00,4543.165,4547.955,4532.145,4540.495,,,,
2026-05-18T14:00:00+03:00,4540.49,4567.17,4529.96,4550.925,,,4529.96,
2026-05-18T15:00:00+03:00,4550.965,4575.065,4545.36,4571.425,,,,
2026-05-18T16:00:00+03:00,4571.43,4584.375,4561.975,4575.75,,4584.375,,
2026-05-18T17:00:00+03:00,4575.63,4575.63,4537.81,4546.53,,,,
2026-05-18T18:00:00+03:00,4546.555,4548.02,4531.85,4543.71,,,,
2026-05-18T19:00:00+03:00,4543.715,4554.69,4533.915,4550.21,,,,
2026-05-18T20:00:00+03:00,4550.04,4558.29,4545.645,4546.935,,,,
2026-05-18T21:00:00+03:00,4546.95,4547.775,4534.375,4535.855,,,,
2026-05-18T22:00:00+03:00,4535.86,4565.07,4535.335,4558.55,,,,
2026-05-18T23:00:00+03:00,4558.625,4566.87,4558.08,4566.16,,,,
2026-05-19T01:00:00+03:00,4570.36,4578.58,4569.81,4574.115,,,,
2026-05-19T02:00:00+03:00,4573.995,4589.09,4573.86,4581.995,,,,
2026-05-19T03:00:00+03:00,4582.16,4589.58,4561.465,4563.21,4589.58,,,
2026-05-19T04:00:00+03:00,4563.26,4572.48,4554.27,4564.065,,,,
2026-05-19T05:00:00+03:00,4564.005,4564.005,4546.055,4547.29,,,,
2026-05-19T06:00:00+03:00,4547.22,4555.16,4543.77,4545.19,,,,
2026-05-19T07:00:00+03:00,4545.18,4545.895,4538.075,4542.605,,,,
2026-05-19T08:00:00+03:00,4542.71,4546.675,4531.085,4540.915,,,,
2026-05-19T09:00:00+03:00,4540.93,4553.97,4533.68,4548.33,,,,
2026-05-19T10:00:00+03:00,4548.315,4559.535,4541.575,4557.28,,,,
2026-05-19T11:00:00+03:00,4557.25,4559.25,4536.405,4543.05,,,,
2026-05-19T12:00:00+03:00,4543.035,4546.935,4536.205,4542.035,,,,
2026-05-19T13:00:00+03:00,4542.01,4544.925,4525.68,4544.925,,,,
2026-05-19T14:00:00+03:00,4544.855,4548.01,4529.915,4530.89,,,,
2026-05-19T15:00:00+03:00,4530.905,4547.28,4527.6,4537.305,,,,
2026-05-19T16:00:00+03:00,4537.385,4537.7,4464.78,4504.175,,,,4464.78
2026-05-19T17:00:00+03:00,4504.055,4514.23,4484.495,4494.165,,,,
2026-05-19T18:00:00+03:00,4494.095,4509.48,4489.845,4508.63,,,,
2026-05-19T19:00:00+03:00,4508.64,4512.7,4496.385,4507.9,,,,
2026-05-19T20:00:00+03:00,4507.725,4511.125,4499.31,4500.9,,,,
2026-05-19T21:00:00+03:00,4500.915,4503.84,4490.33,4493.65,,,,
2026-05-19T22:00:00+03:00,4493.63,4497.84,4481.285,4483.5,,,,
2026-05-19T23:00:00+03:00,4483.44,4488.355,4481.07,4482.115,,,,
2026-05-20T01:00:00+03:00,4484.735,4485.975,4477.45,4484.73,,,,
2026-05-20T02:00:00+03:00,4484.61,4496.595,4479.995,4489.485,,,,
2026-05-20T03:00:00+03:00,4489.51,4508.85,4479.82,4501.185,,4508.85,,
2026-05-20T04:00:00+03:00,4501.175,4506.29,4456.095,4481.485,,,,
2026-05-20T05:00:00+03:00,4481.54,4487.24,4458.68,4465.395,,,,
2026-05-20T06:00:00+03:00,4465.305,4467.265,4453.39,4463.96,,,,4453.39
2026-05-20T07:00:00+03:00,4463.955,4470.75,4456.8,4462.14,,,,
2026-05-20T08:00:00+03:00,4462.07,4479.125,4461.79,4472.855,,,,
2026-05-20T09:00:00+03:00,4472.83,4478.555,4461.69,4474.47,,,,
2026-05-20T10:00:00+03:00,4474.355,4486.095,4472.08,4478.545,,,,
2026-05-20T11:00:00+03:00,4478.585,4490.305,4476.81,4484.065,,,,
2026-05-20T12:00:00+03:00,4484.035,4491.18,4472.805,4484.925,,,,
2026-05-20T13:00:00+03:00,4484.885,4497.115,4484.68,4494.85,,,,
2026-05-20T14:00:00+03:00,4494.845,4501.29,4490.905,4499.16,,,,
2026-05-20T15:00:00+03:00,4499.08,4505.435,4493.07,4496.245,,,,
2026-05-20T16:00:00+03:00,4496.24,4506.36,4482.26,4483.265,,,,
2026-05-20T17:00:00+03:00,4483.285,4537.355,4467.245,4531.295,,,4467.245,
2026-05-20T18:00:00+03:00,4531.3,4553.045,4523.175,4529.21,4553.045,,,
2026-05-20T19:00:00+03:00,4529.27,4535.555,4524.115,4534.465,,,,
2026-05-20T20:00:00+03:00,4534.475,4538.24,4529.995,4531.445,,,,
2026-05-20T21:00:00+03:00,4531.275,4545.16,4529.12,4542.515,,,,
2026-05-20T22:00:00+03:00,4542.525,4550.38,4541.81,4545.675,,,,
2026-05-20T23:00:00+03:00,4545.66,4550.445,4542.18,4543.705,,,,
2026-05-21T01:00:00+03:00,4544.62,4546.92,4535.35,4539.9,,,,
2026-05-21T02:00:00+03:00,4539.91,4547.525,4534.74,4546.74,,,,
2026-05-21T03:00:00+03:00,4546.87,4553.355,4537.365,4545.16,,,,
2026-05-21T04:00:00+03:00,4545.19,4570.895,4539.92,4561.01,4570.895,,,
2026-05-21T05:00:00+03:00,4561,4564.92,4531.615,4533.24,,,,
2026-05-21T06:00:00+03:00,4533.23,4540.28,4527.37,4528.4,,,,
2026-05-21T07:00:00+03:00,4528.385,4540.8,4527.56,4538.63,,,,
2026-05-21T08:00:00+03:00,4538.72,4540.66,4518.44,4527.975,,,,
2026-05-21T09:00:00+03:00,4527.995,4539.905,4518.905,4521.525,,,,
2026-05-21T10:00:00+03:00,4521.49,4524.375,4512.075,4519.785,,,,
2026-05-21T11:00:00+03:00,4519.85,4537.06,4518.415,4532.715,,,,
2026-05-21T12:00:00+03:00,4532.685,4543.06,4528.03,4530.855,,4543.06,,
2026-05-21T13:00:00+03:00,4530.845,4535.435,4504.895,4511.77,,,,
2026-05-21T14:00:00+03:00,4511.82,4521.3,4508.23,4514.08,,,,
2026-05-21T15:00:00+03:00,4514.1,4519.47,4502.08,4504.25,,,,
2026-05-21T16:00:00+03:00,4504.245,4521.095,4488.63,4513.455,,,4488.63,
2026-05-21T17:00:00+03:00,4513.465,4515.415,4498.17,4508.795,,,,
2026-05-21T18:00:00+03:00,4508.835,4515.43,4496.91,4512.045,,,,
2026-05-21T19:00:00+03:00,4512.15,4520.81,4512.15,4519.465,,,,
2026-05-21T20:00:00+03:00,4519.465,4559.365,4514.28,4551.435,4559.365,,,
2026-05-21T21:00:00+03:00,4551.48,4556.085,4527.51,4532.035,,,,
2026-05-21T22:00:00+03:00,4532.04,4543.935,4529.795,4543.085,,,,
2026-05-21T23:00:00+03:00,4543.07,4544.925,4539.94,4543.425,,,,
2026-05-22T01:00:00+03:00,4544.905,4544.93,4539.785,4543.465,,,,
2026-05-22T02:00:00+03:00,4543.47,4545.26,4532.43,4535.425,,,,
2026-05-22T03:00:00+03:00,4535.47,4541.24,4525.64,4526.71,,,,
2026-05-22T04:00:00+03:00,4526.695,4536.235,4521.18,4526.38,,,,
2026-05-22T05:00:00+03:00,4526.31,4529.66,4518.53,4523.335,,,,
2026-05-22T06:00:00+03:00,4523.395,4530.04,4519.37,4529.54,,,,
2026-05-22T07:00:00+03:00,4529.535,4532.98,4525.41,4527.135,,,,
2026-05-22T08:00:00+03:00,4527.09,4534.325,4507.43,4511.7,,,4507.43,
2026-05-22T09:00:00+03:00,4511.705,4528.98,4510.025,4527.02,,,,
2026-05-22T10:00:00+03:00,4527.045,4527.5,4516.2,4521.87,,,,
2026-05-22T11:00:00+03:00,4521.875,4531.32,4517.02,4521.835,,,,
2026-05-22T12:00:00+03:00,4521.83,4535.96,4514.88,4532.255,,,,
2026-05-22T13:00:00+03:00,4532.265,4536.82,4510.285,4514.705,,4536.82,,
2026-05-22T14:00:00+03:00,4514.66,4525.315,4511.67,4520.635,,,,
2026-05-22T15:00:00+03:00,4520.595,4535.96,4515.325,4528.24,,,,
2026-05-22T16:00:00+03:00,4528.225,4534.495,4510.32,4514.02,,,,
2026-05-22T17:00:00+03:00,4513.6,4513.73,4491.93,4500.615,,,,4491.93
2026-05-22T18:00:00+03:00,4500.73,4522.555,4500.245,4519.975,,,,
2026-05-22T19:00:00+03:00,4520.085,4526.915,4512.38,4515.05,,,,
2026-05-22T20:00:00+03:00,4515.1,4527.995,4513.215,4519.255,,,,
2026-05-22T21:00:00+03:00,4519.245,4520.34,4512.11,4515.27,,,,
2026-05-22T22:00:00+03:00,4515.28,4516.05,4504.34,4508.45,,,,
2026-05-22T23:00:00+03:00,4508.48,4510.69,4504.17,4509.69,,,,
2026-05-25T01:00:00+03:00,4550.54,4565.825,4548.91,4565.33,,,,
2026-05-25T02:00:00+03:00,4565.36,4580.21,4565.27,4567.08,4580.21,,,
2026-05-25T03:00:00+03:00,4567.07,4579.575,4566.33,4569.72,,,,
2026-05-25T04:00:00+03:00,4569.715,4576.585,4560.34,4563.08,,,,
2026-05-25T05:00:00+03:00,4563.09,4570.51,4558.955,4561.43,,,,
2026-05-25T06:00:00+03:00,4561.435,4564.6,4556.585,4559.78,,,,
2026-05-25T07:00:00+03:00,4559.655,4565.94,4559.39,4564.88,,,,
2026-05-25T08:00:00+03:00,4564.895,4566,4552.015,4553.43,,,,
2026-05-25T09:00:00+03:00,4553.455,4563.43,4550.55,4562.69,,,4550.55,
2026-05-25T10:00:00+03:00,4562.7,4565.18,4552.495,4564.79,,,,
2026-05-25T11:00:00+03:00,4564.78,4565.085,4553.435,4556.01,,,,
2026-05-25T12:00:00+03:00,4556.07,4569.165,4554.92,4567.62,,,,
2026-05-25T13:00:00+03:00,4567.62,4573.825,4567.62,4568.6,,,,
2026-05-25T14:00:00+03:00,4568.63,4577.115,4567.705,4569.46,,4577.115,,
2026-05-25T15:00:00+03:00,4569.455,4570.41,4553.12,4567.795,,,,
2026-05-25T16:00:00+03:00,4567.74,4571.605,4560.17,4563.125,,,,
2026-05-25T17:00:00+03:00,4563.14,4570.655,4562.46,4566.985,,,,
2026-05-25T18:00:00+03:00,4566.97,4574.875,4565.665,4571.06,,,,
2026-05-25T19:00:00+03:00,4571.07,4574.685,4568.005,4573.63,,,,
2026-05-25T20:00:00+03:00,4573.485,4578.065,4563.365,4565.11,,,,
2026-05-25T21:00:00+03:00,4565.175,4572.05,4564.325,4570.315,,,,
2026-05-26T01:00:00+03:00,4571.33,4576.635,4569.68,4574.935,,,,
2026-05-26T02:00:00+03:00,4574.95,4580.245,4555.415,4559.77,4580.245,,,
2026-05-26T03:00:00+03:00,4559.865,4560.36,4539.595,4549.9,,,,
2026-05-26T04:00:00+03:00,4549.905,4550.685,4527.865,4537.3,,,,
2026-05-26T05:00:00+03:00,4537.285,4539.75,4530.165,4532.445,,,,
2026-05-26T06:00:00+03:00,4532.45,4545.6,4532.22,4542.4,,,,
2026-05-26T07:00:00+03:00,4542.44,4543.255,4523.59,4525.65,,,,
2026-05-26T08:00:00+03:00,4525.635,4535.24,4523.005,4527.37,,,,
2026-05-26T09:00:00+03:00,4527.32,4536.28,4527.26,4531.135,,,,
2026-05-26T10:00:00+03:00,4531.225,4539.2,4521.68,4538.365,,,,
2026-05-26T11:00:00+03:00,4538.33,4539.145,4520.11,4523.88,,,,
2026-05-26T12:00:00+03:00,4523.89,4526.665,4512.07,4522.775,,,,
2026-05-26T13:00:00+03:00,4522.81,4540.69,4519.52,4534.46,,4540.69,,
2026-05-26T14:00:00+03:00,4534.46,4536.405,4503.615,4507.46,,,,
2026-05-26T15:00:00+03:00,4507.465,4523.875,4500.785,4520.59,,,,
2026-05-26T16:00:00+03:00,4520.565,4531.475,4512.3,4514.15,,,,
2026-05-26T17:00:00+03:00,4514.37,4525.11,4507.91,4515.425,,,,
2026-05-26T18:00:00+03:00,4515.495,4515.755,4502.41,4506.64,,,,
2026-05-26T19:00:00+03:00,4506.725,4511.34,4499.845,4505.155,,,,
2026-05-26T20:00:00+03:00,4505.155,4507.765,4490.025,4491.19,,,,
2026-05-26T21:00:00+03:00,4491.135,4499.66,4482.62,4499.425,,,,4482.62
2026-05-26T22:00:00+03:00,4499.43,4510.055,4497.805,4509.05,,,,
2026-05-26T23:00:00+03:00,4509.04,4511.22,4504.2,4507.57,,,,
2026-05-27T01:00:00+03:00,4506.725,4512.66,4498.125,4511.13,,,,
2026-05-27T02:00:00+03:00,4511.155,4528.05,4504.485,4519.68,,4528.05,,
2026-05-27T03:00:00+03:00,4519.54,4526.035,4514.315,4515.06,,,,
2026-05-27T04:00:00+03:00,4515.055,4521.19,4507.005,4508.165,,,,
2026-05-27T05:00:00+03:00,4508.16,4509.745,4498.075,4505.96,,,,
2026-05-27T06:00:00+03:00,4505.94,4512.095,4496.91,4497.325,,,,
2026-05-27T07:00:00+03:00,4497.32,4517.375,4496.065,4510.28,,,,
2026-05-27T08:00:00+03:00,4510.31,4513.94,4491.89,4497.685,,,,
2026-05-27T09:00:00+03:00,4497.68,4499.31,4479.87,4485.17,,,,
2026-05-27T10:00:00+03:00,4485.18,4489.43,4475.985,4482.265,,,,
2026-05-27T11:00:00+03:00,4482.27,4498.845,4481.385,4497.93,,,,
2026-05-27T12:00:00+03:00,4497.92,4497.92,4487.14,4490.165,,,,
2026-05-27T13:00:00+03:00,4490.16,4490.705,4442.765,4445.99,,,,
2026-05-27T14:00:00+03:00,4446.075,4453.41,4425.145,4428.795,,,,
2026-05-27T15:00:00+03:00,4428.79,4466.7,4427.66,4439.01,,,,
2026-05-27T16:00:00+03:00,4438.975,4439.215,4401.63,4427.425,,,,4401.63
2026-05-27T17:00:00+03:00,4427.455,4455.655,4426.08,4434.105,,,,
2026-05-27T18:00:00+03:00,4434.07,4441.64,4428.21,4436.55,,,,
2026-05-27T19:00:00+03:00,4436.555,4453.36,4434.23,4450.8,,,,
2026-05-27T20:00:00+03:00,4450.82,4454.39,4441.415,4450.495,,,,
2026-05-27T21:00:00+03:00,4450.28,4458.445,4447.795,4454.435,,,,
2026-05-27T22:00:00+03:00,4454.445,4454.855,4448.905,4451.01,,,,
2026-05-27T23:00:00+03:00,4450.925,4458.975,4450.13,4456.12,,,,
2026-05-28T01:00:00+03:00,4456.89,4462.58,4455.31,4457.55,,4462.58,,
2026-05-28T02:00:00+03:00,4457.545,4457.815,4443.905,4447.11,,,,
2026-05-28T03:00:00+03:00,4447.125,4458.245,4443.7,4457.15,,,,
2026-05-28T04:00:00+03:00,4457.56,4459,4406.875,4410.105,,,,
2026-05-28T05:00:00+03:00,4410.29,4412.91,4392.63,4394.37,,,,
2026-05-28T06:00:00+03:00,4394.27,4397.925,4368.605,4374.89,,,,
2026-05-28T07:00:00+03:00,4374.86,4382.4,4366.23,4373.1,,,,4366.23
2026-05-28T08:00:00+03:00,4373.13,4395.97,4367.215,4388.115,,,,
2026-05-28T09:00:00+03:00,4388.1,4390.67,4374.31,4383.795,,,,
2026-05-28T10:00:00+03:00,4383.815,4396.31,4382.9,4387.745,,,,
2026-05-28T11:00:00+03:00,4387.725,4395.145,4385.99,4387.055,,,,
2026-05-28T12:00:00+03:00,4387.01,4399.195,4386.545,4393.605,,,,
2026-05-28T13:00:00+03:00,4393.645,4404.33,4375.255,4383.17,,,,
2026-05-28T14:00:00+03:00,4383.12,4390.725,4381.01,4387.925,,,,
2026-05-28T15:00:00+03:00,4387.945,4433.88,4379.745,4432.24,,,,
2026-05-28T16:00:00+03:00,4432.245,4439.185,4418.255,4430.46,,,,
2026-05-28T17:00:00+03:00,4430.285,4480.53,4420.87,4469.97,,,,
2026-05-28T18:00:00+03:00,4469.945,4484.995,4468.825,4482.505,,,,
2026-05-28T19:00:00+03:00,4482.51,4511.075,4477.685,4511.015,,,,
2026-05-28T20:00:00+03:00,4511.035,4514.63,4501.305,4509.065,,,,
2026-05-28T21:00:00+03:00,4509.06,4516.63,4498.645,4501.385,4516.63,,,
2026-05-28T22:00:00+03:00,4501.365,4503.79,4497.305,4497.995,,,,
2026-05-28T23:00:00+03:00,4497.965,4500.715,4494.775,4495.825,,,,
2026-05-29T01:00:00+03:00,4497.085,4498.15,4491.135,4491.22,,,,
2026-05-29T02:00:00+03:00,4491.26,4497.24,4488.975,4495.08,,,4488.975,
2026-05-29T03:00:00+03:00,4495.195,4500.75,4492.085,4496.22,,,,
2026-05-29T04:00:00+03:00,4496.37,4520.815,4492.42,4506.52,,,,
2026-05-29T05:00:00+03:00,4506.55,4511.31,4498.6,4501.785,,,,
2026-05-29T06:00:00+03:00,4501.69,4502.145,4494.935,4501.38,,,,
2026-05-29T07:00:00+03:00,4501.365,4515.19,4501.18,4514.105,,,,
2026-05-29T08:00:00+03:00,4514.1,4515.73,4502.635,4515.165,,,,
2026-05-29T09:00:00+03:00,4515.17,4524.09,4510.03,4523.605,,,,
2026-05-29T10:00:00+03:00,4523.59,4526.2,4510.695,4524.82,,,,
2026-05-29T11:00:00+03:00,4524.8,4524.855,4509.955,4514.95,,,,
2026-05-29T12:00:00+03:00,4514.965,4539.75,4513.255,4531.315,,,,
2026-05-29T13:00:00+03:00,4531.26,4543.31,4525.58,4538.825,,,,
2026-05-29T14:00:00+03:00,4538.785,4540.665,4525.935,4538.58,,,,
2026-05-29T15:00:00+03:00,4538.6,4538.765,4512.73,4523.215,,,,
2026-05-29T16:00:00+03:00,4523.18,4540.785,4517.04,4536.725,,,,
2026-05-29T17:00:00+03:00,4536.73,4570.61,4525.38,4564.135,,,,
2026-05-29T18:00:00+03:00,4564.13,4595.33,4557.56,4571.25,4595.33,,,
2026-05-29T19:00:00+03:00,4571.3,4573.68,4560.07,4567.03,,,,
2026-05-29T20:00:00+03:00,4567.05,4568.57,4551.715,4553.51,,,,
2026-05-29T21:00:00+03:00,4553.545,4561.75,4551.015,4553.245,,,,
2026-05-29T22:00:00+03:00,4553.24,4560.29,4542.9,4545.685,,,,
2026-05-29T23:00:00+03:00,4545.515,4549.24,4540.06,4540.53,,,,
2026-06-01T01:00:00+03:00,4520.795,4540.485,4520.025,4535.37,,,,
2026-06-01T02:00:00+03:00,4535.405,4545.845,4535.23,4539.665,,,,
2026-06-01T03:00:00+03:00,4539.68,4546.27,4535.39,4540.765,,,,
2026-06-01T04:00:00+03:00,4540.83,4541.45,4523.715,4525.47,,,,
2026-06-01T05:00:00+03:00,4525.46,4534.825,4521.325,4521.595,,,,
2026-06-01T06:00:00+03:00,4521.605,4525.64,4509.965,4516.555,,,,
2026-06-01T07:00:00+03:00,4516.615,4519.74,4508.64,4514.64,,,,
2026-06-01T08:00:00+03:00,4514.66,4525.27,4512.79,4518.32,,,,
2026-06-01T09:00:00+03:00,4518.285,4518.855,4500.32,4501.61,,,,
2026-06-01T10:00:00+03:00,4501.57,4510.09,4492.59,4503.345,,,,
2026-06-01T11:00:00+03:00,4503.325,4504.69,4490.45,4498.275,,,,
2026-06-01T12:00:00+03:00,4498.27,4506.455,4489.095,4495.945,,,,
2026-06-01T13:00:00+03:00,4495.95,4511.15,4495.95,4504.125,,,,
2026-06-01T14:00:00+03:00,4504.11,4513.08,4499.94,4505.895,,,,
2026-06-01T15:00:00+03:00,4505.915,4510.55,4497.62,4502.215,,,,
2026-06-01T16:00:00+03:00,4502.265,4503.985,4448.35,4450.745,,,,
2026-06-01T17:00:00+03:00,4449.595,4464.845,4447.86,4458.81,,,,4447.86
2026-06-01T18:00:00+03:00,4458.83,4479.885,4455.595,4474.29,,,,
2026-06-01T19:00:00+03:00,4474.16,4482.27,4463.07,4480.17,,,,
2026-06-01T20:00:00+03:00,4480.23,4495.54,4471.58,4487.46,,,,
2026-06-01T21:00:00+03:00,4487.455,4490.24,4484.915,4486.73,,,,
2026-06-01T22:00:00+03:00,4486.605,4488.245,4479.16,4481.265,,,,
2026-06-01T23:00:00+03:00,4481.29,4485.89,4480.26,4484.725,,,,
2026-06-02T01:00:00+03:00,4483.385,4486.67,4479.755,4485.765,,,,
2026-06-02T02:00:00+03:00,4485.755,4488.345,4479.21,4484.475,,,,
2026-06-02T03:00:00+03:00,4484.545,4497.135,4476.91,4481.545,,,,
2026-06-02T04:00:00+03:00,4481.45,4492.49,4463.01,4474.03,,,4463.01,
2026-06-02T05:00:00+03:00,4474,4486.78,4472.265,4486.065,,,,
2026-06-02T06:00:00+03:00,4486.05,4499.445,4485.785,4499.425,,,,
2026-06-02T07:00:00+03:00,4499.43,4518.4,4497.915,4517.45,,,,
2026-06-02T08:00:00+03:00,4517.44,4528.26,4515.1,4517.195,,,,
2026-06-02T09:00:00+03:00,4517.145,4538.455,4517.07,4535.945,,,,
2026-06-02T10:00:00+03:00,4535.765,4541.63,4528.085,4535.14,,4541.63,,
2026-06-02T11:00:00+03:00,4535.16,4539.255,4526.095,4526.845,,,,
2026-06-02T12:00:00+03:00,4526.855,4535.76,4521.715,4529.95,,,,
2026-06-02T13:00:00+03:00,4529.97,4534.085,4524.7,4533.28,,,,
2026-06-02T14:00:00+03:00,4533.29,4534.845,4525.72,4527.635,,,,
2026-06-02T15:00:00+03:00,4527.66,4534.19,4513.555,4514.79,,,,
2026-06-02T16:00:00+03:00,4514.84,4524.91,4503.015,4503.08,,,,
2026-06-02T17:00:00+03:00,4503.055,4507.065,4490.435,4504.27,,,,
2026-06-02T18:00:00+03:00,4504.29,4508.64,4500.16,4502.18,,,,
2026-06-02T19:00:00+03:00,4502.245,4502.85,4486.355,4491.965,,,,
2026-06-02T20:00:00+03:00,4491.95,4493.22,4482.14,4484.615,,,,
2026-06-02T21:00:00+03:00,4484.63,4491.075,4478.785,4487.365,,,,
2026-06-02T22:00:00+03:00,4487.385,4490.375,4483.495,4488.205,,,,
2026-06-02T23:00:00+03:00,4488.185,4491.14,4486.315,4487.955,,,,
2026-06-03T01:00:00+03:00,4490.115,4493.32,4484.15,4484.94,,,,
2026-06-03T02:00:00+03:00,4485.015,4488.91,4462.29,4474.465,,,,4462.29
2026-06-03T03:00:00+03:00,4474.375,4496.885,4474.11,4486.19,,4496.885,,
2026-06-03T04:00:00+03:00,4486.01,4487.81,4463.64,4475.86,,,,
2026-06-03T05:00:00+03:00,4475.955,4485.335,4472.9,4481.895,,,,
2026-06-03T06:00:00+03:00,4481.91,4487.655,4481.86,4484.475,,,,
2026-06-03T07:00:00+03:00,4484.62,4488.44,4468.385,4469.485,,,,
2026-06-03T08:00:00+03:00,4469.455,4474.455,4456.71,4457.165,,,,
2026-06-03T09:00:00+03:00,4457.215,4471.06,4455.39,4463.2,,,,
2026-06-03T10:00:00+03:00,4463.245,4472.375,4453.025,4453.46,,,,
2026-06-03T11:00:00+03:00,4453.55,4459.495,4440.365,4444.11,,,,
2026-06-03T12:00:00+03:00,4444.065,4459.135,4439.09,4443.315,,,,
2026-06-03T13:00:00+03:00,4443.28,4467.185,4441.115,4459.045,,,,
2026-06-03T14:00:00+03:00,4459.035,4468.19,4458.645,4462.56,,,,
2026-06-03T15:00:00+03:00,4462.555,4467.255,4448.375,4460.365,,,,
2026-06-03T16:00:00+03:00,4460.34,4466.205,4426.42,4446.875,,,,4426.42
2026-06-03T17:00:00+03:00,4446.84,4459.745,4442.48,4457.24,,,,
2026-06-03T18:00:00+03:00,4457.3,4458.515,4436.755,4442.405,,,,
2026-06-03T19:00:00+03:00,4442.27,4444.05,4433.925,4442,,,,
2026-06-03T20:00:00+03:00,4442.035,4448.445,4435.73,4439.2,,,,
2026-06-03T21:00:00+03:00,4439.19,4443.075,4435.535,4442.235,,,,
2026-06-03T22:00:00+03:00,4442.23,4452.325,4441.605,4444.03,,,,
2026-06-03T23:00:00+03:00,4444.04,4445.485,4430.635,4434.715,,,,
2026-06-04T01:00:00+03:00,4431.91,4453.23,4423.965,4449.285,,,,4423.965
2026-06-04T02:00:00+03:00,4449.23,4464.87,4445.64,4457.54,,,,
2026-06-04T03:00:00+03:00,4457.615,4465.46,4444.245,4448.57,,,,
2026-06-04T04:00:00+03:00,4448.38,4473.95,4443.18,4465.91,,,,
2026-06-04T05:00:00+03:00,4465.81,4476.71,4455.63,4475.23,,,,
2026-06-04T06:00:00+03:00,4475.04,4477.37,4458.52,4463.865,,,,
2026-06-04T07:00:00+03:00,4463.86,4484.055,4462.47,4481.135,,4484.055,,
2026-06-04T08:00:00+03:00,4481.2,4482.44,4466.98,4469.34,,,,
2026-06-04T09:00:00+03:00,4469.335,4477.255,4463.075,4467.865,,,,
2026-06-04T10:00:00+03:00,4467.955,4470.89,4459.66,4461.795,,,,
2026-06-04T11:00:00+03:00,4461.665,4469.595,4458.665,4463.57,,,,
2026-06-04T12:00:00+03:00,4463.595,4475.725,4461.035,4470.595,,,,
2026-06-04T13:00:00+03:00,4470.55,4474.025,4464.35,4473.88,,,,
2026-06-04T14:00:00+03:00,4473.86,4514.76,4468.785,4511.62,,,,
2026-06-04T15:00:00+03:00,4511.555,4513.875,4491.185,4504.185,,,,
2026-06-04T16:00:00+03:00,4504.17,4515.515,4495.515,4495.865,4515.515,,,
2026-06-04T17:00:00+03:00,4495.87,4500.035,4457.36,4466.11,,,4457.36,
2026-06-04T18:00:00+03:00,4466.115,4479.115,4463.78,4477.45,,,,
2026-06-04T19:00:00+03:00,4477.435,4485.17,4475.37,4482.855,,,,
2026-06-04T20:00:00+03:00,4482.835,4482.835,4474.09,4478.16,,,,
2026-06-04T21:00:00+03:00,4478.19,4481.22,4472.775,4478.28,,,,
2026-06-04T22:00:00+03:00,4478.275,4483.555,4476.2,4480.77,,,,
2026-06-04T23:00:00+03:00,4480.78,4481.655,4474.455,4475.29,,,,
2026-06-05T01:00:00+03:00,4474.185,4481.625,4469,4469.87,,,,
2026-06-05T02:00:00+03:00,4469.805,4474.155,4460.67,4461.915,,,,
2026-06-05T03:00:00+03:00,4461.93,4467.02,4450.79,4459.55,,,,
2026-06-05T04:00:00+03:00,4459.565,4470.045,4444.265,4447.02,,,,
2026-06-05T05:00:00+03:00,4447.07,4455.14,4438.69,4440.575,,,,
2026-06-05T06:00:00+03:00,4440.56,4444.135,4435.305,4442.615,,,,
2026-06-05T07:00:00+03:00,4442.66,4446.84,4437.69,4445.065,,,,
2026-06-05T08:00:00+03:00,4445.085,4450.26,4438.795,4440.085,,,,
2026-06-05T09:00:00+03:00,4440.06,4456.175,4428.72,4452.95,,,,4428.72
2026-06-05T10:00:00+03:00,4452.945,4467.34,4451.99,4460.955,,,,
2026-06-05T11:00:00+03:00,4460.86,4468.355,4458.725,4462.795,,,,
2026-06-05T12:00:00+03:00,4462.715,4469.465,4458.895,4465.025,,,,
2026-06-05T13:00:00+03:00,4465.03,4468.21,4461.975,4466.61,,,,
2026-06-05T14:00:00+03:00,4466.595,4475.325,4458.28,4470.22,,,,
2026-06-05T15:00:00+03:00,4470.305,4475.885,4404.93,4406.605,,4475.885,,
2026-06-05T16:00:00+03:00,4406.65,4421.235,4365.475,4365.755,,,,
2026-06-05T17:00:00+03:00,4365.865,4379.45,4344.605,4369.81,,,,
2026-06-05T18:00:00+03:00,4369.86,4372.615,4334.11,4335.645,,,,
2026-06-05T19:00:00+03:00,4335.58,4345.095,4323.27,4344.68,,,,
2026-06-05T20:00:00+03:00,4344.85,4347.455,4335.715,4341.965,,,,
2026-06-05T21:00:00+03:00,4341.97,4342.355,4315.345,4322.485,,,,
2026-06-05T22:00:00+03:00,4322.55,4325.215,4314.005,4318.73,,,,
2026-06-05T23:00:00+03:00,4318.745,4330.79,4311.93,4327.885,,,,
2026-06-08T01:00:00+03:00,4321.55,4330.885,4310.115,4317.53,,,,
2026-06-08T02:00:00+03:00,4317.64,4347.095,4317.585,4344.16,,,,
2026-06-08T03:00:00+03:00,4344.175,4353.45,4340.06,4342.45,,4353.45,,
2026-06-08T04:00:00+03:00,4342.55,4346.18,4300.025,4325.83,,,,
2026-06-08T05:00:00+03:00,4325.82,4330.855,4307.14,4310.82,,,,
2026-06-08T06:00:00+03:00,4310.785,4317.295,4303.66,4317.145,,,,
2026-06-08T07:00:00+03:00,4317.235,4322.005,4307.72,4312.98,,,,
2026-06-08T08:00:00+03:00,4312.975,4316.21,4268.48,4292.19,,,,4268.48
2026-06-08T09:00:00+03:00,4292.145,4311.525,4292.14,4300.16,,,,
2026-06-08T10:00:00+03:00,4300.16,4316.96,4294.52,4294.59,,,,
2026-06-08T11:00:00+03:00,4294.44,4297.325,4285.415,4288.82,,,,
2026-06-08T12:00:00+03:00,4288.84,4302.01,4273.165,4294.455,,,,
2026-06-08T13:00:00+03:00,4294.495,4305.94,4286.105,4302.19,,,,
2026-06-08T14:00:00+03:00,4302.165,4333.455,4297.285,4331.425,,,,
2026-06-08T15:00:00+03:00,4331.435,4339.505,4320.28,4333.34,,,,
2026-06-08T16:00:00+03:00,4333.345,4346.88,4321.3,4327.185,,4346.88,,
2026-06-08T17:00:00+03:00,4327,4331.705,4314.945,4331.01,,,,
2026-06-08T18:00:00+03:00,4331.07,4345.775,4322.67,4341.84,,,,
2026-06-08T19:00:00+03:00,4341.82,4346.4,4337.89,4340.775,,,,
2026-06-08T20:00:00+03:00,4340.81,4342.525,4332.025,4339.2,,,,
2026-06-08T21:00:00+03:00,4339.225,4346.005,4333.025,4334.79,,,,
2026-06-08T22:00:00+03:00,4334.81,4338.295,4323.365,4326.63,,,,
2026-06-08T23:00:00+03:00,4326.615,4330.4,4324.59,4330.065,,,,
2026-06-09T01:00:00+03:00,4326.5,4328.93,4322.88,4327.91,,,,
2026-06-09T02:00:00+03:00,4327.94,4328.915,4312.96,4317.88,,,4312.96,
2026-06-09T03:00:00+03:00,4317.71,4323.775,4315.125,4320.045,,,,
2026-06-09T04:00:00+03:00,4320.025,4338.945,4318.66,4336.465,,,,
2026-06-09T05:00:00+03:00,4336.515,4341.005,4328.315,4336.275,,,,
2026-06-09T06:00:00+03:00,4336.27,4342.275,4331.275,4336.565,,,,
2026-06-09T07:00:00+03:00,4336.57,4339.36,4324.33,4332.585,,,,
2026-06-09T08:00:00+03:00,4332.625,4351.56,4330.83,4343.67,4351.56,,,
2026-06-09T09:00:00+03:00,4343.655,4348.995,4330.225,4330.725,,,,
2026-06-09T10:00:00+03:00,4330.69,4334.895,4322.365,4326.83,,,,
2026-06-09T11:00:00+03:00,4326.84,4337.02,4321.32,4326.695,,,4321.32,
2026-06-09T12:00:00+03:00,4326.69,4336.32,4324.19,4332.225,,,,
2026-06-09T13:00:00+03:00,4332.24,4340.965,4325.2,4339.275,,,,
2026-06-09T14:00:00+03:00,4339.31,4343.86,4335.74,4340.02,,,,
2026-06-09T15:00:00+03:00,4340.015,4344.39,4334.97,4341.555,,,,
2026-06-09T16:00:00+03:00,4341.57,4363.72,4325.285,4329.075,4363.72,,,
2026-06-09T17:00:00+03:00,4329.055,4336.22,4278.58,4300.535,,,,
2026-06-09T18:00:00+03:00,4300.645,4302.235,4263.29,4272.46,,,,
2026-06-09T19:00:00+03:00,4272.385,4281.295,4236.7,4252.165,,,,
2026-06-09T20:00:00+03:00,4252.19,4268.235,4251.395,4263.13,,,,
2026-06-09T21:00:00+03:00,4263.12,4274.345,4259.585,4270.105,,,,
2026-06-09T22:00:00+03:00,4270.155,4271.675,4249.96,4258.815,,,,
2026-06-09T23:00:00+03:00,4258.85,4262.195,4255.69,4259.965,,,,
2026-06-10T01:00:00+03:00,4256.145,4257.605,4232.475,4237.52,,,,
2026-06-10T02:00:00+03:00,4237.495,4247.43,4210.505,4222.155,,,,
2026-06-10T03:00:00+03:00,4222.165,4228.5,4199.025,4218.42,,,,
2026-06-10T04:00:00+03:00,4218.435,4219.2,4183.89,4188.7,,,,
2026-06-10T05:00:00+03:00,4188.715,4192.455,4173.265,4173.98,,,,
2026-06-10T06:00:00+03:00,4173.89,4186.555,4173.115,4184.92,,,,
2026-06-10T07:00:00+03:00,4184.92,4187.215,4172.565,4174.855,,,,
2026-06-10T08:00:00+03:00,4174.895,4209.155,4173.57,4205.25,,,,
2026-06-10T09:00:00+03:00,4205.21,4222.005,4201.835,4204.005,,4222.005,,
2026-06-10T10:00:00+03:00,4203.995,4208.14,4181.59,4186.085,,,,
2026-06-10T11:00:00+03:00,4186.065,4187.385,4161.47,4169.135,,,,
2026-06-10T12:00:00+03:00,4169.11,4179.65,4163.195,4168.75,,,,
2026-06-10T13:00:00+03:00,4168.755,4178.785,4155.715,4174.81,,,,
2026-06-10T14:00:00+03:00,4174.835,4176.325,4145.865,4147.79,,,,
2026-06-10T15:00:00+03:00,4147.785,4173.98,4130.62,4147.235,,,,
2026-06-10T16:00:00+03:00,4147.29,4186.42,4133.065,4179.605,,,,
2026-06-10T17:00:00+03:00,4179.695,4181.215,4117.78,4125,,,,
2026-06-10T18:00:00+03:00,4124.985,4137.06,4107.03,4128.92,,,,
2026-06-10T19:00:00+03:00,4128.98,4135.385,4116.16,4122.13,,,,
2026-06-10T20:00:00+03:00,4122.085,4135.08,4100.985,4111.72,,,,
2026-06-10T21:00:00+03:00,4111.78,4120.51,4097.095,4101.67,,,,
2026-06-10T22:00:00+03:00,4101.69,4102.25,4081.73,4082.775,,,,
2026-06-10T23:00:00+03:00,4082.75,4083.185,4067.24,4072.015,,,,
2026-06-11T01:00:00+03:00,4061.7,4069.38,4036.06,4046.485,,,,
2026-06-11T02:00:00+03:00,4046.53,4064.965,4023.87,4047.445,,,,4023.87
2026-06-11T03:00:00+03:00,4047.475,4078.15,4036.03,4075.92,,,,
2026-06-11T04:00:00+03:00,4075.725,4118.395,4066.315,4101.91,,4118.395,,
2026-06-11T05:00:00+03:00,4102.065,4102.815,4052.295,4068.03,,,,
2026-06-11T06:00:00+03:00,4068.055,4078.705,4057.04,4072.675,,,,
2026-06-11T07:00:00+03:00,4072.665,4086.155,4070.26,4082.93,,,,
2026-06-11T08:00:00+03:00,4082.935,4106.325,4072.885,4094.355,,,,
2026-06-11T09:00:00+03:00,4094.28,4097.58,4076.52,4094.485,,,,
2026-06-11T10:00:00+03:00,4094.49,4110.64,4091.845,4104.925,,,,
2026-06-11T11:00:00+03:00,4104.845,4112.725,4084.7,4084.715,,4112.725,,
2026-06-11T12:00:00+03:00,4084.71,4096.54,4077.645,4091.745,,,,
2026-06-11T13:00:00+03:00,4091.695,4094.74,4086.71,4090.07,,,,
2026-06-11T14:00:00+03:00,4090.065,4096.07,4079.975,4080.395,,,,
2026-06-11T15:00:00+03:00,4080.5,4087.31,4057.55,4081.97,,,,
2026-06-11T16:00:00+03:00,4081.98,4092.92,4067.285,4083.235,,,,
2026-06-11T17:00:00+03:00,4083.275,4085.57,4052.975,4073.41,,,4052.975,
2026-06-11T18:00:00+03:00,4073.405,4095.655,4070.38,4088.905,,,,
2026-06-11T19:00:00+03:00,4088.905,4107.755,4078.03,4080.375,,,,
2026-06-11T20:00:00+03:00,4080.38,4170.095,4072.02,4151.895,,,,
2026-06-11T21:00:00+03:00,4151.925,4171.76,4131.455,4161.87,,,,
2026-06-11T22:00:00+03:00,4161.94,4220.22,4161.94,4208.91,,,,
2026-06-11T23:00:00+03:00,4208.97,4218.69,4208.17,4211.195,,,,
2026-06-12T01:00:00+03:00,4208.535,4246.715,4205.51,4243.515,4246.715,,,
2026-06-12T02:00:00+03:00,4243.505,4246.09,4214.28,4219.915,,,,
2026-06-12T03:00:00+03:00,4219.815,4230.53,4200.875,4208.435,,,,
2026-06-12T04:00:00+03:00,4208.405,4210.98,4171.405,4186.71,,,,
2026-06-12T05:00:00+03:00,4186.645,4200.03,4182.91,4191.475,,,,
2026-06-12T06:00:00+03:00,4191.375,4204.995,4189.425,4197.17,,,,
2026-06-12T07:00:00+03:00,4197.195,4201.27,4189.685,4189.92,,,,
2026-06-12T08:00:00+03:00,4189.885,4193.03,4171.005,4173.47,,,,
2026-06-12T09:00:00+03:00,4173.51,4185.77,4172.385,4184.12,,,,
2026-06-12T10:00:00+03:00,4184.05,4194.53,4170.29,4194.53,,,4170.29,
2026-06-12T11:00:00+03:00,4194.495,4226.13,4192.165,4219.545,,,,
2026-06-12T12:00:00+03:00,4219.55,4228.07,4217.45,4221.995,,4228.07,,
2026-06-12T13:00:00+03:00,4222.01,4225.71,4202.945,4211.055,,,,
2026-06-12T14:00:00+03:00,4211.005,4215.43,4197.735,4206.915,,,,
2026-06-12T15:00:00+03:00,4206.93,4215.43,4188.59,4191.76,,,,
2026-06-12T16:00:00+03:00,4191.795,4210.325,4182.88,4186.575,,,,
2026-06-12T17:00:00+03:00,4186.545,4208.62,4177.25,4204.07,,,4177.25,
2026-06-12T18:00:00+03:00,4204.065,4235.69,4200.38,4212.12,4235.69,,,
2026-06-12T19:00:00+03:00,4212.155,4233.085,4208.2,4216.155,,,,
2026-06-12T20:00:00+03:00,4216.19,4226.525,4214.03,4221.515,,,,
2026-06-12T21:00:00+03:00,4221.535,4235.485,4214.215,4215.625,,,,
2026-06-12T22:00:00+03:00,4215.575,4219.565,4201.82,4210.8,,,,
2026-06-12T23:00:00+03:00,4210.78,4219.52,4209.505,4218.56,,,,
2026-06-15T01:00:00+03:00,4301.665,4309.19,4280.395,4285.675,,,,
2026-06-15T02:00:00+03:00,4285.705,4295.225,4281.24,4294.04,,,,
2026-06-15T03:00:00+03:00,4294.045,4308.42,4291.635,4292.545,,,,
2026-06-15T04:00:00+03:00,4292.635,4319.715,4285.32,4316.94,,,,
2026-06-15T05:00:00+03:00,4316.905,4335.57,4316.28,4329.65,4335.57,,,
2026-06-15T06:00:00+03:00,4329.64,4331.395,4321.26,4325.1,,,,
2026-06-15T07:00:00+03:00,4325.195,4330.44,4320.76,4328.345,,,,
2026-06-15T08:00:00+03:00,4328.33,4333.05,4307.57,4310.135,,,,
2026-06-15T09:00:00+03:00,4310.15,4313.48,4301.005,4308.125,,,,
2026-06-15T10:00:00+03:00,4308.185,4325.375,4305.41,4323.24,,,,
2026-06-15T11:00:00+03:00,4323.22,4345.555,4321.875,4334.14,,,,
2026-06-15T12:00:00+03:00,4334.145,4343.285,4334.145,4336.78,,,,
2026-06-15T13:00:00+03:00,4336.885,4341.585,4335.4,4338.31,,,,
2026-06-15T14:00:00+03:00,4338.31,4347.575,4331.99,4335.505,,,,
2026-06-15T15:00:00+03:00,4335.525,4349.41,4324.8,4349.15,,,,
2026-06-15T16:00:00+03:00,4349.135,4369.085,4341.32,4355.215,,,,
2026-06-15T17:00:00+03:00,4355.2,4369.665,4353.91,4356.89,4369.665,,,
2026-06-15T18:00:00+03:00,4356.88,4360.855,4349.655,4356.345,,,,
2026-06-15T19:00:00+03:00,4356.395,4358.825,4334.65,4339.19,,,,
2026-06-15T20:00:00+03:00,4339.26,4339.26,4320.545,4324.955,,,,
2026-06-15T21:00:00+03:00,4324.965,4328.015,4318.06,4325.75,,,,
2026-06-15T22:00:00+03:00,4325.68,4326.825,4316.73,4320.71,,,,
2026-06-15T23:00:00+03:00,4320.725,4322.095,4306.545,4308.85,,,,
2026-06-16T01:00:00+03:00,4312.985,4315.44,4306.11,4312.215,,,4306.11,
2026-06-16T02:00:00+03:00,4312.22,4319.33,4311.485,4315.705,,,,
2026-06-16T03:00:00+03:00,4315.665,4320.955,4306.985,4319.295,,,,
2026-06-16T04:00:00+03:00,4319.305,4326.02,4312.27,4313.6,,,,
2026-06-16T05:00:00+03:00,4313.615,4321.08,4307.7,4318.855,,,,
2026-06-16T06:00:00+03:00,4318.805,4333.375,4315.515,4330.475,,,,
2026-06-16T07:00:00+03:00,4330.45,4332.245,4321.315,4322.63,,,,
2026-06-16T08:00:00+03:00,4322.65,4331,4314.24,4315.84,,,,
2026-06-16T09:00:00+03:00,4315.825,4324.525,4313.53,4323.835,,,,
2026-06-16T10:00:00+03:00,4323.99,4335.585,4322.665,4335.105,,,,
2026-06-16T11:00:00+03:00,4335.1,4348.105,4332.715,4347.02,,,,
2026-06-16T12:00:00+03:00,4347.03,4348.505,4338.41,4345.205,,,,
2026-06-16T13:00:00+03:00,4345.2,4349.14,4342.34,4349.14,,,,
2026-06-16T14:00:00+03:00,4349.045,4349.655,4335.165,4341.005,,,,
2026-06-16T15:00:00+03:00,4341.025,4354.95,4337.5,4354.66,,4354.95,,
2026-06-16T16:00:00+03:00,4354.57,4354.835,4331.67,4331.855,,,,
2026-06-16T17:00:00+03:00,4331.82,4338.89,4313.32,4324.19,,,4313.32,
2026-06-16T18:00:00+03:00,4324.11,4343.445,4321.025,4335.35,,,,
2026-06-16T19:00:00+03:00,4335.305,4347.145,4334.975,4340.6,,,,
2026-06-16T20:00:00+03:00,4340.57,4341.2,4325.37,4340.215,,,,
2026-06-16T21:00:00+03:00,4340.235,4342.94,4336.235,4338.58,,,,
2026-06-16T22:00:00+03:00,4338.66,4342.92,4330.69,4334.105,,,,
2026-06-16T23:00:00+03:00,4334.06,4335.015,4329.69,4331.28,,,,
2026-06-17T01:00:00+03:00,4331.69,4336.255,4328.975,4335.45,,,,
2026-06-17T02:00:00+03:00,4335.445,4338.57,4329.58,4331.025,,,,
2026-06-17T03:00:00+03:00,4331.03,4341.785,4328.615,4337.06,,,,
2026-06-17T04:00:00+03:00,4336.995,4349.605,4334.265,4340.955,,4349.605,,
2026-06-17T05:00:00+03:00,4340.965,4344.545,4329.74,4331.73,,,,
2026-06-17T06:00:00+03:00,4331.72,4334.29,4328.79,4332.305,,,,
2026-06-17T07:00:00+03:00,4332.31,4334.18,4317.665,4326.845,,,,
2026-06-17T08:00:00+03:00,4326.87,4334.285,4321.125,4326.685,,,,
2026-06-17T09:00:00+03:00,4326.81,4331.92,4320.575,4331.82,,,,
2026-06-17T10:00:00+03:00,4331.785,4332.825,4324.73,4325.275,,,,
2026-06-17T11:00:00+03:00,4325.325,4328.08,4317.19,4324.72,,,4317.19,
2026-06-17T12:00:00+03:00,4324.67,4335.81,4321.29,4329.64,,,,
2026-06-17T13:00:00+03:00,4329.64,4335.225,4326.735,4331.49,,,,
2026-06-17T14:00:00+03:00,4331.58,4332.165,4321.04,4323.285,,,,
2026-06-17T15:00:00+03:00,4323.315,4335.79,4319.94,4333.68,,,,
2026-06-17T16:00:00+03:00,4333.675,4345.27,4324.09,4339.705,,,,
2026-06-17T17:00:00+03:00,4339.695,4364.09,4330.95,4344.7,,,,
2026-06-17T18:00:00+03:00,4344.67,4364.935,4343.82,4363.575,,,,
2026-06-17T19:00:00+03:00,4363.545,4366.555,4355.14,4359.515,,,,
2026-06-17T20:00:00+03:00,4359.505,4382.615,4355.335,4379.55,4382.615,,,
2026-06-17T21:00:00+03:00,4379.505,4379.505,4270.2,4286.52,,,,
2026-06-17T22:00:00+03:00,4286.535,4295.7,4219.165,4236.055,,,,4219.165
2026-06-17T23:00:00+03:00,4235.99,4269.855,4235.205,4257.65,,,,
2026-06-18T01:00:00+03:00,4257.675,4271.645,4257.675,4267.02,,,,
2026-06-18T02:00:00+03:00,4267,4283.89,4264.245,4278.08,,,,
2026-06-18T03:00:00+03:00,4278.09,4315.39,4276.625,4308.39,,,,
2026-06-18T04:00:00+03:00,4308.355,4328.545,4306.83,4318.045,,,,
2026-06-18T05:00:00+03:00,4318.05,4329.865,4310.365,4310.96,,4329.865,,
2026-06-18T06:00:00+03:00,4310.94,4322.73,4309.225,4319.635,,,,
2026-06-18T07:00:00+03:00,4319.745,4324.055,4309.82,4315.68,,,,
2026-06-18T08:00:00+03:00,4315.685,4324.91,4301.355,4308.105,,,,
2026-06-18T09:00:00+03:00,4308.14,4310.035,4296.23,4306.66,,,,
2026-06-18T10:00:00+03:00,4306.675,4309.375,4287.445,4288.645,,,,
2026-06-18T11:00:00+03:00,4288.665,4293.015,4265.6,4266.965,,,,
2026-06-18T12:00:00+03:00,4267.03,4273.365,4259.875,4268.64,,,,
2026-06-18T13:00:00+03:00,4268.61,4272.985,4254.85,4255.66,,,,
2026-06-18T14:00:00+03:00,4255.69,4255.995,4240.07,4242.04,,,,
2026-06-18T15:00:00+03:00,4242.035,4269.225,4240.55,4246.79,,,,
2026-06-18T16:00:00+03:00,4246.775,4276.745,4245.09,4256.755,,,,
2026-06-18T17:00:00+03:00,4256.795,4257.98,4237.265,4252.345,,,,
2026-06-18T18:00:00+03:00,4252.365,4254.845,4223.2,4226.69,,,,
2026-06-18T19:00:00+03:00,4226.75,4233.465,4214.165,4219.65,,,,
2026-06-18T20:00:00+03:00,4219.675,4233.225,4218.805,4230.29,,,,
2026-06-18T21:00:00+03:00,4230.305,4233.235,4218.34,4218.605,,,,
2026-06-18T22:00:00+03:00,4218.715,4219.29,4201.495,4217.205,,,,
2026-06-18T23:00:00+03:00,4217.21,4219.685,4207.685,4208.995,,,,
2026-06-19T01:00:00+03:00,4204.63,4210.695,4202.685,4207.54,,,,
2026-06-19T02:00:00+03:00,4207.585,4208.55,4186.94,4188.445,,,,
2026-06-19T03:00:00+03:00,4188.44,4198.245,4184.075,4190.62,,,,
2026-06-19T04:00:00+03:00,4190.625,4194.665,4184.125,4184.995,,,,
2026-06-19T05:00:00+03:00,4184.955,4186.335,4171.955,4176.425,,,,
2026-06-19T06:00:00+03:00,4176.395,4177.355,4146.05,4153.68,,,,
2026-06-19T07:00:00+03:00,4153.685,4155.33,4125.225,4125.685,,,,
2026-06-19T08:00:00+03:00,4125.63,4141.84,4121.955,4139.77,,,,4121.955
2026-06-19T09:00:00+03:00,4139.765,4150.87,4133.065,4147.775,,,,
2026-06-19T10:00:00+03:00,4147.665,4163.355,4147.665,4158.215,,,,
2026-06-19T11:00:00+03:00,4158.22,4178.525,4155.435,4169.325,,,,
2026-06-19T12:00:00+03:00,4169.31,4171.08,4161.18,4163.025,,,,
2026-06-19T13:00:00+03:00,4163.03,4163.285,4148.2,4149.835,,,,
2026-06-19T14:00:00+03:00,4149.72,4155.105,4142.035,4152.71,,,,
2026-06-19T15:00:00+03:00,4152.805,4180.12,4147.445,4179.07,,,,
2026-06-19T16:00:00+03:00,4179.06,4183.125,4150.565,4151.54,,4183.125,,
2026-06-19T17:00:00+03:00,4151.525,4154.765,4142.545,4149.485,,,,
2026-06-19T18:00:00+03:00,4149.475,4154.155,4147.835,4151.25,,,,
2026-06-19T19:00:00+03:00,4151.24,4157.985,4144.32,4155.405,,,,
2026-06-22T01:00:00+03:00,4157.1,4160.11,4147.905,4156.44,,,,
2026-06-22T02:00:00+03:00,4156.43,4164.945,4136.695,4140.385,,,4136.695,
2026-06-22T03:00:00+03:00,4140.405,4201.24,4140.095,4201.185,,,,
2026-06-22T04:00:00+03:00,4201.27,4221.37,4189.735,4191.225,4221.37,,,
2026-06-22T05:00:00+03:00,4191.24,4200.29,4183.54,4188.575,,,,
2026-06-22T06:00:00+03:00,4188.59,4190.065,4170.805,4171.635,,,,
2026-06-22T07:00:00+03:00,4171.57,4182.345,4170.695,4181.945,,,,
2026-06-22T08:00:00+03:00,4181.82,4198.66,4179.51,4193.96,,,,
2026-06-22T09:00:00+03:00,4193.925,4207.355,4191.31,4197.59,,,,
2026-06-22T10:00:00+03:00,4197.62,4201.945,4188.87,4190.49,,,,
2026-06-22T11:00:00+03:00,4190.5,4197.945,4188.645,4197.455,,,,
2026-06-22T12:00:00+03:00,4197.425,4210.215,4195.985,4208.23,,,,
2026-06-22T13:00:00+03:00,4208.21,4214.42,4203.715,4204.795,,,,
2026-06-22T14:00:00+03:00,4204.8,4215.255,4201.61,4207.555,,4215.255,,
2026-06-22T15:00:00+03:00,4207.57,4212,4192.24,4193.295,,,,
2026-06-22T16:00:00+03:00,4193.29,4205.8,4183,4199.875,,,,
2026-06-22T17:00:00+03:00,4199.925,4210.78,4186.48,4198.385,,,,
2026-06-22T18:00:00+03:00,4198.39,4201.455,4169.82,4182.805,,,4169.82,
2026-06-22T19:00:00+03:00,4182.85,4193.23,4174.405,4190.13,,,,
2026-06-22T20:00:00+03:00,4190.235,4191.725,4177.165,4183.235,,,,
2026-06-22T21:00:00+03:00,4183.31,4192.915,4182.67,4191.34,,,,
2026-06-22T22:00:00+03:00,4191.36,4193.47,4184.23,4190.755,,,,
2026-06-22T23:00:00+03:00,4190.8,4193.835,4188.72,4191.69,,,,
2026-06-23T01:00:00+03:00,4192.855,4194.86,4188.445,4189.975,,,,
2026-06-23T02:00:00+03:00,4189.965,4195.255,4186.875,4187.615,,,,
2026-06-23T03:00:00+03:00,4187.585,4194.74,4178.485,4193.49,,,,
2026-06-23T04:00:00+03:00,4193.345,4198.605,4150.025,4161.305,,4198.605,,
2026-06-23T05:00:00+03:00,4161.32,4163.4,4146.545,4146.99,,,,
2026-06-23T06:00:00+03:00,4146.95,4149.95,4130.965,4144.195,,,,
2026-06-23T07:00:00+03:00,4144.35,4147.065,4114.825,4118.325,,,,
2026-06-23T08:00:00+03:00,4118.36,4137.595,4115.58,4121.245,,,,
2026-06-23T09:00:00+03:00,4121.195,4127.17,4110.335,4114.49,,,,
2026-06-23T10:00:00+03:00,4114.455,4124.92,4096.61,4098.98,,,,
2026-06-23T11:00:00+03:00,4098.99,4111.05,4091.03,4105.34,,,,4091.03
2026-06-23T12:00:00+03:00,4105.32,4122.375,4103.945,4122.375,,,,
2026-06-23T13:00:00+03:00,4122.42,4133.48,4119.565,4119.68,,,,
2026-06-23T14:00:00+03:00,4119.67,4132.11,4117.44,4123.405,,,,
2026-06-23T15:00:00+03:00,4123.445,4127.48,4111.72,4113.305,,,,
2026-06-23T16:00:00+03:00,4113.295,4140.39,4105.43,4135.39,,,,
2026-06-23T17:00:00+03:00,4135.35,4145.215,4122.775,4130.08,,4145.215,,
2026-06-23T18:00:00+03:00,4130.075,4141.82,4123.485,4138.71,,,,
2026-06-23T19:00:00+03:00,4138.755,4143.94,4131.645,4134.385,,,,
2026-06-23T20:00:00+03:00,4134.355,4139.955,4127.79,4128.1,,,,
2026-06-23T21:00:00+03:00,4128.12,4131.16,4112.88,4117.88,,,,
2026-06-23T22:00:00+03:00,4117.895,4126.215,4111.675,4111.795,,,,
2026-06-23T23:00:00+03:00,4111.845,4113.035,4107.53,4110.745,,,,
2026-06-24T01:00:00+03:00,4111.71,4115.235,4097.01,4104.275,,,,
2026-06-24T02:00:00+03:00,4104.26,4104.355,4080.895,4099.25,,,,
2026-06-24T03:00:00+03:00,4099.27,4112.135,4093.82,4097.5,,,,
2026-06-24T04:00:00+03:00,4097.55,4102.51,4068.52,4089.075,,,,
2026-06-24T05:00:00+03:00,4088.96,4096.335,4052.07,4061.275,,,,
2026-06-24T06:00:00+03:00,4061.22,4070.705,4050.47,4062.835,,,,4050.47
2026-06-24T07:00:00+03:00,4062.87,4067.34,4055.035,4064.635,,,,
2026-06-24T08:00:00+03:00,4064.475,4086.24,4060.86,4075.85,,,,
2026-06-24T09:00:00+03:00,4075.74,4097.73,4075.63,4087.135,,,,
2026-06-24T10:00:00+03:00,4087.075,4090.845,4073.795,4074.925,,,,
2026-06-24T11:00:00+03:00,4074.94,4087.76,4073.185,4076.385,,,,
2026-06-24T12:00:00+03:00,4076.39,4079.36,4064.26,4064.655,,,,
2026-06-24T13:00:00+03:00,4064.82,4066.96,4054.6,4055.805,,,,
2026-06-24T14:00:00+03:00,4055.855,4058.615,4037.585,4046.78,,,,
2026-06-24T15:00:00+03:00,4046.765,4048.86,3987.655,3987.93,,,,
2026-06-24T16:00:00+03:00,3988.115,4042.26,3964.645,4038.365,,,,
2026-06-24T17:00:00+03:00,4038.33,4041.025,4003.075,4008.05,,,,
2026-06-24T18:00:00+03:00,4008.17,4016.97,3997.37,4002.635,,,,
2026-06-24T19:00:00+03:00,4002.605,4022.435,3995.615,4006.845,,,,
2026-06-24T20:00:00+03:00,4006.865,4011.49,3972.78,3972.9,,,,
2026-06-24T21:00:00+03:00,3973.035,3994.34,3959.08,3981.535,,,,3959.08
2026-06-24T22:00:00+03:00,3981.74,3990.875,3973.67,3988.055,,,,
2026-06-24T23:00:00+03:00,3988.07,4003,3984.71,3999.5,,,,
2026-06-25T01:00:00+03:00,4006.955,4007.825,3992.905,3996.475,,,,
2026-06-25T02:00:00+03:00,3996.5,4018.825,3990.87,4012.5,,4018.825,,
2026-06-25T03:00:00+03:00,4012.47,4016.42,3978.5,3991.775,,,,
2026-06-25T04:00:00+03:00,3991.71,4005.825,3972.425,3976.92,,,,
2026-06-25T05:00:00+03:00,3976.91,3991.35,3962.475,3982.83,,,3962.475,
2026-06-25T06:00:00+03:00,3982.845,4001.125,3966.335,3995.365,,,,
2026-06-25T07:00:00+03:00,3995.4,3997.76,3983.605,3996.225,,,,
2026-06-25T08:00:00+03:00,3996.205,4000.215,3980.535,3986.73,,,,
2026-06-25T09:00:00+03:00,3986.545,3989.465,3974.12,3977.655,,,,
2026-06-25T10:00:00+03:00,3977.68,3989.765,3971.695,3987.835,,,,
2026-06-25T11:00:00+03:00,3987.885,4002.11,3984.355,3989.17,,,,
2026-06-25T12:00:00+03:00,3989.24,3997.72,3986.095,3988.245,,,,
2026-06-25T13:00:00+03:00,3988.265,3989.52,3981.355,3984.39,,,,
2026-06-25T14:00:00+03:00,3984.595,3987.86,3973.64,3980.14,,,,
2026-06-25T15:00:00+03:00,3980.2,4019.38,3978.84,4012.67,,,,
2026-06-25T16:00:00+03:00,4012.68,4034.225,4000.98,4002.365,,,,
2026-06-25T17:00:00+03:00,4002.36,4028.55,3999.17,4011.925,,,,
2026-06-25T18:00:00+03:00,4011.92,4042.755,4005.02,4041.525,,,,
2026-06-25T19:00:00+03:00,4041.49,4044.085,4023.88,4028.73,,,,
2026-06-25T20:00:00+03:00,4028.78,4036.83,4026.88,4034.725,,,,
2026-06-25T21:00:00+03:00,4034.735,4044.14,4026.025,4034.8,4044.14,,,
2026-06-25T22:00:00+03:00,4034.88,4043.87,4021.965,4026.83,,,,
2026-06-25T23:00:00+03:00,4026.745,4035.155,4024.51,4026.92,,,,
2026-06-26T01:00:00+03:00,4030.09,4036.505,4019.935,4026.44,,,,
2026-06-26T02:00:00+03:00,4026.28,4030.535,4012.815,4014.555,,,,
2026-06-26T03:00:00+03:00,4014.635,4024.735,4011.575,4020.495,,,,
2026-06-26T04:00:00+03:00,4020.505,4030.015,4014.315,4020.915,,,,
2026-06-26T05:00:00+03:00,4020.875,4023.355,3982.95,3990.61,,,3982.95,
2026-06-26T06:00:00+03:00,3990.56,4006.685,3986.645,4004.52,,,,
2026-06-26T07:00:00+03:00,4004.51,4015.295,3998.935,4011.705,,,,
2026-06-26T08:00:00+03:00,4011.71,4021.57,4005.63,4008.19,,,,
2026-06-26T09:00:00+03:00,4008.205,4033.185,4006.795,4032.115,,,,
2026-06-26T10:00:00+03:00,4032.1,4039.875,4026.81,4030.565,,,,
2026-06-26T11:00:00+03:00,4030.525,4037.805,4025.86,4030.94,,,,
2026-06-26T12:00:00+03:00,4030.945,4054.16,4029.59,4047.185,,,,
2026-06-26T13:00:00+03:00,4047.175,4054.995,4042.42,4054.705,,,,
2026-06-26T14:00:00+03:00,4054.73,4055.76,4042.61,4045.965,,,,
2026-06-26T15:00:00+03:00,4045.985,4061.615,4035.935,4058.99,,,,
2026-06-26T16:00:00+03:00,4059.035,4078.265,4043.23,4073.77,,,,
2026-06-26T17:00:00+03:00,4073.75,4093.15,4067.805,4080.585,,,,
2026-06-26T18:00:00+03:00,4080.63,4095.985,4075.72,4090.625,4095.985,,,
2026-06-26T19:00:00+03:00,4090.71,4093.785,4082.21,4085.2,,,,
2026-06-26T20:00:00+03:00,4085.225,4088.215,4073.825,4074.85,,,,
2026-06-26T21:00:00+03:00,4074.865,4079.02,4067.275,4067.46,,,,
2026-06-26T22:00:00+03:00,4067.48,4074.695,4064.705,4071.815,,,,
2026-06-26T23:00:00+03:00,4071.845,4091.205,4064.795,4088.385,,,,
2026-06-29T01:00:00+03:00,4075.86,4083.82,4053.375,4066.425,,,,
2026-06-29T02:00:00+03:00,4066.385,4070.545,4052.145,4063.115,,,,
2026-06-29T03:00:00+03:00,4063.08,4074.33,4048.15,4069.41,,,,
2026-06-29T04:00:00+03:00,4069.415,4074.75,4053.77,4061.6,,,,
2026-06-29T05:00:00+03:00,4061.59,4071.85,4058.53,4066.24,,,,
2026-06-29T06:00:00+03:00,4066.185,4076.015,4064.92,4068.895,,,,
2026-06-29T07:00:00+03:00,4068.88,4069.125,4049.665,4052.335,,,,
2026-06-29T08:00:00+03:00,4052.23,4057.505,4039.325,4054.475,,,,
2026-06-29T09:00:00+03:00,4054.415,4064.88,4053.585,4062.365,,,,
2026-06-29T10:00:00+03:00,4062.405,4068.83,4056.185,4061.72,,,,
2026-06-29T11:00:00+03:00,4061.63,4066.78,4043.875,4047.28,,,,
2026-06-29T12:00:00+03:00,4047.26,4055.485,4024.44,4031.66,,,,
2026-06-29T13:00:00+03:00,4031.65,4039.855,4027.545,4037.015,,,,
2026-06-29T14:00:00+03:00,4037.02,4042.34,4027.51,4039.285,,,,
2026-06-29T15:00:00+03:00,4039.38,4052.61,4037.605,4043.75,,,,
2026-06-29T16:00:00+03:00,4043.785,4051.935,4028.315,4032.265,,,,
2026-06-29T17:00:00+03:00,4032.36,4035.62,4000.325,4025.745,,,4000.325,
2026-06-29T18:00:00+03:00,4025.71,4030.525,4016.84,4026.96,,,,
2026-06-29T19:00:00+03:00,4026.975,4028.765,4018.755,4023.975,,,,
2026-06-29T20:00:00+03:00,4023.98,4032.17,4019.405,4021.055,,,,
2026-06-29T21:00:00+03:00,4021.07,4025.41,4012.02,4013.58,,,,
2026-06-29T22:00:00+03:00,4013.57,4019.675,4005.435,4015.955,,,,
2026-06-29T23:00:00+03:00,4015.91,4018.115,4012.82,4016.955,,,,
2026-06-30T01:00:00+03:00,4018.65,4022.455,4009.57,4014.235,,,,
2026-06-30T02:00:00+03:00,4014.365,4022.505,4013.675,4015.1,,,,
2026-06-30T03:00:00+03:00,4015.05,4015.4,3979.98,3987.34,,,,
2026-06-30T04:00:00+03:00,3987.325,3987.505,3942.1,3969.76,,,,3942.1
2026-06-30T05:00:00+03:00,3969.59,3973.645,3952.135,3963.13,,,,
2026-06-30T06:00:00+03:00,3963.01,3971.42,3960.255,3970.06,,,,
2026-06-30T07:00:00+03:00,3969.975,3998.27,3968.165,3985.585,,,,
2026-06-30T08:00:00+03:00,3985.575,3991.02,3975.23,3978.05,,,,
2026-06-30T09:00:00+03:00,3978.035,4034.325,3978.035,4029.625,,,,
2026-06-30T10:00:00+03:00,4029.68,4034.86,4023.785,4032.28,,,,
2026-06-30T11:00:00+03:00,4032.285,4037.665,4013.8,4015.725,,4037.665,,
2026-06-30T12:00:00+03:00,4015.695,4023.955,4012.47,4023.955,,,,
2026-06-30T13:00:00+03:00,4023.985,4031.385,4021.565,4029.895,,,,
2026-06-30T14:00:00+03:00,4029.85,4037.43,4025.45,4034.05,,,,
2026-06-30T15:00:00+03:00,4033.99,4034.56,4008.74,4009.97,,,4008.74,
2026-06-30T16:00:00+03:00,4010.025,4033.46,4009.455,4029.375,,,,
2026-06-30T17:00:00+03:00,4029.415,4063.48,4025.425,4037.405,4063.48,,,
2026-06-30T18:00:00+03:00,4037.455,4039.53,4022.335,4029.365,,,,
2026-06-30T19:00:00+03:00,4029.335,4034.015,4025.86,4026.175,,,,
2026-06-30T20:00:00+03:00,4026.145,4032.265,4020.765,4030.885,,,,
2026-06-30T21:00:00+03:00,4030.875,4033.925,4028.24,4028.55,,,,
2026-06-30T22:00:00+03:00,4028.56,4029.605,4014.73,4015.97,,,,
2026-06-30T23:00:00+03:00,4015.985,4021.265,4006.58,4007.525,,,,
2026-07-01T01:00:00+03:00,4014.34,4018.175,4011.085,4013.245,,,,
2026-07-01T02:00:00+03:00,4013.3,4018.505,4005.505,4005.835,,,,
2026-07-01T03:00:00+03:00,4005.86,4009.915,3993.21,3996.72,,,,
2026-07-01T04:00:00+03:00,3996.77,3999.9,3974.1,3977.995,,,,
2026-07-01T05:00:00+03:00,3978.005,3986.25,3970.395,3979.395,,,,
2026-07-01T06:00:00+03:00,3979.38,3987.095,3976.765,3980.58,,,,
2026-07-01T07:00:00+03:00,3980.615,3982.985,3972.515,3976.7,,,,
2026-07-01T08:00:00+03:00,3976.685,3979.15,3969.98,3974.13,,,,
2026-07-01T09:00:00+03:00,3974.135,3977.605,3963.34,3971.99,,,,
2026-07-01T10:00:00+03:00,3971.965,3978.585,3960.275,3976.065,,,,3960.275
2026-07-01T11:00:00+03:00,3976.1,3984.555,3969.465,3974.665,,,,
2026-07-01T12:00:00+03:00,3974.645,3986.145,3972.95,3984.545,,,,
2026-07-01T13:00:00+03:00,3984.535,3998.75,3981.39,3998.41,,,,
2026-07-01T14:00:00+03:00,3998.51,4035.595,3997.975,4030.475,,,,
2026-07-01T15:00:00+03:00,4030.5,4034.045,4019.65,4022.905,,,,
2026-07-01T16:00:00+03:00,4022.93,4108.205,4012.865,4089.65,,,,
2026-07-01T17:00:00+03:00,4090.045,4115.81,4082.925,4093.46,4115.81,,,
2026-07-01T18:00:00+03:00,4093.475,4094.665,4076.75,4081.16,,,,
2026-07-01T19:00:00+03:00,4081.165,4088.435,4070.55,4071.285,,,,
2026-07-01T20:00:00+03:00,4071.18,4073.725,4067.33,4068.21,,,,
2026-07-01T21:00:00+03:00,4068.21,4070.85,4057.865,4062.19,,,,
2026-07-01T22:00:00+03:00,4062.175,4068.365,4034.58,4038.88,,,,
2026-07-01T23:00:00+03:00,4038.87,4039.83,4028.265,4031.705,,,4028.265,
2026-07-02T01:00:00+03:00,4038.71,4045.155,4035.155,4045.035,,,,
2026-07-02T02:00:00+03:00,4045.025,4045.185,4033.245,4035.325,,,,
2026-07-02T03:00:00+03:00,4035.335,4052.795,4030.895,4052.095,,,,
2026-07-02T04:00:00+03:00,4052.14,4068.73,4045.29,4050.32,,,,
2026-07-02T05:00:00+03:00,4050.315,4061.065,4041.515,4057.085,,,,
2026-07-02T06:00:00+03:00,4057.09,4074.235,4055.51,4070.03,,,,
2026-07-02T07:00:00+03:00,4070.025,4073.325,4060.77,4060.87,,,,
2026-07-02T08:00:00+03:00,4060.885,4067.865,4053.245,4066.275,,,,
2026-07-02T09:00:00+03:00,4066.36,4079.92,4066.11,4073.275,,,,
2026-07-02T10:00:00+03:00,4073.305,4075.585,4060.815,4064.375,,,,
2026-07-02T11:00:00+03:00,4064.34,4080.12,4061.475,4076.19,,,,
2026-07-02T12:00:00+03:00,4076.195,4077.225,4064.095,4065.275,,,,
2026-07-02T13:00:00+03:00,4065.425,4068.8,4061.665,4066.365,,,,
2026-07-02T14:00:00+03:00,4066.37,4072.325,4057.44,4065.33,,,4057.44,
2026-07-02T15:00:00+03:00,4065.34,4140.525,4061.31,4117.58,,,,
2026-07-02T16:00:00+03:00,4117.55,4144.08,4109.445,4136.79,4144.08,,,
2026-07-02T17:00:00+03:00,4136.81,4138.265,4114.06,4128.655,,,,
2026-07-02T18:00:00+03:00,4128.64,4131.665,4114.745,4128.54,,,,
2026-07-02T19:00:00+03:00,4128.6,4130.39,4100.355,4118.185,,,,
2026-07-02T20:00:00+03:00,4118.02,4120.045,4105.855,4106.89,,,,
2026-07-02T21:00:00+03:00,4106.815,4127.09,4105.895,4122.75,,,,
2026-07-02T22:00:00+03:00,4122.755,4124.485,4108.295,4121.425,,,,
2026-07-02T23:00:00+03:00,4121.385,4125.19,4116.365,4123.605,,,,
2026-07-03T01:00:00+03:00,4125.815,4128.335,4122.62,4124.745,,,,
2026-07-03T02:00:00+03:00,4124.725,4135.08,4121.47,4126.105,,,,
2026-07-03T03:00:00+03:00,4126.015,4151.14,4122.775,4147.115,,,,
2026-07-03T04:00:00+03:00,4147.175,4195.51,4146.725,4182.51,4195.51,,,
2026-07-03T05:00:00+03:00,4182.525,4186.86,4176.485,4183.425,,,,
2026-07-03T06:00:00+03:00,4183.4,4184.62,4175.205,4176.07,,,,
2026-07-03T07:00:00+03:00,4176.02,4183.06,4173.085,4179.065,,,,
2026-07-03T08:00:00+03:00,4179.055,4182.08,4169.165,4171.335,,,,
2026-07-03T09:00:00+03:00,4171.33,4174.515,4160.415,4173.11,,,,
2026-07-03T10:00:00+03:00,4173.145,4181.665,4169.39,4177.535,,,,
2026-07-03T11:00:00+03:00,4177.55,4186.655,4176.9,4181.14,,4186.655,,
2026-07-03T12:00:00+03:00,4181.09,4182.08,4168.57,4172.115,,,,
2026-07-03T13:00:00+03:00,4172.08,4181.275,4170.865,4177.16,,,,
2026-07-03T14:00:00+03:00,4177.09,4186.46,4175.64,4181.025,,,,
2026-07-03T15:00:00+03:00,4181.04,4183.29,4172.255,4176.775,,,,
2026-07-03T16:00:00+03:00,4176.905,4179.38,4163.705,4164.76,,,,
2026-07-03T17:00:00+03:00,4164.9,4171.295,4155.41,4170,,,4155.41,
2026-07-03T18:00:00+03:00,4169.99,4174.51,4164.54,4164.825,,,,
2026-07-03T19:00:00+03:00,4164.815,4176.58,4163,4175.695,,,,
2026-07-06T01:00:00+03:00,4180.345,4191.665,4177.305,4188.315,,,,
2026-07-06T02:00:00+03:00,4188.31,4202.225,4177.22,4183.285,,,,
2026-07-06T03:00:00+03:00,4183.275,4189.085,4170.295,4179.715,,,,
2026-07-06T04:00:00+03:00,4179.525,4202.705,4172.795,4186.07,4202.705,,,
2026-07-06T05:00:00+03:00,4186.265,4187.905,4168.71,4174.29,,,,
2026-07-06T06:00:00+03:00,4174.215,4176.53,4161.175,4165.375,,,,
2026-07-06T07:00:00+03:00,4165.36,4166.78,4157.525,4159.87,,,,
2026-07-06T08:00:00+03:00,4159.85,4161.09,4144.83,4148.135,,,,
2026-07-06T09:00:00+03:00,4148.13,4159.63,4145.91,4150.475,,,,
2026-07-06T10:00:00+03:00,4150.465,4166.52,4147.255,4164.58,,,,
2026-07-06T11:00:00+03:00,4164.68,4166.14,4147.265,4150.52,,,,
2026-07-06T12:00:00+03:00,4150.53,4151.25,4136.555,4143.24,,,,
2026-07-06T13:00:00+03:00,4143.225,4155.92,4142.095,4154.93,,,,
2026-07-06T14:00:00+03:00,4154.885,4159.6,4151.54,4155.265,,,,
2026-07-06T15:00:00+03:00,4155.28,4158.525,4131.52,4139.65,,,,
2026-07-06T16:00:00+03:00,4139.66,4150.625,4136.055,4140.835,,,,
2026-07-06T17:00:00+03:00,4140.1,4147.25,4128.51,4138.25,,,,4128.51
2026-07-06T18:00:00+03:00,4138.23,4152.185,4137.54,4148.43,,,,
2026-07-06T19:00:00+03:00,4148.48,4156.34,4140.295,4155.14,,,,
2026-07-06T20:00:00+03:00,4155.15,4161.65,4150.455,4161.26,,,,
2026-07-06T21:00:00+03:00,4161.295,4167.59,4155.435,4164.08,,,,
2026-07-06T22:00:00+03:00,4164.075,4165.53,4158.895,4163.81,,,,
2026-07-06T23:00:00+03:00,4163.805,4165.17,4160.77,4165.115,,,,
2026-07-07T01:00:00+03:00,4164.735,4168.65,4164.15,4164.275,,4168.65,,
2026-07-07T02:00:00+03:00,4164.29,4165.77,4157.005,4157.425,,,,
2026-07-07T03:00:00+03:00,4157.435,4162.75,4145.195,4146.13,,,,
2026-07-07T04:00:00+03:00,4146.095,4148.07,4125.7,4141.91,,,,
2026-07-07T05:00:00+03:00,4141.975,4145.39,4131.59,4136.815,,,,
2026-07-07T06:00:00+03:00,4136.805,4140.35,4124.535,4131.3,,,,
2026-07-07T07:00:00+03:00,4131.355,4141.415,4126.065,4126.835,,,,
2026-07-07T08:00:00+03:00,4126.885,4131.535,4116.7,4124.15,,,,4116.7
2026-07-07T09:00:00+03:00,4124.145,4133.03,4121.675,4130.54,,,,
2026-07-07T10:00:00+03:00,4130.535,4133.665,4124.465,4124.815,,,,
2026-07-07T11:00:00+03:00,4124.765,4139.395,4121.94,4126.08,,,,
2026-07-07T12:00:00+03:00,4126.065,4133.9,4119.81,4131.235,,,,
2026-07-07T13:00:00+03:00,4131.22,4138.875,4131.205,4135.83,,,,
2026-07-07T14:00:00+03:00,4135.835,4158.36,4131.84,4157.175,,,,
2026-07-07T15:00:00+03:00,4157.185,4175.085,4154.625,4172.4,,,,
2026-07-07T16:00:00+03:00,4172.505,4180.52,4156.16,4158.71,4180.52,,,
2026-07-07T17:00:00+03:00,4158.64,4163.95,4143.73,4154.32,,,,
2026-07-07T18:00:00+03:00,4154.215,4155.7,4135.945,4139.055,,,,
2026-07-07T19:00:00+03:00,4139.07,4147.31,4137.135,4145.235,,,,
2026-07-07T20:00:00+03:00,4145.19,4148.345,4140.685,4144.575,,,,
2026-07-07T21:00:00+03:00,4144.635,4145.365,4125.23,4127.105,,,,
2026-07-07T22:00:00+03:00,4127.06,4127.88,4092.295,4114.215,,,,4092.295
2026-07-07T23:00:00+03:00,4114.205,4115.905,4103.53,4106.12,,,,
2026-07-08T01:00:00+03:00,4105.04,4106.35,4095.74,4098.375,,,,
2026-07-08T02:00:00+03:00,4098.355,4108.01,4096.065,4098.775,,,,
2026-07-08T03:00:00+03:00,4098.78,4126.82,4097.125,4111.74,,,,
2026-07-08T04:00:00+03:00,4111.58,4117.89,4096.56,4111.23,,,,
2026-07-08T05:00:00+03:00,4111.275,4125.11,4106.08,4114.57,,,,
2026-07-08T06:00:00+03:00,4114.61,4131.22,4114.56,4123.55,,,,
2026-07-08T07:00:00+03:00,4123.45,4128.955,4120.61,4125.295,,,,
2026-07-08T08:00:00+03:00,4125.29,4133.99,4121.26,4127.925,,4133.99,,
2026-07-08T09:00:00+03:00,4127.895,4133.805,4122.245,4123.67,,,,
2026-07-08T10:00:00+03:00,4123.665,4127.27,4114.9,4121.36,,,,
2026-07-08T11:00:00+03:00,4121.345,4121.365,4052.285,4057.005,,,,
2026-07-08T12:00:00+03:00,4056.93,4061.105,4041.565,4043.515,,,,
2026-07-08T13:00:00+03:00,4043.545,4058.77,4040.575,4053.165,,,,
2026-07-08T14:00:00+03:00,4053.155,4072.845,4041.55,4062.335,,,,
2026-07-08T15:00:00+03:00,4062.235,4086.445,4058.885,4072.325,,,,
2026-07-08T16:00:00+03:00,4072.33,4083.185,4065.34,4070.895,,,,
2026-07-08T17:00:00+03:00,4070.825,4071.585,4033.885,4040.915,,,,
2026-07-08T18:00:00+03:00,4040.955,4043.96,4021.815,4034.46,,,,4021.815
2026-07-08T19:00:00+03:00,4034.49,4064.48,4033.225,4063.87,,,,
2026-07-08T20:00:00+03:00,4063.875,4076.495,4059.77,4065.53,,,,
2026-07-08T21:00:00+03:00,4065.45,4091.67,4063.5,4084.285,,4091.67,,
2026-07-08T22:00:00+03:00,4084.275,4091.375,4078.425,4080.055,,,,
2026-07-08T23:00:00+03:00,4080.04,4083.64,4071.645,4077.12,,,,
2026-07-09T01:00:00+03:00,4074.405,4079.885,4073.475,4076.57,,,,
2026-07-09T02:00:00+03:00,4076.575,4077.905,4072.26,4076.285,,,,
2026-07-09T03:00:00+03:00,4076.185,4090.02,4070.38,4073.97,,,,
2026-07-09T04:00:00+03:00,4073.985,4078.895,4062.475,4073.09,,,,
2026-07-09T05:00:00+03:00,4073.185,4082.83,4064.525,4065.195,,,,
2026-07-09T06:00:00+03:00,4065.19,4067.8,4054.4,4064.25,,,4054.4,
2026-07-09T07:00:00+03:00,4064.37,4064.705,4056.455,4064.405,,,,
2026-07-09T08:00:00+03:00,4064.4,4084.325,4063.85,4082.02,,,,
2026-07-09T09:00:00+03:00,4081.995,4108.185,4081.44,4108.04,,,,
2026-07-09T10:00:00+03:00,4108.065,4111.24,4101.54,4107.95,,,,
2026-07-09T11:00:00+03:00,4108.02,4118.005,4105.315,4108.34,,,,
2026-07-09T12:00:00+03:00,4108.34,4112.52,4103.09,4106.355,,,,
2026-07-09T13:00:00+03:00,4106.35,4110.22,4093.855,4099.23,,,,
2026-07-09T14:00:00+03:00,4099.205,4110.59,4097.915,4108.61,,,,
2026-07-09T15:00:00+03:00,4108.605,4122.63,4105.225,4107.69,,,,
2026-07-09T16:00:00+03:00,4107.665,4129.59,4106.875,4122.085,,,,
2026-07-09T17:00:00+03:00,4122.015,4136.605,4114.305,4127.84,,,,
2026-07-09T18:00:00+03:00,4127.915,4132.84,4124.885,4126.885,,,,
2026-07-09T19:00:00+03:00,4126.885,4138.035,4125.785,4128.155,,,,
2026-07-09T20:00:00+03:00,4128.115,4138.06,4125.095,4136.24,4138.06,,,
2026-07-09T21:00:00+03:00,4136.225,4136.48,4121.53,4124.59,,,,
2026-07-09T22:00:00+03:00,4124.58,4127.06,4118.91,4122.56,,,,
2026-07-09T23:00:00+03:00,4122.44,4125.745,4120.7,4123.79,,,,
2026-07-10T01:00:00+03:00,4125.25,4127.815,4121.65,4121.9,,,,
2026-07-10T02:00:00+03:00,4121.94,4125.24,4121.065,4123.535,,,,
2026-07-10T03:00:00+03:00,4123.54,4128.47,4114.545,4126.51,,,,
2026-07-10T04:00:00+03:00,4126.565,4131.26,4108.72,4116.895,,,,
2026-07-10T05:00:00+03:00,4116.995,4129.105,4116.12,4127.77,,,,
2026-07-10T06:00:00+03:00,4127.76,4134.92,4119.55,4120.355,,4134.92,,
2026-07-10T07:00:00+03:00,4120.375,4121.285,4112.265,4115.32,,,,
2026-07-10T08:00:00+03:00,4115.315,4117.285,4108.39,4116.89,,,,
2026-07-10T09:00:00+03:00,4116.845,4120.19,4111.16,4111.785,,,,
2026-07-10T10:00:00+03:00,4111.68,4115.52,4104.44,4109.07,,,,
2026-07-10T11:00:00+03:00,4108.985,4109.65,4094.86,4098.03,,,,
2026-07-10T12:00:00+03:00,4098.02,4105.625,4094.535,4104.5,,,,
2026-07-10T13:00:00+03:00,4104.525,4112.815,4104.28,4104.67,,,,
2026-07-10T14:00:00+03:00,4104.595,4108.205,4096.155,4102.415,,,,
2026-07-10T15:00:00+03:00,4102.465,4117.585,4097.63,4100.765,,4117.585,,
2026-07-10T16:00:00+03:00,4100.865,4106.765,4085.855,4099.995,,,,
2026-07-10T17:00:00+03:00,4099.99,4109.145,4072.8,4092.94,,,4072.8,
2026-07-10T18:00:00+03:00,4092.945,4113.595,4091.46,4113.115,,,,
2026-07-10T19:00:00+03:00,4113.215,4115.51,4104.48,4104.525,,,,
2026-07-10T20:00:00+03:00,4104.52,4107.035,4100.58,4100.785,,,,
2026-07-10T21:00:00+03:00,4100.815,4105.58,4098.21,4101.375,,,,
2026-07-10T22:00:00+03:00,4101.415,4109.155,4097.925,4108.465,,,,
2026-07-10T23:00:00+03:00,4108.47,4121.375,4108.4,4120.67,4121.375,,,
2026-07-13T01:00:00+03:00,4090.98,4094.82,4069.68,4076.745,,,,
2026-07-13T02:00:00+03:00,4076.795,4084.885,4068.61,4084.7,,,,
2026-07-13T03:00:00+03:00,4084.72,4091.295,4061.115,4074.105,,,,
2026-07-13T04:00:00+03:00,4074.36,4089.905,4065.74,4072.59,,,,
2026-07-13T05:00:00+03:00,4072.74,4077.405,4064.695,4068.735,,,,
2026-07-13T06:00:00+03:00,4068.57,4069.545,4053.27,4060.66,,,,
2026-07-13T07:00:00+03:00,4060.69,4060.69,4050.465,4058.95,,,,
2026-07-13T08:00:00+03:00,4058.935,4073.27,4052.17,4053.76,,,,
2026-07-13T09:00:00+03:00,4053.765,4063.72,4044.06,4055.655,,,,4044.06
2026-07-13T10:00:00+03:00,4055.66,4065.225,4049.045,4065.055,,,,
2026-07-13T11:00:00+03:00,4065.04,4080.845,4063.29,4074.585,,4080.845,,
2026-07-13T12:00:00+03:00,4074.555,4076.715,4068.18,4068.43,,,,
2026-07-13T13:00:00+03:00,4068.26,4070.705,4046.43,4060.815,,,,
2026-07-13T14:00:00+03:00,4060.835,4068.63,4055.08,4056.525,,,,
2026-07-13T15:00:00+03:00,4056.55,4067.6,4053.62,4067.56,,,,
2026-07-13T16:00:00+03:00,4067.61,4067.8,4042.005,4043.425,,,,
2026-07-13T17:00:00+03:00,4043.39,4047.025,4000.23,4015.415,,,,
2026-07-13T18:00:00+03:00,4015.4,4020.355,4010.37,4016.09,,,,
2026-07-13T19:00:00+03:00,4016.155,4018.115,3986.58,3993.5,,,,3986.58
2026-07-13T20:00:00+03:00,3993.655,4002.025,3992.055,3993.27,,,,
2026-07-13T21:00:00+03:00,3993.335,4005.215,3986.92,4001.51,,,,
2026-07-13T22:00:00+03:00,4001.585,4004.615,3993.62,4002.07,,,,
2026-07-13T23:00:00+03:00,4002.065,4006.245,3996.59,4001.185,,,,
2026-07-14T01:00:00+03:00,4001.64,4005.925,4000.9,4001.075,,,,
2026-07-14T02:00:00+03:00,4001.12,4003.18,3992.855,4001.26,,,,
2026-07-14T03:00:00+03:00,4001.355,4007.41,3983.545,4004.285,,,,3983.545
2026-07-14T04:00:00+03:00,4004.32,4012.385,3992.1,4010.58,,,,
2026-07-14T05:00:00+03:00,4010.6,4019.235,4006.15,4012.515,,,,
2026-07-14T06:00:00+03:00,4012.5,4019.25,4011.09,4017.13,,,,
2026-07-14T07:00:00+03:00,4017.195,4023.575,4013.57,4020.26,,,,
2026-07-14T08:00:00+03:00,4020.275,4034.25,4019.635,4031.42,,4034.25,,
2026-07-14T09:00:00+03:00,4031.475,4033.35,4021.75,4024.06,,,,
2026-07-14T10:00:00+03:00,4024.07,4029.965,4020.3,4020.83,,,,
2026-07-14T11:00:00+03:00,4020.89,4024.03,4014.515,4016.065,,,,
2026-07-14T12:00:00+03:00,4016.075,4024.6,4013.925,4021.745,,,,
2026-07-14T13:00:00+03:00,4021.66,4023.015,4015.175,4021.875,,,,
2026-07-14T14:00:00+03:00,4021.855,4031.915,4015.485,4031.185,,,,
2026-07-14T15:00:00+03:00,4031.11,4104.05,4023.33,4076.225,4104.05,,,
2026-07-14T16:00:00+03:00,4076.335,4088.795,4071,4076.63,,,,
2026-07-14T17:00:00+03:00,4076.68,4090.655,4070.71,4085.16,,,,
2026-07-14T18:00:00+03:00,4085.21,4100.685,4064.725,4066.415,,,,
2026-07-14T19:00:00+03:00,4066.4,4067.31,4057.81,4061.625,,,,
2026-07-14T20:00:00+03:00,4061.605,4065.17,4054.57,4062.885,,,,
2026-07-14T21:00:00+03:00,4062.68,4063.195,4042.885,4054.35,,,4042.885,
2026-07-14T22:00:00+03:00,4054.355,4057.395,4047.835,4055.84,,,,
2026-07-14T23:00:00+03:00,4055.83,4056.575,4049.31,4052.775,,,,
2026-07-15T01:00:00+03:00,4053.215,4053.24,4048.62,4049.05,,,,
2026-07-15T02:00:00+03:00,4049.11,4056.215,4046.925,4053.035,,,,
2026-07-15T03:00:00+03:00,4052.935,4060.845,4051.05,4059.295,,,,
2026-07-15T04:00:00+03:00,4059.285,4062.125,4035.54,4037.43,,4062.125,,
2026-07-15T05:00:00+03:00,4037.25,4042.305,4029.38,4035.335,,,,
2026-07-15T06:00:00+03:00,4035.285,4040.455,4028.1,4031.4,,,,
2026-07-15T07:00:00+03:00,4031.45,4035.315,4028.325,4033.245,,,,
2026-07-15T08:00:00+03:00,4033.32,4037.16,4022.245,4034.84,,,,
2026-07-15T09:00:00+03:00,4034.735,4035.63,4021.465,4032.1,,,,
2026-07-15T10:00:00+03:00,4032.155,4034.485,4019.71,4024.615,,,,
2026-07-15T11:00:00+03:00,4024.735,4033.29,4017.475,4031.35,,,,4017.475
2026-07-15T12:00:00+03:00,4031.385,4034.475,4025.605,4030.31,,,,
2026-07-15T13:00:00+03:00,4030.405,4036.14,4026.61,4028.27,,,,
2026-07-15T14:00:00+03:00,4028.26,4040.25,4027.77,4038.435,,,,
2026-07-15T15:00:00+03:00,4038.45,4071.595,4035.955,4067.85,,,,
2026-07-15T16:00:00+03:00,4068.045,4074.175,4054.105,4061.69,,,,
2026-07-15T17:00:00+03:00,4061.855,4066.07,4053.325,4060.61,,,,
2026-07-15T18:00:00+03:00,4060.605,4063.01,4039.655,4046.985,,,,
2026-07-15T19:00:00+03:00,4047.03,4048.02,4026.945,4033.83,,,4026.945,
2026-07-15T20:00:00+03:00,4033.82,4066.3,4033.11,4062.36,,,,
2026-07-15T21:00:00+03:00,4062.41,4081.52,4058.1,4059.29,4081.52,,,
2026-07-15T22:00:00+03:00,4059.265,4063.055,4048.1,4057.12,,,,
2026-07-15T23:00:00+03:00,4057.03,4063.225,4055.255,4060.695,,,,
2026-07-16T01:00:00+03:00,4060.64,4064.71,4058.235,4059.68,,,,
2026-07-16T02:00:00+03:00,4059.57,4062.075,4055.825,4058.02,,,,
2026-07-16T03:00:00+03:00,4058.035,4061.21,4043.745,4044.605,,,,
2026-07-16T04:00:00+03:00,4044.595,4050.735,4034.075,4039.14,,,,
2026-07-16T05:00:00+03:00,4039.145,4040.21,4024.27,4031.525,,,,
2026-07-16T06:00:00+03:00,4031.455,4037.075,4027.8,4036.385,,,,
2026-07-16T07:00:00+03:00,4036.435,4038.045,4032,4033.305,,,,
2026-07-16T08:00:00+03:00,4033.305,4034.13,4025.46,4027.445,,,,
2026-07-16T09:00:00+03:00,4027.375,4036.62,4023.21,4030.705,,,,
2026-07-16T10:00:00+03:00,4030.7,4031.99,4023.03,4030.805,,,,
2026-07-16T11:00:00+03:00,4030.745,4036.645,4025.43,4035.29,,,,
2026-07-16T12:00:00+03:00,4035.295,4037.98,4030.55,4031.755,,,,
2026-07-16T13:00:00+03:00,4031.695,4034.805,4028.65,4029.565,,,,
2026-07-16T14:00:00+03:00,4029.645,4042.43,4021.375,4038.465,,,,
2026-07-16T15:00:00+03:00,4038.45,4043.36,3990.58,3992.54,,4043.36,,
2026-07-16T16:00:00+03:00,3992.55,4008.485,3973.8,3990.265,,,,3973.8
2026-07-16T17:00:00+03:00,3990.23,4006.815,3987.19,3997.92,,,,
2026-07-16T18:00:00+03:00,3997.97,4017.03,3989.47,4007.125,,,,
2026-07-16T19:00:00+03:00,4007.17,4007.775,3982.455,3992.05,,,,
2026-07-16T20:00:00+03:00,3992.085,3992.99,3980.095,3984.71,,,,
2026-07-16T21:00:00+03:00,3984.74,3990.51,3976.69,3980.36,,,,
2026-07-16T22:00:00+03:00,3980.4,3986.13,3969.345,3980.085,,,,3969.345
2026-07-16T23:00:00+03:00,3980.2,3980.27,3971.905,3976.58,,,,
2026-07-17T01:00:00+03:00,3979.265,3979.325,3973.365,3978.445,,,,
2026-07-17T02:00:00+03:00,3978.455,3986.585,3975.25,3986.105,,,,
2026-07-17T03:00:00+03:00,3986.135,3992.06,3980.61,3992,,,,
2026-07-17T04:00:00+03:00,3991.975,3996.3,3979.385,3983.44,,,,
2026-07-17T05:00:00+03:00,3983.475,3987.52,3970.74,3979.19,,,3970.74,
2026-07-17T06:00:00+03:00,3979.2,4008.795,3979.025,3991.435,,4008.795,,
2026-07-17T07:00:00+03:00,3991.415,3991.765,3980.245,3981.97,,,,
2026-07-17T08:00:00+03:00,3981.965,3991.54,3975.295,3985.2,,,,
2026-07-17T09:00:00+03:00,3985.21,4007.295,3985.21,3999.475,,,,
2026-07-17T10:00:00+03:00,3999.43,4002.76,3992.69,3992.775,,,,
2026-07-17T11:00:00+03:00,3992.81,3999.985,3987.945,3994.265,,,,
2026-07-17T12:00:00+03:00,3994.255,4002.455,3992.93,3998.055,,,,
2026-07-17T13:00:00+03:00,3998.06,3999.23,3990.595,3990.995,,,,
2026-07-17T14:00:00+03:00,3990.99,3998.805,3990.12,3994.225,,,,
2026-07-17T15:00:00+03:00,3994.165,3995.71,3964.155,3966.32,,,,
2026-07-17T16:00:00+03:00,3966.34,4003.745,3959.8,3997.37,,,,3959.8
2026-07-17T17:00:00+03:00,3997.3,4004.605,3990.19,4001.365,,,,
2026-07-17T18:00:00+03:00,4001.255,4021.345,3997.74,4019.2,,,,
2026-07-17T19:00:00+03:00,4019.36,4023.835,4011.035,4014.98,4023.835,,,
2026-07-17T20:00:00+03:00,4015.09,4019.27,4008.32,4010.14,,,,
2026-07-17T21:00:00+03:00,4010.145,4016.26,4006.68,4011.385,,,,
2026-07-17T22:00:00+03:00,4011.305,4016.605,4002.42,4015.475,,,,
2026-07-17T23:00:00+03:00,4015.585,4019.04,4008.7,4017.315,,,,
2026-07-20T01:00:00+03:00,3995.57,4002.31,3993.485,3994.725,,,,
2026-07-20T02:00:00+03:00,3994.8,3996.2,3989.5,3995.515,,,,
2026-07-20T03:00:00+03:00,3995.5,4010.325,3982.63,4008.695,,,3982.63,
2026-07-20T04:00:00+03:00,4008.73,4021.1,3995.82,4002.215,,,,
2026-07-20T05:00:00+03:00,4002.205,4028.94,4001.38,4022.015,4028.94,,,
2026-07-20T06:00:00+03:00,4021.965,4028.04,4018.65,4024.175,,,,
2026-07-20T07:00:00+03:00,4024.165,4026.845,4018.55,4018.935,,,,
2026-07-20T08:00:00+03:00,4019.04,4021.295,4005.52,4008.72,,,,
2026-07-20T09:00:00+03:00,4008.715,4011.855,4002.95,4003.775,,,,
2026-07-20T10:00:00+03:00,4003.785,4021.895,4002.185,4017.34,,,,
2026-07-20T11:00:00+03:00,4017.26,4030.875,4017.145,4019.03,,,,
2026-07-20T12:00:00+03:00,4019.005,4023.34,4014.845,4021.315,,,,
2026-07-20T13:00:00+03:00,4021.34,4025.725,4018.31,4024.225,,,,
2026-07-20T14:00:00+03:00,4024.355,4040.815,4019.855,4025.315,4040.815,,,
2026-07-20T15:00:00+03:00,4025.325,4025.325,4006.505,4008.165,,,,
2026-07-20T16:00:00+03:00,4008.18,4017.48,4005.77,4005.825,,,,
2026-07-20T17:00:00+03:00,4005.795,4013.88,3998.33,4006.3,,,3998.33,
2026-07-20T18:00:00+03:00,4006.335,4019.63,4004.63,4011.855,,,,
2026-07-20T19:00:00+03:00,4011.835,4018.385,4001.58,4009.775,,,,
2026-07-20T20:00:00+03:00,4009.77,4013.095,4003.885,4005.38,,,,
2026-07-20T21:00:00+03:00,4005.415,4011.87,4003.405,4007.34,,,,
2026-07-20T22:00:00+03:00,4007.35,4018.035,4004.305,4006.995,,,,
2026-07-20T23:00:00+03:00,4007.005,4009.55,4005.87,4007.585,,,,
2026-07-21T01:00:00+03:00,4008.105,4011.025,3999.915,4000.555,,,3999.915,
2026-07-21T02:00:00+03:00,4000.67,4010.85,4000.305,4010.055,,,,
2026-07-21T03:00:00+03:00,4010.06,4027.225,4003.565,4024.8,,,,
2026-07-21T04:00:00+03:00,4024.81,4036.16,4018.46,4023.34,,,,
2026-07-21T05:00:00+03:00,4023.345,4045.365,4022.055,4038.145,,,,
2026-07-21T06:00:00+03:00,4038.135,4051.515,4036.75,4046.96,,,,
2026-07-21T07:00:00+03:00,4046.995,4051.92,4043.725,4049.67,,,,
2026-07-21T08:00:00+03:00,4049.68,4068.095,4046.375,4061.6,,,,
2026-07-21T09:00:00+03:00,4061.61,4084.305,4061.395,4078.605,4084.305,,,
2026-07-21T10:00:00+03:00,4078.65,4080.285,4067.62,4071.255,,,,
2026-07-21T11:00:00+03:00,4071.195,4072.52,4059.175,4062.875,,,,
2026-07-21T12:00:00+03:00,4062.92,4069.745,4061,4065.975,,,,
2026-07-21T13:00:00+03:00,4065.945,4070.235,4060.975,4063.06,,,,
2026-07-21T14:00:00+03:00,4063.055,4063.75,4054.52,4056.175,,,,
2026-07-21T15:00:00+03:00,4056.2,4065.725,4051.255,4054,,,,
2026-07-21T16:00:00+03:00,4053.9,4061.795,4044.725,4053.245,,,4044.725,
2026-07-21T17:00:00+03:00,4053.2,4074.08,4051.61,4068.64,,,,
2026-07-21T18:00:00+03:00,4068.49,4083.405,4065.74,4074.255,,,,
2026-07-21T19:00:00+03:00,4074.265,4079.265,4069.945,4071.555,,,,
2026-07-21T20:00:00+03:00,4071.55,4072.855,4066.83,4068.75,,,,
2026-07-21T21:00:00+03:00,4068.81,4087.135,4067.79,4082.23,,,,
2026-07-21T22:00:00+03:00,4082.25,4085.815,4080.085,4084.485,,,,
2026-07-21T23:00:00+03:00,4084.435,4086.455,4076.915,4077.325,,,,
2026-07-22T01:00:00+03:00,4078.675,4085.32,4077.165,4080.59,,,,
2026-07-22T02:00:00+03:00,4080.595,4083.135,4079.18,4080.71,,,,
2026-07-22T03:00:00+03:00,4080.68,4102.575,4076.755,4097.58,,,,
2026-07-22T04:00:00+03:00,4097.67,4123.72,4096.78,4122.265,,,,
2026-07-22T05:00:00+03:00,4122.16,4131.015,4118.81,4130.66,,,,
2026-07-22T06:00:00+03:00,4130.69,4141.715,4129.32,4130.875,4141.715,,,
2026-07-22T07:00:00+03:00,4130.785,4131.23,4124.725,4126.995,,,,
2026-07-22T08:00:00+03:00,4127.01,4134.12,4123.08,4131.26,,,,
2026-07-22T09:00:00+03:00,4131.235,4135.415,4113.475,4116.58,,,,
2026-07-22T10:00:00+03:00,4116.565,4123.065,4109.395,4110.78,,,,
2026-07-22T11:00:00+03:00,4110.785,4120.21,4110.635,4118.28,,,,
2026-07-22T12:00:00+03:00,4118.305,4122.325,4113.32,4115,,,,
2026-07-22T13:00:00+03:00,4115.025,4121.89,4114.8,4117.59,,,,
2026-07-22T14:00:00+03:00,4117.555,4123.17,4112.605,4122.695,,,,
2026-07-22T15:00:00+03:00,4122.705,4134.46,4106.72,4113.16,,,4106.72,
2026-07-22T16:00:00+03:00,4113.155,4155.87,4112.93,4154.525,,,,
2026-07-22T17:00:00+03:00,4154.52,4163.54,4144.165,4148.58,,,,
2026-07-22T18:00:00+03:00,4148.6,4166.13,4148.59,4159.475,4166.13,,,
2026-07-22T19:00:00+03:00,4159.475,4159.605,4144.55,4146.84,,,,
2026-07-22T20:00:00+03:00,4146.83,4147.93,4138.44,4142.47,,,,
2026-07-22T21:00:00+03:00,4142.475,4142.885,4132.125,4136.125,,,,
2026-07-22T22:00:00+03:00,4136.115,4137.29,4129.02,4131.905,,,,
2026-07-22T23:00:00+03:00,4131.875,4137.92,4128.42,4129.76,,,,
2026-07-23T01:00:00+03:00,4119.635,4130.195,4119.59,4121.525,,,,
2026-07-23T02:00:00+03:00,4121.625,4134.4,4116.73,4133.495,,,,
2026-07-23T03:00:00+03:00,4133.505,4134.67,4125.2,4132.15,,,,
2026-07-23T04:00:00+03:00,4131.855,4141.275,4114.425,4118.11,,4141.275,,
2026-07-23T05:00:00+03:00,4118.035,4129.025,4112.315,4128.14,,,,
2026-07-23T06:00:00+03:00,4128.15,4133.25,4124.32,4124.87,,,,
2026-07-23T07:00:00+03:00,4124.855,4130.54,4120.07,4121.265,,,,
2026-07-23T08:00:00+03:00,4121.26,4130.625,4119.645,4124.165,,,,
2026-07-23T09:00:00+03:00,4124.16,4128.37,4117.06,4118.67,,,,
2026-07-23T10:00:00+03:00,4118.69,4119.525,4090.055,4095.47,,,,
2026-07-23T11:00:00+03:00,4095.42,4097.855,4087.11,4093.52,,,,
2026-07-23T12:00:00+03:00,4093.54,4099.63,4088.465,4089.96,,,,
2026-07-23T13:00:00+03:00,4089.955,4095.46,4086.185,4093.405,,,,
2026-07-23T14:00:00+03:00,4093.375,4094.07,4073.2,4085.765,,,,
2026-07-23T15:00:00+03:00,4085.645,4086.045,4061.2,4061.85,,,,
2026-07-23T16:00:00+03:00,4061.815,4067.415,4040.595,4043.45,,,,
2026-07-23T17:00:00+03:00,4043.52,4061.8,4040.185,4057.98,,,,4040.185
2026-07-23T18:00:00+03:00,4058.165,4059.64,4042.41,4048.815,,,,
2026-07-23T19:00:00+03:00,4048.89,4051.83,4045.96,4051.535,,,,
2026-07-23T20:00:00+03:00,4051.535,4054.58,4041.7,4041.88,,,,
2026-07-23T21:00:00+03:00,4041.94,4048.445,4040.745,4046.175,,,,
2026-07-23T22:00:00+03:00,4046.145,4051.14,4043.115,4049.935,,,,
2026-07-23T23:00:00+03:00,4049.945,4051.44,4047.495,4049.78,,,,
2026-07-24T01:00:00+03:00,4048.875,4050.655,4048.645,4049.785,,,,
2026-07-24T02:00:00+03:00,4049.78,4050.825,4046.71,4047.29,,,,
2026-07-24T03:00:00+03:00,4047.33,4051.01,4041.375,4049.88,,,,
2026-07-24T04:00:00+03:00,4049.89,4050.39,4039.97,4043.68,,,,
2026-07-24T05:00:00+03:00,4043.64,4048.59,4023.07,4024.54,,,,
2026-07-24T06:00:00+03:00,4024.535,4033.84,4023.04,4029.54,,,,
2026-07-24T07:00:00+03:00,4029.52,4030.54,4025.72,4027.12,,,,
2026-07-24T08:00:00+03:00,4027.13,4032.335,4022.06,4023.135,,,,4022.06
2026-07-24T09:00:00+03:00,4023.195,4039.185,4023.055,4035.845,,,,
2026-07-24T10:00:00+03:00,4035.855,4053.84,4035.245,4048.415,,,,
2026-07-24T11:00:00+03:00,4048.435,4058.775,4045.28,4057.65,,,,
2026-07-24T12:00:00+03:00,4057.645,4060.74,4051.84,4059.885,,,,
2026-07-24T13:00:00+03:00,4059.935,4064.025,4057.165,4060.205,,,,
2026-07-24T14:00:00+03:00,4060.2,4063.495,4051.49,4057.795,,,,
2026-07-24T15:00:00+03:00,4057.81,4060.285,4051.815,4056.095,,,,
2026-07-24T16:00:00+03:00,4056.07,4068.68,4044.81,4067.865,,,4044.81,
2026-07-24T17:00:00+03:00,4067.86,4069.98,4056.115,4063.35,,,,
2026-07-24T18:00:00+03:00,4063.4,4082.16,4061.955,4077.535,,4082.16,,
2026-07-24T19:00:00+03:00,4077.575,4078.245,4064.285,4067.175,,,,
2026-07-24T20:00:00+03:00,4067.18,4069.96,4062.985,4063.505,,,,
2026-07-24T21:00:00+03:00,4063.555,4064.615,4051.255,4054.47,,,,
2026-07-24T22:00:00+03:00,4054.52,4058.01,4049.38,4053.895,,,4049.38,
2026-07-24T23:00:00+03:00,4053.875,4056.465,4051.665,4052.845,,,,
2026-07-27T01:00:00+03:00,4090.16,4093.84,4084.03,4089.575,,,,
2026-07-27T02:00:00+03:00,4089.795,4096.515,4083.8,4094.11,,,,
2026-07-27T03:00:00+03:00,4094.105,4116.185,4090.64,4100.815,4116.185,,,
2026-07-27T04:00:00+03:00,4100.83,4112.48,4097.13,4110.255,,,,
2026-07-27T05:00:00+03:00,4110.3,4111.105,4093.75,4093.765,,,,
2026-07-27T06:00:00+03:00,4093.68,4095.955,4085.23,4091.045,,,,
2026-07-27T07:00:00+03:00,4091.055,4092.925,4087.08,4090.39,,,,
2026-07-27T08:00:00+03:00,4090.395,4094.99,4084.49,4093.365,,,4084.49,
2026-07-27T09:00:00+03:00,4093.33,4099.365,4091.36,4096.02,,,,
2026-07-27T10:00:00+03:00,4095.98,4106.24,4088.635,4088.885,,,,
2026-07-27T11:00:00+03:00,4088.98,4096.985,4087.24,4095.28,,,,
2026-07-27T12:00:00+03:00,4095.215,4100.38,4090.575,4096.14,,,,
2026-07-27T13:00:00+03:00,4096.12,4102.45,4086.62,4099.625,,,,
2026-07-27T14:00:00+03:00,4099.66,4104.205,4093.695,4094.015,,,,
2026-07-27T15:00:00+03:00,4094.03,4097.845,4081.73,4083.82,,,,
2026-07-27T16:00:00+03:00,4083.875,4089.59,4070.495,4074.445,,,,
2026-07-27T17:00:00+03:00,4074.48,4079.23,4065.415,4076.335,,,,4065.415
2026-07-27T18:00:00+03:00,4076.315,4080.05,4071.915,4078.62,,,,
2026-07-27T19:00:00+03:00,4078.625,4094.105,4077.965,4082.56,,,,
2026-07-27T20:00:00+03:00,4082.565,4082.565,4070.785,4076.505,,,,
2026-07-27T21:00:00+03:00,4076.51,4079.58,4073,4078.005,,,,
2026-07-27T22:00:00+03:00,4078.04,4089.485,4076.22,4083.5,,,,
2026-07-27T23:00:00+03:00,4083.535,4084.21,4075.325,4076.425,,,,
2026-07-28T01:00:00+03:00,4080.685,4081.415,4071.16,4074.32,,,,
2026-07-28T02:00:00+03:00,4074.22,4075.14,4070.035,4073.385,,,,
2026-07-28T03:00:00+03:00,4073.365,4074.26,4057.665,4058.245,,,,
2026-07-28T04:00:00+03:00,4058.23,4060.43,4042.77,4045.23,,,,
2026-07-28T05:00:00+03:00,4045.245,4049.215,4040.935,4042.115,,,,
2026-07-28T06:00:00+03:00,4042.11,4051.24,4040.455,4049.615,,,,
2026-07-28T07:00:00+03:00,4049.605,4049.7,4041.395,4042.305,,,,
2026-07-28T08:00:00+03:00,4042.3,4046.625,4034.795,4045.2,,,,
2026-07-28T09:00:00+03:00,4045.195,4052.405,4043.015,4048.425,,,,
2026-07-28T10:00:00+03:00,4048.395,4052.425,4046.235,4047.395,,,,
2026-07-28T11:00:00+03:00,4047.355,4055.21,4041.72,4045.56,,4055.21,,
2026-07-28T12:00:00+03:00,4045.46,4045.955,4019.575,4023.42,,,,
2026-07-28T13:00:00+03:00,4023.49,4028.63,4017.115,4026.67,,,,
2026-07-28T14:00:00+03:00,4026.66,4032.555,4023.275,4028.19,,,,
2026-07-28T15:00:00+03:00,4028.195,4038.22,4022.965,4029.69,,,,
2026-07-28T16:00:00+03:00,4029.74,4036.04,4020.33,4022.11,,,,
2026-07-28T17:00:00+03:00,4022.16,4033.6,4011.765,4024.375,,,,4011.765
2026-07-28T18:00:00+03:00,4024.43,4047.195,4022.16,4046.13,,4047.195,,
2026-07-28T19:00:00+03:00,4046.145,4046.68,4036.715,4037.605,,,,
2026-07-28T20:00:00+03:00,4037.69,4041.73,4025.755,4027.935,,,,
2026-07-28T21:00:00+03:00,4027.985,4030.58,4021.715,4023.15,,,,
2026-07-28T22:00:00+03:00,4023.19,4028.07,4021.935,4026.465,,,,
2026-07-28T23:00:00+03:00,4026.455,4030.555,4022.6,4028.67,,,,
2026-07-29T01:00:00+03:00,4026.565,4028.165,4013.975,4018.44,,,,
2026-07-29T02:00:00+03:00,4018.45,4026.345,4015.21,4024.945,,,,
2026-07-29T03:00:00+03:00,4024.99,4029.815,4017.57,4022.08,,,,
2026-07-29T04:00:00+03:00,4022.075,4030.675,4010.41,4026.16,,,,4010.41
2026-07-29T05:00:00+03:00,4026.165,4038.08,4023.265,4029.435,,,,
2026-07-29T06:00:00+03:00,4029.42,4032.84,4023.25,4023.73,,,,
2026-07-29T07:00:00+03:00,4023.74,4027.845,4020.655,4027.4,,,,
2026-07-29T08:00:00+03:00,4027.425,4040.15,4026.735,4033.135,,,,
2026-07-29T09:00:00+03:00,4033.14,4044.845,4033.08,4041.25,,,,
2026-07-29T10:00:00+03:00,4041.2,4047.88,4041.2,4043.825,4047.88,,,
2026-07-29T11:00:00+03:00,4043.82,4044.555,4035.67,4037.64,,,,
2026-07-29T12:00:00+03:00,4037.73,4038.38,4031.36,4032.695,,,,
2026-07-29T13:00:00+03:00,4032.68,4034.57,4026.065,4027.535,,,,
2026-07-29T14:00:00+03:00,4027.555,4036.195,4025.105,4032.845,,,,
2026-07-29T15:00:00+03:00,4032.85,4033.5,4009.39,4022.65,,,,
2026-07-29T16:00:00+03:00,4022.82,4026.565,4002.6,4007.445,,,,
2026-07-29T17:00:00+03:00,4007.455,4010.215,3996.055,4004.875,,,,3996.055
2026-07-29T18:00:00+03:00,4004.93,4013.815,4003.4,4009.975,,,,
2026-07-29T19:00:00+03:00,4010.015,4032.915,4007.63,4027.46,,,,
2026-07-29T20:00:00+03:00,4027.455,4050.745,4027.405,4044.285,,,,
2026-07-29T21:00:00+03:00,4044.29,4110.12,4042.775,4106.75,,,,
2026-07-29T22:00:00+03:00,4106.74,4116.415,4044.375,4044.74,4116.415,,,
2026-07-29T23:00:00+03:00,4044.74,4070.195,4042.955,4066.34,,,,
2026-07-30T01:00:00+03:00,4074.84,4090.65,4064.505,4088.58,,,,
2026-07-30T02:00:00+03:00,4088.61,4100.485,4084.4,4084.59,,,,
2026-07-30T03:00:00+03:00,4084.625,4086.735,4064.96,4072.27,,,,
2026-07-30T04:00:00+03:00,4072.285,4092.955,4070.36,4084.59,,,,
2026-07-30T05:00:00+03:00,4084.46,4090.45,4063.435,4063.71,,,,
2026-07-30T06:00:00+03:00,4063.705,4070.345,4050.81,4058.88,,,,
2026-07-30T07:00:00+03:00,4058.94,4060.385,4044.34,4046.045,,,,
2026-07-30T08:00:00+03:00,4046.05,4051.445,4028.69,4033.82,,,4028.69,
2026-07-30T09:00:00+03:00,4033.725,4040.63,4029.4,4036.54,,,,
2026-07-30T10:00:00+03:00,4036.57,4051.43,4035.41,4038.935,,,,
2026-07-30T11:00:00+03:00,4038.825,4073.01,4036.81,4061.49,,,,
2026-07-30T12:00:00+03:00,4061.485,4073.155,4060.305,4063.405,,,,
2026-07-30T13:00:00+03:00,4063.495,4083.23,4063.065,4078.155,,,,
2026-07-30T14:00:00+03:00,4078.105,4082.945,4075.77,4077.815,,,,
2026-07-30T15:00:00+03:00,4077.79,4086.785,4067.285,4069.03,,,,
2026-07-30T16:00:00+03:00,4069.04,4112.825,4065.315,4112.34,,,,
2026-07-30T17:00:00+03:00,4112.415,4120.495,4087.195,4100.01,4120.495,,,
2026-07-30T18:00:00+03:00,4100.075,4110.23,4083.27,4108.25,,,,
2026-07-30T19:00:00+03:00,4108.2,4119.285,4106.645,4110.78,,,,
2026-07-30T20:00:00+03:00,4110.75,4111.325,4098.505,4102.765,,,,
2026-07-30T21:00:00+03:00,4102.75,4107.855,4098.785,4099.74,,,,
2026-07-30T22:00:00+03:00,4099.745,4115.375,4098.77,4112.065,,,,
2026-07-30T23:00:00+03:00,4112.2,4117.515,4099.235,4103.27,,,,
2026-07-31T01:00:00+03:00,4103.36,4111.455,4102.63,4109.385,,,,
2026-07-31T02:00:00+03:00,4109.335,4112.01,4102.345,4105.985,,,,
2026-07-31T03:00:00+03:00,4106.065,4107.225,4090.585,4094.855,,,,
2026-07-31T04:00:00+03:00,4094.835,4101.71,4082.15,4084.325,,,,
2026-07-31T05:00:00+03:00,4084.39,4090.405,4074.27,4076.275,,,,
2026-07-31T06:00:00+03:00,4076.07,4079.65,4072.145,4075.14,,,,
2026-07-31T07:00:00+03:00,4075.07,4081.535,4073.32,4080.16,,,,
2026-07-31T08:00:00+03:00,4080.17,4083.315,4073.44,4074.43,,,,
2026-07-31T09:00:00+03:00,4074.45,4087.665,4072.785,4077.765,,,,
2026-07-31T10:00:00+03:00,4077.735,4079.315,4067.62,4067.81,,,,
2026-07-31T11:00:00+03:00,4067.795,4067.89,4054.175,4060.98,,,,
2026-07-31T12:00:00+03:00,4060.895,4064.115,4050.315,4055.25,,,,
2026-07-31T13:00:00+03:00,4055.185,4058.435,4052.015,4054.565,,,,
2026-07-31T14:00:00+03:00,4054.58,4061.15,4050.69,4053.84,,,,
2026-07-31T15:00:00+03:00,4053.83,4059.495,4040.575,4040.765,,,,
2026-07-31T16:00:00+03:00,4040.75,4047.035,4022.13,4025.51,,,,
2026-07-31T17:00:00+03:00,4025.41,4050.435,4020.975,4049.315,,,,4020.975
2026-07-31T18:00:00+03:00,4049.345,4052.695,4036.82,4045.58,,,,
2026-07-31T19:00:00+03:00,4045.585,4049.995,4041.3,4043.415,,,,
2026-07-31T20:00:00+03:00,4043.41,4054.805,4041.6,4053.66,,,,
2026-07-31T21:00:00+03:00,4053.665,4055.245,4047.18,4050.82,,,,
2026-07-31T22:00:00+03:00,4050.785,4055.665,4046.955,4050.935,,,,
2026-07-31T23:00:00+03:00,4050.915,4053.105,4043.04,4045.165,,,,