слой;№;время;бар;подпись;сторона;цена колена;цена сейчас;нога;баров от предыдущего;мутность
3/3;0;2024-08-15T16:00:00;3;?;низ;2432,225;2455,755;0,000;0;1
3/3;1;2024-08-15T22:00:00;9;?;верх;2461,675;2457,405;29,450;6;2
3/3;2;2024-08-16T06:00:00;16;HL;низ;2450,805;2455,085;10,870;7;2
3/3;3;2024-08-16T23:00:00;33;HH;верх;2509,820;2502,065;59,015;17;2
3/3;4;2024-08-19T04:00:00;37;HL;низ;2495,045;2500,740;14,775;4;1
3/3;5;2024-08-19T11:00:00;44;LH;верх;2507,225;2494,555;12,180;7;1
3/3;6;2024-08-19T16:00:00;49;LL;низ;2485,735;2505,510;21,490;5;1
3/3;7;2024-08-20T04:00:00;60;HH;верх;2508,275;2500,870;22,540;11;2
3/3;8;2024-08-20T09:00:00;65;HL;низ;2497,400;2521,785;10,875;5;2
3/3;9;2024-08-20T16:00:00;72;HH;верх;2531,765;2509,200;34,365;7;1
3/3;10;2024-08-20T19:00:00;75;HL;низ;2500,865;2515,100;30,900;3;1
3/3;11;2024-08-20T23:00:00;79;LH;верх;2516,970;2513,635;16,105;4;1
3/3;12;2024-08-21T04:00:00;83;HL;низ;2510,930;2516,230;6,040;4;1
3/3;13;2024-08-21T05:00:00;84;HH;верх;2519,985;2515,265;9,055;1;3
3/3;14;2024-08-21T17:00:00;96;LL;низ;2493,830;2509,580;26,155;12;1
3/3;15;2024-08-21T21:00:00;100;LH;верх;2519,185;2514,065;25,355;4;2
3/3;16;2024-08-22T07:00:00;109;HL;низ;2499,350;2507,185;19,835;9;1
3/3;17;2024-08-22T09:00:00;111;LH;верх;2510,645;2507,340;11,295;2;1
3/3;18;2024-08-22T17:00:00;119;LL;низ;2470,850;2482,355;39,795;8;3
3/3;19;2024-08-23T18:00:00;143;HH;верх;2518,400;2509,835;47,550;24;2
3/3;20;2024-08-26T08:00:00;156;HL;низ;2508,810;2524,295;9,590;13;1
3/3;21;2024-08-26T14:00:00;162;HH;верх;2526,900;2517,040;18,090;6;1
3/3;22;2024-08-26T17:00:00;165;HL;низ;2510,680;2518,150;16,220;3;1
3/3;23;2024-08-26T20:00:00;168;LH;верх;2523,450;2517,955;12,770;3;1
3/3;24;2024-08-27T05:00:00;176;LL;низ;2505,845;2513,645;17,605;8;1
3/3;25;2024-08-27T10:00:00;181;LH;верх;2517,615;2509,055;11,770;5;1
3/3;26;2024-08-27T11:00:00;182;LL;низ;2503,585;2511,535;14,030;1;2
3/3;27;2024-08-28T02:00:00;196;HH;верх;2529,135;2516,440;25,550;14;1
3/3;28;2024-08-28T15:00:00;209;LL;низ;2493,665;2506,185;35,470;13;2
3/3;29;2024-08-28T16:00:00;210;LH;верх;2510,690;2501,990;17,025;1;1
3/3;30;2024-08-28T19:00:00;213;HL;низ;2496,465;2507,670;14,225;3;1
3/3;31;2024-08-29T13:00:00;230;HH;верх;2524,505;2516,870;28,040;17;2
3/3;32;2024-08-29T15:00:00;232;HL;низ;2503,690;2522,640;20,815;2;1
3/3;33;2024-08-29T20:00:00;237;HH;верх;2528,740;2521,215;25,050;5;1
3/3;34;2024-08-30T07:00:00;247;HL;низ;2512,255;2519,415;16,485;10;1
3/3;35;2024-08-30T12:00:00;252;LH;верх;2526,925;2519,765;14,670;5;1
3/3;36;2024-08-30T20:00:00;260;LL;низ;2494,215;2503,400;32,710;8;1
3/3;37;2024-09-02T03:00:00;266;LH;верх;2505,010;2496,380;10,795;6;1
3/3;38;2024-09-02T05:00:00;268;LL;низ;2490,105;2496,600;14,905;2;1
3/3;39;2024-09-02T11:00:00;274;HH;верх;2507,330;2499,925;17,225;6;1
3/3;40;2024-09-03T04:00:00;288;LL;низ;2489,705;2496,010;17,625;14;2
3/3;41;2024-09-03T11:00:00;295;LH;верх;2506,350;2489,755;16,645;7;1
3/3;42;2024-09-03T17:00:00;301;LL;низ;2473,325;2489,545;33,025;6;2
3/3;43;2024-09-04T05:00:00;312;LH;верх;2496,985;2493,195;23,660;11;1
3/3;44;2024-09-04T12:00:00;319;LL;низ;2471,915;2486,600;25,070;7;1
3/3;45;2024-09-04T17:00:00;324;HH;верх;2500,345;2494,070;28,430;5;1
3/3;46;2024-09-04T22:00:00;329;HL;низ;2491,550;2495,900;8,795;5;1
3/3;47;2024-09-05T04:00:00;334;LH;верх;2499,430;2494,365;7,880;5;1
3/3;48;2024-09-05T07:00:00;337;HL;низ;2493,880;2506,510;5,550;3;1
3/3;49;2024-09-05T15:00:00;345;HH;верх;2523,525;2507,190;29,645;8;1
3/3;50;2024-09-05T18:00:00;348;HL;низ;2503,965;2515,725;19,560;3;2
3/3;51;2024-09-06T15:00:00;368;HH;верх;2529,300;2505,430;25,335;20;2
3/3;52;2024-09-06T19:00:00;372;LL;низ;2485,190;2495,985;44,110;4;2
3/3;53;2024-09-09T06:00:00;382;LH;верх;2500,590;2489,855;15,400;10;1
3/3;54;2024-09-09T09:00:00;385;HL;низ;2485,610;2496,465;14,980;3;2
3/3;55;2024-09-10T02:00:00;401;HH;верх;2507,740;2503,115;22,130;16;1
3/3;56;2024-09-10T11:00:00;410;HL;низ;2500,190;2504,630;7,550;9;2
3/3;57;2024-09-11T04:00:00;426;HH;верх;2522,615;2519,635;22,425;16;2
3/3;58;2024-09-11T04:00:00;426;HL;низ;2515,020;2519,635;7,595;0;1
3/3;59;2024-09-11T09:00:00;431;HH;верх;2529,090;2523,325;14,070;5;1
3/3;60;2024-09-11T17:00:00;439;LL;низ;2501,000;2514,675;28,090;8;1
3/3;61;2024-09-11T19:00:00;441;LH;верх;2520,160;2512,990;19,160;2;1
3/3;62;2024-09-11T22:00:00;444;HL;низ;2509,870;2512,000;10,290;3;2
3/3;63;2024-09-12T09:00:00;454;HH;верх;2522,360;2518,880;12,490;10;1
3/3;64;2024-09-12T14:00:00;459;HL;низ;2513,120;2553,445;9,240;5;3
3/3;65;2024-09-13T20:00:00;488;HH;верх;2586,160;2578,715;73,040;29;1
3/3;66;2024-09-13T23:00:00;491;HL;низ;2577,260;2581,410;8,900;3;1
3/3;67;2024-09-16T09:00:00;500;HH;верх;2589,715;2585,590;12,455;9;1
3/3;68;2024-09-16T13:00:00;504;LL;низ;2575,245;2588,295;14,470;4;1
3/3;69;2024-09-16T16:00:00;507;LH;верх;2589,405;2583,775;14,160;3;1
3/3;70;2024-09-16T17:00:00;508;HL;низ;2576,180;2582,690;13,225;1;1
3/3;71;2024-09-17T05:00:00;519;LH;верх;2586,360;2579,395;10,180;11;1
3/3;72;2024-09-17T08:00:00;522;LL;низ;2574,625;2580,180;11,735;3;1
3/3;73;2024-09-17T09:00:00;523;HH;верх;2587,020;2573,690;12,395;1;2
3/3;74;2024-09-17T20:00:00;534;LL;низ;2560,780;2569,590;26,240;11;1
3/3;75;2024-09-18T04:00:00;541;LH;верх;2576,540;2568,730;15,760;7;1
3/3;76;2024-09-18T08:00:00;545;HL;низ;2565,790;2569,835;10,750;4;1
3/3;77;2024-09-18T21:00:00;558;HH;верх;2600,290;2559,360;34,500;13;2
3/3;78;2024-09-18T22:00:00;559;LL;низ;2546,860;2559,415;53,430;1;2
3/3;79;2024-09-19T12:00:00;572;LH;верх;2594,945;2576,825;48,085;13;1
3/3;80;2024-09-19T16:00:00;576;HL;низ;2569,815;2591,800;25,130;4;1
3/3;81;2024-09-19T20:00:00;580;LH;верх;2592,735;2586,910;22,920;4;1
3/3;82;2024-09-20T04:00:00;587;HL;низ;2584,875;2593,830;7,860;7;3
3/3;83;2024-09-20T19:00:00;602;HH;верх;2625,790;2621,170;40,915;15;1
3/3;84;2024-09-23T04:00:00;610;HL;низ;2616,175;2629,500;9,615;8;1
3/3;85;2024-09-23T08:00:00;614;HH;верх;2631,405;2616,935;15,230;4;1
3/3;86;2024-09-23T10:00:00;616;LL;низ;2613,890;2621,585;17,515;2;1
3/3;87;2024-09-23T17:00:00;623;HH;верх;2634,905;2628,085;21,015;7;1
3/3;88;2024-09-24T03:00:00;632;HL;низ;2623,870;2634,125;11,035;9;2
3/3;89;2024-09-24T08:00:00;637;HH;верх;2640,180;2629,105;16,310;5;1
3/3;90;2024-09-24T10:00:00;639;LL;низ;2622,680;2633,440;17,500;2;2
3/3;91;2024-09-24T22:00:00;651;HH;верх;2664,380;2658,255;41,700;12;1
3/3;92;2024-09-25T04:00:00;656;HL;низ;2655,580;2658,970;8,800;5;1
3/3;93;2024-09-25T05:00:00;657;HH;верх;2670,605;2657,325;15,025;1;1
3/3;94;2024-09-25T10:00:00;662;LL;низ;2651,415;2655,675;19,190;5;1
3/3;95;2024-09-25T17:00:00;669;LH;верх;2667,505;2660,715;16,090;7;1
3/3;96;2024-09-25T19:00:00;671;LL;низ;2649,700;2659,785;17,805;2;2
3/3;97;2024-09-26T14:00:00;689;HH;верх;2685,640;2665,905;35,940;18;1
3/3;98;2024-09-26T16:00:00;691;HL;низ;2654,840;2668,265;30,800;2;1
3/3;99;2024-09-26T22:00:00;697;LH;верх;2677,880;2672,705;23,040;6;1
3/3;100;2024-09-27T04:00:00;702;HL;низ;2666,295;2670,610;11,585;5;1
3/3;101;2024-09-27T06:00:00;704;LH;верх;2674,045;2665,915;7,750;2;1
3/3;102;2024-09-27T12:00:00;710;LL;низ;2658,450;2670,095;15,595;6;1
3/3;103;2024-09-27T15:00:00;713;HH;верх;2674,375;2649,875;15,925;3;1
3/3;104;2024-09-27T20:00:00;718;LL;низ;2643,155;2658,550;31,220;5;1
3/3;105;2024-09-30T03:00:00;724;LH;верх;2666,050;2653,635;22,895;6;1
3/3;106;2024-09-30T04:00:00;725;HL;низ;2647,330;2655,980;18,720;1;1
3/3;107;2024-09-30T10:00:00;731;LH;верх;2660,675;2636,995;13,345;6;1
3/3;108;2024-09-30T17:00:00;738;LL;низ;2628,855;2637,890;31,820;7;1
3/3;109;2024-09-30T20:00:00;741;LH;верх;2641,895;2634,690;13,040;3;1
3/3;110;2024-09-30T21:00:00;742;LL;низ;2624,780;2635,050;17,115;1;1
3/3;111;2024-10-01T19:00:00;763;HH;верх;2673,260;2658,765;48,480;21;1
3/3;112;2024-10-02T08:00:00;775;HL;низ;2644,580;2652,505;28,680;12;1
3/3;113;2024-10-02T17:00:00;784;LH;верх;2663,445;2652,245;18,865;9;1
3/3;114;2024-10-02T18:00:00;785;LL;низ;2641,180;2654,140;22,265;1;1
3/3;115;2024-10-03T03:00:00;793;LH;верх;2663,015;2656,045;21,835;8;1
3/3;116;2024-10-03T12:00:00;802;LL;низ;2641,030;2642,400;21,985;9;1
3/3;117;2024-10-03T15:00:00;805;LH;верх;2654,665;2648,900;13,635;3;1
3/3;118;2024-10-03T17:00:00;807;LL;низ;2637,015;2656,785;17,650;2;1
3/3;119;2024-10-03T20:00:00;810;HH;верх;2662,200;2656,110;25,185;3;1
3/3;120;2024-10-04T02:00:00;815;HL;низ;2654,420;2662,090;7,780;5;1
3/3;121;2024-10-04T08:00:00;821;HH;верх;2667,870;2659,105;13,450;6;2
3/3;122;2024-10-04T15:00:00;828;LL;низ;2632,015;2653,255;35,855;7;1
3/3;123;2024-10-04T18:00:00;831;HH;верх;2670,240;2645,675;38,225;3;2
3/3;124;2024-10-07T09:00:00;845;HL;низ;2639,745;2656,665;30,495;14;2
3/3;125;2024-10-07T14:00:00;850;LH;верх;2659,660;2640,905;19,915;5;1
3/3;126;2024-10-07T15:00:00;851;LL;низ;2637,770;2645,725;21,890;1;1
3/3;127;2024-10-08T01:00:00;860;LH;верх;2649,260;2647,330;11,490;9;2
3/3;128;2024-10-08T05:00:00;864;LL;низ;2633,835;2645,085;15,425;4;1
3/3;129;2024-10-08T09:00:00;868;LH;верх;2646,530;2641,520;12,695;4;1
3/3;130;2024-10-08T11:00:00;870;LL;низ;2628,600;2650,810;17,930;2;1
3/3;131;2024-10-08T15:00:00;874;HH;верх;2653,115;2613,035;24,515;4;1
3/3;132;2024-10-08T18:00:00;877;LL;низ;2604,820;2615,775;48,295;3;1
3/3;133;2024-10-09T08:00:00;890;LH;верх;2624,375;2616,345;19,555;13;2
3/3;134;2024-10-09T10:00:00;892;HL;низ;2609,245;2621,175;15,130;2;1
3/3;135;2024-10-09T14:00:00;896;LH;верх;2622,465;2609,910;13,220;4;1
3/3;136;2024-10-09T21:00:00;903;LL;низ;2605,210;2608,950;17,255;7;3
3/3;137;2024-10-10T06:00:00;911;LH;верх;2616,960;2612,545;11,750;8;1
3/3;138;2024-10-10T15:00:00;920;LL;низ;2604,390;2623,665;12,570;9;2
3/3;139;2024-10-10T17:00:00;922;HH;верх;2629,835;2623,910;25,445;2;1
3/3;140;2024-10-10T20:00:00;925;HL;низ;2616,555;2629,920;13,280;3;1
3/3;141;2024-10-11T09:00:00;937;HH;верх;2647,245;2637,975;30,690;12;1
3/3;142;2024-10-11T12:00:00;940;HL;низ;2636,245;2643,095;11,000;3;1
3/3;143;2024-10-11T19:00:00;947;HH;верх;2661,475;2656,180;25,230;7;1
3/3;144;2024-10-14T05:00:00;956;HL;низ;2643,245;2659,050;18,230;9;1
3/3;145;2024-10-14T09:00:00;960;HH;верх;2666,875;2658,565;23,630;4;2
3/3;146;2024-10-14T18:00:00;969;HL;низ;2644,055;2649,260;22,820;9;1
3/3;147;2024-10-14T23:00:00;974;LH;верх;2653,365;2648,255;9,310;5;1
3/3;148;2024-10-14T23:00:00;974;HL;низ;2646,195;2648,255;7,170;0;1
3/3;149;2024-10-15T05:00:00;979;LH;верх;2652,810;2641,985;6,615;5;1
3/3;150;2024-10-15T08:00:00;982;LL;низ;2638,105;2654,000;14,705;3;2
3/3;151;2024-10-15T19:00:00;993;HH;верх;2668,965;2661,795;30,860;11;1
3/3;152;2024-10-16T03:00:00;1000;HL;низ;2658,800;2667,210;10,165;7;1
3/3;153;2024-10-16T16:00:00;1013;HH;верх;2685,465;2674,210;26,665;13;2
3/3;154;2024-10-16T19:00:00;1016;HL;низ;2666,795;2674,825;18,670;3;1
3/3;155;2024-10-17T09:00:00;1029;HH;верх;2685,845;2679,530;19,050;13;3
3/3;156;2024-10-17T15:00:00;1035;HL;низ;2673,165;2693,340;12,680;6;1
3/3;157;2024-10-18T08:00:00;1051;HH;верх;2714,140;2706,320;40,975;16;2
3/3;158;2024-10-18T11:00:00;1054;HL;низ;2701,735;2709,890;12,405;3;2
3/3;159;2024-10-21T06:00:00;1072;HH;верх;2732,885;2730,360;31,150;18;2
3/3;160;2024-10-21T09:00:00;1075;HL;низ;2723,670;2734,570;9,215;3;1
3/3;161;2024-10-21T16:00:00;1082;HH;верх;2740,600;2723,590;16,930;7;1
3/3;162;2024-10-21T22:00:00;1088;LL;низ;2714,235;2721,565;26,365;6;2
3/3;163;2024-10-22T23:00:00;1112;HH;верх;2748,975;2745,325;34,740;24;1
3/3;164;2024-10-23T05:00:00;1117;HL;низ;2737,940;2751,615;11,035;5;1
3/3;165;2024-10-23T11:00:00;1123;HH;верх;2758,525;2749,990;20,585;6;1
3/3;166;2024-10-23T18:00:00;1130;LL;низ;2708,755;2714,145;49,770;7;1
3/3;167;2024-10-24T16:00:00;1151;LH;верх;2743,325;2733,680;34,570;21;1
3/3;168;2024-10-24T17:00:00;1152;HL;низ;2722,505;2735,510;20,820;1;1
3/3;169;2024-10-24T21:00:00;1156;LH;верх;2737,845;2734,695;15,340;4;1
3/3;170;2024-10-25T07:00:00;1165;HL;низ;2723,990;2726,535;13,855;9;1
3/3;171;2024-10-25T09:00:00;1167;LH;верх;2732,670;2721,290;8,680;2;1
3/3;172;2024-10-25T12:00:00;1170;LL;низ;2717,100;2731,570;15,570;3;1
3/3;173;2024-10-25T23:00:00;1181;HH;верх;2747,835;2732,525;30,735;11;1
3/3;174;2024-10-28T03:00:00;1185;HL;низ;2724,755;2733,015;23,080;4;1
3/3;175;2024-10-28T08:00:00;1190;LH;верх;2744,650;2729,375;19,895;5;1
3/3;176;2024-10-28T12:00:00;1194;HL;низ;2727,930;2740,940;16,720;4;1
3/3;177;2024-10-28T16:00:00;1198;HH;верх;2746,010;2743,435;18,080;4;1
3/3;178;2024-10-29T00:00:00;1205;HL;низ;2739,870;2752,165;6,140;7;1
3/3;179;2024-10-29T04:00:00;1209;HH;верх;2757,780;2750,060;17,910;4;2
3/3;180;2024-10-29T13:00:00;1218;HL;низ;2746,195;2769,610;11,585;9;1
3/3;181;2024-10-30T08:00:00;1236;HH;верх;2789,855;2784,625;43,660;18;3
3/3;182;2024-10-30T15:00:00;1243;HL;низ;2770,925;2785,445;18,930;7;1
3/3;183;2024-10-31T03:00:00;1254;HH;верх;2790,170;2784,530;19,245;11;2
3/3;184;2024-10-31T17:00:00;1268;LL;низ;2731,635;2747,000;58,535;14;1
3/3;185;2024-10-31T21:00:00;1272;LH;верх;2749,825;2746,785;18,190;4;1
3/3;186;2024-11-01T03:00:00;1277;HL;низ;2744,960;2752,380;4,865;5;1
3/3;187;2024-11-01T08:00:00;1282;HH;верх;2757,735;2751,415;12,775;5;1
3/3;188;2024-11-01T12:00:00;1286;LL;низ;2744,845;2756,125;12,890;4;1
3/3;189;2024-11-01T15:00:00;1289;HH;верх;2762,275;2743,195;17,430;3;1
3/3;190;2024-11-04T10:00:00;1306;LL;низ;2731,930;2740,700;30,345;17;2
3/3;191;2024-11-04T16:00:00;1312;LH;верх;2748,240;2738,445;16,310;6;1
3/3;192;2024-11-04T19:00:00;1315;LL;низ;2731,770;2737,400;16,470;3;1
3/3;193;2024-11-04T21:00:00;1317;LH;верх;2739,735;2736,080;7,965;2;1
3/3;194;2024-11-05T04:00:00;1323;LL;низ;2724,765;2732,735;14,970;6;1
3/3;195;2024-11-05T16:00:00;1335;HH;верх;2750,090;2742,070;25,325;12;2
3/3;196;2024-11-05T17:00:00;1336;HL;низ;2733,035;2741,330;17,055;1;1
3/3;197;2024-11-06T03:00:00;1345;LH;верх;2749,780;2741,870;16,745;9;1
3/3;198;2024-11-07T03:00:00;1368;LL;низ;2643,355;2654,665;106,425;23;5
3/3;199;2024-11-07T22:00:00;1387;LH;верх;2710,520;2706,425;67,165;19;1
3/3;200;2024-11-08T09:00:00;1397;HL;низ;2680,415;2688,620;30,105;10;1
3/3;201;2024-11-08T16:00:00;1404;LH;верх;2704,120;2688,000;23,705;7;1
3/3;202;2024-11-11T04:00:00;1415;LL;низ;2666,570;2669,300;37,550;11;2
3/3;203;2024-11-11T12:00:00;1423;LH;верх;2675,340;2635,580;8,770;8;1
3/3;204;2024-11-11T20:00:00;1431;LL;низ;2610,695;2619,595;64,645;8;1
3/3;205;2024-11-12T03:00:00;1437;LH;верх;2627,235;2617,850;16,540;6;2
3/3;206;2024-11-12T12:00:00;1446;LL;низ;2589,725;2611,675;37,510;9;1
3/3;207;2024-11-12T16:00:00;1450;LH;верх;2617,125;2597,480;27,400;4;1
3/3;208;2024-11-12T19:00:00;1453;HL;низ;2592,530;2599,810;24,595;3;1
3/3;209;2024-11-13T05:00:00;1462;LH;верх;2613,285;2605,535;20,755;9;1
3/3;210;2024-11-13T10:00:00;1467;HL;низ;2601,095;2610,865;12,190;5;1
3/3;211;2024-11-13T15:00:00;1472;HH;верх;2618,920;2585,905;17,825;5;1
3/3;212;2024-11-14T11:00:00;1491;LL;низ;2536,855;2552,320;82,065;19;1
3/3;213;2024-11-14T18:00:00;1498;LH;верх;2577,525;2576,025;40,670;7;1
3/3;214;2024-11-14T22:00:00;1502;HL;низ;2563,995;2566,975;13,530;4;1
3/3;215;2024-11-15T03:00:00;1506;LH;верх;2571,760;2567,155;7,765;4;1
3/3;216;2024-11-15T08:00:00;1511;LL;низ;2554,395;2564,050;17,365;5;3
3/3;217;2024-11-15T17:00:00;1520;HH;верх;2576,045;2567,575;21,650;9;1
3/3;218;2024-11-15T20:00:00;1523;HL;низ;2559,525;2563,220;16,520;3;1
3/3;219;2024-11-18T03:00:00;1529;HH;верх;2597,280;2592,300;37,755;6;1
3/3;220;2024-11-18T08:00:00;1534;HL;низ;2580,500;2595,765;16,780;5;1
3/3;221;2024-11-18T18:00:00;1544;HH;верх;2615,145;2609,880;34,645;10;2
3/3;222;2024-11-19T09:00:00;1558;HL;низ;2617,755;2635,185;2,610;14;1
3/3;223;2024-11-19T15:00:00;1564;HH;верх;2639,530;2626,535;21,775;6;1
3/3;224;2024-11-19T17:00:00;1566;HL;низ;2621,000;2630,240;18,530;2;1
3/3;225;2024-11-20T04:00:00;1576;HH;верх;2641,940;2636,950;20,940;10;1
3/3;226;2024-11-20T10:00:00;1582;LL;низ;2618,890;2628,135;23,050;6;1
3/3;227;2024-11-21T03:00:00;1598;HH;верх;2660,530;2657,025;41,640;16;2
3/3;228;2024-11-21T05:00:00;1600;HL;низ;2650,450;2661,495;10,080;2;1
3/3;229;2024-11-21T13:00:00;1608;HH;верх;2673,595;2665,050;23,145;8;1
3/3;230;2024-11-21T15:00:00;1610;HL;низ;2660,510;2664,770;13,085;2;1
3/3;231;2024-11-22T13:00:00;1631;HH;верх;2710,185;2694,680;49,675;21;2
3/3;232;2024-11-22T16:00:00;1634;HL;низ;2684,495;2706,860;25,690;3;1
3/3;233;2024-11-25T01:00:00;1642;HH;верх;2721,420;2695,325;36,925;8;1
3/3;234;2024-11-25T07:00:00;1648;LL;низ;2658,210;2672,045;63,210;6;1
3/3;235;2024-11-25T13:00:00;1654;LH;верх;2688,830;2641,340;30,620;6;1
3/3;236;2024-11-26T01:00:00;1665;LL;низ;2605,310;2625,465;83,520;11;2
3/3;237;2024-11-26T03:00:00;1667;LH;верх;2632,225;2626,455;26,915;2;1
3/3;238;2024-11-26T09:00:00;1673;HL;низ;2610,860;2631,440;21,365;6;1
3/3;239;2024-11-26T15:00:00;1679;HH;верх;2642,020;2628,700;31,160;6;1
3/3;240;2024-11-26T16:00:00;1680;HL;низ;2616,775;2625,005;25,245;1;4
3/3;241;2024-11-27T15:00:00;1702;HH;верх;2658,275;2639,075;41,500;22;1
3/3;242;2024-11-28T03:00:00;1713;HL;низ;2620,990;2631,345;37,285;11;2
3/3;243;2024-11-28T12:00:00;1722;LH;верх;2649,735;2647,090;28,745;9;1
3/3;244;2024-11-29T03:00:00;1734;HL;низ;2634,090;2659,975;15,645;12;2
3/3;245;2024-11-29T08:00:00;1739;HH;верх;2666,350;2664,200;32,260;5;1
3/3;246;2024-11-29T10:00:00;1741;HL;низ;2654,590;2659,680;11,760;2;1
3/3;247;2024-11-29T12:00:00;1743;LH;верх;2665,930;2658,025;11,340;2;1
3/3;248;2024-12-02T07:00:00;1759;LL;низ;2621,980;2629,595;43,950;16;3
3/3;249;2024-12-02T16:00:00;1768;LH;верх;2651,905;2638,885;29,925;9;1
3/3;250;2024-12-02T20:00:00;1772;HL;низ;2633,595;2638,955;18,310;4;1
3/3;251;2024-12-03T03:00:00;1778;LH;верх;2645,320;2639,930;11,725;6;1
3/3;252;2024-12-03T03:00:00;1778;HL;низ;2634,165;2639,930;11,155;0;1
3/3;253;2024-12-03T16:00:00;1791;HH;верх;2655,665;2647,110;21,500;13;2
3/3;254;2024-12-03T17:00:00;1792;HL;низ;2635,230;2645,815;20,435;1;1
3/3;255;2024-12-03T20:00:00;1795;LH;верх;2649,225;2643,885;13,995;3;1
3/3;256;2024-12-04T03:00:00;1801;HL;низ;2637,750;2648,495;11,475;6;1
3/3;257;2024-12-04T08:00:00;1806;HH;верх;2651,450;2640,975;13,700;5;1
3/3;258;2024-12-04T15:00:00;1813;LL;низ;2632,465;2649,805;18,985;7;2
3/3;259;2024-12-04T17:00:00;1815;HH;верх;2657,235;2649,070;24,770;2;1
3/3;260;2024-12-05T05:00:00;1826;HL;низ;2644,735;2646,980;12,500;11;2
3/3;261;2024-12-05T07:00:00;1828;LH;верх;2655,635;2643,275;10,900;2;1
3/3;262;2024-12-05T11:00:00;1832;LL;низ;2641,945;2653,360;13,690;4;1
3/3;263;2024-12-05T15:00:00;1836;LH;верх;2654,555;2635,160;12,610;4;1
3/3;264;2024-12-05T20:00:00;1841;LL;низ;2623,615;2631,925;30,940;5;1
3/3;265;2024-12-06T01:00:00;1845;LH;верх;2633,910;2625,450;10,295;4;1
3/3;266;2024-12-06T03:00:00;1847;LL;низ;2613,110;2642,295;20,800;2;1
3/3;267;2024-12-06T11:00:00;1855;HH;верх;2645,730;2638,630;32,620;8;3
3/3;268;2024-12-06T16:00:00;1860;HL;низ;2624,130;2634,965;21,600;5;2
3/3;269;2024-12-09T17:00:00;1884;HH;верх;2676,480;2663,070;52,350;24;2
3/3;270;2024-12-09T22:00:00;1889;HL;низ;2656,805;2665,105;19,675;5;1
3/3;271;2024-12-10T06:00:00;1896;LH;верх;2673,910;2664,670;17,105;7;1
3/3;272;2024-12-10T10:00:00;1900;HL;низ;2661,245;2674,600;12,665;4;1
3/3;273;2024-12-11T04:00:00;1917;HH;верх;2704,445;2687,850;43,200;17;2
3/3;274;2024-12-11T07:00:00;1920;HL;низ;2675,465;2691,265;28,980;3;3
3/3;275;2024-12-12T03:00:00;1939;HH;верх;2726,295;2712,715;50,830;19;2
3/3;276;2024-12-12T03:00:00;1939;HL;низ;2700,810;2712,715;25,485;0;1
3/3;277;2024-12-12T09:00:00;1945;LH;верх;2720,520;2711,580;19,710;6;1
3/3;278;2024-12-12T17:00:00;1953;LL;низ;2675,165;2684,220;45,355;8;2
3/3;279;2024-12-13T03:00:00;1962;LH;верх;2692,865;2687,425;17,700;9;2
3/3;280;2024-12-16T02:00:00;1984;LL;низ;2643,595;2653,910;49,270;22;1
3/3;281;2024-12-16T05:00:00;1987;LH;верх;2655,770;2653,770;12,175;3;1
3/3;282;2024-12-16T07:00:00;1989;HL;низ;2649,645;2658,055;6,125;2;1
3/3;283;2024-12-16T14:00:00;1996;HH;верх;2664,475;2654,500;14,830;7;1
3/3;284;2024-12-16T18:00:00;2000;LL;низ;2648,630;2653,340;15,845;4;2
3/3;285;2024-12-17T03:00:00;2008;LH;верх;2658,740;2651,845;10,110;8;3
3/3;286;2024-12-17T16:00:00;2021;LL;низ;2633,160;2646,075;25,580;13;1
3/3;287;2024-12-18T03:00:00;2031;LH;верх;2651,785;2645,185;18,625;10;2
3/3;288;2024-12-18T06:00:00;2034;HL;низ;2642,815;2644,705;8,970;3;1
3/3;289;2024-12-18T10:00:00;2038;LH;верх;2649,705;2646,235;6,890;4;1
3/3;290;2024-12-18T23:00:00;2051;LL;низ;2583,915;2612,015;65,790;13;2
3/3;291;2024-12-19T03:00:00;2054;LH;верх;2618,155;2609,290;34,240;3;1
3/3;292;2024-12-19T08:00:00;2059;HL;низ;2603,385;2620,495;14,770;5;1
3/3;293;2024-12-19T12:00:00;2063;HH;верх;2626,440;2596,435;23,055;4;1
3/3;294;2024-12-19T17:00:00;2068;LL;низ;2587,065;2599,815;39,375;5;1
3/3;295;2024-12-19T21:00:00;2072;LH;верх;2601,135;2593,660;14,070;4;1
3/3;296;2024-12-20T03:00:00;2077;HL;низ;2589,665;2598,105;11,470;5;1
3/3;297;2024-12-20T10:00:00;2084;HH;верх;2607,805;2603,775;18,140;7;2
3/3;298;2024-12-20T13:00:00;2087;HL;низ;2600,215;2616,945;7,590;3;1
3/3;299;2024-12-20T18:00:00;2092;HH;верх;2631,920;2627,955;31,705;5;1
3/3;300;2024-12-23T02:00:00;2099;HL;низ;2617,515;2624,135;14,405;7;1
3/3;301;2024-12-23T09:00:00;2106;HH;верх;2633,390;2619,560;15,875;7;1
3/3;302;2024-12-23T18:00:00;2115;LL;низ;2608,260;2611,220;25,130;9;3
3/3;303;2024-12-24T07:00:00;2127;LH;верх;2621,535;2617,340;13,275;12;1
3/3;304;2024-12-24T17:00:00;2137;HL;низ;2610,105;2616,875;11,430;10;1
3/3;305;2024-12-26T09:00:00;2149;HH;верх;2629,605;2628,740;19,500;12;1
3/3;306;2024-12-26T15:00:00;2155;HL;низ;2621,855;2632,185;7,750;6;2
3/3;307;2024-12-26T17:00:00;2157;HH;верх;2639,175;2634,860;17,320;2;2
3/3;308;2024-12-27T04:00:00;2167;HL;низ;2628,990;2631,520;10,185;10;1
3/3;309;2024-12-27T09:00:00;2172;LH;верх;2638,300;2626,740;9,310;5;2
3/3;310;2024-12-27T16:00:00;2179;LL;низ;2611,715;2615,945;26,585;7;2
3/3;311;2024-12-30T05:00:00;2191;LH;верх;2628,095;2619,175;16,380;12;2
3/3;312;2024-12-30T18:00:00;2204;LL;низ;2596,185;2607,220;31,910;13;1
3/3;313;2024-12-31T03:00:00;2212;LH;верх;2611,610;2606,620;15,425;8;2
3/3;314;2024-12-31T07:00:00;2216;HL;низ;2602,760;2616,680;8,850;4;1
3/3;315;2024-12-31T10:00:00;2219;HH;верх;2617,850;2611,105;15,090;3;1
3/3;316;2024-12-31T15:00:00;2224;HL;низ;2605,490;2625,485;12,360;5;1
3/3;317;2024-12-31T19:00:00;2228;HH;верх;2627,625;2623,350;22,135;4;1
3/3;318;2025-01-02T01:00:00;2233;HL;низ;2621,775;2634,775;5,850;5;1
3/3;319;2025-01-02T04:00:00;2236;HH;верх;2636,590;2634,080;14,815;3;1
3/3;320;2025-01-02T10:00:00;2242;HL;низ;2631,145;2641,980;5,445;6;1
3/3;321;2025-01-03T05:00:00;2260;HH;верх;2665,405;2659,665;34,260;18;2
3/3;322;2025-01-03T10:00:00;2265;HL;низ;2649,950;2657,655;15,455;5;1
3/3;323;2025-01-03T13:00:00;2268;LH;верх;2659,345;2647,835;9,395;3;1
3/3;324;2025-01-03T23:00:00;2278;LL;низ;2636,705;2641,460;22,640;10;2
3/3;325;2025-01-06T03:00:00;2281;LH;верх;2647,490;2635,510;10,785;3;1
3/3;326;2025-01-06T09:00:00;2287;LL;низ;2625,260;2633,845;22,230;6;1
3/3;327;2025-01-06T13:00:00;2291;HH;верх;2649,520;2631,440;24,260;4;1
3/3;328;2025-01-06T16:00:00;2294;LL;низ;2614,635;2636,730;34,885;3;2
3/3;329;2025-01-07T15:00:00;2316;HH;верх;2664,330;2651,865;49,695;22;3
3/3;330;2025-01-07T17:00:00;2318;HL;низ;2642,050;2649,235;22,280;2;1
3/3;331;2025-01-08T02:00:00;2326;LH;верх;2651,570;2646,875;9,520;8;1
3/3;332;2025-01-08T06:00:00;2330;HL;низ;2645,370;2652,690;6,200;4;2
3/3;333;2025-01-08T18:00:00;2342;HH;верх;2670,150;2658,420;24,780;12;1
3/3;334;2025-01-08T19:00:00;2343;HL;низ;2649,495;2663,540;20,655;1;2
3/3;335;2025-01-09T15:00:00;2362;HH;верх;2678,405;2667,700;28,910;19;2
3/3;336;2025-01-09T19:00:00;2366;HL;низ;2662,810;2669,605;15,595;4;3
3/3;337;2025-01-10T17:00:00;2387;HH;верх;2697,950;2687,430;35,140;21;1
3/3;338;2025-01-10T21:00:00;2391;HL;низ;2684,615;2691,210;13,335;4;1
3/3;339;2025-01-13T02:00:00;2395;LH;верх;2693,555;2688,055;8,940;4;1
3/3;340;2025-01-13T03:00:00;2396;LL;низ;2679,315;2686,105;14,240;1;2
3/3;341;2025-01-13T08:00:00;2401;LH;верх;2691,325;2684,840;12,010;5;1
3/3;342;2025-01-13T21:00:00;2414;LL;низ;2656,835;2667,990;34,490;13;1
3/3;343;2025-01-14T07:00:00;2423;LH;верх;2675,365;2671,080;18,530;9;2
3/3;344;2025-01-14T16:00:00;2432;HL;низ;2659,890;2669,045;15,475;9;1
3/3;345;2025-01-14T23:00:00;2439;HH;верх;2678,395;2669,910;18,505;7;1
3/3;346;2025-01-15T04:00:00;2443;HL;низ;2669,365;2679,360;9,030;4;1
3/3;347;2025-01-15T16:00:00;2455;HH;верх;2696,045;2692,810;26,680;12;1
3/3;348;2025-01-15T17:00:00;2456;HL;низ;2676,755;2694,185;19,290;1;2
3/3;349;2025-01-16T03:00:00;2465;HH;верх;2702,260;2697,390;25,505;9;1
3/3;350;2025-01-16T08:00:00;2470;HL;низ;2690,050;2705,390;12,210;5;1
3/3;351;2025-01-16T19:00:00;2481;HH;верх;2724,785;2715,875;34,735;11;1
3/3;352;2025-01-17T03:00:00;2488;HL;низ;2709,965;2714,780;14,820;7;1
3/3;353;2025-01-17T05:00:00;2490;LH;верх;2717,430;2712,750;7,465;2;1
3/3;354;2025-01-17T16:00:00;2501;LL;низ;2702,745;2712,670;14,685;11;2
3/3;355;2025-01-17T18:00:00;2503;LH;верх;2717,395;2703,110;14,650;2;1
3/3;356;2025-01-20T03:00:00;2511;LL;низ;2689,375;2706,050;28,020;8;1
3/3;357;2025-01-20T08:00:00;2516;LH;верх;2713,885;2706,135;24,510;5;2
3/3;358;2025-01-20T15:00:00;2523;HL;низ;2701,765;2707,745;12,120;7;2
3/3;359;2025-01-21T09:00:00;2538;HH;верх;2733,060;2719,950;31,295;15;1
3/3;360;2025-01-21T13:00:00;2542;HL;низ;2716,615;2738,205;16,445;4;1
3/3;361;2025-01-22T07:00:00;2559;HH;верх;2758,670;2753,350;42,055;17;2
3/3;362;2025-01-22T08:00:00;2560;HL;низ;2745,635;2758,545;13,035;1;1
3/3;363;2025-01-22T12:00:00;2564;HH;верх;2763,435;2757,840;17,800;4;1
3/3;364;2025-01-23T05:00:00;2580;HL;низ;2749,625;2753,270;13,810;16;2
3/3;365;2025-01-23T08:00:00;2583;LH;верх;2755,660;2746,035;6,035;3;1
3/3;366;2025-01-23T15:00:00;2590;LL;низ;2735,960;2753,975;19,700;7;2
3/3;367;2025-01-23T19:00:00;2594;HH;верх;2758,970;2753,970;23,010;4;1
3/3;368;2025-01-23T22:00:00;2597;HL;низ;2751,415;2759,740;7,555;3;1
3/3;369;2025-01-24T08:00:00;2606;HH;верх;2778,455;2772,915;27,040;9;1
3/3;370;2025-01-24T10:00:00;2608;HL;низ;2770,180;2776,760;8,275;2;1
3/3;371;2025-01-24T17:00:00;2615;HH;верх;2786,060;2773,525;15,880;7;1
3/3;372;2025-01-24T18:00:00;2616;LL;низ;2769,955;2774,740;16,105;1;1
3/3;373;2025-01-27T03:00:00;2624;LH;верх;2772,745;2758,250;2,790;8;1
3/3;374;2025-01-27T09:00:00;2630;LL;низ;2747,420;2768,065;25,325;6;1
3/3;375;2025-01-27T13:00:00;2634;LH;верх;2772,105;2751,525;24,685;4;1
3/3;376;2025-01-27T19:00:00;2640;LL;низ;2730,560;2741,525;41,545;6;1
3/3;377;2025-01-28T01:00:00;2645;LH;верх;2745,360;2739,505;14,800;5;1
3/3;378;2025-01-28T05:00:00;2649;HL;низ;2737,970;2739,630;7,390;4;1
3/3;379;2025-01-28T07:00:00;2651;LH;верх;2745,050;2741,245;7,080;2;1
3/3;380;2025-01-28T10:00:00;2654;LL;низ;2734,815;2742,775;10,235;3;1
3/3;381;2025-01-28T22:00:00;2666;HH;верх;2765,090;2764,010;30,275;12;1
3/3;382;2025-01-29T02:00:00;2669;HL;низ;2762,300;2762,790;2,790;3;1
3/3;383;2025-01-29T03:00:00;2670;HH;верх;2766,265;2762,520;3,965;1;3
3/3;384;2025-01-29T21:00:00;2688;LL;низ;2744,755;2760,435;21,510;18;1
3/3;385;2025-01-30T02:00:00;2692;LH;верх;2762,745;2761,885;17,990;4;1
3/3;386;2025-01-30T07:00:00;2697;HL;низ;2758,860;2776,245;3,885;5;1
3/3;387;2025-01-30T18:00:00;2708;HH;верх;2798,605;2793,490;39,745;11;1
3/3;388;2025-01-30T23:00:00;2713;HL;низ;2788,485;2796,415;10,120;5;1
3/3;389;2025-01-31T09:00:00;2722;HH;верх;2801,010;2794,310;12,525;9;2
3/3;390;2025-01-31T12:00:00;2725;HL;низ;2791,070;2806,445;9,940;3;1
3/3;391;2025-01-31T17:00:00;2730;HH;верх;2817,215;2798,890;26,145;5;2
3/3;392;2025-02-03T05:00:00;2741;LL;низ;2772,215;2786,890;45,000;11;1
3/3;393;2025-02-03T16:00:00;2752;HH;верх;2830,755;2817,260;58,540;11;1
3/3;394;2025-02-03T23:00:00;2759;HL;низ;2812,278;2823,525;18,477;7;1
3/3;395;2025-02-04T04:00:00;2763;LH;верх;2824,650;2815,850;12,372;4;1
3/3;396;2025-02-04T09:00:00;2768;LL;низ;2807,275;2814,800;17,375;5;1
3/3;397;2025-02-04T17:00:00;2776;HH;верх;2845,470;2842,725;38,195;8;1
3/3;398;2025-02-05T03:00:00;2785;HL;низ;2839,740;2855,335;5,730;9;1
3/3;399;2025-02-05T12:00:00;2794;HH;верх;2877,085;2861,970;37,345;9;1
3/3;400;2025-02-05T15:00:00;2797;HL;низ;2858,645;2874,960;18,440;3;1
3/3;401;2025-02-05T17:00:00;2799;HH;верх;2882,310;2865,765;23,665;2;1
3/3;402;2025-02-05T22:00:00;2804;HL;низ;2859,975;2869,875;22,335;5;1
3/3;403;2025-02-06T04:00:00;2809;LH;верх;2873,340;2868,230;13,365;5;1
3/3;404;2025-02-06T10:00:00;2815;LL;низ;2848,970;2865,995;24,370;6;1
3/3;405;2025-02-06T14:00:00;2819;LH;верх;2870,395;2850,615;21,425;4;1
3/3;406;2025-02-06T17:00:00;2822;LL;низ;2834,270;2852,660;36,125;3;1
3/3;407;2025-02-07T05:00:00;2833;HH;верх;2870,565;2860,830;36,295;11;1
3/3;408;2025-02-07T08:00:00;2836;HL;низ;2859,030;2868,920;11,535;3;1
3/3;409;2025-02-07T11:00:00;2839;HH;верх;2870,735;2863,695;11,705;3;1
3/3;410;2025-02-07T15:00:00;2843;LL;низ;2852,595;2860,738;18,140;4;1
3/3;411;2025-02-07T17:00:00;2845;HH;верх;2886,855;2861,305;34,260;2;1
3/3;412;2025-02-07T19:00:00;2847;HL;низ;2853,435;2860,765;33,420;2;2
3/3;413;2025-02-11T04:00:00;2878;HH;верх;2942,780;2923,005;89,345;31;2
3/3;414;2025-02-11T04:00:00;2878;HL;низ;2905,940;2923,005;36,840;0;1
3/3;415;2025-02-11T08:00:00;2882;LH;верх;2929,540;2903,215;23,600;4;1
3/3;416;2025-02-11T15:00:00;2889;LL;низ;2881,560;2902,435;47,980;7;1
3/3;417;2025-02-11T18:00:00;2892;LH;верх;2908,675;2900,270;27,115;3;1
3/3;418;2025-02-12T03:00:00;2900;HL;низ;2883,695;2885,405;24,980;8;2
3/3;419;2025-02-12T09:00:00;2906;LH;верх;2895,850;2882,885;12,155;6;1
3/3;420;2025-02-12T15:00:00;2912;LL;низ;2864,330;2902,540;31,520;6;1
3/3;421;2025-02-13T07:00:00;2927;HH;верх;2922,880;2911,750;58,550;15;2
3/3;422;2025-02-13T10:00:00;2930;HL;низ;2909,500;2918,060;13,380;3;1
3/3;423;2025-02-13T14:00:00;2934;LH;верх;2921,435;2920,290;11,935;4;1
3/3;424;2025-02-13T15:00:00;2935;LL;низ;2905,885;2913,885;15,550;1;1
3/3;425;2025-02-14T03:00:00;2946;HH;верх;2933,920;2928,585;28,035;11;1
3/3;426;2025-02-14T05:00:00;2948;HL;низ;2923,335;2934,400;10,585;2;1
3/3;427;2025-02-14T12:00:00;2955;HH;верх;2939,980;2920,675;16,645;7;1
3/3;428;2025-02-14T22:00:00;2965;LL;низ;2877,025;2883,725;62,955;10;1
3/3;429;2025-02-17T07:00:00;2973;LH;верх;2905,355;2900,295;28,330;8;1
3/3;430;2025-02-17T08:00:00;2974;HL;низ;2888,190;2902,580;17,165;1;1
3/3;431;2025-02-17T11:00:00;2977;HH;верх;2906,525;2897,725;18,335;3;1
3/3;432;2025-02-17T14:00:00;2980;HL;низ;2895,450;2899,355;11,075;3;1
3/3;433;2025-02-17T17:00:00;2983;LH;верх;2904,185;2898,255;8,735;3;1
3/3;434;2025-02-18T03:00:00;2990;LL;низ;2892,070;2910,920;12,115;7;1
3/3;435;2025-02-18T07:00:00;2994;HH;верх;2915,760;2912,515;23,690;4;1
3/3;436;2025-02-18T12:00:00;2999;HL;низ;2907,190;2918,770;8,570;5;1
3/3;437;2025-02-19T03:00:00;3013;HH;верх;2939,740;2929,335;32,550;14;2
3/3;438;2025-02-19T04:00:00;3014;HL;низ;2924,210;2932,970;15,530;1;1
3/3;439;2025-02-19T12:00:00;3022;HH;верх;2947,080;2936,385;22,870;8;1
3/3;440;2025-02-19T20:00:00;3030;LL;низ;2918,640;2933,260;28,440;8;1
3/3;441;2025-02-20T11:00:00;3044;HH;верх;2954,955;2945,585;36,315;14;1
3/3;442;2025-02-20T16:00:00;3049;HL;низ;2924,035;2940,505;30,920;5;1
3/3;443;2025-02-20T19:00:00;3052;LH;верх;2947,090;2937,925;23,055;3;1
3/3;444;2025-02-20T21:00:00;3054;HL;низ;2933,555;2941,785;13,535;2;1
3/3;445;2025-02-21T03:00:00;3059;HH;верх;2949,930;2928,545;16,375;5;1
3/3;446;2025-02-21T10:00:00;3066;LL;низ;2916,820;2928,400;33,110;7;2
3/3;447;2025-02-21T20:00:00;3076;LH;верх;2942,880;2936,260;26,060;10;1
3/3;448;2025-02-24T03:00:00;3082;HL;низ;2921,475;2940,995;21,405;6;1
3/3;449;2025-02-24T05:00:00;3084;HH;верх;2944,760;2938,850;23,285;2;1
3/3;450;2025-02-24T08:00:00;3087;HL;низ;2935,265;2944,360;9,495;3;1
3/3;451;2025-02-24T10:00:00;3089;HH;верх;2948,880;2947,685;13,615;2;1
3/3;452;2025-02-24T12:00:00;3091;LL;низ;2935,020;2954,570;13,860;2;1
3/3;453;2025-02-24T16:00:00;3095;HH;верх;2956,310;2943,325;21,290;4;1
3/3;454;2025-02-24T17:00:00;3096;LL;низ;2930,810;2947,480;25,500;1;1
3/3;455;2025-02-25T01:00:00;3103;LH;верх;2953,425;2948,725;22,615;7;1
3/3;456;2025-02-25T10:00:00;3112;LL;низ;2929,640;2938,745;23,785;9;1
3/3;457;2025-02-25T16:00:00;3118;LH;верх;2944,930;2907,725;15,290;6;2
3/3;458;2025-02-25T18:00:00;3120;LL;низ;2888,180;2912,095;56,750;2;1
3/3;459;2025-02-26T03:00:00;3128;LH;верх;2930,180;2915,075;42,000;8;1
3/3;460;2025-02-26T09:00:00;3134;HL;низ;2905,905;2912,705;24,275;6;1
3/3;461;2025-02-26T11:00:00;3136;LH;верх;2919,140;2913,960;13,235;2;1
3/3;462;2025-02-26T16:00:00;3141;LL;низ;2890,865;2913,925;28,275;5;1
3/3;463;2025-02-27T01:00:00;3149;HH;верх;2920,815;2906,790;29,950;8;2
3/3;464;2025-02-27T16:00:00;3164;LL;низ;2867,795;2883,305;53,020;15;2
3/3;465;2025-02-27T21:00:00;3169;LH;верх;2887,745;2875,885;19,950;5;1
3/3;466;2025-02-27T23:00:00;3171;HL;низ;2871,285;2874,890;16,460;2;1
3/3;467;2025-02-28T03:00:00;3174;LH;верх;2885,240;2863,525;13,955;3;1
3/3;468;2025-02-28T10:00:00;3181;LL;низ;2851,115;2862,365;34,125;7;2
3/3;469;2025-02-28T14:00:00;3185;LH;верх;2865,025;2850,275;13,910;4;1
3/3;470;2025-02-28T17:00:00;3188;LL;низ;2832,720;2845,350;32,305;3;1
3/3;471;2025-03-03T01:00:00;3195;HH;верх;2876,850;2868,150;44,130;7;1
3/3;472;2025-03-03T10:00:00;3204;HL;низ;2859,000;2874,490;17,850;9;2
3/3;473;2025-03-03T18:00:00;3212;HH;верх;2893,200;2881,670;34,200;8;1
3/3;474;2025-03-03T22:00:00;3216;HL;низ;2878,435;2891,945;14,765;4;1
3/3;475;2025-03-03T23:00:00;3217;HH;верх;2895,210;2888,410;16,775;1;1
3/3;476;2025-03-04T03:00:00;3220;HL;низ;2881,980;2891,370;13,230;3;2
3/3;477;2025-03-04T15:00:00;3232;HH;верх;2927,910;2915,180;45,930;12;1
3/3;478;2025-03-04T17:00:00;3234;HL;низ;2900,390;2911,375;27,520;2;1
3/3;479;2025-03-04T22:00:00;3239;LH;верх;2920,610;2914,080;20,220;5;1
3/3;480;2025-03-05T04:00:00;3244;HL;низ;2902,040;2918,905;18,570;5;1
3/3;481;2025-03-05T11:00:00;3251;HH;верх;2922,675;2916,290;20,635;7;1
3/3;482;2025-03-05T15:00:00;3255;LL;низ;2894,350;2923,870;28,325;4;1
3/3;483;2025-03-05T18:00:00;3258;HH;верх;2929,980;2920,545;35,630;3;1
3/3;484;2025-03-06T03:00:00;3266;HL;низ;2916,010;2917,540;13,970;8;1
3/3;485;2025-03-06T04:00:00;3267;LH;верх;2926,720;2919,975;10,710;1;1
3/3;486;2025-03-06T11:00:00;3274;LL;низ;2891,150;2903,345;35,570;7;1
3/3;487;2025-03-06T17:00:00;3280;LH;верх;2922,850;2916,235;31,700;6;1
3/3;488;2025-03-07T02:00:00;3288;HL;низ;2896,910;2905,465;25,940;8;1
3/3;489;2025-03-07T11:00:00;3297;HH;верх;2923,180;2918,770;26,270;9;1
3/3;490;2025-03-07T16:00:00;3302;HL;низ;2903,830;2908,325;19,350;5;1
3/3;491;2025-03-07T17:00:00;3303;HH;верх;2930,540;2906,625;26,710;1;1
3/3;492;2025-03-07T20:00:00;3306;LL;низ;2902,065;2909,550;28,475;3;1
3/3;493;2025-03-10T03:00:00;3313;LH;верх;2918,385;2910,980;16,320;7;2
3/3;494;2025-03-10T13:00:00;3323;LL;низ;2895,700;2908,115;22,685;10;1
3/3;495;2025-03-10T17:00:00;3327;LH;верх;2910,635;2885,665;14,935;4;1
3/3;496;2025-03-11T03:00:00;3336;LL;низ;2880,250;2897,770;30,385;9;2
3/3;497;2025-03-11T15:00:00;3348;HH;верх;2922,225;2917,200;41,975;12;2
3/3;498;2025-03-11T15:00:00;3348;HL;низ;2906,890;2917,200;15,335;0;1
3/3;499;2025-03-11T21:00:00;3354;LH;верх;2921,400;2915,555;14,510;6;1
3/3;500;2025-03-12T09:00:00;3365;HL;низ;2909,095;2914,410;12,305;11;2
3/3;501;2025-03-12T11:00:00;3367;HH;верх;2925,390;2917,560;16,295;2;1
3/3;502;2025-03-12T15:00:00;3371;LL;низ;2906,110;2936,235;19,280;4;1
3/3;503;2025-03-12T19:00:00;3375;HH;верх;2940,690;2933,610;34,580;4;1
3/3;504;2025-03-12T22:00:00;3378;HL;низ;2930,965;2938,710;9,725;3;1
3/3;505;2025-03-13T05:00:00;3384;HH;верх;2947,195;2936,955;16,230;6;1
3/3;506;2025-03-13T09:00:00;3388;HL;низ;2932,980;2944,150;14,215;4;3
3/3;507;2025-03-14T06:00:00;3408;HH;верх;2994,000;2986,975;61,020;20;1
3/3;508;2025-03-14T09:00:00;3411;HL;низ;2980,915;2993,445;13,085;3;1
3/3;509;2025-03-14T12:00:00;3414;HH;верх;3005,040;2985,690;24,125;3;1
3/3;510;2025-03-14T17:00:00;3419;LL;низ;2978,505;2983,475;26,535;5;2
3/3;511;2025-03-17T01:00:00;3426;LH;верх;2994,235;2988,125;15,730;7;1
3/3;512;2025-03-17T07:00:00;3432;HL;низ;2982,340;2988,515;11,895;6;1
3/3;513;2025-03-17T13:00:00;3438;HH;верх;3001,190;2998,720;18,850;6;1
3/3;514;2025-03-17T14:00:00;3439;HL;низ;2984,930;2997,255;16,260;1;2
3/3;515;2025-03-18T15:00:00;3463;HH;верх;3038,350;3036,140;53,420;24;2
3/3;516;2025-03-19T03:00:00;3474;HL;низ;3027,450;3036,550;10,900;11;1
3/3;517;2025-03-19T07:00:00;3478;HH;верх;3045,410;3025,340;17,960;4;1
3/3;518;2025-03-19T11:00:00;3482;LL;низ;3022,885;3037,245;22,525;4;1
3/3;519;2025-03-19T14:00:00;3485;LH;верх;3041,100;3031,560;18,215;3;1
3/3;520;2025-03-19T16:00:00;3487;HL;низ;3025,960;3030,695;15,140;2;1
3/3;521;2025-03-20T06:00:00;3500;HH;верх;3057,590;3042,340;31,630;13;2
3/3;522;2025-03-20T12:00:00;3506;LL;низ;3025,730;3033,005;31,860;6;1
3/3;523;2025-03-21T02:00:00;3519;LH;верх;3047,550;3030,665;21,820;13;1
3/3;524;2025-03-21T07:00:00;3524;LL;низ;3021,845;3033,020;25,705;5;1
3/3;525;2025-03-21T14:00:00;3531;LH;верх;3038,195;3011,180;16,350;7;1
3/3;526;2025-03-21T16:00:00;3533;LL;низ;2999,465;3013,735;38,730;2;1
3/3;527;2025-03-24T01:00:00;3541;LH;верх;3026,410;3016,415;26,945;8;1
3/3;528;2025-03-24T04:00:00;3544;HL;низ;3013,755;3022,135;12,655;3;1
3/3;529;2025-03-24T12:00:00;3552;HH;верх;3033,340;3022,615;19,585;8;1
3/3;530;2025-03-24T20:00:00;3560;LL;низ;3002,495;3011,500;30,845;8;4
3/3;531;2025-03-25T16:00:00;3579;HH;верх;3036,070;3022,700;33,575;19;1
3/3;532;2025-03-25T21:00:00;3584;HL;низ;3017,835;3021,080;18,235;5;1
3/3;533;2025-03-26T04:00:00;3590;LH;верх;3027,170;3022,665;9,335;6;1
3/3;534;2025-03-26T07:00:00;3593;LL;низ;3013,320;3024,090;13,850;3;1
3/3;535;2025-03-26T10:00:00;3596;HH;верх;3032,165;3027,595;18,845;3;1
3/3;536;2025-03-26T17:00:00;3603;LL;низ;3012,330;3018,380;19,835;7;1
3/3;537;2025-03-27T06:00:00;3615;HH;верх;3038,695;3035,960;26,365;12;1
3/3;538;2025-03-27T08:00:00;3617;HL;низ;3026,765;3040,080;11,930;2;2
3/3;539;2025-03-27T16:00:00;3625;HH;верх;3059,755;3052,930;32,990;8;2
3/3;540;2025-03-28T01:00:00;3633;HL;низ;3054,235;3071,925;5,520;8;1
3/3;541;2025-03-28T09:00:00;3641;HH;верх;3086,090;3074,405;31,855;8;1
3/3;542;2025-03-28T10:00:00;3642;HL;низ;3066,145;3076,350;19,945;1;1
3/3;543;2025-03-28T16:00:00;3648;HH;верх;3086,965;3077,425;20,820;6;1
3/3;544;2025-03-28T17:00:00;3649;HL;низ;3067,430;3079,720;19,535;1;1
3/3;545;2025-03-31T01:00:00;3655;HH;верх;3097,978;3094,895;30,548;6;1
3/3;546;2025-03-31T04:00:00;3658;HL;низ;3076,805;3113,505;21,173;3;1
3/3;547;2025-03-31T09:00:00;3663;HH;верх;3128,135;3115,070;51,330;5;1
3/3;548;2025-03-31T16:00:00;3670;HL;низ;3099,710;3117,675;28,425;7;2
3/3;549;2025-03-31T18:00:00;3672;LH;верх;3127,300;3121,520;27,590;2;1
3/3;550;2025-04-01T02:00:00;3679;HL;низ;3120,125;3145,265;7,175;7;1
3/3;551;2025-04-01T08:00:00;3685;HH;верх;3149,090;3131,080;28,965;6;1
3/3;552;2025-04-01T10:00:00;3687;HL;низ;3124,105;3132,370;24,985;2;1
3/3;553;2025-04-01T13:00:00;3690;LH;верх;3139,070;3134,085;14,965;3;1
3/3;554;2025-04-01T19:00:00;3696;LL;низ;3100,870;3118,890;38,200;6;2
3/3;555;2025-04-02T05:00:00;3705;LH;верх;3135,805;3118,040;34,935;9;1
3/3;556;2025-04-02T08:00:00;3708;HL;низ;3106,705;3131,370;29,100;3;1
3/3;557;2025-04-02T11:00:00;3711;LH;верх;3133,950;3121,385;27,245;3;1
3/3;558;2025-04-02T13:00:00;3713;HL;низ;3110,205;3122,390;23,745;2;1
3/3;559;2025-04-02T19:00:00;3719;HH;верх;3134,370;3124,320;24,165;6;1
3/3;560;2025-04-02T23:00:00;3723;LL;низ;3104,790;3151,335;29,580;4;1
3/3;561;2025-04-03T02:00:00;3725;HH;верх;3167,835;3145,255;63,045;2;1
3/3;562;2025-04-03T16:00:00;3739;LL;низ;3054,190;3107,575;113,645;14;2
3/3;563;2025-04-03T17:00:00;3740;LH;верх;3135,665;3109,560;81,475;1;2
3/3;564;2025-04-04T06:00:00;3752;HL;низ;3087,090;3101,135;48,575;12;1
3/3;565;2025-04-04T09:00:00;3755;LH;верх;3110,075;3090,805;22,985;3;1
3/3;566;2025-04-04T11:00:00;3757;LL;низ;3078,515;3110,425;31,560;2;1
3/3;567;2025-04-04T14:00:00;3760;HH;верх;3136,775;3038,535;58,260;3;1
3/3;568;2025-04-04T20:00:00;3766;LL;низ;3015,650;3037,885;121,125;6;1
3/3;569;2025-04-04T23:00:00;3769;LH;верх;3041,095;2978,980;25,445;3;1
3/3;570;2025-04-07T03:00:00;3772;LL;низ;2970,215;3019,030;70,880;3;1
3/3;571;2025-04-07T04:00:00;3773;HH;верх;3057,305;3035,575;87,090;1;1
3/3;572;2025-04-07T10:00:00;3779;HL;низ;3013,360;3031,325;43,945;6;1
3/3;573;2025-04-07T14:00:00;3783;LH;верх;3046,235;2999,505;32,875;4;1
3/3;574;2025-04-07T20:00:00;3789;LL;низ;2956,565;2981,940;89,670;6;1
3/3;575;2025-04-08T09:00:00;3801;LH;верх;3016,105;3006,970;59,540;12;1
3/3;576;2025-04-08T12:00:00;3804;HL;низ;2994,900;3002,670;21,205;3;1
3/3;577;2025-04-08T16:00:00;3808;HH;верх;3022,760;2986,055;27,860;4;1
3/3;578;2025-04-09T02:00:00;3817;LL;низ;2969,970;3003,195;52,790;9;2
3/3;579;2025-04-09T10:00:00;3825;HH;верх;3052,465;3043,010;82,495;8;1
3/3;580;2025-04-09T14:00:00;3829;HL;низ;3036,080;3070,585;16,385;4;2
3/3;581;2025-04-10T08:00:00;3846;HH;верх;3132,630;3104,975;96,550;17;2
3/3;582;2025-04-10T12:00:00;3850;HL;низ;3103,320;3123,075;29,310;4;1
3/3;583;2025-04-11T06:00:00;3867;HH;верх;3220,100;3197,310;116,780;17;1
3/3;584;2025-04-11T08:00:00;3869;HL;низ;3187,265;3216,090;32,835;2;1
3/3;585;2025-04-11T19:00:00;3880;HH;верх;3245,485;3231,020;58,220;11;2
3/3;586;2025-04-14T01:00:00;3885;HL;низ;3213,355;3239,710;32,130;5;1
3/3;587;2025-04-14T05:00:00;3889;HH;верх;3245,845;3234,440;32,490;4;2
3/3;588;2025-04-14T16:00:00;3900;LL;низ;3193,630;3207,685;52,215;11;1
3/3;589;2025-04-14T20:00:00;3904;LH;верх;3216,485;3210,680;22,855;4;1
3/3;590;2025-04-15T04:00:00;3911;HL;низ;3210,065;3231,910;6,420;7;1
3/3;591;2025-04-15T07:00:00;3914;HH;верх;3232,755;3225,755;22,690;3;1
3/3;592;2025-04-15T10:00:00;3917;HL;низ;3217,375;3220,260;15,380;3;1
3/3;593;2025-04-15T11:00:00;3918;LH;верх;3232,240;3220,210;14,865;1;1
3/3;594;2025-04-15T16:00:00;3923;LL;низ;3211,660;3221,465;20,580;5;1
3/3;595;2025-04-17T01:00:00;3954;HH;верх;3357,775;3323,995;146,115;31;2
3/3;596;2025-04-17T04:00:00;3957;HL;низ;3320,855;3341,680;36,920;3;1
3/3;597;2025-04-17T08:00:00;3961;LH;верх;3345,590;3324,345;24,735;4;1
3/3;598;2025-04-17T11:00:00;3964;LL;низ;3312,755;3327,530;32,835;3;1
3/3;599;2025-04-17T15:00:00;3968;LH;верх;3342,735;3296,485;29,980;4;1
3/3;600;2025-04-17T17:00:00;3970;LL;низ;3283,955;3319,045;58,780;2;1
3/3;601;2025-04-21T17:00:00;3993;HH;верх;3430,350;3422,555;146,395;23;1
3/3;602;2025-04-21T20:00:00;3996;HL;низ;3406,070;3424,235;24,280;3;2
3/3;603;2025-04-22T09:00:00;4008;HH;верх;3500,200;3454,765;94,130;12;1
3/3;604;2025-04-23T01:00:00;4023;LL;низ;3315,340;3379,160;184,860;15;2
3/3;605;2025-04-23T04:00:00;4026;LH;верх;3386,770;3346,795;71,430;3;1
3/3;606;2025-04-23T09:00:00;4031;LL;низ;3291,735;3317,770;95,035;5;1
3/3;607;2025-04-23T12:00:00;4034;LH;верх;3340,600;3310,735;48,865;3;1
3/3;608;2025-04-23T17:00:00;4039;LL;низ;3260,190;3281,355;80,410;5;1
3/3;609;2025-04-24T04:00:00;4049;HH;верх;3367,685;3326,195;107,495;10;1
3/3;610;2025-04-24T09:00:00;4054;HL;низ;3314,800;3335,805;52,885;5;1
3/3;611;2025-04-24T15:00:00;4060;LH;верх;3344,785;3329,535;29,985;6;1
3/3;612;2025-04-24T17:00:00;4062;LL;низ;3306,755;3336,880;38,030;2;1
3/3;613;2025-04-25T01:00:00;4069;HH;верх;3370,475;3345,750;63,720;7;1
3/3;614;2025-04-25T16:00:00;4084;LL;низ;3265,135;3285,525;105,340;15;2
3/3;615;2025-04-28T01:00:00;4092;LH;верх;3330,605;3281,055;65,470;8;1
3/3;616;2025-04-28T05:00:00;4096;HL;низ;3268,110;3295,190;62,495;4;1
3/3;617;2025-04-28T08:00:00;4099;LH;верх;3301,165;3282,790;33,055;3;1
3/3;618;2025-04-28T13:00:00;4104;HL;низ;3273,335;3293,200;27,830;5;1
3/3;619;2025-04-28T22:00:00;4113;HH;верх;3353,200;3337,680;79,865;9;1
3/3;620;2025-04-29T08:00:00;4122;HL;низ;3305,140;3311,885;48,060;9;1
3/3;621;2025-04-29T11:00:00;4125;LH;верх;3325,005;3309,290;19,865;3;1
3/3;622;2025-04-29T17:00:00;4131;LL;низ;3299,675;3314,365;25,330;6;1
3/3;623;2025-04-29T19:00:00;4133;HH;верх;3330,065;3320,540;30,390;2;2
3/3;624;2025-04-30T07:00:00;4144;HL;низ;3301,385;3307,240;28,680;11;1
3/3;625;2025-04-30T08:00:00;4145;LH;верх;3314,820;3284,510;13,435;1;1
3/3;626;2025-04-30T15:00:00;4152;LL;низ;3266,910;3308,105;47,910;7;1
3/3;627;2025-04-30T16:00:00;4153;HH;верх;3319,800;3310,825;52,890;1;1
3/3;628;2025-05-01T07:00:00;4167;LL;низ;3221,320;3230,200;98,480;14;1
3/3;629;2025-05-01T09:00:00;4169;LH;верх;3243,280;3218,590;21,960;2;1
3/3;630;2025-05-01T15:00:00;4175;LL;низ;3201,955;3216,515;41,325;6;1
3/3;631;2025-05-01T16:00:00;4176;LH;верх;3233,370;3219,675;31,415;1;1
3/3;632;2025-05-02T03:00:00;4186;HL;низ;3227,470;3255,050;5,900;10;1
3/3;633;2025-05-02T14:00:00;4197;HH;верх;3269,300;3262,875;41,830;11;1
3/3;634;2025-05-02T19:00:00;4202;LL;низ;3222,755;3233,865;46,545;5;1
3/3;635;2025-05-05T17:00:00;4223;HH;верх;3328,850;3317,170;106,095;21;2
3/3;636;2025-05-05T19:00:00;4225;HL;низ;3305,640;3328,760;23,210;2;1
3/3;637;2025-05-05T22:00:00;4228;HH;верх;3337,670;3334,145;32,030;3;1
3/3;638;2025-05-06T03:00:00;4232;HL;низ;3322,755;3360,430;14,915;4;1
3/3;639;2025-05-06T05:00:00;4234;HH;верх;3387,015;3362,150;64,260;2;1
3/3;640;2025-05-06T08:00:00;4237;HL;низ;3350,260;3377,175;36,755;3;1
3/3;641;2025-05-06T23:00:00;4252;HH;верх;3435,055;3379,380;84,795;15;1
3/3;642;2025-05-07T04:00:00;4256;HL;низ;3360,200;3382,215;74,855;4;1
3/3;643;2025-05-07T10:00:00;4262;LH;верх;3397,445;3391,365;37,245;6;1
3/3;644;2025-05-07T13:00:00;4265;HL;низ;3369,305;3394,300;28,140;3;1
3/3;645;2025-05-07T16:00:00;4268;HH;верх;3398,145;3386,925;28,840;3;1
3/3;646;2025-05-07T17:00:00;4269;HL;низ;3375,800;3385,160;22,345;1;1
3/3;647;2025-05-07T21:00:00;4273;LH;верх;3398,020;3370,080;22,220;4;1
3/3;648;2025-05-07T22:00:00;4274;LL;низ;3363,735;3376,475;34,285;1;1
3/3;649;2025-05-08T05:00:00;4280;HH;верх;3414,790;3355,490;51,055;6;1
3/3;650;2025-05-08T09:00:00;4284;LL;низ;3320,380;3332,095;94,410;4;1
3/3;651;2025-05-08T16:00:00;4291;LH;верх;3369,600;3310,330;49,220;7;1
3/3;652;2025-05-08T22:00:00;4297;LL;низ;3288,805;3316,405;80,795;6;1
3/3;653;2025-05-09T02:00:00;4300;LH;верх;3324,095;3308,390;35,290;3;1
3/3;654;2025-05-09T05:00:00;4303;LL;низ;3274,810;3321,685;49,285;3;1
3/3;655;2025-05-09T10:00:00;4308;HH;верх;3332,350;3323,435;57,540;5;1
3/3;656;2025-05-09T17:00:00;4315;HL;низ;3320,395;3340,925;11,955;7;1
3/3;657;2025-05-09T19:00:00;4317;HH;верх;3347,625;3328,865;27,230;2;1
3/3;658;2025-05-12T13:00:00;4334;LL;низ;3207,790;3240,790;139,835;17;2
3/3;659;2025-05-12T16:00:00;4337;LH;верх;3248,700;3224,290;40,910;3;1
3/3;660;2025-05-13T04:00:00;4348;HL;низ;3215,855;3252,710;32,845;11;2
3/3;661;2025-05-13T09:00:00;4353;HH;верх;3265,785;3253,435;49,930;5;1
3/3;662;2025-05-13T17:00:00;4361;HL;низ;3225,505;3247,185;40,280;8;1
3/3;663;2025-05-13T19:00:00;4363;LH;верх;3258,000;3249,450;32,495;2;2
3/3;664;2025-05-14T08:00:00;4375;LL;низ;3221,565;3232,595;36,435;12;1
3/3;665;2025-05-14T11:00:00;4378;LH;верх;3243,960;3220,215;22,395;3;1
3/3;666;2025-05-14T22:00:00;4389;LL;низ;3168,065;3186,165;75,895;11;1
3/3;667;2025-05-15T04:00:00;4394;LH;верх;3192,830;3138,605;24,765;5;1
3/3;668;2025-05-15T09:00:00;4399;LL;низ;3120,765;3165,370;72,065;5;1
3/3;669;2025-05-16T01:00:00;4414;HH;верх;3252,255;3222,175;131,490;15;1
3/3;670;2025-05-16T06:00:00;4419;HL;низ;3206,600;3215,005;45,655;5;1
3/3;671;2025-05-16T09:00:00;4422;LH;верх;3231,335;3209,275;24,735;3;1
3/3;672;2025-05-16T14:00:00;4427;LL;низ;3154,300;3173,335;77,035;5;1
3/3;673;2025-05-19T03:00:00;4439;HH;верх;3249,850;3212,265;95,550;12;1
3/3;674;2025-05-19T07:00:00;4443;HL;низ;3206,725;3232,395;43,125;4;1
3/3;675;2025-05-19T14:00:00;4450;LH;верх;3248,590;3233,980;41,865;7;1
3/3;676;2025-05-19T17:00:00;4453;HL;низ;3217,290;3226,465;31,300;3;1
3/3;677;2025-05-19T22:00:00;4458;LH;верх;3235,970;3222,665;18,680;5;2
3/3;678;2025-05-20T06:00:00;4465;LL;низ;3204,670;3209,885;31,300;7;2
3/3;679;2025-05-21T04:00:00;4486;HH;верх;3314,820;3302,170;110,150;21;1
3/3;680;2025-05-21T04:00:00;4486;HL;низ;3285,340;3302,170;29,480;0;1
3/3;681;2025-05-21T09:00:00;4491;HH;верх;3320,845;3313,595;35,505;5;1
3/3;682;2025-05-21T15:00:00;4497;HL;низ;3290,725;3311,990;30,120;6;1
3/3;683;2025-05-22T06:00:00;4511;HH;верх;3345,470;3326,490;54,745;14;3
3/3;684;2025-05-22T17:00:00;4522;LL;низ;3279,235;3296,535;66,235;11;2
3/3;685;2025-05-23T03:00:00;4531;LH;верх;3309,010;3302,185;29,775;9;1
3/3;686;2025-05-23T03:00:00;4531;HL;низ;3287,075;3302,185;21,935;0;1
3/3;687;2025-05-23T20:00:00;4548;HH;верх;3366,015;3358,125;78,940;17;3
3/3;688;2025-05-26T03:00:00;4554;HL;низ;3331,445;3347,650;34,570;6;1
3/3;689;2025-05-26T05:00:00;4556;LH;верх;3356,995;3347,455;25,550;2;1
3/3;690;2025-05-26T12:00:00;4563;LL;низ;3323,500;3334,400;33,495;7;1
3/3;691;2025-05-27T03:00:00;4575;LH;верх;3350,095;3341,185;26,595;12;2
3/3;692;2025-05-27T17:00:00;4589;LL;низ;3285,250;3301,345;64,845;14;2
3/3;693;2025-05-28T03:00:00;4598;LH;верх;3315,885;3297,910;30,635;9;1
3/3;694;2025-05-28T06:00:00;4601;HL;низ;3291,705;3308,400;24,180;3;1
3/3;695;2025-05-28T12:00:00;4607;HH;верх;3325,695;3312,415;33,990;6;1
3/3;696;2025-05-28T19:00:00;4614;LL;низ;3288,710;3297,065;36,985;7;1
3/3;697;2025-05-28T22:00:00;4617;LH;верх;3303,140;3259,975;14,430;3;1
3/3;698;2025-05-29T04:00:00;4622;LL;низ;3245,560;3269,160;57,580;5;1
3/3;699;2025-05-29T19:00:00;4637;HH;верх;3331,470;3316,650;85,910;15;3
3/3;700;2025-05-30T10:00:00;4651;HL;низ;3287,435;3295,375;44,035;14;1
3/3;701;2025-05-30T16:00:00;4657;LH;верх;3308,380;3293,365;20,945;6;1
3/3;702;2025-05-30T17:00:00;4658;LL;низ;3271,460;3291,030;36,920;1;2
3/3;703;2025-06-03T02:00:00;4689;HH;верх;3392,305;3368,840;120,845;31;3
3/3;704;2025-06-03T09:00:00;4696;HL;низ;3351,110;3356,950;41,195;7;1
3/3;705;2025-06-03T16:00:00;4703;LH;верх;3363,250;3348,495;12,140;7;1
3/3;706;2025-06-03T17:00:00;4704;LL;низ;3333,170;3353,275;30,080;1;2
3/3;707;2025-06-04T05:00:00;4715;HH;верх;3372,715;3351,080;39,545;11;1
3/3;708;2025-06-04T08:00:00;4718;HL;низ;3348,110;3362,825;24,605;3;1
3/3;709;2025-06-04T10:00:00;4720;LH;верх;3365,320;3350,995;17,210;2;1
3/3;710;2025-06-04T14:00:00;4724;LL;низ;3343,815;3377,495;21,505;4;1
3/3;711;2025-06-04T17:00:00;4727;HH;верх;3384,760;3379,250;40,945;3;2
3/3;712;2025-06-04T23:00:00;4733;HL;низ;3370,675;3380,335;14,085;6;1
3/3;713;2025-06-05T04:00:00;4737;LH;верх;3384,285;3368,560;13,610;4;1
3/3;714;2025-06-05T08:00:00;4741;LL;низ;3361,220;3375,290;23,065;4;1
3/3;715;2025-06-05T14:00:00;4747;HH;верх;3403,625;3367,680;42,405;6;1
3/3;716;2025-06-05T18:00:00;4751;LL;низ;3339,350;3353,615;64,275;4;1
3/3;717;2025-06-06T08:00:00;4764;LH;верх;3375,705;3365,325;36,355;13;1
3/3;718;2025-06-09T05:00:00;4784;LL;низ;3293,500;3314,720;82,205;20;3
3/3;719;2025-06-09T10:00:00;4789;LH;верх;3328,515;3314,720;35,015;5;1
3/3;720;2025-06-09T16:00:00;4795;HL;низ;3310,795;3337,775;17,720;6;1
3/3;721;2025-06-09T20:00:00;4799;HH;верх;3338,295;3325,675;27,500;4;1
3/3;722;2025-06-10T05:00:00;4807;LL;низ;3302,015;3317,815;36,280;8;1
3/3;723;2025-06-10T16:00:00;4818;HH;верх;3349,280;3321,395;47,265;11;1
3/3;724;2025-06-10T21:00:00;4823;HL;низ;3319,535;3324,590;29,745;5;1
3/3;725;2025-06-10T22:00:00;4824;LH;верх;3334,665;3328,005;15,130;1;1
3/3;726;2025-06-11T02:00:00;4827;LL;низ;3315,590;3338,295;19,075;3;1
3/3;727;2025-06-11T10:00:00;4835;HH;верх;3348,570;3329,940;32,980;8;1
3/3;728;2025-06-11T14:00:00;4839;HL;низ;3326,175;3337,635;22,395;4;1
3/3;729;2025-06-11T15:00:00;4840;HH;верх;3360,790;3333,220;34,615;1;1
3/3;730;2025-06-11T20:00:00;4845;LL;низ;3319,380;3355,250;41,410;5;1
3/3;731;2025-06-12T05:00:00;4853;HH;верх;3377,895;3374,535;58,515;8;1
3/3;732;2025-06-12T10:00:00;4858;HL;низ;3338,590;3382,660;39,305;5;1
3/3;733;2025-06-12T16:00:00;4864;HH;верх;3399,050;3383,830;60,460;6;1
3/3;734;2025-06-13T01:00:00;4872;HL;низ;3379,535;3427,625;19,515;8;1
3/3;735;2025-06-13T06:00:00;4877;HH;верх;3444,495;3416,455;64,960;5;1
3/3;736;2025-06-13T10:00:00;4881;HL;низ;3407,925;3415,985;36,570;4;1
3/3;737;2025-06-13T16:00:00;4887;HH;верх;3446,880;3430,150;38,955;6;1
3/3;738;2025-06-13T19:00:00;4890;HL;низ;3419,215;3432,425;27,665;3;1
3/3;739;2025-06-16T01:00:00;4895;HH;верх;3451,525;3441,635;32,310;5;1
3/3;740;2025-06-16T10:00:00;4904;LL;низ;3409,580;3421,085;41,945;9;1
3/3;741;2025-06-16T14:00:00;4908;LH;верх;3422,785;3396,985;13,205;4;1
3/3;742;2025-06-16T16:00:00;4910;LL;низ;3382,540;3399,490;40,245;2;2
3/3;743;2025-06-17T03:00:00;4920;LH;верх;3403,430;3387,730;20,890;10;1
3/3;744;2025-06-17T06:00:00;4923;LL;низ;3373,670;3385,500;29,760;3;2
3/3;745;2025-06-17T14:00:00;4931;LH;верх;3400,200;3385,165;26,530;8;1
3/3;746;2025-06-17T17:00:00;4934;LL;низ;3366,115;3390,395;34,085;3;1
3/3;747;2025-06-18T01:00:00;4941;LH;верх;3395,975;3379,060;29,860;7;1
3/3;748;2025-06-18T05:00:00;4945;HL;низ;3370,645;3386,530;25,330;4;1
3/3;749;2025-06-18T07:00:00;4947;HH;верх;3400,110;3385,995;29,465;2;1
3/3;750;2025-06-18T12:00:00;4952;HL;низ;3375,575;3386,635;24,535;5;1
3/3;751;2025-06-18T16:00:00;4956;LH;верх;3396,945;3391,060;21,370;4;1
3/3;752;2025-06-18T17:00:00;4957;LL;низ;3373,825;3385,495;23,120;1;1
3/3;753;2025-06-18T21:00:00;4961;LH;верх;3395,925;3375,235;22,100;4;1
3/3;754;2025-06-18T23:00:00;4963;LL;низ;3362,605;3379,600;33,320;2;1
3/3;755;2025-06-19T04:00:00;4967;LH;верх;3388,175;3374,685;25,570;4;1
3/3;756;2025-06-19T09:00:00;4972;LL;низ;3347,530;3370,350;40,645;5;1
3/3;757;2025-06-19T13:00:00;4976;LH;верх;3379,180;3369,635;31,650;4;1
3/3;758;2025-06-19T16:00:00;4979;HL;низ;3361,525;3371,190;17,655;3;1
3/3;759;2025-06-19T20:00:00;4983;LH;верх;3375,625;3368,880;14,100;4;1
3/3;760;2025-06-20T09:00:00;4993;LL;низ;3340,415;3355,320;35,210;10;1
3/3;761;2025-06-20T12:00:00;4996;LH;верх;3359,270;3344,555;18,855;3;1
3/3;762;2025-06-20T15:00:00;4999;HL;низ;3341,900;3369,905;17,370;3;1
3/3;763;2025-06-20T17:00:00;5001;HH;верх;3374,630;3367,460;32,730;2;1
3/3;764;2025-06-20T21:00:00;5005;HL;низ;3364,685;3379,265;9,945;4;1
3/3;765;2025-06-23T01:00:00;5008;HH;верх;3389,220;3355,325;24,535;3;1
3/3;766;2025-06-23T08:00:00;5015;LL;низ;3347,035;3361,940;42,185;7;3
3/3;767;2025-06-23T19:00:00;5026;HH;верх;3393,640;3376,285;46,605;11;1
3/3;768;2025-06-24T03:00:00;5033;LL;низ;3333,280;3352,490;60,360;7;1
3/3;769;2025-06-24T06:00:00;5036;LH;верх;3357,955;3322,950;24,675;3;1
3/3;770;2025-06-24T16:00:00;5046;LL;низ;3295,315;3318,485;62,640;10;2
3/3;771;2025-06-25T05:00:00;5058;LH;верх;3335,335;3331,715;40,020;12;2
3/3;772;2025-06-25T07:00:00;5060;HL;низ;3325,870;3330,705;9,465;2;1
3/3;773;2025-06-25T10:00:00;5063;HH;верх;3337,205;3324,550;11,335;3;1
3/3;774;2025-06-25T16:00:00;5069;LL;низ;3312,055;3334,815;25,150;6;2
3/3;775;2025-06-26T06:00:00;5082;HH;верх;3343,255;3339,835;31,200;13;1
3/3;776;2025-06-26T09:00:00;5085;HL;низ;3331,025;3340,665;12,230;3;1
3/3;777;2025-06-26T11:00:00;5087;HH;верх;3350,415;3332,975;19,390;2;1
3/3;778;2025-06-26T16:00:00;5092;LL;низ;3309,990;3331,410;40,425;5;1
3/3;779;2025-06-26T20:00:00;5096;LH;верх;3336,550;3327,820;26,560;4;1
3/3;780;2025-06-27T16:00:00;5115;LL;низ;3255,850;3277,705;80,700;19;1
3/3;781;2025-06-27T20:00:00;5119;LH;верх;3282,940;3274,175;27,090;4;1
3/3;782;2025-06-30T01:00:00;5123;LL;низ;3244,415;3274,080;38,525;4;1
3/3;783;2025-06-30T10:00:00;5132;HH;верх;3296,830;3283,525;52,415;9;1
3/3;784;2025-06-30T14:00:00;5136;HL;низ;3274,625;3287,790;22,205;4;1
3/3;785;2025-07-01T15:00:00;5160;HH;верх;3358,085;3340,300;83,460;24;2
3/3;786;2025-07-02T05:00:00;5173;HL;низ;3328,615;3338,855;29,470;13;1
3/3;787;2025-07-02T08:00:00;5176;LH;верх;3344,015;3333,620;15,400;3;1
3/3;788;2025-07-02T10:00:00;5178;LL;низ;3327,655;3344,455;16,360;2;1
3/3;789;2025-07-02T15:00:00;5183;HH;верх;3351,245;3341,115;23,590;5;1
3/3;790;2025-07-02T17:00:00;5185;HL;низ;3333,965;3349,860;17,280;2;1
3/3;791;2025-07-03T01:00:00;5192;HH;верх;3365,920;3346,085;31,955;7;1
3/3;792;2025-07-03T04:00:00;5195;HL;низ;3342,015;3350,865;23,905;3;1
3/3;793;2025-07-03T09:00:00;5200;LH;верх;3363,755;3345,785;21,740;5;1
3/3;794;2025-07-03T15:00:00;5206;LL;низ;3311,625;3328,120;52,130;6;1
3/3;795;2025-07-03T20:00:00;5211;LH;верх;3334,890;3326,030;23,265;5;1
3/3;796;2025-07-04T01:00:00;5215;HL;низ;3323,660;3330,145;11,230;4;1
3/3;797;2025-07-04T09:00:00;5223;HH;верх;3345,175;3334,585;21,515;8;2
3/3;798;2025-07-07T13:00:00;5246;LL;низ;3296,280;3316,625;48,895;23;1
3/3;799;2025-07-08T01:00:00;5257;HH;верх;3345,955;3334,900;49,675;11;1
3/3;800;2025-07-08T07:00:00;5263;HL;низ;3327,405;3333,930;18,550;6;1
3/3;801;2025-07-08T10:00:00;5266;LH;верх;3339,590;3324,670;12,185;3;2
3/3;802;2025-07-08T18:00:00;5274;LL;низ;3287,110;3305,430;52,480;8;1
3/3;803;2025-07-09T03:00:00;5282;LH;верх;3308,145;3293,395;21,035;8;1
3/3;804;2025-07-09T11:00:00;5290;LL;низ;3282,665;3284,990;25,480;8;2
3/3;805;2025-07-10T04:00:00;5306;HH;верх;3326,390;3322,295;43,725;16;1
3/3;806;2025-07-10T07:00:00;5309;HL;низ;3314,840;3321,075;11,550;3;1
3/3;807;2025-07-10T12:00:00;5314;HH;верх;3330,360;3323,815;15,520;5;1
3/3;808;2025-07-10T17:00:00;5319;LL;низ;3310,175;3317,445;20,185;5;1
3/3;809;2025-07-11T18:00:00;5343;HH;верх;3368,860;3356,115;58,685;24;3
3/3;810;2025-07-11T20:00:00;5345;HL;низ;3349,255;3355,665;19,605;2;1
3/3;811;2025-07-14T02:00:00;5350;HH;верх;3374,255;3357,485;25,000;5;1
3/3;812;2025-07-14T08:00:00;5356;HL;низ;3353,675;3366,075;20,580;6;1
3/3;813;2025-07-14T10:00:00;5358;HH;верх;3375,085;3372,095;21,410;2;1
3/3;814;2025-07-14T17:00:00;5365;LL;низ;3341,090;3351,120;33,995;7;2
3/3;815;2025-07-15T13:00:00;5384;LH;верх;3366,425;3346,890;25,335;19;1
3/3;816;2025-07-15T19:00:00;5390;LL;низ;3320,305;3330,505;46,120;6;3
3/3;817;2025-07-16T12:00:00;5406;LH;верх;3343,080;3334,610;22,775;16;1
3/3;818;2025-07-16T17:00:00;5411;LL;низ;3319,695;3354,800;23,385;5;1
3/3;819;2025-07-16T18:00:00;5412;HH;верх;3377,655;3350,445;57,960;1;1
3/3;820;2025-07-17T15:00:00;5432;LL;низ;3309,790;3336,865;67,865;20;1
3/3;821;2025-07-18T05:00:00;5445;LH;верх;3344,325;3333,560;34,535;13;3
3/3;822;2025-07-18T09:00:00;5449;HL;низ;3331,885;3352,275;12,440;4;1
3/3;823;2025-07-18T15:00:00;5455;HH;верх;3361,330;3353,735;29,445;6;1
3/3;824;2025-07-21T01:00:00;5464;HL;низ;3344,905;3356,565;16,425;9;2
3/3;825;2025-07-21T09:00:00;5472;HH;верх;3370,820;3366,305;25,915;8;1
3/3;826;2025-07-21T12:00:00;5475;HL;низ;3362,845;3387,320;7,975;3;1
3/3;827;2025-07-22T02:00:00;5488;HH;верх;3402,860;3391,710;40,015;13;2
3/3;828;2025-07-22T10:00:00;5496;HL;низ;3383,420;3387,110;19,440;8;2
3/3;829;2025-07-23T03:00:00;5512;HH;верх;3439,035;3423,100;55,615;16;2
3/3;830;2025-07-23T08:00:00;5517;HL;низ;3416,445;3428,555;22,590;5;1
3/3;831;2025-07-23T12:00:00;5521;LH;верх;3433,880;3420,015;17,435;4;1
3/3;832;2025-07-23T19:00:00;5528;LL;низ;3381,420;3390,295;52,460;7;1
3/3;833;2025-07-24T04:00:00;5536;LH;верх;3393,480;3382,685;12,060;8;1
3/3;834;2025-07-24T16:00:00;5548;LL;низ;3351,465;3367,015;42,015;12;1
3/3;835;2025-07-24T17:00:00;5549;LH;верх;3377,475;3370,095;26,010;1;1
3/3;836;2025-07-25T01:00:00;5556;HL;низ;3365,205;3370,485;12,270;7;1
3/3;837;2025-07-25T03:00:00;5558;LH;верх;3373,495;3359,245;8,290;2;1
3/3;838;2025-07-25T18:00:00;5573;LL;низ;3325,115;3338,835;48,380;15;1
3/3;839;2025-07-25T22:00:00;5577;LH;верх;3340,335;3333,720;15,220;4;1
3/3;840;2025-07-28T01:00:00;5579;LL;низ;3324,020;3332,145;16,315;2;1
3/3;841;2025-07-28T09:00:00;5587;HH;верх;3345,520;3337,870;21,500;8;1
3/3;842;2025-07-28T16:00:00;5594;LL;низ;3301,765;3312,265;43,755;7;2
3/3;843;2025-07-28T22:00:00;5600;LH;верх;3318,960;3312,650;17,195;6;1
3/3;844;2025-07-29T03:00:00;5604;HL;низ;3308,160;3312,655;10,800;4;1
3/3;845;2025-07-29T11:00:00;5612;HH;верх;3330,100;3315,335;21,940;8;2
3/3;846;2025-07-29T17:00:00;5618;HL;низ;3311,995;3328,325;18,105;6;1
3/3;847;2025-07-29T18:00:00;5619;HH;верх;3334,270;3325,825;22,275;1;2
3/3;848;2025-07-30T04:00:00;5628;HL;низ;3321,795;3327,190;12,475;9;2
3/3;849;2025-07-30T12:00:00;5636;LH;верх;3334,090;3313,380;12,295;8;2
3/3;850;2025-07-30T22:00:00;5646;LL;низ;3268,120;3285,410;65,970;10;1
3/3;851;2025-07-31T11:00:00;5658;LH;верх;3314,985;3306,275;46,865;12;1
3/3;852;2025-08-01T04:00:00;5674;HL;низ;3281,745;3292,190;33,240;16;3
3/3;853;2025-08-01T08:00:00;5678;LH;верх;3300,540;3294,360;18,795;4;1
3/3;854;2025-08-01T10:00:00;5680;HL;низ;3285,265;3298,340;15,275;2;1
3/3;855;2025-08-04T01:00:00;5694;HH;верх;3364,815;3352,355;79,550;14;2
3/3;856;2025-08-04T04:00:00;5697;HL;низ;3345,005;3359,000;19,810;3;1
3/3;857;2025-08-04T09:00:00;5702;LH;верх;3362,705;3358,045;17,700;5;1
3/3;858;2025-08-04T10:00:00;5703;HL;низ;3351,775;3357,965;10,930;1;1
3/3;859;2025-08-04T16:00:00;5709;HH;верх;3385,535;3370,970;33,760;6;3
3/3;860;2025-08-05T14:00:00;5730;LL;низ;3349,890;3385,290;35,645;21;1
3/3;861;2025-08-05T19:00:00;5735;HH;верх;3390,600;3379,135;40,710;5;3
3/3;862;2025-08-06T12:00:00;5751;HL;низ;3358,255;3367,615;32,345;16;1
3/3;863;2025-08-06T18:00:00;5757;LH;верх;3380,090;3371,655;21,835;6;1
3/3;864;2025-08-07T03:00:00;5765;HL;низ;3365,305;3379,740;14,785;8;1
3/3;865;2025-08-07T05:00:00;5767;HH;верх;3384,300;3375,640;18,995;2;1
3/3;866;2025-08-07T08:00:00;5770;HL;низ;3371,645;3378,510;12,655;3;1
3/3;867;2025-08-07T10:00:00;5772;HH;верх;3397,580;3373,095;25,935;2;1
3/3;868;2025-08-07T14:00:00;5776;HL;низ;3371,870;3387,815;25,710;4;1
3/3;869;2025-08-08T01:00:00;5786;HH;верх;3409,430;3383,540;37,560;10;2
3/3;870;2025-08-08T04:00:00;5789;HL;низ;3381,215;3394,475;28,215;3;1
3/3;871;2025-08-08T10:00:00;5795;LH;верх;3404,280;3385,155;23,065;6;1
3/3;872;2025-08-08T14:00:00;5799;LL;низ;3380,455;3390,715;23,825;4;1
3/3;873;2025-08-08T21:00:00;5806;LH;верх;3403,960;3395,295;23,505;7;2
3/3;874;2025-08-11T20:00:00;5828;LL;низ;3341,155;3342,665;62,805;22;3
3/3;875;2025-08-12T04:00:00;5835;LH;верх;3357,510;3354,470;16,355;7;1
3/3;876;2025-08-12T09:00:00;5840;HL;низ;3342,310;3345,495;15,200;5;1
3/3;877;2025-08-12T10:00:00;5841;HH;верх;3358,250;3344,745;15,940;1;1
3/3;878;2025-08-12T17:00:00;5848;LL;низ;3331,170;3349,100;27,080;7;1
3/3;879;2025-08-12T18:00:00;5849;HH;верх;3359,340;3349,105;28,170;1;1
3/3;880;2025-08-12T22:00:00;5853;HL;низ;3345,595;3350,660;13,745;4;1
3/3;881;2025-08-13T01:00:00;5855;LH;верх;3353,875;3350,970;8,280;2;1
3/3;882;2025-08-13T03:00:00;5857;LL;низ;3342,635;3349,720;11,240;2;1
3/3;883;2025-08-13T05:00:00;5859;HH;верх;3354,505;3349,290;11,870;2;1
3/3;884;2025-08-13T08:00:00;5862;HL;низ;3345,570;3360,380;8,935;3;1
3/3;885;2025-08-13T13:00:00;5867;HH;верх;3367,095;3365,175;21,525;5;1
3/3;886;2025-08-13T16:00:00;5870;HL;низ;3354,160;3357,915;12,935;3;1
3/3;887;2025-08-13T17:00:00;5871;HH;верх;3370,825;3353,725;16,665;1;1
3/3;888;2025-08-13T21:00:00;5875;LL;низ;3350,015;3357,665;20,810;4;1
3/3;889;2025-08-14T03:00:00;5880;HH;верх;3374,805;3360,640;24,790;5;1
3/3;890;2025-08-14T06:00:00;5883;HL;низ;3355,595;3362,150;19,210;3;1
3/3;891;2025-08-14T10:00:00;5887;LH;верх;3366,650;3355,010;11,055;4;1
3/3;892;2025-08-14T19:00:00;5896;LL;низ;3329,850;3338,055;36,800;9;3
3/3;893;2025-08-15T08:00:00;5908;LH;верх;3348,915;3341,470;19,065;12;2
3/3;894;2025-08-18T02:00:00;5925;LL;низ;3323,685;3343,515;25,230;17;2
3/3;895;2025-08-18T08:00:00;5931;HH;верх;3358,490;3348,720;34,805;6;1
3/3;896;2025-08-19T03:00:00;5949;HL;низ;3326,285;3337,830;32,205;18;3
3/3;897;2025-08-19T13:00:00;5959;LH;верх;3345,465;3334,050;19,180;10;2
3/3;898;2025-08-20T04:00:00;5973;LL;низ;3311,560;3318,700;33,905;14;2
3/3;899;2025-08-21T01:00:00;5993;HH;верх;3352,300;3342,845;40,740;20;2
3/3;900;2025-08-21T14:00:00;6006;HL;низ;3325,280;3344,270;27,020;13;2
3/3;901;2025-08-21T17:00:00;6009;LH;верх;3348,240;3337,095;22,960;3;1
3/3;902;2025-08-21T21:00:00;6013;HL;низ;3336,655;3339,025;11,585;4;1
3/3;903;2025-08-22T10:00:00;6025;LH;верх;3335,150;3330,995;1,505;12;1
3/3;904;2025-08-22T15:00:00;6030;LL;низ;3321,455;3367,850;13,695;5;2
3/3;905;2025-08-22T18:00:00;6033;HH;верх;3378,835;3372,760;57,380;3;1
3/3;906;2025-08-25T05:00:00;6043;HL;низ;3359,780;3364,780;19,055;10;1
3/3;907;2025-08-25T10:00:00;6048;LH;верх;3369,965;3365,995;10,185;5;1
3/3;908;2025-08-25T12:00:00;6050;HL;низ;3361,985;3364,525;7,980;2;2
3/3;909;2025-08-26T03:00:00;6064;HH;верх;3386,685;3372,315;24,700;14;2
3/3;910;2025-08-26T03:00:00;6064;LL;низ;3351,330;3372,315;35,355;0;2
3/3;911;2025-08-26T14:00:00;6075;LH;верх;3380,515;3379,495;29,185;11;1
3/3;912;2025-08-26T17:00:00;6078;HL;низ;3370,310;3381,770;10,205;3;1
3/3;913;2025-08-26T23:00:00;6084;HH;верх;3393,745;3389,585;23,435;6;2
3/3;914;2025-08-27T10:00:00;6094;HL;низ;3373,785;3375,550;19,960;10;1
3/3;915;2025-08-27T12:00:00;6096;LH;верх;3385,580;3381,195;11,795;2;1
3/3;916;2025-08-27T14:00:00;6098;LL;низ;3373,750;3386,575;11,830;2;1
3/3;917;2025-08-28T02:00:00;6109;HH;верх;3399,365;3391,550;25,615;11;2
3/3;918;2025-08-28T05:00:00;6112;HL;низ;3384,620;3389,275;14,745;3;1
3/3;919;2025-08-28T22:00:00;6129;HH;верх;3423,180;3414,800;38,560;17;2
3/3;920;2025-08-29T14:00:00;6144;HL;низ;3404,315;3441,160;18,865;15;1
3/3;921;2025-08-29T22:00:00;6152;HH;верх;3453,970;3447,880;49,655;8;1
3/3;922;2025-09-01T04:00:00;6157;HL;низ;3437,025;3475,305;16,945;5;1
3/3;923;2025-09-01T09:00:00;6162;HH;верх;3489,845;3469,510;52,820;5;1
3/3;924;2025-09-01T13:00:00;6166;HL;низ;3466,385;3475,370;23,460;4;1
3/3;925;2025-09-01T17:00:00;6170;LH;верх;3481,535;3478,025;15,150;4;1
3/3;926;2025-09-02T02:00:00;6176;HL;низ;3474,565;3496,455;6,970;6;1
3/3;927;2025-09-02T04:00:00;6178;HH;верх;3508,790;3496,830;34,225;2;1
3/3;928;2025-09-02T11:00:00;6185;LL;низ;3470,050;3489,845;38,740;7;2
3/3;929;2025-09-02T22:00:00;6196;HH;верх;3540,060;3529,915;70,010;11;1
3/3;930;2025-09-03T02:00:00;6199;HL;низ;3526,540;3531,690;13,520;3;1
3/3;931;2025-09-03T03:00:00;6200;HH;верх;3547,330;3530,910;20,790;1;1
3/3;932;2025-09-03T08:00:00;6205;HL;низ;3526,770;3540,085;20,560;5;1
3/3;933;2025-09-03T21:00:00;6218;HH;верх;3578,660;3561,715;51,890;13;1
3/3;934;2025-09-04T06:00:00;6226;LL;низ;3511,755;3536,175;66,905;8;1
3/3;935;2025-09-04T16:00:00;6236;LH;верх;3558,930;3552,625;47,175;10;1
3/3;936;2025-09-04T17:00:00;6237;HL;низ;3535,145;3542,895;23,785;1;2
3/3;937;2025-09-05T08:00:00;6251;HH;верх;3561,280;3546,035;26,135;14;1
3/3;938;2025-09-05T11:00:00;6254;HL;низ;3544,855;3553,395;16,425;3;1
3/3;939;2025-09-05T19:00:00;6262;HH;верх;3600,205;3594,630;55,350;8;1
3/3;940;2025-09-05T23:00:00;6266;HL;низ;3586,190;3594,410;14,015;4;1
3/3;941;2025-09-08T04:00:00;6270;LH;верх;3597,200;3581,630;11,010;4;1
3/3;942;2025-09-08T07:00:00;6273;LL;низ;3579,720;3609,490;17,480;3;1
3/3;943;2025-09-08T18:00:00;6284;HH;верх;3646,545;3636,085;66,825;11;1
3/3;944;2025-09-09T02:00:00;6291;HL;низ;3628,480;3647,540;18,065;7;1
3/3;945;2025-09-09T08:00:00;6297;HH;верх;3659,435;3648,100;30,955;6;1
3/3;946;2025-09-09T09:00:00;6298;HL;низ;3636,620;3653,755;22,815;1;1
3/3;947;2025-09-09T17:00:00;6306;HH;верх;3674,695;3642,860;38,075;8;2
3/3;948;2025-09-10T04:00:00;6316;LL;низ;3620,135;3643,035;54,560;10;2
3/3;949;2025-09-10T15:00:00;6327;LH;верх;3657,610;3644,510;37,475;11;1
3/3;950;2025-09-10T18:00:00;6330;HL;низ;3638,650;3645,365;18,960;3;1
3/3;951;2025-09-10T21:00:00;6333;LH;верх;3649,690;3639,800;11,040;3;1
3/3;952;2025-09-10T22:00:00;6334;LL;низ;3635,335;3644,960;14,355;1;1
3/3;953;2025-09-11T04:00:00;6339;LH;верх;3649,345;3630,700;14,010;5;3
3/3;954;2025-09-11T15:00:00;6350;LL;низ;3612,835;3633,060;36,510;11;1
3/3;955;2025-09-11T19:00:00;6354;LH;верх;3642,115;3637,000;29,280;4;1
3/3;956;2025-09-12T03:00:00;6361;HL;низ;3630,625;3653,010;11,490;7;1
3/3;957;2025-09-12T08:00:00;6366;HH;верх;3656,700;3641,040;26,075;5;1
3/3;958;2025-09-12T12:00:00;6370;HL;низ;3637,630;3645,550;19,070;4;1
3/3;959;2025-09-12T17:00:00;6375;LH;верх;3654,495;3648,895;16,865;5;1
3/3;960;2025-09-15T04:00:00;6385;LL;низ;3626,460;3645,860;28,035;10;1
3/3;961;2025-09-15T07:00:00;6388;LH;верх;3646,950;3643,960;20,490;3;1
3/3;962;2025-09-15T10:00:00;6391;HL;низ;3633,675;3639,895;13,275;3;1
3/3;963;2025-09-16T04:00:00;6408;HH;верх;3689,510;3684,320;55,835;17;2
3/3;964;2025-09-16T05:00:00;6409;HL;низ;3674,705;3682,735;14,805;1;1
3/3;965;2025-09-16T17:00:00;6421;HH;верх;3703,240;3687,750;28,535;12;1
3/3;966;2025-09-16T18:00:00;6422;HL;низ;3678,885;3690,725;24,355;1;1
3/3;967;2025-09-17T03:00:00;6430;LH;верх;3695,520;3681,860;16,635;8;1
3/3;968;2025-09-17T05:00:00;6432;LL;низ;3674,150;3679,225;21,370;2;1
3/3;969;2025-09-17T08:00:00;6435;LH;верх;3686,070;3664,980;11,920;3;1
3/3;970;2025-09-17T14:00:00;6441;LL;низ;3660,020;3684,455;26,050;6;1
3/3;971;2025-09-17T21:00:00;6448;HH;верх;3707,555;3662,865;47,535;7;1
3/3;972;2025-09-17T21:00:00;6448;LL;низ;3646,125;3662,865;61,430;0;1
3/3;973;2025-09-18T02:00:00;6452;LH;верх;3672,125;3664,735;26,000;4;1
3/3;974;2025-09-18T09:00:00;6459;LL;низ;3634,055;3671,745;38,070;7;2
3/3;975;2025-09-18T12:00:00;6462;HH;верх;3673,205;3663,295;39,150;3;1
3/3;976;2025-09-18T16:00:00;6466;LL;низ;3627,960;3646,290;45,245;4;1
3/3;977;2025-09-18T23:00:00;6473;LH;верх;3647,235;3640,100;19,275;7;1
3/3;978;2025-09-19T04:00:00;6477;HL;низ;3632,380;3658,875;14,855;4;1
3/3;979;2025-09-19T08:00:00;6481;HH;верх;3661,355;3655,640;28,975;4;1
3/3;980;2025-09-19T09:00:00;6482;HL;низ;3643,400;3658,710;17,955;1;3
3/3;981;2025-09-22T13:00:00;6509;HH;верх;3728,490;3722,390;85,090;27;1
3/3;982;2025-09-22T15:00:00;6511;HL;низ;3712,250;3736,235;16,240;2;2
3/3;983;2025-09-23T04:00:00;6523;HH;верх;3759,420;3744,870;47,170;12;1
3/3;984;2025-09-23T05:00:00;6524;HL;низ;3736,660;3753,235;22,760;1;1
3/3;985;2025-09-23T12:00:00;6531;HH;верх;3791,255;3784,495;54,595;7;2
3/3;986;2025-09-23T22:00:00;6541;HL;низ;3752,075;3763,830;39,180;10;1
3/3;987;2025-09-24T04:00:00;6546;LH;верх;3771,945;3768,340;19,870;5;1
3/3;988;2025-09-24T05:00:00;6547;LL;низ;3750,510;3774,870;21,435;1;1
3/3;989;2025-09-24T10:00:00;6552;HH;верх;3779,340;3762,265;28,830;5;2
3/3;990;2025-09-24T22:00:00;6564;LL;низ;3717,520;3743,115;61,820;12;1
3/3;991;2025-09-25T03:00:00;6568;LH;верх;3751,535;3736,680;34,015;4;1
3/3;992;2025-09-25T05:00:00;6570;HL;низ;3729,635;3738,610;21,900;2;1
3/3;993;2025-09-25T11:00:00;6576;HH;верх;3761,690;3753,160;32,055;6;1
3/3;994;2025-09-25T16:00:00;6581;LL;низ;3722,220;3733,700;39,470;5;1
3/3;995;2025-09-25T21:00:00;6586;LH;верх;3758,430;3748,905;36,210;5;2
3/3;996;2025-09-26T06:00:00;6594;HL;низ;3734,440;3743,525;23,990;8;2
3/3;997;2025-09-26T17:00:00;6605;HH;верх;3783,885;3783,075;49,445;11;3
3/3;998;2025-09-26T23:00:00;6611;HL;низ;3759,660;3787,135;24,225;6;1
3/3;999;2025-09-29T19:00:00;6630;HH;верх;3833,655;3828,880;73,995;19;3
3/3;1000;2025-09-29T22:00:00;6633;HL;низ;3822,600;3832,905;11,055;3;1
3/3;1001;2025-09-30T09:00:00;6643;HH;верх;3871,890;3798,815;49,290;10;1
3/3;1002;2025-09-30T12:00:00;6646;LL;низ;3793,175;3819,475;78,715;3;1
3/3;1003;2025-10-01T05:00:00;6662;HH;верх;3875,560;3863,605;82,385;16;2
3/3;1004;2025-10-01T09:00:00;6666;HL;низ;3853,380;3888,940;22,180;4;1
3/3;1005;2025-10-01T11:00:00;6668;HH;верх;3895,500;3883,780;42,120;2;1
3/3;1006;2025-10-02T04:00:00;6684;LL;низ;3852,835;3864,300;42,665;16;4
3/3;1007;2025-10-02T16:00:00;6696;HH;верх;3897,130;3845,035;44,295;12;1
3/3;1008;2025-10-02T18:00:00;6698;LL;низ;3819,425;3850,920;77,705;2;1
3/3;1009;2025-10-03T02:00:00;6705;LH;верх;3863,715;3848,105;44,290;7;1
3/3;1010;2025-10-03T06:00:00;6709;HL;низ;3838,070;3859,260;25,645;4;2
3/3;1011;2025-10-06T11:00:00;6737;HH;верх;3949,670;3938,265;111,600;28;2
3/3;1012;2025-10-06T15:00:00;6741;HL;низ;3926,465;3962,660;23,205;4;1
3/3;1013;2025-10-07T03:00:00;6752;HH;верх;3977,400;3973,550;50,935;11;2
3/3;1014;2025-10-07T04:00:00;6753;HL;низ;3955,870;3976,050;21,530;1;1
3/3;1015;2025-10-07T07:00:00;6756;LH;верх;3977,045;3945,860;21,175;3;1
3/3;1016;2025-10-07T11:00:00;6760;LL;низ;3941,055;3967,045;35,990;4;1
3/3;1017;2025-10-07T18:00:00;6767;HH;верх;3991,135;3981,010;50,080;7;1
3/3;1018;2025-10-07T18:00:00;6767;HL;низ;3961,750;3981,010;29,385;0;2
3/3;1019;2025-10-08T12:00:00;6784;HH;верх;4049,700;4040,250;87,950;17;1
3/3;1020;2025-10-08T16:00:00;6788;HL;низ;4026,175;4056,700;23,525;4;1
3/3;1021;2025-10-08T19:00:00;6791;HH;верх;4059,350;4044,805;33,175;3;1
3/3;1022;2025-10-09T02:00:00;6797;LL;низ;4001,330;4018,765;58,020;6;1
3/3;1023;2025-10-09T16:00:00;6811;LH;верх;4058,110;3969,025;56,780;14;2
3/3;1024;2025-10-09T20:00:00;6815;LL;низ;3944,435;3976,240;113,675;4;1
3/3;1025;2025-10-10T03:00:00;6821;LH;верх;3994,520;3961,880;50,085;6;1
3/3;1026;2025-10-10T07:00:00;6825;HL;низ;3947,020;3972,040;47,500;4;1
3/3;1027;2025-10-10T12:00:00;6830;HH;верх;4006,735;3985,805;59,715;5;1
3/3;1028;2025-10-10T17:00:00;6835;HL;низ;3970,855;3990,185;35,880;5;1
3/3;1029;2025-10-13T19:00:00;6860;HH;верх;4117,420;4108,660;146,565;25;3
3/3;1030;2025-10-13T22:00:00;6863;HL;низ;4090,935;4127,800;26,485;3;1
3/3;1031;2025-10-14T08:00:00;6872;HH;верх;4179,935;4143,950;89,000;9;1
3/3;1032;2025-10-14T09:00:00;6873;LL;низ;4090,145;4127,400;89,790;1;2
3/3;1033;2025-10-15T11:00:00;6898;HH;верх;4218,405;4198,740;128,260;25;2
3/3;1034;2025-10-15T12:00:00;6899;HL;низ;4164,240;4190,835;54,165;1;1
3/3;1035;2025-10-16T06:00:00;6916;HH;верх;4242,380;4222,945;78,140;17;2
3/3;1036;2025-10-16T08:00:00;6918;HL;низ;4203,550;4233,110;38,830;2;1
3/3;1037;2025-10-17T01:00:00;6934;HH;верх;4380,990;4314,345;177,440;16;1
3/3;1038;2025-10-17T04:00:00;6937;HL;низ;4278,680;4376,620;102,310;3;1
3/3;1039;2025-10-17T08:00:00;6941;LH;верх;4378,765;4347,530;100,085;4;1
3/3;1040;2025-10-17T20:00:00;6953;LL;низ;4185,910;4253,975;192,855;12;3
3/3;1041;2025-10-20T05:00:00;6961;LH;верх;4271,285;4240,100;85,375;8;1
3/3;1042;2025-10-20T09:00:00;6965;HL;низ;4221,205;4260,775;50,080;4;1
3/3;1043;2025-10-20T22:00:00;6978;HH;верх;4381,440;4360,195;160,235;13;1
3/3;1044;2025-10-21T17:00:00;6996;LL;низ;4080,580;4111,250;300,860;18;3
3/3;1045;2025-10-21T23:00:00;7002;LH;верх;4131,100;4075,135;50,520;6;1
3/3;1046;2025-10-22T03:00:00;7005;LL;низ;4004,280;4128,605;126,820;3;1
3/3;1047;2025-10-22T09:00:00;7011;HH;верх;4161,535;4069,800;157,255;6;1
3/3;1048;2025-10-22T17:00:00;7019;HL;низ;4011,095;4069,970;150,440;8;1
3/3;1049;2025-10-22T22:00:00;7024;LH;верх;4113,800;4087,640;102,705;5;1
3/3;1050;2025-10-23T03:00:00;7028;HL;низ;4065,900;4091,400;47,900;4;1
3/3;1051;2025-10-23T09:00:00;7034;HH;верх;4137,745;4124,635;71,845;6;1
3/3;1052;2025-10-23T15:00:00;7040;HL;низ;4100,140;4141,945;37,605;6;1
3/3;1053;2025-10-23T17:00:00;7042;HH;верх;4154,790;4137,810;54,650;2;1
3/3;1054;2025-10-24T02:00:00;7050;HL;низ;4106,035;4109,710;48,755;8;1
3/3;1055;2025-10-24T04:00:00;7052;LH;верх;4144,535;4111,555;38,500;2;1
3/3;1056;2025-10-24T14:00:00;7062;LL;низ;4043,515;4117,630;101,020;10;1
3/3;1057;2025-10-24T19:00:00;7067;LH;верх;4138,670;4104,205;95,155;5;1
3/3;1058;2025-10-27T06:00:00;7078;HL;низ;4053,710;4068,945;84,960;11;2
3/3;1059;2025-10-27T08:00:00;7080;LH;верх;4085,170;4039,960;31,460;2;2
3/3;1060;2025-10-27T17:00:00;7089;LL;низ;3971,445;3999,875;113,725;9;1
3/3;1061;2025-10-27T20:00:00;7092;LH;верх;4010,305;3990,075;38,860;3;1
3/3;1062;2025-10-28T02:00:00;7097;HL;низ;3972,930;3993,070;37,375;5;1
3/3;1063;2025-10-28T03:00:00;7098;HH;верх;4019,805;3973,695;46,875;1;1
3/3;1064;2025-10-28T11:00:00;7106;LL;низ;3886,465;3912,815;133,340;8;1
3/3;1065;2025-10-28T19:00:00;7114;LH;верх;3970,465;3953,000;84,000;8;1
3/3;1066;2025-10-29T00:00:00;7118;HL;низ;3907,925;3973,750;62,540;4;1
3/3;1067;2025-10-29T14:00:00;7132;HH;верх;4030,340;3993,100;122,415;14;2
3/3;1068;2025-10-30T05:00:00;7146;HL;низ;3915,520;3976,960;114,820;14;2
3/3;1069;2025-10-30T11:00:00;7152;LH;верх;4011,705;3961,480;96,185;6;2
3/3;1070;2025-10-30T15:00:00;7156;HL;низ;3960,320;4001,550;51,385;4;1
3/3;1071;2025-10-31T00:00:00;7164;HH;верх;4046,595;4019,000;86,275;8;1
3/3;1072;2025-10-31T06:00:00;7170;HL;низ;3989,065;4021,235;57,530;6;1
3/3;1073;2025-10-31T10:00:00;7174;LH;верх;4026,820;4010,595;37,755;4;1
3/3;1074;2025-10-31T11:00:00;7175;HL;низ;3998,875;4023,060;27,945;1;1
3/3;1075;2025-10-31T14:00:00;7178;HH;верх;4036,435;4012,600;37,560;3;1
3/3;1076;2025-11-03T02:00:00;7188;LL;низ;3962,275;4011,290;74,160;10;2
3/3;1077;2025-11-03T10:00:00;7196;LH;верх;4028,130;4007,690;65,855;8;1
3/3;1078;2025-11-03T11:00:00;7197;HL;низ;3993,100;4013,610;35,030;1;1
3/3;1079;2025-11-03T17:00:00;7203;HH;верх;4030,825;4006,435;37,725;6;1
3/3;1080;2025-11-03T18:00:00;7204;HL;низ;3995,220;4004,660;35,605;1;1
3/3;1081;2025-11-03T22:00:00;7208;LH;верх;4015,060;3986,510;19,840;4;2
3/3;1082;2025-11-04T08:00:00;7217;LL;низ;3966,605;3991,270;48,455;9;1
3/3;1083;2025-11-04T10:00:00;7219;LH;верх;4000,855;3994,970;34,250;2;1
3/3;1084;2025-11-04T16:00:00;7225;LL;низ;3928,685;3955,080;72,170;6;2
3/3;1085;2025-11-05T10:00:00;7242;LH;верх;3987,340;3966,990;58,655;17;1
3/3;1086;2025-11-05T12:00:00;7244;HL;низ;3956,100;3975,910;31,240;2;1
3/3;1087;2025-11-05T18:00:00;7250;HH;верх;3990,565;3987,920;34,465;6;2
3/3;1088;2025-11-06T03:00:00;7258;HL;низ;3964,455;3988,935;26,110;8;1
3/3;1089;2025-11-06T14:00:00;7269;HH;верх;4019,645;3980,405;55,190;11;1
3/3;1090;2025-11-06T19:00:00;7274;HL;низ;3965,710;3980,965;53,935;5;1
3/3;1091;2025-11-06T21:00:00;7276;LH;верх;3995,365;3989,345;29,655;2;1
3/3;1092;2025-11-06T23:00:00;7278;HL;низ;3976,880;4001,845;18,485;2;1
3/3;1093;2025-11-07T04:00:00;7282;HH;верх;4003,410;3994,950;26,530;4;1
3/3;1094;2025-11-07T06:00:00;7284;HL;низ;3985,605;4007,835;17,805;2;1
3/3;1095;2025-11-07T11:00:00;7289;HH;верх;4014,290;3996,025;28,685;5;1
3/3;1096;2025-11-07T17:00:00;7295;LL;низ;3984,010;4005,650;30,280;6;1
3/3;1097;2025-11-10T15:00:00;7316;HH;верх;4106,000;4095,175;121,990;21;2
3/3;1098;2025-11-10T16:00:00;7317;HL;низ;4074,490;4102,720;31,510;1;1
3/3;1099;2025-11-11T06:00:00;7330;HH;верх;4149,100;4129,780;74,610;13;1
3/3;1100;2025-11-11T07:00:00;7331;HL;низ;4124,895;4135,635;24,205;1;1
3/3;1101;2025-11-11T15:00:00;7339;LH;верх;4146,885;4113,415;21,990;8;2
3/3;1102;2025-11-11T17:00:00;7341;LL;низ;4097,245;4113,860;49,640;2;1
3/3;1103;2025-11-12T02:00:00;7349;LH;верх;4145,610;4112,085;48,365;8;1
3/3;1104;2025-11-12T07:00:00;7354;HL;низ;4098,915;4131,495;46,695;5;1
3/3;1105;2025-11-12T20:00:00;7367;HH;верх;4211,795;4195,210;112,880;13;1
3/3;1106;2025-11-13T03:00:00;7373;HL;низ;4179,735;4209,495;32,060;6;1
3/3;1107;2025-11-13T14:00:00;7384;HH;верх;4245,195;4202,675;65,460;11;1
3/3;1108;2025-11-13T20:00:00;7390;LL;низ;4145,190;4171,745;100,005;6;2
3/3;1109;2025-11-14T05:00:00;7398;LH;верх;4211,435;4175,425;66,245;8;1
3/3;1110;2025-11-14T16:00:00;7409;LL;низ;4032,230;4099,920;179,205;11;3
3/3;1111;2025-11-17T01:00:00;7417;LH;верх;4106,705;4081,725;74,475;8;1
3/3;1112;2025-11-17T07:00:00;7423;HL;низ;4049,760;4077,395;56,945;6;1
3/3;1113;2025-11-17T10:00:00;7426;LH;верх;4095,935;4078,470;46,175;3;2
3/3;1114;2025-11-18T09:00:00;7448;LL;низ;3997,985;4044,210;97,950;22;3
3/3;1115;2025-11-18T22:00:00;7461;LH;верх;4082,580;4069,340;84,595;13;2
3/3;1116;2025-11-19T04:00:00;7466;HL;низ;4055,525;4095,630;27,055;5;1
3/3;1117;2025-11-19T17:00:00;7479;HH;верх;4132,985;4087,485;77,460;13;1
3/3;1118;2025-11-19T19:00:00;7481;LL;низ;4055,475;4076,385;77,510;2;2
3/3;1119;2025-11-20T02:00:00;7487;LH;верх;4110,370;4072,365;54,895;6;1
3/3;1120;2025-11-20T04:00:00;7489;LL;низ;4038,900;4066,790;71,470;2;2
3/3;1121;2025-11-20T16:00:00;7501;LH;верх;4107,350;4066,225;68,450;12;1
3/3;1122;2025-11-20T19:00:00;7504;HL;низ;4043,580;4077,490;63,770;3;1
3/3;1123;2025-11-21T01:00:00;7509;LH;верх;4088,725;4057,305;45,145;5;2
3/3;1124;2025-11-21T10:00:00;7518;LL;низ;4022,260;4036,715;66,465;9;1
3/3;1125;2025-11-21T19:00:00;7527;HH;верх;4101,070;4067,290;78,810;9;1
3/3;1126;2025-11-24T07:00:00;7538;HL;низ;4040,020;4063,385;61,050;11;2
3/3;1127;2025-11-25T04:00:00;7558;HH;верх;4155,900;4151,090;115,880;20;2
3/3;1128;2025-11-25T10:00:00;7564;HL;низ;4109,710;4133,685;46,190;6;1
3/3;1129;2025-11-25T15:00:00;7569;LH;верх;4150,915;4136,195;41,205;5;1
3/3;1130;2025-11-25T16:00:00;7570;HL;низ;4110,805;4146,215;40,110;1;1
3/3;1131;2025-11-25T19:00:00;7573;HH;верх;4159,380;4132,420;48,575;3;1
3/3;1132;2025-11-25T23:00:00;7577;HL;низ;4127,620;4148,545;31,760;4;1
3/3;1133;2025-11-26T05:00:00;7582;HH;верх;4169,580;4150,215;41,960;5;1
3/3;1134;2025-11-26T08:00:00;7585;HL;низ;4146,680;4162,865;22,900;3;1
3/3;1135;2025-11-26T14:00:00;7591;HH;верх;4173,500;4165,430;26,820;6;1
3/3;1136;2025-11-26T17:00:00;7594;LL;низ;4136,665;4164,795;36,835;3;1
3/3;1137;2025-11-26T20:00:00;7597;LH;верх;4171,905;4163,575;35,240;3;1
3/3;1138;2025-11-27T06:00:00;7606;HL;низ;4142,730;4160,180;29,175;9;1
3/3;1139;2025-11-27T10:00:00;7610;LH;верх;4167,260;4157,420;24,530;4;1
3/3;1140;2025-11-27T15:00:00;7615;HL;низ;4149,085;4156,510;18,175;5;1
3/3;1141;2025-11-27T17:00:00;7617;LH;верх;4161,925;4159,290;12,840;2;1
3/3;1142;2025-11-27T23:00:00;7623;HL;низ;4155,335;4191,295;6,590;6;1
3/3;1143;2025-11-28T03:00:00;7626;HH;верх;4193,260;4189,030;37,925;3;1
3/3;1144;2025-11-28T10:00:00;7633;LL;низ;4153,740;4171,275;39,520;7;1
3/3;1145;2025-12-01T04:00:00;7648;HH;верх;4256,600;4229,675;102,860;15;1
3/3;1146;2025-12-01T07:00:00;7651;HL;низ;4215,605;4244,780;40,995;3;1
3/3;1147;2025-12-01T15:00:00;7659;HH;верх;4264,700;4226,295;49,095;8;1
3/3;1148;2025-12-02T11:00:00;7678;LL;низ;4181,140;4208,925;83,560;19;3
3/3;1149;2025-12-02T16:00:00;7683;LH;верх;4230,685;4193,885;49,545;5;1
3/3;1150;2025-12-02T17:00:00;7684;LL;низ;4163,805;4190,985;66,880;1;1
3/3;1151;2025-12-03T04:00:00;7694;LH;верх;4229,065;4207,705;65,260;10;1
3/3;1152;2025-12-03T12:00:00;7702;HL;низ;4194,645;4237,390;34,420;8;1
3/3;1153;2025-12-03T16:00:00;7706;HH;верх;4241,565;4211,075;46,920;4;1
3/3;1154;2025-12-03T20:00:00;7710;HL;низ;4195,195;4203,115;46,370;4;1
3/3;1155;2025-12-04T03:00:00;7716;LH;верх;4217,080;4197,155;21,885;6;1
3/3;1156;2025-12-04T07:00:00;7720;LL;низ;4174,810;4185,000;42,270;4;2
3/3;1157;2025-12-04T18:00:00;7731;HH;верх;4219,620;4208,975;44,810;11;1
3/3;1158;2025-12-05T03:00:00;7739;HL;низ;4194,815;4217,025;24,805;8;2
3/3;1159;2025-12-05T09:00:00;7745;HH;верх;4230,900;4222,930;36,085;6;1
3/3;1160;2025-12-05T11:00:00;7747;HL;низ;4215,935;4228,830;14,965;2;1
3/3;1161;2025-12-05T17:00:00;7753;HH;верх;4259,340;4208,955;43,405;6;1
3/3;1162;2025-12-05T23:00:00;7759;LL;низ;4192,055;4201,250;67,285;6;2
3/3;1163;2025-12-08T08:00:00;7767;LH;верх;4219,175;4207,855;27,120;8;2
3/3;1164;2025-12-08T17:00:00;7776;LL;низ;4176,205;4187,415;42,970;9;1
3/3;1165;2025-12-09T05:00:00;7787;LH;верх;4198,905;4182,285;22,700;11;1
3/3;1166;2025-12-09T08:00:00;7790;LL;низ;4169,985;4203,035;28,920;3;1
3/3;1167;2025-12-09T11:00:00;7793;HH;верх;4213,050;4204,235;43,065;3;1
3/3;1168;2025-12-09T16:00:00;7798;HL;низ;4189,505;4203,140;23,545;5;1
3/3;1169;2025-12-09T18:00:00;7800;HH;верх;4221,625;4212,620;32,120;2;2
3/3;1170;2025-12-10T12:00:00;7817;LL;низ;4187,800;4200,745;33,825;17;1
3/3;1171;2025-12-10T16:00:00;7821;LH;верх;4207,105;4199,735;19,305;4;1
3/3;1172;2025-12-10T21:00:00;7826;LL;низ;4182,080;4232,585;25,025;5;2
3/3;1173;2025-12-11T03:00:00;7831;HH;верх;4247,805;4213,525;65,725;5;1
3/3;1174;2025-12-11T08:00:00;7836;HL;низ;4204,270;4218,495;43,535;5;1
3/3;1175;2025-12-11T12:00:00;7840;LH;верх;4226,080;4221,015;21,810;4;1
3/3;1176;2025-12-11T15:00:00;7843;HL;низ;4205,350;4273,655;20,730;3;1
3/3;1177;2025-12-11T20:00:00;7848;HH;верх;4285,890;4279,335;80,540;5;1
3/3;1178;2025-12-12T03:00:00;7854;HL;низ;4264,525;4266,390;21,365;6;2
3/3;1179;2025-12-12T16:00:00;7867;HH;верх;4353,555;4294,255;89,030;13;1
3/3;1180;2025-12-12T18:00:00;7869;LL;низ;4257,275;4296,510;96,280;2;1
3/3;1181;2025-12-15T11:00:00;7885;LH;верх;4350,285;4345,710;93,010;16;1
3/3;1182;2025-12-15T18:00:00;7892;HL;низ;4285,515;4314,285;64,770;7;1
3/3;1183;2025-12-16T03:00:00;7900;LH;верх;4318,035;4289,220;32,520;8;1
3/3;1184;2025-12-16T07:00:00;7904;LL;низ;4271,575;4284,705;46,460;4;2
3/3;1185;2025-12-17T07:00:00;7927;HH;верх;4342,580;4319,385;71,005;23;2
3/3;1186;2025-12-17T12:00:00;7932;HL;низ;4306,515;4342,145;36,065;5;1
3/3;1187;2025-12-17T17:00:00;7937;HH;верх;4349,280;4336,250;42,765;5;1
3/3;1188;2025-12-18T03:00:00;7946;HL;низ;4324,020;4331,845;25,260;9;1
3/3;1189;2025-12-18T09:00:00;7952;LH;верх;4337,785;4325,540;13,765;6;1
3/3;1190;2025-12-18T16:00:00;7959;LL;низ;4308,670;4333,565;29,115;7;1
3/3;1191;2025-12-18T18:00:00;7961;HH;верх;4374,655;4325,180;65,985;2;1
3/3;1192;2025-12-19T03:00:00;7969;HL;низ;4309,095;4322,740;65,560;8;1
3/3;1193;2025-12-19T11:00:00;7977;LH;верх;4333,670;4326,735;24,575;8;1
3/3;1194;2025-12-19T16:00:00;7982;HL;низ;4319,830;4353,555;13,840;5;1
3/3;1195;2025-12-19T20:00:00;7986;HH;верх;4356,625;4338,765;36,795;4;1
3/3;1196;2025-12-19T23:00:00;7989;HL;низ;4336,555;4382,970;20,070;3;1
3/3;1197;2025-12-22T09:00:00;7998;HH;верх;4420,515;4408,790;83,960;9;1
3/3;1198;2025-12-22T13:00:00;8002;HL;низ;4406,060;4419,445;14,455;4;1
3/3;1199;2025-12-23T04:00:00;8016;HH;верх;4497,685;4475,335;91,625;14;2
3/3;1200;2025-12-23T08:00:00;8020;HL;низ;4469,500;4480,500;28,185;4;1
3/3;1201;2025-12-23T15:00:00;8027;LH;верх;4497,635;4474,380;28,135;7;1
3/3;1202;2025-12-23T17:00:00;8029;LL;низ;4430,515;4484,725;67,120;2;1
3/3;1203;2025-12-24T03:00:00;8038;HH;верх;4526,150;4499,320;95,635;9;1
3/3;1204;2025-12-24T05:00:00;8040;HL;низ;4466,540;4493,780;59,610;2;2
3/3;1205;2025-12-24T12:00:00;8047;LH;верх;4500,035;4488,290;33,495;7;1
3/3;1206;2025-12-24T17:00:00;8052;LL;низ;4448,260;4479,415;51,775;5;1
3/3;1207;2025-12-26T01:00:00;8056;HH;верх;4536,740;4508,950;88,480;4;1
3/3;1208;2025-12-26T13:00:00;8068;HL;низ;4502,910;4521,160;33,830;12;1
3/3;1209;2025-12-26T18:00:00;8073;HH;верх;4550,150;4523,810;47,240;5;1
3/3;1210;2025-12-26T19:00:00;8074;HL;низ;4510,025;4531,050;40,125;1;1
3/3;1211;2025-12-29T01:00:00;8079;LH;верх;4548,350;4512,425;38,325;5;1
3/3;1212;2025-12-29T17:00:00;8095;LL;низ;4302,110;4331,380;246,240;16;5
3/3;1213;2025-12-30T15:00:00;8116;LH;верх;4404,375;4377,780;102,265;21;1
3/3;1214;2025-12-31T01:00:00;8125;HL;низ;4328,125;4348,905;76,250;9;1
3/3;1215;2025-12-31T03:00:00;8127;LH;верх;4373,590;4332,865;45,465;2;1
3/3;1216;2025-12-31T08:00:00;8132;LL;низ;4274,025;4325,660;99,565;5;1
3/3;1217;2025-12-31T11:00:00;8135;LH;верх;4337,480;4313,990;63,455;3;1
3/3;1218;2025-12-31T14:00:00;8138;HL;низ;4303,255;4337,610;34,225;3;1
3/3;1219;2025-12-31T16:00:00;8140;HH;верх;4353,445;4322,085;50,190;2;1
3/3;1220;2025-12-31T22:00:00;8146;HL;низ;4304,645;4354,055;48,800;6;1
3/3;1221;2026-01-02T15:00:00;8162;HH;верх;4402,295;4326,580;97,650;16;1
3/3;1222;2026-01-02T20:00:00;8167;HL;низ;4309,915;4332,065;92,380;5;1
3/3;1223;2026-01-05T12:00:00;8182;HH;верх;4440,055;4416,965;130,140;15;2
3/3;1224;2026-01-05T15:00:00;8185;HL;низ;4396,485;4441,930;43,570;3;1
3/3;1225;2026-01-05T17:00:00;8187;HH;верх;4455,770;4448,605;59,285;2;1
3/3;1226;2026-01-06T03:00:00;8196;HL;низ;4427,635;4467,570;28,135;9;1
3/3;1227;2026-01-06T10:00:00;8203;HH;верх;4475,790;4463,525;48,155;7;1
3/3;1228;2026-01-06T12:00:00;8205;HL;низ;4442,665;4468,090;33,125;2;1
3/3;1229;2026-01-07T01:00:00;8217;HH;верх;4500,560;4474,650;57,895;12;1
3/3;1230;2026-01-07T08:00:00;8224;LL;низ;4441,445;4463,590;59,115;7;1
3/3;1231;2026-01-07T10:00:00;8226;LH;верх;4474,875;4447,470;33,430;2;1
3/3;1232;2026-01-07T17:00:00;8233;LL;низ;4423,385;4452,250;51,490;7;1
3/3;1233;2026-01-07T18:00:00;8234;LH;верх;4468,370;4457,145;44,985;1;2
3/3;1234;2026-01-08T14:00:00;8253;LL;низ;4407,835;4454,360;60,535;19;3
3/3;1235;2026-01-09T01:00:00;8263;HH;верх;4479,735;4469,540;71,900;10;1
3/3;1236;2026-01-09T03:00:00;8265;HL;низ;4452,920;4464,790;26,815;2;3
3/3;1237;2026-01-12T02:00:00;8287;HH;верх;4601,695;4570,710;148,775;22;3
3/3;1238;2026-01-12T14:00:00;8299;HL;низ;4578,485;4621,220;23,210;12;1
3/3;1239;2026-01-12T18:00:00;8303;HH;верх;4630,190;4611,240;51,705;4;1
3/3;1240;2026-01-13T03:00:00;8311;LL;низ;4575,585;4596,490;54,605;8;1
3/3;1241;2026-01-13T07:00:00;8315;LH;верх;4602,195;4592,960;26,610;4;1
3/3;1242;2026-01-13T08:00:00;8316;LL;низ;4573,605;4586,155;28,590;1;2
3/3;1243;2026-01-13T16:00:00;8324;HH;верх;4634,890;4590,595;61,285;8;1
3/3;1244;2026-01-13T22:00:00;8330;LL;низ;4569,470;4609,215;65,420;6;1
3/3;1245;2026-01-14T14:00:00;8345;HH;верх;4641,985;4618,025;72,515;15;2
3/3;1246;2026-01-14T17:00:00;8348;HL;низ;4599,500;4635,175;42,485;3;1
3/3;1247;2026-01-14T21:00:00;8352;HH;верх;4642,970;4615,325;43,470;4;1
3/3;1248;2026-01-15T05:00:00;8359;LL;низ;4581,065;4610,305;61,905;7;1
3/3;1249;2026-01-15T13:00:00;8367;LH;верх;4623,110;4611,205;42,045;8;1
3/3;1250;2026-01-15T15:00:00;8369;HL;низ;4581,625;4605,680;41,485;2;1
3/3;1251;2026-01-15T18:00:00;8372;HH;верх;4625,015;4615,935;43,390;3;1
3/3;1252;2026-01-16T04:00:00;8381;HL;низ;4591,370;4611,580;33,645;9;1
3/3;1253;2026-01-16T17:00:00;8394;LH;верх;4620,390;4582,745;29,020;13;3
3/3;1254;2026-01-16T17:00:00;8394;LL;низ;4536,490;4582,745;83,900;0;1
3/3;1255;2026-01-19T01:00:00;8401;HH;верх;4690,940;4662,590;154,450;7;2
3/3;1256;2026-01-19T13:00:00;8413;HL;низ;4659,730;4666,625;31,210;12;1
3/3;1257;2026-01-19T20:00:00;8420;LH;верх;4680,405;4660,410;20,675;7;1
3/3;1258;2026-01-20T02:00:00;8423;LL;низ;4659,395;4680,280;21,010;3;1
3/3;1259;2026-01-20T11:00:00;8432;HH;верх;4737,570;4727,630;78,175;9;1
3/3;1260;2026-01-20T15:00:00;8436;HL;низ;4715,035;4753,630;22,535;4;1
3/3;1261;2026-01-21T08:00:00;8452;HH;верх;4888,545;4860,415;173,510;16;1
3/3;1262;2026-01-21T09:00:00;8453;HL;низ;4832,725;4862,300;55,820;1;1
3/3;1263;2026-01-21T16:00:00;8460;LH;верх;4880,935;4826,480;48,210;7;1
3/3;1264;2026-01-21T21:00:00;8465;LL;низ;4755,075;4778,265;125,860;5;2
3/3;1265;2026-01-22T09:00:00;8476;LH;верх;4839,710;4829,110;84,635;11;1
3/3;1266;2026-01-22T15:00:00;8482;HL;низ;4810,740;4878,075;28,970;6;2
3/3;1267;2026-01-23T03:00:00;8493;HH;верх;4967,520;4956,285;156,780;11;2
3/3;1268;2026-01-23T11:00:00;8501;HL;низ;4899,795;4939,420;67,725;8;1
3/3;1269;2026-01-26T04:00:00;8517;HH;верх;5092,975;5074,425;193,180;16;1
3/3;1270;2026-01-26T07:00:00;8520;HL;низ;5052,365;5083,480;40,610;3;1
3/3;1271;2026-01-26T08:00:00;8521;HH;верх;5111,510;5084,140;59,145;1;1
3/3;1272;2026-01-26T15:00:00;8528;HL;низ;5054,670;5089,545;56,840;7;1
3/3;1273;2026-01-26T18:00:00;8531;LH;верх;5105,340;5028,715;50,670;3;1
3/3;1274;2026-01-26T23:00:00;8536;LL;низ;4990,215;5060,140;115,125;5;1
3/3;1275;2026-01-27T09:00:00;8545;LH;верх;5100,840;5086,545;110,625;9;1
3/3;1276;2026-01-27T16:00:00;8552;HL;низ;5046,840;5081,370;54,000;7;1
3/3;1277;2026-01-28T10:00:00;8569;HH;верх;5311,665;5261,730;264,825;17;2
3/3;1278;2026-01-28T17:00:00;8576;HL;низ;5235,750;5282,595;75,915;7;2
3/3;1279;2026-01-29T01:00:00;8583;HH;верх;5602,225;5536,110;366,475;7;2
3/3;1280;2026-01-29T13:00:00;8595;HL;низ;5470,900;5496,965;131,325;12;1
3/3;1281;2026-01-29T16:00:00;8598;LH;верх;5549,565;5335,370;78,665;3;1
3/3;1282;2026-01-29T17:00:00;8599;LL;низ;5097,215;5338,785;452,350;1;1
3/3;1283;2026-01-30T02:00:00;8607;LH;верх;5451,160;5196,940;353,945;8;1
3/3;1284;2026-01-30T11:00:00;8616;LL;низ;4941,500;5064,675;509,660;9;2
3/3;1285;2026-01-30T14:00:00;8619;LH;верх;5145,980;5050,925;204,480;3;1
3/3;1286;2026-02-02T08:00:00;8636;LL;низ;4402,380;4719,600;743,600;17;3
3/3;1287;2026-02-02T14:00:00;8642;LH;верх;4812,265;4619,850;409,885;6;1
3/3;1288;2026-02-02T18:00:00;8646;HL;низ;4596,740;4685,410;215,525;4;1
3/3;1289;2026-02-03T10:00:00;8661;HH;верх;4950,680;4917,010;353,940;15;2
3/3;1290;2026-02-03T13:00:00;8664;HL;низ;4883,690;4917,070;66,990;3;1
3/3;1291;2026-02-03T18:00:00;8669;HH;верх;4993,835;4927,230;110,145;5;1
3/3;1292;2026-02-03T21:00:00;8672;LL;низ;4880,595;4947,820;113,240;3;1
3/3;1293;2026-02-04T10:00:00;8684;HH;верх;5091,930;5047,490;211,335;12;1
3/3;1294;2026-02-04T18:00:00;8692;LL;низ;4848,405;4941,720;243,525;8;1
3/3;1295;2026-02-05T01:00:00;8698;LH;верх;5024,030;4812,240;175,625;6;1
3/3;1296;2026-02-05T05:00:00;8702;LL;низ;4789,655;4920,270;234,375;4;1
3/3;1297;2026-02-05T10:00:00;8707;LH;верх;4943,735;4868,365;154,080;5;1
3/3;1298;2026-02-05T17:00:00;8714;HL;низ;4800,535;4858,130;143,200;7;1
3/3;1299;2026-02-05T18:00:00;8715;LH;верх;4906,735;4829,485;106,200;1;1
3/3;1300;2026-02-06T02:00:00;8722;LL;низ;4655,230;4824,385;251,505;7;1
3/3;1301;2026-02-06T20:00:00;8740;HH;верх;4971,340;4964,620;316,110;18;2
3/3;1302;2026-02-06T22:00:00;8742;HL;низ;4936,690;5019,930;34,650;2;1
3/3;1303;2026-02-09T01:00:00;8744;HH;верх;5047,915;5007,245;111,225;2;2
3/3;1304;2026-02-09T12:00:00;8755;HL;низ;4982,495;5007,340;65,420;11;1
3/3;1305;2026-02-09T22:00:00;8765;HH;верх;5086,680;5018,910;104,185;10;2
3/3;1306;2026-02-10T01:00:00;8767;HL;низ;4987,385;5038,660;99,295;2;2
3/3;1307;2026-02-10T16:00:00;8782;LH;верх;5078,745;5026,605;91,360;15;2
3/3;1308;2026-02-10T17:00:00;8783;HL;низ;4998,950;5013,170;79,795;1;1
3/3;1309;2026-02-11T14:00:00;8803;HH;верх;5119,345;5060,070;120,395;20;1
3/3;1310;2026-02-11T15:00:00;8804;HL;низ;5019,715;5075,220;99,630;1;1
3/3;1311;2026-02-11T19:00:00;8808;LH;верх;5099,315;5086,985;79,600;4;2
3/3;1312;2026-02-12T03:00:00;8815;HL;низ;5045,445;5069,610;53,870;7;1
3/3;1313;2026-02-12T07:00:00;8819;LH;верх;5078,420;5068,625;32,975;4;1
3/3;1314;2026-02-12T08:00:00;8820;HL;низ;5047,130;5073,265;31,290;1;1
3/3;1315;2026-02-12T15:00:00;8827;HH;верх;5083,855;4954,740;36,725;7;2
3/3;1316;2026-02-12T18:00:00;8830;LL;низ;4878,500;4945,665;205,355;3;2
3/3;1317;2026-02-13T06:00:00;8841;LH;верх;4997,555;4975,045;119,055;11;1
3/3;1318;2026-02-13T07:00:00;8842;HL;низ;4944,930;4982,795;52,625;1;1
3/3;1319;2026-02-13T10:00:00;8845;LH;верх;4989,695;4953,640;44,765;3;1
3/3;1320;2026-02-13T13:00:00;8848;LL;низ;4933,635;4996,120;56,060;3;1
3/3;1321;2026-02-13T23:00:00;8858;HH;верх;5046,480;5028,955;112,845;10;1
3/3;1322;2026-02-16T07:00:00;8865;HL;низ;4964,865;5008,110;81,615;7;1
3/3;1323;2026-02-16T11:00:00;8869;LH;верх;5017,445;5002,030;52,580;4;1
3/3;1324;2026-02-16T17:00:00;8875;HL;низ;4969,110;4994,590;48,335;6;1
3/3;1325;2026-02-17T01:00:00;8880;LH;верх;5001,240;4967,125;32,130;5;1
3/3;1326;2026-02-17T07:00:00;8886;LL;низ;4859,200;4920,780;142,040;6;2
3/3;1327;2026-02-17T14:00:00;8893;LH;верх;4944,700;4878,600;85,500;7;1
3/3;1328;2026-02-17T16:00:00;8895;LL;низ;4842,600;4865,095;102,100;2;1
3/3;1329;2026-02-17T20:00:00;8899;LH;верх;4910,900;4877,855;68,300;4;1
3/3;1330;2026-02-18T01:00:00;8903;HL;низ;4854,240;4905,350;56,660;4;1
3/3;1331;2026-02-18T09:00:00;8911;HH;верх;4942,490;4914,650;88,250;8;1
3/3;1332;2026-02-18T13:00:00;8915;HL;низ;4906,425;4991,795;36,065;4;1
3/3;1333;2026-02-18T18:00:00;8920;HH;верх;5010,915;4980,715;104,490;5;1
3/3;1334;2026-02-19T02:00:00;8927;HL;низ;4960,645;4981,675;50,270;7;1
3/3;1335;2026-02-19T10:00:00;8935;HH;верх;5022,170;4984,715;61,525;8;1
3/3;1336;2026-02-19T16:00:00;8941;HL;низ;4963,445;4985,165;58,725;6;1
3/3;1337;2026-02-19T17:00:00;8942;HH;верх;5022,385;4981,870;58,940;1;1
3/3;1338;2026-02-19T20:00:00;8945;HL;низ;4975,410;4996,490;46,975;3;1
3/3;1339;2026-02-20T03:00:00;8951;LH;верх;5014,865;4999,885;39,455;6;1
3/3;1340;2026-02-20T05:00:00;8953;HL;низ;4981,670;5020,790;33,195;2;1
3/3;1341;2026-02-20T11:00:00;8959;HH;верх;5042,740;5025,185;61,070;6;1
3/3;1342;2026-02-20T17:00:00;8965;HL;низ;4990,585;5071,520;52,155;6;1
3/3;1343;2026-02-23T04:00:00;8975;HH;верх;5176,950;5158,360;186,365;10;1
3/3;1344;2026-02-23T10:00:00;8981;HL;низ;5122,220;5149,850;54,730;6;2
3/3;1345;2026-02-24T01:00:00;8995;HH;верх;5250,005;5189,990;127,785;14;2
3/3;1346;2026-02-24T16:00:00;9010;LL;низ;5093,225;5163,780;156,780;15;3
3/3;1347;2026-02-24T22:00:00;9016;LH;верх;5173,310;5152,375;80,085;6;1
3/3;1348;2026-02-25T01:00:00;9018;HL;низ;5128,285;5180,720;45,025;2;1
3/3;1349;2026-02-25T07:00:00;9024;HH;верх;5210,680;5185,515;82,395;6;1
3/3;1350;2026-02-25T13:00:00;9030;HL;низ;5155,095;5191,175;55,585;6;1
3/3;1351;2026-02-25T19:00:00;9036;HH;верх;5217,780;5152,550;62,685;6;1
3/3;1352;2026-02-25T22:00:00;9039;LL;низ;5144,905;5188,450;72,875;3;1
3/3;1353;2026-02-26T07:00:00;9047;LH;верх;5205,640;5179,585;60,735;8;2
3/3;1354;2026-02-26T17:00:00;9057;LL;низ;5130,235;5180,560;75,405;10;1
3/3;1355;2026-02-26T22:00:00;9062;LH;верх;5201,005;5175,100;70,770;5;1
3/3;1356;2026-02-27T03:00:00;9066;HL;низ;5166,995;5181,795;34,010;4;1
3/3;1357;2026-02-27T07:00:00;9070;LH;верх;5200,640;5178,860;33,645;4;1
3/3;1358;2026-02-27T12:00:00;9075;HL;низ;5168,685;5223,220;31,955;5;1
3/3;1359;2026-03-02T09:00:00;9095;HH;верх;5419,660;5389,435;250,975;20;4
3/3;1360;2026-03-02T18:00:00;9104;HL;низ;5260,285;5330,650;159,375;9;1
3/3;1361;2026-03-03T03:00:00;9112;LH;верх;5379,975;5361,210;119,690;8;1
3/3;1362;2026-03-03T17:00:00;9126;LL;низ;4996,275;5136,110;383,700;14;1
3/3;1363;2026-03-04T04:00:00;9136;LH;верх;5191,065;5160,090;194,790;10;2
3/3;1364;2026-03-04T08:00:00;9140;HL;низ;5117,720;5182,510;73,345;4;1
3/3;1365;2026-03-04T14:00:00;9146;HH;верх;5206,265;5151,595;88,545;6;1
3/3;1366;2026-03-04T20:00:00;9152;LL;низ;5108,640;5140,945;97,625;6;1
3/3;1367;2026-03-05T05:00:00;9160;LH;верх;5195,220;5167,790;86,580;8;1
3/3;1368;2026-03-05T08:00:00;9163;HL;низ;5120,785;5161,260;74,435;3;1
3/3;1369;2026-03-05T11:00:00;9166;LH;верх;5180,480;5162,635;59,695;3;1
3/3;1370;2026-03-05T20:00:00;9175;LL;низ;5050,905;5081,380;129,575;9;1
3/3;1371;2026-03-06T03:00:00;9181;LH;верх;5144,050;5127,650;93,145;6;1
3/3;1372;2026-03-06T13:00:00;9191;HL;низ;5063,215;5130,200;80,835;10;2
3/3;1373;2026-03-06T23:00:00;9201;HH;верх;5176,630;5050,030;113,415;10;2
3/3;1374;2026-03-09T03:00:00;9205;LL;низ;5015,045;5090,360;161,585;4;1
3/3;1375;2026-03-09T07:00:00;9209;LH;верх;5140,790;5096,725;125,745;4;2
3/3;1376;2026-03-09T16:00:00;9218;HL;низ;5060,595;5096,120;80,195;9;1
3/3;1377;2026-03-10T10:00:00;9235;HH;верх;5195,405;5175,260;134,810;17;2
3/3;1378;2026-03-10T12:00:00;9237;HL;низ;5156,500;5205,340;38,905;2;1
3/3;1379;2026-03-10T17:00:00;9242;HH;верх;5238,775;5192,050;82,275;5;1
3/3;1380;2026-03-10T20:00:00;9245;HL;низ;5160,650;5189,525;78,125;3;1
3/3;1381;2026-03-11T03:00:00;9251;LH;верх;5223,385;5204,610;62,735;6;1
3/3;1382;2026-03-11T10:00:00;9258;HL;низ;5175,350;5181,415;48,035;7;1
3/3;1383;2026-03-11T14:00:00;9262;LH;верх;5197,175;5166,605;21,825;4;1
3/3;1384;2026-03-11T15:00:00;9263;LL;низ;5149,155;5175,770;48,020;1;2
3/3;1385;2026-03-11T21:00:00;9269;LH;верх;5183,760;5134,600;34,605;6;1
3/3;1386;2026-03-12T02:00:00;9273;LL;низ;5125,640;5153,155;58,120;4;1
3/3;1387;2026-03-12T04:00:00;9275;LH;верх;5175,150;5154,675;49,510;2;1
3/3;1388;2026-03-12T07:00:00;9278;HL;низ;5137,170;5178,220;37,980;3;1
3/3;1389;2026-03-12T12:00:00;9283;HH;верх;5191,790;5151,450;54,620;5;1
3/3;1390;2026-03-12T22:00:00;9293;LL;низ;5055,125;5113,780;136,665;10;1
3/3;1391;2026-03-13T04:00:00;9298;LH;верх;5128,475;5103,175;73,350;5;1
3/3;1392;2026-03-13T10:00:00;9304;HL;низ;5061,720;5107,835;66,755;6;1
3/3;1393;2026-03-13T14:00:00;9308;LH;верх;5122,010;5034,925;60,290;4;1
3/3;1394;2026-03-16T01:00:00;9318;LL;низ;4967,775;5003,670;154,235;10;1
3/3;1395;2026-03-16T08:00:00;9325;LH;верх;5036,010;4975,565;68,235;7;1
3/3;1396;2026-03-16T12:00:00;9329;HL;низ;4970,230;5029,940;65,780;4;1
3/3;1397;2026-03-16T16:00:00;9333;HH;верх;5038,145;4991,265;67,915;4;1
3/3;1398;2026-03-16T18:00:00;9335;HL;низ;4974,235;5013,085;63,910;2;1
3/3;1399;2026-03-16T22:00:00;9339;LH;верх;5021,835;5003,030;47,600;4;1
3/3;1400;2026-03-17T03:00:00;9343;HL;низ;4994,935;5038,050;26,900;4;1
3/3;1401;2026-03-17T07:00:00;9347;HH;верх;5044,900;5024,950;49,965;4;1
3/3;1402;2026-03-17T12:00:00;9352;LL;низ;4992,060;5016,755;52,840;5;2
3/3;1403;2026-03-17T15:00:00;9355;LH;верх;5031,590;5002,060;39,530;3;1
3/3;1404;2026-03-17T17:00:00;9357;LL;низ;4973,720;5003,890;57,870;2;1
3/3;1405;2026-03-18T03:00:00;9366;LH;верх;5016,290;4987,200;42,570;9;1
3/3;1406;2026-03-18T06:00:00;9369;HL;низ;4981,830;4995,195;34,460;3;1
3/3;1407;2026-03-18T08:00:00;9371;HH;верх;5016,530;4992,265;34,700;2;1
3/3;1408;2026-03-18T15:00:00;9378;LL;низ;4834,380;4886,950;182,150;7;1
3/3;1409;2026-03-18T20:00:00;9383;LH;верх;4899,460;4834,570;65,080;5;1
3/3;1410;2026-03-19T00:00:00;9386;LL;низ;4804,225;4849,940;95,235;3;1
3/3;1411;2026-03-19T03:00:00;9389;LH;верх;4867,225;4849,870;63,000;3;1
3/3;1412;2026-03-19T15:00:00;9401;LL;низ;4502,365;4584,950;364,860;12;1
3/3;1413;2026-03-20T05:00:00;9414;LH;верх;4736,175;4669,220;233,810;13;2
3/3;1414;2026-03-23T09:00:00;9441;LL;низ;4099,125;4269,110;637,050;27;2
3/3;1415;2026-03-23T16:00:00;9448;LH;верх;4513,165;4426,225;414,040;7;1
3/3;1416;2026-03-24T04:00:00;9459;HL;низ;4305,880;4347,690;207,285;11;1
3/3;1417;2026-03-24T13:00:00;9468;LH;верх;4442,245;4416,165;136,365;9;1
3/3;1418;2026-03-24T15:00:00;9470;HL;низ;4351,090;4421,485;91,155;2;2
3/3;1419;2026-03-25T04:00:00;9482;HH;верх;4602,645;4555,780;251,555;12;2
3/3;1420;2026-03-25T21:00:00;9499;HL;низ;4486,590;4498,115;116,055;17;2
3/3;1421;2026-03-26T03:00:00;9504;LH;верх;4544,815;4520,540;58,225;5;1
3/3;1422;2026-03-26T10:00:00;9511;LL;низ;4412,440;4423,240;132,375;7;1
3/3;1423;2026-03-26T16:00:00;9517;LH;верх;4479,895;4381,575;67,455;6;2
3/3;1424;2026-03-26T22:00:00;9523;LL;низ;4351,355;4378,760;128,540;6;1
3/3;1425;2026-03-27T07:00:00;9531;LH;верх;4475,300;4424,510;123,945;8;1
3/3;1426;2026-03-27T13:00:00;9537;HL;низ;4404,580;4509,710;70,720;6;1
3/3;1427;2026-03-27T17:00:00;9541;HH;верх;4555,630;4516,855;151,050;4;1
3/3;1428;2026-03-30T03:00:00;9549;HL;низ;4417,430;4496,150;138,200;8;1
3/3;1429;2026-03-30T14:00:00;9560;HH;верх;4580,730;4538,835;163,300;11;2
3/3;1430;2026-03-31T03:00:00;9572;HL;низ;4482,660;4557,490;98,070;12;1
3/3;1431;2026-03-31T04:00:00;9573;HH;верх;4619,255;4564,925;136,595;1;1
3/3;1432;2026-03-31T13:00:00;9582;HL;низ;4529,545;4607,350;89,710;9;1
3/3;1433;2026-04-01T04:00:00;9596;HH;верх;4724,520;4676,495;194,975;14;1
3/3;1434;2026-04-01T07:00:00;9599;HL;низ;4667,195;4713,220;57,325;3;1
3/3;1435;2026-04-01T20:00:00;9612;HH;верх;4793,195;4758,200;126,000;13;2
3/3;1436;2026-04-01T21:00:00;9613;HL;низ;4742,170;4776,700;51,025;1;1
3/3;1437;2026-04-02T02:00:00;9617;HH;верх;4800,800;4687,240;58,630;4;1
3/3;1438;2026-04-02T09:00:00;9624;LL;низ;4553,850;4621,685;246,950;7;3
3/3;1439;2026-04-02T17:00:00;9632;LH;верх;4699,890;4648,760;146,040;8;2
3/3;1440;2026-04-06T03:00:00;9641;HL;низ;4600,850;4640,890;99,040;9;1
3/3;1441;2026-04-06T12:00:00;9650;HH;верх;4706,875;4676,220;106,025;9;2
3/3;1442;2026-04-06T22:00:00;9660;HL;низ;4645,805;4659,210;61,070;10;1
3/3;1443;2026-04-07T01:00:00;9662;LH;верх;4667,970;4627,135;22,165;2;1
3/3;1444;2026-04-07T04:00:00;9665;LL;низ;4616,530;4660,155;51,440;3;1
3/3;1445;2026-04-07T12:00:00;9673;HH;верх;4694,905;4651,670;78,375;8;1
3/3;1446;2026-04-07T17:00:00;9678;LL;низ;4607,630;4675,935;87,275;5;1
3/3;1447;2026-04-08T03:00:00;9687;HH;верх;4858,215;4797,790;250,585;9;3
3/3;1448;2026-04-09T03:00:00;9710;HL;низ;4698,725;4711,640;159,490;23;2
3/3;1449;2026-04-09T05:00:00;9712;LH;верх;4733,040;4713,270;34,315;2;1
3/3;1450;2026-04-09T09:00:00;9716;HL;низ;4703,580;4729,295;29,460;4;1
3/3;1451;2026-04-09T20:00:00;9727;HH;верх;4801,390;4765,405;97,810;11;2
3/3;1452;2026-04-10T11:00:00;9741;HL;низ;4730,740;4768,345;70,650;14;2
3/3;1453;2026-04-10T17:00:00;9747;LH;верх;4794,980;4760,315;64,240;6;1
3/3;1454;2026-04-13T02:00:00;9755;LL;низ;4644,465;4720,575;150,515;8;2
3/3;1455;2026-04-13T10:00:00;9763;LH;верх;4740,030;4722,160;95,565;8;2
3/3;1456;2026-04-13T18:00:00;9771;HL;низ;4700,565;4738,450;39,465;8;2
3/3;1457;2026-04-14T04:00:00;9780;HH;верх;4777,385;4774,240;76,820;9;2
3/3;1458;2026-04-14T08:00:00;9784;HL;низ;4757,855;4786,970;19,530;4;1
3/3;1459;2026-04-14T10:00:00;9786;HH;верх;4796,630;4768,580;38,775;2;1
3/3;1460;2026-04-14T13:00:00;9789;LL;низ;4751,220;4794,805;45,410;3;1
3/3;1461;2026-04-15T04:00:00;9803;HH;верх;4871,380;4825,075;120,160;14;1
3/3;1462;2026-04-15T12:00:00;9811;HL;низ;4786,080;4811,760;85,300;8;1
3/3;1463;2026-04-15T17:00:00;9816;LH;верх;4830,615;4792,640;44,535;5;1
3/3;1464;2026-04-15T18:00:00;9817;HL;низ;4787,145;4799,745;43,470;1;2
3/3;1465;2026-04-16T08:00:00;9830;HH;верх;4838,560;4813,850;51,415;13;3
3/3;1466;2026-04-16T17:00:00;9839;LL;низ;4772,575;4789,395;65,985;9;1
3/3;1467;2026-04-17T03:00:00;9848;LH;верх;4801,300;4793,255;28,725;9;1
3/3;1468;2026-04-17T04:00:00;9849;LL;низ;4767,845;4802,995;33,455;1;1
3/3;1469;2026-04-17T08:00:00;9853;HH;верх;4806,200;4796,110;38,355;4;1
3/3;1470;2026-04-17T10:00:00;9855;HL;низ;4778,810;4787,490;27,390;2;1
3/3;1471;2026-04-17T16:00:00;9861;HH;верх;4891,540;4867,180;112,730;6;1
3/3;1472;2026-04-20T02:00:00;9870;LL;низ;4736,830;4797,395;154,710;9;1
3/3;1473;2026-04-20T04:00:00;9872;LH;верх;4814,460;4789,035;77,630;2;1
3/3;1474;2026-04-20T08:00:00;9876;HL;низ;4779,540;4796,395;34,920;4;1
3/3;1475;2026-04-20T10:00:00;9878;LH;верх;4805,795;4796,010;26,255;2;1
3/3;1476;2026-04-20T12:00:00;9880;HL;низ;4783,720;4803,505;22,075;2;1
3/3;1477;2026-04-21T01:00:00;9892;HH;верх;4833,405;4810,270;49,685;12;2
3/3;1478;2026-04-21T10:00:00;9901;LL;низ;4772,885;4789,945;60,520;9;1
3/3;1479;2026-04-21T14:00:00;9905;LH;верх;4798,030;4739,020;25,145;4;1
3/3;1480;2026-04-21T22:00:00;9913;LL;низ;4668,620;4738,140;129,410;8;1
3/3;1481;2026-04-22T10:00:00;9924;LH;верх;4772,385;4759,435;103,765;11;2
3/3;1482;2026-04-22T19:00:00;9933;HL;низ;4723,995;4740,390;48,390;9;1
3/3;1483;2026-04-23T03:00:00;9940;LH;верх;4754,200;4704,100;30,205;7;2
3/3;1484;2026-04-23T08:00:00;9945;LL;низ;4692,485;4703,450;61,715;5;2
3/3;1485;2026-04-23T11:00:00;9948;LH;верх;4725,115;4720,925;32,630;3;1
3/3;1486;2026-04-23T13:00:00;9950;LL;низ;4684,265;4724,435;40,850;2;1
3/3;1487;2026-04-23T15:00:00;9952;HH;верх;4743,200;4720,650;58,935;2;1
3/3;1488;2026-04-23T20:00:00;9957;LL;низ;4664,380;4694,090;78,820;5;1
3/3;1489;2026-04-24T04:00:00;9964;LH;верх;4711,230;4674,485;46,850;7;1
3/3;1490;2026-04-24T07:00:00;9967;LL;низ;4658,030;4694,490;53,200;3;1
3/3;1491;2026-04-24T17:00:00;9977;HH;верх;4740,570;4723,350;82,540;10;1
3/3;1492;2026-04-27T03:00:00;9986;HL;низ;4672,405;4724,230;68,165;9;1
3/3;1493;2026-04-27T07:00:00;9990;LH;верх;4729,965;4713,500;57,560;4;2
3/3;1494;2026-04-27T18:00:00;10001;LL;низ;4667,335;4680,735;62,630;11;1
3/3;1495;2026-04-28T03:00:00;10009;LH;верх;4701,640;4671,155;34,305;8;1
3/3;1496;2026-04-28T15:00:00;10021;LL;низ;4555,135;4586,625;146,505;12;1
3/3;1497;2026-04-29T03:00:00;10032;LH;верх;4610,535;4595,710;55,400;11;2
3/3;1498;2026-04-29T04:00:00;10033;HL;низ;4575,720;4604,825;34,815;1;1
3/3;1499;2026-04-29T08:00:00;10037;LH;верх;4607,725;4573,430;32,005;4;1
3/3;1500;2026-04-29T16:00:00;10045;LL;низ;4510,095;4545,565;97,630;8;1
3/3;1501;2026-04-29T19:00:00;10048;LH;верх;4564,985;4546,930;54,890;3;1
3/3;1502;2026-04-29T21:00:00;10050;HL;низ;4518,335;4552,200;46,650;2;1
3/3;1503;2026-04-30T04:00:00;10056;HH;верх;4582,585;4542,050;64,250;6;1
3/3;1504;2026-04-30T07:00:00;10059;HL;низ;4540,925;4598,440;41,660;3;1
3/3;1505;2026-04-30T13:00:00;10065;HH;верх;4647,045;4611,185;106,120;6;1
3/3;1506;2026-04-30T19:00:00;10071;HL;низ;4605,480;4617,170;41,565;6;1
3/3;1507;2026-05-01T05:00:00;10080;LH;верх;4635,940;4605,180;30,460;9;1
3/3;1508;2026-05-01T12:00:00;10087;LL;низ;4560,320;4591,435;75,620;7;1
3/3;1509;2026-05-01T17:00:00;10092;HH;верх;4660,585;4629,490;100,265;5;1
3/3;1510;2026-05-04T13:00:00;10111;LL;низ;4526,090;4564,140;134,495;19;2
3/3;1511;2026-05-04T17:00:00;10115;LH;верх;4583,380;4522,480;57,290;4;1
3/3;1512;2026-05-04T19:00:00;10117;LL;низ;4501,035;4517,890;82,345;2;2
3/3;1513;2026-05-05T17:00:00;10138;HH;верх;4586,605;4559,940;85,570;21;1
3/3;1514;2026-05-06T01:00:00;10145;HL;низ;4546,360;4626,225;40,245;7;1
3/3;1515;2026-05-06T13:00:00;10157;HH;верх;4723,140;4702,130;176,780;12;1
3/3;1516;2026-05-06T15:00:00;10159;HL;низ;4660,435;4687,790;62,705;2;2
3/3;1517;2026-05-07T04:00:00;10171;LH;верх;4721,530;4696,480;61,095;12;2
3/3;1518;2026-05-07T04:00:00;10171;HL;низ;4685,275;4696,480;36,255;0;1
3/3;1519;2026-05-07T18:00:00;10185;HH;верх;4764,905;4709,640;79,630;14;2
3/3;1520;2026-05-08T01:00:00;10191;LL;низ;4682,045;4722,970;82,860;6;1
3/3;1521;2026-05-08T09:00:00;10199;LH;верх;4734,895;4712,015;52,850;8;2
3/3;1522;2026-05-08T10:00:00;10200;HL;низ;4697,045;4719,820;37,850;1;1
3/3;1523;2026-05-08T17:00:00;10207;HH;верх;4749,580;4720,960;52,535;7;1
3/3;1524;2026-05-08T18:00:00;10208;HL;низ;4702,055;4722,000;47,525;1;1
3/3;1525;2026-05-08T21:00:00;10211;LH;верх;4729,025;4691,760;26,970;3;1
3/3;1526;2026-05-11T03:00:00;10216;LL;низ;4670,505;4678,750;58,520;5;1
3/3;1527;2026-05-11T04:00:00;10217;LH;верх;4705,560;4672,160;35,055;1;1
3/3;1528;2026-05-11T08:00:00;10221;LL;низ;4648,090;4667,895;57,470;4;1
3/3;1529;2026-05-12T03:00:00;10239;HH;верх;4773,575;4720,330;125,485;18;3
3/3;1530;2026-05-12T18:00:00;10254;LL;низ;4638,365;4695,940;135,210;15;1
3/3;1531;2026-05-13T03:00:00;10262;LH;верх;4727,030;4696,100;88,665;8;1
3/3;1532;2026-05-13T05:00:00;10264;HL;низ;4687,705;4704,320;39,325;2;1
3/3;1533;2026-05-13T09:00:00;10268;LH;верх;4715,385;4700,850;27,680;4;2
3/3;1534;2026-05-13T16:00:00;10275;LL;низ;4669,525;4695,865;45,860;7;1
3/3;1535;2026-05-13T19:00:00;10278;LH;верх;4709,900;4688,380;40,375;3;1
3/3;1536;2026-05-14T07:00:00;10289;LL;низ;4668,710;4693,350;41,190;11;2
3/3;1537;2026-05-14T10:00:00;10292;HH;верх;4718,880;4697,090;50,170;3;2
3/3;1538;2026-05-18T03:00:00;10331;LL;низ;4480,410;4541,215;238,470;39;4
3/3;1539;2026-05-18T10:00:00;10338;LH;верх;4560,095;4540,495;79,685;7;1
3/3;1540;2026-05-18T14:00:00;10342;HL;низ;4529,960;4546,530;30,135;4;1
3/3;1541;2026-05-18T16:00:00;10344;HH;верх;4584,375;4550,210;54,415;2;1
3/3;1542;2026-05-18T18:00:00;10346;HL;низ;4531,850;4535,855;52,525;2;1
3/3;1543;2026-05-19T03:00:00;10354;HH;верх;4589,580;4545,190;57,730;8;1
3/3;1544;2026-05-19T08:00:00;10359;LL;низ;4531,085;4543,050;58,495;5;1
3/3;1545;2026-05-19T10:00:00;10361;LH;верх;4559,535;4544,925;28,450;2;1
3/3;1546;2026-05-19T16:00:00;10367;LL;низ;4464,780;4507,900;94,755;6;1
3/3;1547;2026-05-20T03:00:00;10377;LH;верх;4508,850;4463,960;44,070;10;1
3/3;1548;2026-05-20T06:00:00;10380;LL;низ;4453,390;4474,470;55,460;3;2
3/3;1549;2026-05-21T04:00:00;10401;HH;верх;4570,895;4538,630;117,505;21;3
3/3;1550;2026-05-21T16:00:00;10413;HL;низ;4488,630;4519,465;82,265;12;1
3/3;1551;2026-05-21T20:00:00;10417;LH;верх;4559,365;4543,425;70,735;4;3
3/3;1552;2026-05-22T08:00:00;10428;HL;низ;4507,430;4521,835;51,935;11;1
3/3;1553;2026-05-22T13:00:00;10433;LH;верх;4536,820;4514,020;29,390;5;1
3/3;1554;2026-05-22T17:00:00;10437;LL;низ;4491,930;4519,255;44,890;4;2
3/3;1555;2026-05-22T20:00:00;10440;LH;верх;4527,995;4509,690;36,065;3;1
3/3;1556;2026-05-22T23:00:00;10443;HL;низ;4504,170;4569,720;23,825;3;1
3/3;1557;2026-05-25T02:00:00;10445;HH;верх;4580,210;4561,430;76,040;2;1
3/3;1558;2026-05-25T09:00:00;10452;HL;низ;4550,550;4567,620;29,660;7;1
3/3;1559;2026-05-25T14:00:00;10457;LH;верх;4577,115;4566,985;26,565;5;1
3/3;1560;2026-05-25T15:00:00;10458;HL;низ;4553,120;4571,060;23,995;1;1
3/3;1561;2026-05-26T02:00:00;10466;HH;верх;4580,245;4532,445;27,125;8;2
3/3;1562;2026-05-26T21:00:00;10485;LL;низ;4482,620;4511,130;97,625;19;2
3/3;1563;2026-05-27T02:00:00;10489;LH;верх;4528,050;4505,960;45,430;4;1
3/3;1564;2026-05-27T16:00:00;10503;LL;низ;4401,630;4450,800;126,420;14;1
3/3;1565;2026-05-28T01:00:00;10511;LH;верх;4462,580;4410,105;60,950;8;1
3/3;1566;2026-05-28T07:00:00;10517;LL;низ;4366,230;4387,745;96,350;6;2
3/3;1567;2026-05-28T21:00:00;10531;HH;верх;4516,630;4491,220;150,400;14;1
3/3;1568;2026-05-29T02:00:00;10535;HL;низ;4488,975;4501,785;27,655;4;1
3/3;1569;2026-05-29T13:00:00;10546;HH;верх;4543,310;4536,725;54,335;11;2
3/3;1570;2026-05-29T15:00:00;10548;HL;низ;4512,730;4571,250;30,580;2;1
3/3;1571;2026-05-29T18:00:00;10551;HH;верх;4595,330;4553,245;82,600;3;1
3/3;1572;2026-06-01T12:00:00;10568;LL;низ;4489,095;4502,215;106,235;17;2
3/3;1573;2026-06-01T14:00:00;10570;LH;верх;4513,080;4458,810;23,985;2;1
3/3;1574;2026-06-01T17:00:00;10573;LL;низ;4447,860;4487,460;65,220;3;1
3/3;1575;2026-06-01T20:00:00;10576;LH;верх;4495,540;4484,725;47,680;3;1
3/3;1576;2026-06-02T04:00:00;10583;HL;низ;4463,010;4517,450;32,530;7;1
3/3;1577;2026-06-02T10:00:00;10589;HH;верх;4541,630;4533,280;78,620;6;1
3/3;1578;2026-06-03T02:00:00;10604;LL;низ;4462,290;4481,895;79,340;15;2
3/3;1579;2026-06-03T03:00:00;10605;LH;верх;4496,885;4484,475;34,595;1;2
3/3;1580;2026-06-03T12:00:00;10614;LL;низ;4439,090;4460,365;57,795;9;1
3/3;1581;2026-06-03T14:00:00;10616;LH;верх;4468,190;4457,240;29,100;2;1
3/3;1582;2026-06-04T01:00:00;10626;LL;низ;4423,965;4465,910;44,225;10;2
3/3;1583;2026-06-04T07:00:00;10632;HH;верх;4484,055;4461,795;60,090;6;1
3/3;1584;2026-06-04T11:00:00;10636;HL;низ;4458,665;4511,620;25,390;4;1
3/3;1585;2026-06-04T16:00:00;10641;HH;верх;4515,515;4482,855;56,850;5;1
3/3;1586;2026-06-05T09:00:00;10657;LL;низ;4428,720;4465,025;86,795;16;2
3/3;1587;2026-06-05T15:00:00;10663;LH;верх;4475,885;4335,645;47,165;6;2
3/3;1588;2026-06-08T08:00:00;10679;LL;низ;4268,480;4288,820;207,405;16;3
3/3;1589;2026-06-08T16:00:00;10687;LH;верх;4346,880;4340,775;78,400;8;1
3/3;1590;2026-06-09T02:00:00;10696;HL;низ;4312,960;4336,275;33,920;9;1
3/3;1591;2026-06-09T08:00:00;10702;HH;верх;4351,560;4326,695;38,600;6;1
3/3;1592;2026-06-09T11:00:00;10705;HL;низ;4321,320;4340,020;30,240;3;1
3/3;1593;2026-06-09T16:00:00;10710;HH;верх;4363,720;4252,165;42,400;5;1
3/3;1594;2026-06-10T07:00:00;10724;LL;низ;4172,565;4186,085;191,155;14;2
3/3;1595;2026-06-10T09:00:00;10726;LH;верх;4222,005;4168,750;49,440;2;2
3/3;1596;2026-06-11T02:00:00;10742;LL;низ;4023,870;4068,030;198,135;16;1
3/3;1597;2026-06-11T04:00:00;10744;LH;верх;4118,395;4082,930;94,525;2;2
3/3;1598;2026-06-11T17:00:00;10757;HL;низ;4052,975;4151,895;65,420;13;1
3/3;1599;2026-06-12T01:00:00;10764;HH;верх;4246,715;4186,710;193,740;7;1
3/3;1600;2026-06-12T10:00:00;10773;HL;низ;4170,290;4211,055;76,425;9;2
3/3;1601;2026-06-12T12:00:00;10775;LH;верх;4228,070;4191,760;57,780;2;1
3/3;1602;2026-06-12T17:00:00;10780;HL;низ;4177,250;4221,515;50,820;5;1
3/3;1603;2026-06-12T18:00:00;10781;HH;верх;4235,690;4215,625;58,440;1;1
3/3;1604;2026-06-12T22:00:00;10785;HL;низ;4201,820;4294,040;33,870;4;1
3/3;1605;2026-06-15T05:00:00;10791;HH;верх;4335,570;4310,135;133,750;6;1
3/3;1606;2026-06-15T09:00:00;10795;HL;низ;4301,005;4336,780;34,565;4;2
3/3;1607;2026-06-15T17:00:00;10803;HH;верх;4369,665;4324,955;68,660;8;1
3/3;1608;2026-06-16T01:00:00;10810;HL;низ;4306,110;4313,600;63,555;7;1
3/3;1609;2026-06-16T06:00:00;10815;LH;верх;4333,375;4323,835;27,265;5;1
3/3;1610;2026-06-16T09:00:00;10818;HL;низ;4313,530;4345,205;19,845;3;1
3/3;1611;2026-06-16T15:00:00;10824;HH;верх;4354,950;4335,350;41,420;6;1
3/3;1612;2026-06-16T17:00:00;10826;LL;низ;4313,320;4340,215;41,630;2;2
3/3;1613;2026-06-17T04:00:00;10836;LH;верх;4349,605;4326,845;36,285;10;1
3/3;1614;2026-06-17T11:00:00;10843;HL;низ;4317,190;4323,285;32,415;7;2
3/3;1615;2026-06-17T12:00:00;10844;LH;верх;4335,810;4333,680;18,620;1;1
3/3;1616;2026-06-17T15:00:00;10847;HL;низ;4319,940;4363,575;15,870;3;1
3/3;1617;2026-06-17T20:00:00;10852;HH;верх;4382,615;4257,650;62,675;5;1
3/3;1618;2026-06-17T22:00:00;10854;LL;низ;4219,165;4278,080;163,450;2;1
3/3;1619;2026-06-18T05:00:00;10860;LH;верх;4329,865;4308,105;110,700;6;2
3/3;1620;2026-06-19T08:00:00;10886;LL;низ;4121,955;4169,325;207,910;26;1
3/3;1621;2026-06-19T11:00:00;10889;LH;верх;4178,525;4152,710;56,570;3;1
3/3;1622;2026-06-19T14:00:00;10892;HL;низ;4142,035;4149,485;36,490;3;1
3/3;1623;2026-06-19T16:00:00;10894;HH;верх;4183,125;4155,405;41,090;2;1
3/3;1624;2026-06-22T02:00:00;10899;LL;низ;4136,695;4188,575;46,430;5;1
3/3;1625;2026-06-22T04:00:00;10901;HH;верх;4221,370;4181,945;84,675;2;1
3/3;1626;2026-06-22T07:00:00;10904;HL;низ;4170,695;4190,490;50,675;3;1
3/3;1627;2026-06-22T14:00:00;10911;LH;верх;4215,255;4198,385;44,560;7;1
3/3;1628;2026-06-22T18:00:00;10915;LL;низ;4169,820;4191,340;45,435;4;1
3/3;1629;2026-06-23T04:00:00;10924;LH;верх;4198,605;4118,325;28,785;9;1
3/3;1630;2026-06-23T11:00:00;10931;LL;низ;4091,030;4123,405;107,575;7;2
3/3;1631;2026-06-23T17:00:00;10937;LH;верх;4145,215;4128,100;54,185;6;1
3/3;1632;2026-06-24T06:00:00;10949;LL;низ;4050,470;4087,135;94,745;12;1
3/3;1633;2026-06-24T09:00:00;10952;LH;верх;4097,730;4064,655;47,260;3;1
3/3;1634;2026-06-24T21:00:00;10964;LL;низ;3959,080;3996,475;138,650;12;2
3/3;1635;2026-06-25T02:00:00;10968;LH;верх;4018,825;3982,830;59,745;4;1
3/3;1636;2026-06-25T05:00:00;10971;HL;низ;3962,475;3986,730;56,350;3;2
3/3;1637;2026-06-25T11:00:00;10977;LH;верх;4002,110;3980,140;39,635;6;1
3/3;1638;2026-06-25T14:00:00;10980;HL;низ;3973,640;4011,925;28,470;3;1
3/3;1639;2026-06-25T21:00:00;10987;HH;верх;4044,140;4026,440;70,500;7;1
3/3;1640;2026-06-26T05:00:00;10994;HL;низ;3982,950;4008,190;61,190;7;1
3/3;1641;2026-06-26T18:00:00;11007;HH;верх;4095,985;4067,460;113,035;13;2
3/3;1642;2026-06-29T03:00:00;11015;HL;низ;4048,150;4068,895;47,835;8;1
3/3;1643;2026-06-29T06:00:00;11018;LH;верх;4076,015;4062,365;27,865;3;1
3/3;1644;2026-06-29T17:00:00;11029;LL;низ;4000,325;4021,055;75,690;11;4
3/3;1645;2026-06-30T02:00:00;11037;LH;верх;4022,505;3963,130;22,180;8;1
3/3;1646;2026-06-30T04:00:00;11039;LL;низ;3942,100;3985,585;80,405;2;1
3/3;1647;2026-06-30T11:00:00;11046;HH;верх;4037,665;4034,050;95,565;7;1
3/3;1648;2026-06-30T15:00:00;11050;HL;низ;4008,740;4029,365;28,925;4;1
3/3;1649;2026-06-30T17:00:00;11052;HH;верх;4063,480;4030,885;54,740;2;1
3/3;1650;2026-07-01T10:00:00;11068;LL;низ;3960,275;3998,410;103,205;16;1
3/3;1651;2026-07-01T17:00:00;11075;HH;верх;4115,810;4068,210;155,535;7;1
3/3;1652;2026-07-01T23:00:00;11081;HL;низ;4028,265;4052,095;87,545;6;1
3/3;1653;2026-07-02T11:00:00;11092;LH;верх;4080,120;4065,330;51,855;11;1
3/3;1654;2026-07-02T14:00:00;11095;HL;низ;4057,440;4128,655;22,680;3;1
3/3;1655;2026-07-02T16:00:00;11097;HH;верх;4144,080;4118,185;86,640;2;1
3/3;1656;2026-07-02T19:00:00;11100;HL;низ;4100,355;4121,425;43,725;3;1
3/3;1657;2026-07-03T04:00:00;11108;HH;верх;4195,510;4179,065;95,155;8;1
3/3;1658;2026-07-03T09:00:00;11113;HL;низ;4160,415;4172,115;35,095;5;1
3/3;1659;2026-07-03T11:00:00;11115;LH;верх;4186,655;4181,025;26,240;2;1
3/3;1660;2026-07-03T17:00:00;11121;LL;низ;4155,410;4188,315;31,245;6;1
3/3;1661;2026-07-06T04:00:00;11127;HH;верх;4202,705;4159,870;47,295;6;1
3/3;1662;2026-07-06T17:00:00;11140;LL;низ;4128,510;4161,260;74,195;13;2
3/3;1663;2026-07-07T01:00:00;11147;LH;верх;4168,650;4141,910;40,140;7;1
3/3;1664;2026-07-07T08:00:00;11154;LL;низ;4116,700;4126,080;51,950;7;2
3/3;1665;2026-07-07T16:00:00;11162;HH;верх;4180,520;4145,235;63,820;8;1
3/3;1666;2026-07-07T22:00:00;11168;LL;низ;4092,295;4098,775;88,225;6;1
3/3;1667;2026-07-08T08:00:00;11177;LH;верх;4133,990;4057,005;41,695;9;1
3/3;1668;2026-07-08T13:00:00;11182;LL;низ;4040,575;4070,895;93,415;5;1
3/3;1669;2026-07-08T15:00:00;11184;LH;верх;4086,445;4034,460;45,870;2;1
3/3;1670;2026-07-08T18:00:00;11187;LL;низ;4021,815;4084,285;64,630;3;1
3/3;1671;2026-07-08T21:00:00;11190;HH;верх;4091,670;4076,570;69,855;3;2
3/3;1672;2026-07-09T06:00:00;11198;HL;низ;4054,400;4108,040;37,270;8;1
3/3;1673;2026-07-09T11:00:00;11203;HH;верх;4118,005;4108,610;63,605;5;1
3/3;1674;2026-07-09T13:00:00;11205;HL;низ;4093,855;4122,085;24,150;2;1
3/3;1675;2026-07-09T20:00:00;11212;HH;верх;4138,060;4123,790;44,205;7;1
3/3;1676;2026-07-10T04:00:00;11219;HL;низ;4108,720;4115,320;29,340;7;2
3/3;1677;2026-07-10T06:00:00;11221;LH;верх;4134,920;4111,785;26,200;2;1
3/3;1678;2026-07-10T12:00:00;11227;LL;низ;4094,535;4100,765;40,385;6;1
3/3;1679;2026-07-10T15:00:00;11230;LH;верх;4117,585;4113,115;23,050;3;1
3/3;1680;2026-07-10T17:00:00;11232;LL;низ;4072,800;4100,785;44,785;2;1
3/3;1681;2026-07-10T23:00:00;11238;HH;верх;4121,375;4074,105;48,575;6;2
3/3;1682;2026-07-13T09:00:00;11247;LL;низ;4044,060;4068,430;77,315;9;1
3/3;1683;2026-07-13T11:00:00;11249;LH;верх;4080,845;4056,525;36,785;2;1
3/3;1684;2026-07-14T03:00:00;11264;LL;низ;3983,545;4017,130;97,300;15;2
3/3;1685;2026-07-14T08:00:00;11269;LH;верх;4034,250;4016,065;50,705;5;1
3/3;1686;2026-07-14T12:00:00;11273;HL;низ;4013,925;4076,225;20,325;4;1
3/3;1687;2026-07-14T15:00:00;11276;HH;верх;4104,050;4066,415;90,125;3;1
3/3;1688;2026-07-14T21:00:00;11282;HL;низ;4042,885;4049,050;61,165;6;1
3/3;1689;2026-07-15T04:00:00;11288;LH;верх;4062,125;4033,245;19,240;6;1
3/3;1690;2026-07-15T11:00:00;11295;LL;низ;4017,475;4038,435;44,650;7;1
3/3;1691;2026-07-15T16:00:00;11300;HH;верх;4074,175;4033,830;56,700;5;1
3/3;1692;2026-07-15T19:00:00;11303;HL;низ;4026,945;4057,120;47,230;3;1
3/3;1693;2026-07-15T21:00:00;11305;HH;верх;4081,520;4059,680;54,575;2;1
3/3;1694;2026-07-16T10:00:00;11317;LL;низ;4023,030;4029,565;58,490;12;2
3/3;1695;2026-07-16T15:00:00;11322;LH;верх;4043,360;4007,125;20,330;5;1
3/3;1696;2026-07-16T22:00:00;11329;LL;низ;3969,345;3986,105;74,015;7;3
3/3;1697;2026-07-17T06:00:00;11336;LH;верх;4008,795;3999,475;39,450;7;1
3/3;1698;2026-07-17T16:00:00;11346;LL;низ;3959,800;4014,980;48,995;10;1
3/3;1699;2026-07-17T19:00:00;11349;HH;верх;4023,835;4015,475;64,035;3;1
3/3;1700;2026-07-20T03:00:00;11356;HL;низ;3982,630;4024,175;41,205;7;1
3/3;1701;2026-07-20T05:00:00;11358;HH;верх;4028,940;4008,720;46,310;2;1
3/3;1702;2026-07-20T10:00:00;11363;HL;низ;4002,185;4024,225;26,755;5;1
3/3;1703;2026-07-20T14:00:00;11367;HH;верх;4040,815;4006,300;38,630;4;1
3/3;1704;2026-07-20T17:00:00;11370;LL;низ;3998,330;4005,380;42,485;3;2
3/3;1705;2026-07-21T09:00:00;11385;HH;верх;4084,305;4065,975;85,975;15;1
3/3;1706;2026-07-21T16:00:00;11392;HL;низ;4044,725;4071,555;39,580;7;1
3/3;1707;2026-07-21T21:00:00;11397;HH;верх;4087,135;4080,590;42,410;5;1
3/3;1708;2026-07-22T03:00:00;11402;HL;низ;4076,755;4130,875;10,380;5;1
3/3;1709;2026-07-22T06:00:00;11405;HH;верх;4141,715;4116,580;64,960;3;1
3/3;1710;2026-07-22T15:00:00;11414;HL;низ;4106,720;4159,475;34,995;9;2
3/3;1711;2026-07-22T18:00:00;11417;HH;верх;4166,130;4136,125;59,410;3;2
3/3;1712;2026-07-24T08:00:00;11453;LL;низ;4022,060;4057,650;144,070;36;5
3/3;1713;2026-07-24T18:00:00;11463;LH;верх;4082,160;4054,470;60,100;10;1
3/3;1714;2026-07-24T22:00:00;11467;HL;низ;4049,380;4094,110;32,780;4;1
3/3;1715;2026-07-27T03:00:00;11471;HH;верх;4116,185;4091,045;66,805;4;1
3/3;1716;2026-07-27T08:00:00;11476;HL;низ;4084,490;4095,280;31,695;5;1
3/3;1717;2026-07-27T10:00:00;11478;LH;верх;4106,240;4099,625;21,750;2;2
3/3;1718;2026-07-27T17:00:00;11485;LL;низ;4065,415;4076,505;40,825;7;1
3/3;1719;2026-07-27T19:00:00;11487;LH;верх;4094,105;4083,500;28,690;2;1
3/3;1720;2026-07-28T08:00:00;11499;LL;низ;4034,795;4045,560;59,310;12;1
3/3;1721;2026-07-28T11:00:00;11502;LH;верх;4055,210;4028,190;20,415;3;1
3/3;1722;2026-07-28T17:00:00;11508;LL;низ;4011,765;4027,935;43,445;6;2
3/3;1723;2026-07-28T18:00:00;11509;LH;верх;4047,195;4023,150;35,430;1;1
3/3;1724;2026-07-29T04:00:00;11518;LL;низ;4010,410;4027,400;36,785;9;1
3/3;1725;2026-07-29T10:00:00;11524;HH;верх;4047,880;4027,535;37,470;6;1
3/3;1726;2026-07-29T17:00:00;11531;LL;низ;3996,055;4044,285;51,825;7;1
3/3;1727;2026-07-29T22:00:00;11536;HH;верх;4116,415;4084,590;120,360;5;1
3/3;1728;2026-07-30T08:00:00;11545;HL;низ;4028,690;4061,490;87,725;9;1
3/3;1729;2026-07-30T17:00:00;11554;HH;верх;4120,495;4102,765;91,805;9;2
3/3;1730;2026-07-31T06:00:00;11566;HL;низ;4072,145;4077,765;48,350;12;1
3/3;1731;2026-07-31T09:00:00;11569;LH;верх;4087,665;4055,250;15,520;3;1
3/3;1732;2026-07-31T17:00:00;11577;LL;низ;4020,975;4053,660;66,690;8;1
3/3;1733;2026-08-03T03:00:00;11586;LH;верх;4079,185;4065,115;58,210;9;1
3/3;1734;2026-08-03T04:00:00;11587;HL;низ;4047,345;4064,045;31,840;1;1
3/3;1735;2026-08-03T09:00:00;11592;LH;верх;4072,185;4055,355;24,840;5;2
3/3;1736;2026-08-03T16:00:00;11599;LL;низ;4019,240;4037,030;52,945;7;2
3/3;1737;2026-08-04T03:00:00;11609;LH;верх;4069,465;4052,560;50,225;10;1
3/3;1738;2026-08-04T04:00:00;11610;HL;низ;4042,720;4063,765;26,745;1;2
3/3;1739;2026-08-04T20:00:00;11626;HH;верх;4106,475;4077,055;63,755;16;2
3/3;1740;2026-08-05T02:00:00;11631;HL;низ;4065,330;4129,195;41,145;5;1
3/3;1741;2026-08-05T10:00:00;11639;HH;верх;4179,555;4161,420;114,225;8;1
3/3;1742;2026-08-05T13:00:00;11642;HL;низ;4150,280;4206,170;29,275;3;1
3/3;1743;2026-08-06T05:00:00;11657;HH;верх;4304,310;4267,345;154,030;15;2
3/3;1744;2026-08-06T08:00:00;11660;HL;низ;4247,240;4278,330;57,070;3;1
3/3;1745;2026-08-06T12:00:00;11664;LH;верх;4284,885;4250,270;37,645;4;2
3/3;1746;2026-08-06T19:00:00;11671;LL;низ;4223,505;4248,950;61,380;7;2
3/3;1747;2026-08-07T15:00:00;11690;HH;верх;4371,840;4341,130;148,335;19;1
3/3;1748;2026-08-07T15:00:00;11690;HL;низ;4301,015;4341,130;70,825;0;1
3/3;1749;2026-08-07T22:00:00;11697;LH;верх;4350,410;4333,115;49,395;7;1
3/3;1750;2026-08-10T04:00:00;11702;HL;низ;4313,430;4339,535;36,980;5;1
3/3;1751;2026-08-10T10:00:00;11708;HH;верх;4362,060;4335,750;48,630;6;1
3/3;1752;2026-08-10T16:00:00;11714;HL;низ;4316,675;4356,845;45,385;6;1
3/3;1753;2026-08-11T05:00:00;11726;HH;верх;4435,245;4375,470;118,570;12;1
3/3;1754;2026-08-11T10:00:00;11731;HL;низ;4356,700;4382,560;78,545;5;1
3/3;1755;2026-08-11T16:00:00;11737;LH;верх;4404,290;4383,460;47,590;6;1
3/3;1756;2026-08-11T21:00:00;11742;HL;низ;4360,295;4369,200;43,995;5;1
3/3;1757;2026-08-12T06:00:00;11750;HH;верх;4416,250;4403,545;55,955;8;1
3/3;1758;2026-08-12T15:00:00;11759;HL;низ;4382,485;4421,170;33,765;9;2
3/3;1759;2026-08-12T16:00:00;11760;HH;верх;4441,315;4401,680;58,830;1;1
3/3;1760;2026-08-12T21:00:00;11765;HL;низ;4396,575;4401,835;44,740;5;1
3/3;1761;2026-08-13T03:00:00;11770;HH;верх;4449,830;4400,300;53,255;5;1
3/3;1762;2026-08-13T11:00:00;11778;LL;низ;4364,170;4387,865;85,660;8;1
3/3;1763;2026-08-13T16:00:00;11783;LH;верх;4402,215;4367,000;38,045;5;1
3/3;1764;2026-08-13T22:00:00;11789;LL;низ;4343,650;4356,475;58,565;6;1
3/3;1765;2026-08-14T02:00:00;11792;LH;верх;4364,450;4315,840;20,800;3;1
3/3;1766;2026-08-14T08:00:00;11798;LL;низ;4311,040;4348,605;53,410;6;1
3/3;1767;2026-08-14T16:00:00;11806;HH;верх;4397,060;4386,015;86,020;8;1
3/3;1768;2026-08-17T02:00:00;11815;HL;низ;4367,290;4393,255;29,770;9;2
3/3;1769;2026-08-17T04:00:00;11817;HH;верх;4416,550;4390,860;49,260;2;1
3/3;1770;2026-08-17T08:00:00;11821;HL;низ;4386,940;4395,180;29,610;4;1
3/3;1771;2026-08-17T10:00:00;11823;LH;верх;4411,320;4399,080;24,380;2;1
3/3;1772;2026-08-17T15:00:00;11828;LL;низ;4377,355;4427,615;33,965;5;1
3/3;1773;2026-08-17T19:00:00;11832;HH;верх;4428,890;4419,965;51,535;4;1
3/3;1774;2026-08-17T21:00:00;11834;HL;низ;4398,205;4411,870;30,685;2;1
3/3;1775;2026-08-18T04:00:00;11840;HH;верх;4436,230;4393,690;38,025;6;1
3/3;1776;2026-08-18T08:00:00;11844;LL;низ;4386,185;4393,440;50,045;4;1
3/3;1777;2026-08-18T16:00:00;11852;LH;верх;4406,900;4363,830;20,715;8;2
3/3;1778;2026-08-19T04:00:00;11863;LL;низ;4324,680;4348,555;82,220;11;2
3/3;1779;2026-08-19T05:00:00;11864;LH;верх;4362,165;4335,695;37,485;1;1
3/3;1780;2026-08-19T08:00:00;11867;HL;низ;4335,175;4355,735;26,990;3;2
3/3;1781;2026-08-19T23:00:00;11882;HH;верх;4524,340;4504,680;189,165;15;1
3/3;1782;2026-08-20T08:00:00;11890;HL;низ;4478,075;4489,350;46,265;8;2
3/3;1783;2026-08-20T11:00:00;11893;LH;верх;4498,780;4467,175;20,705;3;1
3/3;1784;2026-08-20T15:00:00;11897;LL;низ;4450,745;4521,735;48,035;4;1
3/3;1785;2026-08-20T18:00:00;11900;HH;верх;4541,045;4522,080;90,300;3;1
3/3;1786;2026-08-21T04:00:00;11909;HL;низ;4508,995;4540,700;32,050;9;1
3/3;1787;2026-08-21T14:00:00;11919;HH;верх;4604,610;4591,570;95,615;10;1
3/3;1788;2026-08-21T15:00:00;11920;HL;низ;4563,570;4614,625;41,040;1;1
3/3;1789;2026-08-21T20:00:00;11925;HH;верх;4632,145;4602,990;68,575;5;1
3/3;1790;2026-08-24T03:00:00;11931;HL;низ;4594,515;4641,835;37,630;6;1
3/3;1791;2026-08-24T09:00:00;11937;HH;верх;4660,125;4645,930;65,610;6;2
3/3;1792;2026-08-24T11:00:00;11939;HL;низ;4628,895;4657,905;31,230;2;1
3/3;1793;2026-08-24T16:00:00;11944;HH;верх;4681,020;4645,105;52,125;5;1
3/3;1794;2026-08-24T21:00:00;11949;LL;низ;4625,225;4667,735;55,795;5;1
3/3;1795;2026-08-25T03:00:00;11954;HH;верх;4697,105;4633,680;71,880;5;1
3/3;1796;2026-08-25T05:00:00;11956;LL;низ;4617,280;4643,075;79,825;2;1
3/3;1797;2026-08-25T09:00:00;11960;LH;верх;4653,430;4636,395;36,150;4;1
3/3;1798;2026-08-25T11:00:00;11962;HL;низ;4620,090;4642,405;33,340;2;1
3/3;1799;2026-08-25T14:00:00;11965;LH;верх;4647,330;4635,575;27,240;3;1
3/3;1800;2026-08-25T16:00:00;11967;LL;низ;4605,290;4643,620;42,040;2;1
3/3;1801;2026-08-26T01:00:00;11975;HH;верх;4673,765;4656,980;68,475;8;2
3/3;1802;2026-08-26T04:00:00;11978;HL;низ;4629,615;4640,715;44,150;3;1
3/3;1803;2026-08-26T17:00:00;11991;LH;верх;4633,690;4597,830;4,075;13;1
3/3;1804;2026-08-26T18:00:00;11992;LL;низ;4583,065;4593,875;50,625;1;2
3/3;1805;2026-08-27T05:00:00;12002;HH;верх;4643,210;4607,240;60,145;10;1
3/3;1806;2026-08-27T16:00:00;12013;LL;низ;4564,270;4615,000;78,940;11;1
3/3;1807;2026-08-27T22:00:00;12019;LH;верх;4618,020;4594,590;53,750;6;1
3/3;1808;2026-08-28T08:00:00;12028;HL;низ;4571,660;4602,880;46,360;9;1
3/3;1809;2026-08-28T17:00:00;12037;HH;верх;4631,980;4469,430;60,320;9;2
3/3;1810;2026-08-28T21:00:00;12041;LL;низ;4445,455;4461,430;186,525;4;1
3/3;1811;2026-08-31T03:00:00;12046;LH;верх;4472,165;4422,695;26,710;5;1
3/3;1812;2026-08-31T05:00:00;12048;LL;низ;4396,525;4443,070;75,640;2;1
3/3;1813;2026-08-31T14:00:00;12057;LH;верх;4464,230;4431,815;67,705;9;1
3/3;1814;2026-08-31T16:00:00;12059;HL;низ;4415,750;4433,365;48,480;2;1
3/3;1815;2026-09-01T03:00:00;12069;LH;верх;4461,700;4436,790;45,950;10;1
3/3;1816;2026-09-02T06:00:00;12095;LL;низ;4282,625;4321,875;179,075;26;4
3/3;1817;2026-09-02T17:00:00;12106;LH;верх;4397,750;4377,080;115,125;11;1
3/3;1818;2026-09-03T09:00:00;12121;HL;низ;4417,575;4427,620;19,825;15;2
3/3;1819;2026-09-03T18:00:00;12130;HH;верх;4510,930;4475,190;93,355;9;1
3/3;1820;2026-09-03T23:00:00;12135;HL;низ;4470,550;4486,400;40,380;5;1
3/3;1821;2026-09-04T04:00:00;12139;LH;верх;4487,545;4473,825;16,995;4;1
3/3;1822;2026-09-04T09:00:00;12144;LL;низ;4460,155;4465,690;27,390;5;1
3/3;1823;2026-09-04T10:00:00;12145;HH;верх;4490,895;4472,955;30,740;1;1
3/3;1824;2026-09-04T16:00:00;12151;LL;низ;4365,570;4436,370;125,325;6;4
3/3;1825;2026-09-07T11:00:00;12169;LH;верх;4423,885;4385,330;58,315;18;1
3/3;1826;2026-09-07T14:00:00;12172;HL;низ;4381,240;4416,035;42,645;3;1
3/3;1827;2026-09-07T17:00:00;12175;LH;верх;4419,655;4407,175;38,415;3;1
