слой;№;время;бар;подпись;сторона;цена колена;цена сейчас;нога;баров от предыдущего;мутность
2/2;0;2024-08-15T15:00:00;2;?;верх;2470,155;2452,320;0,000;0;1
2/2;1;2024-08-15T16:00:00;3;?;низ;2432,225;2458,470;37,930;1;1
2/2;2;2024-08-15T22:00:00;9;LH;верх;2461,675;2454,905;29,450;6;2
2/2;3;2024-08-16T02:00:00;12;HL;низ;2454,515;2457,385;7,160;3;1
2/2;4;2024-08-16T04:00:00;14;LH;верх;2460,150;2452,510;5,635;2;1
2/2;5;2024-08-16T06:00:00;16;LL;низ;2450,805;2455,810;9,345;2;1
2/2;6;2024-08-16T10:00:00;20;HH;верх;2464,570;2463,435;13,765;4;1
2/2;7;2024-08-16T10:00:00;20;HL;низ;2451,220;2463,435;13,350;0;1
2/2;8;2024-08-16T23:00:00;33;HH;верх;2509,820;2506,535;58,600;13;2
2/2;9;2024-08-19T04:00:00;37;HL;низ;2495,045;2503,345;14,775;4;1
2/2;10;2024-08-19T11:00:00;44;LH;верх;2507,225;2489,910;12,180;7;1
2/2;11;2024-08-19T16:00:00;49;LL;низ;2485,735;2504,010;21,490;5;1
2/2;12;2024-08-19T19:00:00;52;HH;верх;2507,535;2504,315;21,800;3;2
2/2;13;2024-08-20T01:00:00;57;HL;низ;2502,160;2505,050;5,375;5;1
2/2;14;2024-08-20T04:00:00;60;HH;верх;2508,275;2501,840;6,115;3;1
2/2;15;2024-08-20T09:00:00;65;LL;низ;2497,400;2519,880;10,875;5;2
2/2;16;2024-08-20T16:00:00;72;HH;верх;2531,765;2508,540;34,365;7;1
2/2;17;2024-08-20T19:00:00;75;HL;низ;2500,865;2513,390;30,900;3;1
2/2;18;2024-08-20T23:00:00;79;LH;верх;2516,970;2512,970;16,105;4;1
2/2;19;2024-08-21T04:00:00;83;HL;низ;2510,930;2517,485;6,040;4;1
2/2;20;2024-08-21T05:00:00;84;HH;верх;2519,985;2516,230;9,055;1;2
2/2;21;2024-08-21T13:00:00;92;LL;низ;2504,515;2510,630;15,470;8;1
2/2;22;2024-08-21T15:00:00;94;LH;верх;2513,770;2501,565;9,255;2;1
2/2;23;2024-08-21T17:00:00;96;LL;низ;2493,830;2507,175;19,940;2;1
2/2;24;2024-08-21T21:00:00;100;HH;верх;2519,185;2512,250;25,355;4;2
2/2;25;2024-08-22T07:00:00;109;HL;низ;2499,350;2507,550;19,835;9;1
2/2;26;2024-08-22T09:00:00;111;LH;верх;2510,645;2503,720;11,295;2;2
2/2;27;2024-08-22T17:00:00;119;LL;низ;2470,850;2484,325;39,795;8;2
2/2;28;2024-08-23T08:00:00;133;LH;верх;2495,855;2493,510;25,005;14;2
2/2;29;2024-08-23T09:00:00;134;HL;низ;2490,670;2499,045;5,185;1;2
2/2;30;2024-08-23T18:00:00;143;HH;верх;2518,400;2510,915;27,730;9;1
2/2;31;2024-08-23T22:00:00;147;HL;низ;2507,995;2513,095;10,405;4;1
2/2;32;2024-08-26T03:00:00;151;LH;верх;2516,995;2512,000;9,000;4;1
2/2;33;2024-08-26T08:00:00;156;HL;низ;2508,810;2521,555;8,185;5;1
2/2;34;2024-08-26T14:00:00;162;HH;верх;2526,900;2516,005;18,090;6;1
2/2;35;2024-08-26T17:00:00;165;HL;низ;2510,680;2520,305;16,220;3;1
2/2;36;2024-08-26T20:00:00;168;LH;верх;2523,450;2518,235;12,770;3;1
2/2;37;2024-08-27T05:00:00;176;LL;низ;2505,845;2507,355;17,605;8;1
2/2;38;2024-08-27T10:00:00;181;LH;верх;2517,615;2508,970;11,770;5;1
2/2;39;2024-08-27T11:00:00;182;LL;низ;2503,585;2509,055;14,030;1;2
2/2;40;2024-08-28T02:00:00;196;HH;верх;2529,135;2517,195;25,550;14;2
2/2;41;2024-08-28T15:00:00;209;LL;низ;2493,665;2507,650;35,470;13;2
2/2;42;2024-08-28T16:00:00;210;LH;верх;2510,690;2506,185;17,025;1;1
2/2;43;2024-08-28T19:00:00;213;HL;низ;2496,465;2508,065;14,225;3;1
2/2;44;2024-08-28T22:00:00;216;LH;верх;2509,650;2507,260;13,185;3;1
2/2;45;2024-08-28T23:00:00;217;HL;низ;2502,880;2508,200;6,770;1;1
2/2;46;2024-08-29T09:00:00;226;HH;верх;2521,240;2517,175;18,360;9;2
2/2;47;2024-08-29T11:00:00;228;HL;низ;2515,175;2523,175;6,065;2;1
2/2;48;2024-08-29T13:00:00;230;HH;верх;2524,505;2509,270;9,330;2;1
2/2;49;2024-08-29T15:00:00;232;LL;низ;2503,690;2522,235;20,815;2;1
2/2;50;2024-08-29T20:00:00;237;HH;верх;2528,740;2521,210;25,050;5;1
2/2;51;2024-08-30T07:00:00;247;HL;низ;2512,255;2517,835;16,485;10;1
2/2;52;2024-08-30T12:00:00;252;LH;верх;2526,925;2519,570;14,670;5;1
2/2;53;2024-08-30T20:00:00;260;LL;низ;2494,215;2502,385;32,710;8;1
2/2;54;2024-09-02T03:00:00;266;LH;верх;2505,010;2492,035;10,795;6;1
2/2;55;2024-09-02T05:00:00;268;LL;низ;2490,105;2496,980;14,905;2;1
2/2;56;2024-09-02T11:00:00;274;HH;верх;2507,330;2499,260;17,225;6;1
2/2;57;2024-09-02T14:00:00;277;HL;низ;2497,180;2499,995;10,150;3;1
2/2;58;2024-09-02T15:00:00;278;LH;верх;2503,275;2502,085;6,095;1;1
2/2;59;2024-09-03T04:00:00;288;LL;низ;2489,705;2494,870;13,570;10;3
2/2;60;2024-09-03T11:00:00;295;HH;верх;2506,350;2497,405;16,645;7;2
2/2;61;2024-09-03T17:00:00;301;LL;низ;2473,325;2486,090;33,025;6;2
2/2;62;2024-09-04T05:00:00;312;LH;верх;2496,985;2495,995;23,660;11;1
2/2;63;2024-09-04T12:00:00;319;LL;низ;2471,915;2489,270;25,070;7;1
2/2;64;2024-09-04T14:00:00;321;LH;верх;2491,285;2485,475;19,370;2;1
2/2;65;2024-09-04T16:00:00;323;HL;низ;2482,125;2494,140;9,160;2;1
2/2;66;2024-09-04T17:00:00;324;HH;верх;2500,345;2496,860;18,220;1;1
2/2;67;2024-09-04T22:00:00;329;HL;низ;2491,550;2495,465;8,795;5;1
2/2;68;2024-09-04T23:00:00;330;LH;верх;2497,045;2495,900;5,495;1;1
2/2;69;2024-09-05T03:00:00;333;HL;низ;2494,545;2498,120;2,500;3;1
2/2;70;2024-09-05T04:00:00;334;HH;верх;2499,430;2494,940;4,885;1;1
2/2;71;2024-09-05T07:00:00;337;LL;низ;2493,880;2504,440;5,550;3;1
2/2;72;2024-09-05T15:00:00;345;HH;верх;2523,525;2508,795;29,645;8;1
2/2;73;2024-09-05T18:00:00;348;HL;низ;2503,965;2515,205;19,560;3;1
2/2;74;2024-09-06T02:00:00;355;LH;верх;2517,975;2513,840;14,010;7;1
2/2;75;2024-09-06T05:00:00;358;HL;низ;2513,095;2518,520;4,880;3;1
2/2;76;2024-09-06T08:00:00;361;HH;верх;2521,900;2516,580;8,805;3;1
2/2;77;2024-09-06T11:00:00;364;HL;низ;2515,605;2519,005;6,295;3;1
2/2;78;2024-09-06T15:00:00;368;HH;верх;2529,300;2506,785;13,695;4;1
2/2;79;2024-09-06T19:00:00;372;LL;низ;2485,190;2494,755;44,110;4;2
2/2;80;2024-09-09T06:00:00;382;LH;верх;2500,590;2487,920;15,400;10;1
2/2;81;2024-09-09T09:00:00;385;HL;низ;2485,610;2492,245;14,980;3;1
2/2;82;2024-09-09T16:00:00;392;HH;верх;2505,350;2499,210;19,740;7;1
2/2;83;2024-09-09T17:00:00;393;HL;низ;2493,310;2504,475;12,040;1;1
2/2;84;2024-09-10T02:00:00;401;HH;верх;2507,740;2503,875;14,430;8;2
2/2;85;2024-09-10T08:00:00;407;HL;низ;2500,840;2502,815;6,900;6;1
2/2;86;2024-09-10T10:00:00;409;HH;верх;2507,795;2506,155;6,955;2;1
2/2;87;2024-09-10T11:00:00;410;LL;низ;2500,190;2505,745;7,605;1;2
2/2;88;2024-09-11T04:00:00;426;HH;верх;2522,615;2519,505;22,425;16;3
2/2;89;2024-09-11T04:00:00;426;HL;низ;2515,020;2519,505;7,595;0;1
2/2;90;2024-09-11T09:00:00;431;HH;верх;2529,090;2524,355;14,070;5;1
2/2;91;2024-09-11T17:00:00;439;LL;низ;2501,000;2515,260;28,090;8;1
2/2;92;2024-09-11T19:00:00;441;LH;верх;2520,160;2511,555;19,160;2;1
2/2;93;2024-09-11T22:00:00;444;HL;низ;2509,870;2512,925;10,290;3;1
2/2;94;2024-09-12T01:00:00;446;LH;верх;2513,925;2512,260;4,055;2;1
2/2;95;2024-09-12T05:00:00;450;HL;низ;2511,095;2517,045;2,830;4;1
2/2;96;2024-09-12T09:00:00;454;HH;верх;2522,360;2517,430;11,265;4;1
2/2;97;2024-09-12T14:00:00;459;HL;низ;2513,120;2545,480;9,240;5;2
2/2;98;2024-09-12T23:00:00;468;HH;верх;2560,130;2558,585;47,010;9;2
2/2;99;2024-09-13T02:00:00;470;HL;низ;2556,795;2563,320;3,335;2;2
2/2;100;2024-09-13T12:00:00;480;HH;верх;2573,035;2567,375;16,240;10;1
2/2;101;2024-09-13T14:00:00;482;HL;низ;2563,780;2578,190;9,255;2;1
2/2;102;2024-09-13T20:00:00;488;HH;верх;2586,160;2582,670;22,380;6;2
2/2;103;2024-09-13T23:00:00;491;HL;низ;2577,260;2579,170;8,900;3;1
2/2;104;2024-09-16T09:00:00;500;HH;верх;2589,715;2586,930;12,455;9;1
2/2;105;2024-09-16T13:00:00;504;LL;низ;2575,245;2583,450;14,470;4;2
2/2;106;2024-09-16T16:00:00;507;LH;верх;2589,405;2579,950;14,160;3;1
2/2;107;2024-09-16T17:00:00;508;HL;низ;2576,180;2583,775;13,225;1;1
2/2;108;2024-09-16T20:00:00;511;LH;верх;2584,205;2582,600;8,025;3;1
2/2;109;2024-09-16T22:00:00;513;HL;низ;2579,685;2582,995;4,520;2;1
2/2;110;2024-09-17T05:00:00;519;HH;верх;2586,360;2576,935;6,675;6;1
2/2;111;2024-09-17T08:00:00;522;LL;низ;2574,625;2583,890;11,735;3;1
2/2;112;2024-09-17T09:00:00;523;HH;верх;2587,020;2580,180;12,395;1;2
2/2;113;2024-09-17T15:00:00;529;LL;низ;2568,400;2576,555;18,620;6;1
2/2;114;2024-09-17T17:00:00;531;LH;верх;2582,300;2563,190;13,900;2;1
2/2;115;2024-09-17T20:00:00;534;LL;низ;2560,780;2568,750;21,520;3;1
2/2;116;2024-09-18T04:00:00;541;LH;верх;2576,540;2575,990;15,760;7;3
2/2;117;2024-09-18T08:00:00;545;HL;низ;2565,790;2571,635;10,750;4;2
2/2;118;2024-09-18T14:00:00;551;HH;верх;2580,775;2571,850;14,985;6;1
2/2;119;2024-09-18T17:00:00;554;HL;низ;2568,120;2574,955;12,655;3;1
2/2;120;2024-09-18T21:00:00;558;HH;верх;2600,290;2559,300;32,170;4;1
2/2;121;2024-09-18T22:00:00;559;LL;низ;2546,860;2559,360;53,430;1;2
2/2;122;2024-09-19T12:00:00;572;LH;верх;2594,945;2589,495;48,085;13;2
2/2;123;2024-09-19T16:00:00;576;HL;низ;2569,815;2589,170;25,130;4;1
2/2;124;2024-09-19T20:00:00;580;LH;верх;2592,735;2588,480;22,920;4;1
2/2;125;2024-09-20T04:00:00;587;HL;низ;2584,875;2591,520;7,860;7;3
2/2;126;2024-09-20T15:00:00;598;HH;верх;2619,395;2614,070;34,520;11;1
2/2;127;2024-09-20T16:00:00;599;HL;низ;2602,665;2622,895;16,730;1;1
2/2;128;2024-09-20T19:00:00;602;HH;верх;2625,790;2621,840;23,125;3;1
2/2;129;2024-09-23T04:00:00;610;HL;низ;2616,175;2628,560;9,615;8;2
2/2;130;2024-09-23T08:00:00;614;HH;верх;2631,405;2615,240;15,230;4;1
2/2;131;2024-09-23T10:00:00;616;LL;низ;2613,890;2621,675;17,515;2;2
2/2;132;2024-09-23T17:00:00;623;HH;верх;2634,905;2628,235;21,015;7;1
2/2;133;2024-09-24T03:00:00;632;HL;низ;2623,870;2628,980;11,035;9;2
2/2;134;2024-09-24T08:00:00;637;HH;верх;2640,180;2629,000;16,310;5;1
2/2;135;2024-09-24T10:00:00;639;LL;низ;2622,680;2630,835;17,500;2;1
2/2;136;2024-09-24T13:00:00;642;LH;верх;2636,245;2633,255;13,565;3;1
2/2;137;2024-09-24T14:00:00;643;HL;низ;2623,465;2635,575;12,780;1;1
2/2;138;2024-09-24T22:00:00;651;HH;верх;2664,380;2659,245;40,915;8;1
2/2;139;2024-09-25T04:00:00;656;HL;низ;2655,580;2661,615;8,800;5;1
2/2;140;2024-09-25T05:00:00;657;HH;верх;2670,605;2658,970;15,025;1;1
2/2;141;2024-09-25T10:00:00;662;LL;низ;2651,415;2657,035;19,190;5;1
2/2;142;2024-09-25T17:00:00;669;LH;верх;2667,505;2653,790;16,090;7;1
2/2;143;2024-09-25T19:00:00;671;LL;низ;2649,700;2660,450;17,805;2;1
2/2;144;2024-09-25T20:00:00;672;LH;верх;2663,060;2659,785;13,360;1;1
2/2;145;2024-09-26T03:00:00;678;HL;низ;2655,485;2658,245;7,575;6;2
2/2;146;2024-09-26T14:00:00;689;HH;верх;2685,640;2660,870;30,155;11;1
2/2;147;2024-09-26T16:00:00;691;LL;низ;2654,840;2671,460;30,800;2;1
2/2;148;2024-09-26T22:00:00;697;LH;верх;2677,880;2672,450;23,040;6;1
2/2;149;2024-09-27T04:00:00;702;HL;низ;2666,295;2673,735;11,585;5;1
2/2;150;2024-09-27T06:00:00;704;LH;верх;2674,045;2664,975;7,750;2;1
2/2;151;2024-09-27T12:00:00;710;LL;низ;2658,450;2666,180;15,595;6;1
2/2;152;2024-09-27T15:00:00;713;HH;верх;2674,375;2649,530;15,925;3;1
2/2;153;2024-09-27T20:00:00;718;LL;низ;2643,155;2652,100;31,220;5;1
2/2;154;2024-09-30T03:00:00;724;LH;верх;2666,050;2652,640;22,895;6;1
2/2;155;2024-09-30T04:00:00;725;HL;низ;2647,330;2653,635;18,720;1;1
2/2;156;2024-09-30T10:00:00;731;LH;верх;2660,675;2649,765;13,345;6;1
2/2;157;2024-09-30T17:00:00;738;LL;низ;2628,855;2639,200;31,820;7;1
2/2;158;2024-09-30T20:00:00;741;LH;верх;2641,895;2631,070;13,040;3;1
2/2;159;2024-09-30T21:00:00;742;LL;низ;2624,780;2634,690;17,115;1;2
2/2;160;2024-10-01T19:00:00;763;HH;верх;2673,260;2661,165;48,480;21;2
2/2;161;2024-10-02T08:00:00;775;HL;низ;2644,580;2655,480;28,680;12;2
2/2;162;2024-10-02T11:00:00;778;LH;верх;2655,895;2649,205;11,315;3;1
2/2;163;2024-10-02T15:00:00;782;LL;низ;2643,810;2648,155;12,085;4;1
2/2;164;2024-10-02T17:00:00;784;HH;верх;2663,445;2649,775;19,635;2;1
2/2;165;2024-10-02T18:00:00;785;LL;низ;2641,180;2652,245;22,265;1;1
2/2;166;2024-10-03T03:00:00;793;LH;верх;2663,015;2655,870;21,835;8;2
2/2;167;2024-10-03T12:00:00;802;LL;низ;2641,030;2648,125;21,985;9;1
2/2;168;2024-10-03T15:00:00;805;LH;верх;2654,665;2650,225;13,635;3;1
2/2;169;2024-10-03T17:00:00;807;LL;низ;2637,015;2660,095;17,650;2;1
2/2;170;2024-10-03T20:00:00;810;HH;верх;2662,200;2658,055;25,185;3;1
2/2;171;2024-10-04T02:00:00;815;HL;низ;2654,420;2658,390;7,780;5;1
2/2;172;2024-10-04T08:00:00;821;HH;верх;2667,870;2661,100;13,450;6;1
2/2;173;2024-10-04T12:00:00;825;HL;низ;2656,975;2661,420;10,895;4;1
2/2;174;2024-10-04T14:00:00;827;LH;верх;2662,600;2651,980;5,625;2;1
2/2;175;2024-10-04T15:00:00;828;LL;низ;2632,015;2658,400;30,585;1;1
2/2;176;2024-10-04T18:00:00;831;HH;верх;2670,240;2650,110;38,225;3;1
2/2;177;2024-10-04T19:00:00;832;HL;низ;2641,885;2645,675;28,355;1;2
2/2;178;2024-10-04T23:00:00;836;LH;верх;2654,050;2650,270;12,165;4;1
2/2;179;2024-10-07T04:00:00;840;HL;низ;2643,885;2647,500;10,165;4;1
2/2;180;2024-10-07T07:00:00;843;LH;верх;2648,705;2643,290;4,820;3;1
2/2;181;2024-10-07T09:00:00;845;LL;низ;2639,745;2652,305;8,960;2;1
2/2;182;2024-10-07T14:00:00;850;HH;верх;2659,660;2642,820;19,915;5;1
2/2;183;2024-10-07T15:00:00;851;LL;низ;2637,770;2640,905;21,890;1;3
2/2;184;2024-10-08T01:00:00;860;LH;верх;2649,260;2643,605;11,490;9;2
2/2;185;2024-10-08T05:00:00;864;LL;низ;2633,835;2643,185;15,425;4;1
2/2;186;2024-10-08T09:00:00;868;LH;верх;2646,530;2637,985;12,695;4;1
2/2;187;2024-10-08T11:00:00;870;LL;низ;2628,600;2646,355;17,930;2;1
2/2;188;2024-10-08T15:00:00;874;HH;верх;2653,115;2621,120;24,515;4;1
2/2;189;2024-10-08T18:00:00;877;LL;низ;2604,820;2614,550;48,295;3;1
2/2;190;2024-10-09T04:00:00;886;LH;верх;2624,300;2617,180;19,480;9;2
2/2;191;2024-10-09T06:00:00;888;HL;низ;2614,990;2619,745;9,310;2;1
2/2;192;2024-10-09T08:00:00;890;HH;верх;2624,375;2611,735;9,385;2;1
2/2;193;2024-10-09T10:00:00;892;LL;низ;2609,245;2618,105;15,130;2;1
2/2;194;2024-10-09T14:00:00;896;LH;верх;2622,465;2609,740;13,220;4;1
2/2;195;2024-10-09T21:00:00;903;LL;низ;2605,210;2607,735;17,255;7;3
2/2;196;2024-10-10T06:00:00;911;LH;верх;2616,960;2613,440;11,750;8;1
2/2;197;2024-10-10T15:00:00;920;LL;низ;2604,390;2625,510;12,570;9;2
2/2;198;2024-10-10T17:00:00;922;HH;верх;2629,835;2619,390;25,445;2;1
2/2;199;2024-10-10T20:00:00;925;HL;низ;2616,555;2629,210;13,280;3;1
2/2;200;2024-10-11T09:00:00;937;HH;верх;2647,245;2639,305;30,690;12;2
2/2;201;2024-10-11T12:00:00;940;HL;низ;2636,245;2644,760;11,000;3;2
2/2;202;2024-10-11T19:00:00;947;HH;верх;2661,475;2658,720;25,230;7;1
2/2;203;2024-10-14T05:00:00;956;HL;низ;2643,245;2659,270;18,230;9;1
2/2;204;2024-10-14T09:00:00;960;HH;верх;2666,875;2659,455;23,630;4;2
2/2;205;2024-10-14T18:00:00;969;HL;низ;2644,055;2648,695;22,820;9;1
2/2;206;2024-10-14T23:00:00;974;LH;верх;2653,365;2649,475;9,310;5;1
2/2;207;2024-10-14T23:00:00;974;HL;низ;2646,195;2649,475;7,170;0;1
2/2;208;2024-10-15T05:00:00;979;LH;верх;2652,810;2644,440;6,615;5;1
2/2;209;2024-10-15T08:00:00;982;LL;низ;2638,105;2650,805;14,705;3;2
2/2;210;2024-10-15T19:00:00;993;HH;верх;2668,965;2665,145;30,860;11;2
2/2;211;2024-10-16T03:00:00;1000;HL;низ;2658,800;2668,125;10,165;7;1
2/2;212;2024-10-16T16:00:00;1013;HH;верх;2685,465;2670,085;26,665;13;3
2/2;213;2024-10-16T19:00:00;1016;HL;низ;2666,795;2675,035;18,670;3;1
2/2;214;2024-10-16T21:00:00;1018;LH;верх;2676,760;2673,930;9,965;2;1
2/2;215;2024-10-16T22:00:00;1019;HL;низ;2672,810;2673,855;3,950;1;1
2/2;216;2024-10-17T05:00:00;1025;HH;верх;2684,940;2679,135;12,130;6;1
2/2;217;2024-10-17T06:00:00;1026;HL;низ;2674,600;2683,595;10,340;1;1
2/2;218;2024-10-17T09:00:00;1029;HH;верх;2685,845;2681,925;11,245;3;1
2/2;219;2024-10-17T12:00:00;1032;HL;низ;2677,035;2681,365;8,810;3;1
2/2;220;2024-10-17T13:00:00;1033;HH;верх;2688,840;2680,680;11,805;1;1
2/2;221;2024-10-17T15:00:00;1035;LL;низ;2673,165;2695,690;15,675;2;1
2/2;222;2024-10-17T18:00:00;1038;HH;верх;2696,800;2692,005;23,635;3;1
2/2;223;2024-10-17T19:00:00;1039;HL;низ;2684,010;2689,585;12,790;1;2
2/2;224;2024-10-18T08:00:00;1051;HH;верх;2714,140;2702,365;30,130;12;2
2/2;225;2024-10-18T11:00:00;1054;HL;низ;2701,735;2712,595;12,405;3;2
2/2;226;2024-10-18T17:00:00;1060;HH;верх;2720,210;2717,680;18,475;6;1
2/2;227;2024-10-18T20:00:00;1063;HL;низ;2713,670;2719,710;6,540;3;2
2/2;228;2024-10-21T06:00:00;1072;HH;верх;2732,885;2724,965;19,215;9;1
2/2;229;2024-10-21T09:00:00;1075;HL;низ;2723,670;2731,430;9,215;3;2
2/2;230;2024-10-21T16:00:00;1082;HH;верх;2740,600;2720,160;16,930;7;1
2/2;231;2024-10-21T22:00:00;1088;LL;низ;2714,235;2720,795;26,365;6;2
2/2;232;2024-10-22T13:00:00;1102;LH;верх;2739,395;2736,280;25,160;14;1
2/2;233;2024-10-22T14:00:00;1103;HL;низ;2729,585;2735,815;9,810;1;1
2/2;234;2024-10-22T23:00:00;1112;HH;верх;2748,975;2746,630;19,390;9;1
2/2;235;2024-10-23T05:00:00;1117;HL;низ;2737,940;2750,025;11,035;5;1
2/2;236;2024-10-23T11:00:00;1123;HH;верх;2758,525;2750,845;20,585;6;1
2/2;237;2024-10-23T18:00:00;1130;LL;низ;2708,755;2716,745;49,770;7;2
2/2;238;2024-10-24T16:00:00;1151;LH;верх;2743,325;2731,205;34,570;21;2
2/2;239;2024-10-24T17:00:00;1152;HL;низ;2722,505;2733,680;20,820;1;1
2/2;240;2024-10-24T21:00:00;1156;LH;верх;2737,845;2736,080;15,340;4;1
2/2;241;2024-10-25T07:00:00;1165;HL;низ;2723,990;2732,285;13,855;9;1
2/2;242;2024-10-25T09:00:00;1167;LH;верх;2732,670;2719,490;8,680;2;1
2/2;243;2024-10-25T12:00:00;1170;LL;низ;2717,100;2724,275;15,570;3;1
2/2;244;2024-10-25T23:00:00;1181;HH;верх;2747,835;2735,820;30,735;11;2
2/2;245;2024-10-28T03:00:00;1185;HL;низ;2724,755;2729,740;23,080;4;3
2/2;246;2024-10-28T08:00:00;1190;LH;верх;2744,650;2732,065;19,895;5;1
2/2;247;2024-10-28T12:00:00;1194;HL;низ;2727,930;2734,370;16,720;4;1
2/2;248;2024-10-28T16:00:00;1198;HH;верх;2746,010;2742,770;18,080;4;2
2/2;249;2024-10-29T00:00:00;1205;HL;низ;2739,870;2745,835;6,140;7;1
2/2;250;2024-10-29T04:00:00;1209;HH;верх;2757,780;2754,815;17,910;4;2
2/2;251;2024-10-29T10:00:00;1215;HL;низ;2746,415;2749,995;11,365;6;1
2/2;252;2024-10-29T11:00:00;1216;LH;верх;2756,665;2751,900;10,250;1;1
2/2;253;2024-10-29T13:00:00;1218;LL;низ;2746,195;2760,930;10,470;2;1
2/2;254;2024-10-30T08:00:00;1236;HH;верх;2789,855;2782,025;43,660;18;3
2/2;255;2024-10-30T10:00:00;1238;HL;низ;2779,620;2780,240;10,235;2;1
2/2;256;2024-10-30T15:00:00;1243;LH;верх;2787,570;2784,740;7,950;5;2
2/2;257;2024-10-30T15:00:00;1243;LL;низ;2770,925;2784,740;16,645;0;1
2/2;258;2024-10-31T03:00:00;1254;HH;верх;2790,170;2784,810;19,245;11;2
2/2;259;2024-10-31T03:00:00;1254;HL;низ;2783,680;2784,810;6,490;0;1
2/2;260;2024-10-31T13:00:00;1264;LH;верх;2782,690;2755,430;0,990;10;1
2/2;261;2024-10-31T17:00:00;1268;LL;низ;2731,635;2739,670;51,055;4;1
2/2;262;2024-10-31T21:00:00;1272;LH;верх;2749,825;2746,230;18,190;4;1
2/2;263;2024-11-01T03:00:00;1277;HL;низ;2744,960;2751,845;4,865;5;1
2/2;264;2024-11-01T08:00:00;1282;HH;верх;2757,735;2753,505;12,775;5;1
2/2;265;2024-11-01T09:00:00;1283;HL;низ;2747,220;2751,415;10,515;1;1
2/2;266;2024-11-01T11:00:00;1285;LH;верх;2755,510;2752,990;8,290;2;1
2/2;267;2024-11-01T12:00:00;1286;LL;низ;2744,845;2753,875;10,665;1;1
2/2;268;2024-11-01T15:00:00;1289;HH;верх;2762,275;2744,755;17,430;3;1
2/2;269;2024-11-04T01:00:00;1297;LL;низ;2732,040;2740,010;30,235;8;2
2/2;270;2024-11-04T09:00:00;1305;LH;верх;2744,935;2743,400;12,895;8;1
2/2;271;2024-11-04T10:00:00;1306;LL;низ;2731,930;2738,685;13,005;1;1
2/2;272;2024-11-04T16:00:00;1312;HH;верх;2748,240;2734,285;16,310;6;2
2/2;273;2024-11-04T19:00:00;1315;LL;низ;2731,770;2738,395;16,470;3;1
2/2;274;2024-11-04T21:00:00;1317;LH;верх;2739,735;2736,605;7,965;2;1
2/2;275;2024-11-05T04:00:00;1323;LL;низ;2724,765;2734,535;14,970;6;2
2/2;276;2024-11-05T16:00:00;1335;HH;верх;2750,090;2739,000;25,325;12;2
2/2;277;2024-11-05T17:00:00;1336;HL;низ;2733,035;2742,070;17,055;1;1
2/2;278;2024-11-06T03:00:00;1345;LH;верх;2749,780;2734,155;16,745;9;1
2/2;279;2024-11-06T05:00:00;1347;LL;низ;2730,530;2738,975;19,250;2;1
2/2;280;2024-11-06T07:00:00;1349;LH;верх;2743,685;2725,835;13,155;2;1
2/2;281;2024-11-06T16:00:00;1358;LL;низ;2652,405;2666,195;91,280;9;2
2/2;282;2024-11-06T18:00:00;1360;LH;верх;2678,290;2665,670;25,885;2;1
2/2;283;2024-11-07T03:00:00;1368;LL;низ;2643,355;2659,275;34,935;8;3
2/2;284;2024-11-07T19:00:00;1384;HH;верх;2700,405;2694,400;57,050;16;2
2/2;285;2024-11-07T21:00:00;1386;HL;низ;2687,575;2706,840;12,830;2;1
2/2;286;2024-11-07T22:00:00;1387;HH;верх;2710,520;2706,985;22,945;1;2
2/2;287;2024-11-08T09:00:00;1397;LL;низ;2680,415;2689,330;30,105;10;1
2/2;288;2024-11-08T16:00:00;1404;LH;верх;2704,120;2683,330;23,705;7;1
2/2;289;2024-11-08T18:00:00;1406;HL;низ;2682,935;2685,020;21,185;2;1
2/2;290;2024-11-11T02:00:00;1413;LH;верх;2686,165;2672,080;3,230;7;1
2/2;291;2024-11-11T04:00:00;1415;LL;низ;2666,570;2672,290;19,595;2;1
2/2;292;2024-11-11T07:00:00;1418;LH;верх;2674,425;2669,680;7,855;3;1
2/2;293;2024-11-11T07:00:00;1418;HL;низ;2666,995;2669,680;7,430;0;1
2/2;294;2024-11-11T12:00:00;1423;HH;верх;2675,340;2657,325;8,345;5;1
2/2;295;2024-11-11T20:00:00;1431;LL;низ;2610,695;2622,060;64,645;8;1
2/2;296;2024-11-12T03:00:00;1437;LH;верх;2627,235;2619,045;16,540;6;2
2/2;297;2024-11-12T12:00:00;1446;LL;низ;2589,725;2605,345;37,510;9;1
2/2;298;2024-11-12T16:00:00;1450;LH;верх;2617,125;2600,805;27,400;4;1
2/2;299;2024-11-12T19:00:00;1453;HL;низ;2592,530;2598,235;24,595;3;2
2/2;300;2024-11-13T05:00:00;1462;LH;верх;2613,285;2605,840;20,755;9;1
2/2;301;2024-11-13T10:00:00;1467;HL;низ;2601,095;2609,125;12,190;5;2
2/2;302;2024-11-13T11:00:00;1468;LH;верх;2611,720;2610,865;10,625;1;1
2/2;303;2024-11-13T13:00:00;1470;HL;низ;2605,940;2612,350;5,780;2;1
2/2;304;2024-11-13T15:00:00;1472;HH;верх;2618,920;2605,435;12,980;2;1
2/2;305;2024-11-13T19:00:00;1476;LL;низ;2577,680;2581,010;41,240;4;1
2/2;306;2024-11-14T01:00:00;1481;LH;верх;2581,445;2562,645;3,765;5;1
2/2;307;2024-11-14T04:00:00;1484;LL;низ;2558,980;2565,230;22,465;3;1
2/2;308;2024-11-14T06:00:00;1486;LH;верх;2565,335;2555,110;6,355;2;1
2/2;309;2024-11-14T11:00:00;1491;LL;низ;2536,855;2553,705;28,480;5;1
2/2;310;2024-11-14T18:00:00;1498;HH;верх;2577,525;2569,895;40,670;7;2
2/2;311;2024-11-14T22:00:00;1502;HL;низ;2563,995;2566,980;13,530;4;1
2/2;312;2024-11-15T03:00:00;1506;LH;верх;2571,760;2567,820;7,765;4;1
2/2;313;2024-11-15T08:00:00;1511;LL;низ;2554,395;2566,920;17,365;5;3
2/2;314;2024-11-15T17:00:00;1520;HH;верх;2576,045;2563,020;21,650;9;1
2/2;315;2024-11-15T20:00:00;1523;HL;низ;2559,525;2562,260;16,520;3;1
2/2;316;2024-11-18T03:00:00;1529;HH;верх;2597,280;2589,955;37,755;6;2
2/2;317;2024-11-18T08:00:00;1534;HL;низ;2580,500;2585,705;16,780;5;1
2/2;318;2024-11-19T05:00:00;1554;HH;верх;2625,645;2622,620;45,145;20;4
2/2;319;2024-11-19T09:00:00;1558;HL;низ;2617,755;2630,320;7,890;4;1
2/2;320;2024-11-19T15:00:00;1564;HH;верх;2639,530;2624,500;21,775;6;1
2/2;321;2024-11-19T17:00:00;1566;HL;низ;2621,000;2628,100;18,530;2;1
2/2;322;2024-11-20T04:00:00;1576;HH;верх;2641,940;2636,680;20,940;10;2
2/2;323;2024-11-20T10:00:00;1582;LL;низ;2618,890;2625,165;23,050;6;1
2/2;324;2024-11-20T19:00:00;1591;HH;верх;2655,485;2650,960;36,595;9;1
2/2;325;2024-11-20T20:00:00;1592;HL;низ;2645,500;2648,950;9,985;1;1
2/2;326;2024-11-21T03:00:00;1598;HH;верх;2660,530;2656,975;15,030;6;1
2/2;327;2024-11-21T05:00:00;1600;HL;низ;2650,450;2656,990;10,080;2;1
2/2;328;2024-11-21T13:00:00;1608;HH;верх;2673,595;2665,520;23,145;8;1
2/2;329;2024-11-21T15:00:00;1610;HL;низ;2660,510;2667,780;13,085;2;2
2/2;330;2024-11-22T13:00:00;1631;HH;верх;2710,185;2692,980;49,675;21;2
2/2;331;2024-11-22T16:00:00;1634;HL;низ;2684,495;2705,215;25,690;3;1
2/2;332;2024-11-22T20:00:00;1638;HH;верх;2711,510;2705,900;27,015;4;1
2/2;333;2024-11-22T22:00:00;1640;HL;низ;2705,115;2719,900;6,395;2;1
2/2;334;2024-11-25T01:00:00;1642;HH;верх;2721,420;2701,320;16,305;2;1
2/2;335;2024-11-25T07:00:00;1648;LL;низ;2658,210;2667,985;63,210;6;1
2/2;336;2024-11-25T13:00:00;1654;LH;верх;2688,830;2678,330;30,620;6;1
2/2;337;2024-11-25T20:00:00;1661;LL;низ;2615,670;2626,135;73,160;7;1
2/2;338;2024-11-25T22:00:00;1663;LH;верх;2628,830;2610,615;13,160;2;1
2/2;339;2024-11-26T01:00:00;1665;LL;низ;2605,310;2628,250;23,520;2;1
2/2;340;2024-11-26T03:00:00;1667;HH;верх;2632,225;2630,535;26,915;2;2
2/2;341;2024-11-26T09:00:00;1673;HL;низ;2610,860;2626,065;21,365;6;1
2/2;342;2024-11-26T15:00:00;1679;HH;верх;2642,020;2629,555;31,160;6;1
2/2;343;2024-11-26T16:00:00;1680;HL;низ;2616,775;2628,700;25,245;1;2
2/2;344;2024-11-27T01:00:00;1688;LH;верх;2634,210;2631,440;17,435;8;1
2/2;345;2024-11-27T03:00:00;1690;HL;низ;2627,125;2637,870;7,085;2;1
2/2;346;2024-11-27T11:00:00;1698;HH;верх;2653,975;2651,170;26,850;8;1
2/2;347;2024-11-27T13:00:00;1700;HL;низ;2643,075;2656,355;10,900;2;1
2/2;348;2024-11-27T15:00:00;1702;HH;верх;2658,275;2642,775;15,200;2;1
2/2;349;2024-11-27T21:00:00;1708;LL;низ;2633,780;2636,090;24,495;6;1
2/2;350;2024-11-28T02:00:00;1712;LH;верх;2638,530;2628,300;4,750;4;1
2/2;351;2024-11-28T03:00:00;1713;LL;низ;2620,990;2630,330;17,540;1;1
2/2;352;2024-11-28T12:00:00;1722;HH;верх;2649,735;2646,135;28,745;9;2
2/2;353;2024-11-29T03:00:00;1734;HL;низ;2634,090;2660,070;15,645;12;2
2/2;354;2024-11-29T08:00:00;1739;HH;верх;2666,350;2657,340;32,260;5;1
2/2;355;2024-11-29T10:00:00;1741;HL;низ;2654,590;2662,875;11,760;2;1
2/2;356;2024-11-29T12:00:00;1743;LH;верх;2665,930;2660,040;11,340;2;1
2/2;357;2024-11-29T17:00:00;1748;LL;низ;2650,630;2660,690;15,300;5;1
2/2;358;2024-11-29T19:00:00;1750;LH;верх;2662,325;2650,350;11,695;2;1
2/2;359;2024-12-02T07:00:00;1759;LL;низ;2621,980;2629,945;40,345;9;2
2/2;360;2024-12-02T16:00:00;1768;LH;верх;2651,905;2641,430;29,925;9;1
2/2;361;2024-12-02T20:00:00;1772;HL;низ;2633,595;2637,155;18,310;4;1
2/2;362;2024-12-03T03:00:00;1778;LH;верх;2645,320;2640,560;11,725;6;2
2/2;363;2024-12-03T03:00:00;1778;HL;низ;2634,165;2640,560;11,155;0;1
2/2;364;2024-12-03T08:00:00;1783;HH;верх;2650,165;2645,130;16,000;5;1
2/2;365;2024-12-03T10:00:00;1785;HL;низ;2639,305;2642,860;10,860;2;1
2/2;366;2024-12-03T16:00:00;1791;HH;верх;2655,665;2648,430;16,360;6;2
2/2;367;2024-12-03T17:00:00;1792;LL;низ;2635,230;2647,110;20,435;1;1
2/2;368;2024-12-03T20:00:00;1795;LH;верх;2649,225;2642,180;13,995;3;1
2/2;369;2024-12-04T03:00:00;1801;HL;низ;2637,750;2644,550;11,475;6;2
2/2;370;2024-12-04T08:00:00;1806;HH;верх;2651,450;2641,385;13,700;5;1
2/2;371;2024-12-04T15:00:00;1813;LL;низ;2632,465;2655,090;18,985;7;2
2/2;372;2024-12-04T17:00:00;1815;HH;верх;2657,235;2651,510;24,770;2;2
2/2;373;2024-12-05T05:00:00;1826;HL;низ;2644,735;2653,140;12,500;11;2
2/2;374;2024-12-05T07:00:00;1828;LH;верх;2655,635;2648,795;10,900;2;1
2/2;375;2024-12-05T11:00:00;1832;LL;низ;2641,945;2651,460;13,690;4;1
2/2;376;2024-12-05T15:00:00;1836;LH;верх;2654,555;2640,305;12,610;4;1
2/2;377;2024-12-05T20:00:00;1841;LL;низ;2623,615;2631,410;30,940;5;1
2/2;378;2024-12-06T01:00:00;1845;LH;верх;2633,910;2617,650;10,295;4;1
2/2;379;2024-12-06T03:00:00;1847;LL;низ;2613,110;2640,855;20,800;2;1
2/2;380;2024-12-06T11:00:00;1855;HH;верх;2645,730;2638,555;32,620;8;3
2/2;381;2024-12-06T16:00:00;1860;HL;низ;2624,130;2640,515;21,600;5;1
2/2;382;2024-12-06T18:00:00;1862;LH;верх;2641,680;2637,280;17,550;2;1
2/2;383;2024-12-09T02:00:00;1869;HL;низ;2627,575;2646,150;14,105;7;1
2/2;384;2024-12-09T03:00:00;1870;HH;верх;2650,615;2638,885;23,040;1;1
2/2;385;2024-12-09T06:00:00;1873;HL;низ;2634,720;2643,925;15,895;3;2
2/2;386;2024-12-09T17:00:00;1884;HH;верх;2676,480;2664,570;41,760;11;1
2/2;387;2024-12-09T22:00:00;1889;HL;низ;2656,805;2660,600;19,675;5;1
2/2;388;2024-12-10T06:00:00;1896;LH;верх;2673,910;2670,085;17,105;7;1
2/2;389;2024-12-10T10:00:00;1900;HL;низ;2661,245;2675,680;12,665;4;1
2/2;390;2024-12-10T19:00:00;1909;HH;верх;2695,595;2692,000;34,350;9;1
2/2;391;2024-12-10T22:00:00;1912;HL;низ;2690,980;2696,140;4,615;3;1
2/2;392;2024-12-11T04:00:00;1917;HH;верх;2704,445;2684,865;13,465;5;1
2/2;393;2024-12-11T07:00:00;1920;LL;низ;2675,465;2690,290;28,980;3;2
2/2;394;2024-12-11T12:00:00;1925;LH;верх;2699,915;2695,875;24,450;5;1
2/2;395;2024-12-11T15:00:00;1928;HL;низ;2690,765;2713,235;9,150;3;1
2/2;396;2024-12-11T20:00:00;1933;HH;верх;2721,270;2717,305;30,505;5;1
2/2;397;2024-12-11T21:00:00;1934;HL;низ;2713,350;2718,245;7,920;1;1
2/2;398;2024-12-12T03:00:00;1939;HH;верх;2726,295;2710,470;12,945;5;1
2/2;399;2024-12-12T03:00:00;1939;LL;низ;2700,810;2710,470;25,485;0;1
2/2;400;2024-12-12T09:00:00;1945;LH;верх;2720,520;2714,760;19,710;6;1
2/2;401;2024-12-12T17:00:00;1953;LL;низ;2675,165;2686,370;45,355;8;1
2/2;402;2024-12-12T20:00:00;1956;LH;верх;2687,175;2679,775;12,010;3;1
2/2;403;2024-12-13T02:00:00;1961;HL;низ;2679,055;2686,720;8,120;5;2
2/2;404;2024-12-13T03:00:00;1962;HH;верх;2692,865;2688,210;13,810;1;3
2/2;405;2024-12-13T17:00:00;1976;LL;низ;2654,800;2656,365;38,065;14;1
2/2;406;2024-12-13T18:00:00;1977;LH;верх;2664,610;2654,300;9,810;1;1
2/2;407;2024-12-16T02:00:00;1984;LL;низ;2643,595;2652,035;21,015;7;1
2/2;408;2024-12-16T05:00:00;1987;LH;верх;2655,770;2652,940;12,175;3;1
2/2;409;2024-12-16T07:00:00;1989;HL;низ;2649,645;2653,865;6,125;2;1
2/2;410;2024-12-16T14:00:00;1996;HH;верх;2664,475;2654,845;14,830;7;2
2/2;411;2024-12-16T18:00:00;2000;LL;низ;2648,630;2655,345;15,845;4;1
2/2;412;2024-12-16T21:00:00;2003;LH;верх;2655,775;2652,750;7,145;3;1
2/2;413;2024-12-17T02:00:00;2007;HL;низ;2651,235;2654,995;4,540;4;1
2/2;414;2024-12-17T03:00:00;2008;HH;верх;2658,740;2653,670;7,505;1;3
2/2;415;2024-12-17T16:00:00;2021;LL;низ;2633,160;2638,975;25,580;13;1
2/2;416;2024-12-17T20:00:00;2025;LH;верх;2649,085;2643,620;15,925;4;1
2/2;417;2024-12-17T22:00:00;2027;HL;низ;2643,075;2647,555;6,010;2;1
2/2;418;2024-12-18T03:00:00;2031;HH;верх;2651,785;2645,845;8,710;4;1
2/2;419;2024-12-18T06:00:00;2034;LL;низ;2642,815;2646,760;8,970;3;1
2/2;420;2024-12-18T10:00:00;2038;LH;верх;2649,705;2648,540;6,890;4;2
2/2;421;2024-12-18T10:00:00;2038;LL;низ;2642,170;2648,540;7,535;0;1
2/2;422;2024-12-18T13:00:00;2041;LH;верх;2649,530;2644,030;7,360;3;1
2/2;423;2024-12-18T18:00:00;2046;LL;низ;2633,160;2636,670;16,370;5;1
2/2;424;2024-12-18T19:00:00;2047;LH;верх;2640,065;2604,610;6,905;1;1
2/2;425;2024-12-18T23:00:00;2051;LL;низ;2583,915;2595,285;56,150;4;1
2/2;426;2024-12-19T03:00:00;2054;LH;верх;2618,155;2610,515;34,240;3;1
2/2;427;2024-12-19T08:00:00;2059;HL;низ;2603,385;2618,590;14,770;5;1
2/2;428;2024-12-19T12:00:00;2063;HH;верх;2626,440;2606,310;23,055;4;1
2/2;429;2024-12-19T17:00:00;2068;LL;низ;2587,065;2592,745;39,375;5;1
2/2;430;2024-12-19T21:00:00;2072;LH;верх;2601,135;2594,550;14,070;4;1
2/2;431;2024-12-20T03:00:00;2077;HL;низ;2589,665;2598,595;11,470;5;1
2/2;432;2024-12-20T10:00:00;2084;HH;верх;2607,805;2604,275;18,140;7;2
2/2;433;2024-12-20T13:00:00;2087;HL;низ;2600,215;2609,635;7,590;3;1
2/2;434;2024-12-20T18:00:00;2092;HH;верх;2631,920;2626,220;31,705;5;2
2/2;435;2024-12-23T02:00:00;2099;HL;низ;2617,515;2625,895;14,405;7;1
2/2;436;2024-12-23T09:00:00;2106;HH;верх;2633,390;2626,440;15,875;7;2
2/2;437;2024-12-23T13:00:00;2110;LL;низ;2613,120;2617,435;20,270;4;1
2/2;438;2024-12-23T16:00:00;2113;LH;верх;2619,995;2616,130;6,875;3;1
2/2;439;2024-12-23T18:00:00;2115;LL;низ;2608,260;2610,545;11,735;2;1
2/2;440;2024-12-23T19:00:00;2116;LH;верх;2616,810;2611,220;8,550;1;1
2/2;441;2024-12-23T22:00:00;2119;HL;низ;2609,170;2615,650;7,640;3;1
2/2;442;2024-12-24T07:00:00;2127;HH;верх;2621,535;2618,438;12,365;8;1
2/2;443;2024-12-24T17:00:00;2137;HL;низ;2610,105;2617,055;11,430;10;2
2/2;444;2024-12-26T09:00:00;2149;HH;верх;2629,605;2627,480;19,500;12;2
2/2;445;2024-12-26T15:00:00;2155;HL;низ;2621,855;2636,535;7,750;6;2
2/2;446;2024-12-26T17:00:00;2157;HH;верх;2639,175;2629,445;17,320;2;1
2/2;447;2024-12-26T19:00:00;2159;HL;низ;2628,085;2635,045;11,090;2;1
2/2;448;2024-12-26T22:00:00;2162;LH;верх;2636,265;2632,780;8,180;3;1
2/2;449;2024-12-27T04:00:00;2167;HL;низ;2628,990;2633,675;7,275;5;1
2/2;450;2024-12-27T09:00:00;2172;HH;верх;2638,300;2624,120;9,310;5;2
2/2;451;2024-12-27T12:00:00;2175;LL;низ;2623,580;2626,365;14,720;3;1
2/2;452;2024-12-27T14:00:00;2177;LH;верх;2631,650;2615,755;8,070;2;1
2/2;453;2024-12-27T16:00:00;2179;LL;низ;2611,715;2618,025;19,935;2;2
2/2;454;2024-12-30T05:00:00;2191;LH;верх;2628,095;2623,845;16,380;12;1
2/2;455;2024-12-30T10:00:00;2196;LL;низ;2609,375;2610,605;18,720;5;1
2/2;456;2024-12-30T14:00:00;2200;LH;верх;2622,660;2611,550;13,285;4;1
2/2;457;2024-12-30T18:00:00;2204;LL;низ;2596,185;2606,195;26,475;4;1
2/2;458;2024-12-30T22:00:00;2208;LH;верх;2609,585;2606,770;13,400;4;1
2/2;459;2024-12-31T01:00:00;2210;HL;низ;2603,910;2608,910;5,675;2;1
2/2;460;2024-12-31T03:00:00;2212;HH;верх;2611,610;2604,735;7,700;2;1
2/2;461;2024-12-31T07:00:00;2216;LL;низ;2602,760;2613,890;8,850;4;1
2/2;462;2024-12-31T10:00:00;2219;HH;верх;2617,850;2611,870;15,090;3;1
2/2;463;2024-12-31T15:00:00;2224;HL;низ;2605,490;2625,830;12,360;5;1
2/2;464;2024-12-31T19:00:00;2228;HH;верх;2627,625;2623,780;22,135;4;1
2/2;465;2025-01-02T01:00:00;2233;HL;низ;2621,775;2633,045;5,850;5;1
2/2;466;2025-01-02T04:00:00;2236;HH;верх;2636,590;2634,095;14,815;3;1
2/2;467;2025-01-02T06:00:00;2238;HL;низ;2631,180;2634,270;5,410;2;1
2/2;468;2025-01-02T07:00:00;2239;LH;верх;2636,550;2636,060;5,370;1;1
2/2;469;2025-01-02T10:00:00;2242;LL;низ;2631,145;2642,765;5,405;3;2
2/2;470;2025-01-02T19:00:00;2251;HH;верх;2660,605;2654,750;29,460;9;2
2/2;471;2025-01-03T04:00:00;2259;HL;низ;2656,305;2662,940;4,300;8;1
2/2;472;2025-01-03T05:00:00;2260;HH;верх;2665,405;2658,685;9,100;1;1
2/2;473;2025-01-03T10:00:00;2265;LL;низ;2649,950;2657,780;15,455;5;1
2/2;474;2025-01-03T13:00:00;2268;LH;верх;2659,345;2649,875;9,395;3;1
2/2;475;2025-01-03T18:00:00;2273;LL;низ;2639,140;2641,985;20,205;5;1
2/2;476;2025-01-03T21:00:00;2276;LH;верх;2643,040;2639,725;3,900;3;1
2/2;477;2025-01-03T23:00:00;2278;LL;низ;2636,705;2643,300;6,335;2;1
2/2;478;2025-01-06T03:00:00;2281;HH;верх;2647,490;2640,280;10,785;3;1
2/2;479;2025-01-06T09:00:00;2287;LL;низ;2625,260;2632,805;22,230;6;1
2/2;480;2025-01-06T13:00:00;2291;HH;верх;2649,520;2624,380;24,260;4;1
2/2;481;2025-01-06T16:00:00;2294;LL;низ;2614,635;2640,815;34,885;3;1
2/2;482;2025-01-06T18:00:00;2296;LH;верх;2641,305;2634,645;26,670;2;1
2/2;483;2025-01-06T21:00:00;2299;HL;низ;2632,990;2636,105;8,315;3;1
2/2;484;2025-01-06T23:00:00;2301;LH;верх;2637,115;2635,100;4,125;2;1
2/2;485;2025-01-07T02:00:00;2303;HL;низ;2633,000;2638,645;4,115;2;1
2/2;486;2025-01-07T03:00:00;2304;HH;верх;2641,230;2639,650;8,230;1;1
2/2;487;2025-01-07T07:00:00;2308;HL;низ;2637,175;2640,650;4,055;4;1
2/2;488;2025-01-07T15:00:00;2316;HH;верх;2664,330;2647,780;27,155;8;2
2/2;489;2025-01-07T17:00:00;2318;HL;низ;2642,050;2652,650;22,280;2;2
2/2;490;2025-01-08T02:00:00;2326;LH;верх;2651,570;2648,915;9,520;8;1
2/2;491;2025-01-08T06:00:00;2330;HL;низ;2645,370;2652,265;6,200;4;1
2/2;492;2025-01-08T12:00:00;2336;HH;верх;2655,240;2652,115;9,870;6;1
2/2;493;2025-01-08T14:00:00;2338;HL;низ;2645,895;2661,545;9,345;2;1
2/2;494;2025-01-08T18:00:00;2342;HH;верх;2670,150;2653,365;24,255;4;1
2/2;495;2025-01-08T19:00:00;2343;HL;низ;2649,495;2658,420;20,655;1;1
2/2;496;2025-01-08T22:00:00;2346;LH;верх;2664,115;2662,650;14,620;3;2
2/2;497;2025-01-09T06:00:00;2353;HL;низ;2655,635;2666,830;8,480;7;1
2/2;498;2025-01-09T15:00:00;2362;HH;верх;2678,405;2668,435;22,770;9;2
2/2;499;2025-01-09T19:00:00;2366;HL;низ;2662,810;2670,260;15,595;4;1
2/2;500;2025-01-09T20:00:00;2367;LH;верх;2672,610;2669,605;9,800;1;1
2/2;501;2025-01-10T15:00:00;2385;HL;низ;2664,075;2692,745;8,535;18;3
2/2;502;2025-01-10T17:00:00;2387;HH;верх;2697,950;2696,130;33,875;2;1
2/2;503;2025-01-10T21:00:00;2391;HL;низ;2684,615;2689,375;13,335;4;1
2/2;504;2025-01-13T02:00:00;2395;LH;верх;2693,555;2688,725;8,940;4;1
2/2;505;2025-01-13T03:00:00;2396;LL;низ;2679,315;2688,055;14,240;1;2
2/2;506;2025-01-13T08:00:00;2401;LH;верх;2691,325;2687,115;12,010;5;1
2/2;507;2025-01-13T21:00:00;2414;LL;низ;2656,835;2663,210;34,490;13;1
2/2;508;2025-01-14T07:00:00;2423;LH;верх;2675,365;2669,235;18,530;9;3
2/2;509;2025-01-14T16:00:00;2432;HL;низ;2659,890;2671,680;15,475;9;1
2/2;510;2025-01-14T18:00:00;2434;LH;верх;2674,070;2672,440;14,180;2;1
2/2;511;2025-01-14T20:00:00;2436;HL;низ;2666,725;2676,515;7,345;2;1
2/2;512;2025-01-14T23:00:00;2439;HH;верх;2678,395;2672,785;11,670;3;1
2/2;513;2025-01-15T04:00:00;2443;HL;низ;2669,365;2675,610;9,030;4;1
2/2;514;2025-01-15T16:00:00;2455;HH;верх;2696,045;2689,385;26,680;12;2
2/2;515;2025-01-15T17:00:00;2456;HL;низ;2676,755;2692,810;19,290;1;2
2/2;516;2025-01-16T03:00:00;2465;HH;верх;2702,260;2697,238;25,505;9;1
2/2;517;2025-01-16T08:00:00;2470;HL;низ;2690,050;2699,000;12,210;5;2
2/2;518;2025-01-16T19:00:00;2481;HH;верх;2724,785;2715,270;34,735;11;1
2/2;519;2025-01-17T03:00:00;2488;HL;низ;2709,965;2715,495;14,820;7;1
2/2;520;2025-01-17T05:00:00;2490;LH;верх;2717,430;2711,610;7,465;2;1
2/2;521;2025-01-17T16:00:00;2501;LL;низ;2702,745;2716,080;14,685;11;2
2/2;522;2025-01-17T18:00:00;2503;LH;верх;2717,395;2705,625;14,650;2;1
2/2;523;2025-01-20T03:00:00;2511;LL;низ;2689,375;2703,505;28,020;8;1
2/2;524;2025-01-20T08:00:00;2516;LH;верх;2713,885;2707,060;24,510;5;1
2/2;525;2025-01-20T09:00:00;2517;HL;низ;2702,885;2706,135;11,000;1;1
2/2;526;2025-01-20T13:00:00;2521;LH;верх;2712,550;2705,270;9,665;4;1
2/2;527;2025-01-20T15:00:00;2523;LL;низ;2701,765;2707,135;10,785;2;1
2/2;528;2025-01-20T16:00:00;2524;LH;верх;2712,255;2707,745;10,490;1;1
2/2;529;2025-01-21T02:00:00;2531;HL;низ;2702,815;2724,835;9,440;7;2
2/2;530;2025-01-21T09:00:00;2538;HH;верх;2733,060;2721,275;30,245;7;1
2/2;531;2025-01-21T13:00:00;2542;HL;низ;2716,615;2726,355;16,445;4;1
2/2;532;2025-01-22T07:00:00;2559;HH;верх;2758,670;2748,725;42,055;17;2
2/2;533;2025-01-22T08:00:00;2560;HL;низ;2745,635;2753,350;13,035;1;1
2/2;534;2025-01-22T12:00:00;2564;HH;верх;2763,435;2758,400;17,800;4;2
2/2;535;2025-01-23T05:00:00;2580;HL;низ;2749,625;2752,165;13,810;16;2
2/2;536;2025-01-23T08:00:00;2583;LH;верх;2755,660;2752,800;6,035;3;1
2/2;537;2025-01-23T11:00:00;2586;LL;низ;2740,860;2751,880;14,800;3;1
2/2;538;2025-01-23T13:00:00;2588;LH;верх;2754,545;2741,705;13,685;2;1
2/2;539;2025-01-23T15:00:00;2590;LL;низ;2735,960;2746,480;18,585;2;1
2/2;540;2025-01-23T19:00:00;2594;HH;верх;2758,970;2754,200;23,010;4;1
2/2;541;2025-01-23T22:00:00;2597;HL;низ;2751,415;2754,665;7,555;3;1
2/2;542;2025-01-24T08:00:00;2606;HH;верх;2778,455;2774,120;27,040;9;2
2/2;543;2025-01-24T10:00:00;2608;HL;низ;2770,180;2775,880;8,275;2;1
2/2;544;2025-01-24T17:00:00;2615;HH;верх;2786,060;2773,390;15,880;7;1
2/2;545;2025-01-24T18:00:00;2616;LL;низ;2769,955;2773,525;16,105;1;1
2/2;546;2025-01-27T03:00:00;2624;LH;верх;2772,745;2761,245;2,790;8;1
2/2;547;2025-01-27T09:00:00;2630;LL;низ;2747,420;2763,445;25,325;6;2
2/2;548;2025-01-27T13:00:00;2634;LH;верх;2772,105;2757,250;24,685;4;1
2/2;549;2025-01-27T19:00:00;2640;LL;низ;2730,560;2739,390;41,545;6;1
2/2;550;2025-01-28T01:00:00;2645;LH;верх;2745,360;2741,580;14,800;5;1
2/2;551;2025-01-28T05:00:00;2649;HL;низ;2737,970;2741,735;7,390;4;1
2/2;552;2025-01-28T07:00:00;2651;LH;верх;2745,050;2739,095;7,080;2;1
2/2;553;2025-01-28T10:00:00;2654;LL;низ;2734,815;2743,360;10,235;3;1
2/2;554;2025-01-28T22:00:00;2666;HH;верх;2765,090;2762,790;30,275;12;1
2/2;555;2025-01-29T02:00:00;2669;HL;низ;2762,300;2764,285;2,790;3;1
2/2;556;2025-01-29T03:00:00;2670;HH;верх;2766,265;2762,790;3,965;1;1
2/2;557;2025-01-29T09:00:00;2676;LL;низ;2757,460;2762,760;8,805;6;1
2/2;558;2025-01-29T10:00:00;2677;LH;верх;2766,180;2758,230;8,720;1;2
2/2;559;2025-01-29T21:00:00;2688;LL;низ;2744,755;2760,090;21,425;11;2
2/2;560;2025-01-30T02:00:00;2692;LH;верх;2762,745;2760,490;17,990;4;1
2/2;561;2025-01-30T07:00:00;2697;HL;низ;2758,860;2769,215;3,885;5;1
2/2;562;2025-01-30T18:00:00;2708;HH;верх;2798,605;2795,105;39,745;11;1
2/2;563;2025-01-30T23:00:00;2713;HL;низ;2788,485;2795,980;10,120;5;1
2/2;564;2025-01-31T09:00:00;2722;HH;верх;2801,010;2793,735;12,525;9;3
2/2;565;2025-01-31T12:00:00;2725;HL;низ;2791,070;2805,535;9,940;3;1
2/2;566;2025-01-31T17:00:00;2730;HH;верх;2817,215;2808,695;26,145;5;2
2/2;567;2025-02-03T05:00:00;2741;LL;низ;2772,215;2783,215;45,000;11;1
2/2;568;2025-02-03T16:00:00;2752;HH;верх;2830,755;2814,260;58,540;11;2
2/2;569;2025-02-03T23:00:00;2759;HL;низ;2812,278;2817,330;18,477;7;1
2/2;570;2025-02-04T04:00:00;2763;LH;верх;2824,650;2819,145;12,372;4;1
2/2;571;2025-02-04T09:00:00;2768;LL;низ;2807,275;2820,565;17,375;5;1
2/2;572;2025-02-04T17:00:00;2776;HH;верх;2845,470;2844,115;38,195;8;3
2/2;573;2025-02-05T03:00:00;2785;HL;низ;2839,740;2852,405;5,730;9;1
2/2;574;2025-02-05T12:00:00;2794;HH;верх;2877,085;2870,355;37,345;9;1
2/2;575;2025-02-05T15:00:00;2797;HL;низ;2858,645;2880,195;18,440;3;1
2/2;576;2025-02-05T17:00:00;2799;HH;верх;2882,310;2873,140;23,665;2;1
2/2;577;2025-02-05T22:00:00;2804;HL;низ;2859,975;2869,370;22,335;5;2
2/2;578;2025-02-06T04:00:00;2809;LH;верх;2873,340;2868,600;13,365;5;1
2/2;579;2025-02-06T10:00:00;2815;LL;низ;2848,970;2859,315;24,370;6;1
2/2;580;2025-02-06T14:00:00;2819;LH;верх;2870,395;2842,005;21,425;4;1
2/2;581;2025-02-06T17:00:00;2822;LL;низ;2834,270;2852,390;36,125;3;1
2/2;582;2025-02-07T05:00:00;2833;HH;верх;2870,565;2862,305;36,295;11;1
2/2;583;2025-02-07T08:00:00;2836;HL;низ;2859,030;2866,420;11,535;3;1
2/2;584;2025-02-07T11:00:00;2839;HH;верх;2870,735;2867,785;11,705;3;1
2/2;585;2025-02-07T15:00:00;2843;LL;низ;2852,595;2880,575;18,140;4;1
2/2;586;2025-02-07T17:00:00;2845;HH;верх;2886,855;2860,050;34,260;2;1
2/2;587;2025-02-07T19:00:00;2847;HL;низ;2853,435;2860,390;33,420;2;1
2/2;588;2025-02-10T03:00:00;2854;LH;верх;2876,740;2875,515;23,305;7;1
2/2;589;2025-02-10T16:00:00;2867;HL;низ;2896,385;2901,055;19,645;13;1
2/2;590;2025-02-10T17:00:00;2868;HH;верх;2911,965;2903,265;15,580;1;1
2/2;591;2025-02-10T19:00:00;2870;HL;низ;2896,690;2904,405;15,275;2;1
2/2;592;2025-02-11T04:00:00;2878;HH;верх;2942,780;2916,400;46,090;8;1
2/2;593;2025-02-11T04:00:00;2878;HL;низ;2905,940;2916,400;36,840;0;1
2/2;594;2025-02-11T08:00:00;2882;LH;верх;2929,540;2907,470;23,600;4;1
2/2;595;2025-02-11T15:00:00;2889;LL;низ;2881,560;2904,895;47,980;7;1
2/2;596;2025-02-11T18:00:00;2892;LH;верх;2908,675;2905,945;27,115;3;1
2/2;597;2025-02-11T22:00:00;2896;HL;низ;2894,160;2898,690;14,515;4;1
2/2;598;2025-02-12T01:00:00;2898;LH;верх;2900,790;2893,270;6,630;2;1
2/2;599;2025-02-12T03:00:00;2900;LL;низ;2883,695;2888,995;17,095;2;2
2/2;600;2025-02-12T09:00:00;2906;LH;верх;2895,850;2886,855;12,155;6;1
2/2;601;2025-02-12T15:00:00;2912;LL;низ;2864,330;2894,785;31,520;6;1
2/2;602;2025-02-12T19:00:00;2916;HH;верх;2909,265;2897,930;44,935;4;1
2/2;603;2025-02-12T21:00:00;2918;HL;низ;2893,645;2903,960;15,620;2;1
2/2;604;2025-02-13T07:00:00;2927;HH;верх;2922,880;2914,630;29,235;9;2
2/2;605;2025-02-13T10:00:00;2930;HL;низ;2909,500;2917,995;13,380;3;1
2/2;606;2025-02-13T14:00:00;2934;LH;верх;2921,435;2915,140;11,935;4;1
2/2;607;2025-02-13T15:00:00;2935;LL;низ;2905,885;2920,290;15,550;1;1
2/2;608;2025-02-14T03:00:00;2946;HH;верх;2933,920;2924,500;28,035;11;2
2/2;609;2025-02-14T05:00:00;2948;HL;низ;2923,335;2931,020;10,585;2;1
2/2;610;2025-02-14T12:00:00;2955;HH;верх;2939,980;2930,900;16,645;7;1
2/2;611;2025-02-14T22:00:00;2965;LL;низ;2877,025;2879,445;62,955;10;1
2/2;612;2025-02-17T07:00:00;2973;LH;верх;2905,355;2902,575;28,330;8;1
2/2;613;2025-02-17T08:00:00;2974;HL;низ;2888,190;2900,295;17,165;1;1
2/2;614;2025-02-17T11:00:00;2977;HH;верх;2906,525;2901,095;18,335;3;1
2/2;615;2025-02-17T14:00:00;2980;HL;низ;2895,450;2903,080;11,075;3;1
2/2;616;2025-02-17T17:00:00;2983;LH;верх;2904,185;2898,535;8,735;3;1
2/2;617;2025-02-18T03:00:00;2990;LL;низ;2892,070;2909,085;12,115;7;2
2/2;618;2025-02-18T07:00:00;2994;HH;верх;2915,760;2911,600;23,690;4;1
2/2;619;2025-02-18T12:00:00;2999;HL;низ;2907,190;2918,185;8,570;5;1
2/2;620;2025-02-19T03:00:00;3013;HH;верх;2939,740;2928,955;32,550;14;2
2/2;621;2025-02-19T04:00:00;3014;HL;низ;2924,210;2929,335;15,530;1;1
2/2;622;2025-02-19T12:00:00;3022;HH;верх;2947,080;2933,520;22,870;8;1
2/2;623;2025-02-19T20:00:00;3030;LL;низ;2918,640;2935,950;28,440;8;2
2/2;624;2025-02-20T11:00:00;3044;HH;верх;2954,955;2948,785;36,315;14;1
2/2;625;2025-02-20T16:00:00;3049;HL;низ;2924,035;2943,115;30,920;5;1
2/2;626;2025-02-20T19:00:00;3052;LH;верх;2947,090;2938,065;23,055;3;1
2/2;627;2025-02-20T21:00:00;3054;HL;низ;2933,555;2939,385;13,535;2;1
2/2;628;2025-02-21T03:00:00;3059;HH;верх;2949,930;2931,165;16,375;5;1
2/2;629;2025-02-21T10:00:00;3066;LL;низ;2916,820;2930,700;33,110;7;3
2/2;630;2025-02-21T16:00:00;3072;LH;верх;2939,170;2936,775;22,350;6;2
2/2;631;2025-02-21T17:00:00;3073;HL;низ;2921,610;2939,805;17,560;1;1
2/2;632;2025-02-21T20:00:00;3076;HH;верх;2942,880;2934,700;21,270;3;2
2/2;633;2025-02-24T03:00:00;3082;LL;низ;2921,475;2941,205;21,405;6;1
2/2;634;2025-02-24T05:00:00;3084;HH;верх;2944,760;2936,270;23,285;2;1
2/2;635;2025-02-24T08:00:00;3087;HL;низ;2935,265;2946,480;9,495;3;1
2/2;636;2025-02-24T10:00:00;3089;HH;верх;2948,880;2938,335;13,615;2;1
2/2;637;2025-02-24T12:00:00;3091;LL;низ;2935,020;2946,685;13,860;2;1
2/2;638;2025-02-24T16:00:00;3095;HH;верх;2956,310;2943,515;21,290;4;1
2/2;639;2025-02-24T17:00:00;3096;LL;низ;2930,810;2943,325;25,500;1;1
2/2;640;2025-02-25T01:00:00;3103;LH;верх;2953,425;2949,550;22,615;7;1
2/2;641;2025-02-25T10:00:00;3112;LL;низ;2929,640;2937,475;23,785;9;1
2/2;642;2025-02-25T11:00:00;3113;LH;верх;2942,415;2938,745;12,775;1;1
2/2;643;2025-02-25T14:00:00;3116;LL;низ;2923,980;2932,790;18,435;3;1
2/2;644;2025-02-25T16:00:00;3118;HH;верх;2944,930;2896,445;20,950;2;1
2/2;645;2025-02-25T18:00:00;3120;LL;низ;2888,180;2909,480;56,750;2;1
2/2;646;2025-02-26T03:00:00;3128;LH;верх;2930,180;2917,260;42,000;8;1
2/2;647;2025-02-26T09:00:00;3134;HL;низ;2905,905;2913,140;24,275;6;1
2/2;648;2025-02-26T11:00:00;3136;LH;верх;2919,140;2913,930;13,235;2;1
2/2;649;2025-02-26T16:00:00;3141;LL;низ;2890,865;2913,150;28,275;5;1
2/2;650;2025-02-26T18:00:00;3143;LH;верх;2916,835;2914,970;25,970;2;1
2/2;651;2025-02-26T22:00:00;3147;HL;низ;2912,100;2919,410;4,735;4;1
2/2;652;2025-02-27T01:00:00;3149;HH;верх;2920,815;2912,680;8,715;2;1
2/2;653;2025-02-27T11:00:00;3159;LL;низ;2877,170;2884,105;43,645;10;1
2/2;654;2025-02-27T12:00:00;3160;LH;верх;2895,185;2885,200;18,015;1;2
2/2;655;2025-02-27T16:00:00;3164;LL;низ;2867,795;2877,610;27,390;4;1
2/2;656;2025-02-27T21:00:00;3169;LH;верх;2887,745;2877,195;19,950;5;1
2/2;657;2025-02-27T23:00:00;3171;HL;низ;2871,285;2877,030;16,460;2;1
2/2;658;2025-02-28T03:00:00;3174;LH;верх;2885,240;2865,830;13,955;3;1
2/2;659;2025-02-28T10:00:00;3181;LL;низ;2851,115;2862,905;34,125;7;2
2/2;660;2025-02-28T14:00:00;3185;LH;верх;2865,025;2834,095;13,910;4;1
2/2;661;2025-02-28T17:00:00;3188;LL;низ;2832,720;2845,200;32,305;3;1
2/2;662;2025-02-28T18:00:00;3189;LH;верх;2854,035;2845,350;21,315;1;1
2/2;663;2025-02-28T20:00:00;3191;HL;низ;2838,135;2854,760;15,900;2;1
2/2;664;2025-03-03T01:00:00;3195;HH;верх;2876,850;2870,970;38,715;4;1
2/2;665;2025-03-03T10:00:00;3204;HL;низ;2859,000;2871,935;17,850;9;3
2/2;666;2025-03-03T18:00:00;3212;HH;верх;2893,200;2890,000;34,200;8;1
2/2;667;2025-03-03T22:00:00;3216;HL;низ;2878,435;2890,895;14,765;4;1
2/2;668;2025-03-03T23:00:00;3217;HH;верх;2895,210;2891,945;16,775;1;1
2/2;669;2025-03-04T03:00:00;3220;HL;низ;2881,980;2888,655;13,230;3;2
2/2;670;2025-03-04T15:00:00;3232;HH;верх;2927,910;2906,145;45,930;12;1
2/2;671;2025-03-04T17:00:00;3234;HL;низ;2900,390;2911,670;27,520;2;1
2/2;672;2025-03-04T22:00:00;3239;LH;верх;2920,610;2914,390;20,220;5;1
2/2;673;2025-03-05T04:00:00;3244;HL;низ;2902,040;2910,605;18,570;5;1
2/2;674;2025-03-05T11:00:00;3251;HH;верх;2922,675;2913,265;20,635;7;1
2/2;675;2025-03-05T12:00:00;3252;HL;низ;2909,100;2916,290;13,575;1;1
2/2;676;2025-03-05T14:00:00;3254;LH;верх;2919,390;2912,005;10,290;2;1
2/2;677;2025-03-05T15:00:00;3255;LL;низ;2894,350;2917,260;25,040;1;1
2/2;678;2025-03-05T18:00:00;3258;HH;верх;2929,980;2917,505;35,630;3;1
2/2;679;2025-03-05T20:00:00;3260;HL;низ;2911,880;2922,220;18,100;2;1
2/2;680;2025-03-05T22:00:00;3262;LH;верх;2923,110;2918,315;11,230;2;1
2/2;681;2025-03-06T03:00:00;3266;HL;низ;2916,010;2921,270;7,100;4;1
2/2;682;2025-03-06T04:00:00;3267;HH;верх;2926,720;2917,540;10,710;1;2
2/2;683;2025-03-06T11:00:00;3274;LL;низ;2891,150;2905,890;35,570;7;1
2/2;684;2025-03-06T17:00:00;3280;LH;верх;2922,850;2915,570;31,700;6;1
2/2;685;2025-03-07T02:00:00;3288;HL;низ;2896,910;2908,200;25,940;8;1
2/2;686;2025-03-07T11:00:00;3297;HH;верх;2923,180;2918,850;26,270;9;1
2/2;687;2025-03-07T16:00:00;3302;HL;низ;2903,830;2914,170;19,350;5;1
2/2;688;2025-03-07T17:00:00;3303;HH;верх;2930,540;2908,325;26,710;1;1
2/2;689;2025-03-07T20:00:00;3306;LL;низ;2902,065;2909,765;28,475;3;1
2/2;690;2025-03-10T03:00:00;3313;LH;верх;2918,385;2911,045;16,320;7;2
2/2;691;2025-03-10T13:00:00;3323;LL;низ;2895,700;2903,790;22,685;10;1
2/2;692;2025-03-10T17:00:00;3327;LH;верх;2910,635;2886,135;14,935;4;1
2/2;693;2025-03-11T03:00:00;3336;LL;низ;2880,250;2896,915;30,385;9;2
2/2;694;2025-03-11T04:00:00;3337;LH;верх;2900,515;2897,770;20,265;1;1
2/2;695;2025-03-11T07:00:00;3340;HL;низ;2892,815;2901,110;7,700;3;1
2/2;696;2025-03-11T15:00:00;3348;HH;верх;2922,225;2916,850;29,410;8;1
2/2;697;2025-03-11T15:00:00;3348;HL;низ;2906,890;2916,850;15,335;0;1
2/2;698;2025-03-11T21:00:00;3354;LH;верх;2921,400;2917,720;14,510;6;2
2/2;699;2025-03-12T03:00:00;3359;HL;низ;2910,900;2915,035;10,500;5;1
2/2;700;2025-03-12T05:00:00;3361;LH;верх;2920,110;2916,035;9,210;2;1
2/2;701;2025-03-12T09:00:00;3365;LL;низ;2909,095;2914,730;11,015;4;1
2/2;702;2025-03-12T11:00:00;3367;HH;верх;2925,390;2915,390;16,295;2;2
2/2;703;2025-03-12T15:00:00;3371;LL;низ;2906,110;2928,460;19,280;4;1
2/2;704;2025-03-12T19:00:00;3375;HH;верх;2940,690;2931,405;34,580;4;1
2/2;705;2025-03-12T22:00:00;3378;HL;низ;2930,965;2938,195;9,725;3;1
2/2;706;2025-03-13T05:00:00;3384;HH;верх;2947,195;2940,140;16,230;6;1
2/2;707;2025-03-13T09:00:00;3388;HL;низ;2932,980;2947,835;14,215;4;1
2/2;708;2025-03-13T11:00:00;3390;HH;верх;2948,930;2946,395;15,950;2;1
2/2;709;2025-03-13T15:00:00;3394;HL;низ;2939,090;2977,900;9,840;4;1
2/2;710;2025-03-14T00:00:00;3402;HH;верх;2990,055;2986,760;50,965;8;2
2/2;711;2025-03-14T03:00:00;3405;HL;низ;2981,715;2992,700;8,340;3;1
2/2;712;2025-03-14T06:00:00;3408;HH;верх;2994,000;2985,745;12,285;3;1
2/2;713;2025-03-14T09:00:00;3411;LL;низ;2980,915;2998,795;13,085;3;1
2/2;714;2025-03-14T12:00:00;3414;HH;верх;3005,040;2993,955;24,125;3;1
2/2;715;2025-03-14T17:00:00;3419;LL;низ;2978,505;2986,625;26,535;5;1
2/2;716;2025-03-14T19:00:00;3421;LH;верх;2990,510;2984,010;12,005;2;1
2/2;717;2025-03-14T22:00:00;3424;HL;низ;2981,850;2990,125;8,660;3;1
2/2;718;2025-03-17T01:00:00;3426;HH;верх;2994,235;2990,890;12,385;2;1
2/2;719;2025-03-17T07:00:00;3432;HL;низ;2982,340;2985,545;11,895;6;1
2/2;720;2025-03-17T08:00:00;3433;LH;верх;2990,830;2988,515;8,490;1;1
2/2;721;2025-03-17T10:00:00;3435;HL;низ;2983,175;2999,030;7,655;2;1
2/2;722;2025-03-17T13:00:00;3438;HH;верх;3001,190;2988,430;18,015;3;1
2/2;723;2025-03-17T14:00:00;3439;HL;низ;2984,930;2998,720;16,260;1;1
2/2;724;2025-03-17T16:00:00;3441;LH;верх;3000,550;2994,570;15,620;2;1
2/2;725;2025-03-18T03:00:00;3451;HL;низ;2999,460;3011,515;1,090;10;2
2/2;726;2025-03-18T15:00:00;3463;HH;верх;3038,350;3031,800;38,890;12;1
2/2;727;2025-03-18T16:00:00;3464;HL;низ;3024,805;3036,140;13,545;1;1
2/2;728;2025-03-18T21:00:00;3469;LH;верх;3038,065;3034,505;13,260;5;2
2/2;729;2025-03-19T03:00:00;3474;HL;низ;3027,450;3036,335;10,615;5;1
2/2;730;2025-03-19T07:00:00;3478;HH;верх;3045,410;3035,945;17,960;4;1
2/2;731;2025-03-19T11:00:00;3482;LL;низ;3022,885;3038,990;22,525;4;1
2/2;732;2025-03-19T14:00:00;3485;LH;верх;3041,100;3027,670;18,215;3;1
2/2;733;2025-03-19T16:00:00;3487;HL;низ;3025,960;3033,135;15,140;2;1
2/2;734;2025-03-20T03:00:00;3497;HH;верх;3056,230;3050,005;30,270;10;2
2/2;735;2025-03-20T04:00:00;3498;HL;низ;3045,080;3052,420;11,150;1;1
2/2;736;2025-03-20T06:00:00;3500;HH;верх;3057,590;3049,025;12,510;2;1
2/2;737;2025-03-20T12:00:00;3506;LL;низ;3025,730;3040,925;31,860;6;1
2/2;738;2025-03-21T02:00:00;3519;LH;верх;3047,550;3034,750;21,820;13;3
2/2;739;2025-03-21T07:00:00;3524;LL;низ;3021,845;3032,100;25,705;5;1
2/2;740;2025-03-21T10:00:00;3527;LH;верх;3034,910;3030,955;13,065;3;1
2/2;741;2025-03-21T10:00:00;3527;HL;низ;3027,160;3030,955;7,750;0;1
2/2;742;2025-03-21T14:00:00;3531;HH;верх;3038,195;3015,765;11,035;4;1
2/2;743;2025-03-21T16:00:00;3533;LL;низ;2999,465;3015,250;38,730;2;1
2/2;744;2025-03-24T01:00:00;3541;LH;верх;3026,410;3020,965;26,945;8;1
2/2;745;2025-03-24T04:00:00;3544;HL;низ;3013,755;3019,520;12,655;3;1
2/2;746;2025-03-24T12:00:00;3552;HH;верх;3033,340;3024,205;19,585;8;1
2/2;747;2025-03-24T20:00:00;3560;LL;низ;3002,495;3012,150;30,845;8;2
2/2;748;2025-03-25T02:00:00;3565;LH;верх;3014,985;3009,140;12,490;5;2
2/2;749;2025-03-25T04:00:00;3567;HL;низ;3007,540;3015,315;7,445;2;1
2/2;750;2025-03-25T07:00:00;3570;HH;верх;3021,135;3011,225;13,595;3;1
2/2;751;2025-03-25T09:00:00;3572;HL;низ;3010,595;3023,365;10,540;2;2
2/2;752;2025-03-25T16:00:00;3579;HH;верх;3036,070;3023,280;25,475;7;1
2/2;753;2025-03-25T21:00:00;3584;HL;низ;3017,835;3021,425;18,235;5;2
2/2;754;2025-03-26T00:00:00;3586;LH;верх;3022,470;3018,195;4,635;2;1
2/2;755;2025-03-26T03:00:00;3589;LL;низ;3016,440;3017,635;6,030;3;1
2/2;756;2025-03-26T04:00:00;3590;HH;верх;3027,170;3015,275;10,730;1;1
2/2;757;2025-03-26T07:00:00;3593;LL;низ;3013,320;3030,575;13,850;3;1
2/2;758;2025-03-26T10:00:00;3596;HH;верх;3032,165;3023,410;18,845;3;1
2/2;759;2025-03-26T12:00:00;3598;HL;низ;3017,075;3027,190;15,090;2;1
2/2;760;2025-03-26T13:00:00;3599;LH;верх;3030,450;3016,715;13,375;1;1
2/2;761;2025-03-26T17:00:00;3603;LL;низ;3012,330;3018,780;18,120;4;1
2/2;762;2025-03-27T06:00:00;3615;HH;верх;3038,695;3030,025;26,365;12;1
2/2;763;2025-03-27T08:00:00;3617;HL;низ;3026,765;3036,175;11,930;2;2
2/2;764;2025-03-27T16:00:00;3625;HH;верх;3059,755;3048,430;32,990;8;1
2/2;765;2025-03-27T19:00:00;3628;HL;низ;3047,870;3057,535;11,885;3;1
2/2;766;2025-03-27T21:00:00;3630;LH;верх;3057,955;3055,105;10,085;2;1
2/2;767;2025-03-28T01:00:00;3633;HL;низ;3054,235;3073,940;3,720;3;1
2/2;768;2025-03-28T09:00:00;3641;HH;верх;3086,090;3072,925;31,855;8;2
2/2;769;2025-03-28T10:00:00;3642;HL;низ;3066,145;3074,405;19,945;1;1
2/2;770;2025-03-28T16:00:00;3648;HH;верх;3086,965;3083,985;20,820;6;1
2/2;771;2025-03-28T17:00:00;3649;HL;низ;3067,430;3077,425;19,535;1;2
2/2;772;2025-03-31T01:00:00;3655;HH;верх;3097,978;3079,125;30,548;6;1
2/2;773;2025-03-31T04:00:00;3658;HL;низ;3076,805;3107,185;21,173;3;1
2/2;774;2025-03-31T09:00:00;3663;HH;верх;3128,135;3122,260;51,330;5;1
2/2;775;2025-03-31T12:00:00;3666;HL;низ;3111,930;3119,620;16,205;3;1
2/2;776;2025-03-31T15:00:00;3669;LH;верх;3126,770;3123,325;14,840;3;1
2/2;777;2025-03-31T16:00:00;3670;LL;низ;3099,710;3113,795;27,060;1;1
2/2;778;2025-03-31T18:00:00;3672;HH;верх;3127,300;3117,935;27,590;2;1
2/2;779;2025-04-01T02:00:00;3679;HL;низ;3120,125;3135,485;7,175;7;1
2/2;780;2025-04-01T08:00:00;3685;HH;верх;3149,090;3127,605;28,965;6;1
2/2;781;2025-04-01T10:00:00;3687;HL;низ;3124,105;3132,355;24,985;2;1
2/2;782;2025-04-01T13:00:00;3690;LH;верх;3139,070;3133,495;14,965;3;2
2/2;783;2025-04-01T19:00:00;3696;LL;низ;3100,870;3114,170;38,200;6;1
2/2;784;2025-04-01T23:00:00;3700;LH;верх;3120,780;3115,325;19,910;4;1
2/2;785;2025-04-02T01:00:00;3701;HL;низ;3107,830;3123,015;12,950;1;1
2/2;786;2025-04-02T05:00:00;3705;HH;верх;3135,805;3116,130;27,975;4;1
2/2;787;2025-04-02T08:00:00;3708;LL;низ;3106,705;3125,345;29,100;3;1
2/2;788;2025-04-02T11:00:00;3711;LH;верх;3133,950;3114,595;27,245;3;1
2/2;789;2025-04-02T13:00:00;3713;HL;низ;3110,205;3122,500;23,745;2;1
2/2;790;2025-04-02T19:00:00;3719;HH;верх;3134,370;3121,905;24,165;6;2
2/2;791;2025-04-02T23:00:00;3723;LL;низ;3104,790;3162,725;29,580;4;1
2/2;792;2025-04-03T02:00:00;3725;HH;верх;3167,835;3153,535;63,045;2;1
2/2;793;2025-04-03T16:00:00;3739;LL;низ;3054,190;3110,655;113,645;14;2
2/2;794;2025-04-03T17:00:00;3740;LH;верх;3135,665;3107,575;81,475;1;1
2/2;795;2025-04-03T20:00:00;3743;HL;низ;3100,055;3107,550;35,610;3;1
2/2;796;2025-04-03T23:00:00;3746;LH;верх;3120,150;3113,025;20,095;3;1
2/2;797;2025-04-04T06:00:00;3752;LL;низ;3087,090;3108,980;33,060;6;1
2/2;798;2025-04-04T09:00:00;3755;LH;верх;3110,075;3084,205;22,985;3;1
2/2;799;2025-04-04T11:00:00;3757;LL;низ;3078,515;3110,310;31,560;2;1
2/2;800;2025-04-04T14:00:00;3760;HH;верх;3136,775;3061,935;58,260;3;1
2/2;801;2025-04-04T20:00:00;3766;LL;низ;3015,650;3036,515;121,125;6;1
2/2;802;2025-04-04T23:00:00;3769;LH;верх;3041,095;2999,815;25,445;3;1
2/2;803;2025-04-07T03:00:00;3772;LL;низ;2970,215;3025,905;70,880;3;1
2/2;804;2025-04-07T04:00:00;3773;HH;верх;3057,305;3019,030;87,090;1;2
2/2;805;2025-04-07T10:00:00;3779;HL;низ;3013,360;3025,340;43,945;6;1
2/2;806;2025-04-07T14:00:00;3783;LH;верх;3046,235;3015,520;32,875;4;2
2/2;807;2025-04-07T20:00:00;3789;LL;низ;2956,565;2976,760;89,670;6;1
2/2;808;2025-04-08T05:00:00;3797;LH;верх;3004,960;3002,250;48,395;8;1
2/2;809;2025-04-08T07:00:00;3799;HL;низ;2990,940;3013,285;14,020;2;1
2/2;810;2025-04-08T09:00:00;3801;HH;верх;3016,105;3007,565;25,165;2;1
2/2;811;2025-04-08T12:00:00;3804;HL;низ;2994,900;3017,545;21,205;3;2
2/2;812;2025-04-08T16:00:00;3808;HH;верх;3022,760;3001,590;27,860;4;1
2/2;813;2025-04-09T02:00:00;3817;LL;низ;2969,970;3008,895;52,790;9;3
2/2;814;2025-04-09T10:00:00;3825;HH;верх;3052,465;3045,005;82,495;8;1
2/2;815;2025-04-09T14:00:00;3829;HL;низ;3036,080;3075,325;16,385;4;2
2/2;816;2025-04-09T22:00:00;3837;HH;верх;3099,770;3080,235;63,690;8;1
2/2;817;2025-04-10T04:00:00;3842;HL;низ;3078,550;3125,500;21,220;5;1
2/2;818;2025-04-10T08:00:00;3846;HH;верх;3132,630;3108,755;54,080;4;1
2/2;819;2025-04-10T12:00:00;3850;HL;низ;3103,320;3124,805;29,310;4;1
2/2;820;2025-04-10T18:00:00;3856;HH;верх;3175,085;3162,925;71,765;6;1
2/2;821;2025-04-10T20:00:00;3858;HL;низ;3151,660;3170,920;23,425;2;1
2/2;822;2025-04-11T06:00:00;3867;HH;верх;3220,100;3196,005;68,440;9;1
2/2;823;2025-04-11T08:00:00;3869;HL;низ;3187,265;3212,405;32,835;2;1
2/2;824;2025-04-11T19:00:00;3880;HH;верх;3245,485;3235,725;58,220;11;3
2/2;825;2025-04-11T19:00:00;3880;HL;низ;3219,815;3235,725;25,670;0;1
2/2;826;2025-04-11T23:00:00;3884;LH;верх;3238,820;3223,935;19,005;4;1
2/2;827;2025-04-14T01:00:00;3885;LL;низ;3213,355;3220,885;25,465;1;2
2/2;828;2025-04-14T05:00:00;3889;HH;верх;3245,845;3227,480;32,490;4;1
2/2;829;2025-04-14T08:00:00;3892;HL;низ;3221,435;3228,040;24,410;3;1
2/2;830;2025-04-14T09:00:00;3893;LH;верх;3238,250;3227,090;16,815;1;2
2/2;831;2025-04-14T16:00:00;3900;LL;низ;3193,630;3198,150;44,620;7;1
2/2;832;2025-04-14T20:00:00;3904;LH;верх;3216,485;3212,790;22,855;4;1
2/2;833;2025-04-15T04:00:00;3911;HL;низ;3210,065;3228,555;6,420;7;1
2/2;834;2025-04-15T07:00:00;3914;HH;верх;3232,755;3225,310;22,690;3;1
2/2;835;2025-04-15T10:00:00;3917;HL;низ;3217,375;3222,635;15,380;3;1
2/2;836;2025-04-15T11:00:00;3918;LH;верх;3232,240;3220,260;14,865;1;1
2/2;837;2025-04-15T16:00:00;3923;LL;низ;3211,660;3221,365;20,580;5;1
2/2;838;2025-04-16T11:00:00;3941;HH;верх;3317,920;3304,225;106,260;18;2
2/2;839;2025-04-16T14:00:00;3944;HL;низ;3293,075;3311,645;24,845;3;1
2/2;840;2025-04-17T01:00:00;3954;HH;верх;3357,775;3345,600;64,700;10;2
2/2;841;2025-04-17T04:00:00;3957;HL;низ;3320,855;3344,620;36,920;3;1
2/2;842;2025-04-17T08:00:00;3961;LH;верх;3345,590;3323,555;24,735;4;1
2/2;843;2025-04-17T11:00:00;3964;LL;низ;3312,755;3327,695;32,835;3;1
2/2;844;2025-04-17T15:00:00;3968;LH;верх;3342,735;3291,465;29,980;4;1
2/2;845;2025-04-17T17:00:00;3970;LL;низ;3283,955;3316,295;58,780;2;1
2/2;846;2025-04-17T20:00:00;3973;LH;верх;3322,685;3320,825;38,730;3;1
2/2;847;2025-04-17T22:00:00;3975;HL;низ;3311,060;3345,985;11,625;2;3
2/2;848;2025-04-21T17:00:00;3993;HH;верх;3430,350;3414,625;119,290;18;1
2/2;849;2025-04-21T20:00:00;3996;HL;низ;3406,070;3423,640;24,280;3;2
2/2;850;2025-04-22T09:00:00;4008;HH;верх;3500,200;3444,285;94,130;12;1
2/2;851;2025-04-23T01:00:00;4023;LL;низ;3315,340;3368,110;184,860;15;4
2/2;852;2025-04-23T04:00:00;4026;LH;верх;3386,770;3339,045;71,430;3;1
2/2;853;2025-04-23T09:00:00;4031;LL;низ;3291,735;3321,710;95,035;5;1
2/2;854;2025-04-23T12:00:00;4034;LH;верх;3340,600;3324,700;48,865;3;1
2/2;855;2025-04-23T17:00:00;4039;LL;низ;3260,190;3295,080;80,410;5;1
2/2;856;2025-04-24T04:00:00;4049;HH;верх;3367,685;3327,060;107,495;10;2
2/2;857;2025-04-24T09:00:00;4054;HL;низ;3314,800;3336,130;52,885;5;1
2/2;858;2025-04-24T15:00:00;4060;LH;верх;3344,785;3327,550;29,985;6;1
2/2;859;2025-04-24T17:00:00;4062;LL;низ;3306,755;3331,725;38,030;2;1
2/2;860;2025-04-25T01:00:00;4069;HH;верх;3370,475;3358,005;63,720;7;1
2/2;861;2025-04-25T16:00:00;4084;LL;низ;3265,135;3283,110;105,340;15;2
2/2;862;2025-04-28T01:00:00;4092;LH;верх;3330,605;3314,075;65,470;8;1
2/2;863;2025-04-28T05:00:00;4096;HL;низ;3268,110;3299,185;62,495;4;1
2/2;864;2025-04-28T08:00:00;4099;LH;верх;3301,165;3287,380;33,055;3;1
2/2;865;2025-04-28T13:00:00;4104;HL;низ;3273,335;3296,225;27,830;5;1
2/2;866;2025-04-28T22:00:00;4113;HH;верх;3353,200;3338,025;79,865;9;1
2/2;867;2025-04-29T08:00:00;4122;HL;низ;3305,140;3323,070;48,060;9;1
2/2;868;2025-04-29T11:00:00;4125;LH;верх;3325,005;3313,005;19,865;3;2
2/2;869;2025-04-29T17:00:00;4131;LL;низ;3299,675;3328,870;25,330;6;1
2/2;870;2025-04-29T19:00:00;4133;HH;верх;3330,065;3319,970;30,390;2;2
2/2;871;2025-04-30T07:00:00;4144;HL;низ;3301,385;3305,955;28,680;11;1
2/2;872;2025-04-30T08:00:00;4145;LH;верх;3314,820;3307,240;13,435;1;1
2/2;873;2025-04-30T15:00:00;4152;LL;низ;3266,910;3309,960;47,910;7;1
2/2;874;2025-04-30T16:00:00;4153;HH;верх;3319,800;3308,105;52,890;1;1
2/2;875;2025-05-01T07:00:00;4167;LL;низ;3221,320;3235,835;98,480;14;1
2/2;876;2025-05-01T09:00:00;4169;LH;верх;3243,280;3235,180;21,960;2;1
2/2;877;2025-05-01T15:00:00;4175;LL;низ;3201,955;3219,095;41,325;6;1
2/2;878;2025-05-01T16:00:00;4176;LH;верх;3233,370;3216,515;31,415;1;1
2/2;879;2025-05-01T18:00:00;4178;HL;низ;3205,095;3214,490;28,275;2;2
2/2;880;2025-05-02T06:00:00;4189;HH;верх;3258,795;3251,975;53,700;11;1
2/2;881;2025-05-02T09:00:00;4192;HL;низ;3246,420;3258,260;12,375;3;1
2/2;882;2025-05-02T14:00:00;4197;HH;верх;3269,300;3250,560;22,880;5;1
2/2;883;2025-05-02T19:00:00;4202;LL;низ;3222,755;3226,515;46,545;5;1
2/2;884;2025-05-05T17:00:00;4223;HH;верх;3328,850;3309,875;106,095;21;2
2/2;885;2025-05-05T19:00:00;4225;HL;низ;3305,640;3323,415;23,210;2;1
2/2;886;2025-05-05T22:00:00;4228;HH;верх;3337,670;3330,805;32,030;3;1
2/2;887;2025-05-06T03:00:00;4232;HL;низ;3322,755;3358,425;14,915;4;1
2/2;888;2025-05-06T05:00:00;4234;HH;верх;3387,015;3363,180;64,260;2;1
2/2;889;2025-05-06T08:00:00;4237;HL;низ;3350,260;3371,160;36,755;3;2
2/2;890;2025-05-06T23:00:00;4252;HH;верх;3435,055;3400,870;84,795;15;1
2/2;891;2025-05-07T04:00:00;4256;HL;низ;3360,200;3375,545;74,855;4;1
2/2;892;2025-05-07T10:00:00;4262;LH;верх;3397,445;3369,950;37,245;6;1
2/2;893;2025-05-07T13:00:00;4265;HL;низ;3369,305;3390,920;28,140;3;1
2/2;894;2025-05-07T16:00:00;4268;HH;верх;3398,145;3385,230;28,840;3;1
2/2;895;2025-05-07T17:00:00;4269;HL;низ;3375,800;3386,925;22,345;1;1
2/2;896;2025-05-07T21:00:00;4273;LH;верх;3398,020;3364,355;22,220;4;1
2/2;897;2025-05-07T22:00:00;4274;LL;низ;3363,735;3370,080;34,285;1;1
2/2;898;2025-05-08T05:00:00;4280;HH;верх;3414,790;3382,225;51,055;6;1
2/2;899;2025-05-08T09:00:00;4284;LL;низ;3320,380;3339,420;94,410;4;2
2/2;900;2025-05-08T16:00:00;4291;LH;верх;3369,600;3330,385;49,220;7;1
2/2;901;2025-05-08T22:00:00;4297;LL;низ;3288,805;3323,925;80,795;6;1
2/2;902;2025-05-09T02:00:00;4300;LH;верх;3324,095;3291,310;35,290;3;1
2/2;903;2025-05-09T05:00:00;4303;LL;низ;3274,810;3324,645;49,285;3;1
2/2;904;2025-05-09T10:00:00;4308;HH;верх;3332,350;3325,110;57,540;5;1
2/2;905;2025-05-09T17:00:00;4315;HL;низ;3320,395;3336,825;11,955;7;1
2/2;906;2025-05-09T19:00:00;4317;HH;верх;3347,625;3338,785;27,230;2;1
2/2;907;2025-05-12T04:00:00;4325;LL;низ;3258,850;3283,445;88,775;8;1
2/2;908;2025-05-12T06:00:00;4327;LH;верх;3284,785;3276,140;25,935;2;1
2/2;909;2025-05-12T13:00:00;4334;LL;низ;3207,790;3233,685;76,995;7;1
2/2;910;2025-05-12T16:00:00;4337;LH;верх;3248,700;3239,305;40,910;3;1
2/2;911;2025-05-12T21:00:00;4342;HL;низ;3220,325;3235,075;28,375;5;1
2/2;912;2025-05-13T04:00:00;4348;LH;верх;3243,430;3236,750;23,105;6;2
2/2;913;2025-05-13T04:00:00;4348;LL;низ;3215,855;3236,750;27,575;0;1
2/2;914;2025-05-13T09:00:00;4353;HH;верх;3265,785;3255,515;49,930;5;2
2/2;915;2025-05-13T17:00:00;4361;HL;низ;3225,505;3251,095;40,280;8;1
2/2;916;2025-05-13T19:00:00;4363;LH;верх;3258,000;3248,775;32,495;2;2
2/2;917;2025-05-14T08:00:00;4375;LL;низ;3221,565;3238,085;36,435;12;1
2/2;918;2025-05-14T11:00:00;4378;LH;верх;3243,960;3235,725;22,395;3;2
2/2;919;2025-05-14T22:00:00;4389;LL;низ;3168,065;3182,775;75,895;11;2
2/2;920;2025-05-15T04:00:00;4394;LH;верх;3192,830;3150,665;24,765;5;1
2/2;921;2025-05-15T09:00:00;4399;LL;низ;3120,765;3162,600;72,065;5;1
2/2;922;2025-05-16T01:00:00;4414;HH;верх;3252,255;3243,175;131,490;15;1
2/2;923;2025-05-16T06:00:00;4419;HL;низ;3206,600;3218,695;45,655;5;1
2/2;924;2025-05-16T09:00:00;4422;LH;верх;3231,335;3207,525;24,735;3;1
2/2;925;2025-05-16T14:00:00;4427;LL;низ;3154,300;3180,730;77,035;5;1
2/2;926;2025-05-19T03:00:00;4439;HH;верх;3249,850;3228,615;95,550;12;1
2/2;927;2025-05-19T07:00:00;4443;HL;низ;3206,725;3224,290;43,125;4;1
2/2;928;2025-05-19T14:00:00;4450;LH;верх;3248,590;3230,080;41,865;7;1
2/2;929;2025-05-19T17:00:00;4453;HL;низ;3217,290;3231,920;31,300;3;2
2/2;930;2025-05-19T22:00:00;4458;LH;верх;3235,970;3226,950;18,680;5;2
2/2;931;2025-05-20T06:00:00;4465;LL;низ;3204,670;3213,880;31,300;7;3
2/2;932;2025-05-21T04:00:00;4486;HH;верх;3314,820;3307,560;110,150;21;2
2/2;933;2025-05-21T04:00:00;4486;HL;низ;3285,340;3307,560;29,480;0;2
2/2;934;2025-05-21T09:00:00;4491;HH;верх;3320,845;3308,495;35,505;5;1
2/2;935;2025-05-21T11:00:00;4493;HL;низ;3303,975;3311,820;16,870;2;1
2/2;936;2025-05-21T13:00:00;4495;LH;верх;3318,395;3302,790;14,420;2;1
2/2;937;2025-05-21T15:00:00;4497;LL;низ;3290,725;3304,485;27,670;2;1
2/2;938;2025-05-22T06:00:00;4511;HH;верх;3345,470;3332,335;54,745;14;2
2/2;939;2025-05-22T14:00:00;4519;LL;низ;3283,075;3287,770;62,395;8;1
2/2;940;2025-05-22T16:00:00;4521;LH;верх;3315,910;3294,995;32,835;2;1
2/2;941;2025-05-22T17:00:00;4522;LL;низ;3279,235;3301,665;36,675;1;1
2/2;942;2025-05-22T19:00:00;4524;LH;верх;3304,945;3293,865;25,710;2;1
2/2;943;2025-05-22T22:00:00;4527;HL;низ;3289,110;3297,850;15,835;3;1
2/2;944;2025-05-23T03:00:00;4531;HH;верх;3309,010;3296,925;19,900;4;1
2/2;945;2025-05-23T03:00:00;4531;LL;низ;3287,075;3296,925;21,935;0;1
2/2;946;2025-05-23T10:00:00;4538;HH;верх;3334,465;3328,775;47,390;7;1
2/2;947;2025-05-23T11:00:00;4539;HL;низ;3322,660;3328,675;11,805;1;1
2/2;948;2025-05-23T16:00:00;4544;HH;верх;3364,820;3361,695;42,160;5;1
2/2;949;2025-05-23T17:00:00;4545;HL;низ;3336,635;3359,130;28,185;1;1
2/2;950;2025-05-23T20:00:00;4548;HH;верх;3366,015;3360,795;29,380;3;1
2/2;951;2025-05-26T03:00:00;4554;LL;низ;3331,445;3348,135;34,570;6;1
2/2;952;2025-05-26T05:00:00;4556;LH;верх;3356,995;3349,965;25,550;2;2
2/2;953;2025-05-26T12:00:00;4563;LL;низ;3323,500;3333,135;33,495;7;2
2/2;954;2025-05-27T03:00:00;4575;LH;верх;3350,095;3342,950;26,595;12;2
2/2;955;2025-05-27T14:00:00;4586;LL;низ;3287,785;3295,345;62,310;11;3
2/2;956;2025-05-27T16:00:00;4588;LH;верх;3305,035;3293,660;17,250;2;1
2/2;957;2025-05-27T17:00:00;4589;LL;низ;3285,250;3297,915;19,785;1;1
2/2;958;2025-05-27T22:00:00;4594;HH;верх;3308,005;3303,275;22,755;5;1
2/2;959;2025-05-28T02:00:00;4597;HL;низ;3297,298;3301,880;10,707;3;1
2/2;960;2025-05-28T03:00:00;4598;HH;верх;3315,885;3302,570;18,587;1;1
2/2;961;2025-05-28T06:00:00;4601;LL;низ;3291,705;3307,275;24,180;3;1
2/2;962;2025-05-28T12:00:00;4607;HH;верх;3325,695;3311,260;33,990;6;2
2/2;963;2025-05-28T19:00:00;4614;LL;низ;3288,710;3302,275;36,985;7;1
2/2;964;2025-05-28T22:00:00;4617;LH;верх;3303,140;3286,580;14,430;3;1
2/2;965;2025-05-29T04:00:00;4622;LL;низ;3245,560;3274,600;57,580;5;1
2/2;966;2025-05-29T06:00:00;4624;LH;верх;3280,220;3272,625;34,660;2;1
2/2;967;2025-05-29T08:00:00;4626;HL;низ;3266,080;3286,485;14,140;2;1
2/2;968;2025-05-29T19:00:00;4637;HH;верх;3331,470;3321,360;65,390;11;4
2/2;969;2025-05-30T10:00:00;4651;HL;низ;3287,435;3295,635;44,035;14;1
2/2;970;2025-05-30T16:00:00;4657;LH;верх;3308,380;3288,705;20,945;6;1
2/2;971;2025-05-30T17:00:00;4658;LL;низ;3271,460;3293,365;36,920;1;1
2/2;972;2025-05-30T19:00:00;4660;LH;верх;3295,880;3293,925;24,420;2;1
2/2;973;2025-05-30T23:00:00;4664;HL;низ;3288,795;3310,220;7,085;4;1
2/2;974;2025-06-02T02:00:00;4666;HH;верх;3316,745;3303,660;27,950;2;1
2/2;975;2025-06-02T04:00:00;4668;HL;низ;3301,415;3308,800;15,330;2;1
2/2;976;2025-06-03T02:00:00;4689;HH;верх;3392,305;3372,800;90,890;21;2
2/2;977;2025-06-03T09:00:00;4696;HL;низ;3351,110;3361,215;41,195;7;1
2/2;978;2025-06-03T16:00:00;4703;LH;верх;3363,250;3350,425;12,140;7;1
2/2;979;2025-06-03T17:00:00;4704;LL;низ;3333,170;3348,495;30,080;1;2
2/2;980;2025-06-04T05:00:00;4715;HH;верх;3372,715;3354,955;39,545;11;1
2/2;981;2025-06-04T08:00:00;4718;HL;низ;3348,110;3354,725;24,605;3;1
2/2;982;2025-06-04T10:00:00;4720;LH;верх;3365,320;3363,025;17,210;2;1
2/2;983;2025-06-04T14:00:00;4724;LL;низ;3343,815;3352,740;21,505;4;1
2/2;984;2025-06-04T17:00:00;4727;HH;верх;3384,760;3375,115;40,945;3;2
2/2;985;2025-06-04T23:00:00;4733;HL;низ;3370,675;3378,200;14,085;6;1
2/2;986;2025-06-05T04:00:00;4737;LH;верх;3384,285;3369,785;13,610;4;1
2/2;987;2025-06-05T08:00:00;4741;LL;низ;3361,220;3371,335;23,065;4;1
2/2;988;2025-06-05T14:00:00;4747;HH;верх;3403,625;3378,235;42,405;6;1
2/2;989;2025-06-05T18:00:00;4751;LL;низ;3339,350;3354,030;64,275;4;2
2/2;990;2025-06-06T08:00:00;4764;LH;верх;3375,705;3359,560;36,355;13;1
2/2;991;2025-06-06T10:00:00;4766;HL;низ;3352,785;3356,845;22,920;2;1
2/2;992;2025-06-06T11:00:00;4767;LH;верх;3367,770;3360,635;14,985;1;1
2/2;993;2025-06-06T23:00:00;4779;LL;низ;3307,195;3318,150;60,575;12;2
2/2;994;2025-06-09T01:00:00;4780;LH;верх;3321,270;3305,475;14,075;1;1
2/2;995;2025-06-09T05:00:00;4784;LL;низ;3293,500;3311,795;27,770;4;1
2/2;996;2025-06-09T10:00:00;4789;HH;верх;3328,515;3318,730;35,015;5;1
2/2;997;2025-06-09T16:00:00;4795;HL;низ;3310,795;3328,685;17,720;6;2
2/2;998;2025-06-09T20:00:00;4799;HH;верх;3338,295;3327,270;27,500;4;1
2/2;999;2025-06-10T05:00:00;4807;LL;низ;3302,015;3307,385;36,280;8;1
2/2;1000;2025-06-10T16:00:00;4818;HH;верх;3349,280;3326,760;47,265;11;1
2/2;1001;2025-06-10T21:00:00;4823;HL;низ;3319,535;3322,610;29,745;5;1
2/2;1002;2025-06-10T22:00:00;4824;LH;верх;3334,665;3324,590;15,130;1;1
2/2;1003;2025-06-11T02:00:00;4827;LL;низ;3315,590;3328,575;19,075;3;2
2/2;1004;2025-06-11T10:00:00;4835;HH;верх;3348,570;3333,865;32,980;8;1
2/2;1005;2025-06-11T14:00:00;4839;HL;низ;3326,175;3330,000;22,395;4;1
2/2;1006;2025-06-11T15:00:00;4840;HH;верх;3360,790;3337,635;34,615;1;1
2/2;1007;2025-06-11T20:00:00;4845;LL;низ;3319,380;3346,835;41,410;5;1
2/2;1008;2025-06-12T05:00:00;4853;HH;верх;3377,895;3370,470;58,515;8;1
2/2;1009;2025-06-12T10:00:00;4858;HL;низ;3338,590;3365,450;39,305;5;1
2/2;1010;2025-06-12T16:00:00;4864;HH;верх;3399,050;3385,870;60,460;6;1
2/2;1011;2025-06-12T18:00:00;4866;HL;низ;3377,885;3382,635;21,165;2;1
2/2;1012;2025-06-12T22:00:00;4870;LH;верх;3389,505;3383,570;11,620;4;1
2/2;1013;2025-06-13T01:00:00;4872;HL;низ;3379,535;3415,350;9,970;2;1
2/2;1014;2025-06-13T06:00:00;4877;HH;верх;3444,495;3426,255;64,960;5;1
2/2;1015;2025-06-13T10:00:00;4881;HL;низ;3407,925;3424,410;36,570;4;2
2/2;1016;2025-06-13T16:00:00;4887;HH;верх;3446,880;3426,305;38,955;6;1
2/2;1017;2025-06-13T19:00:00;4890;HL;низ;3419,215;3436,610;27,665;3;1
2/2;1018;2025-06-16T01:00:00;4895;HH;верх;3451,525;3436,430;32,310;5;2
2/2;1019;2025-06-16T10:00:00;4904;LL;низ;3409,580;3412,080;41,945;9;1
2/2;1020;2025-06-16T14:00:00;4908;LH;верх;3422,785;3388,340;13,205;4;1
2/2;1021;2025-06-16T16:00:00;4910;LL;низ;3382,540;3404,625;40,245;2;2
2/2;1022;2025-06-17T03:00:00;4920;LH;верх;3403,430;3390,130;20,890;10;1
2/2;1023;2025-06-17T06:00:00;4923;LL;низ;3373,670;3392,640;29,760;3;2
2/2;1024;2025-06-17T14:00:00;4931;LH;верх;3400,200;3390,680;26,530;8;1
2/2;1025;2025-06-17T17:00:00;4934;LL;низ;3366,115;3382,965;34,085;3;1
2/2;1026;2025-06-18T01:00:00;4941;LH;верх;3395,975;3385,800;29,860;7;2
2/2;1027;2025-06-18T05:00:00;4945;HL;низ;3370,645;3395,125;25,330;4;1
2/2;1028;2025-06-18T07:00:00;4947;HH;верх;3400,110;3382,515;29,465;2;2
2/2;1029;2025-06-18T12:00:00;4952;HL;низ;3375,575;3382,185;24,535;5;1
2/2;1030;2025-06-18T16:00:00;4956;LH;верх;3396,945;3392,825;21,370;4;1
2/2;1031;2025-06-18T17:00:00;4957;LL;низ;3373,825;3391,060;23,120;1;1
2/2;1032;2025-06-18T21:00:00;4961;LH;верх;3395,925;3369,300;22,100;4;1
2/2;1033;2025-06-18T23:00:00;4963;LL;низ;3362,605;3375,130;33,320;2;1
2/2;1034;2025-06-19T04:00:00;4967;LH;верх;3388,175;3373,690;25,570;4;1
2/2;1035;2025-06-19T09:00:00;4972;LL;низ;3347,530;3368,745;40,645;5;1
2/2;1036;2025-06-19T13:00:00;4976;LH;верх;3379,180;3368,005;31,650;4;1
2/2;1037;2025-06-19T16:00:00;4979;HL;низ;3361,525;3369,290;17,655;3;1
2/2;1038;2025-06-19T20:00:00;4983;LH;верх;3375,625;3365,815;14,100;4;1
2/2;1039;2025-06-20T09:00:00;4993;LL;низ;3340,415;3351,150;35,210;10;2
2/2;1040;2025-06-20T12:00:00;4996;LH;верх;3359,270;3347,160;18,855;3;1
2/2;1041;2025-06-20T15:00:00;4999;HL;низ;3341,900;3369,330;17,370;3;1
2/2;1042;2025-06-20T17:00:00;5001;HH;верх;3374,630;3371,510;32,730;2;1
2/2;1043;2025-06-20T21:00:00;5005;HL;низ;3364,685;3368,750;9,945;4;1
2/2;1044;2025-06-23T01:00:00;5008;HH;верх;3389,220;3365,770;24,535;3;1
2/2;1045;2025-06-23T08:00:00;5015;LL;низ;3347,035;3357,660;42,185;7;3
2/2;1046;2025-06-23T19:00:00;5026;HH;верх;3393,640;3378,660;46,605;11;1
2/2;1047;2025-06-24T03:00:00;5033;LL;низ;3333,280;3352,035;60,360;7;2
2/2;1048;2025-06-24T06:00:00;5036;LH;верх;3357,955;3332,120;24,675;3;1
2/2;1049;2025-06-24T09:00:00;5039;LL;низ;3316,075;3327,435;41,880;3;1
2/2;1050;2025-06-24T14:00:00;5044;LH;верх;3329,035;3302,120;12,960;5;1
2/2;1051;2025-06-24T16:00:00;5046;LL;низ;3295,315;3313,340;33,720;2;1
2/2;1052;2025-06-25T05:00:00;5058;HH;верх;3335,335;3327,520;40,020;12;2
2/2;1053;2025-06-25T07:00:00;5060;HL;низ;3325,870;3331,815;9,465;2;1
2/2;1054;2025-06-25T10:00:00;5063;HH;верх;3337,205;3325,350;11,335;3;1
2/2;1055;2025-06-25T16:00:00;5069;LL;низ;3312,055;3325,690;25,150;6;2
2/2;1056;2025-06-26T02:00:00;5078;HH;верх;3340,325;3330,230;28,270;9;2
2/2;1057;2025-06-26T04:00:00;5080;HL;низ;3329,300;3338,060;11,025;2;1
2/2;1058;2025-06-26T06:00:00;5082;HH;верх;3343,255;3334,240;13,955;2;1
2/2;1059;2025-06-26T09:00:00;5085;HL;низ;3331,025;3348,200;12,230;3;1
2/2;1060;2025-06-26T11:00:00;5087;HH;верх;3350,415;3343,335;19,390;2;1
2/2;1061;2025-06-26T16:00:00;5092;LL;низ;3309,990;3324,920;40,425;5;1
2/2;1062;2025-06-26T20:00:00;5096;LH;верх;3336,550;3331,340;26,560;4;1
2/2;1063;2025-06-27T16:00:00;5115;LL;низ;3255,850;3274,680;80,700;19;1
2/2;1064;2025-06-27T20:00:00;5119;LH;верх;3282,940;3270,615;27,090;4;1
2/2;1065;2025-06-30T01:00:00;5123;LL;низ;3244,415;3264,570;38,525;4;2
2/2;1066;2025-06-30T10:00:00;5132;HH;верх;3296,830;3287,935;52,415;9;1
2/2;1067;2025-06-30T14:00:00;5136;HL;низ;3274,625;3284,915;22,205;4;1
2/2;1068;2025-07-01T15:00:00;5160;HH;верх;3358,085;3345,880;83,460;24;1
2/2;1069;2025-07-01T18:00:00;5163;HL;низ;3337,045;3339,820;21,040;3;1
2/2;1070;2025-07-02T03:00:00;5171;LH;верх;3345,045;3336,785;8,000;8;1
2/2;1071;2025-07-02T05:00:00;5173;LL;низ;3328,615;3340,170;16,430;2;1
2/2;1072;2025-07-02T08:00:00;5176;LH;верх;3344,015;3334,745;15,400;3;1
2/2;1073;2025-07-02T10:00:00;5178;LL;низ;3327,655;3341,755;16,360;2;1
2/2;1074;2025-07-02T15:00:00;5183;HH;верх;3351,245;3343,040;23,590;5;1
2/2;1075;2025-07-02T17:00:00;5185;HL;низ;3333,965;3348,675;17,280;2;1
2/2;1076;2025-07-03T01:00:00;5192;HH;верх;3365,920;3344,795;31,955;7;1
2/2;1077;2025-07-03T04:00:00;5195;HL;низ;3342,015;3347,600;23,905;3;1
2/2;1078;2025-07-03T09:00:00;5200;LH;верх;3363,755;3356,240;21,740;5;1
2/2;1079;2025-07-03T15:00:00;5206;LL;низ;3311,625;3324,665;52,130;6;1
2/2;1080;2025-07-03T20:00:00;5211;LH;верх;3334,890;3328,890;23,265;5;1
2/2;1081;2025-07-04T01:00:00;5215;HL;низ;3323,660;3329,090;11,230;4;2
2/2;1082;2025-07-04T09:00:00;5223;HH;верх;3345,175;3342,895;21,515;8;2
2/2;1083;2025-07-04T18:00:00;5232;HL;низ;3330,870;3333,495;14,305;9;1
2/2;1084;2025-07-07T01:00:00;5234;LH;верх;3342,075;3326,595;11,205;2;1
2/2;1085;2025-07-07T07:00:00;5240;LL;низ;3305,245;3310,020;36,830;6;1
2/2;1086;2025-07-07T09:00:00;5242;LH;верх;3315,290;3310,250;10,045;2;1
2/2;1087;2025-07-07T13:00:00;5246;LL;низ;3296,280;3309,575;19,010;4;2
2/2;1088;2025-07-08T01:00:00;5257;HH;верх;3345,955;3334,285;49,675;11;2
2/2;1089;2025-07-08T07:00:00;5263;HL;низ;3327,405;3335,835;18,550;6;1
2/2;1090;2025-07-08T10:00:00;5266;LH;верх;3339,590;3322,095;12,185;3;2
2/2;1091;2025-07-08T18:00:00;5274;LL;низ;3287,110;3306,510;52,480;8;1
2/2;1092;2025-07-08T20:00:00;5276;LH;верх;3310,525;3303,000;23,415;2;1
2/2;1093;2025-07-09T02:00:00;5281;HL;низ;3297,290;3301,890;13,235;5;1
2/2;1094;2025-07-09T03:00:00;5282;LH;верх;3308,145;3288,630;10,855;1;1
2/2;1095;2025-07-09T06:00:00;5285;LL;низ;3284,980;3289,495;23,165;3;1
2/2;1096;2025-07-09T08:00:00;5287;LH;верх;3297,885;3291,940;12,905;2;1
2/2;1097;2025-07-09T11:00:00;5290;LL;низ;3282,665;3295,555;15,220;3;2
2/2;1098;2025-07-10T04:00:00;5306;HH;верх;3326,390;3315,765;43,725;16;1
2/2;1099;2025-07-10T07:00:00;5309;HL;низ;3314,840;3325,395;11,550;3;2
2/2;1100;2025-07-10T12:00:00;5314;HH;верх;3330,360;3320,540;15,520;5;1
2/2;1101;2025-07-10T17:00:00;5319;LL;низ;3310,175;3315,170;20,185;5;1
2/2;1102;2025-07-11T09:00:00;5334;HH;верх;3344,130;3333,170;33,955;15;2
2/2;1103;2025-07-11T10:00:00;5335;HL;низ;3331,245;3339,495;12,885;1;1
2/2;1104;2025-07-11T18:00:00;5343;HH;верх;3368,860;3353,455;37,615;8;1
2/2;1105;2025-07-11T20:00:00;5345;HL;низ;3349,255;3356,405;19,605;2;1
2/2;1106;2025-07-14T02:00:00;5350;HH;верх;3374,255;3358,590;25,000;5;1
2/2;1107;2025-07-14T08:00:00;5356;HL;низ;3353,675;3372,130;20,580;6;2
2/2;1108;2025-07-14T10:00:00;5358;HH;верх;3375,085;3370,330;21,410;2;2
2/2;1109;2025-07-14T17:00:00;5365;LL;низ;3341,090;3347,830;33,995;7;1
2/2;1110;2025-07-14T20:00:00;5368;LH;верх;3351,770;3344,305;10,680;3;1
2/2;1111;2025-07-14T23:00:00;5371;HL;низ;3341,395;3345,340;10,375;3;1
2/2;1112;2025-07-15T08:00:00;5379;HH;верх;3365,295;3364,400;23,900;8;1
2/2;1113;2025-07-15T11:00:00;5382;HL;низ;3356,600;3361,560;8,695;3;1
2/2;1114;2025-07-15T13:00:00;5384;HH;верх;3366,425;3348,915;9,825;2;1
2/2;1115;2025-07-15T19:00:00;5390;LL;низ;3320,305;3328,870;46,120;6;1
2/2;1116;2025-07-15T21:00:00;5392;LH;верх;3331,990;3325,005;11,685;2;1
2/2;1117;2025-07-15T23:00:00;5394;HL;низ;3324,935;3331,100;7,055;2;2
2/2;1118;2025-07-16T12:00:00;5406;HH;верх;3343,080;3339,435;18,145;12;1
2/2;1119;2025-07-16T17:00:00;5411;LL;низ;3319,695;3349,170;23,385;5;1
2/2;1120;2025-07-16T18:00:00;5412;HH;верх;3377,655;3354,800;57,960;1;2
2/2;1121;2025-07-16T22:00:00;5416;HL;низ;3346,070;3349,695;31,585;4;1
2/2;1122;2025-07-17T01:00:00;5418;LH;верх;3352,280;3340,895;6,210;2;1
2/2;1123;2025-07-17T15:00:00;5432;LL;низ;3309,790;3334,235;42,490;14;1
2/2;1124;2025-07-18T05:00:00;5445;LH;верх;3344,325;3337,185;34,535;13;3
2/2;1125;2025-07-18T09:00:00;5449;HL;низ;3331,885;3347,635;12,440;4;1
2/2;1126;2025-07-18T15:00:00;5455;HH;верх;3361,330;3354,750;29,445;6;1
2/2;1127;2025-07-21T01:00:00;5464;HL;низ;3344,905;3352,310;16,425;9;2
2/2;1128;2025-07-21T04:00:00;5467;LH;верх;3358,665;3351,295;13,760;3;1
2/2;1129;2025-07-21T07:00:00;5470;HL;низ;3350,700;3368,355;7,965;3;1
2/2;1130;2025-07-21T09:00:00;5472;HH;верх;3370,820;3366,065;20,120;2;1
2/2;1131;2025-07-21T12:00:00;5475;HL;низ;3362,845;3375,455;7,975;3;1
2/2;1132;2025-07-21T17:00:00;5480;HH;верх;3401,645;3395,655;38,800;5;1
2/2;1133;2025-07-21T20:00:00;5483;HL;низ;3391,375;3398,872;10,270;3;1
2/2;1134;2025-07-22T02:00:00;5488;HH;верх;3402,860;3386,015;11,485;5;1
2/2;1135;2025-07-22T10:00:00;5496;LL;низ;3383,420;3386,165;19,440;8;2
2/2;1136;2025-07-23T03:00:00;5512;HH;верх;3439,035;3423,165;55,615;16;2
2/2;1137;2025-07-23T08:00:00;5517;HL;низ;3416,445;3420,720;22,590;5;2
2/2;1138;2025-07-23T12:00:00;5521;LH;верх;3433,880;3428,340;17,435;4;1
2/2;1139;2025-07-23T19:00:00;5528;LL;низ;3381,420;3393,760;52,460;7;2
2/2;1140;2025-07-24T04:00:00;5536;LH;верх;3393,480;3383,835;12,060;8;1
2/2;1141;2025-07-24T16:00:00;5548;LL;низ;3351,465;3372,640;42,015;12;1
2/2;1142;2025-07-24T17:00:00;5549;LH;верх;3377,475;3367,015;26,010;1;1
2/2;1143;2025-07-25T01:00:00;5556;HL;низ;3365,205;3372,255;12,270;7;2
2/2;1144;2025-07-25T03:00:00;5558;LH;верх;3373,495;3363,135;8,290;2;2
2/2;1145;2025-07-25T18:00:00;5573;LL;низ;3325,115;3336,035;48,380;15;1
2/2;1146;2025-07-25T22:00:00;5577;LH;верх;3340,335;3329,635;15,220;4;1
2/2;1147;2025-07-28T01:00:00;5579;LL;низ;3324,020;3333,420;16,315;2;1
2/2;1148;2025-07-28T09:00:00;5587;HH;верх;3345,520;3336,145;21,500;8;1
2/2;1149;2025-07-28T16:00:00;5594;LL;низ;3301,765;3314,855;43,755;7;2
2/2;1150;2025-07-28T22:00:00;5600;LH;верх;3318,960;3314,625;17,195;6;1
2/2;1151;2025-07-29T03:00:00;5604;HL;низ;3308,160;3318,955;10,800;4;1
2/2;1152;2025-07-29T04:00:00;5605;HH;верх;3320,965;3312,655;12,805;1;1
2/2;1153;2025-07-29T07:00:00;5608;HL;низ;3309,110;3317,120;11,855;3;2
2/2;1154;2025-07-29T11:00:00;5612;HH;верх;3330,100;3322,095;20,990;4;1
2/2;1155;2025-07-29T17:00:00;5618;HL;низ;3311,995;3323,280;18,105;6;1
2/2;1156;2025-07-29T18:00:00;5619;HH;верх;3334,270;3328,325;22,275;1;2
2/2;1157;2025-07-29T22:00:00;5623;HL;низ;3322,670;3327,690;11,600;4;1
2/2;1158;2025-07-30T03:00:00;5627;LH;верх;3333,765;3329,465;11,095;4;1
2/2;1159;2025-07-30T04:00:00;5628;LL;низ;3321,795;3328,440;11,970;1;2
2/2;1160;2025-07-30T12:00:00;5636;HH;верх;3334,090;3330,930;12,295;8;1
2/2;1161;2025-07-30T18:00:00;5642;LL;низ;3288,605;3302,485;45,485;6;1
2/2;1162;2025-07-30T21:00:00;5645;LH;верх;3305,190;3275,290;16,585;3;1
2/2;1163;2025-07-30T22:00:00;5646;LL;низ;3268,120;3278,915;37,070;1;1
2/2;1164;2025-07-31T11:00:00;5658;HH;верх;3314,985;3296,350;46,865;12;1
2/2;1165;2025-07-31T13:00:00;5660;HL;низ;3293,785;3307,685;21,200;2;1
2/2;1166;2025-07-31T15:00:00;5662;LH;верх;3311,285;3296,190;17,500;2;1
2/2;1167;2025-08-01T04:00:00;5674;LL;низ;3281,745;3291,505;29,540;12;2
2/2;1168;2025-08-01T08:00:00;5678;LH;верх;3300,540;3286,840;18,795;4;1
2/2;1169;2025-08-01T10:00:00;5680;HL;низ;3285,265;3294,555;15,275;2;1
2/2;1170;2025-08-01T17:00:00;5687;HH;верх;3355,182;3347,400;69,917;7;1
2/2;1171;2025-08-01T19:00:00;5689;HL;низ;3340,630;3347,665;14,552;2;1
2/2;1172;2025-08-04T01:00:00;5694;HH;верх;3364,815;3352,265;24,185;5;1
2/2;1173;2025-08-04T04:00:00;5697;HL;низ;3345,005;3360,350;19,810;3;1
2/2;1174;2025-08-04T09:00:00;5702;LH;верх;3362,705;3358,605;17,700;5;1
2/2;1175;2025-08-04T10:00:00;5703;HL;низ;3351,775;3358,045;10,930;1;2
2/2;1176;2025-08-04T16:00:00;5709;HH;верх;3385,535;3374,370;33,760;6;1
2/2;1177;2025-08-04T19:00:00;5712;HL;низ;3370,625;3375,835;14,910;3;1
2/2;1178;2025-08-05T04:00:00;5720;LH;верх;3382,370;3372,200;11,745;8;2
2/2;1179;2025-08-05T09:00:00;5725;LL;низ;3365,790;3366,130;16,580;5;1
2/2;1180;2025-08-05T10:00:00;5726;LH;верх;3375,510;3359,660;9,720;1;1
2/2;1181;2025-08-05T14:00:00;5730;LL;низ;3349,890;3373,660;25,620;4;1
2/2;1182;2025-08-05T19:00:00;5735;HH;верх;3390,600;3380,130;40,710;5;1
2/2;1183;2025-08-06T01:00:00;5740;HL;низ;3378,245;3383,505;12,355;5;1
2/2;1184;2025-08-06T03:00:00;5742;LH;верх;3385,365;3376,335;7,120;2;1
2/2;1185;2025-08-06T04:00:00;5743;LL;низ;3373,220;3374,750;12,145;1;1
2/2;1186;2025-08-06T09:00:00;5748;LH;верх;3378,845;3365,205;5,625;5;1
2/2;1187;2025-08-06T12:00:00;5751;LL;низ;3358,255;3365,270;20,590;3;1
2/2;1188;2025-08-06T18:00:00;5757;HH;верх;3380,090;3374,585;21,835;6;1
2/2;1189;2025-08-07T03:00:00;5765;HL;низ;3365,305;3379,725;14,785;8;2
2/2;1190;2025-08-07T05:00:00;5767;HH;верх;3384,300;3377,740;18,995;2;1
2/2;1191;2025-08-07T08:00:00;5770;HL;низ;3371,645;3396,240;12,655;3;1
2/2;1192;2025-08-07T10:00:00;5772;HH;верх;3397,580;3376,680;25,935;2;1
2/2;1193;2025-08-07T14:00:00;5776;HL;низ;3371,870;3384,995;25,710;4;1
2/2;1194;2025-08-07T16:00:00;5778;LH;верх;3393,965;3390,255;22,095;2;1
2/2;1195;2025-08-07T17:00:00;5779;HL;низ;3374,770;3388,900;19,195;1;1
2/2;1196;2025-08-08T01:00:00;5786;HH;верх;3409,430;3388,802;34,660;7;1
2/2;1197;2025-08-08T04:00:00;5789;HL;низ;3381,215;3396,050;28,215;3;1
2/2;1198;2025-08-08T07:00:00;5792;LH;верх;3399,595;3393,695;18,380;3;1
2/2;1199;2025-08-08T09:00:00;5794;HL;низ;3388,800;3394,455;10,795;2;1
2/2;1200;2025-08-08T10:00:00;5795;HH;верх;3404,280;3400,795;15,480;1;1
2/2;1201;2025-08-08T14:00:00;5799;LL;низ;3380,455;3400,160;23,825;4;1
2/2;1202;2025-08-08T15:00:00;5800;LH;верх;3402,570;3390,715;22,115;1;1
2/2;1203;2025-08-08T17:00:00;5802;HL;низ;3381,320;3397,570;21,250;2;1
2/2;1204;2025-08-08T21:00:00;5806;HH;верх;3403,960;3397,765;22,640;4;1
2/2;1205;2025-08-08T21:00:00;5806;LL;низ;3376,575;3397,765;27,385;0;1
2/2;1206;2025-08-11T01:00:00;5809;LH;верх;3401,395;3381,740;24,820;3;1
2/2;1207;2025-08-11T04:00:00;5812;LL;низ;3367,550;3378,440;33,845;3;2
2/2;1208;2025-08-11T16:00:00;5824;LH;верх;3363,005;3349,540;4,545;12;1
2/2;1209;2025-08-11T17:00:00;5825;LL;низ;3341,460;3344,210;21,545;1;1
2/2;1210;2025-08-11T20:00:00;5828;LH;верх;3358,880;3351,525;17,420;3;1
2/2;1211;2025-08-11T20:00:00;5828;LL;низ;3341,155;3351,525;17,725;0;2
2/2;1212;2025-08-12T04:00:00;5835;LH;верх;3357,510;3349,570;16,355;7;1
2/2;1213;2025-08-12T09:00:00;5840;HL;низ;3342,310;3347,960;15,200;5;1
2/2;1214;2025-08-12T10:00:00;5841;HH;верх;3358,250;3345,495;15,940;1;1
2/2;1215;2025-08-12T14:00:00;5845;LL;низ;3336,215;3345,575;22,035;4;1
2/2;1216;2025-08-12T15:00:00;5846;LH;верх;3358,200;3337,595;21,985;1;1
2/2;1217;2025-08-12T17:00:00;5848;LL;низ;3331,170;3349,525;27,030;2;1
2/2;1218;2025-08-12T18:00:00;5849;HH;верх;3359,340;3349,100;28,170;1;1
2/2;1219;2025-08-12T22:00:00;5853;HL;низ;3345,595;3350,580;13,745;4;1
2/2;1220;2025-08-13T01:00:00;5855;LH;верх;3353,875;3343,625;8,280;2;1
2/2;1221;2025-08-13T03:00:00;5857;LL;низ;3342,635;3351,905;11,240;2;1
2/2;1222;2025-08-13T05:00:00;5859;HH;верх;3354,505;3351,820;11,870;2;1
2/2;1223;2025-08-13T08:00:00;5862;HL;низ;3345,570;3354,740;8,935;3;1
2/2;1224;2025-08-13T13:00:00;5867;HH;верх;3367,095;3358,125;21,525;5;1
2/2;1225;2025-08-13T16:00:00;5870;HL;низ;3354,160;3357,795;12,935;3;1
2/2;1226;2025-08-13T17:00:00;5871;HH;верх;3370,825;3357,915;16,665;1;1
2/2;1227;2025-08-13T21:00:00;5875;LL;низ;3350,015;3355,695;20,810;4;1
2/2;1228;2025-08-14T03:00:00;5880;HH;верх;3374,805;3362,860;24,790;5;1
2/2;1229;2025-08-14T06:00:00;5883;HL;низ;3355,595;3358,960;19,210;3;1
2/2;1230;2025-08-14T10:00:00;5887;LH;верх;3366,650;3356,560;11,055;4;1
2/2;1231;2025-08-14T19:00:00;5896;LL;низ;3329,850;3338,270;36,800;9;2
2/2;1232;2025-08-14T22:00:00;5899;LH;верх;3341,080;3333,510;11,230;3;1
2/2;1233;2025-08-15T02:00:00;5902;HL;низ;3332,340;3339,705;8,740;3;1
2/2;1234;2025-08-15T08:00:00;5908;HH;верх;3348,915;3346,445;16,575;6;3
2/2;1235;2025-08-15T16:00:00;5916;HL;низ;3333,060;3342,375;15,855;8;1
2/2;1236;2025-08-15T22:00:00;5922;LH;верх;3339,685;3334,435;6,625;6;1
2/2;1237;2025-08-18T02:00:00;5925;LL;низ;3323,685;3346,985;16,000;3;1
2/2;1238;2025-08-18T08:00:00;5931;HH;верх;3358,490;3349,045;34,805;6;1
2/2;1239;2025-08-18T22:00:00;5945;HL;низ;3330,355;3334,455;28,135;14;2
2/2;1240;2025-08-19T03:00:00;5949;LH;верх;3339,355;3338,225;9,000;4;1
2/2;1241;2025-08-19T03:00:00;5949;LL;низ;3326,285;3338,225;13,070;0;1
2/2;1242;2025-08-19T13:00:00;5959;HH;верх;3345,465;3334,760;19,180;10;3
2/2;1243;2025-08-20T04:00:00;5973;LL;низ;3311,560;3317,650;33,905;14;2
2/2;1244;2025-08-20T10:00:00;5979;LH;верх;3327,610;3326,310;16,050;6;1
2/2;1245;2025-08-20T11:00:00;5980;HL;низ;3321,070;3326,540;6,540;1;1
2/2;1246;2025-08-21T01:00:00;5993;HH;верх;3352,300;3342,290;31,230;13;2
2/2;1247;2025-08-21T09:00:00;6001;HL;низ;3334,285;3339,615;18,015;8;1
2/2;1248;2025-08-21T12:00:00;6004;LH;верх;3342,285;3333,700;8,000;3;1
2/2;1249;2025-08-21T14:00:00;6006;LL;низ;3325,280;3339,405;17,005;2;1
2/2;1250;2025-08-21T17:00:00;6009;HH;верх;3348,240;3339,805;22,960;3;1
2/2;1251;2025-08-21T21:00:00;6013;HL;низ;3336,655;3338,710;11,585;4;1
2/2;1252;2025-08-22T04:00:00;6019;LH;верх;3340,340;3332,015;3,685;6;2
2/2;1253;2025-08-22T15:00:00;6030;LL;низ;3321,455;3373,900;18,885;11;2
2/2;1254;2025-08-22T18:00:00;6033;HH;верх;3378,835;3374,350;57,380;3;1
2/2;1255;2025-08-25T05:00:00;6043;HL;низ;3359,780;3366,210;19,055;10;1
2/2;1256;2025-08-25T06:00:00;6044;LH;верх;3368,240;3364,780;8,460;1;1
2/2;1257;2025-08-25T08:00:00;6046;HL;низ;3363,160;3366,180;5,080;2;1
2/2;1258;2025-08-25T10:00:00;6048;HH;верх;3369,965;3367,475;6,805;2;1
2/2;1259;2025-08-25T12:00:00;6050;LL;низ;3361,985;3370,625;7,980;2;1
2/2;1260;2025-08-25T14:00:00;6052;HH;верх;3371,675;3370,805;9,690;2;1
2/2;1261;2025-08-25T16:00:00;6054;HL;низ;3362,140;3374,055;9,535;2;1
2/2;1262;2025-08-26T03:00:00;6064;HH;верх;3386,685;3375,435;24,545;10;2
2/2;1263;2025-08-26T03:00:00;6064;LL;низ;3351,330;3375,435;35,355;0;3
2/2;1264;2025-08-26T11:00:00;6072;LH;верх;3379,980;3372,135;28,650;8;1
2/2;1265;2025-08-26T13:00:00;6074;HL;низ;3367,090;3372,130;12,890;2;1
2/2;1266;2025-08-26T14:00:00;6075;HH;верх;3380,515;3375,850;13,425;1;1
2/2;1267;2025-08-26T17:00:00;6078;HL;низ;3370,310;3383,075;10,205;3;1
2/2;1268;2025-08-26T18:00:00;6079;HH;верх;3389,415;3381,770;19,105;1;1
2/2;1269;2025-08-26T21:00:00;6082;HL;низ;3380,355;3393,745;9,060;3;1
2/2;1270;2025-08-26T23:00:00;6084;HH;верх;3393,745;3390,925;13,390;2;2
2/2;1271;2025-08-27T10:00:00;6094;LL;низ;3373,785;3378,165;19,960;10;2
2/2;1272;2025-08-27T12:00:00;6096;LH;верх;3385,580;3376,800;11,795;2;1
2/2;1273;2025-08-27T14:00:00;6098;LL;низ;3373,750;3377,900;11,830;2;1
2/2;1274;2025-08-28T02:00:00;6109;HH;верх;3399,365;3386,005;25,615;11;2
2/2;1275;2025-08-28T05:00:00;6112;HL;низ;3384,620;3390,390;14,745;3;4
2/2;1276;2025-08-28T22:00:00;6129;HH;верх;3423,180;3416,780;38,560;17;2
2/2;1277;2025-08-29T10:00:00;6140;HL;низ;3406,565;3407,455;16,615;11;2
2/2;1278;2025-08-29T11:00:00;6141;LH;верх;3414,920;3405,655;8,355;1;1
2/2;1279;2025-08-29T14:00:00;6144;LL;низ;3404,315;3428,600;10,605;3;1
2/2;1280;2025-08-29T22:00:00;6152;HH;верх;3453,970;3450,425;49,655;8;1
2/2;1281;2025-09-01T04:00:00;6157;HL;низ;3437,025;3474,770;16,945;5;1
2/2;1282;2025-09-01T09:00:00;6162;HH;верх;3489,845;3476,965;52,820;5;2
2/2;1283;2025-09-01T13:00:00;6166;HL;низ;3466,385;3469,515;23,460;4;1
2/2;1284;2025-09-01T17:00:00;6170;LH;верх;3481,535;3477,410;15,150;4;1
2/2;1285;2025-09-01T19:00:00;6172;HL;низ;3472,390;3476,365;9,145;2;2
2/2;1286;2025-09-02T04:00:00;6178;HH;верх;3508,790;3495,055;36,400;6;1
2/2;1287;2025-09-02T11:00:00;6185;LL;низ;3470,050;3485,765;38,740;7;2
2/2;1288;2025-09-02T22:00:00;6196;HH;верх;3540,060;3529,310;70,010;11;1
2/2;1289;2025-09-03T02:00:00;6199;HL;низ;3526,540;3538,945;13,520;3;1
2/2;1290;2025-09-03T03:00:00;6200;HH;верх;3547,330;3531,690;20,790;1;1
2/2;1291;2025-09-03T08:00:00;6205;HL;низ;3526,770;3533,900;20,560;5;2
2/2;1292;2025-09-03T21:00:00;6218;HH;верх;3578,660;3559,260;51,890;13;2
2/2;1293;2025-09-04T06:00:00;6226;LL;низ;3511,755;3527,235;66,905;8;3
2/2;1294;2025-09-04T16:00:00;6236;LH;верх;3558,930;3552,950;47,175;10;1
2/2;1295;2025-09-04T17:00:00;6237;HL;низ;3535,145;3552,625;23,785;1;1
2/2;1296;2025-09-04T19:00:00;6239;LH;верх;3556,275;3546,355;21,130;2;1
2/2;1297;2025-09-05T01:00:00;6244;HL;низ;3540,015;3552,255;16,260;5;1
2/2;1298;2025-09-05T03:00:00;6246;HH;верх;3556,755;3551,015;16,740;2;1
2/2;1299;2025-09-05T05:00:00;6248;HL;низ;3545,945;3558,520;10,810;2;1
2/2;1300;2025-09-05T08:00:00;6251;HH;верх;3561,280;3548,240;15,335;3;1
2/2;1301;2025-09-05T11:00:00;6254;LL;низ;3544,855;3551,885;16,425;3;1
2/2;1302;2025-09-05T19:00:00;6262;HH;верх;3600,205;3595,645;55,350;8;1
2/2;1303;2025-09-05T23:00:00;6266;HL;низ;3586,190;3591,220;14,015;4;1
2/2;1304;2025-09-08T04:00:00;6270;LH;верх;3597,200;3583,510;11,010;4;2
2/2;1305;2025-09-08T07:00:00;6273;LL;низ;3579,720;3598,335;17,480;3;1
2/2;1306;2025-09-08T18:00:00;6284;HH;верх;3646,545;3633,585;66,825;11;1
2/2;1307;2025-09-08T21:00:00;6287;HL;низ;3631,935;3635,850;14,610;3;1
2/2;1308;2025-09-08T23:00:00;6289;LH;верх;3638,020;3635,050;6,085;2;1
2/2;1309;2025-09-09T02:00:00;6291;LL;низ;3628,480;3646,590;9,540;2;1
2/2;1310;2025-09-09T08:00:00;6297;HH;верх;3659,435;3644,340;30,955;6;1
2/2;1311;2025-09-09T09:00:00;6298;HL;низ;3636,620;3648,100;22,815;1;1
2/2;1312;2025-09-09T17:00:00;6306;HH;верх;3674,695;3645,065;38,075;8;2
2/2;1313;2025-09-09T18:00:00;6307;LL;низ;3626,915;3642,860;47,780;1;1
2/2;1314;2025-09-10T02:00:00;6314;LH;верх;3640,675;3630,600;13,760;7;1
2/2;1315;2025-09-10T04:00:00;6316;LL;низ;3620,135;3636,715;20,540;2;1
2/2;1316;2025-09-10T15:00:00;6327;HH;верх;3657,610;3647,700;37,475;11;1
2/2;1317;2025-09-10T18:00:00;6330;HL;низ;3638,650;3647,520;18,960;3;2
2/2;1318;2025-09-10T21:00:00;6333;LH;верх;3649,690;3640,585;11,040;3;1
2/2;1319;2025-09-10T22:00:00;6334;LL;низ;3635,335;3639,800;14,355;1;1
2/2;1320;2025-09-11T04:00:00;6339;LH;верх;3649,345;3632,180;14,010;5;2
2/2;1321;2025-09-11T12:00:00;6347;LL;низ;3614,360;3616,820;34,985;8;2
2/2;1322;2025-09-11T15:00:00;6350;LH;верх;3644,085;3629,500;29,725;3;1
2/2;1323;2025-09-11T15:00:00;6350;LL;низ;3612,835;3629,500;31,250;0;1
2/2;1324;2025-09-11T19:00:00;6354;LH;верх;3642,115;3632,465;29,280;4;1
2/2;1325;2025-09-11T21:00:00;6356;HL;низ;3630,525;3634,120;11,590;2;1
2/2;1326;2025-09-12T01:00:00;6359;LH;верх;3638,525;3636,500;8,000;3;1
2/2;1327;2025-09-12T03:00:00;6361;HL;низ;3630,625;3649,195;7,900;2;1
2/2;1328;2025-09-12T08:00:00;6366;HH;верх;3656,700;3648,400;26,075;5;1
2/2;1329;2025-09-12T12:00:00;6370;HL;низ;3637,630;3647,100;19,070;4;1
2/2;1330;2025-09-12T13:00:00;6371;LH;верх;3652,260;3645,550;14,630;1;1
2/2;1331;2025-09-12T15:00:00;6373;HL;низ;3638,235;3648,060;14,025;2;1
2/2;1332;2025-09-12T17:00:00;6375;HH;верх;3654,495;3649,305;16,260;2;1
2/2;1333;2025-09-12T18:00:00;6376;HL;низ;3641,790;3648,895;12,705;1;1
2/2;1334;2025-09-12T20:00:00;6378;LH;верх;3650,865;3644,295;9,075;2;1
2/2;1335;2025-09-15T04:00:00;6385;LL;низ;3626,460;3645,980;24,405;7;1
2/2;1336;2025-09-15T07:00:00;6388;LH;верх;3646,950;3636,525;20,490;3;1
2/2;1337;2025-09-15T10:00:00;6391;HL;низ;3633,675;3641,320;13,275;3;2
2/2;1338;2025-09-15T19:00:00;6400;HH;верх;3685,695;3676,950;52,020;9;2
2/2;1339;2025-09-16T02:00:00;6406;HL;низ;3676,165;3679,540;9,530;6;1
2/2;1340;2025-09-16T04:00:00;6408;HH;верх;3689,510;3681,060;13,345;2;1
2/2;1341;2025-09-16T05:00:00;6409;LL;низ;3674,705;3684,320;14,805;1;1
2/2;1342;2025-09-16T17:00:00;6421;HH;верх;3703,240;3689,880;28,535;12;2
2/2;1343;2025-09-16T18:00:00;6422;HL;низ;3678,885;3687,750;24,355;1;1
2/2;1344;2025-09-17T03:00:00;6430;LH;верх;3695,520;3682,350;16,635;8;1
2/2;1345;2025-09-17T05:00:00;6432;LL;низ;3674,150;3680,775;21,370;2;1
2/2;1346;2025-09-17T08:00:00;6435;LH;верх;3686,070;3667,090;11,920;3;1
2/2;1347;2025-09-17T14:00:00;6441;LL;низ;3660,020;3678,925;26,050;6;1
2/2;1348;2025-09-17T21:00:00;6448;HH;верх;3707,555;3659,975;47,535;7;1
2/2;1349;2025-09-17T21:00:00;6448;LL;низ;3646,125;3659,975;61,430;0;1
2/2;1350;2025-09-18T02:00:00;6452;LH;верх;3672,125;3657,150;26,000;4;1
2/2;1351;2025-09-18T09:00:00;6459;LL;низ;3634,055;3665,590;38,070;7;2
2/2;1352;2025-09-18T12:00:00;6462;HH;верх;3673,205;3667,260;39,150;3;1
2/2;1353;2025-09-18T16:00:00;6466;LL;низ;3627,960;3641,430;45,245;4;1
2/2;1354;2025-09-18T19:00:00;6469;LH;верх;3647,330;3641,415;19,370;3;1
2/2;1355;2025-09-18T21:00:00;6471;HL;низ;3640,495;3644,180;6,835;2;1
2/2;1356;2025-09-18T23:00:00;6473;LH;верх;3647,235;3640,195;6,740;2;1
2/2;1357;2025-09-19T04:00:00;6477;LL;низ;3632,380;3653,810;14,855;4;1
2/2;1358;2025-09-19T08:00:00;6481;HH;верх;3661,355;3654,050;28,975;4;1
2/2;1359;2025-09-19T09:00:00;6482;HL;низ;3643,400;3655,640;17,955;1;1
2/2;1360;2025-09-19T13:00:00;6486;LH;верх;3659,290;3649,445;15,890;4;1
2/2;1361;2025-09-19T16:00:00;6489;HL;низ;3643,785;3670,950;15,505;3;1
2/2;1362;2025-09-22T01:00:00;6497;HH;верх;3692,290;3691,040;48,505;8;1
2/2;1363;2025-09-22T05:00:00;6501;HL;низ;3685,460;3692,215;6,830;4;1
2/2;1364;2025-09-22T13:00:00;6509;HH;верх;3728,490;3721,635;43,030;8;1
2/2;1365;2025-09-22T15:00:00;6511;HL;низ;3712,250;3725,975;16,240;2;1
2/2;1366;2025-09-22T22:00:00;6518;HH;верх;3748,860;3740,200;36,610;7;1
2/2;1367;2025-09-23T01:00:00;6520;HL;низ;3738,125;3747,260;10,735;2;1
2/2;1368;2025-09-23T04:00:00;6523;HH;верх;3759,420;3746,760;21,295;3;1
2/2;1369;2025-09-23T05:00:00;6524;LL;низ;3736,660;3744,870;22,760;1;1
2/2;1370;2025-09-23T12:00:00;6531;HH;верх;3791,255;3783,680;54,595;7;3
2/2;1371;2025-09-23T22:00:00;6541;HL;низ;3752,075;3765,470;39,180;10;1
2/2;1372;2025-09-24T04:00:00;6546;LH;верх;3771,945;3765,415;19,870;5;1
2/2;1373;2025-09-24T05:00:00;6547;LL;низ;3750,510;3768,340;21,435;1;1
2/2;1374;2025-09-24T10:00:00;6552;HH;верх;3779,340;3768,465;28,830;5;2
2/2;1375;2025-09-24T22:00:00;6564;LL;низ;3717,520;3741,225;61,820;12;1
2/2;1376;2025-09-25T03:00:00;6568;LH;верх;3751,535;3739,715;34,015;4;1
2/2;1377;2025-09-25T05:00:00;6570;HL;низ;3729,635;3738,180;21,900;2;1
2/2;1378;2025-09-25T11:00:00;6576;HH;верх;3761,690;3757,170;32,055;6;1
2/2;1379;2025-09-25T16:00:00;6581;LL;низ;3722,220;3736,050;39,470;5;1
2/2;1380;2025-09-25T21:00:00;6586;LH;верх;3758,430;3749,440;36,210;5;2
2/2;1381;2025-09-26T06:00:00;6594;HL;низ;3734,440;3741,930;23,990;8;2
2/2;1382;2025-09-26T11:00:00;6599;LH;верх;3755,240;3744,625;20,800;5;1
2/2;1383;2025-09-26T13:00:00;6601;HL;низ;3742,955;3752,045;12,285;2;1
2/2;1384;2025-09-26T17:00:00;6605;HH;верх;3783,885;3774,365;40,930;4;2
2/2;1385;2025-09-26T23:00:00;6611;HL;низ;3759,660;3766,920;24,225;6;1
2/2;1386;2025-09-29T14:00:00;6625;HH;верх;3831,450;3821,460;71,790;14;2
2/2;1387;2025-09-29T16:00:00;6627;HL;низ;3809,425;3830,490;22,025;2;1
2/2;1388;2025-09-29T19:00:00;6630;HH;верх;3833,655;3824,510;24,230;3;1
2/2;1389;2025-09-29T22:00:00;6633;HL;низ;3822,600;3830,805;11,055;3;1
2/2;1390;2025-09-30T09:00:00;6643;HH;верх;3871,890;3816,370;49,290;10;2
2/2;1391;2025-09-30T12:00:00;6646;LL;низ;3793,175;3815,390;78,715;3;1
2/2;1392;2025-10-01T05:00:00;6662;HH;верх;3875,560;3864,990;82,385;16;2
2/2;1393;2025-10-01T09:00:00;6666;HL;низ;3853,380;3892,950;22,180;4;2
2/2;1394;2025-10-01T11:00:00;6668;HH;верх;3895,500;3887,735;42,120;2;2
2/2;1395;2025-10-02T04:00:00;6684;LL;низ;3852,835;3866,635;42,665;16;3
2/2;1396;2025-10-02T05:00:00;6685;LH;верх;3870,060;3864,300;17,225;1;1
2/2;1397;2025-10-02T10:00:00;6690;HL;низ;3861,700;3879,210;8,360;5;1
2/2;1398;2025-10-02T16:00:00;6696;HH;верх;3897,130;3828,310;35,430;6;1
2/2;1399;2025-10-02T18:00:00;6698;LL;низ;3819,425;3844,385;77,705;2;1
2/2;1400;2025-10-03T02:00:00;6705;LH;верх;3863,715;3858,550;44,290;7;1
2/2;1401;2025-10-03T06:00:00;6709;HL;низ;3838,070;3855,230;25,645;4;2
2/2;1402;2025-10-06T08:00:00;6734;HH;верх;3945,330;3941,790;107,260;25;3
2/2;1403;2025-10-06T09:00:00;6735;HL;низ;3922,500;3942,610;22,830;1;1
2/2;1404;2025-10-06T11:00:00;6737;HH;верх;3949,670;3942,235;27,170;2;1
2/2;1405;2025-10-06T15:00:00;6741;HL;низ;3926,465;3955,180;23,205;4;1
2/2;1406;2025-10-07T03:00:00;6752;HH;верх;3977,400;3964,905;50,935;11;2
2/2;1407;2025-10-07T04:00:00;6753;HL;низ;3955,870;3973,550;21,530;1;1
2/2;1408;2025-10-07T07:00:00;6756;LH;верх;3977,045;3955,045;21,175;3;1
2/2;1409;2025-10-07T11:00:00;6760;LL;низ;3941,055;3960,175;35,990;4;1
2/2;1410;2025-10-07T18:00:00;6767;HH;верх;3991,135;3980,815;50,080;7;1
2/2;1411;2025-10-07T18:00:00;6767;HL;низ;3961,750;3980,815;29,385;0;2
2/2;1412;2025-10-08T12:00:00;6784;HH;верх;4049,700;4038,195;87,950;17;1
2/2;1413;2025-10-08T16:00:00;6788;HL;низ;4026,175;4045,750;23,525;4;1
2/2;1414;2025-10-08T19:00:00;6791;HH;верх;4059,350;4050,080;33,175;3;1
2/2;1415;2025-10-09T02:00:00;6797;LL;низ;4001,330;4019,675;58,020;6;1
2/2;1416;2025-10-09T04:00:00;6799;LH;верх;4036,540;4026,930;35,210;2;1
2/2;1417;2025-10-09T05:00:00;6800;HL;низ;4002,725;4038,980;33,815;1;1
2/2;1418;2025-10-09T08:00:00;6803;HH;верх;4043,700;4031,700;40,975;3;1
2/2;1419;2025-10-09T09:00:00;6804;HL;низ;4022,670;4038,220;21,030;1;1
2/2;1420;2025-10-09T16:00:00;6811;HH;верх;4058,110;4014,475;35,440;7;1
2/2;1421;2025-10-09T20:00:00;6815;LL;низ;3944,435;3973,460;113,675;4;1
2/2;1422;2025-10-10T03:00:00;6821;LH;верх;3994,520;3978,630;50,085;6;2
2/2;1423;2025-10-10T07:00:00;6825;HL;низ;3947,020;3968,495;47,500;4;2
2/2;1424;2025-10-10T12:00:00;6830;HH;верх;4006,735;3987,135;59,715;5;1
2/2;1425;2025-10-10T17:00:00;6835;HL;низ;3970,855;3983,545;35,880;5;1
2/2;1426;2025-10-10T18:00:00;6836;HH;верх;4023,000;3990,185;52,145;1;1
2/2;1427;2025-10-10T20:00:00;6838;HL;низ;3975,235;4011,365;47,765;2;1
2/2;1428;2025-10-13T19:00:00;6860;HH;верх;4117,420;4101,945;142,185;22;3
2/2;1429;2025-10-13T22:00:00;6863;HL;низ;4090,935;4115,055;26,485;3;1
2/2;1430;2025-10-14T08:00:00;6872;HH;верх;4179,935;4126,575;89,000;9;1
2/2;1431;2025-10-14T09:00:00;6873;LL;низ;4090,145;4143,950;89,790;1;1
2/2;1432;2025-10-14T11:00:00;6875;LH;верх;4145,070;4131,500;54,925;2;1
2/2;1433;2025-10-14T16:00:00;6880;HL;низ;4097,740;4138,075;47,330;5;1
2/2;1434;2025-10-14T19:00:00;6883;HH;верх;4155,495;4148,285;57,755;3;1
2/2;1435;2025-10-14T22:00:00;6886;HL;низ;4134,695;4158,330;20,800;3;1
2/2;1436;2025-10-15T11:00:00;6898;HH;верх;4218,405;4202,960;83,710;12;1
2/2;1437;2025-10-15T12:00:00;6899;HL;низ;4164,240;4198,740;54,165;1;2
2/2;1438;2025-10-15T17:00:00;6904;LH;верх;4212,615;4199,155;48,375;5;1
2/2;1439;2025-10-15T18:00:00;6905;HL;низ;4179,470;4197,880;33,145;1;2
2/2;1440;2025-10-16T06:00:00;6916;HH;верх;4242,380;4204,895;62,910;11;1
2/2;1441;2025-10-16T08:00:00;6918;HL;низ;4203,550;4230,780;38,830;2;3
2/2;1442;2025-10-17T01:00:00;6934;HH;верх;4380,990;4358,145;177,440;16;1
2/2;1443;2025-10-17T04:00:00;6937;HL;низ;4278,680;4366,995;102,310;3;1
2/2;1444;2025-10-17T08:00:00;6941;LH;верх;4378,765;4342,685;100,085;4;1
2/2;1445;2025-10-17T20:00:00;6953;LL;низ;4185,910;4226,230;192,855;12;2
2/2;1446;2025-10-20T01:00:00;6957;LH;верх;4268,270;4249,425;82,360;4;1
2/2;1447;2025-10-20T03:00:00;6959;HL;низ;4219,115;4255,610;49,155;2;1
2/2;1448;2025-10-20T05:00:00;6961;HH;верх;4271,285;4266,150;52,170;2;1
2/2;1449;2025-10-20T09:00:00;6965;HL;низ;4221,205;4258,700;50,080;4;1
2/2;1450;2025-10-20T11:00:00;6967;LH;верх;4266,120;4254,680;44,915;2;1
2/2;1451;2025-10-20T13:00:00;6969;HL;низ;4245,770;4323,540;20,350;2;1
2/2;1452;2025-10-20T22:00:00;6978;HH;верх;4381,440;4367,690;135,670;9;3
2/2;1453;2025-10-21T17:00:00;6996;LL;низ;4080,580;4113,455;300,860;18;4
2/2;1454;2025-10-21T23:00:00;7002;LH;верх;4131,100;4093,105;50,520;6;1
2/2;1455;2025-10-22T03:00:00;7005;LL;низ;4004,280;4115,295;126,820;3;1
2/2;1456;2025-10-22T09:00:00;7011;HH;верх;4161,535;4070,680;157,255;6;1
2/2;1457;2025-10-22T14:00:00;7016;HL;низ;4015,125;4075,975;146,410;5;1
2/2;1458;2025-10-22T16:00:00;7018;LH;верх;4085,480;4037,120;70,355;2;1
2/2;1459;2025-10-22T17:00:00;7019;LL;низ;4011,095;4059,270;74,385;1;1
2/2;1460;2025-10-22T22:00:00;7024;HH;верх;4113,800;4102,325;102,705;5;1
2/2;1461;2025-10-23T03:00:00;7028;HL;низ;4065,900;4082,610;47,900;4;1
2/2;1462;2025-10-23T09:00:00;7034;HH;верх;4137,745;4116,330;71,845;6;1
2/2;1463;2025-10-23T15:00:00;7040;HL;низ;4100,140;4148,365;37,605;6;1
2/2;1464;2025-10-23T17:00:00;7042;HH;верх;4154,790;4132,995;54,650;2;1
2/2;1465;2025-10-24T02:00:00;7050;HL;низ;4106,035;4118,790;48,755;8;1
2/2;1466;2025-10-24T04:00:00;7052;LH;верх;4144,535;4122,475;38,500;2;1
2/2;1467;2025-10-24T14:00:00;7062;LL;низ;4043,515;4106,900;101,020;10;2
2/2;1468;2025-10-24T19:00:00;7067;LH;верх;4138,670;4110,430;95,155;5;1
2/2;1469;2025-10-27T02:00:00;7074;HL;низ;4058,205;4071,755;80,465;7;1
2/2;1470;2025-10-27T03:00:00;7075;LH;верх;4097,870;4069,745;39,665;1;1
2/2;1471;2025-10-27T06:00:00;7078;LL;низ;4053,710;4078,325;44,160;3;1
2/2;1472;2025-10-27T08:00:00;7080;LH;верх;4085,170;4043,580;31,460;2;1
2/2;1473;2025-10-27T10:00:00;7082;LL;низ;4024,340;4037,565;60,830;2;1
2/2;1474;2025-10-27T15:00:00;7087;LH;верх;4050,610;3989,965;26,270;5;1
2/2;1475;2025-10-27T17:00:00;7089;LL;низ;3971,445;4006,635;79,165;2;1
2/2;1476;2025-10-27T20:00:00;7092;LH;верх;4010,305;3981,985;38,860;3;1
2/2;1477;2025-10-28T02:00:00;7097;HL;низ;3972,930;3984,030;37,375;5;2
2/2;1478;2025-10-28T03:00:00;7098;HH;верх;4019,805;3993,070;46,875;1;1
2/2;1479;2025-10-28T11:00:00;7106;LL;низ;3886,465;3923,455;133,340;8;1
2/2;1480;2025-10-28T19:00:00;7114;LH;верх;3970,465;3960,395;84,000;8;1
2/2;1481;2025-10-29T00:00:00;7118;HL;низ;3907,925;3975,325;62,540;4;2
2/2;1482;2025-10-29T02:00:00;7120;HH;верх;3982,495;3961,285;74,570;2;1
2/2;1483;2025-10-29T04:00:00;7122;HL;низ;3943,825;3952,085;38,670;2;2
2/2;1484;2025-10-29T14:00:00;7132;HH;верх;4030,340;4008,450;86,515;10;2
2/2;1485;2025-10-30T00:00:00;7141;LL;низ;3916,590;3950,480;113,750;9;1
2/2;1486;2025-10-30T03:00:00;7144;LH;верх;3966,800;3938,210;50,210;3;1
2/2;1487;2025-10-30T05:00:00;7146;LL;низ;3915,520;3963,975;51,280;2;1
2/2;1488;2025-10-30T11:00:00;7152;HH;верх;4011,705;3974,515;96,185;6;2
2/2;1489;2025-10-30T15:00:00;7156;HL;низ;3960,320;4001,760;51,385;4;1
2/2;1490;2025-10-31T00:00:00;7164;HH;верх;4046,595;4025,010;86,275;8;2
2/2;1491;2025-10-31T06:00:00;7170;HL;низ;3989,065;4013,340;57,530;6;1
2/2;1492;2025-10-31T10:00:00;7174;LH;верх;4026,820;4007,515;37,755;4;1
2/2;1493;2025-10-31T11:00:00;7175;HL;низ;3998,875;4010,595;27,945;1;1
2/2;1494;2025-10-31T14:00:00;7178;HH;верх;4036,435;4020,700;37,560;3;1
2/2;1495;2025-11-03T02:00:00;7188;LL;низ;3962,275;4004,210;74,160;10;3
2/2;1496;2025-11-03T10:00:00;7196;LH;верх;4028,130;3998,715;65,855;8;1
2/2;1497;2025-11-03T11:00:00;7197;HL;низ;3993,100;4007,690;35,030;1;1
2/2;1498;2025-11-03T17:00:00;7203;HH;верх;4030,825;4006,230;37,725;6;1
2/2;1499;2025-11-03T18:00:00;7204;HL;низ;3995,220;4006,435;35,605;1;2
2/2;1500;2025-11-03T22:00:00;7208;LH;верх;4015,060;3997,270;19,840;4;1
2/2;1501;2025-11-04T04:00:00;7213;LL;низ;3975,570;3985,645;39,490;5;1
2/2;1502;2025-11-04T05:00:00;7214;LH;верх;3999,465;3973,355;23,895;1;1
2/2;1503;2025-11-04T08:00:00;7217;LL;низ;3966,605;3996,140;32,860;3;1
2/2;1504;2025-11-04T10:00:00;7219;HH;верх;4000,855;3993,940;34,250;2;2
2/2;1505;2025-11-04T16:00:00;7225;LL;низ;3928,685;3969,140;72,170;6;2
2/2;1506;2025-11-05T10:00:00;7242;LH;верх;3987,340;3964,700;58,655;17;2
2/2;1507;2025-11-05T12:00:00;7244;HL;низ;3956,100;3969,650;31,240;2;2
2/2;1508;2025-11-05T18:00:00;7250;HH;верх;3990,565;3982,445;34,465;6;2
2/2;1509;2025-11-06T03:00:00;7258;HL;низ;3964,455;3987,540;26,110;8;2
2/2;1510;2025-11-06T14:00:00;7269;HH;верх;4019,645;3993,410;55,190;11;2
2/2;1511;2025-11-06T19:00:00;7274;HL;низ;3965,710;3985,350;53,935;5;1
2/2;1512;2025-11-06T21:00:00;7276;LH;верх;3995,365;3977,140;29,655;2;1
2/2;1513;2025-11-06T23:00:00;7278;HL;низ;3976,880;3988,605;18,485;2;1
2/2;1514;2025-11-07T04:00:00;7282;HH;верх;4003,410;3998,375;26,530;4;1
2/2;1515;2025-11-07T06:00:00;7284;HL;низ;3985,605;4006,925;17,805;2;1
2/2;1516;2025-11-07T11:00:00;7289;HH;верх;4014,290;4002,965;28,685;5;1
2/2;1517;2025-11-07T17:00:00;7295;LL;низ;3984,010;4005,600;30,280;6;1
2/2;1518;2025-11-07T18:00:00;7296;HH;верх;4027,595;4005,650;43,585;1;1
2/2;1519;2025-11-07T22:00:00;7300;HL;низ;3994,640;4011,870;32,955;4;1
2/2;1520;2025-11-10T11:00:00;7312;HH;верх;4086,375;4085,385;91,735;12;2
2/2;1521;2025-11-10T11:00:00;7312;HL;низ;4071,490;4085,385;14,885;0;1
2/2;1522;2025-11-10T15:00:00;7316;HH;верх;4106,000;4084,435;34,510;4;1
2/2;1523;2025-11-10T16:00:00;7317;HL;низ;4074,490;4095,175;31,510;1;1
2/2;1524;2025-11-11T06:00:00;7330;HH;верх;4149,100;4130,070;74,610;13;2
2/2;1525;2025-11-11T07:00:00;7331;HL;низ;4124,895;4129,780;24,205;1;1
2/2;1526;2025-11-11T15:00:00;7339;LH;верх;4146,885;4106,835;21,990;8;2
2/2;1527;2025-11-11T17:00:00;7341;LL;низ;4097,245;4114,535;49,640;2;1
2/2;1528;2025-11-12T02:00:00;7349;LH;верх;4145,610;4124,130;48,365;8;1
2/2;1529;2025-11-12T07:00:00;7354;HL;низ;4098,915;4117,305;46,695;5;1
2/2;1530;2025-11-12T11:00:00;7358;LH;верх;4133,855;4126,025;34,940;4;1
2/2;1531;2025-11-12T15:00:00;7362;HL;низ;4122,740;4181,495;11,115;4;1
2/2;1532;2025-11-12T20:00:00;7367;HH;верх;4211,795;4196,050;89,055;5;1
2/2;1533;2025-11-13T03:00:00;7373;HL;низ;4179,735;4212,960;32,060;6;1
2/2;1534;2025-11-13T06:00:00;7376;HH;верх;4219,520;4210,525;39,785;3;1
2/2;1535;2025-11-13T08:00:00;7378;HL;низ;4203,270;4232,710;16,250;2;2
2/2;1536;2025-11-13T14:00:00;7384;HH;верх;4245,195;4195,525;41,925;6;1
2/2;1537;2025-11-13T20:00:00;7390;LL;низ;4145,190;4164,170;100,005;6;3
2/2;1538;2025-11-14T05:00:00;7398;LH;верх;4211,435;4189,900;66,245;8;1
2/2;1539;2025-11-14T16:00:00;7409;LL;низ;4032,230;4105,240;179,205;11;2
2/2;1540;2025-11-14T18:00:00;7411;LH;верх;4111,185;4098,105;78,955;2;1
2/2;1541;2025-11-14T22:00:00;7415;HL;низ;4075,615;4096,510;35,570;4;1
2/2;1542;2025-11-17T01:00:00;7417;LH;верх;4106,705;4091,325;31,090;2;1
2/2;1543;2025-11-17T07:00:00;7423;LL;низ;4049,760;4088,130;56,945;6;1
2/2;1544;2025-11-17T10:00:00;7426;LH;верх;4095,935;4070,180;46,175;3;2
2/2;1545;2025-11-17T18:00:00;7434;HL;низ;4052,380;4062,845;43,555;8;1
2/2;1546;2025-11-17T19:00:00;7435;LH;верх;4081,130;4011,380;28,750;1;1
2/2;1547;2025-11-17T22:00:00;7438;LL;низ;4007,055;4036,785;74,075;3;1
2/2;1548;2025-11-18T01:00:00;7440;LH;верх;4054,755;4025,150;47,700;2;1
2/2;1549;2025-11-18T09:00:00;7448;LL;низ;3997,985;4040,365;56,770;8;3
2/2;1550;2025-11-18T16:00:00;7455;HH;верх;4081,915;4066,930;83,930;7;1
2/2;1551;2025-11-18T18:00:00;7457;HL;низ;4040,550;4072,630;41,365;2;1
2/2;1552;2025-11-18T22:00:00;7461;HH;верх;4082,580;4077,000;42,030;4;1
2/2;1553;2025-11-18T23:00:00;7462;HL;низ;4064,915;4069,340;17,665;1;1
2/2;1554;2025-11-19T04:00:00;7466;LH;верх;4080,775;4075,245;15,860;4;1
2/2;1555;2025-11-19T04:00:00;7466;LL;низ;4055,525;4075,245;25,250;0;1
2/2;1556;2025-11-19T08:00:00;7470;HH;верх;4098,720;4083,355;43,195;4;1
2/2;1557;2025-11-19T10:00:00;7472;HL;низ;4078,350;4108,995;20,370;2;1
2/2;1558;2025-11-19T17:00:00;7479;HH;верх;4132,985;4078,835;54,635;7;1
2/2;1559;2025-11-19T19:00:00;7481;LL;низ;4055,475;4073,700;77,510;2;2
2/2;1560;2025-11-20T02:00:00;7487;LH;верх;4110,370;4066,875;54,895;6;1
2/2;1561;2025-11-20T04:00:00;7489;LL;низ;4038,900;4075,500;71,470;2;3
2/2;1562;2025-11-20T16:00:00;7501;LH;верх;4107,350;4049,120;68,450;12;1
2/2;1563;2025-11-20T19:00:00;7504;HL;низ;4043,580;4084,760;63,770;3;1
2/2;1564;2025-11-21T01:00:00;7509;LH;верх;4088,725;4068,680;45,145;5;3
2/2;1565;2025-11-21T10:00:00;7518;LL;низ;4022,260;4037,205;66,465;9;1
2/2;1566;2025-11-21T11:00:00;7519;LH;верх;4063,605;4036,715;41,345;1;1
2/2;1567;2025-11-21T13:00:00;7521;HL;низ;4031,100;4079,745;32,505;2;2
2/2;1568;2025-11-21T19:00:00;7527;HH;верх;4101,070;4087,625;69,970;6;1
2/2;1569;2025-11-24T04:00:00;7535;HL;низ;4040,770;4044,260;60,300;8;2
2/2;1570;2025-11-24T06:00:00;7537;LH;верх;4061,425;4053,460;20,655;2;1
2/2;1571;2025-11-24T07:00:00;7538;LL;низ;4040,020;4060,245;21,405;1;3
2/2;1572;2025-11-25T04:00:00;7558;HH;верх;4155,900;4140,680;115,880;20;2
2/2;1573;2025-11-25T10:00:00;7564;HL;низ;4109,710;4131,470;46,190;6;1
2/2;1574;2025-11-25T15:00:00;7569;LH;верх;4150,915;4123,125;41,205;5;1
2/2;1575;2025-11-25T16:00:00;7570;HL;низ;4110,805;4136,195;40,110;1;1
2/2;1576;2025-11-25T19:00:00;7573;HH;верх;4159,380;4133,860;48,575;3;1
2/2;1577;2025-11-25T23:00:00;7577;HL;низ;4127,620;4143,080;31,760;4;1
2/2;1578;2025-11-26T05:00:00;7582;HH;верх;4169,580;4162,460;41,960;5;1
2/2;1579;2025-11-26T08:00:00;7585;HL;низ;4146,680;4161,090;22,900;3;1
2/2;1580;2025-11-26T14:00:00;7591;HH;верх;4173,500;4142,365;26,820;6;2
2/2;1581;2025-11-26T17:00:00;7594;LL;низ;4136,665;4167,275;36,835;3;1
2/2;1582;2025-11-26T20:00:00;7597;LH;верх;4171,905;4164,060;35,240;3;1
2/2;1583;2025-11-26T20:00:00;7597;HL;низ;4158,100;4164,060;13,805;0;1
2/2;1584;2025-11-27T01:00:00;7601;LH;верх;4168,750;4154,450;10,650;4;1
2/2;1585;2025-11-27T06:00:00;7606;LL;низ;4142,730;4157,450;26,020;5;1
2/2;1586;2025-11-27T10:00:00;7610;LH;верх;4167,260;4156,560;24,530;4;1
2/2;1587;2025-11-27T11:00:00;7611;HL;низ;4148,400;4157,420;18,860;1;2
2/2;1588;2025-11-27T17:00:00;7617;LH;верх;4161,925;4157,985;13,525;6;1
2/2;1589;2025-11-27T18:00:00;7618;HL;низ;4151,505;4159,290;10,420;1;1
2/2;1590;2025-11-27T21:00:00;7621;LH;верх;4160,460;4158,800;8,955;3;1
2/2;1591;2025-11-27T23:00:00;7623;HL;низ;4155,335;4180,865;5,125;2;1
2/2;1592;2025-11-28T03:00:00;7626;HH;верх;4193,260;4183,390;37,925;3;1
2/2;1593;2025-11-28T07:00:00;7630;HL;низ;4170,680;4174,160;22,580;4;1
2/2;1594;2025-11-28T08:00:00;7631;LH;верх;4192,460;4164,010;21,780;1;1
2/2;1595;2025-11-28T10:00:00;7633;LL;низ;4153,740;4163,325;38,720;2;1
2/2;1596;2025-11-28T20:00:00;7643;HH;верх;4226,915;4221,940;73,175;10;1
2/2;1597;2025-12-01T01:00:00;7645;HL;низ;4205,785;4255,560;21,130;2;1
2/2;1598;2025-12-01T04:00:00;7648;HH;верх;4256,600;4245,775;50,815;3;1
2/2;1599;2025-12-01T07:00:00;7651;HL;низ;4215,605;4245,350;40,995;3;1
2/2;1600;2025-12-01T15:00:00;7659;HH;верх;4264,700;4232,525;49,095;8;2
2/2;1601;2025-12-01T17:00:00;7661;HL;низ;4219,495;4232,285;45,205;2;1
2/2;1602;2025-12-01T20:00:00;7664;LH;верх;4244,810;4237,500;25,315;3;1
2/2;1603;2025-12-02T03:00:00;7670;LL;низ;4192,915;4216,835;51,895;6;1
2/2;1604;2025-12-02T08:00:00;7675;LH;верх;4226,350;4210,220;33,435;5;1
2/2;1605;2025-12-02T11:00:00;7678;LL;низ;4181,140;4205,640;45,210;3;2
2/2;1606;2025-12-02T16:00:00;7683;HH;верх;4230,685;4185,030;49,545;5;1
2/2;1607;2025-12-02T17:00:00;7684;LL;низ;4163,805;4193,885;66,880;1;1
2/2;1608;2025-12-03T04:00:00;7694;LH;верх;4229,065;4222,515;65,260;10;1
2/2;1609;2025-12-03T12:00:00;7702;HL;низ;4194,645;4213,595;34,420;8;1
2/2;1610;2025-12-03T16:00:00;7706;HH;верх;4241,565;4200,895;46,920;4;1
2/2;1611;2025-12-03T20:00:00;7710;HL;низ;4195,195;4206,230;46,370;4;1
2/2;1612;2025-12-04T03:00:00;7716;LH;верх;4217,080;4195,875;21,885;6;2
2/2;1613;2025-12-04T07:00:00;7720;LL;низ;4174,810;4193,945;42,270;4;2
2/2;1614;2025-12-04T13:00:00;7726;LH;верх;4206,630;4198,430;31,820;6;1
2/2;1615;2025-12-04T15:00:00;7728;HL;низ;4185,450;4207,355;21,180;2;1
2/2;1616;2025-12-04T18:00:00;7731;HH;верх;4219,620;4208,070;34,170;3;1
2/2;1617;2025-12-04T21:00:00;7734;HL;низ;4199,545;4208,765;20,075;3;1
2/2;1618;2025-12-05T02:00:00;7738;LH;верх;4210,685;4207,300;11,140;4;1
2/2;1619;2025-12-05T03:00:00;7739;LL;низ;4194,815;4209,635;15,870;1;1
2/2;1620;2025-12-05T09:00:00;7745;HH;верх;4230,900;4223,430;36,085;6;1
2/2;1621;2025-12-05T11:00:00;7747;HL;низ;4215,935;4223,540;14,965;2;1
2/2;1622;2025-12-05T17:00:00;7753;HH;верх;4259,340;4217,565;43,405;6;1
2/2;1623;2025-12-05T23:00:00;7759;LL;низ;4192,055;4210,760;67,285;6;4
2/2;1624;2025-12-08T08:00:00;7767;LH;верх;4219,175;4209,875;27,120;8;2
2/2;1625;2025-12-08T17:00:00;7776;LL;низ;4176,205;4195,045;42,970;9;2
2/2;1626;2025-12-09T05:00:00;7787;LH;верх;4198,905;4179,665;22,700;11;1
2/2;1627;2025-12-09T08:00:00;7790;LL;низ;4169,985;4191,730;28,920;3;1
2/2;1628;2025-12-09T11:00:00;7793;HH;верх;4213,050;4203,140;43,065;3;1
2/2;1629;2025-12-09T16:00:00;7798;HL;низ;4189,505;4212,400;23,545;5;1
2/2;1630;2025-12-09T18:00:00;7800;HH;верх;4221,625;4209,195;32,120;2;1
2/2;1631;2025-12-09T20:00:00;7802;HL;низ;4201,255;4212,125;20,370;2;1
2/2;1632;2025-12-10T04:00:00;7809;LH;верх;4218,860;4207,120;17,605;7;2
2/2;1633;2025-12-10T12:00:00;7817;LL;низ;4187,800;4196,575;31,060;8;2
2/2;1634;2025-12-10T16:00:00;7821;LH;верх;4207,105;4204,975;19,305;4;1
2/2;1635;2025-12-10T21:00:00;7826;LL;низ;4182,080;4228,775;25,025;5;2
2/2;1636;2025-12-11T03:00:00;7831;HH;верх;4247,805;4216,905;65,725;5;2
2/2;1637;2025-12-11T08:00:00;7836;HL;низ;4204,270;4216,775;43,535;5;1
2/2;1638;2025-12-11T12:00:00;7840;LH;верх;4226,080;4220,565;21,810;4;1
2/2;1639;2025-12-11T15:00:00;7843;HL;низ;4205,350;4256,125;20,730;3;1
2/2;1640;2025-12-11T20:00:00;7848;HH;верх;4285,890;4276,285;80,540;5;1
2/2;1641;2025-12-11T21:00:00;7849;HL;низ;4262,830;4279,335;23,060;1;1
2/2;1642;2025-12-11T23:00:00;7851;LH;верх;4283,725;4269,530;20,895;2;1
2/2;1643;2025-12-12T03:00:00;7854;HL;низ;4264,525;4270,705;19,200;3;2
2/2;1644;2025-12-12T16:00:00;7867;HH;верх;4353,555;4281,890;89,030;13;1
2/2;1645;2025-12-12T18:00:00;7869;LL;низ;4257,275;4295,020;96,280;2;1
2/2;1646;2025-12-12T20:00:00;7871;LH;верх;4303,915;4299,335;46,640;2;1
2/2;1647;2025-12-12T22:00:00;7873;HL;низ;4288,740;4302,575;15,175;2;1
2/2;1648;2025-12-15T11:00:00;7885;HH;верх;4350,285;4342,775;61,545;12;2
2/2;1649;2025-12-15T18:00:00;7892;LL;низ;4285,515;4313,085;64,770;7;1
2/2;1650;2025-12-15T21:00:00;7895;LH;верх;4317,810;4304,910;32,295;3;1
2/2;1651;2025-12-15T22:00:00;7896;HL;низ;4299,725;4304,445;18,085;1;1
2/2;1652;2025-12-16T03:00:00;7900;HH;верх;4318,035;4291,005;18,310;4;1
2/2;1653;2025-12-16T07:00:00;7904;LL;низ;4271,575;4287,655;46,460;4;2
2/2;1654;2025-12-16T17:00:00;7914;HH;верх;4335,185;4303,725;63,610;10;1
2/2;1655;2025-12-16T18:00:00;7915;HL;низ;4291,410;4311,370;43,775;1;1
2/2;1656;2025-12-16T21:00:00;7918;LH;верх;4315,920;4302,225;24,510;3;1
2/2;1657;2025-12-16T21:00:00;7918;HL;низ;4296,810;4302,225;19,110;0;1
2/2;1658;2025-12-17T07:00:00;7927;HH;верх;4342,580;4317,835;45,770;9;1
2/2;1659;2025-12-17T12:00:00;7932;HL;низ;4306,515;4317,570;36,065;5;1
2/2;1660;2025-12-17T17:00:00;7937;HH;верх;4349,280;4342,580;42,765;5;1
2/2;1661;2025-12-17T18:00:00;7938;HL;низ;4320,325;4336,250;28,955;1;1
2/2;1662;2025-12-17T20:00:00;7940;LH;верх;4346,610;4341,490;26,285;2;2
2/2;1663;2025-12-18T03:00:00;7946;HL;низ;4324,020;4333,340;22,590;6;2
2/2;1664;2025-12-18T09:00:00;7952;LH;верх;4337,785;4323,640;13,765;6;1
2/2;1665;2025-12-18T11:00:00;7954;LL;низ;4320,655;4325,735;17,130;2;1
2/2;1666;2025-12-18T15:00:00;7958;HH;верх;4343,185;4338,395;22,530;4;1
2/2;1667;2025-12-18T16:00:00;7959;LL;низ;4308,670;4360,415;34,515;1;1
2/2;1668;2025-12-18T18:00:00;7961;HH;верх;4374,655;4331,955;65,985;2;1
2/2;1669;2025-12-19T03:00:00;7969;HL;низ;4309,095;4318,120;65,560;8;3
2/2;1670;2025-12-19T11:00:00;7977;LH;верх;4333,670;4327,375;24,575;8;1
2/2;1671;2025-12-19T16:00:00;7982;HL;низ;4319,830;4349,935;13,840;5;1
2/2;1672;2025-12-19T20:00:00;7986;HH;верх;4356,625;4339,750;36,795;4;1
2/2;1673;2025-12-19T23:00:00;7989;HL;низ;4336,555;4365,165;20,070;3;1
2/2;1674;2025-12-22T09:00:00;7998;HH;верх;4420,515;4411,200;83,960;9;2
2/2;1675;2025-12-22T13:00:00;8002;HL;низ;4406,060;4423,865;14,455;4;2
2/2;1676;2025-12-22T19:00:00;8008;HH;верх;4442,270;4433,690;36,210;6;1
2/2;1677;2025-12-22T21:00:00;8010;HL;низ;4429,005;4443,740;13,265;2;1
2/2;1678;2025-12-23T04:00:00;8016;HH;верх;4497,685;4482,585;68,680;6;1
2/2;1679;2025-12-23T08:00:00;8020;HL;низ;4469,500;4490,055;28,185;4;1
2/2;1680;2025-12-23T10:00:00;8022;LH;верх;4493,490;4484,400;23,990;2;1
2/2;1681;2025-12-23T11:00:00;8023;HL;низ;4478,225;4493,655;15,265;1;1
2/2;1682;2025-12-23T15:00:00;8027;HH;верх;4497,635;4458,395;19,410;4;1
2/2;1683;2025-12-23T17:00:00;8029;LL;низ;4430,515;4472,965;67,120;2;2
2/2;1684;2025-12-24T03:00:00;8038;HH;верх;4526,150;4493,200;95,635;9;1
2/2;1685;2025-12-24T05:00:00;8040;HL;низ;4466,540;4488,645;59,610;2;2
2/2;1686;2025-12-24T12:00:00;8047;LH;верх;4500,035;4490,765;33,495;7;1
2/2;1687;2025-12-24T17:00:00;8052;LL;низ;4448,260;4480,745;51,775;5;1
2/2;1688;2025-12-26T01:00:00;8056;HH;верх;4536,740;4504,045;88,480;4;1
2/2;1689;2025-12-26T04:00:00;8059;HL;низ;4492,210;4509,190;44,530;3;1
2/2;1690;2025-12-26T12:00:00;8067;LH;верх;4523,750;4508,930;31,540;8;1
2/2;1691;2025-12-26T13:00:00;8068;HL;низ;4502,910;4525,195;20,840;1;1
2/2;1692;2025-12-26T18:00:00;8073;HH;верх;4550,150;4531,155;47,240;5;1
2/2;1693;2025-12-26T19:00:00;8074;HL;низ;4510,025;4523,810;40,125;1;1
2/2;1694;2025-12-29T01:00:00;8079;LH;верх;4548,350;4497,325;38,325;5;1
2/2;1695;2025-12-29T02:00:00;8080;LL;низ;4472,250;4512,425;76,100;1;1
2/2;1696;2025-12-29T05:00:00;8083;LH;верх;4520,610;4506,665;48,360;3;1
2/2;1697;2025-12-29T17:00:00;8095;LL;низ;4302,110;4328,255;218,500;12;3
2/2;1698;2025-12-30T09:00:00;8110;LH;верх;4383,445;4372,345;81,335;15;1
2/2;1699;2025-12-30T10:00:00;8111;HL;низ;4350,490;4384,880;32,955;1;1
2/2;1700;2025-12-30T15:00:00;8116;HH;верх;4404,375;4365,520;53,885;5;1
2/2;1701;2025-12-30T18:00:00;8119;HL;низ;4355,145;4364,840;49,230;3;1
2/2;1702;2025-12-30T19:00:00;8120;LH;верх;4382,125;4348,820;26,980;1;1
2/2;1703;2025-12-31T01:00:00;8125;LL;низ;4328,125;4365,995;54,000;5;1
2/2;1704;2025-12-31T03:00:00;8127;LH;верх;4373,590;4348,660;45,465;2;1
2/2;1705;2025-12-31T08:00:00;8132;LL;низ;4274,025;4307,740;99,565;5;1
2/2;1706;2025-12-31T11:00:00;8135;LH;верх;4337,480;4311,260;63,455;3;1
2/2;1707;2025-12-31T14:00:00;8138;HL;низ;4303,255;4346,030;34,225;3;1
2/2;1708;2025-12-31T16:00:00;8140;HH;верх;4353,445;4323,160;50,190;2;1
2/2;1709;2025-12-31T22:00:00;8146;HL;низ;4304,645;4348,260;48,800;6;1
2/2;1710;2026-01-02T15:00:00;8162;HH;верх;4402,295;4335,395;97,650;16;1
2/2;1711;2026-01-02T20:00:00;8167;HL;низ;4309,915;4331,685;92,380;5;1
2/2;1712;2026-01-05T12:00:00;8182;HH;верх;4440,055;4409,705;130,140;15;2
2/2;1713;2026-01-05T15:00:00;8185;HL;низ;4396,485;4448,500;43,570;3;1
2/2;1714;2026-01-05T17:00:00;8187;HH;верх;4455,770;4443,615;59,285;2;1
2/2;1715;2026-01-05T19:00:00;8189;HL;низ;4432,535;4439,735;23,235;2;1
2/2;1716;2026-01-06T01:00:00;8194;HH;верх;4460,285;4450,890;27,750;5;1
2/2;1717;2026-01-06T03:00:00;8196;LL;низ;4427,635;4467,700;32,650;2;1
2/2;1718;2026-01-06T07:00:00;8200;HH;верх;4474,265;4459,470;46,630;4;1
2/2;1719;2026-01-06T07:00:00;8200;HL;низ;4449,510;4459,470;24,755;0;1
2/2;1720;2026-01-06T10:00:00;8203;HH;верх;4475,790;4451,875;26,280;3;1
2/2;1721;2026-01-06T12:00:00;8205;LL;низ;4442,665;4463,785;33,125;2;2
2/2;1722;2026-01-07T01:00:00;8217;HH;верх;4500,560;4465,580;57,895;12;1
2/2;1723;2026-01-07T08:00:00;8224;LL;низ;4441,445;4468,420;59,115;7;2
2/2;1724;2026-01-07T10:00:00;8226;LH;верх;4474,875;4464,415;33,430;2;1
2/2;1725;2026-01-07T17:00:00;8233;LL;низ;4423,385;4451,930;51,490;7;1
2/2;1726;2026-01-07T18:00:00;8234;LH;верх;4468,370;4452,250;44,985;1;1
2/2;1727;2026-01-07T21:00:00;8237;HL;низ;4445,545;4456,650;22,825;3;1
2/2;1728;2026-01-08T02:00:00;8241;LH;верх;4466,485;4441,360;20,940;4;1
2/2;1729;2026-01-08T07:00:00;8246;LL;низ;4415,405;4431,085;51,080;5;1
2/2;1730;2026-01-08T09:00:00;8248;LH;верх;4439,765;4432,770;24,360;2;1
2/2;1731;2026-01-08T14:00:00;8253;LL;низ;4407,835;4433,175;31,930;5;1
2/2;1732;2026-01-08T19:00:00;8258;HH;верх;4465,745;4452,190;57,910;5;1
2/2;1733;2026-01-08T21:00:00;8260;HL;низ;4444,715;4477,565;21,030;2;1
2/2;1734;2026-01-09T01:00:00;8263;HH;верх;4479,735;4468,910;35,020;3;1
2/2;1735;2026-01-09T03:00:00;8265;HL;низ;4452,920;4464,180;26,815;2;2
2/2;1736;2026-01-09T08:00:00;8270;LH;верх;4477,545;4468,715;24,625;5;1
2/2;1737;2026-01-09T10:00:00;8272;HL;низ;4464,200;4472,675;13,345;2;1
2/2;1738;2026-01-09T11:00:00;8273;HH;верх;4477,700;4475,525;13,500;1;1
2/2;1739;2026-01-09T15:00:00;8277;LL;низ;4458,935;4512,430;18,765;4;1
2/2;1740;2026-01-09T17:00:00;8279;HH;верх;4517,250;4484,475;58,315;2;1
2/2;1741;2026-01-09T19:00:00;8281;HL;низ;4482,010;4499,380;35,240;2;1
2/2;1742;2026-01-12T02:00:00;8287;HH;верх;4601,695;4577,480;119,685;6;2
2/2;1743;2026-01-12T14:00:00;8299;HL;низ;4578,485;4602,245;23,210;12;1
2/2;1744;2026-01-12T18:00:00;8303;HH;верх;4630,190;4610,910;51,705;4;1
2/2;1745;2026-01-13T03:00:00;8311;LL;низ;4575,585;4594,285;54,605;8;1
2/2;1746;2026-01-13T07:00:00;8315;LH;верх;4602,195;4580,795;26,610;4;1
2/2;1747;2026-01-13T08:00:00;8316;LL;низ;4573,605;4592,960;28,590;1;1
2/2;1748;2026-01-13T10:00:00;8318;LH;верх;4597,095;4586,395;23,490;2;1
2/2;1749;2026-01-13T14:00:00;8322;HL;низ;4577,925;4629,800;19,170;4;1
2/2;1750;2026-01-13T16:00:00;8324;HH;верх;4634,890;4613,565;56,965;2;1
2/2;1751;2026-01-13T22:00:00;8330;LL;низ;4569,470;4597,105;65,420;6;1
2/2;1752;2026-01-14T14:00:00;8345;HH;верх;4641,985;4617,520;72,515;15;2
2/2;1753;2026-01-14T17:00:00;8348;HL;низ;4599,500;4614,400;42,485;3;1
2/2;1754;2026-01-14T21:00:00;8352;HH;верх;4642,970;4626,575;43,470;4;1
2/2;1755;2026-01-15T05:00:00;8359;LL;низ;4581,065;4595,350;61,905;7;1
2/2;1756;2026-01-15T13:00:00;8367;LH;верх;4623,110;4588,325;42,045;8;2
2/2;1757;2026-01-15T15:00:00;8369;HL;низ;4581,625;4615,545;41,485;2;1
2/2;1758;2026-01-15T18:00:00;8372;HH;верх;4625,015;4617,690;43,390;3;2
2/2;1759;2026-01-15T22:00:00;8376;HL;низ;4600,710;4610,365;24,305;4;1
2/2;1760;2026-01-16T01:00:00;8378;LH;верх;4620,975;4600,620;20,265;2;1
2/2;1761;2026-01-16T04:00:00;8381;LL;низ;4591,370;4601,265;29,605;3;1
2/2;1762;2026-01-16T07:00:00;8384;LH;верх;4616,315;4607,645;24,945;3;1
2/2;1763;2026-01-16T08:00:00;8385;HL;низ;4594,095;4603,345;22,220;1;1
2/2;1764;2026-01-16T17:00:00;8394;HH;верх;4620,390;4581,510;26,295;9;2
2/2;1765;2026-01-16T17:00:00;8394;LL;низ;4536,490;4581,510;83,900;0;1
2/2;1766;2026-01-19T01:00:00;8401;HH;верх;4690,940;4657,285;154,450;7;1
2/2;1767;2026-01-19T04:00:00;8404;HL;низ;4653,225;4663,360;37,715;3;1
2/2;1768;2026-01-19T08:00:00;8408;LH;верх;4679,110;4663,570;25,885;4;1
2/2;1769;2026-01-19T13:00:00;8413;HL;низ;4659,730;4666,175;19,380;5;1
2/2;1770;2026-01-19T20:00:00;8420;HH;верх;4680,405;4665,360;20,675;7;1
2/2;1771;2026-01-20T02:00:00;8423;LL;низ;4659,395;4668,815;21,010;3;1
2/2;1772;2026-01-20T11:00:00;8432;HH;верх;4737,570;4733,245;78,175;9;1
2/2;1773;2026-01-20T15:00:00;8436;HL;низ;4715,035;4737,675;22,535;4;1
2/2;1774;2026-01-20T21:00:00;8442;HH;верх;4766,400;4763,370;51,365;6;1
2/2;1775;2026-01-20T22:00:00;8443;HL;низ;4747,360;4775,990;19,040;1;1
2/2;1776;2026-01-21T08:00:00;8452;HH;верх;4888,545;4854,735;141,185;9;1
2/2;1777;2026-01-21T09:00:00;8453;HL;низ;4832,725;4860,415;55,820;1;1
2/2;1778;2026-01-21T16:00:00;8460;LH;верх;4880,935;4833,630;48,210;7;3
2/2;1779;2026-01-21T21:00:00;8465;LL;низ;4755,075;4831,380;125,860;5;2
2/2;1780;2026-01-22T09:00:00;8476;LH;верх;4839,710;4823,185;84,635;11;1
2/2;1781;2026-01-22T15:00:00;8482;HL;низ;4810,740;4871,820;28,970;6;2
2/2;1782;2026-01-23T03:00:00;8493;HH;верх;4967,520;4952,075;156,780;11;2
2/2;1783;2026-01-23T11:00:00;8501;HL;низ;4899,795;4922,875;67,725;8;1
2/2;1784;2026-01-23T18:00:00;8508;HH;верх;4988,440;4966,850;88,645;7;1
2/2;1785;2026-01-23T20:00:00;8510;HL;низ;4958,345;4981,055;30,095;2;1
2/2;1786;2026-01-26T04:00:00;8517;HH;верх;5092,975;5070,385;134,630;7;1
2/2;1787;2026-01-26T07:00:00;8520;HL;низ;5052,365;5089,060;40,610;3;1
2/2;1788;2026-01-26T08:00:00;8521;HH;верх;5111,510;5083,480;59,145;1;3
2/2;1789;2026-01-26T15:00:00;8528;HL;низ;5054,670;5090,845;56,840;7;1
2/2;1790;2026-01-26T18:00:00;8531;LH;верх;5105,340;5069,040;50,670;3;1
2/2;1791;2026-01-26T23:00:00;8536;LL;низ;4990,215;5033,115;115,125;5;1
2/2;1792;2026-01-27T04:00:00;8540;LH;верх;5079,810;5067,800;89,595;4;1
2/2;1793;2026-01-27T07:00:00;8543;HL;низ;5057,195;5085,965;22,615;3;1
2/2;1794;2026-01-27T09:00:00;8545;HH;верх;5100,840;5098,325;43,645;2;1
2/2;1795;2026-01-27T13:00:00;8549;HL;низ;5066,640;5077,555;34,200;4;2
2/2;1796;2026-01-27T15:00:00;8551;LH;верх;5093,145;5090,905;26,505;2;1
2/2;1797;2026-01-27T16:00:00;8552;LL;низ;5046,840;5087,470;46,305;1;1
2/2;1798;2026-01-27T18:00:00;8554;HH;верх;5103,355;5088,110;56,515;2;1
2/2;1799;2026-01-27T20:00:00;8556;HL;низ;5076,450;5176,650;26,905;2;1
2/2;1800;2026-01-27T23:00:00;8559;HH;верх;5190,510;5172,025;114,060;3;1
2/2;1801;2026-01-28T02:00:00;8561;HL;низ;5157,210;5232,245;33,300;2;1
2/2;1802;2026-01-28T10:00:00;8569;HH;верх;5311,665;5269,970;154,455;8;1
2/2;1803;2026-01-28T17:00:00;8576;HL;низ;5235,750;5298,110;75,915;7;3
2/2;1804;2026-01-29T01:00:00;8583;HH;верх;5602,225;5545,785;366,475;7;2
2/2;1805;2026-01-29T13:00:00;8595;HL;низ;5470,900;5510,785;131,325;12;2
2/2;1806;2026-01-29T16:00:00;8598;LH;верх;5549,565;5264,550;78,665;3;1
2/2;1807;2026-01-29T17:00:00;8599;LL;низ;5097,215;5335,370;452,350;1;2
2/2;1808;2026-01-30T02:00:00;8607;LH;верх;5451,160;5225,075;353,945;8;1
2/2;1809;2026-01-30T04:00:00;8609;HL;низ;5112,105;5215,065;339,055;2;1
2/2;1810;2026-01-30T07:00:00;8612;LH;верх;5241,850;5181,080;129,745;3;1
2/2;1811;2026-01-30T11:00:00;8616;LL;низ;4941,500;5135,910;300,350;4;1
2/2;1812;2026-01-30T14:00:00;8619;LH;верх;5145,980;5033,255;204,480;3;1
2/2;1813;2026-02-02T08:00:00;8636;LL;низ;4402,380;4641,065;743,600;17;3
2/2;1814;2026-02-02T14:00:00;8642;LH;верх;4812,265;4718,945;409,885;6;1
2/2;1815;2026-02-02T18:00:00;8646;HL;низ;4596,740;4657,880;215,525;4;1
2/2;1816;2026-02-03T03:00:00;8654;HH;верх;4856,760;4809,505;260,020;8;1
2/2;1817;2026-02-03T04:00:00;8655;HL;низ;4745,680;4809,180;111,080;1;1
2/2;1818;2026-02-03T10:00:00;8661;HH;верх;4950,680;4902,570;205,000;6;1
2/2;1819;2026-02-03T13:00:00;8664;HL;низ;4883,690;4933,070;66,990;3;1
2/2;1820;2026-02-03T18:00:00;8669;HH;верх;4993,835;4908,430;110,145;5;2
2/2;1821;2026-02-03T21:00:00;8672;LL;низ;4880,595;4946,805;113,240;3;2
2/2;1822;2026-02-04T10:00:00;8684;HH;верх;5091,930;5048,700;211,335;12;1
2/2;1823;2026-02-04T13:00:00;8687;HL;низ;5013,770;5054,185;78,160;3;1
2/2;1824;2026-02-04T15:00:00;8689;LH;верх;5063,735;4920,410;49,965;2;1
2/2;1825;2026-02-04T18:00:00;8692;LL;низ;4848,405;4927,680;215,330;3;1
2/2;1826;2026-02-05T01:00:00;8698;LH;верх;5024,030;4959,135;175,625;6;1
2/2;1827;2026-02-05T05:00:00;8702;LL;низ;4789,655;4896,725;234,375;4;1
2/2;1828;2026-02-05T10:00:00;8707;LH;верх;4943,735;4877,325;154,080;5;1
2/2;1829;2026-02-05T17:00:00;8714;HL;низ;4800,535;4869,025;143,200;7;1
2/2;1830;2026-02-05T18:00:00;8715;LH;верх;4906,735;4858,130;106,200;1;1
2/2;1831;2026-02-06T02:00:00;8722;LL;низ;4655,230;4816,730;251,505;7;1
2/2;1832;2026-02-06T20:00:00;8740;HH;верх;4971,340;4953,330;316,110;18;3
2/2;1833;2026-02-06T22:00:00;8742;HL;низ;4936,690;5036,085;34,650;2;1
2/2;1834;2026-02-09T01:00:00;8744;HH;верх;5047,915;4983,005;111,225;2;1
2/2;1835;2026-02-09T04:00:00;8747;HL;низ;4968,885;5011,955;79,030;3;1
2/2;1836;2026-02-09T08:00:00;8751;LH;верх;5045,815;5027,560;76,930;4;1
2/2;1837;2026-02-09T09:00:00;8752;HL;низ;4997,855;5007,985;47,960;1;1
2/2;1838;2026-02-09T11:00:00;8754;LH;верх;5041,400;5010,830;43,545;2;1
2/2;1839;2026-02-09T12:00:00;8755;LL;низ;4982,495;5013,385;58,905;1;1
2/2;1840;2026-02-09T22:00:00;8765;HH;верх;5086,680;5031,995;104,185;10;2
2/2;1841;2026-02-10T01:00:00;8767;HL;низ;4987,385;5033,055;99,295;2;1
2/2;1842;2026-02-10T04:00:00;8770;LH;верх;5056,340;5031,725;68,955;3;1
2/2;1843;2026-02-10T07:00:00;8773;HL;низ;5011,445;5033,975;44,895;3;1
2/2;1844;2026-02-10T11:00:00;8777;HH;верх;5063,550;5056,135;52,105;4;1
2/2;1845;2026-02-10T14:00:00;8780;HL;низ;5019,935;5039,530;43,615;3;1
2/2;1846;2026-02-10T16:00:00;8782;HH;верх;5078,745;5023,940;58,810;2;1
2/2;1847;2026-02-10T17:00:00;8783;LL;низ;4998,950;5026,605;79,795;1;2
2/2;1848;2026-02-11T01:00:00;8790;LH;верх;5054,855;5052,600;55,905;7;1
2/2;1849;2026-02-11T07:00:00;8796;HL;низ;5043,800;5055,505;11,055;6;2
2/2;1850;2026-02-11T14:00:00;8803;HH;верх;5119,345;5059,445;75,545;7;1
2/2;1851;2026-02-11T15:00:00;8804;LL;низ;5019,715;5060,070;99,630;1;1
2/2;1852;2026-02-11T19:00:00;8808;LH;верх;5099,315;5081,990;79,600;4;2
2/2;1853;2026-02-12T03:00:00;8815;HL;низ;5045,445;5056,995;53,870;7;1
2/2;1854;2026-02-12T07:00:00;8819;LH;верх;5078,420;5064,085;32,975;4;1
2/2;1855;2026-02-12T08:00:00;8820;HL;низ;5047,130;5068,625;31,290;1;1
2/2;1856;2026-02-12T15:00:00;8827;HH;верх;5083,855;5060,570;36,725;7;2
2/2;1857;2026-02-12T18:00:00;8830;LL;низ;4878,500;4935,625;205,355;3;2
2/2;1858;2026-02-13T06:00:00;8841;LH;верх;4997,555;4967,640;119,055;11;1
2/2;1859;2026-02-13T07:00:00;8842;HL;низ;4944,930;4975,045;52,625;1;1
2/2;1860;2026-02-13T10:00:00;8845;LH;верх;4989,695;4950,100;44,765;3;1
2/2;1861;2026-02-13T13:00:00;8848;LL;низ;4933,635;4987,260;56,060;3;1
2/2;1862;2026-02-13T23:00:00;8858;HH;верх;5046,480;5015,620;112,845;10;1
2/2;1863;2026-02-16T07:00:00;8865;HL;низ;4964,865;5007,400;81,615;7;1
2/2;1864;2026-02-16T11:00:00;8869;LH;верх;5017,445;5004,750;52,580;4;1
2/2;1865;2026-02-16T17:00:00;8875;HL;низ;4969,110;4991,765;48,335;6;1
2/2;1866;2026-02-17T01:00:00;8880;LH;верх;5001,240;4957,605;32,130;5;1
2/2;1867;2026-02-17T07:00:00;8886;LL;низ;4859,200;4917,100;142,040;6;3
2/2;1868;2026-02-17T14:00:00;8893;LH;верх;4944,700;4863,325;85,500;7;1
2/2;1869;2026-02-17T16:00:00;8895;LL;низ;4842,600;4869,330;102,100;2;1
2/2;1870;2026-02-17T20:00:00;8899;LH;верх;4910,900;4877,790;68,300;4;1
2/2;1871;2026-02-18T01:00:00;8903;HL;низ;4854,240;4889,980;56,660;4;1
2/2;1872;2026-02-18T09:00:00;8911;HH;верх;4942,490;4917,425;88,250;8;2
2/2;1873;2026-02-18T13:00:00;8915;HL;низ;4906,425;4954,780;36,065;4;1
2/2;1874;2026-02-18T18:00:00;8920;HH;верх;5010,915;4987,445;104,490;5;1
2/2;1875;2026-02-18T21:00:00;8923;HL;низ;4972,870;4977,260;38,045;3;1
2/2;1876;2026-02-19T01:00:00;8926;LH;верх;4988,860;4973,140;15,990;3;1
2/2;1877;2026-02-19T02:00:00;8927;LL;низ;4960,645;4968,345;28,215;1;1
2/2;1878;2026-02-19T10:00:00;8935;HH;верх;5022,170;4993,405;61,525;8;1
2/2;1879;2026-02-19T16:00:00;8941;HL;низ;4963,445;4995,150;58,725;6;1
2/2;1880;2026-02-19T17:00:00;8942;HH;верх;5022,385;4985,165;58,940;1;1
2/2;1881;2026-02-19T20:00:00;8945;HL;низ;4975,410;5001,840;46,975;3;2
2/2;1882;2026-02-20T03:00:00;8951;LH;верх;5014,865;4988,690;39,455;6;1
2/2;1883;2026-02-20T05:00:00;8953;HL;низ;4981,670;5012,185;33,195;2;2
2/2;1884;2026-02-20T11:00:00;8959;HH;верх;5042,740;5017,435;61,070;6;1
2/2;1885;2026-02-20T17:00:00;8965;HL;низ;4990,585;5073,120;52,155;6;2
2/2;1886;2026-02-23T04:00:00;8975;HH;верх;5176,950;5160,955;186,365;10;2
2/2;1887;2026-02-23T10:00:00;8981;HL;низ;5122,220;5162,925;54,730;6;2
2/2;1888;2026-02-24T01:00:00;8995;HH;верх;5250,005;5177,375;127,785;14;2
2/2;1889;2026-02-24T16:00:00;9010;LL;низ;5093,225;5141,975;156,780;15;3
2/2;1890;2026-02-24T22:00:00;9016;LH;верх;5173,310;5146,750;80,085;6;1
2/2;1891;2026-02-25T01:00:00;9018;HL;низ;5128,285;5176,685;45,025;2;1
2/2;1892;2026-02-25T07:00:00;9024;HH;верх;5210,680;5184,600;82,395;6;2
2/2;1893;2026-02-25T13:00:00;9030;HL;низ;5155,095;5185,205;55,585;6;2
2/2;1894;2026-02-25T19:00:00;9036;HH;верх;5217,780;5205,070;62,685;6;1
2/2;1895;2026-02-25T22:00:00;9039;LL;низ;5144,905;5163,270;72,875;3;1
2/2;1896;2026-02-26T07:00:00;9047;LH;верх;5205,640;5186,105;60,735;8;3
2/2;1897;2026-02-26T17:00:00;9057;LL;низ;5130,235;5167,345;75,405;10;2
2/2;1898;2026-02-26T22:00:00;9062;LH;верх;5201,005;5184,760;70,770;5;1
2/2;1899;2026-02-27T03:00:00;9066;HL;низ;5166,995;5183,975;34,010;4;1
2/2;1900;2026-02-27T07:00:00;9070;LH;верх;5200,640;5176,035;33,645;4;2
2/2;1901;2026-02-27T12:00:00;9075;HL;низ;5168,685;5187,695;31,955;5;1
2/2;1902;2026-03-02T01:00:00;9087;HH;верх;5394,005;5325,440;225,320;12;2
2/2;1903;2026-03-02T03:00:00;9089;HL;низ;5303,390;5366,460;90,615;2;2
2/2;1904;2026-03-02T09:00:00;9095;HH;верх;5419,660;5392,110;116,270;6;1
2/2;1905;2026-03-02T13:00:00;9099;HL;низ;5374,370;5394,080;45,290;4;1
2/2;1906;2026-03-02T15:00:00;9101;LH;верх;5417,045;5315,605;42,675;2;1
2/2;1907;2026-03-02T18:00:00;9104;LL;низ;5260,285;5315,515;156,760;3;1
2/2;1908;2026-03-03T03:00:00;9112;LH;верх;5379,975;5367,525;119,690;8;1
2/2;1909;2026-03-03T04:00:00;9113;HL;низ;5332,940;5361,210;47,035;1;1
2/2;1910;2026-03-03T06:00:00;9115;LH;верх;5375,865;5310,690;42,925;2;1
2/2;1911;2026-03-03T08:00:00;9117;LL;низ;5279,005;5295,900;96,860;2;1
2/2;1912;2026-03-03T10:00:00;9119;LH;верх;5336,120;5248,500;57,115;2;1
2/2;1913;2026-03-03T17:00:00;9126;LL;низ;4996,275;5079,630;339,845;7;2
2/2;1914;2026-03-03T21:00:00;9130;LH;верх;5149,055;5088,835;152,780;4;1
2/2;1915;2026-03-03T23:00:00;9132;HL;низ;5083,450;5139,095;65,605;2;1
2/2;1916;2026-03-04T04:00:00;9136;HH;верх;5191,065;5156,930;107,615;4;1
2/2;1917;2026-03-04T08:00:00;9140;HL;низ;5117,720;5167,775;73,345;4;1
2/2;1918;2026-03-04T14:00:00;9146;HH;верх;5206,265;5147,475;88,545;6;1
2/2;1919;2026-03-04T20:00:00;9152;LL;низ;5108,640;5134,810;97,625;6;1
2/2;1920;2026-03-05T05:00:00;9160;LH;верх;5195,220;5148,755;86,580;8;1
2/2;1921;2026-03-05T08:00:00;9163;HL;низ;5120,785;5165,625;74,435;3;1
2/2;1922;2026-03-05T11:00:00;9166;LH;верх;5180,480;5164,035;59,695;3;2
2/2;1923;2026-03-05T20:00:00;9175;LL;низ;5050,905;5076,855;129,575;9;1
2/2;1924;2026-03-06T03:00:00;9181;LH;верх;5144,050;5131,210;93,145;6;1
2/2;1925;2026-03-06T03:00:00;9181;HL;низ;5066,400;5131,210;77,650;0;1
2/2;1926;2026-03-06T10:00:00;9188;LH;верх;5123,160;5091,130;56,760;7;1
2/2;1927;2026-03-06T13:00:00;9191;LL;низ;5063,215;5085,120;59,945;3;1
2/2;1928;2026-03-06T23:00:00;9201;HH;верх;5176,630;5076,010;113,415;10;2
2/2;1929;2026-03-09T03:00:00;9205;LL;низ;5015,045;5091,275;161,585;4;1
2/2;1930;2026-03-09T07:00:00;9209;LH;верх;5140,790;5099,085;125,745;4;1
2/2;1931;2026-03-09T07:00:00;9209;HL;низ;5081,185;5099,085;59,605;0;1
2/2;1932;2026-03-09T11:00:00;9213;LH;верх;5132,765;5088,305;51,580;4;2
2/2;1933;2026-03-09T16:00:00;9218;LL;низ;5060,595;5104,740;72,170;5;3
2/2;1934;2026-03-10T04:00:00;9229;HH;верх;5187,055;5163,845;126,460;11;1
2/2;1935;2026-03-10T06:00:00;9231;HL;низ;5154,470;5175,340;32,585;2;2
2/2;1936;2026-03-10T10:00:00;9235;HH;верх;5195,405;5177,180;40,935;4;1
2/2;1937;2026-03-10T12:00:00;9237;HL;низ;5156,500;5187,085;38,905;2;1
2/2;1938;2026-03-10T17:00:00;9242;HH;верх;5238,775;5227,575;82,275;5;1
2/2;1939;2026-03-10T20:00:00;9245;HL;низ;5160,650;5192,510;78,125;3;1
2/2;1940;2026-03-11T03:00:00;9251;LH;верх;5223,385;5203,440;62,735;6;2
2/2;1941;2026-03-11T10:00:00;9258;HL;низ;5175,350;5186,155;48,035;7;1
2/2;1942;2026-03-11T14:00:00;9262;LH;верх;5197,175;5183,380;21,825;4;1
2/2;1943;2026-03-11T15:00:00;9263;LL;низ;5149,155;5166,605;48,020;1;2
2/2;1944;2026-03-11T21:00:00;9269;LH;верх;5183,760;5139,130;34,605;6;1
2/2;1945;2026-03-12T02:00:00;9273;LL;низ;5125,640;5150,880;58,120;4;1
2/2;1946;2026-03-12T04:00:00;9275;LH;верх;5175,150;5142,700;49,510;2;1
2/2;1947;2026-03-12T07:00:00;9278;HL;низ;5137,170;5182,385;37,980;3;1
2/2;1948;2026-03-12T12:00:00;9283;HH;верх;5191,790;5181,625;54,620;5;2
2/2;1949;2026-03-12T22:00:00;9293;LL;низ;5055,125;5098,130;136,665;10;1
2/2;1950;2026-03-13T04:00:00;9298;LH;верх;5128,475;5104,590;73,350;5;1
2/2;1951;2026-03-13T10:00:00;9304;HL;низ;5061,720;5094,965;66,755;6;1
2/2;1952;2026-03-13T14:00:00;9308;LH;верх;5122,010;5042,025;60,290;4;1
2/2;1953;2026-03-16T01:00:00;9318;LL;низ;4967,775;5016,355;154,235;10;2
2/2;1954;2026-03-16T08:00:00;9325;LH;верх;5036,010;4991,305;68,235;7;1
2/2;1955;2026-03-16T12:00:00;9329;HL;низ;4970,230;5020,060;65,780;4;1
2/2;1956;2026-03-16T16:00:00;9333;HH;верх;5038,145;4990,740;67,915;4;1
2/2;1957;2026-03-16T18:00:00;9335;HL;низ;4974,235;5012,920;63,910;2;1
2/2;1958;2026-03-16T22:00:00;9339;LH;верх;5021,835;5012,930;47,600;4;1
2/2;1959;2026-03-17T03:00:00;9343;HL;низ;4994,935;5027,740;26,900;4;1
2/2;1960;2026-03-17T07:00:00;9347;HH;верх;5044,900;5021,460;49,965;4;1
2/2;1961;2026-03-17T08:00:00;9348;HL;низ;5005,040;5024,950;39,860;1;1
2/2;1962;2026-03-17T10:00:00;9350;LH;верх;5029,625;5000,415;24,585;2;1
2/2;1963;2026-03-17T12:00:00;9352;LL;низ;4992,060;5011,905;37,565;2;1
2/2;1964;2026-03-17T15:00:00;9355;HH;верх;5031,590;4997,980;39,530;3;1
2/2;1965;2026-03-17T17:00:00;9357;LL;низ;4973,720;5002,560;57,870;2;1
2/2;1966;2026-03-17T20:00:00;9360;LH;верх;5009,210;5005,725;35,490;3;1
2/2;1967;2026-03-18T00:00:00;9363;HL;низ;4993,390;5004,320;15,820;3;1
2/2;1968;2026-03-18T03:00:00;9366;HH;верх;5016,290;4991,570;22,900;3;1
2/2;1969;2026-03-18T06:00:00;9369;LL;низ;4981,830;5009,510;34,460;3;1
2/2;1970;2026-03-18T08:00:00;9371;HH;верх;5016,530;4987,645;34,700;2;1
2/2;1971;2026-03-18T15:00:00;9378;LL;низ;4834,380;4862,570;182,150;7;1
2/2;1972;2026-03-18T20:00:00;9383;LH;верх;4899,460;4818,415;65,080;5;1
2/2;1973;2026-03-19T00:00:00;9386;LL;низ;4804,225;4841,380;95,235;3;1
2/2;1974;2026-03-19T03:00:00;9389;LH;верх;4867,225;4851,000;63,000;3;1
2/2;1975;2026-03-19T15:00:00;9401;LL;низ;4502,365;4596,475;364,860;12;1
2/2;1976;2026-03-20T00:00:00;9409;LH;верх;4677,205;4648,745;174,840;8;1
2/2;1977;2026-03-20T01:00:00;9410;HL;низ;4634,355;4677,300;42,850;1;1
2/2;1978;2026-03-20T05:00:00;9414;HH;верх;4736,175;4688,335;101,820;4;1
2/2;1979;2026-03-20T08:00:00;9417;HL;низ;4661,305;4693,850;74,870;3;1
2/2;1980;2026-03-20T10:00:00;9419;LH;верх;4734,960;4645,465;73,655;2;2
2/2;1981;2026-03-20T20:00:00;9429;LL;низ;4477,540;4497,480;257,420;10;2
2/2;1982;2026-03-23T00:00:00;9432;LH;верх;4536,415;4354,325;58,875;3;1
2/2;1983;2026-03-23T09:00:00;9441;LL;низ;4099,125;4254,290;437,290;9;2
2/2;1984;2026-03-23T16:00:00;9448;LH;верх;4513,165;4375,790;414,040;7;1
2/2;1985;2026-03-23T17:00:00;9449;HL;низ;4350,630;4426,225;162,535;1;1
2/2;1986;2026-03-23T20:00:00;9452;LH;верх;4467,270;4406,505;116,640;3;2
2/2;1987;2026-03-24T04:00:00;9459;LL;низ;4305,880;4333,595;161,390;7;2
2/2;1988;2026-03-24T13:00:00;9468;LH;верх;4442,245;4381,670;136,365;9;2
2/2;1989;2026-03-24T15:00:00;9470;HL;низ;4351,090;4411,790;91,155;2;1
2/2;1990;2026-03-24T16:00:00;9471;LH;верх;4434,310;4421,485;83,220;1;1
2/2;1991;2026-03-24T19:00:00;9474;HL;низ;4372,655;4400,330;61,655;3;1
2/2;1992;2026-03-25T04:00:00;9482;HH;верх;4602,645;4573,020;229,990;8;1
2/2;1993;2026-03-25T08:00:00;9486;HL;низ;4533,145;4556,320;69,500;4;1
2/2;1994;2026-03-25T10:00:00;9488;LH;верх;4568,235;4558,870;35,090;2;1
2/2;1995;2026-03-25T11:00:00;9489;LL;низ;4527,890;4578,965;40,345;1;1
2/2;1996;2026-03-25T13:00:00;9491;HH;верх;4585,600;4544,970;57,710;2;1
2/2;1997;2026-03-25T14:00:00;9492;LL;низ;4521,880;4567,340;63,720;1;2
2/2;1998;2026-03-25T20:00:00;9498;LH;верх;4569,025;4506,845;47,145;6;1
2/2;1999;2026-03-25T21:00:00;9499;LL;низ;4486,590;4517,760;82,435;1;2
2/2;2000;2026-03-26T03:00:00;9504;LH;верх;4544,815;4517,165;58,225;5;1
2/2;2001;2026-03-26T10:00:00;9511;LL;низ;4412,440;4443,675;132,375;7;2
2/2;2002;2026-03-26T16:00:00;9517;LH;верх;4479,895;4389,375;67,455;6;1
2/2;2003;2026-03-26T18:00:00;9519;LL;низ;4366,950;4394,615;112,945;2;1
2/2;2004;2026-03-26T22:00:00;9523;LH;верх;4420,750;4405,110;53,800;4;1
2/2;2005;2026-03-26T22:00:00;9523;LL;низ;4351,355;4405,110;69,395;0;2
2/2;2006;2026-03-27T07:00:00;9531;HH;верх;4475,300;4447,915;123,945;8;1
2/2;2007;2026-03-27T13:00:00;9537;HL;низ;4404,580;4431,385;70,720;6;1
2/2;2008;2026-03-27T17:00:00;9541;HH;верх;4555,630;4486,875;151,050;4;1
2/2;2009;2026-03-30T03:00:00;9549;HL;низ;4417,430;4481,550;138,200;8;2
2/2;2010;2026-03-30T14:00:00;9560;HH;верх;4580,730;4523,535;163,300;11;2
2/2;2011;2026-03-31T03:00:00;9572;HL;низ;4482,660;4567,965;98,070;12;3
2/2;2012;2026-03-31T04:00:00;9573;HH;верх;4619,255;4557,490;136,595;1;2
2/2;2013;2026-03-31T10:00:00;9579;HL;низ;4543,510;4555,700;75,745;6;1
2/2;2014;2026-03-31T11:00:00;9580;LH;верх;4575,400;4547,050;31,890;1;1
2/2;2015;2026-03-31T13:00:00;9582;LL;низ;4529,545;4574,820;45,855;2;1
2/2;2016;2026-04-01T04:00:00;9596;HH;верх;4724,520;4682,000;194,975;14;1
2/2;2017;2026-04-01T07:00:00;9599;HL;низ;4667,195;4730,830;57,325;3;1
2/2;2018;2026-04-01T14:00:00;9606;HH;верх;4762,905;4738,355;95,710;7;2
2/2;2019;2026-04-01T16:00:00;9608;HL;низ;4716,280;4786,700;46,625;2;1
2/2;2020;2026-04-01T20:00:00;9612;HH;верх;4793,195;4766,205;76,915;4;1
2/2;2021;2026-04-01T21:00:00;9613;HL;низ;4742,170;4758,200;51,025;1;1
2/2;2022;2026-04-02T02:00:00;9617;HH;верх;4800,800;4696,105;58,630;4;1
2/2;2023;2026-04-02T09:00:00;9624;LL;низ;4553,850;4621,005;246,950;7;3
2/2;2024;2026-04-02T17:00:00;9632;LH;верх;4699,890;4659,215;146,040;8;2
2/2;2025;2026-04-06T03:00:00;9641;HL;низ;4600,850;4648,105;99,040;9;1
2/2;2026;2026-04-06T12:00:00;9650;HH;верх;4706,875;4677,940;106,025;9;2
2/2;2027;2026-04-06T15:00:00;9653;HL;низ;4659,655;4682,840;47,220;3;1
2/2;2028;2026-04-06T17:00:00;9655;LH;верх;4697,780;4660,515;38,125;2;1
2/2;2029;2026-04-06T22:00:00;9660;LL;низ;4645,805;4658,505;51,975;5;1
2/2;2030;2026-04-07T01:00:00;9662;LH;верх;4667,970;4655,230;22,165;2;2
2/2;2031;2026-04-07T04:00:00;9665;LL;низ;4616,530;4649,660;51,440;3;1
2/2;2032;2026-04-07T07:00:00;9668;LH;верх;4664,120;4653,585;47,590;3;1
2/2;2033;2026-04-07T08:00:00;9669;HL;низ;4623,475;4646,315;40,645;1;1
2/2;2034;2026-04-07T12:00:00;9673;HH;верх;4694,905;4659,805;71,430;4;1
2/2;2035;2026-04-07T17:00:00;9678;LL;низ;4607,630;4657,290;87,275;5;2
2/2;2036;2026-04-08T03:00:00;9687;HH;верх;4858,215;4804,220;250,585;9;1
2/2;2037;2026-04-08T04:00:00;9688;HL;низ;4788,120;4797,790;70,095;1;2
2/2;2038;2026-04-08T08:00:00;9692;LH;верх;4843,900;4813,600;55,780;4;2
2/2;2039;2026-04-09T03:00:00;9710;LL;низ;4698,725;4718,985;145,175;18;3
2/2;2040;2026-04-09T05:00:00;9712;LH;верх;4733,040;4720,920;34,315;2;1
2/2;2041;2026-04-09T09:00:00;9716;HL;низ;4703,580;4726,170;29,460;4;1
2/2;2042;2026-04-09T20:00:00;9727;HH;верх;4801,390;4768,865;97,810;11;2
2/2;2043;2026-04-10T05:00:00;9735;HL;низ;4738,105;4758,520;63,285;8;1
2/2;2044;2026-04-10T07:00:00;9737;LH;верх;4770,900;4746,070;32,795;2;1
2/2;2045;2026-04-10T11:00:00;9741;LL;низ;4730,740;4757,265;40,160;4;1
2/2;2046;2026-04-10T17:00:00;9747;HH;верх;4794,980;4763,840;64,240;6;1
2/2;2047;2026-04-10T19:00:00;9749;HL;низ;4747,375;4765,435;47,605;2;1
2/2;2048;2026-04-10T21:00:00;9751;LH;верх;4773,350;4749,685;25,975;2;1
2/2;2049;2026-04-13T02:00:00;9755;LL;низ;4644,465;4721,255;128,885;4;1
2/2;2050;2026-04-13T04:00:00;9757;LH;верх;4728,225;4718,170;83,760;2;1
2/2;2051;2026-04-13T07:00:00;9760;HL;низ;4708,640;4725,655;19,585;3;1
2/2;2052;2026-04-13T10:00:00;9763;HH;верх;4740,030;4714,905;31,390;3;1
2/2;2053;2026-04-13T14:00:00;9767;LL;низ;4703,375;4730,795;36,655;4;1
2/2;2054;2026-04-13T16:00:00;9769;HH;верх;4744,640;4714,450;41,265;2;1
2/2;2055;2026-04-13T18:00:00;9771;LL;низ;4700,565;4730,110;44,075;2;1
2/2;2056;2026-04-14T04:00:00;9780;HH;верх;4777,385;4768,250;76,820;9;2
2/2;2057;2026-04-14T08:00:00;9784;HL;низ;4757,855;4777,160;19,530;4;1
2/2;2058;2026-04-14T10:00:00;9786;HH;верх;4796,630;4778,235;38,775;2;1
2/2;2059;2026-04-14T13:00:00;9789;LL;низ;4751,220;4771,480;45,410;3;1
2/2;2060;2026-04-15T04:00:00;9803;HH;верх;4871,380;4823,925;120,160;14;3
2/2;2061;2026-04-15T12:00:00;9811;HL;низ;4786,080;4812,635;85,300;8;1
2/2;2062;2026-04-15T17:00:00;9816;LH;верх;4830,615;4803,985;44,535;5;1
2/2;2063;2026-04-15T18:00:00;9817;HL;низ;4787,145;4792,640;43,470;1;2
2/2;2064;2026-04-16T08:00:00;9830;HH;верх;4838,560;4821,200;51,415;13;2
2/2;2065;2026-04-16T13:00:00;9835;HL;низ;4805,165;4816,265;33,395;5;1
2/2;2066;2026-04-16T16:00:00;9838;LH;верх;4824,040;4807,090;18,875;3;1
2/2;2067;2026-04-16T17:00:00;9839;LL;низ;4772,575;4792,095;51,465;1;2
2/2;2068;2026-04-17T03:00:00;9848;LH;верх;4801,300;4784,695;28,725;9;2
2/2;2069;2026-04-17T04:00:00;9849;LL;низ;4767,845;4793,255;33,455;1;1
2/2;2070;2026-04-17T08:00:00;9853;HH;верх;4806,200;4784,570;38,355;4;1
2/2;2071;2026-04-17T10:00:00;9855;HL;низ;4778,810;4790,440;27,390;2;1
2/2;2072;2026-04-17T16:00:00;9861;HH;верх;4891,540;4867,445;112,730;6;1
2/2;2073;2026-04-20T02:00:00;9870;LL;низ;4736,830;4807,795;154,710;9;1
2/2;2074;2026-04-20T04:00:00;9872;LH;верх;4814,460;4791,020;77,630;2;1
2/2;2075;2026-04-20T08:00:00;9876;HL;низ;4779,540;4789,640;34,920;4;1
2/2;2076;2026-04-20T10:00:00;9878;LH;верх;4805,795;4791,885;26,255;2;1
2/2;2077;2026-04-20T12:00:00;9880;HL;низ;4783,720;4810,530;22,075;2;1
2/2;2078;2026-04-20T17:00:00;9885;HH;верх;4827,695;4805,550;43,975;5;1
2/2;2079;2026-04-20T17:00:00;9885;HL;низ;4792,615;4805,550;35,080;0;1
2/2;2080;2026-04-21T01:00:00;9892;HH;верх;4833,405;4823,895;40,790;7;1
2/2;2081;2026-04-21T10:00:00;9901;LL;низ;4772,885;4783,870;60,520;9;1
2/2;2082;2026-04-21T14:00:00;9905;LH;верх;4798,030;4779,470;25,145;4;2
2/2;2083;2026-04-21T22:00:00;9913;LL;низ;4668,620;4719,630;129,410;8;2
2/2;2084;2026-04-22T10:00:00;9924;LH;верх;4772,385;4755,335;103,765;11;2
2/2;2085;2026-04-22T19:00:00;9933;HL;низ;4723,995;4741,810;48,390;9;1
2/2;2086;2026-04-23T03:00:00;9940;LH;верх;4754,200;4699,095;30,205;7;2
2/2;2087;2026-04-23T08:00:00;9945;LL;низ;4692,485;4719,275;61,715;5;2
2/2;2088;2026-04-23T11:00:00;9948;LH;верх;4725,115;4696,820;32,630;3;1
2/2;2089;2026-04-23T13:00:00;9950;LL;низ;4684,265;4740,125;40,850;2;1
2/2;2090;2026-04-23T15:00:00;9952;HH;верх;4743,200;4733,705;58,935;2;1
2/2;2091;2026-04-23T20:00:00;9957;LL;низ;4664,380;4696,080;78,820;5;2
2/2;2092;2026-04-24T04:00:00;9964;LH;верх;4711,230;4672,380;46,850;7;1
2/2;2093;2026-04-24T07:00:00;9967;LL;низ;4658,030;4671,975;53,200;3;1
2/2;2094;2026-04-24T11:00:00;9971;LH;верх;4697,550;4677,935;39,520;4;1
2/2;2095;2026-04-24T13:00:00;9973;HL;низ;4674,880;4700,640;22,670;2;1
2/2;2096;2026-04-24T17:00:00;9977;HH;верх;4740,570;4726,980;65,690;4;1
2/2;2097;2026-04-27T03:00:00;9986;LL;низ;4672,405;4718,290;68,165;9;1
2/2;2098;2026-04-27T07:00:00;9990;LH;верх;4729,965;4712,780;57,560;4;1
2/2;2099;2026-04-27T12:00:00;9995;HL;низ;4699,300;4705,120;30,665;5;2
2/2;2100;2026-04-27T15:00:00;9998;LH;верх;4712,655;4678,240;13,355;3;1
2/2;2101;2026-04-27T18:00:00;10001;LL;низ;4667,335;4682,240;45,320;3;1
2/2;2102;2026-04-28T03:00:00;10009;LH;верх;4701,640;4669,170;34,305;8;2
2/2;2103;2026-04-28T15:00:00;10021;LL;низ;4555,135;4574,645;146,505;12;2
2/2;2104;2026-04-29T03:00:00;10032;LH;верх;4610,535;4593,710;55,400;11;2
2/2;2105;2026-04-29T04:00:00;10033;HL;низ;4575,720;4595,710;34,815;1;1
2/2;2106;2026-04-29T08:00:00;10037;LH;верх;4607,725;4567,930;32,005;4;1
2/2;2107;2026-04-29T16:00:00;10045;LL;низ;4510,095;4547,770;97,630;8;2
2/2;2108;2026-04-29T19:00:00;10048;LH;верх;4564,985;4538,240;54,890;3;1
2/2;2109;2026-04-29T21:00:00;10050;HL;низ;4518,335;4543,715;46,650;2;1
2/2;2110;2026-04-30T04:00:00;10056;HH;верх;4582,585;4556,070;64,250;6;1
2/2;2111;2026-04-30T07:00:00;10059;HL;низ;4540,925;4589,660;41,660;3;1
2/2;2112;2026-04-30T13:00:00;10065;HH;верх;4647,045;4639,610;106,120;6;1
2/2;2113;2026-04-30T19:00:00;10071;HL;низ;4605,480;4622,635;41,565;6;1
2/2;2114;2026-05-01T02:00:00;10077;LH;верх;4634,145;4621,020;28,665;6;1
2/2;2115;2026-05-01T04:00:00;10079;HL;низ;4614,150;4626,735;19,995;2;1
2/2;2116;2026-05-01T05:00:00;10080;HH;верх;4635,940;4609,265;21,790;1;1
2/2;2117;2026-05-01T12:00:00;10087;LL;низ;4560,320;4578,865;75,620;7;1
2/2;2118;2026-05-01T17:00:00;10092;HH;верх;4660,585;4638,810;100,265;5;1
2/2;2119;2026-05-01T23:00:00;10098;HL;низ;4607,220;4613,965;53,365;6;1
2/2;2120;2026-05-04T01:00:00;10099;LH;верх;4629,465;4613,170;22,245;1;2
2/2;2121;2026-05-04T13:00:00;10111;LL;низ;4526,090;4568,490;103,375;12;2
2/2;2122;2026-05-04T17:00:00;10115;LH;верх;4583,380;4510,695;57,290;4;1
2/2;2123;2026-05-04T19:00:00;10117;LL;низ;4501,035;4516,400;82,345;2;2
2/2;2124;2026-05-05T05:00:00;10126;LH;верх;4546,940;4533,670;45,905;9;1
2/2;2125;2026-05-05T07:00:00;10128;HL;низ;4528,030;4548,340;18,910;2;2
2/2;2126;2026-05-05T17:00:00;10138;HH;верх;4586,605;4561,295;58,575;10;1
2/2;2127;2026-05-06T01:00:00;10145;HL;низ;4546,360;4618,800;40,245;7;1
2/2;2128;2026-05-06T13:00:00;10157;HH;верх;4723,140;4683,290;176,780;12;1
2/2;2129;2026-05-06T15:00:00;10159;HL;низ;4660,435;4703,205;62,705;2;1
2/2;2130;2026-05-06T17:00:00;10161;LH;верх;4717,625;4683,210;57,190;2;1
2/2;2131;2026-05-06T20:00:00;10164;HL;низ;4679,145;4692,480;38,480;3;1
2/2;2132;2026-05-07T04:00:00;10171;HH;верх;4721,530;4699,380;42,385;7;2
2/2;2133;2026-05-07T04:00:00;10171;HL;низ;4685,275;4699,380;36,255;0;2
2/2;2134;2026-05-07T11:00:00;10178;HH;верх;4753,435;4735,795;68,160;7;1
2/2;2135;2026-05-07T12:00:00;10179;HL;низ;4721,840;4742,845;31,595;1;1
2/2;2136;2026-05-07T18:00:00;10185;HH;верх;4764,905;4711,440;43,065;6;1
2/2;2137;2026-05-07T20:00:00;10187;LL;низ;4687,920;4703,045;76,985;2;1
2/2;2138;2026-05-07T23:00:00;10190;LH;верх;4719,195;4704,405;31,275;3;1
2/2;2139;2026-05-08T01:00:00;10191;LL;низ;4682,045;4701,380;37,150;1;1
2/2;2140;2026-05-08T09:00:00;10199;HH;верх;4734,895;4715,760;52,850;8;2
2/2;2141;2026-05-08T10:00:00;10200;HL;низ;4697,045;4712,015;37,850;1;2
2/2;2142;2026-05-08T17:00:00;10207;HH;верх;4749,580;4712,525;52,535;7;1
2/2;2143;2026-05-08T18:00:00;10208;HL;низ;4702,055;4720,960;47,525;1;1
2/2;2144;2026-05-08T21:00:00;10211;LH;верх;4729,025;4715,715;26,970;3;1
2/2;2145;2026-05-11T03:00:00;10216;LL;низ;4670,505;4681,985;58,520;5;1
2/2;2146;2026-05-11T04:00:00;10217;LH;верх;4705,560;4678,750;35,055;1;1
2/2;2147;2026-05-11T08:00:00;10221;LL;низ;4648,090;4667,860;57,470;4;2
2/2;2148;2026-05-11T16:00:00;10229;HH;верх;4748,950;4732,360;100,860;8;1
2/2;2149;2026-05-11T19:00:00;10232;HL;низ;4708,005;4725,085;40,945;3;1
2/2;2150;2026-05-12T03:00:00;10239;HH;верх;4773,575;4730,020;65,570;7;1
2/2;2151;2026-05-12T13:00:00;10249;LL;низ;4685,280;4705,740;88,295;10;2
2/2;2152;2026-05-12T15:00:00;10251;LH;верх;4711,680;4673,000;26,400;2;1
2/2;2153;2026-05-12T18:00:00;10254;LL;низ;4638,365;4678,840;73,315;3;1
2/2;2154;2026-05-13T03:00:00;10262;HH;верх;4727,030;4692,010;88,665;8;1
2/2;2155;2026-05-13T05:00:00;10264;HL;низ;4687,705;4699,570;39,325;2;1
2/2;2156;2026-05-13T09:00:00;10268;LH;верх;4715,385;4700,605;27,680;4;1
2/2;2157;2026-05-13T12:00:00;10271;LL;низ;4685,905;4697,485;29,480;3;1
2/2;2158;2026-05-13T13:00:00;10272;LH;верх;4710,585;4683,840;24,680;1;1
2/2;2159;2026-05-13T16:00:00;10275;LL;низ;4669,525;4695,715;41,060;3;1
2/2;2160;2026-05-13T19:00:00;10278;LH;верх;4709,900;4685,110;40,375;3;1
2/2;2161;2026-05-13T21:00:00;10280;HL;низ;4677,630;4689,140;32,270;2;1
2/2;2162;2026-05-14T07:00:00;10289;HH;верх;4712,685;4700,515;35,055;9;2
2/2;2163;2026-05-14T07:00:00;10289;LL;низ;4668,710;4700,515;43,975;0;1
2/2;2164;2026-05-14T10:00:00;10292;HH;верх;4718,880;4699,730;50,170;3;1
2/2;2165;2026-05-14T12:00:00;10294;HL;низ;4688,645;4694,205;30,235;2;1
2/2;2166;2026-05-14T15:00:00;10297;LH;верх;4710,165;4679,530;21,520;3;1
2/2;2167;2026-05-14T23:00:00;10305;LL;низ;4644,310;4652,150;65,855;8;2
2/2;2168;2026-05-15T02:00:00;10307;LH;верх;4665,445;4614,230;21,135;2;1
2/2;2169;2026-05-15T12:00:00;10317;LL;низ;4531,995;4552,180;133,450;10;2
2/2;2170;2026-05-15T13:00:00;10318;LH;верх;4572,775;4545,960;40,780;1;1
2/2;2171;2026-05-15T16:00:00;10321;LL;низ;4510,985;4539,950;61,790;3;1
2/2;2172;2026-05-15T17:00:00;10322;LH;верх;4566,735;4544,400;55,750;1;2
2/2;2173;2026-05-18T03:00:00;10331;LL;низ;4480,410;4533,815;86,325;9;2
2/2;2174;2026-05-18T10:00:00;10338;LH;верх;4560,095;4543,205;79,685;7;1
2/2;2175;2026-05-18T14:00:00;10342;HL;низ;4529,960;4575,750;30,135;4;1
2/2;2176;2026-05-18T16:00:00;10344;HH;верх;4584,375;4543,710;54,415;2;1
2/2;2177;2026-05-18T18:00:00;10346;HL;низ;4531,850;4546,935;52,525;2;1
2/2;2178;2026-05-19T03:00:00;10354;HH;верх;4589,580;4547,290;57,730;8;1
2/2;2179;2026-05-19T08:00:00;10359;LL;низ;4531,085;4557,280;58,495;5;1
2/2;2180;2026-05-19T10:00:00;10361;LH;верх;4559,535;4542,035;28,450;2;1
2/2;2181;2026-05-19T13:00:00;10364;LL;низ;4525,680;4537,305;33,855;3;1
2/2;2182;2026-05-19T14:00:00;10365;LH;верх;4548,010;4504,175;22,330;1;1
2/2;2183;2026-05-19T16:00:00;10367;LL;низ;4464,780;4508,630;83,230;2;2
2/2;2184;2026-05-20T03:00:00;10377;LH;верх;4508,850;4465,395;44,070;10;1
2/2;2185;2026-05-20T06:00:00;10380;LL;низ;4453,390;4472,855;55,460;3;2
2/2;2186;2026-05-20T18:00:00;10392;HH;верх;4553,045;4531,445;99,655;12;2
2/2;2187;2026-05-21T02:00:00;10399;HL;низ;4534,740;4561,010;18,305;7;1
2/2;2188;2026-05-21T04:00:00;10401;HH;верх;4570,895;4528,400;36,155;2;1
2/2;2189;2026-05-21T10:00:00;10407;LL;низ;4512,075;4530,855;58,820;6;1
2/2;2190;2026-05-21T12:00:00;10409;LH;верх;4543,060;4514,080;30,985;2;1
2/2;2191;2026-05-21T16:00:00;10413;LL;низ;4488,630;4512,045;54,430;4;1
2/2;2192;2026-05-21T20:00:00;10417;HH;верх;4559,365;4543,085;70,735;4;2
2/2;2193;2026-05-22T05:00:00;10425;HL;низ;4518,530;4527,135;40,835;8;1
2/2;2194;2026-05-22T08:00:00;10428;LH;верх;4534,325;4521,870;15,795;3;1
2/2;2195;2026-05-22T08:00:00;10428;LL;низ;4507,430;4521,870;26,895;0;1
2/2;2196;2026-05-22T13:00:00;10433;HH;верх;4536,820;4528,240;29,390;5;1
2/2;2197;2026-05-22T17:00:00;10437;LL;низ;4491,930;4515,050;44,890;4;2
2/2;2198;2026-05-22T20:00:00;10440;LH;верх;4527,995;4508,450;36,065;3;1
2/2;2199;2026-05-22T23:00:00;10443;HL;низ;4504,170;4567,080;23,825;3;1
2/2;2200;2026-05-25T02:00:00;10445;HH;верх;4580,210;4563,080;76,040;2;2
2/2;2201;2026-05-25T09:00:00;10452;HL;низ;4550,550;4556,010;29,660;7;1
2/2;2202;2026-05-25T14:00:00;10457;LH;верх;4577,115;4563,125;26,565;5;1
2/2;2203;2026-05-25T15:00:00;10458;HL;низ;4553,120;4566,985;23,995;1;1
2/2;2204;2026-05-25T20:00:00;10463;HH;верх;4578,065;4574,935;24,945;5;1
2/2;2205;2026-05-25T20:00:00;10463;HL;низ;4563,365;4574,935;14,700;0;1
2/2;2206;2026-05-26T02:00:00;10466;HH;верх;4580,245;4537,300;16,880;3;1
2/2;2207;2026-05-26T04:00:00;10468;LL;низ;4527,865;4542,400;52,380;2;1
2/2;2208;2026-05-26T13:00:00;10477;LH;верх;4540,690;4520,590;12,825;9;2
2/2;2209;2026-05-26T21:00:00;10485;LL;низ;4482,620;4507,570;58,070;8;2
2/2;2210;2026-05-27T02:00:00;10489;LH;верх;4528,050;4508,165;45,430;4;2
2/2;2211;2026-05-27T16:00:00;10503;LL;низ;4401,630;4436,550;126,420;14;2
2/2;2212;2026-05-28T01:00:00;10511;LH;верх;4462,580;4457,150;60,950;8;2
2/2;2213;2026-05-28T07:00:00;10517;LL;низ;4366,230;4383,795;96,350;6;2
2/2;2214;2026-05-28T21:00:00;10531;HH;верх;4516,630;4495,825;150,400;14;1
2/2;2215;2026-05-29T02:00:00;10535;HL;низ;4488,975;4506,520;27,655;4;1
2/2;2216;2026-05-29T04:00:00;10537;HH;верх;4520,815;4501,380;31,840;2;1
2/2;2217;2026-05-29T11:00:00;10544;HL;низ;4509,955;4538,825;10,860;7;1
2/2;2218;2026-05-29T13:00:00;10546;HH;верх;4543,310;4523,215;33,355;2;1
2/2;2219;2026-05-29T15:00:00;10548;HL;низ;4512,730;4564,135;30,580;2;1
2/2;2220;2026-05-29T18:00:00;10551;HH;верх;4595,330;4553,510;82,600;3;1
2/2;2221;2026-06-01T01:00:00;10557;HL;низ;4520,025;4540,765;75,305;6;1
2/2;2222;2026-06-01T03:00:00;10559;LH;верх;4546,270;4521,595;26,245;2;1
2/2;2223;2026-06-01T12:00:00;10568;LL;низ;4489,095;4505,895;57,175;9;1
2/2;2224;2026-06-01T14:00:00;10570;LH;верх;4513,080;4450,745;23,985;2;1
2/2;2225;2026-06-01T17:00:00;10573;LL;низ;4447,860;4480,170;65,220;3;1
2/2;2226;2026-06-02T03:00:00;10582;LH;верх;4497,135;4486,065;49,275;9;2
2/2;2227;2026-06-02T04:00:00;10583;HL;низ;4463,010;4499,425;34,125;1;1
2/2;2228;2026-06-02T10:00:00;10589;HH;верх;4541,630;4529,950;78,620;6;1
2/2;2229;2026-06-03T02:00:00;10604;LL;низ;4462,290;4475,860;79,340;15;3
2/2;2230;2026-06-03T03:00:00;10605;LH;верх;4496,885;4481,895;34,595;1;2
2/2;2231;2026-06-03T12:00:00;10614;LL;низ;4439,090;4462,560;57,795;9;1
2/2;2232;2026-06-03T14:00:00;10616;LH;верх;4468,190;4446,875;29,100;2;1
2/2;2233;2026-06-04T01:00:00;10626;LL;низ;4423,965;4448,570;44,225;10;4
2/2;2234;2026-06-04T07:00:00;10632;HH;верх;4484,055;4467,865;60,090;6;1
2/2;2235;2026-06-04T11:00:00;10636;HL;низ;4458,665;4473,880;25,390;4;1
2/2;2236;2026-06-04T16:00:00;10641;HH;верх;4515,515;4477,450;56,850;5;1
2/2;2237;2026-06-04T17:00:00;10642;LL;низ;4457,360;4482,855;58,155;1;2
2/2;2238;2026-06-04T22:00:00;10647;LH;верх;4483,555;4469,870;26,195;5;1
2/2;2239;2026-06-05T09:00:00;10657;LL;низ;4428,720;4462,795;54,835;10;2
2/2;2240;2026-06-05T15:00:00;10663;LH;верх;4475,885;4369,810;47,165;6;1
2/2;2241;2026-06-08T01:00:00;10672;LL;низ;4310,115;4342,450;165,770;9;1
2/2;2242;2026-06-08T03:00:00;10674;LH;верх;4353,450;4310,820;43,335;2;1
2/2;2243;2026-06-08T08:00:00;10679;LL;низ;4268,480;4294,590;84,970;5;2
2/2;2244;2026-06-08T10:00:00;10681;LH;верх;4316,960;4294,455;48,480;2;1
2/2;2245;2026-06-08T12:00:00;10683;HL;низ;4273,165;4331,425;43,795;2;1
2/2;2246;2026-06-08T16:00:00;10687;HH;верх;4346,880;4341,840;73,715;4;1
2/2;2247;2026-06-08T17:00:00;10688;HL;низ;4314,945;4340,775;31,935;1;1
2/2;2248;2026-06-08T19:00:00;10690;LH;верх;4346,400;4334,790;31,455;2;1
2/2;2249;2026-06-09T02:00:00;10696;LL;низ;4312,960;4336,465;33,440;6;2
2/2;2250;2026-06-09T08:00:00;10702;HH;верх;4351,560;4326,830;38,600;6;1
2/2;2251;2026-06-09T11:00:00;10705;HL;низ;4321,320;4339,275;30,240;3;1
2/2;2252;2026-06-09T16:00:00;10710;HH;верх;4363,720;4272,460;42,400;5;1
2/2;2253;2026-06-10T07:00:00;10724;LL;низ;4172,565;4204,005;191,155;14;2
2/2;2254;2026-06-10T09:00:00;10726;LH;верх;4222,005;4169,135;49,440;2;2
2/2;2255;2026-06-11T02:00:00;10742;LL;низ;4023,870;4101,910;198,135;16;1
2/2;2256;2026-06-11T04:00:00;10744;LH;верх;4118,395;4072,675;94,525;2;2
2/2;2257;2026-06-11T17:00:00;10757;HL;низ;4052,975;4080,375;65,420;13;2
2/2;2258;2026-06-12T01:00:00;10764;HH;верх;4246,715;4208,435;193,740;7;1
2/2;2259;2026-06-12T10:00:00;10773;HL;низ;4170,290;4221,995;76,425;9;2
2/2;2260;2026-06-12T12:00:00;10775;LH;верх;4228,070;4206,915;57,780;2;1
2/2;2261;2026-06-12T17:00:00;10780;HL;низ;4177,250;4216,155;50,820;5;1
2/2;2262;2026-06-12T18:00:00;10781;HH;верх;4235,690;4221,515;58,440;1;2
2/2;2263;2026-06-12T22:00:00;10785;HL;низ;4201,820;4285,675;33,870;4;1
2/2;2264;2026-06-15T05:00:00;10791;HH;верх;4335,570;4328,345;133,750;6;3
2/2;2265;2026-06-15T09:00:00;10795;HL;низ;4301,005;4334,140;34,565;4;1
2/2;2266;2026-06-15T11:00:00;10797;HH;верх;4345,555;4338,310;44,550;2;1
2/2;2267;2026-06-15T15:00:00;10801;HL;низ;4324,800;4356,890;20,755;4;1
2/2;2268;2026-06-15T17:00:00;10803;HH;верх;4369,665;4339,190;44,865;2;1
2/2;2269;2026-06-16T01:00:00;10810;LL;низ;4306,110;4319,295;63,555;7;1
2/2;2270;2026-06-16T06:00:00;10815;LH;верх;4333,375;4315,840;27,265;5;1
2/2;2271;2026-06-16T09:00:00;10818;HL;низ;4313,530;4347,020;19,845;3;1
2/2;2272;2026-06-16T15:00:00;10824;HH;верх;4354,950;4324,190;41,420;6;1
2/2;2273;2026-06-16T17:00:00;10826;LL;низ;4313,320;4340,600;41,630;2;1
2/2;2274;2026-06-16T19:00:00;10828;LH;верх;4347,145;4338,580;33,825;2;1
2/2;2275;2026-06-17T03:00:00;10835;HL;низ;4328,615;4331,730;18,530;7;1
2/2;2276;2026-06-17T04:00:00;10836;HH;верх;4349,605;4332,305;20,990;1;1
2/2;2277;2026-06-17T11:00:00;10843;LL;низ;4317,190;4331,490;32,415;7;2
2/2;2278;2026-06-17T12:00:00;10844;LH;верх;4335,810;4323,285;18,620;1;1
2/2;2279;2026-06-17T15:00:00;10847;HL;низ;4319,940;4344,700;15,870;3;1
2/2;2280;2026-06-17T20:00:00;10852;HH;верх;4382,615;4236,055;62,675;5;1
2/2;2281;2026-06-17T22:00:00;10854;LL;низ;4219,165;4267,020;163,450;2;1
2/2;2282;2026-06-18T05:00:00;10860;LH;верх;4329,865;4315,680;110,700;6;2
2/2;2283;2026-06-18T14:00:00;10869;HL;низ;4240,070;4256,755;89,795;9;1
2/2;2284;2026-06-18T16:00:00;10871;LH;верх;4276,745;4226,690;36,675;2;1
2/2;2285;2026-06-19T08:00:00;10886;LL;низ;4121,955;4158,215;154,790;15;3
2/2;2286;2026-06-19T11:00:00;10889;LH;верх;4178,525;4149,835;56,570;3;1
2/2;2287;2026-06-19T14:00:00;10892;HL;низ;4142,035;4151,540;36,490;3;1
2/2;2288;2026-06-19T16:00:00;10894;HH;верх;4183,125;4151,250;41,090;2;1
2/2;2289;2026-06-22T02:00:00;10899;LL;низ;4136,695;4191,225;46,430;5;2
2/2;2290;2026-06-22T04:00:00;10901;HH;верх;4221,370;4171,635;84,675;2;1
2/2;2291;2026-06-22T07:00:00;10904;HL;низ;4170,695;4197,590;50,675;3;1
2/2;2292;2026-06-22T09:00:00;10906;LH;верх;4207,355;4197,455;36,660;2;1
2/2;2293;2026-06-22T11:00:00;10908;HL;низ;4188,645;4204,795;18,710;2;1
2/2;2294;2026-06-22T14:00:00;10911;HH;верх;4215,255;4199,875;26,610;3;1
2/2;2295;2026-06-22T18:00:00;10915;LL;низ;4169,820;4183,235;45,435;4;1
2/2;2296;2026-06-23T04:00:00;10924;LH;верх;4198,605;4144,195;28,785;9;1
2/2;2297;2026-06-23T11:00:00;10931;LL;низ;4091,030;4119,680;107,575;7;1
2/2;2298;2026-06-23T13:00:00;10933;LH;верх;4133,480;4113,305;42,450;2;1
2/2;2299;2026-06-23T16:00:00;10936;HL;низ;4105,430;4138,710;28,050;3;1
2/2;2300;2026-06-23T17:00:00;10937;HH;верх;4145,215;4134,385;39,785;1;1
2/2;2301;2026-06-24T06:00:00;10949;LL;низ;4050,470;4075,850;94,745;12;1
2/2;2302;2026-06-24T09:00:00;10952;LH;верх;4097,730;4076,385;47,260;3;1
2/2;2303;2026-06-24T21:00:00;10964;LL;низ;3959,080;3999,500;138,650;12;2
2/2;2304;2026-06-25T02:00:00;10968;LH;верх;4018,825;3976,920;59,745;4;1
2/2;2305;2026-06-25T05:00:00;10971;HL;низ;3962,475;3996,225;56,350;3;2
2/2;2306;2026-06-25T11:00:00;10977;LH;верх;4002,110;3984,390;39,635;6;1
2/2;2307;2026-06-25T14:00:00;10980;HL;низ;3973,640;4002,365;28,470;3;1
2/2;2308;2026-06-25T21:00:00;10987;HH;верх;4044,140;4026,920;70,500;7;1
2/2;2309;2026-06-26T05:00:00;10994;HL;низ;3982,950;4011,705;61,190;7;2
2/2;2310;2026-06-26T18:00:00;11007;HH;верх;4095,985;4074,850;113,035;13;2
2/2;2311;2026-06-29T03:00:00;11015;HL;низ;4048,150;4066,240;47,835;8;1
2/2;2312;2026-06-29T06:00:00;11018;LH;верх;4076,015;4054,475;27,865;3;1
2/2;2313;2026-06-29T08:00:00;11020;LL;низ;4039,325;4061,720;36,690;2;1
2/2;2314;2026-06-29T10:00:00;11022;LH;верх;4068,830;4031,660;29,505;2;1
2/2;2315;2026-06-29T12:00:00;11024;LL;низ;4024,440;4039,285;44,390;2;1
2/2;2316;2026-06-29T15:00:00;11027;LH;верх;4052,610;4025,745;28,170;3;1
2/2;2317;2026-06-29T17:00:00;11029;LL;низ;4000,325;4023,975;52,285;2;1
2/2;2318;2026-06-29T20:00:00;11032;LH;верх;4032,170;4015,955;31,845;3;1
2/2;2319;2026-06-29T22:00:00;11034;HL;низ;4005,435;4014,235;26,735;2;1
2/2;2320;2026-06-30T02:00:00;11037;LH;верх;4022,505;3969,760;17,070;3;1
2/2;2321;2026-06-30T04:00:00;11039;LL;низ;3942,100;3970,060;80,405;2;1
2/2;2322;2026-06-30T11:00:00;11046;HH;верх;4037,665;4029,895;95,565;7;1
2/2;2323;2026-06-30T12:00:00;11047;HL;низ;4012,470;4034,050;25,195;1;1
2/2;2324;2026-06-30T14:00:00;11049;LH;верх;4037,430;4029,375;24,960;2;1
2/2;2325;2026-06-30T15:00:00;11050;LL;низ;4008,740;4037,405;28,690;1;1
2/2;2326;2026-06-30T17:00:00;11052;HH;верх;4063,480;4026,175;54,740;2;1
2/2;2327;2026-07-01T10:00:00;11068;LL;низ;3960,275;3984,545;103,205;16;2
2/2;2328;2026-07-01T17:00:00;11075;HH;верх;4115,810;4071,285;155,535;7;1
2/2;2329;2026-07-01T23:00:00;11081;HL;низ;4028,265;4035,325;87,545;6;2
2/2;2330;2026-07-02T06:00:00;11087;LH;верх;4074,235;4066,275;45,970;6;1
2/2;2331;2026-07-02T08:00:00;11089;HL;низ;4053,245;4064,375;20,990;2;1
2/2;2332;2026-07-02T11:00:00;11092;HH;верх;4080,120;4066,365;26,875;3;1
2/2;2333;2026-07-02T14:00:00;11095;HL;низ;4057,440;4136,790;22,680;3;1
2/2;2334;2026-07-02T16:00:00;11097;HH;верх;4144,080;4128,540;86,640;2;1
2/2;2335;2026-07-02T19:00:00;11100;HL;низ;4100,355;4122,750;43,725;3;1
2/2;2336;2026-07-03T04:00:00;11108;HH;верх;4195,510;4176,070;95,155;8;1
2/2;2337;2026-07-03T09:00:00;11113;HL;низ;4160,415;4181,140;35,095;5;1
2/2;2338;2026-07-03T11:00:00;11115;LH;верх;4186,655;4177,160;26,240;2;1
2/2;2339;2026-07-03T12:00:00;11116;HL;низ;4168,570;4181,025;18,085;1;1
2/2;2340;2026-07-03T14:00:00;11118;LH;верх;4186,460;4164,760;17,890;2;1
2/2;2341;2026-07-03T17:00:00;11121;LL;низ;4155,410;4175,695;31,050;3;1
2/2;2342;2026-07-06T04:00:00;11127;HH;верх;4202,705;4165,375;47,295;6;1
2/2;2343;2026-07-06T08:00:00;11131;LL;низ;4144,830;4164,580;57,875;4;1
2/2;2344;2026-07-06T10:00:00;11133;LH;верх;4166,520;4143,240;21,690;2;1
2/2;2345;2026-07-06T12:00:00;11135;LL;низ;4136,555;4155,265;29,965;2;1
2/2;2346;2026-07-06T14:00:00;11137;LH;верх;4159,600;4140,835;23,045;2;1
2/2;2347;2026-07-06T17:00:00;11140;LL;низ;4128,510;4155,140;31,090;3;1
2/2;2348;2026-07-07T01:00:00;11147;HH;верх;4168,650;4146,130;40,140;7;2
2/2;2349;2026-07-07T08:00:00;11154;LL;низ;4116,700;4124,815;51,950;7;1
2/2;2350;2026-07-07T11:00:00;11157;LH;верх;4139,395;4135,830;22,695;3;1
2/2;2351;2026-07-07T12:00:00;11158;HL;низ;4119,810;4157,175;19,585;1;1
2/2;2352;2026-07-07T16:00:00;11162;HH;верх;4180,520;4139,055;60,710;4;1
2/2;2353;2026-07-07T22:00:00;11168;LL;низ;4092,295;4098,375;88,225;6;2
2/2;2354;2026-07-08T08:00:00;11177;LH;верх;4133,990;4121,360;41,695;9;2
2/2;2355;2026-07-08T13:00:00;11182;LL;низ;4040,575;4072,325;93,415;5;1
2/2;2356;2026-07-08T15:00:00;11184;LH;верх;4086,445;4040,915;45,870;2;1
2/2;2357;2026-07-08T18:00:00;11187;LL;низ;4021,815;4065,530;64,630;3;1
2/2;2358;2026-07-08T21:00:00;11190;HH;верх;4091,670;4077,120;69,855;3;2
2/2;2359;2026-07-09T06:00:00;11198;HL;низ;4054,400;4082,020;37,270;8;1
2/2;2360;2026-07-09T11:00:00;11203;HH;верх;4118,005;4099,230;63,605;5;1
2/2;2361;2026-07-09T13:00:00;11205;HL;низ;4093,855;4107,690;24,150;2;1
2/2;2362;2026-07-09T20:00:00;11212;HH;верх;4138,060;4122,560;44,205;7;1
2/2;2363;2026-07-10T04:00:00;11219;HL;низ;4108,720;4120,355;29,340;7;2
2/2;2364;2026-07-10T06:00:00;11221;LH;верх;4134,920;4116,890;26,200;2;1
2/2;2365;2026-07-10T12:00:00;11227;LL;низ;4094,535;4102,415;40,385;6;1
2/2;2366;2026-07-10T15:00:00;11230;LH;верх;4117,585;4092,940;23,050;3;1
2/2;2367;2026-07-10T17:00:00;11232;LL;низ;4072,800;4104,525;44,785;2;1
2/2;2368;2026-07-10T23:00:00;11238;HH;верх;4121,375;4084,700;48,575;6;2
2/2;2369;2026-07-13T03:00:00;11241;LL;низ;4061,115;4068,735;60,260;3;1
2/2;2370;2026-07-13T08:00:00;11246;LH;верх;4073,270;4065,055;12,155;5;1
2/2;2371;2026-07-13T09:00:00;11247;LL;низ;4044,060;4074,585;29,210;1;1
2/2;2372;2026-07-13T11:00:00;11249;HH;верх;4080,845;4060,815;36,785;2;1
2/2;2373;2026-07-13T19:00:00;11257;LL;низ;3986,580;4001,510;94,265;8;2
2/2;2374;2026-07-13T23:00:00;11261;LH;верх;4006,245;4001,260;19,665;4;1
2/2;2375;2026-07-14T03:00:00;11264;LL;низ;3983,545;4012,515;22,700;3;1
2/2;2376;2026-07-14T08:00:00;11269;HH;верх;4034,250;4020,830;50,705;5;1
2/2;2377;2026-07-14T12:00:00;11273;HL;низ;4013,925;4031,185;20,325;4;1
2/2;2378;2026-07-14T15:00:00;11276;HH;верх;4104,050;4085,160;90,125;3;2
2/2;2379;2026-07-14T21:00:00;11282;HL;низ;4042,885;4052,775;61,165;6;1
2/2;2380;2026-07-15T04:00:00;11288;LH;верх;4062,125;4031,400;19,240;6;1
2/2;2381;2026-07-15T11:00:00;11295;LL;низ;4017,475;4028,270;44,650;7;1
2/2;2382;2026-07-15T16:00:00;11300;HH;верх;4074,175;4046,985;56,700;5;1
2/2;2383;2026-07-15T19:00:00;11303;HL;низ;4026,945;4059,290;47,230;3;1
2/2;2384;2026-07-15T21:00:00;11305;HH;верх;4081,520;4060,695;54,575;2;2
2/2;2385;2026-07-16T10:00:00;11317;LL;низ;4023,030;4031,755;58,490;12;2
2/2;2386;2026-07-16T15:00:00;11322;LH;верх;4043,360;3997,920;20,330;5;1
2/2;2387;2026-07-16T16:00:00;11323;LL;низ;3973,800;4007,125;69,560;1;1
2/2;2388;2026-07-16T18:00:00;11325;LH;верх;4017,030;3984,710;43,230;2;1
2/2;2389;2026-07-16T22:00:00;11329;LL;низ;3969,345;3978,445;47,685;4;2
2/2;2390;2026-07-17T06:00:00;11336;LH;верх;4008,795;3985,200;39,450;7;1
2/2;2391;2026-07-17T08:00:00;11338;HL;низ;3975,295;3992,775;33,500;2;1
2/2;2392;2026-07-17T09:00:00;11339;LH;верх;4007,295;3994,265;32,000;1;1
2/2;2393;2026-07-17T16:00:00;11346;LL;низ;3959,800;4019,200;47,495;7;1
2/2;2394;2026-07-17T19:00:00;11349;HH;верх;4023,835;4011,385;64,035;3;2
2/2;2395;2026-07-20T03:00:00;11356;HL;низ;3982,630;4022,015;41,205;7;1
2/2;2396;2026-07-20T05:00:00;11358;HH;верх;4028,940;4018,935;46,310;2;1
2/2;2397;2026-07-20T10:00:00;11363;HL;низ;4002,185;4021,315;26,755;5;1
2/2;2398;2026-07-20T14:00:00;11367;HH;верх;4040,815;4005,825;38,630;4;2
2/2;2399;2026-07-20T17:00:00;11370;LL;низ;3998,330;4009,775;42,485;3;1
2/2;2400;2026-07-20T18:00:00;11371;LH;верх;4019,630;4005,380;21,300;1;2
2/2;2401;2026-07-21T01:00:00;11377;HL;низ;3999,915;4024,800;19,715;6;1
2/2;2402;2026-07-21T09:00:00;11385;HH;верх;4084,305;4062,875;84,390;8;1
2/2;2403;2026-07-21T16:00:00;11392;HL;низ;4044,725;4074,255;39,580;7;2
2/2;2404;2026-07-21T21:00:00;11397;HH;верх;4087,135;4077,325;42,410;5;2
2/2;2405;2026-07-22T03:00:00;11402;HL;низ;4076,755;4130,660;10,380;5;1
2/2;2406;2026-07-22T06:00:00;11405;HH;верх;4141,715;4131,260;64,960;3;2
2/2;2407;2026-07-22T15:00:00;11414;HL;низ;4106,720;4148,580;34,995;9;2
2/2;2408;2026-07-22T18:00:00;11417;HH;верх;4166,130;4142,470;59,410;3;2
2/2;2409;2026-07-23T17:00:00;11439;LL;низ;4040,185;4051,535;125,945;22;3
2/2;2410;2026-07-23T23:00:00;11445;LH;верх;4051,440;4047,290;11,255;6;2
2/2;2411;2026-07-24T08:00:00;11453;LL;низ;4022,060;4048,415;29,380;8;1
2/2;2412;2026-07-24T13:00:00;11458;HH;верх;4064,025;4056,095;41,965;5;1
2/2;2413;2026-07-24T16:00:00;11461;HL;низ;4044,810;4077,535;19,215;3;1
2/2;2414;2026-07-24T18:00:00;11463;HH;верх;4082,160;4063,505;37,350;2;1
2/2;2415;2026-07-24T22:00:00;11467;HL;низ;4049,380;4089,575;32,780;4;1
2/2;2416;2026-07-27T03:00:00;11471;HH;верх;4116,185;4093,765;66,805;4;1
2/2;2417;2026-07-27T08:00:00;11476;HL;низ;4084,490;4088,885;31,695;5;1
2/2;2418;2026-07-27T10:00:00;11478;LH;верх;4106,240;4096,140;21,750;2;2
2/2;2419;2026-07-27T17:00:00;11485;LL;низ;4065,415;4082,560;40,825;7;1
2/2;2420;2026-07-27T19:00:00;11487;LH;верх;4094,105;4078,005;28,690;2;1
2/2;2421;2026-07-27T20:00:00;11488;HL;низ;4070,785;4083,500;23,320;1;1
2/2;2422;2026-07-27T22:00:00;11490;LH;верх;4089,485;4074,320;18,700;2;1
2/2;2423;2026-07-28T08:00:00;11499;LL;низ;4034,795;4047,395;54,690;9;1
2/2;2424;2026-07-28T11:00:00;11502;LH;верх;4055,210;4026,670;20,415;3;1
2/2;2425;2026-07-28T13:00:00;11504;LL;низ;4017,115;4029,690;38,095;2;1
2/2;2426;2026-07-28T15:00:00;11506;LH;верх;4038,220;4024,375;21,105;2;1
2/2;2427;2026-07-28T17:00:00;11508;LL;низ;4011,765;4037,605;26,455;2;1
2/2;2428;2026-07-28T18:00:00;11509;HH;верх;4047,195;4027,935;35,430;1;1
2/2;2429;2026-07-29T04:00:00;11518;LL;низ;4010,410;4023,730;36,785;9;3
2/2;2430;2026-07-29T05:00:00;11519;LH;верх;4038,080;4027,400;27,670;1;1
2/2;2431;2026-07-29T07:00:00;11521;HL;низ;4020,655;4041,250;17,425;2;1
2/2;2432;2026-07-29T10:00:00;11524;HH;верх;4047,880;4032,695;27,225;3;1
2/2;2433;2026-07-29T17:00:00;11531;LL;низ;3996,055;4027,460;51,825;7;1
2/2;2434;2026-07-29T22:00:00;11536;HH;верх;4116,415;4088,580;120,360;5;2
2/2;2435;2026-07-30T08:00:00;11545;HL;низ;4028,690;4038,935;87,725;9;2
2/2;2436;2026-07-30T17:00:00;11554;HH;верх;4120,495;4110,780;91,805;9;2
2/2;2437;2026-07-31T06:00:00;11566;HL;низ;4072,145;4074,430;48,350;12;1
2/2;2438;2026-07-31T09:00:00;11569;LH;верх;4087,665;4060,980;15,520;3;1
2/2;2439;2026-07-31T17:00:00;11577;LL;низ;4020,975;4043,415;66,690;8;3
2/2;2440;2026-08-03T03:00:00;11586;LH;верх;4079,185;4062,605;58,210;9;1
2/2;2441;2026-08-03T04:00:00;11587;HL;низ;4047,345;4065,115;31,840;1;1
2/2;2442;2026-08-03T09:00:00;11592;LH;верх;4072,185;4059,420;24,840;5;2
2/2;2443;2026-08-03T16:00:00;11599;LL;низ;4019,240;4036,135;52,945;7;2
2/2;2444;2026-08-04T03:00:00;11609;LH;верх;4069,465;4059,080;50,225;10;2
2/2;2445;2026-08-04T04:00:00;11610;HL;низ;4042,720;4052,560;26,745;1;2
2/2;2446;2026-08-04T11:00:00;11617;HH;верх;4072,970;4053,990;30,250;7;2
2/2;2447;2026-08-04T13:00:00;11619;HL;низ;4045,620;4070,945;27,350;2;1
2/2;2448;2026-08-04T20:00:00;11626;HH;верх;4106,475;4078,615;60,855;7;3
2/2;2449;2026-08-05T02:00:00;11631;HL;низ;4065,330;4101,430;41,145;5;1
2/2;2450;2026-08-05T10:00:00;11639;HH;верх;4179,555;4157,980;114,225;8;1
2/2;2451;2026-08-05T13:00:00;11642;HL;низ;4150,280;4183,985;29,275;3;1
2/2;2452;2026-08-05T21:00:00;11650;HH;верх;4268,090;4247,275;117,810;8;2
2/2;2453;2026-08-05T23:00:00;11652;HL;низ;4243,060;4278,305;25,030;2;1
2/2;2454;2026-08-06T05:00:00;11657;HH;верх;4304,310;4262,265;61,250;5;1
2/2;2455;2026-08-06T08:00:00;11660;HL;низ;4247,240;4262,790;57,070;3;1
2/2;2456;2026-08-06T12:00:00;11664;LH;верх;4284,885;4263,300;37,645;4;2
2/2;2457;2026-08-06T19:00:00;11671;LL;низ;4223,505;4243,535;61,380;7;1
2/2;2458;2026-08-06T22:00:00;11674;LH;верх;4251,385;4240,830;27,880;3;1
2/2;2459;2026-08-07T03:00:00;11678;HL;низ;4229,875;4250,360;21,510;4;2
2/2;2460;2026-08-07T15:00:00;11690;HH;верх;4371,840;4341,605;141,965;12;1
2/2;2461;2026-08-07T15:00:00;11690;HL;низ;4301,015;4341,605;70,825;0;2
2/2;2462;2026-08-07T22:00:00;11697;LH;верх;4350,410;4341,590;49,395;7;2
2/2;2463;2026-08-10T04:00:00;11702;HL;низ;4313,430;4326,735;36,980;5;1
2/2;2464;2026-08-10T10:00:00;11708;HH;верх;4362,060;4341,290;48,630;6;1
2/2;2465;2026-08-10T16:00:00;11714;HL;низ;4316,675;4358,510;45,385;6;2
2/2;2466;2026-08-11T05:00:00;11726;HH;верх;4435,245;4409,005;118,570;12;1
2/2;2467;2026-08-11T10:00:00;11731;HL;низ;4356,700;4372,505;78,545;5;1
2/2;2468;2026-08-11T16:00:00;11737;LH;верх;4404,290;4383,905;47,590;6;1
2/2;2469;2026-08-11T21:00:00;11742;HL;низ;4360,295;4368,245;43,995;5;2
2/2;2470;2026-08-12T06:00:00;11750;HH;верх;4416,250;4391,025;55,955;8;1
2/2;2471;2026-08-12T08:00:00;11752;HL;низ;4384,020;4406,355;32,230;2;1
2/2;2472;2026-08-12T12:00:00;11756;HH;верх;4424,460;4412,935;40,440;4;1
2/2;2473;2026-08-12T15:00:00;11759;LL;низ;4382,485;4422,160;41,975;3;1
2/2;2474;2026-08-12T16:00:00;11760;HH;верх;4441,315;4421,170;58,830;1;1
2/2;2475;2026-08-12T21:00:00;11765;HL;низ;4396,575;4408,525;44,740;5;1
2/2;2476;2026-08-12T22:00:00;11766;LH;верх;4418,475;4401,835;21,900;1;1
2/2;2477;2026-08-13T01:00:00;11768;HL;низ;4398,430;4427,760;20,045;2;1
2/2;2478;2026-08-13T03:00:00;11770;HH;верх;4449,830;4407,215;51,400;2;1
2/2;2479;2026-08-13T11:00:00;11778;LL;низ;4364,170;4392,245;85,660;8;1
2/2;2480;2026-08-13T16:00:00;11783;LH;верх;4402,215;4365,145;38,045;5;1
2/2;2481;2026-08-13T22:00:00;11789;LL;низ;4343,650;4354,910;58,565;6;2
2/2;2482;2026-08-14T02:00:00;11792;LH;верх;4364,450;4318,255;20,800;3;1
2/2;2483;2026-08-14T08:00:00;11798;LL;низ;4311,040;4343,830;53,410;6;2
2/2;2484;2026-08-14T16:00:00;11806;HH;верх;4397,060;4391,695;86,020;8;2
2/2;2485;2026-08-17T02:00:00;11815;HL;низ;4367,290;4395,755;29,770;9;2
2/2;2486;2026-08-17T04:00:00;11817;HH;верх;4416,550;4397,045;49,260;2;1
2/2;2487;2026-08-17T08:00:00;11821;HL;низ;4386,940;4405,190;29,610;4;1
2/2;2488;2026-08-17T10:00:00;11823;LH;верх;4411,320;4395,620;24,380;2;2
2/2;2489;2026-08-17T15:00:00;11828;LL;низ;4377,355;4417,480;33,965;5;1
2/2;2490;2026-08-17T19:00:00;11832;HH;верх;4428,890;4406,770;51,535;4;1
2/2;2491;2026-08-17T21:00:00;11834;HL;низ;4398,205;4416,680;30,685;2;1
2/2;2492;2026-08-18T04:00:00;11840;HH;верх;4436,230;4391,965;38,025;6;1
2/2;2493;2026-08-18T08:00:00;11844;LL;низ;4386,185;4395,710;50,045;4;1
2/2;2494;2026-08-18T10:00:00;11846;LH;верх;4403,735;4393,320;17,550;2;1
2/2;2495;2026-08-18T11:00:00;11847;HL;низ;4386,910;4397,630;16,825;1;1
2/2;2496;2026-08-18T16:00:00;11852;HH;верх;4406,900;4364,925;19,990;5;1
2/2;2497;2026-08-19T04:00:00;11863;LL;низ;4324,680;4355,060;82,220;11;2
2/2;2498;2026-08-19T05:00:00;11864;LH;верх;4362,165;4348,555;37,485;1;1
2/2;2499;2026-08-19T08:00:00;11867;HL;низ;4335,175;4354,905;26,990;3;1
2/2;2500;2026-08-19T19:00:00;11878;HH;верх;4499,425;4495,185;164,250;11;2
2/2;2501;2026-08-19T21:00:00;11880;HL;низ;4472,180;4523,050;27,245;2;1
2/2;2502;2026-08-19T23:00:00;11882;HH;верх;4524,340;4511,740;52,160;2;1
2/2;2503;2026-08-20T08:00:00;11890;HL;низ;4478,075;4491,105;46,265;8;2
2/2;2504;2026-08-20T11:00:00;11893;LH;верх;4498,780;4490,180;20,705;3;1
2/2;2505;2026-08-20T15:00:00;11897;LL;низ;4450,745;4516,060;48,035;4;1
2/2;2506;2026-08-21T04:00:00;11909;HH;верх;4544,010;4535,570;93,265;12;3
2/2;2507;2026-08-21T04:00:00;11909;HL;низ;4508,995;4535,570;35,015;0;1
2/2;2508;2026-08-21T14:00:00;11919;HH;верх;4604,610;4581,095;95,615;10;1
2/2;2509;2026-08-21T15:00:00;11920;HL;низ;4563,570;4591,570;41,040;1;1
2/2;2510;2026-08-21T20:00:00;11925;HH;верх;4632,145;4617,030;68,575;5;1
2/2;2511;2026-08-24T03:00:00;11931;HL;низ;4594,515;4643,790;37,630;6;2
2/2;2512;2026-08-24T05:00:00;11933;HH;верх;4657,000;4638,930;62,485;2;1
2/2;2513;2026-08-24T08:00:00;11936;HL;низ;4630,015;4641,615;26,985;3;1
2/2;2514;2026-08-24T09:00:00;11937;HH;верх;4660,125;4638,190;30,110;1;1
2/2;2515;2026-08-24T11:00:00;11939;LL;низ;4628,895;4643,285;31,230;2;1
2/2;2516;2026-08-24T16:00:00;11944;HH;верх;4681,020;4649,335;52,125;5;1
2/2;2517;2026-08-24T21:00:00;11949;LL;низ;4625,225;4651,240;55,795;5;1
2/2;2518;2026-08-25T03:00:00;11954;HH;верх;4697,105;4629,530;71,880;5;1
2/2;2519;2026-08-25T05:00:00;11956;LL;низ;4617,280;4626,030;79,825;2;1
2/2;2520;2026-08-25T09:00:00;11960;LH;верх;4653,430;4630,480;36,150;4;1
2/2;2521;2026-08-25T11:00:00;11962;HL;низ;4620,090;4639,290;33,340;2;1
2/2;2522;2026-08-25T14:00:00;11965;LH;верх;4647,330;4616,875;27,240;3;1
2/2;2523;2026-08-25T16:00:00;11967;LL;низ;4605,290;4652,770;42,040;2;1
2/2;2524;2026-08-26T01:00:00;11975;HH;верх;4673,765;4637,705;68,475;8;2
2/2;2525;2026-08-26T04:00:00;11978;HL;низ;4629,615;4642,885;44,150;3;1
2/2;2526;2026-08-26T05:00:00;11979;LH;верх;4670,830;4640,715;41,215;1;2
2/2;2527;2026-08-26T18:00:00;11992;LL;низ;4583,065;4597,830;87,765;13;1
2/2;2528;2026-08-26T21:00:00;11995;LH;верх;4604,735;4594,725;21,670;3;1
2/2;2529;2026-08-26T23:00:00;11997;HL;низ;4584,190;4623,700;20,545;2;2
2/2;2530;2026-08-27T05:00:00;12002;HH;верх;4643,210;4618,945;59,020;5;1
2/2;2531;2026-08-27T13:00:00;12010;LL;низ;4569,290;4585,925;73,920;8;1
2/2;2532;2026-08-27T15:00:00;12012;LH;верх;4601,225;4591,390;31,935;2;1
2/2;2533;2026-08-27T16:00:00;12013;LL;низ;4564,270;4610,505;36,955;1;1
2/2;2534;2026-08-27T22:00:00;12019;HH;верх;4618,020;4610,705;53,750;6;3
2/2;2535;2026-08-28T08:00:00;12028;HL;низ;4571,660;4611,835;46,360;9;2
2/2;2536;2026-08-28T17:00:00;12037;HH;верх;4631,980;4479,545;60,320;9;2
2/2;2537;2026-08-31T02:00:00;12045;LL;низ;4435,825;4440,260;196,155;8;2
2/2;2538;2026-08-31T03:00:00;12046;LH;верх;4472,165;4422,985;36,340;1;1
2/2;2539;2026-08-31T05:00:00;12048;LL;низ;4396,525;4424,635;75,640;2;1
2/2;2540;2026-08-31T14:00:00;12057;LH;верх;4464,230;4418,700;67,705;9;1
2/2;2541;2026-08-31T16:00:00;12059;HL;низ;4415,750;4426,435;48,480;2;1
2/2;2542;2026-09-01T03:00:00;12069;LH;верх;4461,700;4443,050;45,950;10;5
2/2;2543;2026-09-01T22:00:00;12088;LL;низ;4322,745;4329,320;138,955;19;2
2/2;2544;2026-09-02T02:00:00;12091;LH;верх;4335,900;4291,110;13,155;3;1
2/2;2545;2026-09-02T06:00:00;12095;LL;низ;4282,625;4320,120;53,275;4;1
2/2;2546;2026-09-02T11:00:00;12100;LH;верх;4331,645;4309,395;49,020;5;1
2/2;2547;2026-09-02T13:00:00;12102;HL;низ;4301,745;4331,525;29,900;2;1
2/2;2548;2026-09-02T17:00:00;12106;HH;верх;4397,750;4368,400;96,005;4;1
2/2;2549;2026-09-02T19:00:00;12108;HL;низ;4364,520;4374,265;33,230;2;2
2/2;2550;2026-09-03T08:00:00;12120;HH;верх;4440,355;4428,910;75,835;12;1
2/2;2551;2026-09-03T09:00:00;12121;HL;низ;4417,575;4434,970;22,780;1;1
2/2;2552;2026-09-03T11:00:00;12123;HH;верх;4443,715;4427,345;26,140;2;1
2/2;2553;2026-09-03T13:00:00;12125;HL;низ;4419,090;4493,535;24,625;2;1
2/2;2554;2026-09-03T18:00:00;12130;HH;верх;4510,930;4486,695;91,840;5;1
2/2;2555;2026-09-03T23:00:00;12135;HL;низ;4470,550;4480,160;40,380;5;1
2/2;2556;2026-09-04T04:00:00;12139;LH;верх;4487,545;4467,185;16,995;4;1
2/2;2557;2026-09-04T09:00:00;12144;LL;низ;4460,155;4477,970;27,390;5;2
2/2;2558;2026-09-04T10:00:00;12145;HH;верх;4490,895;4465,690;30,740;1;2
2/2;2559;2026-09-04T16:00:00;12151;LL;низ;4365,570;4436,655;125,325;6;1
2/2;2560;2026-09-04T18:00:00;12153;LH;верх;4449,000;4416,580;83,430;2;1
2/2;2561;2026-09-07T04:00:00;12162;HL;низ;4389,585;4404,285;59,415;9;2
2/2;2562;2026-09-07T08:00:00;12166;LH;верх;4413,315;4406,450;23,730;4;1
2/2;2563;2026-09-07T09:00:00;12167;LL;низ;4385,330;4411,005;27,985;1;1
2/2;2564;2026-09-07T11:00:00;12169;HH;верх;4423,885;4391,695;38,555;2;1
2/2;2565;2026-09-07T14:00:00;12172;LL;низ;4381,240;4402,430;42,645;3;1
2/2;2566;2026-09-07T17:00:00;12175;LH;верх;4419,655;4414,575;38,415;3;1
2/2;2567;2026-09-07T21:00:00;12179;HL;низ;4403,130;4423,085;16,525;4;1
