слой;№;время;бар;подпись;сторона;цена колена;цена сейчас;нога;баров от предыдущего;мутность
5/5;0;2017-07-27 03:00:00;23;?;верх;1265,046;1262,417;0,000;0;1
5/5;1;2017-07-27 08:00:00;28;?;низ;1260,916;1263,430;4,130;5;1
5/5;2;2017-07-27 12:00:00;32;HH;верх;1265,366;1261,034;4,450;4;1
5/5;3;2017-07-27 16:00:00;36;LL;низ;1254,584;1259,245;10,782;4;2
5/5;4;2017-07-30 22:00:00;64;HH;верх;1271,232;1267,541;16,648;28;1
5/5;5;2017-07-31 07:00:00;73;HL;низ;1265,877;1267,827;5,355;9;2
5/5;6;2017-08-01 04:00:00;93;LH;верх;1270,852;1267,533;4,975;20;1
5/5;7;2017-08-01 12:00:00;101;LL;низ;1262,556;1272,801;8,296;8;1
5/5;8;2017-08-01 14:00:00;103;HH;верх;1274,204;1269,071;11,648;2;1
5/5;9;2017-08-02 12:00:00;124;HL;низ;1262,998;1270,405;11,206;21;2
5/5;10;2017-08-02 17:00:00;129;LH;верх;1272,948;1263,156;9,950;5;1
5/5;11;2017-08-02 23:00:00;134;LL;низ;1256,248;1262,509;16,700;5;2
5/5;12;2017-08-03 19:00:00;154;LH;верх;1270,880;1268,438;14,632;20;1
5/5;13;2017-08-04 02:00:00;160;HL;низ;1267,338;1269,443;3,542;6;1
5/5;14;2017-08-04 07:00:00;165;LH;верх;1270,281;1261,934;2,943;5;1
5/5;15;2017-08-04 14:00:00;172;LL;низ;1254,271;1258,584;16,010;7;1
5/5;16;2017-08-04 20:00:00;178;LH;верх;1259,645;1258,072;5,374;6;1
5/5;17;2017-08-07 12:00:00;193;HL;низ;1255,829;1258,668;3,816;15;2
5/5;18;2017-08-07 17:00:00;198;HH;верх;1260,039;1257,779;4,210;5;1
5/5;19;2017-08-07 22:00:00;202;HL;низ;1257,076;1259,958;2,963;4;1
5/5;20;2017-08-08 02:00:00;206;HH;верх;1261,054;1260,289;3,978;4;1
5/5;21;2017-08-08 07:00:00;211;HL;низ;1259,222;1262,322;1,832;5;1
5/5;22;2017-08-08 10:00:00;214;HH;верх;1265,346;1253,396;6,124;3;1
5/5;23;2017-08-08 15:00:00;219;LL;низ;1251,614;1260,738;13,732;5;1
5/5;24;2017-08-11 01:00:00;274;HH;верх;1289,112;1285,381;37,498;55;5
5/5;25;2017-08-11 01:00:00;274;HL;низ;1283,968;1285,381;5,144;0;1
5/5;26;2017-08-11 12:00:00;285;HH;верх;1292,354;1288,229;8,386;11;1
5/5;27;2017-08-11 13:00:00;286;LL;низ;1281,356;1289,909;10,998;1;1
5/5;28;2017-08-11 19:00:00;292;LH;верх;1291,842;1287,717;10,486;6;1
5/5;29;2017-08-14 11:00:00;307;LL;низ;1278,685;1285,131;13,157;15;1
5/5;30;2017-08-14 16:00:00;312;LH;верх;1285,631;1280,942;6,946;5;1
5/5;31;2017-08-15 13:00:00;332;LL;низ;1267,397;1271,658;18,234;20;2
5/5;32;2017-08-15 17:00:00;336;LH;верх;1275,176;1272,999;7,779;4;2
5/5;33;2017-08-16 13:00:00;355;HL;низ;1267,734;1282,465;7,442;19;2
5/5;34;2017-08-17 07:00:00;372;HH;верх;1290,253;1284,562;22,519;17;3
5/5;35;2017-08-17 14:00:00;379;HL;низ;1281,254;1288,677;8,999;7;1
5/5;36;2017-08-17 23:00:00;387;LH;верх;1289,462;1288,104;8,208;8;1
5/5;37;2017-08-18 01:00:00;389;HL;низ;1285,996;1288,963;3,466;2;1
5/5;38;2017-08-18 13:00:00;401;HH;верх;1300,926;1287,927;14,930;12;1
5/5;39;2017-08-20 23:00:00;410;LL;низ;1280,613;1285,863;20,313;9;1
5/5;40;2017-08-21 13:00:00;424;LH;верх;1294,081;1291,618;13,468;14;1
5/5;41;2017-08-22 07:00:00;441;HL;низ;1283,148;1286,677;10,933;17;1
5/5;42;2017-08-22 13:00:00;447;LH;верх;1291,230;1285,393;8,082;6;1
5/5;43;2017-08-22 14:00:00;448;LL;низ;1282,053;1285,617;9,177;1;2
5/5;44;2017-08-23 12:00:00;469;HH;верх;1291,598;1289,423;9,545;21;2
5/5;45;2017-08-24 08:00:00;488;HL;низ;1284,492;1289,201;7,106;19;1
5/5;46;2017-08-24 13:00:00;493;LH;верх;1290,249;1285,781;5,757;5;1
5/5;47;2017-08-24 14:00:00;494;HL;низ;1284,881;1286,274;5,368;1;2
5/5;48;2017-08-25 13:00:00;516;HH;верх;1295,152;1291,451;10,271;22;1
5/5;49;2017-08-25 13:00:00;516;LL;низ;1276,196;1291,451;18,956;0;1
5/5;50;2017-08-29 08:00:00;557;HH;верх;1326,132;1321,367;49,936;41;2
5/5;51;2017-08-29 19:00:00;568;HL;низ;1305,060;1311,985;21,072;11;1
5/5;52;2017-08-30 03:00:00;575;LH;верх;1313,533;1310,199;8,473;7;1
5/5;53;2017-08-30 06:00:00;578;HL;низ;1306,368;1309,881;7,165;3;1
5/5;54;2017-08-30 10:00:00;582;HH;верх;1313,777;1308,922;7,409;4;1
5/5;55;2017-08-31 01:00:00;596;LL;низ;1297,876;1304,204;15,901;14;2
5/5;56;2017-08-31 19:00:00;614;HH;верх;1323,690;1319,256;25,814;18;1
5/5;57;2017-09-01 07:00:00;625;HL;низ;1317,806;1321,723;5,884;11;1
5/5;58;2017-09-01 12:00:00;630;HH;верх;1329,053;1324,518;11,247;5;1
5/5;59;2017-09-01 14:00:00;632;LL;низ;1316,452;1326,075;12,601;2;1
5/5;60;2017-09-04 07:00:00;648;HH;верх;1340,038;1334,086;23,586;16;2
5/5;61;2017-09-04 08:00:00;649;HL;низ;1332,273;1334,159;7,765;1;2
5/5;62;2017-09-05 02:00:00;662;LH;верх;1338,703;1331,839;6,430;13;1
5/5;63;2017-09-05 11:00:00;671;LL;низ;1326,267;1337,620;12,436;9;1
5/5;64;2017-09-05 19:00:00;679;HH;верх;1344,421;1339,078;18,154;8;1
5/5;65;2017-09-06 07:00:00;690;HL;низ;1336,406;1339,391;8,015;11;1
5/5;66;2017-09-06 09:00:00;692;LH;верх;1342,005;1339,503;5,599;2;2
5/5;67;2017-09-06 18:00:00;701;LL;низ;1331,640;1333,501;10,365;9;1
5/5;68;2017-09-08 05:00:00;734;HH;верх;1357,624;1354,869;25,984;33;1
5/5;69;2017-09-10 23:00:00;751;HL;низ;1333,995;1337,549;23,629;17;2
5/5;70;2017-09-11 09:00:00;761;LH;верх;1339,161;1334,572;5,166;10;1
5/5;71;2017-09-12 10:00:00;785;LL;низ;1322,678;1327,353;16,483;24;2
5/5;72;2017-09-12 22:00:00;796;LH;верх;1334,856;1331,811;12,178;11;2
5/5;73;2017-09-13 05:00:00;803;HL;низ;1329,418;1334,597;5,438;7;1
5/5;74;2017-09-13 10:00:00;808;LH;верх;1334,745;1322,822;5,327;5;1
5/5;75;2017-09-14 12:00:00;833;LL;низ;1315,683;1329,213;19,062;25;3
5/5;76;2017-09-14 23:00:00;843;LH;верх;1334,467;1329,715;18,784;10;1
5/5;77;2017-09-18 18:00:00;885;LL;низ;1304,706;1308,857;29,761;42;4
5/5;78;2017-09-19 03:00:00;893;LH;верх;1309,967;1308,775;5,261;8;1
5/5;79;2017-09-19 16:00:00;906;HL;низ;1305,186;1310,821;4,781;13;1
5/5;80;2017-09-20 18:00:00;931;HH;верх;1316,292;1299,140;11,106;25;2
5/5;81;2017-09-21 12:00:00;948;LL;низ;1288,150;1292,254;28,142;17;2
5/5;82;2017-09-22 04:00:00;963;LH;верх;1298,868;1296,848;10,718;15;2
5/5;83;2017-09-22 12:00:00;971;HL;низ;1293,454;1295,155;5,414;8;1
5/5;84;2017-09-22 14:00:00;973;LH;верх;1298,530;1296,989;5,076;2;2
5/5;85;2017-09-24 23:00:00;981;LL;низ;1289,099;1293,645;9,431;8;2
5/5;86;2017-09-26 03:00:00;1008;HH;верх;1313,809;1305,718;24,710;27;2
5/5;87;2017-09-28 06:00:00;1057;LL;низ;1277,806;1285,028;36,003;49;4
5/5;88;2017-09-28 18:00:00;1069;LH;верх;1288,746;1286,639;10,940;12;1
5/5;89;2017-09-29 06:00:00;1080;HL;низ;1283,632;1287,476;5,114;11;1
5/5;90;2017-09-29 12:00:00;1086;HH;верх;1290,503;1283,241;6,871;6;1
5/5;91;2017-10-02 07:00:00;1104;LL;низ;1271,204;1275,324;19,299;18;2
5/5;92;2017-10-02 14:00:00;1111;LH;верх;1277,346;1271,338;6,142;7;1
5/5;93;2017-10-03 01:00:00;1121;LL;низ;1268,418;1272,107;8,928;10;1
5/5;94;2017-10-03 06:00:00;1126;LH;верх;1272,546;1270,474;4,128;5;1
5/5;95;2017-10-03 12:00:00;1132;HL;низ;1269,306;1272,119;3,240;6;1
5/5;96;2017-10-03 15:00:00;1135;HH;верх;1274,784;1271,780;5,478;3;1
5/5;97;2017-10-03 20:00:00;1140;HL;низ;1270,654;1275,478;4,130;5;1
5/5;98;2017-10-04 12:00:00;1155;HH;верх;1282,320;1274,388;11,666;15;1
5/5;99;2017-10-04 14:00:00;1157;LL;низ;1270,588;1275,284;11,732;2;1
5/5;100;2017-10-04 19:00:00;1162;LH;верх;1276,352;1273,812;5,764;5;1
5/5;101;2017-10-05 00:00:00;1166;HL;низ;1273,112;1275,078;3,240;4;1
5/5;102;2017-10-05 09:00:00;1175;HH;верх;1279,026;1274,015;5,914;9;1
5/5;103;2017-10-05 20:00:00;1186;LL;низ;1266,498;1269,197;12,528;11;1
5/5;104;2017-10-06 01:00:00;1190;LH;верх;1269,767;1268,367;3,269;4;1
5/5;105;2017-10-06 13:00:00;1202;LL;низ;1260,668;1273,937;9,099;12;2
5/5;106;2017-10-09 06:00:00;1218;HH;верх;1285,592;1283,021;24,924;16;1
5/5;107;2017-10-09 14:00:00;1226;HL;низ;1279,464;1284,900;6,128;8;3
5/5;108;2017-10-10 15:00:00;1250;HH;верх;1294,306;1287,784;14,842;24;2
5/5;109;2017-10-11 02:00:00;1260;HL;низ;1286,745;1289,361;7,561;10;1
5/5;110;2017-10-11 12:00:00;1270;LH;верх;1291,409;1285,127;4,664;10;1
5/5;111;2017-10-11 17:00:00;1275;LL;низ;1284,644;1292,491;6,765;5;1
5/5;112;2017-10-12 07:00:00;1288;HH;верх;1297,565;1292,286;12,921;13;1
5/5;113;2017-10-12 14:00:00;1295;HL;низ;1289,710;1293,568;7,855;7;1
5/5;114;2017-10-13 06:00:00;1310;HH;верх;1298,516;1292,523;8,806;15;1
5/5;115;2017-10-13 12:00:00;1316;HL;низ;1291,084;1302,488;7,432;6;1
5/5;116;2017-10-16 00:00:00;1327;HH;верх;1304,690;1302,572;13,606;11;2
5/5;117;2017-10-16 01:00:00;1328;HL;низ;1301,128;1303,783;3,562;1;1
5/5;118;2017-10-16 11:00:00;1338;HH;верх;1306,138;1303,652;5,010;10;1
5/5;119;2017-10-17 15:00:00;1365;LL;низ;1281,414;1285,131;24,724;27;2
5/5;120;2017-10-18 02:00:00;1375;LH;верх;1288,889;1283,059;7,475;10;2
5/5;121;2017-10-18 12:00:00;1385;LL;низ;1276,990;1281,336;11,899;10;1
5/5;122;2017-10-19 01:00:00;1397;LH;верх;1282,050;1281,400;5,060;12;1
5/5;123;2017-10-19 02:00:00;1398;LL;низ;1276,729;1285,229;5,321;1;1
5/5;124;2017-10-19 23:00:00;1418;HH;верх;1291,218;1283,356;14,489;20;1
5/5;125;2017-10-23 13:00:00;1455;LL;низ;1272,554;1279,866;18,664;37;3
5/5;126;2017-10-24 00:00:00;1465;LH;верх;1283,772;1281,168;11,218;10;1
5/5;127;2017-10-24 14:00:00;1479;HL;низ;1273,704;1277,388;10,068;14;1
5/5;128;2017-10-24 19:00:00;1484;LH;верх;1281,320;1275,244;7,616;5;1
5/5;129;2017-10-25 12:00:00;1500;LL;низ;1271,088;1276,588;10,232;16;1
5/5;130;2017-10-26 05:00:00;1516;HH;верх;1282,590;1278,317;11,502;16;4
5/5;131;2017-10-27 12:00:00;1546;LL;низ;1263,582;1270,957;19,008;30;1
5/5;132;2017-10-27 20:00:00;1554;LH;верх;1274,707;1271,048;11,125;8;1
5/5;133;2017-10-30 07:00:00;1564;HL;низ;1268,999;1270,207;5,708;10;1
5/5;134;2017-10-30 16:00:00;1573;HH;верх;1278,890;1276,231;9,891;9;2
5/5;135;2017-10-31 01:00:00;1581;HL;низ;1274,954;1277,448;3,936;8;1
5/5;136;2017-10-31 06:00:00;1586;LH;верх;1278,242;1273,737;3,288;5;1
5/5;137;2017-10-31 14:00:00;1594;LL;низ;1267,844;1270,809;10,398;8;1
5/5;138;2017-10-31 19:00:00;1599;LH;верх;1272,055;1269,348;4,211;5;1
5/5;139;2017-11-01 01:00:00;1604;HL;низ;1267,988;1274,923;4,067;5;1
5/5;140;2017-11-01 10:00:00;1613;HH;верх;1280,920;1276,726;12,932;9;1
5/5;141;2017-11-01 13:00:00;1616;HL;низ;1272,385;1274,521;8,535;3;1
5/5;142;2017-11-02 01:00:00;1627;HH;верх;1281,526;1278,890;9,141;11;1
5/5;143;2017-11-02 11:00:00;1637;HL;низ;1273,320;1276,527;8,206;10;1
5/5;144;2017-11-02 14:00:00;1640;HH;верх;1284,271;1276,282;10,951;3;3
5/5;145;2017-11-03 15:00:00;1664;LL;низ;1265,534;1269,991;18,737;24;1
5/5;146;2017-11-05 23:00:00;1670;LH;верх;1271,191;1269,726;5,657;6;1
5/5;147;2017-11-06 01:00:00;1672;HL;низ;1266,174;1268,867;5,017;2;2
5/5;148;2017-11-06 17:00:00;1688;HH;верх;1283,082;1280,111;16,908;16;1
5/5;149;2017-11-07 08:00:00;1702;HL;низ;1275,303;1278,167;7,779;14;1
5/5;150;2017-11-07 14:00:00;1708;LH;верх;1280,130;1276,504;4,827;6;1
5/5;151;2017-11-07 15:00:00;1709;LL;низ;1271,974;1276,303;8,156;1;2
5/5;152;2017-11-08 16:00:00;1733;HH;верх;1287,262;1281,543;15,288;24;1
5/5;153;2017-11-09 01:00:00;1741;HL;низ;1280,056;1283,428;7,206;8;1
5/5;154;2017-11-09 11:00:00;1751;HH;верх;1288,284;1285,579;8,228;10;1
5/5;155;2017-11-09 15:00:00;1755;HL;низ;1281,994;1286,241;6,290;4;1
5/5;156;2017-11-09 20:00:00;1760;HH;верх;1288,744;1285,478;6,750;5;1
5/5;157;2017-11-10 08:00:00;1771;HL;низ;1282,675;1284,676;6,069;11;1
5/5;158;2017-11-10 14:00:00;1777;LH;верх;1285,989;1275,266;3,314;6;1
5/5;159;2017-11-10 18:00:00;1781;LL;низ;1273,506;1275,598;12,483;4;1
5/5;160;2017-11-13 16:00:00;1802;LH;верх;1279,898;1278,412;6,392;21;1
5/5;161;2017-11-14 08:00:00;1817;LL;низ;1270,118;1271,566;9,780;15;2
5/5;162;2017-11-14 18:00:00;1827;HH;верх;1283,638;1280,946;13,520;10;2
5/5;163;2017-11-15 06:00:00;1838;HL;низ;1280,498;1285,564;3,140;11;1
5/5;164;2017-11-15 13:00:00;1845;HH;верх;1289,606;1278,255;9,108;7;1
5/5;165;2017-11-16 07:00:00;1862;LL;низ;1275,175;1277,236;14,431;17;2
5/5;166;2017-11-16 14:00:00;1869;LH;верх;1281,884;1278,516;6,709;7;1
5/5;167;2017-11-16 14:00:00;1869;HL;низ;1276,414;1278,516;5,470;0;1
5/5;168;2017-11-17 02:00:00;1880;HH;верх;1284,080;1282,097;7,666;11;1
5/5;169;2017-11-17 07:00:00;1885;HL;низ;1281,149;1282,150;2,931;5;1
5/5;170;2017-11-17 18:00:00;1896;HH;верх;1296,984;1293,761;15,835;11;1
5/5;171;2017-11-20 07:00:00;1908;HL;низ;1290,180;1292,818;6,804;12;1
5/5;172;2017-11-20 13:00:00;1914;LH;верх;1293,648;1276,423;3,468;6;1
5/5;173;2017-11-20 18:00:00;1919;LL;низ;1274,518;1279,032;19,130;5;1
5/5;174;2017-11-21 08:00:00;1932;LH;верх;1281,484;1276,756;6,966;13;1
5/5;175;2017-11-21 13:00:00;1937;HL;низ;1276,272;1281,617;5,212;5;1
5/5;176;2017-11-21 15:00:00;1939;HH;верх;1284,832;1279,832;8,560;2;1
5/5;177;2017-11-22 03:00:00;1950;HL;низ;1279,115;1285,064;5,717;11;1
5/5;178;2017-11-22 19:00:00;1966;HH;верх;1294,696;1289,862;15,581;16;1
5/5;179;2017-11-23 09:00:00;1979;HL;низ;1287,128;1291,284;7,568;13;1
5/5;180;2017-11-23 10:00:00;1980;LH;верх;1293,712;1291,333;6,584;1;2
5/5;181;2017-11-24 11:00:00;2000;LL;низ;1285,813;1288,347;7,899;20;1
5/5;182;2017-11-24 14:00:00;2003;LH;верх;1291,431;1287,418;5,618;3;1
5/5;183;2017-11-27 00:00:00;2009;HL;низ;1286,790;1290,293;4,641;6;1
5/5;184;2017-11-27 14:00:00;2023;HH;верх;1299,326;1295,221;12,536;14;2
5/5;185;2017-11-28 14:00:00;2046;HL;низ;1290,712;1292,242;8,614;23;2
5/5;186;2017-11-28 15:00:00;2047;LH;верх;1297,572;1293,376;6,860;1;2
5/5;187;2017-11-29 18:00:00;2073;LL;низ;1282,090;1284,861;15,482;26;1
5/5;188;2017-11-30 01:00:00;2079;LH;верх;1285,382;1283,811;3,292;6;1
5/5;189;2017-11-30 18:00:00;2096;LL;низ;1270,371;1275,755;15,011;17;1
5/5;190;2017-12-01 09:00:00;2110;LH;верх;1278,176;1274,965;7,805;14;2
5/5;191;2017-12-01 15:00:00;2116;HL;низ;1271,824;1280,840;6,352;6;1
5/5;192;2017-12-01 16:00:00;2117;HH;верх;1289,304;1280,637;17,480;1;1
5/5;193;2017-12-04 08:00:00;2132;LL;низ;1271,202;1273,783;18,102;15;2
5/5;194;2017-12-04 21:00:00;2145;LH;верх;1277,260;1275,467;6,058;13;2
5/5;195;2017-12-05 04:00:00;2151;HL;низ;1274,393;1275,966;2,867;6;1
5/5;196;2017-12-05 11:00:00;2158;LH;верх;1276,894;1263,893;2,501;7;1
5/5;197;2017-12-05 16:00:00;2163;LL;низ;1260,978;1266,111;15,916;5;1
5/5;198;2017-12-06 10:00:00;2180;LH;верх;1269,346;1263,543;8,368;17;1
5/5;199;2017-12-07 20:00:00;2213;LL;низ;1243,958;1249,529;25,388;33;2
5/5;200;2017-12-08 07:00:00;2223;LH;верх;1249,762;1247,346;5,804;10;1
5/5;201;2017-12-08 13:00:00;2229;HL;низ;1244,006;1247,573;5,756;6;1
5/5;202;2017-12-08 14:00:00;2230;HH;верх;1252,416;1248,528;8,410;1;2
5/5;203;2017-12-11 01:00:00;2240;HL;низ;1246,966;1249,840;5,450;10;1
5/5;204;2017-12-11 11:00:00;2250;LH;верх;1251,544;1246,621;4,579;10;1
5/5;205;2017-12-11 20:00:00;2259;LL;низ;1240,804;1244,671;10,740;9;1
5/5;206;2017-12-12 07:00:00;2269;LH;верх;1246,274;1242,968;5,470;10;1
5/5;207;2017-12-12 15:00:00;2277;LL;низ;1236,527;1244,449;9,747;8;1
5/5;208;2017-12-13 03:00:00;2288;LH;верх;1245,316;1242,179;8,789;11;1
5/5;209;2017-12-13 12:00:00;2297;HL;низ;1240,299;1245,864;5,017;9;1
5/5;210;2017-12-14 01:00:00;2309;HH;верх;1259,174;1257,022;18,875;12;2
5/5;211;2017-12-14 15:00:00;2323;HL;низ;1250,544;1253,238;8,630;14;1
5/5;212;2017-12-15 13:00:00;2344;HH;верх;1261,957;1254,465;11,413;21;1
5/5;213;2017-12-18 01:00:00;2355;HL;низ;1252,872;1256,651;9,085;11;3
5/5;214;2017-12-18 16:00:00;2370;HH;верх;1264,084;1262,132;11,212;15;1
5/5;215;2017-12-19 01:00:00;2378;HL;низ;1260,348;1263,566;3,736;8;1
5/5;216;2017-12-19 12:00:00;2389;HH;верх;1265,388;1259,982;5,040;11;1
5/5;217;2017-12-19 18:00:00;2395;LL;низ;1259,236;1262,153;6,152;6;1
5/5;218;2017-12-20 11:00:00;2411;HH;верх;1266,446;1265,268;7,210;16;2
5/5;219;2017-12-20 14:00:00;2414;HL;низ;1262,211;1265,988;4,235;3;1
5/5;220;2017-12-21 01:00:00;2424;HH;верх;1268,339;1265,782;6,128;10;2
5/5;221;2017-12-21 13:00:00;2436;HL;низ;1262,892;1266,614;5,447;12;1
5/5;222;2017-12-21 20:00:00;2443;HH;верх;1268,970;1266,028;6,078;7;1
5/5;223;2017-12-22 01:00:00;2447;HL;низ;1265,082;1267,044;3,888;4;1
5/5;224;2017-12-22 17:00:00;2463;HH;верх;1276,203;1273,665;11,121;16;1
5/5;225;2017-12-26 00:00:00;2469;HL;низ;1273,408;1278,843;2,795;6;1
5/5;226;2017-12-26 06:00:00;2475;HH;верх;1279,282;1277,608;5,874;6;1
5/5;227;2017-12-26 09:00:00;2478;HL;низ;1277,079;1280,993;2,203;3;1
5/5;228;2017-12-26 18:00:00;2487;HH;верх;1283,843;1282,442;6,764;9;1
5/5;229;2017-12-27 04:00:00;2496;HL;низ;1281,351;1286,037;2,492;9;1
5/5;230;2017-12-27 19:00:00;2511;HH;верх;1289,034;1287,911;7,683;15;1
5/5;231;2017-12-28 13:00:00;2528;HL;низ;1288,632;1294,447;0,402;17;1
5/5;232;2017-12-29 02:00:00;2540;HH;верх;1296,380;1295,275;7,748;12;2
5/5;233;2017-12-29 07:00:00;2545;HL;низ;1294,754;1296,745;1,626;5;2
5/5;234;2018-01-02 23:00:00;2583;HH;верх;1321,588;1313,703;26,834;38;2
5/5;235;2018-01-03 07:00:00;2591;HL;низ;1311,785;1314,899;9,803;8;1
5/5;236;2018-01-03 14:00:00;2598;LH;верх;1318,026;1313,051;6,241;7;1
5/5;237;2018-01-04 01:00:00;2608;LL;низ;1305,937;1310,167;12,089;10;2
5/5;238;2018-01-04 20:00:00;2627;HH;верх;1326,064;1321,158;20,127;19;2
5/5;239;2018-01-05 14:00:00;2644;HL;низ;1313,678;1320,665;12,386;17;1
5/5;240;2018-01-08 01:00:00;2654;LH;верх;1322,180;1318,900;8,502;10;1
5/5;241;2018-01-08 08:00:00;2661;HL;низ;1314,754;1320,052;7,426;7;1
5/5;242;2018-01-08 11:00:00;2664;LH;верх;1321,154;1316,775;6,400;3;1
5/5;243;2018-01-08 16:00:00;2669;HL;низ;1316,010;1320,341;5,144;5;1
5/5;244;2018-01-08 21:00:00;2674;LH;верх;1320,634;1319,068;4,624;5;1
5/5;245;2018-01-09 01:00:00;2677;LL;низ;1315,841;1318,057;4,793;3;1
5/5;246;2018-01-09 05:00:00;2681;LH;верх;1320,266;1314,948;4,425;4;1
5/5;247;2018-01-09 14:00:00;2690;LL;низ;1308,868;1313,691;11,398;9;1
5/5;248;2018-01-09 19:00:00;2695;LH;верх;1315,750;1311,223;6,882;5;1
5/5;249;2018-01-10 01:00:00;2700;LL;низ;1308,318;1310,105;7,432;5;1
5/5;250;2018-01-10 11:00:00;2710;HH;верх;1327,874;1317,221;19,556;10;1
5/5;251;2018-01-10 23:00:00;2721;HL;низ;1316,380;1317,636;11,494;11;1
5/5;252;2018-01-11 03:00:00;2725;LH;верх;1320,960;1317,343;4,580;4;1
5/5;253;2018-01-11 07:00:00;2729;LL;низ;1315,820;1319,568;5,140;4;1
5/5;254;2018-01-12 10:00:00;2755;HH;верх;1333,238;1331,383;17,418;26;1
5/5;255;2018-01-12 13:00:00;2758;HL;низ;1323,417;1337,750;9,821;3;1
5/5;256;2018-01-15 05:00:00;2773;HH;верх;1344,874;1343,164;21,457;15;1
5/5;257;2018-01-16 10:00:00;2797;HL;низ;1331,912;1335,457;12,962;24;2
5/5;258;2018-01-17 02:00:00;2812;LH;верх;1344,082;1334,368;12,170;15;1
5/5;259;2018-01-17 07:00:00;2817;HL;низ;1333,050;1335,967;11,032;5;1
5/5;260;2018-01-17 18:00:00;2828;LH;верх;1340,567;1328,589;7,517;11;2
5/5;261;2018-01-18 01:00:00;2834;LL;низ;1324,300;1328,313;16,267;6;2
5/5;262;2018-01-18 16:00:00;2849;LH;верх;1333,200;1326,879;8,900;15;1
5/5;263;2018-01-18 20:00:00;2853;HL;низ;1325,578;1329,803;7,622;4;1
5/5;264;2018-01-19 08:00:00;2864;HH;верх;1338,161;1334,209;12,583;11;1
5/5;265;2018-01-19 14:00:00;2870;HL;низ;1332,228;1334,476;5,933;6;1
5/5;266;2018-01-21 23:00:00;2878;LH;верх;1335,784;1331,647;3,556;8;1
5/5;267;2018-01-22 07:00:00;2886;LL;низ;1328,500;1332,300;7,284;8;1
5/5;268;2018-01-22 15:00:00;2894;LH;верх;1335,690;1334,674;7,190;8;1
5/5;269;2018-01-22 17:00:00;2896;HL;низ;1330,787;1333,271;4,903;2;2
5/5;270;2018-01-25 06:00:00;2954;HH;верх;1366,112;1359,289;35,325;58;3
5/5;271;2018-01-25 08:00:00;2956;HL;низ;1356,508;1360,229;9,604;2;1
5/5;272;2018-01-25 18:00:00;2966;LH;верх;1364,878;1348,339;8,370;10;1
5/5;273;2018-01-25 19:00:00;2967;LL;низ;1342,442;1353,003;22,436;1;1
5/5;274;2018-01-26 07:00:00;2978;LH;верх;1357,233;1350,650;14,791;11;1
5/5;275;2018-01-26 14:00:00;2985;HL;низ;1348,768;1350,645;8,465;7;1
5/5;276;2018-01-26 18:00:00;2989;LH;верх;1354,469;1350,835;5,701;4;1
5/5;277;2018-01-30 05:00:00;3022;LL;низ;1334,502;1344,221;19,967;33;2
5/5;278;2018-01-30 14:00:00;3031;LH;верх;1349,067;1340,191;14,565;9;1
5/5;279;2018-01-30 18:00:00;3035;HL;низ;1335,810;1339,553;13,257;4;1
5/5;280;2018-01-31 06:00:00;3046;LH;верх;1345,030;1342,610;9,220;11;1
5/5;281;2018-01-31 19:00:00;3059;LL;низ;1332,900;1342,883;12,130;13;1
5/5;282;2018-01-31 20:00:00;3060;HH;верх;1347,532;1343,486;14,632;1;1
5/5;283;2018-02-01 11:00:00;3074;HL;низ;1337,328;1342,389;10,204;14;1
5/5;284;2018-02-01 21:00:00;3084;HH;верх;1351,060;1348,530;13,732;10;1
5/5;285;2018-02-02 15:00:00;3101;LL;низ;1327,472;1331,996;23,588;17;1
5/5;286;2018-02-05 11:00:00;3120;LH;верх;1338,658;1335,787;11,186;19;1
5/5;287;2018-02-05 15:00:00;3124;HL;низ;1332,402;1336,129;6,256;4;1
5/5;288;2018-02-06 02:00:00;3134;HH;верх;1346,192;1343,229;13,790;10;2
5/5;289;2018-02-06 20:00:00;3152;LL;низ;1320,264;1330,553;25,928;18;1
5/5;290;2018-02-07 07:00:00;3162;LH;верх;1332,363;1324,268;12,099;10;1
5/5;291;2018-02-07 18:00:00;3173;LL;низ;1311,378;1315,606;20,985;11;1
5/5;292;2018-02-08 00:00:00;3178;LH;верх;1319,322;1311,745;7,944;5;1
5/5;293;2018-02-08 12:00:00;3190;LL;низ;1307,081;1320,002;12,241;12;1
5/5;294;2018-02-08 23:00:00;3200;HH;верх;1322,835;1317,710;15,754;10;1
5/5;295;2018-02-09 15:00:00;3216;HL;низ;1311,207;1314,873;11,628;16;1
5/5;296;2018-02-12 01:00:00;3225;HH;верх;1326,697;1323,864;15,490;9;2
5/5;297;2018-02-12 12:00:00;3236;HL;низ;1316,838;1324,709;9,859;11;1
5/5;298;2018-02-12 17:00:00;3241;LH;верх;1326,232;1322,605;9,394;5;1
5/5;299;2018-02-12 20:00:00;3244;HL;низ;1321,358;1323,212;4,874;3;1
5/5;300;2018-02-13 10:00:00;3257;HH;верх;1331,034;1328,718;9,676;13;1
5/5;301;2018-02-13 14:00:00;3261;HL;низ;1323,011;1328,303;8,023;4;1
5/5;302;2018-02-14 03:00:00;3273;HH;верх;1337,112;1331,811;14,101;12;1
5/5;303;2018-02-14 13:00:00;3283;LL;низ;1318,002;1352,792;19,110;10;1
5/5;304;2018-02-15 08:00:00;3301;HH;верх;1357,190;1352,825;39,188;18;2
5/5;305;2018-02-15 12:00:00;3305;HL;низ;1348,612;1351,350;8,578;4;1
5/5;306;2018-02-16 09:00:00;3325;HH;верх;1361,796;1354,012;13,184;20;1
5/5;307;2018-02-16 19:00:00;3335;LL;низ;1344,900;1350,479;16,896;10;1
5/5;308;2018-02-19 02:00:00;3341;LH;верх;1351,463;1348,396;6,563;6;1
5/5;309;2018-02-19 05:00:00;3344;HL;низ;1346,384;1348,416;5,079;3;1
5/5;310;2018-02-20 14:00:00;3372;LH;верх;1343,344;1329,927;3,040;28;1
5/5;311;2018-02-21 07:00:00;3388;LL;низ;1325,272;1328,042;18,072;16;1
5/5;312;2018-02-21 19:00:00;3400;LH;верх;1336,350;1324,922;11,078;12;1
5/5;313;2018-02-22 07:00:00;3411;LL;низ;1321,026;1323,955;15,324;11;2
5/5;314;2018-02-22 23:00:00;3426;LH;верх;1332,337;1327,219;11,311;15;1
5/5;315;2018-02-23 07:00:00;3434;HL;низ;1325,876;1330,387;6,461;8;1
5/5;316;2018-02-23 12:00:00;3439;LH;верх;1331,721;1330,214;5,845;5;1
5/5;317;2018-02-25 23:00:00;3449;HL;низ;1326,728;1336,961;4,993;10;2
5/5;318;2018-02-26 07:00:00;3457;HH;верх;1341,072;1336,909;14,344;8;1
5/5;319;2018-02-26 17:00:00;3467;HL;низ;1330,282;1332,306;10,790;10;1
5/5;320;2018-02-27 01:00:00;3474;LH;верх;1336,836;1333,032;6,554;7;1
5/5;321;2018-02-27 06:00:00;3479;HL;низ;1331,438;1332,484;5,398;5;1
5/5;322;2018-02-27 08:00:00;3481;LH;верх;1334,792;1328,124;3,354;2;1
5/5;323;2018-02-27 17:00:00;3490;LL;низ;1313,452;1317,601;21,340;9;1
5/5;324;2018-02-28 14:00:00;3510;LH;верх;1322,640;1318,444;9,188;20;1
5/5;325;2018-03-01 15:00:00;3534;LL;низ;1302,832;1315,173;19,808;24;2
5/5;326;2018-03-01 20:00:00;3539;LH;верх;1321,252;1316,688;18,420;5;2
5/5;327;2018-03-02 09:00:00;3551;HL;низ;1315,818;1323,100;5,434;12;1
5/5;328;2018-03-02 14:00:00;3556;HH;верх;1325,580;1322,839;9,762;5;1
5/5;329;2018-03-02 16:00:00;3558;HL;низ;1317,570;1322,064;8,010;2;1
5/5;330;2018-03-05 07:00:00;3572;HH;верх;1327,870;1323,540;10,300;14;1
5/5;331;2018-03-05 19:00:00;3584;HL;низ;1317,609;1322,691;10,261;12;2
5/5;332;2018-03-06 23:00:00;3610;HH;верх;1340,600;1332,865;22,991;26;2
5/5;333;2018-03-07 19:00:00;3630;HL;низ;1322,270;1327,017;18,330;20;1
5/5;334;2018-03-08 07:00:00;3641;LH;верх;1329,146;1324,548;6,876;11;1
5/5;335;2018-03-08 15:00:00;3649;LL;низ;1319,049;1322,195;10,097;8;1
5/5;336;2018-03-08 20:00:00;3654;LH;верх;1322,777;1318,417;3,728;5;1
5/5;337;2018-03-09 13:00:00;3670;LL;низ;1312,862;1322,320;9,915;16;2
5/5;338;2018-03-09 17:00:00;3674;HH;верх;1325,258;1323,064;12,396;4;1
5/5;339;2018-03-12 01:00:00;3682;HL;низ;1321,288;1322,826;3,970;8;1
5/5;340;2018-03-12 04:00:00;3685;LH;верх;1324,280;1317,638;2,992;3;1
5/5;341;2018-03-12 11:00:00;3692;LL;низ;1315,109;1318,540;9,171;7;1
5/5;342;2018-03-12 23:00:00;3703;HH;верх;1325,876;1319,090;10,767;11;1
5/5;343;2018-03-13 12:00:00;3716;LL;низ;1313,678;1326,791;12,198;13;1
5/5;344;2018-03-13 17:00:00;3721;HH;верх;1328,420;1326,438;14,742;5;1
5/5;345;2018-03-14 00:00:00;3727;HL;низ;1324,080;1328,909;4,340;6;1
5/5;346;2018-03-14 05:00:00;3732;HH;верх;1330,162;1325,757;6,082;5;2
5/5;347;2018-03-14 14:00:00;3741;LL;низ;1321,522;1325,262;8,640;9;2
5/5;348;2018-03-15 05:00:00;3755;LH;верх;1328,012;1322,869;6,490;14;1
5/5;349;2018-03-16 01:00:00;3774;LL;низ;1313,752;1317,609;14,260;19;2
5/5;350;2018-03-16 11:00:00;3784;LH;верх;1321,769;1314,320;8,017;10;1
5/5;351;2018-03-19 06:00:00;3802;LL;низ;1307,770;1310,147;13,999;18;2
5/5;352;2018-03-19 16:00:00;3812;LH;верх;1319,726;1317,139;11,956;10;1
5/5;353;2018-03-20 14:00:00;3833;LL;низ;1307,210;1310,631;12,516;21;1
5/5;354;2018-03-21 19:00:00;3861;HH;верх;1336,814;1330,987;29,604;28;1
5/5;355;2018-03-22 05:00:00;3870;HL;низ;1327,544;1329,884;9,270;9;1
5/5;356;2018-03-22 08:00:00;3873;LH;верх;1333,977;1330,164;6,433;3;1
5/5;357;2018-03-22 17:00:00;3882;LL;низ;1324,806;1332,820;9,171;9;1
5/5;358;2018-03-25 22:00:00;3909;HH;верх;1351,041;1348,079;26,235;27;4
5/5;359;2018-03-26 06:00:00;3917;HL;низ;1343,552;1349,042;7,489;8;1
5/5;360;2018-03-26 15:00:00;3926;HH;верх;1355,948;1353,776;12,396;9;1
5/5;361;2018-03-27 00:00:00;3934;HL;низ;1350,880;1353,180;5,068;8;1
5/5;362;2018-03-27 06:00:00;3940;HH;верх;1356,917;1345,922;6,037;6;1
5/5;363;2018-03-27 13:00:00;3947;LL;низ;1339,925;1343,947;16,992;7;1
5/5;364;2018-03-28 01:00:00;3958;LH;верх;1347,156;1341,266;7,231;11;1
5/5;365;2018-03-28 18:00:00;3975;LL;низ;1323,508;1326,235;23,648;17;1
5/5;366;2018-03-29 05:00:00;3985;LH;верх;1328,387;1325,130;4,879;10;1
5/5;367;2018-03-29 15:00:00;3995;LL;низ;1321,248;1325,238;7,139;10;2
5/5;368;2018-04-02 18:00:00;4021;HH;верх;1344,990;1340,841;23,742;26;1
5/5;369;2018-04-03 01:00:00;4027;HL;низ;1337,352;1341,215;7,638;6;1
5/5;370;2018-04-03 06:00:00;4032;LH;верх;1342,174;1337,835;4,822;5;2
5/5;371;2018-04-03 14:00:00;4040;LL;низ;1328,940;1331,653;13,234;8;1
5/5;372;2018-04-04 12:00:00;4061;HH;верх;1348,266;1336,267;19,326;21;1
5/5;373;2018-04-05 07:00:00;4079;LL;низ;1324,501;1325,572;23,765;18;1
5/5;374;2018-04-05 11:00:00;4083;LH;верх;1330,913;1324,988;6,412;4;1
5/5;375;2018-04-05 13:00:00;4085;LL;низ;1322,840;1325,867;8,073;2;1
5/5;376;2018-04-06 01:00:00;4096;HH;верх;1333,432;1324,816;10,592;11;1
5/5;377;2018-04-06 07:00:00;4102;LL;низ;1320,075;1328,502;13,357;6;1
5/5;378;2018-04-06 13:00:00;4108;HH;верх;1335,592;1332,873;15,517;6;2
5/5;379;2018-04-09 01:00:00;4119;HL;низ;1329,942;1331,511;5,650;11;1
5/5;380;2018-04-09 05:00:00;4123;LH;верх;1333,627;1328,487;3,685;4;1
5/5;381;2018-04-09 10:00:00;4128;LL;низ;1326,930;1333,492;6,697;5;1
5/5;382;2018-04-10 00:00:00;4141;HH;верх;1338,384;1332,476;11,454;13;1
5/5;383;2018-04-10 05:00:00;4146;HL;низ;1331,092;1335,785;7,292;5;1
5/5;384;2018-04-11 15:00:00;4179;HH;верх;1365,370;1353,275;34,278;33;3
5/5;385;2018-04-11 18:00:00;4182;HL;низ;1347,648;1351,751;17,722;3;1
5/5;386;2018-04-12 07:00:00;4194;LH;верх;1352,352;1343,370;4,704;12;1
5/5;387;2018-04-13 11:00:00;4221;LL;низ;1333,481;1346,620;18,871;27;3
5/5;388;2018-04-16 01:00:00;4234;LH;верх;1348,867;1343,538;15,386;13;1
5/5;389;2018-04-16 07:00:00;4240;HL;низ;1341,182;1345,734;7,685;6;1
5/5;390;2018-04-16 14:00:00;4247;HH;верх;1350,586;1346,170;9,404;7;1
5/5;391;2018-04-16 20:00:00;4253;HL;низ;1345,340;1346,152;5,246;6;1
5/5;392;2018-04-17 01:00:00;4257;LH;верх;1349,450;1348,506;4,110;4;1
5/5;393;2018-04-17 12:00:00;4268;LL;низ;1337,710;1346,404;11,740;11;1
5/5;394;2018-04-17 19:00:00;4275;LH;верх;1347,779;1344,003;10,069;7;1
5/5;395;2018-04-18 05:00:00;4284;HL;низ;1342,376;1349,240;5,403;9;1
5/5;396;2018-04-18 13:00:00;4292;HH;верх;1355,810;1349,822;13,434;8;1
5/5;397;2018-04-18 19:00:00;4298;HL;низ;1347,606;1348,864;8,204;6;1
5/5;398;2018-04-19 07:00:00;4309;LH;верх;1354,757;1347,943;7,151;11;1
5/5;399;2018-04-19 15:00:00;4317;LL;низ;1340,970;1345,742;13,787;8;2
5/5;400;2018-04-20 12:00:00;4337;LH;верх;1344,326;1337,086;3,356;20;1
5/5;401;2018-04-22 22:00:00;4346;LL;низ;1332,041;1334,291;12,285;9;2
5/5;402;2018-04-23 06:00:00;4354;LH;верх;1335,555;1328,742;3,514;8;1
5/5;403;2018-04-24 01:00:00;4372;LL;низ;1322,080;1324,902;13,475;18;2
5/5;404;2018-04-24 06:00:00;4377;LH;верх;1328,606;1326,714;6,526;5;1
5/5;405;2018-04-24 12:00:00;4383;HL;низ;1323,464;1332,180;5,142;6;1
5/5;406;2018-04-24 18:00:00;4389;HH;верх;1332,780;1330,820;9,316;6;1
5/5;407;2018-04-25 12:00:00;4406;LL;низ;1318,864;1321,958;13,916;17;1
5/5;408;2018-04-26 07:00:00;4424;LH;верх;1326,716;1324,852;7,852;18;1
5/5;409;2018-04-26 15:00:00;4432;LL;низ;1315,286;1317,037;11,430;8;1
5/5;410;2018-04-26 23:00:00;4439;LH;верх;1318,380;1317,742;3,094;7;1
5/5;411;2018-04-27 07:00:00;4447;HL;низ;1315,410;1321,246;2,970;8;2
5/5;412;2018-04-27 18:00:00;4458;HH;верх;1325,294;1324,440;9,884;11;1
5/5;413;2018-04-30 13:00:00;4476;LL;низ;1310,300;1318,206;14,994;18;1
5/5;414;2018-04-30 17:00:00;4480;LH;верх;1320,704;1315,266;10,404;4;1
5/5;415;2018-05-01 14:00:00;4500;LL;низ;1301,756;1305,111;18,948;20;1
5/5;416;2018-05-02 18:00:00;4527;LH;верх;1313,724;1308,446;11,968;27;2
5/5;417;2018-05-02 19:00:00;4528;HL;низ;1303,964;1309,619;9,760;1;1
5/5;418;2018-05-03 01:00:00;4533;LH;верх;1310,620;1309,064;6,656;5;1
5/5;419;2018-05-03 07:00:00;4539;HL;низ;1306,502;1315,596;4,118;6;1
5/5;420;2018-05-03 12:00:00;4544;HH;верх;1318,184;1313,426;11,682;5;1
5/5;421;2018-05-03 17:00:00;4549;HL;низ;1310,707;1312,908;7,477;5;1
5/5;422;2018-05-04 12:00:00;4567;LH;верх;1315,743;1314,032;5,036;18;2
5/5;423;2018-05-04 13:00:00;4568;LL;низ;1307,946;1314,696;7,797;1;1
5/5;424;2018-05-07 01:00:00;4579;HH;верх;1319,170;1313,546;11,224;11;1
5/5;425;2018-05-07 12:00:00;4590;HL;низ;1310,270;1314,644;8,900;11;1
5/5;426;2018-05-08 00:00:00;4601;LH;верх;1317,188;1312,700;6,918;11;3
5/5;427;2018-05-08 14:00:00;4615;LL;низ;1306,159;1314,485;11,029;14;1
5/5;428;2018-05-08 18:00:00;4619;HH;верх;1318,040;1313,238;11,881;4;1
5/5;429;2018-05-09 07:00:00;4631;LL;низ;1304,332;1313,665;13,708;12;1
5/5;430;2018-05-09 14:00:00;4638;LH;верх;1317,503;1311,854;13,171;7;1
5/5;431;2018-05-09 19:00:00;4643;HL;низ;1310,989;1314,602;6,514;5;1
5/5;432;2018-05-10 02:00:00;4649;LH;верх;1315,796;1311,818;4,807;6;1
5/5;433;2018-05-10 07:00:00;4654;LL;низ;1310,790;1321,968;5,006;5;1
5/5;434;2018-05-10 12:00:00;4659;HH;верх;1323,187;1320,566;12,397;5;2
5/5;435;2018-05-11 05:00:00;4675;HL;низ;1318,498;1324,504;4,689;16;1
5/5;436;2018-05-11 12:00:00;4682;HH;верх;1326,046;1321,516;7,548;7;1
5/5;437;2018-05-11 20:00:00;4690;LL;низ;1317,645;1320,974;8,401;8;1
5/5;438;2018-05-14 01:00:00;4694;LH;верх;1322,431;1319,819;4,786;4;2
5/5;439;2018-05-15 18:00:00;4734;LL;низ;1288,713;1292,753;33,718;40;2
5/5;440;2018-05-16 07:00:00;4746;LH;верх;1297,028;1287,596;8,315;12;1
5/5;441;2018-05-16 12:00:00;4751;LL;низ;1286,375;1293,338;10,653;5;1
5/5;442;2018-05-17 02:00:00;4764;LH;верх;1294,471;1290,215;8,096;13;2
5/5;443;2018-05-17 10:00:00;4772;LL;низ;1284,914;1288,760;9,557;8;1
5/5;444;2018-05-17 13:00:00;4775;LH;верх;1292,197;1291,196;7,283;3;1
5/5;445;2018-05-18 01:00:00;4786;HL;низ;1287,795;1290,296;4,402;11;1
5/5;446;2018-05-18 07:00:00;4792;LH;верх;1291,182;1287,448;3,387;6;1
5/5;447;2018-05-18 13:00:00;4798;LL;низ;1286,120;1293,896;5,062;6;1
5/5;448;2018-05-18 18:00:00;4803;HH;верх;1294,278;1289,906;8,158;5;1
5/5;449;2018-05-21 07:00:00;4815;LL;низ;1282,031;1287,147;12,247;12;1
5/5;450;2018-05-21 23:00:00;4830;LH;верх;1293,544;1289,542;11,513;15;1
5/5;451;2018-05-22 07:00:00;4838;HL;низ;1287,951;1294,070;5,593;8;1
5/5;452;2018-05-22 08:00:00;4839;HH;верх;1296,641;1293,631;8,690;1;1
5/5;453;2018-05-22 22:00:00;4852;HL;низ;1291,016;1293,030;5,625;13;2
5/5;454;2018-05-23 00:00:00;4854;LH;верх;1295,708;1290,558;4,692;2;1
5/5;455;2018-05-23 06:00:00;4860;LL;низ;1289,228;1296,701;6,480;6;1
5/5;456;2018-05-23 09:00:00;4863;HH;верх;1299,008;1291,376;9,780;3;1
5/5;457;2018-05-23 13:00:00;4867;LL;низ;1287,877;1294,449;11,131;4;2
5/5;458;2018-05-24 14:00:00;4891;HH;верх;1306,636;1304,576;18,759;24;1
5/5;459;2018-05-25 01:00:00;4901;HL;низ;1301,637;1303,378;4,999;10;1
5/5;460;2018-05-25 13:00:00;4913;HH;верх;1307,890;1303,102;6,253;12;1
5/5;461;2018-05-28 06:00:00;4929;LL;низ;1295,512;1299,217;12,378;16;3
5/5;462;2018-05-29 00:00:00;4942;LH;верх;1301,436;1298,243;5,924;13;2
5/5;463;2018-05-29 07:00:00;4949;HL;низ;1295,998;1297,912;5,438;7;1
5/5;464;2018-05-29 08:00:00;4950;HH;верх;1306,723;1294,841;10,725;1;1
5/5;465;2018-05-29 13:00:00;4955;LL;низ;1292,892;1303,152;13,831;5;1
5/5;466;2018-05-29 16:00:00;4958;LH;верх;1304,734;1300,610;11,842;3;1
5/5;467;2018-05-30 07:00:00;4972;HL;низ;1295,910;1300,510;8,824;14;2
5/5;468;2018-05-31 06:00:00;4994;HH;верх;1306,912;1304,732;11,002;22;3
5/5;469;2018-05-31 13:00:00;5001;HL;низ;1298,725;1300,752;8,187;7;1
5/5;470;2018-05-31 14:00:00;5002;LH;верх;1306,316;1299,490;7,591;1;1
5/5;471;2018-05-31 20:00:00;5008;LL;низ;1297,542;1298,276;8,774;6;2
5/5;472;2018-06-01 08:00:00;5019;LH;верх;1300,159;1293,468;2,617;11;1
5/5;473;2018-06-01 12:00:00;5023;LL;низ;1289,567;1295,138;10,592;4;2
5/5;474;2018-06-04 13:00:00;5047;LH;верх;1298,090;1292,624;8,523;24;1
5/5;475;2018-06-05 05:00:00;5062;HL;низ;1289,908;1290,713;8,182;15;1
5/5;476;2018-06-05 16:00:00;5073;HH;верх;1300,631;1296,982;10,723;11;3
5/5;477;2018-06-06 11:00:00;5091;HL;низ;1293,902;1297,597;6,729;18;1
5/5;478;2018-06-06 14:00:00;5094;HH;верх;1301,913;1297,210;8,011;3;1
5/5;479;2018-06-06 17:00:00;5097;HL;низ;1294,815;1297,432;7,098;3;1
5/5;480;2018-06-07 12:00:00;5115;HH;верх;1303,327;1297,522;8,512;18;1
5/5;481;2018-06-08 05:00:00;5131;LL;низ;1292,707;1299,626;10,620;16;2
5/5;482;2018-06-08 11:00:00;5137;LH;верх;1300,586;1298,144;7,879;6;1
5/5;483;2018-06-08 15:00:00;5141;HL;низ;1297,171;1299,235;3,415;4;1
5/5;484;2018-06-11 01:00:00;5150;HH;верх;1301,354;1297,460;4,183;9;1
5/5;485;2018-06-11 10:00:00;5159;LL;низ;1294,206;1301,286;7,148;9;1
5/5;486;2018-06-11 15:00:00;5164;HH;верх;1302,334;1300,188;8,128;5;1
5/5;487;2018-06-12 12:00:00;5184;LL;низ;1292,896;1296,157;9,438;20;2
5/5;488;2018-06-12 14:00:00;5186;LH;верх;1299,874;1296,229;6,978;2;1
5/5;489;2018-06-13 08:00:00;5203;LL;низ;1292,051;1296,034;7,823;17;2
5/5;490;2018-06-13 19:00:00;5214;HH;верх;1301,259;1298,419;9,208;11;1
5/5;491;2018-06-14 02:00:00;5220;HL;низ;1297,578;1303,032;3,681;6;1
5/5;492;2018-06-14 12:00:00;5230;HH;верх;1309,404;1302,964;11,826;10;1
5/5;493;2018-06-15 17:00:00;5258;LL;низ;1275,502;1281,064;33,902;28;2
5/5;494;2018-06-18 02:00:00;5266;LH;верх;1282,462;1280,148;6,960;8;1
5/5;495;2018-06-18 06:00:00;5270;HL;низ;1278,539;1279,294;3,923;4;1
5/5;496;2018-06-18 08:00:00;5272;LH;верх;1282,348;1280,729;3,809;2;1
5/5;497;2018-06-18 17:00:00;5281;LL;низ;1277,124;1281,342;5,224;9;1
5/5;498;2018-06-19 04:00:00;5291;HH;верх;1284,098;1279,789;6,974;10;1
5/5;499;2018-06-19 12:00:00;5299;LL;низ;1270,442;1275,752;13,656;8;1
5/5;500;2018-06-19 17:00:00;5304;LH;верх;1277,602;1275,092;7,160;5;1
5/5;501;2018-06-20 00:00:00;5310;HL;низ;1273,201;1274,474;4,401;6;1
5/5;502;2018-06-20 01:00:00;5311;LH;верх;1276,467;1273,625;3,266;1;1
5/5;503;2018-06-20 10:00:00;5320;LL;низ;1270,525;1274,372;5,942;9;1
5/5;504;2018-06-20 13:00:00;5323;HH;верх;1276,505;1269,697;5,980;3;2
5/5;505;2018-06-21 12:00:00;5345;LL;низ;1261,259;1269,432;15,246;22;2
5/5;506;2018-06-21 18:00:00;5351;LH;верх;1270,234;1268,604;8,975;6;1
5/5;507;2018-06-22 02:00:00;5358;HL;низ;1266,750;1268,996;3,484;7;1
5/5;508;2018-06-22 07:00:00;5363;HH;верх;1271,176;1268,697;4,426;5;1
5/5;509;2018-06-22 13:00:00;5369;HL;низ;1266,946;1269,620;4,230;6;1
5/5;510;2018-06-25 00:00:00;5379;HH;верх;1272,702;1265,362;5,756;10;2
5/5;511;2018-06-25 06:00:00;5385;LL;низ;1264,533;1269,486;8,169;6;1
5/5;512;2018-06-25 08:00:00;5387;LH;верх;1271,235;1267,783;6,702;2;1
5/5;513;2018-06-26 12:00:00;5414;LL;низ;1254,791;1258,034;16,444;27;2
5/5;514;2018-06-26 15:00:00;5417;LH;верх;1262,286;1258,840;7,495;3;2
5/5;515;2018-06-27 03:00:00;5428;LL;низ;1253,424;1256,229;8,862;11;1
5/5;516;2018-06-27 11:00:00;5436;LH;верх;1260,180;1254,522;6,756;8;1
5/5;517;2018-06-28 08:00:00;5456;LL;низ;1248,374;1250,935;11,806;20;2
5/5;518;2018-06-28 12:00:00;5460;LH;верх;1254,316;1247,728;5,942;4;1
5/5;519;2018-06-28 18:00:00;5466;LL;низ;1245,980;1248,272;8,336;6;2
5/5;520;2018-06-29 06:00:00;5477;LH;верх;1252,887;1251,366;6,907;11;1
5/5;521;2018-06-29 13:00:00;5484;HL;низ;1248,606;1252,324;4,281;7;1
5/5;522;2018-06-29 16:00:00;5487;HH;верх;1255,674;1253,181;7,068;3;1
5/5;523;2018-07-02 07:00:00;5501;LL;низ;1247,672;1248,729;8,002;14;1
5/5;524;2018-07-02 12:00:00;5506;LH;верх;1250,835;1242,362;3,163;5;1
5/5;525;2018-07-03 05:00:00;5522;LL;низ;1238,020;1246,605;12,815;16;1
5/5;526;2018-07-04 06:00:00;5546;HH;верх;1261,181;1254,802;23,161;24;2
5/5;527;2018-07-04 11:00:00;5551;HL;низ;1254,040;1256,912;7,141;5;1
5/5;528;2018-07-04 16:00:00;5556;LH;верх;1258,436;1256,192;4,396;5;1
5/5;529;2018-07-05 10:00:00;5569;LL;низ;1251,380;1257,420;7,056;13;1
5/5;530;2018-07-05 15:00:00;5574;HH;верх;1259,815;1257,498;8,435;5;2
5/5;531;2018-07-06 03:00:00;5585;HL;низ;1252,934;1255,332;6,881;11;1
5/5;532;2018-07-06 12:00:00;5594;LH;верх;1259,575;1254,366;6,641;9;1
5/5;533;2018-07-06 15:00:00;5597;HL;низ;1253,611;1255,257;5,964;3;1
5/5;534;2018-07-09 11:00:00;5616;HH;верх;1266,023;1259,126;12,412;19;1
5/5;535;2018-07-09 20:00:00;5625;HL;низ;1257,309;1260,107;8,714;9;1
5/5;536;2018-07-10 02:00:00;5630;LH;верх;1260,450;1256,769;3,141;5;1
5/5;537;2018-07-10 11:00:00;5639;LL;низ;1247,356;1254,478;13,094;9;1
5/5;538;2018-07-10 23:00:00;5650;LH;верх;1257,050;1251,252;9,694;11;2
5/5;539;2018-07-11 01:00:00;5652;HL;низ;1249,082;1252,018;7,968;2;1
5/5;540;2018-07-11 08:00:00;5659;LH;верх;1253,541;1250,702;4,459;7;1
5/5;541;2018-07-12 00:00:00;5674;LL;низ;1241,416;1243,269;12,125;15;1
5/5;542;2018-07-12 15:00:00;5689;LH;верх;1248,628;1247,039;7,212;15;3
5/5;543;2018-07-13 12:00:00;5709;LL;низ;1236,518;1241,592;12,110;20;1
5/5;544;2018-07-16 05:00:00;5725;LH;верх;1245,654;1244,363;9,136;16;2
5/5;545;2018-07-16 16:00:00;5736;HL;низ;1238,374;1240,634;7,280;11;1
5/5;546;2018-07-16 20:00:00;5740;LH;верх;1241,498;1240,614;3,124;4;1
5/5;547;2018-07-17 01:00:00;5744;LL;низ;1237,526;1243,006;3,972;4;1
5/5;548;2018-07-17 09:00:00;5752;HH;верх;1245,101;1226,834;7,575;8;1
5/5;549;2018-07-17 14:00:00;5757;LL;низ;1226,168;1227,854;18,933;5;1
5/5;550;2018-07-18 01:00:00;5767;LH;верх;1229,281;1224,516;3,113;10;1
5/5;551;2018-07-18 08:00:00;5774;LL;низ;1221,094;1224,392;8,187;7;1
5/5;552;2018-07-19 00:00:00;5789;LH;верх;1228,597;1223,374;7,503;15;2
5/5;553;2018-07-19 12:00:00;5801;LL;низ;1211,520;1226,026;17,077;12;1
5/5;554;2018-07-19 17:00:00;5806;HH;верх;1229,603;1223,548;18,083;5;1
5/5;555;2018-07-20 01:00:00;5813;HL;низ;1215,640;1223,572;13,963;7;1
5/5;556;2018-07-23 00:00:00;5835;HH;верх;1235,238;1230,074;19,598;22;2
5/5;557;2018-07-24 04:00:00;5862;HL;низ;1218,192;1225,046;17,046;27;2
5/5;558;2018-07-24 14:00:00;5872;LH;верх;1229,624;1225,264;11,432;10;1
5/5;559;2018-07-25 03:00:00;5884;HL;низ;1223,296;1228,549;6,328;12;2
5/5;560;2018-07-25 13:00:00;5894;HH;верх;1234,222;1232,190;10,926;10;1
5/5;561;2018-07-25 15:00:00;5896;HL;низ;1228,022;1232,306;6,200;2;1
5/5;562;2018-07-26 01:00:00;5905;HH;верх;1235,298;1229,806;7,276;9;2
5/5;563;2018-07-27 02:00:00;5929;LL;низ;1222,181;1224,318;13,117;24;1
5/5;564;2018-07-27 07:00:00;5934;LH;верх;1225,414;1223,316;3,233;5;1
5/5;565;2018-07-27 10:00:00;5937;LL;низ;1217,594;1226,686;7,820;3;1
5/5;566;2018-07-27 15:00:00;5942;HH;верх;1227,480;1223,459;9,886;5;1
5/5;567;2018-07-30 06:00:00;5956;HL;низ;1219,041;1222,176;8,439;14;1
5/5;568;2018-07-30 14:00:00;5964;LH;верх;1225,133;1221,346;6,092;8;2
5/5;569;2018-07-31 13:00:00;5986;LL;низ;1214,004;1225,449;11,129;22;1
5/5;570;2018-07-31 16:00:00;5989;HH;верх;1228,589;1223,678;14,585;3;1
5/5;571;2018-08-01 06:00:00;6002;HL;низ;1220,028;1222,428;8,561;13;1
5/5;572;2018-08-01 08:00:00;6004;LH;верх;1224,892;1219,044;4,864;2;1
5/5;573;2018-08-01 19:00:00;6015;LL;низ;1215,855;1220,221;9,037;11;1
5/5;574;2018-08-02 02:00:00;6021;LH;верх;1221,164;1217,480;5,309;6;2
5/5;575;2018-08-03 08:00:00;6050;LL;низ;1204,528;1216,008;16,636;29;1
5/5;576;2018-08-03 14:00:00;6056;LH;верх;1220,115;1213,650;15,587;6;1
5/5;577;2018-08-03 19:00:00;6061;HL;низ;1213,212;1217,272;6,903;5;1
5/5;578;2018-08-06 01:00:00;6066;LH;верх;1217,988;1213,589;4,776;5;1
5/5;579;2018-08-06 20:00:00;6085;LL;низ;1206,456;1209,840;11,532;19;2
5/5;580;2018-08-07 10:00:00;6098;LH;верх;1216,240;1212,516;9,784;13;1
5/5;581;2018-08-07 18:00:00;6106;HL;низ;1208,641;1211,134;7,599;8;1
5/5;582;2018-08-08 07:00:00;6118;LH;верх;1215,959;1208,438;7,318;12;1
5/5;583;2018-08-08 12:00:00;6123;LL;низ;1206,535;1214,022;9,424;5;2
5/5;584;2018-08-09 06:00:00;6140;HH;верх;1217,246;1214,593;10,711;17;1
5/5;585;2018-08-09 07:00:00;6141;HL;низ;1210,832;1214,873;6,414;1;1
5/5;586;2018-08-09 12:00:00;6146;HH;верх;1217,404;1213,034;6,572;5;1
5/5;587;2018-08-09 17:00:00;6151;HL;низ;1211,394;1212,196;6,010;5;1
5/5;588;2018-08-10 00:00:00;6157;LH;верх;1213,521;1207,983;2,127;6;1
5/5;589;2018-08-10 06:00:00;6163;LL;низ;1205,780;1213,504;7,741;6;1
5/5;590;2018-08-10 14:00:00;6171;HH;верх;1217,194;1211,362;11,414;8;1
5/5;591;2018-08-10 17:00:00;6174;HL;низ;1210,584;1212,526;6,610;3;1
5/5;592;2018-08-12 23:00:00;6179;LH;верх;1213,983;1208,316;3,399;5;1
5/5;593;2018-08-13 16:00:00;6196;LL;низ;1191,573;1194,638;22,410;17;1
5/5;594;2018-08-14 14:00:00;6217;LH;верх;1198,788;1194,352;7,215;21;2
5/5;595;2018-08-16 00:00:00;6249;LL;низ;1160,324;1177,796;38,464;32;2
5/5;596;2018-08-16 08:00:00;6257;LH;верх;1182,185;1180,129;21,861;8;1
5/5;597;2018-08-17 00:00:00;6272;HL;низ;1171,918;1175,374;10,267;15;1
5/5;598;2018-08-17 01:00:00;6273;LH;верх;1179,384;1174,781;7,466;1;1
5/5;599;2018-08-17 06:00:00;6278;HL;низ;1173,584;1176,619;5,800;5;1
5/5;600;2018-08-20 08:00:00;6303;HH;верх;1189,896;1185,166;16,312;25;1
5/5;601;2018-08-20 14:00:00;6309;HL;низ;1184,704;1190,225;5,192;6;1
5/5;602;2018-08-21 06:00:00;6324;HH;верх;1196,444;1192,695;11,740;15;1
5/5;603;2018-08-21 15:00:00;6333;HL;низ;1187,713;1195,828;8,731;9;1
5/5;604;2018-08-22 00:00:00;6341;HH;верх;1197,868;1195,265;10,155;8;1
5/5;605;2018-08-22 07:00:00;6348;HL;низ;1192,658;1199,447;5,210;7;1
5/5;606;2018-08-22 12:00:00;6353;HH;верх;1201,715;1195,934;9,057;5;1
5/5;607;2018-08-23 07:00:00;6371;LL;низ;1186,286;1191,199;15,429;18;2
5/5;608;2018-08-23 12:00:00;6376;LH;верх;1192,960;1187,324;6,674;5;1
5/5;609;2018-08-24 00:00:00;6387;LL;низ;1183,150;1188,335;9,810;11;1
5/5;610;2018-08-24 15:00:00;6402;HH;верх;1208,715;1205,782;25,565;15;1
5/5;611;2018-08-27 10:00:00;6420;HL;низ;1203,214;1209,492;5,501;18;2
5/5;612;2018-08-28 00:00:00;6433;HH;верх;1212,558;1209,764;9,344;13;2
5/5;613;2018-08-28 03:00:00;6436;HL;низ;1208,088;1213,154;4,470;3;1
5/5;614;2018-08-28 10:00:00;6443;HH;верх;1214,410;1208,807;6,322;7;1
5/5;615;2018-08-28 19:00:00;6452;LL;низ;1199,686;1202,970;14,724;9;2
5/5;616;2018-08-29 23:00:00;6478;LH;верх;1207,962;1203,841;8,276;26;3
5/5;617;2018-08-30 05:00:00;6484;HL;низ;1200,505;1204,233;7,457;6;1
5/5;618;2018-08-30 12:00:00;6491;LH;верх;1206,840;1199,618;6,335;7;1
5/5;619;2018-08-30 13:00:00;6492;LL;низ;1195,945;1200,224;10,895;1;2
5/5;620;2018-08-31 08:00:00;6510;HH;верх;1208,948;1202,769;13,003;18;1
5/5;621;2018-09-03 01:00:00;6526;LL;низ;1195,732;1199,376;13,216;16;1
5/5;622;2018-09-03 08:00:00;6533;LH;верх;1203,954;1200,559;8,222;7;1
5/5;623;2018-09-04 14:00:00;6558;LL;низ;1189,686;1193,268;14,268;25;3
5/5;624;2018-09-06 00:00:00;6590;LH;верх;1200,036;1196,578;10,350;32;2
5/5;625;2018-09-06 05:00:00;6595;HL;низ;1195,672;1205,506;4,364;5;1
5/5;626;2018-09-06 13:00:00;6603;HH;верх;1207,084;1200,030;11,412;8;1
5/5;627;2018-09-06 15:00:00;6605;HL;низ;1196,820;1200,247;10,264;2;1
5/5;628;2018-09-07 01:00:00;6614;LH;верх;1203,574;1200,882;6,754;9;2
5/5;629;2018-09-10 05:00:00;6641;LL;низ;1191,718;1194,356;11,856;27;2
5/5;630;2018-09-10 07:00:00;6643;LH;верх;1196,132;1195,852;4,414;2;1
5/5;631;2018-09-10 12:00:00;6648;LL;низ;1191,638;1195,774;4,494;5;1
5/5;632;2018-09-10 14:00:00;6650;HH;верх;1198,620;1195,516;6,982;2;1
5/5;633;2018-09-11 02:00:00;6661;HL;низ;1193,204;1196,052;5,416;11;1
5/5;634;2018-09-11 07:00:00;6666;LH;верх;1197,266;1188,942;4,062;5;1
5/5;635;2018-09-11 13:00:00;6672;LL;низ;1187,818;1196,150;9,448;6;1
5/5;636;2018-09-11 20:00:00;6679;HH;верх;1199,462;1194,472;11,644;7;1
5/5;637;2018-09-12 04:00:00;6686;HL;низ;1192,731;1197,026;6,731;7;1
5/5;638;2018-09-12 18:00:00;6700;HH;верх;1208,543;1206,018;15,812;14;1
5/5;639;2018-09-13 07:00:00;6712;HL;низ;1203,478;1209,834;5,065;12;1
5/5;640;2018-09-13 13:00:00;6718;HH;верх;1212,748;1202,146;9,270;6;1
5/5;641;2018-09-13 18:00:00;6723;LL;низ;1200,148;1203,005;12,600;5;1
5/5;642;2018-09-14 07:00:00;6735;LH;верх;1208,648;1202,058;8,500;12;1
5/5;643;2018-09-17 00:00:00;6751;LL;низ;1192,890;1195,994;15,758;16;2
5/5;644;2018-09-17 14:00:00;6765;LH;верх;1204,919;1200,566;12,029;14;1
5/5;645;2018-09-18 07:00:00;6781;HL;низ;1195,900;1201,159;9,019;16;2
5/5;646;2018-09-18 13:00:00;6787;LH;верх;1203,628;1197,855;7,728;6;1
5/5;647;2018-09-18 19:00:00;6793;HL;низ;1196,993;1198,614;6,635;6;1
5/5;648;2018-09-19 12:00:00;6809;HH;верх;1206,248;1202,840;9,255;16;1
5/5;649;2018-09-19 14:00:00;6811;HL;низ;1201,266;1203,592;4,982;2;1
5/5;650;2018-09-20 03:00:00;6823;HH;верх;1206,720;1201,539;5,454;12;1
5/5;651;2018-09-20 09:00:00;6829;HL;низ;1201,344;1204,452;5,376;6;1
5/5;652;2018-09-21 07:00:00;6850;HH;верх;1211,153;1196,074;9,809;21;3
5/5;653;2018-09-21 13:00:00;6856;LL;низ;1192,023;1197,178;19,130;6;2
5/5;654;2018-09-24 14:00:00;6880;LH;верх;1204,234;1198,916;12,211;24;1
5/5;655;2018-09-25 02:00:00;6891;HL;низ;1197,197;1199,696;7,037;11;1
5/5;656;2018-09-25 15:00:00;6904;LH;верх;1203,409;1201,088;6,212;13;1
5/5;657;2018-09-25 17:00:00;6906;HL;низ;1200,008;1201,306;3,401;2;1
5/5;658;2018-09-26 05:00:00;6917;LH;верх;1202,582;1198,655;2,574;11;2
5/5;659;2018-09-26 18:00:00;6930;LL;низ;1190,588;1196,446;11,994;13;1
5/5;660;2018-09-27 03:00:00;6938;LH;верх;1198,662;1196,652;8,074;8;1
5/5;661;2018-09-27 15:00:00;6950;LL;низ;1181,906;1182,907;16,756;12;1
5/5;662;2018-09-28 04:00:00;6962;LH;верх;1185,518;1184,586;3,612;12;1
5/5;663;2018-09-28 07:00:00;6965;LL;низ;1180,770;1185,902;4,748;3;1
5/5;664;2018-09-28 17:00:00;6975;HH;верх;1194,014;1190,998;13,244;10;1
5/5;665;2018-10-01 09:00:00;6990;HL;низ;1184,620;1187,948;9,394;15;1
5/5;666;2018-10-01 12:00:00;6993;LH;верх;1192,123;1188,768;7,503;3;1
5/5;667;2018-10-02 10:00:00;7014;HL;низ;1189,122;1204,812;3,001;21;1
5/5;668;2018-10-03 02:00:00;7029;HH;верх;1208,405;1203,810;19,283;15;3
5/5;669;2018-10-04 04:00:00;7054;HL;низ;1196,020;1199,322;12,385;25;1
5/5;670;2018-10-04 14:00:00;7064;LH;верх;1206,814;1199,418;10,794;10;1
5/5;671;2018-10-04 18:00:00;7068;HL;низ;1196,898;1198,997;9,916;4;2
5/5;672;2018-10-05 14:00:00;7087;LH;верх;1205,870;1203,208;8,972;19;2
5/5;673;2018-10-08 15:00:00;7111;LL;низ;1182,900;1188,097;22,970;24;1
5/5;674;2018-10-09 04:00:00;7123;LH;верх;1191,980;1187,347;9,080;12;1
5/5;675;2018-10-09 13:00:00;7132;HL;низ;1183,382;1189,376;8,598;9;1
5/5;676;2018-10-10 01:00:00;7143;LH;верх;1191,477;1190,581;8,095;11;1
5/5;677;2018-10-10 12:00:00;7154;HL;низ;1185,375;1190,742;6,102;11;1
5/5;678;2018-10-11 00:00:00;7165;HH;верх;1195,184;1193,119;9,809;11;1
5/5;679;2018-10-11 01:00:00;7166;HL;низ;1191,367;1194,094;3,817;1;1
5/5;680;2018-10-11 18:00:00;7183;HH;верх;1226,400;1221,036;35,033;17;1
5/5;681;2018-10-12 06:00:00;7194;HL;низ;1215,898;1221,692;10,502;11;1
5/5;682;2018-10-12 12:00:00;7200;LH;верх;1223,810;1218,305;7,912;6;1
5/5;683;2018-10-12 15:00:00;7203;HL;низ;1216,354;1217,620;7,456;3;2
5/5;684;2018-10-15 09:00:00;7220;HH;верх;1233,292;1228,342;16,938;17;1
5/5;685;2018-10-15 13:00:00;7224;HL;низ;1224,222;1226,079;9,070;4;2
5/5;686;2018-10-16 00:00:00;7234;LH;верх;1228,704;1225,575;4,482;10;1
5/5;687;2018-10-16 05:00:00;7239;HL;низ;1225,118;1229,605;3,586;5;1
5/5;688;2018-10-16 13:00:00;7247;HH;верх;1232,538;1225,908;7,420;8;1
5/5;689;2018-10-17 05:00:00;7262;LL;низ;1220,668;1225,434;11,870;15;1
5/5;690;2018-10-17 14:00:00;7271;LH;верх;1229,555;1223,638;8,887;9;1
5/5;691;2018-10-18 06:00:00;7286;LL;низ;1218,737;1224,611;10,818;15;3
5/5;692;2018-10-18 15:00:00;7295;HH;верх;1230,256;1226,132;11,519;9;2
5/5;693;2018-10-19 07:00:00;7310;HL;низ;1223,111;1228,308;7,145;15;1
5/5;694;2018-10-19 12:00:00;7315;HH;верх;1230,864;1226,284;7,753;5;1
5/5;695;2018-10-19 17:00:00;7320;HL;низ;1225,569;1227,395;5,295;5;1
5/5;696;2018-10-22 00:00:00;7326;LH;верх;1229,626;1226,864;4,057;6;1
5/5;697;2018-10-22 14:00:00;7340;LL;низ;1220,137;1222,827;9,489;14;1
5/5;698;2018-10-23 12:00:00;7361;HH;верх;1239,806;1233,442;19,669;21;1
5/5;699;2018-10-23 16:00:00;7365;HL;низ;1229,866;1231,786;9,940;4;1
5/5;700;2018-10-24 02:00:00;7374;LH;верх;1233,686;1231,735;3,820;9;1
5/5;701;2018-10-24 12:00:00;7384;LL;низ;1225,719;1230,581;7,967;10;1
5/5;702;2018-10-25 06:00:00;7401;HH;верх;1239,268;1232,042;13,549;17;2
5/5;703;2018-10-25 07:00:00;7402;HL;низ;1230,111;1233,184;9,157;1;1
5/5;704;2018-10-25 13:00:00;7408;LH;верх;1235,479;1229,084;5,368;6;1
5/5;705;2018-10-25 18:00:00;7413;LL;низ;1228,134;1231,191;7,345;5;1
5/5;706;2018-10-26 15:00:00;7433;HH;верх;1243,470;1233,903;15,336;20;2
5/5;707;2018-10-26 16:00:00;7434;HL;низ;1231,516;1233,324;11,954;1;2
5/5;708;2018-10-29 02:00:00;7443;LH;верх;1235,467;1230,800;3,951;9;1
5/5;709;2018-10-29 09:00:00;7450;LL;низ;1227,731;1230,884;7,736;7;1
5/5;710;2018-10-29 12:00:00;7453;LH;верх;1232,011;1226,634;4,280;3;1
5/5;711;2018-10-29 17:00:00;7458;LL;низ;1224,426;1230,154;7,585;5;1
5/5;712;2018-10-30 07:00:00;7471;LH;верх;1228,908;1224,441;4,482;13;1
5/5;713;2018-10-30 10:00:00;7474;LL;низ;1219,922;1224,492;8,986;3;1
5/5;714;2018-10-30 14:00:00;7478;LH;верх;1226,578;1223,645;6,656;4;2
5/5;715;2018-10-31 13:00:00;7500;LL;низ;1212,001;1213,456;14,577;22;1
5/5;716;2018-11-01 17:00:00;7527;HH;верх;1237,504;1233,080;25,503;27;1
5/5;717;2018-11-02 13:00:00;7546;HL;низ;1229,836;1232,250;7,668;19;2
5/5;718;2018-11-02 14:00:00;7547;LH;верх;1236,524;1233,188;6,688;1;3
5/5;719;2018-11-05 13:00:00;7568;LL;низ;1226,922;1230,965;9,602;21;1
5/5;720;2018-11-05 15:00:00;7570;LH;верх;1233,367;1230,525;6,445;2;2
5/5;721;2018-11-06 04:00:00;7582;HL;низ;1228,740;1234,076;4,627;12;1
5/5;722;2018-11-06 10:00:00;7588;HH;верх;1235,955;1229,059;7,215;6;1
5/5;723;2018-11-06 18:00:00;7596;LL;низ;1223,533;1230,584;12,422;8;1
5/5;724;2018-11-07 00:00:00;7601;LH;верх;1232,276;1229,013;8,743;5;1
5/5;725;2018-11-07 01:00:00;7602;LL;низ;1223,040;1228,314;9,236;1;1
5/5;726;2018-11-07 11:00:00;7612;HH;верх;1236,911;1227,266;13,871;10;1
5/5;727;2018-11-08 07:00:00;7631;LL;низ;1221,404;1224,642;15,507;19;1
5/5;728;2018-11-08 13:00:00;7637;LH;верх;1226,334;1224,118;4,930;6;1
5/5;729;2018-11-08 13:00:00;7637;LL;низ;1220,282;1224,118;6,052;0;1
5/5;730;2018-11-08 19:00:00;7643;HH;верх;1226,962;1221,286;6,680;6;1
5/5;731;2018-11-09 04:00:00;7651;LL;низ;1217,924;1220,326;9,038;8;1
5/5;732;2018-11-09 08:00:00;7655;LH;верх;1221,853;1212,178;3,929;4;1
5/5;733;2018-11-09 17:00:00;7664;LL;низ;1206,734;1210,818;15,119;9;1
5/5;734;2018-11-12 03:00:00;7673;LH;верх;1211,604;1207,200;4,870;9;1
5/5;735;2018-11-12 21:00:00;7691;LL;низ;1200,186;1204,656;11,418;18;2
5/5;736;2018-11-13 03:00:00;7696;LH;верх;1205,308;1201,734;5,122;5;1
5/5;737;2018-11-13 10:00:00;7703;LL;низ;1196,436;1203,653;8,872;7;1
5/5;738;2018-11-14 02:00:00;7718;LH;верх;1204,722;1201,938;8,286;15;2
5/5;739;2018-11-14 10:00:00;7726;HL;низ;1197,760;1201,883;6,962;8;1
5/5;740;2018-11-14 19:00:00;7735;HH;верх;1216,682;1208,772;18,922;9;1
5/5;741;2018-11-15 01:00:00;7740;HL;низ;1208,386;1213,644;8,296;5;1
5/5;742;2018-11-15 09:00:00;7748;LH;верх;1216,576;1212,134;8,190;8;1
5/5;743;2018-11-15 13:00:00;7752;LL;низ;1207,677;1212,143;8,899;4;2
5/5;744;2018-11-16 14:00:00;7776;HH;верх;1225,364;1221,640;17,687;24;3
5/5;745;2018-11-19 05:00:00;7790;HL;низ;1218,096;1222,039;7,268;14;1
5/5;746;2018-11-19 18:00:00;7803;LH;верх;1225,298;1222,746;7,202;13;1
5/5;747;2018-11-20 04:00:00;7812;HL;низ;1221,236;1222,258;4,062;9;1
5/5;748;2018-11-20 13:00:00;7821;HH;верх;1228,884;1221,312;7,648;9;1
5/5;749;2018-11-21 00:00:00;7831;LL;низ;1219,866;1221,355;9,018;10;1
5/5;750;2018-11-21 15:00:00;7846;HH;верх;1230,003;1225,325;10,137;15;1
5/5;751;2018-11-22 01:00:00;7855;HL;низ;1224,998;1227,345;5,005;9;1
5/5;752;2018-11-22 10:00:00;7864;LH;верх;1229,180;1227,666;4,182;9;2
5/5;753;2018-11-23 13:00:00;7886;LL;низ;1220,382;1223,148;8,798;22;1
5/5;754;2018-11-26 08:00:00;7901;LH;верх;1228,146;1225,140;7,764;15;3
5/5;755;2018-11-27 08:00:00;7924;LL;низ;1219,652;1222,153;8,494;23;1
5/5;756;2018-11-27 13:00:00;7929;LH;верх;1225,371;1214,098;5,719;5;1
5/5;757;2018-11-27 17:00:00;7933;LL;низ;1211,980;1214,563;13,391;4;1
5/5;758;2018-11-28 03:00:00;7942;LH;верх;1215,524;1213,658;3,544;9;1
5/5;759;2018-11-28 14:00:00;7953;LL;низ;1211,281;1222,507;4,243;11;2
5/5;760;2018-11-28 17:00:00;7956;HH;верх;1226,386;1221,111;15,105;3;1
5/5;761;2018-11-29 12:00:00;7974;HL;низ;1224,392;1225,968;1,994;18;1
5/5;762;2018-11-29 16:00:00;7978;HH;верх;1229,091;1224,358;4,699;4;1
5/5;763;2018-11-29 19:00:00;7981;LL;низ;1222,379;1224,315;6,712;3;1
5/5;764;2018-11-30 03:00:00;7988;LH;верх;1225,562;1224,444;3,183;7;1
5/5;765;2018-11-30 14:00:00;7999;LL;низ;1216,751;1220,996;8,811;11;1
5/5;766;2018-12-03 14:00:00;8022;HH;верх;1235,074;1231,168;18,323;23;2
5/5;767;2018-12-03 20:00:00;8028;HL;низ;1230,084;1235,268;4,990;6;1
5/5;768;2018-12-04 14:00:00;8045;HH;верх;1242,040;1237,799;11,956;17;1
5/5;769;2018-12-05 08:00:00;8062;HL;низ;1233,416;1238,160;8,624;17;2
5/5;770;2018-12-06 02:00:00;8079;LH;верх;1240,854;1235,109;7,438;17;1
5/5;771;2018-12-06 07:00:00;8084;HL;низ;1234,788;1236,353;6,066;5;1
5/5;772;2018-12-06 14:00:00;8091;HH;верх;1244,356;1237,036;9,568;7;1
5/5;773;2018-12-06 20:00:00;8097;HL;низ;1236,534;1239,066;7,822;6;2
5/5;774;2018-12-09 23:00:00;8122;HH;верх;1251,276;1249,448;14,742;25;1
5/5;775;2018-12-10 19:00:00;8142;HL;низ;1241,642;1245,605;9,634;20;2
5/5;776;2018-12-11 10:00:00;8156;LH;верх;1249,576;1243,846;7,934;14;1
5/5;777;2018-12-11 19:00:00;8165;LL;низ;1241,092;1245,493;8,484;9;1
5/5;778;2018-12-12 02:00:00;8171;LH;верх;1246,251;1242,358;5,159;6;1
5/5;779;2018-12-12 08:00:00;8177;HL;низ;1242,092;1245,100;4,159;6;1
5/5;780;2018-12-12 18:00:00;8187;HH;верх;1247,244;1245,512;5,152;10;1
5/5;781;2018-12-13 02:00:00;8194;HL;низ;1244,045;1246,197;3,199;7;1
5/5;782;2018-12-13 07:00:00;8199;LH;верх;1246,837;1242,294;2,792;5;1
5/5;783;2018-12-14 14:00:00;8229;LL;низ;1233,000;1238,684;13,837;30;3
5/5;784;2018-12-14 17:00:00;8232;LH;верх;1240,394;1237,214;7,394;3;1
5/5;785;2018-12-17 00:00:00;8238;HL;низ;1235,867;1237,056;4,527;6;1
5/5;786;2018-12-17 18:00:00;8256;HH;верх;1248,202;1246,092;12,335;18;1
5/5;787;2018-12-18 07:00:00;8268;HL;низ;1245,168;1247,343;3,034;12;1
5/5;788;2018-12-18 11:00:00;8272;HH;верх;1250,479;1248,392;5,311;4;1
5/5;789;2018-12-18 14:00:00;8275;HL;низ;1245,925;1248,888;4,554;3;1
5/5;790;2018-12-19 08:00:00;8292;HH;верх;1251,450;1248,474;5,525;17;1
5/5;791;2018-12-19 10:00:00;8294;HL;низ;1246,786;1254,466;4,664;2;1
5/5;792;2018-12-19 15:00:00;8299;HH;верх;1258,094;1242,039;11,308;5;1
5/5;793;2018-12-19 21:00:00;8305;LL;низ;1241,854;1244,652;16,240;6;1
5/5;794;2018-12-20 19:00:00;8326;HH;верх;1266,558;1261,158;24,704;21;2
5/5;795;2018-12-21 18:00:00;8348;HL;низ;1254,014;1260,694;12,544;22;2
5/5;796;2018-12-24 08:00:00;8361;LH;верх;1265,480;1263,242;11,466;13;1
5/5;797;2018-12-24 10:00:00;8363;HL;низ;1259,443;1265,946;6,037;2;2
5/5;798;2018-12-26 16:00:00;8390;HH;верх;1279,128;1266,828;19,685;27;2
5/5;799;2018-12-26 20:00:00;8394;HL;низ;1264,719;1270,132;14,409;4;1
5/5;800;2018-12-27 01:00:00;8398;LH;верх;1272,420;1268,902;7,701;4;1
5/5;801;2018-12-27 07:00:00;8404;HL;низ;1266,751;1273,478;5,669;6;2
5/5;802;2018-12-28 08:00:00;8428;HH;верх;1282,237;1278,144;15,486;24;2
5/5;803;2018-12-28 14:00:00;8434;HL;низ;1276,108;1279,505;6,129;6;1
5/5;804;2018-12-28 21:00:00;8441;LH;верх;1281,375;1277,660;5,267;7;1
5/5;805;2018-12-31 03:00:00;8446;HL;низ;1277,556;1280,688;3,819;5;1
5/5;806;2018-12-31 11:00:00;8454;HH;верх;1284,202;1282,101;6,646;8;1
5/5;807;2018-12-31 18:00:00;8461;HL;низ;1278,159;1280,180;6,043;7;2
5/5;808;2019-01-02 09:00:00;8475;HH;верх;1288,840;1283,746;10,681;14;2
5/5;809;2019-01-02 18:00:00;8484;HL;низ;1278,859;1286,784;9,981;9;1
5/5;810;2019-01-03 06:00:00;8495;HH;верх;1292,346;1287,344;13,487;11;2
5/5;811;2019-01-03 13:00:00;8502;HL;низ;1284,668;1291,179;7,678;7;1
5/5;812;2019-01-04 01:00:00;8513;HH;верх;1298,633;1294,408;13,965;11;1
5/5;813;2019-01-04 14:00:00;8526;LL;низ;1276,699;1284,377;21,934;13;2
5/5;814;2019-01-07 13:00:00;8548;LH;верх;1295,106;1288,319;18,407;22;1
5/5;815;2019-01-07 16:00:00;8551;HL;низ;1286,264;1289,123;8,842;3;1
5/5;816;2019-01-08 01:00:00;8559;LH;верх;1290,323;1283,494;4,059;8;1
5/5;817;2019-01-08 13:00:00;8571;LL;низ;1279,437;1284,996;10,886;12;2
5/5;818;2019-01-09 01:00:00;8582;LH;верх;1287,238;1282,406;7,801;11;2
5/5;819;2019-01-09 12:00:00;8593;HL;низ;1280,151;1289,994;7,087;11;1
5/5;820;2019-01-10 03:00:00;8607;HH;верх;1297,194;1294,564;17,043;14;1
5/5;821;2019-01-10 21:00:00;8625;HL;низ;1286,145;1291,390;11,049;18;1
5/5;822;2019-01-11 08:00:00;8635;LH;верх;1295,254;1292,490;9,109;10;1
5/5;823;2019-01-11 14:00:00;8641;HL;низ;1287,079;1288,102;8,175;6;2
5/5;824;2019-01-14 11:00:00;8661;HH;верх;1295,954;1290,706;8,875;20;2
5/5;825;2019-01-14 13:00:00;8663;HL;низ;1288,527;1291,686;7,427;2;1
5/5;826;2019-01-15 01:00:00;8674;LH;верх;1293,430;1290,786;4,903;11;1
5/5;827;2019-01-15 08:00:00;8681;LL;низ;1287,522;1293,055;5,908;7;1
5/5;828;2019-01-15 15:00:00;8688;HH;верх;1294,707;1289,084;7,185;7;1
5/5;829;2019-01-15 17:00:00;8690;LL;низ;1286,811;1289,697;7,896;2;2
5/5;830;2019-01-16 06:00:00;8702;LH;верх;1292,762;1288,846;5,951;12;1
5/5;831;2019-01-16 12:00:00;8708;HL;низ;1287,977;1293,862;4,785;6;1
5/5;832;2019-01-17 02:00:00;8721;HH;верх;1295,431;1292,978;7,454;13;2
5/5;833;2019-01-17 07:00:00;8726;HL;низ;1291,428;1293,907;4,003;5;1
5/5;834;2019-01-17 08:00:00;8727;LH;верх;1295,078;1291,629;3,650;1;1
5/5;835;2019-01-17 15:00:00;8734;LL;низ;1288,818;1291,815;6,260;7;1
5/5;836;2019-01-17 19:00:00;8738;LH;верх;1293,331;1290,880;4,513;4;1
5/5;837;2019-01-18 20:00:00;8762;LL;низ;1280,717;1282,828;12,614;24;2
5/5;838;2019-01-21 01:00:00;8766;LH;верх;1283,652;1283,059;2,935;4;2
5/5;839;2019-01-21 12:00:00;8777;LL;низ;1276,851;1280,280;6,801;11;1
5/5;840;2019-01-21 14:00:00;8779;LH;верх;1281,114;1279,512;4,263;2;1
5/5;841;2019-01-22 05:00:00;8789;HL;низ;1277,542;1283,918;3,572;10;1
5/5;842;2019-01-22 09:00:00;8793;HH;верх;1284,932;1281,681;7,390;4;1
5/5;843;2019-01-22 15:00:00;8799;HL;низ;1279,346;1284,507;5,586;6;1
5/5;844;2019-01-23 01:00:00;8808;HH;верх;1285,782;1284,311;6,436;9;1
5/5;845;2019-01-23 01:00:00;8808;HL;низ;1283,142;1284,311;2,640;0;1
5/5;846;2019-01-23 09:00:00;8816;HH;верх;1286,594;1279,904;3,452;8;1
5/5;847;2019-01-23 14:00:00;8821;LL;низ;1278,753;1283,632;7,841;5;1
5/5;848;2019-01-23 17:00:00;8824;LH;верх;1285,928;1283,875;7,175;3;2
5/5;849;2019-01-24 13:00:00;8843;LL;низ;1276,914;1280,036;9,014;19;1
5/5;850;2019-01-24 15:00:00;8845;LH;верх;1283,977;1280,980;7,063;2;1
5/5;851;2019-01-24 19:00:00;8849;HL;низ;1279,588;1280,058;4,389;4;1
5/5;852;2019-01-28 05:00:00;8881;HH;верх;1304,520;1301,292;24,932;32;2
5/5;853;2019-01-28 14:00:00;8890;HL;низ;1297,772;1302,636;6,748;9;1
5/5;854;2019-01-29 00:00:00;8899;HH;верх;1304,688;1304,178;6,916;9;1
5/5;855;2019-01-29 14:00:00;8913;HL;низ;1306,244;1311,028;1,556;14;1
5/5;856;2019-01-30 08:00:00;8930;HH;верх;1316,050;1311,390;9,806;17;1
5/5;857;2019-01-30 18:00:00;8940;HL;низ;1309,164;1318,169;6,886;10;1
5/5;858;2019-01-31 13:00:00;8958;HH;верх;1326,312;1319,716;17,148;18;3
5/5;859;2019-02-01 07:00:00;8975;HL;низ;1316,739;1321,170;9,573;17;1
5/5;860;2019-02-01 13:00:00;8981;LH;верх;1323,582;1317,834;6,843;6;1
5/5;861;2019-02-04 14:00:00;9005;LL;низ;1308,713;1313,632;14,869;24;2
5/5;862;2019-02-04 17:00:00;9008;LH;верх;1315,285;1311,854;6,572;3;1
5/5;863;2019-02-05 00:00:00;9014;HL;низ;1311,358;1315,279;3,927;6;1
5/5;864;2019-02-05 05:00:00;9019;HH;верх;1315,382;1313,752;4,024;5;1
5/5;865;2019-02-05 09:00:00;9023;LL;низ;1310,815;1314,202;4,567;4;1
5/5;866;2019-02-05 13:00:00;9027;HH;верх;1316,950;1314,544;6,135;4;1
5/5;867;2019-02-05 17:00:00;9031;HL;низ;1312,762;1315,078;4,188;4;1
5/5;868;2019-02-06 00:00:00;9037;LH;верх;1315,872;1314,144;3,110;6;1
5/5;869;2019-02-06 02:00:00;9039;HL;низ;1312,850;1315,075;3,022;2;1
5/5;870;2019-02-06 08:00:00;9045;LH;верх;1315,671;1313,668;2,821;6;1
5/5;871;2019-02-06 12:00:00;9049;LL;низ;1311,662;1312,506;4,009;4;1
5/5;872;2019-02-06 14:00:00;9051;LH;верх;1315,220;1307,079;3,558;2;1
5/5;873;2019-02-07 04:00:00;9064;LL;низ;1302,887;1306,049;12,333;13;1
5/5;874;2019-02-07 14:00:00;9074;LH;верх;1311,958;1310,558;9,071;10;1
5/5;875;2019-02-08 07:00:00;9090;HL;низ;1307,890;1313,494;4,068;16;1
5/5;876;2019-02-08 18:00:00;9101;HH;верх;1315,652;1312,943;7,762;11;1
5/5;877;2019-02-11 14:00:00;9120;LL;низ;1303,764;1308,452;11,888;19;1
5/5;878;2019-02-11 16:00:00;9122;LH;верх;1310,417;1308,115;6,653;2;1
5/5;879;2019-02-12 01:00:00;9130;HL;низ;1306,604;1311,480;3,813;8;1
5/5;880;2019-02-12 13:00:00;9142;HH;верх;1314,795;1310,680;8,191;12;1
5/5;881;2019-02-12 15:00:00;9144;HL;низ;1308,369;1311,170;6,426;2;2
5/5;882;2019-02-13 06:00:00;9158;LH;верх;1314,297;1311,135;5,928;14;1
5/5;883;2019-02-13 13:00:00;9165;LL;низ;1308,210;1310,810;6,087;7;1
5/5;884;2019-02-13 15:00:00;9167;HH;верх;1318,192;1305,811;9,982;2;1
5/5;885;2019-02-14 12:00:00;9187;LL;низ;1302,449;1314,160;15,743;20;2
5/5;886;2019-02-14 17:00:00;9192;LH;верх;1314,416;1312,034;11,967;5;1
5/5;887;2019-02-15 15:00:00;9213;HL;низ;1314,336;1321,020;0,080;21;1
5/5;888;2019-02-18 03:00:00;9224;HH;верх;1325,372;1322,926;11,036;11;1
5/5;889;2019-02-18 08:00:00;9229;HL;низ;1321,382;1327,010;3,990;5;1
5/5;890;2019-02-18 13:00:00;9234;HH;верх;1327,598;1326,489;6,216;5;1
5/5;891;2019-02-19 06:00:00;9246;HL;низ;1323,016;1328,952;4,582;12;1
5/5;892;2019-02-20 02:00:00;9265;HH;верх;1346,743;1342,653;23,727;19;3
5/5;893;2019-02-21 21:00:00;9307;LL;низ;1321,214;1325,426;25,529;42;4
5/5;894;2019-02-22 17:00:00;9326;LH;верх;1333,127;1327,794;11,913;19;1
5/5;895;2019-02-24 23:00:00;9331;HL;низ;1326,977;1331,184;6,150;5;1
5/5;896;2019-02-25 06:00:00;9338;LH;верх;1331,994;1330,564;5,017;7;1
5/5;897;2019-02-25 13:00:00;9345;LL;низ;1325,234;1327,314;6,760;7;1
5/5;898;2019-02-25 14:00:00;9346;HH;верх;1332,606;1328,110;7,372;1;2
5/5;899;2019-02-26 12:00:00;9367;LL;низ;1323,576;1325,726;9,030;21;1
5/5;900;2019-02-27 00:00:00;9378;LH;верх;1329,947;1327,770;6,371;11;2
5/5;901;2019-02-27 17:00:00;9395;LL;низ;1316,972;1321,236;12,975;17;1
5/5;902;2019-02-27 23:00:00;9400;LH;верх;1321,399;1318,882;4,427;5;1
5/5;903;2019-02-28 01:00:00;9402;HL;низ;1317,336;1319,943;4,063;2;1
5/5;904;2019-02-28 11:00:00;9412;HH;верх;1327,342;1315,343;10,006;10;2
5/5;905;2019-03-01 20:00:00;9444;LL;низ;1290,315;1296,893;37,027;32;1
5/5;906;2019-03-04 02:00:00;9449;LH;верх;1297,120;1291,386;6,805;5;1
5/5;907;2019-03-04 14:00:00;9461;LL;низ;1282,946;1287,204;14,174;12;1
5/5;908;2019-03-04 17:00:00;9464;LH;верх;1289,822;1287,186;6,876;3;1
5/5;909;2019-03-05 00:00:00;9470;HL;низ;1285,685;1288,207;4,137;6;1
5/5;910;2019-03-05 03:00:00;9473;LH;верх;1289,642;1285,064;3,957;3;2
5/5;911;2019-03-05 15:00:00;9485;LL;низ;1281,253;1288,314;8,389;12;1
5/5;912;2019-03-06 00:00:00;9493;LH;верх;1289,439;1288,522;8,186;8;1
5/5;913;2019-03-06 02:00:00;9495;HL;низ;1286,095;1289,257;3,344;2;1
5/5;914;2019-03-06 07:00:00;9500;HH;верх;1290,984;1286,917;4,889;5;1
5/5;915;2019-03-06 15:00:00;9508;LL;низ;1283,706;1287,562;7,278;8;1
5/5;916;2019-03-07 01:00:00;9517;LH;верх;1288,535;1284,736;4,829;9;1
5/5;917;2019-03-07 08:00:00;9524;LL;низ;1280,922;1284,918;7,613;7;1
5/5;918;2019-03-07 12:00:00;9528;HH;верх;1289,054;1285,519;8,132;4;1
5/5;919;2019-03-07 14:00:00;9530;HL;низ;1282,962;1285,676;6,092;2;2
5/5;920;2019-03-08 14:00:00;9553;HH;верх;1300,836;1299,419;17,874;23;3
5/5;921;2019-03-11 17:00:00;9580;HL;низ;1290,558;1292,687;10,278;27;2
5/5;922;2019-03-13 19:00:00;9628;HH;верх;1311,288;1306,220;20,730;48;3
5/5;923;2019-03-14 13:00:00;9645;HL;низ;1292,927;1296,573;18,361;17;1
5/5;924;2019-03-14 18:00:00;9650;LH;верх;1297,114;1295,721;4,187;5;1
5/5;925;2019-03-15 01:00:00;9656;HL;низ;1294,190;1300,585;2,924;6;2
5/5;926;2019-03-15 14:00:00;9669;HH;верх;1306,447;1301,970;12,257;13;1
5/5;927;2019-03-18 01:00:00;9679;HL;низ;1298,325;1303,612;8,122;10;1
5/5;928;2019-03-18 12:00:00;9690;HH;верх;1306,776;1303,334;8,451;11;1
5/5;929;2019-03-18 17:00:00;9695;HL;низ;1301,102;1303,554;5,674;5;1
5/5;930;2019-03-19 04:00:00;9705;HH;верх;1307,926;1306,146;6,824;10;1
5/5;931;2019-03-19 08:00:00;9709;HL;низ;1303,808;1310,008;4,118;4;1
5/5;932;2019-03-19 13:00:00;9714;HH;верх;1310,931;1307,206;7,123;5;1
5/5;933;2019-03-20 01:00:00;9725;HL;низ;1303,926;1305,269;7,005;11;1
5/5;934;2019-03-20 06:00:00;9730;LH;верх;1306,644;1304,919;2,718;5;1
5/5;935;2019-03-20 15:00:00;9739;LL;низ;1298,803;1312,352;7,841;9;2
5/5;936;2019-03-21 07:00:00;9754;HH;верх;1320,434;1317,883;21,631;15;2
5/5;937;2019-03-21 16:00:00;9763;HL;низ;1303,354;1309,226;17,080;9;2
5/5;938;2019-03-22 13:00:00;9783;LH;верх;1314,962;1312,406;11,608;20;1
5/5;939;2019-03-25 00:00:00;9793;HL;низ;1311,115;1316,437;3,847;10;1
5/5;940;2019-03-25 18:00:00;9811;HH;верх;1324,568;1320,972;13,453;18;1
5/5;941;2019-03-26 11:00:00;9827;HL;низ;1312,802;1316,106;11,766;16;1
5/5;942;2019-03-26 13:00:00;9829;LH;верх;1318,870;1316,536;6,068;2;2
5/5;943;2019-03-27 07:00:00;9846;HL;низ;1312,926;1315,246;5,944;17;1
5/5;944;2019-03-27 10:00:00;9849;HH;верх;1319,361;1311,627;6,435;3;1
5/5;945;2019-03-28 02:00:00;9864;LL;низ;1307,408;1309,144;11,953;15;2
5/5;946;2019-03-28 06:00:00;9868;LH;верх;1312,357;1303,280;4,949;4;1
5/5;947;2019-03-28 16:00:00;9878;LL;низ;1288,756;1291,139;23,601;10;1
5/5;948;2019-03-29 00:00:00;9885;LH;верх;1292,735;1290,028;3,979;7;1
5/5;949;2019-03-29 06:00:00;9891;LL;низ;1286,842;1293,298;5,893;6;1
5/5;950;2019-03-29 13:00:00;9898;HH;верх;1299,808;1292,396;12,966;7;1
5/5;951;2019-04-01 00:00:00;9908;HL;низ;1290,500;1292,899;9,308;10;1
5/5;952;2019-04-01 05:00:00;9913;LH;верх;1293,954;1290,176;3,454;5;1
5/5;953;2019-04-01 07:00:00;9915;LL;низ;1288,284;1294,866;5,670;2;1
5/5;954;2019-04-01 13:00:00;9921;HH;верх;1297,077;1288,340;8,793;6;1
5/5;955;2019-04-02 07:00:00;9938;LL;низ;1285,368;1289,278;11,709;17;3
5/5;956;2019-04-03 05:00:00;9959;LH;верх;1293,788;1292,930;8,420;21;1
5/5;957;2019-04-03 07:00:00;9961;HL;низ;1290,736;1291,759;3,052;2;1
5/5;958;2019-04-03 11:00:00;9965;HH;верх;1294,527;1290,916;3,791;4;1
5/5;959;2019-04-03 14:00:00;9968;LL;низ;1288,484;1290,134;6,043;3;1
5/5;960;2019-04-04 06:00:00;9983;LH;верх;1293,604;1289,151;5,120;15;1
5/5;961;2019-04-04 13:00:00;9990;LL;низ;1280,984;1292,451;12,620;7;1
5/5;962;2019-04-04 19:00:00;9996;HH;верх;1294,446;1290,734;13,462;6;1
5/5;963;2019-04-05 12:00:00;10012;HL;низ;1284,498;1291,822;9,948;16;1
5/5;964;2019-04-08 12:00:00;10035;HH;верх;1303,752;1298,034;19,254;23;2
5/5;965;2019-04-08 15:00:00;10038;HL;низ;1296,350;1297,534;7,402;3;2
5/5;966;2019-04-09 01:00:00;10047;LH;верх;1300,124;1298,002;3,774;9;1
5/5;967;2019-04-09 07:00:00;10053;HL;низ;1297,170;1304,812;2,954;6;1
5/5;968;2019-04-09 16:00:00;10062;HH;верх;1306,228;1304,602;9,058;9;2
5/5;969;2019-04-10 02:00:00;10071;HL;низ;1301,257;1303,405;4,971;9;1
5/5;970;2019-04-10 07:00:00;10076;LH;верх;1305,412;1302,622;4,155;5;1
5/5;971;2019-04-10 12:00:00;10081;LL;низ;1301,032;1309,314;4,380;5;1
5/5;972;2019-04-10 17:00:00;10086;HH;верх;1310,602;1308,191;9,570;5;1
5/5;973;2019-04-11 17:00:00;10109;LL;низ;1289,779;1292,281;20,823;23;2
5/5;974;2019-04-12 09:00:00;10124;LH;верх;1295,824;1292,809;6,045;15;1
5/5;975;2019-04-15 13:00:00;10151;LL;низ;1282,718;1287,970;13,106;27;3
5/5;976;2019-04-15 16:00:00;10154;LH;верх;1290,084;1288,002;7,366;3;2
5/5;977;2019-04-16 16:00:00;10177;LL;низ;1273,032;1276,718;17,052;23;2
5/5;978;2019-04-17 06:00:00;10190;LH;верх;1279,827;1275,728;6,795;13;1
5/5;979;2019-04-17 16:00:00;10200;HL;низ;1273,128;1274,308;6,699;10;1
5/5;980;2019-04-18 00:00:00;10207;LH;верх;1274,849;1272,346;1,721;7;1
5/5;981;2019-04-18 06:00:00;10213;LL;низ;1271,280;1276,379;3,569;6;1
5/5;982;2019-04-18 09:00:00;10216;HH;верх;1277,689;1275,851;6,409;3;1
5/5;983;2019-04-18 16:00:00;10223;HL;низ;1272,615;1276,490;5,074;7;1
5/5;984;2019-04-22 03:00:00;10233;HH;верх;1279,811;1279,054;7,196;10;1
5/5;985;2019-04-22 07:00:00;10237;HL;низ;1276,520;1276,921;3,291;4;1
5/5;986;2019-04-22 10:00:00;10240;HH;верх;1279,876;1274,434;3,356;3;1
5/5;987;2019-04-22 16:00:00;10246;LL;низ;1273,931;1275,072;5,945;6;1
5/5;988;2019-04-23 01:00:00;10254;LH;верх;1276,536;1272,716;2,605;8;1
5/5;989;2019-04-23 14:00:00;10267;LL;низ;1266,421;1272,131;10,115;13;3
5/5;990;2019-04-24 15:00:00;10291;HH;верх;1278,548;1275,611;12,127;24;1
5/5;991;2019-04-25 00:00:00;10299;HL;низ;1273,468;1276,374;5,080;8;1
5/5;992;2019-04-25 07:00:00;10306;HH;верх;1278,590;1277,293;5,122;7;1
5/5;993;2019-04-25 12:00:00;10311;HL;низ;1275,294;1277,658;3,296;5;1
5/5;994;2019-04-25 13:00:00;10312;HH;верх;1282,648;1277,297;7,354;1;1
5/5;995;2019-04-26 12:00:00;10334;LL;низ;1274,442;1286,256;8,206;22;1
5/5;996;2019-04-26 16:00:00;10338;HH;верх;1288,743;1286,142;14,301;4;2
5/5;997;2019-04-29 14:00:00;10359;HL;низ;1278,196;1280,018;10,547;21;1
5/5;998;2019-04-30 11:00:00;10379;LH;верх;1286,164;1283,588;7,968;20;1
5/5;999;2019-05-01 07:00:00;10398;LL;низ;1277,896;1280,672;8,268;19;2
5/5;1000;2019-05-01 18:00:00;10409;HH;верх;1287,236;1277,171;9,340;11;1
5/5;1001;2019-05-01 18:00:00;10409;LL;низ;1272,999;1277,171;14,237;0;1
5/5;1002;2019-05-02 12:00:00;10426;LH;верх;1273,030;1271,112;0,031;17;1
5/5;1003;2019-05-02 13:00:00;10427;LL;низ;1266,389;1271,294;6,641;1;1
5/5;1004;2019-05-03 04:00:00;10441;LH;верх;1272,858;1270,265;6,469;14;1
5/5;1005;2019-05-03 12:00:00;10449;HL;низ;1268,466;1280,264;4,392;8;1
5/5;1006;2019-05-03 15:00:00;10452;HH;верх;1282,505;1279,072;14,039;3;1
5/5;1007;2019-05-03 20:00:00;10457;HL;низ;1278,099;1282,640;4,406;5;1
5/5;1008;2019-05-05 22:00:00;10458;HH;верх;1285,861;1283,548;7,762;1;2
5/5;1009;2019-05-06 13:00:00;10473;LL;низ;1277,116;1281,332;8,745;15;1
5/5;1010;2019-05-07 04:00:00;10487;LH;верх;1283,700;1281,786;6,584;14;1
5/5;1011;2019-05-07 12:00:00;10495;HL;низ;1278,263;1284,822;5,437;8;1
5/5;1012;2019-05-08 12:00:00;10518;HH;верх;1291,513;1280,679;13,250;23;1
5/5;1013;2019-05-08 17:00:00;10523;HL;низ;1279,501;1281,466;12,012;5;1
5/5;1014;2019-05-09 00:00:00;10529;LH;верх;1282,863;1282,178;3,362;6;1
5/5;1015;2019-05-09 02:00:00;10531;HL;низ;1279,706;1284,907;3,157;2;2
5/5;1016;2019-05-09 14:00:00;10543;HH;верх;1288,201;1283,881;8,495;12;1
5/5;1017;2019-05-10 00:00:00;10552;HL;низ;1283,238;1286,302;4,963;9;1
5/5;1018;2019-05-10 05:00:00;10557;LH;верх;1286,974;1286,004;3,736;5;1
5/5;1019;2019-05-10 06:00:00;10558;HL;низ;1283,389;1285,752;3,585;1;1
5/5;1020;2019-05-10 14:00:00;10566;HH;верх;1289,447;1286,088;6,058;8;2
5/5;1021;2019-05-13 07:00:00;10582;LL;низ;1282,072;1291,616;7,375;16;1
5/5;1022;2019-05-14 00:00:00;10598;HH;верх;1303,364;1299,348;21,292;16;2
5/5;1023;2019-05-14 15:00:00;10613;HL;низ;1293,908;1296,984;9,456;15;1
5/5;1024;2019-05-15 01:00:00;10622;LH;верх;1298,204;1293,706;4,296;9;1
5/5;1025;2019-05-15 06:00:00;10627;LL;низ;1293,138;1299,142;5,066;5;1
5/5;1026;2019-05-15 12:00:00;10633;HH;верх;1300,922;1296,941;7,784;6;1
5/5;1027;2019-05-15 15:00:00;10636;HL;низ;1294,796;1296,318;6,126;3;1
5/5;1028;2019-05-16 00:00:00;10644;LH;верх;1297,374;1296,604;2,578;8;1
5/5;1029;2019-05-16 02:00:00;10646;HL;низ;1295,249;1298,665;2,125;2;1
5/5;1030;2019-05-16 07:00:00;10651;HH;верх;1298,756;1291,091;3,507;5;1
5/5;1031;2019-05-16 15:00:00;10659;LL;низ;1284,160;1286,825;14,596;8;2
5/5;1032;2019-05-17 06:00:00;10673;LH;верх;1288,988;1285,923;4,828;14;1
5/5;1033;2019-05-17 17:00:00;10684;LL;низ;1274,962;1277,826;14,026;11;1
5/5;1034;2019-05-19 22:00:00;10688;LH;верх;1278,923;1276,957;3,961;4;1
5/5;1035;2019-05-20 09:00:00;10699;LL;низ;1273,761;1277,896;5,162;11;1
5/5;1036;2019-05-20 15:00:00;10705;HH;верх;1279,034;1277,530;5,273;6;1
5/5;1037;2019-05-21 13:00:00;10726;LL;низ;1269,603;1274,609;9,431;21;1
5/5;1038;2019-05-22 00:00:00;10736;LH;верх;1275,396;1273,304;5,793;10;1
5/5;1039;2019-05-22 07:00:00;10743;HL;низ;1272,577;1275,688;2,819;7;1
5/5;1040;2019-05-22 12:00:00;10748;HH;верх;1277,331;1274,460;4,754;5;1
5/5;1041;2019-05-23 03:00:00;10762;HL;низ;1272,913;1275,898;4,418;14;2
5/5;1042;2019-05-23 15:00:00;10774;HH;верх;1287,347;1283,630;14,434;12;1
5/5;1043;2019-05-24 02:00:00;10784;HL;низ;1282,578;1283,310;4,769;10;1
5/5;1044;2019-05-24 06:00:00;10788;LH;верх;1285,280;1282,257;2,702;4;1
5/5;1045;2019-05-24 13:00:00;10795;LL;низ;1280,842;1284,443;4,438;7;2
5/5;1046;2019-05-27 01:00:00;10806;HH;верх;1287,451;1286,054;6,609;11;2
5/5;1047;2019-05-28 04:00:00;10828;HL;низ;1282,444;1283,486;5,007;22;1
5/5;1048;2019-05-28 08:00:00;10832;LH;верх;1285,207;1278,658;2,763;4;1
5/5;1049;2019-05-28 14:00:00;10838;LL;низ;1276,216;1279,662;8,991;6;1
5/5;1050;2019-05-29 00:00:00;10847;LH;верх;1281,945;1281,337;5,729;9;1
5/5;1051;2019-05-29 02:00:00;10849;HL;низ;1279,204;1285,034;2,741;2;1
5/5;1052;2019-05-29 12:00:00;10859;HH;верх;1285,564;1281,594;6,360;10;1
5/5;1053;2019-05-30 07:00:00;10877;LL;низ;1275,124;1281,355;10,440;18;1
5/5;1054;2019-05-30 15:00:00;10885;HH;верх;1289,274;1288,194;14,150;8;1
5/5;1055;2019-06-03 13:00:00;10929;HL;низ;1312,834;1326,221;23,560;44;1
5/5;1056;2019-06-03 19:00:00;10935;HH;верх;1327,998;1325,170;15,164;6;1
5/5;1057;2019-06-04 03:00:00;10942;HL;низ;1321,716;1324,510;6,282;7;1
5/5;1058;2019-06-04 08:00:00;10947;HH;верх;1329,112;1324,374;7,396;5;1
5/5;1059;2019-06-04 12:00:00;10951;LL;низ;1320,039;1325,502;9,073;4;1
5/5;1060;2019-06-05 12:00:00;10974;HH;верх;1344,136;1329,507;24,097;23;2
5/5;1061;2019-06-05 15:00:00;10977;HL;низ;1327,116;1330,292;17,020;3;1
5/5;1062;2019-06-05 22:00:00;10983;LH;верх;1333,836;1331,417;6,720;6;1
5/5;1063;2019-06-06 01:00:00;10986;HL;низ;1327,317;1332,638;6,519;3;2
5/5;1064;2019-06-06 16:00:00;11001;HH;верх;1339,798;1335,272;12,481;15;1
5/5;1065;2019-06-07 06:00:00;11014;HL;низ;1330,391;1335,649;9,407;13;1
5/5;1066;2019-06-07 14:00:00;11022;HH;верх;1348,212;1341,340;17,821;8;1
5/5;1067;2019-06-10 08:00:00;11039;LL;низ;1325,204;1329,049;23,008;17;1
5/5;1068;2019-06-10 12:00:00;11043;LH;верх;1330,181;1327,216;4,977;4;2
5/5;1069;2019-06-11 12:00:00;11066;LL;низ;1319,999;1327,956;10,182;23;1
5/5;1070;2019-06-11 17:00:00;11071;LH;верх;1328,835;1327,819;8,836;5;1
5/5;1071;2019-06-12 01:00:00;11078;HL;низ;1326,120;1335,096;2,715;7;1
5/5;1072;2019-06-12 08:00:00;11085;HH;верх;1338,423;1332,464;12,303;7;1
5/5;1073;2019-06-12 13:00:00;11090;HL;низ;1329,958;1332,748;8,465;5;1
5/5;1074;2019-06-13 08:00:00;11108;HH;верх;1339,117;1336,207;9,159;18;2
5/5;1075;2019-06-13 13:00:00;11113;HL;низ;1333,787;1341,399;5,330;5;1
5/5;1076;2019-06-14 07:00:00;11130;HH;верх;1358,222;1348,894;24,435;17;1
5/5;1077;2019-06-17 01:00:00;11147;HL;низ;1336,287;1338,216;21,935;17;2
5/5;1078;2019-06-17 03:00:00;11149;LH;верх;1343,600;1334,407;7,313;2;1
5/5;1079;2019-06-17 09:00:00;11155;LL;низ;1333,120;1338,084;10,480;6;1
5/5;1080;2019-06-17 13:00:00;11159;LH;верх;1343,296;1339,085;10,176;4;1
5/5;1081;2019-06-18 01:00:00;11170;HL;низ;1338,745;1346,254;4,551;11;1
5/5;1082;2019-06-18 12:00:00;11181;HH;верх;1354,622;1346,249;15,877;11;1
5/5;1083;2019-06-18 14:00:00;11183;HL;низ;1339,429;1346,151;15,193;2;2
5/5;1084;2019-06-19 05:00:00;11197;LH;верх;1347,554;1343,211;8,125;14;1
5/5;1085;2019-06-19 11:00:00;11203;HL;низ;1341,441;1346,045;6,113;6;1
5/5;1086;2019-06-20 01:00:00;11216;HH;верх;1394,279;1382,924;52,838;13;1
5/5;1087;2019-06-20 08:00:00;11223;HL;низ;1377,977;1382,174;16,302;7;1
5/5;1088;2019-06-21 02:00:00;11240;HH;верх;1411,993;1384,500;34,016;17;2
5/5;1089;2019-06-21 07:00:00;11245;HL;низ;1382,562;1396,898;29,431;5;1
5/5;1090;2019-06-24 01:00:00;11262;LH;верх;1411,284;1402,898;28,722;17;1
5/5;1091;2019-06-24 04:00:00;11265;HL;низ;1400,928;1406,620;10,356;3;1
5/5;1092;2019-06-25 04:00:00;11288;HH;верх;1439,318;1428,764;38,390;23;1
5/5;1093;2019-06-25 05:00:00;11289;HL;низ;1420,520;1430,282;18,798;1;1
5/5;1094;2019-06-25 14:00:00;11298;LH;верх;1436,290;1422,302;15,770;9;1
5/5;1095;2019-06-26 03:00:00;11310;LL;низ;1403,477;1410,564;32,813;12;2
5/5;1096;2019-06-26 08:00:00;11315;LH;верх;1413,266;1406,114;9,789;5;1
5/5;1097;2019-06-26 11:00:00;11318;LL;низ;1401,976;1413,164;11,290;3;1
5/5;1098;2019-06-26 15:00:00;11322;HH;верх;1415,358;1408,951;13,382;4;2
5/5;1099;2019-06-27 12:00:00;11342;LL;низ;1398,745;1407,098;16,613;20;2
5/5;1100;2019-06-28 01:00:00;11354;HH;верх;1424,699;1412,028;25,954;12;1
5/5;1101;2019-07-01 07:00:00;11383;LL;низ;1381,904;1394,655;42,795;29;4
5/5;1102;2019-07-01 14:00:00;11390;LH;верх;1396,372;1384,395;14,468;7;1
5/5;1103;2019-07-01 20:00:00;11396;HL;низ;1383,071;1389,140;13,301;6;2
5/5;1104;2019-07-03 01:00:00;11423;HH;верх;1437,800;1425,414;54,729;27;1
5/5;1105;2019-07-03 13:00:00;11435;HL;низ;1412,152;1418,520;25,648;12;2
5/5;1106;2019-07-04 01:00:00;11446;LH;верх;1421,744;1414,354;9,592;11;1
5/5;1107;2019-07-04 07:00:00;11452;LL;низ;1410,305;1413,939;11,439;6;1
5/5;1108;2019-07-04 22:00:00;11462;HH;верх;1424,280;1418,322;13,975;10;1
5/5;1109;2019-07-05 13:00:00;11477;LL;низ;1386,676;1399,592;37,604;15;1
5/5;1110;2019-07-05 19:00:00;11483;LH;верх;1402,604;1399,116;15,928;6;1
5/5;1111;2019-07-07 22:00:00;11485;HL;низ;1392,856;1398,792;9,748;2;1
5/5;1112;2019-07-08 07:00:00;11494;HH;верх;1407,675;1403,899;14,819;9;1
5/5;1113;2019-07-09 00:00:00;11510;LL;низ;1390,844;1394,617;16,831;16;1
5/5;1114;2019-07-09 04:00:00;11514;LH;верх;1396,421;1388,200;5,577;4;1
5/5;1115;2019-07-09 08:00:00;11518;LL;низ;1385,870;1391,846;10,551;4;1
5/5;1116;2019-07-09 15:00:00;11525;HH;верх;1400,090;1397,545;14,220;7;1
5/5;1117;2019-07-10 06:00:00;11539;HL;низ;1390,050;1395,322;10,040;14;1
5/5;1118;2019-07-11 01:00:00;11557;HH;верх;1427,203;1421,176;37,153;18;1
5/5;1119;2019-07-11 20:00:00;11576;HL;низ;1401,063;1409,222;26,140;19;1
5/5;1120;2019-07-12 07:00:00;11586;LH;верх;1412,460;1406,086;11,397;10;2
5/5;1121;2019-07-12 12:00:00;11591;HL;низ;1403,225;1412,821;9,235;5;1
5/5;1122;2019-07-14 22:00:00;11600;HH;верх;1419,783;1412,046;16,558;9;1
5/5;1123;2019-07-15 02:00:00;11604;HL;низ;1409,592;1414,850;10,191;4;1
5/5;1124;2019-07-15 09:00:00;11611;LH;верх;1417,169;1410,499;7,577;7;1
5/5;1125;2019-07-15 14:00:00;11616;LL;низ;1407,806;1415,177;9,363;5;1
5/5;1126;2019-07-15 22:00:00;11623;HH;верх;1418,380;1413,332;10,574;7;1
5/5;1127;2019-07-16 01:00:00;11626;HL;низ;1411,188;1413,434;7,192;3;1
5/5;1128;2019-07-16 09:00:00;11634;LH;верх;1416,308;1410,222;5,120;8;1
5/5;1129;2019-07-17 09:00:00;11657;LL;низ;1400,214;1418,311;16,094;23;2
5/5;1130;2019-07-17 22:00:00;11669;HH;верх;1430,609;1422,757;30,395;12;1
5/5;1131;2019-07-18 12:00:00;11683;HL;низ;1414,774;1429,907;15,835;14;1
5/5;1132;2019-07-18 22:00:00;11692;HH;верх;1453,005;1443,129;38,231;9;2
5/5;1133;2019-07-19 18:00:00;11712;HL;низ;1420,336;1424,670;32,669;20;2
5/5;1134;2019-07-22 05:00:00;11722;LH;верх;1429,990;1426,886;9,654;10;2
5/5;1135;2019-07-23 05:00:00;11745;LL;низ;1414,302;1419,371;15,688;23;1
5/5;1136;2019-07-23 14:00:00;11754;HH;верх;1430,188;1417,246;15,886;9;1
5/5;1137;2019-07-23 20:00:00;11760;HL;низ;1416,188;1421,786;14,000;6;1
5/5;1138;2019-07-24 14:00:00;11777;LH;верх;1429,546;1424,498;13,358;17;1
5/5;1139;2019-07-24 17:00:00;11780;HL;низ;1420,603;1425,384;8,943;3;1
5/5;1140;2019-07-24 22:00:00;11784;LH;верх;1426,662;1422,386;6,059;4;1
5/5;1141;2019-07-25 05:00:00;11791;HL;низ;1421,824;1426,434;4,838;7;1
5/5;1142;2019-07-25 11:00:00;11797;HH;верх;1433,826;1412,236;12,002;6;1
5/5;1143;2019-07-25 17:00:00;11803;LL;низ;1411,206;1415,150;22,620;6;3
5/5;1144;2019-07-26 13:00:00;11822;LH;верх;1424,915;1418,924;13,709;19;1
5/5;1145;2019-07-26 20:00:00;11829;HL;низ;1416,468;1421,928;8,447;7;1
5/5;1146;2019-07-29 01:00:00;11833;LH;верх;1424,340;1418,776;7,872;4;1
5/5;1147;2019-07-29 13:00:00;11845;LL;низ;1414,938;1424,681;9,402;12;2
5/5;1148;2019-07-29 19:00:00;11851;HH;верх;1428,088;1423,573;13,150;6;1
5/5;1149;2019-07-30 01:00:00;11856;HL;низ;1422,413;1425,546;5,675;5;1
5/5;1150;2019-07-30 12:00:00;11867;HH;верх;1431,050;1430,582;8,637;11;1
5/5;1151;2019-07-30 14:00:00;11869;HL;низ;1425,018;1431,180;6,032;2;1
5/5;1152;2019-07-30 18:00:00;11873;HH;верх;1433,280;1430,781;8,262;4;1
5/5;1153;2019-07-31 02:00:00;11880;HL;низ;1427,751;1430,638;5,529;7;1
5/5;1154;2019-07-31 13:00:00;11891;HH;верх;1434,549;1418,304;6,798;11;2
5/5;1155;2019-08-01 13:00:00;11914;LL;низ;1400,613;1439,306;33,936;23;2
5/5;1156;2019-08-01 22:00:00;11922;HH;верх;1448,998;1431,054;48,385;8;1
5/5;1157;2019-08-02 03:00:00;11927;HL;низ;1430,386;1436,506;18,612;5;2
5/5;1158;2019-08-02 16:00:00;11940;LH;верх;1447,912;1437,996;17,526;13;1
5/5;1159;2019-08-04 22:00:00;11945;HL;низ;1436,794;1452,444;11,118;5;2
5/5;1160;2019-08-06 00:00:00;11970;HH;верх;1474,900;1461,401;38,106;25;1
5/5;1161;2019-08-06 04:00:00;11974;HL;низ;1456,490;1463,124;18,410;4;1
5/5;1162;2019-08-07 14:00:00;12007;HH;верх;1510,452;1495,481;53,962;33;1
5/5;1163;2019-08-08 13:00:00;12029;HL;низ;1490,125;1507,108;20,327;22;2
5/5;1164;2019-08-08 18:00:00;12034;LH;верх;1509,617;1502,882;19,492;5;1
5/5;1165;2019-08-09 01:00:00;12040;HL;низ;1499,188;1503,150;10,429;6;1
5/5;1166;2019-08-09 06:00:00;12045;LH;верх;1508,139;1502,171;8,951;5;1
5/5;1167;2019-08-09 13:00:00;12052;LL;низ;1494,882;1497,224;13,257;7;1
5/5;1168;2019-08-09 15:00:00;12054;LH;верх;1505,931;1496,717;11,049;2;1
5/5;1169;2019-08-11 22:00:00;12060;LL;низ;1494,658;1496,909;11,273;6;1
5/5;1170;2019-08-11 23:00:00;12061;LH;верх;1501,614;1496,835;6,956;1;1
5/5;1171;2019-08-12 07:00:00;12069;LL;низ;1487,478;1502,049;14,136;8;1
5/5;1172;2019-08-13 10:00:00;12095;HH;верх;1535,094;1502,272;47,616;26;3
5/5;1173;2019-08-13 13:00:00;12098;LL;низ;1479,990;1501,305;55,104;3;2
5/5;1174;2019-08-14 17:00:00;12125;LH;верх;1524,114;1517,072;44,124;27;1
5/5;1175;2019-08-14 20:00:00;12128;HL;низ;1509,242;1520,374;14,872;3;1
5/5;1176;2019-08-15 01:00:00;12132;HH;верх;1524,345;1514,039;15,103;4;1
5/5;1177;2019-08-15 06:00:00;12137;LL;низ;1508,027;1515,111;16,318;5;1
5/5;1178;2019-08-15 10:00:00;12141;LH;верх;1522,790;1519,276;14,763;4;1
5/5;1179;2019-08-15 12:00:00;12143;HL;низ;1509,028;1523,956;13,762;2;1
5/5;1180;2019-08-16 00:00:00;12154;HH;верх;1528,038;1519,408;19,010;11;1
5/5;1181;2019-08-16 14:00:00;12168;LL;низ;1503,719;1514,162;24,319;14;1
5/5;1182;2019-08-16 18:00:00;12172;LH;верх;1517,394;1510,029;13,675;4;1
5/5;1183;2019-08-19 11:00:00;12188;LL;низ;1493,424;1501,984;23,970;16;2
5/5;1184;2019-08-19 14:00:00;12191;LH;верх;1503,497;1496,245;10,073;3;1
5/5;1185;2019-08-19 22:00:00;12198;LL;низ;1493,058;1495,280;10,439;7;1
5/5;1186;2019-08-20 11:00:00;12211;HH;верх;1508,617;1504,877;15,559;13;3
5/5;1187;2019-08-21 07:00:00;12230;HL;низ;1496,643;1500,594;11,974;19;1
5/5;1188;2019-08-21 18:00:00;12241;LH;верх;1507,531;1501,572;10,888;11;1
5/5;1189;2019-08-22 11:00:00;12257;LL;низ;1492,593;1499,144;14,938;16;1
5/5;1190;2019-08-22 13:00:00;12259;LH;верх;1504,700;1499,255;12,107;2;1
5/5;1191;2019-08-23 06:00:00;12275;HL;низ;1493,671;1495,928;11,029;16;1
5/5;1192;2019-08-25 22:00:00;12290;HH;верх;1555,182;1539,436;61,511;15;1
5/5;1193;2019-08-26 08:00:00;12300;HL;низ;1525,190;1534,714;29,992;10;1
5/5;1194;2019-08-26 14:00:00;12306;LH;верх;1537,124;1528,931;11,934;6;1
5/5;1195;2019-08-27 01:00:00;12316;HL;низ;1525,836;1533,074;11,288;10;1
5/5;1196;2019-08-27 07:00:00;12322;LH;верх;1535,074;1529,656;9,238;6;1
5/5;1197;2019-08-27 13:00:00;12328;HL;низ;1528,623;1539,233;6,451;6;1
5/5;1198;2019-08-27 16:00:00;12331;HH;верх;1544,719;1542,313;16,096;3;2
5/5;1199;2019-08-28 02:00:00;12340;HL;низ;1532,002;1541,648;12,717;9;1
5/5;1200;2019-08-28 12:00:00;12350;HH;верх;1546,932;1540,922;14,930;10;1
5/5;1201;2019-08-28 13:00:00;12351;HL;низ;1533,873;1542,104;13,059;1;1
5/5;1202;2019-08-29 06:00:00;12367;HH;верх;1550,402;1536,973;16,529;16;2
5/5;1203;2019-08-29 18:00:00;12379;LL;низ;1519,690;1524,778;30,712;12;1
5/5;1204;2019-08-30 06:00:00;12390;LH;верх;1533,210;1524,120;13,520;11;1
5/5;1205;2019-08-30 08:00:00;12392;HL;низ;1522,060;1528,096;11,150;2;1
5/5;1206;2019-08-30 15:00:00;12399;LH;верх;1532,870;1520,531;10,810;7;1
5/5;1207;2019-08-30 17:00:00;12401;LL;низ;1517,160;1529,222;15,710;2;1
5/5;1208;2019-09-01 22:00:00;12405;HH;верх;1535,079;1525,758;17,919;4;1
5/5;1209;2019-09-02 07:00:00;12414;HL;низ;1519,438;1523,926;15,641;9;1
5/5;1210;2019-09-02 16:00:00;12423;LH;верх;1531,338;1522,774;11,900;9;1
5/5;1211;2019-09-03 03:00:00;12429;HL;низ;1521,728;1532,450;9,610;6;1
5/5;1212;2019-09-03 23:00:00;12448;HH;верх;1550,172;1542,540;28,444;19;2
5/5;1213;2019-09-04 11:00:00;12460;HL;низ;1533,978;1547,487;16,194;12;1
5/5;1214;2019-09-04 17:00:00;12466;HH;верх;1557,074;1551,327;23,096;6;2
5/5;1215;2019-09-06 12:00:00;12507;LL;низ;1502,707;1509,745;54,367;41;2
5/5;1216;2019-09-06 13:00:00;12508;LH;верх;1527,836;1507,559;25,129;1;1
5/5;1217;2019-09-08 22:00:00;12516;HL;низ;1503,426;1509,716;24,410;8;1
5/5;1218;2019-09-09 01:00:00;12519;LH;верх;1512,598;1509,540;9,172;3;1
5/5;1219;2019-09-09 08:00:00;12526;HL;низ;1504,711;1510,378;7,887;7;1
5/5;1220;2019-09-09 13:00:00;12531;HH;верх;1515,466;1501,500;10,755;5;1
5/5;1221;2019-09-10 01:00:00;12542;LL;низ;1486,567;1491,186;28,899;11;3
5/5;1222;2019-09-10 13:00:00;12554;LH;верх;1500,906;1491,065;14,339;12;1
5/5;1223;2019-09-10 20:00:00;12561;LL;низ;1484,705;1490,821;16,201;7;1
5/5;1224;2019-09-11 06:00:00;12570;LH;верх;1495,071;1491,401;10,366;9;1
5/5;1225;2019-09-11 13:00:00;12577;HL;низ;1487,002;1497,316;8,069;7;1
5/5;1226;2019-09-11 23:00:00;12586;HH;верх;1498,502;1496,116;11,500;9;1
5/5;1227;2019-09-12 00:00:00;12587;HL;низ;1489,358;1497,811;9,144;1;1
5/5;1228;2019-09-12 12:00:00;12599;HH;верх;1524,250;1498,488;34,892;12;1
5/5;1229;2019-09-12 22:00:00;12608;HL;низ;1495,452;1497,640;28,798;9;1
5/5;1230;2019-09-13 11:00:00;12621;LH;верх;1509,042;1490,414;13,590;13;2
5/5;1231;2019-09-13 18:00:00;12628;LL;низ;1485,965;1505,656;23,077;7;1
5/5;1232;2019-09-16 00:00:00;12633;HH;верх;1512,070;1503,979;26,105;5;1
5/5;1233;2019-09-16 14:00:00;12647;HL;низ;1495,972;1499,036;16,098;14;1
5/5;1234;2019-09-16 15:00:00;12648;LH;верх;1506,300;1498,555;10,328;1;2
5/5;1235;2019-09-17 06:00:00;12662;LL;низ;1493,566;1501,059;12,734;14;1
5/5;1236;2019-09-17 16:00:00;12672;HH;верх;1507,086;1501,334;13,520;10;1
5/5;1237;2019-09-17 23:00:00;12678;HL;низ;1500,618;1502,431;6,468;6;1
5/5;1238;2019-09-18 01:00:00;12680;LH;верх;1503,640;1501,652;3,022;2;1
5/5;1239;2019-09-18 10:00:00;12689;LL;низ;1499,666;1508,072;3,974;9;1
5/5;1240;2019-09-18 17:00:00;12696;HH;верх;1511,661;1491,275;11,995;7;1
5/5;1241;2019-09-18 18:00:00;12697;LL;низ;1483,311;1490,774;28,350;1;1
5/5;1242;2019-09-20 06:00:00;12731;LH;верх;1506,851;1500,106;23,540;34;2
5/5;1243;2019-09-20 12:00:00;12737;HL;низ;1498,702;1510,267;8,149;6;1
5/5;1244;2019-09-23 02:00:00;12750;HH;верх;1519,624;1517,830;20,922;13;1
5/5;1245;2019-09-23 07:00:00;12755;HL;низ;1511,652;1518,906;7,972;5;1
5/5;1246;2019-09-23 15:00:00;12763;HH;верх;1526,798;1522,140;15,146;8;1
5/5;1247;2019-09-24 06:00:00;12777;HL;низ;1519,434;1520,805;7,364;14;1
5/5;1248;2019-09-24 07:00:00;12778;LH;верх;1523,950;1521,780;4,516;1;1
5/5;1249;2019-09-24 13:00:00;12784;LL;низ;1515,710;1533,902;8,240;6;1
5/5;1250;2019-09-24 16:00:00;12787;HH;верх;1535,668;1531,354;19,958;3;2
5/5;1251;2019-09-25 06:00:00;12800;HL;низ;1527,798;1528,298;7,870;13;1
5/5;1252;2019-09-25 08:00:00;12802;LH;верх;1532,921;1528,311;5,123;2;1
5/5;1253;2019-09-25 16:00:00;12810;LL;низ;1500,562;1505,099;32,359;8;1
5/5;1254;2019-09-26 05:00:00;12822;LH;верх;1511,192;1509,389;10,630;12;1
5/5;1255;2019-09-26 12:00:00;12829;LL;низ;1500,400;1506,321;10,792;7;1
5/5;1256;2019-09-26 13:00:00;12830;HH;верх;1512,382;1507,986;11,982;1;1
5/5;1257;2019-09-27 13:00:00;12853;LL;низ;1487,105;1499,442;25,277;23;2
5/5;1258;2019-09-27 17:00:00;12857;LH;верх;1503,157;1496,371;16,052;4;2
5/5;1259;2019-10-01 08:00:00;12894;LL;низ;1459,170;1464,413;43,987;37;2
5/5;1260;2019-10-01 16:00:00;12902;LH;верх;1487,256;1478,620;28,086;8;1
5/5;1261;2019-10-02 06:00:00;12915;HL;низ;1474,638;1486,122;12,618;13;1
5/5;1262;2019-10-02 17:00:00;12926;HH;верх;1505,186;1500,102;30,548;11;1
5/5;1263;2019-10-03 06:00:00;12938;HL;низ;1495,922;1503,595;9,264;12;1
5/5;1264;2019-10-03 14:00:00;12946;HH;верх;1519,651;1505,538;23,729;8;1
5/5;1265;2019-10-03 20:00:00;12952;HL;низ;1504,752;1510,005;14,899;6;1
5/5;1266;2019-10-04 02:00:00;12957;LH;верх;1510,087;1508,614;5,335;5;1
5/5;1267;2019-10-04 06:00:00;12961;HL;низ;1506,524;1508,420;3,563;4;1
5/5;1268;2019-10-04 12:00:00;12967;HH;верх;1515,820;1504,824;9,296;6;1
5/5;1269;2019-10-04 12:00:00;12967;LL;низ;1495,848;1504,824;19,972;0;1
5/5;1270;2019-10-06 22:00:00;12976;LH;верх;1512,482;1506,870;16,634;9;2
5/5;1271;2019-10-08 01:00:00;13002;LL;низ;1487,172;1491,101;25,310;26;3
5/5;1272;2019-10-09 07:00:00;13031;LH;верх;1511,471;1504,932;24,299;29;2
5/5;1273;2019-10-09 11:00:00;13035;HL;низ;1499,939;1504,802;11,532;4;1
5/5;1274;2019-10-09 22:00:00;13045;HH;верх;1517,108;1509,014;17,169;10;1
5/5;1275;2019-10-10 06:00:00;13053;HL;низ;1503,900;1508,487;13,208;8;1
5/5;1276;2019-10-10 12:00:00;13059;LH;верх;1511,388;1497,144;7,488;6;1
5/5;1277;2019-10-11 00:00:00;13070;LL;низ;1490,934;1496,243;20,454;11;2
5/5;1278;2019-10-11 08:00:00;13078;LH;верх;1503,248;1483,173;12,314;8;1
5/5;1279;2019-10-11 14:00:00;13084;LL;низ;1474,094;1485,875;29,154;6;1
5/5;1280;2019-10-14 11:00:00;13104;LH;верх;1497,149;1493,230;23,055;20;2
5/5;1281;2019-10-14 13:00:00;13106;HL;низ;1488,776;1491,519;8,373;2;1
5/5;1282;2019-10-15 03:00:00;13119;LH;верх;1495,494;1494,651;6,718;13;1
5/5;1283;2019-10-15 06:00:00;13122;HL;низ;1488,920;1493,588;6,574;3;1
5/5;1284;2019-10-15 10:00:00;13126;HH;верх;1498,486;1481,480;9,566;4;1
5/5;1285;2019-10-15 15:00:00;13131;LL;низ;1477,345;1481,132;21,141;5;1
5/5;1286;2019-10-16 00:00:00;13139;LH;верх;1484,962;1483,849;7,617;8;1
5/5;1287;2019-10-16 12:00:00;13151;LL;низ;1477,228;1489,268;7,734;12;2
5/5;1288;2019-10-17 00:00:00;13162;HH;верх;1493,126;1490,284;15,898;11;3
5/5;1289;2019-10-17 09:00:00;13171;HL;низ;1483,526;1491,476;9,600;9;1
5/5;1290;2019-10-17 16:00:00;13178;HH;верх;1497,288;1492,823;13,762;7;1
5/5;1291;2019-10-18 11:00:00;13196;HL;низ;1485,070;1491,928;12,218;18;1
5/5;1292;2019-10-18 13:00:00;13198;LH;верх;1493,417;1491,222;8,347;2;1
5/5;1293;2019-10-21 01:00:00;13209;HL;низ;1489,204;1491,916;4,213;11;1
5/5;1294;2019-10-21 06:00:00;13214;HH;верх;1493,847;1490,103;4,643;5;1
5/5;1295;2019-10-21 08:00:00;13216;LL;низ;1487,559;1492,004;6,288;2;1
5/5;1296;2019-10-21 13:00:00;13221;HH;верх;1495,258;1483,708;7,699;5;1
5/5;1297;2019-10-22 00:00:00;13231;LL;низ;1480,961;1485,266;14,297;10;1
5/5;1298;2019-10-22 07:00:00;13238;LH;верх;1489,054;1486,888;8,093;7;2
5/5;1299;2019-10-22 16:00:00;13247;HL;низ;1482,960;1488,084;6,094;9;1
5/5;1300;2019-10-23 13:00:00;13267;HH;верх;1496,272;1492,674;13,312;20;2
5/5;1301;2019-10-24 00:00:00;13277;HL;низ;1491,042;1492,969;5,230;10;1
5/5;1302;2019-10-24 02:00:00;13279;LH;верх;1493,642;1489,902;2,600;2;1
5/5;1303;2019-10-24 07:00:00;13284;LL;низ;1488,085;1492,750;5,557;5;1
5/5;1304;2019-10-24 18:00:00;13295;HH;верх;1503,990;1501,470;15,905;11;1
5/5;1305;2019-10-25 01:00:00;13301;HL;низ;1500,877;1504,930;3,113;6;1
5/5;1306;2019-10-25 13:00:00;13313;HH;верх;1517,974;1505,186;17,097;12;1
5/5;1307;2019-10-25 17:00:00;13317;LL;низ;1500,725;1504,094;17,249;4;2
5/5;1308;2019-10-28 07:00:00;13330;LH;верх;1508,284;1498,029;7,559;13;1
5/5;1309;2019-10-28 14:00:00;13337;LL;низ;1490,136;1493,013;18,148;7;1
5/5;1310;2019-10-28 20:00:00;13343;LH;верх;1494,008;1492,406;3,872;6;1
5/5;1311;2019-10-29 00:00:00;13346;HL;низ;1490,342;1491,704;3,666;3;1
5/5;1312;2019-10-29 07:00:00;13353;HH;верх;1494,853;1489,578;4,511;7;1
5/5;1313;2019-10-30 18:00:00;13387;LL;низ;1481,264;1494,742;13,589;34;4
5/5;1314;2019-11-01 08:00:00;13423;HH;верх;1514,772;1510,494;33,508;36;3
5/5;1315;2019-11-01 12:00:00;13427;HL;низ;1503,409;1509,246;11,363;4;1
5/5;1316;2019-11-01 14:00:00;13429;HH;верх;1516,171;1513,144;12,762;2;2
5/5;1317;2019-11-04 08:00:00;13445;HL;низ;1508,674;1510,362;7,497;16;1
5/5;1318;2019-11-04 13:00:00;13450;LH;верх;1514,879;1507,569;6,205;5;1
5/5;1319;2019-11-04 16:00:00;13453;LL;низ;1504,548;1509,559;10,331;3;1
5/5;1320;2019-11-04 21:00:00;13458;LH;верх;1510,756;1505,108;6,208;5;2
5/5;1321;2019-11-05 18:00:00;13478;LL;низ;1479,481;1486,130;31,275;20;1
5/5;1322;2019-11-06 01:00:00;13484;LH;верх;1487,413;1485,894;7,932;6;1
5/5;1323;2019-11-06 12:00:00;13495;HL;низ;1483,054;1489,686;4,359;11;2
5/5;1324;2019-11-06 16:00:00;13499;HH;верх;1494,254;1490,408;11,200;4;1
5/5;1325;2019-11-07 01:00:00;13507;HL;низ;1489,916;1491,669;4,338;8;1
5/5;1326;2019-11-07 07:00:00;13513;LH;верх;1492,157;1484,671;2,241;6;2
5/5;1327;2019-11-07 17:00:00;13523;LL;низ;1460,639;1468,812;31,518;10;1
5/5;1328;2019-11-08 08:00:00;13537;LH;верх;1472,906;1459,770;12,267;14;1
5/5;1329;2019-11-08 12:00:00;13541;LL;низ;1456,322;1461,779;16,584;4;1
5/5;1330;2019-11-08 16:00:00;13545;LH;верх;1468,300;1459,262;11,978;4;1
5/5;1331;2019-11-08 21:00:00;13550;HL;низ;1457,930;1461,799;10,370;5;1
5/5;1332;2019-11-11 10:00:00;13562;LH;верх;1466,484;1449,158;8,554;12;1
5/5;1333;2019-11-12 15:00:00;13590;LL;низ;1445,707;1458,786;20,777;28;3
5/5;1334;2019-11-13 12:00:00;13610;HH;верх;1466,784;1460,957;21,077;20;2
5/5;1335;2019-11-13 14:00:00;13612;HL;низ;1460,468;1463,697;6,316;2;1
5/5;1336;2019-11-13 19:00:00;13617;HH;верх;1467,083;1461,748;6,615;5;1
5/5;1337;2019-11-14 01:00:00;13622;HL;низ;1461,202;1465,388;5,881;5;1
5/5;1338;2019-11-14 08:00:00;13629;HH;верх;1470,533;1468,270;9,331;7;1
5/5;1339;2019-11-14 15:00:00;13636;HL;низ;1464,732;1470,821;5,801;7;1
5/5;1340;2019-11-14 18:00:00;13639;HH;верх;1474,604;1467,107;9,872;3;1
5/5;1341;2019-11-15 09:00:00;13653;LL;низ;1462,610;1466,065;11,994;14;1
5/5;1342;2019-11-17 23:00:00;13666;LH;верх;1469,658;1466,342;7,048;13;2
5/5;1343;2019-11-18 12:00:00;13679;LL;низ;1456,458;1472,034;13,200;13;1
5/5;1344;2019-11-19 00:00:00;13690;HH;верх;1475,395;1472,231;18,937;11;2
5/5;1345;2019-11-19 10:00:00;13700;HL;низ;1464,876;1473,314;10,519;10;1
5/5;1346;2019-11-20 08:00:00;13721;HH;верх;1478,739;1472,078;13,863;21;2
5/5;1347;2019-11-20 15:00:00;13728;HL;низ;1466,024;1472,977;12,715;7;1
5/5;1348;2019-11-21 02:00:00;13738;LH;верх;1475,676;1471,236;9,652;10;3
5/5;1349;2019-11-21 18:00:00;13754;LL;низ;1462,511;1464,683;13,165;16;1
5/5;1350;2019-11-22 10:00:00;13769;LH;верх;1473,248;1464,732;10,737;15;1
5/5;1351;2019-11-25 13:00:00;13795;LL;низ;1454,226;1456,242;19,022;26;3
5/5;1352;2019-11-25 14:00:00;13796;LH;верх;1460,822;1455,134;6,596;1;1
5/5;1353;2019-11-26 01:00:00;13806;LL;низ;1451,756;1457,232;9,066;10;1
5/5;1354;2019-11-26 09:00:00;13814;LH;верх;1459,218;1454,936;7,462;8;1
5/5;1355;2019-11-26 14:00:00;13819;LL;низ;1450,186;1461,722;9,032;5;1
5/5;1356;2019-11-26 21:00:00;13826;HH;верх;1462,874;1459,581;12,688;7;1
5/5;1357;2019-11-27 05:00:00;13833;HL;низ;1457,986;1459,960;4,888;7;1
5/5;1358;2019-11-27 07:00:00;13835;LH;верх;1460,332;1458,004;2,346;2;1
5/5;1359;2019-11-27 16:00:00;13844;LL;низ;1452,706;1454,470;7,626;9;1
5/5;1360;2019-11-28 08:00:00;13859;LH;верх;1458,319;1456,635;5,613;15;2
5/5;1361;2019-11-28 15:00:00;13866;HL;низ;1454,310;1457,139;4,009;7;1
5/5;1362;2019-11-29 05:00:00;13875;HH;верх;1459,340;1456,408;5,030;9;1
5/5;1363;2019-11-29 13:00:00;13883;LL;низ;1453,150;1463,989;6,190;8;1
5/5;1364;2019-11-29 17:00:00;13887;HH;верх;1466,461;1459,774;13,311;4;1
5/5;1365;2019-12-02 08:00:00;13898;HL;низ;1454,178;1458,884;12,283;11;1
5/5;1366;2019-12-02 15:00:00;13905;LH;верх;1465,456;1463,078;11,278;7;1
5/5;1367;2019-12-03 06:00:00;13919;HL;низ;1460,016;1470,482;5,440;14;1
5/5;1368;2019-12-03 14:00:00;13927;HH;верх;1481,814;1478,550;21,798;8;1
5/5;1369;2019-12-03 23:00:00;13935;HL;низ;1476,078;1478,751;5,736;8;1
5/5;1370;2019-12-04 07:00:00;13943;HH;верх;1484,085;1477,725;8,007;8;1
5/5;1371;2019-12-04 15:00:00;13951;LL;низ;1471,509;1475,024;12,576;8;2
5/5;1372;2019-12-05 07:00:00;13966;LH;верх;1478,346;1476,431;6,837;15;1
5/5;1373;2019-12-05 14:00:00;13973;HL;низ;1472,968;1476,339;5,378;7;1
5/5;1374;2019-12-05 17:00:00;13976;HH;верх;1480,336;1476,062;7,368;3;1
5/5;1375;2019-12-06 06:00:00;13988;LL;низ;1471,632;1475,657;8,704;12;1
5/5;1376;2019-12-06 13:00:00;13995;LH;верх;1479,850;1460,648;8,218;7;1
5/5;1377;2019-12-08 23:00:00;14004;LL;низ;1458,796;1460,516;21,054;9;2
5/5;1378;2019-12-09 13:00:00;14018;LH;верх;1465,411;1459,674;6,615;14;1
5/5;1379;2019-12-09 18:00:00;14023;HL;низ;1459,210;1461,613;6,201;5;1
5/5;1380;2019-12-09 23:00:00;14027;LH;верх;1462,123;1461,414;2,913;4;1
5/5;1381;2019-12-10 06:00:00;14034;HL;низ;1460,183;1466,411;1,940;7;1
5/5;1382;2019-12-10 14:00:00;14042;HH;верх;1469,222;1465,460;9,039;8;1
5/5;1383;2019-12-10 16:00:00;14044;HL;низ;1462,414;1464,402;6,808;2;2
5/5;1384;2019-12-11 19:00:00;14070;HH;верх;1478,966;1474,464;16,552;26;1
5/5;1385;2019-12-12 08:00:00;14082;HL;низ;1472,145;1482,816;6,821;12;1
5/5;1386;2019-12-12 14:00:00;14088;HH;верх;1486,783;1469,763;14,638;6;1
5/5;1387;2019-12-12 23:00:00;14096;LL;низ;1461,879;1467,354;24,904;8;3
5/5;1388;2019-12-13 19:00:00;14116;LH;верх;1478,082;1474,370;16,203;20;1
5/5;1389;2019-12-16 01:00:00;14121;HL;низ;1473,283;1476,987;4,799;5;1
5/5;1390;2019-12-16 15:00:00;14135;HH;верх;1479,926;1476,355;6,643;14;2
5/5;1391;2019-12-16 16:00:00;14136;HL;низ;1473,867;1476,195;6,059;1;1
5/5;1392;2019-12-16 21:00:00;14141;LH;верх;1476,851;1476,440;2,984;5;1
5/5;1393;2019-12-17 01:00:00;14144;HL;низ;1474,483;1477,365;2,368;3;1
5/5;1394;2019-12-17 10:00:00;14153;HH;верх;1480,561;1475,863;6,078;9;1
5/5;1395;2019-12-17 15:00:00;14158;LL;низ;1474,331;1476,026;6,230;5;2
5/5;1396;2019-12-18 09:00:00;14175;LH;верх;1479,362;1474,204;5,031;17;1
5/5;1397;2019-12-18 13:00:00;14179;LL;низ;1470,580;1474,611;8,782;4;1
5/5;1398;2019-12-19 04:00:00;14193;LH;верх;1478,009;1474,270;7,429;14;1
5/5;1399;2019-12-19 09:00:00;14198;HL;низ;1473,362;1476,628;4,647;5;1
5/5;1400;2019-12-19 18:00:00;14207;HH;верх;1481,762;1479,024;8,400;9;2
5/5;1401;2019-12-20 08:00:00;14220;HL;низ;1476,874;1480,160;4,888;13;1
5/5;1402;2019-12-20 14:00:00;14226;LH;верх;1481,053;1478,092;4,179;6;1
5/5;1403;2019-12-20 16:00:00;14228;LL;низ;1475,918;1478,088;5,135;2;1
5/5;1404;2019-12-23 10:00:00;14245;HH;верх;1485,295;1483,764;9,377;17;1
5/5;1405;2019-12-23 13:00:00;14248;HL;низ;1480,569;1484,747;4,726;3;3
5/5;1406;2019-12-27 03:00:00;14304;HH;верх;1514,036;1509,886;33,467;56;3
5/5;1407;2019-12-27 07:00:00;14308;HL;низ;1507,422;1511,276;6,614;4;1
5/5;1408;2019-12-30 03:00:00;14327;HH;верх;1515,820;1512,675;8,398;19;2
5/5;1409;2019-12-30 11:00:00;14335;HL;низ;1510,880;1515,643;4,940;8;1
5/5;1410;2019-12-31 07:00:00;14354;HH;верх;1525,376;1521,480;14,496;19;2
5/5;1411;2019-12-31 14:00:00;14361;HL;низ;1516,712;1519,806;8,664;7;1
5/5;1412;2019-12-31 15:00:00;14362;LH;верх;1524,920;1517,858;8,208;1;1
5/5;1413;2019-12-31 21:00:00;14368;HL;низ;1517,106;1520,421;7,814;6;2
5/5;1414;2020-01-03 11:00:00;14404;HH;верх;1551,544;1548,357;34,438;36;2
5/5;1415;2020-01-03 13:00:00;14406;HL;низ;1541,000;1549,538;10,544;2;1
5/5;1416;2020-01-05 23:00:00;14415;HH;верх;1589,739;1576,154;48,739;9;1
5/5;1417;2020-01-06 07:00:00;14423;HL;низ;1570,352;1576,734;19,387;8;1
5/5;1418;2020-01-06 11:00:00;14427;LH;верх;1579,346;1564,808;8,994;4;1
5/5;1419;2020-01-07 02:00:00;14441;LL;низ;1555,388;1569,811;23,958;14;2
5/5;1420;2020-01-08 00:00:00;14462;HH;верх;1611,498;1594,570;56,110;21;2
5/5;1421;2020-01-09 06:00:00;14491;LL;низ;1540,256;1548,505;71,242;29;2
5/5;1422;2020-01-09 12:00:00;14497;LH;верх;1556,584;1549,323;16,328;6;1
5/5;1423;2020-01-09 15:00:00;14500;HL;низ;1544,924;1550,870;11,660;3;1
5/5;1424;2020-01-09 18:00:00;14503;LH;верх;1555,130;1551,954;10,206;3;1
5/5;1425;2020-01-10 04:00:00;14512;HL;низ;1545,784;1548,402;9,346;9;2
5/5;1426;2020-01-10 21:00:00;14529;HH;верх;1563,182;1556,821;17,398;17;1
5/5;1427;2020-01-13 09:00:00;14540;HL;низ;1546,578;1551,190;16,604;11;1
5/5;1428;2020-01-13 13:00:00;14544;LH;верх;1556,181;1549,578;9,603;4;1
5/5;1429;2020-01-14 01:00:00;14555;LL;низ;1536,016;1539,847;20,165;11;3
5/5;1430;2020-01-15 19:00:00;14596;HH;верх;1558,210;1556,475;22,194;41;1
5/5;1431;2020-01-16 05:00:00;14605;HL;низ;1551,583;1554,783;6,627;9;1
5/5;1432;2020-01-16 12:00:00;14612;LH;верх;1557,542;1551,616;5,959;7;1
5/5;1433;2020-01-16 15:00:00;14615;LL;низ;1548,099;1553,704;9,443;3;4
5/5;1434;2020-01-20 06:00:00;14652;HH;верх;1562,802;1560,222;14,703;37;2
5/5;1435;2020-01-20 13:00:00;14659;HL;низ;1558,328;1561,314;4,474;7;1
5/5;1436;2020-01-21 02:00:00;14667;HH;верх;1568,696;1559,510;10,368;8;1
5/5;1437;2020-01-21 14:00:00;14679;LL;низ;1546,403;1558,274;22,293;12;1
5/5;1438;2020-01-21 18:00:00;14683;LH;верх;1560,066;1556,690;13,663;4;1
5/5;1439;2020-01-22 02:00:00;14690;HL;низ;1550,281;1554,559;9,785;7;1
5/5;1440;2020-01-22 23:00:00;14710;HH;верх;1563,818;1558,934;13,537;20;2
5/5;1441;2020-01-23 12:00:00;14723;HL;низ;1551,987;1567,328;11,831;13;1
5/5;1442;2020-01-23 18:00:00;14729;HH;верх;1567,974;1561,100;15,987;6;1
5/5;1443;2020-01-24 13:00:00;14747;HL;низ;1556,629;1572,899;11,345;18;1
5/5;1444;2020-01-26 23:00:00;14756;HH;верх;1588,632;1579,138;32,003;9;1
5/5;1445;2020-01-27 08:00:00;14765;HL;низ;1575,934;1581,456;12,698;9;1
5/5;1446;2020-01-27 11:00:00;14768;LH;верх;1586,344;1582,637;10,410;3;1
5/5;1447;2020-01-27 18:00:00;14775;HL;низ;1577,144;1582,754;9,200;7;1
5/5;1448;2020-01-28 09:00:00;14789;LH;верх;1582,364;1576,106;5,220;14;1
5/5;1449;2020-01-29 03:00:00;14806;LL;низ;1563,471;1569,041;18,893;17;3
5/5;1450;2020-01-30 08:00:00;14834;HH;верх;1583,071;1578,779;19,600;28;1
5/5;1451;2020-01-30 14:00:00;14840;HL;низ;1572,390;1579,938;10,681;6;1
5/5;1452;2020-01-30 17:00:00;14843;HH;верх;1586,026;1575,184;13,636;3;1
5/5;1453;2020-01-31 02:00:00;14851;LL;низ;1571,045;1576,499;14,981;8;1
5/5;1454;2020-02-02 23:00:00;14871;HH;верх;1592,168;1580,962;21,123;20;1
5/5;1455;2020-02-03 08:00:00;14880;HL;низ;1573,512;1578,494;18,656;9;1
5/5;1456;2020-02-03 11:00:00;14883;LH;верх;1581,245;1578,163;7,733;3;1
5/5;1457;2020-02-03 15:00:00;14887;LL;низ;1569,661;1576,314;11,584;4;1
5/5;1458;2020-02-04 00:00:00;14895;LH;верх;1579,673;1572,728;10,012;8;1
5/5;1459;2020-02-04 17:00:00;14912;LL;низ;1549,150;1554,210;30,523;17;1
5/5;1460;2020-02-05 07:00:00;14925;LH;верх;1562,431;1554,366;13,281;13;1
5/5;1461;2020-02-05 09:00:00;14927;LL;низ;1547,553;1554,514;14,878;2;1
5/5;1462;2020-02-05 16:00:00;14934;LH;верх;1559,638;1556,204;12,084;7;1
5/5;1463;2020-02-06 05:00:00;14946;HL;низ;1552,556;1566,942;7,082;12;1
5/5;1464;2020-02-06 14:00:00;14955;HH;верх;1568,340;1567,066;15,784;9;1
5/5;1465;2020-02-06 15:00:00;14956;HL;низ;1561,660;1566,238;6,680;1;1
5/5;1466;2020-02-07 00:00:00;14964;HH;верх;1569,195;1566,143;7,535;8;1
5/5;1467;2020-02-07 13:00:00;14977;LL;низ;1560,463;1572,428;8,732;13;2
5/5;1468;2020-02-09 23:00:00;14986;HH;верх;1576,687;1572,175;16,224;9;2
5/5;1469;2020-02-10 02:00:00;14989;HL;низ;1568,096;1572,003;8,591;3;1
5/5;1470;2020-02-10 17:00:00;15004;HH;верх;1577,056;1572,058;8,960;15;2
5/5;1471;2020-02-11 08:00:00;15018;LL;низ;1565,874;1572,041;11,182;14;1
5/5;1472;2020-02-11 14:00:00;15024;LH;верх;1574,098;1568,620;8,224;6;1
5/5;1473;2020-02-12 08:00:00;15041;LL;низ;1561,984;1566,867;12,114;17;2
5/5;1474;2020-02-12 10:00:00;15043;LH;верх;1567,754;1567,170;5,770;2;1
5/5;1475;2020-02-12 15:00:00;15048;HL;низ;1563,614;1567,229;4,140;5;1
5/5;1476;2020-02-12 16:00:00;15049;HH;верх;1570,502;1565,846;6,888;1;1
5/5;1477;2020-02-13 14:00:00;15070;HL;низ;1571,930;1576,048;1,428;21;1
5/5;1478;2020-02-13 15:00:00;15071;HH;верх;1578,382;1576,295;6,452;1;2
5/5;1479;2020-02-14 03:00:00;15082;HL;низ;1573,164;1575,679;5,218;11;1
5/5;1480;2020-02-14 21:00:00;15100;HH;верх;1585,080;1582,525;11,916;18;1
5/5;1481;2020-02-17 08:00:00;15110;HL;низ;1578,935;1581,700;6,145;10;4
5/5;1482;2020-02-18 16:00:00;15137;HH;верх;1605,131;1601,418;26,196;27;1
5/5;1483;2020-02-19 00:00:00;15144;HL;низ;1599,606;1603,054;5,525;7;1
5/5;1484;2020-02-19 11:00:00;15155;HH;верх;1611,327;1607,299;11,721;11;1
5/5;1485;2020-02-19 14:00:00;15158;HL;низ;1602,444;1606,510;8,883;3;1
5/5;1486;2020-02-19 20:00:00;15164;HH;верх;1612,982;1609,250;10,538;6;1
5/5;1487;2020-02-20 07:00:00;15174;HL;низ;1603,976;1616,867;9,006;10;1
5/5;1488;2020-02-24 09:00:00;15222;HH;верх;1689,384;1674,661;85,408;48;4
5/5;1489;2020-02-25 06:00:00;15242;HL;низ;1633,172;1646,548;56,212;20;2
5/5;1490;2020-02-25 15:00:00;15251;LH;верх;1658,523;1629,779;25,351;9;1
5/5;1491;2020-02-25 20:00:00;15256;LL;низ;1625,263;1640,317;33,260;5;1
5/5;1492;2020-02-26 09:00:00;15268;LH;верх;1655,040;1635,286;29,777;12;1
5/5;1493;2020-02-26 14:00:00;15273;LL;низ;1625,017;1648,382;30,023;5;2
5/5;1494;2020-02-27 06:00:00;15288;LH;верх;1652,665;1649,174;27,648;15;1
5/5;1495;2020-02-27 07:00:00;15289;HL;низ;1641,403;1653,618;11,262;1;1
5/5;1496;2020-02-27 15:00:00;15297;HH;верх;1660,417;1637,128;19,014;8;1
5/5;1497;2020-02-28 18:00:00;15323;LL;низ;1563,038;1597,230;97,379;26;2
5/5;1498;2020-03-02 10:00:00;15338;LH;верх;1611,066;1593,791;48,028;15;2
5/5;1499;2020-03-02 20:00:00;15348;HL;низ;1584,116;1598,832;26,950;10;1
5/5;1500;2020-03-03 04:00:00;15355;LH;верх;1601,243;1597,170;17,127;7;1
5/5;1501;2020-03-03 07:00:00;15358;HL;низ;1593,584;1602,450;7,659;3;1
5/5;1502;2020-03-03 23:00:00;15373;HH;верх;1652,996;1643,173;59,412;15;1
5/5;1503;2020-03-04 07:00:00;15381;HL;низ;1631,958;1647,276;21,038;8;1
5/5;1504;2020-03-04 12:00:00;15386;LH;верх;1649,410;1642,095;17,452;5;1
5/5;1505;2020-03-04 21:00:00;15395;HL;низ;1633,966;1639,639;15,444;9;1
5/5;1506;2020-03-06 10:00:00;15430;HH;верх;1689,995;1664,080;56,029;35;1
5/5;1507;2020-03-06 15:00:00;15435;HL;низ;1642,351;1674,059;47,644;5;1
5/5;1508;2020-03-08 23:00:00;15443;HH;верх;1703,282;1662,681;60,931;8;1
5/5;1509;2020-03-09 04:00:00;15448;HL;низ;1657,624;1665,232;45,658;5;1
5/5;1510;2020-03-09 13:00:00;15457;LH;верх;1685,758;1677,119;28,134;9;1
5/5;1511;2020-03-09 16:00:00;15460;HL;низ;1661,865;1671,586;23,893;3;1
5/5;1512;2020-03-09 19:00:00;15463;LH;верх;1681,630;1669,514;19,765;3;1
5/5;1513;2020-03-10 06:00:00;15473;LL;низ;1649,498;1662,202;32,132;10;1
5/5;1514;2020-03-10 12:00:00;15479;LH;верх;1667,613;1657,944;18,115;6;1
5/5;1515;2020-03-10 19:00:00;15486;LL;низ;1641,718;1658,419;25,895;7;1
5/5;1516;2020-03-11 12:00:00;15502;HH;верх;1671,304;1643,562;29,586;16;1
5/5;1517;2020-03-11 19:00:00;15509;LL;низ;1633,200;1636,316;38,104;7;1
5/5;1518;2020-03-12 01:00:00;15514;LH;верх;1650,536;1637,188;17,336;5;1
5/5;1519;2020-03-12 02:00:00;15515;LL;низ;1631,026;1640,123;19,510;1;1
5/5;1520;2020-03-12 08:00:00;15521;LH;верх;1645,594;1597,288;14,568;6;1
5/5;1521;2020-03-13 02:00:00;15538;LL;низ;1551,455;1591,863;94,139;17;2
5/5;1522;2020-03-13 12:00:00;15548;LH;верх;1598,056;1522,424;46,601;10;1
5/5;1523;2020-03-13 16:00:00;15552;LL;низ;1504,782;1546,672;93,274;4;1
5/5;1524;2020-03-15 22:00:00;15557;LH;верх;1575,454;1548,098;70,672;5;1
5/5;1525;2020-03-16 13:00:00;15572;LL;низ;1451,432;1506,652;124,022;15;1
5/5;1526;2020-03-17 00:00:00;15582;LH;верх;1519,426;1492,732;67,994;10;1
5/5;1527;2020-03-17 10:00:00;15592;HL;низ;1465,810;1532,663;53,616;10;1
5/5;1528;2020-03-17 15:00:00;15597;HH;верх;1554,013;1528,358;88,203;5;2
5/5;1529;2020-03-18 09:00:00;15614;HL;низ;1487,422;1499,592;66,591;17;1
5/5;1530;2020-03-18 12:00:00;15617;LH;верх;1523,133;1488,596;35,711;3;1
5/5;1531;2020-03-19 04:00:00;15632;LL;низ;1464,304;1479,126;58,829;15;2
5/5;1532;2020-03-19 06:00:00;15634;LH;верх;1496,386;1473,838;32,082;2;1
5/5;1533;2020-03-19 12:00:00;15640;HL;низ;1464,388;1472,147;31,998;6;1
5/5;1534;2020-03-19 14:00:00;15642;LH;верх;1493,384;1468,030;28,996;2;1
5/5;1535;2020-03-19 22:00:00;15649;LL;низ;1455,320;1483,880;38,064;7;1
5/5;1536;2020-03-20 08:00:00;15659;HH;верх;1516,180;1489,902;60,860;10;1
5/5;1537;2020-03-20 18:00:00;15669;HL;низ;1479,458;1495,029;36,722;10;1
5/5;1538;2020-03-22 22:00:00;15672;LH;верх;1508,414;1493,608;28,956;3;1
5/5;1539;2020-03-23 06:00:00;15680;HL;низ;1485,171;1494,458;23,243;8;1
5/5;1540;2020-03-24 02:00:00;15699;HH;верх;1583,654;1572,879;98,483;19;1
5/5;1541;2020-03-24 06:00:00;15703;HL;низ;1560,342;1602,385;23,312;4;1
5/5;1542;2020-03-24 23:00:00;15719;HH;верх;1640,353;1611,631;80,011;16;1
5/5;1543;2020-03-25 08:00:00;15728;HL;низ;1596,376;1607,273;43,977;9;1
5/5;1544;2020-03-25 10:00:00;15730;LH;верх;1627,684;1613,936;31,308;2;2
5/5;1545;2020-03-26 02:00:00;15745;HL;низ;1597,638;1604,844;30,046;15;1
5/5;1546;2020-03-26 17:00:00;15760;HH;верх;1644,433;1626,392;46,795;15;1
5/5;1547;2020-03-26 19:00:00;15762;HL;низ;1616,073;1625,061;28,360;2;1
5/5;1548;2020-03-27 06:00:00;15772;LH;верх;1628,881;1618,503;12,808;10;1
5/5;1549;2020-03-27 11:00:00;15777;LL;низ;1614,898;1627,696;13,983;5;1
5/5;1550;2020-03-29 23:00:00;15787;HH;верх;1632,264;1616,118;17,366;10;1
5/5;1551;2020-03-30 05:00:00;15793;LL;низ;1613,159;1627,213;19,105;6;1
5/5;1552;2020-03-30 11:00:00;15799;LH;верх;1627,882;1620,630;14,723;6;2
5/5;1553;2020-03-31 00:00:00;15811;LL;низ;1610,780;1615,260;17,102;12;1
5/5;1554;2020-03-31 06:00:00;15817;LH;верх;1619,644;1601,588;8,864;6;1
5/5;1555;2020-03-31 10:00:00;15821;LL;низ;1595,319;1609,798;24,325;4;1
5/5;1556;2020-03-31 14:00:00;15825;LH;верх;1614,152;1576,780;18,833;4;1
5/5;1557;2020-03-31 22:00:00;15832;LL;низ;1573,059;1584,564;41,093;7;1
5/5;1558;2020-04-01 07:00:00;15841;LH;верх;1600,738;1584,752;27,679;9;1
5/5;1559;2020-04-01 13:00:00;15847;LL;низ;1572,827;1590,880;27,911;6;1
5/5;1560;2020-04-01 23:00:00;15856;LH;верх;1596,070;1585,433;23,243;9;1
5/5;1561;2020-04-02 01:00:00;15858;HL;низ;1583,224;1591,716;12,846;2;1
5/5;1562;2020-04-02 19:00:00;15876;HH;верх;1619,970;1610,664;36,746;18;1
5/5;1563;2020-04-03 06:00:00;15886;HL;низ;1607,176;1619,910;12,794;10;1
5/5;1564;2020-04-03 12:00:00;15892;HH;верх;1623,167;1618,688;15,991;6;1
5/5;1565;2020-04-03 12:00:00;15892;LL;низ;1606,820;1618,688;16,347;0;1
5/5;1566;2020-04-03 19:00:00;15899;HH;верх;1626,062;1619,827;19,242;7;1
5/5;1567;2020-04-05 22:00:00;15901;HL;низ;1609,260;1618,058;16,802;2;1
5/5;1568;2020-04-06 23:00:00;15925;HH;верх;1675,605;1659,453;66,345;24;1
5/5;1569;2020-04-07 01:00:00;15927;HL;низ;1654,997;1665,764;20,608;2;1
5/5;1570;2020-04-07 07:00:00;15933;LH;верх;1669,481;1656,786;14,484;6;1
5/5;1571;2020-04-07 13:00:00;15939;LL;низ;1642,900;1646,351;26,581;6;1
5/5;1572;2020-04-07 19:00:00;15945;LH;верх;1658,355;1648,737;15,455;6;1
5/5;1573;2020-04-08 00:00:00;15949;LL;низ;1641,474;1646,470;16,881;4;1
5/5;1574;2020-04-08 07:00:00;15956;LH;верх;1655,536;1651,566;14,062;7;1
5/5;1575;2020-04-08 11:00:00;15960;HL;низ;1642,584;1649,980;12,952;4;1
5/5;1576;2020-04-08 13:00:00;15962;HH;верх;1656,586;1652,370;14,002;2;1
5/5;1577;2020-04-08 22:00:00;15970;HL;низ;1643,836;1648,756;12,750;8;1
5/5;1578;2020-04-12 22:00:00;15993;HH;верх;1692,832;1683,032;48,996;23;1
5/5;1579;2020-04-13 13:00:00;16008;HL;низ;1686,301;1721,479;6,531;15;2
5/5;1580;2020-04-14 14:00:00;16032;HH;верх;1747,722;1728,176;61,421;24;1
5/5;1581;2020-04-15 07:00:00;16048;HL;низ;1708,284;1715,992;39,438;16;2
5/5;1582;2020-04-15 13:00:00;16054;LH;верх;1727,034;1718,786;18,750;6;1
5/5;1583;2020-04-15 16:00:00;16057;HL;низ;1708,988;1716,362;18,046;3;2
5/5;1584;2020-04-16 12:00:00;16076;HH;верх;1738,754;1712,732;29,766;19;1
5/5;1585;2020-04-17 11:00:00;16098;LL;низ;1683,580;1687,190;55,174;22;2
5/5;1586;2020-04-17 13:00:00;16100;LH;верх;1701,781;1683,757;18,201;2;1
5/5;1587;2020-04-20 00:00:00;16110;LL;низ;1671,218;1682,395;30,563;10;2
5/5;1588;2020-04-20 16:00:00;16126;HH;верх;1702,419;1691,946;31,201;16;2
5/5;1589;2020-04-21 11:00:00;16144;LL;низ;1661,416;1673,098;41,003;18;1
5/5;1590;2020-04-22 01:00:00;16157;LH;верх;1691,596;1684,296;30,180;13;1
5/5;1591;2020-04-22 04:00:00;16160;HL;низ;1680,478;1701,852;11,118;3;1
5/5;1592;2020-04-23 01:00:00;16180;HH;верх;1719,495;1715,767;39,017;20;2
5/5;1593;2020-04-23 03:00:00;16182;HL;низ;1707,418;1725,542;12,077;2;1
5/5;1594;2020-04-23 15:00:00;16194;HH;верх;1738,878;1731,391;31,460;12;1
5/5;1595;2020-04-24 05:00:00;16207;HL;низ;1721,256;1736,042;17,622;13;1
5/5;1596;2020-04-24 11:00:00;16213;LH;верх;1736,566;1719,166;15,310;6;1
5/5;1597;2020-04-24 15:00:00;16217;LL;низ;1710,857;1729,406;25,709;4;1
5/5;1598;2020-04-24 20:00:00;16222;LH;верх;1729,437;1722,877;18,580;5;1
5/5;1599;2020-04-27 14:00:00;16239;LL;низ;1706,545;1717,506;22,892;17;1
5/5;1600;2020-04-27 19:00:00;16244;LH;верх;1718,396;1704,033;11,851;5;1
5/5;1601;2020-04-28 05:00:00;16253;LL;низ;1692,393;1709,434;26,003;9;1
5/5;1602;2020-04-28 09:00:00;16257;LH;верх;1714,907;1699,732;22,514;4;1
5/5;1603;2020-04-28 14:00:00;16262;LL;низ;1692,285;1708,814;22,622;5;1
5/5;1604;2020-04-29 05:00:00;16276;LH;верх;1713,215;1703,939;20,930;14;2
5/5;1605;2020-04-29 13:00:00;16284;HL;низ;1697,185;1704,464;16,030;8;1
5/5;1606;2020-04-30 07:00:00;16301;HH;верх;1722,328;1706,924;25,143;17;2
5/5;1607;2020-04-30 18:00:00;16312;LL;низ;1681,554;1687,784;40,774;11;1
5/5;1608;2020-05-01 02:00:00;16319;LH;верх;1690,318;1672,558;8,764;7;1
5/5;1609;2020-05-01 06:00:00;16323;LL;низ;1670,909;1680,393;19,409;4;1
5/5;1610;2020-05-01 19:00:00;16336;HH;верх;1706,534;1698,843;35,625;13;1
5/5;1611;2020-05-03 22:00:00;16338;HL;низ;1692,087;1700,737;14,447;2;1
5/5;1612;2020-05-04 10:00:00;16350;HH;верх;1713,730;1708,146;21,643;12;1
5/5;1613;2020-05-05 07:00:00;16370;LL;низ;1689,819;1696,162;23,911;20;3
5/5;1614;2020-05-05 08:00:00;16371;LH;верх;1709,794;1697,659;19,975;1;1
5/5;1615;2020-05-05 13:00:00;16376;HL;низ;1693,274;1707,847;16,520;5;1
5/5;1616;2020-05-05 19:00:00;16382;HH;верх;1711,916;1704,644;18,642;6;1
5/5;1617;2020-05-06 00:00:00;16386;HL;низ;1700,826;1704,480;11,090;4;1
5/5;1618;2020-05-06 08:00:00;16394;LH;верх;1708,492;1697,382;7,666;8;1
5/5;1619;2020-05-06 20:00:00;16406;LL;низ;1682,632;1691,791;25,860;12;1
5/5;1620;2020-05-07 00:00:00;16409;LH;верх;1694,162;1688,057;11,530;3;1
5/5;1621;2020-05-07 06:00:00;16415;HL;низ;1684,664;1695,935;9,498;6;1
5/5;1622;2020-05-07 18:00:00;16427;HH;верх;1722,294;1714,990;37,630;12;1
5/5;1623;2020-05-08 00:00:00;16432;HL;низ;1711,410;1716,592;10,884;5;1
5/5;1624;2020-05-08 09:00:00;16441;HH;верх;1723,654;1715,428;12,244;9;1
5/5;1625;2020-05-08 20:00:00;16452;LL;низ;1701,374;1710,024;22,280;11;2
5/5;1626;2020-05-11 01:00:00;16456;LH;верх;1712,342;1707,140;10,968;4;1
5/5;1627;2020-05-11 15:00:00;16470;LL;низ;1692,126;1697,826;20,216;14;2
5/5;1628;2020-05-12 15:00:00;16493;LH;верх;1711,190;1702,460;19,064;23;1
5/5;1629;2020-05-12 19:00:00;16497;HL;низ;1698,094;1703,516;13,096;4;1
5/5;1630;2020-05-13 01:00:00;16502;LH;верх;1706,663;1703,610;8,569;5;1
5/5;1631;2020-05-13 08:00:00;16509;HL;низ;1699,259;1708,434;7,404;7;1
5/5;1632;2020-05-13 23:00:00;16523;HH;верх;1719,908;1712,109;20,649;14;2
5/5;1633;2020-05-14 04:00:00;16528;HL;низ;1711,268;1718,998;8,640;5;2
5/5;1634;2020-05-14 16:00:00;16540;HH;верх;1736,158;1730,784;24,890;12;1
5/5;1635;2020-05-15 01:00:00;16548;HL;низ;1728,846;1735,436;7,312;8;1
5/5;1636;2020-05-18 11:00:00;16581;HH;верх;1765,256;1731,410;36,410;33;1
5/5;1637;2020-05-18 15:00:00;16585;LL;низ;1727,410;1732,882;37,846;4;1
5/5;1638;2020-05-19 01:00:00;16594;LH;верх;1740,440;1729,448;13,030;9;1
5/5;1639;2020-05-19 06:00:00;16599;LL;низ;1726,624;1736,298;13,816;5;1
5/5;1640;2020-05-20 12:00:00;16628;HH;верх;1753,434;1750,346;26,810;29;2
5/5;1641;2020-05-20 12:00:00;16628;HL;низ;1742,206;1750,346;11,228;0;1
5/5;1642;2020-05-20 18:00:00;16634;HH;верх;1754,049;1745,471;11,843;6;1
5/5;1643;2020-05-21 08:00:00;16647;LL;низ;1731,428;1733,922;22,621;13;1
5/5;1644;2020-05-21 12:00:00;16651;LH;верх;1742,189;1722,696;10,761;4;1
5/5;1645;2020-05-21 14:00:00;16653;LL;низ;1717,568;1725,651;24,621;2;2
5/5;1646;2020-05-22 08:00:00;16670;LH;верх;1740,227;1735,081;22,659;17;1
5/5;1647;2020-05-25 13:00:00;16698;HL;низ;1721,210;1726,974;19,017;28;3
5/5;1648;2020-05-26 03:00:00;16707;LH;верх;1735,577;1725,588;14,367;9;2
5/5;1649;2020-05-26 19:00:00;16723;LL;низ;1708,910;1713,502;26,667;16;1
5/5;1650;2020-05-27 01:00:00;16728;LH;верх;1716,118;1706,087;7,208;5;1
5/5;1651;2020-05-27 13:00:00;16740;LL;низ;1694,006;1713,606;22,112;12;1
5/5;1652;2020-05-28 13:00:00;16763;HH;верх;1727,545;1716,252;33,539;23;2
5/5;1653;2020-05-28 18:00:00;16768;HL;низ;1711,470;1718,778;16,075;5;1
5/5;1654;2020-05-28 23:00:00;16772;LH;верх;1722,404;1721,820;10,934;4;1
5/5;1655;2020-05-29 01:00:00;16774;HL;низ;1712,622;1721,475;9,782;2;2
5/5;1656;2020-06-01 05:00:00;16801;HH;верх;1744,694;1734,756;32,072;27;1
5/5;1657;2020-06-01 14:00:00;16810;HL;низ;1727,460;1739,750;17,234;9;1
5/5;1658;2020-06-01 23:00:00;16818;LH;верх;1743,393;1736,524;15,933;8;2
5/5;1659;2020-06-02 07:00:00;16826;HL;низ;1734,844;1741,510;8,549;8;1
5/5;1660;2020-06-02 14:00:00;16833;HH;верх;1745,304;1728,314;10,460;7;1
5/5;1661;2020-06-02 16:00:00;16835;LL;низ;1721,698;1730,880;23,606;2;1
5/5;1662;2020-06-02 23:00:00;16841;LH;верх;1732,312;1726,302;10,614;6;1
5/5;1663;2020-06-03 00:00:00;16842;LL;низ;1720,628;1724,823;11,684;1;1
5/5;1664;2020-06-03 12:00:00;16854;LH;верх;1726,146;1699,428;5,518;12;1
5/5;1665;2020-06-03 14:00:00;16856;LL;низ;1689,589;1697,833;36,557;2;1
5/5;1666;2020-06-04 02:00:00;16867;LH;верх;1705,570;1702,698;15,981;11;1
5/5;1667;2020-06-04 14:00:00;16879;HL;низ;1700,455;1716,183;5,115;12;1
5/5;1668;2020-06-04 17:00:00;16882;HH;верх;1721,483;1712,756;21,028;3;1
5/5;1669;2020-06-05 03:00:00;16891;HL;низ;1707,046;1711,250;14,437;9;1
5/5;1670;2020-06-05 08:00:00;16896;LH;верх;1713,665;1680,167;6,619;5;1
5/5;1671;2020-06-05 14:00:00;16902;LL;низ;1670,438;1682,009;43,227;6;1
5/5;1672;2020-06-08 08:00:00;16919;LH;верх;1697,621;1690,554;27,183;17;1
5/5;1673;2020-06-08 13:00:00;16924;HL;низ;1686,482;1698,972;11,139;5;1
5/5;1674;2020-06-09 01:00:00;16935;HH;верх;1704,910;1695,601;18,428;11;1
5/5;1675;2020-06-09 06:00:00;16940;HL;низ;1692,368;1707,727;12,542;5;1
5/5;1676;2020-06-09 14:00:00;16948;HH;верх;1720,888;1715,070;28,520;8;1
5/5;1677;2020-06-10 18:00:00;16975;HL;низ;1708,340;1734,962;12,548;27;2
5/5;1678;2020-06-10 22:00:00;16978;HH;верх;1740,068;1731,702;31,728;3;1
5/5;1679;2020-06-11 05:00:00;16985;HL;низ;1727,100;1732,461;12,968;7;1
5/5;1680;2020-06-11 07:00:00;16987;LH;верх;1737,284;1732,296;10,184;2;1
5/5;1681;2020-06-11 11:00:00;16991;LL;низ;1721,294;1727,400;15,990;4;1
5/5;1682;2020-06-11 15:00:00;16995;HH;верх;1744,918;1727,216;23,624;4;1
5/5;1683;2020-06-12 00:00:00;17003;HL;низ;1722,501;1727,781;22,417;8;1
5/5;1684;2020-06-12 13:00:00;17016;LH;верх;1743,340;1732,335;20,839;13;2
5/5;1685;2020-06-15 13:00:00;17039;LL;низ;1704,484;1726,256;38,856;23;1
5/5;1686;2020-06-16 02:00:00;17051;LH;верх;1732,947;1727,379;28,463;12;2
5/5;1687;2020-06-16 06:00:00;17055;HL;низ;1721,764;1727,986;11,183;4;1
5/5;1688;2020-06-16 08:00:00;17057;HH;верх;1733,029;1724,322;11,265;2;1
5/5;1689;2020-06-16 14:00:00;17063;LL;низ;1716,973;1726,864;16,056;6;1
5/5;1690;2020-06-16 17:00:00;17066;LH;верх;1730,632;1726,745;13,659;3;2
5/5;1691;2020-06-17 09:00:00;17081;LL;низ;1712,780;1726,994;17,852;15;1
5/5;1692;2020-06-18 00:00:00;17095;LH;верх;1730,478;1727,106;17,698;14;1
5/5;1693;2020-06-18 02:00:00;17097;HL;низ;1723,933;1727,395;6,545;2;1
5/5;1694;2020-06-18 09:00:00;17104;HH;верх;1737,826;1722,170;13,893;7;1
5/5;1695;2020-06-18 14:00:00;17109;LL;низ;1717,695;1724,517;20,131;5;2
5/5;1696;2020-06-22 01:00:00;17142;HH;верх;1758,678;1751,334;40,983;33;2
5/5;1697;2020-06-22 07:00:00;17148;HL;низ;1742,680;1756,553;15,998;6;1
5/5;1698;2020-06-22 14:00:00;17155;HH;верх;1763,130;1755,340;20,450;7;2
5/5;1699;2020-06-23 07:00:00;17171;HL;низ;1747,566;1759,434;15,564;16;1
5/5;1700;2020-06-24 00:00:00;17187;HH;верх;1773,554;1769,910;25,988;16;1
5/5;1701;2020-06-24 06:00:00;17193;HL;низ;1765,348;1778,138;8,206;6;1
5/5;1702;2020-06-24 10:00:00;17197;HH;верх;1779,446;1767,330;14,098;4;1
5/5;1703;2020-06-24 22:00:00;17208;LL;низ;1754,250;1763,953;25,196;11;1
5/5;1704;2020-06-25 06:00:00;17216;LH;верх;1769,000;1759,300;14,750;8;1
5/5;1705;2020-06-25 12:00:00;17222;HL;низ;1755,560;1762,674;13,440;6;1
5/5;1706;2020-06-25 23:00:00;17232;LH;верх;1766,362;1761,508;10,802;10;1
5/5;1707;2020-06-26 05:00:00;17238;HL;низ;1758,306;1762,329;8,056;6;1
5/5;1708;2020-06-26 08:00:00;17241;HH;верх;1766,883;1749,734;8,577;3;1
5/5;1709;2020-06-26 14:00:00;17247;LL;низ;1747,572;1771,278;19,311;6;1
5/5;1710;2020-06-28 22:00:00;17254;HH;верх;1775,692;1772,626;28,120;7;1
5/5;1711;2020-06-29 12:00:00;17268;HL;низ;1765,944;1769,952;9,748;14;2
5/5;1712;2020-06-29 15:00:00;17271;LH;верх;1774,318;1772,650;8,374;3;2
5/5;1713;2020-06-30 00:00:00;17279;HL;низ;1768,842;1771,014;5,476;8;1
5/5;1714;2020-06-30 06:00:00;17285;LH;верх;1773,856;1765,948;5,014;6;1
5/5;1715;2020-06-30 11:00:00;17290;LL;низ;1764,646;1783,650;9,210;5;1
5/5;1716;2020-07-01 07:00:00;17309;HH;верх;1789,265;1779,570;24,619;19;3
5/5;1717;2020-07-01 15:00:00;17317;LL;низ;1759,284;1770,477;29,981;8;1
5/5;1718;2020-07-01 19:00:00;17321;LH;верх;1773,150;1769,564;13,866;4;1
5/5;1719;2020-07-02 13:00:00;17338;LL;низ;1757,665;1777,178;15,485;17;2
5/5;1720;2020-07-02 15:00:00;17340;HH;верх;1779,690;1775,740;22,025;2;1
5/5;1721;2020-07-03 05:00:00;17353;HL;низ;1772,776;1775,944;6,914;13;1
5/5;1722;2020-07-03 11:00:00;17359;LH;верх;1777,192;1775,086;4,416;6;2
5/5;1723;2020-07-06 02:00:00;17369;LL;низ;1770,100;1776,210;7,092;10;1
5/5;1724;2020-07-07 01:00:00;17391;HH;верх;1787,388;1782,838;17,288;22;2
5/5;1725;2020-07-07 09:00:00;17399;HL;низ;1773,788;1794,026;13,600;8;1
5/5;1726;2020-07-07 19:00:00;17409;HH;верх;1797,415;1794,392;23,627;10;1
5/5;1727;2020-07-08 02:00:00;17415;HL;низ;1791,529;1796,320;5,886;6;1
5/5;1728;2020-07-08 14:00:00;17427;HH;верх;1818,092;1809,264;26,563;12;1
5/5;1729;2020-07-09 00:00:00;17436;HL;низ;1806,038;1811,676;12,054;9;1
5/5;1730;2020-07-09 08:00:00;17444;LH;верх;1816,064;1812,206;10,026;8;1
5/5;1731;2020-07-09 15:00:00;17451;LL;низ;1795,734;1803,382;20,330;7;2
5/5;1732;2020-07-10 12:00:00;17471;LH;верх;1810,692;1799,700;14,958;20;1
5/5;1733;2020-07-10 16:00:00;17475;LL;низ;1794,246;1800,707;16,446;4;1
5/5;1734;2020-07-13 13:00:00;17495;HH;верх;1813,472;1808,406;19,226;20;1
5/5;1735;2020-07-14 01:00:00;17506;HL;низ;1795,986;1801,323;17,486;11;1
5/5;1736;2020-07-14 06:00:00;17511;LH;верх;1802,508;1800,628;6,522;5;1
5/5;1737;2020-07-14 10:00:00;17515;LL;низ;1790,766;1807,548;11,742;4;1
5/5;1738;2020-07-15 00:00:00;17528;HH;верх;1811,466;1808,731;20,700;13;1
5/5;1739;2020-07-15 05:00:00;17533;HL;низ;1805,946;1807,980;5,520;5;1
5/5;1740;2020-07-15 08:00:00;17536;HH;верх;1815,236;1804,094;9,290;3;1
5/5;1741;2020-07-15 13:00:00;17541;LL;низ;1802,473;1811,800;12,763;5;1
5/5;1742;2020-07-15 16:00:00;17544;LH;верх;1813,524;1811,757;11,051;3;2
5/5;1743;2020-07-16 09:00:00;17560;HL;низ;1803,033;1808,258;10,491;16;1
5/5;1744;2020-07-16 12:00:00;17563;LH;верх;1809,040;1797,284;6,007;3;1
5/5;1745;2020-07-16 19:00:00;17570;LL;низ;1795,118;1796,872;13,922;7;1
5/5;1746;2020-07-17 16:00:00;17590;HH;верх;1811,924;1809,826;16,806;20;1
5/5;1747;2020-07-20 01:00:00;17598;HL;низ;1805,878;1810,816;6,046;8;1
5/5;1748;2020-07-20 14:00:00;17611;HH;верх;1820,648;1818,362;14,770;13;1
5/5;1749;2020-07-21 01:00:00;17621;HL;низ;1815,852;1823,074;4,796;10;1
5/5;1750;2020-07-22 01:00:00;17644;HH;верх;1865,836;1860,003;49,984;23;1
5/5;1751;2020-07-22 09:00:00;17652;HL;низ;1846,519;1855,906;19,317;8;1
5/5;1752;2020-07-23 00:00:00;17666;HH;верх;1876,711;1869,653;30,192;14;1
5/5;1753;2020-07-23 02:00:00;17668;HL;низ;1863,849;1876,118;12,862;2;1
5/5;1754;2020-07-23 08:00:00;17674;HH;верх;1888,806;1881,393;24,957;6;1
5/5;1755;2020-07-23 13:00:00;17679;HL;низ;1869,984;1889,060;18,822;5;1
5/5;1756;2020-07-27 03:00:00;17715;HH;верх;1944,774;1940,252;74,790;36;3
5/5;1757;2020-07-27 12:00:00;17724;HL;низ;1931,318;1940,228;13,456;9;1
5/5;1758;2020-07-28 01:00:00;17736;HH;верх;1981,356;1939,250;50,038;12;2
5/5;1759;2020-07-28 07:00:00;17742;LL;низ;1907,066;1939,270;74,290;6;1
5/5;1760;2020-07-29 00:00:00;17758;LH;верх;1964,332;1952,754;57,266;16;1
5/5;1761;2020-07-29 03:00:00;17761;HL;низ;1947,978;1959,134;16,354;3;1
5/5;1762;2020-07-29 07:00:00;17765;LH;верх;1961,207;1960,106;13,229;4;1
5/5;1763;2020-07-29 14:00:00;17772;LL;низ;1941,526;1969,401;19,681;7;1
5/5;1764;2020-07-29 18:00:00;17776;HH;верх;1980,842;1966,736;39,316;4;2
5/5;1765;2020-07-30 15:00:00;17796;LL;низ;1939,339;1956,059;41,503;20;1
5/5;1766;2020-07-31 07:00:00;17811;HH;верх;1983,102;1973,492;43,763;15;1
5/5;1767;2020-07-31 13:00:00;17817;HL;низ;1959,962;1971,669;23,140;6;1
5/5;1768;2020-08-02 22:00:00;17825;HH;верх;1986,765;1974,422;26,803;8;1
5/5;1769;2020-08-02 22:00:00;17825;HL;низ;1960,540;1974,422;26,225;0;1
5/5;1770;2020-08-03 06:00:00;17833;LH;верх;1977,535;1970,350;16,995;8;1
5/5;1771;2020-08-03 14:00:00;17841;HL;низ;1960,670;1976,540;16,865;8;1
5/5;1772;2020-08-04 01:00:00;17851;HH;верх;1978,699;1973,170;18,029;10;1
5/5;1773;2020-08-04 04:00:00;17854;HL;низ;1971,610;1974,834;7,089;3;1
5/5;1774;2020-08-04 07:00:00;17857;HH;верх;1979,025;1972,365;7,415;3;1
5/5;1775;2020-08-04 11:00:00;17861;LL;низ;1966,855;1999,760;12,170;4;1
5/5;1776;2020-08-05 00:00:00;17873;HH;верх;2031,137;2021,598;64,282;12;1
5/5;1777;2020-08-05 02:00:00;17875;HL;низ;2009,676;2033,844;21,461;2;1
5/5;1778;2020-08-05 14:00:00;17887;HH;верх;2055,926;2036,754;46,250;12;1
5/5;1779;2020-08-05 16:00:00;17889;HL;низ;2028,694;2038,062;27,232;2;2
5/5;1780;2020-08-06 22:00:00;17917;HH;верх;2075,282;2056,876;46,588;28;2
5/5;1781;2020-08-07 17:00:00;17936;LL;низ;2015,531;2027,291;59,751;19;2
5/5;1782;2020-08-10 14:00:00;17956;LH;верх;2049,915;2025,054;34,384;20;1
5/5;1783;2020-08-12 04:00:00;17992;LL;низ;1862,899;1932,388;187,016;36;1
5/5;1784;2020-08-12 08:00:00;17996;LH;верх;1949,502;1937,833;86,603;4;2
5/5;1785;2020-08-12 19:00:00;18007;HL;низ;1907,114;1937,129;42,388;11;1
5/5;1786;2020-08-13 01:00:00;18012;LH;верх;1942,840;1933,963;35,726;5;1
5/5;1787;2020-08-13 12:00:00;18023;HL;низ;1920,512;1957,991;22,328;11;1
5/5;1788;2020-08-13 17:00:00;18028;HH;верх;1966,420;1957,686;45,908;5;1
5/5;1789;2020-08-14 06:00:00;18040;HL;низ;1938,938;1948,624;27,482;12;1
5/5;1790;2020-08-14 13:00:00;18047;LH;верх;1956,566;1943,124;17,628;7;2
5/5;1791;2020-08-17 00:00:00;18057;LL;низ;1929,648;1942,944;26,918;10;1
5/5;1792;2020-08-18 13:00:00;18093;HH;верх;2015,726;2004,196;86,078;36;2
5/5;1793;2020-08-18 14:00:00;18094;HL;низ;1976,038;2003,783;39,688;1;2
5/5;1794;2020-08-19 08:00:00;18111;LH;верх;1998,390;1985,102;22,352;17;1
5/5;1795;2020-08-19 20:00:00;18123;LL;низ;1924,778;1946,710;73,612;12;1
5/5;1796;2020-08-20 04:00:00;18130;LH;верх;1955,470;1931,072;30,692;7;1
5/5;1797;2020-08-20 10:00:00;18136;HL;низ;1924,864;1946,640;30,606;6;1
5/5;1798;2020-08-21 00:00:00;18149;HH;верх;1956,087;1947,593;31,223;13;1
5/5;1799;2020-08-21 12:00:00;18161;LL;низ;1911,586;1939,042;44,501;12;2
5/5;1800;2020-08-21 15:00:00;18164;LH;верх;1945,835;1940,498;34,249;3;1
5/5;1801;2020-08-23 22:00:00;18170;HL;низ;1930,007;1931,949;15,828;6;1
5/5;1802;2020-08-24 12:00:00;18184;HH;верх;1961,893;1929,164;31,886;14;1
5/5;1803;2020-08-24 19:00:00;18191;LL;низ;1923,931;1934,654;37,962;7;1
5/5;1804;2020-08-25 03:00:00;18198;LH;верх;1937,739;1925,680;13,808;7;1
5/5;1805;2020-08-25 15:00:00;18210;LL;низ;1914,389;1928,200;23,350;12;1
5/5;1806;2020-08-26 02:00:00;18220;LH;верх;1931,640;1917,396;17,251;10;1
5/5;1807;2020-08-26 12:00:00;18230;LL;низ;1902,726;1946,414;28,914;10;1
5/5;1808;2020-08-26 22:00:00;18239;HH;верх;1954,814;1942,998;52,088;9;1
5/5;1809;2020-08-27 06:00:00;18247;HL;низ;1937,132;1940,896;17,682;8;1
5/5;1810;2020-08-27 13:00:00;18254;HH;верх;1977,187;1930,499;40,055;7;2
5/5;1811;2020-08-27 14:00:00;18255;LL;низ;1910,190;1929,910;66,997;1;2
5/5;1812;2020-08-30 23:00:00;18286;LH;верх;1976,776;1970,478;66,586;31;1
5/5;1813;2020-08-31 07:00:00;18294;HL;низ;1954,416;1967,658;22,360;8;1
5/5;1814;2020-08-31 16:00:00;18303;LH;верх;1975,102;1966,164;20,686;9;1
5/5;1815;2020-08-31 23:00:00;18309;HL;низ;1965,338;1986,326;9,764;6;1
5/5;1816;2020-09-01 07:00:00;18317;HH;верх;1992,565;1989,134;27,227;8;1
5/5;1817;2020-09-01 18:00:00;18328;LL;низ;1963,354;1967,149;29,211;11;1
5/5;1818;2020-09-02 00:00:00;18333;LH;верх;1973,334;1964,492;9,980;5;1
5/5;1819;2020-09-02 01:00:00;18334;LL;низ;1958,996;1965,685;14,338;1;1
5/5;1820;2020-09-02 09:00:00;18342;LH;верх;1971,972;1943,268;12,976;8;1
5/5;1821;2020-09-02 16:00:00;18349;LL;низ;1932,681;1941,878;39,291;7;1
5/5;1822;2020-09-03 02:00:00;18358;LH;верх;1951,178;1935,998;18,497;9;1
5/5;1823;2020-09-03 07:00:00;18363;LL;низ;1927,228;1934,456;23,950;5;1
5/5;1824;2020-09-03 13:00:00;18369;LH;верх;1946,019;1933,509;18,791;6;1
5/5;1825;2020-09-03 15:00:00;18371;LL;низ;1921,905;1930,673;24,114;2;2
5/5;1826;2020-09-04 02:00:00;18381;LH;верх;1942,300;1935,808;20,395;10;1
5/5;1827;2020-09-04 06:00:00;18385;HL;низ;1930,850;1939,892;11,450;4;1
5/5;1828;2020-09-04 12:00:00;18391;HH;верх;1949,496;1930,386;18,646;6;1
5/5;1829;2020-09-04 13:00:00;18392;LL;низ;1916,696;1936,076;32,800;1;1
5/5;1830;2020-09-07 02:00:00;18404;LH;верх;1941,477;1931,436;24,781;12;2
5/5;1831;2020-09-07 14:00:00;18416;HL;низ;1924,636;1928,648;16,841;12;1
5/5;1832;2020-09-08 00:00:00;18421;LH;верх;1932,318;1931,662;7,682;5;1
5/5;1833;2020-09-08 03:00:00;18424;LL;низ;1922,870;1923,623;9,448;3;1
5/5;1834;2020-09-08 06:00:00;18427;HH;верх;1935,582;1915,932;12,712;3;1
5/5;1835;2020-09-08 13:00:00;18434;LL;низ;1906,628;1931,860;28,954;7;1
5/5;1836;2020-09-08 17:00:00;18438;HH;верх;1940,856;1930,289;34,228;4;1
5/5;1837;2020-09-09 01:00:00;18445;HL;низ;1923,160;1927,145;17,696;7;1
5/5;1838;2020-09-09 05:00:00;18449;LH;верх;1934,417;1922,620;11,257;4;1
5/5;1839;2020-09-09 11:00:00;18455;LL;низ;1920,169;1948,245;14,248;6;1
5/5;1840;2020-09-09 19:00:00;18463;HH;верх;1950,852;1945,858;30,683;8;1
5/5;1841;2020-09-10 07:00:00;18474;HL;низ;1942,406;1956,254;8,446;11;1
5/5;1842;2020-09-10 14:00:00;18481;HH;верх;1966,570;1942,652;24,164;7;1
5/5;1843;2020-09-11 03:00:00;18493;LL;низ;1937,242;1945,310;29,328;12;2
5/5;1844;2020-09-11 13:00:00;18503;LH;верх;1954,773;1941,054;17,531;10;1
5/5;1845;2020-09-13 22:00:00;18511;HL;низ;1937,250;1949,161;17,523;8;1
5/5;1846;2020-09-14 03:00:00;18516;LH;верх;1951,743;1945,954;14,493;5;1
5/5;1847;2020-09-14 11:00:00;18524;HL;низ;1940,026;1956,406;11,717;8;1
5/5;1848;2020-09-14 15:00:00;18528;HH;верх;1962,535;1956,442;22,509;4;1
5/5;1849;2020-09-15 07:00:00;18543;HL;низ;1960,303;1967,432;2,232;15;1
5/5;1850;2020-09-15 11:00:00;18547;HH;верх;1972,221;1958,090;11,918;4;1
5/5;1851;2020-09-15 14:00:00;18550;LL;низ;1948,468;1953,629;23,753;3;2
5/5;1852;2020-09-16 13:00:00;18572;HH;верх;1973,782;1958,285;25,314;22;1
5/5;1853;2020-09-17 13:00:00;18595;LL;низ;1932,886;1944,690;40,896;23;3
5/5;1854;2020-09-18 08:00:00;18613;LH;верх;1956,167;1946,736;23,281;18;3
5/5;1855;2020-09-18 13:00:00;18618;HL;низ;1945,248;1951,560;10,919;5;1
5/5;1856;2020-09-18 17:00:00;18622;HH;верх;1960,134;1948,556;14,886;4;1
5/5;1857;2020-09-20 22:00:00;18626;HL;низ;1946,723;1953,196;13,411;4;1
5/5;1858;2020-09-21 01:00:00;18629;LH;верх;1955,624;1950,912;8,901;3;1
5/5;1859;2020-09-21 14:00:00;18642;LL;низ;1882,428;1911,275;73,196;13;1
5/5;1860;2020-09-22 00:00:00;18651;LH;верх;1920,057;1910,812;37,629;9;1
5/5;1861;2020-09-22 07:00:00;18658;HL;низ;1894,700;1912,424;25,357;7;1
5/5;1862;2020-09-22 13:00:00;18664;LH;верх;1917,635;1904,526;22,935;6;1
5/5;1863;2020-09-23 08:00:00;18682;LL;низ;1873,228;1877,706;44,407;18;2
5/5;1864;2020-09-23 10:00:00;18684;LH;верх;1895,046;1864,235;21,818;2;2
5/5;1865;2020-09-24 09:00:00;18706;LL;низ;1848,842;1860,376;46,204;22;1
5/5;1866;2020-09-24 17:00:00;18714;LH;верх;1877,119;1867,868;28,277;8;2
5/5;1867;2020-09-25 14:00:00;18734;HL;низ;1852,619;1862,776;24,500;20;1
5/5;1868;2020-09-25 19:00:00;18739;LH;верх;1866,798;1862,544;14,179;5;1
5/5;1869;2020-09-28 08:00:00;18751;LL;низ;1848,801;1867,622;17,997;12;1
5/5;1870;2020-09-29 01:00:00;18767;HH;верх;1887,329;1884,084;38,528;16;1
5/5;1871;2020-09-29 05:00:00;18771;HL;низ;1875,684;1886,219;11,645;4;2
5/5;1872;2020-09-29 23:00:00;18788;HH;верх;1899,184;1890,431;23,500;17;1
5/5;1873;2020-09-30 09:00:00;18798;HL;низ;1881,524;1892,158;17,660;10;1
5/5;1874;2020-09-30 15:00:00;18804;HH;верх;1902,349;1885,500;20,825;6;1
5/5;1875;2020-10-01 00:00:00;18812;HL;низ;1884,720;1892,900;17,629;8;1
5/5;1876;2020-10-01 15:00:00;18827;HH;верх;1912,662;1906,120;27,942;15;1
5/5;1877;2020-10-02 05:00:00;18840;HL;низ;1889,866;1907,779;22,796;13;1
5/5;1878;2020-10-02 06:00:00;18841;HH;верх;1917,165;1908,102;27,299;1;1
5/5;1879;2020-10-05 07:00:00;18865;LL;низ;1887,132;1906,724;30,033;24;2
5/5;1880;2020-10-05 14:00:00;18872;HH;верх;1918,694;1910,925;31,562;7;1
5/5;1881;2020-10-06 08:00:00;18889;HL;низ;1906,770;1915,212;11,924;17;2
5/5;1882;2020-10-06 13:00:00;18894;HH;верх;1921,277;1897,514;14,507;5;1
5/5;1883;2020-10-07 01:00:00;18905;LL;низ;1872,898;1894,488;48,379;11;1
5/5;1884;2020-10-07 07:00:00;18911;LH;верх;1898,066;1889,888;25,168;6;1
5/5;1885;2020-10-07 14:00:00;18918;HL;низ;1879,302;1887,200;18,764;7;2
5/5;1886;2020-10-08 13:00:00;18940;HH;верх;1900,687;1892,687;21,385;22;1
5/5;1887;2020-10-08 17:00:00;18944;HL;низ;1882,000;1895,307;18,687;4;1
5/5;1888;2020-10-11 23:00:00;18972;HH;верх;1933,292;1928,713;51,292;28;1
5/5;1889;2020-10-12 01:00:00;18974;HL;низ;1921,670;1926,141;11,622;2;1
5/5;1890;2020-10-12 05:00:00;18978;LH;верх;1932,062;1920,168;10,392;4;1
5/5;1891;2020-10-12 11:00:00;18984;LL;низ;1918,643;1924,949;13,419;6;1
5/5;1892;2020-10-12 12:00:00;18985;LH;верх;1928,459;1923,550;9,816;1;2
5/5;1893;2020-10-13 04:00:00;19000;LL;низ;1910,418;1921,174;18,041;15;1
5/5;1894;2020-10-13 08:00:00;19004;LH;верх;1925,034;1895,978;14,616;4;1
5/5;1895;2020-10-14 01:00:00;19020;LL;низ;1882,434;1897,314;42,600;16;2
5/5;1896;2020-10-14 13:00:00;19032;LH;верх;1912,962;1902,783;30,528;12;1
5/5;1897;2020-10-15 01:00:00;19043;HL;низ;1892,092;1898,115;20,870;11;1
5/5;1898;2020-10-15 07:00:00;19049;LH;верх;1903,704;1895,391;11,612;6;1
5/5;1899;2020-10-15 12:00:00;19054;LL;низ;1889,644;1905,342;14,060;5;1
5/5;1900;2020-10-16 01:00:00;19066;HH;верх;1910,574;1906,083;20,930;12;1
5/5;1901;2020-10-16 06:00:00;19071;HL;низ;1902,936;1909,332;7,638;5;1
5/5;1902;2020-10-16 12:00:00;19077;HH;верх;1914,046;1902,026;11,110;6;1
5/5;1903;2020-10-19 01:00:00;19089;LL;низ;1897,166;1908,842;16,880;12;2
5/5;1904;2020-10-19 12:00:00;19100;HH;верх;1918,540;1905,782;21,374;11;1
5/5;1905;2020-10-20 02:00:00;19113;LL;низ;1894,605;1900,596;23,935;13;3
5/5;1906;2020-10-21 14:00:00;19148;HH;верх;1931,401;1924,640;36,796;35;1
5/5;1907;2020-10-22 02:00:00;19159;HL;низ;1910,918;1919,274;20,483;11;1
5/5;1908;2020-10-22 07:00:00;19164;LH;верх;1920,484;1905,784;9,566;5;1
5/5;1909;2020-10-22 14:00:00;19171;LL;низ;1894,775;1905,267;25,709;7;2
5/5;1910;2020-10-23 12:00:00;19192;LH;верх;1914,359;1903,261;19,584;21;1
5/5;1911;2020-10-25 22:00:00;19201;LL;низ;1891,508;1898,391;22,851;9;3
5/5;1912;2020-10-26 14:00:00;19217;LH;верх;1908,594;1902,534;17,086;16;1
5/5;1913;2020-10-26 15:00:00;19218;HL;низ;1898,962;1902,272;9,632;1;1
5/5;1914;2020-10-27 02:00:00;19228;HH;верх;1910,455;1904,226;11,493;10;1
5/5;1915;2020-10-27 09:00:00;19235;LL;низ;1897,914;1905,848;12,541;7;1
5/5;1916;2020-10-27 15:00:00;19241;HH;верх;1911,354;1907,780;13,440;6;1
5/5;1917;2020-10-28 00:00:00;19249;HL;низ;1902,513;1908,394;8,841;8;1
5/5;1918;2020-10-28 06:00:00;19255;LH;верх;1910,826;1891,522;8,313;6;1
5/5;1919;2020-10-28 15:00:00;19264;LL;низ;1869,460;1877,246;41,366;9;1
5/5;1920;2020-10-29 06:00:00;19278;LH;верх;1885,054;1872,127;15,594;14;1
5/5;1921;2020-10-29 13:00:00;19285;LL;низ;1860,080;1869,168;24,974;7;2
5/5;1922;2020-10-30 13:00:00;19308;HH;верх;1889,756;1880,032;29,676;23;2
5/5;1923;2020-11-02 01:00:00;19318;HL;низ;1873,504;1884,160;16,252;10;1
5/5;1924;2020-11-03 02:00:00;19342;HH;верх;1898,545;1890,764;25,041;24;1
5/5;1925;2020-11-03 07:00:00;19347;HL;низ;1887,096;1900,099;11,449;5;1
5/5;1926;2020-11-04 00:00:00;19363;HH;верх;1916,484;1896,556;29,388;16;1
5/5;1927;2020-11-04 01:00:00;19364;LL;низ;1882,212;1899,608;34,272;1;2
5/5;1928;2020-11-04 13:00:00;19376;LH;верх;1912,318;1898,414;30,106;12;1
5/5;1929;2020-11-04 18:00:00;19381;HL;низ;1893,296;1904,894;19,022;5;1
5/5;1930;2020-11-05 16:00:00;19402;HH;верх;1952,786;1949,632;59,490;21;1
5/5;1931;2020-11-06 04:00:00;19413;HL;низ;1935,722;1948,371;17,064;11;1
5/5;1932;2020-11-06 14:00:00;19423;HH;верх;1960,386;1951,998;24,664;10;1
5/5;1933;2020-11-06 15:00:00;19424;HL;низ;1941,320;1952,430;19,066;1;1
5/5;1934;2020-11-09 05:00:00;19437;HH;верх;1965,572;1958,856;24,252;13;1
5/5;1935;2020-11-09 16:00:00;19448;LL;низ;1850,530;1861,914;115,042;11;1
5/5;1936;2020-11-10 07:00:00;19462;LH;верх;1890,513;1880,637;39,983;14;1
5/5;1937;2020-11-10 11:00:00;19466;HL;низ;1867,524;1881,776;22,989;4;1
5/5;1938;2020-11-10 15:00:00;19470;LH;верх;1885,372;1872,839;17,848;4;1
5/5;1939;2020-11-10 21:00:00;19476;HL;низ;1872,074;1880,868;13,298;6;1
5/5;1940;2020-11-11 06:00:00;19484;LH;верх;1884,473;1877,026;12,399;8;1
5/5;1941;2020-11-11 14:00:00;19492;LL;низ;1856,448;1863,635;28,025;8;2
5/5;1942;2020-11-12 15:00:00;19516;LH;верх;1883,878;1875,684;27,430;24;1
5/5;1943;2020-11-12 20:00:00;19521;HL;низ;1874,154;1878,984;9,724;5;1
5/5;1944;2020-11-13 01:00:00;19525;LH;верх;1882,008;1879,096;7,854;4;1
5/5;1945;2020-11-13 09:00:00;19533;HL;низ;1875,965;1891,416;6,043;8;1
5/5;1946;2020-11-13 14:00:00;19538;HH;верх;1896,882;1886,751;20,917;5;1
5/5;1947;2020-11-13 19:00:00;19543;HL;низ;1884,743;1896,454;12,139;5;1
5/5;1948;2020-11-16 02:00:00;19549;HH;верх;1899,112;1891,673;14,369;6;1
5/5;1949;2020-11-16 11:00:00;19558;LL;низ;1864,541;1895,323;34,571;9;1
5/5;1950;2020-11-16 17:00:00;19564;LH;верх;1896,022;1889,954;31,481;6;1
5/5;1951;2020-11-16 20:00:00;19567;HL;низ;1885,181;1891,190;10,841;3;1
5/5;1952;2020-11-17 03:00:00;19573;LH;верх;1892,502;1890,844;7,321;6;1
5/5;1953;2020-11-17 06:00:00;19576;LL;низ;1884,339;1888,820;8,163;3;1
5/5;1954;2020-11-17 13:00:00;19583;HH;верх;1893,536;1885,749;9,197;7;1
5/5;1955;2020-11-18 03:00:00;19596;LL;низ;1875,780;1883,584;17,756;13;1
5/5;1956;2020-11-18 08:00:00;19601;LH;верх;1884,782;1875,992;9,002;5;1
5/5;1957;2020-11-18 12:00:00;19605;LL;низ;1863,772;1875,348;21,010;4;1
5/5;1958;2020-11-18 15:00:00;19608;HH;верх;1884,856;1870,342;21,084;3;1
5/5;1959;2020-11-19 13:00:00;19629;LL;низ;1852,792;1863,886;32,064;21;1
5/5;1960;2020-11-20 06:00:00;19645;LH;верх;1869,861;1866,124;17,069;16;2
5/5;1961;2020-11-20 07:00:00;19646;HL;низ;1861,060;1867,276;8,801;1;1
5/5;1962;2020-11-20 15:00:00;19654;HH;верх;1879,818;1872,988;18,758;8;1
5/5;1963;2020-11-22 23:00:00;19661;HL;низ;1868,925;1873,738;10,893;7;1
5/5;1964;2020-11-23 06:00:00;19668;LH;верх;1876,139;1866,386;7,214;7;1
5/5;1965;2020-11-24 03:00:00;19688;LL;низ;1821,373;1824,908;54,766;20;2
5/5;1966;2020-11-24 07:00:00;19692;LH;верх;1833,064;1810,272;11,691;4;1
5/5;1967;2020-11-24 15:00:00;19700;LL;низ;1800,424;1807,502;32,640;8;1
5/5;1968;2020-11-25 01:00:00;19709;LH;верх;1812,170;1805,738;11,746;9;1
5/5;1969;2020-11-25 04:00:00;19712;HL;низ;1801,806;1813,388;10,364;3;1
5/5;1970;2020-11-25 14:00:00;19722;HH;верх;1817,771;1806,838;15,965;10;1
5/5;1971;2020-11-25 19:00:00;19727;HL;низ;1804,334;1811,249;13,437;5;2
5/5;1972;2020-11-26 07:00:00;19738;HH;верх;1818,336;1813,234;14,002;11;1
5/5;1973;2020-11-26 14:00:00;19745;HL;низ;1805,857;1813,016;12,479;7;1
5/5;1974;2020-11-27 01:00:00;19751;LH;верх;1813,868;1809,027;8,011;6;1
5/5;1975;2020-11-27 05:00:00;19755;LL;низ;1802,932;1807,520;10,936;4;1
5/5;1976;2020-11-27 08:00:00;19758;LH;верх;1811,505;1778,590;8,573;3;1
5/5;1977;2020-11-27 14:00:00;19764;LL;низ;1774,410;1786,826;37,095;6;1
5/5;1978;2020-11-29 23:00:00;19769;LH;верх;1789,937;1769,947;15,527;5;1
5/5;1979;2020-11-30 02:00:00;19772;LL;низ;1764,570;1781,187;25,367;3;1
5/5;1980;2020-11-30 07:00:00;19777;LH;верх;1783,914;1768,792;19,344;5;1
5/5;1981;2020-11-30 10:00:00;19780;HL;низ;1764,668;1773,204;19,246;3;1
5/5;1982;2020-12-01 18:00:00;19811;HH;верх;1817,362;1814,234;52,694;31;2
5/5;1983;2020-12-02 05:00:00;19821;HL;низ;1807,543;1829,890;9,819;10;1
5/5;1984;2020-12-02 10:00:00;19826;HH;верх;1832,518;1826,580;24,975;5;1
5/5;1985;2020-12-02 13:00:00;19829;HL;низ;1812,782;1829,246;19,736;3;2
5/5;1986;2020-12-03 12:00:00;19851;HH;верх;1843,984;1837,931;31,202;22;1
5/5;1987;2020-12-03 16:00:00;19855;HL;низ;1823,772;1840,936;20,212;4;1
5/5;1988;2020-12-04 14:00:00;19876;HH;верх;1848,202;1836,906;24,430;21;2
5/5;1989;2020-12-04 15:00:00;19877;HL;низ;1829,276;1836,667;18,926;1;1
5/5;1990;2020-12-07 06:00:00;19891;LH;верх;1842,537;1830,542;13,261;14;1
5/5;1991;2020-12-07 08:00:00;19893;LL;низ;1822,253;1839,422;20,284;2;1
5/5;1992;2020-12-07 16:00:00;19901;HH;верх;1868,576;1862,424;46,323;8;1
5/5;1993;2020-12-07 22:00:00;19907;HL;низ;1856,950;1869,595;11,626;6;1
5/5;1994;2020-12-08 04:00:00;19913;HH;верх;1871,878;1864,632;14,928;6;1
5/5;1995;2020-12-08 11:00:00;19920;HL;низ;1860,352;1869,434;11,526;7;1
5/5;1996;2020-12-08 14:00:00;19923;HH;верх;1875,306;1870,360;14,954;3;1
5/5;1997;2020-12-09 04:00:00;19936;LL;низ;1855,698;1861,002;19,608;13;1
5/5;1998;2020-12-09 09:00:00;19941;LH;верх;1866,277;1839,972;10,579;5;1
5/5;1999;2020-12-09 18:00:00;19950;LL;низ;1825,579;1835,888;40,698;9;1
5/5;2000;2020-12-10 02:00:00;19957;LH;верх;1842,520;1837,630;16,941;7;1
5/5;2001;2020-12-10 09:00:00;19964;HL;низ;1828,770;1847,771;13,750;7;1
5/5;2002;2020-12-10 14:00:00;19969;HH;верх;1850,015;1835,667;21,245;5;1
5/5;2003;2020-12-10 18:00:00;19973;HL;низ;1830,282;1837,290;19,733;4;1
5/5;2004;2020-12-11 02:00:00;19980;LH;верх;1840,750;1834,071;10,468;7;1
5/5;2005;2020-12-11 11:00:00;19989;LL;низ;1824,184;1842,489;16,566;9;1
5/5;2006;2020-12-11 15:00:00;19993;HH;верх;1847,751;1839,390;23,567;4;1
5/5;2007;2020-12-14 10:00:00;20011;LL;низ;1819,418;1826,456;28,333;18;1
5/5;2008;2020-12-14 14:00:00;20015;LH;верх;1839,104;1825,359;19,686;4;1
5/5;2009;2020-12-14 16:00:00;20017;HL;низ;1822,282;1827,059;16,822;2;1
5/5;2010;2020-12-16 11:00:00;20058;HH;верх;1865,650;1854,634;43,368;41;2
5/5;2011;2020-12-16 19:00:00;20066;HL;низ;1844,844;1864,568;20,806;8;2
5/5;2012;2020-12-17 14:00:00;20084;HH;верх;1896,318;1884,196;51,474;18;1
5/5;2013;2020-12-18 01:00:00;20094;HL;низ;1878,616;1883,059;17,702;10;1
5/5;2014;2020-12-18 05:00:00;20098;LH;верх;1886,794;1879,000;8,178;4;1
5/5;2015;2020-12-18 08:00:00;20101;LL;низ;1877,494;1885,294;9,300;3;1
5/5;2016;2020-12-18 13:00:00;20106;HH;верх;1889,722;1882,136;12,228;5;1
5/5;2017;2020-12-18 14:00:00;20107;HL;низ;1877,678;1879,219;12,044;1;2
5/5;2018;2020-12-21 06:00:00;20122;HH;верх;1906,809;1878,458;29,131;15;1
5/5;2019;2020-12-21 10:00:00;20126;LL;низ;1855,148;1877,631;51,661;4;2
5/5;2020;2020-12-22 02:00:00;20141;LH;верх;1884,336;1869,159;29,188;15;1
5/5;2021;2020-12-22 07:00:00;20146;HL;низ;1866,794;1872,899;17,542;5;1
5/5;2022;2020-12-22 14:00:00;20153;LH;верх;1881,560;1864,800;14,766;7;1
5/5;2023;2020-12-23 12:00:00;20174;LL;низ;1857,132;1873,084;24,428;21;2
5/5;2024;2020-12-23 14:00:00;20176;LH;верх;1878,611;1871,724;21,479;2;1
5/5;2025;2020-12-23 20:00:00;20182;HL;низ;1869,956;1877,103;8,655;6;1
5/5;2026;2020-12-24 08:00:00;20193;HH;верх;1880,703;1873,948;10,747;11;2
5/5;2027;2020-12-24 14:00:00;20199;LL;низ;1869,582;1888,424;11,121;6;1
5/5;2028;2020-12-28 02:00:00;20207;HH;верх;1900,296;1885,209;30,714;8;1
5/5;2029;2020-12-28 11:00:00;20216;LL;низ;1869,309;1879,752;30,987;9;1
5/5;2030;2020-12-28 15:00:00;20220;LH;верх;1896,552;1873,561;27,243;4;1
5/5;2031;2020-12-28 21:00:00;20226;HL;низ;1871,198;1879,734;25,354;6;1
5/5;2032;2020-12-29 08:00:00;20236;LH;верх;1883,596;1879,854;12,398;10;2
5/5;2033;2020-12-29 15:00:00;20243;HL;низ;1871,868;1879,105;11,728;7;1
5/5;2034;2020-12-29 16:00:00;20244;HH;верх;1886,440;1878,349;14,572;1;2
5/5;2035;2020-12-30 13:00:00;20264;HL;низ;1876,199;1890,738;10,241;20;1
5/5;2036;2020-12-31 01:00:00;20275;HH;верх;1899,900;1887,556;23,701;11;1
5/5;2037;2020-12-31 05:00:00;20279;HL;низ;1885,528;1893,110;14,372;4;2
5/5;2038;2021-01-04 23:00:00;20319;HH;верх;1945,738;1939,737;60,210;40;2
5/5;2039;2021-01-05 01:00:00;20321;HL;низ;1934,443;1940,746;11,295;2;2
5/5;2040;2021-01-06 01:00:00;20344;HH;верх;1955,412;1945,206;20,969;23;1
5/5;2041;2021-01-06 04:00:00;20347;HL;низ;1941,486;1957,856;13,926;3;1
5/5;2042;2021-01-06 10:00:00;20353;HH;верх;1959,406;1909,915;17,920;6;1
5/5;2043;2021-01-06 16:00:00;20359;LL;низ;1900,900;1919,062;58,506;6;1
5/5;2044;2021-01-07 00:00:00;20366;LH;верх;1924,685;1920,896;23,785;7;1
5/5;2045;2021-01-07 02:00:00;20368;HL;низ;1914,869;1920,852;9,816;2;1
5/5;2046;2021-01-07 06:00:00;20372;HH;верх;1927,725;1918,538;12,856;4;1
5/5;2047;2021-01-11 01:00:00;20413;LL;низ;1817,160;1846,634;110,565;41;3
5/5;2048;2021-01-11 08:00:00;20420;LH;верх;1855,570;1834,544;38,410;7;1
5/5;2049;2021-01-11 14:00:00;20426;HL;низ;1829,124;1846,876;26,446;6;1
5/5;2050;2021-01-11 18:00:00;20430;LH;верх;1851,672;1845,189;22,548;4;1
5/5;2051;2021-01-12 01:00:00;20436;HL;низ;1841,394;1860,083;10,278;6;1
5/5;2052;2021-01-12 10:00:00;20445;HH;верх;1863,870;1841,852;22,476;9;1
5/5;2053;2021-01-12 14:00:00;20449;LL;низ;1836,767;1854,318;27,103;4;1
5/5;2054;2021-01-13 01:00:00;20459;LH;верх;1863,108;1859,418;26,341;10;2
5/5;2055;2021-01-13 09:00:00;20467;HL;низ;1849,483;1858,584;13,625;8;1
5/5;2056;2021-01-13 14:00:00;20472;LH;верх;1861,270;1853,578;11,787;5;1
5/5;2057;2021-01-14 02:00:00;20483;LL;низ;1829,486;1842,374;31,784;11;1
5/5;2058;2021-01-14 18:00:00;20499;LH;верх;1857,593;1851,839;28,107;16;2
5/5;2059;2021-01-15 06:00:00;20510;HL;низ;1846,825;1849,162;10,768;11;1
5/5;2060;2021-01-15 09:00:00;20513;LH;верх;1856,992;1839,502;10,167;3;1
5/5;2061;2021-01-17 23:00:00;20526;LL;низ;1802,955;1828,970;54,037;13;2
5/5;2062;2021-01-18 06:00:00;20533;LH;верх;1840,850;1833,890;37,895;7;1
5/5;2063;2021-01-18 12:00:00;20539;HL;низ;1829,735;1837,785;11,115;6;1
5/5;2064;2021-01-19 01:00:00;20547;HH;верх;1843,750;1840,910;14,015;8;1
5/5;2065;2021-01-19 05:00:00;20551;HL;низ;1836,340;1844,825;7,410;4;1
5/5;2066;2021-01-19 10:00:00;20556;HH;верх;1845,670;1839,340;9,330;5;1
5/5;2067;2021-01-19 13:00:00;20559;LL;низ;1833,145;1840,905;12,525;3;1
5/5;2068;2021-01-20 07:00:00;20576;HH;верх;1857,430;1843,160;24,285;17;2
5/5;2069;2021-01-20 13:00:00;20582;LL;низ;1832,570;1868,510;24,860;6;2
5/5;2070;2021-01-21 06:00:00;20598;HH;верх;1875,170;1871,285;42,600;16;1
5/5;2071;2021-01-21 14:00:00;20606;HL;низ;1858,280;1869,430;16,890;8;1
5/5;2072;2021-01-21 20:00:00;20612;LH;верх;1871,530;1860,910;13,250;6;1
5/5;2073;2021-01-22 13:00:00;20628;LL;низ;1837,460;1856,210;34,070;16;1
5/5;2074;2021-01-22 16:00:00;20631;LH;верх;1858,475;1855,800;21,015;3;1
5/5;2075;2021-01-22 21:00:00;20636;HL;низ;1852,615;1853,900;5,860;5;1
5/5;2076;2021-01-25 00:00:00;20638;HH;верх;1860,060;1853,325;7,445;2;1
5/5;2077;2021-01-25 06:00:00;20644;LL;низ;1849,305;1863,195;10,755;6;1
5/5;2078;2021-01-25 13:00:00;20651;HH;верх;1867,950;1857,086;18,645;7;1
5/5;2079;2021-01-25 16:00:00;20654;LL;низ;1847,270;1855,990;20,680;3;2
5/5;2080;2021-01-26 04:00:00;20665;LH;верх;1861,795;1852,595;14,525;11;1
5/5;2081;2021-01-26 10:00:00;20671;HL;низ;1848,440;1853,065;13,355;6;1
5/5;2082;2021-01-26 13:00:00;20674;LH;верх;1860,135;1851,850;11,695;3;1
5/5;2083;2021-01-27 01:00:00;20685;LL;низ;1843,365;1848,660;16,770;11;1
5/5;2084;2021-01-27 08:00:00;20692;LH;верх;1853,220;1843,115;9,855;7;1
5/5;2085;2021-01-27 14:00:00;20698;LL;низ;1831,426;1841,745;21,794;6;1
5/5;2086;2021-01-27 16:00:00;20700;LH;верх;1850,670;1844,440;19,244;2;1
5/5;2087;2021-01-28 01:00:00;20708;HL;низ;1834,130;1837,285;16,540;8;2
5/5;2088;2021-01-28 15:00:00;20722;HH;верх;1864,220;1842,225;30,090;14;1
5/5;2089;2021-01-28 18:00:00;20725;HL;низ;1835,080;1840,666;29,140;3;2
5/5;2090;2021-01-29 14:00:00;20744;HH;верх;1875,736;1850,195;40,656;19;1
5/5;2091;2021-01-29 21:00:00;20751;HL;низ;1841,755;1861,040;33,981;7;1
5/5;2092;2021-02-01 08:00:00;20761;LH;верх;1871,890;1864,210;30,135;10;2
5/5;2093;2021-02-01 10:00:00;20763;HL;низ;1856,580;1860,265;15,310;2;1
5/5;2094;2021-02-02 01:00:00;20777;LH;верх;1864,110;1855,300;7,530;14;1
5/5;2095;2021-02-02 14:00:00;20790;LL;низ;1829,605;1836,946;34,505;13;1
5/5;2096;2021-02-03 02:00:00;20801;LH;верх;1844,950;1837,145;15,345;11;2
5/5;2097;2021-02-03 15:00:00;20814;HL;низ;1829,800;1832,955;15,150;13;1
5/5;2098;2021-02-04 07:00:00;20829;LH;верх;1827,290;1816,980;2,510;15;1
5/5;2099;2021-02-04 15:00:00;20837;LL;низ;1785,020;1793,510;42,270;8;1
5/5;2100;2021-02-05 08:00:00;20853;LH;верх;1811,320;1799,990;26,300;16;1
5/5;2101;2021-02-05 13:00:00;20858;HL;низ;1793,526;1810,455;17,794;5;1
5/5;2102;2021-02-08 00:00:00;20868;HH;верх;1818,960;1813,085;25,434;10;1
5/5;2103;2021-02-08 08:00:00;20876;HL;низ;1807,865;1829,915;11,095;8;2
5/5;2104;2021-02-08 15:00:00;20883;HH;верх;1839,230;1829,875;31,365;7;1
5/5;2105;2021-02-08 23:00:00;20890;HL;низ;1828,930;1841,305;10,300;7;1
5/5;2106;2021-02-09 09:00:00;20900;HH;верх;1848,630;1837,150;19,700;10;1
5/5;2107;2021-02-09 14:00:00;20905;HL;низ;1832,280;1837,575;16,350;5;2
5/5;2108;2021-02-10 13:00:00;20927;HH;верх;1855,455;1843,075;23,175;22;2
5/5;2109;2021-02-11 03:00:00;20940;HL;низ;1834,136;1842,363;21,319;13;2
5/5;2110;2021-02-11 13:00:00;20950;LH;верх;1847,574;1825,488;13,438;10;1
5/5;2111;2021-02-11 19:00:00;20956;LL;низ;1821,180;1823,590;26,394;6;1
5/5;2112;2021-02-12 00:00:00;20960;LH;верх;1827,968;1823,960;6,788;4;1
5/5;2113;2021-02-12 13:00:00;20973;LL;низ;1810,605;1822,430;17,363;13;1
5/5;2114;2021-02-12 15:00:00;20975;HH;верх;1830,816;1821,476;20,211;2;2
5/5;2115;2021-02-15 10:00:00;20993;HL;низ;1816,065;1818,122;14,751;18;1
5/5;2116;2021-02-16 03:00:00;21005;LH;верх;1826,500;1823,840;10,435;12;2
5/5;2117;2021-02-17 00:00:00;21025;LL;низ;1786,690;1791,920;39,810;20;2
5/5;2118;2021-02-17 13:00:00;21038;LH;верх;1793,495;1775,490;6,805;13;1
5/5;2119;2021-02-17 16:00:00;21041;LL;низ;1769,526;1776,305;23,969;3;2
5/5;2120;2021-02-18 13:00:00;21061;LH;верх;1789,690;1774,465;20,164;20;1
5/5;2121;2021-02-19 01:00:00;21072;LL;низ;1760,754;1772,175;28,936;11;2
5/5;2122;2021-02-19 06:00:00;21077;LH;верх;1777,620;1768,936;16,866;5;1
5/5;2123;2021-02-19 11:00:00;21082;HL;низ;1767,993;1783,516;9,627;5;1
5/5;2124;2021-02-19 14:00:00;21085;HH;верх;1791,696;1780,330;23,703;3;1
5/5;2125;2021-02-22 03:00:00;21097;HL;низ;1780,780;1794,429;10,916;12;1
5/5;2126;2021-02-23 03:00:00;21120;HH;верх;1816,100;1810,272;35,320;23;2
5/5;2127;2021-02-23 14:00:00;21131;HL;низ;1795,704;1803,768;20,396;11;1
5/5;2128;2021-02-24 02:00:00;21142;LH;верх;1813,966;1806,195;18,262;11;2
5/5;2129;2021-02-24 14:00:00;21154;LL;низ;1783,650;1797,340;30,316;12;1
5/5;2130;2021-02-24 21:00:00;21161;LH;верх;1805,860;1796,814;22,210;7;2
5/5;2131;2021-02-26 16:00:00;21202;LL;низ;1717,270;1734,375;88,590;41;2
5/5;2132;2021-03-01 07:00:00;21216;LH;верх;1759,950;1739,166;42,680;14;2
5/5;2133;2021-03-02 03:00:00;21235;LL;низ;1707,336;1721,918;52,614;19;2
5/5;2134;2021-03-02 23:00:00;21254;LH;верх;1741,020;1735,256;33,684;19;1
5/5;2135;2021-03-03 01:00:00;21256;HL;низ;1730,100;1732,884;10,920;2;1
5/5;2136;2021-03-03 07:00:00;21262;LH;верх;1736,010;1726,088;5,910;6;1
5/5;2137;2021-03-03 15:00:00;21270;LL;низ;1701,964;1714,306;34,046;8;1
5/5;2138;2021-03-04 07:00:00;21285;LH;верх;1721,313;1718,760;19,349;15;1
5/5;2139;2021-03-04 09:00:00;21287;HL;низ;1706,340;1714,710;14,973;2;1
5/5;2140;2021-03-04 13:00:00;21291;HH;верх;1723,270;1691,226;16,930;4;1
5/5;2141;2021-03-05 01:00:00;21302;LL;низ;1687,290;1696,945;35,980;11;1
5/5;2142;2021-03-05 07:00:00;21308;LH;верх;1700,482;1698,770;13,192;6;1
5/5;2143;2021-03-05 13:00:00;21314;HL;низ;1687,480;1698,975;13,002;6;1
5/5;2144;2021-03-08 02:00:00;21326;HH;верх;1714,450;1699,453;26,970;12;2
5/5;2145;2021-03-08 17:00:00;21341;LL;низ;1676,866;1684,780;37,584;15;2
5/5;2146;2021-03-09 14:00:00;21361;HH;верх;1720,682;1717,120;43,816;20;3
5/5;2147;2021-03-10 11:00:00;21381;HL;низ;1708,284;1719,442;12,398;20;1
5/5;2148;2021-03-11 09:00:00;21402;HH;верх;1739,890;1722,925;31,606;21;1
5/5;2149;2021-03-11 14:00:00;21407;HL;низ;1719,325;1724,820;20,565;5;1
5/5;2150;2021-03-12 01:00:00;21417;LH;верх;1728,020;1712,000;8,695;10;1
5/5;2151;2021-03-12 09:00:00;21425;LL;низ;1699,224;1706,370;28,796;8;1
5/5;2152;2021-03-15 01:00:00;21441;HH;верх;1734,075;1723,775;34,851;16;1
5/5;2153;2021-03-15 05:00:00;21445;HL;низ;1721,718;1729,220;12,357;4;1
5/5;2154;2021-03-15 14:00:00;21454;HH;верх;1734,583;1730,995;12,865;9;1
5/5;2155;2021-03-15 15:00:00;21455;HL;низ;1722,756;1731,756;11,827;1;1
5/5;2156;2021-03-16 05:00:00;21468;HH;верх;1737,260;1734,320;14,504;13;1
5/5;2157;2021-03-16 07:00:00;21470;HL;низ;1726,205;1732,552;11,055;2;1
5/5;2158;2021-03-16 14:00:00;21477;HH;верх;1741,196;1732,644;14,991;7;1
5/5;2159;2021-03-16 15:00:00;21478;HL;низ;1726,850;1731,690;14,346;1;2
5/5;2160;2021-03-17 06:00:00;21492;LH;верх;1737,976;1729,515;11,126;14;1
5/5;2161;2021-03-17 14:00:00;21500;LL;низ;1724,066;1745,264;13,910;8;1
5/5;2162;2021-03-18 03:00:00;21512;HH;верх;1755,565;1736,416;31,499;12;1
5/5;2163;2021-03-18 13:00:00;21522;LL;низ;1719,250;1734,840;36,315;10;1
5/5;2164;2021-03-18 22:00:00;21530;LH;верх;1737,720;1731,700;18,470;8;1
5/5;2165;2021-03-19 02:00:00;21534;HL;низ;1728,540;1741,795;9,180;4;1
5/5;2166;2021-03-19 07:00:00;21539;HH;верх;1745,430;1739,205;16,890;5;1
5/5;2167;2021-03-19 13:00:00;21545;HL;низ;1733,320;1742,520;12,110;6;1
5/5;2168;2021-03-21 22:00:00;21553;HH;верх;1747,046;1740,660;13,726;8;2
5/5;2169;2021-03-22 07:00:00;21562;LL;низ;1727,345;1732,246;19,701;9;1
5/5;2170;2021-03-22 18:00:00;21573;LH;верх;1741,115;1737,210;13,770;11;1
5/5;2171;2021-03-23 02:00:00;21580;HL;низ;1731,140;1737,650;9,975;7;1
5/5;2172;2021-03-23 10:00:00;21588;HH;верх;1742,602;1730,392;11,462;8;1
5/5;2173;2021-03-24 01:00:00;21602;LL;низ;1723,894;1731,090;18,708;14;2
5/5;2174;2021-03-24 02:00:00;21603;LH;верх;1734,535;1728,970;10,641;1;1
5/5;2175;2021-03-24 07:00:00;21608;HL;низ;1727,230;1732,268;7,305;5;1
5/5;2176;2021-03-25 13:00:00;21637;HH;верх;1745,532;1730,740;18,302;29;4
5/5;2177;2021-03-25 17:00:00;21641;LL;низ;1721,844;1727,382;23,688;4;1
5/5;2178;2021-03-26 02:00:00;21649;LH;верх;1729,880;1727,550;8,036;8;1
5/5;2179;2021-03-26 11:00:00;21658;LL;низ;1721,695;1732,380;8,185;9;2
5/5;2180;2021-03-26 15:00:00;21662;HH;верх;1736,760;1732,770;15,065;4;1
5/5;2181;2021-03-29 14:00:00;21684;LL;низ;1705,795;1711,564;30,965;22;1
5/5;2182;2021-03-30 01:00:00;21694;LH;верх;1714,446;1703,210;8,651;10;1
5/5;2183;2021-03-30 12:00:00;21705;LL;низ;1678,778;1684,180;35,668;11;1
5/5;2184;2021-03-31 00:00:00;21716;LH;верх;1686,490;1683,832;7,712;11;1
5/5;2185;2021-03-31 02:00:00;21718;LL;низ;1677,954;1684,235;8,536;2;2
5/5;2186;2021-03-31 17:00:00;21733;HH;верх;1715,284;1707,530;37,330;15;1
5/5;2187;2021-04-01 01:00:00;21740;HL;низ;1705,867;1715,390;9,417;7;2
5/5;2188;2021-04-01 20:00:00;21759;HH;верх;1730,640;1725,485;24,773;19;1
5/5;2189;2021-04-05 06:00:00;21768;HL;низ;1721,366;1725,030;9,274;9;2
5/5;2190;2021-04-06 06:00:00;21791;HH;верх;1738,640;1736,340;17,274;23;2
5/5;2191;2021-04-06 07:00:00;21792;HL;низ;1727,854;1735,870;10,786;1;1
5/5;2192;2021-04-06 16:00:00;21801;HH;верх;1745,445;1743,040;17,591;9;1
5/5;2193;2021-04-07 02:00:00;21810;HL;низ;1735,904;1741,055;9,541;9;1
5/5;2194;2021-04-07 06:00:00;21814;LH;верх;1742,370;1734,600;6,466;4;1
5/5;2195;2021-04-07 12:00:00;21820;LL;низ;1730,730;1740,420;11,640;6;1
5/5;2196;2021-04-07 15:00:00;21823;HH;верх;1743,305;1737,765;12,575;3;1
5/5;2197;2021-04-08 01:00:00;21832;HL;низ;1733,260;1743,346;10,045;9;1
5/5;2198;2021-04-08 14:00:00;21845;HH;верх;1758,724;1755,972;25,464;13;1
5/5;2199;2021-04-09 13:00:00;21867;LL;низ;1731,275;1743,255;27,449;22;2
5/5;2200;2021-04-12 12:00:00;21889;LH;верх;1745,078;1731,844;13,803;22;1
5/5;2201;2021-04-12 18:00:00;21895;LL;низ;1727,500;1730,635;17,578;6;1
5/5;2202;2021-04-13 02:00:00;21902;LH;верх;1736,465;1727,745;8,965;7;1
5/5;2203;2021-04-13 07:00:00;21907;LL;низ;1723,792;1736,460;12,673;5;1
5/5;2204;2021-04-14 01:00:00;21924;HH;верх;1749,406;1747,205;25,614;17;2
5/5;2205;2021-04-14 05:00:00;21928;HL;низ;1740,889;1742,430;8,517;4;1
5/5;2206;2021-04-14 07:00:00;21930;HH;верх;1749,560;1744,391;8,671;2;1
5/5;2207;2021-04-14 14:00:00;21937;LL;низ;1732,655;1737,001;16,905;7;2
5/5;2208;2021-04-15 15:00:00;21961;HH;верх;1769,662;1763,800;37,007;24;1
5/5;2209;2021-04-16 02:00:00;21971;HL;низ;1759,915;1764,304;9,747;10;1
5/5;2210;2021-04-16 12:00:00;21981;HH;верх;1783,898;1778,190;23,983;10;2
5/5;2211;2021-04-19 01:00:00;21993;HL;низ;1773,240;1779,915;10,658;12;1
5/5;2212;2021-04-19 10:00:00;22002;HH;верх;1790,104;1772,246;16,864;9;1
5/5;2213;2021-04-20 02:00:00;22017;LL;низ;1765,695;1772,000;24,409;15;2
5/5;2214;2021-04-20 03:00:00;22018;LH;верх;1775,712;1768,260;10,017;1;1
5/5;2215;2021-04-20 09:00:00;22024;LL;низ;1763,720;1775,670;11,992;6;1
5/5;2216;2021-04-20 16:00:00;22031;HH;верх;1780,512;1778,395;16,792;7;1
5/5;2217;2021-04-20 23:00:00;22037;HL;низ;1776,315;1781,213;4,197;6;1
5/5;2218;2021-04-21 07:00:00;22045;HH;верх;1788,440;1786,405;12,125;8;1
5/5;2219;2021-04-21 10:00:00;22048;HL;низ;1777,831;1793,025;10,609;3;1
5/5;2220;2021-04-22 01:00:00;22062;HH;верх;1797,934;1791,888;20,103;14;2
5/5;2221;2021-04-22 16:00:00;22077;LL;низ;1777,473;1784,025;20,461;15;1
5/5;2222;2021-04-23 01:00:00;22085;LH;верх;1789,794;1785,060;12,321;8;1
5/5;2223;2021-04-23 07:00:00;22091;HL;низ;1781,710;1793,635;8,084;6;1
5/5;2224;2021-04-23 13:00:00;22097;HH;верх;1796,046;1776,800;14,336;6;1
5/5;2225;2021-04-23 14:00:00;22098;LL;низ;1770,125;1776,446;25,921;1;2
5/5;2226;2021-04-26 05:00:00;22112;LH;верх;1783,560;1779,515;13,435;14;1
5/5;2227;2021-04-26 12:00:00;22119;LL;низ;1768,850;1779,750;14,710;7;1
5/5;2228;2021-04-27 01:00:00;22131;HH;верх;1784,196;1780,266;15,346;12;1
5/5;2229;2021-04-27 01:00:00;22131;HL;низ;1773,823;1780,266;10,373;0;2
5/5;2230;2021-04-27 12:00:00;22142;HH;верх;1785,656;1777,265;11,833;11;1
5/5;2231;2021-04-28 12:00:00;22165;LL;низ;1762,763;1773,960;22,893;23;2
5/5;2232;2021-04-29 02:00:00;22178;HH;верх;1790,030;1781,300;27,267;13;1
5/5;2233;2021-04-29 14:00:00;22190;LL;низ;1756,132;1774,820;33,898;12;1
5/5;2234;2021-04-29 20:00:00;22196;LH;верх;1775,005;1767,725;18,873;6;1
5/5;2235;2021-04-30 03:00:00;22202;HL;низ;1765,510;1769,632;9,495;6;1
5/5;2236;2021-04-30 06:00:00;22205;LH;верх;1773,330;1770,630;7,820;3;1
5/5;2237;2021-04-30 14:00:00;22213;LL;низ;1764,310;1768,545;9,020;8;1
5/5;2238;2021-05-04 14:00:00;22259;HH;верх;1799,160;1778,275;34,850;46;2
5/5;2239;2021-05-04 16:00:00;22261;HL;низ;1770,960;1778,780;28,200;2;1
5/5;2240;2021-05-05 03:00:00;22271;LH;верх;1783,400;1775,236;12,440;10;1
5/5;2241;2021-05-05 12:00:00;22280;LL;низ;1770,444;1784,259;12,956;9;3
5/5;2242;2021-05-06 15:00:00;22306;HH;верх;1818,130;1815,080;47,686;26;1
5/5;2243;2021-05-07 01:00:00;22315;HL;низ;1812,910;1817,945;5,220;9;1
5/5;2244;2021-05-07 12:00:00;22326;HH;верх;1843,400;1830,578;30,490;11;1
5/5;2245;2021-05-07 12:00:00;22326;HL;низ;1817,376;1830,578;26,024;0;1
5/5;2246;2021-05-10 13:00:00;22350;HH;верх;1845,540;1836,126;28,164;24;2
5/5;2247;2021-05-11 01:00:00;22361;HL;низ;1831,382;1833,710;14,158;11;1
5/5;2248;2021-05-11 11:00:00;22371;LH;верх;1841,845;1835,213;10,463;10;1
5/5;2249;2021-05-11 13:00:00;22373;LL;низ;1818,022;1835,681;23,823;2;1
5/5;2250;2021-05-11 20:00:00;22380;LH;верх;1838,426;1826,630;20,404;7;1
5/5;2251;2021-05-12 03:00:00;22386;HL;низ;1826,045;1833,520;12,381;6;1
5/5;2252;2021-05-12 13:00:00;22396;HH;верх;1843,716;1820,916;17,671;10;1
5/5;2253;2021-05-13 00:00:00;22406;LL;низ;1813,350;1817,330;30,366;10;1
5/5;2254;2021-05-13 01:00:00;22407;LH;верх;1823,080;1821,720;9,730;1;1
5/5;2255;2021-05-13 10:00:00;22416;LL;низ;1808,866;1825,385;14,214;9;1
5/5;2256;2021-05-13 16:00:00;22422;HH;верх;1828,835;1825,930;19,969;6;1
5/5;2257;2021-05-14 03:00:00;22432;HL;низ;1819,845;1834,914;8,990;10;1
5/5;2258;2021-05-17 05:00:00;22457;HH;верх;1855,460;1849,045;35,615;25;1
5/5;2259;2021-05-17 13:00:00;22465;HL;низ;1844,105;1867,015;11,355;8;1
5/5;2260;2021-05-18 12:00:00;22487;HH;верх;1875,040;1869,070;30,935;22;2
5/5;2261;2021-05-18 14:00:00;22489;HL;низ;1863,285;1868,910;11,755;2;2
5/5;2262;2021-05-19 06:00:00;22504;LH;верх;1874,025;1855,930;10,740;15;1
5/5;2263;2021-05-19 11:00:00;22509;LL;низ;1852,230;1882,100;21,795;5;1
5/5;2264;2021-05-19 13:00:00;22511;HH;верх;1890,145;1863,326;37,915;2;1
5/5;2265;2021-05-19 19:00:00;22517;HL;низ;1862,060;1871,625;28,085;6;1
5/5;2266;2021-05-20 05:00:00;22526;LH;верх;1879,135;1868,905;17,075;9;1
5/5;2267;2021-05-20 10:00:00;22531;HL;низ;1865,310;1880,090;13,825;5;1
5/5;2268;2021-05-20 16:00:00;22537;HH;верх;1883,985;1876,096;18,675;6;1
5/5;2269;2021-05-21 02:00:00;22546;HL;низ;1870,486;1875,770;13,499;9;1
5/5;2270;2021-05-21 13:00:00;22557;HH;верх;1889,420;1879,455;18,934;11;1
5/5;2271;2021-05-21 16:00:00;22560;LL;низ;1870,190;1880,955;19,230;3;1
5/5;2272;2021-05-24 01:00:00;22568;LH;верх;1887,070;1881,815;16,880;8;1
5/5;2273;2021-05-24 08:00:00;22575;HL;низ;1875,200;1880,880;11,870;7;1
5/5;2274;2021-05-24 12:00:00;22579;LH;верх;1886,330;1883,026;11,130;4;1
5/5;2275;2021-05-25 01:00:00;22591;LL;низ;1872,755;1884,910;13,575;12;1
5/5;2276;2021-05-25 07:00:00;22597;HH;верх;1887,345;1883,330;14,590;6;1
5/5;2277;2021-05-25 13:00:00;22603;HL;низ;1879,890;1899,510;7,455;6;2
5/5;2278;2021-05-26 12:00:00;22625;HH;верх;1912,785;1893,385;32,895;22;1
5/5;2279;2021-05-26 17:00:00;22630;HL;низ;1890,740;1896,175;22,045;5;2
5/5;2280;2021-05-27 06:00:00;22642;LH;верх;1903,706;1894,745;12,966;12;1
5/5;2281;2021-05-27 13:00:00;22649;LL;низ;1888,315;1897,785;15,391;7;1
5/5;2282;2021-05-27 19:00:00;22655;LH;верх;1899,000;1893,930;10,685;6;1
5/5;2283;2021-05-28 12:00:00;22671;LL;низ;1882,250;1902,305;16,750;16;2
5/5;2284;2021-05-31 03:00:00;22685;HH;верх;1910,655;1906,460;28,405;14;1
5/5;2285;2021-05-31 11:00:00;22693;HL;низ;1902,190;1906,676;8,465;8;1
5/5;2286;2021-06-01 06:00:00;22707;HH;верх;1916,615;1909,085;14,425;14;1
5/5;2287;2021-06-01 14:00:00;22715;LL;низ;1892,445;1899,994;24,170;8;1
5/5;2288;2021-06-02 01:00:00;22725;LH;верх;1902,370;1897,500;9,925;10;1
5/5;2289;2021-06-02 11:00:00;22735;HL;низ;1894,455;1906,555;7,915;10;2
5/5;2290;2021-06-03 01:00:00;22748;HH;верх;1909,690;1897,510;15,235;13;2
5/5;2291;2021-06-04 01:00:00;22771;LL;низ;1856,040;1873,014;53,650;23;2
5/5;2292;2021-06-04 14:00:00;22784;LH;верх;1896,240;1892,030;40,200;13;1
5/5;2293;2021-06-07 07:00:00;22800;HL;низ;1881,606;1887,305;14,634;16;1
5/5;2294;2021-06-08 12:00:00;22828;HH;верх;1903,930;1892,765;22,324;28;2
5/5;2295;2021-06-08 13:00:00;22829;HL;низ;1883,785;1893,375;20,145;1;1
5/5;2296;2021-06-09 03:00:00;22842;LH;верх;1896,445;1889,430;12,660;13;1
5/5;2297;2021-06-09 09:00:00;22848;HL;низ;1887,435;1891,210;9,010;6;1
5/5;2298;2021-06-09 13:00:00;22852;HH;верх;1899,076;1890,870;11,641;4;1
5/5;2299;2021-06-10 12:00:00;22874;LL;низ;1869,945;1894,686;29,131;22;1
5/5;2300;2021-06-11 07:00:00;22892;HH;верх;1903,120;1884,255;33,175;18;1
5/5;2301;2021-06-14 12:00:00;22920;LL;низ;1844,630;1863,355;58,490;28;1
5/5;2302;2021-06-14 14:00:00;22922;LH;верх;1869,836;1866,135;25,206;2;1
5/5;2303;2021-06-15 01:00:00;22932;HL;низ;1858,755;1866,750;11,081;10;1
5/5;2304;2021-06-15 06:00:00;22937;LH;верх;1869,205;1864,235;10,450;5;2
5/5;2305;2021-06-15 16:00:00;22947;LL;низ;1851,665;1860,030;17,540;10;1
5/5;2306;2021-06-15 22:00:00;22952;LH;верх;1860,855;1858,035;9,190;5;1
5/5;2307;2021-06-16 02:00:00;22956;HL;низ;1853,270;1860,355;7,585;4;1
5/5;2308;2021-06-16 06:00:00;22960;HH;верх;1861,620;1855,005;8,350;4;1
5/5;2309;2021-06-16 11:00:00;22965;LL;низ;1852,910;1859,320;8,710;5;1
5/5;2310;2021-06-16 17:00:00;22971;HH;верх;1863,320;1818,900;10,410;6;1
5/5;2311;2021-06-17 15:00:00;22992;LL;низ;1767,295;1773,370;96,025;21;2
5/5;2312;2021-06-18 09:00:00;23009;LH;верх;1797,316;1777,980;30,021;17;1
5/5;2313;2021-06-18 20:00:00;23020;LL;низ;1761,040;1776,005;36,276;11;2
5/5;2314;2021-06-21 09:00:00;23032;LH;верх;1785,955;1782,676;24,915;12;1
5/5;2315;2021-06-21 14:00:00;23037;HL;низ;1773,555;1783,180;12,400;5;1
5/5;2316;2021-06-22 03:00:00;23049;HH;верх;1790,200;1778,724;16,645;12;3
5/5;2317;2021-06-22 12:00:00;23058;LL;низ;1772,390;1778,385;17,810;9;1
5/5;2318;2021-06-23 14:00:00;23083;HH;верх;1794,985;1775,340;22,595;25;2
5/5;2319;2021-06-24 04:00:00;23096;HL;низ;1772,875;1781,625;22,110;13;2
5/5;2320;2021-06-24 12:00:00;23104;LH;верх;1788,040;1775,555;15,165;8;1
5/5;2321;2021-06-24 20:00:00;23112;HL;низ;1773,675;1777,585;14,365;8;1
5/5;2322;2021-06-25 12:00:00;23127;HH;верх;1790,446;1777,125;16,771;15;1
5/5;2323;2021-06-25 16:00:00;23131;HL;низ;1776,376;1782,890;14,070;4;1
5/5;2324;2021-06-27 22:00:00;23136;LH;верх;1782,900;1779,220;6,524;5;1
5/5;2325;2021-06-28 01:00:00;23139;LL;низ;1770,780;1782,590;12,120;3;1
5/5;2326;2021-06-28 06:00:00;23144;HH;верх;1785,830;1774,740;15,050;5;1
5/5;2327;2021-06-28 12:00:00;23150;HL;низ;1773,470;1779,805;12,360;6;1
5/5;2328;2021-06-29 05:00:00;23166;LH;верх;1779,034;1769,055;5,564;16;1
5/5;2329;2021-06-29 12:00:00;23173;LL;низ;1750,740;1761,980;28,294;7;1
5/5;2330;2021-06-30 02:00:00;23186;LH;верх;1764,690;1755,635;13,950;13;1
5/5;2331;2021-06-30 08:00:00;23192;HL;низ;1753,440;1760,316;11,250;6;1
5/5;2332;2021-06-30 16:00:00;23200;HH;верх;1774,450;1769,370;21,010;8;1
5/5;2333;2021-07-01 01:00:00;23208;HL;низ;1765,740;1777,946;8,710;8;1
5/5;2334;2021-07-01 14:00:00;23221;HH;верх;1782,890;1776,110;17,150;13;1
5/5;2335;2021-07-01 15:00:00;23222;HL;низ;1768,400;1776,655;14,490;1;1
5/5;2336;2021-07-02 01:00:00;23231;LH;верх;1779,905;1775,915;11,505;9;1
5/5;2337;2021-07-02 07:00:00;23237;HL;низ;1774,356;1789,600;5,549;6;1
5/5;2338;2021-07-02 13:00:00;23243;HH;верх;1795,100;1790,065;20,744;6;1
5/5;2339;2021-07-05 00:00:00;23253;HL;низ;1784,520;1786,220;10,580;10;2
5/5;2340;2021-07-06 12:00:00;23284;HH;верх;1815,046;1795,585;30,526;31;2
5/5;2341;2021-07-06 16:00:00;23288;HL;низ;1790,150;1795,610;24,896;4;2
5/5;2342;2021-07-07 12:00:00;23307;LH;верх;1809,890;1803,330;19,740;19;1
5/5;2343;2021-07-07 14:00:00;23309;HL;низ;1797,095;1803,605;12,795;2;1
5/5;2344;2021-07-07 18:00:00;23313;LH;верх;1808,316;1804,550;11,221;4;1
5/5;2345;2021-07-08 04:00:00;23322;LL;низ;1796,325;1812,955;11,991;9;1
5/5;2346;2021-07-08 12:00:00;23330;HH;верх;1818,540;1799,815;22,215;8;1
5/5;2347;2021-07-08 15:00:00;23333;LL;низ;1794,215;1802,495;24,325;3;1
5/5;2348;2021-07-09 02:00:00;23343;LH;верх;1807,926;1804,650;13,711;10;1
5/5;2349;2021-07-09 06:00:00;23347;HL;низ;1796,740;1800,320;11,186;4;1
5/5;2350;2021-07-09 18:00:00;23359;HH;верх;1812,445;1809,065;15,705;12;1
5/5;2351;2021-07-12 14:00:00;23378;LL;низ;1791,645;1806,400;20,800;19;1
5/5;2352;2021-07-13 12:00:00;23399;HH;верх;1817,260;1807,486;25,615;21;2
5/5;2353;2021-07-13 12:00:00;23399;HL;низ;1798,670;1807,486;18,590;0;2
5/5;2354;2021-07-14 13:00:00;23423;HH;верх;1829,880;1825,176;31,210;24;1
5/5;2355;2021-07-15 03:00:00;23436;HL;низ;1823,750;1832,350;6,130;13;1
5/5;2356;2021-07-15 07:00:00;23440;HH;верх;1834,195;1823,465;10,445;4;1
5/5;2357;2021-07-15 15:00:00;23448;LL;низ;1820,375;1829,530;13,820;8;1
5/5;2358;2021-07-15 23:00:00;23455;LH;верх;1832,066;1826,505;11,691;7;2
5/5;2359;2021-07-16 19:00:00;23475;LL;низ;1809,030;1812,770;23,036;20;1
5/5;2360;2021-07-19 00:00:00;23479;LH;верх;1817,420;1811,150;8,390;4;1
5/5;2361;2021-07-19 12:00:00;23491;LL;низ;1795,120;1807,700;22,300;12;1
5/5;2362;2021-07-20 02:00:00;23504;HH;верх;1819,175;1813,975;24,055;13;2
5/5;2363;2021-07-20 08:00:00;23510;HL;низ;1811,730;1823,985;7,445;6;1
5/5;2364;2021-07-20 13:00:00;23515;HH;верх;1825,006;1809,170;13,276;5;1
5/5;2365;2021-07-20 15:00:00;23517;LL;низ;1805,130;1810,345;19,876;2;2
5/5;2366;2021-07-21 06:00:00;23531;LH;верх;1813,795;1800,670;8,665;14;1
5/5;2367;2021-07-22 08:00:00;23556;LL;низ;1792,835;1799,180;20,960;25;2
5/5;2368;2021-07-23 07:00:00;23578;LH;верх;1810,370;1802,955;17,535;22;3
5/5;2369;2021-07-23 11:00:00;23582;LL;низ;1789,690;1802,125;20,680;4;1
5/5;2370;2021-07-23 18:00:00;23589;LH;верх;1804,695;1799,400;15,005;7;1
5/5;2371;2021-07-26 00:00:00;23594;HL;низ;1798,570;1808,265;6,125;5;1
5/5;2372;2021-07-26 07:00:00;23601;HH;верх;1811,605;1803,325;13,035;7;1
5/5;2373;2021-07-26 18:00:00;23612;LL;низ;1796,445;1798,585;15,160;11;1
5/5;2374;2021-07-27 01:00:00;23618;LH;верх;1799,915;1794,585;3,470;6;1
5/5;2375;2021-07-27 06:00:00;23623;LL;низ;1793,695;1798,655;6,220;5;1
5/5;2376;2021-07-27 12:00:00;23629;HH;верх;1805,290;1801,775;11,595;6;1
5/5;2377;2021-07-27 14:00:00;23631;HL;низ;1794,660;1800,360;10,630;2;2
5/5;2378;2021-07-28 03:00:00;23643;HH;верх;1807,490;1801,090;12,830;12;1
5/5;2379;2021-07-28 18:00:00;23658;LL;низ;1792,795;1809,580;14,695;15;1
5/5;2380;2021-07-29 16:00:00;23679;HH;верх;1832,730;1829,295;39,935;21;1
5/5;2381;2021-07-30 05:00:00;23691;HL;низ;1825,994;1829,040;6,736;12;1
5/5;2382;2021-07-30 07:00:00;23693;LH;верх;1831,410;1822,875;5,416;2;1
5/5;2383;2021-07-30 18:00:00;23704;LL;низ;1810,325;1816,600;21,085;11;1
5/5;2384;2021-08-02 01:00:00;23710;LH;верх;1816,985;1808,470;6,660;6;1
5/5;2385;2021-08-02 12:00:00;23721;LL;низ;1805,875;1816,010;11,110;11;1
5/5;2386;2021-08-02 17:00:00;23726;HH;верх;1819,560;1812,595;13,685;5;1
5/5;2387;2021-08-03 12:00:00;23744;HL;низ;1807,175;1810,180;12,385;18;2
5/5;2388;2021-08-03 13:00:00;23745;LH;верх;1815,065;1810,035;7,890;1;1
5/5;2389;2021-08-04 01:00:00;23756;HL;низ;1809,035;1814,245;6,030;11;1
5/5;2390;2021-08-04 13:00:00;23768;HH;верх;1831,770;1811,245;22,735;12;1
5/5;2391;2021-08-04 15:00:00;23770;LL;низ;1806,456;1811,860;25,314;2;1
5/5;2392;2021-08-05 11:00:00;23789;LH;верх;1814,925;1807,055;8,469;19;1
5/5;2393;2021-08-05 13:00:00;23791;LL;низ;1797,900;1803,790;17,025;2;1
5/5;2394;2021-08-06 12:00:00;23813;LH;верх;1801,470;1764,285;3,570;22;1
5/5;2395;2021-08-08 22:00:00;23822;LL;низ;1677,686;1738,285;123,784;9;1
5/5;2396;2021-08-09 07:00:00;23831;LH;верх;1752,720;1738,260;75,034;9;1
5/5;2397;2021-08-09 16:00:00;23840;HL;низ;1723,920;1731,140;28,800;9;1
5/5;2398;2021-08-10 06:00:00;23853;LH;верх;1738,330;1732,520;14,410;13;1
5/5;2399;2021-08-10 14:00:00;23861;LL;низ;1717,785;1729,260;20,545;8;2
5/5;2400;2021-08-11 03:00:00;23873;LH;верх;1735,256;1733,225;17,471;12;1
5/5;2401;2021-08-11 07:00:00;23877;HL;низ;1728,980;1744,790;6,276;4;1
5/5;2402;2021-08-11 17:00:00;23887;HH;верх;1754,534;1752,460;25,554;10;1
5/5;2403;2021-08-12 02:00:00;23895;HL;низ;1748,950;1756,815;5,584;8;1
5/5;2404;2021-08-12 07:00:00;23900;HH;верх;1758,200;1749,460;9,250;5;1
5/5;2405;2021-08-12 13:00:00;23906;LL;низ;1741,655;1751,820;16,545;6;1
5/5;2406;2021-08-12 16:00:00;23909;LH;верх;1754,025;1753,735;12,370;3;1
5/5;2407;2021-08-13 01:00:00;23917;HL;низ;1751,745;1756,915;2,280;8;1
5/5;2408;2021-08-16 01:00:00;23940;HH;верх;1782,655;1773,410;30,910;23;1
5/5;2409;2021-08-16 11:00:00;23950;HL;низ;1770,876;1786,745;11,779;10;1
5/5;2410;2021-08-16 14:00:00;23953;HH;верх;1789,300;1787,440;18,424;3;1
5/5;2411;2021-08-17 01:00:00;23963;HL;низ;1784,483;1791,160;4,817;10;1
5/5;2412;2021-08-17 11:00:00;23973;HH;верх;1795,600;1782,528;11,117;10;1
5/5;2413;2021-08-17 15:00:00;23977;LL;низ;1780,670;1786,070;14,930;4;1
5/5;2414;2021-08-18 07:00:00;23992;LH;верх;1793,833;1788,333;13,163;15;1
5/5;2415;2021-08-19 03:00:00;24011;LL;низ;1774,215;1785,355;19,618;19;2
5/5;2416;2021-08-19 13:00:00;24021;LH;верх;1792,548;1780,178;18,333;10;1
5/5;2417;2021-08-19 19:00:00;24027;HL;низ;1776,458;1782,980;16,090;6;1
5/5;2418;2021-08-20 07:00:00;24038;LH;верх;1788,495;1782,250;12,037;11;1
5/5;2419;2021-08-23 01:00:00;24055;HL;низ;1776,559;1786,000;11,936;17;3
5/5;2420;2021-08-23 13:00:00;24067;HH;верх;1806,445;1805,000;29,886;12;2
5/5;2421;2021-08-24 08:00:00;24085;HL;низ;1800,765;1806,770;5,680;18;1
5/5;2422;2021-08-24 14:00:00;24091;HH;верх;1809,610;1803,193;8,845;6;2
5/5;2423;2021-08-26 13:00:00;24136;LL;низ;1780,138;1791,145;29,472;45;2
5/5;2424;2021-08-27 06:00:00;24152;LH;верх;1805,210;1796,668;25,072;16;2
5/5;2425;2021-08-27 14:00:00;24160;HL;низ;1784,960;1819,105;20,250;8;1
5/5;2426;2021-08-30 01:00:00;24170;HH;верх;1823,275;1814,465;38,315;10;1
5/5;2427;2021-08-30 06:00:00;24175;HL;низ;1812,845;1817,256;10,430;5;1
5/5;2428;2021-08-30 11:00:00;24180;LH;верх;1817,930;1810,700;5,085;5;1
5/5;2429;2021-08-30 18:00:00;24187;LL;низ;1807,785;1812,720;10,145;7;1
5/5;2430;2021-08-31 06:00:00;24198;HH;верх;1819,245;1812,805;11,460;11;1
5/5;2431;2021-08-31 13:00:00;24205;LL;низ;1801,720;1815,130;17,525;7;1
5/5;2432;2021-08-31 17:00:00;24209;LH;верх;1816,435;1814,575;14,715;4;1
5/5;2433;2021-09-01 01:00:00;24216;HL;низ;1810,395;1816,275;6,040;7;1
5/5;2434;2021-09-01 06:00:00;24221;HH;верх;1817,070;1813,070;6,675;5;1
5/5;2435;2021-09-01 08:00:00;24223;LL;низ;1809,440;1813,220;7,630;2;1
5/5;2436;2021-09-01 12:00:00;24227;HH;верх;1820,075;1812,770;10,635;4;1
5/5;2437;2021-09-01 15:00:00;24230;LL;низ;1808,735;1814,145;11,340;3;1
5/5;2438;2021-09-02 01:00:00;24239;LH;верх;1816,106;1814,980;7,371;9;1
5/5;2439;2021-09-02 04:00:00;24242;HL;низ;1810,740;1816,910;5,366;3;1
5/5;2440;2021-09-02 10:00:00;24248;HH;верх;1817,185;1809,075;6,445;6;1
5/5;2441;2021-09-02 14:00:00;24252;LL;низ;1804,900;1809,870;12,285;4;1
5/5;2442;2021-09-03 15:00:00;24276;HH;верх;1834,040;1827,800;29,140;24;2
5/5;2443;2021-09-06 14:00:00;24298;HL;низ;1821,506;1826,040;12,534;22;2
5/5;2444;2021-09-07 01:00:00;24304;LH;верх;1827,325;1818,775;5,819;6;1
5/5;2445;2021-09-07 15:00:00;24318;LL;низ;1792,460;1794,320;34,865;14;2
5/5;2446;2021-09-08 12:00:00;24338;LH;верх;1802,180;1792,315;9,720;20;1
5/5;2447;2021-09-08 13:00:00;24339;LL;низ;1782,470;1791,500;19,710;1;2
5/5;2448;2021-09-09 11:00:00;24360;LH;верх;1801,060;1793,765;18,590;21;1
5/5;2449;2021-09-09 14:00:00;24363;HL;низ;1783,905;1796,205;17,155;3;1
5/5;2450;2021-09-10 05:00:00;24377;HH;верх;1803,920;1793,760;20,015;14;1
5/5;2451;2021-09-13 01:00:00;24396;LL;низ;1783,800;1788,700;20,120;19;1
5/5;2452;2021-09-13 06:00:00;24401;LH;верх;1793,710;1789,995;9,910;5;1
5/5;2453;2021-09-13 13:00:00;24408;HL;низ;1785,250;1792,615;8,460;7;1
5/5;2454;2021-09-13 14:00:00;24409;HH;верх;1798,470;1793,346;13,220;1;1
5/5;2455;2021-09-14 12:00:00;24430;LL;низ;1780,600;1805,750;17,870;21;2
5/5;2456;2021-09-14 15:00:00;24433;HH;верх;1808,660;1804,630;28,060;3;2
5/5;2457;2021-09-15 18:00:00;24459;HL;низ;1790,705;1795,005;17,955;26;1
5/5;2458;2021-09-16 02:00:00;24466;LH;верх;1796,250;1786,015;5,545;7;1
5/5;2459;2021-09-16 13:00:00;24477;LL;низ;1745,355;1754,115;50,895;11;2
5/5;2460;2021-09-17 09:00:00;24496;LH;верх;1767,555;1751,505;22,200;19;1
5/5;2461;2021-09-17 14:00:00;24501;HL;низ;1747,396;1751,615;20,159;5;1
5/5;2462;2021-09-19 22:00:00;24508;LH;верх;1755,290;1746,336;7,894;7;1
5/5;2463;2021-09-20 02:00:00;24512;LL;низ;1742,080;1754,335;13,210;4;1
5/5;2464;2021-09-20 14:00:00;24524;HH;верх;1767,206;1763,880;25,126;12;2
5/5;2465;2021-09-21 07:00:00;24540;HL;низ;1758,000;1771,995;9,206;16;1
5/5;2466;2021-09-21 15:00:00;24548;HH;верх;1781,835;1774,365;23,835;8;1
5/5;2467;2021-09-22 01:00:00;24557;HL;низ;1772,355;1779,265;9,480;9;1
5/5;2468;2021-09-22 06:00:00;24562;LH;верх;1780,375;1772,555;8,020;5;1
5/5;2469;2021-09-22 12:00:00;24568;LL;низ;1771,530;1776,120;8,845;6;1
5/5;2470;2021-09-22 18:00:00;24574;HH;верх;1787,320;1765,895;15,790;6;1
5/5;2471;2021-09-23 07:00:00;24586;LL;низ;1760,300;1763,840;27,020;12;2
5/5;2472;2021-09-23 10:00:00;24589;LH;верх;1776,635;1751,940;16,335;3;1
5/5;2473;2021-09-23 20:00:00;24599;LL;низ;1737,840;1751,965;38,795;10;1
5/5;2474;2021-09-24 11:00:00;24613;LH;верх;1757,650;1751,140;19,810;14;1
5/5;2475;2021-09-24 13:00:00;24615;HL;низ;1740,515;1746,825;17,135;2;1
5/5;2476;2021-09-27 02:00:00;24627;HH;верх;1760,910;1753,930;20,395;12;1
5/5;2477;2021-09-27 10:00:00;24635;HL;низ;1744,885;1751,145;16,025;8;1
5/5;2478;2021-09-27 13:00:00;24638;LH;верх;1757,936;1750,450;13,051;3;2
5/5;2479;2021-09-28 12:00:00;24660;LL;низ;1728,190;1735,026;29,746;22;1
5/5;2480;2021-09-29 10:00:00;24681;LH;верх;1745,530;1730,740;17,340;21;1
5/5;2481;2021-09-29 17:00:00;24688;LL;низ;1721,710;1728,910;23,820;7;1
5/5;2482;2021-09-30 03:00:00;24697;LH;верх;1734,945;1732,650;13,235;9;1
5/5;2483;2021-09-30 11:00:00;24705;HL;низ;1722,290;1758,300;12,655;8;1
5/5;2484;2021-09-30 15:00:00;24709;HH;верх;1764,240;1757,040;41,950;4;1
5/5;2485;2021-10-01 12:00:00;24729;HL;низ;1749,710;1759,225;14,530;20;2
5/5;2486;2021-10-04 00:00:00;24740;HH;верх;1765,755;1761,435;16,045;11;2
5/5;2487;2021-10-04 11:00:00;24751;LL;низ;1747,785;1769,055;17,970;11;1
5/5;2488;2021-10-04 14:00:00;24754;HH;верх;1770,580;1768,860;22,795;3;1
5/5;2489;2021-10-05 14:00:00;24777;HL;низ;1748,680;1760,280;21,900;23;1
5/5;2490;2021-10-05 18:00:00;24781;LH;верх;1763,030;1757,705;14,350;4;1
5/5;2491;2021-10-06 08:00:00;24794;LL;низ;1745,990;1758,870;17,040;13;1
5/5;2492;2021-10-06 19:00:00;24805;HH;верх;1765,060;1760,670;19,070;11;1
5/5;2493;2021-10-07 06:00:00;24815;HL;низ;1756,150;1761,515;8,910;10;1
5/5;2494;2021-10-07 07:00:00;24816;HH;верх;1766,985;1755,165;10,835;1;1
5/5;2495;2021-10-07 13:00:00;24822;LL;низ;1752,030;1755,995;14,955;6;2
5/5;2496;2021-10-08 03:00:00;24835;LH;верх;1760,635;1755,850;8,605;13;1
5/5;2497;2021-10-08 07:00:00;24839;HL;низ;1754,390;1775,950;6,245;4;1
5/5;2498;2021-10-08 13:00:00;24845;HH;верх;1781,405;1758,135;27,015;6;1
5/5;2499;2021-10-10 22:00:00;24853;LL;низ;1751,085;1755,540;30,320;8;2
5/5;2500;2021-10-11 01:00:00;24856;LH;верх;1761,095;1755,216;10,010;3;1
5/5;2501;2021-10-11 13:00:00;24868;LL;низ;1750,245;1755,600;10,850;12;1
5/5;2502;2021-10-11 14:00:00;24869;LH;верх;1760,220;1753,350;9,975;1;1
5/5;2503;2021-10-12 01:00:00;24879;HL;низ;1750,805;1761,385;9,415;10;2
5/5;2504;2021-10-12 14:00:00;24892;HH;верх;1769,420;1761,410;18,615;13;1
5/5;2505;2021-10-13 13:00:00;24914;HL;низ;1757,890;1793,846;11,530;22;1
5/5;2506;2021-10-13 15:00:00;24916;HH;верх;1796,240;1793,050;38,350;2;1
5/5;2507;2021-10-14 02:00:00;24926;HL;низ;1786,770;1794,015;9,470;10;1
5/5;2508;2021-10-14 11:00:00;24935;HH;верх;1800,645;1796,850;13,875;9;1
5/5;2509;2021-10-17 22:00:00;24968;LL;низ;1764,700;1767,835;35,945;33;2
5/5;2510;2021-10-18 01:00:00;24971;LH;верх;1772,105;1764,630;7,405;3;1
5/5;2511;2021-10-18 10:00:00;24980;LL;низ;1760,375;1767,856;11,730;9;1
5/5;2512;2021-10-18 14:00:00;24984;LH;верх;1771,265;1764,225;10,890;4;1
5/5;2513;2021-10-18 23:00:00;24992;HL;низ;1762,955;1774,585;8,310;8;1
5/5;2514;2021-10-19 13:00:00;25006;HH;верх;1785,160;1770,705;22,205;14;1
5/5;2515;2021-10-20 00:00:00;25016;HL;низ;1766,940;1776,475;18,220;10;2
5/5;2516;2021-10-20 12:00:00;25028;HH;верх;1788,470;1785,545;21,530;12;1
5/5;2517;2021-10-20 13:00:00;25029;HL;низ;1774,870;1786,435;13,600;1;2
5/5;2518;2021-10-21 02:00:00;25041;HH;верх;1789,465;1782,680;14,595;12;2
5/5;2519;2021-10-21 12:00:00;25051;HL;низ;1776,555;1778,775;12,910;10;1
5/5;2520;2021-10-22 15:00:00;25077;HH;верх;1813,845;1792,525;37,290;26;1
5/5;2521;2021-10-22 15:00:00;25077;HL;низ;1782,880;1792,525;30,965;0;1
5/5;2522;2021-10-25 13:00:00;25098;LH;верх;1810,075;1808,220;27,195;21;1
5/5;2523;2021-10-26 14:00:00;25122;LL;низ;1782,465;1793,475;27,610;24;1
5/5;2524;2021-10-26 19:00:00;25127;LH;верх;1795,150;1789,525;12,685;5;1
5/5;2525;2021-10-27 08:00:00;25139;HL;низ;1783,575;1795,145;11,575;12;1
5/5;2526;2021-10-28 13:00:00;25167;HH;верх;1810,506;1800,840;26,931;28;3
5/5;2527;2021-10-28 14:00:00;25168;HL;низ;1792,425;1798,360;18,081;1;1
5/5;2528;2021-10-29 09:00:00;25186;LH;верх;1799,175;1777,050;6,750;18;1
5/5;2529;2021-10-29 14:00:00;25191;LL;низ;1771,980;1782,815;27,195;5;2
5/5;2530;2021-11-01 14:00:00;25214;LH;верх;1795,840;1792,690;23,860;23;1
5/5;2531;2021-11-02 02:00:00;25225;HL;низ;1789,284;1794,250;6,556;11;1
5/5;2532;2021-11-02 07:00:00;25230;HH;верх;1796,436;1791,240;7,152;5;1
5/5;2533;2021-11-03 06:00:00;25252;LL;низ;1778,336;1784,745;18,100;22;1
5/5;2534;2021-11-03 12:00:00;25258;LH;верх;1785,750;1765,070;7,414;6;1
5/5;2535;2021-11-03 14:00:00;25260;LL;низ;1758,890;1773,510;26,860;2;1
5/5;2536;2021-11-04 02:00:00;25271;LH;верх;1778,365;1774,800;19,475;11;1
5/5;2537;2021-11-04 06:00:00;25275;HL;низ;1770,866;1780,940;7,499;4;1
5/5;2538;2021-11-04 14:00:00;25283;HH;верх;1798,950;1793,870;28,084;8;1
5/5;2539;2021-11-05 12:00:00;25304;HL;низ;1785,060;1813,760;13,890;21;2
5/5;2540;2021-11-08 06:00:00;25320;HH;верх;1821,570;1816,925;36,510;16;1
5/5;2541;2021-11-08 08:00:00;25322;HL;низ;1812,495;1821,825;9,075;2;1
5/5;2542;2021-11-08 18:00:00;25332;HH;верх;1826,515;1824,015;14,020;10;1
5/5;2543;2021-11-09 07:00:00;25344;HL;низ;1819,190;1824,180;7,325;12;2
5/5;2544;2021-11-09 20:00:00;25357;HH;верх;1832,760;1827,350;13,570;13;1
5/5;2545;2021-11-10 13:00:00;25373;HL;низ;1822,400;1846,620;10,360;16;1
5/5;2546;2021-11-10 14:00:00;25374;HH;верх;1868,626;1847,175;46,226;1;1
5/5;2547;2021-11-11 02:00:00;25385;HL;низ;1842,950;1856,980;25,676;11;1
5/5;2548;2021-11-11 13:00:00;25396;LH;верх;1866,025;1862,250;23,075;11;1
5/5;2549;2021-11-12 11:00:00;25417;HL;низ;1845,300;1863,650;20,725;21;1
5/5;2550;2021-11-12 18:00:00;25424;HH;верх;1868,760;1863,900;23,460;7;1
5/5;2551;2021-11-15 07:00:00;25436;HL;низ;1856,375;1863,920;12,385;12;1
5/5;2552;2021-11-15 13:00:00;25442;HH;верх;1870,576;1865,770;14,201;6;1
5/5;2553;2021-11-15 15:00:00;25444;HL;низ;1858,265;1863,235;12,311;2;1
5/5;2554;2021-11-15 19:00:00;25448;LH;верх;1867,885;1865,996;9,620;4;1
5/5;2555;2021-11-15 23:00:00;25451;HL;низ;1861,940;1865,740;5,945;3;1
5/5;2556;2021-11-16 02:00:00;25454;HH;верх;1868,870;1864,020;6,930;3;1
5/5;2557;2021-11-16 07:00:00;25459;HL;низ;1862,310;1870,810;6,560;5;1
5/5;2558;2021-11-16 13:00:00;25465;HH;верх;1877,140;1850,235;14,830;6;1
5/5;2559;2021-11-17 00:00:00;25475;LL;низ;1849,675;1852,420;27,465;10;1
5/5;2560;2021-11-18 00:00:00;25498;LH;верх;1870,945;1866,560;21,270;23;3
5/5;2561;2021-11-19 09:00:00;25530;HL;низ;1851,626;1861,795;19,319;32;3
5/5;2562;2021-11-19 14:00:00;25535;LH;верх;1865,836;1849,710;14,210;5;1
5/5;2563;2021-11-19 17:00:00;25538;LL;низ;1843,090;1846,380;22,746;3;1
5/5;2564;2021-11-22 04:00:00;25547;LH;верх;1849,165;1845,185;6,075;9;1
5/5;2565;2021-11-22 19:00:00;25562;LL;низ;1802,310;1811,415;46,855;15;1
5/5;2566;2021-11-23 01:00:00;25567;LH;верх;1812,430;1804,015;10,120;5;1
5/5;2567;2021-11-23 18:00:00;25584;LL;низ;1782,040;1791,610;30,390;17;1
5/5;2568;2021-11-24 07:00:00;25596;LH;верх;1796,456;1785,950;14,416;12;2
5/5;2569;2021-11-24 14:00:00;25603;LL;низ;1778,615;1784,910;17,841;7;1
5/5;2570;2021-11-25 08:00:00;25620;LH;верх;1795,146;1791,276;16,531;17;2
5/5;2571;2021-11-25 15:00:00;25627;HL;низ;1788,005;1792,486;7,141;7;1
5/5;2572;2021-11-26 11:00:00;25642;HH;верх;1815,570;1785,386;27,565;15;1
5/5;2573;2021-11-28 23:00:00;25650;LL;низ;1769,800;1793,040;45,770;8;1
5/5;2574;2021-11-29 10:00:00;25661;LH;верх;1799,495;1787,070;29,695;11;1
5/5;2575;2021-11-29 19:00:00;25670;HL;низ;1781,230;1788,570;18,265;9;1
5/5;2576;2021-11-30 15:00:00;25689;HH;верх;1808,860;1771,085;27,630;19;1
5/5;2577;2021-11-30 17:00:00;25691;LL;низ;1769,975;1773,305;38,885;2;1
5/5;2578;2021-12-01 05:00:00;25702;LH;верх;1794,700;1786,360;24,725;11;1
5/5;2579;2021-12-01 08:00:00;25705;HL;низ;1776,736;1788,150;17,964;3;1
5/5;2580;2021-12-01 15:00:00;25712;LH;верх;1792,290;1778,645;15,554;7;1
5/5;2581;2021-12-02 08:00:00;25728;LL;низ;1767,545;1774,525;24,745;16;2
5/5;2582;2021-12-02 12:00:00;25732;LH;верх;1781,275;1763,476;13,730;4;1
5/5;2583;2021-12-02 18:00:00;25738;LL;низ;1761,940;1771,780;19,335;6;1
5/5;2584;2021-12-03 05:00:00;25748;LH;верх;1776,545;1770,385;14,605;10;1
5/5;2585;2021-12-03 09:00:00;25752;HL;низ;1766,210;1771,014;10,335;4;2
5/5;2586;2021-12-06 02:00:00;25768;HH;верх;1787,784;1783,010;21,574;16;1
5/5;2587;2021-12-06 14:00:00;25780;HL;низ;1775,765;1778,455;12,019;12;1
5/5;2588;2021-12-06 17:00:00;25783;LH;верх;1785,015;1780,995;9,250;3;1
5/5;2589;2021-12-07 13:00:00;25802;LL;низ;1772,250;1784,165;12,765;19;2
5/5;2590;2021-12-08 10:00:00;25822;HH;верх;1793,155;1782,575;20,905;20;2
5/5;2591;2021-12-08 14:00:00;25826;HL;низ;1779,715;1785,715;13,440;4;1
5/5;2592;2021-12-08 20:00:00;25832;LH;верх;1786,895;1783,450;7,180;6;1
5/5;2593;2021-12-09 02:00:00;25837;HL;низ;1782,265;1786,300;4,630;5;1
5/5;2594;2021-12-09 08:00:00;25843;HH;верх;1787,670;1777,710;5,405;6;1
5/5;2595;2021-12-09 18:00:00;25853;LL;низ;1773,310;1776,706;14,360;10;1
5/5;2596;2021-12-10 03:00:00;25861;LH;верх;1779,705;1771,715;6,395;8;1
5/5;2597;2021-12-10 09:00:00;25867;LL;низ;1770,215;1780,305;9,490;6;1
5/5;2598;2021-12-10 14:00:00;25872;HH;верх;1789,534;1782,330;19,319;5;2
5/5;2599;2021-12-13 07:00:00;25888;HL;низ;1783,390;1790,015;6,144;16;1
5/5;2600;2021-12-13 12:00:00;25893;HH;верх;1791,656;1788,360;8,266;5;1
5/5;2601;2021-12-13 14:00:00;25895;LL;низ;1781,890;1787,885;9,766;2;2
5/5;2602;2021-12-14 02:00:00;25906;LH;верх;1789,545;1784,704;7,655;11;1
5/5;2603;2021-12-14 14:00:00;25918;LL;низ;1766,585;1772,300;22,960;12;2
5/5;2604;2021-12-15 00:00:00;25927;LH;верх;1773,945;1769,445;7,360;9;1
5/5;2605;2021-12-15 07:00:00;25934;HL;низ;1766,900;1771,775;7,045;7;1
5/5;2606;2021-12-15 13:00:00;25940;LH;верх;1773,725;1762,965;6,825;6;1
5/5;2607;2021-12-15 19:00:00;25946;LL;низ;1753,070;1782,755;20,655;6;2
5/5;2608;2021-12-17 13:00:00;25986;HH;верх;1814,305;1802,156;61,235;40;1
5/5;2609;2021-12-17 20:00:00;25993;HL;низ;1795,835;1802,050;18,470;7;1
5/5;2610;2021-12-20 06:00:00;26002;LH;верх;1804,175;1795,545;8,340;9;1
5/5;2611;2021-12-20 20:00:00;26016;LL;низ;1788,385;1791,240;15,790;14;2
5/5;2612;2021-12-21 13:00:00;26032;LH;верх;1800,510;1788,320;12,125;16;1
5/5;2613;2021-12-21 15:00:00;26034;LL;низ;1784,905;1788,190;15,605;2;1
5/5;2614;2021-12-22 00:00:00;26042;LH;верх;1791,265;1787,805;6,360;8;1
5/5;2615;2021-12-22 08:00:00;26050;HL;низ;1785,950;1794,620;5,315;8;1
5/5;2616;2021-12-23 02:00:00;26067;HH;верх;1808,500;1806,026;22,550;17;1
5/5;2617;2021-12-23 14:00:00;26079;HL;низ;1798,910;1809,390;9,590;12;1
5/5;2618;2021-12-23 18:00:00;26083;HH;верх;1810,744;1806,885;11,834;4;1
5/5;2619;2021-12-26 23:00:00;26087;HL;низ;1805,935;1809,430;4,809;4;1
5/5;2620;2021-12-27 01:00:00;26089;HH;верх;1811,905;1809,380;5,970;2;1
5/5;2621;2021-12-27 13:00:00;26101;LL;низ;1803,015;1807,730;8,890;12;1
5/5;2622;2021-12-27 15:00:00;26103;HH;верх;1813,515;1812,690;10,500;2;1
5/5;2623;2021-12-28 02:00:00;26113;HL;низ;1808,565;1813,904;4,950;10;1
5/5;2624;2021-12-28 13:00:00;26124;HH;верх;1820,305;1805,695;11,740;11;1
5/5;2625;2021-12-29 01:00:00;26135;LL;низ;1804,130;1806,120;16,175;11;1
5/5;2626;2021-12-29 03:00:00;26137;LH;верх;1807,756;1804,295;3,626;2;1
5/5;2627;2021-12-29 13:00:00;26147;LL;низ;1789,494;1804,720;18,262;10;1
5/5;2628;2021-12-29 18:00:00;26152;LH;верх;1805,706;1803,510;16,212;5;1
5/5;2629;2021-12-30 07:00:00;26164;HL;низ;1796,280;1804,760;9,426;12;2
5/5;2630;2022-01-02 23:00:00;26202;HH;верх;1831,835;1825,265;35,555;38;1
5/5;2631;2022-01-03 07:00:00;26210;HL;низ;1821,120;1821,890;10,715;8;1
5/5;2632;2022-01-03 10:00:00;26213;LH;верх;1827,545;1801,950;6,425;3;1
5/5;2633;2022-01-03 16:00:00;26219;LL;низ;1798,380;1801,190;29,165;6;2
5/5;2634;2022-01-04 15:00:00;26241;LH;верх;1816,810;1815,235;18,430;22;1
5/5;2635;2022-01-05 07:00:00;26256;HL;низ;1812,595;1818,005;4,215;15;1
5/5;2636;2022-01-05 14:00:00;26263;HH;верх;1829,630;1813,040;17,035;7;1
5/5;2637;2022-01-06 19:00:00;26291;LL;низ;1786,420;1790,755;43,210;28;2
5/5;2638;2022-01-07 03:00:00;26298;LH;верх;1793,240;1790,625;6,820;7;1
5/5;2639;2022-01-07 13:00:00;26308;LL;низ;1782,675;1796,425;10,565;10;1
5/5;2640;2022-01-07 18:00:00;26313;HH;верх;1798,705;1794,465;16,030;5;1
5/5;2641;2022-01-10 00:00:00;26318;HL;низ;1790,876;1793,165;7,829;5;2
5/5;2642;2022-01-10 11:00:00;26329;HH;верх;1802,370;1793,950;11,494;11;1
5/5;2643;2022-01-10 14:00:00;26332;LL;низ;1790,436;1800,950;11,934;3;1
5/5;2644;2022-01-11 09:00:00;26350;HH;верх;1810,290;1806,006;19,854;18;1
5/5;2645;2022-01-11 14:00:00;26355;HL;низ;1801,850;1820,930;8,440;5;1
5/5;2646;2022-01-11 20:00:00;26361;HH;верх;1823,350;1819,525;21,500;6;1
5/5;2647;2022-01-12 08:00:00;26372;HL;низ;1814,780;1821,350;8,570;11;1
5/5;2648;2022-01-13 05:00:00;26392;HH;верх;1828,180;1822,650;13,400;20;2
5/5;2649;2022-01-13 16:00:00;26403;LL;низ;1812,425;1822,860;15,755;11;1
5/5;2650;2022-01-14 08:00:00;26418;HH;верх;1829,210;1825,505;16,785;15;1
5/5;2651;2022-01-17 01:00:00;26434;HL;низ;1813,205;1819,645;16,005;16;2
5/5;2652;2022-01-17 08:00:00;26441;LH;верх;1823,210;1821,060;10,005;7;1
5/5;2653;2022-01-17 15:00:00;26448;HL;низ;1817,730;1819,140;5,480;7;1
5/5;2654;2022-01-18 03:00:00;26457;LH;верх;1822,796;1812,140;5,066;9;1
5/5;2655;2022-01-18 13:00:00;26467;LL;низ;1805,840;1813,555;16,956;10;1
5/5;2656;2022-01-18 16:00:00;26470;LH;верх;1820,140;1813,820;14,300;3;1
5/5;2657;2022-01-19 03:00:00;26480;HL;низ;1810,345;1814,735;9,795;10;2
5/5;2658;2022-01-20 01:00:00;26501;HH;верх;1844,145;1840,410;33,800;21;1
5/5;2659;2022-01-20 12:00:00;26512;HL;низ;1836,000;1842,410;8,145;11;1
5/5;2660;2022-01-20 15:00:00;26515;HH;верх;1847,946;1838,130;11,946;3;1
5/5;2661;2022-01-21 01:00:00;26524;HL;низ;1836,380;1840,445;11,566;9;1
5/5;2662;2022-01-21 07:00:00;26530;LH;верх;1842,830;1835,260;6,450;6;1
5/5;2663;2022-01-21 08:00:00;26531;LL;низ;1828,550;1841,425;14,280;1;1
5/5;2664;2022-01-21 14:00:00;26537;HH;верх;1843,245;1831,670;14,695;6;1
5/5;2665;2022-01-21 20:00:00;26543;HL;низ;1828,630;1836,685;14,615;6;1
5/5;2666;2022-01-24 09:00:00;26555;HH;верх;1844,376;1834,235;15,746;12;1
5/5;2667;2022-01-24 15:00:00;26561;HL;низ;1829,765;1841,620;14,611;6;1
5/5;2668;2022-01-24 21:00:00;26567;LH;верх;1844,180;1842,255;14,415;6;2
5/5;2669;2022-01-25 10:00:00;26579;HL;низ;1834,955;1846,930;9,225;12;1
5/5;2670;2022-01-25 19:00:00;26588;HH;верх;1853,885;1847,990;18,930;9;3
5/5;2671;2022-01-27 18:00:00;26633;LL;низ;1791,860;1797,305;62,025;45;1
5/5;2672;2022-01-28 03:00:00;26641;LH;верх;1799,440;1792,405;7,580;8;1
5/5;2673;2022-01-28 11:00:00;26649;LL;низ;1780,330;1785,280;19,110;8;1
5/5;2674;2022-01-28 15:00:00;26653;LH;верх;1793,070;1788,885;12,740;4;2
5/5;2675;2022-01-31 04:00:00;26665;HL;низ;1785,610;1789,575;7,460;12;1
5/5;2676;2022-01-31 19:00:00;26680;HH;верх;1799,880;1797,600;14,270;15;1
5/5;2677;2022-02-01 03:00:00;26687;HL;низ;1795,815;1804,755;4,065;7;1
5/5;2678;2022-02-01 13:00:00;26697;HH;верх;1808,790;1801,025;12,975;10;1
5/5;2679;2022-02-02 07:00:00;26714;LL;низ;1794,534;1804,375;14,256;17;2
5/5;2680;2022-02-02 15:00:00;26722;HH;верх;1811,026;1807,726;16,492;8;2
5/5;2681;2022-02-03 14:00:00;26744;LL;низ;1788,685;1805,150;22,341;22;1
5/5;2682;2022-02-03 16:00:00;26746;LH;верх;1807,675;1804,900;18,990;2;1
5/5;2683;2022-02-04 06:00:00;26759;HL;низ;1805,870;1811,010;1,805;13;1
5/5;2684;2022-02-04 13:00:00;26766;HH;верх;1814,950;1807,685;9,080;7;1
5/5;2685;2022-02-04 14:00:00;26767;LL;низ;1792,230;1806,880;22,720;1;1
5/5;2686;2022-02-07 01:00:00;26777;HH;верх;1815,410;1809,670;23,180;10;1
5/5;2687;2022-02-07 06:00:00;26782;HL;низ;1808,785;1813,650;6,625;5;1
5/5;2688;2022-02-07 19:00:00;26795;HH;верх;1823,590;1822,140;14,805;13;2
5/5;2689;2022-02-08 07:00:00;26806;HL;низ;1815,495;1817,810;8,095;11;1
5/5;2690;2022-02-08 19:00:00;26818;HH;верх;1828,805;1826,830;13,310;12;1
5/5;2691;2022-02-09 00:00:00;26822;HL;низ;1825,125;1827,515;3,680;4;1
5/5;2692;2022-02-09 05:00:00;26827;HH;верх;1829,170;1826,905;4,045;5;1
5/5;2693;2022-02-09 14:00:00;26836;LL;низ;1824,760;1833,400;4,410;9;1
5/5;2694;2022-02-10 07:00:00;26852;HH;верх;1836,135;1831,800;11,375;16;2
5/5;2695;2022-02-10 13:00:00;26858;LL;низ;1821,670;1835,375;14,465;6;1
5/5;2696;2022-02-10 16:00:00;26861;HH;верх;1841,965;1826,725;20,295;3;1
5/5;2697;2022-02-11 07:00:00;26875;LL;низ;1820,990;1830,520;20,975;14;2
5/5;2698;2022-02-11 20:00:00;26888;HH;верх;1865,465;1854,865;44,475;13;1
5/5;2699;2022-02-14 07:00:00;26898;HL;низ;1850,845;1855,770;14,620;10;1
5/5;2700;2022-02-15 06:00:00;26920;HH;верх;1879,550;1852,555;28,705;22;2
5/5;2701;2022-02-15 12:00:00;26926;LL;низ;1844,610;1852,965;34,940;6;3
5/5;2702;2022-02-18 00:00:00;26983;HH;верх;1902,545;1891,940;57,935;57;2
5/5;2703;2022-02-18 10:00:00;26993;HL;низ;1886,664;1891,945;15,881;10;2
5/5;2704;2022-02-21 00:00:00;27006;HH;верх;1908,325;1891,680;21,661;13;2
5/5;2705;2022-02-21 07:00:00;27013;HL;низ;1887,665;1897,250;20,660;7;1
5/5;2706;2022-02-21 23:00:00;27026;HH;верх;1914,320;1907,925;26,655;13;3
5/5;2707;2022-02-22 11:00:00;27038;HL;низ;1891,470;1903,325;22,850;12;1
5/5;2708;2022-02-22 14:00:00;27041;LH;верх;1907,266;1901,645;15,796;3;1
5/5;2709;2022-02-23 09:00:00;27059;LL;низ;1889,680;1906,290;17,586;18;1
5/5;2710;2022-02-24 10:00:00;27083;HH;верх;1974,485;1928,866;84,805;24;1
5/5;2711;2022-02-24 19:00:00;27092;LL;низ;1878,095;1909,545;96,390;9;1
5/5;2712;2022-02-25 01:00:00;27097;LH;верх;1921,910;1919,315;43,815;5;2
5/5;2713;2022-02-25 15:00:00;27111;HL;низ;1882,995;1890,800;38,915;14;1
5/5;2714;2022-02-27 23:00:00;27118;HH;верх;1927,480;1911,250;44,485;7;1
5/5;2715;2022-02-28 07:00:00;27126;HL;низ;1893,355;1913,345;34,125;8;1
5/5;2716;2022-02-28 13:00:00;27132;LH;верх;1918,370;1898,850;25,015;6;1
5/5;2717;2022-02-28 17:00:00;27136;LL;низ;1890,925;1906,350;27,445;4;1
5/5;2718;2022-02-28 21:00:00;27140;LH;верх;1910,995;1905,720;20,070;4;1
5/5;2719;2022-03-01 02:00:00;27144;HL;низ;1901,470;1907,765;9,525;4;1
5/5;2720;2022-03-01 21:00:00;27163;HH;верх;1950,306;1935,895;48,836;19;1
5/5;2721;2022-03-02 01:00:00;27166;HL;низ;1931,055;1937,945;19,251;3;1
5/5;2722;2022-03-02 07:00:00;27172;LH;верх;1948,010;1926,215;16,955;6;1
5/5;2723;2022-03-02 10:00:00;27175;LL;низ;1913,750;1926,980;34,260;3;1
5/5;2724;2022-03-02 15:00:00;27180;LH;верх;1935,700;1925,315;21,950;5;1
5/5;2725;2022-03-02 17:00:00;27182;HL;низ;1914,965;1928,885;20,735;2;2
5/5;2726;2022-03-03 11:00:00;27199;HH;верх;1938,836;1930,580;23,871;17;1
5/5;2727;2022-03-03 16:00:00;27204;HL;низ;1923,360;1936,470;15,476;5;1
5/5;2728;2022-03-04 00:00:00;27211;HH;верх;1951,020;1935,615;27,660;7;1
5/5;2729;2022-03-04 01:00:00;27212;HL;низ;1929,715;1935,990;21,305;1;2
5/5;2730;2022-03-07 01:00:00;27235;HH;верх;2001,136;1983,385;71,421;23;1
5/5;2731;2022-03-07 06:00:00;27240;HL;низ;1976,165;1990,250;24,971;5;1
5/5;2732;2022-03-07 10:00:00;27244;HH;верх;2002,670;1980,990;26,505;4;1
5/5;2733;2022-03-07 13:00:00;27247;LL;низ;1961,075;1992,345;41,595;3;1
5/5;2734;2022-03-08 00:00:00;27257;LH;верх;2000,120;1994,110;39,045;10;1
5/5;2735;2022-03-08 01:00:00;27258;HL;низ;1981,105;2017,035;19,015;1;1
5/5;2736;2022-03-08 16:00:00;27273;HH;верх;2070,630;2050,050;89,525;15;3
5/5;2737;2022-03-10 01:00:00;27304;LL;низ;1970,525;1983,340;100,105;31;2
5/5;2738;2022-03-10 12:00:00;27315;LH;верх;2009,225;2003,940;38,700;11;1
5/5;2739;2022-03-11 13:00:00;27339;LL;низ;1958,680;1986,090;50,545;24;3
5/5;2740;2022-03-11 17:00:00;27343;LH;верх;1990,080;1980,406;31,400;4;1
5/5;2741;2022-03-14 00:00:00;27350;HL;низ;1970,180;1973,520;19,900;7;1
5/5;2742;2022-03-14 06:00:00;27356;LH;верх;1978,736;1965,455;8,556;6;1
5/5;2743;2022-03-15 14:00:00;27387;LL;низ;1907,086;1916,775;71,650;31;2
5/5;2744;2022-03-15 16:00:00;27389;LH;верх;1931,086;1916,315;24,000;2;2
5/5;2745;2022-03-16 08:00:00;27404;HL;низ;1911,755;1915,790;19,331;15;1
5/5;2746;2022-03-16 11:00:00;27407;LH;верх;1927,180;1910,200;15,425;3;1
5/5;2747;2022-03-16 18:00:00;27414;LL;низ;1895,065;1926,930;32,115;7;2
5/5;2748;2022-03-17 15:00:00;27434;HH;верх;1949,865;1942,385;54,800;20;1
5/5;2749;2022-03-17 19:00:00;27438;HL;низ;1935,575;1936,886;14,290;4;1
5/5;2750;2022-03-18 00:00:00;27442;LH;верх;1945,410;1933,585;9,835;4;1
5/5;2751;2022-03-18 03:00:00;27445;LL;низ;1926,756;1932,575;18,654;3;1
5/5;2752;2022-03-18 12:00:00;27454;LH;верх;1940,940;1929,545;14,184;9;1
5/5;2753;2022-03-18 19:00:00;27461;LL;низ;1918,010;1928,290;22,930;7;2
5/5;2754;2022-03-21 04:00:00;27469;LH;верх;1928,995;1925,620;10,985;8;1
5/5;2755;2022-03-21 13:00:00;27478;HL;низ;1918,026;1936,080;10,969;9;1
5/5;2756;2022-03-21 18:00:00;27483;HH;верх;1941,530;1931,340;23,504;5;1
5/5;2757;2022-03-22 00:00:00;27488;HL;низ;1929,400;1936,855;12,130;5;1
5/5;2758;2022-03-22 05:00:00;27493;LH;верх;1938,485;1927,460;9,085;5;1
5/5;2759;2022-03-22 14:00:00;27502;LL;низ;1910,730;1921,730;27,755;9;3
5/5;2760;2022-03-24 00:00:00;27534;HH;верх;1948,686;1938,330;37,956;32;1
5/5;2761;2022-03-24 06:00:00;27540;HL;низ;1937,505;1956,595;11,181;6;1
5/5;2762;2022-03-24 16:00:00;27550;HH;верх;1966,206;1958,460;28,701;10;1
5/5;2763;2022-03-24 20:00:00;27554;HL;низ;1956,240;1961,140;9,966;4;1
5/5;2764;2022-03-25 02:00:00;27559;LH;верх;1964,380;1954,860;8,140;5;1
5/5;2765;2022-03-25 13:00:00;27570;LL;низ;1943,195;1953,265;21,185;11;1
5/5;2766;2022-03-25 15:00:00;27572;LH;верх;1961,930;1958,020;18,735;2;1
5/5;2767;2022-03-28 09:00:00;27589;LL;низ;1925,410;1934,765;36,520;17;1
5/5;2768;2022-03-28 12:00:00;27592;LH;верх;1945,795;1933,800;20,385;3;1
5/5;2769;2022-03-28 19:00:00;27599;LL;низ;1917,130;1926,670;28,665;7;1
5/5;2770;2022-03-29 01:00:00;27604;LH;верх;1929,455;1924,695;12,325;5;1
5/5;2771;2022-03-29 12:00:00;27615;LL;низ;1890,155;1916,435;39,300;11;2
5/5;2772;2022-03-30 06:00:00;27632;LH;верх;1928,486;1923,880;38,331;17;1
5/5;2773;2022-03-30 09:00:00;27635;HL;низ;1917,255;1937,300;11,231;3;1
5/5;2774;2022-03-30 15:00:00;27641;HH;верх;1938,620;1932,580;21,365;6;1
5/5;2775;2022-03-31 05:00:00;27654;HL;низ;1919,270;1930,205;19,350;13;1
5/5;2776;2022-03-31 17:00:00;27666;HH;верх;1949,860;1936,755;30,590;12;1
5/5;2777;2022-04-01 00:00:00;27672;HL;низ;1932,560;1937,005;17,300;6;1
5/5;2778;2022-04-01 04:00:00;27676;LH;верх;1939,620;1934,270;7,060;4;1
5/5;2779;2022-04-01 17:00:00;27689;LL;низ;1918,100;1924,770;21,520;13;1
5/5;2780;2022-04-04 00:00:00;27695;LH;верх;1926,860;1920,325;8,760;6;1
5/5;2781;2022-04-04 04:00:00;27699;LL;низ;1915,570;1926,160;11,290;4;1
5/5;2782;2022-04-04 13:00:00;27708;HH;верх;1936,940;1932,115;21,370;9;1
5/5;2783;2022-04-04 14:00:00;27709;HL;низ;1924,420;1932,485;12,520;1;1
5/5;2784;2022-04-05 14:00:00;27732;HH;верх;1944,636;1920,475;20,216;23;2
5/5;2785;2022-04-06 01:00:00;27742;LL;низ;1916,700;1919,770;27,936;10;2
5/5;2786;2022-04-06 02:00:00;27743;LH;верх;1925,370;1921,915;8,670;1;1
5/5;2787;2022-04-06 07:00:00;27748;LL;низ;1915,080;1926,655;10,290;5;1
5/5;2788;2022-04-06 09:00:00;27750;HH;верх;1933,580;1925,830;18,500;2;1
5/5;2789;2022-04-06 18:00:00;27759;HL;низ;1915,615;1925,540;17,965;9;2
5/5;2790;2022-04-07 14:00:00;27778;HH;верх;1937,850;1932,446;22,235;19;1
5/5;2791;2022-04-07 19:00:00;27783;HL;низ;1929,645;1932,420;8,205;5;1
5/5;2792;2022-04-08 01:00:00;27788;LH;верх;1935,570;1930,130;5,925;5;1
5/5;2793;2022-04-08 05:00:00;27792;LL;низ;1927,775;1933,945;7,795;4;2
5/5;2794;2022-04-10 22:00:00;27808;HH;верх;1950,030;1942,950;22,255;16;2
5/5;2795;2022-04-11 05:00:00;27815;HL;низ;1940,035;1956,575;9,995;7;1
5/5;2796;2022-04-11 12:00:00;27822;HH;верх;1970,026;1947,040;29,991;7;1
5/5;2797;2022-04-11 17:00:00;27827;HL;низ;1940,865;1952,885;29,161;5;1
5/5;2798;2022-04-12 04:00:00;27837;LH;верх;1960,525;1953,235;19,660;10;1
5/5;2799;2022-04-12 09:00:00;27842;HL;низ;1949,755;1975,655;10,770;5;1
5/5;2800;2022-04-12 14:00:00;27847;HH;верх;1978,685;1968,955;28,930;5;1
5/5;2801;2022-04-13 00:00:00;27856;HL;низ;1962,955;1972,240;15,730;9;2
5/5;2802;2022-04-13 16:00:00;27872;HH;верх;1981,566;1978,375;18,611;16;3
5/5;2803;2022-04-14 14:00:00;27893;LL;низ;1960,600;1971,745;20,966;21;1
5/5;2804;2022-04-18 12:00:00;27914;HH;верх;1998,460;1978,270;37,860;21;1
5/5;2805;2022-04-19 05:00:00;27930;HL;низ;1972,835;1978,180;25,625;16;1
5/5;2806;2022-04-19 12:00:00;27937;LH;верх;1982,036;1955,350;9,201;7;1
5/5;2807;2022-04-20 06:00:00;27954;LL;низ;1939,404;1952,220;42,632;17;1
5/5;2808;2022-04-20 20:00:00;27968;LH;верх;1958,405;1952,080;19,001;14;2
5/5;2809;2022-04-21 11:00:00;27982;LL;низ;1936,824;1940,620;21,581;14;1
5/5;2810;2022-04-22 06:00:00;28000;LH;верх;1955,710;1935,490;18,886;18;2
5/5;2811;2022-04-25 12:00:00;28029;LL;низ;1891,560;1897,275;64,150;29;3
5/5;2812;2022-04-26 13:00:00;28053;LH;верх;1911,305;1897,950;19,745;24;1
5/5;2813;2022-04-26 18:00:00;28058;HL;низ;1896,570;1903,920;14,735;5;1
5/5;2814;2022-04-27 12:00:00;28075;LH;верх;1907,086;1891,180;10,516;17;2
5/5;2815;2022-04-28 05:00:00;28091;LL;низ;1872,215;1888,815;34,871;16;2
5/5;2816;2022-04-29 11:00:00;28120;HH;верх;1919,980;1908,305;47,765;29;2
5/5;2817;2022-05-02 13:00:00;28145;LL;низ;1854,480;1860,050;65,500;25;2
5/5;2818;2022-05-03 00:00:00;28155;LH;верх;1867,220;1859,700;12,740;10;1
5/5;2819;2022-05-03 08:00:00;28163;LL;низ;1850,470;1871,225;16,750;8;1
5/5;2820;2022-05-03 14:00:00;28169;HH;верх;1878,145;1866,310;27,675;6;1
5/5;2821;2022-05-04 06:00:00;28184;HL;низ;1861,480;1869,060;16,665;15;1
5/5;2822;2022-05-04 08:00:00;28186;LH;верх;1872,135;1862,880;10,655;2;1
5/5;2823;2022-05-04 14:00:00;28192;HL;низ;1861,675;1884,155;10,460;6;1
5/5;2824;2022-05-05 01:00:00;28202;HH;верх;1903,485;1897,760;41,810;10;1
5/5;2825;2022-05-05 08:00:00;28209;HL;низ;1889,600;1895,054;13,885;7;1
5/5;2826;2022-05-05 12:00:00;28213;HH;верх;1909,820;1874,865;20,220;4;1
5/5;2827;2022-05-06 01:00:00;28225;LL;низ;1866,145;1873,380;43,675;12;2
5/5;2828;2022-05-06 15:00:00;28239;LH;верх;1892,576;1883,645;26,431;14;1
5/5;2829;2022-05-09 20:00:00;28267;LL;низ;1851,780;1860,250;40,796;28;2
5/5;2830;2022-05-10 06:00:00;28276;LH;верх;1865,526;1860,505;13,746;9;1
5/5;2831;2022-05-11 00:00:00;28293;LL;низ;1832,075;1837,866;33,451;17;2
5/5;2832;2022-05-12 01:00:00;28317;LH;верх;1858,875;1852,005;26,800;24;2
5/5;2833;2022-05-12 22:00:00;28337;LL;низ;1810,675;1825,010;48,200;20;1
5/5;2834;2022-05-13 07:00:00;28346;LH;верх;1828,890;1810,330;18,215;9;1
5/5;2835;2022-05-13 13:00:00;28352;LL;низ;1799,160;1811,120;29,730;6;1
5/5;2836;2022-05-16 01:00:00;28363;LH;верх;1817,710;1806,800;18,550;11;1
5/5;2837;2022-05-16 07:00:00;28369;LL;низ;1786,785;1808,186;30,925;6;1
5/5;2838;2022-05-16 23:00:00;28384;HH;верх;1829,355;1823,815;42,570;15;1
5/5;2839;2022-05-17 03:00:00;28388;HL;низ;1821,910;1828,055;7,445;4;1
5/5;2840;2022-05-17 11:00:00;28396;HH;верх;1836,155;1821,400;14,245;8;1
5/5;2841;2022-05-18 12:00:00;28420;LL;низ;1807,315;1817,600;28,840;24;2
5/5;2842;2022-05-18 15:00:00;28423;LH;верх;1824,836;1816,445;17,521;3;1
5/5;2843;2022-05-19 07:00:00;28438;HL;низ;1810,905;1838,315;13,931;15;1
5/5;2844;2022-05-19 15:00:00;28446;HH;верх;1849,150;1842,200;38,245;8;2
5/5;2845;2022-05-20 02:00:00;28456;HL;низ;1836,525;1844,245;12,625;10;1
5/5;2846;2022-05-20 07:00:00;28461;HH;верх;1849,490;1842,210;12,965;5;1
5/5;2847;2022-05-20 14:00:00;28468;LL;низ;1832,405;1844,730;17,085;7;1
5/5;2848;2022-05-23 10:00:00;28487;HH;верх;1865,530;1852,080;33,125;19;1
5/5;2849;2022-05-23 17:00:00;28494;HL;низ;1847,035;1853,955;18,495;7;1
5/5;2850;2022-05-23 18:00:00;28495;LH;верх;1858,900;1852,035;11,865;1;1
5/5;2851;2022-05-24 02:00:00;28502;HL;низ;1849,370;1860,164;9,530;7;1
5/5;2852;2022-05-24 16:00:00;28516;HH;верх;1869,750;1866,310;20,380;14;2
5/5;2853;2022-05-25 15:00:00;28538;LL;низ;1841,605;1853,235;28,145;22;1
5/5;2854;2022-05-25 19:00:00;28542;LH;верх;1856,350;1849,750;14,745;4;1
5/5;2855;2022-05-26 11:00:00;28557;LL;низ;1840,756;1847,720;15,594;15;1
5/5;2856;2022-05-27 01:00:00;28570;HH;верх;1856,535;1854,330;15,779;13;1
5/5;2857;2022-05-27 01:00:00;28570;HL;низ;1848,055;1854,330;8,480;0;1
5/5;2858;2022-05-27 12:00:00;28581;HH;верх;1862,050;1853,440;13,995;11;1
5/5;2859;2022-05-29 23:00:00;28591;LL;низ;1847,840;1861,164;14,210;10;2
5/5;2860;2022-05-30 07:00:00;28599;HH;верх;1864,085;1855,370;16,245;8;2
5/5;2861;2022-05-31 01:00:00;28614;LL;низ;1846,065;1854,505;18,020;15;1
5/5;2862;2022-05-31 08:00:00;28621;LH;верх;1857,186;1851,190;11,121;7;1
5/5;2863;2022-06-01 09:00:00;28645;LL;низ;1828,540;1843,535;28,646;24;1
5/5;2864;2022-06-01 16:00:00;28652;LH;верх;1849,976;1847,100;21,436;7;1
5/5;2865;2022-06-02 02:00:00;28661;HL;низ;1844,150;1851,295;5,826;9;1
5/5;2866;2022-06-03 00:00:00;28682;HH;верх;1874,170;1868,400;30,020;21;2
5/5;2867;2022-06-03 17:00:00;28699;HL;низ;1847,375;1851,600;26,795;17;1
5/5;2868;2022-06-06 12:00:00;28717;LH;верх;1857,900;1841,925;10,525;18;2
5/5;2869;2022-06-07 01:00:00;28729;LL;низ;1837,065;1841,646;20,835;12;1
5/5;2870;2022-06-07 19:00:00;28747;LH;верх;1855,635;1849,295;18,570;18;1
5/5;2871;2022-06-08 12:00:00;28763;HL;низ;1844,590;1854,680;11,045;16;2
5/5;2872;2022-06-08 15:00:00;28766;HH;верх;1859,685;1853,320;15,095;3;1
5/5;2873;2022-06-08 20:00:00;28771;HL;низ;1849,106;1853,045;10,579;5;1
5/5;2874;2022-06-09 03:00:00;28777;LH;верх;1855,410;1849,760;6,304;6;2
5/5;2875;2022-06-09 14:00:00;28788;LL;низ;1840,100;1847,090;15,310;11;1
5/5;2876;2022-06-10 07:00:00;28804;LH;верх;1847,650;1838,270;7,550;16;1
5/5;2877;2022-06-10 12:00:00;28809;LL;низ;1825,140;1869,790;22,510;5;1
5/5;2878;2022-06-12 22:00:00;28818;HH;верх;1879,130;1863,534;53,990;9;1
5/5;2879;2022-06-13 22:00:00;28841;LL;низ;1812,244;1825,566;66,886;23;1
5/5;2880;2022-06-14 07:00:00;28850;LH;верх;1831,700;1820,155;19,456;9;1
5/5;2881;2022-06-14 19:00:00;28862;LL;низ;1805,205;1815,985;26,495;12;1
5/5;2882;2022-06-15 12:00:00;28878;HH;верх;1836,570;1821,160;31,365;16;1
5/5;2883;2022-06-15 18:00:00;28884;HL;низ;1813,760;1834,260;22,810;6;1
5/5;2884;2022-06-15 19:00:00;28885;HH;верх;1841,965;1831,040;28,205;1;2
5/5;2885;2022-06-16 11:00:00;28900;HL;низ;1815,660;1850,280;26,305;15;1
5/5;2886;2022-06-16 20:00:00;28909;HH;верх;1857,635;1843,845;41,975;9;1
5/5;2887;2022-06-17 03:00:00;28915;HL;низ;1841,725;1850,125;15,910;6;1
5/5;2888;2022-06-17 12:00:00;28924;LH;верх;1853,045;1837,030;11,320;9;1
5/5;2889;2022-06-17 19:00:00;28931;LL;низ;1833,905;1836,825;19,140;7;1
5/5;2890;2022-06-20 03:00:00;28938;LH;верх;1846,165;1839,830;12,260;7;1
5/5;2891;2022-06-20 17:00:00;28952;HL;низ;1835,595;1841,510;10,570;14;1
5/5;2892;2022-06-21 01:00:00;28957;LH;верх;1842,470;1834,270;6,875;5;1
5/5;2893;2022-06-21 11:00:00;28967;LL;низ;1830,835;1836,320;11,635;10;1
5/5;2894;2022-06-21 14:00:00;28970;HH;верх;1843,665;1830,755;12,830;3;1
5/5;2895;2022-06-22 08:00:00;28987;LL;низ;1823,455;1844,615;20,210;17;1
5/5;2896;2022-06-22 13:00:00;28992;HH;верх;1847,930;1837,970;24,475;5;2
5/5;2897;2022-06-23 11:00:00;29013;HL;низ;1823,980;1830,385;23,950;21;1
5/5;2898;2022-06-23 13:00:00;29015;LH;верх;1846,125;1826,150;22,145;2;2
5/5;2899;2022-06-24 13:00:00;29038;LL;низ;1816,980;1828,720;29,145;23;2
5/5;2900;2022-06-27 07:00:00;29055;LH;верх;1841,105;1831,945;24,125;17;2
5/5;2901;2022-06-27 15:00:00;29063;HL;низ;1820,850;1822,735;20,255;8;2
5/5;2902;2022-06-28 08:00:00;29079;LH;верх;1829,500;1821,190;8,650;16;1
5/5;2903;2022-06-28 23:00:00;29093;LL;низ;1818,335;1820,865;11,165;14;1
5/5;2904;2022-06-29 01:00:00;29095;LH;верх;1823,035;1817,775;4,700;2;1
5/5;2905;2022-06-29 09:00:00;29103;LL;низ;1812,095;1815,650;10,940;8;1
5/5;2906;2022-06-29 12:00:00;29106;HH;верх;1833,110;1816,745;21,015;3;2
5/5;2907;2022-06-30 11:00:00;29128;LL;низ;1802,775;1809,995;30,335;22;1
5/5;2908;2022-06-30 13:00:00;29130;LH;верх;1825,210;1806,870;22,435;2;1
5/5;2909;2022-07-01 12:00:00;29152;LL;низ;1784,575;1804,880;40,635;22;1
5/5;2910;2022-07-04 02:00:00;29165;LH;верх;1814,375;1808,870;29,800;13;1
5/5;2911;2022-07-04 10:00:00;29173;HL;низ;1804,020;1806,605;10,355;8;1
5/5;2912;2022-07-05 02:00:00;29186;LH;верх;1812,190;1806,195;8,170;13;2
5/5;2913;2022-07-05 17:00:00;29201;LL;низ;1763,925;1769,595;48,265;15;1
5/5;2914;2022-07-06 01:00:00;29208;LH;верх;1772,900;1769,305;8,975;7;1
5/5;2915;2022-07-06 16:00:00;29223;LL;низ;1732,340;1739,290;40,560;15;2
5/5;2916;2022-07-07 05:00:00;29235;LH;верх;1747,740;1742,740;15,400;12;1
5/5;2917;2022-07-07 13:00:00;29243;HL;низ;1738,030;1739,935;9,710;8;1
5/5;2918;2022-07-07 14:00:00;29244;HH;верх;1749,130;1740,775;11,100;1;1
5/5;2919;2022-07-07 19:00:00;29249;HL;низ;1738,820;1743,555;10,310;5;1
5/5;2920;2022-07-08 01:00:00;29254;LH;верх;1746,675;1742,910;7,855;5;1
5/5;2921;2022-07-08 12:00:00;29265;LL;низ;1729,985;1743,790;16,690;11;1
5/5;2922;2022-07-08 14:00:00;29267;HH;верх;1752,470;1741,405;22,485;2;1
5/5;2923;2022-07-11 11:00:00;29287;HL;низ;1733,710;1735,070;18,760;20;2
5/5;2924;2022-07-12 01:00:00;29300;LH;верх;1744,336;1734,560;10,626;13;2
5/5;2925;2022-07-12 01:00:00;29300;LL;низ;1723,270;1734,560;21,066;0;1
5/5;2926;2022-07-12 11:00:00;29310;LH;верх;1739,405;1729,540;16,135;10;1
5/5;2927;2022-07-13 00:00:00;29322;LL;низ;1722,855;1725,780;16,550;12;1
5/5;2928;2022-07-13 02:00:00;29324;LH;верх;1728,855;1726,900;6,000;2;1
5/5;2929;2022-07-13 12:00:00;29334;LL;низ;1707,160;1739,880;21,695;10;2
5/5;2930;2022-07-13 15:00:00;29337;HH;верх;1745,425;1735,660;38,265;3;1
5/5;2931;2022-07-14 13:00:00;29358;LL;низ;1697,640;1710,995;47,785;21;1
5/5;2932;2022-07-15 02:00:00;29370;LH;верх;1716,675;1703,620;19,035;12;1
5/5;2933;2022-07-15 06:00:00;29374;HL;низ;1700,720;1704,575;15,955;4;1
5/5;2934;2022-07-15 13:00:00;29381;LH;верх;1714,195;1704,850;13,475;7;1
5/5;2935;2022-07-15 14:00:00;29382;LL;низ;1699,120;1705,655;15,075;1;1
5/5;2936;2022-07-18 09:00:00;29400;HH;верх;1723,990;1714,980;24,870;18;1
5/5;2937;2022-07-19 00:00:00;29414;HL;низ;1705,445;1710,240;18,545;14;1
5/5;2938;2022-07-19 11:00:00;29425;LH;верх;1718,480;1711,555;13,035;11;1
5/5;2939;2022-07-20 06:00:00;29443;HL;низ;1706,080;1708,235;12,400;18;1
5/5;2940;2022-07-20 13:00:00;29450;LH;верх;1714,535;1701,390;8,455;7;1
5/5;2941;2022-07-21 11:00:00;29471;LL;низ;1680,935;1711,715;33,600;21;1
5/5;2942;2022-07-21 20:00:00;29480;HH;верх;1720,250;1714,405;39,315;9;1
5/5;2943;2022-07-22 03:00:00;29486;HL;низ;1712,960;1718,365;7,290;6;1
5/5;2944;2022-07-22 14:00:00;29497;HH;верх;1739,355;1724,160;26,395;11;1
5/5;2945;2022-07-25 01:00:00;29507;HL;низ;1719,985;1726,015;19,370;10;2
5/5;2946;2022-07-25 09:00:00;29515;LH;верх;1736,300;1716,525;16,315;8;1
5/5;2947;2022-07-25 14:00:00;29520;LL;низ;1714,800;1719,165;21,500;5;1
5/5;2948;2022-07-26 01:00:00;29530;LH;верх;1728,225;1725,140;13,425;10;2
5/5;2949;2022-07-26 12:00:00;29541;LL;низ;1713,705;1717,445;14,520;11;1
5/5;2950;2022-07-27 00:00:00;29552;LH;верх;1720,180;1719,080;6,475;11;1
5/5;2951;2022-07-27 04:00:00;29556;HL;низ;1713,710;1722,285;6,470;4;1
5/5;2952;2022-07-27 08:00:00;29560;HH;верх;1725,205;1714,815;11,495;4;1
5/5;2953;2022-07-27 13:00:00;29565;LL;низ;1711,560;1734,950;13,645;5;2
5/5;2954;2022-07-28 20:00:00;29595;HH;верх;1757,065;1755,515;45,505;30;1
5/5;2955;2022-07-29 01:00:00;29599;HL;низ;1752,710;1766,920;4,355;4;1
5/5;2956;2022-07-29 06:00:00;29604;HH;верх;1767,990;1761,285;15,280;5;1
5/5;2957;2022-07-29 14:00:00;29612;LL;низ;1752,415;1761,520;15,575;8;1
5/5;2958;2022-07-29 15:00:00;29613;LH;верх;1767,205;1766,260;14,790;1;1
5/5;2959;2022-08-01 05:00:00;29626;HL;низ;1758,405;1771,335;8,800;13;1
5/5;2960;2022-08-01 12:00:00;29633;HH;верх;1775,380;1769,055;16,975;7;1
5/5;2961;2022-08-01 15:00:00;29636;HL;низ;1764,260;1772,120;11,120;3;1
5/5;2962;2022-08-02 00:00:00;29644;HH;верх;1780,575;1772,530;16,315;8;1
5/5;2963;2022-08-02 07:00:00;29651;HL;низ;1768,890;1785,080;11,685;7;1
5/5;2964;2022-08-02 12:00:00;29656;HH;верх;1788,120;1770,360;19,230;5;1
5/5;2965;2022-08-02 23:00:00;29666;LL;низ;1755,080;1768,910;33,040;10;1
5/5;2966;2022-08-03 13:00:00;29680;LH;верх;1772,835;1762,545;17,755;14;2
5/5;2967;2022-08-03 14:00:00;29681;LL;низ;1754,350;1765,310;18,485;1;1
5/5;2968;2022-08-04 18:00:00;29708;HH;верх;1794,960;1794,080;40,610;27;1
5/5;2969;2022-08-05 13:00:00;29726;HL;низ;1765,050;1772,750;29,910;18;2
5/5;2970;2022-08-08 23:00:00;29758;LH;верх;1790,780;1786,280;25,730;32;2
5/5;2971;2022-08-09 02:00:00;29761;HL;низ;1783,310;1787,180;7,470;3;1
5/5;2972;2022-08-09 13:00:00;29772;HH;верх;1800,470;1794,500;17,160;11;1
5/5;2973;2022-08-10 06:00:00;29788;HL;низ;1787,670;1792,410;12,800;16;1
5/5;2974;2022-08-10 12:00:00;29794;HH;верх;1807,960;1794,765;20,290;6;1
5/5;2975;2022-08-11 05:00:00;29810;LL;низ;1783,590;1790,980;24,370;16;2
5/5;2976;2022-08-11 12:00:00;29817;LH;верх;1799,420;1789,360;15,830;7;1
5/5;2977;2022-08-12 11:00:00;29839;HL;низ;1784,965;1797,250;14,455;22;2
5/5;2978;2022-08-14 22:00:00;29849;HH;верх;1802,375;1795,480;17,410;10;1
5/5;2979;2022-08-15 11:00:00;29862;LL;низ;1773,055;1782,825;29,320;13;2
5/5;2980;2022-08-16 03:00:00;29877;LH;верх;1783,195;1775,570;10,140;15;1
5/5;2981;2022-08-16 12:00:00;29886;LL;низ;1771,520;1776,410;11,675;9;1
5/5;2982;2022-08-16 14:00:00;29888;LH;верх;1778,670;1775,905;7,150;2;1
5/5;2983;2022-08-17 00:00:00;29897;HL;низ;1773,910;1781,740;4,760;9;1
5/5;2984;2022-08-17 06:00:00;29903;HH;верх;1782,400;1769,375;8,490;6;1
5/5;2985;2022-08-17 16:00:00;29913;LL;низ;1759,860;1762,390;22,540;10;2
5/5;2986;2022-08-18 11:00:00;29931;LH;верх;1772,465;1757,305;12,605;18;1
5/5;2987;2022-08-19 04:00:00;29947;LL;низ;1751,820;1753,600;20,645;16;2
5/5;2988;2022-08-19 13:00:00;29956;LH;верх;1758,080;1746,760;6,260;9;2
5/5;2989;2022-08-22 12:00:00;29978;LL;низ;1727,850;1736,120;30,230;22;1
5/5;2990;2022-08-22 14:00:00;29980;LH;верх;1740,085;1735,050;12,235;2;1
5/5;2991;2022-08-23 00:00:00;29989;HL;низ;1734,265;1737,170;5,820;9;1
5/5;2992;2022-08-23 01:00:00;29990;HH;верх;1740,605;1736,200;6,340;1;1
5/5;2993;2022-08-23 12:00:00;30001;LL;низ;1730,900;1746,985;9,705;11;1
5/5;2994;2022-08-23 14:00:00;30003;HH;верх;1754,110;1747,345;23,210;2;1
5/5;2995;2022-08-24 02:00:00;30014;HL;низ;1744,105;1747,985;10,005;11;1
5/5;2996;2022-08-24 09:00:00;30021;LH;верх;1753,725;1752,610;9,620;7;1
5/5;2997;2022-08-24 11:00:00;30023;LL;низ;1742,515;1749,690;11,210;2;1
5/5;2998;2022-08-25 11:00:00;30046;HH;верх;1765,575;1758,260;23,060;23;2
5/5;2999;2022-08-25 14:00:00;30049;HL;низ;1752,300;1757,435;13,275;3;1
5/5;3000;2022-08-26 06:00:00;30064;LH;верх;1758,835;1745,090;6,535;15;2
5/5;3001;2022-08-29 08:00:00;30089;LL;низ;1720,405;1740,635;38,430;25;2
5/5;3002;2022-08-29 14:00:00;30095;LH;верх;1745,555;1737,880;25,150;6;3
5/5;3003;2022-08-31 01:00:00;30128;HL;низ;1720,675;1722,290;24,880;33;2
5/5;3004;2022-08-31 05:00:00;30132;LH;верх;1726,595;1711,960;5,920;4;1
5/5;3005;2022-08-31 10:00:00;30137;LL;низ;1709,715;1718,785;16,880;5;1
5/5;3006;2022-08-31 14:00:00;30141;LH;верх;1723,560;1710,210;13,845;4;1
5/5;3007;2022-09-01 02:00:00;30152;LL;низ;1702,350;1705,145;21,210;11;1
5/5;3008;2022-09-01 09:00:00;30159;LH;верх;1708,755;1692,395;6,405;7;1
5/5;3009;2022-09-01 14:00:00;30164;LL;низ;1688,915;1694,780;19,840;5;1
5/5;3010;2022-09-02 14:00:00;30187;HH;верх;1718,015;1709,690;29,100;23;1
5/5;3011;2022-09-05 00:00:00;30196;HL;низ;1707,795;1713,320;10,220;9;2
5/5;3012;2022-09-05 10:00:00;30206;LH;верх;1715,840;1710,490;8,045;10;1
5/5;3013;2022-09-05 18:00:00;30214;HL;низ;1709,605;1719,835;6,235;8;1
5/5;3014;2022-09-06 00:00:00;30217;HH;верх;1726,795;1717,925;17,190;3;2
5/5;3015;2022-09-07 04:00:00;30244;LL;низ;1691,460;1707,015;35,335;27;2
5/5;3016;2022-09-07 20:00:00;30260;LH;верх;1719,505;1715,090;28,045;16;1
5/5;3017;2022-09-08 02:00:00;30265;HL;низ;1713,570;1717,735;5,935;5;1
5/5;3018;2022-09-08 11:00:00;30274;HH;верх;1728,235;1706,175;14,665;9;1
5/5;3019;2022-09-08 14:00:00;30277;LL;низ;1704,000;1706,880;24,235;3;1
5/5;3020;2022-09-09 07:00:00;30293;HH;верх;1729,566;1718,875;25,566;16;1
5/5;3021;2022-09-09 13:00:00;30299;HL;низ;1711,420;1715,755;18,146;6;2
5/5;3022;2022-09-12 15:00:00;30324;HH;верх;1735,180;1724,635;23,760;25;1
5/5;3023;2022-09-13 05:00:00;30337;HL;низ;1720,070;1728,245;15,110;13;1
5/5;3024;2022-09-13 12:00:00;30344;LH;верх;1731,835;1703,785;11,765;7;1
5/5;3025;2022-09-13 13:00:00;30345;LL;низ;1697,115;1703,135;34,720;1;3
5/5;3026;2022-09-14 12:00:00;30367;LH;верх;1707,150;1697,720;10,035;22;1
5/5;3027;2022-09-14 19:00:00;30374;LL;низ;1693,670;1696,105;13,480;7;1
5/5;3028;2022-09-15 12:00:00;30390;LH;верх;1692,370;1665,715;1,300;16;1
5/5;3029;2022-09-15 16:00:00;30394;LL;низ;1660,435;1662,680;31,935;4;1
5/5;3030;2022-09-16 01:00:00;30402;LH;верх;1667,775;1660,145;7,340;8;1
5/5;3031;2022-09-16 08:00:00;30409;LL;низ;1654,190;1665,210;13,585;7;1
5/5;3032;2022-09-16 14:00:00;30415;HH;верх;1680,440;1673,280;26,250;6;2
5/5;3033;2022-09-19 07:00:00;30431;HL;низ;1659,750;1664,980;20,690;16;1
5/5;3034;2022-09-20 00:00:00;30447;LH;верх;1679,495;1670,790;19,745;16;1
5/5;3035;2022-09-20 13:00:00;30460;HL;низ;1660,030;1664,040;19,465;13;1
5/5;3036;2022-09-21 00:00:00;30470;LH;верх;1667,520;1665,965;7,490;10;1
5/5;3037;2022-09-21 04:00:00;30474;HL;низ;1661,775;1673,460;5,745;4;1
5/5;3038;2022-09-21 18:00:00;30488;HH;верх;1688,125;1660,590;26,350;14;2
5/5;3039;2022-09-21 18:00:00;30488;LL;низ;1653,870;1660,590;34,255;0;3
5/5;3040;2022-09-22 12:00:00;30505;LH;верх;1684,950;1672,040;31,080;17;2
5/5;3041;2022-09-26 00:00:00;30539;LL;низ;1626,770;1637,045;58,180;34;2
5/5;3042;2022-09-26 07:00:00;30546;LH;верх;1649,840;1646,070;23,070;7;3
5/5;3043;2022-09-26 20:00:00;30559;LL;низ;1621,205;1630,555;28,635;13;1
5/5;3044;2022-09-27 11:00:00;30573;LH;верх;1642,510;1629,530;21,305;14;1
5/5;3045;2022-09-28 07:00:00;30592;LL;низ;1614,925;1635,190;27,585;19;2
5/5;3046;2022-09-28 17:00:00;30602;HH;верх;1662,785;1656,180;47,860;10;1
5/5;3047;2022-09-29 06:00:00;30614;HL;низ;1641,575;1651,430;21,210;12;1
5/5;3048;2022-09-29 16:00:00;30624;HH;верх;1664,895;1663,195;23,320;10;1
5/5;3049;2022-09-30 02:00:00;30633;HL;низ;1659,320;1673,115;5,575;9;1
5/5;3050;2022-09-30 14:00:00;30645;HH;верх;1675,430;1661,910;16,110;12;2
5/5;3051;2022-09-30 19:00:00;30650;HL;низ;1660,200;1668,950;15,230;5;1
5/5;3052;2022-10-03 01:00:00;30655;LH;верх;1669,570;1663,745;9,370;5;1
5/5;3053;2022-10-03 09:00:00;30663;LL;низ;1659,695;1687,090;9,875;8;1
5/5;3054;2022-10-03 23:00:00;30676;HH;верх;1702,625;1699,760;42,930;13;1
5/5;3055;2022-10-04 02:00:00;30679;HL;низ;1695,240;1708,210;7,385;3;2
5/5;3056;2022-10-04 16:00:00;30693;HH;верх;1729,590;1725,260;34,350;14;2
5/5;3057;2022-10-05 14:00:00;30714;HL;низ;1700,590;1716,260;29,000;21;1
5/5;3058;2022-10-06 07:00:00;30730;LH;верх;1725,600;1715,510;25,010;16;1
5/5;3059;2022-10-06 16:00:00;30739;HL;низ;1706,955;1711,885;18,645;9;1
5/5;3060;2022-10-06 19:00:00;30742;LH;верх;1715,160;1710,845;8,205;3;2
5/5;3061;2022-10-10 15:00:00;30784;LL;низ;1665,770;1668,250;49,390;42;2
5/5;3062;2022-10-11 01:00:00;30793;LH;верх;1673,665;1666,480;7,895;9;1
5/5;3063;2022-10-11 10:00:00;30802;LL;низ;1661,030;1681,650;12,635;9;2
5/5;3064;2022-10-11 16:00:00;30808;HH;верх;1684,040;1666,275;23,010;6;1
5/5;3065;2022-10-12 02:00:00;30817;HL;низ;1661,470;1669,105;22,570;9;1
5/5;3066;2022-10-12 06:00:00;30821;LH;верх;1675,425;1668,610;13,955;4;1
5/5;3067;2022-10-12 12:00:00;30827;HL;низ;1664,885;1671,190;10,540;6;1
5/5;3068;2022-10-13 11:00:00;30849;HH;верх;1682,495;1665,805;17,610;22;2
5/5;3069;2022-10-13 13:00:00;30851;LL;низ;1642,465;1667,295;40,030;2;2
5/5;3070;2022-10-14 06:00:00;30867;LH;верх;1671,825;1654,965;29,360;16;1
5/5;3071;2022-10-14 19:00:00;30880;LL;низ;1640,270;1652,075;31,555;13;1
5/5;3072;2022-10-17 13:00:00;30897;LH;верх;1668,530;1649,770;28,260;17;1
5/5;3073;2022-10-17 19:00:00;30903;HL;низ;1646,830;1651,260;21,700;6;1
5/5;3074;2022-10-18 05:00:00;30912;LH;верх;1660,936;1651,270;14,106;9;1
5/5;3075;2022-10-18 15:00:00;30922;LL;низ;1645,915;1652,075;15,021;10;2
5/5;3076;2022-10-18 23:00:00;30929;LH;верх;1654,475;1646,425;8,560;7;1
5/5;3077;2022-10-20 02:00:00;30955;LL;низ;1622,545;1632,815;31,930;26;1
5/5;3078;2022-10-20 15:00:00;30968;LH;верх;1645,675;1628,215;23,130;13;1
5/5;3079;2022-10-21 07:00:00;30983;LL;низ;1617,280;1631,344;28,395;15;2
5/5;3080;2022-10-23 23:00:00;30998;HH;верх;1670,785;1658,230;53,505;15;1
5/5;3081;2022-10-24 08:00:00;31007;HL;низ;1644,430;1651,455;26,355;9;1
5/5;3082;2022-10-24 13:00:00;31012;LH;верх;1654,494;1650,905;10,064;5;1
5/5;3083;2022-10-24 14:00:00;31013;LL;низ;1644,005;1650,440;10,489;1;1
5/5;3084;2022-10-25 01:00:00;31023;HH;верх;1654,970;1650,245;10,965;10;1
5/5;3085;2022-10-25 10:00:00;31032;LL;низ;1638,355;1656,100;16,615;9;1
5/5;3086;2022-10-25 14:00:00;31036;HH;верх;1662,445;1654,040;24,090;4;1
5/5;3087;2022-10-26 01:00:00;31046;HL;низ;1649,820;1665,100;12,625;10;1
5/5;3088;2022-10-26 09:00:00;31054;HH;верх;1675,005;1666,750;25,185;8;1
5/5;3089;2022-10-26 12:00:00;31057;HL;низ;1660,710;1665,920;14,295;3;1
5/5;3090;2022-10-26 15:00:00;31060;LH;верх;1672,665;1665,215;11,955;3;2
5/5;3091;2022-10-27 12:00:00;31080;LL;низ;1654,890;1660,025;17,775;20;1
5/5;3092;2022-10-28 02:00:00;31093;LH;верх;1667,110;1652,785;12,220;13;2
5/5;3093;2022-10-28 15:00:00;31106;LL;низ;1638,120;1644,385;28,990;13;1
5/5;3094;2022-10-28 20:00:00;31111;LH;верх;1645,860;1641,545;7,740;5;2
5/5;3095;2022-10-31 13:00:00;31127;LL;низ;1633,495;1634,755;12,365;16;1
5/5;3096;2022-10-31 14:00:00;31128;LH;верх;1642,150;1632,180;8,655;1;1
5/5;3097;2022-11-01 00:00:00;31137;LL;низ;1630,795;1641,960;11,355;9;1
5/5;3098;2022-11-01 12:00:00;31149;HH;верх;1657,060;1649,145;26,265;12;1
5/5;3099;2022-11-01 14:00:00;31151;HL;низ;1642,165;1648,210;14,895;2;1
5/5;3100;2022-11-02 18:00:00;31178;HH;верх;1669,535;1637,910;27,370;27;2
5/5;3101;2022-11-03 11:00:00;31194;LL;низ;1616,675;1627,200;52,860;16;3
5/5;3102;2022-11-04 20:00:00;31226;HH;верх;1681,755;1673,625;65,080;32;1
5/5;3103;2022-11-07 07:00:00;31235;HL;низ;1666,940;1677,235;14,815;9;1
5/5;3104;2022-11-07 14:00:00;31242;HH;верх;1681,945;1675,515;15,005;7;1
5/5;3105;2022-11-08 09:00:00;31260;LL;низ;1664,760;1679,240;17,185;18;1
5/5;3106;2022-11-08 16:00:00;31267;HH;верх;1716,970;1712,585;52,210;7;1
5/5;3107;2022-11-09 01:00:00;31275;HL;низ;1707,035;1710,165;9,935;8;1
5/5;3108;2022-11-09 08:00:00;31282;LH;верх;1715,865;1710,065;8,830;7;1
5/5;3109;2022-11-09 13:00:00;31287;LL;низ;1703,160;1705,370;12,705;5;1
5/5;3110;2022-11-09 15:00:00;31289;HH;верх;1722,345;1704,615;19,185;2;1
5/5;3111;2022-11-09 19:00:00;31293;LL;низ;1702,255;1706,810;20,090;4;1
5/5;3112;2022-11-10 06:00:00;31303;LH;верх;1712,630;1707,450;10,375;10;1
5/5;3113;2022-11-10 10:00:00;31307;HL;низ;1704,040;1751,020;8,590;4;1
5/5;3114;2022-11-10 21:00:00;31318;HH;верх;1757,320;1751,345;53,280;11;1
5/5;3115;2022-11-11 01:00:00;31321;HL;низ;1747,310;1758,065;10,010;3;1
5/5;3116;2022-11-11 10:00:00;31330;HH;верх;1766,655;1763,760;19,345;9;1
5/5;3117;2022-11-11 11:00:00;31331;HL;низ;1755,120;1763,735;11,535;1;1
5/5;3118;2022-11-11 21:00:00;31341;HH;верх;1772,935;1763,470;17,815;10;1
5/5;3119;2022-11-14 11:00:00;31354;LL;низ;1753,315;1769,745;19,620;13;1
5/5;3120;2022-11-14 15:00:00;31358;HH;верх;1775,090;1772,155;21,775;4;1
5/5;3121;2022-11-15 00:00:00;31366;HL;низ;1767,130;1770,895;7,960;8;1
5/5;3122;2022-11-15 13:00:00;31379;HH;верх;1786,545;1777,915;19,415;13;2
5/5;3123;2022-11-15 17:00:00;31383;HL;низ;1768,065;1780,940;18,480;4;2
5/5;3124;2022-11-16 10:00:00;31399;LH;верх;1785,095;1779,675;17,030;16;1
5/5;3125;2022-11-17 05:00:00;31417;LL;низ;1761,485;1762,645;23,610;18;2
5/5;3126;2022-11-17 08:00:00;31420;LH;верх;1771,105;1756,630;9,620;3;1
5/5;3127;2022-11-17 14:00:00;31426;LL;низ;1754,510;1760,840;16,595;6;1
5/5;3128;2022-11-18 09:00:00;31444;LH;верх;1767,735;1753,630;13,225;18;2
5/5;3129;2022-11-21 09:00:00;31467;LL;низ;1736,995;1741,375;30,740;23;1
5/5;3130;2022-11-21 13:00:00;31471;LH;верх;1747,040;1737,200;10,045;4;1
5/5;3131;2022-11-21 16:00:00;31474;LL;низ;1732,595;1738,185;14,445;3;2
5/5;3132;2022-11-22 11:00:00;31492;HH;верх;1749,795;1741,960;17,200;18;1
5/5;3133;2022-11-22 19:00:00;31500;HL;низ;1737,095;1740,355;12,700;8;1
5/5;3134;2022-11-23 00:00:00;31504;LH;верх;1742,890;1736,565;5,795;4;1
5/5;3135;2022-11-23 04:00:00;31508;LL;низ;1733,045;1739,630;9,845;4;1
5/5;3136;2022-11-23 07:00:00;31511;HH;верх;1745,830;1736,750;12,785;3;1
5/5;3137;2022-11-23 13:00:00;31517;LL;низ;1727,495;1743,805;18,335;6;2
5/5;3138;2022-11-24 10:00:00;31537;HH;верх;1758,705;1756,870;31,210;20;1
5/5;3139;2022-11-25 00:00:00;31548;HL;низ;1752,455;1756,720;6,250;11;1
5/5;3140;2022-11-25 04:00:00;31552;HH;верх;1761,155;1750,950;8,700;4;1
5/5;3141;2022-11-25 13:00:00;31561;LL;низ;1746,020;1753,555;15,135;9;1
5/5;3142;2022-11-25 18:00:00;31566;LH;верх;1756,390;1749,710;10,370;5;1
5/5;3143;2022-11-28 01:00:00;31569;HL;низ;1746,050;1751,795;10,340;3;1
5/5;3144;2022-11-28 10:00:00;31578;HH;верх;1763,775;1745,550;17,725;9;1
5/5;3145;2022-11-28 19:00:00;31587;LL;низ;1739,675;1746,415;24,100;9;1
5/5;3146;2022-11-29 08:00:00;31599;LH;верх;1759,035;1751,680;19,360;12;1
5/5;3147;2022-11-29 14:00:00;31605;HL;низ;1747,000;1750,360;12,035;6;1
5/5;3148;2022-11-29 15:00:00;31606;LH;верх;1758,090;1748,740;11,090;1;1
5/5;3149;2022-11-30 00:00:00;31614;HL;низ;1747,850;1753,905;10,240;8;1
5/5;3150;2022-11-30 13:00:00;31627;HH;верх;1764,850;1760,375;17,000;13;1
5/5;3151;2022-11-30 18:00:00;31632;LL;низ;1744,950;1778,465;19,900;5;1
5/5;3152;2022-12-01 23:00:00;31659;HH;верх;1804,630;1797,505;59,680;27;3
5/5;3153;2022-12-02 02:00:00;31662;HL;низ;1795,645;1801,790;8,985;3;1
5/5;3154;2022-12-02 08:00:00;31668;LH;верх;1803,040;1785,725;7,395;6;1
5/5;3155;2022-12-02 13:00:00;31673;LL;низ;1778,545;1795,520;24,495;5;1
5/5;3156;2022-12-05 04:00:00;31687;HH;верх;1810,010;1796,885;31,465;14;1
5/5;3157;2022-12-05 19:00:00;31702;LL;низ;1765,910;1774,690;44,100;15;1
5/5;3158;2022-12-06 02:00:00;31708;LH;верх;1776,420;1771,640;10,510;6;1
5/5;3159;2022-12-06 06:00:00;31712;HL;низ;1767,395;1779,000;9,025;4;1
5/5;3160;2022-12-06 12:00:00;31718;HH;верх;1780,920;1771,545;13,525;6;1
5/5;3161;2022-12-06 18:00:00;31724;LL;низ;1767,365;1770,000;13,555;6;1
5/5;3162;2022-12-07 02:00:00;31731;LH;верх;1775,265;1772,910;7,900;7;1
5/5;3163;2022-12-07 12:00:00;31741;HL;низ;1770,855;1783,160;4,410;10;1
5/5;3164;2022-12-07 19:00:00;31748;HH;верх;1790,585;1782,315;19,730;7;1
5/5;3165;2022-12-08 03:00:00;31755;HL;низ;1781,490;1783,075;9,095;7;1
5/5;3166;2022-12-08 07:00:00;31759;LH;верх;1787,195;1786,180;5,705;4;1
5/5;3167;2022-12-08 09:00:00;31761;HL;низ;1781,755;1792,450;5,440;2;1
5/5;3168;2022-12-09 05:00:00;31780;HH;верх;1797,815;1794,675;16,060;19;2
5/5;3169;2022-12-09 09:00:00;31784;HL;низ;1789,025;1798,345;8,790;4;2
5/5;3170;2022-12-09 16:00:00;31791;HH;верх;1806,160;1797,460;17,135;7;1
5/5;3171;2022-12-12 05:00:00;31803;LL;низ;1785,525;1792,420;20,635;12;1
5/5;3172;2022-12-12 11:00:00;31809;LH;верх;1795,505;1784,505;9,980;6;1
5/5;3173;2022-12-12 19:00:00;31817;LL;низ;1777,685;1784,305;17,820;8;1
5/5;3174;2022-12-13 14:00:00;31835;HH;верх;1824,515;1811,445;46,830;18;2
5/5;3175;2022-12-14 19:00:00;31863;HL;низ;1795,495;1798,525;29,020;28;2
5/5;3176;2022-12-14 20:00:00;31864;LH;верх;1814,265;1793,980;18,770;1;1
5/5;3177;2022-12-15 08:00:00;31875;LL;низ;1773,845;1776,510;40,420;11;1
5/5;3178;2022-12-15 14:00:00;31881;LH;верх;1786,116;1777,955;12,271;6;1
5/5;3179;2022-12-16 08:00:00;31898;HL;низ;1774,365;1785,525;11,751;17;3
5/5;3180;2022-12-19 08:00:00;31921;HH;верх;1798,775;1791,535;24,410;23;1
5/5;3181;2022-12-19 16:00:00;31929;HL;низ;1783,905;1787,715;14,870;8;2
5/5;3182;2022-12-20 15:00:00;31951;HH;верх;1821,140;1817,540;37,235;22;2
5/5;3183;2022-12-21 11:00:00;31970;HL;низ;1811,925;1816,540;9,215;19;1
5/5;3184;2022-12-21 15:00:00;31974;HH;верх;1823,865;1814,370;11,940;4;1
5/5;3185;2022-12-21 20:00:00;31979;HL;низ;1812,925;1818,375;10,940;5;1
5/5;3186;2022-12-22 05:00:00;31987;LH;верх;1820,460;1814,655;7,535;8;1
5/5;3187;2022-12-22 07:00:00;31989;HL;низ;1813,760;1818,195;6,700;2;1
5/5;3188;2022-12-22 13:00:00;31995;LH;верх;1819,945;1785,715;6,185;6;1
5/5;3189;2022-12-22 18:00:00;32000;LL;низ;1784,850;1792,025;35,095;5;2
5/5;3190;2022-12-23 16:00:00;32021;LH;верх;1803,240;1798,425;18,390;21;1
5/5;3191;2022-12-27 14:00:00;32042;HL;низ;1802,410;1813,090;0,830;21;1
5/5;3192;2022-12-27 15:00:00;32043;HH;верх;1833,445;1812,890;31,035;1;1
5/5;3193;2022-12-28 00:00:00;32051;HL;низ;1809,675;1810,510;23,770;8;1
5/5;3194;2022-12-28 14:00:00;32065;LH;верх;1809,495;1805,425;0,180;14;1
5/5;3195;2022-12-28 16:00:00;32067;LL;низ;1797,100;1804,300;12,395;2;2
5/5;3196;2022-12-29 18:00:00;32092;HH;верх;1820,205;1816,265;23,105;25;1
5/5;3197;2022-12-29 23:00:00;32096;HL;низ;1813,795;1815,910;6,410;4;1
5/5;3198;2022-12-30 07:00:00;32104;HH;верх;1822,345;1819,550;8,550;8;1
5/5;3199;2022-12-30 10:00:00;32107;LL;низ;1813,400;1818,520;8,945;3;2
5/5;3200;2023-01-03 07:00:00;32127;HH;верх;1849,990;1834,625;36,590;20;2
5/5;3201;2023-01-03 15:00:00;32135;HL;низ;1827,645;1838,235;22,345;8;2
5/5;3202;2023-01-04 08:00:00;32151;HH;верх;1865,215;1860,120;37,570;16;1
5/5;3203;2023-01-04 19:00:00;32162;HL;низ;1847,150;1858,910;18,065;11;1
5/5;3204;2023-01-05 01:00:00;32167;LH;верх;1858,995;1850,790;11,845;5;1
5/5;3205;2023-01-05 15:00:00;32181;LL;низ;1825,130;1833,050;33,865;14;2
5/5;3206;2023-01-06 03:00:00;32192;LH;верх;1840,915;1837,175;15,785;11;1
5/5;3207;2023-01-06 09:00:00;32198;HL;низ;1833,320;1843,815;7,595;6;1
5/5;3208;2023-01-09 07:00:00;32219;HH;верх;1881,020;1874,985;47,700;21;1
5/5;3209;2023-01-09 11:00:00;32223;HL;низ;1870,560;1876,195;10,460;4;1
5/5;3210;2023-01-09 14:00:00;32226;HH;верх;1881,550;1875,275;10,990;3;1
5/5;3211;2023-01-10 00:00:00;32235;LL;низ;1867,930;1874,130;13,620;9;2
5/5;3212;2023-01-10 01:00:00;32236;LH;верх;1876,130;1873,310;8,200;1;1
5/5;3213;2023-01-10 12:00:00;32247;HL;низ;1870,475;1874,355;5,655;11;1
5/5;3214;2023-01-10 15:00:00;32250;HH;верх;1880,795;1878,190;10,320;3;1
5/5;3215;2023-01-11 01:00:00;32259;HL;низ;1872,070;1880,810;8,725;9;1
5/5;3216;2023-01-11 09:00:00;32267;HH;верх;1886,695;1871,815;14,625;8;1
5/5;3217;2023-01-11 16:00:00;32274;LL;низ;1867,220;1875,965;19,475;7;2
5/5;3218;2023-01-12 13:00:00;32294;HH;верх;1901,705;1898,955;34,485;20;1
5/5;3219;2023-01-12 13:00:00;32294;HL;низ;1870,300;1898,955;31,405;0;1
5/5;3220;2023-01-13 00:00:00;32304;LH;верх;1900,980;1893,705;30,680;10;1
5/5;3221;2023-01-13 05:00:00;32309;HL;низ;1892,395;1906,140;8,585;5;1
5/5;3222;2023-01-13 08:00:00;32312;HH;верх;1909,735;1900,090;17,340;3;1
5/5;3223;2023-01-13 13:00:00;32317;HL;низ;1893,770;1919,730;15,965;5;1
5/5;3224;2023-01-16 03:00:00;32330;HH;верх;1929,060;1911,750;35,290;13;2
5/5;3225;2023-01-16 08:00:00;32335;HL;низ;1910,915;1913,425;18,145;5;1
5/5;3226;2023-01-17 00:00:00;32348;LH;верх;1919,095;1911,125;8,180;13;1
5/5;3227;2023-01-17 10:00:00;32358;LL;низ;1904,325;1911,090;14,770;10;1
5/5;3228;2023-01-17 14:00:00;32362;LH;верх;1916,670;1908,010;12,345;4;1
5/5;3229;2023-01-18 05:00:00;32376;LL;низ;1896,675;1914,405;19,995;14;2
5/5;3230;2023-01-18 14:00:00;32385;HH;верх;1925,945;1905,155;29,270;9;1
5/5;3231;2023-01-19 02:00:00;32396;HL;низ;1901,035;1911,435;24,910;11;2
5/5;3232;2023-01-19 20:00:00;32414;HH;верх;1935,210;1929,700;34,175;18;2
5/5;3233;2023-01-20 05:00:00;32422;HL;низ;1923,240;1930,065;11,970;8;1
5/5;3234;2023-01-20 08:00:00;32425;HH;верх;1937,580;1924,205;14,340;3;1
5/5;3235;2023-01-20 14:00:00;32431;LL;низ;1920,720;1929,735;16,860;6;1
5/5;3236;2023-01-23 02:00:00;32442;LH;верх;1935,590;1920,330;14,870;11;1
5/5;3237;2023-01-23 15:00:00;32455;LL;низ;1911,435;1931,235;24,155;13;1
5/5;3238;2023-01-24 08:00:00;32471;HH;верх;1942,555;1932,535;31,120;16;1
5/5;3239;2023-01-24 15:00:00;32478;HL;низ;1917,220;1937,945;25,335;7;1
5/5;3240;2023-01-25 02:00:00;32488;LH;верх;1939,740;1928,835;22,520;10;1
5/5;3241;2023-01-25 13:00:00;32499;HL;низ;1919,945;1940,090;19,795;11;1
5/5;3242;2023-01-26 00:00:00;32509;HH;верх;1949,260;1947,575;29,315;10;2
5/5;3243;2023-01-26 16:00:00;32525;LL;низ;1918,695;1929,215;30,565;16;1
5/5;3244;2023-01-27 00:00:00;32532;LH;верх;1934,905;1925,135;16,210;7;1
5/5;3245;2023-01-27 04:00:00;32536;HL;низ;1919,880;1925,695;15,025;4;1
5/5;3246;2023-01-27 13:00:00;32545;HH;верх;1935,050;1930,320;15,170;9;1
5/5;3247;2023-01-27 15:00:00;32547;LL;низ;1916,745;1926,625;18,305;2;1
5/5;3248;2023-01-30 04:00:00;32559;LH;верх;1934,565;1924,760;17,820;12;1
5/5;3249;2023-01-30 08:00:00;32563;HL;низ;1920,745;1929,170;13,820;4;2
5/5;3250;2023-01-31 01:00:00;32579;LH;верх;1927,430;1915,590;6,685;16;1
5/5;3251;2023-01-31 12:00:00;32590;LL;низ;1900,870;1929,610;26,560;11;1
5/5;3252;2023-01-31 18:00:00;32596;HH;верх;1931,190;1927,610;30,320;6;1
5/5;3253;2023-02-01 08:00:00;32609;HL;низ;1923,340;1929,355;7,850;13;1
5/5;3254;2023-02-01 13:00:00;32614;HH;верх;1933,250;1927,995;9,910;5;1
5/5;3255;2023-02-01 17:00:00;32618;LL;низ;1920,580;1953,115;12,670;4;1
5/5;3256;2023-02-02 07:00:00;32631;HH;верх;1959,770;1953,555;39,190;13;2
5/5;3257;2023-02-02 20:00:00;32644;LL;низ;1911,375;1916,485;48,395;13;1
5/5;3258;2023-02-03 02:00:00;32649;LH;верх;1918,650;1913,725;7,275;5;1
5/5;3259;2023-02-03 18:00:00;32665;LL;низ;1861,430;1869,880;57,220;16;1
5/5;3260;2023-02-06 08:00:00;32678;LH;верх;1881,405;1871,700;19,975;13;1
5/5;3261;2023-02-06 15:00:00;32685;HL;низ;1863,140;1868,475;18,265;7;1
5/5;3262;2023-02-07 17:00:00;32710;HH;верх;1884,410;1873,005;21,270;25;2
5/5;3263;2023-02-07 18:00:00;32711;HL;низ;1865,050;1876,735;19,360;1;1
5/5;3264;2023-02-08 07:00:00;32723;HH;верх;1886,515;1879,825;21,465;12;1
5/5;3265;2023-02-08 14:00:00;32730;HL;низ;1869,160;1876,245;17,355;7;3
5/5;3266;2023-02-09 14:00:00;32753;HH;верх;1890,250;1861,955;21,090;23;1
5/5;3267;2023-02-10 05:00:00;32767;LL;низ;1852,835;1863,040;37,415;14;2
5/5;3268;2023-02-10 08:00:00;32770;LH;верх;1872,210;1867,050;19,375;3;1
5/5;3269;2023-02-10 16:00:00;32778;HL;низ;1856,440;1865,350;15,770;8;1
5/5;3270;2023-02-13 06:00:00;32791;LH;верх;1866,640;1862,185;10,200;13;2
5/5;3271;2023-02-13 18:00:00;32803;LL;низ;1850,525;1856,305;16,115;12;1
5/5;3272;2023-02-14 13:00:00;32821;HH;верх;1870,800;1853,675;20,275;18;2
5/5;3273;2023-02-14 14:00:00;32822;LL;низ;1843,260;1855,545;27,540;1;1
5/5;3274;2023-02-15 02:00:00;32833;LH;верх;1860,190;1835,745;16,930;11;2
5/5;3275;2023-02-15 15:00:00;32846;LL;низ;1830,620;1837,645;29,570;13;1
5/5;3276;2023-02-16 02:00:00;32856;LH;верх;1842,645;1841,380;12,025;10;1
5/5;3277;2023-02-16 06:00:00;32860;HL;низ;1834,400;1837,400;8,245;4;1
5/5;3278;2023-02-16 08:00:00;32862;HH;верх;1844,870;1830,900;10,470;2;1
5/5;3279;2023-02-16 15:00:00;32869;LL;низ;1827,665;1836,525;17,205;7;1
5/5;3280;2023-02-16 19:00:00;32873;HH;верх;1845,320;1829,050;17,655;4;1
5/5;3281;2023-02-17 08:00:00;32885;LL;низ;1818,975;1827,645;26,345;12;1
5/5;3282;2023-02-17 20:00:00;32897;LH;верх;1843,685;1842,395;24,710;12;1
5/5;3283;2023-02-20 00:00:00;32900;HL;низ;1837,360;1844,550;6,325;3;1
5/5;3284;2023-02-20 08:00:00;32908;HH;верх;1847,570;1846,465;10,210;8;1
5/5;3285;2023-02-20 08:00:00;32908;HL;низ;1841,160;1846,465;6,410;0;1
5/5;3286;2023-02-20 14:00:00;32914;LH;верх;1847,075;1843,760;5,915;6;1
5/5;3287;2023-02-21 12:00:00;32933;LL;низ;1830,290;1836,805;16,785;19;1
5/5;3288;2023-02-21 14:00:00;32935;LH;верх;1843,905;1834,160;13,615;2;1
5/5;3289;2023-02-21 18:00:00;32939;HL;низ;1831,825;1837,010;12,080;4;1
5/5;3290;2023-02-22 12:00:00;32956;HH;верх;1846,070;1833,225;14,245;17;2
5/5;3291;2023-02-23 00:00:00;32967;LL;низ;1823,205;1828,960;22,865;11;1
5/5;3292;2023-02-23 06:00:00;32973;LH;верх;1833,900;1826,555;10,695;6;1
5/5;3293;2023-02-23 13:00:00;32980;LL;низ;1817,550;1822,735;16,350;7;1
5/5;3294;2023-02-23 14:00:00;32981;LH;верх;1830,210;1823,025;12,660;1;2
5/5;3295;2023-02-24 18:00:00;33008;LL;низ;1809,010;1813,585;21,200;27;1
5/5;3296;2023-02-27 01:00:00;33014;LH;верх;1814,265;1808,120;5,255;6;1
5/5;3297;2023-02-27 03:00:00;33016;LL;низ;1806,705;1810,145;7,560;2;1
5/5;3298;2023-02-27 15:00:00;33028;HH;верх;1820,200;1817,310;13,495;12;2
5/5;3299;2023-02-28 08:00:00;33044;LL;низ;1804,685;1814,035;15,515;16;1
5/5;3300;2023-02-28 17:00:00;33053;HH;верх;1831,175;1825,620;26,490;9;1
5/5;3301;2023-03-01 00:00:00;33059;HL;низ;1823,150;1831,135;8,025;6;1
5/5;3302;2023-03-01 15:00:00;33074;HH;верх;1844,830;1837,335;21,680;15;1
5/5;3303;2023-03-02 08:00:00;33090;HL;низ;1830,050;1832,320;14,780;16;2
5/5;3304;2023-03-03 11:00:00;33116;HH;верх;1849,300;1847,840;19,250;26;2
5/5;3305;2023-03-03 15:00:00;33120;HL;низ;1839,115;1855,260;10,185;4;1
5/5;3306;2023-03-06 07:00:00;33135;HH;верх;1858,310;1852,325;19,195;15;2
5/5;3307;2023-03-06 11:00:00;33139;HL;низ;1847,325;1851,720;10,985;4;1
5/5;3308;2023-03-06 15:00:00;33143;LH;верх;1854,085;1846,685;6,760;4;1
5/5;3309;2023-03-07 00:00:00;33151;LL;низ;1844,180;1847,535;9,905;8;1
5/5;3310;2023-03-07 07:00:00;33158;LH;верх;1851,705;1839,725;7,525;7;1
5/5;3311;2023-03-08 03:00:00;33177;LL;низ;1809,425;1813,410;42,280;19;2
5/5;3312;2023-03-08 15:00:00;33189;LH;верх;1824,305;1813,430;14,880;12;2
5/5;3313;2023-03-09 02:00:00;33199;HL;низ;1811,985;1814,865;12,320;10;1
5/5;3314;2023-03-09 15:00:00;33212;HH;верх;1835,725;1830,610;23,740;13;1
5/5;3315;2023-03-10 04:00:00;33224;HL;низ;1827,815;1831,655;7,910;12;1
5/5;3316;2023-03-12 22:00:00;33242;HH;верх;1894,680;1882,640;66,865;18;1
5/5;3317;2023-03-13 07:00:00;33251;HL;низ;1871,535;1899,455;23,145;9;1
5/5;3318;2023-03-13 19:00:00;33263;HH;верх;1914,695;1906,190;43,160;12;2
5/5;3319;2023-03-14 13:00:00;33280;HL;низ;1895,435;1906,805;19,260;17;1
5/5;3320;2023-03-15 02:00:00;33292;LH;верх;1905,745;1896,525;10,310;12;1
5/5;3321;2023-03-15 08:00:00;33298;LL;низ;1885,790;1926,225;19,955;6;1
5/5;3322;2023-03-15 16:00:00;33306;HH;верх;1937,390;1920,390;51,600;8;1
5/5;3323;2023-03-16 01:00:00;33314;HL;низ;1907,560;1916,690;29,830;8;2
5/5;3324;2023-03-16 13:00:00;33326;LH;верх;1933,540;1918,445;25,980;12;1
5/5;3325;2023-03-16 15:00:00;33328;HL;низ;1913,430;1919,340;20,110;2;2
5/5;3326;2023-03-17 20:00:00;33356;HH;верх;1988,335;1974,905;74,905;28;1
5/5;3327;2023-03-20 01:00:00;33360;HL;низ;1968,185;1988,675;20,150;4;1
5/5;3328;2023-03-20 07:00:00;33366;HH;верх;2009,850;1974,565;41,665;6;1
5/5;3329;2023-03-20 14:00:00;33373;LL;низ;1965,990;1977,265;43,860;7;1
5/5;3330;2023-03-20 19:00:00;33378;LH;верх;1984,410;1980,215;18,420;5;1
5/5;3331;2023-03-21 00:00:00;33382;HL;низ;1975,520;1982,595;8,890;4;1
5/5;3332;2023-03-21 03:00:00;33385;HH;верх;1985,220;1966,395;9,700;3;1
5/5;3333;2023-03-21 18:00:00;33400;LL;низ;1935,465;1943,560;49,755;15;1
5/5;3334;2023-03-22 01:00:00;33406;LH;верх;1946,305;1942,480;10,840;6;1
5/5;3335;2023-03-22 07:00:00;33412;LL;низ;1934,345;1937,590;11,960;6;1
5/5;3336;2023-03-23 07:00:00;33435;HH;верх;1983,700;1972,000;49,355;23;2
5/5;3337;2023-03-23 12:00:00;33440;HL;низ;1966,590;1999,695;17,110;5;1
5/5;3338;2023-03-23 18:00:00;33446;HH;верх;2003,360;1993,880;36,770;6;1
5/5;3339;2023-03-24 08:00:00;33459;HL;низ;1981,325;1989,640;22,035;13;1
5/5;3340;2023-03-24 12:00:00;33463;LH;верх;2003,080;1979,830;21,755;4;1
5/5;3341;2023-03-27 13:00:00;33487;LL;низ;1944,045;1956,045;59,035;24;2
5/5;3342;2023-03-28 01:00:00;33498;LH;верх;1964,075;1955,070;20,030;11;2
5/5;3343;2023-03-28 09:00:00;33506;HL;низ;1949,245;1969,195;14,830;8;1
5/5;3344;2023-03-28 19:00:00;33516;HH;верх;1975,365;1969,205;26,120;10;1
5/5;3345;2023-03-29 07:00:00;33527;HL;низ;1958,755;1964,925;16,610;11;1
5/5;3346;2023-03-29 14:00:00;33534;LH;верх;1971,800;1963,320;13,045;7;1
5/5;3347;2023-03-30 01:00:00;33544;LL;низ;1955,410;1968,805;16,390;10;3
5/5;3348;2023-03-30 16:00:00;33559;HH;верх;1984,365;1979,135;28,955;15;1
5/5;3349;2023-03-31 00:00:00;33566;HL;низ;1977,745;1979,080;6,620;7;1
5/5;3350;2023-03-31 06:00:00;33572;HH;верх;1985,115;1980,305;7,370;6;1
5/5;3351;2023-03-31 08:00:00;33574;LL;низ;1973,275;1979,830;11,840;2;1
5/5;3352;2023-03-31 12:00:00;33578;HH;верх;1987,645;1967,500;14,370;4;1
5/5;3353;2023-04-03 03:00:00;33592;LL;низ;1949,810;1965,835;37,835;14;1
5/5;3354;2023-04-03 15:00:00;33604;HH;верх;1990,545;1984,385;40,735;12;1
5/5;3355;2023-04-04 06:00:00;33618;HL;низ;1977,035;1982,040;13,510;14;1
5/5;3356;2023-04-05 13:00:00;33648;HH;верх;2032,110;2023,185;55,075;30;2
5/5;3357;2023-04-06 02:00:00;33660;HL;низ;2008,080;2016,440;24,030;12;2
5/5;3358;2023-04-06 11:00:00;33669;LH;верх;2021,035;2011,770;12,955;9;1
5/5;3359;2023-04-10 02:00:00;33683;LL;низ;1988,960;1997,485;32,075;14;2
5/5;3360;2023-04-10 11:00:00;33692;LH;верх;2003,045;1989,775;14,085;9;1
5/5;3361;2023-04-10 14:00:00;33695;LL;низ;1981,680;1991,605;21,365;3;2
5/5;3362;2023-04-11 08:00:00;33712;HH;верх;2007,495;2001,525;25,815;17;1
5/5;3363;2023-04-11 13:00:00;33717;HL;низ;1995,640;2004,555;11,855;5;1
5/5;3364;2023-04-12 12:00:00;33739;HH;верх;2028,400;2011,510;32,760;22;2
5/5;3365;2023-04-12 13:00:00;33740;HL;низ;2001,220;2015,820;27,180;1;1
5/5;3366;2023-04-13 00:00:00;33750;LH;верх;2019,870;2015,480;18,650;10;1
5/5;3367;2023-04-13 06:00:00;33756;HL;низ;2015,365;2028,625;4,505;6;1
5/5;3368;2023-04-13 14:00:00;33764;HH;верх;2048,770;2040,555;33,405;8;2
5/5;3369;2023-04-14 16:00:00;33789;LL;низ;1992,500;2001,240;56,270;25;2
5/5;3370;2023-04-17 07:00:00;33803;LH;верх;2015,075;2000,630;22,575;14;1
5/5;3371;2023-04-17 14:00:00;33810;LL;низ;1981,190;1996,310;33,885;7;3
5/5;3372;2023-04-18 15:00:00;33834;LH;верх;2011,890;2005,075;30,700;24;2
5/5;3373;2023-04-19 11:00:00;33853;LL;низ;1969,305;1996,065;42,585;19;2
5/5;3374;2023-04-20 14:00:00;33879;HH;верх;2012,445;2003,195;43,140;26;1
5/5;3375;2023-04-21 06:00:00;33894;HL;низ;1981,995;1988,030;30,450;15;1
5/5;3376;2023-04-21 13:00:00;33901;LH;верх;1998,065;1979,265;16,070;7;1
5/5;3377;2023-04-21 14:00:00;33902;LL;низ;1971,695;1982,770;26,370;1;1
5/5;3378;2023-04-23 23:00:00;33910;LH;верх;1985,425;1979,560;13,730;8;1
5/5;3379;2023-04-24 13:00:00;33924;HL;низ;1974,155;1989,815;11,270;14;2
5/5;3380;2023-04-25 00:00:00;33934;HH;верх;2000,995;1995,565;26,840;10;1
5/5;3381;2023-04-25 12:00:00;33946;HL;низ;1976,185;1999,080;24,810;12;1
5/5;3382;2023-04-25 18:00:00;33952;HH;верх;2003,890;1997,880;27,705;6;1
5/5;3383;2023-04-26 03:00:00;33960;HL;низ;1993,215;1997,765;10,675;8;1
5/5;3384;2023-04-26 13:00:00;33970;HH;верх;2009,450;1990,350;16,235;10;1
5/5;3385;2023-04-26 17:00:00;33974;LL;низ;1983,375;1991,725;26,075;4;1
5/5;3386;2023-04-27 12:00:00;33992;LH;верх;2003,415;1989,195;20,040;18;2
5/5;3387;2023-04-27 13:00:00;33993;LL;низ;1974,115;1989,100;29,300;1;1
5/5;3388;2023-04-28 01:00:00;34004;LH;верх;1991,670;1985,940;17,555;11;1
5/5;3389;2023-04-28 12:00:00;34015;HL;низ;1976,265;1990,745;15,405;11;1
5/5;3390;2023-04-28 15:00:00;34018;HH;верх;1995,140;1989,535;18,875;3;1
5/5;3391;2023-05-01 09:00:00;34035;HL;низ;1977,120;1984,335;18,020;17;1
5/5;3392;2023-05-01 13:00:00;34039;HH;верх;2006,070;1980,830;28,950;4;1
5/5;3393;2023-05-02 08:00:00;34057;HL;низ;1978,520;1987,035;27,550;18;2
5/5;3394;2023-05-03 04:00:00;34076;HH;верх;2019,590;2017,075;41,070;19;2
5/5;3395;2023-05-03 12:00:00;34084;HL;низ;2008,025;2023,820;11,565;8;1
5/5;3396;2023-05-03 22:00:00;34093;HH;верх;2067,000;2041,065;58,975;9;1
5/5;3397;2023-05-04 07:00:00;34102;HL;низ;2030,390;2036,990;36,610;9;1
5/5;3398;2023-05-04 14:00:00;34109;LH;верх;2059,645;2049,640;29,255;7;2
5/5;3399;2023-05-05 14:00:00;34132;LL;низ;1999,585;2017,835;60,060;23;2
5/5;3400;2023-05-08 16:00:00;34157;LH;верх;2029,400;2022,265;29,815;25;1
5/5;3401;2023-05-09 00:00:00;34164;HL;низ;2019,550;2026,115;9,850;7;2
5/5;3402;2023-05-10 12:00:00;34199;HH;верх;2048,245;2030,930;28,695;35;4
5/5;3403;2023-05-10 15:00:00;34202;HL;низ;2021,565;2029,740;26,680;3;1
5/5;3404;2023-05-11 12:00:00;34222;LH;верх;2041,390;2014,040;19,825;20;2
5/5;3405;2023-05-11 13:00:00;34223;LL;низ;2011,185;2014,550;30,205;1;1
5/5;3406;2023-05-12 00:00:00;34233;LH;верх;2017,595;2009,615;6,410;10;1
5/5;3407;2023-05-12 09:00:00;34242;LL;низ;2000,960;2011,320;16,635;9;1
5/5;3408;2023-05-12 13:00:00;34246;HH;верх;2022,580;2014,470;21,620;4;1
5/5;3409;2023-05-14 22:00:00;34254;HL;низ;2007,845;2014,050;14,735;8;2
5/5;3410;2023-05-15 13:00:00;34269;LH;верх;2022,115;2014,870;14,270;15;1
5/5;3411;2023-05-15 23:00:00;34278;HL;низ;2013,805;2016,235;8,310;9;1
5/5;3412;2023-05-16 01:00:00;34280;LH;верх;2018,390;2007,220;4,585;2;1
5/5;3413;2023-05-16 06:00:00;34285;LL;низ;2002,765;2005,560;15,625;5;1
5/5;3414;2023-05-16 12:00:00;34291;LH;верх;2014,925;1986,885;12,160;6;1
5/5;3415;2023-05-16 17:00:00;34296;LL;низ;1985,530;1989,775;29,395;5;1
5/5;3416;2023-05-17 02:00:00;34304;LH;верх;1993,120;1987,760;7,590;8;1
5/5;3417;2023-05-17 14:00:00;34316;LL;низ;1975,095;1983,100;18,025;12;1
5/5;3418;2023-05-18 02:00:00;34327;LH;верх;1986,070;1974,635;10,975;11;1
5/5;3419;2023-05-18 15:00:00;34340;LL;низ;1952,010;1957,685;34,060;13;2
5/5;3420;2023-05-19 06:00:00;34354;LH;верх;1968,795;1963,790;16,785;14;1
5/5;3421;2023-05-19 14:00:00;34362;HL;низ;1957,280;1976,240;11,515;8;1
5/5;3422;2023-05-19 15:00:00;34363;HH;верх;1984,325;1977,895;27,045;1;3
5/5;3423;2023-05-22 14:00:00;34385;HL;низ;1968,905;1972,210;15,420;22;1
5/5;3424;2023-05-22 17:00:00;34388;LH;верх;1978,955;1969,865;10,050;3;1
5/5;3425;2023-05-23 08:00:00;34402;LL;низ;1954,300;1969,745;24,655;14;1
5/5;3426;2023-05-24 05:00:00;34422;HH;верх;1980,635;1976,720;26,335;20;2
5/5;3427;2023-05-24 07:00:00;34424;HL;низ;1970,765;1979,980;9,870;2;1
5/5;3428;2023-05-24 12:00:00;34429;HH;верх;1985,390;1962,500;14,625;5;1
5/5;3429;2023-05-25 05:00:00;34445;LL;низ;1955,030;1961,985;30,360;16;2
5/5;3430;2023-05-25 08:00:00;34448;LH;верх;1964,785;1946,660;9,755;3;1
5/5;3431;2023-05-26 00:00:00;34463;LL;низ;1936,815;1948,735;27,970;15;2
5/5;3432;2023-05-26 07:00:00;34470;LH;верх;1957,360;1947,425;20,545;7;1
5/5;3433;2023-05-26 15:00:00;34478;HL;низ;1938,850;1946,930;18,510;8;2
5/5;3434;2023-05-29 06:00:00;34492;LH;верх;1948,985;1946,395;10,135;14;1
5/5;3435;2023-05-29 08:00:00;34494;HL;низ;1940,900;1946,690;8,085;2;1
5/5;3436;2023-05-29 12:00:00;34498;HH;верх;1949,770;1943,540;8,870;4;2
5/5;3437;2023-05-30 05:00:00;34512;LL;низ;1932,110;1955,535;17,660;14;1
5/5;3438;2023-05-30 16:00:00;34523;HH;верх;1963,550;1958,645;31,440;11;1
5/5;3439;2023-05-31 02:00:00;34532;HL;низ;1953,700;1956,165;9,850;9;1
5/5;3440;2023-05-31 05:00:00;34535;HH;верх;1965,415;1957,325;11,715;3;1
5/5;3441;2023-05-31 10:00:00;34540;HL;низ;1955,000;1968,640;10,415;5;1
5/5;3442;2023-05-31 14:00:00;34544;HH;верх;1974,835;1963,145;19,835;4;2
5/5;3443;2023-06-01 08:00:00;34561;LL;низ;1953,445;1973,270;21,390;17;1
5/5;3444;2023-06-01 15:00:00;34568;HH;верх;1983,180;1977,540;29,735;7;1
5/5;3445;2023-06-02 01:00:00;34577;HL;низ;1974,105;1978,570;9,075;9;1
5/5;3446;2023-06-02 03:00:00;34579;HH;верх;1983,505;1979,180;9,400;2;1
5/5;3447;2023-06-05 12:00:00;34611;LL;низ;1938,150;1960,375;45,355;32;1
5/5;3448;2023-06-06 02:00:00;34624;LH;верх;1964,650;1957,585;26,500;13;2
5/5;3449;2023-06-06 07:00:00;34629;HL;низ;1956,895;1961,925;7,755;5;1
5/5;3450;2023-06-06 12:00:00;34634;HH;верх;1966,385;1964,565;9,490;5;1
5/5;3451;2023-06-06 13:00:00;34635;LL;низ;1954,395;1963,315;11,990;1;1
5/5;3452;2023-06-07 01:00:00;34646;HH;верх;1966,790;1957,645;12,395;11;1
5/5;3453;2023-06-07 07:00:00;34652;HL;низ;1955,015;1958,620;11,775;6;1
5/5;3454;2023-06-07 13:00:00;34658;HH;верх;1970,220;1942,790;15,205;6;1
5/5;3455;2023-06-07 20:00:00;34665;LL;низ;1939,955;1946,390;30,265;7;2
5/5;3456;2023-06-09 12:00:00;34703;HH;верх;1973,160;1961,630;33,205;38;2
5/5;3457;2023-06-12 02:00:00;34716;HL;низ;1954,305;1960,690;18,855;13;2
5/5;3458;2023-06-12 10:00:00;34724;LH;верх;1967,015;1955,485;12,710;8;1
5/5;3459;2023-06-12 13:00:00;34727;LL;низ;1949,280;1956,715;17,735;3;2
5/5;3460;2023-06-13 12:00:00;34749;HH;верх;1971,210;1942,665;21,930;22;1
5/5;3461;2023-06-13 19:00:00;34756;LL;низ;1940,095;1947,010;31,115;7;2
5/5;3462;2023-06-14 12:00:00;34772;LH;верх;1960,310;1953,935;20,215;16;1
5/5;3463;2023-06-15 12:00:00;34795;LL;низ;1925,040;1958,800;35,270;23;1
5/5;3464;2023-06-15 17:00:00;34800;LH;верх;1960,310;1958,295;35,270;5;1
5/5;3465;2023-06-16 05:00:00;34811;HL;низ;1954,725;1964,970;5,585;11;1
5/5;3466;2023-06-16 12:00:00;34818;HH;верх;1967,920;1959,260;13,195;7;1
5/5;3467;2023-06-16 14:00:00;34820;LL;низ;1953,320;1955,470;14,600;2;1
5/5;3468;2023-06-19 08:00:00;34837;LH;верх;1958,810;1952,080;5,490;17;1
5/5;3469;2023-06-19 12:00:00;34841;LL;низ;1947,840;1949,700;10,970;4;1
5/5;3470;2023-06-19 22:00:00;34848;LH;верх;1954,225;1950,310;6,385;7;1
5/5;3471;2023-06-20 01:00:00;34851;LL;низ;1945,215;1951,305;9,010;3;1
5/5;3472;2023-06-20 07:00:00;34857;HH;верх;1956,840;1944,780;11,625;6;1
5/5;3473;2023-06-20 14:00:00;34864;LL;низ;1929,820;1936,230;27,020;7;1
5/5;3474;2023-06-21 02:00:00;34875;LH;верх;1939,575;1935,035;9,755;11;1
5/5;3475;2023-06-21 13:00:00;34886;LL;низ;1919,245;1935,925;20,330;11;2
5/5;3476;2023-06-21 18:00:00;34891;LH;верх;1937,605;1932,320;18,360;5;1
5/5;3477;2023-06-23 02:00:00;34921;LL;низ;1910,210;1918,135;27,395;30;1
5/5;3478;2023-06-23 13:00:00;34932;LH;верх;1937,305;1920,620;27,095;11;2
5/5;3479;2023-06-26 06:00:00;34948;HL;низ;1922,230;1931,425;15,075;16;1
5/5;3480;2023-06-26 10:00:00;34952;LH;верх;1933,395;1925,780;11,165;4;1
5/5;3481;2023-06-26 23:00:00;34964;LL;низ;1921,025;1928,530;12,370;12;2
5/5;3482;2023-06-27 13:00:00;34978;LH;верх;1930,730;1914,840;9,705;14;2
5/5;3483;2023-06-27 18:00:00;34983;LL;низ;1910,890;1916,245;19,840;5;1
5/5;3484;2023-06-28 00:00:00;34988;LH;верх;1917,285;1915,640;6,395;5;1
5/5;3485;2023-06-28 13:00:00;35001;LL;низ;1902,870;1912,240;14,415;13;1
5/5;3486;2023-06-28 17:00:00;35005;LH;верх;1913,435;1909,775;10,565;4;2
5/5;3487;2023-06-29 13:00:00;35024;LL;низ;1893,070;1907,055;20,365;19;1
5/5;3488;2023-06-29 14:00:00;35025;LH;верх;1913,180;1907,730;20,110;1;2
5/5;3489;2023-06-30 08:00:00;35042;HL;низ;1900,605;1911,970;12,575;17;1
5/5;3490;2023-06-30 17:00:00;35051;HH;верх;1922,780;1918,260;22,175;9;2
5/5;3491;2023-07-03 08:00:00;35065;HL;низ;1910,080;1926,085;12,700;14;1
5/5;3492;2023-07-03 14:00:00;35071;HH;верх;1931,085;1921,430;21,005;6;1
5/5;3493;2023-07-03 23:00:00;35079;HL;низ;1920,005;1924,310;11,080;8;1
5/5;3494;2023-07-04 10:00:00;35090;LH;верх;1930,765;1927,095;10,760;11;1
5/5;3495;2023-07-05 06:00:00;35107;HL;низ;1920,895;1927,575;9,870;17;2
5/5;3496;2023-07-05 13:00:00;35114;HH;верх;1935,050;1916,080;14,155;7;1
5/5;3497;2023-07-05 20:00:00;35121;LL;низ;1914,855;1918,805;20,195;7;1
5/5;3498;2023-07-06 12:00:00;35136;LH;верх;1927,665;1910,895;12,810;15;1
5/5;3499;2023-07-06 12:00:00;35136;LL;низ;1902,745;1910,895;24,920;0;1
5/5;3500;2023-07-07 15:00:00;35162;HH;верх;1934,935;1925,565;32,190;26;1
5/5;3501;2023-07-10 06:00:00;35176;HL;низ;1919,430;1924,755;15,505;14;1
5/5;3502;2023-07-10 09:00:00;35179;LH;верх;1926,295;1922,090;6,865;3;1
5/5;3503;2023-07-10 12:00:00;35182;LL;низ;1912,750;1925,715;13,545;3;1
5/5;3504;2023-07-10 17:00:00;35187;HH;верх;1926,880;1924,905;14,130;5;1
5/5;3505;2023-07-10 23:00:00;35192;HL;низ;1924,420;1929,445;2,460;5;1
5/5;3506;2023-07-11 10:00:00;35203;HH;верх;1938,495;1931,145;14,075;11;1
5/5;3507;2023-07-11 16:00:00;35209;HL;низ;1929,420;1933,515;9,075;6;1
5/5;3508;2023-07-12 02:00:00;35218;HH;верх;1941,025;1934,765;11,605;9;1
5/5;3509;2023-07-12 11:00:00;35227;HL;низ;1933,595;1959,285;7,430;9;1
5/5;3510;2023-07-12 17:00:00;35233;HH;верх;1959,750;1957,825;26,155;6;1
5/5;3511;2023-07-13 05:00:00;35244;HL;низ;1955,335;1960,565;4,415;11;1
5/5;3512;2023-07-13 12:00:00;35251;HH;верх;1963,735;1960,105;8,400;7;1
5/5;3513;2023-07-13 12:00:00;35251;LL;низ;1952,470;1960,105;11,265;0;1
5/5;3514;2023-07-14 02:00:00;35264;HH;верх;1963,795;1956,900;11,325;13;1
5/5;3515;2023-07-14 07:00:00;35269;HL;низ;1954,405;1957,565;9,390;5;1
5/5;3516;2023-07-14 12:00:00;35274;LH;верх;1962,800;1960,330;8,395;5;1
5/5;3517;2023-07-14 14:00:00;35276;LL;низ;1950,990;1954,420;11,810;2;1
5/5;3518;2023-07-17 10:00:00;35295;LH;верх;1959,910;1954,705;8,920;19;1
5/5;3519;2023-07-17 13:00:00;35298;LL;низ;1945,840;1955,640;14,070;3;1
5/5;3520;2023-07-18 15:00:00;35323;HH;верх;1984,425;1978,920;38,585;25;3
5/5;3521;2023-07-19 14:00:00;35345;HL;низ;1969,810;1978,530;14,615;22;1
5/5;3522;2023-07-20 03:00:00;35357;HH;верх;1987,530;1981,660;17,720;12;1
5/5;3523;2023-07-20 16:00:00;35370;LL;низ;1965,390;1970,695;22,140;13;1
5/5;3524;2023-07-21 01:00:00;35378;LH;верх;1973,850;1970,790;8,460;8;1
5/5;3525;2023-07-21 15:00:00;35392;LL;низ;1956,905;1961,950;16,945;14;2
5/5;3526;2023-07-24 11:00:00;35411;LH;верх;1967,905;1959,920;11,000;19;1
5/5;3527;2023-07-24 23:00:00;35422;LL;низ;1953,285;1960,630;14,620;11;1
5/5;3528;2023-07-25 06:00:00;35429;LH;верх;1964,205;1960,825;10,920;7;1
5/5;3529;2023-07-25 14:00:00;35437;LL;низ;1952,005;1964,500;12,200;8;1
5/5;3530;2023-07-25 22:00:00;35444;HH;верх;1966,400;1964,005;14,395;7;1
5/5;3531;2023-07-26 01:00:00;35447;HL;низ;1962,065;1969,640;4,335;3;2
5/5;3532;2023-07-27 07:00:00;35476;HH;верх;1982,265;1960,265;20,200;29;2
5/5;3533;2023-07-27 16:00:00;35485;LL;низ;1942,645;1946,990;39,620;9;1
5/5;3534;2023-07-28 04:00:00;35496;LH;верх;1956,835;1951,985;14,190;11;1
5/5;3535;2023-07-28 08:00:00;35500;HL;низ;1947,885;1955,935;8,950;4;1
5/5;3536;2023-07-28 16:00:00;35508;HH;верх;1963,575;1960,100;15,690;8;1
5/5;3537;2023-07-31 08:00:00;35523;HL;низ;1950,206;1971,460;13,369;15;1
5/5;3538;2023-07-31 13:00:00;35528;HH;верх;1972,455;1966,480;22,249;5;1
5/5;3539;2023-08-01 17:00:00;35555;LL;низ;1941,290;1952,230;31,165;27;1
5/5;3540;2023-08-01 23:00:00;35560;LH;верх;1952,995;1946,455;11,705;5;1
5/5;3541;2023-08-02 04:00:00;35565;HL;низ;1945,370;1949,665;7,625;5;1
5/5;3542;2023-08-02 11:00:00;35572;HH;верх;1954,880;1935,745;9,510;7;1
5/5;3543;2023-08-02 15:00:00;35576;LL;низ;1933,036;1934,710;21,844;4;1
5/5;3544;2023-08-03 01:00:00;35585;LH;верх;1938,940;1933,555;5,904;9;2
5/5;3545;2023-08-03 12:00:00;35596;LL;низ;1929,610;1934,845;9,330;11;1
5/5;3546;2023-08-03 15:00:00;35599;LH;верх;1938,775;1934,225;9,165;3;2
5/5;3547;2023-08-04 12:00:00;35619;LL;низ;1924,780;1942,030;13,995;20;1
5/5;3548;2023-08-04 13:00:00;35620;HH;верх;1946,990;1941,335;22,210;1;3
5/5;3549;2023-08-07 14:00:00;35644;HL;низ;1931,525;1936,775;15,465;24;1
5/5;3550;2023-08-07 23:00:00;35652;LH;верх;1938,155;1934,475;6,630;8;2
5/5;3551;2023-08-08 13:00:00;35666;LL;низ;1922,795;1925,400;15,360;14;2
5/5;3552;2023-08-09 06:00:00;35682;LH;верх;1932,395;1924,540;9,600;16;1
5/5;3553;2023-08-09 20:00:00;35696;LL;низ;1914,125;1917,075;18,270;14;1
5/5;3554;2023-08-10 12:00:00;35711;LH;верх;1930,180;1913,730;16,055;15;1
5/5;3555;2023-08-10 23:00:00;35721;LL;низ;1910,900;1913,535;19,280;10;1
5/5;3556;2023-08-11 12:00:00;35734;LH;верх;1920,970;1913,295;10,070;13;1
5/5;3557;2023-08-14 01:00:00;35746;LL;низ;1910,145;1912,165;10,825;12;1
5/5;3558;2023-08-14 08:00:00;35753;LH;верх;1916,260;1904,250;6,115;7;1
5/5;3559;2023-08-14 13:00:00;35758;LL;низ;1902,730;1908,140;13,530;5;1
5/5;3560;2023-08-15 01:00:00;35769;LH;верх;1908,320;1905,115;5,590;11;1
5/5;3561;2023-08-15 12:00:00;35780;LL;низ;1896,455;1904,435;11,865;11;2
5/5;3562;2023-08-15 14:00:00;35782;HH;верх;1911,710;1902,760;15,255;2;1
5/5;3563;2023-08-15 23:00:00;35790;HL;низ;1900,345;1904,025;11,365;8;1
5/5;3564;2023-08-16 09:00:00;35800;LH;верх;1907,275;1904,730;6,930;10;1
5/5;3565;2023-08-17 01:00:00;35815;LL;низ;1889,610;1897,440;17,665;15;1
5/5;3566;2023-08-17 13:00:00;35827;LH;верх;1903,515;1886,615;13,905;12;1
5/5;3567;2023-08-17 17:00:00;35831;LL;низ;1885,085;1891,330;18,430;4;1
5/5;3568;2023-08-18 13:00:00;35850;LH;верх;1896,905;1888,570;11,820;19;2
5/5;3569;2023-08-21 02:00:00;35862;LL;низ;1884,885;1888,185;12,020;12;2
5/5;3570;2023-08-21 13:00:00;35873;HH;верх;1898,825;1894,635;13,940;11;2
5/5;3571;2023-08-21 14:00:00;35874;HL;низ;1885,310;1894,375;13,515;1;2
5/5;3572;2023-08-22 10:00:00;35893;HH;верх;1904,550;1897,905;19,240;19;1
5/5;3573;2023-08-22 13:00:00;35896;HL;низ;1889,195;1897,260;15,355;3;2
5/5;3574;2023-08-23 16:00:00;35922;HH;верх;1920,425;1917,075;31,230;26;1
5/5;3575;2023-08-23 20:00:00;35926;HL;низ;1914,550;1919,970;5,875;4;1
5/5;3576;2023-08-24 06:00:00;35935;HH;верх;1923,000;1916,690;8,450;9;1
5/5;3577;2023-08-24 12:00:00;35941;LL;низ;1911,845;1917,185;11,155;6;1
5/5;3578;2023-08-24 14:00:00;35943;HH;верх;1923,400;1916,820;11,555;2;1
5/5;3579;2023-08-25 06:00:00;35958;HL;низ;1912,855;1918,415;10,545;15;1
5/5;3580;2023-08-25 14:00:00;35966;LH;верх;1922,440;1914,395;9,585;8;1
5/5;3581;2023-08-25 14:00:00;35966;LL;низ;1903,810;1914,395;18,630;0;1
5/5;3582;2023-08-28 06:00:00;35981;LH;верх;1917,830;1914,850;14,020;15;1
5/5;3583;2023-08-28 13:00:00;35988;HL;низ;1912,835;1919,620;4,995;7;1
5/5;3584;2023-08-28 15:00:00;35990;HH;верх;1926,100;1920,190;13,265;2;2
5/5;3585;2023-08-29 12:00:00;36010;HL;низ;1914,485;1937,245;11,615;20;1
5/5;3586;2023-08-29 17:00:00;36015;HH;верх;1938,235;1936,250;23,750;5;1
5/5;3587;2023-08-30 07:00:00;36028;HL;низ;1934,995;1945,240;3,240;13;1
5/5;3588;2023-08-30 14:00:00;36035;HH;верх;1949,115;1943,475;14,120;7;1
5/5;3589;2023-08-30 20:00:00;36041;HL;низ;1942,155;1946,195;6,960;6;1
5/5;3590;2023-08-31 02:00:00;36046;LH;верх;1947,805;1945,120;5,650;5;1
5/5;3591;2023-08-31 06:00:00;36050;HL;низ;1943,290;1945,725;4,515;4;1
5/5;3592;2023-08-31 12:00:00;36056;HH;верх;1947,955;1940,520;4,665;6;1
5/5;3593;2023-08-31 15:00:00;36059;LL;низ;1939,085;1939,855;8,870;3;1
5/5;3594;2023-09-01 01:00:00;36068;LH;верх;1944,150;1940,460;5,065;9;1
5/5;3595;2023-09-01 04:00:00;36071;LL;низ;1938,270;1944,280;5,880;3;1
5/5;3596;2023-09-01 12:00:00;36079;HH;верх;1953,055;1941,210;14,785;8;1
5/5;3597;2023-09-01 14:00:00;36081;LL;низ;1934,470;1940,600;18,585;2;1
5/5;3598;2023-09-04 06:00:00;36096;LH;верх;1946,335;1941,725;11,865;15;1
5/5;3599;2023-09-05 01:00:00;36112;HL;низ;1935,030;1936,835;11,305;16;2
5/5;3600;2023-09-05 05:00:00;36116;LH;верх;1939,035;1931,135;4,005;4;1
5/5;3601;2023-09-06 01:00:00;36135;LL;низ;1924,270;1926,125;14,765;19;2
5/5;3602;2023-09-06 13:00:00;36147;LH;верх;1929,245;1917,730;4,975;12;2
5/5;3603;2023-09-06 14:00:00;36148;LL;низ;1915,345;1916,780;13,900;1;1
5/5;3604;2023-09-07 12:00:00;36169;LH;верх;1923,670;1918,495;8,325;21;2
5/5;3605;2023-09-07 12:00:00;36169;HL;низ;1916,270;1918,495;7,400;0;1
5/5;3606;2023-09-08 14:00:00;36194;HH;верх;1929,750;1919,265;13,480;25;2
5/5;3607;2023-09-10 23:00:00;36202;HL;низ;1916,630;1926,580;13,120;8;2
5/5;3608;2023-09-11 07:00:00;36210;HH;верх;1930,780;1927,325;14,150;8;2
5/5;3609;2023-09-11 15:00:00;36218;HL;низ;1921,435;1922,380;9,345;8;1
5/5;3610;2023-09-12 04:00:00;36230;LH;верх;1924,555;1919,030;3,120;12;1
5/5;3611;2023-09-12 13:00:00;36239;LL;низ;1907,620;1913,425;16,935;9;1
5/5;3612;2023-09-13 01:00:00;36250;LH;верх;1913,900;1910,005;6,280;11;1
5/5;3613;2023-09-13 12:00:00;36261;LL;низ;1905,695;1910,090;8,205;11;2
5/5;3614;2023-09-13 13:00:00;36262;HH;верх;1915,815;1909,425;10,120;1;1
5/5;3615;2023-09-13 23:00:00;36271;HL;низ;1907,580;1909,505;8,235;9;1
5/5;3616;2023-09-14 01:00:00;36273;LH;верх;1912,970;1907,360;5,390;2;1
5/5;3617;2023-09-14 14:00:00;36286;LL;низ;1901,050;1909,475;11,920;13;1
5/5;3618;2023-09-15 14:00:00;36309;HH;верх;1930,475;1922,515;29,425;23;2
5/5;3619;2023-09-15 19:00:00;36314;HL;низ;1922,420;1925,300;8,055;5;1
5/5;3620;2023-09-18 05:00:00;36323;HH;верх;1930,690;1926,880;8,270;9;1
5/5;3621;2023-09-18 14:00:00;36332;HL;низ;1922,865;1933,355;7,825;9;1
5/5;3622;2023-09-19 00:00:00;36341;HH;верх;1934,620;1930,920;11,755;9;1
5/5;3623;2023-09-19 06:00:00;36347;HL;низ;1929,860;1935,340;4,760;6;1
5/5;3624;2023-09-19 12:00:00;36353;HH;верх;1937,430;1930,895;7,570;6;1
5/5;3625;2023-09-20 07:00:00;36371;LL;низ;1927,995;1932,255;9,435;18;3
5/5;3626;2023-09-20 17:00:00;36381;HH;верх;1947,465;1929,495;19,470;10;1
5/5;3627;2023-09-21 01:00:00;36388;LL;низ;1924,255;1928,255;23,210;7;1
5/5;3628;2023-09-21 06:00:00;36393;LH;верх;1930,575;1920,820;6,320;5;1
5/5;3629;2023-09-21 13:00:00;36400;LL;низ;1913,940;1919,945;16,635;7;1
5/5;3630;2023-09-22 07:00:00;36417;LH;верх;1928,765;1926,150;14,825;17;1
5/5;3631;2023-09-22 12:00:00;36422;HL;низ;1924,185;1925,585;4,580;5;1
5/5;3632;2023-09-22 14:00:00;36424;HH;верх;1929,150;1925,510;4,965;2;1
5/5;3633;2023-09-25 06:00:00;36439;LL;низ;1920,950;1924,125;8,200;15;1
5/5;3634;2023-09-25 07:00:00;36440;LH;верх;1927,245;1925,940;6,295;1;1
5/5;3635;2023-09-25 14:00:00;36447;LL;низ;1915,230;1915,585;12,015;7;1
5/5;3636;2023-09-26 08:00:00;36464;LH;верх;1915,725;1906,840;0,495;17;1
5/5;3637;2023-09-26 18:00:00;36474;LL;низ;1899,155;1900,730;16,570;10;1
5/5;3638;2023-09-27 01:00:00;36480;LH;верх;1903,970;1898,180;4,815;6;1
5/5;3639;2023-09-27 18:00:00;36497;LL;низ;1872,580;1877,170;31,390;17;2
5/5;3640;2023-09-28 12:00:00;36514;LH;верх;1879,685;1862,000;7,105;17;1
5/5;3641;2023-09-28 15:00:00;36517;LL;низ;1857,710;1864,795;21,975;3;2
5/5;3642;2023-09-29 13:00:00;36538;HH;верх;1879,890;1848,985;22,180;21;1
5/5;3643;2023-10-03 02:00:00;36573;LL;низ;1815,320;1824,115;64,570;35;2
5/5;3644;2023-10-03 14:00:00;36585;LH;верх;1833,425;1824,010;18,105;12;1
5/5;3645;2023-10-04 06:00:00;36600;HL;низ;1816,790;1825,010;16,635;15;2
5/5;3646;2023-10-04 12:00:00;36606;LH;верх;1830,675;1818,415;13,885;6;1
5/5;3647;2023-10-04 18:00:00;36612;LL;низ;1816,640;1825,715;14,035;6;1
5/5;3648;2023-10-05 04:00:00;36621;LH;верх;1829,225;1822,030;12,585;9;1
5/5;3649;2023-10-05 12:00:00;36629;LL;низ;1813,030;1819,160;16,195;8;1
5/5;3650;2023-10-06 04:00:00;36644;LH;верх;1824,620;1820,545;11,590;15;1
5/5;3651;2023-10-06 12:00:00;36652;LL;низ;1810,465;1831,835;14,155;8;1
5/5;3652;2023-10-08 22:00:00;36661;HH;верх;1855,990;1851,170;45,525;9;3
5/5;3653;2023-10-09 13:00:00;36676;HL;низ;1844,210;1857,140;11,780;15;1
5/5;3654;2023-10-10 00:00:00;36686;HH;верх;1865,460;1860,855;21,250;10;1
5/5;3655;2023-10-10 12:00:00;36698;HL;низ;1853,045;1858,540;12,415;12;1
5/5;3656;2023-10-10 17:00:00;36703;LH;верх;1862,825;1859,710;9,780;5;2
5/5;3657;2023-10-11 05:00:00;36714;HL;низ;1858,680;1874,000;4,145;11;1
5/5;3658;2023-10-12 12:00:00;36744;HH;верх;1885,160;1869,030;26,480;30;2
5/5;3659;2023-10-12 18:00:00;36750;HL;низ;1867,965;1872,610;17,195;6;1
5/5;3660;2023-10-13 20:00:00;36775;HH;верх;1932,930;1920,455;64,965;25;1
5/5;3661;2023-10-16 07:00:00;36785;HL;низ;1908,235;1918,720;24,695;10;1
5/5;3662;2023-10-16 12:00:00;36790;LH;верх;1924,610;1919,190;16,375;5;1
5/5;3663;2023-10-17 02:00:00;36803;HL;низ;1912,460;1920,165;12,150;13;1
5/5;3664;2023-10-17 13:00:00;36814;HH;верх;1931,635;1922,095;19,175;11;1
5/5;3665;2023-10-17 18:00:00;36819;HL;низ;1919,195;1927,440;12,440;5;1
5/5;3666;2023-10-18 13:00:00;36837;HH;верх;1962,675;1950,650;43,480;18;2
5/5;3667;2023-10-18 15:00:00;36839;HL;низ;1938,325;1947,815;24,350;2;2
5/5;3668;2023-10-19 23:00:00;36869;HH;верх;1982,545;1977,255;44,220;30;1
5/5;3669;2023-10-20 01:00:00;36871;HL;низ;1972,060;1979,375;10,485;2;2
5/5;3670;2023-10-20 15:00:00;36885;HH;верх;1997,260;1980,900;25,200;14;1
5/5;3671;2023-10-23 00:00:00;36893;LL;низ;1964,425;1975,780;32,835;8;1
5/5;3672;2023-10-23 09:00:00;36902;LH;верх;1982,875;1976,260;18,450;9;1
5/5;3673;2023-10-23 13:00:00;36906;HL;низ;1970,200;1977,590;12,675;4;2
5/5;3674;2023-10-24 02:00:00;36918;LH;верх;1980,900;1975,385;10,700;12;1
5/5;3675;2023-10-24 11:00:00;36927;LL;низ;1953,635;1974,415;27,265;9;1
5/5;3676;2023-10-24 17:00:00;36933;LH;верх;1977,645;1972,880;24,010;6;2
5/5;3677;2023-10-25 07:00:00;36946;HL;низ;1968,345;1975,170;9,300;13;1
5/5;3678;2023-10-25 13:00:00;36952;HH;верх;1987,310;1981,605;18,965;6;1
5/5;3679;2023-10-25 15:00:00;36954;LL;низ;1963,035;1979,960;24,275;2;1
5/5;3680;2023-10-26 08:00:00;36970;HH;верх;1993,545;1978,940;30,510;16;1
5/5;3681;2023-10-26 14:00:00;36976;HL;низ;1971,890;1984,430;21,655;6;1
5/5;3682;2023-10-27 04:00:00;36989;LH;верх;1990,025;1985,910;18,135;13;2
5/5;3683;2023-10-27 13:00:00;36998;HL;низ;1976,920;2005,390;13,105;9;1
5/5;3684;2023-10-27 19:00:00;37004;HH;верх;2009,565;2004,520;32,645;6;1
5/5;3685;2023-10-30 08:00:00;37016;HL;низ;1990,970;1998,605;18,595;12;1
5/5;3686;2023-10-30 13:00:00;37021;LH;верх;2002,625;1997,860;11,655;5;1
5/5;3687;2023-10-31 04:00:00;37035;LL;низ;1990,620;1997,530;12,005;14;1
5/5;3688;2023-10-31 14:00:00;37045;HH;верх;2007,990;1984,880;17,370;10;1
5/5;3689;2023-11-01 04:00:00;37058;LL;низ;1975,240;1982,770;32,750;13;1
5/5;3690;2023-11-01 14:00:00;37068;LH;верх;1992,085;1978,580;16,845;10;1
5/5;3691;2023-11-01 18:00:00;37072;LL;низ;1969,910;1984,755;22,175;4;1
5/5;3692;2023-11-02 13:00:00;37090;LH;верх;1991,060;1986,020;21,150;18;2
5/5;3693;2023-11-02 15:00:00;37092;HL;низ;1978,915;1985,910;12,145;2;2
5/5;3694;2023-11-03 12:00:00;37112;HH;верх;2004,100;1993,090;25,185;20;1
5/5;3695;2023-11-06 03:00:00;37125;HL;низ;1982,040;1986,050;22,060;13;1
5/5;3696;2023-11-06 13:00:00;37135;LH;верх;1989,165;1981,400;7,125;10;1
5/5;3697;2023-11-07 13:00:00;37158;LL;низ;1956,760;1969,435;32,405;23;1
5/5;3698;2023-11-08 02:00:00;37170;LH;верх;1971,100;1967,730;14,340;12;1
5/5;3699;2023-11-08 20:00:00;37188;LL;низ;1947,480;1950,135;23,620;18;1
5/5;3700;2023-11-09 01:00:00;37192;LH;верх;1954,725;1949,360;7,245;4;1
5/5;3701;2023-11-09 08:00:00;37199;LL;низ;1944,725;1950,620;10,000;7;1
5/5;3702;2023-11-09 18:00:00;37209;HH;верх;1965,700;1960,605;20,975;10;1
5/5;3703;2023-11-10 18:00:00;37232;LL;низ;1933,030;1939,405;32,670;23;1
5/5;3704;2023-11-12 23:00:00;37236;LH;верх;1943,900;1935,860;10,870;4;1
5/5;3705;2023-11-13 15:00:00;37252;LL;низ;1931,685;1946,720;12,215;16;2
5/5;3706;2023-11-13 17:00:00;37254;HH;верх;1949,210;1946,625;17,525;2;2
5/5;3707;2023-11-14 13:00:00;37273;HL;низ;1941,535;1962,805;7,675;19;2
5/5;3708;2023-11-14 14:00:00;37274;HH;верх;1971,050;1963,785;29,515;1;1
5/5;3709;2023-11-15 01:00:00;37284;HL;низ;1961,660;1969,700;9,390;10;1
5/5;3710;2023-11-15 13:00:00;37296;HH;верх;1975,425;1960,515;13,765;12;1
5/5;3711;2023-11-15 14:00:00;37297;LL;низ;1955,490;1961,805;19,935;1;3
5/5;3712;2023-11-16 16:00:00;37322;HH;верх;1988,000;1981,390;32,510;25;1
5/5;3713;2023-11-17 06:00:00;37335;HL;низ;1982,730;1988,875;5,270;13;1
5/5;3714;2023-11-17 10:00:00;37339;HH;верх;1993,490;1983,530;10,760;4;1
5/5;3715;2023-11-20 00:00:00;37352;LL;низ;1973,415;1980,760;20,075;13;1
5/5;3716;2023-11-20 02:00:00;37354;LH;верх;1985,250;1978,665;11,835;2;1
5/5;3717;2023-11-20 14:00:00;37366;LL;низ;1965,495;1978,510;19,755;12;2
5/5;3718;2023-11-21 15:00:00;37390;HH;верх;2007,650;1999,080;42,155;24;1
5/5;3719;2023-11-22 02:00:00;37400;HL;низ;1995,525;2003,765;12,125;10;1
5/5;3720;2023-11-22 08:00:00;37406;LH;верх;2006,455;1999,180;10,930;6;1
5/5;3721;2023-11-22 18:00:00;37416;LL;низ;1986,965;1992,040;19,490;10;1
5/5;3722;2023-11-23 07:00:00;37428;LH;верх;1998,570;1992,470;11,605;12;1
5/5;3723;2023-11-23 16:00:00;37437;HL;низ;1989,895;1993,885;8,675;9;1
5/5;3724;2023-11-27 01:00:00;37463;HH;верх;2018,325;2009,730;28,430;26;3
5/5;3725;2023-11-27 16:00:00;37478;HL;низ;2005,760;2014,175;12,565;15;1
5/5;3726;2023-11-28 00:00:00;37485;LH;верх;2018,140;2015,225;12,380;7;1
5/5;3727;2023-11-28 13:00:00;37498;HL;низ;2011,685;2039,475;6,455;13;2
5/5;3728;2023-11-29 01:00:00;37509;HH;верх;2052,060;2044,785;40,375;11;1
5/5;3729;2023-11-29 09:00:00;37517;HL;низ;2035,320;2044,290;16,740;8;1
5/5;3730;2023-11-29 19:00:00;37527;LH;верх;2049,585;2043,420;14,265;10;2
5/5;3731;2023-11-30 14:00:00;37545;LL;низ;2031,530;2036,260;18,055;18;1
5/5;3732;2023-12-01 09:00:00;37563;HH;верх;2049,910;2042,625;18,380;18;2
5/5;3733;2023-12-01 12:00:00;37566;HL;низ;2033,940;2067,365;15,970;3;1
5/5;3734;2023-12-03 23:00:00;37576;HH;верх;2148,990;2085,575;115,050;10;1
5/5;3735;2023-12-04 15:00:00;37592;LL;низ;2020,135;2026,535;128,855;16;1
5/5;3736;2023-12-05 00:00:00;37600;LH;верх;2041,300;2032,225;21,165;8;2
5/5;3737;2023-12-05 15:00:00;37615;LL;низ;2009,936;2019,225;31,364;15;1
5/5;3738;2023-12-06 07:00:00;37630;LH;верх;2035,970;2026,260;26,034;15;1
5/5;3739;2023-12-06 11:00:00;37634;HL;низ;2020,255;2030,025;15,715;4;1
5/5;3740;2023-12-06 14:00:00;37637;LH;верх;2033,095;2029,940;12,840;3;1
5/5;3741;2023-12-07 05:00:00;37651;HL;низ;2025,295;2033,675;7,800;14;1
5/5;3742;2023-12-07 13:00:00;37659;HH;верх;2039,975;2030,405;14,680;8;1
5/5;3743;2023-12-07 17:00:00;37663;LL;низ;2020,235;2028,140;19,740;4;1
5/5;3744;2023-12-08 03:00:00;37672;LH;верх;2034,065;2028,270;13,830;9;2
5/5;3745;2023-12-08 17:00:00;37686;LL;низ;1994,740;2007,120;39,325;14;1
5/5;3746;2023-12-11 00:00:00;37692;LH;верх;2007,850;1998,865;13,110;6;1
5/5;3747;2023-12-11 18:00:00;37710;LL;низ;1975,895;1985,770;31,955;18;1
5/5;3748;2023-12-12 13:00:00;37728;LH;верх;1996,760;1979,075;20,865;18;2
5/5;3749;2023-12-12 17:00:00;37732;HL;низ;1977,280;1982,565;19,480;4;1
5/5;3750;2023-12-12 23:00:00;37737;LH;верх;1982,890;1978,350;5,610;5;1
5/5;3751;2023-12-13 06:00:00;37744;LL;низ;1973,090;1982,895;9,800;7;1
5/5;3752;2023-12-13 13:00:00;37751;HH;верх;1986,815;1982,350;13,725;7;1
5/5;3753;2023-12-13 15:00:00;37753;HL;низ;1978,535;2023,980;8,280;2;1
5/5;3754;2023-12-14 00:00:00;37761;HH;верх;2039,345;2035,335;60,810;8;1
5/5;3755;2023-12-14 07:00:00;37768;HL;низ;2029,315;2038,910;10,030;7;1
5/5;3756;2023-12-14 08:00:00;37769;HH;верх;2040,395;2037,290;11,080;1;1
5/5;3757;2023-12-14 13:00:00;37774;LL;низ;2027,620;2031,225;12,775;5;1
5/5;3758;2023-12-14 14:00:00;37775;HH;верх;2047,935;2033,315;20,315;1;2
5/5;3759;2023-12-15 19:00:00;37803;LL;низ;2015,650;2019,445;32,285;28;1
5/5;3760;2023-12-18 09:00:00;37816;LH;верх;2027,370;2024,270;11,720;13;1
5/5;3761;2023-12-18 11:00:00;37818;HL;низ;2018,800;2022,320;8,570;2;1
5/5;3762;2023-12-18 18:00:00;37825;HH;верх;2033,750;2027,300;14,950;7;1
5/5;3763;2023-12-19 04:00:00;37834;HL;низ;2021,750;2026,325;12,000;9;1
5/5;3764;2023-12-19 16:00:00;37846;HH;верх;2047,030;2040,245;25,280;12;1
5/5;3765;2023-12-20 02:00:00;37855;HL;низ;2036,815;2042,390;10,215;9;1
5/5;3766;2023-12-20 07:00:00;37860;LH;верх;2043,535;2034,100;6,720;5;1
5/5;3767;2023-12-20 21:00:00;37874;LL;низ;2027,485;2037,585;16,050;14;2
5/5;3768;2023-12-21 13:00:00;37889;HH;верх;2046,105;2039,105;18,620;15;2
5/5;3769;2023-12-21 13:00:00;37889;HL;низ;2032,355;2039,105;13,750;0;1
5/5;3770;2023-12-22 15:00:00;37914;HH;верх;2070,705;2053,335;38,350;25;2
5/5;3771;2023-12-22 16:00:00;37915;HL;низ;2051,210;2053,200;19,495;1;1
5/5;3772;2023-12-26 02:00:00;37924;LH;верх;2065,225;2064,330;14,015;9;1
5/5;3773;2023-12-26 14:00:00;37936;HL;низ;2054,585;2061,720;10,640;12;1
5/5;3774;2023-12-26 21:00:00;37943;HH;верх;2069,085;2064,670;14,500;7;1
5/5;3775;2023-12-27 10:00:00;37955;HL;низ;2061,510;2078,950;7,575;12;1
5/5;3776;2023-12-28 02:00:00;37970;HH;верх;2088,545;2086,210;27,035;15;2
5/5;3777;2023-12-28 12:00:00;37980;HL;низ;2071,400;2074,885;17,145;10;1
5/5;3778;2023-12-28 15:00:00;37983;LH;верх;2081,185;2066,540;9,785;3;1
5/5;3779;2023-12-28 21:00:00;37989;LL;низ;2064,725;2069,565;16,460;6;1
5/5;3780;2023-12-29 07:00:00;37998;LH;верх;2074,845;2065,500;10,120;9;1
5/5;3781;2023-12-29 13:00:00;38004;LL;низ;2058,275;2064,925;16,570;6;1
5/5;3782;2024-01-02 09:00:00;38023;HH;верх;2078,975;2070,450;20,700;19;1
5/5;3783;2024-01-02 15:00:00;38029;LL;низ;2055,890;2058,265;23,085;6;1
5/5;3784;2024-01-03 05:00:00;38042;LH;верх;2066,005;2054,955;10,115;13;1
5/5;3785;2024-01-03 19:00:00;38056;LL;низ;2030,695;2042,305;35,310;14;1
5/5;3786;2024-01-04 09:00:00;38069;LH;верх;2051,015;2039,430;20,320;13;1
5/5;3787;2024-01-04 14:00:00;38074;HL;низ;2036,300;2044,440;14,715;5;1
5/5;3788;2024-01-05 01:00:00;38084;LH;верх;2048,330;2042,505;12,030;10;1
5/5;3789;2024-01-05 13:00:00;38096;LL;низ;2024,525;2048,245;23,805;12;1
5/5;3790;2024-01-05 15:00:00;38098;HH;верх;2064,035;2043,720;39,510;2;1
5/5;3791;2024-01-08 11:00:00;38117;LL;низ;2016,820;2032,250;47,215;19;1
5/5;3792;2024-01-08 16:00:00;38122;LH;верх;2036,930;2028,035;20,110;5;1
5/5;3793;2024-01-09 05:00:00;38134;HL;низ;2030,415;2035,460;6,515;12;1
5/5;3794;2024-01-09 13:00:00;38142;HH;верх;2042,035;2029,230;11,620;8;1
5/5;3795;2024-01-09 16:00:00;38145;LL;низ;2026,185;2030,020;15,850;3;1
5/5;3796;2024-01-10 02:00:00;38154;LH;верх;2032,940;2031,080;6,755;9;1
5/5;3797;2024-01-10 06:00:00;38158;LL;низ;2023,950;2034,090;8,990;4;1
5/5;3798;2024-01-10 10:00:00;38162;HH;верх;2040,300;2027,955;16,350;4;1
5/5;3799;2024-01-10 19:00:00;38171;LL;низ;2020,525;2029,790;19,775;9;1
5/5;3800;2024-01-11 13:00:00;38188;HH;верх;2045,170;2017,160;24,645;17;2
5/5;3801;2024-01-11 17:00:00;38192;LL;низ;2013,390;2035,335;31,780;4;1
5/5;3802;2024-01-12 14:00:00;38212;HH;верх;2062,310;2047,405;48,920;20;1
5/5;3803;2024-01-12 17:00:00;38215;HL;низ;2041,505;2047,670;20,805;3;1
5/5;3804;2024-01-15 08:00:00;38229;LH;верх;2058,670;2054,260;17,165;14;1
5/5;3805;2024-01-15 15:00:00;38236;HL;низ;2049,315;2054,080;9,355;7;1
5/5;3806;2024-01-15 17:00:00;38238;LH;верх;2056,405;2050,950;7,090;2;1
5/5;3807;2024-01-16 18:00:00;38260;LL;низ;2024,330;2028,560;32,075;22;1
5/5;3808;2024-01-17 02:00:00;38267;LH;верх;2032,980;2025,880;8,650;7;1
5/5;3809;2024-01-17 06:00:00;38271;LL;низ;2017,690;2023,965;15,290;4;1
5/5;3810;2024-01-17 12:00:00;38277;LH;верх;2029,060;2007,080;11,370;6;1
5/5;3811;2024-01-17 18:00:00;38283;LL;низ;2001,895;2010,850;27,165;6;3
5/5;3812;2024-01-19 01:00:00;38312;LH;верх;2025,630;2023,880;23,735;29;1
5/5;3813;2024-01-19 05:00:00;38316;HL;низ;2020,475;2030,435;5,155;4;1
5/5;3814;2024-01-19 13:00:00;38324;HH;верх;2039,415;2027,940;18,940;8;1
5/5;3815;2024-01-19 15:00:00;38326;HL;низ;2023,200;2028,440;16,215;2;1
5/5;3816;2024-01-22 01:00:00;38335;LH;верх;2032,175;2020,965;8,975;9;1
5/5;3817;2024-01-22 07:00:00;38341;LL;низ;2019,145;2029,765;13,030;6;1
5/5;3818;2024-01-22 12:00:00;38346;LH;верх;2030,180;2021,590;11,035;5;1
5/5;3819;2024-01-22 14:00:00;38348;LL;низ;2016,605;2021,080;13,575;2;1
5/5;3820;2024-01-23 07:00:00;38364;HH;верх;2037,975;2025,760;21,370;16;1
5/5;3821;2024-01-23 14:00:00;38371;HL;низ;2021,475;2029,920;16,500;7;1
5/5;3822;2024-01-23 19:00:00;38376;LH;верх;2030,720;2027,345;9,245;5;1
5/5;3823;2024-01-24 05:00:00;38385;HL;низ;2022,890;2032,825;7,830;9;1
5/5;3824;2024-01-24 13:00:00;38393;HH;верх;2036,735;2015,160;13,845;8;1
5/5;3825;2024-01-25 13:00:00;38416;LL;низ;2009,445;2014,310;27,290;23;2
5/5;3826;2024-01-25 23:00:00;38425;LH;верх;2025,900;2021,300;16,455;9;2
5/5;3827;2024-01-26 09:00:00;38435;HL;низ;2018,245;2020,370;7,655;10;1
5/5;3828;2024-01-26 13:00:00;38439;HH;верх;2026,900;2017,350;8,655;4;1
5/5;3829;2024-01-26 16:00:00;38442;LL;низ;2015,995;2018,590;10,905;3;1
5/5;3830;2024-01-29 13:00:00;38462;HH;верх;2037,610;2025,885;21,615;20;3
5/5;3831;2024-01-29 15:00:00;38464;HL;низ;2020,610;2032,725;17,000;2;1
5/5;3832;2024-01-30 14:00:00;38486;HH;верх;2048,630;2036,165;28,020;22;3
5/5;3833;2024-01-30 15:00:00;38487;HL;низ;2029,100;2036,075;19,530;1;1
5/5;3834;2024-01-31 00:00:00;38495;LH;верх;2038,695;2035,145;9,595;8;1
5/5;3835;2024-01-31 02:00:00;38497;HL;низ;2032,900;2036,700;5,795;2;2
5/5;3836;2024-01-31 15:00:00;38510;HH;верх;2056,070;2034,955;23,170;13;1
5/5;3837;2024-01-31 20:00:00;38515;LL;низ;2030,940;2047,100;25,130;5;1
5/5;3838;2024-02-01 02:00:00;38520;LH;верх;2049,710;2042,940;18,770;5;1
5/5;3839;2024-02-01 11:00:00;38529;LL;низ;2030,070;2059,440;19,640;9;1
5/5;3840;2024-02-01 16:00:00;38534;HH;верх;2065,530;2054,825;35,460;5;1
5/5;3841;2024-02-02 02:00:00;38543;HL;низ;2051,980;2055,105;13,550;9;1
5/5;3842;2024-02-02 13:00:00;38554;LH;верх;2057,705;2037,430;5,725;11;2
5/5;3843;2024-02-02 14:00:00;38555;LL;низ;2027,870;2038,190;29,835;1;1
5/5;3844;2024-02-04 23:00:00;38563;LH;верх;2042,315;2031,975;14,445;8;1
5/5;3845;2024-02-05 14:00:00;38578;LL;низ;2014,960;2026,040;27,355;15;1
5/5;3846;2024-02-06 05:00:00;38592;LH;верх;2029,855;2024,010;14,895;14;1
5/5;3847;2024-02-06 09:00:00;38596;HL;низ;2022,975;2030,690;6,880;4;1
5/5;3848;2024-02-06 16:00:00;38603;HH;верх;2038,945;2035,885;15,970;7;2
5/5;3849;2024-02-07 12:00:00;38622;HL;низ;2030,645;2035,685;8,300;19;1
5/5;3850;2024-02-07 14:00:00;38624;HH;верх;2044,655;2035,640;14,010;2;3
5/5;3851;2024-02-08 14:00:00;38647;LL;низ;2020,250;2032,670;24,405;23;1
5/5;3852;2024-02-09 13:00:00;38669;LH;верх;2037,250;2023,730;17,000;22;3
5/5;3853;2024-02-09 16:00:00;38672;HL;низ;2020,350;2024,360;16,900;3;1
5/5;3854;2024-02-11 23:00:00;38678;LH;верх;2026,805;2023,220;6,455;6;1
5/5;3855;2024-02-12 03:00:00;38682;HL;низ;2021,930;2023,770;4,875;4;1
5/5;3856;2024-02-12 13:00:00;38692;HH;верх;2027,665;2021,535;5,735;10;1
5/5;3857;2024-02-12 16:00:00;38695;LL;низ;2011,945;2020,010;15,720;3;2
5/5;3858;2024-02-13 13:00:00;38715;HH;верх;2031,588;1993,575;19,643;20;1
5/5;3859;2024-02-14 08:00:00;38733;LL;низ;1986,080;1989,205;45,508;18;3
5/5;3860;2024-02-14 10:00:00;38735;LH;верх;1993,475;1987,915;7,395;2;1
5/5;3861;2024-02-14 15:00:00;38740;LL;низ;1984,305;1991,170;9,170;5;1
5/5;3862;2024-02-14 18:00:00;38743;HH;верх;1996,155;1993,770;11,850;3;2
5/5;3863;2024-02-15 03:00:00;38751;HL;низ;1990,325;1995,265;5,830;8;1
5/5;3864;2024-02-15 14:00:00;38762;HH;верх;2008,340;2005,200;18,015;11;1
5/5;3865;2024-02-16 13:00:00;38784;HL;низ;1995,160;2013,920;13,180;22;3
5/5;3866;2024-02-19 07:00:00;38801;HH;верх;2023,070;2016,830;27,910;17;1
5/5;3867;2024-02-19 16:00:00;38810;HL;низ;2013,310;2016,285;9,760;9;1
5/5;3868;2024-02-20 14:00:00;38829;HH;верх;2030,920;2025,180;17,610;19;1
5/5;3869;2024-02-21 00:00:00;38838;HL;низ;2023,010;2031,050;7,910;9;1
5/5;3870;2024-02-21 05:00:00;38843;HH;верх;2032,330;2030,030;9,320;5;1
5/5;3871;2024-02-21 09:00:00;38847;HL;низ;2025,985;2027,570;6,345;4;1
5/5;3872;2024-02-21 13:00:00;38851;LH;верх;2031,600;2022,000;5,615;4;1
5/5;3873;2024-02-21 19:00:00;38857;LL;низ;2020,095;2027,105;11,505;6;1
5/5;3874;2024-02-22 08:00:00;38869;HH;верх;2034,945;2025,735;14,850;12;1
5/5;3875;2024-02-22 18:00:00;38879;LL;низ;2019,715;2024,580;15,230;10;1
5/5;3876;2024-02-23 02:00:00;38886;LH;верх;2027,460;2021,880;7,745;7;1
5/5;3877;2024-02-23 09:00:00;38893;LL;низ;2016,125;2027,620;11,335;7;1
5/5;3878;2024-02-23 18:00:00;38902;HH;верх;2041,410;2030,390;25,285;9;1
5/5;3879;2024-02-26 01:00:00;38908;HL;низ;2029,965;2032,745;11,445;6;1
5/5;3880;2024-02-26 08:00:00;38915;LH;верх;2037,130;2032,740;7,165;7;1
5/5;3881;2024-02-26 15:00:00;38922;LL;низ;2025,115;2032,345;12,015;7;1
5/5;3882;2024-02-27 08:00:00;38938;HH;верх;2039,510;2035,515;14,395;16;1
5/5;3883;2024-02-27 20:00:00;38950;HL;низ;2028,855;2031,130;10,655;12;1
5/5;3884;2024-02-28 01:00:00;38954;LH;верх;2033,785;2029,390;4,930;4;1
5/5;3885;2024-02-28 10:00:00;38963;LL;низ;2024,555;2031,875;9,230;9;1
5/5;3886;2024-02-28 14:00:00;38967;HH;верх;2037,950;2032,230;13,395;4;2
5/5;3887;2024-02-29 12:00:00;38988;HL;низ;2028,165;2045,730;9,785;21;1
5/5;3888;2024-02-29 15:00:00;38991;HH;верх;2050,745;2044,050;22,580;3;1
5/5;3889;2024-03-01 08:00:00;39007;HL;низ;2039,110;2051,655;11,635;16;2
5/5;3890;2024-03-01 18:00:00;39017;HH;верх;2088,380;2082,640;49,270;10;1
5/5;3891;2024-03-04 01:00:00;39023;HL;низ;2079,530;2083,580;8,850;6;1
5/5;3892;2024-03-04 07:00:00;39029;LH;верх;2088,380;2082,630;8,850;6;1
5/5;3893;2024-03-04 13:00:00;39035;HL;низ;2081,185;2115,370;7,195;6;1
5/5;3894;2024-03-04 16:00:00;39038;HH;верх;2119,975;2114,365;38,790;3;1
5/5;3895;2024-03-05 01:00:00;39046;HL;низ;2110,530;2117,380;9,445;8;1
5/5;3896;2024-03-05 13:00:00;39058;HH;верх;2141,880;2130,780;31,350;12;1
5/5;3897;2024-03-06 03:00:00;39071;HL;низ;2123,765;2125,140;18,115;13;1
5/5;3898;2024-03-07 13:00:00;39104;HH;верх;2164,800;2157,135;41,035;33;3
5/5;3899;2024-03-07 14:00:00;39105;HL;низ;2147,985;2160,105;16,815;1;1
5/5;3900;2024-03-08 00:00:00;39114;LH;верх;2163,650;2157,840;15,665;9;1
5/5;3901;2024-03-08 03:00:00;39117;HL;низ;2154,060;2165,245;9,590;3;2
5/5;3902;2024-03-08 17:00:00;39131;HH;верх;2195,235;2177,280;41,175;14;2
5/5;3903;2024-03-11 13:00:00;39151;HL;низ;2174,860;2180,885;20,375;20;1
5/5;3904;2024-03-11 15:00:00;39153;LH;верх;2185,755;2182,730;10,895;2;3
5/5;3905;2024-03-12 19:00:00;39180;LL;низ;2150,660;2158,680;35,095;27;1
5/5;3906;2024-03-13 17:00:00;39201;LH;верх;2179,920;2175,525;29,260;21;3
5/5;3907;2024-03-14 15:00:00;39222;HL;низ;2152,845;2162,130;27,075;21;1
5/5;3908;2024-03-15 09:00:00;39239;LH;верх;2172,810;2164,325;19,965;17;1
5/5;3909;2024-03-18 03:00:00;39256;LL;низ;2146,155;2153,570;26,655;17;1
5/5;3910;2024-03-18 12:00:00;39265;LH;верх;2163,630;2160,055;17,475;9;1
5/5;3911;2024-03-18 16:00:00;39269;HL;низ;2154,625;2161,290;9,005;4;1
5/5;3912;2024-03-19 00:00:00;39276;LH;верх;2162,905;2157,670;8,280;7;1
5/5;3913;2024-03-19 08:00:00;39284;LL;низ;2147,205;2151,290;15,700;8;1
5/5;3914;2024-03-19 13:00:00;39289;LH;верх;2158,775;2156,860;11,570;5;1
5/5;3915;2024-03-19 14:00:00;39290;HL;низ;2148,455;2157,830;10,320;1;2
5/5;3916;2024-03-20 04:00:00;39303;HH;верх;2160,295;2154,800;11,840;13;1
5/5;3917;2024-03-20 12:00:00;39311;HL;низ;2149,660;2157,170;10,635;8;1
5/5;3918;2024-03-20 22:00:00;39320;HH;верх;2222,915;2202,845;73,255;9;2
5/5;3919;2024-03-21 15:00:00;39337;HL;низ;2166,445;2181,360;56,470;17;1
5/5;3920;2024-03-22 00:00:00;39345;LH;верх;2186,130;2174,355;19,685;8;1
5/5;3921;2024-03-22 07:00:00;39352;LL;низ;2162,640;2174,655;23,490;7;1
5/5;3922;2024-03-22 13:00:00;39358;LH;верх;2180,190;2163,165;17,550;6;1
5/5;3923;2024-03-22 17:00:00;39362;LL;низ;2157,130;2168,435;23,060;4;1
5/5;3924;2024-03-25 02:00:00;39370;LH;верх;2178,405;2166,000;21,275;8;1
5/5;3925;2024-03-25 07:00:00;39375;HL;низ;2163,615;2174,575;14,790;5;1
5/5;3926;2024-03-25 13:00:00;39381;HH;верх;2181,410;2173,300;17,795;6;2
5/5;3927;2024-03-26 01:00:00;39392;HL;низ;2167,625;2171,505;13,785;11;1
5/5;3928;2024-03-26 10:00:00;39401;HH;верх;2200,175;2174,395;32,550;9;1
5/5;3929;2024-03-26 15:00:00;39406;HL;низ;2171,780;2178,740;28,395;5;2
5/5;3930;2024-03-27 11:00:00;39425;LH;верх;2197,675;2192,510;25,895;19;1
5/5;3931;2024-03-28 00:00:00;39437;HL;низ;2187,410;2197,325;10,265;12;2
5/5;3932;2024-04-01 04:00:00;39464;HH;верх;2265,775;2251,855;78,365;27;1
5/5;3933;2024-04-01 14:00:00;39474;HL;низ;2228,540;2244,830;37,235;10;1
5/5;3934;2024-04-01 22:00:00;39481;LH;верх;2255,935;2251,640;27,395;7;1
5/5;3935;2024-04-02 15:00:00;39498;HL;низ;2250,895;2280,815;5,040;17;1
5/5;3936;2024-04-02 22:00:00;39504;HH;верх;2288,435;2285,170;37,540;6;1
5/5;3937;2024-04-03 12:00:00;39518;HL;низ;2265,505;2295,060;22,930;14;1
5/5;3938;2024-04-04 01:00:00;39530;HH;верх;2304,990;2295,870;39,485;12;1
5/5;3939;2024-04-04 12:00:00;39541;HL;низ;2282,690;2294,085;22,300;11;1
5/5;3940;2024-04-04 18:00:00;39547;HH;верх;2305,650;2283,190;22,960;6;1
5/5;3941;2024-04-05 01:00:00;39553;LL;низ;2267,780;2279,205;37,870;6;1
5/5;3942;2024-04-05 17:00:00;39569;HH;верх;2330,525;2311,315;62,745;16;1
5/5;3943;2024-04-08 01:00:00;39576;HL;низ;2302,975;2336,295;27,550;7;1
5/5;3944;2024-04-08 02:00:00;39577;HH;верх;2354,155;2337,845;51,180;1;1
5/5;3945;2024-04-08 14:00:00;39589;HL;низ;2318,740;2338,490;35,415;12;1
5/5;3946;2024-04-09 09:00:00;39607;HH;верх;2365,395;2352,905;46,655;18;3
5/5;3947;2024-04-09 15:00:00;39613;HL;низ;2338,355;2352,410;27,040;6;2
5/5;3948;2024-04-10 05:00:00;39626;LH;верх;2360,150;2347,495;21,795;13;1
5/5;3949;2024-04-10 13:00:00;39634;LL;низ;2319,395;2327,590;40,755;8;1
5/5;3950;2024-04-11 03:00:00;39647;LH;верх;2346,955;2328,000;27,560;13;1
5/5;3951;2024-04-11 08:00:00;39652;HL;низ;2325,740;2343,360;21,215;5;1
5/5;3952;2024-04-12 15:00:00;39682;HH;верх;2431,590;2344,235;105,850;30;1
5/5;3953;2024-04-15 14:00:00;39704;LL;низ;2324,255;2386,425;107,335;22;2
5/5;3954;2024-04-15 22:00:00;39711;LH;верх;2392,255;2388,025;68,000;7;1
5/5;3955;2024-04-16 07:00:00;39720;HL;низ;2363,060;2376,255;29,195;9;2
5/5;3956;2024-04-16 16:00:00;39729;HH;верх;2398,380;2385,015;35,320;9;1
5/5;3957;2024-04-17 06:00:00;39742;HL;низ;2372,755;2387,415;25,625;13;1
5/5;3958;2024-04-17 14:00:00;39750;LH;верх;2395,640;2372,665;22,885;8;1
5/5;3959;2024-04-17 20:00:00;39756;LL;низ;2354,730;2373,175;40,910;6;1
5/5;3960;2024-04-18 13:00:00;39772;LH;верх;2392,860;2381,685;38,130;16;1
5/5;3961;2024-04-18 14:00:00;39773;HL;низ;2369,630;2380,220;23,230;1;2
5/5;3962;2024-04-19 01:00:00;39783;HH;верх;2417,920;2390,105;48,290;10;1
5/5;3963;2024-04-19 11:00:00;39793;HL;низ;2372,910;2399,695;45,010;10;1
5/5;3964;2024-04-19 17:00:00;39799;LH;верх;2401,995;2386,565;29,085;6;1
5/5;3965;2024-04-22 18:00:00;39823;LL;низ;2324,670;2332,755;77,325;24;1
5/5;3966;2024-04-23 01:00:00;39829;LH;верх;2334,510;2302,025;9,840;6;1
5/5;3967;2024-04-23 09:00:00;39837;LL;низ;2291,465;2320,475;43,045;8;2
5/5;3968;2024-04-23 14:00:00;39842;LH;верх;2332,210;2322,380;40,745;5;1
5/5;3969;2024-04-24 02:00:00;39853;HL;низ;2315,845;2320,785;16,365;11;1
5/5;3970;2024-04-24 06:00:00;39857;LH;верх;2331,370;2316,230;15,525;4;1
5/5;3971;2024-04-24 09:00:00;39860;LL;низ;2311,815;2329,780;19,555;3;1
5/5;3972;2024-04-24 15:00:00;39866;HH;верх;2337,385;2315,950;25,570;6;1
5/5;3973;2024-04-25 03:00:00;39877;LL;низ;2305,025;2326,925;32,360;11;3
5/5;3974;2024-04-25 14:00:00;39888;HH;верх;2344,930;2332,970;39,905;11;1
5/5;3975;2024-04-26 01:00:00;39898;HL;низ;2326,365;2341,065;18,565;10;1
5/5;3976;2024-04-26 09:00:00;39906;HH;верх;2352,640;2333,650;26,275;8;1
5/5;3977;2024-04-29 01:00:00;39921;LL;низ;2319,840;2329,260;32,800;15;2
5/5;3978;2024-04-29 09:00:00;39929;LH;верх;2344,445;2337,845;24,605;8;1
5/5;3979;2024-04-29 13:00:00;39933;HL;низ;2325,620;2341,370;18,825;4;1
5/5;3980;2024-04-29 16:00:00;39936;HH;верх;2346,830;2335,085;21,210;3;1
5/5;3981;2024-05-01 04:00:00;39970;LL;низ;2281,680;2292,040;65,150;34;2
5/5;3982;2024-05-01 18:00:00;39984;LH;верх;2328,430;2324,430;46,750;14;1
5/5;3983;2024-05-02 13:00:00;40002;HL;низ;2285,545;2308,095;42,885;18;2
5/5;3984;2024-05-03 12:00:00;40024;LH;верх;2320,705;2302,120;35,160;22;3
5/5;3985;2024-05-03 13:00:00;40025;LL;низ;2277,345;2299,355;43,360;1;2
5/5;3986;2024-05-06 13:00:00;40048;HH;верх;2332,225;2326,415;54,880;23;2
5/5;3987;2024-05-07 12:00:00;40070;HL;низ;2310,040;2314,120;22,185;22;1
5/5;3988;2024-05-07 13:00:00;40071;LH;верх;2323,775;2314,620;13,735;1;1
5/5;3989;2024-05-08 01:00:00;40082;LL;низ;2307,070;2314,770;16,705;11;1
5/5;3990;2024-05-08 05:00:00;40086;LH;верх;2321,530;2315,575;14,460;4;1
5/5;3991;2024-05-08 08:00:00;40089;LL;низ;2303,745;2310,015;17,785;3;1
5/5;3992;2024-05-08 16:00:00;40097;LH;верх;2321,150;2309,800;17,405;8;1
5/5;3993;2024-05-09 00:00:00;40104;HL;низ;2307,940;2316,725;13,210;7;1
5/5;3994;2024-05-09 05:00:00;40109;LH;верх;2319,850;2311,850;11,910;5;1
5/5;3995;2024-05-09 09:00:00;40113;LL;низ;2306,655;2333,385;13,195;4;1
5/5;3996;2024-05-10 10:00:00;40137;HH;верх;2378,560;2364,965;71,905;24;1
5/5;3997;2024-05-13 15:00:00;40165;HL;низ;2332,110;2336,140;46,450;28;4
5/5;3998;2024-05-14 18:00:00;40191;LH;верх;2359,705;2355,920;27,595;26;1
5/5;3999;2024-05-15 13:00:00;40209;HL;низ;2351,915;2385,480;7,790;18;2
5/5;4000;2024-05-16 01:00:00;40220;HH;верх;2397,515;2387,105;45,600;11;1
5/5;4001;2024-05-16 14:00:00;40233;HL;низ;2371,010;2378,240;26,505;13;2
5/5;4002;2024-05-20 05:00:00;40270;HH;верх;2450,125;2436,350;79,115;37;1
5/5;4003;2024-05-20 12:00:00;40277;HL;низ;2407,340;2435,385;42,785;7;1
5/5;4004;2024-05-20 18:00:00;40283;LH;верх;2437,410;2429,005;30,070;6;1
5/5;4005;2024-05-21 03:00:00;40291;LL;низ;2406,160;2418,810;31,250;8;1
5/5;4006;2024-05-21 15:00:00;40303;LH;верх;2433,995;2421,025;27,835;12;1
5/5;4007;2024-05-21 18:00:00;40306;HL;низ;2417,425;2420,600;16,570;3;1
5/5;4008;2024-05-22 02:00:00;40313;LH;верх;2426,615;2417,315;9,190;7;2
5/5;4009;2024-05-23 06:00:00;40340;LL;низ;2354,985;2368,115;71,630;27;2
5/5;4010;2024-05-23 13:00:00;40347;LH;верх;2369,935;2334,795;14,950;7;1
5/5;4011;2024-05-24 02:00:00;40359;LL;низ;2325,465;2337,790;44,470;12;1
5/5;4012;2024-05-24 13:00:00;40370;LH;верх;2347,540;2334,995;22,075;11;1
5/5;4013;2024-05-24 19:00:00;40376;HL;низ;2331,975;2339,750;15,565;6;1
5/5;4014;2024-05-27 03:00:00;40383;HH;верх;2347,665;2344,340;15,690;7;1
5/5;4015;2024-05-27 07:00:00;40387;HL;низ;2338,225;2347,270;9,440;4;1
5/5;4016;2024-05-27 14:00:00;40394;HH;верх;2358,565;2352,260;20,340;7;2
5/5;4017;2024-05-28 08:00:00;40409;HL;низ;2340,310;2355,045;18,255;15;1
5/5;4018;2024-05-28 13:00:00;40414;HH;верх;2364,175;2357,155;23,865;5;2
5/5;4019;2024-05-29 12:00:00;40436;LL;низ;2334,540;2343,730;29,635;22;1
5/5;4020;2024-05-30 01:00:00;40448;LH;верх;2339,945;2332,940;5,405;12;1
5/5;4021;2024-05-30 05:00:00;40452;LL;низ;2322,660;2340,730;17,285;4;1
5/5;4022;2024-05-30 14:00:00;40461;HH;верх;2351,905;2341,575;29,245;9;1
5/5;4023;2024-05-30 19:00:00;40466;HL;низ;2339,935;2346,650;11,970;5;1
5/5;4024;2024-05-31 02:00:00;40472;LH;верх;2347,810;2340,455;7,875;6;1
5/5;4025;2024-05-31 03:00:00;40473;LL;низ;2337,040;2343,370;10,770;1;1
5/5;4026;2024-05-31 13:00:00;40483;HH;верх;2359,725;2322,930;22,685;10;1
5/5;4027;2024-05-31 19:00:00;40489;LL;низ;2320,595;2330,850;39,130;6;1
5/5;4028;2024-06-03 01:00:00;40494;LH;верх;2331,145;2322,490;10,550;5;1
5/5;4029;2024-06-03 06:00:00;40499;LL;низ;2314,795;2330,025;16,350;5;1
5/5;4030;2024-06-03 17:00:00;40510;HH;верх;2354,770;2350,690;39,975;11;2
5/5;4031;2024-06-04 14:00:00;40530;HL;низ;2315,675;2327,275;39,095;20;3
5/5;4032;2024-06-06 03:00:00;40565;HH;верх;2375,045;2362,950;59,370;35;3
5/5;4033;2024-06-06 13:00:00;40575;HL;низ;2353,500;2372,200;21,545;10;1
5/5;4034;2024-06-06 15:00:00;40577;HH;верх;2378,600;2376,090;25,100;2;1
5/5;4035;2024-06-07 02:00:00;40587;HL;низ;2369,505;2373,670;9,095;10;1
5/5;4036;2024-06-07 05:00:00;40590;HH;верх;2387,785;2333,675;18,280;3;1
5/5;4037;2024-06-07 20:00:00;40605;LL;низ;2286,830;2296,325;100,955;15;1
5/5;4038;2024-06-10 02:00:00;40610;LH;верх;2301,450;2296,645;14,620;5;1
5/5;4039;2024-06-10 06:00:00;40614;HL;низ;2287,805;2305,150;13,645;4;1
5/5;4040;2024-06-10 16:00:00;40624;HH;верх;2313,865;2309,880;26,060;10;1
5/5;4041;2024-06-11 05:00:00;40636;HL;низ;2297,800;2307,950;16,065;12;1
5/5;4042;2024-06-11 12:00:00;40643;HH;верх;2320,000;2312,860;22,200;7;2
5/5;4043;2024-06-12 02:00:00;40656;HL;низ;2310,750;2314,640;9,250;13;1
5/5;4044;2024-06-12 06:00:00;40660;LH;верх;2317,850;2312,960;7,100;4;1
5/5;4045;2024-06-12 08:00:00;40662;HL;низ;2310,885;2329,910;6,965;2;1
5/5;4046;2024-06-12 13:00:00;40667;HH;верх;2341,700;2322,770;30,815;5;1
5/5;4047;2024-06-13 01:00:00;40678;LL;низ;2308,205;2315,715;33,495;11;1
5/5;4048;2024-06-13 12:00:00;40689;LH;верх;2326,795;2301,500;18,590;11;1
5/5;4049;2024-06-13 16:00:00;40693;LL;низ;2295,590;2303,060;31,205;4;1
5/5;4050;2024-06-14 11:00:00;40711;HH;верх;2336,725;2328,935;41,135;18;2
5/5;4051;2024-06-17 06:00:00;40729;HL;низ;2315,540;2318,225;21,185;18;1
5/5;4052;2024-06-17 14:00:00;40737;LH;верх;2327,680;2320,240;12,140;8;1
5/5;4053;2024-06-17 15:00:00;40738;LL;низ;2310,020;2319,285;17,660;1;1
5/5;4054;2024-06-18 02:00:00;40748;LH;верх;2325,725;2315,565;15,705;10;1
5/5;4055;2024-06-18 10:00:00;40756;LL;низ;2306,650;2326,980;19,075;8;1
5/5;4056;2024-06-18 17:00:00;40763;HH;верх;2333,165;2328,410;26,515;7;1
5/5;4057;2024-06-19 01:00:00;40770;HL;низ;2326,525;2330,295;6,640;7;1
5/5;4058;2024-06-19 08:00:00;40777;HH;верх;2335,030;2328,255;8,505;7;1
5/5;4059;2024-06-19 14:00:00;40783;LL;низ;2323,780;2330,550;11,250;6;2
5/5;4060;2024-06-20 06:00:00;40796;HH;верх;2345,755;2339,395;21,975;13;1
5/5;4061;2024-06-20 09:00:00;40799;HL;низ;2331,650;2364,090;14,105;3;1
5/5;4062;2024-06-20 15:00:00;40805;HH;верх;2365,590;2360,145;33,940;6;1
5/5;4063;2024-06-21 07:00:00;40820;HL;низ;2355,190;2360,745;10,400;15;2
5/5;4064;2024-06-21 11:00:00;40824;HH;верх;2368,765;2324,845;13,575;4;1
5/5;4065;2024-06-21 17:00:00;40830;LL;низ;2316,785;2319,265;51,980;6;2
5/5;4066;2024-06-24 18:00:00;40854;LH;верх;2334,730;2330,185;17,945;24;1
5/5;4067;2024-06-25 04:00:00;40863;HL;низ;2322,760;2333,135;11,970;9;1
5/5;4068;2024-06-25 10:00:00;40869;HH;верх;2337,160;2324,780;14,400;6;1
5/5;4069;2024-06-25 16:00:00;40875;LL;низ;2315,590;2320,710;21,570;6;1
5/5;4070;2024-06-26 00:00:00;40882;LH;верх;2324,015;2312,170;8,425;7;2
5/5;4071;2024-06-26 13:00:00;40895;LL;низ;2293,690;2299,040;30,325;13;2
5/5;4072;2024-06-27 14:00:00;40919;HH;верх;2331,015;2326,145;37,325;24;1
5/5;4073;2024-06-28 01:00:00;40929;HL;низ;2319,105;2327,600;11,910;10;1
5/5;4074;2024-06-28 13:00:00;40941;HH;верх;2339,785;2325,855;20,680;12;1
5/5;4075;2024-07-01 05:00:00;40956;LL;низ;2318,605;2332,745;21,180;15;2
5/5;4076;2024-07-01 12:00:00;40963;LH;верх;2338,545;2329,270;19,940;7;1
5/5;4077;2024-07-01 14:00:00;40965;HL;низ;2319,295;2331,080;19,250;2;1
5/5;4078;2024-07-02 02:00:00;40976;LH;верх;2334,390;2330,885;15,095;11;1
5/5;4079;2024-07-02 12:00:00;40986;LL;низ;2319,130;2324,725;15,260;10;1
5/5;4080;2024-07-02 13:00:00;40987;HH;верх;2336,890;2328,475;17,760;1;1
5/5;4081;2024-07-03 02:00:00;40999;HL;низ;2326,885;2345,470;10,005;12;1
5/5;4082;2024-07-03 14:00:00;41011;HH;верх;2364,995;2354,375;38,110;12;1
5/5;4083;2024-07-03 19:00:00;41016;HL;низ;2353,770;2361,995;11,225;5;1
5/5;4084;2024-07-04 01:00:00;41021;LH;верх;2362,600;2356,405;8,830;5;1
5/5;4085;2024-07-04 06:00:00;41026;LL;низ;2350,510;2358,565;12,090;5;1
5/5;4086;2024-07-04 14:00:00;41034;LH;верх;2361,915;2357,500;11,405;8;1
5/5;4087;2024-07-05 12:00:00;41053;LL;низ;2348,620;2385,840;13,295;19;2
5/5;4088;2024-07-05 19:00:00;41060;HH;верх;2392,965;2386,555;44,345;7;1
5/5;4089;2024-07-08 09:00:00;41073;HL;низ;2368,360;2373,320;24,605;13;1
5/5;4090;2024-07-08 14:00:00;41078;LH;верх;2379,620;2359,305;11,260;5;1
5/5;4091;2024-07-08 15:00:00;41079;LL;низ;2351,090;2359,260;28,530;1;1
5/5;4092;2024-07-09 14:00:00;41101;LH;верх;2371,625;2363,635;20,535;22;2
5/5;4093;2024-07-09 15:00:00;41102;LL;низ;2349,485;2364,030;22,140;1;1
5/5;4094;2024-07-10 13:00:00;41123;HH;верх;2386,730;2372,680;37,245;21;1
5/5;4095;2024-07-10 18:00:00;41128;HL;низ;2370,025;2374,290;16,705;5;2
5/5;4096;2024-07-11 15:00:00;41148;HH;верх;2424,600;2415,375;54,575;20;1
5/5;4097;2024-07-12 12:00:00;41168;HL;низ;2391,520;2417,915;33,080;20;1
5/5;4098;2024-07-12 17:00:00;41173;LH;верх;2418,310;2408,750;26,790;5;1
5/5;4099;2024-07-15 07:00:00;41186;HL;низ;2401,405;2414,890;16,905;13;1
5/5;4100;2024-07-15 16:00:00;41195;HH;верх;2439,855;2421,105;38,450;9;1
5/5;4101;2024-07-16 12:00:00;41214;HL;низ;2429,445;2464,720;10,410;19;1
5/5;4102;2024-07-17 02:00:00;41227;HH;верх;2482,420;2474,245;52,975;13;1
5/5;4103;2024-07-17 06:00:00;41231;HL;низ;2461,880;2470,110;20,540;4;1
5/5;4104;2024-07-17 14:00:00;41239;HH;верх;2483,740;2458,075;21,860;8;1
5/5;4105;2024-07-17 18:00:00;41243;LL;низ;2451,570;2458,900;32,170;4;1
5/5;4106;2024-07-18 07:00:00;41255;LH;верх;2475,000;2464,040;23,430;12;2
5/5;4107;2024-07-19 13:00:00;41284;LL;низ;2393,880;2398,685;81,120;29;1
5/5;4108;2024-07-22 01:00:00;41295;LH;верх;2412,255;2402,540;18,375;11;2
5/5;4109;2024-07-22 14:00:00;41308;LL;низ;2383,930;2399,060;28,325;13;1
5/5;4110;2024-07-23 01:00:00;41318;LH;верх;2404,025;2390,410;20,095;10;1
5/5;4111;2024-07-23 06:00:00;41323;HL;низ;2388,310;2407,665;15,715;5;1
5/5;4112;2024-07-23 11:00:00;41328;HH;верх;2412,075;2405,400;23,765;5;1
5/5;4113;2024-07-24 01:00:00;41341;HL;низ;2405,015;2417,570;7,060;13;1
5/5;4114;2024-07-24 06:00:00;41346;HH;верх;2419,260;2417,525;14,245;5;1
5/5;4115;2024-07-24 09:00:00;41349;HL;низ;2409,890;2430,375;9,370;3;1
5/5;4116;2024-07-24 14:00:00;41354;HH;верх;2432,065;2398,515;22,175;5;2
5/5;4117;2024-07-25 17:00:00;41380;LL;низ;2353,195;2363,830;78,870;26;2
5/5;4118;2024-07-28 22:00:00;41407;LH;верх;2403,265;2394,655;50,070;27;4
5/5;4119;2024-07-29 15:00:00;41424;HL;низ;2369,650;2383,790;33,615;17;3
5/5;4120;2024-08-01 01:00:00;41479;HH;верх;2458,465;2444,870;88,815;55;3
5/5;4121;2024-08-01 09:00:00;41487;HL;низ;2430,275;2448,645;28,190;8;2
5/5;4122;2024-08-01 14:00:00;41492;HH;верх;2462,325;2443,230;32,050;5;1
5/5;4123;2024-08-01 18:00:00;41496;HL;низ;2434,995;2449,090;27,330;4;2
5/5;4124;2024-08-02 12:00:00;41513;HH;верх;2477,725;2427,885;42,730;17;2
5/5;4125;2024-08-02 15:00:00;41516;LL;низ;2410,885;2442,495;66,840;3;2
5/5;4126;2024-08-05 04:00:00;41528;LH;верх;2458,875;2424,210;47,990;12;1
5/5;4127;2024-08-05 12:00:00;41536;LL;низ;2364,390;2405,075;94,485;8;1
5/5;4128;2024-08-06 00:00:00;41547;LH;верх;2418,430;2398,825;54,040;11;1
5/5;4129;2024-08-06 06:00:00;41553;HL;низ;2394,855;2410,995;23,575;6;1
5/5;4130;2024-08-06 10:00:00;41557;LH;верх;2416,375;2387,610;21,520;4;1
5/5;4131;2024-08-07 01:00:00;41571;LL;низ;2379,050;2394,845;37,325;14;2
5/5;4132;2024-08-07 12:00:00;41582;LH;верх;2407,125;2389,910;28,075;11;1
5/5;4133;2024-08-07 22:00:00;41591;HL;низ;2381,140;2394,400;25,985;9;1
5/5;4134;2024-08-09 02:00:00;41618;HH;верх;2429,025;2423,195;47,885;27;1
5/5;4135;2024-08-09 06:00:00;41622;HL;низ;2416,925;2426,800;12,100;4;2
5/5;4136;2024-08-09 17:00:00;41633;HH;верх;2437,085;2427,995;20,160;11;1
5/5;4137;2024-08-12 02:00:00;41641;HL;низ;2423,890;2441,675;13,195;8;1
5/5;4138;2024-08-13 00:00:00;41662;HH;верх;2476,990;2462,745;53,100;21;1
5/5;4139;2024-08-13 05:00:00;41667;HL;низ;2458,560;2462,235;18,430;5;1
5/5;4140;2024-08-13 13:00:00;41675;LH;верх;2475,665;2467,860;17,105;8;1
5/5;4141;2024-08-13 19:00:00;41681;HL;низ;2462,270;2465,540;13,395;6;1
5/5;4142;2024-08-14 01:00:00;41686;LH;верх;2472,655;2467,500;10,385;5;1
5/5;4143;2024-08-14 02:00:00;41687;LL;низ;2455,375;2471,050;17,280;1;1
5/5;4144;2024-08-14 12:00:00;41697;HH;верх;2480,125;2441,565;24,750;10;1
5/5;4145;2024-08-14 16:00:00;41701;LL;низ;2438,145;2448,000;41,980;4;1
5/5;4146;2024-08-15 12:00:00;41720;LH;верх;2470,155;2455,530;32,010;19;1
5/5;4147;2024-08-15 13:00:00;41721;LL;низ;2432,225;2458,345;37,930;1;1
5/5;4148;2024-08-15 19:00:00;41727;LH;верх;2461,675;2457,385;29,450;6;1
5/5;4149;2024-08-16 03:00:00;41734;HL;низ;2450,805;2462,435;10,870;7;1
5/5;4150;2024-08-16 20:00:00;41751;HH;верх;2509,820;2503,580;59,015;17;1
5/5;4151;2024-08-19 01:00:00;41755;HL;низ;2495,045;2502,180;14,775;4;1
5/5;4152;2024-08-19 08:00:00;41762;LH;верх;2507,225;2494,755;12,180;7;1
5/5;4153;2024-08-19 13:00:00;41767;LL;низ;2485,735;2504,315;21,490;5;1
5/5;4154;2024-08-20 01:00:00;41778;HH;верх;2508,275;2502,440;22,540;11;2
5/5;4155;2024-08-20 06:00:00;41783;HL;низ;2497,400;2526,375;10,875;5;1
5/5;4156;2024-08-20 13:00:00;41790;HH;верх;2531,765;2513,390;34,365;7;1
5/5;4157;2024-08-20 16:00:00;41793;HL;низ;2500,865;2514,835;30,900;3;2
5/5;4158;2024-08-21 02:00:00;41802;LH;верх;2519,985;2509,820;19,120;9;1
5/5;4159;2024-08-21 14:00:00;41814;LL;низ;2493,830;2511,570;26,155;12;1
5/5;4160;2024-08-21 18:00:00;41818;LH;верх;2519,185;2513,810;25,355;4;1
5/5;4161;2024-08-22 14:00:00;41837;LL;низ;2470,850;2483,010;48,335;19;2
5/5;4162;2024-08-23 15:00:00;41861;LH;верх;2518,400;2512,490;47,550;24;2
5/5;4163;2024-08-26 05:00:00;41874;HL;низ;2508,810;2525,010;9,590;13;1
5/5;4164;2024-08-26 11:00:00;41880;HH;верх;2526,900;2520,305;18,090;6;1
5/5;4165;2024-08-26 14:00:00;41883;HL;низ;2510,680;2518,235;16,220;3;1
5/5;4166;2024-08-27 07:00:00;41899;LH;верх;2517,615;2509,930;6,935;16;1
5/5;4167;2024-08-27 08:00:00;41900;LL;низ;2503,585;2512,230;14,030;1;1
5/5;4168;2024-08-27 23:00:00;41914;HH;верх;2529,135;2511,585;25,550;14;1
5/5;4169;2024-08-28 12:00:00;41927;LL;низ;2493,665;2505,425;35,470;13;2
5/5;4170;2024-08-29 17:00:00;41955;LH;верх;2528,740;2519,630;35,075;28;1
5/5;4171;2024-08-30 04:00:00;41965;HL;низ;2512,255;2524,240;16,485;10;1
5/5;4172;2024-08-30 09:00:00;41970;LH;верх;2526,925;2509,120;14,670;5;1
5/5;4173;2024-08-30 17:00:00;41978;LL;низ;2494,215;2503,110;32,710;8;1
5/5;4174;2024-09-02 00:00:00;41984;LH;верх;2505,010;2496,600;10,795;6;1
5/5;4175;2024-09-02 02:00:00;41986;LL;низ;2490,105;2498,325;14,905;2;1
5/5;4176;2024-09-02 08:00:00;41992;HH;верх;2507,330;2499,995;17,225;6;1
5/5;4177;2024-09-03 01:00:00;42006;LL;низ;2489,705;2497,945;17,625;14;1
5/5;4178;2024-09-03 08:00:00;42013;LH;верх;2506,350;2480,165;16,645;7;1
5/5;4179;2024-09-03 14:00:00;42019;LL;низ;2473,325;2492,110;33,025;6;1
5/5;4180;2024-09-04 02:00:00;42030;LH;верх;2496,985;2482,175;23,660;11;1
5/5;4181;2024-09-04 09:00:00;42037;LL;низ;2471,915;2496,260;25,070;7;1
5/5;4182;2024-09-04 14:00:00;42042;HH;верх;2500,345;2493,455;28,430;5;1
5/5;4183;2024-09-05 04:00:00;42055;HL;низ;2493,880;2515,570;6,465;13;1
5/5;4184;2024-09-05 12:00:00;42063;HH;верх;2523,525;2515,205;29,645;8;1
5/5;4185;2024-09-05 15:00:00;42066;HL;низ;2503,965;2516,815;19,560;3;2
5/5;4186;2024-09-06 12:00:00;42086;HH;верх;2529,300;2495,605;25,335;20;2
5/5;4187;2024-09-06 16:00:00;42090;LL;низ;2485,190;2497,955;44,110;4;1
5/5;4188;2024-09-09 03:00:00;42100;LH;верх;2500,590;2492,245;15,400;10;1
5/5;4189;2024-09-09 06:00:00;42103;HL;низ;2485,610;2497,270;14,980;3;1
5/5;4190;2024-09-09 23:00:00;42119;HH;верх;2507,740;2501,820;22,130;16;1
5/5;4191;2024-09-10 08:00:00;42128;HL;низ;2500,190;2506,845;7,550;9;1
5/5;4192;2024-09-11 06:00:00;42149;HH;верх;2529,090;2522,260;28,900;21;2
5/5;4193;2024-09-11 14:00:00;42157;HL;низ;2501,000;2512,990;28,090;8;2
5/5;4194;2024-09-12 06:00:00;42172;LH;верх;2522,360;2519,605;21,360;15;1
5/5;4195;2024-09-12 11:00:00;42177;HL;низ;2513,120;2550,825;9,240;5;1
5/5;4196;2024-09-16 06:00:00;42218;HH;верх;2589,715;2583,075;76,595;41;2
5/5;4197;2024-09-16 10:00:00;42222;HL;низ;2575,245;2579,950;14,470;4;1
5/5;4198;2024-09-16 13:00:00;42225;LH;верх;2589,405;2581,095;14,160;3;3
5/5;4199;2024-09-17 17:00:00;42252;LL;низ;2560,780;2574,100;28,625;27;1
5/5;4200;2024-09-18 01:00:00;42259;LH;верх;2576,540;2569,205;15,760;7;1
5/5;4201;2024-09-18 05:00:00;42263;HL;низ;2565,790;2576,225;10,750;4;1
5/5;4202;2024-09-18 18:00:00;42276;HH;верх;2600,290;2558,825;34,500;13;2
5/5;4203;2024-09-18 19:00:00;42277;LL;низ;2546,860;2555,310;53,430;1;1
5/5;4204;2024-09-19 09:00:00;42290;LH;верх;2594,945;2581,290;48,085;13;1
5/5;4205;2024-09-19 13:00:00;42294;HL;низ;2569,815;2588,320;25,130;4;1
5/5;4206;2024-09-19 17:00:00;42298;LH;верх;2592,735;2587,320;22,920;4;1
5/5;4207;2024-09-20 01:00:00;42305;HL;низ;2584,875;2605,545;7,860;7;1
5/5;4208;2024-09-20 16:00:00;42320;HH;верх;2625,790;2620,485;40,915;15;1
5/5;4209;2024-09-23 01:00:00;42328;HL;низ;2616,175;2624,550;9,615;8;1
5/5;4210;2024-09-23 05:00:00;42332;HH;верх;2631,405;2621,585;15,230;4;1
5/5;4211;2024-09-23 07:00:00;42334;LL;низ;2613,890;2627,125;17,515;2;1
5/5;4212;2024-09-23 14:00:00;42341;HH;верх;2634,905;2626,310;21,015;7;1
5/5;4213;2024-09-24 00:00:00;42350;HL;низ;2623,870;2625,500;11,035;9;1
5/5;4214;2024-09-24 05:00:00;42355;HH;верх;2640,180;2633,440;16,310;5;1
5/5;4215;2024-09-24 07:00:00;42357;LL;низ;2622,680;2633,255;17,500;2;1
5/5;4216;2024-09-25 02:00:00;42375;HH;верх;2670,605;2657,005;47,925;18;2
5/5;4217;2024-09-25 07:00:00;42380;HL;низ;2651,415;2659,525;19,190;5;1
5/5;4218;2024-09-25 14:00:00;42387;LH;верх;2667,505;2659,785;16,090;7;1
5/5;4219;2024-09-25 16:00:00;42389;LL;низ;2649,700;2658,365;17,805;2;2
5/5;4220;2024-09-26 11:00:00;42407;HH;верх;2685,640;2668,265;35,940;18;1
5/5;4221;2024-09-26 13:00:00;42409;HL;низ;2654,840;2675,980;30,800;2;1
5/5;4222;2024-09-26 19:00:00;42415;LH;верх;2677,880;2669,600;23,040;6;3
5/5;4223;2024-09-27 17:00:00;42436;LL;низ;2643,155;2663,630;34,725;21;1
5/5;4224;2024-09-30 00:00:00;42442;LH;верх;2666,050;2657,915;22,895;6;2
5/5;4225;2024-09-30 18:00:00;42460;LL;низ;2624,780;2636,500;41,270;18;1
5/5;4226;2024-10-01 16:00:00;42481;HH;верх;2673,260;2662,150;48,480;21;1
5/5;4227;2024-10-02 05:00:00;42493;HL;низ;2644,580;2649,205;28,680;12;1
5/5;4228;2024-10-02 14:00:00;42502;LH;верх;2663,445;2658,695;18,865;9;1
5/5;4229;2024-10-02 15:00:00;42503;LL;низ;2641,180;2658,750;22,265;1;1
5/5;4230;2024-10-03 00:00:00;42511;LH;верх;2663,015;2653,340;21,835;8;1
5/5;4231;2024-10-03 14:00:00;42525;LL;низ;2637,015;2658,055;26,000;14;1
5/5;4232;2024-10-03 17:00:00;42528;LH;верх;2662,200;2655,875;25,185;3;1
5/5;4233;2024-10-03 23:00:00;42533;HL;низ;2654,420;2664,105;7,780;5;1
5/5;4234;2024-10-04 05:00:00;42539;HH;верх;2667,870;2658,315;13,450;6;1
5/5;4235;2024-10-04 12:00:00;42546;LL;низ;2632,015;2650,110;35,855;7;1
5/5;4236;2024-10-04 15:00:00;42549;HH;верх;2670,240;2653,840;38,225;3;1
5/5;4237;2024-10-07 06:00:00;42563;HL;низ;2639,745;2657,025;30,495;14;1
5/5;4238;2024-10-07 11:00:00;42568;LH;верх;2659,660;2646,900;19,915;5;1
5/5;4239;2024-10-07 12:00:00;42569;LL;низ;2637,770;2648,035;21,890;1;1
5/5;4240;2024-10-07 22:00:00;42578;LH;верх;2649,260;2643,035;11,490;9;1
5/5;4241;2024-10-08 08:00:00;42588;LL;низ;2628,600;2639,715;20,660;10;1
5/5;4242;2024-10-08 12:00:00;42592;HH;верх;2653,115;2614,550;24,515;4;1
5/5;4243;2024-10-08 15:00:00;42595;LL;низ;2604,820;2621,965;48,295;3;1
5/5;4244;2024-10-09 05:00:00;42608;LH;верх;2624,375;2621,175;19,555;13;1
5/5;4245;2024-10-09 07:00:00;42610;HL;низ;2609,245;2618,960;15,130;2;1
5/5;4246;2024-10-09 11:00:00;42614;LH;верх;2622,465;2608,790;13,220;4;1
5/5;4247;2024-10-10 12:00:00;42638;LL;низ;2604,390;2623,910;18,075;24;2
5/5;4248;2024-10-11 06:00:00;42655;HH;верх;2647,245;2644,760;42,855;17;1
5/5;4249;2024-10-11 09:00:00;42658;HL;низ;2636,245;2653,135;11,000;3;1
5/5;4250;2024-10-11 16:00:00;42665;HH;верх;2661,475;2650,385;25,230;7;1
5/5;4251;2024-10-14 02:00:00;42674;HL;низ;2643,245;2660,570;18,230;9;1
5/5;4252;2024-10-14 06:00:00;42678;HH;верх;2666,875;2652,190;23,630;4;1
5/5;4253;2024-10-14 15:00:00;42687;HL;низ;2644,055;2648,785;22,820;9;1
5/5;4254;2024-10-14 20:00:00;42692;LH;верх;2653,365;2651,755;9,310;5;1
5/5;4255;2024-10-15 05:00:00;42700;LL;низ;2638,105;2653,055;15,260;8;1
5/5;4256;2024-10-15 16:00:00;42711;HH;верх;2668,965;2662,240;30,860;11;1
5/5;4257;2024-10-16 00:00:00;42718;HL;низ;2658,800;2669,600;10,165;7;1
5/5;4258;2024-10-16 13:00:00;42731;HH;верх;2685,465;2675,035;26,665;13;1
5/5;4259;2024-10-16 16:00:00;42734;HL;низ;2666,795;2673,855;18,670;3;2
5/5;4260;2024-10-18 05:00:00;42769;HH;верх;2714,140;2712,595;47,345;35;2
5/5;4261;2024-10-18 08:00:00;42772;HL;низ;2701,735;2713,760;12,405;3;1
5/5;4262;2024-10-21 13:00:00;42800;HH;верх;2740,600;2716,450;38,865;28;1
5/5;4263;2024-10-21 19:00:00;42806;HL;низ;2714,235;2728,195;26,365;6;2
5/5;4264;2024-10-22 20:00:00;42830;HH;верх;2748,975;2738,995;34,740;24;1
5/5;4265;2024-10-23 02:00:00;42835;HL;низ;2737,940;2755,020;11,035;5;1
5/5;4266;2024-10-23 08:00:00;42841;HH;верх;2758,525;2737,560;20,585;6;1
5/5;4267;2024-10-23 15:00:00;42848;LL;низ;2708,755;2715,590;49,770;7;1
5/5;4268;2024-10-24 13:00:00;42869;LH;верх;2743,325;2735,605;34,570;21;1
5/5;4269;2024-10-25 09:00:00;42888;HL;низ;2717,100;2738,565;26,225;19;2
5/5;4270;2024-10-25 20:00:00;42899;HH;верх;2747,835;2734,295;30,735;11;1
5/5;4271;2024-10-28 01:00:00;42903;HL;низ;2724,755;2740,640;23,080;4;1
5/5;4272;2024-10-28 06:00:00;42908;LH;верх;2744,650;2732,330;19,895;5;1
5/5;4273;2024-10-28 10:00:00;42912;HL;низ;2727,930;2740,805;16,720;4;1
5/5;4274;2024-10-28 14:00:00;42916;HH;верх;2746,010;2742,580;18,080;4;1
5/5;4275;2024-10-28 22:00:00;42923;HL;низ;2739,870;2751,770;6,140;7;1
5/5;4276;2024-10-29 02:00:00;42927;HH;верх;2757,780;2752,530;17,910;4;1
5/5;4277;2024-10-29 11:00:00;42936;HL;низ;2746,195;2769,485;11,585;9;1
5/5;4278;2024-10-30 06:00:00;42954;HH;верх;2789,855;2778,635;43,660;18;1
5/5;4279;2024-10-30 13:00:00;42961;HL;низ;2770,925;2787,795;18,930;7;1
5/5;4280;2024-10-31 01:00:00;42972;HH;верх;2790,170;2779,915;19,245;11;2
5/5;4281;2024-10-31 15:00:00;42986;LL;низ;2731,635;2743,950;58,535;14;1
5/5;4282;2024-11-01 13:00:00;43007;LH;верх;2762,275;2736,230;30,640;21;2
5/5;4283;2024-11-04 08:00:00;43024;HL;низ;2731,930;2746,800;30,345;17;2
5/5;4284;2024-11-04 14:00:00;43030;LH;верх;2748,240;2738,395;16,310;6;1
5/5;4285;2024-11-05 02:00:00;43041;LL;низ;2724,765;2736,560;23,475;11;2
5/5;4286;2024-11-05 14:00:00;43053;HH;верх;2750,090;2740,540;25,325;12;1
5/5;4287;2024-11-05 15:00:00;43054;HL;низ;2733,035;2743,100;17,055;1;1
5/5;4288;2024-11-06 01:00:00;43063;LH;верх;2749,780;2707,125;16,745;9;1
5/5;4289;2024-11-07 01:00:00;43086;LL;низ;2643,355;2657,170;106,425;23;2
5/5;4290;2024-11-07 20:00:00;43105;LH;верх;2710,520;2697,590;67,165;19;1
5/5;4291;2024-11-08 07:00:00;43115;HL;низ;2680,415;2691,975;30,105;10;1
5/5;4292;2024-11-08 14:00:00;43122;LH;верх;2704,120;2687,155;23,705;7;1
5/5;4293;2024-11-11 02:00:00;43133;LL;низ;2666,570;2669,680;37,550;11;1
5/5;4294;2024-11-11 10:00:00;43141;LH;верх;2675,340;2614,610;8,770;8;1
5/5;4295;2024-11-11 18:00:00;43149;LL;низ;2610,695;2624,080;64,645;8;1
5/5;4296;2024-11-12 01:00:00;43155;LH;верх;2627,235;2607,995;16,540;6;1
5/5;4297;2024-11-12 10:00:00;43164;LL;низ;2589,725;2598,535;37,510;9;1
5/5;4298;2024-11-12 14:00:00;43168;LH;верх;2617,125;2598,235;27,400;4;1
5/5;4299;2024-11-12 17:00:00;43171;HL;низ;2592,530;2599,025;24,595;3;1
5/5;4300;2024-11-13 03:00:00;43180;LH;верх;2613,285;2607,760;20,755;9;1
5/5;4301;2024-11-13 08:00:00;43185;HL;низ;2601,095;2612,350;12,190;5;1
5/5;4302;2024-11-13 13:00:00;43190;HH;верх;2618,920;2582,815;17,825;5;1
5/5;4303;2024-11-14 09:00:00;43209;LL;низ;2536,855;2559,775;82,065;19;1
5/5;4304;2024-11-14 16:00:00;43216;LH;верх;2577,525;2564,720;40,670;7;1
5/5;4305;2024-11-15 06:00:00;43229;HL;низ;2554,395;2570,805;23,130;13;1
5/5;4306;2024-11-15 15:00:00;43238;LH;верх;2576,045;2562,260;21,650;9;1
5/5;4307;2024-11-15 18:00:00;43241;HL;низ;2559,525;2576,550;16,520;3;1
5/5;4308;2024-11-19 13:00:00;43282;HH;верх;2639,530;2630,240;80,005;41;3
5/5;4309;2024-11-19 15:00:00;43284;HL;низ;2621,000;2633,790;18,530;2;1
5/5;4310;2024-11-20 02:00:00;43294;HH;верх;2641,940;2621,655;20,940;10;1
5/5;4311;2024-11-20 08:00:00;43300;LL;низ;2618,890;2636,145;23,050;6;1
5/5;4312;2024-11-21 11:00:00;43326;HH;верх;2673,595;2664,770;54,705;26;2
5/5;4313;2024-11-21 13:00:00;43328;HL;низ;2660,510;2672,490;13,085;2;1
5/5;4314;2024-11-22 11:00:00;43349;HH;верх;2710,185;2705,215;49,675;21;1
5/5;4315;2024-11-22 14:00:00;43352;HL;низ;2684,495;2708,230;25,690;3;1
5/5;4316;2024-11-24 23:00:00;43360;HH;верх;2721,420;2672,575;36,925;8;1
5/5;4317;2024-11-25 05:00:00;43366;LL;низ;2658,210;2677,805;63,210;6;1
5/5;4318;2024-11-25 11:00:00;43372;LH;верх;2688,830;2632,015;30,620;6;1
5/5;4319;2024-11-25 23:00:00;43383;LL;низ;2605,310;2626,455;83,520;11;1
5/5;4320;2024-11-26 01:00:00;43385;LH;верх;2632,225;2622,150;26,915;2;1
5/5;4321;2024-11-26 07:00:00;43391;HL;низ;2610,860;2631,075;21,365;6;1
5/5;4322;2024-11-27 13:00:00;43420;HH;верх;2658,275;2638,975;47,415;29;2
5/5;4323;2024-11-28 01:00:00;43431;HL;низ;2620,990;2636,970;37,285;11;1
5/5;4324;2024-11-28 10:00:00;43440;LH;верх;2649,735;2638,245;28,745;9;1
5/5;4325;2024-11-29 01:00:00;43452;HL;низ;2634,090;2665,315;15,645;12;2
5/5;4326;2024-11-29 06:00:00;43457;HH;верх;2666,350;2659,680;32,260;5;1
5/5;4327;2024-12-02 05:00:00;43477;LL;низ;2621,980;2635,945;44,370;20;2
5/5;4328;2024-12-02 14:00:00;43486;LH;верх;2651,905;2637,680;29,925;9;1
5/5;4329;2024-12-02 18:00:00;43490;HL;низ;2633,595;2641,185;18,310;4;2
5/5;4330;2024-12-03 14:00:00;43509;HH;верх;2655,665;2640,985;22,070;19;2
5/5;4331;2024-12-03 15:00:00;43510;HL;низ;2635,230;2642,180;20,435;1;2
5/5;4332;2024-12-04 06:00:00;43524;LH;верх;2651,450;2646,240;16,220;14;1
5/5;4333;2024-12-04 13:00:00;43531;LL;низ;2632,465;2649,070;18,985;7;1
5/5;4334;2024-12-04 15:00:00;43533;HH;верх;2657,235;2650,110;24,770;2;3
5/5;4335;2024-12-06 01:00:00;43565;LL;низ;2613,110;2639,365;44,125;32;2
5/5;4336;2024-12-06 09:00:00;43573;LH;верх;2645,730;2635,685;32,620;8;1
5/5;4337;2024-12-06 14:00:00;43578;HL;низ;2624,130;2634,885;21,600;5;2
5/5;4338;2024-12-09 15:00:00;43602;HH;верх;2676,480;2657,940;52,350;24;2
5/5;4339;2024-12-09 20:00:00;43607;HL;низ;2656,805;2669,110;19,675;5;1
5/5;4340;2024-12-10 04:00:00;43614;LH;верх;2673,910;2665,115;17,105;7;1
5/5;4341;2024-12-10 08:00:00;43618;HL;низ;2661,245;2680,455;12,665;4;1
5/5;4342;2024-12-11 02:00:00;43635;HH;верх;2704,445;2690,290;43,200;17;1
5/5;4343;2024-12-11 05:00:00;43638;HL;низ;2675,465;2694,375;28,980;3;1
5/5;4344;2024-12-12 01:00:00;43657;HH;верх;2726,295;2718,555;50,830;19;1
5/5;4345;2024-12-12 01:00:00;43657;HL;низ;2700,810;2718,555;25,485;0;1
5/5;4346;2024-12-12 07:00:00;43663;LH;верх;2720,520;2706,915;19,710;6;1
5/5;4347;2024-12-12 15:00:00;43671;LL;низ;2675,165;2679,775;45,355;8;2
5/5;4348;2024-12-13 01:00:00;43680;LH;верх;2692,865;2689,770;17,700;9;1
5/5;4349;2024-12-16 00:00:00;43702;LL;низ;2643,595;2652,940;49,270;22;1
5/5;4350;2024-12-16 12:00:00;43714;LH;верх;2664,475;2652,150;20,880;12;1
5/5;4351;2024-12-16 16:00:00;43718;HL;низ;2648,630;2652,750;15,845;4;1
5/5;4352;2024-12-17 01:00:00;43726;LH;верх;2658,740;2649,010;10,110;8;1
5/5;4353;2024-12-17 14:00:00;43739;LL;низ;2633,160;2645,435;25,580;13;1
5/5;4354;2024-12-18 01:00:00;43749;LH;верх;2651,785;2646,760;18,625;10;2
5/5;4355;2024-12-18 21:00:00;43769;LL;низ;2583,915;2610,515;67,870;20;1
5/5;4356;2024-12-19 10:00:00;43781;LH;верх;2626,440;2588,450;42,525;12;1
5/5;4357;2024-12-19 15:00:00;43786;HL;низ;2587,065;2596,820;39,375;5;2
5/5;4358;2024-12-20 16:00:00;43810;HH;верх;2631,920;2623,610;44,855;24;1
5/5;4359;2024-12-23 00:00:00;43817;HL;низ;2617,515;2626,830;14,405;7;1
5/5;4360;2024-12-23 07:00:00;43824;HH;верх;2633,390;2615,170;15,875;7;1
5/5;4361;2024-12-23 16:00:00;43833;LL;низ;2608,260;2612,755;25,130;9;1
5/5;4362;2024-12-24 05:00:00;43845;LH;верх;2621,535;2615,570;13,275;12;1
5/5;4363;2024-12-24 15:00:00;43855;HL;низ;2610,105;2621,560;11,430;10;3
5/5;4364;2024-12-26 15:00:00;43875;HH;верх;2639,175;2634,380;29,070;20;1
5/5;4365;2024-12-27 02:00:00;43885;HL;низ;2628,990;2633,715;10,185;10;1
5/5;4366;2024-12-27 07:00:00;43890;LH;верх;2638,300;2626,365;9,310;5;1
5/5;4367;2024-12-27 14:00:00;43897;LL;низ;2611,715;2620,770;26,585;7;2
5/5;4368;2024-12-30 03:00:00;43909;LH;верх;2628,095;2612,070;16,380;12;2
5/5;4369;2024-12-30 16:00:00;43922;LL;низ;2596,185;2605,825;31,910;13;1
5/5;4370;2024-12-31 01:00:00;43930;LH;верх;2611,610;2607,895;15,425;8;1
5/5;4371;2024-12-31 05:00:00;43934;HL;низ;2602,760;2611,870;8,850;4;1
5/5;4372;2024-12-31 08:00:00;43937;HH;верх;2617,850;2613,295;15,090;3;1
5/5;4373;2024-12-31 13:00:00;43942;HL;низ;2605,490;2624,945;12,360;5;1
5/5;4374;2024-12-31 17:00:00;43946;HH;верх;2627,625;2623,815;22,135;4;1
5/5;4375;2025-01-01 23:00:00;43951;HL;низ;2621,775;2634,095;5,850;5;1
5/5;4376;2025-01-02 02:00:00;43954;HH;верх;2636,590;2636,060;14,815;3;1
5/5;4377;2025-01-02 08:00:00;43960;HL;низ;2631,145;2643,005;5,445;6;1
5/5;4378;2025-01-03 03:00:00;43978;HH;верх;2665,405;2652,980;34,260;18;2
5/5;4379;2025-01-03 21:00:00;43996;HL;низ;2636,705;2640,280;28,700;18;1
5/5;4380;2025-01-06 01:00:00;43999;LH;верх;2647,490;2631,570;10,785;3;1
5/5;4381;2025-01-06 07:00:00;44005;LL;низ;2625,260;2645,535;22,230;6;1
5/5;4382;2025-01-06 11:00:00;44009;HH;верх;2649,520;2640,815;24,260;4;1
5/5;4383;2025-01-06 14:00:00;44012;LL;низ;2614,635;2634,440;34,885;3;1
5/5;4384;2025-01-07 13:00:00;44034;HH;верх;2664,330;2649,235;49,695;22;1
5/5;4385;2025-01-08 04:00:00;44048;HL;низ;2645,370;2653,605;18,960;14;2
5/5;4386;2025-01-08 16:00:00;44060;HH;верх;2670,150;2661,655;24,780;12;1
5/5;4387;2025-01-09 04:00:00;44071;HL;низ;2655,635;2665,035;14,515;11;1
5/5;4388;2025-01-09 13:00:00;44080;HH;верх;2678,405;2671,435;22,770;9;1
5/5;4389;2025-01-09 17:00:00;44084;HL;низ;2662,810;2670,080;15,595;4;2
5/5;4390;2025-01-10 15:00:00;44105;HH;верх;2697,950;2690,735;35,140;21;1
5/5;4391;2025-01-13 01:00:00;44114;HL;низ;2679,315;2690,040;18,635;9;1
5/5;4392;2025-01-13 06:00:00;44119;LH;верх;2691,325;2676,000;12,010;5;1
5/5;4393;2025-01-13 19:00:00;44132;LL;низ;2656,835;2670,780;34,490;13;1
5/5;4394;2025-01-14 05:00:00;44141;LH;верх;2675,365;2666,770;18,530;9;1
5/5;4395;2025-01-14 14:00:00;44150;HL;низ;2659,890;2674,335;15,475;9;1
5/5;4396;2025-01-14 21:00:00;44157;HH;верх;2678,395;2676,185;18,505;7;1
5/5;4397;2025-01-15 02:00:00;44161;HL;низ;2669,365;2681,455;9,030;4;1
5/5;4398;2025-01-15 14:00:00;44173;HH;верх;2696,045;2694,100;26,680;12;1
5/5;4399;2025-01-15 15:00:00;44174;HL;низ;2676,755;2696,375;19,290;1;1
5/5;4400;2025-01-16 01:00:00;44183;HH;верх;2702,260;2693,980;25,505;9;1
5/5;4401;2025-01-16 06:00:00;44188;HL;низ;2690,050;2706,475;12,210;5;1
5/5;4402;2025-01-16 17:00:00;44199;HH;верх;2724,785;2714,635;34,735;11;1
5/5;4403;2025-01-17 01:00:00;44206;HL;низ;2709,965;2712,750;14,820;7;1
5/5;4404;2025-01-17 03:00:00;44208;LH;верх;2717,430;2711,755;7,465;2;1
5/5;4405;2025-01-17 14:00:00;44219;LL;низ;2702,745;2703,110;14,685;11;1
5/5;4406;2025-01-17 16:00:00;44221;LH;верх;2717,395;2703,150;14,650;2;1
5/5;4407;2025-01-20 01:00:00;44229;LL;низ;2689,375;2711,855;28,020;8;1
5/5;4408;2025-01-20 06:00:00;44234;LH;верх;2713,885;2708,515;24,510;5;1
5/5;4409;2025-01-20 13:00:00;44241;HL;низ;2701,765;2710,750;12,120;7;2
5/5;4410;2025-01-21 07:00:00;44256;HH;верх;2733,060;2727,025;31,295;15;1
5/5;4411;2025-01-21 11:00:00;44260;HL;низ;2716,615;2743,320;16,445;4;2
5/5;4412;2025-01-22 10:00:00;44282;HH;верх;2763,435;2759,475;46,820;22;1
5/5;4413;2025-01-23 13:00:00;44308;HL;низ;2735,960;2755,895;27,475;26;3
5/5;4414;2025-01-23 17:00:00;44312;LH;верх;2758,970;2754,665;23,010;4;1
5/5;4415;2025-01-24 08:00:00;44326;HL;низ;2770,180;2782,450;11,210;14;1
5/5;4416;2025-01-24 15:00:00;44333;HH;верх;2786,060;2771,085;15,880;7;1
5/5;4417;2025-01-27 07:00:00;44348;LL;низ;2747,420;2761,505;38,640;15;2
5/5;4418;2025-01-27 11:00:00;44352;LH;верх;2772,105;2734,575;24,685;4;1
5/5;4419;2025-01-27 17:00:00;44358;LL;низ;2730,560;2741,945;41,545;6;1
5/5;4420;2025-01-27 23:00:00;44363;LH;верх;2745,360;2742,390;14,800;5;1
5/5;4421;2025-01-28 08:00:00;44372;HL;низ;2734,815;2748,915;10,545;9;1
5/5;4422;2025-01-29 01:00:00;44388;HH;верх;2766,265;2759,260;31,450;16;2
5/5;4423;2025-01-29 19:00:00;44406;HL;низ;2744,755;2760,270;21,510;18;2
5/5;4424;2025-01-30 16:00:00;44426;HH;верх;2798,605;2794,165;53,850;20;1
5/5;4425;2025-01-30 21:00:00;44431;HL;низ;2788,485;2796,395;10,120;5;1
5/5;4426;2025-01-31 00:00:00;44433;HH;верх;2799,565;2795,665;11,080;2;1
5/5;4427;2025-01-31 10:00:00;44443;HL;низ;2791,070;2809,290;8,495;10;1
5/5;4428;2025-01-31 15:00:00;44448;HH;верх;2817,215;2800,750;26,145;5;1
5/5;4429;2025-02-03 03:00:00;44459;LL;низ;2772,215;2796,825;45,000;11;1
5/5;4430;2025-02-03 14:00:00;44470;HH;верх;2830,755;2818,330;58,540;11;1
5/5;4431;2025-02-03 21:00:00;44477;HL;низ;2812,278;2821,440;18,477;7;1
5/5;4432;2025-02-04 02:00:00;44481;LH;верх;2824,650;2812,725;12,372;4;1
5/5;4433;2025-02-04 07:00:00;44486;LL;низ;2807,275;2821,880;17,375;5;1
5/5;4434;2025-02-04 15:00:00;44494;HH;верх;2845,470;2844,325;38,195;8;1
5/5;4435;2025-02-05 01:00:00;44503;HL;низ;2839,740;2859,425;5,730;9;2
5/5;4436;2025-02-05 15:00:00;44517;HH;верх;2882,310;2862,685;42,570;14;1
5/5;4437;2025-02-05 20:00:00;44522;HL;низ;2859,975;2870,675;22,335;5;1
5/5;4438;2025-02-06 02:00:00;44527;LH;верх;2873,340;2855,680;13,365;5;1
5/5;4439;2025-02-06 08:00:00;44533;LL;низ;2848,970;2856,825;24,370;6;1
5/5;4440;2025-02-06 12:00:00;44537;LH;верх;2870,395;2852,390;21,425;4;1
5/5;4441;2025-02-06 15:00:00;44540;LL;низ;2834,270;2856,530;36,125;3;1
5/5;4442;2025-02-07 03:00:00;44551;HH;верх;2870,565;2866,420;36,295;11;1
5/5;4443;2025-02-07 13:00:00;44561;HL;низ;2852,595;2861,305;17,970;10;1
5/5;4444;2025-02-11 02:00:00;44596;HH;верх;2942,780;2913,325;90,185;35;3
5/5;4445;2025-02-11 13:00:00;44607;HL;низ;2881,560;2905,945;61,220;11;1
5/5;4446;2025-02-11 16:00:00;44610;LH;верх;2908,675;2897,615;27,115;3;1
5/5;4447;2025-02-12 13:00:00;44630;LL;низ;2864,330;2901,045;44,345;20;2
5/5;4448;2025-02-13 05:00:00;44645;HH;верх;2922,880;2917,995;58,550;15;3
5/5;4449;2025-02-13 13:00:00;44653;HL;низ;2905,885;2924,170;16,995;8;2
5/5;4450;2025-02-14 10:00:00;44673;HH;верх;2939,980;2901,945;34,095;20;1
5/5;4451;2025-02-14 20:00:00;44683;LL;низ;2877,025;2899,300;62,955;10;1
5/5;4452;2025-02-17 09:00:00;44695;LH;верх;2906,525;2903,080;29,500;12;2
5/5;4453;2025-02-18 01:00:00;44708;HL;низ;2892,070;2913,650;14,455;13;1
5/5;4454;2025-02-18 05:00:00;44712;HH;верх;2915,760;2911,335;23,690;4;1
5/5;4455;2025-02-18 10:00:00;44717;HL;низ;2907,190;2927,140;8,570;5;1
5/5;4456;2025-02-19 01:00:00;44731;HH;верх;2939,740;2931,715;32,550;14;1
5/5;4457;2025-02-19 02:00:00;44732;HL;низ;2924,210;2934,265;15,530;1;1
5/5;4458;2025-02-19 10:00:00;44740;HH;верх;2947,080;2925,755;22,870;8;1
5/5;4459;2025-02-19 18:00:00;44748;LL;низ;2918,640;2941,010;28,440;8;1
5/5;4460;2025-02-20 09:00:00;44762;HH;верх;2954,955;2934,860;36,315;14;1
5/5;4461;2025-02-20 14:00:00;44767;HL;низ;2924,035;2938,065;30,920;5;1
5/5;4462;2025-02-21 01:00:00;44777;LH;верх;2949,930;2929,650;25,895;10;1
5/5;4463;2025-02-21 08:00:00;44784;LL;низ;2916,820;2931,025;33,110;7;2
5/5;4464;2025-02-21 18:00:00;44794;LH;верх;2942,880;2930,090;26,060;10;1
5/5;4465;2025-02-24 01:00:00;44800;HL;низ;2921,475;2938,850;21,405;6;1
5/5;4466;2025-02-24 14:00:00;44813;HH;верх;2956,310;2949,250;34,835;13;1
5/5;4467;2025-02-24 15:00:00;44814;HL;низ;2930,810;2950,585;25,500;1;1
5/5;4468;2025-02-24 23:00:00;44821;LH;верх;2953,425;2936,935;22,615;7;2
5/5;4469;2025-02-25 16:00:00;44838;LL;низ;2888,180;2915,045;65,245;17;1
5/5;4470;2025-02-26 01:00:00;44846;LH;верх;2930,180;2906,780;42,000;8;1
5/5;4471;2025-02-26 14:00:00;44859;HL;низ;2890,865;2913,975;39,315;13;2
5/5;4472;2025-02-26 23:00:00;44867;LH;верх;2920,815;2897,515;29,950;8;1
5/5;4473;2025-02-28 15:00:00;44906;LL;низ;2832,720;2854,760;88,095;39;2
5/5;4474;2025-03-02 23:00:00;44913;LH;верх;2876,850;2867,420;44,130;7;1
5/5;4475;2025-03-03 08:00:00;44922;HL;низ;2859,000;2872,720;17,850;9;1
5/5;4476;2025-03-04 13:00:00;44950;HH;верх;2927,910;2911,375;68,910;28;2
5/5;4477;2025-03-04 15:00:00;44952;HL;низ;2900,390;2917,285;27,520;2;1
5/5;4478;2025-03-04 20:00:00;44957;LH;верх;2920,610;2904,510;20,220;5;1
5/5;4479;2025-03-05 02:00:00;44962;HL;низ;2902,040;2918,150;18,570;5;1
5/5;4480;2025-03-05 09:00:00;44969;HH;верх;2922,675;2912,005;20,635;7;1
5/5;4481;2025-03-05 13:00:00;44973;LL;низ;2894,350;2917,505;28,325;4;1
5/5;4482;2025-03-05 16:00:00;44976;HH;верх;2929,980;2919,265;35,630;3;2
5/5;4483;2025-03-06 09:00:00;44992;LL;низ;2891,150;2915,215;38,830;16;1
5/5;4484;2025-03-06 15:00:00;44998;LH;верх;2922,850;2908,895;31,700;6;1
5/5;4485;2025-03-07 00:00:00;45006;HL;низ;2896,910;2909,660;25,940;8;1
5/5;4486;2025-03-07 15:00:00;45021;HH;верх;2930,540;2909,765;33,630;15;1
5/5;4487;2025-03-07 18:00:00;45024;HL;низ;2902,065;2916,340;28,475;3;1
5/5;4488;2025-03-10 01:00:00;45031;LH;верх;2918,385;2914,440;16,320;7;2
5/5;4489;2025-03-11 01:00:00;45054;LL;низ;2880,250;2902,350;38,135;23;3
5/5;4490;2025-03-11 13:00:00;45066;HH;верх;2922,225;2918,355;41,975;12;2
5/5;4491;2025-03-12 07:00:00;45083;HL;низ;2909,095;2917,560;13,130;17;2
5/5;4492;2025-03-12 09:00:00;45085;HH;верх;2925,390;2921,985;16,295;2;1
5/5;4493;2025-03-12 13:00:00;45089;LL;низ;2906,110;2935,210;19,280;4;1
5/5;4494;2025-03-13 03:00:00;45102;HH;верх;2947,195;2941,540;41,085;13;2
5/5;4495;2025-03-13 07:00:00;45106;HL;низ;2932,980;2942,575;14,215;4;2
5/5;4496;2025-03-14 10:00:00;45132;HH;верх;3005,040;2984,620;72,060;26;1
5/5;4497;2025-03-14 15:00:00;45137;HL;низ;2978,505;2984,910;26,535;5;1
5/5;4498;2025-03-16 23:00:00;45144;LH;верх;2994,235;2982,710;15,730;7;1
5/5;4499;2025-03-17 05:00:00;45150;HL;низ;2982,340;2999,030;11,895;6;1
5/5;4500;2025-03-18 13:00:00;45181;HH;верх;3038,350;3035,930;56,010;31;3
5/5;4501;2025-03-19 01:00:00;45192;HL;низ;3027,450;3042,340;10,900;11;1
5/5;4502;2025-03-19 05:00:00;45196;HH;верх;3045,410;3034,725;17,960;4;1
5/5;4503;2025-03-19 09:00:00;45200;LL;низ;3022,885;3027,670;22,525;4;1
5/5;4504;2025-03-20 04:00:00;45218;HH;верх;3057,590;3041,530;34,705;18;1
5/5;4505;2025-03-20 10:00:00;45224;HL;низ;3025,730;3040,820;31,860;6;1
5/5;4506;2025-03-21 00:00:00;45237;LH;верх;3047,550;3028,105;21,820;13;1
5/5;4507;2025-03-21 05:00:00;45242;LL;низ;3021,845;3030,955;25,705;5;1
5/5;4508;2025-03-21 12:00:00;45249;LH;верх;3038,195;3013,735;16,350;7;1
5/5;4509;2025-03-21 14:00:00;45251;LL;низ;2999,465;3019,985;38,730;2;1
5/5;4510;2025-03-23 23:00:00;45259;LH;верх;3026,410;3019,520;26,945;8;1
5/5;4511;2025-03-24 02:00:00;45262;HL;низ;3013,755;3022,360;12,655;3;1
5/5;4512;2025-03-24 10:00:00;45270;HH;верх;3033,340;3014,180;19,585;8;1
5/5;4513;2025-03-24 18:00:00;45278;LL;низ;3002,495;3014,470;30,845;8;1
5/5;4514;2025-03-25 14:00:00;45297;HH;верх;3036,070;3019,720;33,575;19;1
5/5;4515;2025-03-26 05:00:00;45311;HL;низ;3013,320;3023,410;22,750;14;1
5/5;4516;2025-03-26 08:00:00;45314;LH;верх;3032,165;3016,715;18,845;3;1
5/5;4517;2025-03-26 15:00:00;45321;LL;низ;3012,330;3019,495;19,835;7;2
5/5;4518;2025-03-28 07:00:00;45359;HH;верх;3086,090;3077,505;73,760;38;2
5/5;4519;2025-03-28 08:00:00;45360;HL;низ;3066,145;3083,360;19,945;1;1
5/5;4520;2025-03-28 14:00:00;45366;HH;верх;3086,965;3080,775;20,820;6;1
5/5;4521;2025-03-31 01:00:00;45376;HL;низ;3076,805;3119,390;10,160;10;1
5/5;4522;2025-03-31 06:00:00;45381;HH;верх;3128,135;3119,620;51,330;5;1
5/5;4523;2025-03-31 13:00:00;45388;HL;низ;3099,710;3121,520;28,425;7;1
5/5;4524;2025-04-01 05:00:00;45403;HH;верх;3149,090;3132,370;49,380;15;2
5/5;4525;2025-04-01 16:00:00;45414;HL;низ;3100,870;3111,435;48,220;11;2
5/5;4526;2025-04-02 02:00:00;45423;LH;верх;3135,805;3125,345;34,935;9;1
5/5;4527;2025-04-02 05:00:00;45426;HL;низ;3106,705;3114,595;29,100;3;1
5/5;4528;2025-04-02 08:00:00;45429;LH;верх;3133,950;3122,390;27,245;3;1
5/5;4529;2025-04-02 20:00:00;45441;LL;низ;3104,790;3145,255;29,160;12;1
5/5;4530;2025-04-02 23:00:00;45443;HH;верх;3167,835;3140,485;63,045;2;1
5/5;4531;2025-04-03 13:00:00;45457;LL;низ;3054,190;3111,765;113,645;14;1
5/5;4532;2025-04-04 11:00:00;45478;LH;верх;3136,775;3031,010;82,585;21;2
5/5;4533;2025-04-07 00:00:00;45490;LL;низ;2970,215;3032,180;166,560;12;1
5/5;4534;2025-04-07 01:00:00;45491;LH;верх;3057,305;3029,980;87,090;1;1
5/5;4535;2025-04-07 07:00:00;45497;HL;низ;3013,360;3031,250;43,945;6;1
5/5;4536;2025-04-07 11:00:00;45501;LH;верх;3046,235;2970,925;32,875;4;1
5/5;4537;2025-04-07 17:00:00;45507;LL;низ;2956,565;2981,335;89,670;6;1
5/5;4538;2025-04-08 13:00:00;45526;LH;верх;3022,760;2983,635;66,195;19;1
5/5;4539;2025-04-08 23:00:00;45535;HL;низ;2969,970;3012,365;52,790;9;1
5/5;4540;2025-04-10 05:00:00;45564;HH;верх;3132,630;3120,215;162,660;29;1
5/5;4541;2025-04-10 09:00:00;45568;HL;низ;3103,320;3154,655;29,310;4;1
5/5;4542;2025-04-11 16:00:00;45598;HH;верх;3245,485;3221,425;142,165;30;1
5/5;4543;2025-04-13 22:00:00;45603;HL;низ;3213,355;3232,405;32,130;5;1
5/5;4544;2025-04-14 02:00:00;45607;HH;верх;3245,845;3228,040;32,490;4;1
5/5;4545;2025-04-14 13:00:00;45618;LL;низ;3193,630;3208,180;52,215;11;1
5/5;4546;2025-04-15 04:00:00;45632;LH;верх;3232,755;3222,635;39,125;14;1
5/5;4547;2025-04-15 13:00:00;45641;HL;низ;3211,660;3229,205;21,095;9;1
5/5;4548;2025-04-16 22:00:00;45672;HH;верх;3357,775;3344,620;146,115;31;2
5/5;4549;2025-04-17 01:00:00;45675;HL;низ;3320,855;3328,820;36,920;3;1
5/5;4550;2025-04-17 12:00:00;45686;LH;верх;3342,735;3319,045;21,880;11;1
5/5;4551;2025-04-17 14:00:00;45688;LL;низ;3283,955;3320,825;58,780;2;2
5/5;4552;2025-04-22 06:00:00;45726;HH;верх;3500,200;3456,820;216,245;38;1
5/5;4553;2025-04-22 22:00:00;45741;HL;низ;3315,340;3339,045;184,860;15;1
5/5;4554;2025-04-23 01:00:00;45744;LH;верх;3386,770;3301,110;71,430;3;1
5/5;4555;2025-04-23 14:00:00;45757;LL;низ;3260,190;3293,990;126,580;13;2
5/5;4556;2025-04-24 01:00:00;45767;LH;верх;3367,685;3324,655;107,495;10;1
5/5;4557;2025-04-24 06:00:00;45772;HL;низ;3314,800;3336,995;52,885;5;1
5/5;4558;2025-04-24 12:00:00;45778;LH;верх;3344,785;3336,880;29,985;6;1
5/5;4559;2025-04-24 14:00:00;45780;LL;низ;3306,755;3342,295;38,030;2;1
5/5;4560;2025-04-24 22:00:00;45787;HH;верх;3370,475;3323,720;63,720;7;1
5/5;4561;2025-04-25 13:00:00;45802;LL;низ;3265,135;3288,410;105,340;15;2
5/5;4562;2025-04-27 22:00:00;45810;LH;верх;3330,605;3290,850;65,470;8;1
5/5;4563;2025-04-28 02:00:00;45814;HL;низ;3268,110;3287,380;62,495;4;2
5/5;4564;2025-04-28 19:00:00;45831;HH;верх;3353,200;3326,600;85,090;17;1
5/5;4565;2025-04-29 05:00:00;45840;HL;низ;3305,140;3313,005;48,060;9;1
5/5;4566;2025-04-29 08:00:00;45843;LH;верх;3325,005;3307,225;19,865;3;1
5/5;4567;2025-04-29 14:00:00;45849;LL;низ;3299,675;3320,540;25,330;6;1
5/5;4568;2025-04-29 16:00:00;45851;HH;верх;3330,065;3319,175;30,390;2;2
5/5;4569;2025-04-30 12:00:00;45870;LL;низ;3266,910;3305,300;63,155;19;1
5/5;4570;2025-04-30 13:00:00;45871;LH;верх;3319,800;3301,770;52,890;1;1
5/5;4571;2025-05-01 12:00:00;45893;LL;низ;3201,955;3214,490;117,845;22;1
5/5;4572;2025-05-02 11:00:00;45915;LH;верх;3269,300;3225,070;67,345;22;1
5/5;4573;2025-05-02 16:00:00;45920;HL;низ;3222,755;3239,725;46,545;5;1
5/5;4574;2025-05-05 02:00:00;45929;HH;верх;3272,545;3264,850;49,790;9;1
5/5;4575;2025-05-05 16:00:00;45943;HL;низ;3305,640;3330,805;33,095;14;1
5/5;4576;2025-05-06 20:00:00;45970;HH;верх;3435,055;3390,665;129,415;27;2
5/5;4577;2025-05-07 01:00:00;45974;HL;низ;3360,200;3392,610;74,855;4;1
5/5;4578;2025-05-07 07:00:00;45980;LH;верх;3397,445;3390,920;37,245;6;1
5/5;4579;2025-05-07 10:00:00;45983;HL;низ;3369,305;3385,230;28,140;3;1
5/5;4580;2025-05-07 13:00:00;45986;HH;верх;3398,145;3384,645;28,840;3;1
5/5;4581;2025-05-07 19:00:00;45992;LL;низ;3363,735;3408,725;34,410;6;1
5/5;4582;2025-05-08 02:00:00;45998;HH;верх;3414,790;3343,050;51,055;6;1
5/5;4583;2025-05-08 06:00:00;46002;LL;низ;3320,380;3344,425;94,410;4;1
5/5;4584;2025-05-08 13:00:00;46009;LH;верх;3369,600;3308,525;49,220;7;1
5/5;4585;2025-05-09 02:00:00;46021;LL;низ;3274,810;3327,485;94,790;12;2
5/5;4586;2025-05-09 16:00:00;46035;LH;верх;3347,625;3272,680;72,815;14;1
5/5;4587;2025-05-12 10:00:00;46052;LL;низ;3207,790;3239,305;139,835;17;2
5/5;4588;2025-05-12 13:00:00;46055;LH;верх;3248,700;3229,770;40,910;3;1
5/5;4589;2025-05-13 01:00:00;46066;HL;низ;3215,855;3262,250;32,845;11;2
5/5;4590;2025-05-13 06:00:00;46071;HH;верх;3265,785;3249,250;49,930;5;1
5/5;4591;2025-05-13 14:00:00;46079;HL;низ;3225,505;3249,450;40,280;8;1
5/5;4592;2025-05-13 23:00:00;46087;LH;верх;3257,140;3224,035;31,635;8;1
5/5;4593;2025-05-14 05:00:00;46093;LL;низ;3221,565;3235,725;35,575;6;1
5/5;4594;2025-05-14 08:00:00;46096;LH;верх;3243,960;3191,505;22,395;3;1
5/5;4595;2025-05-14 19:00:00;46107;LL;низ;3168,065;3172,460;75,895;11;1
5/5;4596;2025-05-15 01:00:00;46112;LH;верх;3192,830;3150,000;24,765;5;1
5/5;4597;2025-05-15 06:00:00;46117;LL;низ;3120,765;3179,250;72,065;5;1
5/5;4598;2025-05-15 22:00:00;46132;HH;верх;3252,255;3211,930;131,490;15;1
5/5;4599;2025-05-16 11:00:00;46145;HL;низ;3154,300;3189,405;97,955;13;1
5/5;4600;2025-05-19 00:00:00;46157;LH;верх;3249,850;3224,160;95,550;12;1
5/5;4601;2025-05-19 04:00:00;46161;HL;низ;3206,725;3242,115;43,125;4;1
5/5;4602;2025-05-19 11:00:00;46168;LH;верх;3248,590;3231,920;41,865;7;1
5/5;4603;2025-05-20 03:00:00;46183;LL;низ;3204,670;3236,040;43,920;15;3
5/5;4604;2025-05-21 06:00:00;46209;HH;верх;3320,845;3311,320;116,175;26;1
5/5;4605;2025-05-21 12:00:00;46215;HL;низ;3290,725;3316,470;30,120;6;1
5/5;4606;2025-05-22 03:00:00;46229;HH;верх;3345,470;3311,355;54,745;14;1
5/5;4607;2025-05-22 14:00:00;46240;LL;низ;3279,235;3290,315;66,235;11;2
5/5;4608;2025-05-23 17:00:00;46266;HH;верх;3366,015;3342,730;86,780;26;1
5/5;4609;2025-05-26 09:00:00;46281;HL;низ;3323,500;3337,350;42,515;15;2
5/5;4610;2025-05-27 00:00:00;46293;LH;верх;3350,095;3323,520;26,595;12;1
5/5;4611;2025-05-27 14:00:00;46307;LL;низ;3285,250;3304,450;64,845;14;1
5/5;4612;2025-05-28 00:00:00;46316;LH;верх;3315,885;3307,275;30,635;9;1
5/5;4613;2025-05-28 03:00:00;46319;HL;низ;3291,705;3321,705;24,180;3;1
5/5;4614;2025-05-28 09:00:00;46325;HH;верх;3325,695;3302,710;33,990;6;1
5/5;4615;2025-05-29 01:00:00;46340;LL;низ;3245,560;3271,775;80,135;15;1
5/5;4616;2025-05-29 16:00:00;46355;HH;верх;3331,470;3314,440;85,910;15;3
5/5;4617;2025-05-30 14:00:00;46376;HL;низ;3271,460;3295,000;60,010;21;1
5/5;4618;2025-06-02 23:00:00;46407;HH;верх;3392,305;3362,800;120,845;31;1
5/5;4619;2025-06-03 14:00:00;46422;HL;низ;3333,170;3352,680;59,135;15;3
5/5;4620;2025-06-04 02:00:00;46433;LH;верх;3372,715;3354,725;39,545;11;1
5/5;4621;2025-06-04 11:00:00;46442;HL;низ;3343,815;3375,115;28,900;9;1
5/5;4622;2025-06-04 14:00:00;46445;HH;верх;3384,760;3373,600;40,945;3;2
5/5;4623;2025-06-05 05:00:00;46459;HL;низ;3361,220;3400,025;23,540;14;1
5/5;4624;2025-06-05 11:00:00;46465;HH;верх;3403,625;3354,165;42,405;6;1
5/5;4625;2025-06-05 15:00:00;46469;LL;низ;3339,350;3352,730;64,275;4;1
5/5;4626;2025-06-06 05:00:00;46482;LH;верх;3375,705;3360,635;36,355;13;1
5/5;4627;2025-06-09 02:00:00;46502;LL;низ;3293,500;3324,250;82,205;20;1
5/5;4628;2025-06-09 07:00:00;46507;LH;верх;3328,515;3320,095;35,015;5;1
5/5;4629;2025-06-09 13:00:00;46513;HL;низ;3310,795;3333,225;17,720;6;1
5/5;4630;2025-06-09 17:00:00;46517;HH;верх;3338,295;3326,865;27,500;4;1
5/5;4631;2025-06-10 02:00:00;46525;LL;низ;3302,015;3330,220;36,280;8;1
5/5;4632;2025-06-10 13:00:00;46536;HH;верх;3349,280;3321,695;47,265;11;1
5/5;4633;2025-06-10 23:00:00;46545;HL;низ;3315,590;3341,850;33,690;9;2
5/5;4634;2025-06-11 12:00:00;46558;HH;верх;3360,790;3324,365;45,200;13;1
5/5;4635;2025-06-11 17:00:00;46563;HL;низ;3319,380;3365,535;41,410;5;1
5/5;4636;2025-06-12 02:00:00;46571;HH;верх;3377,895;3346,305;58,515;8;1
5/5;4637;2025-06-12 07:00:00;46576;HL;низ;3338,590;3388,325;39,305;5;1
5/5;4638;2025-06-13 03:00:00;46595;HH;верх;3444,495;3424,365;105,905;19;2
5/5;4639;2025-06-13 07:00:00;46599;HL;низ;3407,925;3436,510;36,570;4;1
5/5;4640;2025-06-15 22:00:00;46613;HH;верх;3451,525;3431,565;43,600;14;2
5/5;4641;2025-06-16 07:00:00;46622;HL;низ;3409,580;3415,625;41,945;9;1
5/5;4642;2025-06-16 11:00:00;46626;LH;верх;3422,785;3399,490;13,205;4;1
5/5;4643;2025-06-16 13:00:00;46628;LL;низ;3382,540;3385,340;40,245;2;2
5/5;4644;2025-06-17 00:00:00;46638;LH;верх;3403,430;3392,640;20,890;10;1
5/5;4645;2025-06-17 03:00:00;46641;LL;низ;3373,670;3378,945;29,760;3;1
5/5;4646;2025-06-17 11:00:00;46649;LH;верх;3400,200;3382,965;26,530;8;1
5/5;4647;2025-06-17 14:00:00;46652;LL;низ;3366,115;3385,815;34,085;3;1
5/5;4648;2025-06-17 22:00:00;46659;LH;верх;3395,975;3391,115;29,860;7;1
5/5;4649;2025-06-18 02:00:00;46663;HL;низ;3370,645;3385,995;25,330;4;1
5/5;4650;2025-06-18 04:00:00;46665;HH;верх;3400,110;3378,275;29,465;2;2
5/5;4651;2025-06-18 20:00:00;46681;LL;низ;3362,605;3376,830;37,505;16;1
5/5;4652;2025-06-19 01:00:00;46685;LH;верх;3388,175;3357,455;25,570;4;1
5/5;4653;2025-06-19 06:00:00;46690;LL;низ;3347,530;3372,060;40,645;5;1
5/5;4654;2025-06-19 10:00:00;46694;LH;верх;3379,180;3369,290;31,650;4;1
5/5;4655;2025-06-19 13:00:00;46697;HL;низ;3361,525;3370,380;17,655;3;1
5/5;4656;2025-06-19 17:00:00;46701;LH;верх;3375,625;3356,540;14,100;4;1
5/5;4657;2025-06-20 06:00:00;46711;LL;низ;3340,415;3347,160;35,210;10;2
5/5;4658;2025-06-22 22:00:00;46726;HH;верх;3389,220;3363,460;48,805;15;2
5/5;4659;2025-06-23 05:00:00;46733;HL;низ;3347,035;3367,865;42,185;7;1
5/5;4660;2025-06-23 16:00:00;46744;HH;верх;3393,640;3355,540;46,605;11;1
5/5;4661;2025-06-24 13:00:00;46764;LL;низ;3295,315;3317,285;98,325;20;2
5/5;4662;2025-06-25 07:00:00;46781;LH;верх;3337,205;3320,755;41,890;17;1
5/5;4663;2025-06-25 13:00:00;46787;HL;низ;3312,055;3331,755;25,150;6;2
5/5;4664;2025-06-26 08:00:00;46805;HH;верх;3350,415;3319,985;38,360;18;1
5/5;4665;2025-06-27 13:00:00;46833;LL;низ;3255,850;3275,860;94,565;28;2
5/5;4666;2025-06-27 17:00:00;46837;LH;верх;3282,940;3263,815;27,090;4;1
5/5;4667;2025-06-29 22:00:00;46841;LL;низ;3244,415;3279,070;38,525;4;1
5/5;4668;2025-06-30 07:00:00;46850;HH;верх;3296,830;3282,155;52,415;9;1
5/5;4669;2025-06-30 11:00:00;46854;HL;низ;3274,625;3297,380;22,205;4;1
5/5;4670;2025-07-01 12:00:00;46878;HH;верх;3358,085;3339,820;83,460;24;2
5/5;4671;2025-07-02 07:00:00;46896;HL;низ;3327,655;3346,775;30,430;18;1
5/5;4672;2025-07-02 22:00:00;46910;HH;верх;3365,920;3347,600;38,265;14;2
5/5;4673;2025-07-03 01:00:00;46913;HL;низ;3342,015;3361,920;23,905;3;1
5/5;4674;2025-07-03 06:00:00;46918;LH;верх;3363,755;3346,115;21,740;5;1
5/5;4675;2025-07-03 12:00:00;46924;LL;низ;3311,625;3329,145;52,130;6;2
5/5;4676;2025-07-04 06:00:00;46941;LH;верх;3345,175;3334,770;33,550;17;2
5/5;4677;2025-07-07 10:00:00;46964;LL;низ;3296,280;3320,975;48,895;23;1
5/5;4678;2025-07-07 22:00:00;46975;HH;верх;3345,955;3331,610;49,675;11;2
5/5;4679;2025-07-09 08:00:00;47008;LL;низ;3282,665;3300,305;63,290;33;3
5/5;4680;2025-07-10 09:00:00;47032;LH;верх;3330,360;3315,065;47,695;24;1
5/5;4681;2025-07-10 14:00:00;47037;HL;низ;3310,175;3324,800;20,185;5;1
5/5;4682;2025-07-13 23:00:00;47068;HH;верх;3374,255;3359,835;64,080;31;2
5/5;4683;2025-07-14 05:00:00;47074;HL;низ;3353,675;3372,095;20,580;6;1
5/5;4684;2025-07-14 07:00:00;47076;HH;верх;3375,085;3350,120;21,410;2;1
5/5;4685;2025-07-14 14:00:00;47083;LL;низ;3341,090;3344,305;33,995;7;2
5/5;4686;2025-07-15 10:00:00;47102;LH;верх;3366,425;3329,020;25,335;19;1
5/5;4687;2025-07-15 16:00:00;47108;LL;низ;3320,305;3326,715;46,120;6;1
5/5;4688;2025-07-16 09:00:00;47124;LH;верх;3343,080;3338,145;22,775;16;1
5/5;4689;2025-07-16 14:00:00;47129;LL;низ;3319,695;3347,140;23,385;5;1
5/5;4690;2025-07-16 15:00:00;47130;HH;верх;3377,655;3347,600;57,960;1;1
5/5;4691;2025-07-17 12:00:00;47150;LL;низ;3309,790;3337,525;67,865;20;2
5/5;4692;2025-07-18 12:00:00;47173;LH;верх;3361,330;3352,285;51,540;23;1
5/5;4693;2025-07-20 22:00:00;47182;HL;низ;3344,905;3351,295;16,425;9;1
5/5;4694;2025-07-21 23:00:00;47206;HH;верх;3402,860;3391,130;57,955;24;2
5/5;4695;2025-07-22 07:00:00;47214;HL;низ;3383,420;3407,540;19,440;8;1
5/5;4696;2025-07-23 00:00:00;47230;HH;верх;3439,035;3420,440;55,615;16;2
5/5;4697;2025-07-23 05:00:00;47235;HL;низ;3416,445;3422,800;22,590;5;1
5/5;4698;2025-07-23 09:00:00;47239;LH;верх;3433,880;3413,625;17,435;4;1
5/5;4699;2025-07-24 13:00:00;47266;LL;низ;3351,465;3372,010;82,415;27;2
5/5;4700;2025-07-24 14:00:00;47267;LH;верх;3377,475;3370,540;26,010;1;2
5/5;4701;2025-07-27 22:00:00;47297;LL;низ;3324,020;3343,420;53,455;30;2
5/5;4702;2025-07-28 06:00:00;47305;LH;верх;3345,520;3336,625;21,500;8;1
5/5;4703;2025-07-28 13:00:00;47312;LL;низ;3301,765;3313,805;43,755;7;2
5/5;4704;2025-07-29 08:00:00;47330;LH;верх;3330,100;3317,655;28,335;18;1
5/5;4705;2025-07-29 14:00:00;47336;HL;низ;3311,995;3325,075;18,105;6;1
5/5;4706;2025-07-29 15:00:00;47337;HH;верх;3334,270;3326,670;22,275;1;2
5/5;4707;2025-07-30 01:00:00;47346;HL;низ;3321,795;3327,345;12,475;9;1
5/5;4708;2025-07-30 09:00:00;47354;LH;верх;3334,090;3302,205;12,295;8;1
5/5;4709;2025-07-30 19:00:00;47364;LL;низ;3268,120;3293,860;65,970;10;1
5/5;4710;2025-07-31 08:00:00;47376;LH;верх;3314,985;3301,390;46,865;12;1
5/5;4711;2025-08-01 01:00:00;47392;HL;низ;3281,745;3292,515;33,240;16;2
5/5;4712;2025-08-03 22:00:00;47412;HH;верх;3364,815;3360,350;83,070;20;1
5/5;4713;2025-08-04 01:00:00;47415;HL;низ;3345,005;3362,620;19,810;3;1
5/5;4714;2025-08-04 13:00:00;47427;HH;верх;3385,535;3375,835;40,530;12;2
5/5;4715;2025-08-05 11:00:00;47448;HL;низ;3349,890;3382,110;35,645;21;1
5/5;4716;2025-08-05 16:00:00;47453;HH;верх;3390,600;3379,830;40,710;5;2
5/5;4717;2025-08-06 09:00:00;47469;HL;низ;3358,255;3379,310;32,345;16;1
5/5;4718;2025-08-06 15:00:00;47475;LH;верх;3380,090;3369,270;21,835;6;1
5/5;4719;2025-08-07 00:00:00;47483;HL;низ;3365,305;3375,640;14,785;8;1
5/5;4720;2025-08-07 07:00:00;47490;HH;верх;3397,580;3380,735;32,275;7;1
5/5;4721;2025-08-07 11:00:00;47494;HL;низ;3371,870;3388,900;25,710;4;1
5/5;4722;2025-08-07 22:00:00;47504;HH;верх;3409,430;3396,050;37,560;10;1
5/5;4723;2025-08-08 01:00:00;47507;HL;низ;3381,215;3393,695;28,215;3;1
5/5;4724;2025-08-08 07:00:00;47513;LH;верх;3404,280;3391,615;23,065;6;1
5/5;4725;2025-08-08 11:00:00;47517;LL;низ;3380,455;3397,570;23,825;4;1
5/5;4726;2025-08-08 18:00:00;47524;LH;верх;3403,960;3381,740;23,505;7;1
5/5;4727;2025-08-11 17:00:00;47546;LL;низ;3341,155;3349,090;62,805;22;2
5/5;4728;2025-08-12 07:00:00;47559;LH;верх;3358,250;3349,950;17,095;13;2
5/5;4729;2025-08-12 14:00:00;47566;LL;низ;3331,170;3347,660;27,080;7;1
5/5;4730;2025-08-12 15:00:00;47567;HH;верх;3359,340;3348,345;28,170;1;1
5/5;4731;2025-08-13 00:00:00;47575;HL;низ;3342,635;3349,290;16,705;8;1
5/5;4732;2025-08-13 14:00:00;47589;HH;верх;3370,825;3357,990;28,190;14;1
5/5;4733;2025-08-13 18:00:00;47593;HL;низ;3350,015;3369,610;20,810;4;1
5/5;4734;2025-08-14 00:00:00;47598;HH;верх;3374,805;3358,960;24,790;5;1
5/5;4735;2025-08-14 16:00:00;47614;LL;низ;3329,850;3333,510;44,955;16;2
5/5;4736;2025-08-15 05:00:00;47626;LH;верх;3348,915;3337,850;19,065;12;1
5/5;4737;2025-08-17 23:00:00;47643;LL;низ;3323,685;3357,630;25,230;17;2
5/5;4738;2025-08-18 05:00:00;47649;HH;верх;3358,490;3346,635;34,805;6;1
5/5;4739;2025-08-19 00:00:00;47667;HL;низ;3326,285;3336,170;32,205;18;1
5/5;4740;2025-08-19 10:00:00;47677;LH;верх;3345,465;3322,690;19,180;10;1
5/5;4741;2025-08-20 01:00:00;47691;LL;низ;3311,560;3323,210;33,905;14;1
5/5;4742;2025-08-20 22:00:00;47711;HH;верх;3352,300;3339,910;40,740;20;2
5/5;4743;2025-08-21 11:00:00;47724;HL;низ;3325,280;3339,805;27,020;13;1
5/5;4744;2025-08-21 14:00:00;47727;LH;верх;3348,240;3338,935;22,960;3;1
5/5;4745;2025-08-22 12:00:00;47748;LL;низ;3321,455;3374,350;26,785;21;1
5/5;4746;2025-08-22 15:00:00;47751;HH;верх;3378,835;3371,230;57,380;3;1
5/5;4747;2025-08-25 02:00:00;47761;HL;низ;3359,780;3366,180;19,055;10;2
5/5;4748;2025-08-26 00:00:00;47782;HH;верх;3386,685;3376,685;26,905;21;2
5/5;4749;2025-08-26 00:00:00;47782;LL;низ;3351,330;3376,685;35,355;0;2
5/5;4750;2025-08-26 20:00:00;47802;HH;верх;3393,745;3384,220;42,415;20;1
5/5;4751;2025-08-27 11:00:00;47816;HL;низ;3373,750;3395,550;19,995;14;1
5/5;4752;2025-08-27 23:00:00;47827;HH;верх;3399,365;3390,390;25,615;11;2
5/5;4753;2025-08-28 02:00:00;47830;HL;низ;3384,620;3395,920;14,745;3;1
5/5;4754;2025-08-28 19:00:00;47847;HH;верх;3423,180;3409,895;38,560;17;1
5/5;4755;2025-08-29 11:00:00;47862;HL;низ;3404,315;3449,355;18,865;15;2
5/5;4756;2025-09-01 06:00:00;47880;HH;верх;3489,845;3470,260;85,530;18;1
5/5;4757;2025-09-01 10:00:00;47884;HL;низ;3466,385;3474,215;23,460;4;1
5/5;4758;2025-09-02 01:00:00;47896;HH;верх;3508,790;3485,770;42,405;12;2
5/5;4759;2025-09-02 08:00:00;47903;HL;низ;3470,050;3489,145;38,740;7;1
5/5;4760;2025-09-03 00:00:00;47918;HH;верх;3547,330;3530,100;77,280;15;1
5/5;4761;2025-09-03 05:00:00;47923;HL;низ;3526,770;3540,175;20,560;5;1
5/5;4762;2025-09-03 18:00:00;47936;HH;верх;3578,660;3561,570;51,890;13;1
5/5;4763;2025-09-04 03:00:00;47944;LL;низ;3511,755;3541,425;66,905;8;1
5/5;4764;2025-09-04 13:00:00;47954;LH;верх;3558,930;3546,355;47,175;10;1
5/5;4765;2025-09-04 14:00:00;47955;HL;низ;3535,145;3549,960;23,785;1;2
5/5;4766;2025-09-05 05:00:00;47969;HH;верх;3561,280;3551,885;26,135;14;1
5/5;4767;2025-09-05 08:00:00;47972;HL;низ;3544,855;3594,740;16,425;3;1
5/5;4768;2025-09-05 16:00:00;47980;HH;верх;3600,205;3592,130;55,350;8;1
5/5;4769;2025-09-08 04:00:00;47991;HL;низ;3579,720;3613,880;20,485;11;1
5/5;4770;2025-09-08 15:00:00;48002;HH;верх;3646,545;3635,850;66,825;11;1
5/5;4771;2025-09-08 23:00:00;48009;HL;низ;3628,480;3654,995;18,065;7;1
5/5;4772;2025-09-09 14:00:00;48024;HH;верх;3674,695;3629,560;46,215;15;2
5/5;4773;2025-09-10 01:00:00;48034;LL;низ;3620,135;3643,995;54,560;10;1
5/5;4774;2025-09-10 12:00:00;48045;LH;верх;3657,610;3647,520;37,475;11;1
5/5;4775;2025-09-10 19:00:00;48052;HL;низ;3635,335;3641,165;22,275;7;1
5/5;4776;2025-09-11 01:00:00;48057;LH;верх;3649,345;3633,245;14,010;5;2
5/5;4777;2025-09-11 12:00:00;48068;LL;низ;3612,835;3635,025;36,510;11;1
5/5;4778;2025-09-12 05:00:00;48084;HH;верх;3656,700;3651,335;43,865;16;1
5/5;4779;2025-09-12 09:00:00;48088;HL;низ;3637,630;3648,060;19,070;4;1
5/5;4780;2025-09-12 14:00:00;48093;LH;верх;3654,495;3644,295;16,865;5;1
5/5;4781;2025-09-15 01:00:00;48103;LL;низ;3626,460;3636,525;28,035;10;1
5/5;4782;2025-09-15 04:00:00;48106;LH;верх;3646,950;3641,320;20,490;3;1
5/5;4783;2025-09-15 07:00:00;48109;HL;низ;3633,675;3650,510;13,275;3;1
5/5;4784;2025-09-15 16:00:00;48118;HH;верх;3685,695;3679,110;52,020;9;1
5/5;4785;2025-09-16 02:00:00;48127;HL;низ;3674,705;3686,475;10,990;9;1
5/5;4786;2025-09-16 14:00:00;48139;HH;верх;3703,240;3689,790;28,535;12;1
5/5;4787;2025-09-16 15:00:00;48140;HL;низ;3678,885;3689,855;24,355;1;1
5/5;4788;2025-09-17 00:00:00;48148;LH;верх;3695,520;3679,225;16,635;8;1
5/5;4789;2025-09-17 11:00:00;48159;LL;низ;3660,020;3684,810;35,500;11;1
5/5;4790;2025-09-17 18:00:00;48166;HH;верх;3707,555;3665,340;47,535;7;1
5/5;4791;2025-09-18 06:00:00;48177;LL;низ;3634,055;3667,260;73,500;11;2
5/5;4792;2025-09-18 09:00:00;48180;LH;верх;3673,205;3638,385;39,150;3;1
5/5;4793;2025-09-18 13:00:00;48184;LL;низ;3627,960;3641,415;45,245;4;2
5/5;4794;2025-09-19 05:00:00;48199;LH;верх;3661,355;3655,960;33,395;15;1
5/5;4795;2025-09-19 13:00:00;48207;HL;низ;3643,785;3683,670;17,570;8;1
5/5;4796;2025-09-23 01:00:00;48241;HH;верх;3759,420;3753,900;115,635;34;1
5/5;4797;2025-09-23 02:00:00;48242;HL;низ;3736,660;3753,455;22,760;1;1
5/5;4798;2025-09-23 09:00:00;48249;HH;верх;3791,255;3774,175;54,595;7;1
5/5;4799;2025-09-24 02:00:00;48265;HL;низ;3750,510;3777,470;40,745;16;2
5/5;4800;2025-09-24 07:00:00;48270;LH;верх;3779,340;3768,175;28,830;5;1
5/5;4801;2025-09-24 19:00:00;48282;LL;низ;3717,520;3736,170;61,820;12;1
5/5;4802;2025-09-25 00:00:00;48286;LH;верх;3751,535;3738,610;34,015;4;1
5/5;4803;2025-09-25 02:00:00;48288;HL;низ;3729,635;3752,445;21,900;2;1
5/5;4804;2025-09-25 08:00:00;48294;HH;верх;3761,690;3733,845;32,055;6;1
5/5;4805;2025-09-25 13:00:00;48299;LL;низ;3722,220;3755,240;39,470;5;1
5/5;4806;2025-09-25 18:00:00;48304;LH;верх;3758,430;3749,720;36,210;5;1
5/5;4807;2025-09-26 03:00:00;48312;HL;низ;3734,440;3753,015;23,990;8;1
5/5;4808;2025-09-26 14:00:00;48323;HH;верх;3783,885;3766,825;49,445;11;1
5/5;4809;2025-09-26 20:00:00;48329;HL;низ;3759,660;3792,905;24,225;6;1
5/5;4810;2025-09-30 06:00:00;48361;HH;верх;3871,890;3815,390;112,230;32;1
5/5;4811;2025-09-30 09:00:00;48364;HL;низ;3793,175;3854,080;78,715;3;2
5/5;4812;2025-10-01 08:00:00;48386;HH;верх;3895,500;3873,055;102,325;22;1
5/5;4813;2025-10-02 01:00:00;48402;HL;низ;3852,835;3864,155;42,665;16;2
5/5;4814;2025-10-02 13:00:00;48414;HH;верх;3897,130;3850,920;44,295;12;1
5/5;4815;2025-10-02 15:00:00;48416;LL;низ;3819,425;3856,560;77,705;2;1
5/5;4816;2025-10-02 23:00:00;48423;LH;верх;3863,715;3844,100;44,290;7;1
5/5;4817;2025-10-03 03:00:00;48427;HL;низ;3838,070;3865,010;25,645;4;1
5/5;4818;2025-10-06 08:00:00;48455;HH;верх;3949,670;3944,740;111,600;28;2
5/5;4819;2025-10-06 12:00:00;48459;HL;низ;3926,465;3958,030;23,205;4;1
5/5;4820;2025-10-07 00:00:00;48470;HH;верх;3977,400;3964,725;50,935;11;1
5/5;4821;2025-10-07 08:00:00;48478;HL;низ;3941,055;3979,330;36,345;8;1
5/5;4822;2025-10-08 09:00:00;48502;HH;верх;4049,700;4048,225;108,645;24;2
5/5;4823;2025-10-08 13:00:00;48506;HL;низ;4026,175;4050,080;23,525;4;1
5/5;4824;2025-10-08 16:00:00;48509;HH;верх;4059,350;4021,510;33,175;3;1
5/5;4825;2025-10-08 23:00:00;48515;LL;низ;4001,330;4038,980;58,020;6;1
5/5;4826;2025-10-09 13:00:00;48529;LH;верх;4058,110;3957,475;56,780;14;1
5/5;4827;2025-10-09 17:00:00;48533;LL;низ;3944,435;3989,805;113,675;4;1
5/5;4828;2025-10-10 00:00:00;48539;LH;верх;3994,520;3974,850;50,085;6;1
5/5;4829;2025-10-10 04:00:00;48543;HL;низ;3947,020;3995,870;47,500;4;1
5/5;4830;2025-10-10 09:00:00;48548;HH;верх;4006,735;3990,285;59,715;5;1
5/5;4831;2025-10-10 14:00:00;48553;HL;низ;3970,855;4011,365;35,880;5;1
5/5;4832;2025-10-14 05:00:00;48590;HH;верх;4179,935;4131,500;209,080;37;4
5/5;4833;2025-10-14 06:00:00;48591;HL;низ;4090,145;4130,415;89,790;1;2
5/5;4834;2025-10-15 08:00:00;48616;HH;верх;4218,405;4192,145;128,260;25;1
5/5;4835;2025-10-15 09:00:00;48617;HL;низ;4164,240;4200,245;54,165;1;1
5/5;4836;2025-10-16 03:00:00;48634;HH;верх;4242,380;4233,110;78,140;17;1
5/5;4837;2025-10-16 05:00:00;48636;HL;низ;4203,550;4242,710;38,830;2;1
5/5;4838;2025-10-16 22:00:00;48652;HH;верх;4380,990;4366,995;177,440;16;1
5/5;4839;2025-10-17 01:00:00;48655;HL;низ;4278,680;4360,365;102,310;3;1
5/5;4840;2025-10-17 05:00:00;48659;LH;верх;4378,765;4327,905;100,085;4;1
5/5;4841;2025-10-17 17:00:00;48671;LL;низ;4185,910;4238,115;192,855;12;1
5/5;4842;2025-10-20 02:00:00;48679;LH;верх;4271,285;4255,145;85,375;8;1
5/5;4843;2025-10-20 06:00:00;48683;HL;низ;4221,205;4279,075;50,080;4;1
5/5;4844;2025-10-20 19:00:00;48696;HH;верх;4381,440;4350,965;160,235;13;1
5/5;4845;2025-10-22 00:00:00;48723;LL;низ;4004,280;4134,915;377,160;27;2
5/5;4846;2025-10-22 06:00:00;48729;LH;верх;4161,535;4028,230;157,255;6;1
5/5;4847;2025-10-22 14:00:00;48737;HL;низ;4011,095;4102,105;150,440;8;1
5/5;4848;2025-10-22 19:00:00;48742;LH;верх;4113,800;4073,165;102,705;5;1
5/5;4849;2025-10-23 00:00:00;48746;HL;низ;4065,900;4110,550;47,900;4;1
5/5;4850;2025-10-23 14:00:00;48760;HH;верх;4154,790;4118,450;88,890;14;3
5/5;4851;2025-10-24 11:00:00;48780;LL;низ;4043,515;4129,495;111,275;20;1
5/5;4852;2025-10-24 16:00:00;48785;LH;верх;4138,670;4081,875;95,155;5;1
5/5;4853;2025-10-27 15:00:00;48807;LL;низ;3971,445;3981,985;167,225;22;1
5/5;4854;2025-10-28 01:00:00;48816;LH;верх;4019,805;3942,525;48,360;9;1
5/5;4855;2025-10-28 09:00:00;48824;LL;низ;3886,465;3949,720;133,340;8;1
5/5;4856;2025-10-28 17:00:00;48832;LH;верх;3970,465;3964,945;84,000;8;1
5/5;4857;2025-10-28 22:00:00;48836;HL;низ;3907,925;3963,525;62,540;4;1
5/5;4858;2025-10-29 12:00:00;48850;HH;верх;4030,340;3994,840;122,415;14;2
5/5;4859;2025-10-30 03:00:00;48864;HL;низ;3915,520;3976,585;114,820;14;2
5/5;4860;2025-10-30 22:00:00;48882;HH;верх;4046,595;3996,315;131,075;18;1
5/5;4861;2025-10-31 04:00:00;48888;HL;низ;3989,065;4008,590;57,530;6;1
5/5;4862;2025-10-31 12:00:00;48896;LH;верх;4036,435;3997,635;47,370;8;1
5/5;4863;2025-11-03 00:00:00;48906;LL;низ;3962,275;4013,935;74,160;10;2
5/5;4864;2025-11-03 08:00:00;48914;LH;верх;4028,130;4016,155;65,855;8;1
5/5;4865;2025-11-03 09:00:00;48915;HL;низ;3993,100;4022,855;35,030;1;1
5/5;4866;2025-11-03 15:00:00;48921;HH;верх;4030,825;4010,315;37,725;6;1
5/5;4867;2025-11-04 06:00:00;48935;LL;низ;3966,605;3994,970;64,220;14;1
5/5;4868;2025-11-04 08:00:00;48937;LH;верх;4000,855;3975,820;34,250;2;1
5/5;4869;2025-11-04 14:00:00;48943;LL;низ;3928,685;3937,500;72,170;6;2
5/5;4870;2025-11-05 08:00:00;48960;LH;верх;3987,340;3975,910;58,655;17;1
5/5;4871;2025-11-05 10:00:00;48962;HL;низ;3956,100;3978,295;31,240;2;1
5/5;4872;2025-11-05 16:00:00;48968;HH;верх;3990,565;3980,115;34,465;6;1
5/5;4873;2025-11-06 01:00:00;48976;HL;низ;3964,455;3991,515;26,110;8;1
5/5;4874;2025-11-06 12:00:00;48987;HH;верх;4019,645;3986,340;55,190;11;1
5/5;4875;2025-11-06 17:00:00;48992;HL;низ;3965,710;3989,345;53,935;5;1
5/5;4876;2025-11-07 09:00:00;49007;LH;верх;4014,290;3993,605;48,580;15;1
5/5;4877;2025-11-07 15:00:00;49013;HL;низ;3984,010;4004,180;30,280;6;1
5/5;4878;2025-11-11 04:00:00;49048;HH;верх;4149,100;4141,890;165,090;35;3
5/5;4879;2025-11-11 15:00:00;49059;HL;низ;4097,245;4129,535;51,855;11;1
5/5;4880;2025-11-12 00:00:00;49067;LH;верх;4145,610;4104,725;48,365;8;1
5/5;4881;2025-11-12 05:00:00;49072;HL;низ;4098,915;4127,810;46,695;5;1
5/5;4882;2025-11-12 18:00:00;49085;HH;верх;4211,795;4206,065;112,880;13;1
5/5;4883;2025-11-13 01:00:00;49091;HL;низ;4179,735;4210,525;32,060;6;1
5/5;4884;2025-11-13 12:00:00;49102;HH;верх;4245,195;4202,050;65,460;11;1
5/5;4885;2025-11-13 18:00:00;49108;LL;низ;4145,190;4183,810;100,005;6;1
5/5;4886;2025-11-14 03:00:00;49116;LH;верх;4211,435;4176,135;66,245;8;1
5/5;4887;2025-11-14 14:00:00;49127;LL;низ;4032,230;4089,995;179,205;11;2
5/5;4888;2025-11-17 08:00:00;49144;LH;верх;4095,935;4065,480;63,705;17;1
5/5;4889;2025-11-18 07:00:00;49166;LL;низ;3997,985;4032,555;97,950;22;2
5/5;4890;2025-11-18 20:00:00;49179;LH;верх;4082,580;4075,790;84,595;13;1
5/5;4891;2025-11-19 02:00:00;49184;HL;низ;4055,525;4087,000;27,055;5;1
5/5;4892;2025-11-19 15:00:00;49197;HH;верх;4132,985;4076,385;77,460;13;1
5/5;4893;2025-11-19 17:00:00;49199;LL;низ;4055,475;4104,690;77,510;2;1
5/5;4894;2025-11-20 00:00:00;49205;LH;верх;4110,370;4066,790;54,895;6;1
5/5;4895;2025-11-20 02:00:00;49207;LL;низ;4038,900;4059,935;71,470;2;2
5/5;4896;2025-11-20 14:00:00;49219;LH;верх;4107,350;4084,760;68,450;12;1
5/5;4897;2025-11-20 17:00:00;49222;HL;низ;4043,580;4079,035;63,770;3;1
5/5;4898;2025-11-20 23:00:00;49227;LH;верх;4088,725;4052,445;45,145;5;1
5/5;4899;2025-11-21 08:00:00;49236;LL;низ;4022,260;4079,745;66,465;9;1
5/5;4900;2025-11-21 17:00:00;49245;HH;верх;4101,070;4075,165;78,810;9;1
5/5;4901;2025-11-24 05:00:00;49256;HL;низ;4040,020;4064,010;61,050;11;1
5/5;4902;2025-11-25 02:00:00;49276;HH;верх;4155,900;4132,560;115,880;20;1
5/5;4903;2025-11-25 08:00:00;49282;HL;низ;4109,710;4147,770;46,190;6;2
5/5;4904;2025-11-26 12:00:00;49309;HH;верх;4173,500;4167,275;63,790;27;3
5/5;4905;2025-11-26 15:00:00;49312;HL;низ;4136,665;4164,060;36,835;3;1
5/5;4906;2025-11-26 18:00:00;49315;LH;верх;4171,905;4164,560;35,240;3;1
5/5;4907;2025-11-27 04:00:00;49324;HL;низ;4142,730;4158,595;29,175;9;1
5/5;4908;2025-11-28 01:00:00;49344;HH;верх;4193,260;4187,120;50,530;20;2
5/5;4909;2025-11-28 08:00:00;49351;HL;низ;4153,740;4182,700;39,520;7;1
5/5;4910;2025-12-01 02:00:00;49366;HH;верх;4256,600;4245,350;102,860;15;1
5/5;4911;2025-12-01 05:00:00;49369;HL;низ;4215,605;4255,640;40,995;3;1
5/5;4912;2025-12-01 13:00:00;49377;HH;верх;4264,700;4240,440;49,095;8;1
5/5;4913;2025-12-02 09:00:00;49396;LL;низ;4181,140;4218,845;83,560;19;3
5/5;4914;2025-12-02 14:00:00;49401;LH;верх;4230,685;4196,470;49,545;5;1
5/5;4915;2025-12-02 15:00:00;49402;LL;низ;4163,805;4210,225;66,880;1;1
5/5;4916;2025-12-03 02:00:00;49412;LH;верх;4229,065;4206,335;65,260;10;1
5/5;4917;2025-12-03 10:00:00;49420;HL;низ;4194,645;4216,415;34,420;8;1
5/5;4918;2025-12-03 14:00:00;49424;HH;верх;4241,565;4207,860;46,920;4;1
5/5;4919;2025-12-03 18:00:00;49428;HL;низ;4195,195;4211,770;46,370;4;1
5/5;4920;2025-12-04 01:00:00;49434;LH;верх;4217,080;4190,345;21,885;6;1
5/5;4921;2025-12-04 05:00:00;49438;LL;низ;4174,810;4197,405;42,270;4;1
5/5;4922;2025-12-04 16:00:00;49449;HH;верх;4219,620;4208,765;44,810;11;1
5/5;4923;2025-12-05 01:00:00;49457;HL;низ;4194,815;4224,700;24,805;8;1
5/5;4924;2025-12-05 15:00:00;49471;HH;верх;4259,340;4202,140;64,525;14;2
5/5;4925;2025-12-05 21:00:00;49477;LL;низ;4192,055;4210,240;67,285;6;1
5/5;4926;2025-12-08 06:00:00;49485;LH;верх;4219,175;4208,735;27,120;8;1
5/5;4927;2025-12-08 15:00:00;49494;LL;низ;4176,205;4191,670;42,970;9;1
5/5;4928;2025-12-09 03:00:00;49505;LH;верх;4198,905;4191,730;22,700;11;1
5/5;4929;2025-12-09 06:00:00;49508;LL;низ;4169,985;4203,140;28,920;3;1
5/5;4930;2025-12-09 09:00:00;49511;HH;верх;4213,050;4204,990;43,065;3;1
5/5;4931;2025-12-09 14:00:00;49516;HL;низ;4189,505;4212,620;23,545;5;1
5/5;4932;2025-12-09 16:00:00;49518;HH;верх;4221,625;4207,915;32,120;2;2
5/5;4933;2025-12-10 19:00:00;49544;LL;низ;4182,080;4238,390;39,545;26;2
5/5;4934;2025-12-11 01:00:00;49549;HH;верх;4247,805;4214,725;65,725;5;1
5/5;4935;2025-12-11 06:00:00;49554;HL;низ;4204,270;4211,190;43,535;5;2
5/5;4936;2025-12-12 14:00:00;49585;HH;верх;4353,555;4296,510;149,285;31;2
5/5;4937;2025-12-12 16:00:00;49587;HL;низ;4257,275;4299,380;96,280;2;1
5/5;4938;2025-12-15 09:00:00;49603;LH;верх;4350,285;4323,765;93,010;16;1
5/5;4939;2025-12-15 16:00:00;49610;HL;низ;4285,515;4304,910;64,770;7;1
5/5;4940;2025-12-16 01:00:00;49618;LH;верх;4318,035;4289,410;32,520;8;1
5/5;4941;2025-12-16 05:00:00;49622;LL;низ;4271,575;4277,450;46,460;4;2
5/5;4942;2025-12-17 05:00:00;49645;HH;верх;4342,580;4317,805;71,005;23;2
5/5;4943;2025-12-17 10:00:00;49650;HL;низ;4306,515;4330,485;36,065;5;1
5/5;4944;2025-12-17 15:00:00;49655;HH;верх;4349,280;4341,490;42,765;5;1
5/5;4945;2025-12-18 14:00:00;49677;HL;низ;4308,670;4325,180;40,610;22;2
5/5;4946;2025-12-18 16:00:00;49679;HH;верх;4374,655;4332,590;65,985;2;1
5/5;4947;2025-12-19 01:00:00;49687;HL;низ;4309,095;4326,440;65,560;8;3
5/5;4948;2025-12-23 02:00:00;49734;HH;верх;4497,685;4486,855;188,590;47;3
5/5;4949;2025-12-23 15:00:00;49747;HL;низ;4430,515;4497,500;67,170;13;1
5/5;4950;2025-12-24 01:00:00;49756;HH;верх;4526,150;4493,780;95,635;9;1
5/5;4951;2025-12-24 15:00:00;49770;HL;низ;4448,260;4517,970;77,890;14;2
5/5;4952;2025-12-25 23:00:00;49774;HH;верх;4536,740;4509,190;88,480;4;1
5/5;4953;2025-12-26 11:00:00;49786;HL;низ;4502,910;4536,330;33,830;12;1
5/5;4954;2025-12-26 16:00:00;49791;HH;верх;4550,150;4533,210;47,240;5;2
5/5;4955;2025-12-29 15:00:00;49813;LL;низ;4302,110;4334,760;248,040;22;3
5/5;4956;2025-12-30 13:00:00;49834;LH;верх;4404,375;4364,840;102,265;21;1
5/5;4957;2025-12-30 23:00:00;49843;HL;низ;4328,125;4332,865;76,250;9;1
5/5;4958;2025-12-31 01:00:00;49845;LH;верх;4373,590;4328,065;45,465;2;1
5/5;4959;2025-12-31 06:00:00;49850;LL;низ;4274,025;4311,260;99,565;5;2
5/5;4960;2025-12-31 14:00:00;49858;LH;верх;4353,445;4311,550;79,420;8;1
5/5;4961;2025-12-31 20:00:00;49864;HL;низ;4304,645;4362,955;48,800;6;1
5/5;4962;2026-01-02 13:00:00;49880;HH;верх;4402,295;4315,405;97,650;16;1
5/5;4963;2026-01-02 18:00:00;49885;HL;низ;4309,915;4395,290;92,380;5;2
5/5;4964;2026-01-05 15:00:00;49905;HH;верх;4455,770;4444,795;145,855;20;1
5/5;4965;2026-01-06 01:00:00;49914;HL;низ;4427,635;4465,920;28,135;9;1
5/5;4966;2026-01-06 08:00:00;49921;HH;верх;4475,790;4468,090;48,155;7;1
5/5;4967;2026-01-06 10:00:00;49923;HL;низ;4442,665;4478,460;33,125;2;1
5/5;4968;2026-01-06 23:00:00;49935;HH;верх;4500,560;4464,960;57,895;12;1
5/5;4969;2026-01-07 15:00:00;49951;LL;низ;4423,385;4452,495;77,175;16;2
5/5;4970;2026-01-07 16:00:00;49952;LH;верх;4468,370;4456,650;44,985;1;2
5/5;4971;2026-01-08 12:00:00;49971;LL;низ;4407,835;4463,565;60,535;19;2
5/5;4972;2026-01-08 23:00:00;49981;HH;верх;4479,735;4464,790;71,900;10;1
5/5;4973;2026-01-09 13:00:00;49995;HL;низ;4458,935;4496,205;20,800;14;1
5/5;4974;2026-01-12 16:00:00;50021;HH;верх;4630,190;4597,650;171,255;26;4
5/5;4975;2026-01-13 06:00:00;50034;HL;низ;4573,605;4588,720;56,585;13;1
5/5;4976;2026-01-13 14:00:00;50042;HH;верх;4634,890;4597,495;61,285;8;1
5/5;4977;2026-01-13 20:00:00;50048;LL;низ;4569,470;4620,725;65,420;6;1
5/5;4978;2026-01-14 12:00:00;50063;HH;верх;4641,985;4614,400;72,515;15;2
5/5;4979;2026-01-14 15:00:00;50066;HL;низ;4599,500;4632,630;42,485;3;1
5/5;4980;2026-01-14 19:00:00;50070;HH;верх;4642,970;4600,170;43,470;4;1
5/5;4981;2026-01-15 03:00:00;50077;LL;низ;4581,065;4604,430;61,905;7;2
5/5;4982;2026-01-15 16:00:00;50090;LH;верх;4625,015;4616,040;43,950;13;1
5/5;4983;2026-01-16 02:00:00;50099;HL;низ;4591,370;4607,645;33,645;9;1
5/5;4984;2026-01-16 15:00:00;50112;LH;верх;4620,390;4582,020;29,020;13;2
5/5;4985;2026-01-16 15:00:00;50112;LL;низ;4536,490;4582,020;83,900;0;1
5/5;4986;2026-01-18 23:00:00;50119;HH;верх;4690,940;4663,360;154,450;7;2
5/5;4987;2026-01-19 11:00:00;50131;HL;низ;4659,730;4672,370;31,210;12;1
5/5;4988;2026-01-19 18:00:00;50138;LH;верх;4680,405;4668,815;20,675;7;1
5/5;4989;2026-01-20 00:00:00;50141;LL;низ;4659,395;4714,630;21,010;3;2
5/5;4990;2026-01-21 06:00:00;50170;HH;верх;4888,545;4866,785;229,150;29;2
5/5;4991;2026-01-21 19:00:00;50183;HL;низ;4755,075;4797,935;133,470;13;1
5/5;4992;2026-01-22 07:00:00;50194;LH;верх;4839,710;4819,670;84,635;11;1
5/5;4993;2026-01-22 13:00:00;50200;HL;низ;4810,740;4916,035;28,970;6;1
5/5;4994;2026-01-23 01:00:00;50211;HH;верх;4967,520;4953,965;156,780;11;1
5/5;4995;2026-01-23 09:00:00;50219;HL;низ;4899,795;4943,760;67,725;8;1
5/5;4996;2026-01-26 06:00:00;50239;HH;верх;5111,510;5091,585;211,715;20;1
5/5;4997;2026-01-26 13:00:00;50246;HL;низ;5054,670;5069,040;56,840;7;1
5/5;4998;2026-01-26 16:00:00;50249;LH;верх;5105,340;5008,875;50,670;3;1
5/5;4999;2026-01-26 21:00:00;50254;LL;низ;4990,215;5077,225;115,125;5;1
5/5;5000;2026-01-27 07:00:00;50263;LH;верх;5100,840;5085,130;110,625;9;1
5/5;5001;2026-01-27 14:00:00;50270;HL;низ;5046,840;5099,055;54,000;7;1
5/5;5002;2026-01-28 08:00:00;50287;HH;верх;5311,665;5266,645;264,825;17;1
5/5;5003;2026-01-28 15:00:00;50294;HL;низ;5235,750;5376,885;75,915;7;1
5/5;5004;2026-01-28 23:00:00;50301;HH;верх;5602,225;5557,990;366,475;7;3
5/5;5005;2026-01-29 15:00:00;50317;LL;низ;5097,215;5394,170;505,010;16;1
5/5;5006;2026-01-30 00:00:00;50325;LH;верх;5451,160;5185,135;353,945;8;1
5/5;5007;2026-02-02 06:00:00;50354;LL;низ;4402,380;4766,240;1048,780;29;4
5/5;5008;2026-02-02 12:00:00;50360;LH;верх;4812,265;4674,110;409,885;6;1
5/5;5009;2026-02-02 16:00:00;50364;HL;низ;4596,740;4661,055;215,525;4;1
5/5;5010;2026-02-03 16:00:00;50387;HH;верх;4993,835;4946,805;397,095;23;1
5/5;5011;2026-02-03 19:00:00;50390;HL;низ;4880,595;5046,855;113,240;3;1
5/5;5012;2026-02-04 08:00:00;50402;HH;верх;5091,930;5054,185;211,335;12;1
5/5;5013;2026-02-04 16:00:00;50410;LL;низ;4848,405;4964,455;243,525;8;1
5/5;5014;2026-02-04 23:00:00;50416;LH;верх;5024,030;4864,190;175,625;6;1
5/5;5015;2026-02-05 03:00:00;50420;LL;низ;4789,655;4911,890;234,375;4;1
5/5;5016;2026-02-05 08:00:00;50425;LH;верх;4943,735;4835,635;154,080;5;2
5/5;5017;2026-02-06 00:00:00;50440;LL;низ;4655,230;4897,550;288,505;15;1
5/5;5018;2026-02-08 23:00:00;50462;HH;верх;5047,915;5011,955;392,685;22;3
5/5;5019;2026-02-09 10:00:00;50473;HL;низ;4982,495;5059,065;65,420;11;1
5/5;5020;2026-02-09 20:00:00;50483;HH;верх;5086,680;5038,660;104,185;10;1
5/5;5021;2026-02-09 23:00:00;50485;HL;низ;4987,385;5031,725;99,295;2;1
5/5;5022;2026-02-10 14:00:00;50500;LH;верх;5078,745;5028,155;91,360;15;1
5/5;5023;2026-02-10 15:00:00;50501;HL;низ;4998,950;5030,315;79,795;1;1
5/5;5024;2026-02-11 12:00:00;50521;HH;верх;5119,345;5091,530;120,395;20;1
5/5;5025;2026-02-11 13:00:00;50522;HL;низ;5019,715;5082,640;99,630;1;2
5/5;5026;2026-02-12 13:00:00;50545;LH;верх;5083,855;4935,625;64,140;23;1
5/5;5027;2026-02-12 16:00:00;50548;LL;низ;4878,500;4922,080;205,355;3;2
5/5;5028;2026-02-13 04:00:00;50559;LH;верх;4997,555;4970,340;119,055;11;1
5/5;5029;2026-02-13 11:00:00;50566;HL;низ;4933,635;5007,995;63,920;7;1
5/5;5030;2026-02-13 21:00:00;50576;HH;верх;5046,480;4987,555;112,845;10;1
5/5;5031;2026-02-16 05:00:00;50583;HL;низ;4964,865;5006,090;81,615;7;1
5/5;5032;2026-02-16 09:00:00;50587;LH;верх;5017,445;4988,410;52,580;4;1
5/5;5033;2026-02-16 15:00:00;50593;HL;низ;4969,110;4989,925;48,335;6;1
5/5;5034;2026-02-16 23:00:00;50598;LH;верх;5001,240;4953,030;32,130;5;1
5/5;5035;2026-02-17 05:00:00;50604;LL;низ;4859,200;4913,385;142,040;6;1
5/5;5036;2026-02-17 12:00:00;50611;LH;верх;4944,700;4865,095;85,500;7;1
5/5;5037;2026-02-17 14:00:00;50613;LL;низ;4842,600;4880,515;102,100;2;2
5/5;5038;2026-02-18 16:00:00;50638;HH;верх;5010,915;4977,260;168,315;25;1
5/5;5039;2026-02-19 00:00:00;50645;HL;низ;4960,645;4997,280;50,270;7;1
5/5;5040;2026-02-19 08:00:00;50653;HH;верх;5022,170;4997,170;61,525;8;1
5/5;5041;2026-02-19 14:00:00;50659;HL;низ;4963,445;4987,880;58,725;6;1
5/5;5042;2026-02-19 15:00:00;50660;HH;верх;5022,385;5001,840;58,940;1;1
5/5;5043;2026-02-20 03:00:00;50671;HL;низ;4981,670;5028,995;40,715;11;2
5/5;5044;2026-02-23 02:00:00;50693;HH;верх;5176,950;5136,835;195,280;22;1
5/5;5045;2026-02-23 08:00:00;50699;HL;низ;5122,220;5146,375;54,730;6;1
5/5;5046;2026-02-23 23:00:00;50713;HH;верх;5250,005;5168,300;127,785;14;1
5/5;5047;2026-02-24 14:00:00;50728;LL;низ;5093,225;5153,995;156,780;15;3
5/5;5048;2026-02-25 05:00:00;50742;LH;верх;5210,680;5175,275;117,455;14;1
5/5;5049;2026-02-25 11:00:00;50748;HL;низ;5155,095;5212,245;55,585;6;1
5/5;5050;2026-02-25 17:00:00;50754;HH;верх;5217,780;5163,270;62,685;6;1
5/5;5051;2026-02-25 20:00:00;50757;LL;низ;5144,905;5184,425;72,875;3;1
5/5;5052;2026-02-26 05:00:00;50765;LH;верх;5205,640;5171,535;60,735;8;1
5/5;5053;2026-02-26 15:00:00;50775;LL;низ;5130,235;5196,620;75,405;10;1
5/5;5054;2026-02-26 20:00:00;50780;LH;верх;5201,005;5183,770;70,770;5;1
5/5;5055;2026-02-27 01:00:00;50784;HL;низ;5166,995;5185,770;34,010;4;1
5/5;5056;2026-02-27 05:00:00;50788;LH;верх;5200,640;5177,725;33,645;4;1
5/5;5057;2026-02-27 10:00:00;50793;HL;низ;5168,685;5239,475;31,955;5;1
5/5;5058;2026-03-02 07:00:00;50813;HH;верх;5419,660;5397,150;250,975;20;3
5/5;5059;2026-03-02 16:00:00;50822;HL;низ;5260,285;5321,935;159,375;9;1
5/5;5060;2026-03-03 01:00:00;50830;LH;верх;5379,975;5310,690;119,690;8;1
5/5;5061;2026-03-03 15:00:00;50844;LL;низ;4996,275;5097,520;383,700;14;1
5/5;5062;2026-03-04 02:00:00;50854;LH;верх;5191,065;5168,370;194,790;10;1
5/5;5063;2026-03-04 06:00:00;50858;HL;низ;5117,720;5192,205;73,345;4;1
5/5;5064;2026-03-04 12:00:00;50864;HH;верх;5206,265;5141,285;88,545;6;1
5/5;5065;2026-03-04 18:00:00;50870;LL;низ;5108,640;5172,695;97,625;6;1
5/5;5066;2026-03-05 03:00:00;50878;LH;верх;5195,220;5165,625;86,580;8;1
5/5;5067;2026-03-05 18:00:00;50893;LL;низ;5050,905;5084,950;144,315;15;2
5/5;5068;2026-03-06 01:00:00;50899;LH;верх;5144,050;5115,780;93,145;6;1
5/5;5069;2026-03-06 11:00:00;50909;HL;низ;5063,215;5140,125;80,835;10;1
5/5;5070;2026-03-06 21:00:00;50919;HH;верх;5176,630;5094,655;113,415;10;1
5/5;5071;2026-03-09 01:00:00;50923;LL;низ;5015,045;5097,975;161,585;4;1
5/5;5072;2026-03-09 05:00:00;50927;LH;верх;5140,790;5087,335;125,745;4;1
5/5;5073;2026-03-09 14:00:00;50936;HL;низ;5060,595;5141,210;80,195;9;1
5/5;5074;2026-03-10 02:00:00;50947;HH;верх;5187,055;5181,205;126,460;11;1
5/5;5075;2026-03-10 10:00:00;50955;HL;низ;5156,500;5228,690;30,555;8;1
5/5;5076;2026-03-10 15:00:00;50960;HH;верх;5238,775;5192,510;82,275;5;1
5/5;5077;2026-03-10 18:00:00;50963;HL;низ;5160,650;5215,455;78,125;3;1
5/5;5078;2026-03-11 01:00:00;50969;LH;верх;5223,385;5197,660;62,735;6;1
5/5;5079;2026-03-12 00:00:00;50991;LL;низ;5125,640;5154,675;97,745;22;2
5/5;5080;2026-03-12 10:00:00;51001;LH;верх;5191,790;5132,485;66,150;10;1
5/5;5081;2026-03-12 20:00:00;51011;LL;низ;5055,125;5112,245;136,665;10;1
5/5;5082;2026-03-13 02:00:00;51016;LH;верх;5128,475;5085,470;73,350;5;1
5/5;5083;2026-03-13 08:00:00;51022;HL;низ;5061,720;5102,240;66,755;6;1
5/5;5084;2026-03-13 12:00:00;51026;LH;верх;5122,010;5046,465;60,290;4;1
5/5;5085;2026-03-15 23:00:00;51036;LL;низ;4967,775;5013,050;154,235;10;1
5/5;5086;2026-03-16 06:00:00;51043;LH;верх;5036,010;4997,310;68,235;7;1
5/5;5087;2026-03-16 10:00:00;51047;HL;низ;4970,230;4987,095;65,780;4;1
5/5;5088;2026-03-16 14:00:00;51051;HH;верх;5038,145;5013,085;67,915;4;1
5/5;5089;2026-03-16 16:00:00;51053;HL;низ;4974,235;5002,525;63,910;2;2
5/5;5090;2026-03-17 05:00:00;51065;HH;верх;5044,900;5000,415;70,665;12;2
5/5;5091;2026-03-17 15:00:00;51075;LL;низ;4973,720;5005,725;71,180;10;1
5/5;5092;2026-03-18 06:00:00;51089;LH;верх;5016,530;4930,250;42,810;14;1
5/5;5093;2026-03-18 13:00:00;51096;LL;низ;4834,380;4853,170;182,150;7;1
5/5;5094;2026-03-18 18:00:00;51101;LH;верх;4899,460;4841,380;65,080;5;1
5/5;5095;2026-03-18 22:00:00;51104;LL;низ;4804,225;4851,000;95,235;3;1
5/5;5096;2026-03-19 01:00:00;51107;LH;верх;4867,225;4763,695;63,000;3;1
5/5;5097;2026-03-19 13:00:00;51119;LL;низ;4502,365;4623,100;364,860;12;1
5/5;5098;2026-03-20 03:00:00;51132;LH;верх;4736,175;4693,850;233,810;13;1
5/5;5099;2026-03-23 07:00:00;51159;LL;низ;4099,125;4478,505;637,050;27;1
5/5;5100;2026-03-23 14:00:00;51166;LH;верх;4513,165;4397,990;414,040;7;1
5/5;5101;2026-03-24 02:00:00;51177;HL;низ;4305,880;4417,305;207,285;11;1
5/5;5102;2026-03-24 11:00:00;51186;LH;верх;4442,245;4421,485;136,365;9;1
5/5;5103;2026-03-24 13:00:00;51188;HL;низ;4351,090;4389,735;91,155;2;1
5/5;5104;2026-03-25 02:00:00;51200;HH;верх;4602,645;4539,675;251,555;12;2
5/5;5105;2026-03-25 19:00:00;51217;HL;низ;4486,590;4535,895;116,055;17;2
5/5;5106;2026-03-26 01:00:00;51222;LH;верх;4544,815;4456,805;58,225;5;1
5/5;5107;2026-03-26 08:00:00;51229;LL;низ;4412,440;4452,840;132,375;7;1
5/5;5108;2026-03-26 14:00:00;51235;LH;верх;4479,895;4364,065;67,455;6;1
5/5;5109;2026-03-26 20:00:00;51241;LL;низ;4351,355;4432,220;128,540;6;1
5/5;5110;2026-03-27 05:00:00;51249;LH;верх;4475,300;4414,915;123,945;8;1
5/5;5111;2026-03-27 11:00:00;51255;HL;низ;4404,580;4507,355;70,720;6;1
5/5;5112;2026-03-27 15:00:00;51259;HH;верх;4555,630;4493,685;151,050;4;1
5/5;5113;2026-03-30 00:00:00;51267;HL;низ;4417,430;4522,530;138,200;8;1
5/5;5114;2026-03-30 11:00:00;51278;HH;верх;4580,730;4539,985;163,300;11;1
5/5;5115;2026-03-31 00:00:00;51290;HL;низ;4482,660;4568,890;98,070;12;1
5/5;5116;2026-03-31 01:00:00;51291;HH;верх;4619,255;4557,565;136,595;1;1
5/5;5117;2026-03-31 10:00:00;51300;HL;низ;4529,545;4609,565;89,710;9;2
5/5;5118;2026-04-01 23:00:00;51335;HH;верх;4800,800;4672,650;271,255;35;1
5/5;5119;2026-04-02 06:00:00;51342;HL;низ;4553,850;4600,215;246,950;7;2
5/5;5120;2026-04-02 14:00:00;51350;LH;верх;4699,890;4672,235;146,040;8;1
5/5;5121;2026-04-06 00:00:00;51359;HL;низ;4600,850;4652,565;99,040;9;1
5/5;5122;2026-04-06 09:00:00;51368;HH;верх;4706,875;4682,840;106,025;9;1
5/5;5123;2026-04-07 01:00:00;51383;HL;низ;4616,530;4653,585;90,345;15;1
5/5;5124;2026-04-07 09:00:00;51391;LH;верх;4694,905;4633,275;78,375;8;1
5/5;5125;2026-04-07 14:00:00;51396;LL;низ;4607,630;4701,050;87,275;5;1
5/5;5126;2026-04-08 00:00:00;51405;HH;верх;4858,215;4827,610;250,585;9;1
5/5;5127;2026-04-09 00:00:00;51428;HL;низ;4698,725;4713,270;159,490;23;1
5/5;5128;2026-04-09 17:00:00;51445;LH;верх;4801,390;4763,870;102,665;17;2
5/5;5129;2026-04-10 08:00:00;51459;HL;низ;4730,740;4775,140;70,650;14;2
5/5;5130;2026-04-10 14:00:00;51465;LH;верх;4794,980;4759,895;64,240;6;1
5/5;5131;2026-04-12 23:00:00;51473;LL;низ;4644,465;4723,160;150,515;8;1
5/5;5132;2026-04-13 07:00:00;51481;LH;верх;4740,030;4723,480;95,565;8;1
5/5;5133;2026-04-13 15:00:00;51489;HL;низ;4700,565;4740,340;39,465;8;1
5/5;5134;2026-04-14 07:00:00;51504;HH;верх;4796,630;4771,480;96,065;15;1
5/5;5135;2026-04-14 10:00:00;51507;HL;низ;4751,220;4808,410;45,410;3;1
5/5;5136;2026-04-15 01:00:00;51521;HH;верх;4871,380;4811,625;120,160;14;1
5/5;5137;2026-04-15 09:00:00;51529;HL;низ;4786,080;4815,525;85,300;8;1
5/5;5138;2026-04-15 14:00:00;51534;LH;верх;4830,615;4796,045;44,535;5;1
5/5;5139;2026-04-15 15:00:00;51535;HL;низ;4787,145;4790,940;43,470;1;1
5/5;5140;2026-04-16 05:00:00;51548;HH;верх;4838,560;4817,490;51,415;13;2
5/5;5141;2026-04-17 01:00:00;51567;LL;низ;4767,845;4785,075;70,715;19;2
5/5;5142;2026-04-17 05:00:00;51571;LH;верх;4806,200;4787,490;38,355;4;1
5/5;5143;2026-04-17 07:00:00;51573;HL;низ;4778,810;4846,520;27,390;2;1
5/5;5144;2026-04-17 13:00:00;51579;HH;верх;4891,540;4858,110;112,730;6;1
5/5;5145;2026-04-19 23:00:00;51588;LL;низ;4736,830;4789,035;154,710;9;1
5/5;5146;2026-04-20 22:00:00;51610;LH;верх;4833,405;4797,450;96,575;22;3
5/5;5147;2026-04-21 19:00:00;51631;LL;низ;4668,620;4752,270;164,785;21;1
5/5;5148;2026-04-22 07:00:00;51642;LH;верх;4772,385;4744,540;103,765;11;1
5/5;5149;2026-04-22 16:00:00;51651;HL;низ;4723,995;4726,070;48,390;9;1
5/5;5150;2026-04-23 00:00:00;51658;LH;верх;4754,200;4713,625;30,205;7;1
5/5;5151;2026-04-23 10:00:00;51668;LL;низ;4684,265;4720,650;69,935;10;1
5/5;5152;2026-04-23 12:00:00;51670;LH;верх;4743,200;4709,665;58,935;2;1
5/5;5153;2026-04-23 17:00:00;51675;LL;низ;4664,380;4695,445;78,820;5;1
5/5;5154;2026-04-24 01:00:00;51682;LH;верх;4711,230;4671,975;46,850;7;1
5/5;5155;2026-04-24 04:00:00;51685;LL;низ;4658,030;4682,330;53,200;3;1
5/5;5156;2026-04-24 14:00:00;51695;HH;верх;4740,570;4716,395;82,540;10;1
5/5;5157;2026-04-27 00:00:00;51704;HL;низ;4672,405;4710,325;68,165;9;1
5/5;5158;2026-04-27 04:00:00;51708;LH;верх;4729,965;4703,770;57,560;4;1
5/5;5159;2026-04-27 15:00:00;51719;LL;низ;4667,335;4681,955;62,630;11;1
5/5;5160;2026-04-28 00:00:00;51727;LH;верх;4701,640;4632,390;34,305;8;1
5/5;5161;2026-04-28 12:00:00;51739;LL;низ;4555,135;4594,945;146,505;12;1
5/5;5162;2026-04-29 00:00:00;51750;LH;верх;4610,535;4591,150;55,400;11;2
5/5;5163;2026-04-29 13:00:00;51763;LL;низ;4510,095;4538,240;100,440;13;3
5/5;5164;2026-04-30 10:00:00;51783;HH;верх;4647,045;4615,300;136,950;20;1
5/5;5165;2026-04-30 16:00:00;51789;HL;низ;4605,480;4630,265;41,565;6;1
5/5;5166;2026-05-01 02:00:00;51798;LH;верх;4635,940;4578,250;30,460;9;1
5/5;5167;2026-05-01 09:00:00;51805;LL;низ;4560,320;4632,310;75,620;7;1
5/5;5168;2026-05-01 14:00:00;51810;HH;верх;4660,585;4610,920;100,265;5;1
5/5;5169;2026-05-04 16:00:00;51835;LL;низ;4501,035;4517,395;159,550;25;1
5/5;5170;2026-05-05 14:00:00;51856;LH;верх;4586,605;4555,260;85,570;21;1
5/5;5171;2026-05-05 22:00:00;51863;HL;низ;4546,360;4643,650;40,245;7;1
5/5;5172;2026-05-07 15:00:00;51903;HH;верх;4764,905;4687,180;218,545;40;2
5/5;5173;2026-05-07 22:00:00;51909;HL;низ;4682,045;4719,735;82,860;6;1
5/5;5174;2026-05-08 06:00:00;51917;LH;верх;4734,895;4717,900;52,850;8;1
5/5;5175;2026-05-08 07:00:00;51918;HL;низ;4697,045;4724,485;37,850;1;1
5/5;5176;2026-05-08 14:00:00;51925;HH;верх;4749,580;4724,090;52,535;7;1
5/5;5177;2026-05-11 05:00:00;51939;LL;низ;4648,090;4664,140;101,490;14;2
5/5;5178;2026-05-12 00:00:00;51957;HH;верх;4773,575;4714,595;125,485;18;3
5/5;5179;2026-05-12 15:00:00;51972;LL;низ;4638,365;4715,495;135,210;15;1
5/5;5180;2026-05-13 00:00:00;51980;LH;верх;4727,030;4704,320;88,665;8;1
5/5;5181;2026-05-13 13:00:00;51993;HL;низ;4669,525;4685,110;57,505;13;2
5/5;5182;2026-05-13 16:00:00;51996;LH;верх;4709,900;4700,035;40,375;3;1
5/5;5183;2026-05-14 04:00:00;52007;LL;низ;4668,710;4699,730;41,190;11;1
5/5;5184;2026-05-14 07:00:00;52010;HH;верх;4718,880;4704,950;50,170;3;1
5/5;5185;2026-05-18 00:00:00;52049;LL;низ;4480,410;4531,245;238,470;39;4
5/5;5186;2026-05-19 00:00:00;52072;LH;верх;4589,580;4540,915;109,170;23;2
5/5;5187;2026-05-19 13:00:00;52085;LL;низ;4464,780;4493,650;124,800;13;1
5/5;5188;2026-05-20 00:00:00;52095;LH;верх;4508,850;4472,855;44,070;10;1
5/5;5189;2026-05-20 03:00:00;52098;LL;низ;4453,390;4484,065;55,460;3;2
5/5;5190;2026-05-21 01:00:00;52119;HH;верх;4570,895;4521,525;117,505;21;3
5/5;5191;2026-05-21 13:00:00;52131;HL;низ;4488,630;4532,035;82,265;12;1
5/5;5192;2026-05-21 17:00:00;52135;LH;верх;4559,365;4535,425;70,735;4;1
5/5;5193;2026-05-22 05:00:00;52146;HL;низ;4507,430;4514,705;51,935;11;1
5/5;5194;2026-05-22 10:00:00;52151;LH;верх;4536,820;4519,975;29,390;5;1
5/5;5195;2026-05-22 14:00:00;52155;LL;низ;4491,930;4508,450;44,890;4;1
5/5;5196;2026-05-24 23:00:00;52163;HH;верх;4580,210;4564,880;88,280;8;1
5/5;5197;2026-05-25 06:00:00;52170;HL;низ;4550,550;4569,460;29,660;7;1
5/5;5198;2026-05-25 23:00:00;52184;HH;верх;4580,245;4525,650;29,695;14;3
5/5;5199;2026-05-26 18:00:00;52203;LL;низ;4482,620;4515,060;97,625;19;1
5/5;5200;2026-05-26 23:00:00;52207;LH;верх;4528,050;4510,280;45,430;4;1
5/5;5201;2026-05-27 13:00:00;52221;LL;низ;4401,630;4454,435;126,420;14;1
5/5;5202;2026-05-27 22:00:00;52229;LH;верх;4462,580;4374,890;60,950;8;1
5/5;5203;2026-05-28 04:00:00;52235;LL;низ;4366,230;4393,605;96,350;6;1
5/5;5204;2026-05-28 18:00:00;52249;HH;верх;4516,630;4496,220;150,400;14;1
5/5;5205;2026-05-28 23:00:00;52253;HL;низ;4488,975;4514,105;27,655;4;1
5/5;5206;2026-05-29 15:00:00;52269;HH;верх;4595,330;4540,530;106,355;16;1
5/5;5207;2026-06-01 14:00:00;52291;LL;низ;4447,860;4481,265;147,470;22;2
5/5;5208;2026-06-02 07:00:00;52307;LH;верх;4541,630;4514,790;93,770;16;1
5/5;5209;2026-06-02 23:00:00;52322;HL;низ;4462,290;4469,485;79,340;15;1
5/5;5210;2026-06-03 00:00:00;52323;LH;верх;4496,885;4457,165;34,595;1;1
5/5;5211;2026-06-03 22:00:00;52344;LL;низ;4423,965;4463,865;72,920;21;2
5/5;5212;2026-06-04 13:00:00;52359;HH;верх;4515,515;4478,280;91,550;15;2
5/5;5213;2026-06-05 06:00:00;52375;HL;низ;4428,720;4470,220;86,795;16;2
5/5;5214;2026-06-05 12:00:00;52381;LH;верх;4475,885;4341,965;47,165;6;2
5/5;5215;2026-06-08 05:00:00;52397;LL;низ;4268,480;4302,190;207,405;16;1
5/5;5216;2026-06-08 13:00:00;52405;LH;верх;4346,880;4334,790;78,400;8;1
5/5;5217;2026-06-08 23:00:00;52414;HL;низ;4312,960;4332,585;33,920;9;1
5/5;5218;2026-06-09 05:00:00;52420;HH;верх;4351,560;4339,275;38,600;6;1
5/5;5219;2026-06-09 08:00:00;52423;HL;низ;4321,320;4329,075;30,240;3;1
5/5;5220;2026-06-09 13:00:00;52428;HH;верх;4363,720;4270,105;42,400;5;2
5/5;5221;2026-06-10 23:00:00;52460;LL;низ;4023,870;4082,930;339,850;32;1
5/5;5222;2026-06-11 01:00:00;52462;LH;верх;4118,395;4094,485;94,525;2;2
5/5;5223;2026-06-11 14:00:00;52475;HL;низ;4052,975;4208,910;65,420;13;1
5/5;5224;2026-06-11 22:00:00;52482;HH;верх;4246,715;4197,170;193,740;7;1
5/5;5225;2026-06-12 07:00:00;52491;HL;низ;4170,290;4191,760;76,425;9;1
5/5;5226;2026-06-12 09:00:00;52493;LH;верх;4228,070;4204,070;57,780;2;1
5/5;5227;2026-06-12 14:00:00;52498;HL;низ;4177,250;4210,800;50,820;5;1
