слой;№;время;бар;подпись;сторона;цена колена;цена сейчас;нога;баров от предыдущего;мутность
3/3;0;2017-07-26 06:00:00;3;?;низ;1243,821;1246,176;0,000;0;1
3/3;1;2017-07-27 03:00:00;23;?;верх;1265,046;1262,822;21,225;20;2
3/3;2;2017-07-27 08:00:00;28;HL;низ;1260,916;1261,582;4,130;5;1
3/3;3;2017-07-27 12:00:00;32;HH;верх;1265,366;1257,718;4,450;4;1
3/3;4;2017-07-27 16:00:00;36;LL;низ;1254,584;1259,987;10,782;4;1
3/3;5;2017-07-27 18:00:00;38;LH;верх;1262,504;1259,245;7,920;2;1
3/3;6;2017-07-27 20:00:00;40;HL;низ;1257,934;1260,029;4,570;2;1
3/3;7;2017-07-28 00:00:00;43;LH;верх;1261,099;1258,082;3,165;3;1
3/3;8;2017-07-28 04:00:00;47;LL;низ;1257,459;1259,871;3,640;4;1
3/3;9;2017-07-28 07:00:00;50;LH;верх;1260,606;1259,126;3,147;3;1
3/3;10;2017-07-28 11:00:00;54;HL;низ;1258,219;1266,490;2,387;4;1
3/3;11;2017-07-30 22:00:00;64;HH;верх;1271,232;1268,340;13,013;10;2
3/3;12;2017-07-31 07:00:00;73;HL;низ;1265,877;1267,656;5,355;9;3
3/3;13;2017-07-31 20:00:00;86;LH;верх;1270,401;1268,812;4,524;13;1
3/3;14;2017-08-01 00:00:00;89;HL;низ;1267,148;1269,687;3,253;3;1
3/3;15;2017-08-01 04:00:00;93;HH;верх;1270,852;1269,509;3,704;4;1
3/3;16;2017-08-01 12:00:00;101;LL;низ;1262,556;1271,782;8,296;8;1
3/3;17;2017-08-01 14:00:00;103;HH;верх;1274,204;1272,801;11,648;2;1
3/3;18;2017-08-02 04:00:00;116;HL;низ;1264,228;1266,863;9,976;13;1
3/3;19;2017-08-02 07:00:00;119;LH;верх;1267,850;1267,270;3,622;3;1
3/3;20;2017-08-02 12:00:00;124;LL;низ;1262,998;1271,304;4,852;5;1
3/3;21;2017-08-02 17:00:00;129;HH;верх;1272,948;1266,673;9,950;5;1
3/3;22;2017-08-02 23:00:00;134;LL;низ;1256,248;1263,274;16,700;5;3
3/3;23;2017-08-03 19:00:00;154;LH;верх;1270,880;1269,284;14,632;20;2
3/3;24;2017-08-04 02:00:00;160;HL;низ;1267,338;1269,602;3,542;6;1
3/3;25;2017-08-04 07:00:00;165;LH;верх;1270,281;1269,001;2,943;5;1
3/3;26;2017-08-04 14:00:00;172;LL;низ;1254,271;1258,126;16,010;7;1
3/3;27;2017-08-04 20:00:00;178;LH;верх;1259,645;1257,785;5,374;6;1
3/3;28;2017-08-06 23:00:00;180;HL;низ;1256,596;1258,072;3,049;2;1
3/3;29;2017-08-07 02:00:00;183;LH;верх;1259,130;1257,751;2,534;3;2
3/3;30;2017-08-07 12:00:00;193;LL;низ;1255,829;1259,220;3,301;10;1
3/3;31;2017-08-07 17:00:00;198;HH;верх;1260,039;1257,829;4,210;5;1
3/3;32;2017-08-07 22:00:00;202;HL;низ;1257,076;1260,187;2,963;4;1
3/3;33;2017-08-08 02:00:00;206;HH;верх;1261,054;1260,166;3,978;4;1
3/3;34;2017-08-08 07:00:00;211;HL;низ;1259,222;1264,089;1,832;5;1
3/3;35;2017-08-08 10:00:00;214;HH;верх;1265,346;1262,608;6,124;3;1
3/3;36;2017-08-08 15:00:00;219;LL;низ;1251,614;1256,056;13,732;5;1
3/3;37;2017-08-09 18:00:00;245;HH;верх;1278,788;1276,852;27,174;26;4
3/3;38;2017-08-10 00:00:00;250;HL;низ;1274,745;1276,578;4,043;5;1
3/3;39;2017-08-11 01:00:00;274;HH;верх;1289,112;1286,008;14,367;24;2
3/3;40;2017-08-11 01:00:00;274;HL;низ;1283,968;1286,008;5,144;0;2
3/3;41;2017-08-11 12:00:00;285;HH;верх;1292,354;1287,809;8,386;11;1
3/3;42;2017-08-11 13:00:00;286;LL;низ;1281,356;1287,105;10,998;1;1
3/3;43;2017-08-11 19:00:00;292;LH;верх;1291,842;1288,890;10,486;6;1
3/3;44;2017-08-14 01:00:00;297;HL;низ;1285,472;1286,680;6,370;5;1
3/3;45;2017-08-14 03:00:00;299;LH;верх;1289,661;1287,011;4,189;2;1
3/3;46;2017-08-14 11:00:00;307;LL;низ;1278,685;1284,200;10,976;8;1
3/3;47;2017-08-14 16:00:00;312;LH;верх;1285,631;1282,103;6,946;5;1
3/3;48;2017-08-15 01:00:00;320;LL;низ;1272,407;1275,014;13,224;8;3
3/3;49;2017-08-15 07:00:00;326;LH;верх;1276,254;1274,718;3,847;6;1
3/3;50;2017-08-15 13:00:00;332;LL;низ;1267,397;1273,825;8,857;6;1
3/3;51;2017-08-15 17:00:00;336;LH;верх;1275,176;1271,368;7,779;4;1
3/3;52;2017-08-15 20:00:00;339;HL;низ;1271,129;1271,991;4,047;3;2
3/3;53;2017-08-16 02:00:00;344;LH;верх;1274,152;1273,029;3,023;5;1
3/3;54;2017-08-16 13:00:00;355;LL;низ;1267,734;1274,738;6,418;11;2
3/3;55;2017-08-17 07:00:00;372;HH;верх;1290,253;1285,510;22,519;17;3
3/3;56;2017-08-17 14:00:00;379;HL;низ;1281,254;1285,012;8,999;7;1
3/3;57;2017-08-17 23:00:00;387;LH;верх;1289,462;1287,253;8,208;8;1
3/3;58;2017-08-18 01:00:00;389;HL;низ;1285,996;1288,104;3,466;2;1
3/3;59;2017-08-18 13:00:00;401;HH;верх;1300,926;1286,395;14,930;12;2
3/3;60;2017-08-20 23:00:00;410;LL;низ;1280,613;1286,032;20,313;9;4
3/3;61;2017-08-21 13:00:00;424;LH;верх;1294,081;1291,585;13,468;14;3
3/3;62;2017-08-22 07:00:00;441;HL;низ;1283,148;1286,298;10,933;17;2
3/3;63;2017-08-22 13:00:00;447;LH;верх;1291,230;1286,369;8,082;6;1
3/3;64;2017-08-22 14:00:00;448;LL;низ;1282,053;1285,784;9,177;1;2
3/3;65;2017-08-23 12:00:00;469;HH;верх;1291,598;1287,985;9,545;21;1
3/3;66;2017-08-23 15:00:00;472;HL;низ;1286,798;1290,001;4,800;3;1
3/3;67;2017-08-23 23:00:00;479;LH;верх;1291,298;1288,320;4,500;7;1
3/3;68;2017-08-24 02:00:00;482;HL;низ;1287,162;1289,944;4,136;3;1
3/3;69;2017-08-24 05:00:00;485;LH;верх;1290,234;1286,024;3,072;3;1
3/3;70;2017-08-24 08:00:00;488;LL;низ;1284,492;1287,611;5,742;3;1
3/3;71;2017-08-24 13:00:00;493;HH;верх;1290,249;1287,354;5,757;5;1
3/3;72;2017-08-24 14:00:00;494;HL;низ;1284,881;1286,480;5,368;1;2
3/3;73;2017-08-25 00:00:00;503;LH;верх;1287,198;1286,856;2,317;9;1
3/3;74;2017-08-25 06:00:00;509;HL;низ;1285,962;1287,919;1,236;6;1
3/3;75;2017-08-25 13:00:00;516;HH;верх;1295,152;1292,727;9,190;7;2
3/3;76;2017-08-25 13:00:00;516;LL;низ;1276,196;1292,727;18,956;0;2
3/3;77;2017-08-29 08:00:00;557;HH;верх;1326,132;1320,698;49,936;41;3
3/3;78;2017-08-29 19:00:00;568;HL;низ;1305,060;1309,021;21,072;11;1
3/3;79;2017-08-30 03:00:00;575;LH;верх;1313,533;1307,496;8,473;7;1
3/3;80;2017-08-30 06:00:00;578;HL;низ;1306,368;1310,967;7,165;3;1
3/3;81;2017-08-30 10:00:00;582;HH;верх;1313,777;1307,244;7,409;4;1
3/3;82;2017-08-30 12:00:00;584;LL;низ;1305,206;1308,922;8,571;2;2
3/3;83;2017-08-30 22:00:00;593;LH;верх;1309,178;1303,033;3,972;9;1
3/3;84;2017-08-31 01:00:00;596;LL;низ;1297,876;1303,537;11,302;3;1
3/3;85;2017-08-31 19:00:00;614;HH;верх;1323,690;1321,311;25,814;18;2
3/3;86;2017-09-01 07:00:00;625;HL;низ;1317,806;1318,752;5,884;11;2
3/3;87;2017-09-01 12:00:00;630;HH;верх;1329,053;1323,628;11,247;5;1
3/3;88;2017-09-01 14:00:00;632;LL;низ;1316,452;1324,518;12,601;2;1
3/3;89;2017-09-04 07:00:00;648;HH;верх;1340,038;1334,765;23,586;16;2
3/3;90;2017-09-04 08:00:00;649;HL;низ;1332,273;1334,251;7,765;1;1
3/3;91;2017-09-04 13:00:00;654;LH;верх;1336,012;1334,591;3,739;5;1
3/3;92;2017-09-04 23:00:00;659;HL;низ;1332,292;1335,839;3,720;5;2
3/3;93;2017-09-05 02:00:00;662;HH;верх;1338,703;1335,973;6,411;3;1
3/3;94;2017-09-05 11:00:00;671;LL;низ;1326,267;1336,529;12,436;9;1
3/3;95;2017-09-05 19:00:00;679;HH;верх;1344,421;1341,713;18,154;8;2
3/3;96;2017-09-06 07:00:00;690;HL;низ;1336,406;1338,851;8,015;11;1
3/3;97;2017-09-06 09:00:00;692;LH;верх;1342,005;1339,391;5,599;2;2
3/3;98;2017-09-06 18:00:00;701;LL;низ;1331,640;1333,856;10,365;9;1
3/3;99;2017-09-07 00:00:00;706;LH;верх;1336,060;1334,867;4,420;5;1
3/3;100;2017-09-07 06:00:00;712;HL;низ;1334,124;1339,894;1,936;6;1
3/3;101;2017-09-08 05:00:00;734;HH;верх;1357,624;1351,608;23,500;22;2
3/3;102;2017-09-10 23:00:00;751;LL;низ;1333,995;1337,639;23,629;17;3
3/3;103;2017-09-11 09:00:00;761;LH;верх;1339,161;1332,777;5,166;10;1
3/3;104;2017-09-12 04:00:00;779;LL;низ;1323,333;1327,114;15,828;18;3
3/3;105;2017-09-12 08:00:00;783;LH;верх;1328,774;1325,656;5,441;4;1
3/3;106;2017-09-12 10:00:00;785;LL;низ;1322,678;1326,807;6,096;2;1
3/3;107;2017-09-12 22:00:00;796;HH;верх;1334,856;1332,112;12,178;11;2
3/3;108;2017-09-13 01:00:00;799;HL;низ;1329,573;1331,024;5,283;3;1
3/3;109;2017-09-13 02:00:00;800;LH;верх;1333,326;1330,849;3,753;1;1
3/3;110;2017-09-13 05:00:00;803;LL;низ;1329,418;1332,552;3,908;3;1
3/3;111;2017-09-13 10:00:00;808;HH;верх;1334,745;1327,473;5,327;5;1
3/3;112;2017-09-14 00:00:00;821;LL;низ;1319,208;1321,707;15,537;13;3
3/3;113;2017-09-14 12:00:00;833;LH;верх;1327,861;1325,206;8,653;12;1
3/3;114;2017-09-14 12:00:00;833;LL;низ;1315,683;1325,206;12,178;0;1
3/3;115;2017-09-14 23:00:00;843;HH;верх;1334,467;1331,060;18,784;10;2
3/3;116;2017-09-17 23:00:00;866;LL;низ;1314,418;1318,789;20,049;23;2
3/3;117;2017-09-18 02:00:00;869;LH;верх;1319,731;1318,079;5,313;3;1
3/3;118;2017-09-18 18:00:00;885;LL;низ;1304,706;1307,968;15,025;16;3
3/3;119;2017-09-19 03:00:00;893;LH;верх;1309,967;1307,783;5,261;8;2
3/3;120;2017-09-19 11:00:00;901;HL;низ;1306,818;1309,690;3,149;8;1
3/3;121;2017-09-19 14:00:00;904;HH;верх;1310,928;1308,319;4,110;3;1
3/3;122;2017-09-19 16:00:00;906;LL;низ;1305,186;1311,095;5,742;2;1
3/3;123;2017-09-19 19:00:00;909;HH;верх;1311,795;1310,901;6,609;3;1
3/3;124;2017-09-20 01:00:00;914;HL;низ;1309,732;1312,610;2,063;5;2
3/3;125;2017-09-20 09:00:00;922;HH;верх;1316,148;1311,387;6,416;8;1
3/3;126;2017-09-20 13:00:00;926;HL;низ;1310,950;1313,348;5,198;4;1
3/3;127;2017-09-20 18:00:00;931;HH;верх;1316,292;1301,157;5,342;5;1
3/3;128;2017-09-21 12:00:00;948;LL;низ;1288,150;1294,690;28,142;17;4
3/3;129;2017-09-22 04:00:00;963;LH;верх;1298,868;1296,741;10,718;15;2
3/3;130;2017-09-22 12:00:00;971;HL;низ;1293,454;1296,078;5,414;8;1
3/3;131;2017-09-22 14:00:00;973;LH;верх;1298,530;1295,155;5,076;2;1
3/3;132;2017-09-22 17:00:00;976;HL;низ;1294,158;1297,293;4,372;3;1
3/3;133;2017-09-24 22:00:00;980;LH;верх;1298,034;1292,605;3,876;4;1
3/3;134;2017-09-24 23:00:00;981;LL;низ;1289,099;1291,646;8,935;1;1
3/3;135;2017-09-25 04:00:00;986;LH;верх;1294,737;1291,927;5,638;5;1
3/3;136;2017-09-25 07:00:00;989;HL;низ;1290,926;1294,583;3,811;3;1
3/3;137;2017-09-25 09:00:00;991;HH;верх;1296,548;1293,005;5,622;2;1
3/3;138;2017-09-25 12:00:00;994;LL;низ;1290,843;1305,074;5,705;3;1
3/3;139;2017-09-25 20:00:00;1002;HH;верх;1312,508;1309,877;21,665;8;1
3/3;140;2017-09-25 22:00:00;1003;HL;низ;1307,424;1310,983;5,084;1;1
3/3;141;2017-09-26 03:00:00;1008;HH;верх;1313,809;1309,642;6,385;5;1
3/3;142;2017-09-27 00:00:00;1028;LL;низ;1290,773;1294,736;23,036;20;3
3/3;143;2017-09-27 01:00:00;1029;LH;верх;1296,344;1294,074;5,571;1;1
3/3;144;2017-09-27 08:00:00;1036;LL;низ;1285,542;1289,652;10,802;7;1
3/3;145;2017-09-27 10:00:00;1038;LH;верх;1294,058;1283,157;8,516;2;1
3/3;146;2017-09-27 20:00:00;1048;LL;низ;1281,580;1283,803;12,478;10;2
3/3;147;2017-09-28 00:00:00;1051;LH;верх;1285,024;1281,247;3,444;3;1
3/3;148;2017-09-28 06:00:00;1057;LL;низ;1277,806;1284,625;7,218;6;1
3/3;149;2017-09-28 12:00:00;1063;HH;верх;1286,342;1284,226;8,536;6;1
3/3;150;2017-09-28 14:00:00;1065;HL;низ;1282,108;1286,531;4,234;2;1
3/3;151;2017-09-28 18:00:00;1069;HH;верх;1288,746;1287,332;6,638;4;2
3/3;152;2017-09-29 06:00:00;1080;HL;низ;1283,632;1288,146;5,114;11;2
3/3;153;2017-09-29 12:00:00;1086;HH;верх;1290,503;1284,116;6,871;6;1
3/3;154;2017-10-02 07:00:00;1104;LL;низ;1271,204;1274,320;19,299;18;2
3/3;155;2017-10-02 14:00:00;1111;LH;верх;1277,346;1274,640;6,142;7;1
3/3;156;2017-10-02 20:00:00;1117;LL;низ;1269,770;1270,105;7,576;6;2
3/3;157;2017-10-03 00:00:00;1120;LH;верх;1273,068;1269,700;3,298;3;1
3/3;158;2017-10-03 01:00:00;1121;LL;низ;1268,418;1269,353;4,650;1;1
3/3;159;2017-10-03 06:00:00;1126;LH;верх;1272,546;1271,044;4,128;5;1
3/3;160;2017-10-03 12:00:00;1132;HL;низ;1269,306;1273,794;3,240;6;1
3/3;161;2017-10-03 15:00:00;1135;HH;верх;1274,784;1272,014;5,478;3;1
3/3;162;2017-10-03 20:00:00;1140;HL;низ;1270,654;1275,372;4,130;5;1
3/3;163;2017-10-04 06:00:00;1149;HH;верх;1278,700;1276,625;8,046;9;1
3/3;164;2017-10-04 08:00:00;1151;HL;низ;1275,034;1281,084;3,666;2;1
3/3;165;2017-10-04 12:00:00;1155;HH;верх;1282,320;1273,618;7,286;4;1
3/3;166;2017-10-04 14:00:00;1157;LL;низ;1270,588;1274,388;11,732;2;1
3/3;167;2017-10-04 19:00:00;1162;LH;верх;1276,352;1274,070;5,764;5;1
3/3;168;2017-10-05 00:00:00;1166;HL;низ;1273,112;1274,554;3,240;4;2
3/3;169;2017-10-05 09:00:00;1175;HH;верх;1279,026;1276,924;5,914;9;1
3/3;170;2017-10-05 20:00:00;1186;LL;низ;1266,498;1269,024;12,528;11;1
3/3;171;2017-10-06 01:00:00;1190;LH;верх;1269,767;1268,127;3,269;4;1
3/3;172;2017-10-06 13:00:00;1202;LL;низ;1260,668;1273,517;9,099;12;2
3/3;173;2017-10-09 06:00:00;1218;HH;верх;1285,592;1282,515;24,924;16;3
3/3;174;2017-10-09 07:00:00;1219;HL;низ;1279,676;1282,954;5,916;1;1
3/3;175;2017-10-09 11:00:00;1223;LH;верх;1284,170;1281,759;4,494;4;1
3/3;176;2017-10-09 14:00:00;1226;LL;низ;1279,464;1282,664;4,706;3;1
3/3;177;2017-10-09 19:00:00;1231;HH;верх;1285,260;1283,357;5,796;5;1
3/3;178;2017-10-10 00:00:00;1235;HL;низ;1282,210;1286,720;3,050;4;1
3/3;179;2017-10-10 01:00:00;1236;HH;верх;1288,348;1287,340;6,138;1;1
3/3;180;2017-10-10 13:00:00;1248;HL;низ;1288,268;1290,407;0,080;12;1
3/3;181;2017-10-10 15:00:00;1250;HH;верх;1294,306;1288,969;6,038;2;1
3/3;182;2017-10-10 20:00:00;1255;LL;низ;1287,782;1290,234;6,524;5;1
3/3;183;2017-10-11 01:00:00;1259;LH;верх;1291,738;1287,571;3,956;4;1
3/3;184;2017-10-11 02:00:00;1260;LL;низ;1286,745;1288,494;4,993;1;2
3/3;185;2017-10-11 12:00:00;1270;LH;верх;1291,409;1288,282;4,664;10;1
3/3;186;2017-10-11 17:00:00;1275;LL;низ;1284,644;1291,816;6,765;5;1
3/3;187;2017-10-12 07:00:00;1288;HH;верх;1297,565;1294,792;12,921;13;2
3/3;188;2017-10-12 14:00:00;1295;HL;низ;1289,710;1294,764;7,855;7;1
3/3;189;2017-10-13 06:00:00;1310;HH;верх;1298,516;1293,912;8,806;15;3
3/3;190;2017-10-13 12:00:00;1316;HL;низ;1291,084;1300,154;7,432;6;1
3/3;191;2017-10-16 00:00:00;1327;HH;верх;1304,690;1302,529;13,606;11;2
3/3;192;2017-10-16 01:00:00;1328;HL;низ;1301,128;1302,150;3,562;1;1
3/3;193;2017-10-16 11:00:00;1338;HH;верх;1306,138;1303,854;5,010;10;2
3/3;194;2017-10-17 15:00:00;1365;LL;низ;1281,414;1286,761;24,724;27;4
3/3;195;2017-10-17 18:00:00;1368;LH;верх;1287,576;1285,610;6,162;3;1
3/3;196;2017-10-17 22:00:00;1371;HL;низ;1284,906;1287,730;2,670;3;1
3/3;197;2017-10-18 02:00:00;1375;HH;верх;1288,889;1284,274;3,983;4;1
3/3;198;2017-10-18 12:00:00;1385;LL;низ;1276,990;1281,114;11,899;10;1
3/3;199;2017-10-18 13:00:00;1386;LH;верх;1283,619;1281,159;6,629;1;2
3/3;200;2017-10-19 02:00:00;1398;LL;низ;1276,729;1277,887;6,890;12;1
3/3;201;2017-10-19 15:00:00;1411;HH;верх;1290,180;1286,405;13,451;13;1
3/3;202;2017-10-19 19:00:00;1415;HL;низ;1285,676;1290,183;4,504;4;1
3/3;203;2017-10-19 23:00:00;1418;HH;верх;1291,218;1283,712;5,542;3;1
3/3;204;2017-10-20 02:00:00;1421;LL;низ;1282,612;1283,841;8,606;3;1
3/3;205;2017-10-20 07:00:00;1426;LH;верх;1285,380;1282,175;2,768;5;1
3/3;206;2017-10-20 08:00:00;1427;LL;низ;1279,254;1283,602;6,126;1;1
3/3;207;2017-10-20 11:00:00;1430;LH;верх;1284,768;1282,383;5,514;3;1
3/3;208;2017-10-23 00:00:00;1442;LL;низ;1274,346;1276,501;10,422;12;1
3/3;209;2017-10-23 06:00:00;1448;LH;верх;1277,244;1275,004;2,898;6;1
3/3;210;2017-10-23 13:00:00;1455;LL;низ;1272,554;1281,028;4,690;7;2
3/3;211;2017-10-24 00:00:00;1465;HH;верх;1283,772;1282,687;11,218;10;2
3/3;212;2017-10-24 14:00:00;1479;HL;низ;1273,704;1276,772;10,068;14;2
3/3;213;2017-10-24 19:00:00;1484;LH;верх;1281,320;1275,803;7,616;5;1
3/3;214;2017-10-25 12:00:00;1500;LL;низ;1271,088;1276,235;10,232;16;3
3/3;215;2017-10-26 05:00:00;1516;HH;верх;1282,590;1278,052;11,502;16;3
3/3;216;2017-10-26 07:00:00;1518;HL;низ;1276,642;1278,317;5,948;2;1
3/3;217;2017-10-26 13:00:00;1524;LH;верх;1280,121;1270,422;3,479;6;1
3/3;218;2017-10-27 01:00:00;1535;LL;низ;1265,394;1267,639;14,727;11;2
3/3;219;2017-10-27 03:00:00;1537;LH;верх;1268,691;1265,916;3,297;2;1
3/3;220;2017-10-27 07:00:00;1541;LL;низ;1264,776;1267,371;3,915;4;1
3/3;221;2017-10-27 08:00:00;1542;HH;верх;1269,168;1266,505;4,392;1;1
3/3;222;2017-10-27 12:00:00;1546;LL;низ;1263,582;1270,899;5,586;4;1
3/3;223;2017-10-27 20:00:00;1554;HH;верх;1274,707;1272,080;11,125;8;2
3/3;224;2017-10-30 07:00:00;1564;HL;низ;1268,999;1271,865;5,708;10;3
3/3;225;2017-10-30 16:00:00;1573;HH;верх;1278,890;1275,690;9,891;9;2
3/3;226;2017-10-31 01:00:00;1581;HL;низ;1274,954;1275,341;3,936;8;1
3/3;227;2017-10-31 06:00:00;1586;LH;верх;1278,242;1275,649;3,288;5;1
3/3;228;2017-10-31 14:00:00;1594;LL;низ;1267,844;1270,300;10,398;8;1
3/3;229;2017-10-31 19:00:00;1599;LH;верх;1272,055;1270,066;4,211;5;1
3/3;230;2017-11-01 01:00:00;1604;HL;низ;1267,988;1269,571;4,067;5;1
3/3;231;2017-11-01 10:00:00;1613;HH;верх;1280,920;1273,338;12,932;9;1
3/3;232;2017-11-01 13:00:00;1616;HL;низ;1272,385;1276,820;8,535;3;1
3/3;233;2017-11-01 14:00:00;1617;LH;верх;1279,959;1275,992;7,574;1;2
3/3;234;2017-11-01 18:00:00;1621;HL;низ;1273,539;1275,749;6,420;4;1
3/3;235;2017-11-02 01:00:00;1627;HH;верх;1281,526;1280,070;7,987;6;1
3/3;236;2017-11-02 11:00:00;1637;LL;низ;1273,320;1279,669;8,206;10;1
3/3;237;2017-11-02 14:00:00;1640;HH;верх;1284,271;1277,181;10,951;3;1
3/3;238;2017-11-02 16:00:00;1642;HL;низ;1274,957;1276,282;9,314;2;2
3/3;239;2017-11-03 01:00:00;1650;LH;верх;1278,775;1277,322;3,818;8;1
3/3;240;2017-11-03 02:00:00;1651;HL;низ;1276,265;1277,078;2,510;1;1
3/3;241;2017-11-03 12:00:00;1661;HH;верх;1280,590;1268,730;4,325;10;2
3/3;242;2017-11-03 15:00:00;1664;LL;низ;1265,534;1268,963;15,056;3;1
3/3;243;2017-11-05 23:00:00;1670;LH;верх;1271,191;1269,662;5,657;6;1
3/3;244;2017-11-06 01:00:00;1672;HL;низ;1266,174;1269,726;5,017;2;1
3/3;245;2017-11-06 04:00:00;1675;LH;верх;1270,706;1269,097;4,532;3;1
3/3;246;2017-11-06 07:00:00;1678;HL;низ;1267,666;1272,140;3,040;3;1
3/3;247;2017-11-06 17:00:00;1688;HH;верх;1283,082;1281,073;15,416;10;1
3/3;248;2017-11-07 08:00:00;1702;HL;низ;1275,303;1276,183;7,779;14;2
3/3;249;2017-11-07 14:00:00;1708;LH;верх;1280,130;1275,035;4,827;6;1
3/3;250;2017-11-07 15:00:00;1709;LL;низ;1271,974;1274,961;8,156;1;1
3/3;251;2017-11-07 23:00:00;1716;LH;верх;1278,354;1277,085;6,380;7;1
3/3;252;2017-11-08 06:00:00;1723;HL;низ;1276,006;1279,300;2,348;7;1
3/3;253;2017-11-08 16:00:00;1733;HH;верх;1287,262;1282,280;11,256;10;2
3/3;254;2017-11-09 01:00:00;1741;HL;низ;1280,056;1283,302;7,206;8;2
3/3;255;2017-11-09 11:00:00;1751;HH;верх;1288,284;1284,687;8,228;10;2
3/3;256;2017-11-09 15:00:00;1755;HL;низ;1281,994;1286,621;6,290;4;1
3/3;257;2017-11-09 20:00:00;1760;HH;верх;1288,744;1286,903;6,750;5;1
3/3;258;2017-11-09 21:00:00;1761;HL;низ;1284,868;1285,804;3,876;1;1
3/3;259;2017-11-10 01:00:00;1764;LH;верх;1287,191;1284,801;2,323;3;2
3/3;260;2017-11-10 08:00:00;1771;LL;низ;1282,675;1283,914;4,516;7;1
3/3;261;2017-11-10 14:00:00;1777;LH;верх;1285,989;1276,123;3,314;6;1
3/3;262;2017-11-10 18:00:00;1781;LL;низ;1273,506;1275,413;12,483;4;2
3/3;263;2017-11-13 11:00:00;1797;LH;верх;1279,558;1277,356;6,052;16;1
3/3;264;2017-11-13 13:00:00;1799;HL;низ;1276,260;1278,127;3,298;2;1
3/3;265;2017-11-13 16:00:00;1802;HH;верх;1279,898;1278,990;3,638;3;1
3/3;266;2017-11-14 03:00:00;1812;LL;низ;1275,526;1276,400;4,372;10;1
3/3;267;2017-11-14 07:00:00;1816;LH;верх;1277,300;1272,170;1,774;4;1
3/3;268;2017-11-14 08:00:00;1817;LL;низ;1270,118;1273,114;7,182;1;2
3/3;269;2017-11-14 18:00:00;1827;HH;верх;1283,638;1280,072;13,520;10;1
3/3;270;2017-11-14 23:00:00;1831;HL;низ;1279,188;1281,736;4,450;4;1
3/3;271;2017-11-15 01:00:00;1833;LH;верх;1283,438;1281,198;4,250;2;1
3/3;272;2017-11-15 06:00:00;1838;HL;низ;1280,498;1285,073;2,940;5;1
3/3;273;2017-11-15 13:00:00;1845;HH;верх;1289,606;1277,546;9,108;7;2
3/3;274;2017-11-15 16:00:00;1848;LL;низ;1276,709;1277,989;12,897;3;1
3/3;275;2017-11-15 20:00:00;1852;LH;верх;1279,678;1278,493;2,969;4;1
3/3;276;2017-11-16 07:00:00;1862;LL;низ;1275,175;1278,167;4,503;10;2
3/3;277;2017-11-16 14:00:00;1869;HH;верх;1281,884;1280,413;6,709;7;2
3/3;278;2017-11-16 14:00:00;1869;HL;низ;1276,414;1280,413;5,470;0;2
3/3;279;2017-11-17 02:00:00;1880;HH;верх;1284,080;1281,962;7,666;11;1
3/3;280;2017-11-17 07:00:00;1885;HL;низ;1281,149;1284,021;2,931;5;2
3/3;281;2017-11-17 18:00:00;1896;HH;верх;1296,984;1294,343;15,835;11;1
3/3;282;2017-11-20 07:00:00;1908;HL;низ;1290,180;1291,590;6,804;12;1
3/3;283;2017-11-20 13:00:00;1914;LH;верх;1293,648;1279,505;3,468;6;2
3/3;284;2017-11-20 18:00:00;1919;LL;низ;1274,518;1276,920;19,130;5;1
3/3;285;2017-11-21 08:00:00;1932;LH;верх;1281,484;1277,936;6,966;13;1
3/3;286;2017-11-21 13:00:00;1937;HL;низ;1276,272;1282,755;5,212;5;1
3/3;287;2017-11-21 15:00:00;1939;HH;верх;1284,832;1281,617;8,560;2;1
3/3;288;2017-11-21 20:00:00;1944;HL;низ;1279,539;1281,867;5,293;5;1
3/3;289;2017-11-22 00:00:00;1947;LH;верх;1282,512;1279,908;2,973;3;1
3/3;290;2017-11-22 03:00:00;1950;LL;низ;1279,115;1282,705;3,397;3;1
3/3;291;2017-11-22 19:00:00;1966;HH;верх;1294,696;1290,926;15,581;16;2
3/3;292;2017-11-23 09:00:00;1979;HL;низ;1287,128;1291,591;7,568;13;1
3/3;293;2017-11-23 10:00:00;1980;LH;верх;1293,712;1291,947;6,584;1;1
3/3;294;2017-11-23 15:00:00;1985;HL;низ;1289,119;1291,418;4,593;5;2
3/3;295;2017-11-24 02:00:00;1991;LH;верх;1293,339;1291,671;4,220;6;1
3/3;296;2017-11-24 11:00:00;2000;LL;низ;1285,813;1290,112;7,526;9;1
3/3;297;2017-11-24 14:00:00;2003;LH;верх;1291,431;1288,245;5,618;3;1
3/3;298;2017-11-27 00:00:00;2009;HL;низ;1286,790;1289,921;4,641;6;2
3/3;299;2017-11-27 14:00:00;2023;HH;верх;1299,326;1295,598;12,536;14;1
3/3;300;2017-11-27 15:00:00;2024;HL;низ;1292,288;1294,431;7,038;1;2
3/3;301;2017-11-28 00:00:00;2032;LH;верх;1296,853;1294,343;4,565;8;2
3/3;302;2017-11-28 14:00:00;2046;LL;низ;1290,712;1294,564;6,141;14;2
3/3;303;2017-11-28 15:00:00;2047;HH;верх;1297,572;1295,657;6,860;1;1
3/3;304;2017-11-28 19:00:00;2051;HL;низ;1291,700;1294,046;5,872;4;2
3/3;305;2017-11-29 07:00:00;2062;LH;верх;1296,761;1294,870;5,061;11;2
3/3;306;2017-11-29 18:00:00;2073;LL;низ;1282,090;1283,649;14,671;11;1
3/3;307;2017-11-30 01:00:00;2079;LH;верх;1285,382;1284,024;3,292;6;2
3/3;308;2017-11-30 18:00:00;2096;LL;низ;1270,371;1275,025;15,011;17;3
3/3;309;2017-12-01 02:00:00;2103;LH;верх;1276,833;1275,356;6,462;7;1
3/3;310;2017-12-01 04:00:00;2105;HL;низ;1274,252;1275,314;2,581;2;1
3/3;311;2017-12-01 09:00:00;2110;HH;верх;1278,176;1276,198;3,924;5;1
3/3;312;2017-12-01 15:00:00;2116;LL;низ;1271,824;1280,479;6,352;6;1
3/3;313;2017-12-01 16:00:00;2117;HH;верх;1289,304;1282,435;17,480;1;1
3/3;314;2017-12-04 08:00:00;2132;LL;низ;1271,202;1273,649;18,102;15;2
3/3;315;2017-12-04 21:00:00;2145;LH;верх;1277,260;1276,109;6,058;13;3
3/3;316;2017-12-05 04:00:00;2151;HL;низ;1274,393;1275,701;2,867;6;1
3/3;317;2017-12-05 11:00:00;2158;LH;верх;1276,894;1267,118;2,501;7;2
3/3;318;2017-12-05 16:00:00;2163;LL;низ;1260,978;1265,859;15,916;5;1
3/3;319;2017-12-05 20:00:00;2167;LH;верх;1267,502;1265,271;6,524;4;1
3/3;320;2017-12-06 01:00:00;2171;HL;низ;1264,198;1266,815;3,304;4;1
3/3;321;2017-12-06 10:00:00;2180;HH;верх;1269,346;1264,993;5,148;9;2
3/3;322;2017-12-07 20:00:00;2213;LL;низ;1243,958;1247,871;25,388;33;4
3/3;323;2017-12-08 07:00:00;2223;LH;верх;1249,762;1246,356;5,804;10;1
3/3;324;2017-12-08 13:00:00;2229;HL;низ;1244,006;1248,086;5,756;6;2
3/3;325;2017-12-08 14:00:00;2230;HH;верх;1252,416;1247,605;8,410;1;1
3/3;326;2017-12-08 18:00:00;2234;HL;низ;1246,515;1248,300;5,901;4;1
3/3;327;2017-12-10 23:00:00;2238;LH;верх;1249,299;1248,512;2,784;4;1
3/3;328;2017-12-11 01:00:00;2240;HL;низ;1246,966;1248,779;2,333;2;1
3/3;329;2017-12-11 11:00:00;2250;HH;верх;1251,544;1247,457;4,579;10;1
3/3;330;2017-12-11 20:00:00;2259;LL;низ;1240,804;1243,221;10,740;9;1
3/3;331;2017-12-12 07:00:00;2269;LH;верх;1246,274;1243,986;5,470;10;1
3/3;332;2017-12-12 15:00:00;2277;LL;низ;1236,527;1240,774;9,747;8;2
3/3;333;2017-12-12 21:00:00;2283;LH;верх;1245,078;1243,063;8,551;6;1
3/3;334;2017-12-13 01:00:00;2286;HL;низ;1242,499;1243,582;2,579;3;1
3/3;335;2017-12-13 03:00:00;2288;HH;верх;1245,316;1243,670;2,817;2;1
3/3;336;2017-12-13 12:00:00;2297;LL;низ;1240,299;1246,463;5,017;9;1
3/3;337;2017-12-14 01:00:00;2309;HH;верх;1259,174;1257,836;18,875;12;2
3/3;338;2017-12-14 01:00:00;2309;HL;низ;1253,416;1257,836;5,758;0;2
3/3;339;2017-12-14 12:00:00;2320;LH;верх;1258,582;1253,839;5,166;11;1
3/3;340;2017-12-14 15:00:00;2323;LL;низ;1250,544;1254,495;8,038;3;1
3/3;341;2017-12-14 18:00:00;2326;LH;верх;1256,725;1252,716;6,181;3;1
3/3;342;2017-12-14 21:00:00;2329;HL;низ;1252,476;1254,250;4,249;3;1
3/3;343;2017-12-15 02:00:00;2333;LH;верх;1255,940;1255,120;3,464;4;1
3/3;344;2017-12-15 05:00:00;2336;HL;низ;1254,082;1256,514;1,858;3;1
3/3;345;2017-12-15 13:00:00;2344;HH;верх;1261,957;1255,245;7,875;8;1
3/3;346;2017-12-15 16:00:00;2347;LL;низ;1253,457;1256,181;8,500;3;1
3/3;347;2017-12-15 20:00:00;2351;LH;верх;1256,771;1254,270;3,313;4;1
3/3;348;2017-12-18 01:00:00;2355;LL;низ;1252,872;1255,533;3,899;4;2
3/3;349;2017-12-18 16:00:00;2370;HH;верх;1264,084;1261,447;11,212;15;1
3/3;350;2017-12-19 01:00:00;2378;HL;низ;1260,348;1262,514;3,736;8;2
3/3;351;2017-12-19 08:00:00;2385;HH;верх;1265,071;1263,714;4,723;7;1
3/3;352;2017-12-19 09:00:00;2386;HL;низ;1262,643;1263,425;2,428;1;1
3/3;353;2017-12-19 12:00:00;2389;HH;верх;1265,388;1261,239;2,745;3;1
3/3;354;2017-12-19 18:00:00;2395;LL;низ;1259,236;1261,599;6,152;6;1
3/3;355;2017-12-20 02:00:00;2402;LH;верх;1264,981;1263,370;5,745;7;1
3/3;356;2017-12-20 05:00:00;2405;HL;низ;1262,714;1264,441;2,267;3;1
3/3;357;2017-12-20 11:00:00;2411;HH;верх;1266,446;1263,354;3,732;6;1
3/3;358;2017-12-20 14:00:00;2414;LL;низ;1262,211;1266,720;4,235;3;1
3/3;359;2017-12-20 17:00:00;2417;HH;верх;1268,003;1265,605;5,792;3;1
3/3;360;2017-12-20 20:00:00;2420;HL;низ;1264,605;1266,399;3,398;3;1
3/3;361;2017-12-21 01:00:00;2424;HH;верх;1268,339;1267,640;3,734;4;1
3/3;362;2017-12-21 13:00:00;2436;LL;низ;1262,892;1267,421;5,447;12;2
3/3;363;2017-12-21 20:00:00;2443;HH;верх;1268,970;1266,129;6,078;7;1
3/3;364;2017-12-22 01:00:00;2447;HL;низ;1265,082;1266,493;3,888;4;1
3/3;365;2017-12-22 17:00:00;2463;HH;верх;1276,203;1274,102;11,121;16;1
3/3;366;2017-12-26 00:00:00;2469;HL;низ;1273,408;1278,341;2,795;6;1
3/3;367;2017-12-26 06:00:00;2475;HH;верх;1279,282;1278,006;5,874;6;2
3/3;368;2017-12-26 09:00:00;2478;HL;низ;1277,079;1278,822;2,203;3;1
3/3;369;2017-12-26 18:00:00;2487;HH;верх;1283,843;1282,768;6,764;9;1
3/3;370;2017-12-27 04:00:00;2496;HL;низ;1281,351;1284,995;2,492;9;1
3/3;371;2017-12-27 10:00:00;2502;HH;верх;1286,440;1284,458;5,089;6;1
3/3;372;2017-12-27 12:00:00;2504;HL;низ;1283,178;1286,473;3,262;2;1
3/3;373;2017-12-28 09:00:00;2524;HH;верх;1293,338;1292,238;10,160;20;2
3/3;374;2017-12-28 13:00:00;2528;HL;низ;1288,632;1294,459;4,706;4;1
3/3;375;2017-12-28 18:00:00;2533;HH;верх;1295,274;1294,808;6,642;5;1
3/3;376;2017-12-28 23:00:00;2537;HL;низ;1293,944;1295,977;1,330;4;1
3/3;377;2017-12-29 02:00:00;2540;HH;верх;1296,380;1296,119;2,436;3;1
3/3;378;2017-12-29 07:00:00;2545;HL;низ;1294,754;1297,160;1,626;5;2
3/3;379;2017-12-29 18:00:00;2556;HH;верх;1307,676;1303,247;12,922;11;1
3/3;380;2017-12-29 21:00:00;2559;HL;низ;1302,292;1306,139;5,384;3;1
3/3;381;2018-01-02 23:00:00;2583;HH;верх;1321,588;1312,355;19,296;24;3
3/3;382;2018-01-03 03:00:00;2587;HL;низ;1311,945;1313,291;9,643;4;1
3/3;383;2018-01-03 06:00:00;2590;LH;верх;1315,582;1314,700;3,637;3;1
3/3;384;2018-01-03 07:00:00;2591;LL;низ;1311,785;1314,145;3,797;1;2
3/3;385;2018-01-03 14:00:00;2598;HH;верх;1318,026;1315,876;6,241;7;1
3/3;386;2018-01-04 01:00:00;2608;LL;низ;1305,937;1308,055;12,089;10;3
3/3;387;2018-01-04 20:00:00;2627;HH;верх;1326,064;1322,984;20,127;19;2
3/3;388;2018-01-05 14:00:00;2644;HL;низ;1313,678;1320,718;12,386;17;2
3/3;389;2018-01-08 01:00:00;2654;LH;верх;1322,180;1320,312;8,502;10;1
3/3;390;2018-01-08 08:00:00;2661;HL;низ;1314,754;1320,499;7,426;7;1
3/3;391;2018-01-08 11:00:00;2664;LH;верх;1321,154;1319,091;6,400;3;1
3/3;392;2018-01-08 16:00:00;2669;HL;низ;1316,010;1319,236;5,144;5;1
3/3;393;2018-01-08 21:00:00;2674;LH;верх;1320,634;1317,976;4,624;5;1
3/3;394;2018-01-09 01:00:00;2677;LL;низ;1315,841;1318,892;4,793;3;1
3/3;395;2018-01-09 05:00:00;2681;LH;верх;1320,266;1314,604;4,425;4;1
3/3;396;2018-01-09 08:00:00;2684;LL;низ;1313,380;1315,036;6,886;3;1
3/3;397;2018-01-09 12:00:00;2688;LH;верх;1315,994;1311,829;2,614;4;1
3/3;398;2018-01-09 14:00:00;2690;LL;низ;1308,868;1311,872;7,126;2;1
3/3;399;2018-01-09 19:00:00;2695;LH;верх;1315,750;1310,441;6,882;5;1
3/3;400;2018-01-10 01:00:00;2700;LL;низ;1308,318;1310,601;7,432;5;2
3/3;401;2018-01-10 11:00:00;2710;HH;верх;1327,874;1317,837;19,556;10;1
3/3;402;2018-01-10 14:00:00;2713;HL;низ;1314,684;1317,811;13,190;3;1
3/3;403;2018-01-10 20:00:00;2719;LH;верх;1320,439;1318,986;5,755;6;1
3/3;404;2018-01-10 23:00:00;2721;HL;низ;1316,380;1320,220;4,059;2;1
3/3;405;2018-01-11 03:00:00;2725;HH;верх;1320,960;1318,047;4,580;4;1
3/3;406;2018-01-11 07:00:00;2729;LL;низ;1315,820;1319,482;5,140;4;1
3/3;407;2018-01-11 18:00:00;2740;HH;верх;1324,096;1322,524;8,276;11;1
3/3;408;2018-01-11 20:00:00;2742;HL;низ;1320,979;1324,447;3,117;2;1
3/3;409;2018-01-12 04:00:00;2749;HH;верх;1330,470;1327,816;9,491;7;1
3/3;410;2018-01-12 08:00:00;2753;HL;низ;1326,621;1331,350;3,849;4;1
3/3;411;2018-01-12 10:00:00;2755;HH;верх;1333,238;1325,997;6,617;2;1
3/3;412;2018-01-12 13:00:00;2758;LL;низ;1323,417;1330,825;9,821;3;1
3/3;413;2018-01-12 20:00:00;2765;HH;верх;1339,434;1338,438;16,017;7;1
3/3;414;2018-01-14 23:00:00;2767;HL;низ;1336,003;1340,796;3,431;2;1
3/3;415;2018-01-15 05:00:00;2773;HH;верх;1344,874;1340,852;8,871;6;1
3/3;416;2018-01-15 15:00:00;2783;HL;низ;1338,748;1341,620;6,126;10;1
3/3;417;2018-01-15 23:00:00;2786;LH;верх;1342,439;1340,997;3,691;3;1
3/3;418;2018-01-16 10:00:00;2797;LL;низ;1331,912;1333,527;10,527;11;3
3/3;419;2018-01-17 02:00:00;2812;HH;верх;1344,082;1334,433;12,170;15;1
3/3;420;2018-01-17 07:00:00;2817;HL;низ;1333,050;1338,287;11,032;5;1
3/3;421;2018-01-17 18:00:00;2828;LH;верх;1340,567;1327,366;7,517;11;2
3/3;422;2018-01-18 01:00:00;2834;LL;низ;1324,300;1327,275;16,267;6;1
3/3;423;2018-01-18 06:00:00;2839;LH;верх;1330,028;1328,823;5,728;5;1
3/3;424;2018-01-18 07:00:00;2840;HL;низ;1325,258;1329,983;4,770;1;2
3/3;425;2018-01-18 16:00:00;2849;HH;верх;1333,200;1328,811;7,942;9;1
3/3;426;2018-01-18 20:00:00;2853;HL;низ;1325,578;1327,450;7,622;4;1
3/3;427;2018-01-19 08:00:00;2864;HH;верх;1338,161;1334,478;12,583;11;1
3/3;428;2018-01-19 14:00:00;2870;HL;низ;1332,228;1333,940;5,933;6;1
3/3;429;2018-01-21 23:00:00;2878;LH;верх;1335,784;1331,795;3,556;8;1
3/3;430;2018-01-22 07:00:00;2886;LL;низ;1328,500;1333,685;7,284;8;2
3/3;431;2018-01-22 10:00:00;2889;LH;верх;1334,689;1334,075;6,189;3;1
3/3;432;2018-01-22 13:00:00;2892;HL;низ;1330,910;1331,900;3,779;3;1
3/3;433;2018-01-22 15:00:00;2894;HH;верх;1335,690;1332,141;4,780;2;1
3/3;434;2018-01-22 17:00:00;2896;LL;низ;1330,787;1334,674;4,903;2;1
3/3;435;2018-01-23 11:00:00;2913;HH;верх;1338,850;1334,259;8,063;17;3
3/3;436;2018-01-23 14:00:00;2916;HL;низ;1331,474;1337,818;7,376;3;1
3/3;437;2018-01-23 23:00:00;2924;HH;верх;1342,408;1341,586;10,934;8;1
3/3;438;2018-01-24 01:00:00;2926;HL;низ;1339,580;1341,138;2,828;2;3
3/3;439;2018-01-24 19:00:00;2944;HH;верх;1362,236;1356,193;22,656;18;1
3/3;440;2018-01-24 23:00:00;2947;HL;низ;1355,838;1361,138;6,398;3;1
3/3;441;2018-01-25 06:00:00;2954;HH;верх;1366,112;1360,532;10,274;7;1
3/3;442;2018-01-25 14:00:00;2962;LL;низ;1353,578;1362,772;12,534;8;2
3/3;443;2018-01-25 18:00:00;2966;LH;верх;1364,878;1348,250;11,300;4;1
3/3;444;2018-01-25 19:00:00;2967;LL;низ;1342,442;1346,835;22,436;1;1
3/3;445;2018-01-26 07:00:00;2978;LH;верх;1357,233;1353,911;14,791;11;2
3/3;446;2018-01-26 14:00:00;2985;HL;низ;1348,768;1353,379;8,465;7;1
3/3;447;2018-01-26 18:00:00;2989;LH;верх;1354,469;1349,765;5,701;4;1
3/3;448;2018-01-26 20:00:00;2991;HL;низ;1348,824;1350,835;5,645;2;1
3/3;449;2018-01-29 00:00:00;2994;LH;верх;1352,506;1349,238;3,682;3;1
3/3;450;2018-01-29 16:00:00;3010;LL;низ;1337,640;1342,968;14,866;16;3
3/3;451;2018-01-29 19:00:00;3013;LH;верх;1344,792;1341,358;7,152;3;1
3/3;452;2018-01-30 05:00:00;3022;LL;низ;1334,502;1338,811;10,290;9;1
3/3;453;2018-01-30 14:00:00;3031;HH;верх;1349,067;1338,620;14,565;9;2
3/3;454;2018-01-30 18:00:00;3035;HL;низ;1335,810;1338,551;13,257;4;2
3/3;455;2018-01-31 15:00:00;3055;LH;верх;1345,246;1340,649;9,436;20;2
3/3;456;2018-01-31 19:00:00;3059;LL;низ;1332,900;1345,348;12,346;4;1
3/3;457;2018-01-31 20:00:00;3060;HH;верх;1347,532;1346,070;14,632;1;1
3/3;458;2018-02-01 11:00:00;3074;HL;низ;1337,328;1342,085;10,204;14;3
3/3;459;2018-02-01 21:00:00;3084;HH;верх;1351,060;1349,169;13,732;10;2
3/3;460;2018-02-02 01:00:00;3087;HL;низ;1346,454;1347,682;4,606;3;1
3/3;461;2018-02-02 07:00:00;3093;LH;верх;1349,442;1345,418;2,988;6;2
3/3;462;2018-02-02 15:00:00;3101;LL;низ;1327,472;1332,754;21,970;8;1
3/3;463;2018-02-02 18:00:00;3104;LH;верх;1336,749;1333,081;9,277;3;1
3/3;464;2018-02-02 20:00:00;3106;HL;низ;1328,468;1333,520;8,281;2;1
3/3;465;2018-02-04 23:00:00;3108;LH;верх;1333,980;1331,047;5,512;2;1
3/3;466;2018-02-05 02:00:00;3111;HL;низ;1329,056;1332,523;4,924;3;1
3/3;467;2018-02-05 11:00:00;3120;HH;верх;1338,658;1334,011;9,602;9;1
3/3;468;2018-02-05 15:00:00;3124;HL;низ;1332,402;1334,631;6,256;4;1
3/3;469;2018-02-06 02:00:00;3134;HH;верх;1346,192;1343,425;13,790;10;2
3/3;470;2018-02-06 08:00:00;3140;HL;низ;1339,155;1342,716;7,037;6;1
3/3;471;2018-02-06 10:00:00;3142;LH;верх;1344,700;1334,125;5,545;2;1
3/3;472;2018-02-06 20:00:00;3152;LL;низ;1320,264;1327,204;24,436;10;1
3/3;473;2018-02-07 07:00:00;3162;LH;верх;1332,363;1327,671;12,099;10;1
3/3;474;2018-02-07 18:00:00;3173;LL;низ;1311,378;1318,475;20,985;11;1
3/3;475;2018-02-08 00:00:00;3178;LH;верх;1319,322;1313,272;7,944;5;1
3/3;476;2018-02-08 04:00:00;3182;LL;низ;1309,813;1312,462;9,509;4;1
3/3;477;2018-02-08 07:00:00;3185;LH;верх;1313,660;1311,568;3,847;3;1
3/3;478;2018-02-08 12:00:00;3190;LL;низ;1307,081;1314,438;6,579;5;1
3/3;479;2018-02-08 23:00:00;3200;HH;верх;1322,835;1318,097;15,754;10;2
3/3;480;2018-02-09 03:00:00;3204;HL;низ;1316,153;1320,280;6,682;4;1
3/3;481;2018-02-09 06:00:00;3207;LH;верх;1320,672;1316,226;4,519;3;1
3/3;482;2018-02-09 15:00:00;3216;LL;низ;1311,207;1315,313;9,465;9;2
3/3;483;2018-02-12 01:00:00;3225;HH;верх;1326,697;1324,036;15,490;9;2
3/3;484;2018-02-12 12:00:00;3236;HL;низ;1316,838;1324,479;9,859;11;1
3/3;485;2018-02-12 17:00:00;3241;LH;верх;1326,232;1321,488;9,394;5;1
3/3;486;2018-02-12 20:00:00;3244;HL;низ;1321,358;1322,776;4,874;3;1
3/3;487;2018-02-13 10:00:00;3257;HH;верх;1331,034;1325,932;9,676;13;2
3/3;488;2018-02-13 14:00:00;3261;HL;низ;1323,011;1327,393;8,023;4;1
3/3;489;2018-02-14 03:00:00;3273;HH;верх;1337,112;1334,450;14,101;12;2
3/3;490;2018-02-14 13:00:00;3283;LL;низ;1318,002;1346,723;19,110;10;1
3/3;491;2018-02-14 18:00:00;3288;HH;верх;1355,522;1350,657;37,520;5;1
3/3;492;2018-02-14 23:00:00;3292;HL;низ;1349,856;1353,993;5,666;4;1
3/3;493;2018-02-15 04:00:00;3297;LH;верх;1355,356;1354,799;5,500;5;1
3/3;494;2018-02-15 07:00:00;3300;HL;низ;1352,318;1353,766;3,038;3;1
3/3;495;2018-02-15 08:00:00;3301;HH;верх;1357,190;1351,119;4,872;1;1
3/3;496;2018-02-15 12:00:00;3305;LL;низ;1348,612;1352,170;8,578;4;1
3/3;497;2018-02-15 14:00:00;3307;LH;верх;1354,459;1351,350;5,847;2;1
3/3;498;2018-02-15 17:00:00;3310;HL;низ;1348,735;1353,417;5,724;3;1
3/3;499;2018-02-16 09:00:00;3325;HH;верх;1361,796;1356,340;13,061;15;2
3/3;500;2018-02-16 19:00:00;3335;LL;низ;1344,900;1348,171;16,896;10;1
3/3;501;2018-02-19 02:00:00;3341;LH;верх;1351,463;1346,653;6,563;6;1
3/3;502;2018-02-19 05:00:00;3344;HL;низ;1346,384;1347,009;5,079;3;1
3/3;503;2018-02-19 07:00:00;3346;LH;верх;1349,334;1348,416;2,950;2;2
3/3;504;2018-02-19 14:00:00;3353;LL;низ;1345,818;1346,650;3,516;7;1
3/3;505;2018-02-19 16:00:00;3355;LH;верх;1348,700;1343,952;2,882;2;1
3/3;506;2018-02-20 08:00:00;3366;LL;низ;1336,692;1339,809;12,008;11;1
3/3;507;2018-02-20 14:00:00;3372;LH;верх;1343,344;1329,588;6,652;6;1
3/3;508;2018-02-21 07:00:00;3388;LL;низ;1325,272;1329,568;18,072;16;2
3/3;509;2018-02-21 09:00:00;3390;LH;верх;1330,096;1328,042;4,824;2;1
3/3;510;2018-02-21 13:00:00;3394;HL;низ;1327,402;1328,351;2,694;4;1
3/3;511;2018-02-21 19:00:00;3400;HH;верх;1336,350;1326,884;8,948;6;2
3/3;512;2018-02-22 07:00:00;3411;LL;низ;1321,026;1323,646;15,324;11;3
3/3;513;2018-02-22 23:00:00;3426;LH;верх;1332,337;1329,376;11,311;15;2
3/3;514;2018-02-23 07:00:00;3434;HL;низ;1325,876;1328,855;6,461;8;1
3/3;515;2018-02-23 12:00:00;3439;LH;верх;1331,721;1329,024;5,845;5;1
3/3;516;2018-02-23 14:00:00;3441;HL;низ;1326,803;1330,214;4,918;2;1
3/3;517;2018-02-23 17:00:00;3444;LH;верх;1330,638;1329,326;3,835;3;1
3/3;518;2018-02-25 23:00:00;3449;LL;низ;1326,728;1336,844;3,910;5;1
3/3;519;2018-02-26 07:00:00;3457;HH;верх;1341,072;1339,419;14,344;8;1
3/3;520;2018-02-26 17:00:00;3467;HL;низ;1330,282;1333,280;10,790;10;2
3/3;521;2018-02-27 01:00:00;3474;LH;верх;1336,836;1332,253;6,554;7;1
3/3;522;2018-02-27 06:00:00;3479;HL;низ;1331,438;1333,784;5,398;5;1
3/3;523;2018-02-27 08:00:00;3481;LH;верх;1334,792;1332,484;3,354;2;1
3/3;524;2018-02-27 17:00:00;3490;LL;низ;1313,452;1318,896;21,340;9;2
3/3;525;2018-02-28 01:00:00;3497;LH;верх;1319,160;1317,602;5,708;7;1
3/3;526;2018-02-28 08:00:00;3504;HL;низ;1316,962;1319,540;2,198;7;1
3/3;527;2018-02-28 14:00:00;3510;HH;верх;1322,640;1319,312;5,678;6;2
3/3;528;2018-03-01 15:00:00;3534;LL;низ;1302,832;1306,826;19,808;24;2
3/3;529;2018-03-01 20:00:00;3539;LH;верх;1321,252;1316,619;18,420;5;3
3/3;530;2018-03-02 09:00:00;3551;HL;низ;1315,818;1321,440;5,434;12;1
3/3;531;2018-03-02 14:00:00;3556;HH;верх;1325,580;1320,602;9,762;5;1
3/3;532;2018-03-02 16:00:00;3558;HL;низ;1317,570;1322,839;8,010;2;1
3/3;533;2018-03-02 18:00:00;3560;LH;верх;1323,844;1322,064;6,274;2;1
3/3;534;2018-03-04 23:00:00;3564;HL;низ;1320,106;1325,636;3,738;4;1
3/3;535;2018-03-05 07:00:00;3572;HH;верх;1327,870;1326,265;7,764;8;2
3/3;536;2018-03-05 19:00:00;3584;LL;низ;1317,609;1321,045;10,261;12;2
3/3;537;2018-03-06 04:00:00;3592;LH;верх;1324,320;1320,743;6,711;8;1
3/3;538;2018-03-06 07:00:00;3595;HL;низ;1320,630;1325,114;3,690;3;1
3/3;539;2018-03-06 23:00:00;3610;HH;верх;1340,600;1335,790;19,970;15;2
3/3;540;2018-03-07 04:00:00;3615;HL;низ;1332,254;1332,441;8,346;5;1
3/3;541;2018-03-07 11:00:00;3622;LH;верх;1333,864;1329,936;1,610;7;1
3/3;542;2018-03-07 19:00:00;3630;LL;низ;1322,270;1324,589;11,594;8;1
3/3;543;2018-03-08 07:00:00;3641;LH;верх;1329,146;1325,659;6,876;11;2
3/3;544;2018-03-08 15:00:00;3649;LL;низ;1319,049;1321,506;10,097;8;1
3/3;545;2018-03-08 20:00:00;3654;LH;верх;1322,777;1318,542;3,728;5;1
3/3;546;2018-03-09 13:00:00;3670;LL;низ;1312,862;1324,119;9,915;16;2
3/3;547;2018-03-09 17:00:00;3674;HH;верх;1325,258;1323,550;12,396;4;2
3/3;548;2018-03-12 01:00:00;3682;HL;низ;1321,288;1323,854;3,970;8;1
3/3;549;2018-03-12 04:00:00;3685;LH;верх;1324,280;1322,247;2,992;3;1
3/3;550;2018-03-12 11:00:00;3692;LL;низ;1315,109;1319,507;9,171;7;1
3/3;551;2018-03-12 23:00:00;3703;HH;верх;1325,876;1322,880;10,767;11;1
3/3;552;2018-03-13 12:00:00;3716;LL;низ;1313,678;1326,499;12,198;13;1
3/3;553;2018-03-13 17:00:00;3721;HH;верх;1328,420;1326,431;14,742;5;1
3/3;554;2018-03-14 00:00:00;3727;HL;низ;1324,080;1328,021;4,340;6;1
3/3;555;2018-03-14 05:00:00;3732;HH;верх;1330,162;1325,036;6,082;5;1
3/3;556;2018-03-14 08:00:00;3735;LL;низ;1323,431;1326,243;6,731;3;1
3/3;557;2018-03-14 12:00:00;3739;LH;верх;1328,656;1324,678;5,225;4;1
3/3;558;2018-03-14 14:00:00;3741;LL;низ;1321,522;1324,796;7,134;2;1
3/3;559;2018-03-14 18:00:00;3745;LH;верх;1325,916;1323,796;4,394;4;1
3/3;560;2018-03-14 23:00:00;3749;HL;низ;1323,628;1326,399;2,288;4;1
3/3;561;2018-03-15 05:00:00;3755;HH;верх;1328,012;1323,248;4,384;6;2
3/3;562;2018-03-16 01:00:00;3774;LL;низ;1313,752;1316,566;14,260;19;2
3/3;563;2018-03-16 11:00:00;3784;LH;верх;1321,769;1310,102;8,017;10;1
3/3;564;2018-03-16 15:00:00;3788;LL;низ;1309,687;1312,988;12,082;4;1
3/3;565;2018-03-18 22:00:00;3794;LH;верх;1314,588;1311,777;4,901;6;1
3/3;566;2018-03-19 01:00:00;3797;HL;низ;1310,286;1311,656;4,302;3;1
3/3;567;2018-03-19 04:00:00;3800;LH;верх;1312,653;1308,909;2,367;3;1
3/3;568;2018-03-19 06:00:00;3802;LL;низ;1307,770;1311,573;4,883;2;1
3/3;569;2018-03-19 16:00:00;3812;HH;верх;1319,726;1316,915;11,956;10;2
3/3;570;2018-03-20 00:00:00;3819;HL;низ;1315,649;1316,521;4,077;7;1
3/3;571;2018-03-20 06:00:00;3825;LH;верх;1317,018;1313,216;1,369;6;1
3/3;572;2018-03-20 14:00:00;3833;LL;низ;1307,210;1312,366;9,808;8;1
3/3;573;2018-03-20 15:00:00;3834;LH;верх;1313,412;1310,801;6,202;1;1
3/3;574;2018-03-20 19:00:00;3838;HL;низ;1309,458;1310,149;3,954;4;3
3/3;575;2018-03-21 08:00:00;3850;HH;верх;1317,967;1315,338;8,509;12;1
3/3;576;2018-03-21 11:00:00;3853;HL;низ;1314,015;1321,773;3,952;3;2
3/3;577;2018-03-21 19:00:00;3861;HH;верх;1336,814;1332,151;22,799;8;2
3/3;578;2018-03-22 05:00:00;3870;HL;низ;1327,544;1332,159;9,270;9;1
3/3;579;2018-03-22 08:00:00;3873;LH;верх;1333,977;1329,948;6,433;3;2
3/3;580;2018-03-22 17:00:00;3882;LL;низ;1324,806;1328,874;9,171;9;1
3/3;581;2018-03-23 14:00:00;3902;HH;верх;1350,334;1347,488;25,528;20;3
3/3;582;2018-03-23 19:00:00;3907;HL;низ;1345,570;1348,399;4,764;5;1
3/3;583;2018-03-25 22:00:00;3909;HH;верх;1351,041;1347,056;5,471;2;1
3/3;584;2018-03-26 06:00:00;3917;LL;низ;1343,552;1348,075;7,489;8;2
3/3;585;2018-03-26 15:00:00;3926;HH;верх;1355,948;1354,735;12,396;9;1
3/3;586;2018-03-27 00:00:00;3934;HL;низ;1350,880;1354,060;5,068;8;1
3/3;587;2018-03-27 06:00:00;3940;HH;верх;1356,917;1348,791;6,037;6;1
3/3;588;2018-03-27 13:00:00;3947;LL;низ;1339,925;1345,021;16,992;7;1
3/3;589;2018-03-28 01:00:00;3958;LH;верх;1347,156;1343,453;7,231;11;2
3/3;590;2018-03-28 18:00:00;3975;LL;низ;1323,508;1326,305;23,648;17;1
3/3;591;2018-03-29 05:00:00;3985;LH;верх;1328,387;1324,286;4,879;10;1
3/3;592;2018-03-29 06:00:00;3986;LL;низ;1322,924;1324,292;5,463;1;1
3/3;593;2018-03-29 11:00:00;3991;LH;верх;1326,715;1322,537;3,791;5;1
3/3;594;2018-03-29 15:00:00;3995;LL;низ;1321,248;1323,966;5,467;4;1
3/3;595;2018-04-02 02:00:00;4005;HH;верх;1330,448;1329,558;9,200;10;1
3/3;596;2018-04-02 06:00:00;4009;HL;низ;1328,444;1331,793;2,004;4;1
3/3;597;2018-04-02 18:00:00;4021;HH;верх;1344,990;1340,334;16,546;12;2
3/3;598;2018-04-03 01:00:00;4027;HL;низ;1337,352;1338,493;7,638;6;1
3/3;599;2018-04-03 06:00:00;4032;LH;верх;1342,174;1337,586;4,822;5;2
3/3;600;2018-04-03 14:00:00;4040;LL;низ;1328,940;1331,821;13,234;8;1
3/3;601;2018-04-03 17:00:00;4043;LH;верх;1334,938;1332,760;5,998;3;1
3/3;602;2018-04-03 19:00:00;4045;HL;низ;1330,237;1333,300;4,701;2;2
3/3;603;2018-04-04 12:00:00;4061;HH;верх;1348,266;1334,619;18,029;16;1
3/3;604;2018-04-05 07:00:00;4079;LL;низ;1324,501;1329,921;23,765;18;2
3/3;605;2018-04-05 11:00:00;4083;LH;верх;1330,913;1324,072;6,412;4;1
3/3;606;2018-04-05 13:00:00;4085;LL;низ;1322,840;1324,988;8,073;2;1
3/3;607;2018-04-06 01:00:00;4096;HH;верх;1333,432;1327,956;10,592;11;1
3/3;608;2018-04-06 07:00:00;4102;LL;низ;1320,075;1323,848;13,357;6;2
3/3;609;2018-04-06 13:00:00;4108;HH;верх;1335,592;1331,491;15,517;6;1
3/3;610;2018-04-06 17:00:00;4112;HL;низ;1330,344;1333,332;5,248;4;1
3/3;611;2018-04-08 22:00:00;4116;LH;верх;1335,140;1331,608;4,796;4;1
3/3;612;2018-04-09 01:00:00;4119;LL;низ;1329,942;1332,548;5,198;3;1
3/3;613;2018-04-09 05:00:00;4123;LH;верх;1333,627;1328,988;3,685;4;1
3/3;614;2018-04-09 10:00:00;4128;LL;низ;1326,930;1332,260;6,697;5;1
3/3;615;2018-04-10 00:00:00;4141;HH;верх;1338,384;1334,402;11,454;13;2
3/3;616;2018-04-10 05:00:00;4146;HL;низ;1331,092;1336,459;7,292;5;1
3/3;617;2018-04-11 15:00:00;4179;HH;верх;1365,370;1349,800;34,278;33;5
3/3;618;2018-04-11 18:00:00;4182;HL;низ;1347,648;1353,088;17,722;3;1
3/3;619;2018-04-12 07:00:00;4194;LH;верх;1352,352;1345,497;4,704;12;1
3/3;620;2018-04-12 19:00:00;4206;LL;низ;1333,776;1337,890;18,576;12;2
3/3;621;2018-04-13 04:00:00;4214;LH;верх;1341,178;1339,960;7,402;8;1
3/3;622;2018-04-13 06:00:00;4216;HL;низ;1336,277;1340,694;4,901;2;1
3/3;623;2018-04-13 08:00:00;4218;HH;верх;1341,998;1336,502;5,721;2;1
3/3;624;2018-04-13 11:00:00;4221;LL;низ;1333,481;1345,492;8,517;3;1
3/3;625;2018-04-13 16:00:00;4226;HH;верх;1347,286;1344,474;13,805;5;1
3/3;626;2018-04-15 22:00:00;4231;HL;низ;1340,260;1347,400;7,026;5;2
3/3;627;2018-04-16 01:00:00;4234;HH;верх;1348,867;1346,074;8,607;3;1
3/3;628;2018-04-16 07:00:00;4240;HL;низ;1341,182;1343,178;7,685;6;2
3/3;629;2018-04-16 14:00:00;4247;HH;верх;1350,586;1347,572;9,404;7;1
3/3;630;2018-04-16 20:00:00;4253;HL;низ;1345,340;1348,372;5,246;6;1
3/3;631;2018-04-17 01:00:00;4257;LH;верх;1349,450;1344,829;4,110;4;1
3/3;632;2018-04-17 03:00:00;4259;LL;низ;1343,880;1348,506;5,570;2;1
3/3;633;2018-04-17 06:00:00;4262;LH;верх;1348,962;1342,270;5,082;3;1
3/3;634;2018-04-17 12:00:00;4268;LL;низ;1337,710;1344,624;11,252;6;2
3/3;635;2018-04-17 19:00:00;4275;LH;верх;1347,779;1346,384;10,069;7;1
3/3;636;2018-04-18 05:00:00;4284;HL;низ;1342,376;1344,408;5,403;9;1
3/3;637;2018-04-18 13:00:00;4292;HH;верх;1355,810;1351,930;13,434;8;1
3/3;638;2018-04-18 19:00:00;4298;HL;низ;1347,606;1350,698;8,204;6;1
3/3;639;2018-04-18 22:00:00;4300;LH;верх;1351,642;1348,864;4,036;2;1
3/3;640;2018-04-19 01:00:00;4303;HL;низ;1348,088;1351,746;3,554;3;1
3/3;641;2018-04-19 07:00:00;4309;HH;верх;1354,757;1347,718;6,669;6;1
3/3;642;2018-04-19 15:00:00;4317;LL;низ;1340,970;1344,824;13,787;8;3
3/3;643;2018-04-20 06:00:00;4331;LH;верх;1344,508;1340,695;3,538;14;2
3/3;644;2018-04-22 22:00:00;4346;LL;низ;1332,041;1334,551;12,467;15;2
3/3;645;2018-04-23 06:00:00;4354;LH;верх;1335,555;1328,524;3,514;8;1
3/3;646;2018-04-23 17:00:00;4365;LL;низ;1322,182;1324,848;13,373;11;1
3/3;647;2018-04-23 18:00:00;4366;LH;верх;1325,528;1324,751;3,346;1;1
3/3;648;2018-04-24 01:00:00;4372;LL;низ;1322,080;1326,634;3,448;6;1
3/3;649;2018-04-24 06:00:00;4377;HH;верх;1328,606;1327,014;6,526;5;2
3/3;650;2018-04-24 12:00:00;4383;HL;низ;1323,464;1329,296;5,142;6;2
3/3;651;2018-04-24 18:00:00;4389;HH;верх;1332,780;1330,984;9,316;6;1
3/3;652;2018-04-25 12:00:00;4406;LL;низ;1318,864;1321,291;13,916;17;1
3/3;653;2018-04-26 07:00:00;4424;LH;верх;1326,716;1324,798;7,852;18;3
3/3;654;2018-04-26 09:00:00;4426;HL;низ;1321,470;1324,852;5,246;2;1
3/3;655;2018-04-26 11:00:00;4428;LH;верх;1325,914;1317,854;4,444;2;1
3/3;656;2018-04-26 15:00:00;4432;LL;низ;1315,286;1317,628;10,628;4;1
3/3;657;2018-04-26 23:00:00;4439;LH;верх;1318,380;1316,916;3,094;7;1
3/3;658;2018-04-27 07:00:00;4447;HL;низ;1315,410;1319,726;2,970;8;2
3/3;659;2018-04-27 18:00:00;4458;HH;верх;1325,294;1323,055;9,884;11;3
3/3;660;2018-04-30 13:00:00;4476;LL;низ;1310,300;1317,124;14,994;18;1
3/3;661;2018-04-30 17:00:00;4480;LH;верх;1320,704;1315,600;10,404;4;1
3/3;662;2018-04-30 19:00:00;4482;HL;низ;1314,242;1315,266;6,462;2;1
3/3;663;2018-05-01 12:00:00;4498;LH;верх;1310,456;1306,018;3,786;16;1
3/3;664;2018-05-01 14:00:00;4500;LL;низ;1301,756;1306,190;8,700;2;2
3/3;665;2018-05-02 03:00:00;4512;HH;верх;1311,964;1309,889;10,208;12;1
3/3;666;2018-05-02 06:00:00;4515;HL;низ;1307,770;1310,667;4,194;3;1
3/3;667;2018-05-02 07:00:00;4516;LH;верх;1311,727;1310,048;3,957;1;1
3/3;668;2018-05-02 14:00:00;4523;LL;низ;1304,126;1306,180;7,601;7;1
3/3;669;2018-05-02 18:00:00;4527;HH;верх;1313,724;1306,122;9,598;4;1
3/3;670;2018-05-02 19:00:00;4528;LL;низ;1303,964;1305,978;9,760;1;1
3/3;671;2018-05-03 01:00:00;4533;LH;верх;1310,620;1309,622;6,656;5;1
3/3;672;2018-05-03 07:00:00;4539;HL;низ;1306,502;1311,734;4,118;6;1
3/3;673;2018-05-03 12:00:00;4544;HH;верх;1318,184;1313,944;11,682;5;1
3/3;674;2018-05-03 17:00:00;4549;HL;низ;1310,707;1312,267;7,477;5;1
3/3;675;2018-05-03 18:00:00;4550;LH;верх;1315,086;1312,791;4,379;1;2
3/3;676;2018-05-04 09:00:00;4564;LL;низ;1308,666;1313,342;6,420;14;1
3/3;677;2018-05-04 12:00:00;4567;HH;верх;1315,743;1311,523;7,077;3;1
3/3;678;2018-05-04 13:00:00;4568;LL;низ;1307,946;1313,414;7,797;1;1
3/3;679;2018-05-07 01:00:00;4579;HH;верх;1319,170;1316,165;11,224;11;1
3/3;680;2018-05-07 06:00:00;4584;HL;низ;1311,612;1313,726;7,558;5;1
3/3;681;2018-05-07 10:00:00;4588;LH;верх;1315,040;1312,098;3,428;4;1
3/3;682;2018-05-07 12:00:00;4590;LL;низ;1310,270;1314,004;4,770;2;1
3/3;683;2018-05-08 00:00:00;4601;HH;верх;1317,188;1312,182;6,918;11;2
3/3;684;2018-05-08 05:00:00;4606;HL;низ;1310,770;1311,358;6,418;5;1
3/3;685;2018-05-08 07:00:00;4608;LH;верх;1314,872;1309,991;4,102;2;1
3/3;686;2018-05-08 09:00:00;4610;LL;низ;1308,330;1310,018;6,542;2;1
3/3;687;2018-05-08 12:00:00;4613;LH;верх;1312,108;1310,810;3,778;3;1
3/3;688;2018-05-08 14:00:00;4615;LL;низ;1306,159;1313,391;5,949;2;1
3/3;689;2018-05-08 18:00:00;4619;HH;верх;1318,040;1315,100;11,881;4;2
3/3;690;2018-05-09 07:00:00;4631;LL;низ;1304,332;1308,884;13,708;12;2
3/3;691;2018-05-09 14:00:00;4638;LH;верх;1317,503;1313,194;13,171;7;1
3/3;692;2018-05-09 19:00:00;4643;HL;низ;1310,989;1312,541;6,514;5;2
3/3;693;2018-05-10 02:00:00;4649;LH;верх;1315,796;1313,560;4,807;6;1
3/3;694;2018-05-10 07:00:00;4654;LL;низ;1310,790;1316,488;5,006;5;1
3/3;695;2018-05-10 12:00:00;4659;HH;верх;1323,187;1319,344;12,397;5;1
3/3;696;2018-05-10 15:00:00;4662;HL;низ;1316,271;1321,597;6,916;3;1
3/3;697;2018-05-10 17:00:00;4664;LH;верх;1322,344;1321,312;6,073;2;2
3/3;698;2018-05-11 05:00:00;4675;HL;низ;1318,498;1323,232;3,846;11;1
3/3;699;2018-05-11 12:00:00;4682;HH;верх;1326,046;1322,038;7,548;7;1
3/3;700;2018-05-11 20:00:00;4690;LL;низ;1317,645;1322,118;8,401;8;1
3/3;701;2018-05-14 01:00:00;4694;LH;верх;1322,431;1319,421;4,786;4;1
3/3;702;2018-05-14 04:00:00;4697;HL;низ;1319,146;1321,312;3,285;3;1
3/3;703;2018-05-14 08:00:00;4701;LH;верх;1321,862;1318,920;2,716;4;1
3/3;704;2018-05-14 12:00:00;4705;LL;низ;1317,999;1319,662;3,863;4;1
3/3;705;2018-05-14 13:00:00;4706;LH;верх;1321,358;1319,296;3,359;1;1
3/3;706;2018-05-14 18:00:00;4711;LL;низ;1313,012;1314,092;8,346;5;1
3/3;707;2018-05-15 00:00:00;4716;LH;верх;1314,988;1313,882;1,976;5;1
3/3;708;2018-05-15 18:00:00;4734;LL;низ;1288,713;1292,400;26,275;18;1
3/3;709;2018-05-16 07:00:00;4746;LH;верх;1297,028;1291,426;8,315;12;1
3/3;710;2018-05-16 12:00:00;4751;LL;низ;1286,375;1289,844;10,653;5;1
3/3;711;2018-05-16 18:00:00;4757;LH;верх;1293,750;1291,670;7,375;6;1
3/3;712;2018-05-17 01:00:00;4763;HL;низ;1289,619;1291,780;4,131;6;1
3/3;713;2018-05-17 02:00:00;4764;HH;верх;1294,471;1293,071;4,852;1;1
3/3;714;2018-05-17 10:00:00;4772;LL;низ;1284,914;1289,001;9,557;8;1
3/3;715;2018-05-17 13:00:00;4775;LH;верх;1292,197;1291,496;7,283;3;2
3/3;716;2018-05-18 01:00:00;4786;HL;низ;1287,795;1288,590;4,402;11;1
3/3;717;2018-05-18 07:00:00;4792;LH;верх;1291,182;1287,148;3,387;6;1
3/3;718;2018-05-18 13:00:00;4798;LL;низ;1286,120;1292,632;5,062;6;1
3/3;719;2018-05-18 18:00:00;4803;HH;верх;1294,278;1290,704;8,158;5;2
3/3;720;2018-05-21 07:00:00;4815;LL;низ;1282,031;1284,466;12,247;12;1
3/3;721;2018-05-21 23:00:00;4830;LH;верх;1293,544;1290,798;11,513;15;1
3/3;722;2018-05-22 07:00:00;4838;HL;низ;1287,951;1293,902;5,593;8;1
3/3;723;2018-05-22 08:00:00;4839;HH;верх;1296,641;1295,437;8,690;1;2
3/3;724;2018-05-22 22:00:00;4852;HL;низ;1291,016;1293,372;5,625;13;2
3/3;725;2018-05-23 00:00:00;4854;LH;верх;1295,708;1293,030;4,692;2;1
3/3;726;2018-05-23 06:00:00;4860;LL;низ;1289,228;1297,508;6,480;6;1
3/3;727;2018-05-23 09:00:00;4863;HH;верх;1299,008;1292,241;9,780;3;1
3/3;728;2018-05-23 13:00:00;4867;LL;низ;1287,877;1290,569;11,131;4;1
3/3;729;2018-05-24 00:00:00;4877;LH;верх;1296,018;1295,087;8,141;10;2
3/3;730;2018-05-24 06:00:00;4883;HL;низ;1292,840;1296,092;3,178;6;2
3/3;731;2018-05-24 14:00:00;4891;HH;верх;1306,636;1305,608;13,796;8;2
3/3;732;2018-05-25 01:00:00;4901;HL;низ;1301,637;1302,434;4,999;10;1
3/3;733;2018-05-25 13:00:00;4913;HH;верх;1307,890;1303,692;6,253;12;1
3/3;734;2018-05-28 06:00:00;4929;LL;низ;1295,512;1298,740;12,378;16;3
3/3;735;2018-05-28 12:00:00;4935;LH;верх;1300,482;1298,758;4,970;6;1
3/3;736;2018-05-28 13:00:00;4936;HL;низ;1296,936;1298,138;3,546;1;2
3/3;737;2018-05-29 00:00:00;4942;HH;верх;1301,436;1297,573;4,500;6;1
3/3;738;2018-05-29 07:00:00;4949;LL;низ;1295,998;1303,753;5,438;7;1
3/3;739;2018-05-29 08:00:00;4950;HH;верх;1306,723;1302,262;10,725;1;1
3/3;740;2018-05-29 13:00:00;4955;LL;низ;1292,892;1302,165;13,831;5;1
3/3;741;2018-05-29 16:00:00;4958;LH;верх;1304,734;1300,201;11,842;3;1
3/3;742;2018-05-30 07:00:00;4972;HL;низ;1295,910;1297,512;8,824;14;2
3/3;743;2018-05-31 00:00:00;4988;HH;верх;1305,146;1302,668;9,236;16;2
3/3;744;2018-05-31 02:00:00;4990;HL;низ;1301,295;1303,453;3,851;2;1
3/3;745;2018-05-31 06:00:00;4994;HH;верх;1306,912;1305,474;5,617;4;1
3/3;746;2018-05-31 13:00:00;5001;LL;низ;1298,725;1301,906;8,187;7;1
3/3;747;2018-05-31 14:00:00;5002;LH;верх;1306,316;1301,202;7,591;1;1
3/3;748;2018-05-31 20:00:00;5008;LL;низ;1297,542;1299,573;8,774;6;1
3/3;749;2018-06-01 01:00:00;5012;LH;верх;1300,730;1298,688;3,188;4;1
3/3;750;2018-06-01 03:00:00;5014;HL;низ;1297,807;1299,082;2,923;2;1
3/3;751;2018-06-01 08:00:00;5019;LH;верх;1300,159;1295,036;2,352;5;1
3/3;752;2018-06-01 12:00:00;5023;LL;низ;1289,567;1296,449;10,592;4;1
3/3;753;2018-06-01 15:00:00;5026;LH;верх;1299,108;1293,548;9,541;3;1
3/3;754;2018-06-01 19:00:00;5030;HL;низ;1292,424;1292,845;6,684;4;1
3/3;755;2018-06-03 23:00:00;5033;LH;верх;1294,683;1293,060;2,259;3;1
3/3;756;2018-06-04 07:00:00;5041;LL;низ;1290,306;1295,122;4,377;8;2
3/3;757;2018-06-04 13:00:00;5047;HH;верх;1298,090;1293,611;7,784;6;1
3/3;758;2018-06-05 00:00:00;5057;HL;низ;1290,915;1292,086;7,175;10;1
3/3;759;2018-06-05 02:00:00;5059;LH;верх;1292,794;1291,602;1,879;2;1
3/3;760;2018-06-05 05:00:00;5062;LL;низ;1289,908;1292,834;2,886;3;1
3/3;761;2018-06-05 07:00:00;5064;HH;верх;1294,186;1290,713;4,278;2;1
3/3;762;2018-06-05 10:00:00;5067;HL;низ;1290,406;1292,586;3,780;3;1
3/3;763;2018-06-05 16:00:00;5073;HH;верх;1300,631;1296,837;10,225;6;1
3/3;764;2018-06-05 22:00:00;5078;HL;низ;1296,028;1297,972;4,603;5;1
3/3;765;2018-06-06 06:00:00;5086;LH;верх;1299,508;1295,147;3,480;8;2
3/3;766;2018-06-06 11:00:00;5091;LL;низ;1293,902;1299,263;5,606;5;1
3/3;767;2018-06-06 14:00:00;5094;HH;верх;1301,913;1295,290;8,011;3;1
3/3;768;2018-06-06 17:00:00;5097;HL;низ;1294,815;1296,608;7,098;3;1
3/3;769;2018-06-06 23:00:00;5102;LH;верх;1298,264;1297,028;3,449;5;1
3/3;770;2018-06-07 01:00:00;5104;HL;низ;1295,607;1297,302;2,657;2;1
3/3;771;2018-06-07 12:00:00;5115;HH;верх;1303,327;1298,146;7,720;11;1
3/3;772;2018-06-07 13:00:00;5116;LL;низ;1294,944;1297,663;8,383;1;1
3/3;773;2018-06-07 17:00:00;5120;LH;верх;1299,809;1296,960;4,865;4;1
3/3;774;2018-06-08 05:00:00;5131;LL;низ;1292,707;1298,266;7,102;11;1
3/3;775;2018-06-08 11:00:00;5137;HH;верх;1300,586;1298,809;7,879;6;1
3/3;776;2018-06-08 15:00:00;5141;HL;низ;1297,171;1298,913;3,415;4;2
3/3;777;2018-06-11 01:00:00;5150;HH;верх;1301,354;1299,113;4,183;9;1
3/3;778;2018-06-11 10:00:00;5159;LL;низ;1294,206;1299,939;7,148;9;1
3/3;779;2018-06-11 15:00:00;5164;HH;верх;1302,334;1299,854;8,128;5;2
3/3;780;2018-06-12 00:00:00;5172;HL;низ;1296,827;1297,556;5,507;8;1
3/3;781;2018-06-12 02:00:00;5174;LH;верх;1299,906;1298,240;3,079;2;1
3/3;782;2018-06-12 04:00:00;5176;LL;низ;1296,416;1298,082;3,490;2;1
3/3;783;2018-06-12 09:00:00;5181;LH;верх;1298,871;1295,716;2,455;5;1
3/3;784;2018-06-12 12:00:00;5184;LL;низ;1292,896;1298,068;5,975;3;1
3/3;785;2018-06-12 14:00:00;5186;HH;верх;1299,874;1296,157;6,978;2;1
3/3;786;2018-06-12 17:00:00;5189;HL;низ;1294,503;1296,008;5,371;3;1
3/3;787;2018-06-12 22:00:00;5193;LH;верх;1296,514;1295,533;2,011;4;1
3/3;788;2018-06-13 01:00:00;5196;HL;низ;1294,759;1294,990;1,755;3;1
3/3;789;2018-06-13 06:00:00;5201;LH;верх;1295,884;1294,660;1,125;5;1
3/3;790;2018-06-13 08:00:00;5203;LL;низ;1292,051;1294,016;3,833;2;2
3/3;791;2018-06-13 19:00:00;5214;HH;верх;1301,259;1299,420;9,208;11;1
3/3;792;2018-06-14 02:00:00;5220;HL;низ;1297,578;1299,764;3,681;6;1
3/3;793;2018-06-14 12:00:00;5230;HH;верх;1309,404;1304,488;11,826;10;1
3/3;794;2018-06-15 17:00:00;5258;LL;низ;1275,502;1279,665;33,902;28;6
3/3;795;2018-06-18 02:00:00;5266;LH;верх;1282,462;1279,744;6,960;8;1
3/3;796;2018-06-18 06:00:00;5270;HL;низ;1278,539;1280,511;3,923;4;1
3/3;797;2018-06-18 08:00:00;5272;LH;верх;1282,348;1279,294;3,809;2;2
3/3;798;2018-06-18 17:00:00;5281;LL;низ;1277,124;1278,362;5,224;9;1
3/3;799;2018-06-19 04:00:00;5291;HH;верх;1284,098;1282,082;6,974;10;2
3/3;800;2018-06-19 12:00:00;5299;LL;низ;1270,442;1275,629;13,656;8;1
3/3;801;2018-06-19 17:00:00;5304;LH;верх;1277,602;1274,847;7,160;5;1
3/3;802;2018-06-20 00:00:00;5310;HL;низ;1273,201;1273,790;4,401;6;1
3/3;803;2018-06-20 01:00:00;5311;LH;верх;1276,467;1274,086;3,266;1;1
3/3;804;2018-06-20 10:00:00;5320;LL;низ;1270,525;1274,163;5,942;9;1
3/3;805;2018-06-20 13:00:00;5323;HH;верх;1276,505;1272,915;5,980;3;1
3/3;806;2018-06-20 20:00:00;5330;LL;низ;1267,595;1269,694;8,910;7;1
3/3;807;2018-06-21 01:00:00;5334;LH;верх;1270,185;1265,650;2,590;4;1
3/3;808;2018-06-21 12:00:00;5345;LL;низ;1261,259;1267,616;8,926;11;2
3/3;809;2018-06-21 18:00:00;5351;HH;верх;1270,234;1267,719;8,975;6;2
3/3;810;2018-06-22 02:00:00;5358;HL;низ;1266,750;1269,178;3,484;7;1
3/3;811;2018-06-22 07:00:00;5363;HH;верх;1271,176;1269,465;4,426;5;1
3/3;812;2018-06-22 13:00:00;5369;HL;низ;1266,946;1268,708;4,230;6;1
3/3;813;2018-06-25 00:00:00;5379;HH;верх;1272,702;1267,739;5,756;10;2
3/3;814;2018-06-25 06:00:00;5385;LL;низ;1264,533;1269,489;8,169;6;1
3/3;815;2018-06-25 08:00:00;5387;LH;верх;1271,235;1269,486;6,702;2;3
3/3;816;2018-06-25 19:00:00;5398;HL;низ;1264,754;1266,072;6,481;11;1
3/3;817;2018-06-26 01:00:00;5403;LH;верх;1267,804;1263,706;3,050;5;2
3/3;818;2018-06-26 12:00:00;5414;LL;низ;1254,791;1260,994;13,013;11;1
3/3;819;2018-06-26 15:00:00;5417;LH;верх;1262,286;1258,644;7,495;3;1
3/3;820;2018-06-26 17:00:00;5419;HL;низ;1257,102;1258,840;5,184;2;1
3/3;821;2018-06-27 01:00:00;5426;LH;верх;1259,583;1255,104;2,481;7;1
3/3;822;2018-06-27 03:00:00;5428;LL;низ;1253,424;1257,092;6,159;2;1
3/3;823;2018-06-27 11:00:00;5436;HH;верх;1260,180;1255,150;6,756;8;1
3/3;824;2018-06-27 19:00:00;5444;LL;низ;1250,792;1252,999;9,388;8;2
3/3;825;2018-06-28 01:00:00;5449;LH;верх;1254,202;1252,140;3,410;5;1
3/3;826;2018-06-28 08:00:00;5456;LL;низ;1248,374;1252,341;5,828;7;1
3/3;827;2018-06-28 12:00:00;5460;HH;верх;1254,316;1250,392;5,942;4;1
3/3;828;2018-06-28 18:00:00;5466;LL;низ;1245,980;1249,018;8,336;6;1
3/3;829;2018-06-28 23:00:00;5470;LH;верх;1249,574;1248,926;3,594;4;1
3/3;830;2018-06-29 02:00:00;5473;HL;низ;1245,994;1251,666;3,580;3;1
3/3;831;2018-06-29 06:00:00;5477;HH;верх;1252,887;1251,102;6,893;4;1
3/3;832;2018-06-29 13:00:00;5484;HL;низ;1248,606;1255,392;4,281;7;2
3/3;833;2018-06-29 16:00:00;5487;HH;верх;1255,674;1252,554;7,068;3;2
3/3;834;2018-07-02 07:00:00;5501;LL;низ;1247,672;1249,180;8,002;14;1
3/3;835;2018-07-02 12:00:00;5506;LH;верх;1250,835;1243,765;3,163;5;1
3/3;836;2018-07-03 05:00:00;5522;LL;низ;1238,020;1244,784;12,815;16;2
3/3;837;2018-07-03 15:00:00;5532;HH;верх;1256,980;1253,024;18,960;10;1
3/3;838;2018-07-03 22:00:00;5538;HL;низ;1252,108;1259,536;4,872;6;1
3/3;839;2018-07-04 06:00:00;5546;HH;верх;1261,181;1256,740;9,073;8;2
3/3;840;2018-07-04 11:00:00;5551;HL;низ;1254,040;1255,668;7,141;5;1
3/3;841;2018-07-04 16:00:00;5556;LH;верх;1258,436;1256,484;4,396;5;3
3/3;842;2018-07-05 10:00:00;5569;LL;низ;1251,380;1254,799;7,056;13;1
3/3;843;2018-07-05 15:00:00;5574;HH;верх;1259,815;1255,430;8,435;5;1
3/3;844;2018-07-05 18:00:00;5577;HL;низ;1254,664;1257,643;5,151;3;1
3/3;845;2018-07-05 23:00:00;5581;LH;верх;1258,832;1254,115;4,168;4;1
3/3;846;2018-07-06 03:00:00;5585;LL;низ;1252,934;1256,562;5,898;4;1
3/3;847;2018-07-06 06:00:00;5588;LH;верх;1257,014;1254,678;4,080;3;1
3/3;848;2018-07-06 10:00:00;5592;HL;низ;1253,717;1256,052;3,297;4;1
3/3;849;2018-07-06 12:00:00;5594;HH;верх;1259,575;1254,166;5,858;2;1
3/3;850;2018-07-06 15:00:00;5597;LL;низ;1253,611;1255,268;5,964;3;1
3/3;851;2018-07-09 11:00:00;5616;HH;верх;1266,023;1261,994;12,412;19;1
3/3;852;2018-07-09 20:00:00;5625;HL;низ;1257,309;1258,202;8,714;9;1
3/3;853;2018-07-10 02:00:00;5630;LH;верх;1260,450;1257,391;3,141;5;1
3/3;854;2018-07-10 11:00:00;5639;LL;низ;1247,356;1254,469;13,094;9;1
3/3;855;2018-07-10 23:00:00;5650;LH;верх;1257,050;1251,969;9,694;11;2
3/3;856;2018-07-11 01:00:00;5652;HL;низ;1249,082;1251,252;7,968;2;1
3/3;857;2018-07-11 08:00:00;5659;LH;верх;1253,541;1248,856;4,459;7;2
3/3;858;2018-07-12 00:00:00;5674;LL;низ;1241,416;1243,744;12,125;15;2
3/3;859;2018-07-12 07:00:00;5681;LH;верх;1246,439;1243,118;5,023;7;1
3/3;860;2018-07-12 11:00:00;5685;HL;низ;1242,496;1247,004;3,943;4;1
3/3;861;2018-07-12 15:00:00;5689;HH;верх;1248,628;1246,294;6,132;4;1
3/3;862;2018-07-12 17:00:00;5691;HL;низ;1245,377;1247,039;3,251;2;2
3/3;863;2018-07-13 01:00:00;5698;LH;верх;1248,206;1244,854;2,829;7;1
3/3;864;2018-07-13 12:00:00;5709;LL;низ;1236,518;1242,144;11,688;11;1
3/3;865;2018-07-16 05:00:00;5725;LH;верх;1245,654;1243,991;9,136;16;3
3/3;866;2018-07-16 16:00:00;5736;HL;низ;1238,374;1241,255;7,280;11;2
3/3;867;2018-07-16 20:00:00;5740;LH;верх;1241,498;1239,236;3,124;4;1
3/3;868;2018-07-17 01:00:00;5744;LL;низ;1237,526;1241,406;3,972;4;2
3/3;869;2018-07-17 09:00:00;5752;HH;верх;1245,101;1239,180;7,575;8;1
3/3;870;2018-07-17 14:00:00;5757;LL;низ;1226,168;1228,588;18,933;5;2
3/3;871;2018-07-18 01:00:00;5767;LH;верх;1229,281;1227,158;3,113;10;1
3/3;872;2018-07-18 08:00:00;5774;LL;низ;1221,094;1222,798;8,187;7;1
3/3;873;2018-07-19 00:00:00;5789;LH;верх;1228,597;1225,044;7,503;15;2
3/3;874;2018-07-19 12:00:00;5801;LL;низ;1211,520;1216,194;17,077;12;1
3/3;875;2018-07-19 17:00:00;5806;HH;верх;1229,603;1223,223;18,083;5;2
3/3;876;2018-07-20 01:00:00;5813;HL;низ;1215,640;1222,026;13,963;7;1
3/3;877;2018-07-23 00:00:00;5835;HH;верх;1235,238;1232,427;19,598;22;4
3/3;878;2018-07-23 16:00:00;5851;HL;низ;1222,338;1225,026;12,900;16;1
3/3;879;2018-07-23 17:00:00;5852;LH;верх;1226,323;1224,760;3,985;1;1
3/3;880;2018-07-24 04:00:00;5862;LL;низ;1218,192;1224,256;8,131;10;1
3/3;881;2018-07-24 14:00:00;5872;HH;верх;1229,624;1225,590;11,432;10;1
3/3;882;2018-07-24 19:00:00;5877;HL;низ;1224,044;1225,232;5,580;5;1
3/3;883;2018-07-25 01:00:00;5882;LH;верх;1227,599;1224,242;3,555;5;1
3/3;884;2018-07-25 03:00:00;5884;LL;низ;1223,296;1227,582;4,303;2;1
3/3;885;2018-07-25 13:00:00;5894;HH;верх;1234,222;1229,084;10,926;10;1
3/3;886;2018-07-25 15:00:00;5896;HL;низ;1228,022;1232,190;6,200;2;1
3/3;887;2018-07-26 01:00:00;5905;HH;верх;1235,298;1231,668;7,276;9;2
3/3;888;2018-07-26 08:00:00;5912;LL;низ;1226,913;1228,090;8,385;7;1
3/3;889;2018-07-26 12:00:00;5916;LH;верх;1230,786;1226,390;3,873;4;1
3/3;890;2018-07-27 02:00:00;5929;LL;низ;1222,181;1224,440;8,605;13;2
3/3;891;2018-07-27 07:00:00;5934;LH;верх;1225,414;1219,064;3,233;5;2
3/3;892;2018-07-27 10:00:00;5937;LL;низ;1217,594;1224,979;7,820;3;1
3/3;893;2018-07-27 15:00:00;5942;HH;верх;1227,480;1222,997;9,886;5;2
3/3;894;2018-07-30 06:00:00;5956;HL;низ;1219,041;1222,366;8,439;14;3
3/3;895;2018-07-31 12:00:00;5985;LH;верх;1226,087;1224,075;7,046;29;4
3/3;896;2018-07-31 13:00:00;5986;LL;низ;1214,004;1226,123;12,083;1;1
3/3;897;2018-07-31 16:00:00;5989;HH;верх;1228,589;1224,651;14,585;3;1
3/3;898;2018-08-01 06:00:00;6002;HL;низ;1220,028;1222,551;8,561;13;2
3/3;899;2018-08-01 08:00:00;6004;LH;верх;1224,892;1222,428;4,864;2;2
3/3;900;2018-08-01 15:00:00;6011;LL;низ;1216,688;1218,058;8,204;7;1
3/3;901;2018-08-01 18:00:00;6014;LH;верх;1221,944;1217,134;5,256;3;1
3/3;902;2018-08-01 19:00:00;6015;LL;низ;1215,855;1217,865;6,089;1;1
3/3;903;2018-08-02 02:00:00;6021;LH;верх;1221,164;1219,750;5,309;6;2
3/3;904;2018-08-02 11:00:00;6030;LL;низ;1213,314;1214,567;7,850;9;1
3/3;905;2018-08-02 12:00:00;6031;LH;верх;1218,428;1214,004;5,114;1;1
3/3;906;2018-08-02 20:00:00;6039;LL;низ;1207,214;1209,504;11,214;8;1
3/3;907;2018-08-03 01:00:00;6043;LH;верх;1210,456;1207,314;3,242;4;1
3/3;908;2018-08-03 08:00:00;6050;LL;низ;1204,528;1211,791;5,928;7;2
3/3;909;2018-08-03 14:00:00;6056;HH;верх;1220,115;1214,792;15,587;6;1
3/3;910;2018-08-03 19:00:00;6061;HL;низ;1213,212;1214,943;6,903;5;1
3/3;911;2018-08-06 01:00:00;6066;LH;верх;1217,988;1215,634;4,776;5;1
3/3;912;2018-08-06 12:00:00;6077;LL;низ;1207,370;1210,757;10,618;11;1
3/3;913;2018-08-06 14:00:00;6079;LH;верх;1211,740;1209,046;4,370;2;1
3/3;914;2018-08-06 20:00:00;6085;LL;низ;1206,456;1209,552;5,284;6;1
3/3;915;2018-08-07 10:00:00;6098;HH;верх;1216,240;1213,030;9,784;13;1
3/3;916;2018-08-07 18:00:00;6106;HL;низ;1208,641;1211,705;7,599;8;1
3/3;917;2018-08-08 07:00:00;6118;LH;верх;1215,959;1210,075;7,318;12;2
3/3;918;2018-08-08 12:00:00;6123;LL;низ;1206,535;1209,982;9,424;5;1
3/3;919;2018-08-08 13:00:00;6124;LH;верх;1212,990;1210,898;6,455;1;1
3/3;920;2018-08-09 01:00:00;6135;HL;низ;1212,380;1214,436;0,610;11;1
3/3;921;2018-08-09 06:00:00;6140;HH;верх;1217,246;1214,200;4,866;5;2
3/3;922;2018-08-09 07:00:00;6141;LL;низ;1210,832;1214,807;6,414;1;1
3/3;923;2018-08-09 12:00:00;6146;HH;верх;1217,404;1213,954;6,572;5;1
3/3;924;2018-08-09 17:00:00;6151;HL;низ;1211,394;1212,332;6,010;5;2
3/3;925;2018-08-10 00:00:00;6157;LH;верх;1213,521;1212,158;2,127;6;1
3/3;926;2018-08-10 06:00:00;6163;LL;низ;1205,780;1210,232;7,741;6;1
3/3;927;2018-08-10 14:00:00;6171;HH;верх;1217,194;1211,810;11,414;8;1
3/3;928;2018-08-10 17:00:00;6174;HL;низ;1210,584;1212,019;6,610;3;1
3/3;929;2018-08-12 23:00:00;6179;LH;верх;1213,983;1208,250;3,399;5;2
3/3;930;2018-08-13 16:00:00;6196;LL;низ;1191,573;1193,477;22,410;17;3
3/3;931;2018-08-14 02:00:00;6205;LH;верх;1196,340;1194,963;4,767;9;1
3/3;932;2018-08-14 05:00:00;6208;HL;низ;1193,334;1194,168;3,006;3;1
3/3;933;2018-08-14 14:00:00;6217;HH;верх;1198,788;1193,894;5,454;9;2
3/3;934;2018-08-14 17:00:00;6220;LL;низ;1191,980;1194,111;6,808;3;1
3/3;935;2018-08-15 07:00:00;6233;LH;верх;1189,668;1185,032;2,312;13;2
3/3;936;2018-08-16 00:00:00;6249;LL;низ;1160,324;1172,806;29,344;16;2
3/3;937;2018-08-16 08:00:00;6257;LH;верх;1182,185;1180,723;21,861;8;1
3/3;938;2018-08-16 13:00:00;6262;HL;низ;1174,780;1177,800;7,405;5;1
3/3;939;2018-08-16 15:00:00;6264;LH;верх;1181,752;1175,876;6,972;2;1
3/3;940;2018-08-17 00:00:00;6272;LL;низ;1171,918;1176,355;9,834;8;1
3/3;941;2018-08-17 01:00:00;6273;LH;верх;1179,384;1176,803;7,466;1;1
3/3;942;2018-08-17 06:00:00;6278;HL;низ;1173,584;1176,561;5,800;5;1
3/3;943;2018-08-17 08:00:00;6280;HH;верх;1179,959;1176,619;6,375;2;1
3/3;944;2018-08-17 17:00:00;6289;HL;низ;1176,479;1184,679;3,480;9;1
3/3;945;2018-08-20 08:00:00;6303;HH;верх;1189,896;1186,484;13,417;14;3
3/3;946;2018-08-20 14:00:00;6309;HL;низ;1184,704;1188,474;5,192;6;1
3/3;947;2018-08-21 06:00:00;6324;HH;верх;1196,444;1193,581;11,740;15;1
3/3;948;2018-08-21 15:00:00;6333;HL;низ;1187,713;1192,959;8,731;9;1
3/3;949;2018-08-22 00:00:00;6341;HH;верх;1197,868;1195,528;10,155;8;1
3/3;950;2018-08-22 07:00:00;6348;HL;низ;1192,658;1196,896;5,210;7;2
3/3;951;2018-08-22 12:00:00;6353;HH;верх;1201,715;1195,954;9,057;5;1
3/3;952;2018-08-22 15:00:00;6356;HL;низ;1194,448;1195,368;7,267;3;1
3/3;953;2018-08-22 18:00:00;6359;LH;верх;1199,072;1196,304;4,624;3;2
3/3;954;2018-08-23 07:00:00;6371;LL;низ;1186,286;1190,664;12,786;12;1
3/3;955;2018-08-23 12:00:00;6376;LH;верх;1192,960;1189,074;6,674;5;1
3/3;956;2018-08-24 00:00:00;6387;LL;низ;1183,150;1186,946;9,810;11;2
3/3;957;2018-08-24 15:00:00;6402;HH;верх;1208,715;1205,702;25,565;15;1
3/3;958;2018-08-24 19:00:00;6406;HL;низ;1204,684;1207,884;4,031;4;1
3/3;959;2018-08-26 23:00:00;6409;LH;верх;1208,098;1205,887;3,414;3;1
3/3;960;2018-08-27 01:00:00;6411;LL;низ;1203,530;1206,618;4,568;2;1
3/3;961;2018-08-27 03:00:00;6413;LH;верх;1207,976;1205,297;4,446;2;1
3/3;962;2018-08-27 10:00:00;6420;LL;низ;1203,214;1207,322;4,762;7;1
3/3;963;2018-08-28 00:00:00;6433;HH;верх;1212,558;1209,254;9,344;13;2
3/3;964;2018-08-28 03:00:00;6436;HL;низ;1208,088;1211,786;4,470;3;1
3/3;965;2018-08-28 10:00:00;6443;HH;верх;1214,410;1213,222;6,322;7;1
3/3;966;2018-08-28 19:00:00;6452;LL;низ;1199,686;1202,730;14,724;9;2
3/3;967;2018-08-29 23:00:00;6478;LH;верх;1207,962;1204,907;8,276;26;3
3/3;968;2018-08-30 05:00:00;6484;HL;низ;1200,505;1202,753;7,457;6;1
3/3;969;2018-08-30 12:00:00;6491;LH;верх;1206,840;1199,217;6,335;7;1
3/3;970;2018-08-30 13:00:00;6492;LL;низ;1195,945;1199,342;10,895;1;2
3/3;971;2018-08-31 08:00:00;6510;HH;верх;1208,948;1204,064;13,003;18;1
3/3;972;2018-09-03 01:00:00;6526;LL;низ;1195,732;1199,952;13,216;16;2
3/3;973;2018-09-03 08:00:00;6533;LH;верх;1203,954;1199,926;8,222;7;1
3/3;974;2018-09-03 12:00:00;6537;HL;низ;1198,790;1201,021;5,164;4;1
3/3;975;2018-09-03 14:00:00;6539;LH;верх;1202,354;1201,146;3,564;2;1
3/3;976;2018-09-04 14:00:00;6558;LL;низ;1189,686;1192,155;12,668;19;2
3/3;977;2018-09-05 02:00:00;6569;LH;верх;1194,674;1193,662;4,988;11;1
3/3;978;2018-09-05 06:00:00;6573;HL;низ;1191,946;1193,468;2,728;4;1
3/3;979;2018-09-05 15:00:00;6582;HH;верх;1198,546;1196,258;6,600;9;2
3/3;980;2018-09-05 17:00:00;6584;HL;низ;1195,120;1195,956;3,426;2;1
3/3;981;2018-09-06 00:00:00;6590;HH;верх;1200,036;1198,240;4,916;6;1
3/3;982;2018-09-06 05:00:00;6595;HL;низ;1195,672;1203,018;4,364;5;1
3/3;983;2018-09-06 13:00:00;6603;HH;верх;1207,084;1198,978;11,412;8;1
3/3;984;2018-09-06 15:00:00;6605;HL;низ;1196,820;1200,030;10,264;2;1
3/3;985;2018-09-07 01:00:00;6614;LH;верх;1203,574;1201,612;6,754;9;1
3/3;986;2018-09-07 07:00:00;6620;HL;низ;1198,400;1201,779;5,174;6;2
3/3;987;2018-09-07 11:00:00;6624;LH;верх;1202,363;1197,739;3,963;4;1
3/3;988;2018-09-07 13:00:00;6626;LL;низ;1193,525;1196,080;8,838;2;2
3/3;989;2018-09-07 20:00:00;6633;LH;верх;1197,063;1195,548;3,538;7;1
3/3;990;2018-09-10 05:00:00;6641;LL;низ;1191,718;1194,718;5,345;8;1
3/3;991;2018-09-10 07:00:00;6643;LH;верх;1196,132;1194,356;4,414;2;1
3/3;992;2018-09-10 12:00:00;6648;LL;низ;1191,638;1196,847;4,494;5;1
3/3;993;2018-09-10 14:00:00;6650;HH;верх;1198,620;1195,774;6,982;2;1
3/3;994;2018-09-10 17:00:00;6653;HL;низ;1193,798;1195,799;4,822;3;1
3/3;995;2018-09-11 00:00:00;6659;LH;верх;1196,332;1194,072;2,534;6;1
3/3;996;2018-09-11 02:00:00;6661;LL;низ;1193,204;1195,356;3,128;2;1
3/3;997;2018-09-11 07:00:00;6666;HH;верх;1197,266;1194,240;4,062;5;1
3/3;998;2018-09-11 13:00:00;6672;LL;низ;1187,818;1195,602;9,448;6;1
3/3;999;2018-09-11 20:00:00;6679;HH;верх;1199,462;1196,979;11,644;7;1
3/3;1000;2018-09-12 04:00:00;6686;HL;низ;1192,731;1196,391;6,731;7;1
3/3;1001;2018-09-12 09:00:00;6691;LH;верх;1197,676;1194,523;4,945;5;1
3/3;1002;2018-09-12 12:00:00;6694;HL;низ;1193,000;1202,399;4,676;3;1
3/3;1003;2018-09-12 18:00:00;6700;HH;верх;1208,543;1206,352;15,543;6;2
3/3;1004;2018-09-13 07:00:00;6712;HL;низ;1203,478;1205,290;5,065;12;1
3/3;1005;2018-09-13 13:00:00;6718;HH;верх;1212,748;1203,583;9,270;6;2
3/3;1006;2018-09-13 18:00:00;6723;LL;низ;1200,148;1202,338;12,600;5;2
3/3;1007;2018-09-14 07:00:00;6735;LH;верх;1208,648;1206,686;8,500;12;1
3/3;1008;2018-09-17 00:00:00;6751;LL;низ;1192,890;1195,294;15,758;16;2
3/3;1009;2018-09-17 14:00:00;6765;LH;верх;1204,919;1201,306;12,029;14;1
3/3;1010;2018-09-18 01:00:00;6775;HL;низ;1197,154;1198,382;7,765;10;1
3/3;1011;2018-09-18 06:00:00;6780;LH;верх;1200,879;1199,230;3,725;5;1
3/3;1012;2018-09-18 07:00:00;6781;LL;низ;1195,900;1200,213;4,979;1;1
3/3;1013;2018-09-18 13:00:00;6787;HH;верх;1203,628;1198,422;7,728;6;1
3/3;1014;2018-09-18 19:00:00;6793;HL;низ;1196,993;1199,592;6,635;6;1
3/3;1015;2018-09-19 12:00:00;6809;HH;верх;1206,248;1203,580;9,255;16;2
3/3;1016;2018-09-19 14:00:00;6811;HL;низ;1201,266;1202,840;4,982;2;2
3/3;1017;2018-09-20 03:00:00;6823;HH;верх;1206,720;1203,046;5,454;12;1
3/3;1018;2018-09-20 09:00:00;6829;HL;низ;1201,344;1207,101;5,376;6;1
3/3;1019;2018-09-20 14:00:00;6834;HH;верх;1208,498;1205,986;7,154;5;1
3/3;1020;2018-09-20 15:00:00;6835;HL;низ;1203,074;1206,780;5,424;1;1
3/3;1021;2018-09-21 07:00:00;6850;HH;верх;1211,153;1205,168;8,079;15;3
3/3;1022;2018-09-21 13:00:00;6856;LL;низ;1192,023;1197,344;19,130;6;1
3/3;1023;2018-09-21 20:00:00;6863;LH;верх;1199,762;1196,811;7,739;7;1
3/3;1024;2018-09-24 06:00:00;6872;HL;низ;1194,464;1198,927;5,298;9;2
3/3;1025;2018-09-24 14:00:00;6880;HH;верх;1204,234;1199,713;9,770;8;1
3/3;1026;2018-09-24 19:00:00;6885;HL;низ;1198,446;1199,474;5,788;5;1
3/3;1027;2018-09-25 01:00:00;6890;LH;верх;1199,560;1198,688;1,114;5;1
3/3;1028;2018-09-25 02:00:00;6891;LL;низ;1197,197;1199,153;2,363;1;2
3/3;1029;2018-09-25 15:00:00;6904;HH;верх;1203,409;1201,404;6,212;13;1
3/3;1030;2018-09-26 01:00:00;6913;HL;низ;1199,944;1202,048;3,465;9;2
3/3;1031;2018-09-26 05:00:00;6917;LH;верх;1202,582;1199,798;2,638;4;1
3/3;1032;2018-09-26 14:00:00;6926;LL;низ;1193,734;1196,379;8,848;9;1
3/3;1033;2018-09-26 18:00:00;6930;LH;верх;1200,276;1195,288;6,542;4;1
3/3;1034;2018-09-26 18:00:00;6930;LL;низ;1190,588;1195,288;9,688;0;1
3/3;1035;2018-09-27 03:00:00;6938;LH;верх;1198,662;1195,128;8,074;8;1
3/3;1036;2018-09-27 07:00:00;6942;HL;низ;1194,508;1195,611;4,154;4;1
3/3;1037;2018-09-27 09:00:00;6944;LH;верх;1197,455;1187,118;2,947;2;1
3/3;1038;2018-09-27 15:00:00;6950;LL;низ;1181,906;1184,924;15,549;6;1
3/3;1039;2018-09-27 18:00:00;6953;LH;верх;1185,466;1183,722;3,560;3;1
3/3;1040;2018-09-27 20:00:00;6955;HL;низ;1182,469;1183,898;2,997;2;1
3/3;1041;2018-09-28 04:00:00;6962;HH;верх;1185,518;1182,758;3,049;7;1
3/3;1042;2018-09-28 07:00:00;6965;LL;низ;1180,770;1182,817;4,748;3;2
3/3;1043;2018-09-28 17:00:00;6975;HH;верх;1194,014;1191,820;13,244;10;1
3/3;1044;2018-10-01 09:00:00;6990;HL;низ;1184,620;1191,117;9,394;15;1
3/3;1045;2018-10-02 08:00:00;7012;HH;верх;1194,776;1190,804;10,156;22;2
3/3;1046;2018-10-02 10:00:00;7014;HL;низ;1189,122;1203,678;5,654;2;1
3/3;1047;2018-10-02 15:00:00;7019;HH;верх;1208,297;1202,841;19,175;5;1
3/3;1048;2018-10-02 17:00:00;7021;HL;низ;1201,500;1203,102;6,797;2;1
3/3;1049;2018-10-03 02:00:00;7029;HH;верх;1208,405;1206,102;6,905;8;2
3/3;1050;2018-10-04 04:00:00;7054;LL;низ;1196,020;1200,060;12,385;25;2
3/3;1051;2018-10-04 14:00:00;7064;LH;верх;1206,814;1198,630;10,794;10;1
3/3;1052;2018-10-04 18:00:00;7068;HL;низ;1196,898;1199,709;9,916;4;3
3/3;1053;2018-10-05 14:00:00;7087;LH;верх;1205,870;1201,602;8,972;19;1
3/3;1054;2018-10-05 16:00:00;7089;HL;низ;1200,346;1203,208;5,524;2;1
3/3;1055;2018-10-08 00:00:00;7096;LH;верх;1204,190;1196,747;3,844;7;2
3/3;1056;2018-10-08 15:00:00;7111;LL;низ;1182,900;1187,266;21,290;15;3
3/3;1057;2018-10-09 04:00:00;7123;LH;верх;1191,980;1189,117;9,080;12;1
3/3;1058;2018-10-09 13:00:00;7132;HL;низ;1183,382;1188,174;8,598;9;1
3/3;1059;2018-10-10 01:00:00;7143;LH;верх;1191,477;1189,691;8,095;11;3
3/3;1060;2018-10-10 02:00:00;7144;HL;низ;1188,724;1190,399;2,753;1;1
3/3;1061;2018-10-10 06:00:00;7148;LH;верх;1191,092;1186,838;2,368;4;1
3/3;1062;2018-10-10 12:00:00;7154;LL;низ;1185,375;1189,423;5,717;6;1
3/3;1063;2018-10-11 00:00:00;7165;HH;верх;1195,184;1193,571;9,809;11;1
3/3;1064;2018-10-11 01:00:00;7166;HL;низ;1191,367;1193,105;3,817;1;2
3/3;1065;2018-10-11 18:00:00;7183;HH;верх;1226,400;1223,006;35,033;17;1
3/3;1066;2018-10-12 01:00:00;7189;HL;низ;1217,602;1219,834;8,798;6;1
3/3;1067;2018-10-12 03:00:00;7191;LH;верх;1222,356;1216,925;4,754;2;1
3/3;1068;2018-10-12 06:00:00;7194;LL;низ;1215,898;1220,351;6,458;3;1
3/3;1069;2018-10-12 12:00:00;7200;HH;верх;1223,810;1219,769;7,912;6;1
3/3;1070;2018-10-12 15:00:00;7203;HL;низ;1216,354;1219,316;7,456;3;2
3/3;1071;2018-10-15 09:00:00;7220;HH;верх;1233,292;1230,633;16,938;17;1
3/3;1072;2018-10-15 13:00:00;7224;HL;низ;1224,222;1227,049;9,070;4;2
3/3;1073;2018-10-16 00:00:00;7234;LH;верх;1228,704;1226,641;4,482;10;1
3/3;1074;2018-10-16 05:00:00;7239;HL;низ;1225,118;1228,864;3,586;5;1
3/3;1075;2018-10-16 13:00:00;7247;HH;верх;1232,538;1228,449;7,420;8;1
3/3;1076;2018-10-17 05:00:00;7262;LL;низ;1220,668;1227,255;11,870;15;2
3/3;1077;2018-10-17 14:00:00;7271;LH;верх;1229,555;1224,532;8,887;9;2
3/3;1078;2018-10-18 00:00:00;7280;HL;низ;1221,612;1223,674;7,943;9;1
3/3;1079;2018-10-18 04:00:00;7284;LH;верх;1224,254;1222,584;2,642;4;1
3/3;1080;2018-10-18 06:00:00;7286;LL;низ;1218,737;1223,266;5,517;2;2
3/3;1081;2018-10-18 15:00:00;7295;HH;верх;1230,256;1226,458;11,519;9;1
3/3;1082;2018-10-18 19:00:00;7299;HL;низ;1224,621;1225,969;5,635;4;1
3/3;1083;2018-10-19 06:00:00;7309;LH;верх;1229,536;1228,464;4,915;10;2
3/3;1084;2018-10-19 07:00:00;7310;LL;низ;1223,111;1227,459;6,425;1;1
3/3;1085;2018-10-19 12:00:00;7315;HH;верх;1230,864;1226,830;7,753;5;1
3/3;1086;2018-10-19 17:00:00;7320;HL;низ;1225,569;1226,682;5,295;5;1
3/3;1087;2018-10-22 00:00:00;7326;LH;верх;1229,626;1228,286;4,057;6;1
3/3;1088;2018-10-22 14:00:00;7340;LL;низ;1220,137;1222,785;9,489;14;2
3/3;1089;2018-10-23 12:00:00;7361;HH;верх;1239,806;1233,575;19,669;21;2
3/3;1090;2018-10-23 16:00:00;7365;HL;низ;1229,866;1230,167;9,940;4;1
3/3;1091;2018-10-24 02:00:00;7374;LH;верх;1233,686;1233,284;3,820;9;1
3/3;1092;2018-10-24 12:00:00;7384;LL;низ;1225,719;1228,528;7,967;10;1
3/3;1093;2018-10-24 14:00:00;7386;LH;верх;1233,458;1230,581;7,739;2;1
3/3;1094;2018-10-24 17:00:00;7389;HL;низ;1227,459;1234,077;5,999;3;1
3/3;1095;2018-10-25 06:00:00;7401;HH;верх;1239,268;1231,795;11,809;12;2
3/3;1096;2018-10-25 07:00:00;7402;HL;низ;1230,111;1233,312;9,157;1;1
3/3;1097;2018-10-25 13:00:00;7408;LH;верх;1235,479;1230,171;5,368;6;1
3/3;1098;2018-10-25 18:00:00;7413;LL;низ;1228,134;1231,734;7,345;5;1
3/3;1099;2018-10-25 23:00:00;7417;LH;верх;1233,258;1232,046;5,124;4;1
3/3;1100;2018-10-26 01:00:00;7419;HL;низ;1230,156;1231,896;3,102;2;1
3/3;1101;2018-10-26 09:00:00;7427;HH;верх;1238,615;1233,393;8,459;8;1
3/3;1102;2018-10-26 12:00:00;7430;HL;низ;1232,037;1240,123;6,578;3;1
3/3;1103;2018-10-26 15:00:00;7433;HH;верх;1243,470;1235,177;11,433;3;1
3/3;1104;2018-10-26 16:00:00;7434;LL;низ;1231,516;1234,020;11,954;1;2
3/3;1105;2018-10-29 02:00:00;7443;LH;верх;1235,467;1233,838;3,951;9;1
3/3;1106;2018-10-29 09:00:00;7450;LL;низ;1227,731;1230,860;7,736;7;1
3/3;1107;2018-10-29 12:00:00;7453;LH;верх;1232,011;1230,414;4,280;3;1
3/3;1108;2018-10-29 17:00:00;7458;LL;низ;1224,426;1229,521;7,585;5;1
3/3;1109;2018-10-30 00:00:00;7464;LH;верх;1230,728;1227,962;6,302;6;1
3/3;1110;2018-10-30 01:00:00;7465;HL;низ;1226,524;1227,849;4,204;1;1
3/3;1111;2018-10-30 07:00:00;7471;LH;верх;1228,908;1220,632;2,384;6;1
3/3;1112;2018-10-30 10:00:00;7474;LL;низ;1219,922;1224,598;8,986;3;1
3/3;1113;2018-10-30 14:00:00;7478;LH;верх;1226,578;1222,884;6,656;4;1
3/3;1114;2018-10-31 08:00:00;7495;LL;низ;1214,790;1218,639;11,788;17;2
3/3;1115;2018-10-31 11:00:00;7498;LH;верх;1218,844;1214,461;4,054;3;1
3/3;1116;2018-10-31 13:00:00;7500;LL;низ;1212,001;1215,306;6,843;2;1
3/3;1117;2018-10-31 16:00:00;7503;LH;верх;1217,458;1216,892;5,457;3;1
3/3;1118;2018-11-01 11:00:00;7521;HL;низ;1222,489;1233,006;5,031;18;1
3/3;1119;2018-11-01 17:00:00;7527;HH;верх;1237,504;1233,281;15,015;6;2
3/3;1120;2018-11-02 06:00:00;7539;HL;низ;1231,030;1235,887;6,474;12;2
3/3;1121;2018-11-02 09:00:00;7542;LH;верх;1236,480;1230,992;5,450;3;1
3/3;1122;2018-11-02 13:00:00;7546;LL;низ;1229,836;1232,522;6,644;4;1
3/3;1123;2018-11-02 14:00:00;7547;HH;верх;1236,524;1232,176;6,688;1;2
3/3;1124;2018-11-05 07:00:00;7562;HL;низ;1230,725;1232,142;5,799;15;1
3/3;1125;2018-11-05 08:00:00;7563;LH;верх;1234,423;1232,158;3,698;1;1
3/3;1126;2018-11-05 13:00:00;7568;LL;низ;1226,922;1229,929;7,501;5;1
3/3;1127;2018-11-05 15:00:00;7570;LH;верх;1233,367;1230,965;6,445;2;2
3/3;1128;2018-11-06 04:00:00;7582;HL;низ;1228,740;1231,983;4,627;12;1
3/3;1129;2018-11-06 10:00:00;7588;HH;верх;1235,955;1233,595;7,215;6;1
3/3;1130;2018-11-06 18:00:00;7596;LL;низ;1223,533;1227,132;12,422;8;1
3/3;1131;2018-11-07 00:00:00;7601;LH;верх;1232,276;1229,688;8,743;5;1
3/3;1132;2018-11-07 01:00:00;7602;LL;низ;1223,040;1229,557;9,236;1;2
3/3;1133;2018-11-07 11:00:00;7612;HH;верх;1236,911;1228,554;13,871;10;1
3/3;1134;2018-11-07 14:00:00;7615;HL;низ;1226,424;1228,600;10,487;3;1
3/3;1135;2018-11-08 06:00:00;7630;LH;верх;1226,054;1222,965;0,370;15;1
3/3;1136;2018-11-08 07:00:00;7631;LL;низ;1221,404;1223,480;4,650;1;1
3/3;1137;2018-11-08 13:00:00;7637;HH;верх;1226,334;1224,331;4,930;6;1
3/3;1138;2018-11-08 13:00:00;7637;LL;низ;1220,282;1224,331;6,052;0;1
3/3;1139;2018-11-08 19:00:00;7643;HH;верх;1226,962;1223,157;6,680;6;1
3/3;1140;2018-11-09 04:00:00;7651;LL;низ;1217,924;1219,818;9,038;8;2
3/3;1141;2018-11-09 08:00:00;7655;LH;верх;1221,853;1219,099;3,929;4;1
3/3;1142;2018-11-09 17:00:00;7664;LL;низ;1206,734;1209,950;15,119;9;2
3/3;1143;2018-11-12 03:00:00;7673;LH;верх;1211,604;1206,819;4,870;9;1
3/3;1144;2018-11-12 07:00:00;7677;LL;низ;1204,017;1206,611;7,587;4;1
3/3;1145;2018-11-12 12:00:00;7682;LH;верх;1207,835;1203,865;3,818;5;1
3/3;1146;2018-11-12 21:00:00;7691;LL;низ;1200,186;1204,870;7,649;9;1
3/3;1147;2018-11-13 03:00:00;7696;LH;верх;1205,308;1203,386;5,122;5;1
3/3;1148;2018-11-13 10:00:00;7703;LL;низ;1196,436;1202,325;8,872;7;1
3/3;1149;2018-11-13 16:00:00;7709;LH;верх;1204,426;1200,281;7,990;6;1
3/3;1150;2018-11-13 20:00:00;7713;HL;низ;1199,692;1202,339;4,734;4;1
3/3;1151;2018-11-14 02:00:00;7718;HH;верх;1204,722;1202,197;5,030;5;1
3/3;1152;2018-11-14 10:00:00;7726;LL;низ;1197,760;1198,671;6,962;8;1
3/3;1153;2018-11-14 19:00:00;7735;HH;верх;1216,682;1211,092;18,922;9;1
3/3;1154;2018-11-15 01:00:00;7740;HL;низ;1208,386;1212,145;8,296;5;1
3/3;1155;2018-11-15 09:00:00;7748;LH;верх;1216,576;1210,449;8,190;8;1
3/3;1156;2018-11-15 13:00:00;7752;LL;низ;1207,677;1213,842;8,899;4;1
3/3;1157;2018-11-15 14:00:00;7753;LH;верх;1215,898;1213,345;8,221;1;1
3/3;1158;2018-11-15 19:00:00;7758;HL;низ;1211,438;1214,026;4,460;5;1
3/3;1159;2018-11-16 01:00:00;7763;HH;верх;1217,257;1215,543;5,819;5;1
3/3;1160;2018-11-16 07:00:00;7769;HL;низ;1214,236;1216,650;3,021;6;1
3/3;1161;2018-11-16 14:00:00;7776;HH;верх;1225,364;1223,453;11,128;7;3
3/3;1162;2018-11-19 05:00:00;7790;HL;низ;1218,096;1220,815;7,268;14;1
3/3;1163;2018-11-19 18:00:00;7803;LH;верх;1225,298;1224,062;7,202;13;2
3/3;1164;2018-11-20 04:00:00;7812;HL;низ;1221,236;1224,764;4,062;9;1
3/3;1165;2018-11-20 08:00:00;7816;HH;верх;1226,086;1224,360;4,850;4;1
3/3;1166;2018-11-20 10:00:00;7818;HL;низ;1221,656;1226,865;4,430;2;1
3/3;1167;2018-11-20 13:00:00;7821;HH;верх;1228,884;1223,727;7,228;3;1
3/3;1168;2018-11-20 18:00:00;7826;LL;низ;1219,964;1221,618;8,920;5;1
3/3;1169;2018-11-20 23:00:00;7830;LH;верх;1222,504;1221,354;2,540;4;1
3/3;1170;2018-11-21 00:00:00;7831;LL;низ;1219,866;1220,698;2,638;1;1
3/3;1171;2018-11-21 09:00:00;7840;HH;верх;1225,558;1224,203;5,692;9;1
3/3;1172;2018-11-21 10:00:00;7841;HL;низ;1222,286;1226,314;3,272;1;1
3/3;1173;2018-11-21 15:00:00;7846;HH;верх;1230,003;1227,070;7,717;5;1
3/3;1174;2018-11-22 01:00:00;7855;HL;низ;1224,998;1226,584;5,005;9;3
3/3;1175;2018-11-22 10:00:00;7864;LH;верх;1229,180;1227,834;4,182;9;1
3/3;1176;2018-11-23 01:00:00;7874;HL;низ;1226,374;1228,398;2,806;10;2
3/3;1177;2018-11-23 04:00:00;7877;LH;верх;1228,700;1224,256;2,326;3;1
3/3;1178;2018-11-23 13:00:00;7886;LL;низ;1220,382;1222,332;8,318;9;1
3/3;1179;2018-11-23 14:00:00;7887;LH;верх;1225,474;1223,666;5,092;1;1
3/3;1180;2018-11-23 17:00:00;7890;HL;низ;1222,332;1223,038;3,142;3;2
3/3;1181;2018-11-26 08:00:00;7901;HH;верх;1228,146;1226,431;5,814;11;1
3/3;1182;2018-11-26 20:00:00;7913;LL;низ;1221,821;1223,048;6,325;12;1
3/3;1183;2018-11-27 01:00:00;7917;LH;верх;1223,414;1221,964;1,593;4;1
3/3;1184;2018-11-27 08:00:00;7924;LL;низ;1219,652;1223,556;3,762;7;2
3/3;1185;2018-11-27 13:00:00;7929;HH;верх;1225,371;1212,660;5,719;5;1
3/3;1186;2018-11-27 17:00:00;7933;LL;низ;1211,980;1214,988;13,391;4;1
3/3;1187;2018-11-28 03:00:00;7942;LH;верх;1215,524;1214,296;3,544;9;2
3/3;1188;2018-11-28 08:00:00;7947;HL;низ;1212,510;1214,804;3,014;5;1
3/3;1189;2018-11-28 12:00:00;7951;HH;верх;1215,544;1212,962;3,034;4;1
3/3;1190;2018-11-28 14:00:00;7953;LL;низ;1211,281;1221,292;4,263;2;1
3/3;1191;2018-11-28 17:00:00;7956;HH;верх;1226,386;1220,281;15,105;3;1
3/3;1192;2018-11-28 21:00:00;7960;HL;низ;1220,196;1222,035;6,190;4;1
3/3;1193;2018-11-29 12:00:00;7974;HH;верх;1228,479;1227,766;8,283;14;1
3/3;1194;2018-11-29 12:00:00;7974;HL;низ;1224,392;1227,766;4,087;0;1
3/3;1195;2018-11-29 16:00:00;7978;HH;верх;1229,091;1224,208;4,699;4;1
3/3;1196;2018-11-29 19:00:00;7981;LL;низ;1222,379;1224,312;6,712;3;1
3/3;1197;2018-11-30 03:00:00;7988;LH;верх;1225,562;1224,398;3,183;7;1
3/3;1198;2018-11-30 14:00:00;7999;LL;низ;1216,751;1220,692;8,811;11;1
3/3;1199;2018-12-03 07:00:00;8015;HH;верх;1232,412;1230,179;15,661;16;2
3/3;1200;2018-12-03 12:00:00;8020;HL;низ;1227,953;1233,101;4,459;5;1
3/3;1201;2018-12-03 14:00:00;8022;HH;верх;1235,074;1233,028;7,121;2;1
3/3;1202;2018-12-03 20:00:00;8028;HL;низ;1230,084;1231,492;4,990;6;2
3/3;1203;2018-12-04 14:00:00;8045;HH;верх;1242,040;1240,078;11,956;17;3
3/3;1204;2018-12-04 19:00:00;8050;HL;низ;1236,832;1238,803;5,208;5;1
3/3;1205;2018-12-04 23:00:00;8053;LH;верх;1239,441;1235,130;2,609;3;1
3/3;1206;2018-12-05 08:00:00;8062;LL;низ;1233,416;1237,476;6,025;9;1
3/3;1207;2018-12-05 14:00:00;8068;LH;верх;1238,803;1238,450;5,387;6;1
3/3;1208;2018-12-05 15:00:00;8069;HL;низ;1235,527;1236,566;3,276;1;1
3/3;1209;2018-12-05 18:00:00;8072;HH;верх;1239,130;1237,032;3,603;3;1
3/3;1210;2018-12-05 19:00:00;8073;HL;низ;1236,082;1238,364;3,048;1;1
3/3;1211;2018-12-06 02:00:00;8079;HH;верх;1240,854;1239,935;4,772;6;1
3/3;1212;2018-12-06 07:00:00;8084;LL;низ;1234,788;1236,216;6,066;5;1
3/3;1213;2018-12-06 14:00:00;8091;HH;верх;1244,356;1239,714;9,568;7;1
3/3;1214;2018-12-06 20:00:00;8097;HL;низ;1236,534;1238,552;7,822;6;1
3/3;1215;2018-12-07 03:00:00;8103;LH;верх;1240,672;1239,659;4,138;6;1
3/3;1216;2018-12-07 07:00:00;8107;HL;низ;1238,069;1241,053;2,603;4;2
3/3;1217;2018-12-09 23:00:00;8122;HH;верх;1251,276;1249,494;13,207;15;1
3/3;1218;2018-12-10 01:00:00;8124;HL;низ;1247,777;1249,448;3,499;2;1
3/3;1219;2018-12-10 06:00:00;8129;LH;верх;1250,134;1246,780;2,357;5;2
3/3;1220;2018-12-10 19:00:00;8142;LL;низ;1241,642;1244,232;8,492;13;1
3/3;1221;2018-12-11 10:00:00;8156;LH;верх;1249,576;1246,786;7,934;14;1
3/3;1222;2018-12-11 19:00:00;8165;LL;низ;1241,092;1243,226;8,484;9;1
3/3;1223;2018-12-12 02:00:00;8171;LH;верх;1246,251;1244,024;5,159;6;1
3/3;1224;2018-12-12 08:00:00;8177;HL;низ;1242,092;1244,470;4,159;6;2
3/3;1225;2018-12-12 18:00:00;8187;HH;верх;1247,244;1245,762;5,152;10;2
3/3;1226;2018-12-13 02:00:00;8194;HL;низ;1244,045;1244,999;3,199;7;1
3/3;1227;2018-12-13 07:00:00;8199;LH;верх;1246,837;1241,726;2,792;5;2
3/3;1228;2018-12-14 14:00:00;8229;LL;низ;1233,000;1239,842;13,837;30;4
3/3;1229;2018-12-14 17:00:00;8232;LH;верх;1240,394;1238,407;7,394;3;2
3/3;1230;2018-12-17 00:00:00;8238;HL;низ;1235,867;1237,866;4,527;6;1
3/3;1231;2018-12-17 03:00:00;8241;LH;верх;1238,214;1237,633;2,347;3;1
3/3;1232;2018-12-17 06:00:00;8244;HL;низ;1236,529;1238,466;1,685;3;1
3/3;1233;2018-12-17 18:00:00;8256;HH;верх;1248,202;1245,964;11,673;12;1
3/3;1234;2018-12-17 23:00:00;8260;HL;низ;1245,200;1248,032;3,002;4;1
3/3;1235;2018-12-18 04:00:00;8265;HH;верх;1249,053;1247,958;3,853;5;1
3/3;1236;2018-12-18 07:00:00;8268;LL;низ;1245,168;1249,551;3,885;3;1
3/3;1237;2018-12-18 11:00:00;8272;HH;верх;1250,479;1247,104;5,311;4;1
3/3;1238;2018-12-18 14:00:00;8275;HL;низ;1245,925;1249,168;4,554;3;2
3/3;1239;2018-12-19 08:00:00;8292;HH;верх;1251,450;1248,412;5,525;17;1
3/3;1240;2018-12-19 10:00:00;8294;HL;низ;1246,786;1248,474;4,664;2;1
3/3;1241;2018-12-19 15:00:00;8299;HH;верх;1258,094;1252,003;11,308;5;1
3/3;1242;2018-12-19 21:00:00;8305;LL;низ;1241,854;1245,202;16,240;6;1
3/3;1243;2018-12-20 02:00:00;8309;LH;верх;1245,882;1245,118;4,028;4;1
3/3;1244;2018-12-20 13:00:00;8320;HL;низ;1253,570;1260,125;7,688;11;1
3/3;1245;2018-12-20 19:00:00;8326;HH;верх;1266,558;1262,022;12,988;6;1
3/3;1246;2018-12-20 21:00:00;8328;HL;низ;1259,752;1261,158;6,806;2;1
3/3;1247;2018-12-21 08:00:00;8338;LH;верх;1262,830;1260,288;3,078;10;1
3/3;1248;2018-12-21 10:00:00;8340;LL;низ;1256,250;1260,904;6,580;2;1
3/3;1249;2018-12-21 13:00:00;8343;LH;верх;1262,252;1257,673;6,002;3;1
3/3;1250;2018-12-21 18:00:00;8348;LL;низ;1254,014;1255,984;8,238;5;1
3/3;1251;2018-12-24 08:00:00;8361;HH;верх;1265,480;1261,040;11,466;13;2
3/3;1252;2018-12-24 10:00:00;8363;HL;низ;1259,443;1263,242;6,037;2;2
3/3;1253;2018-12-26 06:00:00;8380;HH;верх;1274,854;1272,816;15,411;17;1
3/3;1254;2018-12-26 12:00:00;8386;HL;низ;1271,128;1278,304;3,726;6;1
3/3;1255;2018-12-26 16:00:00;8390;HH;верх;1279,128;1266,528;8,000;4;1
3/3;1256;2018-12-26 20:00:00;8394;LL;низ;1264,719;1270,535;14,409;4;1
3/3;1257;2018-12-27 01:00:00;8398;LH;верх;1272,420;1269,694;7,701;4;1
3/3;1258;2018-12-27 07:00:00;8404;HL;низ;1266,751;1272,548;5,669;6;2
3/3;1259;2018-12-27 18:00:00;8415;HH;верх;1278,991;1275,606;12,240;11;1
3/3;1260;2018-12-27 20:00:00;8417;HL;низ;1274,155;1275,632;4,836;2;1
3/3;1261;2018-12-28 08:00:00;8428;HH;верх;1282,237;1278,690;8,082;11;1
3/3;1262;2018-12-28 09:00:00;8429;HL;низ;1276,108;1277,416;6,129;1;2
3/3;1263;2018-12-28 21:00:00;8441;LH;верх;1281,375;1278,698;5,267;12;1
3/3;1264;2018-12-31 03:00:00;8446;HL;низ;1277,556;1279,668;3,819;5;1
3/3;1265;2018-12-31 11:00:00;8454;HH;верх;1284,202;1280,548;6,646;8;1
3/3;1266;2018-12-31 18:00:00;8461;HL;низ;1278,159;1282,413;6,043;7;1
3/3;1267;2018-12-31 21:00:00;8464;LH;верх;1283,070;1279,944;4,911;3;1
3/3;1268;2019-01-02 01:00:00;8467;HL;низ;1278,782;1284,049;4,288;3;1
3/3;1269;2019-01-02 09:00:00;8475;HH;верх;1288,840;1285,569;10,058;8;1
3/3;1270;2019-01-02 14:00:00;8480;HL;низ;1281,904;1284,139;6,936;5;1
3/3;1271;2019-01-02 16:00:00;8482;LH;верх;1287,834;1281,632;5,930;2;1
3/3;1272;2019-01-02 18:00:00;8484;LL;низ;1278,859;1284,343;8,975;2;1
3/3;1273;2019-01-03 06:00:00;8495;HH;верх;1292,346;1288,199;13,487;11;2
3/3;1274;2019-01-03 13:00:00;8502;HL;низ;1284,668;1289,338;7,678;7;1
3/3;1275;2019-01-04 01:00:00;8513;HH;верх;1298,633;1294,546;13,965;11;1
3/3;1276;2019-01-04 14:00:00;8526;LL;низ;1276,699;1284,456;21,934;13;3
3/3;1277;2019-01-07 13:00:00;8548;LH;верх;1295,106;1287,818;18,407;22;3
3/3;1278;2019-01-07 16:00:00;8551;HL;низ;1286,264;1288,480;8,842;3;2
3/3;1279;2019-01-08 01:00:00;8559;LH;верх;1290,323;1283,075;4,059;8;1
3/3;1280;2019-01-08 13:00:00;8571;LL;низ;1279,437;1284,526;10,886;12;2
3/3;1281;2019-01-09 01:00:00;8582;LH;верх;1287,238;1282,215;7,801;11;3
3/3;1282;2019-01-09 12:00:00;8593;HL;низ;1280,151;1290,096;7,087;11;1
3/3;1283;2019-01-09 20:00:00;8601;HH;верх;1293,928;1293,220;13,777;8;2
3/3;1284;2019-01-10 01:00:00;8605;HL;низ;1291,708;1295,794;2,220;4;1
3/3;1285;2019-01-10 03:00:00;8607;HH;верх;1297,194;1295,255;5,486;2;3
3/3;1286;2019-01-10 21:00:00;8625;LL;низ;1286,145;1289,830;11,049;18;1
3/3;1287;2019-01-11 08:00:00;8635;LH;верх;1295,254;1291,626;9,109;10;1
3/3;1288;2019-01-11 14:00:00;8641;HL;низ;1287,079;1290,262;8,175;6;2
3/3;1289;2019-01-14 11:00:00;8661;HH;верх;1295,954;1292,174;8,875;20;2
3/3;1290;2019-01-14 13:00:00;8663;HL;низ;1288,527;1290,706;7,427;2;2
3/3;1291;2019-01-15 01:00:00;8674;LH;верх;1293,430;1291,345;4,903;11;1
3/3;1292;2019-01-15 08:00:00;8681;LL;низ;1287,522;1291,228;5,908;7;1
3/3;1293;2019-01-15 15:00:00;8688;HH;верх;1294,707;1288,774;7,185;7;1
3/3;1294;2019-01-15 17:00:00;8690;LL;низ;1286,811;1289,084;7,896;2;1
3/3;1295;2019-01-16 01:00:00;8697;LH;верх;1291,276;1289,692;4,465;7;1
3/3;1296;2019-01-16 03:00:00;8699;HL;низ;1288,436;1291,128;2,840;2;1
3/3;1297;2019-01-16 06:00:00;8702;HH;верх;1292,762;1289,942;4,326;3;1
3/3;1298;2019-01-16 12:00:00;8708;LL;низ;1287,977;1293,048;4,785;6;1
3/3;1299;2019-01-16 15:00:00;8711;HH;верх;1295,046;1293,481;7,069;3;1
3/3;1300;2019-01-16 19:00:00;8715;HL;низ;1292,298;1293,042;2,748;4;1
3/3;1301;2019-01-17 02:00:00;8721;HH;верх;1295,431;1292,728;3,133;6;1
3/3;1302;2019-01-17 07:00:00;8726;LL;низ;1291,428;1294,314;4,003;5;1
3/3;1303;2019-01-17 08:00:00;8727;LH;верх;1295,078;1294,139;3,650;1;1
3/3;1304;2019-01-17 15:00:00;8734;LL;низ;1288,818;1292,336;6,260;7;1
3/3;1305;2019-01-17 19:00:00;8738;LH;верх;1293,331;1292,382;4,513;4;1
3/3;1306;2019-01-18 20:00:00;8762;LL;низ;1280,717;1283,508;12,614;24;5
3/3;1307;2019-01-21 01:00:00;8766;LH;верх;1283,652;1281,424;2,935;4;2
3/3;1308;2019-01-21 12:00:00;8777;LL;низ;1276,851;1280,480;6,801;11;1
3/3;1309;2019-01-21 14:00:00;8779;LH;верх;1281,114;1280,280;4,263;2;1
3/3;1310;2019-01-22 05:00:00;8789;HL;низ;1277,542;1284,629;3,572;10;1
3/3;1311;2019-01-22 09:00:00;8793;HH;верх;1284,932;1283,302;7,390;4;2
3/3;1312;2019-01-22 15:00:00;8799;HL;низ;1279,346;1284,548;5,586;6;1
3/3;1313;2019-01-23 01:00:00;8808;HH;верх;1285,782;1283,459;6,436;9;1
3/3;1314;2019-01-23 01:00:00;8808;HL;низ;1283,142;1283,459;2,640;0;2
3/3;1315;2019-01-23 09:00:00;8816;HH;верх;1286,594;1285,113;3,452;8;1
3/3;1316;2019-01-23 14:00:00;8821;LL;низ;1278,753;1284,829;7,841;5;1
3/3;1317;2019-01-23 17:00:00;8824;LH;верх;1285,928;1283,151;7,175;3;1
3/3;1318;2019-01-23 21:00:00;8828;HL;низ;1282,336;1284,564;3,592;4;1
3/3;1319;2019-01-24 01:00:00;8831;LH;верх;1284,895;1281,754;2,559;3;1
3/3;1320;2019-01-24 13:00:00;8843;LL;низ;1276,914;1282,191;7,981;12;2
3/3;1321;2019-01-24 15:00:00;8845;LH;верх;1283,977;1280,036;7,063;2;1
3/3;1322;2019-01-24 19:00:00;8849;HL;низ;1279,588;1281,476;4,389;4;2
3/3;1323;2019-01-28 05:00:00;8881;HH;верх;1304,520;1300,507;24,932;32;5
3/3;1324;2019-01-28 14:00:00;8890;HL;низ;1297,772;1303,316;6,748;9;1
3/3;1325;2019-01-29 00:00:00;8899;HH;верх;1304,688;1303,814;6,916;9;1
3/3;1326;2019-01-29 01:00:00;8900;HL;низ;1302,834;1303,852;1,854;1;2
3/3;1327;2019-01-29 08:00:00;8907;HH;верх;1309,396;1307,734;6,562;7;1
3/3;1328;2019-01-29 14:00:00;8913;HL;низ;1306,244;1309,902;3,152;6;1
3/3;1329;2019-01-29 15:00:00;8914;HH;верх;1311,858;1310,478;5,614;1;1
3/3;1330;2019-01-30 00:00:00;8922;HL;низ;1310,682;1313,269;1,176;8;1
3/3;1331;2019-01-30 08:00:00;8930;HH;верх;1316,050;1313,437;5,368;8;1
3/3;1332;2019-01-30 18:00:00;8940;LL;низ;1309,164;1319,815;6,886;10;2
3/3;1333;2019-01-30 19:00:00;8941;HH;верх;1323,374;1319,328;14,210;1;1
3/3;1334;2019-01-31 01:00:00;8946;HL;низ;1317,539;1319,680;5,835;5;2
3/3;1335;2019-01-31 13:00:00;8958;HH;верх;1326,312;1321,461;8,773;12;1
3/3;1336;2019-01-31 19:00:00;8964;HL;низ;1318,926;1321,140;7,386;6;1
3/3;1337;2019-02-01 01:00:00;8969;LH;верх;1321,924;1318,414;2,998;5;1
3/3;1338;2019-02-01 07:00:00;8975;LL;низ;1316,739;1321,500;5,185;6;2
3/3;1339;2019-02-01 13:00:00;8981;HH;верх;1323,582;1316,843;6,843;6;1
3/3;1340;2019-02-01 15:00:00;8983;LL;низ;1316,244;1317,834;7,338;2;1
3/3;1341;2019-02-01 20:00:00;8988;LH;верх;1319,498;1315,718;3,254;5;2
3/3;1342;2019-02-04 14:00:00;9005;LL;низ;1308,713;1314,489;10,785;17;1
3/3;1343;2019-02-04 17:00:00;9008;LH;верх;1315,285;1312,105;6,572;3;1
3/3;1344;2019-02-05 00:00:00;9014;HL;низ;1311,358;1314,828;3,927;6;1
3/3;1345;2019-02-05 05:00:00;9019;HH;верх;1315,382;1312,403;4,024;5;1
3/3;1346;2019-02-05 09:00:00;9023;LL;низ;1310,815;1313,744;4,567;4;1
3/3;1347;2019-02-05 13:00:00;9027;HH;верх;1316,950;1313,479;6,135;4;1
3/3;1348;2019-02-05 17:00:00;9031;HL;низ;1312,762;1315,335;4,188;4;1
3/3;1349;2019-02-06 00:00:00;9037;LH;верх;1315,872;1314,376;3,110;6;1
3/3;1350;2019-02-06 02:00:00;9039;HL;низ;1312,850;1314,144;3,022;2;2
3/3;1351;2019-02-06 08:00:00;9045;LH;верх;1315,671;1312,267;2,821;6;1
3/3;1352;2019-02-06 12:00:00;9049;LL;низ;1311,662;1312,222;4,009;4;1
3/3;1353;2019-02-06 14:00:00;9051;LH;верх;1315,220;1312,506;3,558;2;2
3/3;1354;2019-02-07 04:00:00;9064;LL;низ;1302,887;1304,497;12,333;13;1
3/3;1355;2019-02-07 14:00:00;9074;LH;верх;1311,958;1310,905;9,071;10;1
3/3;1356;2019-02-08 07:00:00;9090;HL;низ;1307,890;1311,284;4,068;16;2
3/3;1357;2019-02-08 18:00:00;9101;HH;верх;1315,652;1314,120;7,762;11;3
3/3;1358;2019-02-11 04:00:00;9110;HL;низ;1310,631;1311,331;5,021;9;1
3/3;1359;2019-02-11 06:00:00;9112;LH;верх;1312,408;1306,975;1,777;2;1
3/3;1360;2019-02-11 14:00:00;9120;LL;низ;1303,764;1307,398;8,644;8;1
3/3;1361;2019-02-11 16:00:00;9122;LH;верх;1310,417;1308,452;6,653;2;2
3/3;1362;2019-02-12 01:00:00;9130;HL;низ;1306,604;1308,290;3,813;8;1
3/3;1363;2019-02-12 13:00:00;9142;HH;верх;1314,795;1309,465;8,191;12;2
3/3;1364;2019-02-12 15:00:00;9144;HL;низ;1308,369;1310,680;6,426;2;1
3/3;1365;2019-02-12 18:00:00;9147;LH;верх;1312,668;1310,764;4,299;3;1
3/3;1366;2019-02-13 00:00:00;9152;HL;низ;1309,456;1313,091;3,212;5;1
3/3;1367;2019-02-13 06:00:00;9158;HH;верх;1314,297;1312,672;4,841;6;1
3/3;1368;2019-02-13 13:00:00;9165;LL;низ;1308,210;1313,072;6,087;7;1
3/3;1369;2019-02-13 15:00:00;9167;HH;верх;1318,192;1310,810;9,982;2;1
3/3;1370;2019-02-13 20:00:00;9172;LL;низ;1305,140;1307,920;13,052;5;1
3/3;1371;2019-02-14 08:00:00;9183;LH;верх;1309,844;1306,167;4,704;11;2
3/3;1372;2019-02-14 12:00:00;9187;LL;низ;1302,449;1309,459;7,395;4;1
3/3;1373;2019-02-14 17:00:00;9192;HH;верх;1314,416;1312,764;11,967;5;3
3/3;1374;2019-02-15 01:00:00;9199;HL;низ;1311,491;1312,777;2,925;7;1
3/3;1375;2019-02-15 14:00:00;9212;HH;верх;1319,984;1317,666;8,493;13;1
3/3;1376;2019-02-15 15:00:00;9213;HL;низ;1314,336;1320,778;5,648;1;1
3/3;1377;2019-02-15 20:00:00;9218;HH;верх;1322,543;1321,668;8,207;5;1
3/3;1378;2019-02-17 23:00:00;9220;HL;низ;1320,676;1324,673;1,867;2;1
3/3;1379;2019-02-18 03:00:00;9224;HH;верх;1325,372;1323,396;4,696;4;1
3/3;1380;2019-02-18 08:00:00;9229;HL;низ;1321,382;1324,985;3,990;5;1
3/3;1381;2019-02-18 13:00:00;9234;HH;верх;1327,598;1326,104;6,216;5;1
3/3;1382;2019-02-19 06:00:00;9246;HL;низ;1323,016;1329,196;4,582;12;1
3/3;1383;2019-02-19 18:00:00;9258;HH;верх;1341,880;1341,008;18,864;12;1
3/3;1384;2019-02-20 00:00:00;9263;HL;низ;1339,444;1344,156;2,436;5;1
3/3;1385;2019-02-20 02:00:00;9265;HH;верх;1346,743;1342,550;7,299;2;1
3/3;1386;2019-02-20 06:00:00;9269;HL;низ;1341,449;1343,836;5,294;4;1
3/3;1387;2019-02-20 10:00:00;9273;LH;верх;1345,418;1342,806;3,969;4;1
3/3;1388;2019-02-20 14:00:00;9277;HL;низ;1342,232;1345,322;3,186;4;1
3/3;1389;2019-02-20 18:00:00;9281;HH;верх;1346,358;1338,543;4,126;4;1
3/3;1390;2019-02-20 19:00:00;9282;LL;низ;1337,076;1340,690;9,282;1;1
3/3;1391;2019-02-21 01:00:00;9287;LH;верх;1341,574;1340,199;4,498;5;1
3/3;1392;2019-02-21 02:00:00;9288;HL;низ;1337,546;1338,994;4,028;1;1
3/3;1393;2019-02-21 05:00:00;9291;LH;верх;1340,904;1336,116;3,358;3;1
3/3;1394;2019-02-21 09:00:00;9295;LL;низ;1332,102;1335,121;8,802;4;1
3/3;1395;2019-02-21 13:00:00;9299;LH;верх;1337,423;1331,018;5,321;4;1
3/3;1396;2019-02-21 21:00:00;9307;LL;низ;1321,214;1325,288;16,209;8;1
3/3;1397;2019-02-22 08:00:00;9317;LH;верх;1327,009;1323,182;5,795;10;1
3/3;1398;2019-02-22 10:00:00;9319;HL;низ;1321,692;1328,892;5,317;2;1
3/3;1399;2019-02-22 17:00:00;9326;HH;верх;1333,127;1328,495;11,435;7;1
3/3;1400;2019-02-24 23:00:00;9331;HL;низ;1326,977;1331,547;6,150;5;1
3/3;1401;2019-02-25 06:00:00;9338;LH;верх;1331,994;1329,549;5,017;7;1
3/3;1402;2019-02-25 13:00:00;9345;LL;низ;1325,234;1327,483;6,760;7;2
3/3;1403;2019-02-25 14:00:00;9346;HH;верх;1332,606;1326,407;7,372;1;1
3/3;1404;2019-02-25 17:00:00;9349;HL;низ;1325,738;1327,110;6,868;3;1
3/3;1405;2019-02-26 03:00:00;9358;LH;верх;1330,250;1327,746;4,512;9;1
3/3;1406;2019-02-26 12:00:00;9367;LL;низ;1323,576;1327,292;6,674;9;2
3/3;1407;2019-02-27 00:00:00;9378;LH;верх;1329,947;1327,311;6,371;11;2
3/3;1408;2019-02-27 08:00:00;9386;HL;низ;1325,772;1327,109;4,175;8;1
3/3;1409;2019-02-27 13:00:00;9391;LH;верх;1328,846;1320,847;3,074;5;1
3/3;1410;2019-02-27 17:00:00;9395;LL;низ;1316,972;1320,131;11,874;4;1
3/3;1411;2019-02-27 23:00:00;9400;LH;верх;1321,399;1319,276;4,427;5;1
3/3;1412;2019-02-28 01:00:00;9402;HL;низ;1317,336;1318,882;4,063;2;2
3/3;1413;2019-02-28 11:00:00;9412;HH;верх;1327,342;1317,353;10,006;10;1
3/3;1414;2019-02-28 20:00:00;9421;LL;низ;1312,725;1313,412;14,617;9;2
3/3;1415;2019-03-01 01:00:00;9425;LH;верх;1315,258;1313,234;2,533;4;2
3/3;1416;2019-03-01 20:00:00;9444;LL;низ;1290,315;1294,782;24,943;19;1
3/3;1417;2019-03-04 02:00:00;9449;LH;верх;1297,120;1294,141;6,805;5;1
3/3;1418;2019-03-04 14:00:00;9461;LL;низ;1282,946;1286,652;14,174;12;1
3/3;1419;2019-03-04 17:00:00;9464;LH;верх;1289,822;1286,856;6,876;3;1
3/3;1420;2019-03-05 00:00:00;9470;HL;низ;1285,685;1288,384;4,137;6;1
3/3;1421;2019-03-05 03:00:00;9473;LH;верх;1289,642;1287,144;3,957;3;1
3/3;1422;2019-03-05 10:00:00;9480;LL;низ;1283,570;1285,905;6,072;7;1
3/3;1423;2019-03-05 13:00:00;9483;LH;верх;1287,812;1283,642;4,242;3;1
3/3;1424;2019-03-05 15:00:00;9485;LL;низ;1281,253;1286,212;6,559;2;1
3/3;1425;2019-03-06 00:00:00;9493;HH;верх;1289,439;1287,208;8,186;8;1
3/3;1426;2019-03-06 02:00:00;9495;HL;низ;1286,095;1288,522;3,344;2;1
3/3;1427;2019-03-06 07:00:00;9500;HH;верх;1290,984;1285,442;4,889;5;2
3/3;1428;2019-03-06 15:00:00;9508;LL;низ;1283,706;1285,964;7,278;8;1
3/3;1429;2019-03-06 17:00:00;9510;LH;верх;1287,738;1287,562;4,032;2;1
3/3;1430;2019-03-06 19:00:00;9512;HL;низ;1285,226;1287,206;2,512;2;1
3/3;1431;2019-03-07 01:00:00;9517;HH;верх;1288,535;1286,188;3,309;5;1
3/3;1432;2019-03-07 08:00:00;9524;LL;низ;1280,922;1286,671;7,613;7;1
3/3;1433;2019-03-07 12:00:00;9528;HH;верх;1289,054;1286,812;8,132;4;1
3/3;1434;2019-03-07 14:00:00;9530;HL;низ;1282,962;1285,519;6,092;2;1
3/3;1435;2019-03-08 09:00:00;9548;HH;верх;1295,873;1293,348;12,911;18;1
3/3;1436;2019-03-08 13:00:00;9552;HL;низ;1291,663;1298,873;4,210;4;1
3/3;1437;2019-03-08 14:00:00;9553;HH;верх;1300,836;1298,176;9,173;1;2
3/3;1438;2019-03-11 02:00:00;9565;HL;низ;1295,771;1298,256;5,065;12;1
3/3;1439;2019-03-11 06:00:00;9569;LH;верх;1299,148;1296,632;3,377;4;1
3/3;1440;2019-03-11 07:00:00;9570;LL;низ;1295,618;1295,965;3,530;1;1
3/3;1441;2019-03-11 13:00:00;9576;LH;верх;1297,022;1291,370;1,404;6;1
3/3;1442;2019-03-11 17:00:00;9580;LL;низ;1290,558;1293,490;6,464;4;2
3/3;1443;2019-03-12 05:00:00;9591;HH;верх;1297,488;1295,714;6,930;11;1
3/3;1444;2019-03-12 07:00:00;9593;HL;низ;1294,466;1296,131;3,022;2;1
3/3;1445;2019-03-13 02:00:00;9611;HH;верх;1305,855;1304,570;11,389;18;3
3/3;1446;2019-03-13 06:00:00;9615;HL;низ;1303,826;1307,856;2,029;4;2
3/3;1447;2019-03-13 19:00:00;9628;HH;верх;1311,288;1309,582;7,462;13;2
3/3;1448;2019-03-14 13:00:00;9645;LL;низ;1292,927;1295,759;18,361;17;1
3/3;1449;2019-03-14 18:00:00;9650;LH;верх;1297,114;1296,474;4,187;5;1
3/3;1450;2019-03-15 01:00:00;9656;HL;низ;1294,190;1298,112;2,924;6;2
3/3;1451;2019-03-15 14:00:00;9669;HH;верх;1306,447;1302,636;12,257;13;1
3/3;1452;2019-03-18 01:00:00;9679;HL;низ;1298,325;1299,778;8,122;10;2
3/3;1453;2019-03-18 12:00:00;9690;HH;верх;1306,776;1304,238;8,451;11;1
3/3;1454;2019-03-18 17:00:00;9695;HL;низ;1301,102;1303,734;5,674;5;2
3/3;1455;2019-03-19 04:00:00;9705;HH;верх;1307,926;1304,706;6,824;10;1
3/3;1456;2019-03-19 08:00:00;9709;HL;низ;1303,808;1308,128;4,118;4;1
3/3;1457;2019-03-19 13:00:00;9714;HH;верх;1310,931;1306,272;7,123;5;1
3/3;1458;2019-03-20 01:00:00;9725;HL;низ;1303,926;1304,924;7,005;11;2
3/3;1459;2019-03-20 06:00:00;9730;LH;верх;1306,644;1303,263;2,718;5;1
3/3;1460;2019-03-20 08:00:00;9732;LL;низ;1301,749;1304,919;4,895;2;1
3/3;1461;2019-03-20 13:00:00;9737;HH;верх;1309,703;1300,906;7,954;5;1
3/3;1462;2019-03-20 15:00:00;9739;LL;низ;1298,803;1314,538;10,900;2;1
3/3;1463;2019-03-20 18:00:00;9742;HH;верх;1317,002;1314,066;18,199;3;1
3/3;1464;2019-03-21 06:00:00;9753;HL;низ;1317,455;1317,514;0,453;11;1
3/3;1465;2019-03-21 07:00:00;9754;HH;верх;1320,434;1314,386;2,979;1;1
3/3;1466;2019-03-21 16:00:00;9763;LL;низ;1303,354;1309,331;17,080;9;2
3/3;1467;2019-03-22 01:00:00;9771;LH;верх;1310,373;1308,247;7,019;8;1
3/3;1468;2019-03-22 05:00:00;9775;HL;низ;1307,434;1311,744;2,939;4;1
3/3;1469;2019-03-22 13:00:00;9783;HH;верх;1314,962;1312,122;7,528;8;2
3/3;1470;2019-03-22 13:00:00;9783;HL;низ;1309,802;1312,122;5,160;0;3
3/3;1471;2019-03-25 18:00:00;9811;HH;верх;1324,568;1322,110;14,766;28;2
3/3;1472;2019-03-26 11:00:00;9827;HL;низ;1312,802;1315,777;11,766;16;1
3/3;1473;2019-03-26 13:00:00;9829;LH;верх;1318,870;1316,106;6,068;2;1
3/3;1474;2019-03-26 16:00:00;9832;HL;низ;1313,431;1315,830;5,439;3;1
3/3;1475;2019-03-27 01:00:00;9840;LH;верх;1318,584;1314,870;5,153;8;2
3/3;1476;2019-03-27 07:00:00;9846;LL;низ;1312,926;1318,477;5,658;6;1
3/3;1477;2019-03-27 10:00:00;9849;HH;верх;1319,361;1312,592;6,435;3;1
3/3;1478;2019-03-27 19:00:00;9858;LL;низ;1308,230;1309,488;11,131;9;2
3/3;1479;2019-03-28 00:00:00;9862;LH;верх;1311,086;1309,924;2,856;4;1
3/3;1480;2019-03-28 02:00:00;9864;LL;низ;1307,408;1311,516;3,678;2;1
3/3;1481;2019-03-28 06:00:00;9868;HH;верх;1312,357;1307,427;4,949;4;1
3/3;1482;2019-03-28 16:00:00;9878;LL;низ;1288,756;1290,658;23,601;10;2
3/3;1483;2019-03-29 00:00:00;9885;LH;верх;1292,735;1289,418;3,979;7;1
3/3;1484;2019-03-29 06:00:00;9891;LL;низ;1286,842;1291,033;5,893;6;1
3/3;1485;2019-03-29 13:00:00;9898;HH;верх;1299,808;1295,410;12,966;7;1
3/3;1486;2019-04-01 00:00:00;9908;HL;низ;1290,500;1293,402;9,308;10;1
3/3;1487;2019-04-01 05:00:00;9913;LH;верх;1293,954;1290,828;3,454;5;1
3/3;1488;2019-04-01 07:00:00;9915;LL;низ;1288,284;1290,176;5,670;2;2
3/3;1489;2019-04-01 13:00:00;9921;HH;верх;1297,077;1289,661;8,793;6;1
3/3;1490;2019-04-01 20:00:00;9928;LL;низ;1286,566;1288,363;10,511;7;1
3/3;1491;2019-04-02 06:00:00;9937;LH;верх;1289,594;1288,492;3,028;9;2
3/3;1492;2019-04-02 07:00:00;9938;LL;низ;1285,368;1287,220;4,226;1;2
3/3;1493;2019-04-03 05:00:00;9959;HH;верх;1293,788;1292,464;8,420;21;2
3/3;1494;2019-04-03 07:00:00;9961;HL;низ;1290,736;1292,930;3,052;2;1
3/3;1495;2019-04-03 11:00:00;9965;HH;верх;1294,527;1290,438;3,791;4;1
3/3;1496;2019-04-03 14:00:00;9968;LL;низ;1288,484;1290,847;6,043;3;1
3/3;1497;2019-04-03 16:00:00;9970;LH;верх;1291,934;1290,134;3,450;2;1
3/3;1498;2019-04-03 20:00:00;9974;HL;низ;1289,771;1292,146;2,163;4;1
3/3;1499;2019-04-04 06:00:00;9983;HH;верх;1293,604;1291,284;3,833;9;2
3/3;1500;2019-04-04 13:00:00;9990;LL;низ;1280,984;1288,948;12,620;7;1
3/3;1501;2019-04-04 19:00:00;9996;HH;верх;1294,446;1292,230;13,462;6;1
3/3;1502;2019-04-05 06:00:00;10006;HL;низ;1287,329;1289,859;7,117;10;1
3/3;1503;2019-04-05 07:00:00;10007;LH;верх;1290,919;1290,012;3,590;1;1
3/3;1504;2019-04-05 12:00:00;10012;LL;низ;1284,498;1291,994;6,421;5;1
3/3;1505;2019-04-08 12:00:00;10035;HH;верх;1303,752;1297,632;19,254;23;3
3/3;1506;2019-04-08 15:00:00;10038;HL;низ;1296,350;1297,799;7,402;3;2
3/3;1507;2019-04-09 01:00:00;10047;LH;верх;1300,124;1299,303;3,774;9;1
3/3;1508;2019-04-09 07:00:00;10053;HL;низ;1297,170;1301,514;2,954;6;1
3/3;1509;2019-04-09 16:00:00;10062;HH;верх;1306,228;1304,334;9,058;9;1
3/3;1510;2019-04-09 19:00:00;10065;HL;низ;1303,422;1304,736;2,806;3;1
3/3;1511;2019-04-09 23:00:00;10068;LH;верх;1305,234;1302,308;1,812;3;1
3/3;1512;2019-04-10 02:00:00;10071;LL;низ;1301,257;1302,888;3,977;3;1
3/3;1513;2019-04-10 07:00:00;10076;HH;верх;1305,412;1303,537;4,155;5;1
3/3;1514;2019-04-10 12:00:00;10081;LL;низ;1301,032;1308,288;4,380;5;1
3/3;1515;2019-04-10 17:00:00;10086;HH;верх;1310,602;1308,022;9,570;5;3
3/3;1516;2019-04-11 17:00:00;10109;LL;низ;1289,779;1292,785;20,823;23;1
3/3;1517;2019-04-12 01:00:00;10116;LH;верх;1294,088;1292,921;4,309;7;1
3/3;1518;2019-04-12 03:00:00;10118;HL;низ;1291,262;1293,325;2,826;2;2
3/3;1519;2019-04-12 09:00:00;10124;HH;верх;1295,824;1291,772;4,562;6;1
3/3;1520;2019-04-12 12:00:00;10127;LL;низ;1290,608;1291,439;5,216;3;1
3/3;1521;2019-04-12 14:00:00;10129;LH;верх;1295,245;1291,480;4,637;2;2
3/3;1522;2019-04-15 13:00:00;10151;LL;низ;1282,718;1289,468;12,527;22;2
3/3;1523;2019-04-15 16:00:00;10154;LH;верх;1290,084;1287,908;7,366;3;2
3/3;1524;2019-04-16 05:00:00;10166;HL;низ;1283,833;1284,578;6,251;12;1
3/3;1525;2019-04-16 07:00:00;10168;LH;верх;1287,471;1283,970;3,638;2;1
3/3;1526;2019-04-16 16:00:00;10177;LL;низ;1273,032;1276,456;14,439;9;2
3/3;1527;2019-04-17 06:00:00;10190;LH;верх;1279,827;1275,563;6,795;13;1
3/3;1528;2019-04-17 09:00:00;10193;HL;низ;1274,736;1276,228;5,091;3;1
3/3;1529;2019-04-17 12:00:00;10196;LH;верх;1277,892;1274,284;3,156;3;1
3/3;1530;2019-04-17 16:00:00;10200;LL;низ;1273,128;1274,266;4,764;4;1
3/3;1531;2019-04-18 00:00:00;10207;LH;верх;1274,849;1272,644;1,721;7;1
3/3;1532;2019-04-18 06:00:00;10213;LL;низ;1271,280;1275,708;3,569;6;1
3/3;1533;2019-04-18 09:00:00;10216;HH;верх;1277,689;1273,828;6,409;3;1
3/3;1534;2019-04-18 16:00:00;10223;HL;низ;1272,615;1275,177;5,074;7;2
3/3;1535;2019-04-22 03:00:00;10233;HH;верх;1279,811;1277,423;7,196;10;1
3/3;1536;2019-04-22 07:00:00;10237;HL;низ;1276,520;1279,694;3,291;4;1
3/3;1537;2019-04-22 10:00:00;10240;HH;верх;1279,876;1275,270;3,356;3;1
3/3;1538;2019-04-23 00:00:00;10253;LL;низ;1273,711;1275,311;6,165;13;2
3/3;1539;2019-04-23 01:00:00;10254;LH;верх;1276,536;1274,591;2,825;1;1
3/3;1540;2019-04-23 14:00:00;10267;LL;низ;1266,421;1271,884;10,115;13;2
3/3;1541;2019-04-23 17:00:00;10270;LH;верх;1273,183;1272,222;6,762;3;1
3/3;1542;2019-04-24 03:00:00;10279;HL;низ;1268,874;1270,465;4,309;9;2
3/3;1543;2019-04-24 15:00:00;10291;HH;верх;1278,548;1275,294;9,674;12;1
3/3;1544;2019-04-25 00:00:00;10299;HL;низ;1273,468;1276,399;5,080;8;1
3/3;1545;2019-04-25 07:00:00;10306;HH;верх;1278,590;1277,009;5,122;7;1
3/3;1546;2019-04-25 12:00:00;10311;HL;низ;1275,294;1278,098;3,296;5;1
3/3;1547;2019-04-26 07:00:00;10329;HH;верх;1283,268;1281,169;7,974;18;3
3/3;1548;2019-04-26 12:00:00;10334;LL;низ;1274,442;1287,615;8,826;5;1
3/3;1549;2019-04-26 16:00:00;10338;HH;верх;1288,743;1285,552;14,301;4;1
3/3;1550;2019-04-26 19:00:00;10341;HL;низ;1285,550;1285,926;3,193;3;1
3/3;1551;2019-04-28 23:00:00;10344;LH;верх;1286,742;1286,604;1,192;3;1
3/3;1552;2019-04-29 00:00:00;10345;LL;низ;1285,036;1286,041;1,706;1;1
3/3;1553;2019-04-29 12:00:00;10357;LH;верх;1284,379;1278,640;0,657;12;1
3/3;1554;2019-04-29 14:00:00;10359;LL;низ;1278,196;1279,190;6,183;2;1
3/3;1555;2019-04-30 11:00:00;10379;HH;верх;1286,164;1281,920;7,968;20;1
3/3;1556;2019-05-01 07:00:00;10398;LL;низ;1277,896;1282,543;8,268;19;4
3/3;1557;2019-05-01 18:00:00;10409;HH;верх;1287,236;1277,799;9,340;11;2
3/3;1558;2019-05-02 08:00:00;10422;LL;низ;1270,381;1271,937;16,855;13;2
3/3;1559;2019-05-02 12:00:00;10426;LH;верх;1273,030;1271,631;2,649;4;1
3/3;1560;2019-05-02 13:00:00;10427;LL;низ;1266,389;1270,406;6,641;1;1
3/3;1561;2019-05-02 16:00:00;10430;LH;верх;1272,198;1270,733;5,809;3;1
3/3;1562;2019-05-02 23:00:00;10436;HL;низ;1270,400;1271,276;1,798;6;1
3/3;1563;2019-05-03 04:00:00;10441;HH;верх;1272,858;1270,513;2,458;5;1
3/3;1564;2019-05-03 12:00:00;10449;LL;низ;1268,466;1279,524;4,392;8;2
3/3;1565;2019-05-03 15:00:00;10452;HH;верх;1282,505;1279,266;14,039;3;1
3/3;1566;2019-05-03 20:00:00;10457;HL;низ;1278,099;1284,226;4,406;5;1
3/3;1567;2019-05-05 22:00:00;10458;HH;верх;1285,861;1282,589;7,762;1;2
3/3;1568;2019-05-06 13:00:00;10473;LL;низ;1277,116;1281,768;8,745;15;2
3/3;1569;2019-05-06 17:00:00;10477;LH;верх;1283,064;1280,505;5,948;4;1
3/3;1570;2019-05-06 19:00:00;10479;HL;низ;1280,083;1282,986;2,981;2;1
3/3;1571;2019-05-07 04:00:00;10487;HH;верх;1283,700;1282,191;3,617;8;2
3/3;1572;2019-05-07 12:00:00;10495;LL;низ;1278,263;1284,073;5,437;8;2
3/3;1573;2019-05-07 18:00:00;10501;HH;верх;1286,143;1284,588;7,880;6;1
3/3;1574;2019-05-08 07:00:00;10513;HL;низ;1285,440;1289,920;0,703;12;1
3/3;1575;2019-05-08 12:00:00;10518;HH;верх;1291,513;1281,286;6,073;5;1
3/3;1576;2019-05-08 17:00:00;10523;LL;низ;1279,501;1281,167;12,012;5;1
3/3;1577;2019-05-09 00:00:00;10529;LH;верх;1282,863;1281,336;3,362;6;1
3/3;1578;2019-05-09 02:00:00;10531;HL;низ;1279,706;1282,178;3,157;2;1
3/3;1579;2019-05-09 08:00:00;10537;HH;верх;1285,620;1282,592;5,914;6;1
3/3;1580;2019-05-09 13:00:00;10542;HL;низ;1280,355;1283,811;5,265;5;1
3/3;1581;2019-05-09 14:00:00;10543;HH;верх;1288,201;1285,195;7,846;1;1
3/3;1582;2019-05-10 00:00:00;10552;HL;низ;1283,238;1285,030;4,963;9;1
3/3;1583;2019-05-10 05:00:00;10557;LH;верх;1286,974;1285,354;3,736;5;1
3/3;1584;2019-05-10 06:00:00;10558;HL;низ;1283,389;1285,432;3,585;1;2
3/3;1585;2019-05-10 14:00:00;10566;HH;верх;1289,447;1286,844;6,058;8;1
3/3;1586;2019-05-10 19:00:00;10571;HL;низ;1285,180;1287,277;4,267;5;1
3/3;1587;2019-05-13 00:00:00;10575;LH;верх;1288,598;1283,762;3,418;4;1
3/3;1588;2019-05-13 07:00:00;10582;LL;низ;1282,072;1283,573;6,526;7;1
3/3;1589;2019-05-14 00:00:00;10598;HH;верх;1303,364;1299,362;21,292;16;2
3/3;1590;2019-05-14 02:00:00;10600;HL;низ;1298,257;1299,348;5,107;2;1
3/3;1591;2019-05-14 05:00:00;10603;LH;верх;1300,012;1297,311;1,755;3;1
3/3;1592;2019-05-14 07:00:00;10605;LL;низ;1296,964;1297,791;3,048;2;1
3/3;1593;2019-05-14 12:00:00;10610;LH;верх;1299,632;1294,466;2,668;5;1
3/3;1594;2019-05-14 15:00:00;10613;LL;низ;1293,908;1295,965;5,724;3;1
3/3;1595;2019-05-15 01:00:00;10622;LH;верх;1298,204;1295,086;4,296;9;1
3/3;1596;2019-05-15 06:00:00;10627;LL;низ;1293,138;1298,364;5,066;5;1
3/3;1597;2019-05-15 12:00:00;10633;HH;верх;1300,922;1296,272;7,784;6;1
3/3;1598;2019-05-15 15:00:00;10636;HL;низ;1294,796;1296,181;6,126;3;2
3/3;1599;2019-05-16 00:00:00;10644;LH;верх;1297,374;1296,216;2,578;8;1
3/3;1600;2019-05-16 02:00:00;10646;HL;низ;1295,249;1296,604;2,125;2;1
3/3;1601;2019-05-16 07:00:00;10651;HH;верх;1298,756;1294,098;3,507;5;1
3/3;1602;2019-05-16 15:00:00;10659;LL;низ;1284,160;1286,196;14,596;8;1
3/3;1603;2019-05-16 19:00:00;10663;LH;верх;1287,172;1285,946;3,012;4;1
3/3;1604;2019-05-17 01:00:00;10668;HL;низ;1284,916;1286,538;2,256;5;1
3/3;1605;2019-05-17 06:00:00;10673;HH;верх;1288,988;1285,305;4,072;5;2
3/3;1606;2019-05-17 17:00:00;10684;LL;низ;1274,962;1277,532;14,026;11;1
3/3;1607;2019-05-19 22:00:00;10688;LH;верх;1278,923;1277,167;3,961;4;2
3/3;1608;2019-05-20 09:00:00;10699;LL;низ;1273,761;1276,577;5,162;11;1
3/3;1609;2019-05-20 15:00:00;10705;HH;верх;1279,034;1277,728;5,273;6;2
3/3;1610;2019-05-21 06:00:00;10719;HL;низ;1274,337;1275,846;4,697;14;1
3/3;1611;2019-05-21 07:00:00;10720;LH;верх;1276,644;1275,332;2,307;1;1
3/3;1612;2019-05-21 13:00:00;10726;LL;низ;1269,603;1273,230;7,041;6;1
3/3;1613;2019-05-22 00:00:00;10736;LH;верх;1275,396;1274,072;5,793;10;2
3/3;1614;2019-05-22 07:00:00;10743;HL;низ;1272,577;1274,079;2,819;7;1
3/3;1615;2019-05-22 12:00:00;10748;HH;верх;1277,331;1275,895;4,754;5;1
3/3;1616;2019-05-22 14:00:00;10750;HL;низ;1273,227;1274,460;4,104;2;1
3/3;1617;2019-05-22 16:00:00;10752;LH;верх;1276,638;1273,838;3,411;2;1
3/3;1618;2019-05-22 22:00:00;10757;HL;низ;1273,434;1274,311;3,204;5;1
3/3;1619;2019-05-23 00:00:00;10759;LH;верх;1274,685;1273,111;1,251;2;1
3/3;1620;2019-05-23 03:00:00;10762;LL;низ;1272,913;1274,099;1,772;3;1
3/3;1621;2019-05-23 15:00:00;10774;HH;верх;1287,347;1285,091;14,434;12;1
3/3;1622;2019-05-24 02:00:00;10784;HL;низ;1282,578;1283,316;4,769;10;1
3/3;1623;2019-05-24 06:00:00;10788;LH;верх;1285,280;1281,661;2,702;4;1
3/3;1624;2019-05-24 13:00:00;10795;LL;низ;1280,842;1284,634;4,438;7;1
3/3;1625;2019-05-24 16:00:00;10798;LH;верх;1285,110;1284,872;4,268;3;1
3/3;1626;2019-05-27 00:00:00;10805;HL;низ;1283,898;1287,048;1,212;7;1
3/3;1627;2019-05-27 01:00:00;10806;HH;верх;1287,451;1286,877;3,553;1;1
3/3;1628;2019-05-27 12:00:00;10817;HL;низ;1285,024;1285,060;2,427;11;2
3/3;1629;2019-05-28 00:00:00;10824;LH;верх;1286,646;1283,183;1,622;7;2
3/3;1630;2019-05-28 04:00:00;10828;LL;низ;1282,444;1283,524;4,202;4;1
3/3;1631;2019-05-28 08:00:00;10832;LH;верх;1285,207;1282,743;2,763;4;1
3/3;1632;2019-05-28 14:00:00;10838;LL;низ;1276,216;1278,147;8,991;6;1
3/3;1633;2019-05-29 00:00:00;10847;LH;верх;1281,945;1279,678;5,729;9;1
3/3;1634;2019-05-29 02:00:00;10849;HL;низ;1279,204;1281,337;2,741;2;1
3/3;1635;2019-05-29 12:00:00;10859;HH;верх;1285,564;1283,198;6,360;10;2
3/3;1636;2019-05-30 07:00:00;10877;LL;низ;1275,124;1276,863;10,440;18;3
3/3;1637;2019-06-03 03:00:00;10919;HH;верх;1312,813;1309,739;37,689;42;5
3/3;1638;2019-06-03 06:00:00;10922;HL;низ;1309,337;1314,474;3,476;3;2
3/3;1639;2019-06-03 19:00:00;10935;HH;верх;1327,998;1325,266;18,661;13;2
3/3;1640;2019-06-04 03:00:00;10942;HL;низ;1321,716;1326,305;6,282;7;1
3/3;1641;2019-06-04 08:00:00;10947;HH;верх;1329,112;1323,472;7,396;5;1
3/3;1642;2019-06-04 12:00:00;10951;LL;низ;1320,039;1322,669;9,073;4;1
3/3;1643;2019-06-04 13:00:00;10952;LH;верх;1328,902;1323,498;8,863;1;2
3/3;1644;2019-06-04 22:00:00;10960;HL;низ;1324,629;1326,777;4,273;8;1
3/3;1645;2019-06-05 12:00:00;10974;HH;верх;1344,136;1328,854;19,507;14;2
3/3;1646;2019-06-05 15:00:00;10977;HL;низ;1327,116;1328,796;17,020;3;1
3/3;1647;2019-06-05 22:00:00;10983;LH;верх;1333,836;1328,913;6,720;6;1
3/3;1648;2019-06-06 01:00:00;10986;HL;низ;1327,317;1330,860;6,519;3;1
3/3;1649;2019-06-06 08:00:00;10993;HH;верх;1337,362;1336,715;10,045;7;1
3/3;1650;2019-06-06 13:00:00;10998;HL;низ;1333,123;1339,236;4,239;5;1
3/3;1651;2019-06-06 16:00:00;11001;HH;верх;1339,798;1333,875;6,675;3;1
3/3;1652;2019-06-07 06:00:00;11014;LL;низ;1330,391;1333,033;9,407;13;2
3/3;1653;2019-06-07 14:00:00;11022;HH;верх;1348,212;1341,768;17,821;8;2
3/3;1654;2019-06-10 08:00:00;11039;LL;низ;1325,204;1325,206;23,008;17;1
3/3;1655;2019-06-10 12:00:00;11043;LH;верх;1330,181;1328,210;4,977;4;1
3/3;1656;2019-06-10 12:00:00;11043;HL;низ;1325,206;1328,210;4,975;0;2
3/3;1657;2019-06-11 01:00:00;11055;LH;верх;1329,913;1328,912;4,707;12;2
3/3;1658;2019-06-11 12:00:00;11066;LL;низ;1319,999;1325,872;9,914;11;1
3/3;1659;2019-06-11 17:00:00;11071;LH;верх;1328,835;1326,845;8,836;5;1
3/3;1660;2019-06-12 01:00:00;11078;HL;низ;1326,120;1332,464;2,715;7;1
3/3;1661;2019-06-12 08:00:00;11085;HH;верх;1338,423;1335,158;12,303;7;1
3/3;1662;2019-06-12 13:00:00;11090;HL;низ;1329,958;1332,617;8,465;5;1
3/3;1663;2019-06-12 16:00:00;11093;LH;верх;1337,026;1333,075;7,068;3;1
3/3;1664;2019-06-12 17:00:00;11094;HL;низ;1331,887;1333,489;5,139;1;2
3/3;1665;2019-06-13 08:00:00;11108;HH;верх;1339,117;1337,267;7,230;14;2
3/3;1666;2019-06-13 13:00:00;11113;HL;низ;1333,787;1339,504;5,330;5;2
3/3;1667;2019-06-14 07:00:00;11130;HH;верх;1358,222;1353,889;24,435;17;2
3/3;1668;2019-06-14 17:00:00;11140;HL;низ;1338,018;1341,932;20,204;10;2
3/3;1669;2019-06-16 22:00:00;11144;LH;верх;1342,499;1340,872;4,481;4;1
3/3;1670;2019-06-17 01:00:00;11147;LL;низ;1336,287;1341,464;6,212;3;1
3/3;1671;2019-06-17 03:00:00;11149;HH;верх;1343,600;1338,216;7,313;2;1
3/3;1672;2019-06-17 09:00:00;11155;LL;низ;1333,120;1339,840;10,480;6;1
3/3;1673;2019-06-17 13:00:00;11159;LH;верх;1343,296;1339,746;10,176;4;1
3/3;1674;2019-06-18 01:00:00;11170;HL;низ;1338,745;1341,893;4,551;11;1
3/3;1675;2019-06-18 12:00:00;11181;HH;верх;1354,622;1346,173;15,877;11;2
3/3;1676;2019-06-18 14:00:00;11183;HL;низ;1339,429;1346,249;15,193;2;1
3/3;1677;2019-06-19 00:00:00;11192;LH;верх;1347,005;1344,404;7,576;9;1
3/3;1678;2019-06-19 01:00:00;11193;HL;низ;1342,293;1345,573;4,712;1;1
3/3;1679;2019-06-19 05:00:00;11197;HH;верх;1347,554;1342,035;5,261;4;1
3/3;1680;2019-06-19 11:00:00;11203;LL;низ;1341,441;1344,136;6,113;6;1
3/3;1681;2019-06-20 01:00:00;11216;HH;верх;1394,279;1378,646;52,838;13;2
3/3;1682;2019-06-20 08:00:00;11223;HL;низ;1377,977;1381,284;16,302;7;1
3/3;1683;2019-06-20 17:00:00;11232;LH;верх;1393,422;1388,290;15,445;9;2
3/3;1684;2019-06-20 20:00:00;11235;HL;низ;1386,788;1393,262;6,634;3;1
3/3;1685;2019-06-21 02:00:00;11240;HH;верх;1411,993;1397,253;25,205;5;1
3/3;1686;2019-06-21 07:00:00;11245;LL;низ;1382,562;1394,870;29,431;5;1
3/3;1687;2019-06-21 10:00:00;11248;LH;верх;1400,336;1398,300;17,774;3;1
3/3;1688;2019-06-21 14:00:00;11252;HL;низ;1389,304;1396,200;11,032;4;1
3/3;1689;2019-06-24 01:00:00;11262;HH;верх;1411,284;1402,395;21,980;10;1
3/3;1690;2019-06-24 04:00:00;11265;HL;низ;1400,928;1402,525;10,356;3;1
3/3;1691;2019-06-24 11:00:00;11272;LH;верх;1410,694;1408,610;9,766;7;1
3/3;1692;2019-06-24 13:00:00;11274;HL;низ;1404,538;1415,112;6,156;2;1
3/3;1693;2019-06-25 04:00:00;11288;HH;верх;1439,318;1432,130;34,780;14;1
3/3;1694;2019-06-25 05:00:00;11289;HL;низ;1420,520;1430,943;18,798;1;2
3/3;1695;2019-06-25 14:00:00;11298;LH;верх;1436,290;1422,611;15,770;9;1
3/3;1696;2019-06-26 03:00:00;11310;LL;низ;1403,477;1405,550;32,813;12;2
3/3;1697;2019-06-26 08:00:00;11315;LH;верх;1413,266;1403,618;9,789;5;1
3/3;1698;2019-06-26 11:00:00;11318;LL;низ;1401,976;1408,788;11,290;3;1
3/3;1699;2019-06-26 15:00:00;11322;HH;верх;1415,358;1409,788;13,382;4;2
3/3;1700;2019-06-27 12:00:00;11342;LL;низ;1398,745;1405,857;16,613;20;2
3/3;1701;2019-06-28 01:00:00;11354;HH;верх;1424,699;1419,331;25,954;12;1
3/3;1702;2019-07-01 07:00:00;11383;LL;низ;1381,904;1389,684;42,795;29;4
3/3;1703;2019-07-01 14:00:00;11390;LH;верх;1396,372;1386,026;14,468;7;1
3/3;1704;2019-07-01 20:00:00;11396;HL;низ;1383,071;1386,135;13,301;6;2
3/3;1705;2019-07-03 01:00:00;11423;HH;верх;1437,800;1426,917;54,729;27;1
3/3;1706;2019-07-03 13:00:00;11435;HL;низ;1412,152;1416,452;25,648;12;3
3/3;1707;2019-07-04 01:00:00;11446;LH;верх;1421,744;1419,040;9,592;11;1
3/3;1708;2019-07-04 07:00:00;11452;LL;низ;1410,305;1414,833;11,439;6;1
3/3;1709;2019-07-04 22:00:00;11462;HH;верх;1424,280;1418,748;13,975;10;1
3/3;1710;2019-07-05 06:00:00;11470;HL;низ;1412,236;1414,269;12,044;8;2
3/3;1711;2019-07-05 11:00:00;11475;LH;верх;1416,212;1395,230;3,976;5;1
3/3;1712;2019-07-05 13:00:00;11477;LL;низ;1386,676;1399,330;29,536;2;1
3/3;1713;2019-07-05 19:00:00;11483;LH;верх;1402,604;1395,754;15,928;6;1
3/3;1714;2019-07-07 22:00:00;11485;HL;низ;1392,856;1399,116;9,748;2;1
3/3;1715;2019-07-08 07:00:00;11494;HH;верх;1407,675;1404,696;14,819;9;2
3/3;1716;2019-07-09 00:00:00;11510;LL;низ;1390,844;1394,542;16,831;16;2
3/3;1717;2019-07-09 04:00:00;11514;LH;верх;1396,421;1392,742;5,577;4;1
3/3;1718;2019-07-09 08:00:00;11518;LL;низ;1385,870;1391,803;10,551;4;1
3/3;1719;2019-07-09 15:00:00;11525;HH;верх;1400,090;1397,962;14,220;7;1
3/3;1720;2019-07-10 06:00:00;11539;HL;низ;1390,050;1395,688;10,040;14;3
3/3;1721;2019-07-11 01:00:00;11557;HH;верх;1427,203;1424,460;37,153;18;1
3/3;1722;2019-07-11 06:00:00;11562;HL;низ;1419,484;1422,236;7,719;5;1
3/3;1723;2019-07-11 09:00:00;11565;LH;верх;1424,002;1415,416;4,518;3;1
3/3;1724;2019-07-11 20:00:00;11576;LL;низ;1401,063;1406,909;22,939;11;1
3/3;1725;2019-07-12 01:00:00;11580;LH;верх;1410,086;1407,687;9,023;4;1
3/3;1726;2019-07-12 05:00:00;11584;HL;низ;1405,096;1409,240;4,990;4;1
3/3;1727;2019-07-12 07:00:00;11586;HH;верх;1412,460;1407,884;7,364;2;1
3/3;1728;2019-07-12 12:00:00;11591;LL;низ;1403,225;1408,238;9,235;5;1
3/3;1729;2019-07-14 22:00:00;11600;HH;верх;1419,783;1412,506;16,558;9;1
3/3;1730;2019-07-15 02:00:00;11604;HL;низ;1409,592;1413,018;10,191;4;1
3/3;1731;2019-07-15 09:00:00;11611;LH;верх;1417,169;1412,298;7,577;7;1
3/3;1732;2019-07-15 14:00:00;11616;LL;низ;1407,806;1412,458;9,363;5;1
3/3;1733;2019-07-15 22:00:00;11623;HH;верх;1418,380;1413,345;10,574;7;1
3/3;1734;2019-07-16 01:00:00;11626;HL;низ;1411,188;1414,197;7,192;3;1
3/3;1735;2019-07-16 05:00:00;11630;LH;верх;1415,726;1414,337;4,538;4;1
3/3;1736;2019-07-16 06:00:00;11631;HL;низ;1412,220;1415,371;3,506;1;1
3/3;1737;2019-07-16 09:00:00;11634;HH;верх;1416,308;1410,938;4,088;3;2
3/3;1738;2019-07-16 18:00:00;11643;LL;низ;1400,792;1405,347;15,516;9;1
3/3;1739;2019-07-17 02:00:00;11650;LH;верх;1406,967;1404,278;6,175;7;2
3/3;1740;2019-07-17 09:00:00;11657;LL;низ;1400,214;1406,164;6,753;7;1
3/3;1741;2019-07-17 22:00:00;11669;HH;верх;1430,609;1423,130;30,395;12;1
3/3;1742;2019-07-18 05:00:00;11676;HL;низ;1418,986;1421,906;11,623;7;1
3/3;1743;2019-07-18 06:00:00;11677;LH;верх;1423,830;1421,463;4,844;1;1
3/3;1744;2019-07-18 12:00:00;11683;LL;низ;1414,774;1428,767;9,056;6;1
3/3;1745;2019-07-18 22:00:00;11692;HH;верх;1453,005;1443,649;38,231;9;2
3/3;1746;2019-07-19 18:00:00;11712;HL;низ;1420,336;1424,856;32,669;20;2
3/3;1747;2019-07-22 05:00:00;11722;LH;верх;1429,990;1425,812;9,654;10;1
3/3;1748;2019-07-22 06:00:00;11723;HL;низ;1424,386;1425,017;5,604;1;1
3/3;1749;2019-07-22 13:00:00;11730;LH;верх;1429,184;1425,918;4,798;7;1
3/3;1750;2019-07-22 14:00:00;11731;HL;низ;1424,399;1428,386;4,785;1;1
3/3;1751;2019-07-22 17:00:00;11734;LH;верх;1428,928;1424,785;4,529;3;1
3/3;1752;2019-07-23 05:00:00;11745;LL;низ;1414,302;1417,928;14,626;11;2
3/3;1753;2019-07-23 14:00:00;11754;HH;верх;1430,188;1419,195;15,886;9;2
3/3;1754;2019-07-23 20:00:00;11760;HL;низ;1416,188;1419,211;14,000;6;1
3/3;1755;2019-07-24 02:00:00;11765;LH;верх;1422,513;1420,831;6,325;5;1
3/3;1756;2019-07-24 05:00:00;11768;HL;низ;1418,434;1425,364;4,079;3;1
3/3;1757;2019-07-24 14:00:00;11777;HH;верх;1429,546;1423,236;11,112;9;1
3/3;1758;2019-07-24 17:00:00;11780;HL;низ;1420,603;1425,506;8,943;3;1
3/3;1759;2019-07-24 22:00:00;11784;LH;верх;1426,662;1423,582;6,059;4;1
3/3;1760;2019-07-25 05:00:00;11791;HL;низ;1421,824;1426,855;4,838;7;1
3/3;1761;2019-07-25 11:00:00;11797;HH;верх;1433,826;1418,154;12,002;6;1
3/3;1762;2019-07-25 17:00:00;11803;LL;низ;1411,206;1414,472;22,620;6;2
3/3;1763;2019-07-26 01:00:00;11810;LH;верх;1417,897;1415,853;6,691;7;1
3/3;1764;2019-07-26 06:00:00;11815;HL;низ;1414,033;1418,729;3,864;5;1
3/3;1765;2019-07-26 07:00:00;11816;HH;верх;1419,958;1418,946;5,925;1;1
3/3;1766;2019-07-26 12:00:00;11821;LL;низ;1413,545;1418,758;6,413;5;1
3/3;1767;2019-07-26 13:00:00;11822;HH;верх;1424,915;1418,656;11,370;1;1
3/3;1768;2019-07-26 20:00:00;11829;HL;низ;1416,468;1421,308;8,447;7;1
3/3;1769;2019-07-29 01:00:00;11833;LH;верх;1424,340;1420,164;7,872;4;1
3/3;1770;2019-07-29 06:00:00;11838;HL;низ;1417,553;1418,812;6,787;5;1
3/3;1771;2019-07-29 13:00:00;11845;LH;верх;1422,288;1420,725;4,735;7;1
3/3;1772;2019-07-29 13:00:00;11845;LL;низ;1414,938;1420,725;7,350;0;1
3/3;1773;2019-07-29 19:00:00;11851;HH;верх;1428,088;1424,593;13,150;6;1
3/3;1774;2019-07-30 01:00:00;11856;HL;низ;1422,413;1425,202;5,675;5;2
3/3;1775;2019-07-30 12:00:00;11867;HH;верх;1431,050;1427,926;8,637;11;1
3/3;1776;2019-07-30 14:00:00;11869;HL;низ;1425,018;1430,582;6,032;2;1
3/3;1777;2019-07-30 18:00:00;11873;HH;верх;1433,280;1430,798;8,262;4;2
3/3;1778;2019-07-31 02:00:00;11880;HL;низ;1427,751;1430,744;5,529;7;1
3/3;1779;2019-07-31 13:00:00;11891;HH;верх;1434,549;1424,551;6,798;11;3
3/3;1780;2019-08-01 08:00:00;11909;LL;низ;1402,994;1403,900;31,555;18;2
3/3;1781;2019-08-01 10:00:00;11911;LH;верх;1408,223;1405,230;5,229;2;1
3/3;1782;2019-08-01 13:00:00;11914;LL;низ;1400,613;1418,997;7,610;3;1
3/3;1783;2019-08-01 22:00:00;11922;HH;верх;1448,998;1432,548;48,385;8;1
3/3;1784;2019-08-02 03:00:00;11927;HL;низ;1430,386;1433,532;18,612;5;1
3/3;1785;2019-08-02 07:00:00;11931;LH;верх;1440,181;1436,878;9,795;4;1
3/3;1786;2019-08-02 13:00:00;11937;HL;низ;1431,041;1446,906;9,140;6;1
3/3;1787;2019-08-02 16:00:00;11940;HH;верх;1447,912;1441,036;16,871;3;1
3/3;1788;2019-08-04 22:00:00;11945;HL;низ;1436,794;1449,236;11,118;5;1
3/3;1789;2019-08-05 14:00:00;11961;HH;верх;1469,704;1464,491;32,910;16;2
3/3;1790;2019-08-05 15:00:00;11962;HL;низ;1453,102;1467,392;16,602;1;2
3/3;1791;2019-08-06 00:00:00;11970;HH;верх;1474,900;1461,044;21,798;8;1
3/3;1792;2019-08-06 04:00:00;11974;HL;низ;1456,490;1461,394;18,410;4;1
3/3;1793;2019-08-06 15:00:00;11985;LH;верх;1473,767;1470,854;17,277;11;1
3/3;1794;2019-08-06 18:00:00;11988;HL;низ;1468,370;1473,476;5,397;3;1
3/3;1795;2019-08-07 01:00:00;11994;HH;верх;1490,205;1484,931;21,835;6;1
3/3;1796;2019-08-07 05:00:00;11998;HL;низ;1481,370;1486,930;8,835;4;1
3/3;1797;2019-08-07 14:00:00;12007;HH;верх;1510,452;1503,218;29,082;9;2
3/3;1798;2019-08-07 19:00:00;12012;HL;низ;1494,044;1501,790;16,408;5;1
3/3;1799;2019-08-08 00:00:00;12016;LH;верх;1506,777;1499,569;12,733;4;1
3/3;1800;2019-08-08 01:00:00;12017;LL;низ;1491,940;1501,064;14,837;1;1
3/3;1801;2019-08-08 06:00:00;12022;LH;верх;1503,840;1495,820;11,900;5;2
3/3;1802;2019-08-08 13:00:00;12029;LL;низ;1490,125;1495,858;13,715;7;1
3/3;1803;2019-08-08 18:00:00;12034;HH;верх;1509,617;1502,762;19,492;5;1
3/3;1804;2019-08-09 01:00:00;12040;HL;низ;1499,188;1506,410;10,429;6;1
3/3;1805;2019-08-09 06:00:00;12045;LH;верх;1508,139;1503,466;8,951;5;1
3/3;1806;2019-08-09 13:00:00;12052;LL;низ;1494,882;1500,032;13,257;7;2
3/3;1807;2019-08-09 15:00:00;12054;LH;верх;1505,931;1497,224;11,049;2;1
3/3;1808;2019-08-11 22:00:00;12060;LL;низ;1494,658;1497,360;11,273;6;2
3/3;1809;2019-08-11 23:00:00;12061;LH;верх;1501,614;1496,418;6,956;1;1
3/3;1810;2019-08-12 07:00:00;12069;LL;низ;1487,478;1504,350;14,136;8;1
3/3;1811;2019-08-12 11:00:00;12073;HH;верх;1508,486;1503,788;21,008;4;1
3/3;1812;2019-08-12 13:00:00;12075;HL;низ;1499,937;1505,902;8,549;2;1
3/3;1813;2019-08-12 18:00:00;12080;HH;верх;1520,001;1512,068;20,064;5;2
3/3;1814;2019-08-13 01:00:00;12086;HL;низ;1509,739;1516,176;10,262;6;1
3/3;1815;2019-08-13 10:00:00;12095;HH;верх;1535,094;1486,300;25,355;9;1
3/3;1816;2019-08-13 13:00:00;12098;LL;низ;1479,990;1502,198;55,104;3;1
3/3;1817;2019-08-14 01:00:00;12109;LH;верх;1503,948;1497,987;23,958;11;1
3/3;1818;2019-08-14 01:00:00;12109;HL;низ;1494,286;1497,987;9,662;0;2
3/3;1819;2019-08-14 11:00:00;12119;HH;верх;1518,350;1515,406;24,064;10;1
3/3;1820;2019-08-14 14:00:00;12122;HL;низ;1506,065;1516,011;12,285;3;1
3/3;1821;2019-08-14 17:00:00;12125;HH;верх;1524,114;1516,924;18,049;3;1
3/3;1822;2019-08-14 20:00:00;12128;HL;низ;1509,242;1517,039;14,872;3;1
3/3;1823;2019-08-15 01:00:00;12132;HH;верх;1524,345;1520,941;15,103;4;1
3/3;1824;2019-08-15 06:00:00;12137;LL;низ;1508,027;1518,491;16,318;5;1
3/3;1825;2019-08-15 10:00:00;12141;LH;верх;1522,790;1515,112;14,763;4;1
3/3;1826;2019-08-15 12:00:00;12143;HL;низ;1509,028;1519,276;13,762;2;1
3/3;1827;2019-08-16 00:00:00;12154;HH;верх;1528,038;1521,193;19,010;11;2
3/3;1828;2019-08-16 09:00:00;12163;LL;низ;1505,719;1509,944;22,319;9;2
3/3;1829;2019-08-16 14:00:00;12168;LH;верх;1516,277;1514,578;10,558;5;1
3/3;1830;2019-08-16 14:00:00;12168;LL;низ;1503,719;1514,578;12,558;0;1
3/3;1831;2019-08-16 18:00:00;12172;HH;верх;1517,394;1509,719;13,675;4;1
3/3;1832;2019-08-19 01:00:00;12178;HL;низ;1505,206;1509,179;12,188;6;1
3/3;1833;2019-08-19 02:00:00;12179;LH;верх;1512,816;1507,210;7,610;1;1
3/3;1834;2019-08-19 11:00:00;12188;LL;низ;1493,424;1501,194;19,392;9;1
3/3;1835;2019-08-19 14:00:00;12191;LH;верх;1503,497;1498,564;10,073;3;1
3/3;1836;2019-08-19 22:00:00;12198;LL;низ;1493,058;1496,892;10,439;7;1
3/3;1837;2019-08-20 01:00:00;12201;LH;верх;1499,541;1495,256;6,483;3;1
3/3;1838;2019-08-20 03:00:00;12203;HL;низ;1494,485;1496,885;5,056;2;1
3/3;1839;2019-08-20 11:00:00;12211;HH;верх;1508,617;1502,901;14,132;8;1
3/3;1840;2019-08-20 13:00:00;12213;HL;низ;1501,519;1504,877;7,098;2;1
3/3;1841;2019-08-20 23:00:00;12222;LH;верх;1508,116;1503,632;6,597;9;2
3/3;1842;2019-08-21 07:00:00;12230;LL;низ;1496,643;1501,602;11,473;8;2
3/3;1843;2019-08-21 18:00:00;12241;LH;верх;1507,531;1502,850;10,888;11;1
3/3;1844;2019-08-21 19:00:00;12242;HL;низ;1500,234;1502,657;7,297;1;1
3/3;1845;2019-08-22 06:00:00;12252;LH;верх;1502,321;1498,157;2,087;10;1
3/3;1846;2019-08-22 11:00:00;12257;LL;низ;1492,593;1500,472;9,728;5;1
3/3;1847;2019-08-22 13:00:00;12259;HH;верх;1504,700;1499,144;12,107;2;1
3/3;1848;2019-08-23 06:00:00;12275;HL;низ;1493,671;1496,528;11,029;16;3
3/3;1849;2019-08-25 22:00:00;12290;HH;верх;1555,182;1544,170;61,511;15;1
3/3;1850;2019-08-26 08:00:00;12300;HL;низ;1525,190;1531,543;29,992;10;2
3/3;1851;2019-08-26 14:00:00;12306;LH;верх;1537,124;1528,970;11,934;6;1
3/3;1852;2019-08-26 17:00:00;12309;HL;низ;1526,378;1527,431;10,746;3;1
3/3;1853;2019-08-27 01:00:00;12316;LH;верх;1530,286;1527,812;3,908;7;1
3/3;1854;2019-08-27 01:00:00;12316;LL;низ;1525,836;1527,812;4,450;0;1
3/3;1855;2019-08-27 07:00:00;12322;HH;верх;1535,074;1530,286;9,238;6;1
3/3;1856;2019-08-27 13:00:00;12328;HL;низ;1528,623;1542,834;6,451;6;1
3/3;1857;2019-08-27 16:00:00;12331;HH;верх;1544,719;1542,948;16,096;3;1
3/3;1858;2019-08-27 19:00:00;12334;HL;низ;1537,431;1543,606;7,288;3;1
3/3;1859;2019-08-28 01:00:00;12339;LH;верх;1544,707;1535,527;7,276;5;1
3/3;1860;2019-08-28 02:00:00;12340;LL;низ;1532,002;1539,066;12,705;1;1
3/3;1861;2019-08-28 12:00:00;12350;HH;верх;1546,932;1537,724;14,930;10;2
3/3;1862;2019-08-28 13:00:00;12351;HL;низ;1533,873;1536,720;13,059;1;1
3/3;1863;2019-08-28 18:00:00;12356;LH;верх;1542,662;1538,351;8,789;5;1
3/3;1864;2019-08-28 22:00:00;12359;HL;низ;1537,866;1542,314;4,796;3;1
3/3;1865;2019-08-29 06:00:00;12367;HH;верх;1550,402;1538,784;12,536;8;1
3/3;1866;2019-08-29 11:00:00;12372;LL;низ;1533,907;1539,160;16,495;5;1
3/3;1867;2019-08-29 13:00:00;12374;LH;верх;1545,351;1528,588;11,444;2;1
3/3;1868;2019-08-29 18:00:00;12379;LL;низ;1519,690;1527,700;25,661;5;1
3/3;1869;2019-08-29 20:00:00;12381;LH;верх;1529,796;1524,778;10,106;2;1
3/3;1870;2019-08-30 01:00:00;12385;HL;низ;1522,304;1526,173;7,492;4;1
3/3;1871;2019-08-30 06:00:00;12390;HH;верх;1533,210;1525,622;10,906;5;1
3/3;1872;2019-08-30 08:00:00;12392;LL;низ;1522,060;1524,120;11,150;2;2
3/3;1873;2019-08-30 15:00:00;12399;LH;верх;1532,870;1525,512;10,810;7;1
3/3;1874;2019-08-30 17:00:00;12401;LL;низ;1517,160;1520,531;15,710;2;1
3/3;1875;2019-09-01 22:00:00;12405;HH;верх;1535,079;1524,612;17,919;4;1
3/3;1876;2019-09-02 07:00:00;12414;HL;низ;1519,438;1524,253;15,641;9;3
3/3;1877;2019-09-02 16:00:00;12423;LH;верх;1531,338;1525,288;11,900;9;1
3/3;1878;2019-09-03 03:00:00;12429;HL;низ;1521,728;1526,754;9,610;6;2
3/3;1879;2019-09-03 15:00:00;12441;HH;верх;1549,810;1543,885;28,082;12;1
3/3;1880;2019-09-03 19:00:00;12445;HL;низ;1542,342;1549,207;7,468;4;1
3/3;1881;2019-09-03 23:00:00;12448;HH;верх;1550,172;1544,649;7,830;3;1
3/3;1882;2019-09-04 11:00:00;12460;LL;низ;1533,978;1546,680;16,194;12;3
3/3;1883;2019-09-04 17:00:00;12466;HH;верх;1557,074;1552,385;23,096;6;1
3/3;1884;2019-09-05 02:00:00;12474;HL;низ;1541,920;1544,952;15,154;8;1
3/3;1885;2019-09-05 07:00:00;12479;LH;верх;1550,226;1541,606;8,306;5;2
3/3;1886;2019-09-05 14:00:00;12486;LL;низ;1506,492;1520,149;43,734;7;1
3/3;1887;2019-09-06 00:00:00;12495;LH;верх;1520,226;1514,498;13,734;9;2
3/3;1888;2019-09-06 12:00:00;12507;LL;низ;1502,707;1521,100;17,519;12;1
3/3;1889;2019-09-06 13:00:00;12508;HH;верх;1527,836;1517,896;25,129;1;1
3/3;1890;2019-09-08 22:00:00;12516;HL;низ;1503,426;1510,756;24,410;8;1
3/3;1891;2019-09-09 01:00:00;12519;LH;верх;1512,598;1509,673;9,172;3;2
3/3;1892;2019-09-09 08:00:00;12526;HL;низ;1504,711;1511,599;7,887;7;1
3/3;1893;2019-09-09 13:00:00;12531;HH;верх;1515,466;1503,415;10,755;5;1
3/3;1894;2019-09-10 01:00:00;12542;LL;низ;1486,567;1489,987;28,899;11;2
3/3;1895;2019-09-10 08:00:00;12549;LH;верх;1496,862;1491,986;10,295;7;1
3/3;1896;2019-09-10 12:00:00;12553;HL;низ;1488,877;1494,492;7,985;4;1
3/3;1897;2019-09-10 13:00:00;12554;HH;верх;1500,906;1491,255;12,029;1;1
3/3;1898;2019-09-10 20:00:00;12561;LL;низ;1484,705;1488,908;16,201;7;1
3/3;1899;2019-09-11 06:00:00;12570;LH;верх;1495,071;1492,711;10,366;9;2
3/3;1900;2019-09-11 13:00:00;12577;HL;низ;1487,002;1493,731;8,069;7;2
3/3;1901;2019-09-11 23:00:00;12586;HH;верх;1498,502;1492,930;11,500;9;2
3/3;1902;2019-09-12 00:00:00;12587;HL;низ;1489,358;1493,606;9,144;1;2
3/3;1903;2019-09-12 12:00:00;12599;HH;верх;1524,250;1503,273;34,892;12;1
3/3;1904;2019-09-12 22:00:00;12608;HL;низ;1495,452;1496,958;28,798;9;2
3/3;1905;2019-09-13 11:00:00;12621;LH;верх;1509,042;1495,889;13,590;13;2
3/3;1906;2019-09-13 18:00:00;12628;LL;низ;1485,965;1504,460;23,077;7;1
3/3;1907;2019-09-16 00:00:00;12633;HH;верх;1512,070;1503,169;26,105;5;2
3/3;1908;2019-09-16 08:00:00;12641;HL;низ;1499,109;1503,700;12,961;8;1
3/3;1909;2019-09-16 10:00:00;12643;LH;верх;1505,208;1497,530;6,099;2;1
3/3;1910;2019-09-16 14:00:00;12647;LL;низ;1495,972;1502,302;9,236;4;1
3/3;1911;2019-09-16 15:00:00;12648;HH;верх;1506,300;1501,718;10,328;1;1
3/3;1912;2019-09-16 19:00:00;12652;HL;низ;1496,943;1498,098;9,357;4;1
3/3;1913;2019-09-17 02:00:00;12658;LH;верх;1500,956;1497,558;4,013;6;1
3/3;1914;2019-09-17 06:00:00;12662;LL;низ;1493,566;1498,170;7,390;4;1
3/3;1915;2019-09-17 16:00:00;12672;HH;верх;1507,086;1502,071;13,520;10;1
3/3;1916;2019-09-17 23:00:00;12678;HL;низ;1500,618;1502,088;6,468;6;1
3/3;1917;2019-09-18 01:00:00;12680;LH;верх;1503,640;1502,431;3,022;2;2
3/3;1918;2019-09-18 10:00:00;12689;LL;низ;1499,666;1504,704;3,974;9;1
3/3;1919;2019-09-18 17:00:00;12696;HH;верх;1511,661;1494,022;11,995;7;1
3/3;1920;2019-09-18 18:00:00;12697;LL;низ;1483,311;1493,330;28,350;1;3
3/3;1921;2019-09-19 13:00:00;12715;LH;верх;1504,556;1499,422;21,245;18;1
3/3;1922;2019-09-19 15:00:00;12717;HL;низ;1496,670;1499,502;7,886;2;1
3/3;1923;2019-09-20 06:00:00;12731;HH;верх;1506,851;1503,601;10,181;14;1
3/3;1924;2019-09-20 12:00:00;12737;HL;низ;1498,702;1502,374;8,149;6;2
3/3;1925;2019-09-23 02:00:00;12750;HH;верх;1519,624;1515,717;20,922;13;2
3/3;1926;2019-09-23 07:00:00;12755;HL;низ;1511,652;1519,378;7,972;5;1
3/3;1927;2019-09-23 08:00:00;12756;HH;верх;1521,255;1519,147;9,603;1;1
3/3;1928;2019-09-23 12:00:00;12760;HL;низ;1516,396;1522,976;4,859;4;1
3/3;1929;2019-09-23 15:00:00;12763;HH;верх;1526,798;1524,134;10,402;3;1
3/3;1930;2019-09-24 06:00:00;12777;HL;низ;1519,434;1520,996;7,364;14;2
3/3;1931;2019-09-24 07:00:00;12778;LH;верх;1523,950;1521,377;4,516;1;1
3/3;1932;2019-09-24 13:00:00;12784;LL;низ;1515,710;1534,126;8,240;6;1
3/3;1933;2019-09-24 16:00:00;12787;HH;верх;1535,668;1532,952;19,958;3;2
3/3;1934;2019-09-25 06:00:00;12800;HL;низ;1527,798;1530,444;7,870;13;1
3/3;1935;2019-09-25 08:00:00;12802;LH;верх;1532,921;1528,298;5,123;2;1
3/3;1936;2019-09-25 16:00:00;12810;LL;низ;1500,562;1504,466;32,359;8;1
3/3;1937;2019-09-26 05:00:00;12822;LH;верх;1511,192;1508,480;10,630;12;1
3/3;1938;2019-09-26 12:00:00;12829;LL;низ;1500,400;1508,524;10,792;7;2
3/3;1939;2019-09-26 13:00:00;12830;HH;верх;1512,382;1506,207;11,982;1;1
3/3;1940;2019-09-26 19:00:00;12836;HL;низ;1502,012;1506,886;10,370;6;1
3/3;1941;2019-09-27 00:00:00;12840;LH;верх;1507,482;1506,814;5,470;4;1
3/3;1942;2019-09-27 02:00:00;12842;HL;низ;1504,713;1504,821;2,769;2;1
3/3;1943;2019-09-27 05:00:00;12845;LH;верх;1507,067;1496,846;2,354;3;1
3/3;1944;2019-09-27 13:00:00;12853;LL;низ;1487,105;1502,249;19,962;8;1
3/3;1945;2019-09-27 17:00:00;12857;LH;верх;1503,157;1497,199;16,052;4;3
3/3;1946;2019-09-30 17:00:00;12880;LL;низ;1464,558;1472,512;38,599;23;1
3/3;1947;2019-09-30 19:00:00;12882;LH;верх;1474,934;1473,676;10,376;2;2
3/3;1948;2019-10-01 08:00:00;12894;LL;низ;1459,170;1466,818;15,764;12;1
3/3;1949;2019-10-01 10:00:00;12896;LH;верх;1470,210;1464,413;11,040;2;1
3/3;1950;2019-10-01 13:00:00;12899;HL;низ;1462,151;1483,370;8,059;3;1
3/3;1951;2019-10-01 16:00:00;12902;HH;верх;1487,256;1481,236;25,105;3;1
3/3;1952;2019-10-01 18:00:00;12904;HL;низ;1477,680;1478,620;9,576;2;1
3/3;1953;2019-10-01 23:00:00;12908;LH;верх;1482,504;1477,557;4,824;4;1
3/3;1954;2019-10-02 06:00:00;12915;LL;низ;1474,638;1483,710;7,866;7;1
3/3;1955;2019-10-02 17:00:00;12926;HH;верх;1505,186;1499,860;30,548;11;1
3/3;1956;2019-10-02 19:00:00;12928;HL;низ;1497,781;1500,102;7,405;2;1
3/3;1957;2019-10-03 00:00:00;12932;LH;верх;1502,830;1498,799;5,049;4;1
3/3;1958;2019-10-03 06:00:00;12938;LL;низ;1495,922;1500,416;6,908;6;2
3/3;1959;2019-10-03 14:00:00;12946;HH;верх;1519,651;1506,901;23,729;8;1
3/3;1960;2019-10-03 20:00:00;12952;HL;низ;1504,752;1507,758;14,899;6;1
3/3;1961;2019-10-04 02:00:00;12957;LH;верх;1510,087;1507,046;5,335;5;1
3/3;1962;2019-10-04 06:00:00;12961;HL;низ;1506,524;1509,462;3,563;4;1
3/3;1963;2019-10-04 12:00:00;12967;HH;верх;1515,820;1503,731;9,296;6;1
3/3;1964;2019-10-04 12:00:00;12967;LL;низ;1495,848;1503,731;19,972;0;1
3/3;1965;2019-10-06 22:00:00;12976;LH;верх;1512,482;1507,824;16,634;9;3
3/3;1966;2019-10-07 13:00:00;12991;LL;низ;1495,811;1499,778;16,671;15;1
3/3;1967;2019-10-07 14:00:00;12992;LH;верх;1504,185;1491,844;8,374;1;1
3/3;1968;2019-10-07 17:00:00;12995;LL;низ;1488,128;1493,207;16,057;3;1
3/3;1969;2019-10-07 22:00:00;12999;LH;верх;1494,424;1491,730;6,296;4;1
3/3;1970;2019-10-08 01:00:00;13002;LL;низ;1487,172;1491,272;7,252;3;2
3/3;1971;2019-10-08 13:00:00;13014;HH;верх;1508,748;1500,331;21,576;12;1
3/3;1972;2019-10-08 17:00:00;13018;HL;низ;1497,870;1505,452;10,878;4;1
3/3;1973;2019-10-08 18:00:00;13019;HH;верх;1509,746;1507,186;11,876;1;2
3/3;1974;2019-10-09 01:00:00;13025;HL;низ;1503,996;1506,064;5,750;6;1
3/3;1975;2019-10-09 07:00:00;13031;HH;верх;1511,471;1502,278;7,475;6;1
3/3;1976;2019-10-09 11:00:00;13035;LL;низ;1499,939;1507,748;11,532;4;1
3/3;1977;2019-10-09 14:00:00;13038;LH;верх;1509,320;1507,082;9,381;3;1
3/3;1978;2019-10-09 17:00:00;13041;HL;низ;1503,092;1505,624;6,228;3;1
3/3;1979;2019-10-09 22:00:00;13045;HH;верх;1517,108;1508,984;14,016;4;1
3/3;1980;2019-10-10 06:00:00;13053;HL;низ;1503,900;1508,594;13,208;8;2
3/3;1981;2019-10-10 12:00:00;13059;LH;верх;1511,388;1494,576;7,488;6;2
3/3;1982;2019-10-10 14:00:00;13061;LL;низ;1491,809;1497,144;19,579;2;1
3/3;1983;2019-10-10 18:00:00;13065;LH;верх;1499,818;1493,280;8,009;4;1
3/3;1984;2019-10-11 00:00:00;13070;LL;низ;1490,934;1495,448;8,884;5;1
3/3;1985;2019-10-11 02:00:00;13072;LH;верх;1497,284;1496,243;6,350;2;1
3/3;1986;2019-10-11 05:00:00;13075;HL;низ;1493,944;1499,036;3,340;3;1
3/3;1987;2019-10-11 08:00:00;13078;HH;верх;1503,248;1483,072;9,304;3;1
3/3;1988;2019-10-11 14:00:00;13084;LL;низ;1474,094;1485,155;29,154;6;1
3/3;1989;2019-10-14 11:00:00;13104;LH;верх;1497,149;1491,364;23,055;20;2
3/3;1990;2019-10-14 13:00:00;13106;HL;низ;1488,776;1493,230;8,373;2;1
3/3;1991;2019-10-14 17:00:00;13110;LH;верх;1493,638;1493,275;4,862;4;1
3/3;1992;2019-10-14 19:00:00;13112;HL;низ;1490,672;1491,328;2,966;2;1
3/3;1993;2019-10-15 03:00:00;13119;HH;верх;1495,494;1490,450;4,822;7;1
3/3;1994;2019-10-15 06:00:00;13122;LL;низ;1488,920;1494,326;6,574;3;1
3/3;1995;2019-10-15 10:00:00;13126;HH;верх;1498,486;1487,698;9,566;4;1
3/3;1996;2019-10-15 15:00:00;13131;LL;низ;1477,345;1481,648;21,141;5;1
3/3;1997;2019-10-16 00:00:00;13139;LH;верх;1484,962;1483,456;7,617;8;1
3/3;1998;2019-10-16 12:00:00;13151;LL;низ;1477,228;1488,156;7,734;12;2
3/3;1999;2019-10-17 00:00:00;13162;HH;верх;1493,126;1488,537;15,898;11;3
3/3;2000;2019-10-17 05:00:00;13167;HL;низ;1487,220;1488,576;5,906;5;1
3/3;2001;2019-10-17 06:00:00;13168;LH;верх;1491,926;1486,069;4,706;1;1
3/3;2002;2019-10-17 09:00:00;13171;LL;низ;1483,526;1490,228;8,400;3;1
3/3;2003;2019-10-17 16:00:00;13178;HH;верх;1497,288;1491,972;13,762;7;1
3/3;2004;2019-10-18 02:00:00;13187;HL;низ;1490,811;1492,310;6,477;9;2
3/3;2005;2019-10-18 05:00:00;13190;LH;верх;1493,050;1487,660;2,239;3;1
3/3;2006;2019-10-18 11:00:00;13196;LL;низ;1485,070;1491,037;7,980;6;1
3/3;2007;2019-10-18 13:00:00;13198;HH;верх;1493,417;1491,928;8,347;2;2
3/3;2008;2019-10-21 01:00:00;13209;HL;низ;1489,204;1489,752;4,213;11;1
3/3;2009;2019-10-21 06:00:00;13214;HH;верх;1493,847;1491,694;4,643;5;1
3/3;2010;2019-10-21 08:00:00;13216;LL;низ;1487,559;1490,103;6,288;2;1
3/3;2011;2019-10-21 13:00:00;13221;HH;верх;1495,258;1484,564;7,699;5;1
3/3;2012;2019-10-22 00:00:00;13231;LL;низ;1480,961;1484,404;14,297;10;2
3/3;2013;2019-10-22 07:00:00;13238;LH;верх;1489,054;1487,776;8,093;7;2
3/3;2014;2019-10-22 16:00:00;13247;HL;низ;1482,960;1487,586;6,094;9;1
3/3;2015;2019-10-23 00:00:00;13254;HH;верх;1490,709;1489,309;7,749;7;2
3/3;2016;2019-10-23 06:00:00;13260;HL;низ;1488,221;1493,360;2,488;6;1
3/3;2017;2019-10-23 09:00:00;13263;HH;верх;1495,056;1493,063;6,835;3;1
3/3;2018;2019-10-23 10:00:00;13264;HL;низ;1490,174;1495,358;4,882;1;1
3/3;2019;2019-10-23 13:00:00;13267;HH;верх;1496,272;1492,336;6,098;3;1
3/3;2020;2019-10-24 00:00:00;13277;HL;низ;1491,042;1492,437;5,230;10;1
3/3;2021;2019-10-24 02:00:00;13279;LH;верх;1493,642;1492,969;2,600;2;1
3/3;2022;2019-10-24 07:00:00;13284;LL;низ;1488,085;1490,320;5,557;5;1
3/3;2023;2019-10-24 18:00:00;13295;HH;верх;1503,990;1503,066;15,905;11;2
3/3;2024;2019-10-25 01:00:00;13301;HL;низ;1500,877;1503,095;3,113;6;1
3/3;2025;2019-10-25 13:00:00;13313;HH;верх;1517,974;1502,712;17,097;12;2
3/3;2026;2019-10-25 17:00:00;13317;LL;низ;1500,725;1504,520;17,249;4;1
3/3;2027;2019-10-25 19:00:00;13319;LH;верх;1506,264;1504,094;5,539;2;1
3/3;2028;2019-10-27 22:00:00;13321;HL;низ;1502,178;1505,952;4,086;2;1
3/3;2029;2019-10-28 01:00:00;13324;HH;верх;1506,271;1503,807;4,093;3;1
3/3;2030;2019-10-28 05:00:00;13328;HL;низ;1503,384;1506,626;2,887;4;1
3/3;2031;2019-10-28 07:00:00;13330;HH;верх;1508,284;1504,619;4,900;2;1
3/3;2032;2019-10-28 14:00:00;13337;LL;низ;1490,136;1493,089;18,148;7;1
3/3;2033;2019-10-28 20:00:00;13343;LH;верх;1494,008;1492,045;3,872;6;1
3/3;2034;2019-10-29 00:00:00;13346;HL;низ;1490,342;1492,149;3,666;3;1
3/3;2035;2019-10-29 01:00:00;13347;LH;верх;1493,006;1491,898;2,664;1;1
3/3;2036;2019-10-29 06:00:00;13352;HL;низ;1490,977;1493,916;2,029;5;1
3/3;2037;2019-10-29 07:00:00;13353;HH;верх;1494,853;1486,970;3,876;1;1
3/3;2038;2019-10-29 13:00:00;13359;LL;низ;1483,596;1489,026;11,257;6;1
3/3;2039;2019-10-29 15:00:00;13361;LH;верх;1492,520;1490,216;8,924;2;1
3/3;2040;2019-10-29 22:00:00;13367;HL;низ;1487,112;1489,082;5,408;6;1
3/3;2041;2019-10-30 01:00:00;13370;LH;верх;1489,554;1489,293;2,442;3;1
3/3;2042;2019-10-30 06:00:00;13375;HL;низ;1487,388;1490,862;2,166;5;1
3/3;2043;2019-10-30 14:00:00;13383;HH;верх;1495,748;1493,774;8,360;8;1
3/3;2044;2019-10-30 18:00:00;13387;LL;низ;1481,264;1495,746;14,484;4;1
3/3;2045;2019-10-31 14:00:00;13406;HH;верх;1514,146;1512,293;32,882;19;5
3/3;2046;2019-11-01 07:00:00;13422;HL;низ;1509,283;1510,506;4,863;16;1
3/3;2047;2019-11-01 08:00:00;13423;HH;верх;1514,772;1510,495;5,489;1;1
3/3;2048;2019-11-01 12:00:00;13427;LL;низ;1503,409;1510,568;11,363;4;1
3/3;2049;2019-11-01 14:00:00;13429;HH;верх;1516,171;1509,246;12,762;2;1
3/3;2050;2019-11-01 18:00:00;13433;HL;низ;1507,248;1512,937;8,923;4;1
3/3;2051;2019-11-01 20:00:00;13435;LH;верх;1514,404;1513,189;7,156;2;1
3/3;2052;2019-11-04 01:00:00;13438;HL;низ;1511,096;1511,855;3,308;3;1
3/3;2053;2019-11-04 08:00:00;13445;LH;верх;1514,064;1512,564;2,968;7;1
3/3;2054;2019-11-04 08:00:00;13445;LL;низ;1508,674;1512,564;5,390;0;1
3/3;2055;2019-11-04 13:00:00;13450;HH;верх;1514,879;1507,466;6,205;5;1
3/3;2056;2019-11-04 16:00:00;13453;LL;низ;1504,548;1508,348;10,331;3;1
3/3;2057;2019-11-04 21:00:00;13458;LH;верх;1510,756;1506,902;6,208;5;1
3/3;2058;2019-11-05 06:00:00;13466;LL;низ;1502,538;1505,108;8,218;8;1
3/3;2059;2019-11-05 07:00:00;13467;LH;верх;1507,771;1504,076;5,233;1;1
3/3;2060;2019-11-05 18:00:00;13478;LL;низ;1479,481;1483,449;28,290;11;1
3/3;2061;2019-11-06 01:00:00;13484;LH;верх;1487,413;1485,864;7,932;6;1
3/3;2062;2019-11-06 06:00:00;13489;HL;низ;1483,932;1488,850;3,481;5;1
3/3;2063;2019-11-06 09:00:00;13492;HH;верх;1488,893;1485,498;4,961;3;1
3/3;2064;2019-11-06 12:00:00;13495;LL;низ;1483,054;1488,784;5,839;3;1
3/3;2065;2019-11-06 16:00:00;13499;HH;верх;1494,254;1491,036;11,200;4;2
3/3;2066;2019-11-07 01:00:00;13507;HL;низ;1489,916;1491,249;4,338;8;1
3/3;2067;2019-11-07 07:00:00;13513;LH;верх;1492,157;1482,239;2,241;6;1
3/3;2068;2019-11-07 11:00:00;13517;LL;низ;1481,158;1484,265;10,999;4;1
3/3;2069;2019-11-07 14:00:00;13520;LH;верх;1488,178;1463,692;7,020;3;1
3/3;2070;2019-11-07 17:00:00;13523;LL;низ;1460,639;1468,030;27,539;3;1
3/3;2071;2019-11-07 20:00:00;13526;LH;верх;1471,214;1469,104;10,575;3;1
3/3;2072;2019-11-08 00:00:00;13529;HL;низ;1465,836;1469,242;5,378;3;1
3/3;2073;2019-11-08 08:00:00;13537;HH;верх;1472,906;1462,417;7,070;8;1
3/3;2074;2019-11-08 12:00:00;13541;LL;низ;1456,322;1466,696;16,584;4;1
3/3;2075;2019-11-08 16:00:00;13545;LH;верх;1468,300;1461,974;11,978;4;1
3/3;2076;2019-11-08 21:00:00;13550;HL;низ;1457,930;1462,904;10,370;5;1
3/3;2077;2019-11-11 10:00:00;13562;LH;верх;1466,484;1460,934;8,554;12;2
3/3;2078;2019-11-11 15:00:00;13567;LL;низ;1448,303;1457,003;18,181;5;2
3/3;2079;2019-11-12 09:00:00;13584;LH;верх;1456,220;1454,150;7,917;17;2
3/3;2080;2019-11-12 15:00:00;13590;LL;низ;1445,707;1452,994;10,513;6;1
3/3;2081;2019-11-12 19:00:00;13594;HH;верх;1460,445;1458,383;14,738;4;2
3/3;2082;2019-11-13 08:00:00;13606;HL;низ;1457,892;1464,854;2,553;12;1
3/3;2083;2019-11-13 12:00:00;13610;HH;верх;1466,784;1465,506;8,892;4;1
3/3;2084;2019-11-13 14:00:00;13612;HL;низ;1460,468;1460,957;6,316;2;1
3/3;2085;2019-11-13 19:00:00;13617;HH;верх;1467,083;1463,627;6,615;5;2
3/3;2086;2019-11-14 01:00:00;13622;HL;низ;1461,202;1464,857;5,881;5;2
3/3;2087;2019-11-14 08:00:00;13629;HH;верх;1470,533;1467,800;9,331;7;1
3/3;2088;2019-11-14 15:00:00;13636;HL;низ;1464,732;1473,888;5,801;7;1
3/3;2089;2019-11-14 18:00:00;13639;HH;верх;1474,604;1471,326;9,872;3;2
3/3;2090;2019-11-15 09:00:00;13653;LL;низ;1462,610;1464,886;11,994;14;1
3/3;2091;2019-11-17 23:00:00;13666;LH;верх;1469,658;1466,024;7,048;13;2
3/3;2092;2019-11-18 12:00:00;13679;LL;низ;1456,458;1471,868;13,200;13;1
3/3;2093;2019-11-19 00:00:00;13690;HH;верх;1475,395;1470,473;18,937;11;2
3/3;2094;2019-11-19 02:00:00;13692;HL;низ;1469,176;1472,231;6,219;2;1
3/3;2095;2019-11-19 06:00:00;13696;LH;верх;1473,288;1466,033;4,112;4;1
3/3;2096;2019-11-19 10:00:00;13700;LL;низ;1464,876;1468,806;8,412;4;1
3/3;2097;2019-11-19 23:00:00;13712;HH;верх;1475,306;1474,079;10,430;12;2
3/3;2098;2019-11-20 07:00:00;13720;HL;низ;1472,825;1476,073;2,481;8;1
3/3;2099;2019-11-20 08:00:00;13721;HH;верх;1478,739;1474,208;5,914;1;1
3/3;2100;2019-11-20 15:00:00;13728;LL;низ;1466,024;1470,368;12,715;7;1
3/3;2101;2019-11-21 02:00:00;13738;LH;верх;1475,676;1470,408;9,652;10;4
3/3;2102;2019-11-21 18:00:00;13754;LL;низ;1462,511;1464,545;13,165;16;1
3/3;2103;2019-11-22 00:00:00;13759;LH;верх;1465,693;1465,019;3,182;5;1
3/3;2104;2019-11-22 00:00:00;13759;HL;низ;1463,572;1465,019;2,121;0;2
3/3;2105;2019-11-22 10:00:00;13769;HH;верх;1473,248;1468,794;9,676;10;1
3/3;2106;2019-11-25 08:00:00;13790;LL;низ;1456,692;1457,340;16,556;21;3
3/3;2107;2019-11-25 10:00:00;13792;LH;верх;1459,798;1456,028;3,106;2;1
3/3;2108;2019-11-25 13:00:00;13795;LL;низ;1454,226;1457,634;5,572;3;1
3/3;2109;2019-11-25 14:00:00;13796;HH;верх;1460,822;1456,414;6,596;1;1
3/3;2110;2019-11-26 01:00:00;13806;LL;низ;1451,756;1455,281;9,066;10;1
3/3;2111;2019-11-26 09:00:00;13814;LH;верх;1459,218;1456,634;7,462;8;1
3/3;2112;2019-11-26 14:00:00;13819;LL;низ;1450,186;1460,118;9,032;5;1
3/3;2113;2019-11-26 21:00:00;13826;HH;верх;1462,874;1459,781;12,688;7;2
3/3;2114;2019-11-27 05:00:00;13833;HL;низ;1457,986;1459,511;4,888;7;1
3/3;2115;2019-11-27 07:00:00;13835;LH;верх;1460,332;1459,960;2,346;2;1
3/3;2116;2019-11-27 16:00:00;13844;LL;низ;1452,706;1454,586;7,626;9;1
3/3;2117;2019-11-28 00:00:00;13851;LH;верх;1458,311;1456,167;5,605;7;1
3/3;2118;2019-11-28 07:00:00;13858;HL;низ;1455,495;1457,492;2,816;7;1
3/3;2119;2019-11-28 08:00:00;13859;HH;верх;1458,319;1456,412;2,824;1;1
3/3;2120;2019-11-28 15:00:00;13866;LL;низ;1454,310;1456,123;4,009;7;1
3/3;2121;2019-11-29 05:00:00;13875;HH;верх;1459,340;1456,454;5,030;9;1
3/3;2122;2019-11-29 13:00:00;13883;LL;низ;1453,150;1464,291;6,190;8;1
3/3;2123;2019-11-29 17:00:00;13887;HH;верх;1466,461;1461,307;13,311;4;1
3/3;2124;2019-12-02 08:00:00;13898;HL;низ;1454,178;1458,779;12,283;11;2
3/3;2125;2019-12-02 15:00:00;13905;LH;верх;1465,456;1464,057;11,278;7;2
3/3;2126;2019-12-03 00:00:00;13913;HL;низ;1461,358;1461,723;4,098;8;1
3/3;2127;2019-12-03 01:00:00;13914;LH;верх;1463,959;1461,005;2,601;1;1
3/3;2128;2019-12-03 06:00:00;13919;LL;низ;1460,016;1466,162;3,943;5;1
3/3;2129;2019-12-03 14:00:00;13927;HH;верх;1481,814;1478,956;21,798;8;1
3/3;2130;2019-12-03 23:00:00;13935;HL;низ;1476,078;1478,550;5,736;8;1
3/3;2131;2019-12-04 07:00:00;13943;HH;верх;1484,085;1477,062;8,007;8;1
3/3;2132;2019-12-04 09:00:00;13945;LL;низ;1472,808;1477,725;11,277;2;1
3/3;2133;2019-12-04 13:00:00;13949;LH;верх;1481,928;1473,404;9,120;4;1
3/3;2134;2019-12-04 15:00:00;13951;LL;низ;1471,509;1474,132;10,419;2;1
3/3;2135;2019-12-05 01:00:00;13960;LH;верх;1476,496;1475,810;4,987;9;1
3/3;2136;2019-12-05 01:00:00;13960;HL;низ;1473,914;1475,810;2,582;0;1
3/3;2137;2019-12-05 07:00:00;13966;HH;верх;1478,346;1474,391;4,432;6;1
3/3;2138;2019-12-05 14:00:00;13973;LL;низ;1472,968;1479,188;5,378;7;2
3/3;2139;2019-12-05 17:00:00;13976;HH;верх;1480,336;1475,798;7,368;3;2
3/3;2140;2019-12-06 06:00:00;13988;LL;низ;1471,632;1474,850;8,704;12;1
3/3;2141;2019-12-06 13:00:00;13995;LH;верх;1479,850;1460,638;8,218;7;1
3/3;2142;2019-12-08 23:00:00;14004;LL;низ;1458,796;1459,588;21,054;9;2
3/3;2143;2019-12-09 13:00:00;14018;LH;верх;1465,411;1461,232;6,615;14;2
3/3;2144;2019-12-09 18:00:00;14023;HL;низ;1459,210;1461,510;6,201;5;1
3/3;2145;2019-12-09 23:00:00;14027;LH;верх;1462,123;1461,056;2,913;4;1
3/3;2146;2019-12-10 06:00:00;14034;HL;низ;1460,183;1464,443;1,940;7;1
3/3;2147;2019-12-10 14:00:00;14042;HH;верх;1469,222;1463,286;9,039;8;1
3/3;2148;2019-12-10 16:00:00;14044;HL;низ;1462,414;1465,460;6,808;2;4
3/3;2149;2019-12-11 19:00:00;14070;HH;верх;1478,966;1474,638;16,552;26;1
3/3;2150;2019-12-11 19:00:00;14070;HL;низ;1467,579;1474,638;11,387;0;1
3/3;2151;2019-12-12 01:00:00;14075;LH;верх;1475,735;1474,821;8,156;5;1
3/3;2152;2019-12-12 08:00:00;14082;HL;низ;1472,145;1474,759;3,590;7;2
3/3;2153;2019-12-12 14:00:00;14088;HH;верх;1486,783;1467,914;14,638;6;1
3/3;2154;2019-12-12 23:00:00;14096;LL;низ;1461,879;1469,333;24,904;8;3
3/3;2155;2019-12-13 12:00:00;14109;LH;верх;1475,527;1472,478;13,648;13;1
3/3;2156;2019-12-13 15:00:00;14112;HL;низ;1465,484;1476,834;10,043;3;1
3/3;2157;2019-12-13 19:00:00;14116;HH;верх;1478,082;1474,174;12,598;4;1
3/3;2158;2019-12-16 01:00:00;14121;HL;низ;1473,283;1475,049;4,799;5;1
3/3;2159;2019-12-16 07:00:00;14127;HH;верх;1478,800;1477,389;5,517;6;1
3/3;2160;2019-12-16 08:00:00;14128;HL;низ;1474,606;1476,861;4,194;1;1
3/3;2161;2019-12-16 15:00:00;14135;HH;верх;1479,926;1475,809;5,320;7;1
3/3;2162;2019-12-16 16:00:00;14136;LL;низ;1473,867;1476,304;6,059;1;1
3/3;2163;2019-12-16 21:00:00;14141;LH;верх;1476,851;1475,057;2,984;5;1
3/3;2164;2019-12-17 01:00:00;14144;HL;низ;1474,483;1477,333;2,368;3;2
3/3;2165;2019-12-17 10:00:00;14153;HH;верх;1480,561;1476,337;6,078;9;1
3/3;2166;2019-12-17 15:00:00;14158;LL;низ;1474,331;1476,254;6,230;5;3
3/3;2167;2019-12-18 09:00:00;14175;LH;верх;1479,362;1476,160;5,031;17;1
3/3;2168;2019-12-18 13:00:00;14179;LL;низ;1470,580;1475,340;8,782;4;1
3/3;2169;2019-12-18 15:00:00;14181;LH;верх;1478,513;1474,611;7,933;2;3
3/3;2170;2019-12-19 09:00:00;14198;HL;низ;1473,362;1474,299;5,151;17;1
3/3;2171;2019-12-19 18:00:00;14207;HH;верх;1481,762;1478,907;8,400;9;1
3/3;2172;2019-12-20 03:00:00;14215;HL;низ;1477,996;1479,034;3,766;8;1
3/3;2173;2019-12-20 06:00:00;14218;LH;верх;1479,746;1478,319;1,750;3;1
3/3;2174;2019-12-20 08:00:00;14220;LL;низ;1476,874;1477,541;2,872;2;1
3/3;2175;2019-12-20 14:00:00;14226;HH;верх;1481,053;1477,414;4,179;6;1
3/3;2176;2019-12-20 16:00:00;14228;LL;низ;1475,918;1478,092;5,135;2;1
3/3;2177;2019-12-23 10:00:00;14245;HH;верх;1485,295;1483,400;9,377;17;1
3/3;2178;2019-12-23 13:00:00;14248;HL;низ;1480,569;1483,067;4,726;3;1
3/3;2179;2019-12-23 20:00:00;14255;HH;верх;1486,217;1485,064;5,648;7;1
3/3;2180;2019-12-24 01:00:00;14259;HL;низ;1484,460;1488,887;1,757;4;1
3/3;2181;2019-12-24 09:00:00;14267;HH;верх;1493,038;1489,834;8,578;8;1
3/3;2182;2019-12-24 13:00:00;14271;HL;низ;1488,836;1499,004;4,202;4;1
3/3;2183;2019-12-24 17:00:00;14275;HH;верх;1500,555;1498,264;11,719;4;1
3/3;2184;2019-12-25 23:00:00;14277;HL;низ;1497,573;1503,384;2,982;2;1
3/3;2185;2019-12-26 15:00:00;14293;HH;верх;1512,650;1512,086;15,077;16;2
3/3;2186;2019-12-27 01:00:00;14302;HL;низ;1509,271;1512,968;3,379;9;1
3/3;2187;2019-12-27 03:00:00;14304;HH;верх;1514,036;1508,854;4,765;2;1
3/3;2188;2019-12-27 07:00:00;14308;LL;низ;1507,422;1511,660;6,614;4;1
3/3;2189;2019-12-27 16:00:00;14317;HH;верх;1515,320;1512,572;7,898;9;2
3/3;2190;2019-12-27 20:00:00;14321;HL;низ;1510,140;1513,301;5,180;4;1
3/3;2191;2019-12-30 03:00:00;14327;HH;верх;1515,820;1513,598;5,680;6;1
3/3;2192;2019-12-30 11:00:00;14335;HL;низ;1510,880;1515,485;4,940;8;1
3/3;2193;2019-12-30 16:00:00;14340;HH;верх;1516,184;1515,644;5,304;5;1
3/3;2194;2019-12-30 20:00:00;14344;HL;низ;1514,548;1515,849;1,636;4;1
3/3;2195;2019-12-31 07:00:00;14354;HH;верх;1525,376;1522,814;10,828;10;1
3/3;2196;2019-12-31 14:00:00;14361;HL;низ;1516,712;1522,789;8,664;7;1
3/3;2197;2019-12-31 15:00:00;14362;LH;верх;1524,920;1520,338;8,208;1;1
3/3;2198;2019-12-31 21:00:00;14368;HL;низ;1517,106;1519,470;7,814;6;1
3/3;2199;2020-01-02 07:00:00;14377;LH;верх;1521,502;1521,352;4,396;9;3
3/3;2200;2020-01-02 08:00:00;14378;HL;низ;1518,566;1522,101;2,936;1;1
3/3;2201;2020-01-02 15:00:00;14385;HH;верх;1531,414;1526,382;12,848;7;1
3/3;2202;2020-01-02 17:00:00;14387;HL;низ;1522,898;1528,352;8,516;2;1
3/3;2203;2020-01-03 11:00:00;14404;HH;верх;1551,544;1546,042;28,646;17;1
3/3;2204;2020-01-03 13:00:00;14406;HL;низ;1541,000;1548,357;10,544;2;1
3/3;2205;2020-01-03 18:00:00;14411;HH;верх;1553,537;1552,394;12,537;5;1
3/3;2206;2020-01-03 19:00:00;14412;HL;низ;1546,304;1569,284;7,233;1;1
3/3;2207;2020-01-05 23:00:00;14415;HH;верх;1589,739;1577,624;43,435;3;1
3/3;2208;2020-01-06 07:00:00;14423;HL;низ;1570,352;1577,670;19,387;8;1
3/3;2209;2020-01-06 11:00:00;14427;LH;верх;1579,346;1573,040;8,994;4;1
3/3;2210;2020-01-07 02:00:00;14441;LL;низ;1555,388;1562,576;23,958;14;2
3/3;2211;2020-01-08 00:00:00;14462;HH;верх;1611,498;1590,833;56,110;21;4
3/3;2212;2020-01-08 19:00:00;14481;LL;низ;1552,366;1558,127;59,132;19;1
3/3;2213;2020-01-09 01:00:00;14486;LH;верх;1561,380;1558,457;9,014;5;1
3/3;2214;2020-01-09 06:00:00;14491;LL;низ;1540,256;1546,447;21,124;5;1
3/3;2215;2020-01-09 12:00:00;14497;LH;верх;1556,584;1546,763;16,328;6;1
3/3;2216;2020-01-09 15:00:00;14500;HL;низ;1544,924;1552,832;11,660;3;1
3/3;2217;2020-01-09 18:00:00;14503;LH;верх;1555,130;1552,426;10,206;3;1
3/3;2218;2020-01-10 04:00:00;14512;HL;низ;1545,784;1550,822;9,346;9;1
3/3;2219;2020-01-10 08:00:00;14516;LH;верх;1552,502;1550,734;6,718;4;1
3/3;2220;2020-01-10 13:00:00;14521;HL;низ;1546,945;1560,046;5,557;5;1
3/3;2221;2020-01-10 21:00:00;14529;HH;верх;1563,182;1556,832;16,237;8;2
3/3;2222;2020-01-13 09:00:00;14540;LL;низ;1546,578;1555,068;16,604;11;2
3/3;2223;2020-01-13 13:00:00;14544;LH;верх;1556,181;1550,655;9,603;4;1
3/3;2224;2020-01-14 01:00:00;14555;LL;низ;1536,016;1539,016;20,165;11;3
3/3;2225;2020-01-14 14:00:00;14568;LH;верх;1547,133;1543,628;11,117;13;1
3/3;2226;2020-01-14 15:00:00;14569;HL;низ;1541,044;1545,798;6,089;1;1
3/3;2227;2020-01-14 18:00:00;14572;HH;верх;1548,906;1546,423;7,862;3;1
3/3;2228;2020-01-15 06:00:00;14583;HL;низ;1550,386;1553,302;1,480;11;1
3/3;2229;2020-01-15 08:00:00;14585;HH;верх;1554,284;1552,113;3,898;2;1
3/3;2230;2020-01-15 13:00:00;14590;LL;низ;1547,038;1551,896;7,246;5;1
3/3;2231;2020-01-15 19:00:00;14596;HH;верх;1558,210;1556,380;11,172;6;3
3/3;2232;2020-01-16 05:00:00;14605;HL;низ;1551,583;1553,950;6,627;9;1
3/3;2233;2020-01-16 12:00:00;14612;LH;верх;1557,542;1550,828;5,959;7;1
3/3;2234;2020-01-16 15:00:00;14615;LL;низ;1548,099;1550,487;9,443;3;1
3/3;2235;2020-01-16 21:00:00;14621;LH;верх;1554,196;1553,211;6,097;6;1
3/3;2236;2020-01-17 01:00:00;14624;HL;низ;1549,465;1555,743;4,731;3;1
3/3;2237;2020-01-17 07:00:00;14630;HH;верх;1557,043;1556,892;7,578;6;1
3/3;2238;2020-01-17 09:00:00;14632;HL;низ;1554,190;1558,980;2,853;2;1
3/3;2239;2020-01-17 13:00:00;14636;HH;верх;1560,784;1557,957;6,594;4;1
3/3;2240;2020-01-17 15:00:00;14638;LL;низ;1554,142;1560,109;6,642;2;1
3/3;2241;2020-01-17 19:00:00;14642;HH;верх;1561,298;1557,083;7,156;4;1
3/3;2242;2020-01-17 20:00:00;14643;HL;низ;1556,335;1556,920;4,963;1;1
3/3;2243;2020-01-20 06:00:00;14652;HH;верх;1562,802;1560,500;6,467;9;1
3/3;2244;2020-01-20 13:00:00;14659;HL;низ;1558,328;1561,004;4,474;7;1
3/3;2245;2020-01-21 02:00:00;14667;HH;верх;1568,696;1565,739;10,368;8;1
3/3;2246;2020-01-21 14:00:00;14679;LL;низ;1546,403;1557,132;22,293;12;1
3/3;2247;2020-01-21 18:00:00;14683;LH;верх;1560,066;1558,168;13,663;4;1
3/3;2248;2020-01-22 02:00:00;14690;HL;низ;1550,281;1551,030;9,785;7;1
3/3;2249;2020-01-22 11:00:00;14699;LH;верх;1559,261;1558,040;8,980;9;1
3/3;2250;2020-01-22 13:00:00;14701;HL;низ;1554,675;1556,166;4,586;2;1
3/3;2251;2020-01-22 23:00:00;14710;HH;верх;1563,818;1556,120;9,143;9;2
3/3;2252;2020-01-23 12:00:00;14723;LL;низ;1551,987;1562,767;11,831;13;1
3/3;2253;2020-01-23 18:00:00;14729;HH;верх;1567,974;1562,813;15,987;6;1
3/3;2254;2020-01-24 08:00:00;14742;HL;низ;1557,646;1559,206;10,328;13;3
3/3;2255;2020-01-24 10:00:00;14744;LH;верх;1563,012;1561,465;5,366;2;1
3/3;2256;2020-01-24 13:00:00;14747;LL;низ;1556,629;1572,597;6,383;3;1
3/3;2257;2020-01-24 17:00:00;14751;HH;верх;1575,929;1571,627;19,300;4;1
3/3;2258;2020-01-24 20:00:00;14754;HL;низ;1569,604;1578,103;6,325;3;1
3/3;2259;2020-01-26 23:00:00;14756;HH;верх;1588,632;1582,126;19,028;2;1
3/3;2260;2020-01-27 08:00:00;14765;HL;низ;1575,934;1584,478;12,698;9;1
3/3;2261;2020-01-27 11:00:00;14768;LH;верх;1586,344;1579,884;10,410;3;1
3/3;2262;2020-01-27 18:00:00;14775;HL;низ;1577,144;1581,937;9,200;7;2
3/3;2263;2020-01-27 21:00:00;14778;LH;верх;1583,340;1580,979;6,196;3;1
3/3;2264;2020-01-28 07:00:00;14787;LL;низ;1576,931;1579,385;6,409;9;1
3/3;2265;2020-01-28 09:00:00;14789;LH;верх;1582,364;1574,159;5,433;2;1
3/3;2266;2020-01-29 03:00:00;14806;LL;низ;1563,471;1567,716;18,893;17;3
3/3;2267;2020-01-29 15:00:00;14818;LH;верх;1574,506;1570,359;11,035;12;1
3/3;2268;2020-01-29 19:00:00;14822;HL;низ;1568,880;1577,138;5,626;4;2
3/3;2269;2020-01-30 08:00:00;14834;HH;верх;1583,071;1580,154;14,191;12;1
3/3;2270;2020-01-30 14:00:00;14840;HL;низ;1572,390;1584,898;10,681;6;1
3/3;2271;2020-01-30 17:00:00;14843;HH;верх;1586,026;1577,097;13,636;3;1
3/3;2272;2020-01-31 02:00:00;14851;LL;низ;1571,045;1572,472;14,981;8;1
3/3;2273;2020-02-02 23:00:00;14871;HH;верх;1592,168;1582,883;21,123;20;2
3/3;2274;2020-02-03 08:00:00;14880;HL;низ;1573,512;1578,246;18,656;9;1
3/3;2275;2020-02-03 11:00:00;14883;LH;верх;1581,245;1574,957;7,733;3;1
3/3;2276;2020-02-03 15:00:00;14887;LL;низ;1569,661;1576,574;11,584;4;1
3/3;2277;2020-02-04 00:00:00;14895;LH;верх;1579,673;1575,539;10,012;8;1
3/3;2278;2020-02-04 17:00:00;14912;LL;низ;1549,150;1555,211;30,523;17;3
3/3;2279;2020-02-05 07:00:00;14925;LH;верх;1562,431;1552,050;13,281;13;1
3/3;2280;2020-02-05 09:00:00;14927;LL;низ;1547,553;1554,366;14,878;2;1
3/3;2281;2020-02-05 16:00:00;14934;LH;верх;1559,638;1557,136;12,084;7;2
3/3;2282;2020-02-06 05:00:00;14946;HL;низ;1552,556;1559,190;7,082;12;1
3/3;2283;2020-02-06 14:00:00;14955;HH;верх;1568,340;1565,339;15,784;9;1
3/3;2284;2020-02-06 15:00:00;14956;HL;низ;1561,660;1566,271;6,680;1;1
3/3;2285;2020-02-07 00:00:00;14964;HH;верх;1569,195;1566,684;7,535;8;1
3/3;2286;2020-02-07 13:00:00;14977;LL;низ;1560,463;1567,873;8,732;13;3
3/3;2287;2020-02-09 23:00:00;14986;HH;верх;1576,687;1569,860;16,224;9;2
3/3;2288;2020-02-10 02:00:00;14989;HL;низ;1568,096;1571,064;8,591;3;2
3/3;2289;2020-02-10 08:00:00;14995;LH;верх;1575,276;1572,371;7,180;6;1
3/3;2290;2020-02-10 12:00:00;14999;HL;низ;1571,461;1574,186;3,815;4;1
3/3;2291;2020-02-10 17:00:00;15004;HH;верх;1577,056;1573,830;5,595;5;1
3/3;2292;2020-02-11 08:00:00;15018;LL;низ;1565,874;1568,678;11,182;14;2
3/3;2293;2020-02-11 14:00:00;15024;LH;верх;1574,098;1565,836;8,224;6;2
3/3;2294;2020-02-11 16:00:00;15026;LL;низ;1562,206;1568,620;11,892;2;1
3/3;2295;2020-02-11 20:00:00;15030;LH;верх;1569,575;1568,088;7,369;4;1
3/3;2296;2020-02-12 01:00:00;15034;HL;низ;1565,815;1567,255;3,760;4;1
3/3;2297;2020-02-12 04:00:00;15037;LH;верх;1568,449;1565,374;2,634;3;1
3/3;2298;2020-02-12 08:00:00;15041;LL;низ;1561,984;1567,256;6,465;4;1
3/3;2299;2020-02-12 10:00:00;15043;LH;верх;1567,754;1566,867;5,770;2;1
3/3;2300;2020-02-12 15:00:00;15048;HL;низ;1563,614;1567,380;4,140;5;1
3/3;2301;2020-02-12 16:00:00;15049;HH;верх;1570,502;1565,606;6,888;1;1
3/3;2302;2020-02-12 20:00:00;15053;HL;низ;1565,041;1571,050;5,461;4;2
3/3;2303;2020-02-13 10:00:00;15066;HH;верх;1577,610;1575,278;12,569;13;1
3/3;2304;2020-02-13 14:00:00;15070;HL;низ;1571,930;1576,550;5,680;4;1
3/3;2305;2020-02-13 15:00:00;15071;HH;верх;1578,382;1576,156;6,452;1;2
3/3;2306;2020-02-14 03:00:00;15082;HL;низ;1573,164;1575,409;5,218;11;3
3/3;2307;2020-02-14 21:00:00;15100;HH;верх;1585,080;1582,199;11,916;18;1
3/3;2308;2020-02-17 08:00:00;15110;HL;низ;1578,935;1580,473;6,145;10;2
3/3;2309;2020-02-17 14:00:00;15116;LH;верх;1582,636;1581,208;3,701;6;1
3/3;2310;2020-02-18 06:00:00;15127;HL;низ;1585,081;1588,759;2,445;11;2
3/3;2311;2020-02-18 16:00:00;15137;HH;верх;1605,131;1601,524;20,050;10;1
3/3;2312;2020-02-19 00:00:00;15144;HL;низ;1599,606;1601,599;5,525;7;2
3/3;2313;2020-02-19 11:00:00;15155;HH;верх;1611,327;1604,407;11,721;11;2
3/3;2314;2020-02-19 14:00:00;15158;HL;низ;1602,444;1607,687;8,883;3;1
3/3;2315;2020-02-19 20:00:00;15164;HH;верх;1612,982;1609,222;10,538;6;1
3/3;2316;2020-02-20 07:00:00;15174;HL;низ;1603,976;1610,693;9,006;10;2
3/3;2317;2020-02-20 16:00:00;15183;HH;верх;1623,744;1619,935;19,768;9;1
3/3;2318;2020-02-21 00:00:00;15190;HL;низ;1619,034;1625,011;4,710;7;1
3/3;2319;2020-02-24 09:00:00;15222;HH;верх;1689,384;1680,882;70,350;32;4
3/3;2320;2020-02-25 06:00:00;15242;HL;низ;1633,172;1651,246;56,212;20;4
3/3;2321;2020-02-25 15:00:00;15251;LH;верх;1658,523;1645,040;25,351;9;2
3/3;2322;2020-02-25 20:00:00;15256;LL;низ;1625,263;1641,612;33,260;5;1
3/3;2323;2020-02-26 09:00:00;15268;LH;верх;1655,040;1644,787;29,777;12;2
3/3;2324;2020-02-26 14:00:00;15273;LL;низ;1625,017;1640,246;30,023;5;1
3/3;2325;2020-02-26 19:00:00;15278;LH;верх;1650,034;1643,704;25,017;5;1
3/3;2326;2020-02-26 21:00:00;15280;HL;низ;1636,202;1649,518;13,832;2;1
3/3;2327;2020-02-27 06:00:00;15288;HH;верх;1652,665;1647,316;16,463;8;1
3/3;2328;2020-02-27 07:00:00;15289;HL;низ;1641,403;1648,142;11,262;1;1
3/3;2329;2020-02-27 15:00:00;15297;HH;верх;1660,417;1645,420;19,014;8;1
3/3;2330;2020-02-27 21:00:00;15303;LL;низ;1635,429;1642,526;24,988;6;1
3/3;2331;2020-02-27 23:00:00;15304;LH;верх;1649,566;1642,909;14,137;1;1
3/3;2332;2020-02-28 18:00:00;15323;LL;низ;1563,038;1586,542;86,528;19;2
3/3;2333;2020-03-02 01:00:00;15329;LH;верх;1606,656;1600,532;43,618;6;1
3/3;2334;2020-03-02 07:00:00;15335;HL;низ;1596,110;1609,498;10,546;6;1
3/3;2335;2020-03-02 10:00:00;15338;HH;верх;1611,066;1595,793;14,956;3;1
3/3;2336;2020-03-02 20:00:00;15348;LL;низ;1584,116;1592,052;26,950;10;1
3/3;2337;2020-03-03 04:00:00;15355;LH;верх;1601,243;1595,059;17,127;7;1
3/3;2338;2020-03-03 07:00:00;15358;HL;низ;1593,584;1599,704;7,659;3;1
3/3;2339;2020-03-03 17:00:00;15368;HH;верх;1649,314;1635,808;55,730;10;1
3/3;2340;2020-03-03 19:00:00;15370;HL;низ;1626,470;1645,902;22,844;2;1
3/3;2341;2020-03-03 23:00:00;15373;HH;верх;1652,996;1645,233;26,526;3;1
3/3;2342;2020-03-04 07:00:00;15381;HL;низ;1631,958;1641,812;21,038;8;1
3/3;2343;2020-03-04 12:00:00;15386;LH;верх;1649,410;1643,160;17,452;5;1
3/3;2344;2020-03-04 21:00:00;15395;HL;низ;1633,966;1637,808;15,444;9;1
3/3;2345;2020-03-05 01:00:00;15398;LH;верх;1640,924;1639,813;6,958;3;1
3/3;2346;2020-03-05 07:00:00;15404;HL;низ;1637,233;1647,324;3,691;6;1
3/3;2347;2020-03-06 00:00:00;15420;HH;верх;1676,598;1669,094;39,365;16;1
3/3;2348;2020-03-06 01:00:00;15421;HL;низ;1667,655;1678,575;8,943;1;1
3/3;2349;2020-03-06 05:00:00;15425;HH;верх;1681,146;1678,126;13,491;4;1
3/3;2350;2020-03-06 07:00:00;15427;HL;низ;1667,902;1682,323;13,244;2;1
3/3;2351;2020-03-06 10:00:00;15430;HH;верх;1689,995;1673,534;22,093;3;1
3/3;2352;2020-03-06 15:00:00;15435;LL;низ;1642,351;1672,410;47,644;5;1
3/3;2353;2020-03-08 23:00:00;15443;HH;верх;1703,282;1694,802;60,931;8;1
3/3;2354;2020-03-09 04:00:00;15448;HL;низ;1657,624;1681,515;45,658;5;1
3/3;2355;2020-03-09 07:00:00;15451;LH;верх;1685,331;1678,351;27,707;3;1
3/3;2356;2020-03-09 09:00:00;15453;HL;низ;1662,403;1677,700;22,928;2;1
3/3;2357;2020-03-09 13:00:00;15457;HH;верх;1685,758;1671,962;23,355;4;1
3/3;2358;2020-03-09 16:00:00;15460;LL;низ;1661,865;1677,553;23,893;3;1
3/3;2359;2020-03-09 19:00:00;15463;LH;верх;1681,630;1666,578;19,765;3;1
3/3;2360;2020-03-10 06:00:00;15473;LL;низ;1649,498;1658,692;32,132;10;2
3/3;2361;2020-03-10 12:00:00;15479;LH;верх;1667,613;1654,591;18,115;6;2
3/3;2362;2020-03-10 14:00:00;15481;HL;низ;1650,053;1657,944;17,560;2;1
3/3;2363;2020-03-10 17:00:00;15484;LH;верх;1661,909;1649,387;11,856;3;1
3/3;2364;2020-03-10 19:00:00;15486;LL;низ;1641,718;1652,430;20,191;2;1
3/3;2365;2020-03-11 07:00:00;15497;HH;верх;1666,688;1665,092;24,970;11;1
3/3;2366;2020-03-11 08:00:00;15498;HL;низ;1656,485;1666,083;10,203;1;1
3/3;2367;2020-03-11 12:00:00;15502;HH;верх;1671,304;1649,886;14,819;4;1
3/3;2368;2020-03-11 19:00:00;15509;LL;низ;1633,200;1643,800;38,104;7;1
3/3;2369;2020-03-12 01:00:00;15514;LH;верх;1650,536;1636,302;17,336;5;1
3/3;2370;2020-03-12 02:00:00;15515;LL;низ;1631,026;1634,030;19,510;1;1
3/3;2371;2020-03-12 08:00:00;15521;LH;верх;1645,594;1634,292;14,568;6;1
3/3;2372;2020-03-12 15:00:00;15528;LL;низ;1560,840;1578,526;84,754;7;1
3/3;2373;2020-03-12 17:00:00;15530;LH;верх;1609,850;1577,267;49,010;2;1
3/3;2374;2020-03-12 20:00:00;15533;HL;низ;1566,187;1579,559;43,663;3;1
3/3;2375;2020-03-12 23:00:00;15535;LH;верх;1584,593;1563,495;18,406;2;1
3/3;2376;2020-03-13 02:00:00;15538;LL;низ;1551,455;1586,580;33,138;3;1
3/3;2377;2020-03-13 12:00:00;15548;HH;верх;1598,056;1534,902;46,601;10;2
3/3;2378;2020-03-13 16:00:00;15552;LL;низ;1504,782;1523,812;93,274;4;1
3/3;2379;2020-03-15 22:00:00;15557;LH;верх;1575,454;1534,924;70,672;5;1
3/3;2380;2020-03-16 01:00:00;15560;HL;низ;1524,314;1546,977;51,140;3;1
3/3;2381;2020-03-16 04:00:00;15563;LH;верх;1550,890;1531,384;26,576;3;1
3/3;2382;2020-03-16 13:00:00;15572;LL;низ;1451,432;1508,897;99,458;9;1
3/3;2383;2020-03-16 15:00:00;15574;LH;верх;1519,638;1506,652;68,206;2;2
3/3;2384;2020-03-17 10:00:00;15592;HL;низ;1465,810;1493,430;53,828;18;2
3/3;2385;2020-03-17 15:00:00;15597;HH;верх;1554,013;1529,034;88,203;5;1
3/3;2386;2020-03-17 19:00:00;15601;HL;низ;1520,846;1537,882;33,167;4;1
3/3;2387;2020-03-17 22:00:00;15603;LH;верх;1546,426;1534,750;25,580;2;1
3/3;2388;2020-03-18 09:00:00;15614;LL;низ;1487,422;1497,117;59,004;11;1
3/3;2389;2020-03-18 12:00:00;15617;LH;верх;1523,133;1492,620;35,711;3;1
3/3;2390;2020-03-18 17:00:00;15622;LL;низ;1472,770;1486,304;50,363;5;1
3/3;2391;2020-03-18 19:00:00;15624;LH;верх;1502,908;1498,216;30,138;2;1
3/3;2392;2020-03-19 04:00:00;15632;LL;низ;1464,304;1483,660;38,604;8;2
3/3;2393;2020-03-19 06:00:00;15634;LH;верх;1496,386;1479,126;32,082;2;1
3/3;2394;2020-03-19 12:00:00;15640;HL;низ;1464,388;1480,180;31,998;6;1
3/3;2395;2020-03-19 14:00:00;15642;LH;верх;1493,384;1472,147;28,996;2;1
3/3;2396;2020-03-19 22:00:00;15649;LL;низ;1455,320;1482,146;38,064;7;1
3/3;2397;2020-03-20 08:00:00;15659;HH;верх;1516,180;1503,537;60,860;10;1
3/3;2398;2020-03-20 18:00:00;15669;HL;низ;1479,458;1489,034;36,722;10;1
3/3;2399;2020-03-22 22:00:00;15672;LH;верх;1508,414;1492,671;28,956;3;1
3/3;2400;2020-03-23 06:00:00;15680;HL;низ;1485,171;1492,532;23,243;8;1
3/3;2401;2020-03-24 02:00:00;15699;HH;верх;1583,654;1564,494;98,483;19;2
3/3;2402;2020-03-24 06:00:00;15703;HL;низ;1560,342;1593,906;23,312;4;2
3/3;2403;2020-03-24 23:00:00;15719;HH;верх;1640,353;1611,255;80,011;16;1
3/3;2404;2020-03-25 08:00:00;15728;HL;низ;1596,376;1611,113;43,977;9;1
3/3;2405;2020-03-25 10:00:00;15730;LH;верх;1627,684;1607,273;31,308;2;2
3/3;2406;2020-03-26 02:00:00;15745;HL;низ;1597,638;1601,479;30,046;15;2
3/3;2407;2020-03-26 17:00:00;15760;HH;верх;1644,433;1630,183;46,795;15;1
3/3;2408;2020-03-26 19:00:00;15762;HL;низ;1616,073;1626,392;28,360;2;2
3/3;2409;2020-03-27 06:00:00;15772;LH;верх;1628,881;1622,768;12,808;10;1
3/3;2410;2020-03-27 11:00:00;15777;LL;низ;1614,898;1624,182;13,983;5;1
3/3;2411;2020-03-29 23:00:00;15787;HH;верх;1632,264;1620,488;17,366;10;2
3/3;2412;2020-03-30 05:00:00;15793;LL;низ;1613,159;1623,176;19,105;6;1
3/3;2413;2020-03-30 11:00:00;15799;LH;верх;1627,882;1621,352;14,723;6;1
3/3;2414;2020-03-30 18:00:00;15806;LL;низ;1611,862;1618,659;16,020;7;2
3/3;2415;2020-03-30 22:00:00;15809;LH;верх;1623,796;1615,080;11,934;3;1
3/3;2416;2020-03-31 00:00:00;15811;LL;низ;1610,780;1614,978;13,016;2;1
3/3;2417;2020-03-31 06:00:00;15817;LH;верх;1619,644;1607,384;8,864;6;1
3/3;2418;2020-03-31 10:00:00;15821;LL;низ;1595,319;1608,898;24,325;4;1
3/3;2419;2020-03-31 14:00:00;15825;LH;верх;1614,152;1590,376;18,833;4;1
3/3;2420;2020-03-31 22:00:00;15832;LL;низ;1573,059;1580,888;41,093;7;1
3/3;2421;2020-04-01 07:00:00;15841;LH;верх;1600,738;1592,744;27,679;9;1
3/3;2422;2020-04-01 13:00:00;15847;LL;низ;1572,827;1582,930;27,911;6;1
3/3;2423;2020-04-01 23:00:00;15856;LH;верх;1596,070;1585,002;23,243;9;2
3/3;2424;2020-04-02 01:00:00;15858;HL;низ;1583,224;1585,433;12,846;2;1
3/3;2425;2020-04-02 19:00:00;15876;HH;верх;1619,970;1613,074;36,746;18;2
3/3;2426;2020-04-03 01:00:00;15881;HL;низ;1609,014;1612,392;10,956;5;1
3/3;2427;2020-04-03 03:00:00;15883;LH;верх;1614,417;1609,800;5,403;2;1
3/3;2428;2020-04-03 06:00:00;15886;LL;низ;1607,176;1612,184;7,241;3;1
3/3;2429;2020-04-03 12:00:00;15892;HH;верх;1623,167;1615,936;15,991;6;1
3/3;2430;2020-04-03 12:00:00;15892;LL;низ;1606,820;1615,936;16,347;0;1
3/3;2431;2020-04-03 19:00:00;15899;HH;верх;1626,062;1619,942;19,242;7;1
3/3;2432;2020-04-05 22:00:00;15901;HL;низ;1609,260;1619,827;16,802;2;2
3/3;2433;2020-04-06 23:00:00;15925;HH;верх;1675,605;1660,750;66,345;24;1
3/3;2434;2020-04-07 01:00:00;15927;HL;низ;1654,997;1659,453;20,608;2;1
3/3;2435;2020-04-07 07:00:00;15933;LH;верх;1669,481;1655,539;14,484;6;1
3/3;2436;2020-04-07 08:00:00;15934;LL;низ;1644,922;1653,048;24,559;1;1
3/3;2437;2020-04-07 12:00:00;15938;LH;верх;1662,738;1655,483;17,816;4;1
3/3;2438;2020-04-07 13:00:00;15939;LL;низ;1642,900;1652,083;19,838;1;2
3/3;2439;2020-04-07 19:00:00;15945;LH;верх;1658,355;1648,274;15,455;6;1
3/3;2440;2020-04-08 00:00:00;15949;LL;низ;1641,474;1649,192;16,881;4;2
3/3;2441;2020-04-08 07:00:00;15956;LH;верх;1655,536;1648,731;14,062;7;1
3/3;2442;2020-04-08 11:00:00;15960;HL;низ;1642,584;1650,516;12,952;4;1
3/3;2443;2020-04-08 13:00:00;15962;HH;верх;1656,586;1649,980;14,002;2;2
3/3;2444;2020-04-08 22:00:00;15970;HL;низ;1643,836;1648,378;12,750;8;1
3/3;2445;2020-04-09 01:00:00;15973;LH;верх;1649,992;1648,558;6,156;3;1
3/3;2446;2020-04-09 11:00:00;15983;HL;низ;1655,378;1683,863;5,386;10;1
3/3;2447;2020-04-09 17:00:00;15989;HH;верх;1690,250;1683,505;34,872;6;1
3/3;2448;2020-04-09 18:00:00;15990;HL;низ;1674,604;1685,510;15,646;1;1
3/3;2449;2020-04-12 22:00:00;15993;HH;верх;1692,832;1684,710;18,228;3;1
3/3;2450;2020-04-13 02:00:00;15997;HL;низ;1680,308;1684,174;12,524;4;2
3/3;2451;2020-04-14 02:00:00;16020;HH;верх;1725,338;1714,762;45,030;23;2
3/3;2452;2020-04-14 06:00:00;16024;HL;низ;1709,449;1720,258;15,889;4;1
3/3;2453;2020-04-14 14:00:00;16032;HH;верх;1747,722;1738,739;38,273;8;2
3/3;2454;2020-04-14 19:00:00;16037;HL;низ;1719,985;1726,022;27,737;5;1
3/3;2455;2020-04-15 01:00:00;16042;LH;верх;1731,474;1724,226;11,489;5;2
3/3;2456;2020-04-15 07:00:00;16048;LL;низ;1708,284;1721,699;23,190;6;1
3/3;2457;2020-04-15 13:00:00;16054;LH;верх;1727,034;1714,189;18,750;6;1
3/3;2458;2020-04-15 16:00:00;16057;HL;низ;1708,988;1722,123;18,046;3;1
3/3;2459;2020-04-15 19:00:00;16060;LH;верх;1723,969;1716,378;14,981;3;1
3/3;2460;2020-04-16 01:00:00;16065;HL;низ;1712,016;1714,724;11,953;5;1
3/3;2461;2020-04-16 12:00:00;16076;HH;верх;1738,754;1722,370;26,738;11;1
3/3;2462;2020-04-16 22:00:00;16085;LL;низ;1703,114;1709,322;35,640;9;2
3/3;2463;2020-04-17 01:00:00;16088;LH;верх;1718,866;1707,676;15,752;3;1
3/3;2464;2020-04-17 11:00:00;16098;LL;низ;1683,580;1690,007;35,286;10;2
3/3;2465;2020-04-17 13:00:00;16100;LH;верх;1701,781;1687,190;18,201;2;1
3/3;2466;2020-04-20 00:00:00;16110;LL;низ;1671,218;1682,028;30,563;10;1
3/3;2467;2020-04-20 06:00:00;16116;LH;верх;1685,708;1680,382;14,490;6;1
3/3;2468;2020-04-20 08:00:00;16118;HL;низ;1673,080;1687,364;12,628;2;1
3/3;2469;2020-04-20 16:00:00;16126;HH;верх;1702,419;1695,902;29,339;8;1
3/3;2470;2020-04-20 18:00:00;16128;HL;низ;1685,883;1691,946;16,536;2;1
3/3;2471;2020-04-20 20:00:00;16130;LH;верх;1698,112;1689,904;12,229;2;1
3/3;2472;2020-04-21 05:00:00;16138;HL;низ;1686,395;1693,792;11,717;8;1
3/3;2473;2020-04-21 07:00:00;16140;LH;верх;1697,954;1679,387;11,559;2;1
3/3;2474;2020-04-21 11:00:00;16144;LL;низ;1661,416;1683,774;36,538;4;1
3/3;2475;2020-04-21 14:00:00;16147;LH;верх;1692,833;1677,438;31,417;3;1
3/3;2476;2020-04-21 17:00:00;16150;HL;низ;1671,306;1687,048;21,527;3;1
3/3;2477;2020-04-22 01:00:00;16157;LH;верх;1691,596;1685,520;20,290;7;1
3/3;2478;2020-04-22 04:00:00;16160;HL;низ;1680,478;1693,006;11,118;3;2
3/3;2479;2020-04-23 01:00:00;16180;HH;верх;1719,495;1713,653;39,017;20;2
3/3;2480;2020-04-23 03:00:00;16182;HL;низ;1707,418;1715,767;12,077;2;2
3/3;2481;2020-04-23 15:00:00;16194;HH;верх;1738,878;1729,513;31,460;12;1
3/3;2482;2020-04-23 17:00:00;16196;HL;низ;1721,124;1731,391;17,754;2;1
3/3;2483;2020-04-23 19:00:00;16198;LH;верх;1735,402;1728,267;14,278;2;1
3/3;2484;2020-04-24 05:00:00;16207;HL;низ;1721,256;1730,626;14,146;9;1
3/3;2485;2020-04-24 11:00:00;16213;HH;верх;1736,566;1725,228;15,310;6;1
3/3;2486;2020-04-24 15:00:00;16217;LL;низ;1710,857;1724,586;25,709;4;1
3/3;2487;2020-04-24 20:00:00;16222;LH;верх;1729,437;1724,266;18,580;5;1
3/3;2488;2020-04-26 22:00:00;16223;HL;низ;1719,543;1722,733;9,894;1;1
3/3;2489;2020-04-27 06:00:00;16231;LH;верх;1724,125;1717,420;4,582;8;1
3/3;2490;2020-04-27 07:00:00;16232;LL;низ;1713,227;1717,047;10,898;1;1
3/3;2491;2020-04-27 13:00:00;16238;LH;верх;1722,504;1712,226;9,277;6;1
3/3;2492;2020-04-27 14:00:00;16239;LL;низ;1706,545;1711,818;15,959;1;1
3/3;2493;2020-04-27 19:00:00;16244;LH;верх;1718,396;1709,746;11,851;5;1
3/3;2494;2020-04-28 05:00:00;16253;LL;низ;1692,393;1702,436;26,003;9;1
3/3;2495;2020-04-28 09:00:00;16257;LH;верх;1714,907;1710,844;22,514;4;1
3/3;2496;2020-04-28 14:00:00;16262;LL;низ;1692,285;1708,118;22,622;5;1
3/3;2497;2020-04-28 17:00:00;16265;LH;верх;1711,017;1708,960;18,732;3;1
3/3;2498;2020-04-28 19:00:00;16267;HL;низ;1702,661;1704,806;8,356;2;1
3/3;2499;2020-04-29 05:00:00;16276;HH;верх;1713,215;1704,830;10,554;9;2
3/3;2500;2020-04-29 08:00:00;16279;LL;низ;1702,230;1709,314;10,985;3;1
3/3;2501;2020-04-29 12:00:00;16283;LH;верх;1711,934;1703,464;9,704;4;1
3/3;2502;2020-04-29 13:00:00;16284;LL;низ;1697,185;1699,963;14,749;1;2
3/3;2503;2020-04-29 19:00:00;16290;HH;верх;1718,150;1714,230;20,965;6;1
3/3;2504;2020-04-30 01:00:00;16295;HL;низ;1709,270;1712,020;8,880;5;1
3/3;2505;2020-04-30 07:00:00;16301;HH;верх;1722,328;1715,916;13,058;6;1
3/3;2506;2020-04-30 18:00:00;16312;LL;низ;1681,554;1689,214;40,774;11;1
3/3;2507;2020-05-01 02:00:00;16319;LH;верх;1690,318;1672,992;8,764;7;1
3/3;2508;2020-05-01 06:00:00;16323;LL;низ;1670,909;1674,736;19,409;4;1
3/3;2509;2020-05-01 19:00:00;16336;HH;верх;1706,534;1699,845;35,625;13;1
3/3;2510;2020-05-03 22:00:00;16338;HL;низ;1692,087;1698,843;14,447;2;1
3/3;2511;2020-05-04 10:00:00;16350;HH;верх;1713,730;1704,858;21,643;12;1
3/3;2512;2020-05-05 07:00:00;16370;LL;низ;1689,819;1698,544;23,911;20;3
3/3;2513;2020-05-05 08:00:00;16371;LH;верх;1709,794;1695,564;19,975;1;2
3/3;2514;2020-05-05 13:00:00;16376;HL;низ;1693,274;1702,746;16,520;5;1
3/3;2515;2020-05-05 19:00:00;16382;HH;верх;1711,916;1704,042;18,642;6;1
3/3;2516;2020-05-06 00:00:00;16386;HL;низ;1700,826;1702,508;11,090;4;1
3/3;2517;2020-05-06 08:00:00;16394;LH;верх;1708,492;1702,069;7,666;8;3
3/3;2518;2020-05-06 16:00:00;16402;LL;низ;1682,658;1688,722;25,834;8;1
3/3;2519;2020-05-06 18:00:00;16404;LH;верх;1691,060;1688,160;8,402;2;1
3/3;2520;2020-05-06 20:00:00;16406;LL;низ;1682,632;1692,820;8,428;2;1
3/3;2521;2020-05-07 00:00:00;16409;HH;верх;1694,162;1692,087;11,530;3;1
3/3;2522;2020-05-07 06:00:00;16415;HL;низ;1684,664;1693,798;9,498;6;1
3/3;2523;2020-05-07 18:00:00;16427;HH;верх;1722,294;1715,135;37,630;12;1
3/3;2524;2020-05-08 00:00:00;16432;HL;низ;1711,410;1715,815;10,884;5;1
3/3;2525;2020-05-08 01:00:00;16433;LH;верх;1720,620;1716,075;9,210;1;1
3/3;2526;2020-05-08 04:00:00;16436;HL;низ;1713,858;1719,620;6,762;3;1
3/3;2527;2020-05-08 09:00:00;16441;HH;верх;1723,654;1712,169;9,796;5;1
3/3;2528;2020-05-08 20:00:00;16452;LL;низ;1701,374;1704,918;22,280;11;2
3/3;2529;2020-05-11 01:00:00;16456;LH;верх;1712,342;1705,834;10,968;4;1
3/3;2530;2020-05-11 05:00:00;16460;HL;низ;1702,592;1704,346;9,750;4;1
3/3;2531;2020-05-11 07:00:00;16462;LH;верх;1709,772;1699,952;7,180;2;1
3/3;2532;2020-05-11 10:00:00;16465;LL;низ;1694,362;1704,222;15,410;3;1
3/3;2533;2020-05-11 13:00:00;16468;LH;верх;1708,574;1697,325;14,212;3;1
3/3;2534;2020-05-11 15:00:00;16470;LL;низ;1692,126;1697,808;16,448;2;4
3/3;2535;2020-05-12 15:00:00;16493;HH;верх;1711,190;1702,389;19,064;23;1
3/3;2536;2020-05-12 19:00:00;16497;HL;низ;1698,094;1702,748;13,096;4;1
3/3;2537;2020-05-13 01:00:00;16502;LH;верх;1706,663;1703,522;8,569;5;1
3/3;2538;2020-05-13 03:00:00;16504;HL;низ;1700,322;1703,610;6,341;2;1
3/3;2539;2020-05-13 06:00:00;16507;LH;верх;1706,014;1701,082;5,692;3;1
3/3;2540;2020-05-13 08:00:00;16509;LL;низ;1699,259;1708,450;6,755;2;1
3/3;2541;2020-05-13 23:00:00;16523;HH;верх;1719,908;1715,512;20,649;14;2
3/3;2542;2020-05-14 04:00:00;16528;HL;низ;1711,268;1715,374;8,640;5;1
3/3;2543;2020-05-14 07:00:00;16531;LH;верх;1719,610;1715,533;8,342;3;1
3/3;2544;2020-05-14 12:00:00;16536;HL;низ;1711,272;1733,287;8,338;5;1
3/3;2545;2020-05-14 16:00:00;16540;HH;верх;1736,158;1732,772;24,886;4;2
3/3;2546;2020-05-15 01:00:00;16548;HL;низ;1728,846;1730,722;7,312;8;1
3/3;2547;2020-05-15 07:00:00;16554;HH;верх;1738,811;1733,046;9,965;6;1
3/3;2548;2020-05-15 10:00:00;16557;HL;низ;1730,252;1739,542;8,559;3;1
3/3;2549;2020-05-15 17:00:00;16564;HH;верх;1751,718;1742,624;21,466;7;1
3/3;2550;2020-05-15 18:00:00;16565;HL;низ;1740,055;1747,108;11,663;1;1
3/3;2551;2020-05-18 11:00:00;16581;HH;верх;1765,256;1742,653;25,201;16;1
3/3;2552;2020-05-18 15:00:00;16585;LL;низ;1727,410;1732,872;37,846;4;1
3/3;2553;2020-05-19 01:00:00;16594;LH;верх;1740,440;1735,896;13,030;9;1
3/3;2554;2020-05-19 06:00:00;16599;LL;низ;1726,624;1735,640;13,816;5;1
3/3;2555;2020-05-19 09:00:00;16602;LH;верх;1739,209;1735,654;12,585;3;1
3/3;2556;2020-05-19 12:00:00;16605;HL;низ;1731,045;1741,016;8,164;3;1
3/3;2557;2020-05-20 01:00:00;16617;HH;верх;1751,156;1747,170;20,111;12;3
3/3;2558;2020-05-20 06:00:00;16622;HL;низ;1746,487;1749,498;4,669;5;1
3/3;2559;2020-05-20 12:00:00;16628;HH;верх;1753,434;1747,716;6,947;6;2
3/3;2560;2020-05-20 12:00:00;16628;LL;низ;1742,206;1747,716;11,228;0;1
3/3;2561;2020-05-20 18:00:00;16634;HH;верх;1754,049;1747,226;11,843;6;1
3/3;2562;2020-05-21 08:00:00;16647;LL;низ;1731,428;1736,525;22,621;13;2
3/3;2563;2020-05-21 12:00:00;16651;LH;верх;1742,189;1724,704;10,761;4;1
3/3;2564;2020-05-21 14:00:00;16653;LL;низ;1717,568;1722,696;24,621;2;1
3/3;2565;2020-05-22 01:00:00;16663;LH;верх;1730,604;1726,390;13,036;10;1
3/3;2566;2020-05-22 03:00:00;16665;HL;низ;1724,508;1734,971;6,096;2;1
3/3;2567;2020-05-22 08:00:00;16670;HH;верх;1740,227;1730,272;15,719;5;2
3/3;2568;2020-05-25 05:00:00;16690;LL;низ;1724,100;1729,294;16,127;20;3
3/3;2569;2020-05-25 09:00:00;16694;LH;верх;1730,978;1728,236;6,878;4;1
3/3;2570;2020-05-25 13:00:00;16698;LL;низ;1721,210;1729,186;9,768;4;1
3/3;2571;2020-05-25 14:00:00;16699;HH;верх;1733,233;1727,069;12,023;1;1
3/3;2572;2020-05-25 22:00:00;16702;HL;низ;1725,683;1731,874;7,550;3;1
3/3;2573;2020-05-26 03:00:00;16707;HH;верх;1735,577;1730,712;9,894;5;2
3/3;2574;2020-05-26 19:00:00;16723;LL;низ;1708,910;1712,838;26,667;16;2
3/3;2575;2020-05-27 01:00:00;16728;LH;верх;1716,118;1706,852;7,208;5;1
3/3;2576;2020-05-27 04:00:00;16731;LL;низ;1705,290;1708,276;10,828;3;1
3/3;2577;2020-05-27 07:00:00;16734;LH;верх;1710,828;1706,468;5,538;3;1
3/3;2578;2020-05-27 13:00:00;16740;LL;низ;1694,006;1708,088;16,822;6;1
3/3;2579;2020-05-27 18:00:00;16745;HH;верх;1715,386;1710,223;21,380;5;1
3/3;2580;2020-05-27 22:00:00;16748;HL;низ;1705,767;1714,709;9,619;3;1
3/3;2581;2020-05-28 13:00:00;16763;HH;верх;1727,545;1720,496;21,778;15;1
3/3;2582;2020-05-28 18:00:00;16768;HL;низ;1711,470;1719,712;16,075;5;1
3/3;2583;2020-05-28 23:00:00;16772;LH;верх;1722,404;1720,119;10,934;4;1
3/3;2584;2020-05-29 01:00:00;16774;HL;низ;1712,622;1721,820;9,782;2;3
3/3;2585;2020-06-01 05:00:00;16801;HH;верх;1744,694;1736,828;32,072;27;1
3/3;2586;2020-06-01 14:00:00;16810;HL;низ;1727,460;1736,695;17,234;9;1
3/3;2587;2020-06-01 15:00:00;16811;LH;верх;1741,350;1737,404;13,890;1;1
3/3;2588;2020-06-01 18:00:00;16814;HL;низ;1734,907;1740,284;6,443;3;1
3/3;2589;2020-06-01 23:00:00;16818;HH;верх;1743,393;1739,200;8,486;4;1
3/3;2590;2020-06-02 07:00:00;16826;LL;низ;1734,844;1740,147;8,549;8;1
3/3;2591;2020-06-02 14:00:00;16833;HH;верх;1745,304;1727,414;10,460;7;2
3/3;2592;2020-06-02 16:00:00;16835;LL;низ;1721,698;1728,314;23,606;2;1
3/3;2593;2020-06-02 23:00:00;16841;LH;верх;1732,312;1728,466;10,614;6;1
3/3;2594;2020-06-03 00:00:00;16842;LL;низ;1720,628;1725,066;11,684;1;1
3/3;2595;2020-06-03 03:00:00;16845;LH;верх;1729,666;1721,627;9,038;3;1
3/3;2596;2020-06-03 08:00:00;16850;LL;низ;1713,142;1722,332;16,524;5;1
3/3;2597;2020-06-03 12:00:00;16854;LH;верх;1726,146;1699,879;13,004;4;1
3/3;2598;2020-06-03 14:00:00;16856;LL;низ;1689,589;1699,428;36,557;2;1
3/3;2599;2020-06-04 02:00:00;16867;LH;верх;1705,570;1701,326;15,981;11;1
3/3;2600;2020-06-04 06:00:00;16871;HL;низ;1698,469;1707,554;7,101;4;1
3/3;2601;2020-06-04 12:00:00;16877;HH;верх;1718,328;1713,952;19,859;6;1
3/3;2602;2020-06-04 14:00:00;16879;HL;низ;1700,455;1718,932;17,873;2;1
3/3;2603;2020-06-04 17:00:00;16882;HH;верх;1721,483;1714,272;21,028;3;1
3/3;2604;2020-06-05 03:00:00;16891;HL;низ;1707,046;1709,186;14,437;9;2
3/3;2605;2020-06-05 08:00:00;16896;LH;верх;1713,665;1705,640;6,619;5;1
3/3;2606;2020-06-05 14:00:00;16902;LL;низ;1670,438;1681,566;43,227;6;1
3/3;2607;2020-06-05 20:00:00;16908;LH;верх;1685,938;1682,207;15,500;6;1
3/3;2608;2020-06-07 22:00:00;16909;HL;низ;1677,506;1686,254;8,432;1;1
3/3;2609;2020-06-08 08:00:00;16919;HH;верх;1697,621;1692,098;20,115;10;1
3/3;2610;2020-06-08 13:00:00;16924;HL;низ;1686,482;1697,599;11,139;5;1
3/3;2611;2020-06-09 01:00:00;16935;HH;верх;1704,910;1697,226;18,428;11;1
3/3;2612;2020-06-09 06:00:00;16940;HL;низ;1692,368;1708,859;12,542;5;2
3/3;2613;2020-06-09 14:00:00;16948;HH;верх;1720,888;1715,566;28,520;8;1
3/3;2614;2020-06-09 19:00:00;16953;HL;низ;1711,736;1713,162;9,152;5;1
3/3;2615;2020-06-10 01:00:00;16958;LH;верх;1718,823;1716,366;7,087;5;1
3/3;2616;2020-06-10 04:00:00;16961;HL;низ;1714,708;1717,196;4,115;3;1
3/3;2617;2020-06-10 14:00:00;16971;HH;верх;1727,356;1713,958;12,648;10;1
3/3;2618;2020-06-10 18:00:00;16975;LL;низ;1708,340;1735,961;19,016;4;1
3/3;2619;2020-06-10 22:00:00;16978;HH;верх;1740,068;1732,278;31,728;3;1
3/3;2620;2020-06-11 05:00:00;16985;HL;низ;1727,100;1733,804;12,968;7;1
3/3;2621;2020-06-11 07:00:00;16987;LH;верх;1737,284;1732,461;10,184;2;1
3/3;2622;2020-06-11 11:00:00;16991;LL;низ;1721,294;1743,652;15,990;4;1
3/3;2623;2020-06-11 15:00:00;16995;HH;верх;1744,918;1729,002;23,624;4;1
3/3;2624;2020-06-12 00:00:00;17003;HL;низ;1722,501;1726,082;22,417;8;2
3/3;2625;2020-06-12 13:00:00;17016;LH;верх;1743,340;1733,946;20,839;13;1
3/3;2626;2020-06-14 22:00:00;17024;HL;низ;1728,090;1733,240;15,250;8;1
3/3;2627;2020-06-15 00:00:00;17026;LH;верх;1734,206;1729,365;6,116;2;1
3/3;2628;2020-06-15 13:00:00;17039;LL;низ;1704,484;1721,468;29,722;13;1
3/3;2629;2020-06-16 02:00:00;17051;LH;верх;1732,947;1726,556;28,463;12;2
3/3;2630;2020-06-16 06:00:00;17055;HL;низ;1721,764;1730,160;11,183;4;1
3/3;2631;2020-06-16 08:00:00;17057;HH;верх;1733,029;1727,986;11,265;2;1
3/3;2632;2020-06-16 14:00:00;17063;LL;низ;1716,973;1729,190;16,056;6;1
3/3;2633;2020-06-16 17:00:00;17066;LH;верх;1730,632;1727,090;13,659;3;1
3/3;2634;2020-06-16 19:00:00;17068;HL;низ;1724,192;1726,745;6,440;2;1
3/3;2635;2020-06-17 00:00:00;17072;LH;верх;1729,122;1726,550;4,930;4;1
3/3;2636;2020-06-17 02:00:00;17074;LL;низ;1722,846;1728,850;6,276;2;1
3/3;2637;2020-06-17 06:00:00;17078;HH;верх;1729,547;1715,314;6,701;4;1
3/3;2638;2020-06-17 09:00:00;17081;LL;низ;1712,780;1721,000;16,767;3;1
3/3;2639;2020-06-18 00:00:00;17095;HH;верх;1730,478;1726,090;17,698;14;3
3/3;2640;2020-06-18 02:00:00;17097;HL;низ;1723,933;1727,106;6,545;2;1
3/3;2641;2020-06-18 09:00:00;17104;HH;верх;1737,826;1725,517;13,893;7;1
3/3;2642;2020-06-18 14:00:00;17109;LL;низ;1717,695;1724,028;20,131;5;1
3/3;2643;2020-06-18 19:00:00;17114;LH;верх;1725,604;1723,699;7,909;5;1
3/3;2644;2020-06-18 22:00:00;17116;HL;низ;1721,646;1725,963;3,958;2;1
3/3;2645;2020-06-22 01:00:00;17142;HH;верх;1758,678;1752,592;37,032;26;3
3/3;2646;2020-06-22 07:00:00;17148;HL;низ;1742,680;1748,298;15,998;6;1
3/3;2647;2020-06-22 14:00:00;17155;HH;верх;1763,130;1756,642;20,450;7;1
3/3;2648;2020-06-22 19:00:00;17160;HL;низ;1751,872;1755,369;11,258;5;1
3/3;2649;2020-06-23 01:00:00;17165;LH;верх;1760,554;1752,775;8,682;5;1
3/3;2650;2020-06-23 07:00:00;17171;LL;низ;1747,566;1756,774;12,988;6;2
3/3;2651;2020-06-23 14:00:00;17178;HH;верх;1769,389;1767,055;21,823;7;1
3/3;2652;2020-06-23 23:00:00;17186;HL;низ;1766,506;1768,172;2,883;8;1
3/3;2653;2020-06-24 00:00:00;17187;HH;верх;1773,554;1768,154;7,048;1;1
3/3;2654;2020-06-24 06:00:00;17193;LL;низ;1765,348;1778,464;8,206;6;1
3/3;2655;2020-06-24 10:00:00;17197;HH;верх;1779,446;1768,758;14,098;4;1
3/3;2656;2020-06-24 22:00:00;17208;LL;низ;1754,250;1763,854;25,196;11;3
3/3;2657;2020-06-25 06:00:00;17216;LH;верх;1769,000;1761,854;14,750;8;1
3/3;2658;2020-06-25 12:00:00;17222;HL;низ;1755,560;1760,997;13,440;6;1
3/3;2659;2020-06-25 13:00:00;17223;LH;верх;1766,810;1763,159;11,250;1;2
3/3;2660;2020-06-26 05:00:00;17238;HL;низ;1758,306;1764,208;8,504;15;1
3/3;2661;2020-06-26 08:00:00;17241;HH;верх;1766,883;1762,529;8,577;3;1
3/3;2662;2020-06-26 14:00:00;17247;LL;низ;1747,572;1767,968;19,311;6;1
3/3;2663;2020-06-28 22:00:00;17254;HH;верх;1775,692;1769,318;28,120;7;1
3/3;2664;2020-06-29 02:00:00;17258;HL;низ;1767,870;1773,325;7,822;4;1
3/3;2665;2020-06-29 05:00:00;17261;LH;верх;1775,155;1771,209;7,285;3;1
3/3;2666;2020-06-29 12:00:00;17268;LL;низ;1765,944;1771,483;9,211;7;2
3/3;2667;2020-06-29 15:00:00;17271;LH;верх;1774,318;1771,628;8,374;3;1
3/3;2668;2020-06-29 16:00:00;17272;HL;низ;1767,462;1771,874;6,856;1;1
3/3;2669;2020-06-29 23:00:00;17278;LH;верх;1773,828;1772,116;6,366;6;1
3/3;2670;2020-06-30 00:00:00;17279;HL;низ;1768,842;1770,624;4,986;1;2
3/3;2671;2020-06-30 06:00:00;17285;HH;верх;1773,856;1770,564;5,014;6;1
3/3;2672;2020-06-30 11:00:00;17290;LL;низ;1764,646;1781,242;9,210;5;1
3/3;2673;2020-07-01 07:00:00;17309;HH;верх;1789,265;1781,832;24,619;19;3
3/3;2674;2020-07-01 15:00:00;17317;LL;низ;1759,284;1770,732;29,981;8;1
3/3;2675;2020-07-01 19:00:00;17321;LH;верх;1773,150;1768,422;13,866;4;1
3/3;2676;2020-07-02 05:00:00;17330;HL;низ;1764,538;1772,621;8,612;9;2
3/3;2677;2020-07-02 10:00:00;17335;HH;верх;1774,609;1773,908;10,071;5;1
3/3;2678;2020-07-02 13:00:00;17338;LL;низ;1757,665;1776,738;16,944;3;1
3/3;2679;2020-07-02 15:00:00;17340;HH;верх;1779,690;1777,178;22,025;2;1
3/3;2680;2020-07-03 00:00:00;17348;HL;низ;1773,138;1775,736;6,552;8;1
3/3;2681;2020-07-03 03:00:00;17351;LH;верх;1777,122;1775,795;3,984;3;1
3/3;2682;2020-07-03 05:00:00;17353;LL;низ;1772,776;1776,236;4,346;2;1
3/3;2683;2020-07-03 11:00:00;17359;HH;верх;1777,192;1774,834;4,416;6;2
3/3;2684;2020-07-06 02:00:00;17369;LL;низ;1770,100;1772,740;7,092;10;2
3/3;2685;2020-07-07 01:00:00;17391;HH;верх;1787,388;1784,206;17,288;22;3
3/3;2686;2020-07-07 09:00:00;17399;HL;низ;1773,788;1778,730;13,600;8;1
3/3;2687;2020-07-07 19:00:00;17409;HH;верх;1797,415;1794,482;23,627;10;1
3/3;2688;2020-07-08 02:00:00;17415;HL;низ;1791,529;1794,511;5,886;6;1
3/3;2689;2020-07-08 14:00:00;17427;HH;верх;1818,092;1810,680;26,563;12;1
3/3;2690;2020-07-09 00:00:00;17436;HL;низ;1806,038;1809,428;12,054;9;2
3/3;2691;2020-07-09 08:00:00;17444;LH;верх;1816,064;1808,182;10,026;8;2
3/3;2692;2020-07-09 15:00:00;17451;LL;низ;1795,734;1804,525;20,330;7;1
3/3;2693;2020-07-09 19:00:00;17455;LH;верх;1805,111;1804,086;9,377;4;1
3/3;2694;2020-07-10 05:00:00;17464;HL;низ;1796,034;1805,318;9,077;9;1
3/3;2695;2020-07-10 12:00:00;17471;HH;верх;1810,692;1798,050;14,658;7;1
3/3;2696;2020-07-10 16:00:00;17475;LL;низ;1794,246;1799,705;16,446;4;2
3/3;2697;2020-07-13 13:00:00;17495;HH;верх;1813,472;1809,823;19,226;20;2
3/3;2698;2020-07-13 14:00:00;17496;HL;низ;1802,144;1810,980;11,328;1;1
3/3;2699;2020-07-13 17:00:00;17499;LH;верх;1811,716;1802,342;9,572;3;1
3/3;2700;2020-07-14 01:00:00;17506;LL;низ;1795,986;1798,428;15,730;7;3
3/3;2701;2020-07-14 06:00:00;17511;LH;верх;1802,508;1799,427;6,522;5;1
3/3;2702;2020-07-14 10:00:00;17515;LL;низ;1790,766;1800,606;11,742;4;1
3/3;2703;2020-07-15 00:00:00;17528;HH;верх;1811,466;1809,042;20,700;13;2
3/3;2704;2020-07-15 05:00:00;17533;HL;низ;1805,946;1812,646;5,520;5;2
3/3;2705;2020-07-15 08:00:00;17536;HH;верх;1815,236;1805,305;9,290;3;1
3/3;2706;2020-07-15 13:00:00;17541;LL;низ;1802,473;1812,577;12,763;5;1
3/3;2707;2020-07-15 16:00:00;17544;LH;верх;1813,524;1812,352;11,051;3;1
3/3;2708;2020-07-15 20:00:00;17548;HL;низ;1810,190;1810,563;3,334;4;1
3/3;2709;2020-07-16 00:00:00;17551;LH;верх;1813,494;1809,902;3,304;3;2
3/3;2710;2020-07-16 09:00:00;17560;LL;низ;1803,033;1805,398;10,461;9;1
3/3;2711;2020-07-16 12:00:00;17563;LH;верх;1809,040;1806,586;6,007;3;1
3/3;2712;2020-07-16 19:00:00;17570;LL;низ;1795,118;1798,396;13,922;7;1
3/3;2713;2020-07-17 01:00:00;17575;LH;верх;1799,583;1798,612;4,465;5;1
3/3;2714;2020-07-17 01:00:00;17575;HL;низ;1795,990;1798,612;3,593;0;1
3/3;2715;2020-07-17 16:00:00;17590;HH;верх;1811,924;1810,382;15,934;15;1
3/3;2716;2020-07-20 01:00:00;17598;HL;низ;1805,878;1809,014;6,046;8;1
3/3;2717;2020-07-20 14:00:00;17611;HH;верх;1820,648;1816,142;14,770;13;2
3/3;2718;2020-07-21 01:00:00;17621;HL;низ;1815,852;1817,904;4,796;10;1
3/3;2719;2020-07-22 01:00:00;17644;HH;верх;1865,836;1856,560;49,984;23;4
3/3;2720;2020-07-22 09:00:00;17652;HL;низ;1846,519;1855,214;19,317;8;2
3/3;2721;2020-07-23 00:00:00;17666;HH;верх;1876,711;1868,616;30,192;14;1
3/3;2722;2020-07-23 02:00:00;17668;HL;низ;1863,849;1869,653;12,862;2;1
3/3;2723;2020-07-23 08:00:00;17674;HH;верх;1888,806;1878,255;24,957;6;1
3/3;2724;2020-07-23 13:00:00;17679;HL;низ;1869,984;1893,782;18,822;5;1
3/3;2725;2020-07-23 15:00:00;17681;HH;верх;1898,374;1889,060;28,390;2;1
3/3;2726;2020-07-23 18:00:00;17684;HL;низ;1879,107;1888,348;19,267;3;1
3/3;2727;2020-07-23 22:00:00;17687;LH;верх;1890,410;1884,274;11,303;3;1
3/3;2728;2020-07-24 00:00:00;17689;HL;низ;1881,586;1889,985;8,824;2;2
3/3;2729;2020-07-27 10:00:00;17722;HH;верх;1945,284;1939,920;63,698;33;4
3/3;2730;2020-07-27 12:00:00;17724;HL;низ;1931,318;1938,357;13,966;2;1
3/3;2731;2020-07-28 01:00:00;17736;HH;верх;1981,356;1944,491;50,038;12;2
3/3;2732;2020-07-28 07:00:00;17742;LL;низ;1907,066;1928,610;74,290;6;2
3/3;2733;2020-07-29 00:00:00;17758;LH;верх;1964,332;1953,206;57,266;16;2
3/3;2734;2020-07-29 03:00:00;17761;HL;низ;1947,978;1958,056;16,354;3;1
3/3;2735;2020-07-29 13:00:00;17771;LH;верх;1962,042;1960,380;14,064;10;2
3/3;2736;2020-07-29 14:00:00;17772;LL;низ;1941,526;1959,716;20,516;1;1
3/3;2737;2020-07-29 18:00:00;17776;HH;верх;1980,842;1969,495;39,316;4;1
3/3;2738;2020-07-30 09:00:00;17790;HL;низ;1945,114;1953,737;35,728;14;2
3/3;2739;2020-07-30 13:00:00;17794;LH;верх;1961,950;1949,626;16,836;4;1
3/3;2740;2020-07-30 15:00:00;17796;LL;низ;1939,339;1954,167;22,611;2;1
3/3;2741;2020-07-31 07:00:00;17811;HH;верх;1983,102;1974,152;43,763;15;2
3/3;2742;2020-07-31 13:00:00;17817;HL;низ;1959,962;1973,262;23,140;6;1
3/3;2743;2020-08-02 22:00:00;17825;HH;верх;1986,765;1972,910;26,803;8;1
3/3;2744;2020-08-02 22:00:00;17825;HL;низ;1960,540;1972,910;26,225;0;1
3/3;2745;2020-08-03 06:00:00;17833;LH;верх;1977,535;1971,252;16,995;8;1
3/3;2746;2020-08-03 14:00:00;17841;HL;низ;1960,670;1973,824;16,865;8;1
3/3;2747;2020-08-04 01:00:00;17851;HH;верх;1978,699;1974,868;18,029;10;2
3/3;2748;2020-08-04 04:00:00;17854;HL;низ;1971,610;1977,779;7,089;3;1
3/3;2749;2020-08-04 07:00:00;17857;HH;верх;1979,025;1974,445;7,415;3;1
3/3;2750;2020-08-04 11:00:00;17861;LL;низ;1966,855;1991,992;12,170;4;1
3/3;2751;2020-08-05 00:00:00;17873;HH;верх;2031,137;2013,335;64,282;12;1
3/3;2752;2020-08-05 02:00:00;17875;HL;низ;2009,676;2021,598;21,461;2;2
3/3;2753;2020-08-05 14:00:00;17887;HH;верх;2055,926;2037,350;46,250;12;1
3/3;2754;2020-08-05 16:00:00;17889;HL;низ;2028,694;2036,754;27,232;2;2
3/3;2755;2020-08-06 06:00:00;17902;LH;верх;2054,102;2048,850;25,408;13;1
3/3;2756;2020-08-06 08:00:00;17904;HL;низ;2041,140;2059,399;12,962;2;1
3/3;2757;2020-08-06 14:00:00;17910;HH;верх;2069,816;2056,741;28,676;6;1
3/3;2758;2020-08-06 15:00:00;17911;HL;низ;2049,572;2060,653;20,244;1;1
3/3;2759;2020-08-06 22:00:00;17917;HH;верх;2075,282;2068,278;25,710;6;1
3/3;2760;2020-08-07 04:00:00;17923;HL;низ;2051,000;2064,714;24,282;6;1
3/3;2761;2020-08-07 12:00:00;17931;LH;верх;2064,299;2028,224;13,299;8;1
3/3;2762;2020-08-07 17:00:00;17936;LL;низ;2015,531;2035,230;48,768;5;2
3/3;2763;2020-08-10 01:00:00;17943;LH;верх;2036,328;2029,280;20,797;7;1
3/3;2764;2020-08-10 04:00:00;17946;HL;низ;2027,356;2032,304;8,972;3;2
3/3;2765;2020-08-10 14:00:00;17956;HH;верх;2049,915;2031,688;22,559;10;1
3/3;2766;2020-08-10 18:00:00;17960;LL;низ;2019,562;2028,420;30,353;4;1
3/3;2767;2020-08-10 23:00:00;17964;LH;верх;2030,108;2019,602;10,546;4;1
3/3;2768;2020-08-11 20:00:00;17985;LL;низ;1901,616;1923,872;128,492;21;2
3/3;2769;2020-08-11 22:00:00;17986;LH;верх;1929,482;1891,093;27,866;1;1
3/3;2770;2020-08-12 04:00:00;17992;LL;низ;1862,899;1936,696;66,583;6;1
3/3;2771;2020-08-12 08:00:00;17996;HH;верх;1949,502;1929,345;86,603;4;2
3/3;2772;2020-08-12 19:00:00;18007;HL;низ;1907,114;1922,000;42,388;11;1
3/3;2773;2020-08-13 01:00:00;18012;LH;верх;1942,840;1925,487;35,726;5;1
3/3;2774;2020-08-13 12:00:00;18023;HL;низ;1920,512;1944,990;22,328;11;2
3/3;2775;2020-08-13 17:00:00;18028;HH;верх;1966,420;1953,570;45,908;5;1
3/3;2776;2020-08-13 18:00:00;18029;HL;низ;1937,832;1959,197;28,588;1;1
3/3;2777;2020-08-13 23:00:00;18033;LH;верх;1962,432;1949,268;24,600;4;1
3/3;2778;2020-08-14 02:00:00;18036;HL;низ;1945,212;1951,458;17,220;3;1
3/3;2779;2020-08-14 05:00:00;18039;LH;верх;1957,152;1948,906;11,940;3;1
3/3;2780;2020-08-14 06:00:00;18040;LL;низ;1938,938;1945,620;18,214;1;1
3/3;2781;2020-08-14 13:00:00;18047;LH;верх;1956,566;1934,070;17,628;7;1
3/3;2782;2020-08-14 17:00:00;18051;LL;низ;1932,320;1944,714;24,246;4;1
3/3;2783;2020-08-16 22:00:00;18055;LH;верх;1951,424;1940,028;19,104;4;1
3/3;2784;2020-08-17 00:00:00;18057;LL;низ;1929,648;1941,078;21,776;2;1
3/3;2785;2020-08-17 17:00:00;18074;HH;верх;1991,091;1985,223;61,443;17;2
3/3;2786;2020-08-17 19:00:00;18076;HL;низ;1979,668;1983,764;11,423;2;2
3/3;2787;2020-08-18 13:00:00;18093;HH;верх;2015,726;2006,902;36,058;17;2
3/3;2788;2020-08-18 14:00:00;18094;LL;низ;1976,038;2005,990;39,688;1;3
3/3;2789;2020-08-19 08:00:00;18111;LH;верх;1998,390;1986,036;22,352;17;3
3/3;2790;2020-08-19 20:00:00;18123;LL;низ;1924,778;1943,024;73,612;12;1
3/3;2791;2020-08-20 04:00:00;18130;LH;верх;1955,470;1934,520;30,692;7;1
3/3;2792;2020-08-20 10:00:00;18136;HL;низ;1924,864;1932,024;30,606;6;1
3/3;2793;2020-08-21 00:00:00;18149;HH;верх;1956,087;1950,061;31,223;13;3
3/3;2794;2020-08-21 12:00:00;18161;LL;низ;1911,586;1939,413;44,501;12;2
3/3;2795;2020-08-21 15:00:00;18164;LH;верх;1945,835;1940,278;34,249;3;1
3/3;2796;2020-08-23 22:00:00;18170;HL;низ;1930,007;1934,984;15,828;6;1
3/3;2797;2020-08-24 12:00:00;18184;HH;верх;1961,893;1930,318;31,886;14;1
3/3;2798;2020-08-24 19:00:00;18191;LL;низ;1923,931;1929,906;37,962;7;1
3/3;2799;2020-08-25 03:00:00;18198;LH;верх;1937,739;1930,621;13,808;7;1
3/3;2800;2020-08-25 15:00:00;18210;LL;низ;1914,389;1928,596;23,350;12;1
3/3;2801;2020-08-26 02:00:00;18220;LH;верх;1931,640;1918,846;17,251;10;2
3/3;2802;2020-08-26 12:00:00;18230;LL;низ;1902,726;1940,328;28,914;10;2
3/3;2803;2020-08-26 22:00:00;18239;HH;верх;1954,814;1944,050;52,088;9;1
3/3;2804;2020-08-27 06:00:00;18247;HL;низ;1937,132;1942,290;17,682;8;2
3/3;2805;2020-08-27 13:00:00;18254;HH;верх;1977,187;1920,714;40,055;7;2
3/3;2806;2020-08-27 14:00:00;18255;LL;низ;1910,190;1930,882;66,997;1;1
3/3;2807;2020-08-27 18:00:00;18259;LH;верх;1935,196;1927,467;25,006;4;1
3/3;2808;2020-08-28 00:00:00;18264;HL;низ;1923,188;1941,102;12,008;5;1
3/3;2809;2020-08-30 23:00:00;18286;HH;верх;1976,776;1970,837;53,588;22;2
3/3;2810;2020-08-31 07:00:00;18294;HL;низ;1954,416;1966,482;22,360;8;1
3/3;2811;2020-08-31 16:00:00;18303;LH;верх;1975,102;1967,982;20,686;9;1
3/3;2812;2020-08-31 23:00:00;18309;HL;низ;1965,338;1987,898;9,764;6;2
3/3;2813;2020-09-01 07:00:00;18317;HH;верх;1992,565;1990,016;27,227;8;2
3/3;2814;2020-09-01 18:00:00;18328;LL;низ;1963,354;1971,534;29,211;11;2
3/3;2815;2020-09-02 00:00:00;18333;LH;верх;1973,334;1964,953;9,980;5;1
3/3;2816;2020-09-02 07:00:00;18340;LL;низ;1956,160;1965,501;17,174;7;2
3/3;2817;2020-09-02 09:00:00;18342;LH;верх;1971,972;1964,995;15,812;2;1
3/3;2818;2020-09-02 16:00:00;18349;LL;низ;1932,681;1943,930;39,291;7;1
3/3;2819;2020-09-03 02:00:00;18358;LH;верх;1951,178;1932,666;18,497;9;2
3/3;2820;2020-09-03 07:00:00;18363;LL;низ;1927,228;1930,904;23,950;5;2
3/3;2821;2020-09-03 13:00:00;18369;LH;верх;1946,019;1927,863;18,791;6;1
3/3;2822;2020-09-03 15:00:00;18371;LL;низ;1921,905;1933,509;24,114;2;2
3/3;2823;2020-09-04 02:00:00;18381;LH;верх;1942,300;1934,581;20,395;10;1
3/3;2824;2020-09-04 06:00:00;18385;HL;низ;1930,850;1939,226;11,450;4;1
3/3;2825;2020-09-04 12:00:00;18391;HH;верх;1949,496;1920,951;18,646;6;1
3/3;2826;2020-09-04 13:00:00;18392;LL;низ;1916,696;1927,079;32,800;1;1
3/3;2827;2020-09-07 02:00:00;18404;LH;верх;1941,477;1929,958;24,781;12;2
3/3;2828;2020-09-07 10:00:00;18412;HL;низ;1924,636;1929,296;16,841;8;2
3/3;2829;2020-09-07 13:00:00;18415;LH;верх;1932,789;1928,448;8,153;3;1
3/3;2830;2020-09-07 14:00:00;18416;LL;низ;1924,636;1930,774;8,153;1;1
3/3;2831;2020-09-08 00:00:00;18421;LH;верх;1932,318;1923,920;7,682;5;1
3/3;2832;2020-09-08 03:00:00;18424;LL;низ;1922,870;1931,742;9,448;3;1
3/3;2833;2020-09-08 06:00:00;18427;HH;верх;1935,582;1919,954;12,712;3;1
3/3;2834;2020-09-08 13:00:00;18434;LL;низ;1906,628;1938,996;28,954;7;1
3/3;2835;2020-09-08 17:00:00;18438;HH;верх;1940,856;1931,694;34,228;4;1
3/3;2836;2020-09-09 01:00:00;18445;HL;низ;1923,160;1929,357;17,696;7;2
3/3;2837;2020-09-09 05:00:00;18449;LH;верх;1934,417;1931,827;11,257;4;1
3/3;2838;2020-09-09 11:00:00;18455;LL;низ;1920,169;1945,587;14,248;6;2
3/3;2839;2020-09-09 19:00:00;18463;HH;верх;1950,852;1947,457;30,683;8;1
3/3;2840;2020-09-09 22:00:00;18465;HL;низ;1944,254;1945,858;6,598;2;1
3/3;2841;2020-09-10 01:00:00;18468;LH;верх;1950,744;1946,716;6,490;3;1
3/3;2842;2020-09-10 07:00:00;18474;LL;низ;1942,406;1950,226;8,338;6;2
3/3;2843;2020-09-10 14:00:00;18481;HH;верх;1966,570;1956,339;24,164;7;1
3/3;2844;2020-09-10 19:00:00;18486;LL;низ;1941,478;1943,884;25,092;5;1
3/3;2845;2020-09-11 01:00:00;18491;LH;верх;1949,313;1940,106;7,835;5;1
3/3;2846;2020-09-11 03:00:00;18493;LL;низ;1937,242;1944,796;12,071;2;2
3/3;2847;2020-09-11 13:00:00;18503;HH;верх;1954,773;1942,750;17,531;10;1
3/3;2848;2020-09-13 22:00:00;18511;HL;низ;1937,250;1948,644;17,523;8;2
3/3;2849;2020-09-14 03:00:00;18516;LH;верх;1951,743;1944,748;14,493;5;1
3/3;2850;2020-09-14 11:00:00;18524;HL;низ;1940,026;1958,508;11,717;8;1
3/3;2851;2020-09-14 15:00:00;18528;HH;верх;1962,535;1956,859;22,509;4;1
3/3;2852;2020-09-14 17:00:00;18530;HL;низ;1953,241;1956,442;9,294;2;1
3/3;2853;2020-09-14 19:00:00;18532;LH;верх;1959,220;1957,422;5,979;2;1
3/3;2854;2020-09-15 00:00:00;18536;HL;низ;1955,252;1964,510;3,968;4;1
3/3;2855;2020-09-15 05:00:00;18541;HH;верх;1969,192;1963,708;13,940;5;1
3/3;2856;2020-09-15 07:00:00;18543;HL;низ;1960,303;1970,795;8,889;2;1
3/3;2857;2020-09-15 11:00:00;18547;HH;верх;1972,221;1952,912;11,918;4;1
3/3;2858;2020-09-15 14:00:00;18550;LL;низ;1948,468;1954,582;23,753;3;1
3/3;2859;2020-09-15 17:00:00;18553;LH;верх;1958,916;1954,198;10,448;3;1
3/3;2860;2020-09-16 01:00:00;18560;HL;низ;1949,914;1959,748;9,002;7;3
3/3;2861;2020-09-16 13:00:00;18572;HH;верх;1973,782;1965,352;23,868;12;2
3/3;2862;2020-09-16 14:00:00;18573;HL;низ;1956,620;1962,975;17,162;1;1
3/3;2863;2020-09-16 18:00:00;18577;LH;верх;1970,159;1959,306;13,539;4;1
3/3;2864;2020-09-17 03:00:00;18585;LL;низ;1937,838;1944,953;32,321;8;2
3/3;2865;2020-09-17 06:00:00;18588;LH;верх;1947,524;1941,412;9,686;3;1
3/3;2866;2020-09-17 09:00:00;18591;LL;низ;1936,998;1943,207;10,526;3;1
3/3;2867;2020-09-17 11:00:00;18593;HH;верх;1948,890;1944,278;11,892;2;1
3/3;2868;2020-09-17 13:00:00;18595;LL;низ;1932,886;1944,920;16,004;2;1
3/3;2869;2020-09-18 01:00:00;18606;HH;верх;1955,643;1952,012;22,757;11;2
3/3;2870;2020-09-18 06:00:00;18611;HL;низ;1950,819;1954,533;4,824;5;1
3/3;2871;2020-09-18 08:00:00;18613;HH;верх;1956,167;1950,912;5,348;2;1
3/3;2872;2020-09-18 13:00:00;18618;LL;низ;1945,248;1958,795;10,919;5;1
3/3;2873;2020-09-18 17:00:00;18622;HH;верх;1960,134;1950,506;14,886;4;1
3/3;2874;2020-09-20 22:00:00;18626;HL;низ;1946,723;1951,317;13,411;4;1
3/3;2875;2020-09-21 01:00:00;18629;LH;верх;1955,624;1953,388;8,901;3;1
3/3;2876;2020-09-21 14:00:00;18642;LL;низ;1882,428;1909,388;73,196;13;1
3/3;2877;2020-09-22 00:00:00;18651;LH;верх;1920,057;1911,762;37,629;9;1
3/3;2878;2020-09-22 07:00:00;18658;HL;низ;1894,700;1907,059;25,357;7;2
3/3;2879;2020-09-22 13:00:00;18664;LH;верх;1917,635;1899,373;22,935;6;1
3/3;2880;2020-09-22 15:00:00;18666;HL;низ;1896,932;1904,526;20,703;2;1
3/3;2881;2020-09-22 18:00:00;18669;LH;верх;1907,134;1898,920;10,202;3;1
3/3;2882;2020-09-22 23:00:00;18673;HL;низ;1897,866;1900,188;9,268;4;1
3/3;2883;2020-09-23 00:00:00;18674;LH;верх;1905,438;1893,011;7,572;1;1
3/3;2884;2020-09-23 08:00:00;18682;LL;низ;1873,228;1883,598;32,210;8;1
3/3;2885;2020-09-23 10:00:00;18684;LH;верх;1895,046;1877,706;21,818;2;1
3/3;2886;2020-09-23 23:00:00;18696;LL;низ;1853,842;1860,107;41,204;12;1
3/3;2887;2020-09-24 01:00:00;18698;LH;верх;1868,926;1851,700;15,084;2;2
3/3;2888;2020-09-24 09:00:00;18706;LL;низ;1848,842;1855,556;20,084;8;2
3/3;2889;2020-09-24 17:00:00;18714;HH;верх;1877,119;1867,818;28,277;8;1
3/3;2890;2020-09-24 19:00:00;18716;HL;низ;1861,828;1867,868;15,291;2;2
3/3;2891;2020-09-25 07:00:00;18727;LH;верх;1875,220;1855,410;13,392;11;1
3/3;2892;2020-09-25 14:00:00;18734;LL;низ;1852,619;1864,868;22,601;7;1
3/3;2893;2020-09-25 19:00:00;18739;LH;верх;1866,798;1862,661;14,179;5;1
3/3;2894;2020-09-28 01:00:00;18744;HL;низ;1857,812;1861,852;8,986;5;1
3/3;2895;2020-09-28 04:00:00;18747;LH;верх;1864,158;1858,546;6,346;3;1
3/3;2896;2020-09-28 08:00:00;18751;LL;низ;1848,801;1865,334;15,357;4;1
3/3;2897;2020-09-29 01:00:00;18767;HH;верх;1887,329;1881,512;38,528;16;2
3/3;2898;2020-09-29 05:00:00;18771;HL;низ;1875,684;1882,049;11,645;4;2
3/3;2899;2020-09-29 23:00:00;18788;HH;верх;1899,184;1892,803;23,500;17;2
3/3;2900;2020-09-30 09:00:00;18798;HL;низ;1881,524;1895,510;17,660;10;2
3/3;2901;2020-09-30 15:00:00;18804;HH;верх;1902,349;1890,190;20,825;6;1
3/3;2902;2020-10-01 00:00:00;18812;HL;низ;1884,720;1892,506;17,629;8;1
3/3;2903;2020-10-01 15:00:00;18827;HH;верх;1912,662;1909,686;27,942;15;2
3/3;2904;2020-10-02 05:00:00;18840;HL;низ;1889,866;1906,092;22,796;13;1
3/3;2905;2020-10-02 06:00:00;18841;HH;верх;1917,165;1907,484;27,299;1;2
3/3;2906;2020-10-05 07:00:00;18865;LL;низ;1887,132;1900,312;30,033;24;2
3/3;2907;2020-10-05 14:00:00;18872;HH;верх;1918,694;1915,544;31,562;7;1
3/3;2908;2020-10-05 19:00:00;18877;HL;низ;1910,822;1912,952;7,872;5;1
3/3;2909;2020-10-06 01:00:00;18882;LH;верх;1914,665;1912,333;3,843;5;1
3/3;2910;2020-10-06 02:00:00;18883;LL;низ;1908,390;1911,131;6,275;1;1
3/3;2911;2020-10-06 07:00:00;18888;LH;верх;1914,622;1913,318;6,232;5;1
3/3;2912;2020-10-06 08:00:00;18889;LL;низ;1906,770;1917,644;7,852;1;1
3/3;2913;2020-10-06 13:00:00;18894;HH;верх;1921,277;1903,974;14,507;5;1
3/3;2914;2020-10-07 01:00:00;18905;LL;низ;1872,898;1882,834;48,379;11;2
3/3;2915;2020-10-07 07:00:00;18911;LH;верх;1898,066;1885,836;25,168;6;2
3/3;2916;2020-10-07 14:00:00;18918;HL;низ;1879,302;1885,427;18,764;7;1
3/3;2917;2020-10-08 01:00:00;18928;LH;верх;1889,316;1885,696;10,014;10;2
3/3;2918;2020-10-08 03:00:00;18930;HL;низ;1883,544;1894,394;5,772;2;1
3/3;2919;2020-10-08 13:00:00;18940;HH;верх;1900,687;1885,317;17,143;10;2
3/3;2920;2020-10-08 17:00:00;18944;LL;низ;1882,000;1893,608;18,687;4;1
3/3;2921;2020-10-09 03:00:00;18953;HH;верх;1912,972;1907,678;30,972;9;1
3/3;2922;2020-10-09 06:00:00;18956;HL;низ;1905,763;1913,916;7,209;3;1
3/3;2923;2020-10-11 23:00:00;18972;HH;верх;1933,292;1927,632;27,529;16;2
3/3;2924;2020-10-12 01:00:00;18974;HL;низ;1921,670;1928,713;11,622;2;1
3/3;2925;2020-10-12 05:00:00;18978;LH;верх;1932,062;1923,778;10,392;4;1
3/3;2926;2020-10-12 11:00:00;18984;LL;низ;1918,643;1924,521;13,419;6;1
3/3;2927;2020-10-12 12:00:00;18985;LH;верх;1928,459;1923,162;9,816;1;2
3/3;2928;2020-10-13 04:00:00;19000;LL;низ;1910,418;1918,600;18,041;15;1
3/3;2929;2020-10-13 08:00:00;19004;LH;верх;1925,034;1920,366;14,616;4;1
3/3;2930;2020-10-13 14:00:00;19010;LL;низ;1886,578;1890,556;38,456;6;1
3/3;2931;2020-10-13 19:00:00;19015;LH;верх;1895,238;1893,272;8,660;5;1
3/3;2932;2020-10-14 01:00:00;19020;LL;низ;1882,434;1894,343;12,804;5;1
3/3;2933;2020-10-14 13:00:00;19032;HH;верх;1912,962;1901,323;30,528;12;2
3/3;2934;2020-10-15 01:00:00;19043;HL;низ;1892,092;1901,362;20,870;11;1
3/3;2935;2020-10-15 07:00:00;19049;LH;верх;1903,704;1896,788;11,612;6;1
3/3;2936;2020-10-15 12:00:00;19054;LL;низ;1889,644;1903,732;14,060;5;1
3/3;2937;2020-10-15 20:00:00;19062;HH;верх;1908,999;1907,468;19,355;8;1
3/3;2938;2020-10-16 00:00:00;19065;HL;низ;1905,180;1906,072;3,819;3;1
3/3;2939;2020-10-16 01:00:00;19066;HH;верх;1910,574;1905,932;5,394;1;1
3/3;2940;2020-10-16 06:00:00;19071;LL;низ;1902,936;1907,550;7,638;5;1
3/3;2941;2020-10-16 12:00:00;19077;HH;верх;1914,046;1901,544;11,110;6;2
3/3;2942;2020-10-19 01:00:00;19089;LL;низ;1897,166;1903,024;16,880;12;3
3/3;2943;2020-10-19 12:00:00;19100;HH;верх;1918,540;1908,378;21,374;11;1
3/3;2944;2020-10-19 14:00:00;19102;HL;низ;1902,933;1905,782;15,607;2;1
3/3;2945;2020-10-19 17:00:00;19105;LH;верх;1910,464;1904,400;7,531;3;1
3/3;2946;2020-10-20 02:00:00;19113;LL;низ;1894,605;1901,829;15,859;8;3
3/3;2947;2020-10-20 09:00:00;19120;LH;верх;1908,248;1905,305;13,643;7;1
3/3;2948;2020-10-20 14:00:00;19125;HL;низ;1897,738;1913,088;10,510;5;1
3/3;2949;2020-10-20 18:00:00;19129;HH;верх;1914,125;1911,112;16,387;4;1
3/3;2950;2020-10-20 20:00:00;19131;HL;низ;1906,724;1914,604;7,401;2;1
3/3;2951;2020-10-21 08:00:00;19142;HH;верх;1922,848;1916,332;16,124;11;2
3/3;2952;2020-10-21 09:00:00;19143;HL;низ;1914,631;1924,928;8,217;1;1
3/3;2953;2020-10-21 14:00:00;19148;HH;верх;1931,401;1924,737;16,770;5;2
3/3;2954;2020-10-22 02:00:00;19159;LL;низ;1910,918;1914,625;20,483;11;1
3/3;2955;2020-10-22 07:00:00;19164;LH;верх;1920,484;1917,076;9,566;5;1
3/3;2956;2020-10-22 14:00:00;19171;LL;низ;1894,775;1903,744;25,709;7;1
3/3;2957;2020-10-22 22:00:00;19178;LH;верх;1907,534;1904,432;12,759;7;2
3/3;2958;2020-10-23 00:00:00;19180;HL;низ;1901,438;1906,475;6,096;2;1
3/3;2959;2020-10-23 03:00:00;19183;HH;верх;1907,844;1906,502;6,406;3;1
3/3;2960;2020-10-23 06:00:00;19186;HL;низ;1902,829;1909,221;5,015;3;1
3/3;2961;2020-10-23 12:00:00;19192;HH;верх;1914,359;1898,888;11,530;6;1
3/3;2962;2020-10-25 22:00:00;19201;LL;низ;1891,508;1897,754;22,851;9;3
3/3;2963;2020-10-26 14:00:00;19217;LH;верх;1908,594;1902,639;17,086;16;1
3/3;2964;2020-10-26 15:00:00;19218;HL;низ;1898,962;1903,471;9,632;1;1
3/3;2965;2020-10-27 02:00:00;19228;HH;верх;1910,455;1907,814;11,493;10;2
3/3;2966;2020-10-27 09:00:00;19235;LL;низ;1897,914;1905,816;12,541;7;1
3/3;2967;2020-10-27 15:00:00;19241;HH;верх;1911,354;1908,016;13,440;6;1
3/3;2968;2020-10-28 00:00:00;19249;HL;низ;1902,513;1906,897;8,841;8;1
3/3;2969;2020-10-28 06:00:00;19255;LH;верх;1910,826;1899,960;8,313;6;1
3/3;2970;2020-10-28 15:00:00;19264;LL;низ;1869,460;1876,988;41,366;9;1
3/3;2971;2020-10-28 16:00:00;19265;LH;верх;1884,287;1877,050;14,827;1;1
3/3;2972;2020-10-28 20:00:00;19269;HL;низ;1875,165;1878,398;9,122;4;2
3/3;2973;2020-10-29 06:00:00;19278;HH;верх;1885,054;1877,418;9,889;9;1
3/3;2974;2020-10-29 13:00:00;19285;LL;низ;1860,080;1868,401;24,974;7;2
3/3;2975;2020-10-30 03:00:00;19298;LH;верх;1878,138;1870,508;18,058;13;1
3/3;2976;2020-10-30 06:00:00;19301;HL;низ;1866,730;1873,888;11,408;3;1
3/3;2977;2020-10-30 13:00:00;19308;HH;верх;1889,756;1881,698;23,026;7;1
3/3;2978;2020-11-02 01:00:00;19318;HL;низ;1873,504;1880,480;16,252;10;2
3/3;2979;2020-11-02 02:00:00;19319;LH;верх;1885,645;1884,240;12,141;1;1
3/3;2980;2020-11-02 14:00:00;19331;HL;низ;1885,872;1893,644;0,227;12;1
3/3;2981;2020-11-03 02:00:00;19342;HH;верх;1898,545;1892,150;12,673;11;1
3/3;2982;2020-11-03 07:00:00;19347;HL;низ;1887,096;1897,086;11,449;5;1
3/3;2983;2020-11-04 00:00:00;19363;HH;верх;1916,484;1896,948;29,388;16;2
3/3;2984;2020-11-04 01:00:00;19364;LL;низ;1882,212;1898,961;34,272;1;2
3/3;2985;2020-11-04 13:00:00;19376;LH;верх;1912,318;1901,656;30,106;12;1
3/3;2986;2020-11-04 18:00:00;19381;HL;низ;1893,296;1903,015;19,022;5;1
3/3;2987;2020-11-05 16:00:00;19402;HH;верх;1952,786;1949,771;59,490;21;2
3/3;2988;2020-11-06 04:00:00;19413;HL;низ;1935,722;1947,768;17,064;11;1
3/3;2989;2020-11-06 14:00:00;19423;HH;верх;1960,386;1951,722;24,664;10;1
3/3;2990;2020-11-06 15:00:00;19424;HL;низ;1941,320;1953,775;19,066;1;1
3/3;2991;2020-11-09 05:00:00;19437;HH;верх;1965,572;1959,799;24,252;13;2
3/3;2992;2020-11-09 16:00:00;19448;LL;низ;1850,530;1866,746;115,042;11;3
3/3;2993;2020-11-10 07:00:00;19462;LH;верх;1890,513;1868,799;39,983;14;1
3/3;2994;2020-11-10 11:00:00;19466;HL;низ;1867,524;1881,796;22,989;4;1
3/3;2995;2020-11-10 15:00:00;19470;LH;верх;1885,372;1877,180;17,848;4;1
3/3;2996;2020-11-10 21:00:00;19476;HL;низ;1872,074;1879,748;13,298;6;1
3/3;2997;2020-11-11 06:00:00;19484;LH;верх;1884,473;1881,310;12,399;8;1
3/3;2998;2020-11-11 14:00:00;19492;LL;низ;1856,448;1862,438;28,025;8;3
3/3;2999;2020-11-12 05:00:00;19506;LH;верх;1872,731;1867,542;16,283;14;1
3/3;3000;2020-11-12 08:00:00;19509;HL;низ;1863,318;1870,576;9,413;3;1
3/3;3001;2020-11-12 15:00:00;19516;HH;верх;1883,878;1877,956;20,560;7;2
3/3;3002;2020-11-12 20:00:00;19521;HL;низ;1874,154;1877,789;9,724;5;1
3/3;3003;2020-11-13 01:00:00;19525;LH;верх;1882,008;1877,422;7,854;4;1
3/3;3004;2020-11-13 09:00:00;19533;HL;низ;1875,965;1885,962;6,043;8;1
3/3;3005;2020-11-13 14:00:00;19538;HH;верх;1896,882;1890,602;20,917;5;1
3/3;3006;2020-11-13 19:00:00;19543;HL;низ;1884,743;1890,599;12,139;5;1
3/3;3007;2020-11-16 02:00:00;19549;HH;верх;1899,112;1892,070;14,369;6;1
3/3;3008;2020-11-16 07:00:00;19554;HL;низ;1887,559;1891,650;11,553;5;1
3/3;3009;2020-11-16 09:00:00;19556;LH;верх;1895,268;1876,664;7,709;2;1
3/3;3010;2020-11-16 11:00:00;19558;LL;низ;1864,541;1887,856;30,727;2;1
3/3;3011;2020-11-16 17:00:00;19564;HH;верх;1896,022;1887,540;31,481;6;1
3/3;3012;2020-11-16 20:00:00;19567;HL;низ;1885,181;1888,500;10,841;3;1
3/3;3013;2020-11-17 03:00:00;19573;LH;верх;1892,502;1888,990;7,321;6;1
3/3;3014;2020-11-17 06:00:00;19576;LL;низ;1884,339;1890,277;8,163;3;1
3/3;3015;2020-11-17 13:00:00;19583;HH;верх;1893,536;1885,856;9,197;7;2
3/3;3016;2020-11-18 03:00:00;19596;LL;низ;1875,780;1880,051;17,756;13;3
3/3;3017;2020-11-18 08:00:00;19601;LH;верх;1884,782;1871,793;9,002;5;1
3/3;3018;2020-11-18 12:00:00;19605;LL;низ;1863,772;1881,858;21,010;4;1
3/3;3019;2020-11-18 15:00:00;19608;HH;верх;1884,856;1873,148;21,084;3;2
3/3;3020;2020-11-19 13:00:00;19629;LL;низ;1852,792;1859,761;32,064;21;2
3/3;3021;2020-11-19 21:00:00;19637;LH;верх;1867,788;1865,055;14,996;8;1
3/3;3022;2020-11-19 23:00:00;19638;HL;низ;1860,967;1864,140;6,821;1;1
3/3;3023;2020-11-20 06:00:00;19645;HH;верх;1869,861;1867,150;8,894;7;1
3/3;3024;2020-11-20 07:00:00;19646;HL;низ;1861,060;1865,645;8,801;1;2
3/3;3025;2020-11-20 15:00:00;19654;HH;верх;1879,818;1873,726;18,758;8;1
3/3;3026;2020-11-22 23:00:00;19661;HL;низ;1868,925;1873,054;10,893;7;1
3/3;3027;2020-11-23 06:00:00;19668;LH;верх;1876,139;1869,038;7,214;7;2
3/3;3028;2020-11-24 03:00:00;19688;LL;низ;1821,373;1828,564;54,766;20;2
3/3;3029;2020-11-24 07:00:00;19692;LH;верх;1833,064;1812,864;11,691;4;1
3/3;3030;2020-11-24 15:00:00;19700;LL;низ;1800,424;1805,827;32,640;8;1
3/3;3031;2020-11-25 01:00:00;19709;LH;верх;1812,170;1804,810;11,746;9;1
3/3;3032;2020-11-25 04:00:00;19712;HL;низ;1801,806;1810,134;10,364;3;1
3/3;3033;2020-11-25 08:00:00;19716;HH;верх;1815,235;1812,593;13,429;4;1
3/3;3034;2020-11-25 11:00:00;19719;HL;низ;1806,636;1813,365;8,599;3;1
3/3;3035;2020-11-25 14:00:00;19722;HH;верх;1817,771;1808,718;11,135;3;1
3/3;3036;2020-11-25 19:00:00;19727;LL;низ;1804,334;1808,330;13,437;5;1
3/3;3037;2020-11-26 01:00:00;19732;LH;верх;1812,757;1810,742;8,423;5;1
3/3;3038;2020-11-26 05:00:00;19736;HL;низ;1806,862;1816,136;5,895;4;1
3/3;3039;2020-11-26 07:00:00;19738;HH;верх;1818,336;1814,802;11,474;2;1
3/3;3040;2020-11-26 10:00:00;19741;HL;низ;1811,159;1814,156;7,177;3;1
3/3;3041;2020-11-26 13:00:00;19744;LH;верх;1815,297;1808,678;4,138;3;1
3/3;3042;2020-11-26 14:00:00;19745;LL;низ;1805,857;1810,474;9,440;1;1
3/3;3043;2020-11-27 01:00:00;19751;LH;верх;1813,868;1807,989;8,011;6;1
3/3;3044;2020-11-27 05:00:00;19755;LL;низ;1802,932;1809,301;10,936;4;1
3/3;3045;2020-11-27 08:00:00;19758;LH;верх;1811,505;1806,305;8,573;3;1
3/3;3046;2020-11-27 14:00:00;19764;LL;низ;1774,410;1787,998;37,095;6;1
3/3;3047;2020-11-29 23:00:00;19769;LH;верх;1789,937;1766,884;15,527;5;1
3/3;3048;2020-11-30 02:00:00;19772;LL;низ;1764,570;1770,697;25,367;3;1
3/3;3049;2020-11-30 07:00:00;19777;LH;верх;1783,914;1767,691;19,344;5;1
3/3;3050;2020-11-30 10:00:00;19780;HL;низ;1764,668;1772,666;19,246;3;1
3/3;3051;2020-11-30 17:00:00;19787;HH;верх;1784,534;1776,604;19,866;7;1
3/3;3052;2020-11-30 21:00:00;19791;HL;низ;1775,520;1779,053;9,014;4;1
3/3;3053;2020-12-01 18:00:00;19811;HH;верх;1817,362;1815,137;41,842;20;2
3/3;3054;2020-12-02 05:00:00;19821;HL;низ;1807,543;1825,128;9,819;10;1
3/3;3055;2020-12-02 10:00:00;19826;HH;верх;1832,518;1815,869;24,975;5;1
3/3;3056;2020-12-02 13:00:00;19829;HL;низ;1812,782;1826,874;19,736;3;1
3/3;3057;2020-12-02 23:00:00;19838;LH;верх;1831,841;1829,431;19,059;9;1
3/3;3058;2020-12-03 01:00:00;19840;HL;низ;1826,224;1836,136;5,617;2;1
3/3;3059;2020-12-03 12:00:00;19851;HH;верх;1843,984;1831,096;17,760;11;3
3/3;3060;2020-12-03 16:00:00;19855;LL;низ;1823,772;1840,334;20,212;4;2
3/3;3061;2020-12-04 03:00:00;19865;HH;верх;1844,835;1843,728;21,063;10;1
3/3;3062;2020-12-04 08:00:00;19870;HL;низ;1837,912;1841,591;6,923;5;1
3/3;3063;2020-12-04 14:00:00;19876;HH;верх;1848,202;1834,238;10,290;6;1
3/3;3064;2020-12-04 15:00:00;19877;LL;низ;1829,276;1835,614;18,926;1;2
3/3;3065;2020-12-07 06:00:00;19891;LH;верх;1842,537;1831,908;13,261;14;1
3/3;3066;2020-12-07 08:00:00;19893;LL;низ;1822,253;1830,542;20,284;2;1
3/3;3067;2020-12-07 16:00:00;19901;HH;верх;1868,576;1859,628;46,323;8;1
3/3;3068;2020-12-07 22:00:00;19907;HL;низ;1856,950;1863,988;11,626;6;1
3/3;3069;2020-12-08 04:00:00;19913;HH;верх;1871,878;1865,302;14,928;6;1
3/3;3070;2020-12-08 11:00:00;19920;HL;низ;1860,352;1870,086;11,526;7;1
3/3;3071;2020-12-08 14:00:00;19923;HH;верх;1875,306;1872,926;14,954;3;1
3/3;3072;2020-12-09 04:00:00;19936;LL;низ;1855,698;1860,148;19,608;13;1
3/3;3073;2020-12-09 09:00:00;19941;LH;верх;1866,277;1857,058;10,579;5;2
3/3;3074;2020-12-09 18:00:00;19950;LL;низ;1825,579;1840,086;40,698;9;1
3/3;3075;2020-12-10 02:00:00;19957;LH;верх;1842,520;1839,461;16,941;7;1
3/3;3076;2020-12-10 09:00:00;19964;HL;низ;1828,770;1836,169;13,750;7;1
3/3;3077;2020-12-10 14:00:00;19969;HH;верх;1850,015;1830,729;21,245;5;1
3/3;3078;2020-12-10 18:00:00;19973;HL;низ;1830,282;1836,693;19,733;4;1
3/3;3079;2020-12-11 02:00:00;19980;LH;верх;1840,750;1834,784;10,468;7;1
3/3;3080;2020-12-11 11:00:00;19989;LL;низ;1824,184;1841,426;16,566;9;1
3/3;3081;2020-12-11 15:00:00;19993;HH;верх;1847,751;1840,746;23,567;4;1
3/3;3082;2020-12-14 10:00:00;20011;LL;низ;1819,418;1832,711;28,333;18;2
3/3;3083;2020-12-14 14:00:00;20015;LH;верх;1839,104;1828,942;19,686;4;1
3/3;3084;2020-12-14 16:00:00;20017;HL;низ;1822,282;1825,359;16,822;2;3
3/3;3085;2020-12-15 08:00:00;20032;HH;верх;1847,604;1845,486;25,322;15;1
3/3;3086;2020-12-15 12:00:00;20036;HL;низ;1842,494;1848,331;5,110;4;1
3/3;3087;2020-12-16 02:00:00;20049;HH;верх;1858,392;1855,532;15,898;13;3
3/3;3088;2020-12-16 08:00:00;20055;HL;низ;1853,204;1862,323;5,188;6;1
3/3;3089;2020-12-16 11:00:00;20058;HH;верх;1865,650;1854,409;12,446;3;1
3/3;3090;2020-12-16 19:00:00;20066;LL;низ;1844,844;1864,566;20,806;8;3
3/3;3091;2020-12-17 14:00:00;20084;HH;верх;1896,318;1887,508;51,474;18;2
3/3;3092;2020-12-18 01:00:00;20094;HL;низ;1878,616;1884,844;17,702;10;2
3/3;3093;2020-12-18 05:00:00;20098;LH;верх;1886,794;1881,663;8,178;4;1
3/3;3094;2020-12-18 08:00:00;20101;LL;низ;1877,494;1884,339;9,300;3;1
3/3;3095;2020-12-18 13:00:00;20106;HH;верх;1889,722;1884,302;12,228;5;1
3/3;3096;2020-12-18 14:00:00;20107;HL;низ;1877,678;1884,232;12,044;1;2
3/3;3097;2020-12-21 06:00:00;20122;HH;верх;1906,809;1886,642;29,131;15;1
3/3;3098;2020-12-21 10:00:00;20126;LL;низ;1855,148;1882,280;51,661;4;1
3/3;3099;2020-12-21 14:00:00;20130;LH;верх;1885,854;1878,088;30,706;4;1
3/3;3100;2020-12-21 20:00:00;20136;HL;низ;1874,034;1879,378;11,820;6;1
3/3;3101;2020-12-22 02:00:00;20141;LH;верх;1884,336;1876,116;10,302;5;1
3/3;3102;2020-12-22 07:00:00;20146;LL;низ;1866,794;1872,878;17,542;5;1
3/3;3103;2020-12-22 14:00:00;20153;LH;верх;1881,560;1867,782;14,766;7;1
3/3;3104;2020-12-22 20:00:00;20159;LL;низ;1859,032;1864,182;22,528;6;1
3/3;3105;2020-12-23 01:00:00;20163;LH;верх;1867,588;1866,946;8,556;4;1
3/3;3106;2020-12-23 06:00:00;20168;HL;низ;1863,238;1868,764;4,350;5;1
3/3;3107;2020-12-23 09:00:00;20171;HH;верх;1872,450;1861,326;9,212;3;1
3/3;3108;2020-12-23 12:00:00;20174;LL;низ;1857,132;1871,736;15,318;3;1
3/3;3109;2020-12-23 14:00:00;20176;HH;верх;1878,611;1873,084;21,479;2;1
3/3;3110;2020-12-23 20:00:00;20182;HL;низ;1869,956;1873,385;8,655;6;1
3/3;3111;2020-12-24 08:00:00;20193;HH;верх;1880,703;1876,400;10,747;11;2
3/3;3112;2020-12-24 14:00:00;20199;LL;низ;1869,582;1879,684;11,121;6;2
3/3;3113;2020-12-28 02:00:00;20207;HH;верх;1900,296;1890,362;30,714;8;1
3/3;3114;2020-12-28 11:00:00;20216;LL;низ;1869,309;1893,856;30,987;9;2
3/3;3115;2020-12-28 15:00:00;20220;LH;верх;1896,552;1876,094;27,243;4;1
3/3;3116;2020-12-28 21:00:00;20226;HL;низ;1871,198;1878,526;25,354;6;1
3/3;3117;2020-12-29 08:00:00;20236;LH;верх;1883,596;1877,334;12,398;10;2
3/3;3118;2020-12-29 15:00:00;20243;HL;низ;1871,868;1877,936;11,728;7;2
3/3;3119;2020-12-29 16:00:00;20244;HH;верх;1886,440;1878,742;14,572;1;1
3/3;3120;2020-12-29 19:00:00;20247;HL;низ;1876,725;1878,854;9,715;3;1
3/3;3121;2020-12-30 04:00:00;20255;LH;верх;1886,174;1878,794;9,449;8;1
3/3;3122;2020-12-30 13:00:00;20264;LL;низ;1876,199;1886,948;9,975;9;1
3/3;3123;2020-12-31 01:00:00;20275;HH;верх;1899,900;1888,958;23,701;11;1
3/3;3124;2020-12-31 05:00:00;20279;HL;низ;1885,528;1893,940;14,372;4;1
3/3;3125;2020-12-31 09:00:00;20283;LH;верх;1896,161;1894,202;10,633;4;1
3/3;3126;2020-12-31 14:00:00;20288;HL;низ;1891,924;1894,526;4,237;5;1
3/3;3127;2020-12-31 16:00:00;20290;HH;верх;1900,439;1896,954;8,515;2;1
3/3;3128;2020-12-31 18:00:00;20292;LL;низ;1890,472;1898,391;9,967;2;1
3/3;3129;2021-01-04 15:00:00;20312;HH;верх;1944,518;1943,756;54,046;20;1
3/3;3130;2021-01-04 15:00:00;20312;HL;низ;1929,416;1943,756;15,102;0;1
3/3;3131;2021-01-04 23:00:00;20319;HH;верх;1945,738;1939,482;16,322;7;1
3/3;3132;2021-01-05 01:00:00;20321;HL;низ;1934,443;1939,737;11,295;2;1
3/3;3133;2021-01-05 14:00:00;20334;HH;верх;1952,732;1950,131;18,289;13;2
3/3;3134;2021-01-05 15:00:00;20335;HL;низ;1939,133;1951,342;13,599;1;1
3/3;3135;2021-01-06 01:00:00;20344;HH;верх;1955,412;1944,740;16,279;9;1
3/3;3136;2021-01-06 04:00:00;20347;HL;низ;1941,486;1947,957;13,926;3;1
3/3;3137;2021-01-06 10:00:00;20353;HH;верх;1959,406;1933,052;17,920;6;1
3/3;3138;2021-01-06 16:00:00;20359;LL;низ;1900,900;1918,528;58,506;6;1
3/3;3139;2021-01-07 00:00:00;20366;LH;верх;1924,685;1918,047;23,785;7;1
3/3;3140;2021-01-07 02:00:00;20368;HL;низ;1914,869;1920,896;9,816;2;1
3/3;3141;2021-01-07 06:00:00;20372;HH;верх;1927,725;1915,892;12,856;4;1
3/3;3142;2021-01-07 14:00:00;20380;LL;низ;1906,982;1911,174;20,743;8;2
3/3;3143;2021-01-07 20:00:00;20386;LH;верх;1918,136;1913,299;11,154;6;2
3/3;3144;2021-01-08 08:00:00;20397;LL;низ;1877,740;1894,152;40,396;11;1
3/3;3145;2021-01-08 12:00:00;20401;LH;верх;1894,586;1862,946;16,846;4;1
3/3;3146;2021-01-08 18:00:00;20407;LL;низ;1828,276;1849,215;66,310;6;1
3/3;3147;2021-01-10 23:00:00;20411;LH;верх;1856,825;1835,618;28,549;4;1
3/3;3148;2021-01-11 01:00:00;20413;LL;низ;1817,160;1834,202;39,665;2;1
3/3;3149;2021-01-11 08:00:00;20420;LH;верх;1855,570;1849,466;38,410;7;1
3/3;3150;2021-01-11 14:00:00;20426;HL;низ;1829,124;1848,645;26,446;6;1
3/3;3151;2021-01-11 18:00:00;20430;LH;верх;1851,672;1843,610;22,548;4;1
3/3;3152;2021-01-12 01:00:00;20436;HL;низ;1841,394;1850,806;10,278;6;1
3/3;3153;2021-01-12 10:00:00;20445;HH;верх;1863,870;1844,387;22,476;9;1
3/3;3154;2021-01-12 14:00:00;20449;LL;низ;1836,767;1839,580;27,103;4;1
3/3;3155;2021-01-13 01:00:00;20459;LH;верх;1863,108;1859,776;26,341;10;2
3/3;3156;2021-01-13 09:00:00;20467;HL;низ;1849,483;1854,802;13,625;8;2
3/3;3157;2021-01-13 14:00:00;20472;LH;верх;1861,270;1855,857;11,787;5;1
3/3;3158;2021-01-13 21:00:00;20479;LL;низ;1842,094;1849,310;19,176;7;1
3/3;3159;2021-01-14 01:00:00;20482;LH;верх;1852,270;1840,305;10,176;3;1
3/3;3160;2021-01-14 02:00:00;20483;LL;низ;1829,486;1844,428;22,784;1;3
3/3;3161;2021-01-14 18:00:00;20499;HH;верх;1857,593;1846,258;28,107;16;1
3/3;3162;2021-01-14 19:00:00;20500;HL;низ;1843,894;1846,990;13,699;1;1
3/3;3163;2021-01-15 01:00:00;20505;LH;верх;1855,740;1853,418;11,846;5;1
3/3;3164;2021-01-15 06:00:00;20510;HL;низ;1846,825;1855,287;8,915;5;1
3/3;3165;2021-01-15 09:00:00;20513;HH;верх;1856,992;1848,052;10,167;3;1
3/3;3166;2021-01-17 23:00:00;20526;LL;низ;1802,955;1828,840;54,037;13;2
3/3;3167;2021-01-18 06:00:00;20533;LH;верх;1840,850;1831,835;37,895;7;2
3/3;3168;2021-01-18 12:00:00;20539;HL;низ;1829,735;1836,940;11,115;6;1
3/3;3169;2021-01-19 01:00:00;20547;HH;верх;1843,750;1839,790;14,015;8;1
3/3;3170;2021-01-19 05:00:00;20551;HL;низ;1836,340;1843,600;7,410;4;1
3/3;3171;2021-01-19 10:00:00;20556;HH;верх;1845,670;1840,130;9,330;5;1
3/3;3172;2021-01-19 13:00:00;20559;LL;низ;1833,145;1841,470;12,525;3;1
3/3;3173;2021-01-19 17:00:00;20563;LH;верх;1843,550;1840,355;10,405;4;1
3/3;3174;2021-01-19 19:00:00;20565;HL;низ;1837,155;1841,060;6,395;2;1
3/3;3175;2021-01-20 07:00:00;20576;HH;верх;1857,430;1853,810;20,275;11;1
3/3;3176;2021-01-20 13:00:00;20582;LL;низ;1832,570;1866,910;24,860;6;1
3/3;3177;2021-01-20 15:00:00;20584;HH;верх;1870,480;1868,510;37,910;2;1
3/3;3178;2021-01-21 01:00:00;20593;HL;низ;1867,135;1871,226;3,345;9;1
3/3;3179;2021-01-21 06:00:00;20598;HH;верх;1875,170;1871,886;8,035;5;1
3/3;3180;2021-01-21 14:00:00;20606;LL;низ;1858,280;1864,935;16,890;8;2
3/3;3181;2021-01-21 20:00:00;20612;LH;верх;1871,530;1866,950;13,250;6;2
3/3;3182;2021-01-22 13:00:00;20628;LL;низ;1837,460;1855,050;34,070;16;1
3/3;3183;2021-01-22 16:00:00;20631;LH;верх;1858,475;1855,796;21,015;3;1
3/3;3184;2021-01-22 21:00:00;20636;HL;низ;1852,615;1855,040;5,860;5;1
3/3;3185;2021-01-25 00:00:00;20638;HH;верх;1860,060;1853,900;7,445;2;2
3/3;3186;2021-01-25 06:00:00;20644;LL;низ;1849,305;1856,055;10,755;6;1
3/3;3187;2021-01-25 13:00:00;20651;HH;верх;1867,950;1855,370;18,645;7;1
3/3;3188;2021-01-25 16:00:00;20654;LL;низ;1847,270;1855,075;20,680;3;2
3/3;3189;2021-01-26 04:00:00;20665;LH;верх;1861,795;1851,070;14,525;11;1
3/3;3190;2021-01-26 10:00:00;20671;HL;низ;1848,440;1857,186;13,355;6;1
3/3;3191;2021-01-26 13:00:00;20674;LH;верх;1860,135;1852,445;11,695;3;1
3/3;3192;2021-01-27 01:00:00;20685;LL;низ;1843,365;1847,610;16,770;11;1
3/3;3193;2021-01-27 08:00:00;20692;LH;верх;1853,220;1841,430;9,855;7;1
3/3;3194;2021-01-27 14:00:00;20698;LL;низ;1831,426;1845,560;21,794;6;1
3/3;3195;2021-01-27 16:00:00;20700;LH;верх;1850,670;1841,745;19,244;2;1
3/3;3196;2021-01-28 01:00:00;20708;HL;низ;1834,130;1837,250;16,540;8;3
3/3;3197;2021-01-28 15:00:00;20722;HH;верх;1864,220;1840,790;30,090;14;1
3/3;3198;2021-01-28 18:00:00;20725;HL;низ;1835,080;1842,660;29,140;3;1
3/3;3199;2021-01-29 00:00:00;20730;LH;верх;1845,385;1842,085;10,305;5;1
3/3;3200;2021-01-29 01:00:00;20731;HL;низ;1839,646;1842,950;5,739;1;1
3/3;3201;2021-01-29 14:00:00;20744;HH;верх;1875,736;1852,244;36,090;13;1
3/3;3202;2021-01-29 21:00:00;20751;HL;низ;1841,755;1852,385;33,981;7;1
3/3;3203;2021-02-01 08:00:00;20761;LH;верх;1871,890;1864,340;30,135;10;2
3/3;3204;2021-02-01 10:00:00;20763;HL;низ;1856,580;1864,210;15,310;2;1
3/3;3205;2021-02-01 12:00:00;20765;LH;верх;1869,685;1860,265;13,105;2;1
3/3;3206;2021-02-01 15:00:00;20768;HL;низ;1856,830;1860,620;12,855;3;1
3/3;3207;2021-02-02 01:00:00;20777;LH;верх;1864,110;1854,195;7,280;9;1
3/3;3208;2021-02-02 14:00:00;20790;LL;низ;1829,605;1835,245;34,505;13;2
3/3;3209;2021-02-03 02:00:00;20801;LH;верх;1844,950;1839,215;15,345;11;1
3/3;3210;2021-02-03 10:00:00;20809;HL;низ;1832,690;1838,305;12,260;8;1
3/3;3211;2021-02-03 13:00:00;20812;LH;верх;1842,386;1835,645;9,696;3;1
3/3;3212;2021-02-04 05:00:00;20827;LL;низ;1815,950;1821,945;26,436;15;3
3/3;3213;2021-02-04 07:00:00;20829;LH;верх;1827,290;1811,995;11,340;2;1
3/3;3214;2021-02-04 09:00:00;20831;LL;низ;1810,355;1816,980;16,935;2;1
3/3;3215;2021-02-04 13:00:00;20835;LH;верх;1819,625;1792,635;9,270;4;1
3/3;3216;2021-02-04 15:00:00;20837;LL;низ;1785,020;1792,480;34,605;2;2
3/3;3217;2021-02-05 08:00:00;20853;LH;верх;1811,320;1802,915;26,300;16;1
3/3;3218;2021-02-05 13:00:00;20858;HL;низ;1793,526;1813,075;17,794;5;1
3/3;3219;2021-02-05 17:00:00;20862;HH;верх;1815,200;1811,175;21,674;4;1
3/3;3220;2021-02-05 20:00:00;20865;HL;низ;1809,635;1813,130;5,565;3;1
3/3;3221;2021-02-08 00:00:00;20868;HH;верх;1818,960;1810,825;9,325;3;1
3/3;3222;2021-02-08 02:00:00;20870;LL;низ;1808,400;1813,085;10,560;2;1
3/3;3223;2021-02-08 07:00:00;20875;LH;верх;1817,896;1815,470;9,496;5;1
3/3;3224;2021-02-08 08:00:00;20876;LL;низ;1807,865;1820,850;10,031;1;1
3/3;3225;2021-02-08 15:00:00;20883;HH;верх;1839,230;1831,340;31,365;7;1
3/3;3226;2021-02-08 23:00:00;20890;HL;низ;1828,930;1841,530;10,300;7;2
3/3;3227;2021-02-09 09:00:00;20900;HH;верх;1848,630;1842,756;19,700;10;2
3/3;3228;2021-02-09 14:00:00;20905;HL;низ;1832,280;1837,945;16,350;5;3
3/3;3229;2021-02-10 13:00:00;20927;HH;верх;1855,455;1841,235;23,175;22;2
3/3;3230;2021-02-10 16:00:00;20930;HL;низ;1834,970;1843,146;20,485;3;1
3/3;3231;2021-02-10 19:00:00;20933;LH;верх;1846,390;1842,100;11,420;3;1
3/3;3232;2021-02-11 03:00:00;20940;LL;низ;1834,136;1842,658;12,254;7;1
3/3;3233;2021-02-11 13:00:00;20950;HH;верх;1847,574;1830,090;13,438;10;2
3/3;3234;2021-02-11 19:00:00;20956;LL;низ;1821,180;1826,797;26,394;6;1
3/3;3235;2021-02-12 00:00:00;20960;LH;верх;1827,968;1822,020;6,788;4;1
3/3;3236;2021-02-12 02:00:00;20962;LL;низ;1819,445;1823,960;8,523;2;1
3/3;3237;2021-02-12 05:00:00;20965;LH;верх;1824,380;1817,115;4,935;3;1
3/3;3238;2021-02-12 08:00:00;20968;LL;низ;1812,628;1818,835;11,752;3;1
3/3;3239;2021-02-12 10:00:00;20970;LH;верх;1822,073;1815,703;9,445;2;1
3/3;3240;2021-02-12 13:00:00;20973;LL;низ;1810,605;1824,460;11,468;3;1
3/3;3241;2021-02-12 15:00:00;20975;HH;верх;1830,816;1822,430;20,211;2;1
3/3;3242;2021-02-12 20:00:00;20980;HL;низ;1817,516;1822,998;13,300;5;1
3/3;3243;2021-02-15 02:00:00;20985;LH;верх;1827,100;1825,045;9,584;5;1
3/3;3244;2021-02-15 10:00:00;20993;LL;низ;1816,065;1817,860;11,035;8;1
3/3;3245;2021-02-15 12:00:00;20995;LH;верх;1824,370;1818,122;8,305;2;1
3/3;3246;2021-02-15 14:00:00;20997;HL;низ;1816,191;1818,776;8,179;2;1
3/3;3247;2021-02-16 03:00:00;21005;HH;верх;1826,500;1823,600;10,309;8;1
3/3;3248;2021-02-16 07:00:00;21009;HL;низ;1818,965;1822,963;7,535;4;1
3/3;3249;2021-02-16 10:00:00;21012;LH;верх;1825,680;1796,902;6,715;3;1
3/3;3250;2021-02-17 00:00:00;21025;LL;низ;1786,690;1793,490;38,990;13;2
3/3;3251;2021-02-17 03:00:00;21028;LH;верх;1795,158;1792,860;8,468;3;1
3/3;3252;2021-02-17 09:00:00;21034;LL;низ;1783,735;1792,250;11,423;6;1
3/3;3253;2021-02-17 13:00:00;21038;LH;верх;1793,495;1778,035;9,760;4;1
3/3;3254;2021-02-17 16:00:00;21041;LL;низ;1769,526;1772,026;23,969;3;1
3/3;3255;2021-02-18 08:00:00;21056;LH;верх;1789,074;1784,227;19,548;15;2
3/3;3256;2021-02-18 08:00:00;21056;HL;низ;1778,946;1784,227;10,128;0;1
3/3;3257;2021-02-18 13:00:00;21061;HH;верх;1789,690;1776,670;10,744;5;1
3/3;3258;2021-02-18 15:00:00;21063;LL;низ;1768,470;1774,465;21,220;2;1
3/3;3259;2021-02-18 23:00:00;21070;LH;верх;1777,286;1770,136;8,816;7;1
3/3;3260;2021-02-19 01:00:00;21072;LL;низ;1760,754;1767,952;16,532;2;1
3/3;3261;2021-02-19 06:00:00;21077;HH;верх;1777,620;1771,135;16,866;5;1
3/3;3262;2021-02-19 11:00:00;21082;HL;низ;1767,993;1787,055;9,627;5;1
3/3;3263;2021-02-19 14:00:00;21085;HH;верх;1791,696;1783,200;23,703;3;1
3/3;3264;2021-02-19 18:00:00;21089;HL;низ;1777,425;1784,185;14,271;4;1
3/3;3265;2021-02-22 01:00:00;21095;LH;верх;1789,730;1784,926;12,305;6;1
3/3;3266;2021-02-22 03:00:00;21097;HL;низ;1780,780;1790,906;8,950;2;1
3/3;3267;2021-02-22 09:00:00;21103;HH;верх;1799,300;1794,795;18,520;6;1
3/3;3268;2021-02-22 12:00:00;21106;HL;низ;1793,510;1809,083;5,790;3;1
3/3;3269;2021-02-22 17:00:00;21111;HH;верх;1812,722;1808,316;19,212;5;1
3/3;3270;2021-02-22 20:00:00;21114;HL;низ;1806,315;1809,748;6,407;3;2
3/3;3271;2021-02-23 03:00:00;21120;HH;верх;1816,100;1812,142;9,785;6;1
3/3;3272;2021-02-23 10:00:00;21127;LL;низ;1803,756;1809,714;12,344;7;1
3/3;3273;2021-02-23 12:00:00;21129;LH;верх;1812,871;1807,006;9,115;2;1
3/3;3274;2021-02-23 14:00:00;21131;LL;низ;1795,704;1806,976;17,167;2;1
3/3;3275;2021-02-24 02:00:00;21142;HH;верх;1813,966;1809,620;18,262;11;2
3/3;3276;2021-02-24 09:00:00;21149;HL;низ;1803,214;1806,674;10,752;7;1
3/3;3277;2021-02-24 12:00:00;21152;LH;верх;1810,350;1795,125;7,136;3;1
3/3;3278;2021-02-24 14:00:00;21154;LL;низ;1783,650;1798,350;26,700;2;1
3/3;3279;2021-02-24 21:00:00;21161;LH;верх;1805,860;1797,145;22,210;7;3
3/3;3280;2021-02-26 00:00:00;21186;LL;низ;1765,306;1772,888;40,554;25;2
3/3;3281;2021-02-26 02:00:00;21188;LH;верх;1775,904;1760,669;10,598;2;1
3/3;3282;2021-02-26 07:00:00;21193;LL;низ;1755,428;1764,542;20,476;5;1
3/3;3283;2021-02-26 09:00:00;21195;LH;верх;1770,228;1758,820;14,800;2;2
3/3;3284;2021-02-26 16:00:00;21202;LL;низ;1717,270;1727,294;52,958;7;1
3/3;3285;2021-03-01 07:00:00;21216;LH;верх;1759,950;1745,750;42,680;14;1
3/3;3286;2021-03-01 20:00:00;21229;HL;низ;1719,780;1727,433;40,170;13;2
3/3;3287;2021-03-02 00:00:00;21232;LH;верх;1728,539;1713,376;8,759;3;1
3/3;3288;2021-03-02 03:00:00;21235;LL;низ;1707,336;1721,996;21,203;3;1
3/3;3289;2021-03-02 13:00:00;21245;HH;верх;1736,352;1731,710;29,016;10;1
3/3;3290;2021-03-02 15:00:00;21247;HL;низ;1720,426;1736,962;15,926;2;1
3/3;3291;2021-03-02 23:00:00;21254;HH;верх;1741,020;1732,920;20,594;7;1
3/3;3292;2021-03-03 01:00:00;21256;HL;низ;1730,100;1735,256;10,920;2;1
3/3;3293;2021-03-03 07:00:00;21262;LH;верх;1736,010;1726,640;5,910;6;1
3/3;3294;2021-03-03 15:00:00;21270;LL;низ;1701,964;1719,054;34,046;8;2
3/3;3295;2021-03-04 01:00:00;21279;LH;верх;1716,765;1715,110;14,801;9;1
3/3;3296;2021-03-04 04:00:00;21282;HL;низ;1706,670;1717,986;10,095;3;1
3/3;3297;2021-03-04 07:00:00;21285;HH;верх;1721,313;1715,390;14,643;3;1
3/3;3298;2021-03-04 09:00:00;21287;LL;низ;1706,340;1718,760;14,973;2;1
3/3;3299;2021-03-04 13:00:00;21291;HH;верх;1723,270;1714,624;16,930;4;1
3/3;3300;2021-03-05 01:00:00;21302;LL;низ;1687,290;1692,160;35,980;11;2
3/3;3301;2021-03-05 07:00:00;21308;LH;верх;1700,482;1694,810;13,192;6;1
3/3;3302;2021-03-05 13:00:00;21314;HL;низ;1687,480;1697,376;13,002;6;2
3/3;3303;2021-03-08 02:00:00;21326;HH;верх;1714,450;1707,930;26,970;12;4
3/3;3304;2021-03-08 17:00:00;21341;LL;низ;1676,866;1680,592;37,584;15;2
3/3;3305;2021-03-09 14:00:00;21361;HH;верх;1720,682;1716,662;43,816;20;2
3/3;3306;2021-03-10 06:00:00;21376;HL;низ;1709,766;1714,325;10,916;15;2
3/3;3307;2021-03-10 07:00:00;21377;LH;верх;1716,736;1711,155;6,970;1;1
3/3;3308;2021-03-10 11:00:00;21381;LL;низ;1708,284;1718,580;8,452;4;1
3/3;3309;2021-03-10 13:00:00;21383;HH;верх;1723,710;1719,442;15,426;2;1
3/3;3310;2021-03-11 01:00:00;21394;HL;низ;1723,324;1732,271;0,386;11;1
3/3;3311;2021-03-11 09:00:00;21402;HH;верх;1739,890;1735,880;16,566;8;2
3/3;3312;2021-03-11 14:00:00;21407;LL;низ;1719,325;1723,775;20,565;5;1
3/3;3313;2021-03-11 18:00:00;21411;LH;верх;1728,365;1722,625;9,040;4;2
3/3;3314;2021-03-12 09:00:00;21425;LL;низ;1699,224;1706,825;29,141;14;2
3/3;3315;2021-03-15 01:00:00;21441;HH;верх;1734,075;1726,885;34,851;16;1
3/3;3316;2021-03-15 05:00:00;21445;HL;низ;1721,718;1727,994;12,357;4;1
3/3;3317;2021-03-15 14:00:00;21454;HH;верх;1734,583;1729,324;12,865;9;1
3/3;3318;2021-03-15 15:00:00;21455;HL;низ;1722,756;1728,824;11,827;1;1
3/3;3319;2021-03-15 20:00:00;21460;LH;верх;1732,250;1730,545;9,494;5;1
3/3;3320;2021-03-16 01:00:00;21464;HL;низ;1729,628;1734,246;2,622;4;1
3/3;3321;2021-03-16 05:00:00;21468;HH;верх;1737,260;1732,422;7,632;4;1
3/3;3322;2021-03-16 07:00:00;21470;LL;низ;1726,205;1734,320;11,055;2;1
3/3;3323;2021-03-16 14:00:00;21477;HH;верх;1741,196;1729,086;14,991;7;1
3/3;3324;2021-03-16 15:00:00;21478;HL;низ;1726,850;1730,542;14,346;1;2
3/3;3325;2021-03-17 06:00:00;21492;LH;верх;1737,976;1736,075;11,126;14;2
3/3;3326;2021-03-17 14:00:00;21500;LL;низ;1724,066;1730,000;13,910;8;1
3/3;3327;2021-03-18 03:00:00;21512;HH;верх;1755,565;1751,095;31,499;12;3
3/3;3328;2021-03-18 13:00:00;21522;LL;низ;1719,250;1731,215;36,315;10;1
3/3;3329;2021-03-18 22:00:00;21530;LH;верх;1737,720;1731,230;18,470;8;1
3/3;3330;2021-03-19 02:00:00;21534;HL;низ;1728,540;1734,645;9,180;4;1
3/3;3331;2021-03-19 07:00:00;21539;HH;верх;1745,430;1736,975;16,890;5;1
3/3;3332;2021-03-19 13:00:00;21545;HL;низ;1733,320;1742,410;12,110;6;1
3/3;3333;2021-03-21 22:00:00;21553;HH;верх;1747,046;1735,515;13,726;8;1
3/3;3334;2021-03-22 01:00:00;21556;LL;низ;1732,595;1742,673;14,451;3;1
3/3;3335;2021-03-22 04:00:00;21559;LH;верх;1743,156;1729,376;10,561;3;1
3/3;3336;2021-03-22 07:00:00;21562;LL;низ;1727,345;1733,432;15,811;3;1
3/3;3337;2021-03-22 18:00:00;21573;LH;верх;1741,115;1739,665;13,770;11;3
3/3;3338;2021-03-23 02:00:00;21580;HL;низ;1731,140;1737,725;9,975;7;2
3/3;3339;2021-03-23 10:00:00;21588;HH;верх;1742,602;1731,236;11,462;8;1
3/3;3340;2021-03-24 01:00:00;21602;LL;низ;1723,894;1733,570;18,708;14;2
3/3;3341;2021-03-24 02:00:00;21603;LH;верх;1734,535;1731,460;10,641;1;1
3/3;3342;2021-03-24 07:00:00;21608;HL;низ;1727,230;1731,383;7,305;5;1
3/3;3343;2021-03-24 10:00:00;21611;HH;верх;1735,990;1730,286;8,760;3;1
3/3;3344;2021-03-24 13:00:00;21614;HL;низ;1728,436;1734,195;7,554;3;1
3/3;3345;2021-03-24 16:00:00;21617;HH;верх;1738,615;1733,090;10,179;3;1
3/3;3346;2021-03-25 02:00:00;21626;HL;низ;1732,030;1734,165;6,585;9;1
3/3;3347;2021-03-25 03:00:00;21627;HH;верх;1739,176;1733,804;7,146;1;1
3/3;3348;2021-03-25 12:00:00;21636;LL;низ;1725,055;1730,910;14,121;9;1
3/3;3349;2021-03-25 13:00:00;21637;HH;верх;1745,532;1728,300;20,477;1;1
3/3;3350;2021-03-25 17:00:00;21641;LL;низ;1721,844;1726,655;23,688;4;1
3/3;3351;2021-03-26 02:00:00;21649;LH;верх;1729,880;1728,040;8,036;8;1
3/3;3352;2021-03-26 03:00:00;21650;HL;низ;1723,266;1728,330;6,614;1;1
3/3;3353;2021-03-26 09:00:00;21656;HH;верх;1732,136;1724,940;8,870;6;1
3/3;3354;2021-03-26 11:00:00;21658;LL;низ;1721,695;1731,213;10,441;2;1
3/3;3355;2021-03-26 15:00:00;21662;HH;верх;1736,760;1731,470;15,065;4;1
3/3;3356;2021-03-26 18:00:00;21665;HL;низ;1730,263;1731,235;6,497;3;1
3/3;3357;2021-03-28 22:00:00;21668;LH;верх;1733,371;1731,655;3,108;3;1
3/3;3358;2021-03-29 01:00:00;21671;LL;низ;1726,475;1727,978;6,896;3;1
3/3;3359;2021-03-29 02:00:00;21672;LH;верх;1732,966;1728,675;6,491;1;1
3/3;3360;2021-03-29 08:00:00;21678;LL;низ;1723,860;1726,220;9,106;6;1
3/3;3361;2021-03-29 10:00:00;21680;LH;верх;1728,240;1711,276;4,380;2;1
3/3;3362;2021-03-29 14:00:00;21684;LL;низ;1705,795;1711,720;22,445;4;1
3/3;3363;2021-03-30 01:00:00;21694;LH;верх;1714,446;1707,900;8,651;10;2
3/3;3364;2021-03-30 12:00:00;21705;LL;низ;1678,778;1686,986;35,668;11;2
3/3;3365;2021-03-31 00:00:00;21716;LH;верх;1686,490;1679,566;7,712;11;1
3/3;3366;2021-03-31 02:00:00;21718;LL;низ;1677,954;1683,832;8,536;2;1
3/3;3367;2021-03-31 06:00:00;21722;HH;верх;1688,816;1685,880;10,862;4;1
3/3;3368;2021-03-31 12:00:00;21728;HL;низ;1682,340;1708,200;6,476;6;1
3/3;3369;2021-03-31 17:00:00;21733;HH;верх;1715,284;1707,475;32,944;5;1
3/3;3370;2021-04-01 01:00:00;21740;HL;низ;1705,867;1711,380;9,417;7;1
3/3;3371;2021-04-01 07:00:00;21746;HH;верх;1720,060;1713,280;14,193;6;1
3/3;3372;2021-04-01 11:00:00;21750;HL;низ;1710,480;1728,764;9,580;4;1
3/3;3373;2021-04-01 20:00:00;21759;HH;верх;1730,640;1727,964;20,160;9;2
3/3;3374;2021-04-05 06:00:00;21768;HL;низ;1721,366;1725,770;9,274;9;1
3/3;3375;2021-04-05 08:00:00;21770;LH;верх;1728,560;1725,030;7,194;2;1
3/3;3376;2021-04-05 12:00:00;21774;HL;низ;1721,970;1730,492;6,590;4;1
3/3;3377;2021-04-05 15:00:00;21777;HH;верх;1733,650;1725,958;11,680;3;1
3/3;3378;2021-04-05 18:00:00;21780;HL;низ;1725,135;1727,394;8,515;3;1
3/3;3379;2021-04-06 06:00:00;21791;HH;верх;1738,640;1732,160;13,505;11;1
3/3;3380;2021-04-06 07:00:00;21792;HL;низ;1727,854;1732,886;10,786;1;1
3/3;3381;2021-04-06 16:00:00;21801;HH;верх;1745,445;1742,565;17,591;9;1
3/3;3382;2021-04-07 02:00:00;21810;HL;низ;1735,904;1737,836;9,541;9;1
3/3;3383;2021-04-07 06:00:00;21814;LH;верх;1742,370;1737,771;6,466;4;1
3/3;3384;2021-04-07 12:00:00;21820;LL;низ;1730,730;1741,445;11,640;6;1
3/3;3385;2021-04-07 15:00:00;21823;HH;верх;1743,305;1739,195;12,575;3;1
3/3;3386;2021-04-08 01:00:00;21832;HL;низ;1733,260;1739,982;10,045;9;1
3/3;3387;2021-04-08 14:00:00;21845;HH;верх;1758,724;1754,950;25,464;13;5
3/3;3388;2021-04-09 13:00:00;21867;LL;низ;1731,275;1745,089;27,449;22;3
3/3;3389;2021-04-12 12:00:00;21889;LH;верх;1745,078;1732,266;13,803;22;1
3/3;3390;2021-04-12 18:00:00;21895;LL;низ;1727,500;1732,720;17,578;6;3
3/3;3391;2021-04-13 02:00:00;21902;LH;верх;1736,465;1727,735;8,965;7;1
3/3;3392;2021-04-13 07:00:00;21907;LL;низ;1723,792;1725,965;12,673;5;1
3/3;3393;2021-04-14 01:00:00;21924;HH;верх;1749,406;1742,935;25,614;17;2
3/3;3394;2021-04-14 05:00:00;21928;HL;низ;1740,889;1745,762;8,517;4;1
3/3;3395;2021-04-14 07:00:00;21930;HH;верх;1749,560;1742,430;8,671;2;2
3/3;3396;2021-04-14 14:00:00;21937;LL;низ;1732,655;1735,652;16,905;7;1
3/3;3397;2021-04-15 01:00:00;21947;LH;верх;1740,550;1739,838;7,895;10;1
3/3;3398;2021-04-15 01:00:00;21947;HL;низ;1734,490;1739,838;6,060;0;1
3/3;3399;2021-04-15 15:00:00;21961;HH;верх;1769,662;1767,070;35,172;14;2
3/3;3400;2021-04-16 02:00:00;21971;HL;низ;1759,915;1766,116;9,747;10;2
3/3;3401;2021-04-16 12:00:00;21981;HH;верх;1783,898;1778,885;23,983;10;1
3/3;3402;2021-04-16 19:00:00;21988;HL;низ;1774,542;1776,816;9,356;7;1
3/3;3403;2021-04-19 00:00:00;21992;LH;верх;1783,690;1777,346;9,148;4;1
3/3;3404;2021-04-19 01:00:00;21993;LL;низ;1773,240;1778,033;10,450;1;2
3/3;3405;2021-04-19 10:00:00;22002;HH;верх;1790,104;1773,727;16,864;9;1
3/3;3406;2021-04-20 02:00:00;22017;LL;низ;1765,695;1771,580;24,409;15;2
3/3;3407;2021-04-20 03:00:00;22018;LH;верх;1775,712;1770,340;10,017;1;2
3/3;3408;2021-04-20 09:00:00;22024;LL;низ;1763,720;1769,630;11,992;6;2
3/3;3409;2021-04-20 16:00:00;22031;HH;верх;1780,512;1777,455;16,792;7;1
3/3;3410;2021-04-20 23:00:00;22037;HL;низ;1776,315;1782,760;4,197;6;1
3/3;3411;2021-04-21 07:00:00;22045;HH;верх;1788,440;1780,260;12,125;8;1
3/3;3412;2021-04-21 10:00:00;22048;HL;низ;1777,831;1795,880;10,609;3;1
3/3;3413;2021-04-21 13:00:00;22051;HH;верх;1797,724;1790,914;19,893;3;2
3/3;3414;2021-04-22 00:00:00;22061;HL;низ;1792,515;1793,520;5,209;10;1
3/3;3415;2021-04-22 01:00:00;22062;HH;верх;1797,934;1793,420;5,419;1;1
3/3;3416;2021-04-22 16:00:00;22077;LL;низ;1777,473;1783,676;20,461;15;2
3/3;3417;2021-04-23 01:00:00;22085;LH;верх;1789,794;1785,004;12,321;8;1
3/3;3418;2021-04-23 07:00:00;22091;HL;низ;1781,710;1787,526;8,084;6;1
3/3;3419;2021-04-23 13:00:00;22097;HH;верх;1796,046;1777,620;14,336;6;1
3/3;3420;2021-04-23 14:00:00;22098;LL;низ;1770,125;1777,654;25,921;1;2
3/3;3421;2021-04-26 05:00:00;22112;LH;верх;1783,560;1779,645;13,435;14;1
3/3;3422;2021-04-26 06:00:00;22113;HL;низ;1775,015;1781,274;8,545;1;1
3/3;3423;2021-04-26 10:00:00;22117;LH;верх;1782,324;1776,440;7,309;4;1
3/3;3424;2021-04-26 12:00:00;22119;LL;низ;1768,850;1778,987;13,474;2;1
3/3;3425;2021-04-27 01:00:00;22131;HH;верх;1784,196;1781,630;15,346;12;2
3/3;3426;2021-04-27 01:00:00;22131;HL;низ;1773,823;1781,630;10,373;0;1
3/3;3427;2021-04-27 06:00:00;22136;LH;верх;1783,472;1781,523;9,649;5;1
3/3;3428;2021-04-27 08:00:00;22138;HL;низ;1776,135;1782,613;7,337;2;1
3/3;3429;2021-04-27 12:00:00;22142;HH;верх;1785,656;1778,174;9,521;4;1
3/3;3430;2021-04-28 12:00:00;22165;LL;низ;1762,763;1774,555;22,893;23;3
3/3;3431;2021-04-29 02:00:00;22178;HH;верх;1790,030;1785,125;27,267;13;2
3/3;3432;2021-04-29 14:00:00;22190;LL;низ;1756,132;1768,152;33,898;12;1
3/3;3433;2021-04-29 20:00:00;22196;LH;верх;1775,005;1769,860;18,873;6;1
3/3;3434;2021-04-30 03:00:00;22202;HL;низ;1765,510;1772,130;9,495;6;1
3/3;3435;2021-04-30 06:00:00;22205;LH;верх;1773,330;1767,417;7,820;3;2
3/3;3436;2021-04-30 14:00:00;22213;LL;низ;1764,310;1769,820;9,020;8;1
3/3;3437;2021-04-30 15:00:00;22214;LH;верх;1772,360;1768,584;8,050;1;1
3/3;3438;2021-05-02 22:00:00;22220;HL;низ;1766,290;1771,810;6,070;6;1
3/3;3439;2021-05-03 14:00:00;22236;HH;верх;1798,070;1792,162;31,780;16;1
3/3;3440;2021-05-04 05:00:00;22250;HL;низ;1784,002;1785,894;14,068;14;1
3/3;3441;2021-05-04 08:00:00;22253;LH;верх;1790,604;1783,643;6,602;3;1
3/3;3442;2021-05-04 11:00:00;22256;LL;низ;1780,832;1794,722;9,772;3;1
3/3;3443;2021-05-04 14:00:00;22259;HH;верх;1799,160;1778,555;18,328;3;1
3/3;3444;2021-05-04 16:00:00;22261;LL;низ;1770,960;1778,275;28,200;2;2
3/3;3445;2021-05-05 03:00:00;22271;LH;верх;1783,400;1776,185;12,440;10;1
3/3;3446;2021-05-05 12:00:00;22280;LL;низ;1770,444;1784,170;12,956;9;2
3/3;3447;2021-05-05 20:00:00;22288;HH;верх;1788,030;1783,537;17,586;8;1
3/3;3448;2021-05-06 01:00:00;22292;HL;низ;1782,048;1788,675;5,982;4;1
3/3;3449;2021-05-06 08:00:00;22299;HH;верх;1795,851;1793,802;13,803;7;1
3/3;3450;2021-05-06 11:00:00;22302;HL;низ;1788,376;1815,580;7,475;3;1
3/3;3451;2021-05-06 15:00:00;22306;HH;верх;1818,130;1814,040;29,754;4;1
3/3;3452;2021-05-07 01:00:00;22315;HL;низ;1812,910;1819,450;5,220;9;2
3/3;3453;2021-05-07 03:00:00;22317;HH;верх;1822,407;1817,945;9,497;2;1
3/3;3454;2021-05-07 06:00:00;22320;HL;низ;1817,370;1820,286;5,037;3;1
3/3;3455;2021-05-07 12:00:00;22326;HH;верх;1843,400;1835,175;26,030;6;2
3/3;3456;2021-05-07 12:00:00;22326;HL;низ;1817,376;1835,175;26,024;0;1
3/3;3457;2021-05-09 23:00:00;22336;LH;верх;1837,005;1832,974;19,629;10;1
3/3;3458;2021-05-10 01:00:00;22338;HL;низ;1830,068;1834,242;6,937;2;1
3/3;3459;2021-05-10 13:00:00;22350;HH;верх;1845,540;1837,756;15,472;12;2
3/3;3460;2021-05-10 18:00:00;22355;HL;низ;1834,000;1835,416;11,540;5;1
3/3;3461;2021-05-10 20:00:00;22357;LH;верх;1838,785;1834,034;4,785;2;2
3/3;3462;2021-05-11 01:00:00;22361;LL;низ;1831,382;1836,264;7,403;4;1
3/3;3463;2021-05-11 05:00:00;22365;LH;верх;1838,140;1836,256;6,758;4;1
3/3;3464;2021-05-11 07:00:00;22367;HL;низ;1832,729;1839,676;5,411;2;1
3/3;3465;2021-05-11 11:00:00;22371;HH;верх;1841,845;1829,580;9,116;4;1
3/3;3466;2021-05-11 13:00:00;22373;LL;низ;1818,022;1835,213;23,823;2;1
3/3;3467;2021-05-11 20:00:00;22380;LH;верх;1838,426;1834,430;20,404;7;1
3/3;3468;2021-05-12 03:00:00;22386;HL;низ;1826,045;1834,485;12,381;6;1
3/3;3469;2021-05-12 13:00:00;22396;HH;верх;1843,716;1820,404;17,671;10;2
3/3;3470;2021-05-13 00:00:00;22406;LL;низ;1813,350;1817,465;30,366;10;2
3/3;3471;2021-05-13 01:00:00;22407;LH;верх;1823,080;1819,285;9,730;1;2
3/3;3472;2021-05-13 10:00:00;22416;LL;низ;1808,866;1821,995;14,214;9;1
3/3;3473;2021-05-13 16:00:00;22422;HH;верх;1828,835;1827,420;19,969;6;2
3/3;3474;2021-05-14 03:00:00;22432;HL;низ;1819,845;1834,875;8,990;10;1
3/3;3475;2021-05-17 05:00:00;22457;HH;верх;1855,460;1853,210;35,615;25;2
3/3;3476;2021-05-17 13:00:00;22465;HL;низ;1844,105;1868,100;11,355;8;1
3/3;3477;2021-05-17 17:00:00;22469;HH;верх;1868,525;1866,955;24,420;4;1
3/3;3478;2021-05-17 22:00:00;22473;HL;низ;1865,365;1871,950;3,160;4;1
3/3;3479;2021-05-18 01:00:00;22476;HH;верх;1873,825;1868,025;8,460;3;1
3/3;3480;2021-05-18 04:00:00;22479;HL;низ;1866,855;1870,015;6,970;3;1
3/3;3481;2021-05-18 12:00:00;22487;HH;верх;1875,040;1864,930;8,185;8;2
3/3;3482;2021-05-18 14:00:00;22489;LL;низ;1863,285;1869,070;11,755;2;1
3/3;3483;2021-05-19 01:00:00;22499;LH;верх;1871,625;1868,130;8,340;10;1
3/3;3484;2021-05-19 02:00:00;22500;HL;низ;1864,595;1871,590;7,030;1;1
3/3;3485;2021-05-19 06:00:00;22504;HH;верх;1874,025;1859,000;9,430;4;1
3/3;3486;2021-05-19 11:00:00;22509;LL;низ;1852,230;1883,950;21,795;5;1
3/3;3487;2021-05-19 13:00:00;22511;HH;верх;1890,145;1882,100;37,915;2;1
3/3;3488;2021-05-19 19:00:00;22517;HL;низ;1862,060;1866,006;28,085;6;2
3/3;3489;2021-05-20 05:00:00;22526;LH;верх;1879,135;1872,300;17,075;9;1
3/3;3490;2021-05-20 10:00:00;22531;HL;низ;1865,310;1877,195;13,825;5;1
3/3;3491;2021-05-20 16:00:00;22537;HH;верх;1883,985;1878,590;18,675;6;1
3/3;3492;2021-05-21 02:00:00;22546;HL;низ;1870,486;1875,925;13,499;9;2
3/3;3493;2021-05-21 13:00:00;22557;HH;верх;1889,420;1872,914;18,934;11;1
3/3;3494;2021-05-21 16:00:00;22560;LL;низ;1870,190;1879,554;19,230;3;1
3/3;3495;2021-05-24 01:00:00;22568;LH;верх;1887,070;1884,680;16,880;8;1
3/3;3496;2021-05-24 08:00:00;22575;HL;низ;1875,200;1880,934;11,870;7;2
3/3;3497;2021-05-24 12:00:00;22579;LH;верх;1886,330;1884,590;11,130;4;1
3/3;3498;2021-05-25 01:00:00;22591;LL;низ;1872,755;1879,620;13,575;12;2
3/3;3499;2021-05-25 07:00:00;22597;HH;верх;1887,345;1883,106;14,590;6;1
3/3;3500;2021-05-25 13:00:00;22603;HL;низ;1879,890;1895,396;7,455;6;1
3/3;3501;2021-05-25 20:00:00;22610;HH;верх;1900,300;1898,006;20,410;7;1
3/3;3502;2021-05-26 00:00:00;22613;HL;низ;1897,070;1905,420;3,230;3;1
3/3;3503;2021-05-26 03:00:00;22616;HH;верх;1907,815;1905,750;10,745;3;1
3/3;3504;2021-05-26 06:00:00;22619;HL;низ;1900,515;1907,070;7,300;3;1
3/3;3505;2021-05-26 12:00:00;22625;HH;верх;1912,785;1902,635;12,270;6;2
3/3;3506;2021-05-26 17:00:00;22630;LL;низ;1890,740;1896,680;22,045;5;2
3/3;3507;2021-05-26 23:00:00;22635;LH;верх;1897,790;1896,550;7,050;5;1
3/3;3508;2021-05-27 01:00:00;22637;HL;низ;1892,270;1899,360;5,520;2;1
3/3;3509;2021-05-27 06:00:00;22642;HH;верх;1903,706;1896,575;11,436;5;2
3/3;3510;2021-05-27 13:00:00;22649;LL;низ;1888,315;1891,646;15,391;7;1
3/3;3511;2021-05-27 19:00:00;22655;LH;верх;1899,000;1898,125;10,685;6;1
3/3;3512;2021-05-28 06:00:00;22665;LL;низ;1887,970;1892,666;11,030;10;1
3/3;3513;2021-05-28 08:00:00;22667;LH;верх;1894,850;1891,280;6,880;2;1
3/3;3514;2021-05-28 12:00:00;22671;LL;низ;1882,250;1895,735;12,600;4;1
3/3;3515;2021-05-28 20:00:00;22679;HH;верх;1906,120;1904,920;23,870;8;1
3/3;3516;2021-05-31 00:00:00;22682;HL;низ;1902,625;1908,475;3,495;3;1
3/3;3517;2021-05-31 03:00:00;22685;HH;верх;1910,655;1905,200;8,030;3;1
3/3;3518;2021-05-31 11:00:00;22693;LL;низ;1902,190;1905,245;8,465;8;2
3/3;3519;2021-06-01 06:00:00;22707;HH;верх;1916,615;1905,580;14,425;14;3
3/3;3520;2021-06-01 14:00:00;22715;LL;низ;1892,445;1903,210;24,170;8;1
3/3;3521;2021-06-02 01:00:00;22725;LH;верх;1902,370;1896,410;9,925;10;1
3/3;3522;2021-06-02 05:00:00;22729;HL;низ;1895,275;1896,455;7,095;4;1
3/3;3523;2021-06-02 07:00:00;22731;LH;верх;1900,800;1895,930;5,525;2;1
3/3;3524;2021-06-02 11:00:00;22735;LL;низ;1894,455;1901,630;6,345;4;1
3/3;3525;2021-06-03 01:00:00;22748;HH;верх;1909,690;1903,776;15,235;13;2
3/3;3526;2021-06-03 07:00:00;22754;LL;низ;1890,705;1894,210;18,985;6;1
3/3;3527;2021-06-03 10:00:00;22757;LH;верх;1898,220;1868,015;7,515;3;1
3/3;3528;2021-06-03 13:00:00;22760;LL;низ;1865,360;1871,010;32,860;3;1
3/3;3529;2021-06-03 18:00:00;22765;LH;верх;1874,196;1871,765;8,836;5;1
3/3;3530;2021-06-04 01:00:00;22771;LL;низ;1856,040;1868,495;18,156;6;1
3/3;3531;2021-06-04 14:00:00;22784;HH;верх;1896,240;1890,245;40,200;13;2
3/3;3532;2021-06-04 17:00:00;22787;HL;низ;1888,370;1891,395;7,870;3;1
3/3;3533;2021-06-07 01:00:00;22794;LH;верх;1891,930;1885,974;3,560;7;1
3/3;3534;2021-06-07 07:00:00;22800;LL;низ;1881,606;1884,930;10,324;6;1
3/3;3535;2021-06-08 01:00:00;22817;HH;верх;1903,380;1897,275;21,774;17;1
3/3;3536;2021-06-08 08:00:00;22824;HL;низ;1889,770;1900,110;13,610;7;1
3/3;3537;2021-06-08 12:00:00;22828;HH;верх;1903,930;1891,255;14,160;4;1
3/3;3538;2021-06-08 13:00:00;22829;LL;низ;1883,785;1892,450;20,145;1;3
3/3;3539;2021-06-09 03:00:00;22842;LH;верх;1896,445;1891,505;12,660;13;1
3/3;3540;2021-06-09 09:00:00;22848;HL;низ;1887,435;1893,810;9,010;6;1
3/3;3541;2021-06-09 13:00:00;22852;HH;верх;1899,076;1891,270;11,641;4;1
3/3;3542;2021-06-09 14:00:00;22853;HL;низ;1888,060;1891,335;11,016;1;1
3/3;3543;2021-06-10 06:00:00;22868;LH;верх;1888,130;1880,955;0,070;15;1
3/3;3544;2021-06-10 12:00:00;22874;LL;низ;1869,945;1893,830;18,185;6;2
3/3;3545;2021-06-10 20:00:00;22882;HH;верх;1899,990;1899,640;30,045;8;1
3/3;3546;2021-06-11 00:00:00;22885;HL;низ;1897,450;1899,035;2,540;3;1
3/3;3547;2021-06-11 07:00:00;22892;HH;верх;1903,120;1891,295;5,670;7;2
3/3;3548;2021-06-14 12:00:00;22920;LL;низ;1844,630;1864,215;58,490;28;1
3/3;3549;2021-06-14 14:00:00;22922;LH;верх;1869,836;1863,355;25,206;2;2
3/3;3550;2021-06-15 01:00:00;22932;HL;низ;1858,755;1864,550;11,081;10;1
3/3;3551;2021-06-15 06:00:00;22937;LH;верх;1869,205;1863,925;10,450;5;1
3/3;3552;2021-06-15 08:00:00;22939;HL;низ;1862,285;1864,235;6,920;2;1
3/3;3553;2021-06-15 13:00:00;22944;LH;верх;1868,150;1852,416;5,865;5;1
3/3;3554;2021-06-15 16:00:00;22947;LL;низ;1851,665;1859,315;16,485;3;1
3/3;3555;2021-06-15 22:00:00;22952;LH;верх;1860,855;1853,750;9,190;5;1
3/3;3556;2021-06-16 02:00:00;22956;HL;низ;1853,270;1859,956;7,585;4;1
3/3;3557;2021-06-16 06:00:00;22960;HH;верх;1861,620;1860,485;8,350;4;1
3/3;3558;2021-06-16 11:00:00;22965;LL;низ;1852,910;1856,526;8,710;5;1
3/3;3559;2021-06-16 17:00:00;22971;HH;верх;1863,320;1812,055;10,410;6;1
3/3;3560;2021-06-16 20:00:00;22974;LL;низ;1803,636;1817,815;59,684;3;1
3/3;3561;2021-06-17 02:00:00;22979;LH;верх;1825,326;1818,225;21,690;5;1
3/3;3562;2021-06-17 15:00:00;22992;LL;низ;1767,295;1778,235;58,031;13;1
3/3;3563;2021-06-17 18:00:00;22995;LH;верх;1782,014;1775,955;14,719;3;1
3/3;3564;2021-06-17 20:00:00;22997;HL;низ;1769,735;1779,275;12,279;2;1
3/3;3565;2021-06-18 09:00:00;23009;HH;верх;1797,316;1777,345;27,581;12;1
3/3;3566;2021-06-18 20:00:00;23020;LL;низ;1761,040;1773,270;36,276;11;2
3/3;3567;2021-06-21 09:00:00;23032;LH;верх;1785,955;1775,140;24,915;12;1
3/3;3568;2021-06-21 14:00:00;23037;HL;низ;1773,555;1782,880;12,400;5;1
3/3;3569;2021-06-22 03:00:00;23049;HH;верх;1790,200;1783,310;16,645;12;3
3/3;3570;2021-06-22 08:00:00;23054;HL;низ;1776,520;1780,725;13,680;5;1
3/3;3571;2021-06-22 11:00:00;23057;LH;верх;1787,580;1779,936;11,060;3;1
3/3;3572;2021-06-22 12:00:00;23058;LL;низ;1772,390;1776,725;15,190;1;1
3/3;3573;2021-06-22 18:00:00;23064;LH;верх;1783,220;1779,120;10,830;6;1
3/3;3574;2021-06-22 20:00:00;23066;HL;низ;1775,216;1778,855;8,004;2;1
3/3;3575;2021-06-23 03:00:00;23072;HH;верх;1783,965;1782,745;8,749;6;1
3/3;3576;2021-06-23 05:00:00;23074;HL;низ;1777,606;1782,846;6,359;2;2
3/3;3577;2021-06-23 14:00:00;23083;HH;верх;1794,985;1782,740;17,379;9;1
3/3;3578;2021-06-24 04:00:00;23096;LL;низ;1772,875;1777,285;22,110;13;2
3/3;3579;2021-06-24 12:00:00;23104;LH;верх;1788,040;1778,520;15,165;8;1
3/3;3580;2021-06-24 20:00:00;23112;HL;низ;1773,675;1774,085;14,365;8;3
3/3;3581;2021-06-25 12:00:00;23127;HH;верх;1790,446;1779,136;16,771;15;1
3/3;3582;2021-06-25 16:00:00;23131;HL;низ;1776,376;1779,416;14,070;4;1
3/3;3583;2021-06-27 22:00:00;23136;LH;верх;1782,900;1773,495;6,524;5;1
3/3;3584;2021-06-28 01:00:00;23139;LL;низ;1770,780;1780,876;12,120;3;1
3/3;3585;2021-06-28 06:00:00;23144;HH;верх;1785,830;1776,145;15,050;5;1
3/3;3586;2021-06-28 12:00:00;23150;HL;низ;1773,470;1780,940;12,360;6;1
3/3;3587;2021-06-28 13:00:00;23151;LH;верх;1783,030;1779,586;9,560;1;3
3/3;3588;2021-06-29 12:00:00;23173;LL;низ;1750,740;1762,725;32,290;22;1
3/3;3589;2021-06-29 16:00:00;23177;LH;верх;1765,970;1761,160;15,230;4;1
3/3;3590;2021-06-29 19:00:00;23180;HL;низ;1760,235;1761,515;5,735;3;1
3/3;3591;2021-06-30 02:00:00;23186;LH;верх;1764,690;1756,785;4,455;6;1
3/3;3592;2021-06-30 08:00:00;23192;LL;низ;1753,440;1760,846;11,250;6;2
3/3;3593;2021-06-30 16:00:00;23200;HH;верх;1774,450;1769,900;21,010;8;1
3/3;3594;2021-07-01 01:00:00;23208;HL;низ;1765,740;1774,610;8,710;8;1
3/3;3595;2021-07-01 14:00:00;23221;HH;верх;1782,890;1773,340;17,150;13;2
3/3;3596;2021-07-01 15:00:00;23222;HL;низ;1768,400;1774,905;14,490;1;2
3/3;3597;2021-07-02 01:00:00;23231;LH;верх;1779,905;1778,140;11,505;9;1
3/3;3598;2021-07-02 07:00:00;23237;HL;низ;1774,356;1787,180;5,549;6;2
3/3;3599;2021-07-02 13:00:00;23243;HH;верх;1795,100;1782,010;20,744;6;2
3/3;3600;2021-07-05 00:00:00;23253;HL;низ;1784,520;1785,570;10,580;10;1
3/3;3601;2021-07-05 01:00:00;23254;LH;верх;1789,970;1787,485;5,450;1;1
3/3;3602;2021-07-05 06:00:00;23259;HL;низ;1784,785;1791,435;5,185;5;1
3/3;3603;2021-07-05 08:00:00;23261;HH;верх;1794,745;1789,700;9,960;2;1
3/3;3604;2021-07-05 11:00:00;23264;HL;низ;1789,280;1791,075;5,465;3;1
3/3;3605;2021-07-06 12:00:00;23284;HH;верх;1815,046;1796,740;25,766;20;1
3/3;3606;2021-07-06 16:00:00;23288;HL;низ;1790,150;1796,685;24,896;4;1
3/3;3607;2021-07-06 19:00:00;23291;LH;верх;1797,760;1795,666;7,610;3;1
3/3;3608;2021-07-07 00:00:00;23295;HL;низ;1793,995;1801,170;3,765;4;1
3/3;3609;2021-07-07 12:00:00;23307;HH;верх;1809,890;1803,595;15,895;12;2
3/3;3610;2021-07-07 14:00:00;23309;HL;низ;1797,095;1803,330;12,795;2;1
3/3;3611;2021-07-07 18:00:00;23313;LH;верх;1808,316;1805,450;11,221;4;2
3/3;3612;2021-07-08 04:00:00;23322;LL;низ;1796,325;1807,455;11,991;9;1
3/3;3613;2021-07-08 12:00:00;23330;HH;верх;1818,540;1796,840;22,215;8;1
3/3;3614;2021-07-08 15:00:00;23333;LL;низ;1794,215;1800,340;24,325;3;2
3/3;3615;2021-07-09 02:00:00;23343;LH;верх;1807,926;1800,270;13,711;10;1
3/3;3616;2021-07-09 06:00:00;23347;HL;низ;1796,740;1804,546;11,186;4;1
3/3;3617;2021-07-09 07:00:00;23348;LH;верх;1806,110;1803,055;9,370;1;1
3/3;3618;2021-07-09 11:00:00;23352;HL;низ;1798,325;1808,440;7,785;4;1
3/3;3619;2021-07-09 18:00:00;23359;HH;верх;1812,445;1807,965;14,120;7;2
3/3;3620;2021-07-12 06:00:00;23370;HL;низ;1799,020;1801,900;13,425;11;1
3/3;3621;2021-07-12 14:00:00;23378;LH;верх;1807,560;1805,860;8,540;8;2
3/3;3622;2021-07-12 14:00:00;23378;LL;низ;1791,645;1805,860;15,915;0;1
3/3;3623;2021-07-13 02:00:00;23389;HH;верх;1812,850;1806,670;21,205;11;2
3/3;3624;2021-07-13 08:00:00;23395;HL;низ;1805,945;1809,510;6,905;6;1
3/3;3625;2021-07-13 12:00:00;23399;HH;верх;1817,260;1813,350;11,315;4;1
3/3;3626;2021-07-13 12:00:00;23399;LL;низ;1798,670;1813,350;18,590;0;4
3/3;3627;2021-07-14 13:00:00;23423;HH;верх;1829,880;1821,930;31,210;24;2
3/3;3628;2021-07-15 03:00:00;23436;HL;низ;1823,750;1831,240;6,130;13;1
3/3;3629;2021-07-15 07:00:00;23440;HH;верх;1834,195;1824,265;10,445;4;1
3/3;3630;2021-07-15 15:00:00;23448;LL;низ;1820,375;1828,920;13,820;8;1
3/3;3631;2021-07-15 23:00:00;23455;LH;верх;1832,066;1826,946;11,691;7;2
3/3;3632;2021-07-16 19:00:00;23475;LL;низ;1809,030;1815,865;23,036;20;2
3/3;3633;2021-07-19 00:00:00;23479;LH;верх;1817,420;1813,086;8,390;4;1
3/3;3634;2021-07-19 12:00:00;23491;LL;низ;1795,120;1808,426;22,300;12;1
3/3;3635;2021-07-20 02:00:00;23504;HH;верх;1819,175;1815,410;24,055;13;2
3/3;3636;2021-07-20 08:00:00;23510;HL;низ;1811,730;1817,910;7,445;6;1
3/3;3637;2021-07-20 13:00:00;23515;HH;верх;1825,006;1812,056;13,276;5;1
3/3;3638;2021-07-20 15:00:00;23517;LL;низ;1805,130;1809,170;19,876;2;1
3/3;3639;2021-07-20 22:00:00;23523;LH;верх;1811,090;1807,010;5,960;6;1
3/3;3640;2021-07-21 01:00:00;23526;HL;низ;1805,260;1808,095;5,830;3;1
3/3;3641;2021-07-21 06:00:00;23531;HH;верх;1813,795;1805,030;8,535;5;1
3/3;3642;2021-07-21 12:00:00;23537;LL;низ;1794,666;1804,175;19,129;6;1
3/3;3643;2021-07-21 19:00:00;23544;LH;верх;1805,440;1802,675;10,774;7;1
3/3;3644;2021-07-22 04:00:00;23552;HL;низ;1797,355;1800,630;8,085;8;1
3/3;3645;2021-07-22 07:00:00;23555;LH;верх;1803,480;1795,056;6,125;3;1
3/3;3646;2021-07-22 08:00:00;23556;LL;низ;1792,835;1796,710;10,645;1;2
3/3;3647;2021-07-23 07:00:00;23578;HH;верх;1810,370;1797,920;17,535;22;3
3/3;3648;2021-07-23 11:00:00;23582;LL;низ;1789,690;1798,410;20,680;4;1
3/3;3649;2021-07-23 18:00:00;23589;LH;верх;1804,695;1800,920;15,005;7;1
3/3;3650;2021-07-26 00:00:00;23594;HL;низ;1798,570;1806,785;6,125;5;2
3/3;3651;2021-07-26 07:00:00;23601;HH;верх;1811,605;1807,920;13,035;7;1
3/3;3652;2021-07-26 18:00:00;23612;LL;низ;1796,445;1797,570;15,160;11;2
3/3;3653;2021-07-27 01:00:00;23618;LH;верх;1799,915;1798,035;3,470;6;1
3/3;3654;2021-07-27 06:00:00;23623;LL;низ;1793,695;1797,180;6,220;5;1
3/3;3655;2021-07-27 12:00:00;23629;HH;верх;1805,290;1798,665;11,595;6;2
3/3;3656;2021-07-27 14:00:00;23631;HL;низ;1794,660;1801,775;10,630;2;2
3/3;3657;2021-07-28 03:00:00;23643;HH;верх;1807,490;1804,090;12,830;12;1
3/3;3658;2021-07-28 18:00:00;23658;LL;низ;1792,795;1808,790;14,695;15;2
3/3;3659;2021-07-29 01:00:00;23664;HH;верх;1817,550;1815,785;24,755;6;1
3/3;3660;2021-07-29 08:00:00;23671;HL;низ;1815,235;1825,100;2,315;7;1
3/3;3661;2021-07-29 16:00:00;23679;HH;верх;1832,730;1828,820;17,495;8;1
3/3;3662;2021-07-30 05:00:00;23691;HL;низ;1825,994;1829,785;6,736;12;2
3/3;3663;2021-07-30 07:00:00;23693;LH;верх;1831,410;1829,040;5,416;2;1
3/3;3664;2021-07-30 18:00:00;23704;LL;низ;1810,325;1814,200;21,085;11;1
3/3;3665;2021-08-02 01:00:00;23710;LH;верх;1816,985;1810,680;6,660;6;1
3/3;3666;2021-08-02 01:00:00;23710;LL;низ;1808,610;1810,680;8,375;0;1
3/3;3667;2021-08-02 05:00:00;23714;LH;верх;1813,414;1807,395;4,804;4;1
3/3;3668;2021-08-02 12:00:00;23721;LL;низ;1805,875;1814,645;7,539;7;2
3/3;3669;2021-08-02 17:00:00;23726;HH;верх;1819,560;1813,494;13,685;5;1
3/3;3670;2021-08-03 06:00:00;23738;HL;низ;1808,296;1810,450;11,264;12;2
3/3;3671;2021-08-03 08:00:00;23740;LH;верх;1812,210;1810,190;3,914;2;1
3/3;3672;2021-08-03 12:00:00;23744;LL;низ;1807,175;1809,340;5,035;4;1
3/3;3673;2021-08-03 13:00:00;23745;HH;верх;1815,065;1810,860;7,890;1;1
3/3;3674;2021-08-04 01:00:00;23756;HL;низ;1809,035;1812,500;6,030;11;1
3/3;3675;2021-08-04 07:00:00;23762;HH;верх;1815,255;1813,850;6,220;6;2
3/3;3676;2021-08-04 09:00:00;23764;HL;низ;1810,860;1827,155;4,395;2;1
3/3;3677;2021-08-04 13:00:00;23768;HH;верх;1831,770;1811,895;20,910;4;1
3/3;3678;2021-08-04 15:00:00;23770;LL;низ;1806,456;1811,245;25,314;2;1
3/3;3679;2021-08-04 23:00:00;23777;LH;верх;1812,575;1810,680;6,119;7;1
3/3;3680;2021-08-05 01:00:00;23779;HL;низ;1809,130;1811,105;3,445;2;1
3/3;3681;2021-08-05 07:00:00;23785;HH;верх;1814,680;1813,465;5,550;6;1
3/3;3682;2021-08-05 08:00:00;23786;LL;низ;1808,446;1813,230;6,234;1;1
3/3;3683;2021-08-05 11:00:00;23789;HH;верх;1814,925;1803,005;6,479;3;1
3/3;3684;2021-08-05 13:00:00;23791;LL;низ;1797,900;1807,055;17,025;2;1
3/3;3685;2021-08-06 06:00:00;23807;LH;верх;1802,080;1798,850;4,180;16;2
3/3;3686;2021-08-06 16:00:00;23817;LL;низ;1758,800;1760,300;43,280;10;1
3/3;3687;2021-08-06 18:00:00;23819;LH;верх;1765,810;1693,140;7,010;2;1
3/3;3688;2021-08-08 22:00:00;23822;LL;низ;1677,686;1734,750;88,124;3;1
3/3;3689;2021-08-09 07:00:00;23831;LH;верх;1752,720;1740,405;75,034;9;1
3/3;3690;2021-08-09 16:00:00;23840;HL;низ;1723,920;1728,660;28,800;9;1
3/3;3691;2021-08-10 06:00:00;23853;LH;верх;1738,330;1729,836;14,410;13;2
3/3;3692;2021-08-10 14:00:00;23861;LL;низ;1717,785;1731,180;20,545;8;2
3/3;3693;2021-08-11 03:00:00;23873;LH;верх;1735,256;1732,135;17,471;12;1
3/3;3694;2021-08-11 07:00:00;23877;HL;низ;1728,980;1737,630;6,276;4;1
3/3;3695;2021-08-11 17:00:00;23887;HH;верх;1754,534;1751,550;25,554;10;2
3/3;3696;2021-08-12 02:00:00;23895;HL;низ;1748,950;1751,540;5,584;8;1
3/3;3697;2021-08-12 07:00:00;23900;HH;верх;1758,200;1751,110;9,250;5;1
3/3;3698;2021-08-12 13:00:00;23906;LL;низ;1741,655;1751,440;16,545;6;1
3/3;3699;2021-08-12 16:00:00;23909;LH;верх;1754,025;1753,545;12,370;3;1
3/3;3700;2021-08-13 01:00:00;23917;HL;низ;1751,745;1755,400;2,280;8;1
3/3;3701;2021-08-13 16:00:00;23932;HH;верх;1779,340;1778,876;27,595;15;1
3/3;3702;2021-08-13 19:00:00;23935;HL;низ;1775,965;1778,930;3,375;3;1
3/3;3703;2021-08-16 01:00:00;23940;HH;верх;1782,655;1777,176;6,690;5;1
3/3;3704;2021-08-16 11:00:00;23950;LL;низ;1770,876;1788,590;11,779;10;2
3/3;3705;2021-08-16 14:00:00;23953;HH;верх;1789,300;1787,015;18,424;3;2
3/3;3706;2021-08-17 01:00:00;23963;HL;низ;1784,483;1786,170;4,817;10;1
3/3;3707;2021-08-17 11:00:00;23973;HH;верх;1795,600;1783,402;11,117;10;1
3/3;3708;2021-08-17 15:00:00;23977;LL;низ;1780,670;1783,250;14,930;4;1
3/3;3709;2021-08-18 07:00:00;23992;LH;верх;1793,833;1785,693;13,163;15;2
3/3;3710;2021-08-18 15:00:00;24000;LL;низ;1777,430;1785,750;16,403;8;1
3/3;3711;2021-08-18 18:00:00;24003;LH;верх;1790,497;1788,325;13,067;3;2
3/3;3712;2021-08-19 03:00:00;24011;LL;низ;1774,215;1782,182;16,282;8;1
3/3;3713;2021-08-19 13:00:00;24021;HH;верх;1792,548;1782,720;18,333;10;1
3/3;3714;2021-08-19 19:00:00;24027;HL;низ;1776,458;1779,120;16,090;6;2
3/3;3715;2021-08-20 07:00:00;24038;LH;верх;1788,495;1784,970;12,037;11;2
3/3;3716;2021-08-20 14:00:00;24045;HL;низ;1778,420;1782,832;10,075;7;1
3/3;3717;2021-08-20 16:00:00;24047;LH;верх;1786,760;1782,506;8,340;2;1
3/3;3718;2021-08-23 01:00:00;24055;LL;низ;1776,559;1787,745;10,201;8;1
3/3;3719;2021-08-23 03:00:00;24057;HH;верх;1788,788;1786,000;12,229;2;1
3/3;3720;2021-08-23 07:00:00;24061;HL;низ;1784,345;1790,415;4,443;4;1
3/3;3721;2021-08-23 13:00:00;24067;HH;верх;1806,445;1803,190;22,100;6;2
3/3;3722;2021-08-24 04:00:00;24081;HL;низ;1800,840;1802,024;5,605;14;1
3/3;3723;2021-08-24 06:00:00;24083;LH;верх;1805,164;1803,013;4,324;2;1
3/3;3724;2021-08-24 08:00:00;24085;LL;низ;1800,765;1804,295;4,399;2;2
3/3;3725;2021-08-24 14:00:00;24091;HH;верх;1809,610;1805,628;8,845;6;2
3/3;3726;2021-08-25 07:00:00;24107;LL;низ;1791,895;1794,375;17,715;16;1
3/3;3727;2021-08-25 13:00:00;24113;LH;верх;1797,805;1789,906;5,910;6;1
3/3;3728;2021-08-25 14:00:00;24114;LL;низ;1782,534;1789,340;15,271;1;1
3/3;3729;2021-08-25 18:00:00;24118;LH;верх;1793,039;1791,000;10,505;4;2
3/3;3730;2021-08-26 13:00:00;24136;LL;низ;1780,138;1792,255;12,901;18;2
3/3;3731;2021-08-26 15:00:00;24138;HH;верх;1798,275;1791,145;18,137;2;1
3/3;3732;2021-08-26 18:00:00;24141;HL;низ;1790,270;1792,960;8,005;3;1
3/3;3733;2021-08-27 06:00:00;24152;HH;верх;1805,210;1796,975;14,940;11;1
3/3;3734;2021-08-27 14:00:00;24160;LL;низ;1784,960;1818,034;20,250;8;1
3/3;3735;2021-08-30 01:00:00;24170;HH;верх;1823,275;1816,156;38,315;10;1
3/3;3736;2021-08-30 06:00:00;24175;HL;низ;1812,845;1816,005;10,430;5;1
3/3;3737;2021-08-30 11:00:00;24180;LH;верх;1817,930;1811,820;5,085;5;1
3/3;3738;2021-08-30 18:00:00;24187;LL;низ;1807,785;1810,200;10,145;7;1
3/3;3739;2021-08-31 06:00:00;24198;HH;верх;1819,245;1814,455;11,460;11;3
3/3;3740;2021-08-31 13:00:00;24205;LL;низ;1801,720;1814,115;17,525;7;1
3/3;3741;2021-08-31 17:00:00;24209;LH;верх;1816,435;1813,795;14,715;4;1
3/3;3742;2021-09-01 01:00:00;24216;HL;низ;1810,395;1815,020;6,040;7;1
3/3;3743;2021-09-01 06:00:00;24221;HH;верх;1817,070;1813,135;6,675;5;1
3/3;3744;2021-09-01 08:00:00;24223;LL;низ;1809,440;1813,070;7,630;2;1
3/3;3745;2021-09-01 12:00:00;24227;HH;верх;1820,075;1815,465;10,635;4;1
3/3;3746;2021-09-01 15:00:00;24230;LL;низ;1808,735;1813,300;11,340;3;2
3/3;3747;2021-09-02 01:00:00;24239;LH;верх;1816,106;1810,985;7,371;9;1
3/3;3748;2021-09-02 04:00:00;24242;HL;низ;1810,740;1814,825;5,366;3;1
3/3;3749;2021-09-02 10:00:00;24248;HH;верх;1817,185;1812,595;6,445;6;1
3/3;3750;2021-09-02 14:00:00;24252;LL;низ;1804,900;1809,785;12,285;4;2
3/3;3751;2021-09-03 02:00:00;24263;LH;верх;1814,934;1812,725;10,034;11;1
3/3;3752;2021-09-03 05:00:00;24266;HL;низ;1810,764;1811,616;4,170;3;1
3/3;3753;2021-09-03 15:00:00;24276;HH;верх;1834,040;1830,525;23,276;10;2
3/3;3754;2021-09-06 01:00:00;24285;HL;низ;1825,245;1826,496;8,795;9;1
3/3;3755;2021-09-06 06:00:00;24290;LH;верх;1828,395;1824,705;3,150;5;1
3/3;3756;2021-09-06 14:00:00;24298;LL;низ;1821,506;1822,700;6,889;8;1
3/3;3757;2021-09-07 01:00:00;24304;LH;верх;1827,325;1821,625;5,819;6;2
3/3;3758;2021-09-07 15:00:00;24318;LL;низ;1792,460;1796,280;34,865;14;2
3/3;3759;2021-09-08 02:00:00;24328;LH;верх;1801,100;1796,315;8,640;10;1
3/3;3760;2021-09-08 06:00:00;24332;HL;низ;1794,305;1797,030;6,795;4;1
3/3;3761;2021-09-08 12:00:00;24338;HH;верх;1802,180;1792,010;7,875;6;2
3/3;3762;2021-09-08 13:00:00;24339;LL;низ;1782,470;1791,080;19,710;1;3
3/3;3763;2021-09-09 11:00:00;24360;LH;верх;1801,060;1789,130;18,590;21;1
3/3;3764;2021-09-09 14:00:00;24363;HL;низ;1783,905;1796,986;17,155;3;1
3/3;3765;2021-09-09 17:00:00;24366;LH;верх;1799,220;1794,420;15,315;3;1
3/3;3766;2021-09-09 19:00:00;24368;HL;низ;1791,015;1794,876;8,205;2;1
3/3;3767;2021-09-10 05:00:00;24377;HH;верх;1803,920;1801,810;12,905;9;1
3/3;3768;2021-09-13 01:00:00;24396;LL;низ;1783,800;1791,055;20,120;19;2
3/3;3769;2021-09-13 06:00:00;24401;LH;верх;1793,710;1790,150;9,910;5;1
3/3;3770;2021-09-13 13:00:00;24408;HL;низ;1785,250;1793,795;8,460;7;2
3/3;3771;2021-09-13 14:00:00;24409;HH;верх;1798,470;1792,120;13,220;1;1
3/3;3772;2021-09-14 01:00:00;24419;HL;низ;1789,815;1790,925;8,655;10;2
3/3;3773;2021-09-14 07:00:00;24425;LH;верх;1794,975;1786,845;5,160;6;1
3/3;3774;2021-09-14 12:00:00;24430;LL;низ;1780,600;1805,825;14,375;5;1
3/3;3775;2021-09-14 15:00:00;24433;HH;верх;1808,660;1803,100;28,060;3;1
3/3;3776;2021-09-15 01:00:00;24442;HL;низ;1801,420;1803,430;7,240;9;2
3/3;3777;2021-09-15 06:00:00;24447;LH;верх;1804,405;1801,945;2,985;5;1
3/3;3778;2021-09-15 08:00:00;24449;LL;низ;1798,985;1802,155;5,420;2;1
3/3;3779;2021-09-15 12:00:00;24453;HH;верх;1806,990;1793,990;8,005;4;1
3/3;3780;2021-09-15 18:00:00;24459;LL;низ;1790,705;1794,350;16,285;6;1
3/3;3781;2021-09-16 02:00:00;24466;LH;верх;1796,250;1786,870;5,545;7;1
3/3;3782;2021-09-16 13:00:00;24477;LL;низ;1745,355;1754,915;50,895;11;2
3/3;3783;2021-09-17 09:00:00;24496;LH;верх;1767,555;1753,145;22,200;19;1
3/3;3784;2021-09-17 14:00:00;24501;HL;низ;1747,396;1750,830;20,159;5;2
3/3;3785;2021-09-19 22:00:00;24508;LH;верх;1755,290;1750,475;7,894;7;1
3/3;3786;2021-09-20 02:00:00;24512;LL;низ;1742,080;1750,724;13,210;4;1
3/3;3787;2021-09-20 14:00:00;24524;HH;верх;1767,206;1762,815;25,126;12;2
3/3;3788;2021-09-21 07:00:00;24540;HL;низ;1758,000;1765,990;9,206;16;1
3/3;3789;2021-09-21 15:00:00;24548;HH;верх;1781,835;1775,425;23,835;8;1
3/3;3790;2021-09-22 01:00:00;24557;HL;низ;1772,355;1775,950;9,480;9;1
3/3;3791;2021-09-22 06:00:00;24562;LH;верх;1780,375;1776,440;8,020;5;1
3/3;3792;2021-09-22 12:00:00;24568;LL;низ;1771,530;1778,055;8,845;6;1
3/3;3793;2021-09-22 18:00:00;24574;HH;верх;1787,320;1768,345;15,790;6;1
3/3;3794;2021-09-23 07:00:00;24586;LL;низ;1760,300;1774,735;27,020;12;3
3/3;3795;2021-09-23 10:00:00;24589;LH;верх;1776,635;1751,255;16,335;3;1
3/3;3796;2021-09-23 20:00:00;24599;LL;низ;1737,840;1748,430;38,795;10;2
3/3;3797;2021-09-24 11:00:00;24613;LH;верх;1757,650;1749,110;19,810;14;1
3/3;3798;2021-09-24 13:00:00;24615;HL;низ;1740,515;1751,140;17,135;2;1
3/3;3799;2021-09-24 15:00:00;24617;LH;верх;1754,050;1746,825;13,535;2;1
3/3;3800;2021-09-24 19:00:00;24621;HL;низ;1746,040;1749,625;8,010;4;1
3/3;3801;2021-09-27 02:00:00;24627;HH;верх;1760,910;1759,350;14,870;6;2
3/3;3802;2021-09-27 10:00:00;24635;LL;низ;1744,885;1756,080;16,025;8;1
3/3;3803;2021-09-27 13:00:00;24638;LH;верх;1757,936;1752,270;13,051;3;1
3/3;3804;2021-09-28 01:00:00;24649;HL;низ;1747,240;1751,270;10,696;11;1
3/3;3805;2021-09-28 02:00:00;24650;LH;верх;1754,545;1748,750;7,305;1;1
3/3;3806;2021-09-28 12:00:00;24660;LL;низ;1728,190;1736,685;26,355;10;1
3/3;3807;2021-09-28 13:00:00;24661;LH;верх;1741,340;1737,930;13,150;1;1
3/3;3808;2021-09-28 19:00:00;24667;HL;низ;1732,880;1735,390;8,460;6;1
3/3;3809;2021-09-29 02:00:00;24673;HH;верх;1741,420;1739,580;8,540;6;1
3/3;3810;2021-09-29 07:00:00;24678;HL;низ;1736,760;1745,350;4,660;5;1
3/3;3811;2021-09-29 10:00:00;24681;HH;верх;1745,530;1736,954;8,770;3;1
3/3;3812;2021-09-29 17:00:00;24688;LL;низ;1721,710;1726,605;23,820;7;1
3/3;3813;2021-09-30 03:00:00;24697;LH;верх;1734,945;1728,886;13,235;9;2
3/3;3814;2021-09-30 11:00:00;24705;HL;низ;1722,290;1757,410;12,655;8;1
3/3;3815;2021-09-30 15:00:00;24709;HH;верх;1764,240;1756,945;41,950;4;1
3/3;3816;2021-10-01 01:00:00;24718;HL;низ;1750,670;1753,635;13,570;9;1
3/3;3817;2021-10-01 02:00:00;24719;LH;верх;1756,925;1752,200;6,255;1;1
3/3;3818;2021-10-01 05:00:00;24722;HL;низ;1750,940;1752,980;5,985;3;1
3/3;3819;2021-10-01 07:00:00;24724;HH;верх;1757,285;1753,255;6,345;2;1
3/3;3820;2021-10-01 12:00:00;24729;LL;низ;1749,710;1761,710;7,575;5;1
3/3;3821;2021-10-01 14:00:00;24731;HH;верх;1764,350;1759,225;14,640;2;1
3/3;3822;2021-10-01 19:00:00;24736;HL;низ;1757,305;1763,220;7,045;5;1
3/3;3823;2021-10-04 00:00:00;24740;HH;верх;1765,755;1758,850;8,450;4;2
3/3;3824;2021-10-04 11:00:00;24751;LL;низ;1747,785;1766,420;17,970;11;1
3/3;3825;2021-10-04 14:00:00;24754;HH;верх;1770,580;1764,200;22,795;3;1
3/3;3826;2021-10-04 19:00:00;24759;HL;низ;1763,680;1768,205;6,900;5;1
3/3;3827;2021-10-04 22:00:00;24761;LH;верх;1770,150;1764,240;6,470;2;1
3/3;3828;2021-10-05 06:00:00;24769;LL;низ;1755,285;1757,910;14,865;8;1
3/3;3829;2021-10-05 12:00:00;24775;LH;верх;1761,460;1760,994;6,175;6;2
3/3;3830;2021-10-05 14:00:00;24777;LL;низ;1748,680;1761,785;12,780;2;1
3/3;3831;2021-10-05 18:00:00;24781;HH;верх;1763,030;1759,745;14,350;4;1
3/3;3832;2021-10-06 08:00:00;24794;LL;низ;1745,990;1754,420;17,040;13;1
3/3;3833;2021-10-06 19:00:00;24805;HH;верх;1765,060;1764,060;19,070;11;2
3/3;3834;2021-10-07 06:00:00;24815;HL;низ;1756,150;1760,005;8,910;10;1
3/3;3835;2021-10-07 07:00:00;24816;HH;верх;1766,985;1762,305;10,835;1;1
3/3;3836;2021-10-07 13:00:00;24822;LL;низ;1752,030;1758,140;14,955;6;2
3/3;3837;2021-10-08 03:00:00;24835;LH;верх;1760,635;1758,645;8,605;13;1
3/3;3838;2021-10-08 07:00:00;24839;HL;низ;1754,390;1759,780;6,245;4;1
3/3;3839;2021-10-08 13:00:00;24845;HH;верх;1781,405;1758,560;27,015;6;1
3/3;3840;2021-10-08 14:00:00;24846;HL;низ;1755,596;1759,630;25,809;1;1
3/3;3841;2021-10-08 18:00:00;24850;LH;верх;1760,230;1755,265;4,634;4;1
3/3;3842;2021-10-10 22:00:00;24853;LL;низ;1751,085;1760,155;9,145;3;1
3/3;3843;2021-10-11 01:00:00;24856;HH;верх;1761,095;1756,880;10,010;3;1
3/3;3844;2021-10-11 13:00:00;24868;LL;низ;1750,245;1756,525;10,850;12;1
3/3;3845;2021-10-11 14:00:00;24869;LH;верх;1760,220;1754,335;9,975;1;1
3/3;3846;2021-10-12 01:00:00;24879;HL;низ;1750,805;1757,740;9,415;10;3
3/3;3847;2021-10-12 14:00:00;24892;HH;верх;1769,420;1759,425;18,615;13;1
3/3;3848;2021-10-13 13:00:00;24914;HL;низ;1757,890;1792,600;11,530;22;3
3/3;3849;2021-10-13 15:00:00;24916;HH;верх;1796,240;1793,846;38,350;2;2
3/3;3850;2021-10-14 02:00:00;24926;HL;низ;1786,770;1791,430;9,470;10;1
3/3;3851;2021-10-14 11:00:00;24935;HH;верх;1800,645;1796,916;13,875;9;1
3/3;3852;2021-10-14 12:00:00;24936;HL;низ;1793,806;1798,325;6,839;1;1
3/3;3853;2021-10-14 19:00:00;24943;LH;верх;1799,175;1795,526;5,369;7;2
3/3;3854;2021-10-17 22:00:00;24968;LL;низ;1764,700;1770,756;34,475;25;3
3/3;3855;2021-10-18 01:00:00;24971;LH;верх;1772,105;1768,255;7,405;3;1
3/3;3856;2021-10-18 10:00:00;24980;LL;низ;1760,375;1768,906;11,730;9;1
3/3;3857;2021-10-18 14:00:00;24984;LH;верх;1771,265;1767,330;10,890;4;1
3/3;3858;2021-10-18 23:00:00;24992;HL;низ;1762,955;1774,140;8,310;8;1
3/3;3859;2021-10-19 13:00:00;25006;HH;верх;1785,160;1769,535;22,205;14;2
3/3;3860;2021-10-20 00:00:00;25016;HL;низ;1766,940;1774,135;18,220;10;2
3/3;3861;2021-10-20 12:00:00;25028;HH;верх;1788,470;1783,660;21,530;12;1
3/3;3862;2021-10-20 13:00:00;25029;HL;низ;1774,870;1786,800;13,600;1;1
3/3;3863;2021-10-20 17:00:00;25033;LH;верх;1787,620;1781,930;12,750;4;1
3/3;3864;2021-10-20 20:00:00;25036;HL;низ;1780,865;1783,940;6,755;3;1
3/3;3865;2021-10-21 02:00:00;25041;HH;верх;1789,465;1786,126;8,600;5;1
3/3;3866;2021-10-21 07:00:00;25046;HL;низ;1780,926;1784,325;8,539;5;1
3/3;3867;2021-10-21 09:00:00;25048;LH;верх;1787,980;1782,836;7,054;2;1
3/3;3868;2021-10-21 12:00:00;25051;LL;низ;1776,555;1782,595;11,425;3;2
3/3;3869;2021-10-22 15:00:00;25077;HH;верх;1813,845;1794,180;37,290;26;1
3/3;3870;2021-10-22 15:00:00;25077;HL;низ;1782,880;1794,180;30,965;0;2
3/3;3871;2021-10-25 13:00:00;25098;LH;верх;1810,075;1807,025;27,195;21;3
3/3;3872;2021-10-26 08:00:00;25116;HL;низ;1800,015;1803,050;10,060;18;1
3/3;3873;2021-10-26 12:00:00;25120;LH;верх;1804,700;1789,875;4,685;4;1
3/3;3874;2021-10-26 14:00:00;25122;LL;низ;1782,465;1791,106;22,235;2;1
3/3;3875;2021-10-26 19:00:00;25127;LH;верх;1795,150;1793,655;12,685;5;3
3/3;3876;2021-10-27 08:00:00;25139;HL;низ;1783,575;1791,305;11,575;12;1
3/3;3877;2021-10-27 13:00:00;25144;HH;верх;1798,176;1794,770;14,601;5;1
3/3;3878;2021-10-27 14:00:00;25145;HL;низ;1784,890;1797,840;13,286;1;1
3/3;3879;2021-10-27 18:00:00;25149;HH;верх;1799,060;1796,715;14,170;4;1
3/3;3880;2021-10-27 19:00:00;25150;HL;низ;1793,945;1796,685;5,115;1;2
3/3;3881;2021-10-28 06:00:00;25160;HH;верх;1804,190;1797,765;10,245;10;2
3/3;3882;2021-10-28 09:00:00;25163;HL;низ;1795,825;1799,110;8,365;3;1
3/3;3883;2021-10-28 13:00:00;25167;HH;верх;1810,506;1800,935;14,681;4;1
3/3;3884;2021-10-29 08:00:00;25185;LL;низ;1790,960;1793,140;19,546;18;2
3/3;3885;2021-10-29 09:00:00;25186;LH;верх;1799,175;1780,470;8,215;1;1
3/3;3886;2021-10-29 14:00:00;25191;LL;низ;1771,980;1781,665;27,195;5;2
3/3;3887;2021-11-01 06:00:00;25206;LH;верх;1787,820;1785,970;15,840;15;2
3/3;3888;2021-11-01 08:00:00;25208;HL;низ;1781,085;1786,635;6,735;2;1
3/3;3889;2021-11-01 14:00:00;25214;HH;верх;1795,840;1793,656;14,755;6;1
3/3;3890;2021-11-02 02:00:00;25225;HL;низ;1789,284;1793,765;6,556;11;1
3/3;3891;2021-11-02 07:00:00;25230;HH;верх;1796,436;1792,495;7,152;5;1
3/3;3892;2021-11-03 06:00:00;25252;LL;низ;1778,336;1782,600;18,100;22;3
3/3;3893;2021-11-03 12:00:00;25258;LH;верх;1785,750;1763,660;7,414;6;1
3/3;3894;2021-11-03 14:00:00;25260;LL;низ;1758,890;1765,070;26,860;2;1
3/3;3895;2021-11-04 02:00:00;25271;LH;верх;1778,365;1774,820;19,475;11;1
3/3;3896;2021-11-04 06:00:00;25275;HL;низ;1770,866;1777,395;7,499;4;1
3/3;3897;2021-11-04 14:00:00;25283;HH;верх;1798,950;1793,530;28,084;8;1
3/3;3898;2021-11-05 00:00:00;25292;HL;низ;1790,165;1792,935;8,785;9;1
3/3;3899;2021-11-05 08:00:00;25300;HH;верх;1800,180;1793,910;10,015;8;1
3/3;3900;2021-11-05 12:00:00;25304;LL;низ;1785,060;1809,985;15,120;4;2
3/3;3901;2021-11-08 06:00:00;25320;HH;верх;1821,570;1816,055;36,510;16;2
3/3;3902;2021-11-08 08:00:00;25322;HL;низ;1812,495;1816,925;9,075;2;1
3/3;3903;2021-11-09 01:00:00;25338;HH;верх;1827,220;1823,570;14,725;16;3
3/3;3904;2021-11-09 02:00:00;25339;HL;низ;1821,930;1824,725;5,290;1;1
3/3;3905;2021-11-09 06:00:00;25343;LH;верх;1827,220;1825,425;5,290;4;1
3/3;3906;2021-11-09 07:00:00;25344;LL;низ;1819,190;1825,190;8,030;1;2
3/3;3907;2021-11-09 20:00:00;25357;HH;верх;1832,760;1829,500;13,570;13;1
3/3;3908;2021-11-10 07:00:00;25367;HL;низ;1823,080;1824,800;9,680;10;1
3/3;3909;2021-11-10 08:00:00;25368;LH;верх;1827,255;1824,640;4,175;1;1
3/3;3910;2021-11-10 13:00:00;25373;LL;низ;1822,400;1855,010;4,855;5;1
3/3;3911;2021-11-10 14:00:00;25374;HH;верх;1868,626;1849,720;46,226;1;1
3/3;3912;2021-11-10 18:00:00;25378;HL;низ;1841,575;1849,270;27,051;4;3
3/3;3913;2021-11-11 13:00:00;25396;LH;верх;1866,025;1862,190;24,450;18;1
3/3;3914;2021-11-12 03:00:00;25409;HL;низ;1855,205;1857,800;10,820;13;1
3/3;3915;2021-11-12 06:00:00;25412;LH;верх;1860,130;1853,190;4,925;3;1
3/3;3916;2021-11-12 11:00:00;25417;LL;низ;1845,300;1858,520;14,830;5;1
3/3;3917;2021-11-12 18:00:00;25424;HH;верх;1868,760;1864,900;23,460;7;2
3/3;3918;2021-11-15 07:00:00;25436;HL;низ;1856,375;1863,180;12,385;12;2
3/3;3919;2021-11-15 13:00:00;25442;HH;верх;1870,576;1863,505;14,201;6;1
3/3;3920;2021-11-15 15:00:00;25444;HL;низ;1858,265;1865,770;12,311;2;1
3/3;3921;2021-11-15 19:00:00;25448;LH;верх;1867,885;1862,490;9,620;4;1
3/3;3922;2021-11-15 23:00:00;25451;HL;низ;1861,940;1867,520;5,945;3;1
3/3;3923;2021-11-16 02:00:00;25454;HH;верх;1868,870;1866,705;6,930;3;1
3/3;3924;2021-11-16 07:00:00;25459;HL;низ;1862,310;1874,205;6,560;5;1
3/3;3925;2021-11-16 13:00:00;25465;HH;верх;1877,140;1855,215;14,830;6;2
3/3;3926;2021-11-17 00:00:00;25475;LL;низ;1849,675;1853,770;27,465;10;2
3/3;3927;2021-11-18 00:00:00;25498;LH;верх;1870,945;1865,010;21,270;23;3
3/3;3928;2021-11-18 06:00:00;25504;HL;низ;1862,705;1864,350;8,240;6;1
3/3;3929;2021-11-18 08:00:00;25506;LH;верх;1869,820;1862,830;7,115;2;2
3/3;3930;2021-11-18 13:00:00;25511;LL;низ;1855,205;1861,780;14,615;5;2
3/3;3931;2021-11-19 04:00:00;25525;LH;верх;1863,810;1857,585;8,605;14;1
3/3;3932;2021-11-19 09:00:00;25530;LL;низ;1851,626;1860,290;12,184;5;1
3/3;3933;2021-11-19 14:00:00;25535;HH;верх;1865,836;1847,070;14,210;5;2
3/3;3934;2021-11-19 17:00:00;25538;LL;низ;1843,090;1847,190;22,746;3;2
3/3;3935;2021-11-22 04:00:00;25547;LH;верх;1849,165;1844,140;6,075;9;1
3/3;3936;2021-11-22 19:00:00;25562;LL;низ;1802,310;1809,140;46,855;15;1
3/3;3937;2021-11-23 01:00:00;25567;LH;верх;1812,430;1807,945;10,120;5;2
3/3;3938;2021-11-23 18:00:00;25584;LL;низ;1782,040;1789,076;30,390;17;1
3/3;3939;2021-11-24 07:00:00;25596;LH;верх;1796,456;1789,415;14,416;12;2
3/3;3940;2021-11-24 14:00:00;25603;LL;низ;1778,615;1785,460;17,841;7;1
3/3;3941;2021-11-24 16:00:00;25605;LH;верх;1791,460;1784,910;12,845;2;1
3/3;3942;2021-11-24 19:00:00;25608;HL;низ;1782,600;1789,756;8,860;3;1
3/3;3943;2021-11-25 08:00:00;25620;HH;верх;1795,146;1790,840;12,546;12;2
3/3;3944;2021-11-25 15:00:00;25627;HL;низ;1788,005;1792,710;7,141;7;1
3/3;3945;2021-11-26 11:00:00;25642;HH;верх;1815,570;1798,585;27,565;15;1
3/3;3946;2021-11-28 23:00:00;25650;LL;низ;1769,800;1795,410;45,770;8;1
3/3;3947;2021-11-29 10:00:00;25661;LH;верх;1799,495;1787,006;29,695;11;2
3/3;3948;2021-11-29 19:00:00;25670;HL;низ;1781,230;1786,895;18,265;9;1
3/3;3949;2021-11-30 15:00:00;25689;HH;верх;1808,860;1776,640;27,630;19;3
3/3;3950;2021-11-30 17:00:00;25691;LL;низ;1769,975;1771,085;38,885;2;2
3/3;3951;2021-12-01 05:00:00;25702;LH;верх;1794,700;1778,935;24,725;11;1
3/3;3952;2021-12-01 08:00:00;25705;HL;низ;1776,736;1785,125;17,964;3;1
3/3;3953;2021-12-01 15:00:00;25712;LH;верх;1792,290;1783,055;15,554;7;1
3/3;3954;2021-12-01 20:00:00;25717;HL;низ;1777,420;1781,110;14,870;5;1
3/3;3955;2021-12-01 23:00:00;25719;LH;верх;1783,455;1781,185;6,035;2;1
3/3;3956;2021-12-02 08:00:00;25728;LL;низ;1767,545;1777,315;15,910;9;1
3/3;3957;2021-12-02 12:00:00;25732;LH;верх;1781,275;1767,376;13,730;4;1
3/3;3958;2021-12-02 18:00:00;25738;LL;низ;1761,940;1768,245;19,335;6;1
3/3;3959;2021-12-03 05:00:00;25748;LH;верх;1776,545;1769,815;14,605;10;1
3/3;3960;2021-12-03 09:00:00;25752;HL;низ;1766,210;1774,320;10,335;4;2
3/3;3961;2021-12-03 20:00:00;25763;HH;верх;1786,125;1783,290;19,915;11;1
3/3;3962;2021-12-05 23:00:00;25765;HL;низ;1780,880;1786,920;5,245;2;1
3/3;3963;2021-12-06 02:00:00;25768;HH;верх;1787,784;1783,410;6,904;3;1
3/3;3964;2021-12-06 14:00:00;25780;LL;низ;1775,765;1780,925;12,019;12;1
3/3;3965;2021-12-06 17:00:00;25783;LH;верх;1785,015;1779,175;9,250;3;2
3/3;3966;2021-12-07 04:00:00;25793;HL;низ;1776,985;1782,755;8,030;10;1
3/3;3967;2021-12-07 07:00:00;25796;LH;верх;1784,650;1780,595;7,665;3;1
3/3;3968;2021-12-07 09:00:00;25798;HL;низ;1777,480;1783,495;7,170;2;1
3/3;3969;2021-12-07 12:00:00;25801;HH;верх;1784,756;1782,565;7,276;3;1
3/3;3970;2021-12-07 13:00:00;25802;LL;низ;1772,250;1785,995;12,506;1;1
3/3;3971;2021-12-07 16:00:00;25805;HH;верх;1787,875;1784,940;15,625;3;1
3/3;3972;2021-12-07 23:00:00;25811;HL;низ;1783,730;1790,170;4,145;6;1
3/3;3973;2021-12-08 10:00:00;25822;HH;верх;1793,155;1783,295;9,425;11;2
3/3;3974;2021-12-08 14:00:00;25826;LL;низ;1779,715;1784,435;13,440;4;1
3/3;3975;2021-12-08 20:00:00;25832;LH;верх;1786,895;1784,885;7,180;6;1
3/3;3976;2021-12-09 02:00:00;25837;HL;низ;1782,265;1785,795;4,630;5;2
3/3;3977;2021-12-09 08:00:00;25843;HH;верх;1787,670;1780,360;5,405;6;1
3/3;3978;2021-12-09 18:00:00;25853;LL;низ;1773,310;1775,310;14,360;10;2
3/3;3979;2021-12-10 03:00:00;25861;LH;верх;1779,705;1773,655;6,395;8;1
3/3;3980;2021-12-10 09:00:00;25867;LL;низ;1770,215;1773,635;9,490;6;1
3/3;3981;2021-12-10 14:00:00;25872;HH;верх;1789,534;1783,505;19,319;5;1
3/3;3982;2021-12-10 19:00:00;25877;HL;низ;1781,475;1783,315;8,059;5;1
3/3;3983;2021-12-13 02:00:00;25883;LH;верх;1788,810;1785,010;7,335;6;1
3/3;3984;2021-12-13 07:00:00;25888;HL;низ;1783,390;1786,980;5,420;5;1
3/3;3985;2021-12-13 12:00:00;25893;HH;верх;1791,656;1786,910;8,266;5;1
3/3;3986;2021-12-13 14:00:00;25895;LL;низ;1781,890;1788,360;9,766;2;2
3/3;3987;2021-12-14 02:00:00;25906;LH;верх;1789,545;1787,385;7,655;11;2
3/3;3988;2021-12-14 14:00:00;25918;LL;низ;1766,585;1772,650;22,960;12;3
3/3;3989;2021-12-15 00:00:00;25927;LH;верх;1773,945;1770,065;7,360;9;1
3/3;3990;2021-12-15 07:00:00;25934;HL;низ;1766,900;1768,380;7,045;7;1
3/3;3991;2021-12-15 13:00:00;25940;LH;верх;1773,725;1767,980;6,825;6;1
3/3;3992;2021-12-15 19:00:00;25946;LL;низ;1753,070;1779,540;20,655;6;3
3/3;3993;2021-12-16 02:00:00;25952;HH;верх;1784,260;1783,655;31,190;6;1
3/3;3994;2021-12-16 05:00:00;25955;HL;низ;1781,025;1786,670;3,235;3;3
3/3;3995;2021-12-17 13:00:00;25986;HH;верх;1814,305;1806,150;33,280;31;1
3/3;3996;2021-12-17 20:00:00;25993;HL;низ;1795,835;1801,315;18,470;7;1
3/3;3997;2021-12-20 06:00:00;26002;LH;верх;1804,175;1799,730;8,340;9;2
3/3;3998;2021-12-20 20:00:00;26016;LL;низ;1788,385;1790,470;15,790;14;3
3/3;3999;2021-12-21 13:00:00;26032;LH;верх;1800,510;1788,340;12,125;16;2
3/3;4000;2021-12-21 15:00:00;26034;LL;низ;1784,905;1788,320;15,605;2;1
3/3;4001;2021-12-22 00:00:00;26042;LH;верх;1791,265;1789,270;6,360;8;1
3/3;4002;2021-12-22 08:00:00;26050;HL;низ;1785,950;1791,050;5,315;8;1
3/3;4003;2021-12-23 02:00:00;26067;HH;верх;1808,500;1806,270;22,550;17;2
3/3;4004;2021-12-23 06:00:00;26071;HL;низ;1804,865;1807,060;3,635;4;1
3/3;4005;2021-12-23 13:00:00;26078;HH;верх;1810,090;1807,420;5,225;7;2
3/3;4006;2021-12-23 14:00:00;26079;LL;низ;1798,910;1808,420;11,180;1;1
3/3;4007;2021-12-23 18:00:00;26083;HH;верх;1810,744;1808,470;11,834;4;1
3/3;4008;2021-12-26 23:00:00;26087;HL;низ;1805,935;1810,005;4,809;4;1
3/3;4009;2021-12-27 01:00:00;26089;HH;верх;1811,905;1809,430;5,970;2;1
3/3;4010;2021-12-27 13:00:00;26101;LL;низ;1803,015;1811,495;8,890;12;1
3/3;4011;2021-12-27 15:00:00;26103;HH;верх;1813,515;1807,730;10,500;2;1
3/3;4012;2021-12-27 18:00:00;26106;HL;низ;1806,775;1812,075;6,740;3;1
3/3;4013;2021-12-27 20:00:00;26108;LH;верх;1812,740;1811,476;5,965;2;1
3/3;4014;2021-12-28 02:00:00;26113;HL;низ;1808,565;1813,015;4,175;5;1
3/3;4015;2021-12-28 13:00:00;26124;HH;верх;1820,305;1810,760;11,740;11;1
3/3;4016;2021-12-29 01:00:00;26135;LL;низ;1804,130;1805,905;16,175;11;2
3/3;4017;2021-12-29 03:00:00;26137;LH;верх;1807,756;1806,120;3,626;2;1
3/3;4018;2021-12-29 13:00:00;26147;LL;низ;1789,494;1802,735;18,262;10;1
3/3;4019;2021-12-29 18:00:00;26152;LH;верх;1805,706;1804,120;16,212;5;2
3/3;4020;2021-12-30 07:00:00;26164;HL;низ;1796,280;1801,205;9,426;12;3
3/3;4021;2021-12-31 07:00:00;26187;HH;верх;1820,275;1819,715;23,995;23;2
3/3;4022;2021-12-31 08:00:00;26188;HL;низ;1815,200;1819,630;5,075;1;1
3/3;4023;2022-01-02 23:00:00;26202;HH;верх;1831,835;1826,240;16,635;14;2
3/3;4024;2022-01-03 07:00:00;26210;HL;низ;1821,120;1826,460;10,715;8;1
3/3;4025;2022-01-03 10:00:00;26213;LH;верх;1827,545;1807,200;6,425;3;1
3/3;4026;2022-01-03 16:00:00;26219;LL;низ;1798,380;1801,760;29,165;6;1
3/3;4027;2022-01-04 02:00:00;26228;LH;верх;1807,155;1805,530;8,775;9;1
3/3;4028;2022-01-04 04:00:00;26230;HL;низ;1803,250;1805,790;3,905;2;1
3/3;4029;2022-01-04 10:00:00;26236;HH;верх;1808,685;1807,225;5,435;6;1
3/3;4030;2022-01-04 12:00:00;26238;LL;низ;1798,510;1814,680;10,175;2;1
3/3;4031;2022-01-04 15:00:00;26241;HH;верх;1816,810;1815,140;18,300;3;1
3/3;4032;2022-01-05 07:00:00;26256;HL;низ;1812,595;1818,490;4,215;15;3
3/3;4033;2022-01-05 14:00:00;26263;HH;верх;1829,630;1822,870;17,035;7;3
3/3;4034;2022-01-06 19:00:00;26291;LL;низ;1786,420;1791,465;43,210;28;2
3/3;4035;2022-01-07 03:00:00;26298;LH;верх;1793,240;1790,070;6,820;7;1
3/3;4036;2022-01-07 08:00:00;26303;HL;низ;1787,870;1793,430;5,370;5;1
3/3;4037;2022-01-07 13:00:00;26308;HH;верх;1796,310;1794,075;8,440;5;1
3/3;4038;2022-01-07 13:00:00;26308;LL;низ;1782,675;1794,075;13,635;0;1
3/3;4039;2022-01-07 18:00:00;26313;HH;верх;1798,705;1796,580;16,030;5;1
3/3;4040;2022-01-10 00:00:00;26318;HL;низ;1790,876;1792,220;7,829;5;2
3/3;4041;2022-01-10 11:00:00;26329;HH;верх;1802,370;1794,255;11,494;11;1
3/3;4042;2022-01-10 14:00:00;26332;LL;низ;1790,436;1799,370;11,934;3;1
3/3;4043;2022-01-11 09:00:00;26350;HH;верх;1810,290;1807,490;19,854;18;1
3/3;4044;2022-01-11 14:00:00;26355;HL;низ;1801,850;1817,585;8,440;5;1
3/3;4045;2022-01-11 20:00:00;26361;HH;верх;1823,350;1820,860;21,500;6;2
3/3;4046;2022-01-12 08:00:00;26372;HL;низ;1814,780;1817,300;8,570;11;1
3/3;4047;2022-01-12 20:00:00;26384;HH;верх;1828,095;1824,410;13,315;12;2
3/3;4048;2022-01-13 02:00:00;26389;HL;низ;1824,085;1825,975;4,010;5;1
3/3;4049;2022-01-13 05:00:00;26392;HH;верх;1828,180;1821,140;4,095;3;1
3/3;4050;2022-01-13 09:00:00;26396;LL;низ;1819,100;1824,320;9,080;4;1
3/3;4051;2022-01-13 12:00:00;26399;LH;верх;1826,030;1814,740;6,930;3;1
3/3;4052;2022-01-13 16:00:00;26403;LL;низ;1812,425;1821,090;13,605;4;2
3/3;4053;2022-01-14 08:00:00;26418;HH;верх;1829,210;1822,540;16,785;15;2
3/3;4054;2022-01-17 01:00:00;26434;HL;низ;1813,205;1819,460;16,005;16;2
3/3;4055;2022-01-17 08:00:00;26441;LH;верх;1823,210;1821,370;10,005;7;1
3/3;4056;2022-01-17 15:00:00;26448;HL;низ;1817,730;1818,375;5,480;7;2
3/3;4057;2022-01-18 03:00:00;26457;LH;верх;1822,796;1817,675;5,066;9;1
3/3;4058;2022-01-18 13:00:00;26467;LL;низ;1805,840;1815,045;16,956;10;3
3/3;4059;2022-01-18 16:00:00;26470;LH;верх;1820,140;1814,035;14,300;3;1
3/3;4060;2022-01-19 03:00:00;26480;HL;низ;1810,345;1814,335;9,795;10;2
3/3;4061;2022-01-19 20:00:00;26497;HH;верх;1843,375;1841,250;33,030;17;1
3/3;4062;2022-01-20 00:00:00;26500;HL;низ;1838,110;1839,685;5,265;3;1
3/3;4063;2022-01-20 01:00:00;26501;HH;верх;1844,145;1839,950;6,035;1;2
3/3;4064;2022-01-20 12:00:00;26512;LL;низ;1836,000;1846,920;8,145;11;1
3/3;4065;2022-01-20 15:00:00;26515;HH;верх;1847,946;1841,590;11,946;3;1
3/3;4066;2022-01-21 01:00:00;26524;HL;низ;1836,380;1841,505;11,566;9;3
3/3;4067;2022-01-21 07:00:00;26530;LH;верх;1842,830;1834,050;6,450;6;1
3/3;4068;2022-01-21 08:00:00;26531;LL;низ;1828,550;1832,055;14,280;1;1
3/3;4069;2022-01-21 14:00:00;26537;HH;верх;1843,245;1832,880;14,695;6;1
3/3;4070;2022-01-21 20:00:00;26543;HL;низ;1828,630;1833,295;14,615;6;1
3/3;4071;2022-01-24 09:00:00;26555;HH;верх;1844,376;1838,635;15,746;12;2
3/3;4072;2022-01-24 15:00:00;26561;HL;низ;1829,765;1841,240;14,611;6;1
3/3;4073;2022-01-24 21:00:00;26567;LH;верх;1844,180;1840,215;14,415;6;1
3/3;4074;2022-01-25 02:00:00;26571;HL;низ;1839,520;1841,750;4,660;4;1
3/3;4075;2022-01-25 07:00:00;26576;LH;верх;1843,390;1837,825;3,870;5;1
3/3;4076;2022-01-25 10:00:00;26579;LL;низ;1834,955;1842,750;8,435;3;1
3/3;4077;2022-01-25 19:00:00;26588;HH;верх;1853,885;1849,625;18,930;9;2
3/3;4078;2022-01-26 01:00:00;26593;HL;низ;1846,595;1847,515;7,290;5;1
3/3;4079;2022-01-26 06:00:00;26598;LH;верх;1848,740;1846,915;2,145;5;1
3/3;4080;2022-01-26 07:00:00;26599;LL;низ;1843,865;1846,935;4,875;1;1
3/3;4081;2022-01-26 13:00:00;26605;LH;верх;1848,145;1831,870;4,280;6;1
3/3;4082;2022-01-26 20:00:00;26612;LL;низ;1814,980;1820,856;33,165;7;1
3/3;4083;2022-01-27 10:00:00;26625;LH;верх;1816,935;1799,925;1,955;13;1
3/3;4084;2022-01-27 18:00:00;26633;LL;низ;1791,860;1796,985;25,075;8;1
3/3;4085;2022-01-28 03:00:00;26641;LH;верх;1799,440;1797,320;7,580;8;1
3/3;4086;2022-01-28 11:00:00;26649;LL;низ;1780,330;1786,620;19,110;8;1
3/3;4087;2022-01-28 15:00:00;26653;LH;верх;1793,070;1786,705;12,740;4;2
3/3;4088;2022-01-31 04:00:00;26665;HL;низ;1785,610;1788,990;7,460;12;1
3/3;4089;2022-01-31 19:00:00;26680;HH;верх;1799,880;1797,870;14,270;15;2
3/3;4090;2022-02-01 03:00:00;26687;HL;низ;1795,815;1801,585;4,065;7;1
3/3;4091;2022-02-01 13:00:00;26697;HH;верх;1808,790;1803,920;12,975;10;1
3/3;4092;2022-02-02 07:00:00;26714;LL;низ;1794,534;1802,735;14,256;17;4
3/3;4093;2022-02-02 15:00:00;26722;HH;верх;1811,026;1809,215;16,492;8;1
3/3;4094;2022-02-02 20:00:00;26727;HL;низ;1805,220;1807,505;5,806;5;2
3/3;4095;2022-02-03 02:00:00;26732;LH;верх;1809,030;1806,815;3,810;5;1
3/3;4096;2022-02-03 14:00:00;26744;LL;низ;1788,685;1804,110;20,345;12;1
3/3;4097;2022-02-03 16:00:00;26746;LH;верх;1807,675;1805,150;18,990;2;1
3/3;4098;2022-02-04 06:00:00;26759;HL;низ;1805,870;1811,065;1,805;13;1
3/3;4099;2022-02-04 13:00:00;26766;HH;верх;1814,950;1806,950;9,080;7;1
3/3;4100;2022-02-04 14:00:00;26767;LL;низ;1792,230;1806,425;22,720;1;1
3/3;4101;2022-02-07 01:00:00;26777;HH;верх;1815,410;1810,585;23,180;10;1
3/3;4102;2022-02-07 06:00:00;26782;HL;низ;1808,785;1812,460;6,625;5;1
3/3;4103;2022-02-07 19:00:00;26795;HH;верх;1823,590;1822,086;14,805;13;2
3/3;4104;2022-02-08 01:00:00;26800;HL;низ;1820,340;1821,470;3,250;5;1
3/3;4105;2022-02-08 02:00:00;26801;LH;верх;1823,275;1820,360;2,935;1;1
3/3;4106;2022-02-08 07:00:00;26806;LL;низ;1815,495;1819,120;7,780;5;2
3/3;4107;2022-02-08 19:00:00;26818;HH;верх;1828,805;1825,955;13,310;12;2
3/3;4108;2022-02-09 00:00:00;26822;HL;низ;1825,125;1828,140;3,680;4;1
3/3;4109;2022-02-09 05:00:00;26827;HH;верх;1829,170;1826,460;4,045;5;1
3/3;4110;2022-02-09 14:00:00;26836;LL;низ;1824,760;1834,150;4,410;9;2
3/3;4111;2022-02-09 17:00:00;26839;HH;верх;1835,845;1833,330;11,085;3;1
3/3;4112;2022-02-09 20:00:00;26842;HL;низ;1831,255;1832,650;4,590;3;1
3/3;4113;2022-02-10 07:00:00;26852;HH;верх;1836,135;1833,140;4,880;10;2
3/3;4114;2022-02-10 13:00:00;26858;LL;низ;1821,670;1841,625;14,465;6;2
3/3;4115;2022-02-10 16:00:00;26861;HH;верх;1841,965;1829,766;20,295;3;1
3/3;4116;2022-02-11 07:00:00;26875;LL;низ;1820,990;1826,145;20,975;14;2
3/3;4117;2022-02-11 20:00:00;26888;HH;верх;1865,465;1858,025;44,475;13;1
3/3;4118;2022-02-14 07:00:00;26898;HL;низ;1850,845;1855,590;14,620;10;1
3/3;4119;2022-02-14 08:00:00;26899;LH;верх;1858,506;1856,485;7,661;1;1
3/3;4120;2022-02-14 12:00:00;26903;HL;низ;1851,375;1868,235;7,131;4;1
3/3;4121;2022-02-15 06:00:00;26920;HH;верх;1879,550;1857,775;28,175;17;2
3/3;4122;2022-02-15 12:00:00;26926;LL;низ;1844,610;1848,000;34,940;6;1
3/3;4123;2022-02-15 14:00:00;26928;LH;верх;1857,260;1852,965;12,650;2;2
3/3;4124;2022-02-16 01:00:00;26938;HL;низ;1850,320;1852,900;6,940;10;1
3/3;4125;2022-02-16 10:00:00;26947;HH;верх;1859,650;1858,746;9,330;9;1
3/3;4126;2022-02-16 12:00:00;26949;HL;низ;1851,380;1862,735;8,270;2;1
3/3;4127;2022-02-16 20:00:00;26957;HH;верх;1872,600;1871,040;21,220;8;1
3/3;4128;2022-02-17 02:00:00;26962;HL;низ;1867,890;1875,095;4,710;5;1
3/3;4129;2022-02-17 09:00:00;26969;HH;верх;1893,366;1886,744;25,476;7;1
3/3;4130;2022-02-17 12:00:00;26972;HL;низ;1882,805;1895,360;10,561;3;1
3/3;4131;2022-02-18 00:00:00;26983;HH;верх;1902,545;1891,090;19,740;11;2
3/3;4132;2022-02-18 01:00:00;26984;HL;низ;1888,415;1890,496;14,130;1;1
3/3;4133;2022-02-18 08:00:00;26991;LH;верх;1895,910;1891,275;7,495;7;1
3/3;4134;2022-02-18 10:00:00;26993;LL;низ;1886,664;1896,560;9,246;2;1
3/3;4135;2022-02-18 13:00:00;26996;HH;верх;1900,065;1896,025;13,401;3;1
3/3;4136;2022-02-18 20:00:00;27003;HL;низ;1893,654;1898,310;6,411;7;1
3/3;4137;2022-02-21 00:00:00;27006;HH;верх;1908,325;1896,910;14,671;3;1
3/3;4138;2022-02-21 07:00:00;27013;LL;низ;1887,665;1897,430;20,660;7;1
3/3;4139;2022-02-21 11:00:00;27017;LH;верх;1898,740;1895,140;11,075;4;1
3/3;4140;2022-02-21 12:00:00;27018;HL;низ;1892,480;1895,465;6,260;1;1
3/3;4141;2022-02-21 23:00:00;27026;HH;верх;1914,320;1909,550;21,840;8;2
3/3;4142;2022-02-22 11:00:00;27038;LL;низ;1891,470;1901,570;22,850;12;1
3/3;4143;2022-02-22 14:00:00;27041;LH;верх;1907,266;1903,455;15,796;3;2
3/3;4144;2022-02-23 09:00:00;27059;LL;низ;1889,680;1896,425;17,586;18;2
3/3;4145;2022-02-23 17:00:00;27067;HH;верх;1910,500;1909,245;20,820;8;1
3/3;4146;2022-02-23 20:00:00;27070;HL;низ;1904,665;1913,780;5,835;3;1
3/3;4147;2022-02-24 10:00:00;27083;HH;верх;1974,485;1959,295;69,820;13;2
3/3;4148;2022-02-24 19:00:00;27092;LL;низ;1878,095;1906,656;96,390;9;2
3/3;4149;2022-02-25 01:00:00;27097;LH;верх;1921,910;1912,160;43,815;5;2
3/3;4150;2022-02-25 15:00:00;27111;HL;низ;1882,995;1886,625;38,915;14;1
3/3;4151;2022-02-27 23:00:00;27118;HH;верх;1927,480;1909,615;44,485;7;1
3/3;4152;2022-02-28 07:00:00;27126;HL;низ;1893,355;1906,625;34,125;8;2
3/3;4153;2022-02-28 13:00:00;27132;LH;верх;1918,370;1892,886;25,015;6;1
3/3;4154;2022-02-28 17:00:00;27136;LL;низ;1890,925;1910,085;27,445;4;1
3/3;4155;2022-02-28 21:00:00;27140;LH;верх;1910,995;1903,055;20,070;4;1
3/3;4156;2022-03-01 02:00:00;27144;HL;низ;1901,470;1907,185;9,525;4;2
3/3;4157;2022-03-01 21:00:00;27163;HH;верх;1950,306;1935,730;48,836;19;1
3/3;4158;2022-03-02 01:00:00;27166;HL;низ;1931,055;1936,356;19,251;3;1
3/3;4159;2022-03-02 07:00:00;27172;LH;верх;1948,010;1926,675;16,955;6;1
3/3;4160;2022-03-02 10:00:00;27175;LL;низ;1913,750;1932,040;34,260;3;1
3/3;4161;2022-03-02 15:00:00;27180;LH;верх;1935,700;1920,635;21,950;5;1
3/3;4162;2022-03-02 17:00:00;27182;HL;низ;1914,965;1925,315;20,735;2;1
3/3;4163;2022-03-02 20:00:00;27185;LH;верх;1933,415;1929,165;18,450;3;2
3/3;4164;2022-03-03 05:00:00;27193;HL;низ;1922,110;1932,000;11,305;8;2
3/3;4165;2022-03-03 11:00:00;27199;HH;верх;1938,836;1926,805;16,726;6;1
3/3;4166;2022-03-03 16:00:00;27204;HL;низ;1923,360;1935,335;15,476;5;1
3/3;4167;2022-03-04 00:00:00;27211;HH;верх;1951,020;1939,660;27,660;7;1
3/3;4168;2022-03-04 01:00:00;27212;HL;низ;1929,715;1939,205;21,305;1;3
3/3;4169;2022-03-07 01:00:00;27235;HH;верх;2001,136;1989,780;71,421;23;1
3/3;4170;2022-03-07 06:00:00;27240;HL;низ;1976,165;1998,110;24,971;5;1
3/3;4171;2022-03-07 10:00:00;27244;HH;верх;2002,670;1979,220;26,505;4;1
3/3;4172;2022-03-07 13:00:00;27247;LL;низ;1961,075;1979,605;41,595;3;1
3/3;4173;2022-03-08 00:00:00;27257;LH;верх;2000,120;1986,075;39,045;10;1
3/3;4174;2022-03-08 01:00:00;27258;HL;низ;1981,105;1991,210;19,015;1;1
3/3;4175;2022-03-08 16:00:00;27273;HH;верх;2070,630;2039,526;89,525;15;4
3/3;4176;2022-03-09 14:00:00;27294;LL;низ;1976,160;1985,645;94,470;21;2
3/3;4177;2022-03-09 21:00:00;27301;LH;верх;1999,130;1974,740;22,970;7;1
3/3;4178;2022-03-10 01:00:00;27304;LL;низ;1970,525;1977,810;28,605;3;1
3/3;4179;2022-03-10 06:00:00;27309;LH;верх;1989,116;1985,954;18,591;5;1
3/3;4180;2022-03-10 07:00:00;27310;HL;низ;1974,466;1999,750;14,650;1;1
3/3;4181;2022-03-10 12:00:00;27315;HH;верх;2009,225;1995,260;34,759;5;1
3/3;4182;2022-03-10 15:00:00;27318;HL;низ;1981,725;1997,855;27,500;3;1
3/3;4183;2022-03-10 18:00:00;27321;LH;верх;2006,080;1996,255;24,355;3;1
3/3;4184;2022-03-11 05:00:00;27331;LL;низ;1981,090;1992,830;24,990;10;1
3/3;4185;2022-03-11 08:00:00;27334;LH;верх;1995,026;1979,676;13,936;3;1
3/3;4186;2022-03-11 13:00:00;27339;LL;низ;1958,680;1985,770;36,346;5;1
3/3;4187;2022-03-11 17:00:00;27343;LH;верх;1990,080;1982,790;31,400;4;2
3/3;4188;2022-03-14 00:00:00;27350;HL;низ;1970,180;1975,725;19,900;7;1
3/3;4189;2022-03-14 06:00:00;27356;LH;верх;1978,736;1963,740;8,556;6;2
3/3;4190;2022-03-14 13:00:00;27363;LL;низ;1949,744;1961,220;28,992;7;1
3/3;4191;2022-03-14 17:00:00;27367;LH;верх;1962,025;1950,505;12,281;4;1
3/3;4192;2022-03-15 14:00:00;27387;LL;низ;1907,086;1924,405;54,939;20;2
3/3;4193;2022-03-15 16:00:00;27389;LH;верх;1931,086;1916,775;24,000;2;1
3/3;4194;2022-03-15 20:00:00;27393;HL;низ;1913,930;1921,145;17,156;4;1
3/3;4195;2022-03-16 01:00:00;27397;LH;верх;1924,860;1916,840;10,930;4;1
3/3;4196;2022-03-16 08:00:00;27404;LL;низ;1911,755;1924,745;13,105;7;1
3/3;4197;2022-03-16 11:00:00;27407;HH;верх;1927,180;1909,870;15,425;3;1
3/3;4198;2022-03-16 18:00:00;27414;LL;низ;1895,065;1925,845;32,115;7;2
3/3;4199;2022-03-17 03:00:00;27422;HH;верх;1938,245;1932,040;43,180;8;2
3/3;4200;2022-03-17 07:00:00;27426;HL;низ;1930,150;1943,340;8,095;4;1
3/3;4201;2022-03-17 15:00:00;27434;HH;верх;1949,865;1940,815;19,715;8;1
3/3;4202;2022-03-17 19:00:00;27438;HL;низ;1935,575;1944,005;14,290;4;1
3/3;4203;2022-03-18 00:00:00;27442;LH;верх;1945,410;1935,335;9,835;4;1
3/3;4204;2022-03-18 03:00:00;27445;LL;низ;1926,756;1933,070;18,654;3;1
3/3;4205;2022-03-18 12:00:00;27454;LH;верх;1940,940;1932,425;14,184;9;1
3/3;4206;2022-03-18 19:00:00;27461;LL;низ;1918,010;1919,195;22,930;7;2
3/3;4207;2022-03-21 04:00:00;27469;LH;верх;1928,995;1925,170;10,985;8;1
3/3;4208;2022-03-21 13:00:00;27478;HL;низ;1918,026;1930,626;10,969;9;2
3/3;4209;2022-03-21 14:00:00;27479;HH;верх;1937,646;1932,075;19,620;1;1
3/3;4210;2022-03-21 17:00:00;27482;HL;низ;1927,065;1935,760;10,581;3;1
3/3;4211;2022-03-21 18:00:00;27483;HH;верх;1941,530;1936,220;14,465;1;1
3/3;4212;2022-03-22 00:00:00;27488;HL;низ;1929,400;1936,775;12,130;5;1
3/3;4213;2022-03-22 05:00:00;27493;LH;верх;1938,485;1924,835;9,085;5;1
3/3;4214;2022-03-22 09:00:00;27497;LL;низ;1922,780;1928,015;15,705;4;1
3/3;4215;2022-03-22 12:00:00;27500;LH;верх;1930,985;1917,940;8,205;3;1
3/3;4216;2022-03-22 14:00:00;27502;LL;низ;1910,730;1920,530;20,255;2;1
3/3;4217;2022-03-22 18:00:00;27506;LH;верх;1924,920;1920,705;14,190;4;1
3/3;4218;2022-03-23 00:00:00;27511;HL;низ;1915,640;1921,935;9,280;5;1
3/3;4219;2022-03-23 03:00:00;27514;LH;верх;1924,520;1917,770;8,880;3;1
3/3;4220;2022-03-23 06:00:00;27517;HL;низ;1917,020;1929,490;7,500;3;2
3/3;4221;2022-03-24 00:00:00;27534;HH;верх;1948,686;1938,950;31,666;17;2
3/3;4222;2022-03-24 06:00:00;27540;HL;низ;1937,505;1940,785;11,181;6;1
3/3;4223;2022-03-24 16:00:00;27550;HH;верх;1966,206;1961,595;28,701;10;1
3/3;4224;2022-03-24 20:00:00;27554;HL;низ;1956,240;1962,760;9,966;4;1
3/3;4225;2022-03-25 02:00:00;27559;LH;верх;1964,380;1958,795;8,140;5;2
3/3;4226;2022-03-25 13:00:00;27570;LL;низ;1943,195;1956,130;21,185;11;1
3/3;4227;2022-03-25 15:00:00;27572;LH;верх;1961,930;1953,265;18,735;2;2
3/3;4228;2022-03-28 09:00:00;27589;LL;низ;1925,410;1938,440;36,520;17;1
3/3;4229;2022-03-28 12:00:00;27592;LH;верх;1945,795;1936,735;20,385;3;1
3/3;4230;2022-03-28 19:00:00;27599;LL;низ;1917,130;1924,206;28,665;7;1
3/3;4231;2022-03-29 01:00:00;27604;LH;верх;1929,455;1922,565;12,325;5;1
3/3;4232;2022-03-29 12:00:00;27615;LL;низ;1890,155;1915,370;39,300;11;1
3/3;4233;2022-03-29 19:00:00;27622;LH;верх;1921,480;1916,450;31,325;7;1
3/3;4234;2022-03-30 00:00:00;27626;HL;низ;1916,010;1923,755;5,470;4;1
3/3;4235;2022-03-30 06:00:00;27632;HH;верх;1928,486;1919,615;12,476;6;1
3/3;4236;2022-03-30 09:00:00;27635;HL;низ;1917,255;1927,235;11,231;3;1
3/3;4237;2022-03-30 15:00:00;27641;HH;верх;1938,620;1932,725;21,365;6;2
3/3;4238;2022-03-31 05:00:00;27654;HL;низ;1919,270;1925,270;19,350;13;1
3/3;4239;2022-03-31 07:00:00;27656;LH;верх;1933,975;1930,205;14,705;2;1
3/3;4240;2022-03-31 09:00:00;27658;HL;низ;1922,595;1934,196;11,380;2;1
3/3;4241;2022-03-31 17:00:00;27666;HH;верх;1949,860;1937,100;27,265;8;1
3/3;4242;2022-04-01 00:00:00;27672;HL;низ;1932,560;1938,300;17,300;6;1
3/3;4243;2022-04-01 04:00:00;27676;LH;верх;1939,620;1930,805;7,060;4;1
3/3;4244;2022-04-01 17:00:00;27689;LL;низ;1918,100;1925,000;21,520;13;1
3/3;4245;2022-04-04 00:00:00;27695;LH;верх;1926,860;1919,055;8,760;6;1
3/3;4246;2022-04-04 04:00:00;27699;LL;низ;1915,570;1929,945;11,290;4;1
3/3;4247;2022-04-04 13:00:00;27708;HH;верх;1936,940;1931,650;21,370;9;2
3/3;4248;2022-04-04 14:00:00;27709;HL;низ;1924,420;1929,605;12,520;1;1
3/3;4249;2022-04-04 22:00:00;27716;LH;верх;1933,910;1930,290;9,490;7;2
3/3;4250;2022-04-05 08:00:00;27726;HL;низ;1925,555;1927,865;8,355;10;1
3/3;4251;2022-04-05 14:00:00;27732;HH;верх;1944,636;1922,210;19,081;6;1
3/3;4252;2022-04-06 01:00:00;27742;LL;низ;1916,700;1921,750;27,936;10;2
3/3;4253;2022-04-06 02:00:00;27743;LH;верх;1925,370;1921,015;8,670;1;1
3/3;4254;2022-04-06 07:00:00;27748;LL;низ;1915,080;1922,485;10,290;5;1
3/3;4255;2022-04-06 09:00:00;27750;HH;верх;1933,580;1926,655;18,500;2;1
3/3;4256;2022-04-06 11:00:00;27752;HL;низ;1918,335;1925,830;15,245;2;1
3/3;4257;2022-04-06 13:00:00;27754;LH;верх;1931,986;1925,025;13,651;2;2
3/3;4258;2022-04-06 18:00:00;27759;LL;низ;1915,615;1923,830;16,371;5;1
3/3;4259;2022-04-07 00:00:00;27764;LH;верх;1927,450;1922,370;11,835;5;1
3/3;4260;2022-04-07 04:00:00;27768;HL;низ;1920,625;1925,605;6,825;4;2
3/3;4261;2022-04-07 14:00:00;27778;HH;верх;1937,850;1934,865;17,225;10;1
3/3;4262;2022-04-07 19:00:00;27783;HL;низ;1929,645;1933,035;8,205;5;1
3/3;4263;2022-04-08 01:00:00;27788;LH;верх;1935,570;1928,380;5,925;5;1
3/3;4264;2022-04-08 05:00:00;27792;LL;низ;1927,775;1931,615;7,795;4;2
3/3;4265;2022-04-08 14:00:00;27801;HH;верх;1948,220;1942,340;20,445;9;1
3/3;4266;2022-04-08 17:00:00;27804;HL;низ;1939,040;1947,680;9,180;3;1
3/3;4267;2022-04-10 22:00:00;27808;HH;верх;1950,030;1944,415;10,990;4;1
3/3;4268;2022-04-11 05:00:00;27815;HL;низ;1940,035;1957,145;9,995;7;1
3/3;4269;2022-04-11 12:00:00;27822;HH;верх;1970,026;1951,420;29,991;7;1
3/3;4270;2022-04-11 17:00:00;27827;HL;низ;1940,865;1954,275;29,161;5;1
3/3;4271;2022-04-11 20:00:00;27830;LH;верх;1955,870;1952,505;15,005;3;1
3/3;4272;2022-04-12 00:00:00;27833;HL;низ;1949,870;1959,166;6,000;3;1
3/3;4273;2022-04-12 04:00:00;27837;HH;верх;1960,525;1953,400;10,655;4;1
3/3;4274;2022-04-12 09:00:00;27842;LL;низ;1949,755;1970,450;10,770;5;1
3/3;4275;2022-04-12 14:00:00;27847;HH;верх;1978,685;1969,295;28,930;5;1
3/3;4276;2022-04-13 00:00:00;27856;HL;низ;1962,955;1969,930;15,730;9;4
3/3;4277;2022-04-13 16:00:00;27872;HH;верх;1981,566;1978,230;18,611;16;1
3/3;4278;2022-04-14 00:00:00;27879;HL;низ;1973,570;1973,795;7,996;7;2
3/3;4279;2022-04-14 02:00:00;27881;LH;верх;1980,435;1972,445;6,865;2;3
3/3;4280;2022-04-14 14:00:00;27893;LL;низ;1960,600;1972,095;19,835;12;1
3/3;4281;2022-04-18 01:00:00;27903;HH;верх;1988,606;1984,965;28,006;10;2
3/3;4282;2022-04-18 10:00:00;27912;HL;низ;1987,885;1992,896;0,721;9;1
3/3;4283;2022-04-18 12:00:00;27914;HH;верх;1998,460;1989,156;10,575;2;1
3/3;4284;2022-04-19 05:00:00;27930;LL;низ;1972,835;1978,090;25,625;16;3
3/3;4285;2022-04-19 12:00:00;27937;LH;верх;1982,036;1956,520;9,201;7;2
3/3;4286;2022-04-20 06:00:00;27954;LL;низ;1939,404;1948,930;42,632;17;3
3/3;4287;2022-04-20 11:00:00;27959;LH;верх;1955,146;1952,445;15,742;5;1
3/3;4288;2022-04-20 13:00:00;27961;HL;низ;1943,945;1953,396;11,201;2;1
3/3;4289;2022-04-20 20:00:00;27968;HH;верх;1958,405;1956,046;14,460;7;2
3/3;4290;2022-04-21 11:00:00;27982;LL;низ;1936,824;1945,655;21,581;14;1
3/3;4291;2022-04-21 19:00:00;27990;LH;верх;1954,046;1951,010;17,222;8;3
3/3;4292;2022-04-22 03:00:00;27997;HL;низ;1945,970;1952,930;8,076;7;1
3/3;4293;2022-04-22 06:00:00;28000;HH;верх;1955,710;1943,850;9,740;3;2
3/3;4294;2022-04-25 06:00:00;28023;LL;низ;1912,375;1917,310;43,335;23;2
3/3;4295;2022-04-25 08:00:00;28025;LH;верх;1921,240;1907,670;8,865;2;1
3/3;4296;2022-04-25 12:00:00;28029;LL;низ;1891,560;1895,890;29,680;4;1
3/3;4297;2022-04-25 18:00:00;28035;LH;верх;1902,605;1899,550;11,045;6;1
3/3;4298;2022-04-26 01:00:00;28041;HL;низ;1897,420;1904,005;5,185;6;1
3/3;4299;2022-04-26 05:00:00;28045;HH;верх;1907,506;1902,545;10,086;4;1
3/3;4300;2022-04-26 07:00:00;28047;LL;низ;1895,790;1909,500;11,716;2;2
3/3;4301;2022-04-26 13:00:00;28053;HH;верх;1911,305;1903,285;15,515;6;1
3/3;4302;2022-04-26 18:00:00;28058;HL;низ;1896,570;1904,580;14,735;5;1
3/3;4303;2022-04-26 23:00:00;28062;LH;верх;1907,050;1898,965;10,480;4;1
3/3;4304;2022-04-27 04:00:00;28067;LL;низ;1895,920;1897,760;11,130;5;1
3/3;4305;2022-04-27 07:00:00;28070;LH;верх;1903,560;1897,780;7,640;3;1
3/3;4306;2022-04-27 08:00:00;28071;LL;низ;1886,500;1900,470;17,060;1;1
3/3;4307;2022-04-27 12:00:00;28075;HH;верх;1907,086;1885,090;20,586;4;1
3/3;4308;2022-04-27 15:00:00;28078;LL;низ;1881,395;1886,720;25,691;3;1
3/3;4309;2022-04-27 17:00:00;28080;LH;верх;1891,575;1885,760;10,180;2;2
3/3;4310;2022-04-28 05:00:00;28091;LL;низ;1872,215;1886,356;19,360;11;1
3/3;4311;2022-04-28 12:00:00;28098;HH;верх;1895,445;1886,110;23,230;7;1
3/3;4312;2022-04-28 12:00:00;28098;HL;низ;1881,945;1886,110;13,500;0;1
3/3;4313;2022-04-29 11:00:00;28120;HH;верх;1919,980;1911,375;38,035;22;3
3/3;4314;2022-05-02 13:00:00;28145;LL;низ;1854,480;1866,020;65,500;25;3
3/3;4315;2022-05-03 00:00:00;28155;LH;верх;1867,220;1862,670;12,740;10;1
3/3;4316;2022-05-03 08:00:00;28163;LL;низ;1850,470;1863,930;16,750;8;1
3/3;4317;2022-05-03 14:00:00;28169;HH;верх;1878,145;1871,325;27,675;6;1
3/3;4318;2022-05-04 06:00:00;28184;HL;низ;1861,480;1869,970;16,665;15;3
3/3;4319;2022-05-04 08:00:00;28186;LH;верх;1872,135;1869,060;10,655;2;1
3/3;4320;2022-05-04 14:00:00;28192;HL;низ;1861,675;1867,180;10,460;6;2
3/3;4321;2022-05-05 01:00:00;28202;HH;верх;1903,485;1901,615;41,810;10;1
3/3;4322;2022-05-05 08:00:00;28209;HL;низ;1889,600;1897,495;13,885;7;1
3/3;4323;2022-05-05 12:00:00;28213;HH;верх;1909,820;1875,145;20,220;4;1
3/3;4324;2022-05-05 16:00:00;28217;LL;низ;1872,545;1878,035;37,275;4;1
3/3;4325;2022-05-05 19:00:00;28220;LH;верх;1881,075;1874,296;8,530;3;1
3/3;4326;2022-05-06 01:00:00;28225;LL;низ;1866,145;1875,890;14,930;5;3
3/3;4327;2022-05-06 15:00:00;28239;HH;верх;1892,576;1882,665;26,431;14;2
3/3;4328;2022-05-09 10:00:00;28257;LL;низ;1856,280;1863,415;36,296;18;1
3/3;4329;2022-05-09 13:00:00;28260;LH;верх;1871,606;1861,040;15,326;3;1
3/3;4330;2022-05-09 20:00:00;28267;LL;низ;1851,780;1854,295;19,826;7;1
3/3;4331;2022-05-10 06:00:00;28276;LH;верх;1865,526;1857,765;13,746;9;2
3/3;4332;2022-05-11 00:00:00;28293;LL;низ;1832,075;1836,540;33,451;17;1
3/3;4333;2022-05-11 09:00:00;28302;LH;верх;1854,454;1839,600;22,379;9;2
3/3;4334;2022-05-11 12:00:00;28305;HL;низ;1834,936;1852,376;19,518;3;1
3/3;4335;2022-05-12 01:00:00;28317;HH;верх;1858,875;1851,200;23,939;12;3
3/3;4336;2022-05-12 22:00:00;28337;LL;низ;1810,675;1823,615;48,200;20;2
3/3;4337;2022-05-13 07:00:00;28346;LH;верх;1828,890;1819,900;18,215;9;1
3/3;4338;2022-05-13 13:00:00;28352;LL;низ;1799,160;1811,360;29,730;6;2
3/3;4339;2022-05-16 01:00:00;28363;LH;верх;1817,710;1807,845;18,550;11;1
3/3;4340;2022-05-16 07:00:00;28369;LL;низ;1786,785;1806,475;30,925;6;2
3/3;4341;2022-05-16 23:00:00;28384;HH;верх;1829,355;1824,865;42,570;15;1
3/3;4342;2022-05-17 03:00:00;28388;HL;низ;1821,910;1830,295;7,445;4;1
3/3;4343;2022-05-17 11:00:00;28396;HH;верх;1836,155;1822,030;14,245;8;2
3/3;4344;2022-05-17 20:00:00;28405;LL;низ;1812,910;1816,305;23,245;9;1
3/3;4345;2022-05-18 01:00:00;28409;LH;верх;1817,300;1809,125;4,390;4;1
3/3;4346;2022-05-18 03:00:00;28411;LL;низ;1807,740;1809,745;9,560;2;1
3/3;4347;2022-05-18 10:00:00;28418;HH;верх;1820,455;1810,470;12,715;7;1
3/3;4348;2022-05-18 12:00:00;28420;LL;низ;1807,315;1823,485;13,140;2;1
3/3;4349;2022-05-18 15:00:00;28423;HH;верх;1824,836;1818,790;17,521;3;1
3/3;4350;2022-05-19 01:00:00;28432;HL;низ;1813,955;1815,430;10,881;9;1
3/3;4351;2022-05-19 03:00:00;28434;LH;верх;1817,756;1814,135;3,801;2;1
3/3;4352;2022-05-19 07:00:00;28438;LL;низ;1810,905;1828,820;6,851;4;1
3/3;4353;2022-05-19 15:00:00;28446;HH;верх;1849,150;1840,210;38,245;8;1
3/3;4354;2022-05-19 19:00:00;28450;HL;низ;1840,015;1842,180;9,135;4;1
3/3;4355;2022-05-19 23:00:00;28453;LH;верх;1844,696;1838,710;4,681;3;1
3/3;4356;2022-05-20 02:00:00;28456;LL;низ;1836,525;1845,770;8,171;3;1
3/3;4357;2022-05-20 07:00:00;28461;HH;верх;1849,490;1845,570;12,965;5;1
3/3;4358;2022-05-20 14:00:00;28468;LL;низ;1832,405;1843,135;17,085;7;2
3/3;4359;2022-05-23 10:00:00;28487;HH;верх;1865,530;1854,550;33,125;19;1
3/3;4360;2022-05-23 17:00:00;28494;HL;низ;1847,035;1853,665;18,495;7;1
3/3;4361;2022-05-23 18:00:00;28495;LH;верх;1858,900;1853,540;11,865;1;1
3/3;4362;2022-05-24 02:00:00;28502;HL;низ;1849,370;1855,070;9,530;7;2
3/3;4363;2022-05-24 08:00:00;28508;HH;верх;1860,750;1858,165;11,380;6;1
3/3;4364;2022-05-24 12:00:00;28512;HL;низ;1854,185;1869,285;6,565;4;1
3/3;4365;2022-05-24 16:00:00;28516;HH;верх;1869,750;1866,910;15,565;4;1
3/3;4366;2022-05-24 18:00:00;28518;HL;низ;1862,835;1866,310;6,915;2;1
3/3;4367;2022-05-25 00:00:00;28523;LH;верх;1868,110;1862,690;5,275;5;2
3/3;4368;2022-05-25 15:00:00;28538;LL;низ;1841,605;1854,724;26,505;15;1
3/3;4369;2022-05-25 19:00:00;28542;LH;верх;1856,350;1854,135;14,745;4;1
3/3;4370;2022-05-26 11:00:00;28557;LL;низ;1840,756;1846,815;15,594;15;2
3/3;4371;2022-05-27 01:00:00;28570;HH;верх;1856,535;1853,300;15,779;13;2
3/3;4372;2022-05-27 01:00:00;28570;HL;низ;1848,055;1853,300;8,480;0;2
3/3;4373;2022-05-27 12:00:00;28581;HH;верх;1862,050;1854,660;13,995;11;2
3/3;4374;2022-05-29 23:00:00;28591;LL;низ;1847,840;1859,050;14,210;10;2
3/3;4375;2022-05-30 07:00:00;28599;HH;верх;1864,085;1855,200;16,245;8;1
3/3;4376;2022-05-30 12:00:00;28604;HL;низ;1854,185;1855,755;9,900;5;1
3/3;4377;2022-05-30 13:00:00;28605;LH;верх;1861,185;1856,485;7,000;1;2
3/3;4378;2022-05-31 01:00:00;28614;LL;низ;1846,065;1851,690;15,120;9;1
3/3;4379;2022-05-31 08:00:00;28621;LH;верх;1857,186;1848,930;11,121;7;2
3/3;4380;2022-05-31 19:00:00;28632;LL;низ;1835,200;1836,490;21,986;11;2
3/3;4381;2022-06-01 02:00:00;28638;LH;верх;1838,090;1832,540;2,890;6;2
3/3;4382;2022-06-01 09:00:00;28645;LL;низ;1828,540;1844,265;9,550;7;1
3/3;4383;2022-06-01 16:00:00;28652;HH;верх;1849,976;1847,325;21,436;7;2
3/3;4384;2022-06-02 02:00:00;28661;HL;низ;1844,150;1848,350;5,826;9;2
3/3;4385;2022-06-03 00:00:00;28682;HH;верх;1874,170;1868,960;30,020;21;3
3/3;4386;2022-06-03 17:00:00;28699;HL;низ;1847,375;1851,056;26,795;17;1
3/3;4387;2022-06-06 04:00:00;28709;LH;верх;1856,710;1852,305;9,335;10;1
3/3;4388;2022-06-06 08:00:00;28713;HL;низ;1851,010;1853,870;5,700;4;1
3/3;4389;2022-06-06 12:00:00;28717;HH;верх;1857,900;1843,675;6,890;4;1
3/3;4390;2022-06-07 01:00:00;28729;LL;низ;1837,065;1842,485;20,835;12;2
3/3;4391;2022-06-07 13:00:00;28741;LH;верх;1853,636;1851,190;16,571;12;1
3/3;4392;2022-06-07 13:00:00;28741;HL;низ;1842,405;1851,190;11,231;0;1
3/3;4393;2022-06-07 19:00:00;28747;HH;верх;1855,635;1853,665;13,230;6;1
3/3;4394;2022-06-08 12:00:00;28763;HL;низ;1844,590;1858,470;11,045;16;2
3/3;4395;2022-06-08 15:00:00;28766;HH;верх;1859,685;1853,330;15,095;3;1
3/3;4396;2022-06-08 20:00:00;28771;HL;низ;1849,106;1852,000;10,579;5;2
3/3;4397;2022-06-09 03:00:00;28777;LH;верх;1855,410;1850,615;6,304;6;2
3/3;4398;2022-06-09 14:00:00;28788;LL;низ;1840,100;1848,835;15,310;11;1
3/3;4399;2022-06-09 17:00:00;28791;LH;верх;1850,585;1847,940;10,485;3;2
3/3;4400;2022-06-10 05:00:00;28802;HL;низ;1843,290;1844,764;7,295;11;1
3/3;4401;2022-06-10 07:00:00;28804;LH;верх;1847,650;1842,760;4,360;2;1
3/3;4402;2022-06-10 12:00:00;28809;LL;низ;1825,140;1867,330;22,510;5;1
3/3;4403;2022-06-12 22:00:00;28818;HH;верх;1879,130;1862,780;53,990;9;2
3/3;4404;2022-06-13 02:00:00;28822;HL;низ;1860,275;1865,515;18,855;4;1
3/3;4405;2022-06-13 06:00:00;28826;LH;верх;1867,276;1854,820;7,001;4;2
3/3;4406;2022-06-13 22:00:00;28841;LL;низ;1812,244;1824,470;55,032;15;2
3/3;4407;2022-06-14 07:00:00;28850;LH;верх;1831,700;1824,750;19,456;9;1
3/3;4408;2022-06-14 19:00:00;28862;LL;низ;1805,205;1811,045;26,495;12;1
3/3;4409;2022-06-15 02:00:00;28868;LH;верх;1819,375;1818,035;14,170;6;1
3/3;4410;2022-06-15 05:00:00;28871;HL;низ;1813,290;1822,285;6,085;3;1
3/3;4411;2022-06-15 12:00:00;28878;HH;верх;1836,570;1821,360;23,280;7;1
3/3;4412;2022-06-15 18:00:00;28884;HL;низ;1813,760;1833,575;22,810;6;1
3/3;4413;2022-06-15 19:00:00;28885;HH;верх;1841,965;1833,945;28,205;1;2
3/3;4414;2022-06-16 02:00:00;28891;HL;низ;1829,850;1831,510;12,115;6;1
3/3;4415;2022-06-16 09:00:00;28898;LH;верх;1836,165;1829,505;6,315;7;1
3/3;4416;2022-06-16 11:00:00;28900;LL;низ;1815,660;1832,545;20,505;2;1
3/3;4417;2022-06-16 20:00:00;28909;HH;верх;1857,635;1846,665;41,975;9;2
3/3;4418;2022-06-17 03:00:00;28915;HL;низ;1841,725;1845,110;15,910;6;2
3/3;4419;2022-06-17 12:00:00;28924;LH;верх;1853,045;1841,245;11,320;9;1
3/3;4420;2022-06-17 19:00:00;28931;LL;низ;1833,905;1838,495;19,140;7;2
3/3;4421;2022-06-17 20:00:00;28932;LH;верх;1841,985;1839,940;8,080;1;1
3/3;4422;2022-06-20 02:00:00;28937;HL;низ;1835,235;1842,420;6,750;5;1
3/3;4423;2022-06-20 03:00:00;28938;HH;верх;1846,165;1842,825;10,930;1;1
3/3;4424;2022-06-20 10:00:00;28945;HL;низ;1836,480;1839,425;9,685;7;1
3/3;4425;2022-06-20 13:00:00;28948;LH;верх;1843,260;1835,935;6,780;3;1
3/3;4426;2022-06-20 17:00:00;28952;LL;низ;1835,595;1839,205;7,665;4;1
3/3;4427;2022-06-21 01:00:00;28957;LH;верх;1842,470;1838,740;6,875;5;1
3/3;4428;2022-06-21 11:00:00;28967;LL;низ;1830,835;1839,655;11,635;10;2
3/3;4429;2022-06-21 14:00:00;28970;HH;верх;1843,665;1833,550;12,830;3;1
3/3;4430;2022-06-22 08:00:00;28987;LL;низ;1823,455;1836,465;20,210;17;2
3/3;4431;2022-06-22 13:00:00;28992;HH;верх;1847,930;1838,420;24,475;5;2
3/3;4432;2022-06-23 05:00:00;29007;HL;низ;1831,205;1833,145;16,725;15;1
3/3;4433;2022-06-23 07:00:00;29009;LH;верх;1838,210;1829,520;7,005;2;1
3/3;4434;2022-06-23 11:00:00;29013;LL;низ;1823,980;1840,965;14,230;4;1
3/3;4435;2022-06-23 13:00:00;29015;HH;верх;1846,125;1830,385;22,145;2;1
3/3;4436;2022-06-24 01:00:00;29026;LL;низ;1821,720;1826,160;24,405;11;2
3/3;4437;2022-06-24 07:00:00;29032;LH;верх;1831,870;1825,265;10,150;6;1
3/3;4438;2022-06-24 13:00:00;29038;LL;низ;1816,980;1826,420;14,890;6;2
3/3;4439;2022-06-24 15:00:00;29040;LH;верх;1831,390;1828,720;14,410;2;1
3/3;4440;2022-06-24 19:00:00;29044;HL;низ;1823,690;1831,160;7,700;4;1
3/3;4441;2022-06-27 07:00:00;29055;HH;верх;1841,105;1837,430;17,415;11;2
3/3;4442;2022-06-27 15:00:00;29063;LL;низ;1820,850;1823,850;20,255;8;2
3/3;4443;2022-06-28 08:00:00;29079;LH;верх;1829,500;1825,605;8,650;16;1
3/3;4444;2022-06-28 23:00:00;29093;LL;низ;1818,335;1821,360;11,165;14;3
3/3;4445;2022-06-29 01:00:00;29095;LH;верх;1823,035;1820,865;4,700;2;1
3/3;4446;2022-06-29 09:00:00;29103;LL;низ;1812,095;1831,330;10,940;8;1
3/3;4447;2022-06-29 12:00:00;29106;HH;верх;1833,110;1818,550;21,015;3;1
3/3;4448;2022-06-29 14:00:00;29108;HL;низ;1814,965;1816,745;18,145;2;1
3/3;4449;2022-06-30 02:00:00;29119;LH;верх;1822,040;1815,440;7,075;11;1
3/3;4450;2022-06-30 11:00:00;29128;LL;низ;1802,775;1809,155;19,265;9;1
3/3;4451;2022-06-30 13:00:00;29130;HH;верх;1825,210;1809,995;22,435;2;1
3/3;4452;2022-07-01 12:00:00;29152;LL;низ;1784,575;1806,375;40,635;22;1
3/3;4453;2022-07-03 22:00:00;29161;LH;верх;1811,720;1808,095;27,145;9;1
3/3;4454;2022-07-04 01:00:00;29164;HL;низ;1805,550;1812,465;6,170;3;1
3/3;4455;2022-07-04 02:00:00;29165;HH;верх;1814,375;1812,765;8,825;1;1
3/3;4456;2022-07-04 10:00:00;29173;LL;низ;1804,020;1808,925;10,355;8;1
3/3;4457;2022-07-04 14:00:00;29177;LH;верх;1811,025;1806,790;7,005;4;1
3/3;4458;2022-07-04 16:00:00;29179;HL;низ;1805,570;1809,275;5,455;2;2
3/3;4459;2022-07-05 02:00:00;29186;HH;верх;1812,190;1811,865;6,620;7;1
3/3;4460;2022-07-05 17:00:00;29201;LL;низ;1763,925;1764,930;48,265;15;1
3/3;4461;2022-07-06 01:00:00;29208;LH;верх;1772,900;1766,650;8,975;7;1
3/3;4462;2022-07-06 05:00:00;29212;LL;низ;1763,150;1766,240;9,750;4;1
3/3;4463;2022-07-06 08:00:00;29215;LH;верх;1771,895;1763,255;8,745;3;2
3/3;4464;2022-07-06 16:00:00;29223;LL;низ;1732,340;1739,455;39,555;8;1
3/3;4465;2022-07-06 19:00:00;29226;LH;верх;1743,970;1740,000;11,630;3;1
3/3;4466;2022-07-07 01:00:00;29231;HL;низ;1736,580;1744,450;7,390;5;1
3/3;4467;2022-07-07 05:00:00;29235;HH;верх;1747,740;1742,205;11,160;4;1
3/3;4468;2022-07-07 13:00:00;29243;HL;низ;1738,030;1742,735;9,710;8;2
3/3;4469;2022-07-07 14:00:00;29244;HH;верх;1749,130;1740,455;11,100;1;1
3/3;4470;2022-07-07 19:00:00;29249;HL;низ;1738,820;1741,860;10,310;5;1
3/3;4471;2022-07-08 01:00:00;29254;LH;верх;1746,675;1742,000;7,855;5;2
3/3;4472;2022-07-08 12:00:00;29265;LL;низ;1729,985;1742,470;16,690;11;2
3/3;4473;2022-07-08 14:00:00;29267;HH;верх;1752,470;1743,790;22,485;2;2
3/3;4474;2022-07-11 11:00:00;29287;HL;низ;1733,710;1740,470;18,760;20;2
3/3;4475;2022-07-11 13:00:00;29289;LH;верх;1742,695;1735,070;8,985;2;1
3/3;4476;2022-07-11 19:00:00;29295;LL;низ;1731,325;1733,305;11,370;6;1
3/3;4477;2022-07-12 01:00:00;29300;HH;верх;1744,336;1728,915;13,011;5;1
3/3;4478;2022-07-12 01:00:00;29300;LL;низ;1723,270;1728,915;21,066;0;2
3/3;4479;2022-07-12 11:00:00;29310;LH;верх;1739,405;1730,300;16,135;10;1
3/3;4480;2022-07-13 00:00:00;29322;LL;низ;1722,855;1727,320;16,550;12;3
3/3;4481;2022-07-13 02:00:00;29324;LH;верх;1728,855;1725,780;6,000;2;1
3/3;4482;2022-07-13 12:00:00;29334;LL;низ;1707,160;1737,510;21,695;10;2
3/3;4483;2022-07-13 15:00:00;29337;HH;верх;1745,425;1734,910;38,265;3;1
3/3;4484;2022-07-14 01:00:00;29346;HL;низ;1725,550;1728,170;19,875;9;1
3/3;4485;2022-07-14 03:00:00;29348;LH;верх;1733,625;1721,170;8,075;2;1
3/3;4486;2022-07-14 13:00:00;29358;LL;низ;1697,640;1705,900;35,985;10;1
3/3;4487;2022-07-15 02:00:00;29370;LH;верх;1716,675;1709,585;19,035;12;1
3/3;4488;2022-07-15 06:00:00;29374;HL;низ;1700,720;1702,680;15,955;4;1
3/3;4489;2022-07-15 13:00:00;29381;LH;верх;1714,195;1704,745;13,475;7;1
3/3;4490;2022-07-15 14:00:00;29382;LL;низ;1699,120;1705,040;15,075;1;2
3/3;4491;2022-07-18 09:00:00;29400;HH;верх;1723,990;1717,250;24,870;18;1
3/3;4492;2022-07-19 00:00:00;29414;HL;низ;1705,445;1709,545;18,545;14;3
3/3;4493;2022-07-19 11:00:00;29425;LH;верх;1718,480;1713,020;13,035;11;1
3/3;4494;2022-07-19 12:00:00;29426;HL;низ;1708,620;1714,425;9,860;1;1
3/3;4495;2022-07-19 15:00:00;29429;LH;верх;1715,325;1710,235;6,705;3;1
3/3;4496;2022-07-20 01:00:00;29438;HL;низ;1709,600;1711,785;5,725;9;2
3/3;4497;2022-07-20 04:00:00;29441;LH;верх;1713,495;1707,590;3,895;3;1
3/3;4498;2022-07-20 06:00:00;29443;LL;низ;1706,080;1712,940;7,415;2;1
3/3;4499;2022-07-20 09:00:00;29446;HH;верх;1713,995;1708,905;7,915;3;1
3/3;4500;2022-07-20 11:00:00;29448;HL;низ;1706,445;1709,785;7,550;2;1
3/3;4501;2022-07-20 13:00:00;29450;HH;верх;1714,535;1703,050;8,090;2;1
3/3;4502;2022-07-21 11:00:00;29471;LL;низ;1680,935;1711,680;33,600;21;2
3/3;4503;2022-07-21 20:00:00;29480;HH;верх;1720,250;1717,130;39,315;9;2
3/3;4504;2022-07-22 03:00:00;29486;HL;низ;1712,960;1718,710;7,290;6;1
3/3;4505;2022-07-22 14:00:00;29497;HH;верх;1739,355;1726,145;26,395;11;1
3/3;4506;2022-07-25 01:00:00;29507;HL;низ;1719,985;1726,775;19,370;10;2
3/3;4507;2022-07-25 03:00:00;29509;LH;верх;1728,950;1726,015;8,965;2;1
3/3;4508;2022-07-25 05:00:00;29511;HL;низ;1723,860;1728,565;5,090;2;1
3/3;4509;2022-07-25 09:00:00;29515;HH;верх;1736,300;1724,795;12,440;4;1
3/3;4510;2022-07-25 14:00:00;29520;LL;низ;1714,800;1719,320;21,500;5;1
3/3;4511;2022-07-26 01:00:00;29530;LH;верх;1728,225;1721,710;13,425;10;2
3/3;4512;2022-07-26 05:00:00;29534;HL;низ;1721,135;1722,790;7,090;4;1
3/3;4513;2022-07-26 07:00:00;29536;LH;верх;1727,925;1718,565;6,790;2;1
3/3;4514;2022-07-26 12:00:00;29541;LL;низ;1713,705;1717,055;14,220;5;1
3/3;4515;2022-07-26 13:00:00;29542;LH;верх;1721,975;1719,195;8,270;1;2
3/3;4516;2022-07-27 04:00:00;29556;HL;низ;1713,710;1719,805;8,265;14;1
3/3;4517;2022-07-27 08:00:00;29560;HH;верх;1725,205;1720,685;11,495;4;1
3/3;4518;2022-07-27 13:00:00;29565;LL;низ;1711,560;1720,830;13,645;5;1
3/3;4519;2022-07-28 01:00:00;29576;HH;верх;1741,775;1736,380;30,215;11;2
3/3;4520;2022-07-28 02:00:00;29577;HL;низ;1734,185;1738,850;7,590;1;1
3/3;4521;2022-07-28 08:00:00;29583;HH;верх;1748,555;1740,410;14,370;6;1
3/3;4522;2022-07-28 12:00:00;29587;HL;низ;1736,085;1753,065;12,470;4;1
3/3;4523;2022-07-28 15:00:00;29590;HH;верх;1756,920;1753,505;20,835;3;1
3/3;4524;2022-07-28 18:00:00;29593;HL;низ;1750,420;1755,280;6,500;3;1
3/3;4525;2022-07-28 20:00:00;29595;HH;верх;1757,065;1755,850;6,645;2;1
3/3;4526;2022-07-29 01:00:00;29599;HL;низ;1752,710;1761,540;4,355;4;1
3/3;4527;2022-07-29 06:00:00;29604;HH;верх;1767,990;1760,320;15,280;5;1
3/3;4528;2022-07-29 14:00:00;29612;LL;низ;1752,415;1765,445;15,575;8;1
3/3;4529;2022-07-29 15:00:00;29613;LH;верх;1767,205;1763,905;14,790;1;1
3/3;4530;2022-08-01 05:00:00;29626;HL;низ;1758,405;1765,545;8,800;13;2
3/3;4531;2022-08-01 12:00:00;29633;HH;верх;1775,380;1768,915;16,975;7;1
3/3;4532;2022-08-01 15:00:00;29636;HL;низ;1764,260;1769,330;11,120;3;1
3/3;4533;2022-08-02 00:00:00;29644;HH;верх;1780,575;1774,775;16,315;8;1
3/3;4534;2022-08-02 00:00:00;29644;HL;низ;1770,885;1774,775;9,690;0;1
3/3;4535;2022-08-02 06:00:00;29650;LH;верх;1776,215;1774,680;5,330;6;1
3/3;4536;2022-08-02 07:00:00;29651;LL;низ;1768,890;1773,740;7,325;1;1
3/3;4537;2022-08-02 12:00:00;29656;HH;верх;1788,120;1778,100;19,230;5;1
3/3;4538;2022-08-02 23:00:00;29666;LL;низ;1755,080;1765,425;33,040;10;1
3/3;4539;2022-08-03 05:00:00;29672;LH;верх;1770,730;1765,170;15,650;6;1
3/3;4540;2022-08-03 10:00:00;29677;HL;низ;1760,275;1766,970;10,455;5;1
3/3;4541;2022-08-03 13:00:00;29680;HH;верх;1772,835;1759,440;12,560;3;1
3/3;4542;2022-08-03 14:00:00;29681;LL;низ;1754,350;1761,995;18,485;1;1
3/3;4543;2022-08-03 19:00:00;29686;LH;верх;1766,300;1763,710;11,950;5;1
3/3;4544;2022-08-04 06:00:00;29696;HL;низ;1769,125;1779,820;2,825;10;2
3/3;4545;2022-08-04 18:00:00;29708;HH;верх;1794,960;1791,080;25,835;12;2
3/3;4546;2022-08-05 01:00:00;29714;HL;низ;1788,810;1791,895;6,150;6;1
3/3;4547;2022-08-05 12:00:00;29725;LH;верх;1789,265;1773,775;0,455;11;1
3/3;4548;2022-08-05 13:00:00;29726;LL;низ;1765,050;1774,370;24,215;1;3
3/3;4549;2022-08-08 23:00:00;29758;HH;верх;1790,780;1785,340;25,730;32;2
3/3;4550;2022-08-09 02:00:00;29761;HL;низ;1783,310;1788,775;7,470;3;3
3/3;4551;2022-08-09 13:00:00;29772;HH;верх;1800,470;1795,255;17,160;11;2
3/3;4552;2022-08-10 06:00:00;29788;HL;низ;1787,670;1794,210;12,800;16;1
3/3;4553;2022-08-10 12:00:00;29794;HH;верх;1807,960;1798,110;20,290;6;1
3/3;4554;2022-08-11 05:00:00;29810;LL;низ;1783,590;1789,705;24,370;16;3
3/3;4555;2022-08-11 12:00:00;29817;LH;верх;1799,420;1790,455;15,830;7;1
3/3;4556;2022-08-11 19:00:00;29824;HL;низ;1785,085;1789,030;14,335;7;3
3/3;4557;2022-08-12 07:00:00;29835;LH;верх;1794,180;1788,145;9,095;11;1
3/3;4558;2022-08-12 11:00:00;29839;LL;низ;1784,965;1793,180;9,215;4;1
3/3;4559;2022-08-14 22:00:00;29849;HH;верх;1802,375;1797,440;17,410;10;2
3/3;4560;2022-08-15 11:00:00;29862;LL;низ;1773,055;1779,115;29,320;13;1
3/3;4561;2022-08-15 12:00:00;29863;LH;верх;1786,605;1780,840;13,550;1;2
3/3;4562;2022-08-16 01:00:00;29875;HL;низ;1776,910;1782,100;9,695;12;2
3/3;4563;2022-08-16 03:00:00;29877;LH;верх;1783,195;1780,620;6,285;2;1
3/3;4564;2022-08-16 12:00:00;29886;LL;низ;1771,520;1774,440;11,675;9;1
3/3;4565;2022-08-16 14:00:00;29888;LH;верх;1778,670;1776,410;7,150;2;2
3/3;4566;2022-08-17 00:00:00;29897;HL;низ;1773,910;1775,885;4,760;9;1
3/3;4567;2022-08-17 06:00:00;29903;HH;верх;1782,400;1773,605;8,490;6;1
3/3;4568;2022-08-17 16:00:00;29913;LL;низ;1759,860;1764,595;22,540;10;1
3/3;4569;2022-08-17 18:00:00;29915;LH;верх;1770,310;1762,390;10,450;2;2
3/3;4570;2022-08-18 06:00:00;29926;HL;низ;1760,990;1768,945;9,320;11;1
3/3;4571;2022-08-18 11:00:00;29931;HH;верх;1772,465;1762,330;11,475;5;1
3/3;4572;2022-08-18 17:00:00;29937;LL;низ;1755,490;1758,420;16,975;6;1
3/3;4573;2022-08-18 19:00:00;29939;LH;верх;1761,305;1758,470;5,815;2;1
3/3;4574;2022-08-19 10:00:00;29953;LL;низ;1749,900;1751,595;11,405;14;2
3/3;4575;2022-08-19 13:00:00;29956;LH;верх;1758,080;1749,835;8,180;3;1
3/3;4576;2022-08-22 00:00:00;29966;LL;низ;1745,020;1746,630;13,060;10;2
3/3;4577;2022-08-22 03:00:00;29969;LH;верх;1749,090;1742,380;4,070;3;1
3/3;4578;2022-08-22 12:00:00;29978;LL;низ;1727,850;1736,835;21,240;9;1
3/3;4579;2022-08-22 14:00:00;29980;LH;верх;1740,085;1736,120;12,235;2;2
3/3;4580;2022-08-23 00:00:00;29989;HL;низ;1734,265;1738,530;5,820;9;1
3/3;4581;2022-08-23 01:00:00;29990;HH;верх;1740,605;1736,935;6,340;1;1
3/3;4582;2022-08-23 06:00:00;29995;HL;низ;1734,780;1739,505;5,825;5;1
3/3;4583;2022-08-23 08:00:00;29997;HH;верх;1743,925;1738,155;9,145;2;1
3/3;4584;2022-08-23 12:00:00;30001;LL;низ;1730,900;1749,800;13,025;4;1
3/3;4585;2022-08-23 14:00:00;30003;HH;верх;1754,110;1746,985;23,210;2;1
3/3;4586;2022-08-24 02:00:00;30014;HL;низ;1744,105;1745,930;10,005;11;1
3/3;4587;2022-08-24 09:00:00;30021;LH;верх;1753,725;1745,890;9,620;7;1
3/3;4588;2022-08-24 11:00:00;30023;LL;низ;1742,515;1752,610;11,210;2;1
3/3;4589;2022-08-24 15:00:00;30027;HH;верх;1755,940;1749,780;13,425;4;1
3/3;4590;2022-08-25 00:00:00;30035;HL;низ;1749,995;1756,530;5,945;8;1
3/3;4591;2022-08-25 11:00:00;30046;HH;верх;1765,575;1756,090;15,580;11;1
3/3;4592;2022-08-25 14:00:00;30049;HL;низ;1752,300;1758,790;13,275;3;1
3/3;4593;2022-08-25 17:00:00;30052;LH;верх;1759,970;1758,430;7,670;3;1
3/3;4594;2022-08-26 02:00:00;30060;HL;низ;1752,325;1756,190;7,645;8;1
3/3;4595;2022-08-26 06:00:00;30064;LH;верх;1758,835;1749,880;6,510;4;2
3/3;4596;2022-08-29 08:00:00;30089;LL;низ;1720,405;1727,775;38,430;25;2
3/3;4597;2022-08-29 14:00:00;30095;LH;верх;1745,555;1738,275;25,150;6;1
3/3;4598;2022-08-29 19:00:00;30100;HL;низ;1735,995;1739,570;9,560;5;1
3/3;4599;2022-08-30 00:00:00;30104;LH;верх;1740,610;1735,065;4,615;4;1
3/3;4600;2022-08-30 07:00:00;30111;LL;низ;1729,125;1734,170;11,485;7;1
3/3;4601;2022-08-30 08:00:00;30112;LH;верх;1737,965;1733,060;8,840;1;1
3/3;4602;2022-08-31 01:00:00;30128;LL;низ;1720,675;1724,820;17,290;16;2
3/3;4603;2022-08-31 05:00:00;30132;LH;верх;1726,595;1714,130;5,920;4;1
3/3;4604;2022-08-31 10:00:00;30137;LL;низ;1709,715;1716,160;16,880;5;1
3/3;4605;2022-08-31 14:00:00;30141;LH;верх;1723,560;1712,900;13,845;4;1
3/3;4606;2022-09-01 02:00:00;30152;LL;низ;1702,350;1707,585;21,210;11;1
3/3;4607;2022-09-01 09:00:00;30159;LH;верх;1708,755;1701,130;6,405;7;2
3/3;4608;2022-09-01 14:00:00;30164;LL;низ;1688,915;1697,095;19,840;5;3
3/3;4609;2022-09-02 14:00:00;30187;HH;верх;1718,015;1710,920;29,100;23;1
3/3;4610;2022-09-05 00:00:00;30196;HL;низ;1707,795;1712,130;10,220;9;1
3/3;4611;2022-09-05 04:00:00;30200;LH;верх;1714,115;1710,805;6,320;4;1
3/3;4612;2022-09-05 07:00:00;30203;HL;низ;1708,305;1714,800;5,810;3;1
3/3;4613;2022-09-05 10:00:00;30206;HH;верх;1715,840;1711,815;7,535;3;1
3/3;4614;2022-09-05 18:00:00;30214;HL;низ;1709,605;1723,970;6,235;8;1
3/3;4615;2022-09-06 00:00:00;30217;HH;верх;1726,795;1717,840;17,190;3;3
3/3;4616;2022-09-06 19:00:00;30236;LL;низ;1699,880;1703,590;26,915;19;1
3/3;4617;2022-09-06 23:00:00;30239;LH;верх;1703,970;1695,195;4,090;3;1
3/3;4618;2022-09-07 04:00:00;30244;LL;низ;1691,460;1703,250;12,510;5;1
3/3;4619;2022-09-07 09:00:00;30249;HH;верх;1707,225;1700,365;15,765;5;1
3/3;4620;2022-09-07 13:00:00;30253;HL;низ;1697,110;1715,140;10,115;4;1
3/3;4621;2022-09-07 20:00:00;30260;HH;верх;1719,505;1715,660;22,395;7;2
3/3;4622;2022-09-08 02:00:00;30265;HL;низ;1713,570;1716,265;5,935;5;1
3/3;4623;2022-09-08 11:00:00;30274;HH;верх;1728,235;1707,825;14,665;9;1
3/3;4624;2022-09-08 14:00:00;30277;LL;низ;1704,000;1709,450;24,235;3;1
3/3;4625;2022-09-08 17:00:00;30280;LH;верх;1711,695;1708,740;7,695;3;1
3/3;4626;2022-09-09 06:00:00;30292;HL;низ;1718,255;1727,410;6,560;12;1
3/3;4627;2022-09-09 07:00:00;30293;HH;верх;1729,566;1726,915;11,311;1;1
3/3;4628;2022-09-09 13:00:00;30299;LL;низ;1711,420;1720,145;18,146;6;1
3/3;4629;2022-09-09 16:00:00;30302;LH;верх;1720,380;1715,780;8,960;3;2
3/3;4630;2022-09-12 04:00:00;30313;HL;низ;1712,040;1724,455;8,340;11;1
3/3;4631;2022-09-12 15:00:00;30324;HH;верх;1735,180;1726,955;23,140;11;1
3/3;4632;2022-09-12 18:00:00;30327;HL;низ;1723,830;1725,370;11,350;3;1
3/3;4633;2022-09-13 00:00:00;30332;LH;верх;1727,640;1721,480;3,810;5;1
3/3;4634;2022-09-13 05:00:00;30337;LL;низ;1720,070;1725,395;7,570;5;1
3/3;4635;2022-09-13 12:00:00;30344;HH;верх;1731,835;1701,065;11,765;7;1
3/3;4636;2022-09-13 13:00:00;30345;LL;низ;1697,115;1705,565;34,720;1;2
3/3;4637;2022-09-14 04:00:00;30359;LH;верх;1705,205;1703,205;8,090;14;1
3/3;4638;2022-09-14 07:00:00;30362;HL;низ;1698,920;1703,690;6,285;3;1
3/3;4639;2022-09-14 12:00:00;30367;HH;верх;1707,150;1703,695;8,230;5;2
3/3;4640;2022-09-14 19:00:00;30374;LL;низ;1693,670;1697,605;13,480;7;2
3/3;4641;2022-09-14 23:00:00;30377;LH;верх;1698,320;1693,730;4,650;3;1
3/3;4642;2022-09-15 07:00:00;30385;LL;низ;1685,710;1686,560;12,610;8;1
3/3;4643;2022-09-15 12:00:00;30390;LH;верх;1692,370;1664,480;6,660;5;1
3/3;4644;2022-09-15 16:00:00;30394;LL;низ;1660,435;1663,975;31,935;4;1
3/3;4645;2022-09-16 01:00:00;30402;LH;верх;1667,775;1664,155;7,340;8;1
3/3;4646;2022-09-16 08:00:00;30409;LL;низ;1654,190;1665,500;13,585;7;3
3/3;4647;2022-09-16 14:00:00;30415;HH;верх;1680,440;1671,490;26,250;6;2
3/3;4648;2022-09-19 07:00:00;30431;HL;низ;1659,750;1665,120;20,690;16;2
3/3;4649;2022-09-20 00:00:00;30447;LH;верх;1679,495;1677,070;19,745;16;2
3/3;4650;2022-09-20 13:00:00;30460;HL;низ;1660,030;1664,060;19,465;13;1
3/3;4651;2022-09-21 00:00:00;30470;LH;верх;1667,520;1663,855;7,490;10;1
3/3;4652;2022-09-21 04:00:00;30474;HL;низ;1661,775;1671,125;5,745;4;1
3/3;4653;2022-09-21 18:00:00;30488;HH;верх;1688,125;1671,215;26,350;14;3
3/3;4654;2022-09-21 18:00:00;30488;LL;низ;1653,870;1671,215;34,255;0;3
3/3;4655;2022-09-22 12:00:00;30505;LH;верх;1684,950;1671,570;31,080;17;2
3/3;4656;2022-09-22 15:00:00;30508;HL;низ;1667,985;1670,090;16,965;3;1
3/3;4657;2022-09-23 01:00:00;30517;LH;верх;1675,915;1668,730;7,930;9;2
3/3;4658;2022-09-26 00:00:00;30539;LL;низ;1626,770;1638,575;49,145;22;3
3/3;4659;2022-09-26 01:00:00;30540;LH;верх;1646,070;1635,490;19,300;1;1
3/3;4660;2022-09-26 05:00:00;30544;HL;низ;1634,715;1646,600;11,355;4;1
3/3;4661;2022-09-26 07:00:00;30546;HH;верх;1649,840;1639,550;15,125;2;1
3/3;4662;2022-09-26 10:00:00;30549;HL;низ;1636,250;1646,275;13,590;3;1
3/3;4663;2022-09-26 14:00:00;30553;LH;верх;1648,350;1624,505;12,100;4;1
3/3;4664;2022-09-26 20:00:00;30559;LL;низ;1621,205;1630,875;27,145;6;1
3/3;4665;2022-09-27 07:00:00;30569;LH;верх;1640,665;1637,095;19,460;10;2
3/3;4666;2022-09-27 09:00:00;30571;HL;низ;1632,520;1635,475;8,145;2;1
3/3;4667;2022-09-27 11:00:00;30573;HH;верх;1642,510;1636,240;9,990;2;1
3/3;4668;2022-09-27 17:00:00;30579;LL;низ;1626,725;1629,490;15,785;6;1
3/3;4669;2022-09-28 00:00:00;30585;LH;верх;1630,655;1624,705;3,930;6;1
3/3;4670;2022-09-28 07:00:00;30592;LL;низ;1614,925;1628,880;15,730;7;1
3/3;4671;2022-09-28 17:00:00;30602;HH;верх;1662,785;1659,995;47,860;10;1
3/3;4672;2022-09-29 06:00:00;30614;HL;низ;1641,575;1647,890;21,210;12;2
3/3;4673;2022-09-30 00:00:00;30631;HH;верх;1665,325;1662,310;23,750;17;2
3/3;4674;2022-09-30 02:00:00;30633;HL;низ;1659,320;1667,675;6,005;2;1
3/3;4675;2022-09-30 07:00:00;30638;HH;верх;1674,280;1665,875;14,960;5;1
3/3;4676;2022-09-30 13:00:00;30644;HL;низ;1662,055;1664,150;12,225;6;1
3/3;4677;2022-09-30 14:00:00;30645;HH;верх;1675,430;1663,030;13,375;1;1
3/3;4678;2022-09-30 19:00:00;30650;LL;низ;1660,200;1664,260;15,230;5;1
3/3;4679;2022-10-03 01:00:00;30655;LH;верх;1669,570;1662,375;9,370;5;2
3/3;4680;2022-10-03 09:00:00;30663;LL;низ;1659,695;1665,540;9,875;8;1
3/3;4681;2022-10-03 23:00:00;30676;HH;верх;1702,625;1696,420;42,930;13;1
3/3;4682;2022-10-04 02:00:00;30679;HL;низ;1695,240;1703,255;7,385;3;2
3/3;4683;2022-10-04 16:00:00;30693;HH;верх;1729,590;1724,885;34,350;14;2
3/3;4684;2022-10-05 14:00:00;30714;HL;низ;1700,590;1712,995;29,000;21;2
3/3;4685;2022-10-06 07:00:00;30730;LH;верх;1725,600;1713,180;25,010;16;2
3/3;4686;2022-10-06 16:00:00;30739;HL;низ;1706,955;1714,470;18,645;9;1
3/3;4687;2022-10-06 19:00:00;30742;LH;верх;1715,160;1712,060;8,205;3;1
3/3;4688;2022-10-07 06:00:00;30752;HL;низ;1708,465;1712,840;6,695;10;2
3/3;4689;2022-10-07 09:00:00;30755;LH;верх;1714,850;1697,995;6,385;3;1
3/3;4690;2022-10-07 12:00:00;30758;LL;низ;1690,695;1703,210;24,155;3;1
3/3;4691;2022-10-07 16:00:00;30762;LH;верх;1707,330;1695,735;16,635;4;1
3/3;4692;2022-10-10 15:00:00;30784;LL;низ;1665,770;1669,865;41,560;22;2
3/3;4693;2022-10-11 01:00:00;30793;LH;верх;1673,665;1663,345;7,895;9;1
3/3;4694;2022-10-11 10:00:00;30802;LL;низ;1661,030;1667,090;12,635;9;3
3/3;4695;2022-10-11 16:00:00;30808;HH;верх;1684,040;1666,595;23,010;6;1
3/3;4696;2022-10-12 02:00:00;30817;HL;низ;1661,470;1669,700;22,570;9;2
3/3;4697;2022-10-12 06:00:00;30821;LH;верх;1675,425;1670,235;13,955;4;1
3/3;4698;2022-10-12 12:00:00;30827;HL;низ;1664,885;1669,630;10,540;6;1
3/3;4699;2022-10-12 18:00:00;30833;HH;верх;1678,370;1673,670;13,485;6;2
3/3;4700;2022-10-13 07:00:00;30845;HL;низ;1667,110;1674,120;11,260;12;1
3/3;4701;2022-10-13 11:00:00;30849;HH;верх;1682,495;1649,115;15,385;4;1
3/3;4702;2022-10-13 13:00:00;30851;LL;низ;1642,465;1665,805;40,030;2;1
3/3;4703;2022-10-13 17:00:00;30855;LH;верх;1672,620;1666,135;30,155;4;1
3/3;4704;2022-10-14 01:00:00;30862;HL;низ;1659,025;1667,695;13,595;7;1
3/3;4705;2022-10-14 06:00:00;30867;LH;верх;1671,825;1654,065;12,800;5;1
3/3;4706;2022-10-14 09:00:00;30870;LL;низ;1650,245;1663,325;21,580;3;1
3/3;4707;2022-10-14 13:00:00;30874;LH;верх;1664,045;1643,825;13,800;4;1
3/3;4708;2022-10-14 19:00:00;30880;LL;низ;1640,270;1647,605;23,775;6;1
3/3;4709;2022-10-17 13:00:00;30897;HH;верх;1668,530;1657,460;28,260;17;2
3/3;4710;2022-10-17 19:00:00;30903;HL;низ;1646,830;1650,755;21,700;6;2
3/3;4711;2022-10-18 05:00:00;30912;LH;верх;1660,936;1650,030;14,106;9;1
3/3;4712;2022-10-18 09:00:00;30916;HL;низ;1648,690;1656,515;12,246;4;1
3/3;4713;2022-10-18 12:00:00;30919;LH;верх;1657,430;1649,830;8,740;3;1
3/3;4714;2022-10-18 15:00:00;30922;LL;низ;1645,915;1650,365;11,515;3;1
3/3;4715;2022-10-18 23:00:00;30929;LH;верх;1654,475;1649,870;8,560;7;3
3/3;4716;2022-10-20 02:00:00;30955;LL;низ;1622,545;1632,305;31,930;26;1
3/3;4717;2022-10-20 05:00:00;30958;LH;верх;1635,100;1629,270;12,555;3;1
3/3;4718;2022-10-20 13:00:00;30966;HL;низ;1630,480;1636,265;4,620;8;1
3/3;4719;2022-10-20 15:00:00;30968;HH;верх;1645,675;1628,725;15,195;2;1
3/3;4720;2022-10-20 19:00:00;30972;LL;низ;1624,850;1627,100;20,825;4;1
3/3;4721;2022-10-21 07:00:00;30983;LH;верх;1627,380;1625,250;2,530;11;1
3/3;4722;2022-10-21 07:00:00;30983;LL;низ;1617,280;1625,250;10,100;0;2
3/3;4723;2022-10-23 23:00:00;30998;HH;верх;1670,785;1655,780;53,505;15;1
3/3;4724;2022-10-24 02:00:00;31001;HL;низ;1651,995;1654,605;18,790;3;1
3/3;4725;2022-10-24 05:00:00;31004;LH;верх;1658,745;1647,830;6,750;3;1
3/3;4726;2022-10-24 08:00:00;31007;LL;низ;1644,430;1650,180;14,315;3;1
3/3;4727;2022-10-24 13:00:00;31012;LH;верх;1654,494;1650,595;10,064;5;1
3/3;4728;2022-10-24 14:00:00;31013;LL;низ;1644,005;1649,300;10,489;1;1
3/3;4729;2022-10-25 01:00:00;31023;HH;верх;1654,970;1650,290;10,965;10;1
3/3;4730;2022-10-25 10:00:00;31032;LL;низ;1638,355;1659,400;16,615;9;2
3/3;4731;2022-10-25 14:00:00;31036;HH;верх;1662,445;1655,595;24,090;4;1
3/3;4732;2022-10-26 01:00:00;31046;HL;низ;1649,820;1655,860;12,625;10;1
3/3;4733;2022-10-26 09:00:00;31054;HH;верх;1675,005;1662,180;25,185;8;1
3/3;4734;2022-10-26 12:00:00;31057;HL;низ;1660,710;1667,300;14,295;3;1
3/3;4735;2022-10-26 15:00:00;31060;LH;верх;1672,665;1665,885;11,955;3;1
3/3;4736;2022-10-26 20:00:00;31065;HL;низ;1663,395;1667,285;9,270;5;1
3/3;4737;2022-10-27 01:00:00;31069;LH;верх;1670,845;1665,480;7,450;4;1
3/3;4738;2022-10-27 02:00:00;31070;LL;низ;1662,345;1669,000;8,500;1;1
3/3;4739;2022-10-27 05:00:00;31073;LH;верх;1669,755;1663,545;7,410;3;1
3/3;4740;2022-10-27 12:00:00;31080;LL;низ;1654,890;1661,320;14,865;7;2
3/3;4741;2022-10-27 14:00:00;31082;LH;верх;1665,835;1660,025;10,945;2;2
3/3;4742;2022-10-28 00:00:00;31091;HL;низ;1660,620;1664,800;5,215;9;1
3/3;4743;2022-10-28 02:00:00;31093;HH;верх;1667,110;1659,895;6,490;2;2
3/3;4744;2022-10-28 15:00:00;31106;LL;низ;1638,120;1643,275;28,990;13;1
3/3;4745;2022-10-28 20:00:00;31111;LH;верх;1645,860;1642,245;7,740;5;1
3/3;4746;2022-10-31 01:00:00;31115;HL;низ;1640,690;1644,425;5,170;4;1
3/3;4747;2022-10-31 05:00:00;31119;LH;верх;1645,740;1637,175;5,050;4;1
3/3;4748;2022-10-31 13:00:00;31127;LL;низ;1633,495;1636,590;12,245;8;2
3/3;4749;2022-10-31 14:00:00;31128;LH;верх;1642,150;1635,535;8,655;1;1
3/3;4750;2022-11-01 00:00:00;31137;LL;низ;1630,795;1637,625;11,355;9;2
3/3;4751;2022-11-01 12:00:00;31149;HH;верх;1657,060;1644,485;26,265;12;1
3/3;4752;2022-11-01 14:00:00;31151;HL;низ;1642,165;1649,145;14,895;2;1
3/3;4753;2022-11-01 18:00:00;31155;LH;верх;1651,150;1646,875;8,985;4;1
3/3;4754;2022-11-01 22:00:00;31158;HL;низ;1646,175;1650,080;4,975;3;1
3/3;4755;2022-11-02 18:00:00;31178;HH;верх;1669,535;1634,130;23,360;20;3
3/3;4756;2022-11-02 23:00:00;31182;LL;низ;1631,970;1636,375;37,565;4;1
3/3;4757;2022-11-03 01:00:00;31184;LH;верх;1641,030;1637,785;9,060;2;1
3/3;4758;2022-11-03 11:00:00;31194;LL;низ;1616,675;1631,195;24,355;10;1
3/3;4759;2022-11-03 19:00:00;31202;LH;верх;1632,395;1629,835;15,720;8;2
3/3;4760;2022-11-04 12:00:00;31218;HL;низ;1641,550;1671,195;9,155;16;1
3/3;4761;2022-11-04 20:00:00;31226;HH;верх;1681,755;1672,480;40,205;8;2
3/3;4762;2022-11-07 07:00:00;31235;HL;низ;1666,940;1678,285;14,815;9;2
3/3;4763;2022-11-07 09:00:00;31237;LH;верх;1680,460;1677,235;13,520;2;1
3/3;4764;2022-11-07 13:00:00;31241;HL;низ;1673,605;1678,675;6,855;4;1
3/3;4765;2022-11-07 14:00:00;31242;HH;верх;1681,945;1677,100;8,340;1;2
3/3;4766;2022-11-08 09:00:00;31260;LL;низ;1664,760;1670,950;17,185;18;1
3/3;4767;2022-11-08 16:00:00;31267;HH;верх;1716,970;1711,760;52,210;7;1
3/3;4768;2022-11-09 01:00:00;31275;HL;низ;1707,035;1708,535;9,935;8;2
3/3;4769;2022-11-09 08:00:00;31282;LH;верх;1715,865;1708,830;8,830;7;2
3/3;4770;2022-11-09 13:00:00;31287;LL;низ;1703,160;1712,445;12,705;5;1
3/3;4771;2022-11-09 15:00:00;31289;HH;верх;1722,345;1705,370;19,185;2;1
3/3;4772;2022-11-09 19:00:00;31293;LL;низ;1702,255;1706,510;20,090;4;1
3/3;4773;2022-11-10 06:00:00;31303;LH;верх;1712,630;1707,160;10,375;10;1
3/3;4774;2022-11-10 10:00:00;31307;HL;низ;1704,040;1733,170;8,590;4;1
3/3;4775;2022-11-10 21:00:00;31318;HH;верх;1757,320;1747,545;53,280;11;2
3/3;4776;2022-11-11 01:00:00;31321;HL;низ;1747,310;1753,020;10,010;3;1
3/3;4777;2022-11-11 10:00:00;31330;HH;верх;1766,655;1765,615;19,345;9;1
3/3;4778;2022-11-11 11:00:00;31331;HL;низ;1755,120;1761,040;11,535;1;1
3/3;4779;2022-11-11 21:00:00;31341;HH;верх;1772,935;1762,755;17,815;10;2
3/3;4780;2022-11-14 05:00:00;31348;HL;низ;1758,030;1762,065;14,905;7;1
3/3;4781;2022-11-14 08:00:00;31351;LH;верх;1766,260;1756,365;8,230;3;1
3/3;4782;2022-11-14 11:00:00;31354;LL;низ;1753,315;1769,165;12,945;3;1
3/3;4783;2022-11-14 15:00:00;31358;HH;верх;1775,090;1773,360;21,775;4;2
3/3;4784;2022-11-15 00:00:00;31366;HL;низ;1767,130;1771,335;7,960;8;2
3/3;4785;2022-11-15 13:00:00;31379;HH;верх;1786,545;1770,640;19,415;13;2
3/3;4786;2022-11-15 17:00:00;31383;HL;низ;1768,065;1778,480;18,480;4;1
3/3;4787;2022-11-15 18:00:00;31384;LH;верх;1785,936;1778,280;17,871;1;2
3/3;4788;2022-11-16 04:00:00;31393;HL;низ;1770,385;1776,790;15,551;9;1
3/3;4789;2022-11-16 10:00:00;31399;LH;верх;1785,095;1779,230;14,710;6;1
3/3;4790;2022-11-16 18:00:00;31407;HL;низ;1771,000;1773,710;14,095;8;1
3/3;4791;2022-11-17 01:00:00;31413;LH;верх;1774,885;1762,420;3,885;6;1
3/3;4792;2022-11-17 05:00:00;31417;LL;низ;1761,485;1767,120;13,400;4;1
3/3;4793;2022-11-17 08:00:00;31420;LH;верх;1771,105;1765,645;9,620;3;1
3/3;4794;2022-11-17 14:00:00;31426;LL;низ;1754,510;1760,260;16,595;6;2
3/3;4795;2022-11-18 03:00:00;31438;LH;верх;1765,775;1763,930;11,265;12;1
3/3;4796;2022-11-18 05:00:00;31440;HL;низ;1761,220;1762,785;4,555;2;1
3/3;4797;2022-11-18 09:00:00;31444;HH;верх;1767,735;1760,080;6,515;4;1
3/3;4798;2022-11-18 19:00:00;31454;LL;низ;1747,555;1752,335;20,180;10;2
3/3;4799;2022-11-21 00:00:00;31458;LH;верх;1753,065;1746,880;5,510;4;1
3/3;4800;2022-11-21 09:00:00;31467;LL;низ;1736,995;1740,445;16,070;9;2
3/3;4801;2022-11-21 13:00:00;31471;LH;верх;1747,040;1732,990;10,045;4;1
3/3;4802;2022-11-21 16:00:00;31474;LL;низ;1732,595;1735,425;14,445;3;1
3/3;4803;2022-11-22 04:00:00;31485;LH;верх;1745,740;1743,155;13,145;11;1
3/3;4804;2022-11-22 07:00:00;31488;HL;низ;1740,405;1746,150;5,335;3;1
3/3;4805;2022-11-22 11:00:00;31492;HH;верх;1749,795;1742,955;9,390;4;1
3/3;4806;2022-11-22 19:00:00;31500;LL;низ;1737,095;1741,240;12,700;8;1
3/3;4807;2022-11-23 00:00:00;31504;LH;верх;1742,890;1737,230;5,795;4;1
3/3;4808;2022-11-23 04:00:00;31508;LL;низ;1733,045;1744,285;9,845;4;1
3/3;4809;2022-11-23 07:00:00;31511;HH;верх;1745,830;1737,220;12,785;3;1
3/3;4810;2022-11-23 13:00:00;31517;LL;низ;1727,495;1742,400;18,335;6;1
3/3;4811;2022-11-23 19:00:00;31523;HH;верх;1753,465;1752,385;25,970;6;2
3/3;4812;2022-11-24 08:00:00;31535;HL;низ;1752,490;1758,355;0,975;12;1
3/3;4813;2022-11-24 10:00:00;31537;HH;верх;1758,705;1757,035;6,215;2;1
3/3;4814;2022-11-25 00:00:00;31548;LL;низ;1752,455;1759,625;6,250;11;1
3/3;4815;2022-11-25 04:00:00;31552;HH;верх;1761,155;1751,650;8,700;4;1
3/3;4816;2022-11-25 13:00:00;31561;LL;низ;1746,020;1751,455;15,135;9;2
3/3;4817;2022-11-25 18:00:00;31566;LH;верх;1756,390;1746,940;10,370;5;1
3/3;4818;2022-11-28 01:00:00;31569;HL;низ;1746,050;1751,600;10,340;3;1
3/3;4819;2022-11-28 10:00:00;31578;HH;верх;1763,775;1753,545;17,725;9;1
3/3;4820;2022-11-28 19:00:00;31587;LL;низ;1739,675;1741,370;24,100;9;1
3/3;4821;2022-11-29 08:00:00;31599;LH;верх;1759,035;1757,415;19,360;12;1
3/3;4822;2022-11-29 14:00:00;31605;HL;низ;1747,000;1751,040;12,035;6;1
3/3;4823;2022-11-29 15:00:00;31606;LH;верх;1758,090;1751,460;11,090;1;1
3/3;4824;2022-11-30 00:00:00;31614;HL;низ;1747,850;1754,810;10,240;8;2
3/3;4825;2022-11-30 13:00:00;31627;HH;верх;1764,850;1752,210;17,000;13;1
3/3;4826;2022-11-30 18:00:00;31632;LL;низ;1744,950;1768,235;19,900;5;1
3/3;4827;2022-12-01 06:00:00;31643;HH;верх;1783,745;1778,335;38,795;11;2
3/3;4828;2022-12-01 07:00:00;31644;HL;низ;1774,690;1776,695;9,055;1;1
3/3;4829;2022-12-01 23:00:00;31659;HH;верх;1804,630;1798,135;29,940;15;2
3/3;4830;2022-12-02 02:00:00;31662;HL;низ;1795,645;1797,275;8,985;3;1
3/3;4831;2022-12-02 08:00:00;31668;LH;верх;1803,040;1798,530;7,395;6;1
3/3;4832;2022-12-02 13:00:00;31673;LL;низ;1778,545;1795,660;24,495;5;1
3/3;4833;2022-12-05 04:00:00;31687;HH;верх;1810,010;1799,925;31,465;14;2
3/3;4834;2022-12-05 19:00:00;31702;LL;низ;1765,910;1769,500;44,100;15;1
3/3;4835;2022-12-06 02:00:00;31708;LH;верх;1776,420;1770,940;10,510;6;1
3/3;4836;2022-12-06 06:00:00;31712;HL;низ;1767,395;1771,235;9,025;4;1
3/3;4837;2022-12-06 12:00:00;31718;HH;верх;1780,920;1772,605;13,525;6;1
3/3;4838;2022-12-06 18:00:00;31724;LL;низ;1767,365;1771,005;13,555;6;2
3/3;4839;2022-12-07 02:00:00;31731;LH;верх;1775,265;1773,200;7,900;7;1
3/3;4840;2022-12-07 06:00:00;31735;HL;низ;1769,745;1772,530;5,520;4;1
3/3;4841;2022-12-07 08:00:00;31737;HH;верх;1775,950;1771,525;6,205;2;1
3/3;4842;2022-12-07 12:00:00;31741;HL;низ;1770,855;1780,600;5,095;4;1
3/3;4843;2022-12-07 19:00:00;31748;HH;верх;1790,585;1787,130;19,730;7;1
3/3;4844;2022-12-08 03:00:00;31755;HL;низ;1781,490;1786,330;9,095;7;1
3/3;4845;2022-12-08 07:00:00;31759;LH;верх;1787,195;1783,805;5,705;4;1
3/3;4846;2022-12-08 09:00:00;31761;HL;низ;1781,755;1786,180;5,440;2;1
3/3;4847;2022-12-08 15:00:00;31767;HH;верх;1794,885;1789,675;13,130;6;1
3/3;4848;2022-12-08 18:00:00;31770;HL;низ;1786,665;1789,095;8,220;3;1
3/3;4849;2022-12-09 05:00:00;31780;HH;верх;1797,815;1790,790;11,150;10;1
3/3;4850;2022-12-09 09:00:00;31784;HL;низ;1789,025;1800,700;8,790;4;2
3/3;4851;2022-12-09 16:00:00;31791;HH;верх;1806,160;1799,785;17,135;7;1
3/3;4852;2022-12-12 05:00:00;31803;LL;низ;1785,525;1790,530;20,635;12;1
3/3;4853;2022-12-12 11:00:00;31809;LH;верх;1795,505;1788,225;9,980;6;1
3/3;4854;2022-12-12 19:00:00;31817;LL;низ;1777,685;1782,080;17,820;8;1
3/3;4855;2022-12-13 02:00:00;31823;LH;верх;1786,130;1785,470;8,445;6;1
3/3;4856;2022-12-13 04:00:00;31825;HL;низ;1781,190;1788,000;4,940;2;1
3/3;4857;2022-12-13 07:00:00;31828;HH;верх;1788,705;1787,305;7,515;3;1
3/3;4858;2022-12-13 10:00:00;31831;HL;низ;1782,630;1811,080;6,075;3;1
3/3;4859;2022-12-13 14:00:00;31835;HH;верх;1824,515;1808,420;41,885;4;1
3/3;4860;2022-12-13 17:00:00;31838;HL;низ;1805,400;1810,440;19,115;3;2
3/3;4861;2022-12-14 06:00:00;31850;LH;верх;1813,310;1807,750;7,910;12;2
3/3;4862;2022-12-14 12:00:00;31856;LL;низ;1804,375;1812,010;8,935;6;1
3/3;4863;2022-12-14 15:00:00;31859;LH;верх;1813,090;1810,170;8,715;3;1
3/3;4864;2022-12-14 19:00:00;31863;LL;низ;1795,495;1807,680;17,595;4;1
3/3;4865;2022-12-14 20:00:00;31864;HH;верх;1814,265;1806,440;18,770;1;2
3/3;4866;2022-12-15 08:00:00;31875;LL;низ;1773,845;1778,970;40,420;11;2
3/3;4867;2022-12-15 14:00:00;31881;LH;верх;1786,116;1776,900;12,271;6;1
3/3;4868;2022-12-15 23:00:00;31889;HL;низ;1775,660;1781,940;10,456;8;1
3/3;4869;2022-12-16 07:00:00;31897;LH;верх;1785,015;1780,980;9,355;8;2
3/3;4870;2022-12-16 08:00:00;31898;LL;низ;1774,365;1782,535;10,650;1;1
3/3;4871;2022-12-16 15:00:00;31905;HH;верх;1793,910;1791,675;19,545;7;1
3/3;4872;2022-12-19 00:00:00;31913;HL;низ;1790,965;1793,935;2,945;8;1
3/3;4873;2022-12-19 03:00:00;31916;HH;верх;1796,950;1792,830;5,985;3;1
3/3;4874;2022-12-19 05:00:00;31918;LL;низ;1790,360;1796,960;6,590;2;1
3/3;4875;2022-12-19 08:00:00;31921;HH;верх;1798,775;1794,960;8,415;3;2
3/3;4876;2022-12-19 16:00:00;31929;LL;низ;1783,905;1786,835;14,870;8;2
3/3;4877;2022-12-20 03:00:00;31939;LH;верх;1796,175;1793,205;12,270;10;1
3/3;4878;2022-12-20 12:00:00;31948;HL;низ;1798,405;1815,370;2,230;9;1
3/3;4879;2022-12-20 15:00:00;31951;HH;верх;1821,140;1815,580;22,735;3;2
3/3;4880;2022-12-21 07:00:00;31966;HL;низ;1811,985;1813,165;9,155;15;1
3/3;4881;2022-12-21 08:00:00;31967;LH;верх;1817,400;1813,785;5,415;1;1
3/3;4882;2022-12-21 11:00:00;31970;LL;низ;1811,925;1818,875;5,475;3;1
3/3;4883;2022-12-21 15:00:00;31974;HH;верх;1823,865;1817,040;11,940;4;1
3/3;4884;2022-12-21 20:00:00;31979;HL;низ;1812,925;1818,710;10,940;5;1
3/3;4885;2022-12-22 05:00:00;31987;LH;верх;1820,460;1817,985;7,535;8;1
3/3;4886;2022-12-22 07:00:00;31989;HL;низ;1813,760;1814,655;6,700;2;1
3/3;4887;2022-12-22 13:00:00;31995;LH;верх;1819,945;1795,480;6,185;6;1
3/3;4888;2022-12-22 18:00:00;32000;LL;низ;1784,850;1792,630;35,095;5;2
3/3;4889;2022-12-23 16:00:00;32021;LH;верх;1803,240;1797,350;18,390;21;1
3/3;4890;2022-12-27 14:00:00;32042;HL;низ;1802,410;1813,810;0,830;21;1
3/3;4891;2022-12-27 15:00:00;32043;HH;верх;1833,445;1816,260;31,035;1;1
3/3;4892;2022-12-28 00:00:00;32051;HL;низ;1809,675;1810,245;23,770;8;1
3/3;4893;2022-12-28 01:00:00;32052;LH;верх;1814,645;1811,835;4,970;1;1
3/3;4894;2022-12-28 10:00:00;32061;LL;низ;1799,325;1803,830;15,320;9;1
3/3;4895;2022-12-28 14:00:00;32065;LH;верх;1809,495;1805,660;10,170;4;1
3/3;4896;2022-12-28 16:00:00;32067;LL;низ;1797,100;1805,425;12,395;2;1
3/3;4897;2022-12-29 09:00:00;32083;HH;верх;1812,025;1806,860;14,925;16;2
3/3;4898;2022-12-29 10:00:00;32084;HL;низ;1804,435;1810,370;7,590;1;1
3/3;4899;2022-12-29 18:00:00;32092;HH;верх;1820,205;1814,985;15,770;8;1
3/3;4900;2022-12-29 23:00:00;32096;HL;низ;1813,795;1818,010;6,410;4;1
3/3;4901;2022-12-30 07:00:00;32104;HH;верх;1822,345;1816,260;8,550;8;1
3/3;4902;2022-12-30 10:00:00;32107;LL;низ;1813,400;1821,775;8,945;3;1
3/3;4903;2022-12-30 14:00:00;32111;HH;верх;1825,270;1823,960;11,870;4;1
3/3;4904;2022-12-30 16:00:00;32113;HL;низ;1814,370;1821,750;10,900;2;1
3/3;4905;2023-01-03 07:00:00;32127;HH;верх;1849,990;1834,505;35,620;14;2
3/3;4906;2023-01-03 11:00:00;32131;HL;низ;1830,905;1845,025;19,085;4;1
3/3;4907;2023-01-03 14:00:00;32134;LH;верх;1849,890;1839,355;18,985;3;1
3/3;4908;2023-01-03 15:00:00;32135;LL;низ;1827,645;1838,920;22,245;1;2
3/3;4909;2023-01-04 08:00:00;32151;HH;верх;1865,215;1860,155;37,570;16;1
3/3;4910;2023-01-04 19:00:00;32162;HL;низ;1847,150;1854,860;18,065;11;2
3/3;4911;2023-01-05 01:00:00;32167;LH;верх;1858,995;1852,155;11,845;5;1
3/3;4912;2023-01-05 15:00:00;32181;LL;низ;1825,130;1836,005;33,865;14;2
3/3;4913;2023-01-05 18:00:00;32184;LH;верх;1837,470;1832,700;12,340;3;1
3/3;4914;2023-01-06 00:00:00;32189;HL;низ;1831,420;1839,355;6,050;5;1
3/3;4915;2023-01-06 03:00:00;32192;HH;верх;1840,915;1838,845;9,495;3;1
3/3;4916;2023-01-06 09:00:00;32198;HL;низ;1833,320;1836,470;7,595;6;1
3/3;4917;2023-01-09 07:00:00;32219;HH;верх;1881,020;1871,645;47,700;21;1
3/3;4918;2023-01-09 11:00:00;32223;HL;низ;1870,560;1877,115;10,460;4;1
3/3;4919;2023-01-09 14:00:00;32226;HH;верх;1881,550;1871,905;10,990;3;1
3/3;4920;2023-01-10 00:00:00;32235;LL;низ;1867,930;1871,960;13,620;9;2
3/3;4921;2023-01-10 01:00:00;32236;LH;верх;1876,130;1871,390;8,200;1;1
3/3;4922;2023-01-10 07:00:00;32242;HL;низ;1870,670;1875,215;5,460;6;1
3/3;4923;2023-01-10 09:00:00;32244;HH;верх;1877,330;1871,820;6,660;2;1
3/3;4924;2023-01-10 12:00:00;32247;LL;низ;1870,475;1875,780;6,855;3;1
3/3;4925;2023-01-10 15:00:00;32250;HH;верх;1880,795;1875,685;10,320;3;3
3/3;4926;2023-01-11 01:00:00;32259;HL;низ;1872,070;1877,945;8,725;9;1
3/3;4927;2023-01-11 09:00:00;32267;HH;верх;1886,695;1877,260;14,625;8;1
3/3;4928;2023-01-11 16:00:00;32274;LL;низ;1867,220;1877,775;19,475;7;1
3/3;4929;2023-01-11 19:00:00;32277;LH;верх;1878,535;1877,055;11,315;3;1
3/3;4930;2023-01-11 23:00:00;32280;HL;низ;1874,965;1883,730;3,570;3;1
3/3;4931;2023-01-12 05:00:00;32286;HH;верх;1885,090;1882,135;10,125;6;1
3/3;4932;2023-01-12 07:00:00;32288;HL;низ;1879,945;1884,400;5,145;2;1
3/3;4933;2023-01-12 13:00:00;32294;HH;верх;1901,705;1892,640;21,760;6;1
3/3;4934;2023-01-12 13:00:00;32294;LL;низ;1870,300;1892,640;31,405;0;1
3/3;4935;2023-01-13 00:00:00;32304;LH;верх;1900,980;1897,885;30,680;10;2
3/3;4936;2023-01-13 05:00:00;32309;HL;низ;1892,395;1906,535;8,585;5;1
3/3;4937;2023-01-13 08:00:00;32312;HH;верх;1909,735;1899,805;17,340;3;1
3/3;4938;2023-01-13 13:00:00;32317;HL;низ;1893,770;1912,295;15,965;5;1
3/3;4939;2023-01-13 18:00:00;32322;HH;верх;1921,910;1920,315;28,140;5;1
3/3;4940;2023-01-16 00:00:00;32327;HL;низ;1916,840;1926,425;5,070;5;1
3/3;4941;2023-01-16 03:00:00;32330;HH;верх;1929,060;1915,895;12,220;3;1
3/3;4942;2023-01-16 08:00:00;32335;LL;низ;1910,915;1916,670;18,145;5;1
3/3;4943;2023-01-16 11:00:00;32338;LH;верх;1919,390;1915,380;8,475;3;1
3/3;4944;2023-01-16 13:00:00;32340;HL;низ;1911,460;1913,665;7,930;2;1
3/3;4945;2023-01-17 00:00:00;32348;LH;верх;1919,095;1910,375;7,635;8;1
3/3;4946;2023-01-17 10:00:00;32358;LL;низ;1904,325;1913,015;14,770;10;1
3/3;4947;2023-01-17 14:00:00;32362;LH;верх;1916,670;1907,225;12,345;4;1
3/3;4948;2023-01-17 19:00:00;32367;LL;низ;1903,810;1908,730;12,860;5;1
3/3;4949;2023-01-18 02:00:00;32373;LH;верх;1910,365;1898,040;6,555;6;1
3/3;4950;2023-01-18 05:00:00;32376;LL;низ;1896,675;1912,280;13,690;3;1
3/3;4951;2023-01-18 14:00:00;32385;HH;верх;1925,945;1905,355;29,270;9;1
3/3;4952;2023-01-19 02:00:00;32396;HL;низ;1901,035;1910,105;24,910;11;3
3/3;4953;2023-01-19 08:00:00;32402;LH;верх;1916,840;1908,170;15,805;6;1
3/3;4954;2023-01-19 11:00:00;32405;HL;низ;1906,730;1917,585;10,110;3;1
3/3;4955;2023-01-19 20:00:00;32414;HH;верх;1935,210;1930,525;28,480;9;2
3/3;4956;2023-01-20 05:00:00;32422;HL;низ;1923,240;1928,620;11,970;8;1
3/3;4957;2023-01-20 08:00:00;32425;HH;верх;1937,580;1927,155;14,340;3;1
3/3;4958;2023-01-20 14:00:00;32431;LL;низ;1920,720;1925,195;16,860;6;1
3/3;4959;2023-01-20 15:00:00;32432;LH;верх;1931,050;1929,495;10,330;1;2
3/3;4960;2023-01-22 23:00:00;32439;HL;низ;1923,910;1931,895;7,140;7;1
3/3;4961;2023-01-23 02:00:00;32442;HH;верх;1935,590;1926,250;11,680;3;1
3/3;4962;2023-01-23 08:00:00;32448;LL;низ;1918,965;1925,605;16,625;6;1
3/3;4963;2023-01-23 10:00:00;32450;LH;верх;1929,440;1922,010;10,475;2;1
3/3;4964;2023-01-23 15:00:00;32455;LL;низ;1911,435;1927,865;18,005;5;1
3/3;4965;2023-01-24 08:00:00;32471;HH;верх;1942,555;1937,270;31,120;16;3
3/3;4966;2023-01-24 15:00:00;32478;HL;низ;1917,220;1935,035;25,335;7;1
3/3;4967;2023-01-25 02:00:00;32488;LH;верх;1939,740;1927,660;22,520;10;1
3/3;4968;2023-01-25 05:00:00;32491;HL;низ;1925,880;1929,300;13,860;3;1
3/3;4969;2023-01-25 07:00:00;32493;LH;верх;1933,875;1925,635;7,995;2;1
3/3;4970;2023-01-25 13:00:00;32499;LL;низ;1919,945;1936,790;13,930;6;1
3/3;4971;2023-01-26 00:00:00;32509;HH;верх;1949,260;1947,730;29,315;10;1
3/3;4972;2023-01-26 01:00:00;32510;HL;низ;1942,600;1946,730;6,660;1;1
3/3;4973;2023-01-26 06:00:00;32515;LH;верх;1949,045;1936,855;6,445;5;2
3/3;4974;2023-01-26 16:00:00;32525;LL;низ;1918,695;1931,255;30,350;10;1
3/3;4975;2023-01-27 00:00:00;32532;LH;верх;1934,905;1924,800;16,210;7;1
3/3;4976;2023-01-27 04:00:00;32536;HL;низ;1919,880;1923,200;15,025;4;1
3/3;4977;2023-01-27 13:00:00;32545;HH;верх;1935,050;1929,705;15,170;9;1
3/3;4978;2023-01-27 15:00:00;32547;LL;низ;1916,745;1930,320;18,305;2;2
3/3;4979;2023-01-30 04:00:00;32559;LH;верх;1934,565;1924,565;17,820;12;1
3/3;4980;2023-01-30 08:00:00;32563;HL;низ;1920,745;1923,270;13,820;4;2
3/3;4981;2023-01-31 01:00:00;32579;LH;верх;1927,430;1920,245;6,685;16;1
3/3;4982;2023-01-31 12:00:00;32590;LL;низ;1900,870;1928,675;26,560;11;1
3/3;4983;2023-01-31 18:00:00;32596;HH;верх;1931,190;1928,235;30,320;6;1
3/3;4984;2023-02-01 02:00:00;32603;HL;низ;1924,595;1926,140;6,595;7;1
3/3;4985;2023-02-01 07:00:00;32608;LH;верх;1929,280;1926,560;4,685;5;1
3/3;4986;2023-02-01 08:00:00;32609;LL;низ;1923,340;1928,835;5,940;1;1
3/3;4987;2023-02-01 13:00:00;32614;HH;верх;1933,250;1925,170;9,910;5;1
3/3;4988;2023-02-01 17:00:00;32618;LL;низ;1920,580;1953,550;12,670;4;1
3/3;4989;2023-02-02 01:00:00;32625;HH;верх;1957,310;1953,370;36,730;7;1
3/3;4990;2023-02-02 06:00:00;32630;HL;низ;1951,320;1956,495;5,990;5;1
3/3;4991;2023-02-02 07:00:00;32631;HH;верх;1959,770;1952,725;8,450;1;1
3/3;4992;2023-02-02 20:00:00;32644;LL;низ;1911,375;1916,420;48,395;13;1
3/3;4993;2023-02-03 02:00:00;32649;LH;верх;1918,650;1915,070;7,275;5;3
3/3;4994;2023-02-03 18:00:00;32665;LL;низ;1861,430;1865,695;57,220;16;2
3/3;4995;2023-02-06 08:00:00;32678;LH;верх;1881,405;1871,635;19,975;13;1
3/3;4996;2023-02-06 11:00:00;32681;HL;низ;1868,270;1873,890;13,135;3;1
3/3;4997;2023-02-06 14:00:00;32684;LH;верх;1875,830;1866,030;7,560;3;1
3/3;4998;2023-02-06 15:00:00;32685;LL;низ;1863,140;1868,285;12,690;1;1
3/3;4999;2023-02-07 09:00:00;32702;HH;верх;1878,050;1870,510;14,910;17;2
3/3;5000;2023-02-07 13:00:00;32706;HL;низ;1865,760;1874,615;12,290;4;1
3/3;5001;2023-02-07 17:00:00;32710;HH;верх;1884,410;1870,275;18,650;4;1
3/3;5002;2023-02-07 18:00:00;32711;LL;низ;1865,050;1871,885;19,360;1;1
3/3;5003;2023-02-08 07:00:00;32723;HH;верх;1886,515;1880,790;21,465;12;2
3/3;5004;2023-02-08 14:00:00;32730;HL;низ;1869,160;1875,820;17,355;7;2
3/3;5005;2023-02-08 18:00:00;32734;LH;верх;1879,925;1875,550;10,765;4;1
3/3;5006;2023-02-09 01:00:00;32740;HL;низ;1872,080;1879,525;7,845;6;2
3/3;5007;2023-02-09 14:00:00;32753;HH;верх;1890,250;1868,555;18,170;13;1
3/3;5008;2023-02-09 20:00:00;32759;LL;низ;1858,975;1862,915;31,275;6;1
3/3;5009;2023-02-10 01:00:00;32763;LH;верх;1865,540;1854,025;6,565;4;1
3/3;5010;2023-02-10 05:00:00;32767;LL;низ;1852,835;1867,835;12,705;4;1
3/3;5011;2023-02-10 08:00:00;32770;HH;верх;1872,210;1864,785;19,375;3;2
3/3;5012;2023-02-10 16:00:00;32778;HL;низ;1856,440;1863,735;15,770;8;1
3/3;5013;2023-02-10 21:00:00;32783;LH;верх;1865,775;1861,555;9,335;5;1
3/3;5014;2023-02-13 05:00:00;32790;HL;низ;1857,050;1862,525;8,725;7;1
3/3;5015;2023-02-13 06:00:00;32791;HH;верх;1866,640;1857,165;9,590;1;1
3/3;5016;2023-02-13 10:00:00;32795;LL;низ;1853,940;1857,015;12,700;4;1
3/3;5017;2023-02-13 12:00:00;32797;LH;верх;1863,050;1855,280;9,110;2;1
3/3;5018;2023-02-13 18:00:00;32803;LL;низ;1850,525;1853,740;12,525;6;1
3/3;5019;2023-02-14 13:00:00;32821;HH;верх;1870,800;1849,620;20,275;18;2
3/3;5020;2023-02-14 14:00:00;32822;LL;низ;1843,260;1849,825;27,540;1;1
3/3;5021;2023-02-15 02:00:00;32833;LH;верх;1860,190;1846,480;16,930;11;1
3/3;5022;2023-02-15 08:00:00;32839;LL;низ;1831,890;1834,995;28,300;6;1
3/3;5023;2023-02-15 13:00:00;32844;LH;верх;1838,970;1836,770;7,080;5;1
3/3;5024;2023-02-15 15:00:00;32846;LL;низ;1830,620;1835,970;8,350;2;2
3/3;5025;2023-02-16 02:00:00;32856;HH;верх;1842,645;1837,110;12,025;10;1
3/3;5026;2023-02-16 06:00:00;32860;HL;низ;1834,400;1835,615;8,245;4;1
3/3;5027;2023-02-16 08:00:00;32862;HH;верх;1844,870;1837,400;10,470;2;1
3/3;5028;2023-02-16 15:00:00;32869;LL;низ;1827,665;1844,175;17,205;7;1
3/3;5029;2023-02-16 19:00:00;32873;HH;верх;1845,320;1834,425;17,655;4;1
3/3;5030;2023-02-17 08:00:00;32885;LL;низ;1818,975;1824,740;26,345;12;1
3/3;5031;2023-02-17 20:00:00;32897;LH;верх;1843,685;1838,975;24,710;12;1
3/3;5032;2023-02-20 00:00:00;32900;HL;низ;1837,360;1842,890;6,325;3;1
3/3;5033;2023-02-20 08:00:00;32908;HH;верх;1847,570;1844,895;10,210;8;1
3/3;5034;2023-02-20 08:00:00;32908;HL;низ;1841,160;1844,895;6,410;0;1
3/3;5035;2023-02-20 14:00:00;32914;LH;верх;1847,075;1840,945;5,915;6;2
3/3;5036;2023-02-21 12:00:00;32933;LL;низ;1830,290;1838,830;16,785;19;2
3/3;5037;2023-02-21 14:00:00;32935;LH;верх;1843,905;1836,805;13,615;2;1
3/3;5038;2023-02-21 18:00:00;32939;HL;низ;1831,825;1834,915;12,080;4;1
3/3;5039;2023-02-22 08:00:00;32952;LH;верх;1841,280;1838,970;9,455;13;2
3/3;5040;2023-02-22 10:00:00;32954;HL;низ;1832,165;1838,670;9,115;2;1
3/3;5041;2023-02-22 12:00:00;32956;HH;верх;1846,070;1836,120;13,905;2;1
3/3;5042;2023-02-23 00:00:00;32967;LL;низ;1823,205;1827,975;22,865;11;1
3/3;5043;2023-02-23 06:00:00;32973;LH;верх;1833,900;1826,320;10,695;6;1
3/3;5044;2023-02-23 13:00:00;32980;LL;низ;1817,550;1820,025;16,350;7;1
3/3;5045;2023-02-23 14:00:00;32981;LH;верх;1830,210;1821,280;12,660;1;3
3/3;5046;2023-02-24 18:00:00;33008;LL;низ;1809,010;1810,985;21,200;27;2
3/3;5047;2023-02-27 01:00:00;33014;LH;верх;1814,265;1809,360;5,255;6;1
3/3;5048;2023-02-27 03:00:00;33016;LL;низ;1806,705;1808,120;7,560;2;1
3/3;5049;2023-02-27 15:00:00;33028;HH;верх;1820,200;1818,860;13,495;12;2
3/3;5050;2023-02-27 20:00:00;33033;HL;низ;1816,055;1816,550;4,145;5;1
3/3;5051;2023-02-28 02:00:00;33038;LH;верх;1819,465;1813,445;3,410;5;1
3/3;5052;2023-02-28 08:00:00;33044;LL;низ;1804,685;1809,125;14,780;6;2
3/3;5053;2023-02-28 17:00:00;33053;HH;верх;1831,175;1826,535;26,490;9;1
3/3;5054;2023-03-01 00:00:00;33059;HL;низ;1823,150;1831,085;8,025;6;2
3/3;5055;2023-03-01 15:00:00;33074;HH;верх;1844,830;1838,575;21,680;15;1
3/3;5056;2023-03-02 08:00:00;33090;HL;низ;1830,050;1836,810;14,780;16;4
3/3;5057;2023-03-03 01:00:00;33106;LH;верх;1841,585;1838,495;11,535;16;2
3/3;5058;2023-03-03 05:00:00;33110;HL;низ;1837,915;1844,325;3,670;4;1
3/3;5059;2023-03-03 11:00:00;33116;HH;верх;1849,300;1843,825;11,385;6;1
3/3;5060;2023-03-03 15:00:00;33120;HL;низ;1839,115;1850,145;10,185;4;1
3/3;5061;2023-03-03 20:00:00;33125;HH;верх;1856,390;1852,265;17,275;5;1
3/3;5062;2023-03-06 01:00:00;33129;HL;низ;1850,810;1854,060;5,580;4;1
3/3;5063;2023-03-06 07:00:00;33135;HH;верх;1858,310;1850,190;7,500;6;1
3/3;5064;2023-03-06 11:00:00;33139;LL;низ;1847,325;1851,930;10,985;4;1
3/3;5065;2023-03-06 15:00:00;33143;LH;верх;1854,085;1847,095;6,760;4;1
3/3;5066;2023-03-07 00:00:00;33151;LL;низ;1844,180;1847,650;9,905;8;2
3/3;5067;2023-03-07 07:00:00;33158;LH;верх;1851,705;1843,045;7,525;7;2
3/3;5068;2023-03-08 03:00:00;33177;LL;низ;1809,425;1813,970;42,280;19;3
3/3;5069;2023-03-08 15:00:00;33189;LH;верх;1824,305;1814,640;14,880;12;1
3/3;5070;2023-03-08 20:00:00;33194;HL;низ;1812,945;1815,875;11,360;5;1
3/3;5071;2023-03-09 01:00:00;33198;LH;верх;1816,525;1814,410;3,580;4;1
3/3;5072;2023-03-09 02:00:00;33199;LL;низ;1811,985;1815,125;4,540;1;2
3/3;5073;2023-03-09 15:00:00;33212;HH;верх;1835,725;1835,050;23,740;13;3
3/3;5074;2023-03-10 04:00:00;33224;HL;низ;1827,815;1833,605;7,910;12;1
3/3;5075;2023-03-12 22:00:00;33242;HH;верх;1894,680;1873,060;66,865;18;3
3/3;5076;2023-03-13 07:00:00;33251;HL;низ;1871,535;1884,320;23,145;9;1
3/3;5077;2023-03-13 19:00:00;33263;HH;верх;1914,695;1912,190;43,160;12;3
3/3;5078;2023-03-14 08:00:00;33275;HL;низ;1900,790;1904,240;13,905;12;1
3/3;5079;2023-03-14 12:00:00;33279;LH;верх;1912,020;1904,265;11,230;4;1
3/3;5080;2023-03-14 13:00:00;33280;LL;низ;1895,435;1908,765;16,585;1;1
3/3;5081;2023-03-14 17:00:00;33284;LH;верх;1910,340;1903,865;14,905;4;1
3/3;5082;2023-03-15 00:00:00;33290;HL;низ;1900,015;1902,920;10,325;6;1
3/3;5083;2023-03-15 02:00:00;33292;LH;верх;1905,745;1900,210;5,730;2;1
3/3;5084;2023-03-15 08:00:00;33298;LL;низ;1885,790;1918,140;19,955;6;1
3/3;5085;2023-03-15 16:00:00;33306;HH;верх;1937,390;1916,810;51,600;8;1
3/3;5086;2023-03-15 18:00:00;33308;HL;низ;1909,090;1920,390;28,300;2;1
3/3;5087;2023-03-16 00:00:00;33313;LH;верх;1924,450;1913,300;15,360;5;1
3/3;5088;2023-03-16 01:00:00;33314;LL;низ;1907,560;1913,390;16,890;1;1
3/3;5089;2023-03-16 13:00:00;33326;HH;верх;1933,540;1914,930;25,980;12;1
3/3;5090;2023-03-16 15:00:00;33328;HL;низ;1913,430;1918,445;20,110;2;2
3/3;5091;2023-03-17 06:00:00;33342;HH;верх;1934,480;1932,320;21,050;14;1
3/3;5092;2023-03-17 08:00:00;33344;HL;низ;1927,435;1935,100;7,045;2;1
3/3;5093;2023-03-17 20:00:00;33356;HH;верх;1988,335;1972,215;60,900;12;1
3/3;5094;2023-03-20 01:00:00;33360;HL;низ;1968,185;1974,960;20,150;4;1
3/3;5095;2023-03-20 07:00:00;33366;HH;верх;2009,850;1980,735;41,665;6;1
3/3;5096;2023-03-20 14:00:00;33373;LL;низ;1965,990;1977,645;43,860;7;1
3/3;5097;2023-03-20 19:00:00;33378;LH;верх;1984,410;1976,705;18,420;5;1
3/3;5098;2023-03-21 00:00:00;33382;HL;низ;1975,520;1983,920;8,890;4;1
3/3;5099;2023-03-21 03:00:00;33385;HH;верх;1985,220;1973,430;9,700;3;1
3/3;5100;2023-03-21 18:00:00;33400;LL;низ;1935,465;1941,200;49,755;15;2
3/3;5101;2023-03-22 01:00:00;33406;LH;верх;1946,305;1939,390;10,840;6;1
3/3;5102;2023-03-22 07:00:00;33412;LL;низ;1934,345;1942,720;11,960;6;1
3/3;5103;2023-03-22 09:00:00;33414;LH;верх;1945,680;1937,590;11,335;2;1
3/3;5104;2023-03-22 12:00:00;33417;HL;низ;1937,130;1947,360;8,550;3;1
3/3;5105;2023-03-23 07:00:00;33435;HH;верх;1983,700;1977,725;46,570;18;2
3/3;5106;2023-03-23 12:00:00;33440;HL;низ;1966,590;1984,165;17,110;5;2
3/3;5107;2023-03-23 18:00:00;33446;HH;верх;2003,360;1992,030;36,770;6;2
3/3;5108;2023-03-24 08:00:00;33459;HL;низ;1981,325;1995,885;22,035;13;1
3/3;5109;2023-03-24 12:00:00;33463;LH;верх;2003,080;1987,400;21,755;4;1
3/3;5110;2023-03-27 13:00:00;33487;LL;низ;1944,045;1955,930;59,035;24;2
3/3;5111;2023-03-28 01:00:00;33498;LH;верх;1964,075;1957,830;20,030;11;2
3/3;5112;2023-03-28 09:00:00;33506;HL;низ;1949,245;1965,360;14,830;8;1
3/3;5113;2023-03-28 19:00:00;33516;HH;верх;1975,365;1972,060;26,120;10;1
3/3;5114;2023-03-29 07:00:00;33527;HL;низ;1958,755;1967,875;16,610;11;1
3/3;5115;2023-03-29 14:00:00;33534;LH;верх;1971,800;1969,105;13,045;7;2
3/3;5116;2023-03-30 01:00:00;33544;LL;низ;1955,410;1960,940;16,390;10;3
3/3;5117;2023-03-30 12:00:00;33555;HH;верх;1975,405;1974,830;19,995;11;2
3/3;5118;2023-03-30 14:00:00;33557;HL;низ;1964,015;1979,975;11,390;2;1
3/3;5119;2023-03-30 16:00:00;33559;HH;верх;1984,365;1981,325;20,350;2;1
3/3;5120;2023-03-31 00:00:00;33566;HL;низ;1977,745;1981,250;6,620;7;1
3/3;5121;2023-03-31 06:00:00;33572;HH;верх;1985,115;1978,495;7,370;6;2
3/3;5122;2023-03-31 08:00:00;33574;LL;низ;1973,275;1980,305;11,840;2;1
3/3;5123;2023-03-31 12:00:00;33578;HH;верх;1987,645;1979,735;14,370;4;1
3/3;5124;2023-04-03 03:00:00;33592;LL;низ;1949,810;1954,750;37,835;14;2
3/3;5125;2023-04-03 15:00:00;33604;HH;верх;1990,545;1982,485;40,735;12;1
3/3;5126;2023-04-04 06:00:00;33618;HL;низ;1977,035;1983,040;13,510;14;2
3/3;5127;2023-04-04 14:00:00;33626;HH;верх;2025,070;2018,420;48,035;8;1
3/3;5128;2023-04-05 00:00:00;33635;HL;низ;2019,410;2023,120;5,660;9;1
3/3;5129;2023-04-05 13:00:00;33648;HH;верх;2032,110;2021,415;12,700;13;3
3/3;5130;2023-04-06 02:00:00;33660;LL;низ;2008,080;2015,745;24,030;12;2
3/3;5131;2023-04-06 11:00:00;33669;LH;верх;2021,035;2011,890;12,955;9;1
3/3;5132;2023-04-06 13:00:00;33671;LL;низ;2000,890;2011,770;20,145;2;1
3/3;5133;2023-04-06 16:00:00;33674;LH;верх;2015,015;2006,535;14,125;3;1
3/3;5134;2023-04-10 02:00:00;33683;LL;низ;1988,960;1994,585;26,055;9;2
3/3;5135;2023-04-10 11:00:00;33692;LH;верх;2003,045;1987,590;14,085;9;1
3/3;5136;2023-04-10 14:00:00;33695;LL;низ;1981,680;1989,065;21,365;3;1
3/3;5137;2023-04-10 19:00:00;33700;LH;верх;1992,925;1992,470;11,245;5;1
3/3;5138;2023-04-11 01:00:00;33705;HL;низ;1988,875;1999,865;4,050;5;1
3/3;5139;2023-04-11 08:00:00;33712;HH;верх;2007,495;2000,525;18,620;7;1
3/3;5140;2023-04-11 13:00:00;33717;HL;низ;1995,640;2006,260;11,855;5;1
3/3;5141;2023-04-12 12:00:00;33739;HH;верх;2028,400;2005,875;32,760;22;3
3/3;5142;2023-04-12 13:00:00;33740;HL;низ;2001,220;2007,930;27,180;1;1
3/3;5143;2023-04-13 00:00:00;33750;LH;верх;2019,870;2017,560;18,650;10;1
3/3;5144;2023-04-13 06:00:00;33756;HL;низ;2015,365;2026,650;4,505;6;1
3/3;5145;2023-04-13 14:00:00;33764;HH;верх;2048,770;2043,815;33,405;8;2
3/3;5146;2023-04-13 19:00:00;33769;HL;низ;2036,660;2039,840;12,110;5;2
3/3;5147;2023-04-14 02:00:00;33775;LH;верх;2047,505;2042,830;10,845;6;1
3/3;5148;2023-04-14 08:00:00;33781;LL;низ;2031,870;2033,335;15,635;6;1
3/3;5149;2023-04-14 10:00:00;33783;LH;верх;2042,310;2023,510;10,440;2;1
3/3;5150;2023-04-14 16:00:00;33789;LL;низ;1992,500;2005,405;49,810;6;1
3/3;5151;2023-04-14 19:00:00;33792;LH;верх;2008,025;2002,960;15,525;3;1
3/3;5152;2023-04-17 01:00:00;33797;HL;низ;1995,485;2004,475;12,540;5;1
3/3;5153;2023-04-17 07:00:00;33803;HH;верх;2015,075;2007,710;19,590;6;1
3/3;5154;2023-04-17 14:00:00;33810;LL;низ;1981,190;1995,330;33,885;7;1
3/3;5155;2023-04-17 18:00:00;33814;LH;верх;1997,160;1994,600;15,970;4;1
3/3;5156;2023-04-18 00:00:00;33819;HL;низ;1993,410;2000,285;3,750;5;1
3/3;5157;2023-04-18 08:00:00;33827;HH;верх;2005,235;2003,960;11,825;8;1
3/3;5158;2023-04-18 13:00:00;33832;LL;низ;1991,320;2007,215;13,915;5;1
3/3;5159;2023-04-18 15:00:00;33834;HH;верх;2011,890;2005,380;20,570;2;1
3/3;5160;2023-04-18 18:00:00;33837;HL;низ;2003,475;2005,585;8,415;3;1
3/3;5161;2023-04-19 01:00:00;33843;LH;верх;2008,255;2003,960;4,780;6;1
3/3;5162;2023-04-19 11:00:00;33853;LL;низ;1969,305;1992,870;38,950;10;1
3/3;5163;2023-04-20 01:00:00;33866;LH;верх;1998,835;1992,755;29,530;13;2
3/3;5164;2023-04-20 03:00:00;33868;HL;низ;1990,565;1999,200;8,270;2;1
3/3;5165;2023-04-20 06:00:00;33871;HH;верх;2001,260;1999,670;10,695;3;1
3/3;5166;2023-04-20 09:00:00;33874;HL;низ;1992,425;2006,855;8,835;3;1
3/3;5167;2023-04-20 14:00:00;33879;HH;верх;2012,445;2006,730;20,020;5;1
3/3;5168;2023-04-21 06:00:00;33894;LL;низ;1981,995;1986,250;30,450;15;1
3/3;5169;2023-04-21 13:00:00;33901;LH;верх;1998,065;1977,530;16,070;7;1
3/3;5170;2023-04-21 14:00:00;33902;LL;низ;1971,695;1980,665;26,370;1;1
3/3;5171;2023-04-23 23:00:00;33910;LH;верх;1985,425;1980,325;13,730;8;1
3/3;5172;2023-04-24 05:00:00;33916;HL;низ;1976,515;1985,165;8,910;6;1
3/3;5173;2023-04-24 09:00:00;33920;HH;верх;1987,000;1983,945;10,485;4;1
3/3;5174;2023-04-24 13:00:00;33924;LL;низ;1974,155;1986,695;12,845;4;1
3/3;5175;2023-04-25 00:00:00;33934;HH;верх;2000,995;1992,935;26,840;10;4
3/3;5176;2023-04-25 12:00:00;33946;HL;низ;1976,185;1990,035;24,810;12;1
3/3;5177;2023-04-25 18:00:00;33952;HH;верх;2003,890;1997,686;27,705;6;2
3/3;5178;2023-04-26 11:00:00;33968;HL;низ;1991,510;1998,615;12,380;16;2
3/3;5179;2023-04-26 13:00:00;33970;HH;верх;2009,450;1986,720;17,940;2;1
3/3;5180;2023-04-26 17:00:00;33974;LL;низ;1983,375;1989,235;26,075;4;1
3/3;5181;2023-04-27 12:00:00;33992;LH;верх;2003,415;1982,340;20,040;18;2
3/3;5182;2023-04-27 13:00:00;33993;LL;низ;1974,115;1984,360;29,300;1;1
3/3;5183;2023-04-28 01:00:00;34004;LH;верх;1991,670;1987,445;17,555;11;2
3/3;5184;2023-04-28 12:00:00;34015;HL;низ;1976,265;1991,795;15,405;11;3
3/3;5185;2023-04-28 15:00:00;34018;HH;верх;1995,140;1988,995;18,875;3;3
3/3;5186;2023-05-01 09:00:00;34035;HL;низ;1977,120;2004,015;18,020;17;1
3/3;5187;2023-05-01 13:00:00;34039;HH;верх;2006,070;1981,700;28,950;4;1
3/3;5188;2023-05-01 19:00:00;34045;HL;низ;1979,500;1981,490;26,570;6;1
3/3;5189;2023-05-02 01:00:00;34050;LH;верх;1985,295;1982,280;5,795;5;1
3/3;5190;2023-05-02 08:00:00;34057;LL;низ;1978,520;1986,440;6,775;7;1
3/3;5191;2023-05-02 16:00:00;34065;HH;верх;2019,455;2018,315;40,935;8;1
3/3;5192;2023-05-03 00:00:00;34072;HL;низ;2014,255;2018,570;5,200;7;1
3/3;5193;2023-05-03 04:00:00;34076;HH;верх;2019,590;2014,885;5,335;4;1
3/3;5194;2023-05-03 12:00:00;34084;LL;низ;2008,025;2023,635;11,565;8;3
3/3;5195;2023-05-03 22:00:00;34093;HH;верх;2067,000;2044,570;58,975;9;1
3/3;5196;2023-05-04 07:00:00;34102;HL;низ;2030,390;2039,960;36,610;9;3
3/3;5197;2023-05-04 14:00:00;34109;LH;верх;2059,645;2046,340;29,255;7;2
3/3;5198;2023-05-05 14:00:00;34132;LL;низ;1999,585;2015,550;60,060;23;2
3/3;5199;2023-05-08 05:00:00;34146;LH;верх;2024,815;2022,630;25,230;14;2
3/3;5200;2023-05-08 13:00:00;34154;HL;низ;2017,955;2027,160;6,860;8;2
3/3;5201;2023-05-08 16:00:00;34157;HH;верх;2029,400;2020,385;11,445;3;1
3/3;5202;2023-05-09 00:00:00;34164;HL;низ;2019,550;2025,020;9,850;7;1
3/3;5203;2023-05-09 05:00:00;34169;LH;верх;2028,780;2025,370;9,230;5;1
3/3;5204;2023-05-09 08:00:00;34172;HL;низ;2021,490;2031,110;7,290;3;1
3/3;5205;2023-05-09 11:00:00;34175;HH;верх;2032,880;2026,140;11,390;3;1
3/3;5206;2023-05-09 13:00:00;34177;HL;низ;2023,000;2031,055;9,880;2;1
3/3;5207;2023-05-10 00:00:00;34187;HH;верх;2038,290;2031,780;15,290;10;3
3/3;5208;2023-05-10 08:00:00;34195;HL;низ;2026,345;2029,365;11,945;8;1
3/3;5209;2023-05-10 12:00:00;34199;HH;верх;2048,245;2025,085;21,900;4;1
3/3;5210;2023-05-10 15:00:00;34202;LL;низ;2021,565;2032,310;26,680;3;1
3/3;5211;2023-05-11 01:00:00;34211;LH;верх;2036,480;2031,115;14,915;9;2
3/3;5212;2023-05-11 09:00:00;34219;HL;низ;2021,720;2037,515;14,760;8;1
3/3;5213;2023-05-11 12:00:00;34222;HH;верх;2041,390;2013,650;19,670;3;1
3/3;5214;2023-05-11 13:00:00;34223;LL;низ;2011,185;2015,725;30,205;1;1
3/3;5215;2023-05-12 00:00:00;34233;LH;верх;2017,595;2011,680;6,410;10;2
3/3;5216;2023-05-12 09:00:00;34242;LL;низ;2000,960;2014,175;16,635;9;1
3/3;5217;2023-05-12 13:00:00;34246;HH;верх;2022,580;2013,670;21,620;4;1
3/3;5218;2023-05-14 22:00:00;34254;HL;низ;2007,845;2017,630;14,735;8;2
3/3;5219;2023-05-15 08:00:00;34264;LH;верх;2020,955;2013,135;13,110;10;2
3/3;5220;2023-05-15 12:00:00;34268;HL;низ;2011,535;2017,740;9,420;4;1
3/3;5221;2023-05-15 13:00:00;34269;HH;верх;2022,115;2020,300;10,580;1;2
3/3;5222;2023-05-15 23:00:00;34278;HL;низ;2013,805;2017,030;8,310;9;1
3/3;5223;2023-05-16 01:00:00;34280;LH;верх;2018,390;2016,235;4,585;2;1
3/3;5224;2023-05-16 06:00:00;34285;LL;низ;2002,765;2009,620;15,625;5;1
3/3;5225;2023-05-16 12:00:00;34291;LH;верх;2014,925;1996,055;12,160;6;1
3/3;5226;2023-05-16 17:00:00;34296;LL;низ;1985,530;1988,885;29,395;5;1
3/3;5227;2023-05-17 02:00:00;34304;LH;верх;1993,120;1987,995;7,590;8;1
3/3;5228;2023-05-17 14:00:00;34316;LL;низ;1975,095;1981,625;18,025;12;1
3/3;5229;2023-05-18 02:00:00;34327;LH;верх;1986,070;1978,280;10,975;11;2
3/3;5230;2023-05-18 15:00:00;34340;LL;низ;1952,010;1956,375;34,060;13;3
3/3;5231;2023-05-19 06:00:00;34354;LH;верх;1968,795;1967,790;16,785;14;1
3/3;5232;2023-05-19 14:00:00;34362;HL;низ;1957,280;1983,030;11,515;8;1
3/3;5233;2023-05-19 15:00:00;34363;HH;верх;1984,325;1977,015;27,045;1;2
3/3;5234;2023-05-22 06:00:00;34377;HL;низ;1971,310;1979,755;13,015;14;1
3/3;5235;2023-05-22 09:00:00;34380;LH;верх;1982,670;1975,640;11,360;3;1
3/3;5236;2023-05-22 14:00:00;34385;LL;низ;1968,905;1975,065;13,765;5;1
3/3;5237;2023-05-22 17:00:00;34388;LH;верх;1978,955;1971,720;10,050;3;2
3/3;5238;2023-05-23 08:00:00;34402;LL;низ;1954,300;1959,010;24,655;14;1
3/3;5239;2023-05-24 05:00:00;34422;HH;верх;1980,635;1976,405;26,335;20;3
3/3;5240;2023-05-24 07:00:00;34424;HL;низ;1970,765;1976,720;9,870;2;1
3/3;5241;2023-05-24 12:00:00;34429;HH;верх;1985,390;1963,140;14,625;5;1
3/3;5242;2023-05-25 05:00:00;34445;LL;низ;1955,030;1962,110;30,360;16;4
3/3;5243;2023-05-25 08:00:00;34448;LH;верх;1964,785;1962,040;9,755;3;1
3/3;5244;2023-05-26 00:00:00;34463;LL;низ;1936,815;1948,540;27,970;15;3
3/3;5245;2023-05-26 07:00:00;34470;LH;верх;1957,360;1953,485;20,545;7;1
3/3;5246;2023-05-26 15:00:00;34478;HL;низ;1938,850;1946,230;18,510;8;1
3/3;5247;2023-05-26 19:00:00;34482;LH;верх;1947,640;1943,755;8,790;4;1
3/3;5248;2023-05-29 01:00:00;34487;HL;низ;1940,385;1945,875;7,255;5;1
3/3;5249;2023-05-29 06:00:00;34492;HH;верх;1948,985;1945,965;8,600;5;1
3/3;5250;2023-05-29 08:00:00;34494;HL;низ;1940,900;1946,395;8,085;2;1
3/3;5251;2023-05-29 12:00:00;34498;HH;верх;1949,770;1946,000;8,870;4;2
3/3;5252;2023-05-30 05:00:00;34512;LL;низ;1932,110;1945,080;17,660;14;1
3/3;5253;2023-05-30 12:00:00;34519;HH;верх;1962,310;1962,145;30,200;7;1
3/3;5254;2023-05-30 14:00:00;34521;HL;низ;1950,680;1958,685;11,630;2;1
3/3;5255;2023-05-30 16:00:00;34523;HH;верх;1963,550;1960,235;12,870;2;2
3/3;5256;2023-05-31 02:00:00;34532;HL;низ;1953,700;1964,530;9,850;9;1
3/3;5257;2023-05-31 05:00:00;34535;HH;верх;1965,415;1955,435;11,715;3;1
3/3;5258;2023-05-31 10:00:00;34540;HL;низ;1955,000;1969,815;10,415;5;1
3/3;5259;2023-05-31 14:00:00;34544;HH;верх;1974,835;1966,270;19,835;4;1
3/3;5260;2023-05-31 20:00:00;34550;HL;низ;1962,485;1965,945;12,350;6;1
3/3;5261;2023-06-01 01:00:00;34554;LH;верх;1967,545;1964,055;5,060;4;1
3/3;5262;2023-06-01 08:00:00;34561;LL;низ;1953,445;1967,995;14,100;7;2
3/3;5263;2023-06-01 15:00:00;34568;HH;верх;1983,180;1976,135;29,735;7;1
3/3;5264;2023-06-02 01:00:00;34577;HL;низ;1974,105;1979,830;9,075;9;1
3/3;5265;2023-06-02 03:00:00;34579;HH;верх;1983,505;1978,570;9,400;2;1
3/3;5266;2023-06-02 08:00:00;34584;HL;низ;1975,055;1978,890;8,450;5;1
3/3;5267;2023-06-02 09:00:00;34585;LH;верх;1981,210;1971,015;6,155;1;1
3/3;5268;2023-06-05 07:00:00;34606;LL;низ;1938,560;1943,565;42,650;21;1
3/3;5269;2023-06-05 09:00:00;34608;LH;верх;1946,040;1943,020;7,480;2;1
3/3;5270;2023-06-05 12:00:00;34611;LL;низ;1938,150;1958,235;7,890;3;1
3/3;5271;2023-06-05 19:00:00;34618;HH;верх;1964,055;1961,330;25,905;7;2
3/3;5272;2023-06-06 01:00:00;34623;HL;низ;1959,080;1961,310;4,975;5;1
3/3;5273;2023-06-06 02:00:00;34624;HH;верх;1964,650;1957,930;5,570;1;1
3/3;5274;2023-06-06 07:00:00;34629;LL;низ;1956,895;1963,550;7,755;5;1
3/3;5275;2023-06-06 12:00:00;34634;HH;верх;1966,385;1963,495;9,490;5;1
3/3;5276;2023-06-06 13:00:00;34635;LL;низ;1954,395;1963,675;11,990;1;1
3/3;5277;2023-06-07 01:00:00;34646;HH;верх;1966,790;1964,580;12,395;11;2
3/3;5278;2023-06-07 07:00:00;34652;HL;низ;1955,015;1962,735;11,775;6;1
3/3;5279;2023-06-07 13:00:00;34658;HH;верх;1970,220;1942,260;15,205;6;1
3/3;5280;2023-06-07 20:00:00;34665;LL;низ;1939,955;1946,275;30,265;7;2
3/3;5281;2023-06-08 08:00:00;34676;LH;верх;1949,195;1946,690;9,240;11;1
3/3;5282;2023-06-08 11:00:00;34679;HL;низ;1945,020;1967,290;4,175;3;1
3/3;5283;2023-06-08 14:00:00;34682;HH;верх;1970,540;1963,930;25,520;3;1
3/3;5284;2023-06-08 17:00:00;34685;HL;низ;1961,840;1965,470;8,700;3;1
3/3;5285;2023-06-08 22:00:00;34689;LH;верх;1966,530;1964,555;4,690;4;1
3/3;5286;2023-06-09 04:00:00;34695;HL;низ;1962,435;1963,225;4,095;6;1
3/3;5287;2023-06-09 06:00:00;34697;LH;верх;1966,135;1961,970;3,700;2;1
3/3;5288;2023-06-09 08:00:00;34699;LL;низ;1960,690;1966,540;5,445;2;1
3/3;5289;2023-06-09 12:00:00;34703;HH;верх;1973,160;1962,240;12,470;4;1
3/3;5290;2023-06-12 02:00:00;34716;LL;низ;1954,305;1959,200;18,855;13;2
3/3;5291;2023-06-12 10:00:00;34724;LH;верх;1967,015;1952,115;12,710;8;1
3/3;5292;2023-06-12 13:00:00;34727;LL;низ;1949,280;1954,230;17,735;3;2
3/3;5293;2023-06-13 12:00:00;34749;HH;верх;1971,210;1943,190;21,930;22;1
3/3;5294;2023-06-13 19:00:00;34756;LL;низ;1940,095;1943,955;31,115;7;3
3/3;5295;2023-06-14 12:00:00;34772;LH;верх;1960,310;1956,015;20,215;16;2
3/3;5296;2023-06-15 12:00:00;34795;LL;низ;1925,040;1956,585;35,270;23;2
3/3;5297;2023-06-16 01:00:00;34807;HH;верх;1962,080;1955,505;37,040;12;2
3/3;5298;2023-06-16 05:00:00;34811;HL;низ;1954,725;1963,185;7,355;4;1
3/3;5299;2023-06-16 12:00:00;34818;HH;верх;1967,920;1956,345;13,195;7;1
3/3;5300;2023-06-16 14:00:00;34820;LL;низ;1953,320;1959,260;14,600;2;1
3/3;5301;2023-06-19 08:00:00;34837;LH;верх;1958,810;1948,580;5,490;17;2
3/3;5302;2023-06-19 12:00:00;34841;LL;низ;1947,840;1950,730;10,970;4;1
3/3;5303;2023-06-19 15:00:00;34844;LH;верх;1953,520;1950,420;5,680;3;1
3/3;5304;2023-06-19 18:00:00;34847;HL;низ;1949,540;1951,100;3,980;3;1
3/3;5305;2023-06-19 22:00:00;34848;HH;верх;1954,225;1947,065;4,685;1;1
3/3;5306;2023-06-20 01:00:00;34851;LL;низ;1945,215;1949,960;9,010;3;1
3/3;5307;2023-06-20 07:00:00;34857;HH;верх;1956,840;1951,535;11,625;6;2
3/3;5308;2023-06-20 14:00:00;34864;LL;низ;1929,820;1938,100;27,020;7;2
3/3;5309;2023-06-21 02:00:00;34875;LH;верх;1939,575;1935,625;9,755;11;1
3/3;5310;2023-06-21 13:00:00;34886;LL;низ;1919,245;1933,400;20,330;11;2
3/3;5311;2023-06-21 18:00:00;34891;LH;верх;1937,605;1933,635;18,360;5;1
3/3;5312;2023-06-21 20:00:00;34893;HL;низ;1932,015;1932,320;5,590;2;1
3/3;5313;2023-06-22 03:00:00;34899;LH;верх;1934,310;1928,170;2,295;6;1
3/3;5314;2023-06-22 08:00:00;34904;LL;низ;1924,985;1927,385;9,325;5;1
3/3;5315;2023-06-22 12:00:00;34908;LH;верх;1931,020;1913,510;6,035;4;1
3/3;5316;2023-06-22 20:00:00;34916;LL;низ;1912,465;1915,670;18,555;8;2
3/3;5317;2023-06-23 00:00:00;34919;LH;верх;1916,135;1912,510;3,670;3;1
3/3;5318;2023-06-23 02:00:00;34921;LL;низ;1910,210;1915,280;5,925;2;1
3/3;5319;2023-06-23 13:00:00;34932;HH;верх;1937,305;1918,745;27,095;11;1
3/3;5320;2023-06-23 16:00:00;34935;HL;низ;1917,995;1919,170;19,310;3;1
3/3;5321;2023-06-26 01:00:00;34943;LH;верх;1928,635;1925,145;10,640;8;1
3/3;5322;2023-06-26 06:00:00;34948;HL;низ;1922,230;1929,895;6,405;5;1
3/3;5323;2023-06-26 10:00:00;34952;HH;верх;1933,395;1924,860;11,165;4;1
3/3;5324;2023-06-26 23:00:00;34964;LL;низ;1921,025;1928,895;12,370;12;2
3/3;5325;2023-06-27 13:00:00;34978;LH;верх;1930,730;1914,670;9,705;14;3
3/3;5326;2023-06-27 18:00:00;34983;LL;низ;1910,890;1915,005;19,840;5;2
3/3;5327;2023-06-28 00:00:00;34988;LH;верх;1917,285;1915,235;6,395;5;1
3/3;5328;2023-06-28 02:00:00;34990;HL;низ;1913,515;1915,640;3,770;2;1
3/3;5329;2023-06-28 05:00:00;34993;LH;верх;1916,860;1909,950;3,345;3;1
3/3;5330;2023-06-28 13:00:00;35001;LL;низ;1902,870;1912,310;13,990;8;1
3/3;5331;2023-06-28 17:00:00;35005;LH;верх;1913,435;1907,535;10,565;4;1
3/3;5332;2023-06-28 20:00:00;35008;HL;низ;1906,835;1910,055;6,600;3;1
3/3;5333;2023-06-29 01:00:00;35012;LH;верх;1912,870;1905,370;6,035;4;1
3/3;5334;2023-06-29 13:00:00;35024;LL;низ;1893,070;1910,330;19,800;12;2
3/3;5335;2023-06-29 14:00:00;35025;HH;верх;1913,180;1908,055;20,110;1;1
3/3;5336;2023-06-29 19:00:00;35030;HL;низ;1906,285;1908,795;6,895;5;1
3/3;5337;2023-06-30 05:00:00;35039;LH;верх;1910,030;1901,955;3,745;9;2
3/3;5338;2023-06-30 08:00:00;35042;LL;низ;1900,605;1905,385;9,425;3;1
3/3;5339;2023-06-30 17:00:00;35051;HH;верх;1922,780;1919,525;22,175;9;1
3/3;5340;2023-07-03 02:00:00;35059;HL;низ;1914,675;1917,015;8,105;8;1
3/3;5341;2023-07-03 05:00:00;35062;LH;верх;1920,655;1912,075;5,980;3;1
3/3;5342;2023-07-03 08:00:00;35065;LL;низ;1910,080;1912,630;10,575;3;2
3/3;5343;2023-07-03 14:00:00;35071;HH;верх;1931,085;1920,700;21,005;6;1
3/3;5344;2023-07-03 23:00:00;35079;HL;низ;1920,005;1921,595;11,080;8;2
3/3;5345;2023-07-04 10:00:00;35090;LH;верх;1930,765;1928,315;10,760;11;1
3/3;5346;2023-07-04 17:00:00;35097;HL;низ;1924,060;1926,340;6,705;7;1
3/3;5347;2023-07-05 00:00:00;35101;LH;верх;1927,175;1924,470;3,115;4;1
3/3;5348;2023-07-05 06:00:00;35107;LL;низ;1920,895;1929,050;6,280;6;2
3/3;5349;2023-07-05 13:00:00;35114;HH;верх;1935,050;1921,610;14,155;7;1
3/3;5350;2023-07-05 20:00:00;35121;LL;низ;1914,855;1917,375;20,195;7;1
3/3;5351;2023-07-06 06:00:00;35130;LH;верх;1921,555;1917,370;6,700;9;1
3/3;5352;2023-07-06 08:00:00;35132;HL;низ;1916,145;1926,715;5,410;2;1
3/3;5353;2023-07-06 12:00:00;35136;HH;верх;1927,665;1911,545;11,520;4;1
3/3;5354;2023-07-06 12:00:00;35136;LL;низ;1902,745;1911,545;24,920;0;2
3/3;5355;2023-07-07 00:00:00;35147;LH;верх;1912,485;1911,225;9,740;11;1
3/3;5356;2023-07-07 12:00:00;35159;HL;низ;1914,315;1927,690;1,830;12;1
3/3;5357;2023-07-07 15:00:00;35162;HH;верх;1934,935;1926,420;20,620;3;2
3/3;5358;2023-07-10 06:00:00;35176;HL;низ;1919,430;1923,345;15,505;14;1
3/3;5359;2023-07-10 09:00:00;35179;LH;верх;1926,295;1914,050;6,865;3;1
3/3;5360;2023-07-10 12:00:00;35182;LL;низ;1912,750;1923,610;13,545;3;1
3/3;5361;2023-07-10 17:00:00;35187;HH;верх;1926,880;1925,440;14,130;5;1
3/3;5362;2023-07-10 23:00:00;35192;HL;низ;1924,420;1927,855;2,460;5;1
3/3;5363;2023-07-11 10:00:00;35203;HH;верх;1938,495;1933,550;14,075;11;2
3/3;5364;2023-07-11 16:00:00;35209;HL;низ;1929,420;1932,560;9,075;6;1
3/3;5365;2023-07-12 02:00:00;35218;HH;верх;1941,025;1938,690;11,605;9;2
3/3;5366;2023-07-12 11:00:00;35227;HL;низ;1933,595;1957,685;7,430;9;1
3/3;5367;2023-07-12 17:00:00;35233;HH;верх;1959,750;1957,540;26,155;6;1
3/3;5368;2023-07-13 05:00:00;35244;HL;низ;1955,335;1960,960;4,415;11;2
3/3;5369;2023-07-13 12:00:00;35251;HH;верх;1963,735;1955,030;8,400;7;2
3/3;5370;2023-07-13 12:00:00;35251;LL;низ;1952,470;1955,030;11,265;0;2
3/3;5371;2023-07-14 02:00:00;35264;HH;верх;1963,795;1958,945;11,325;13;1
3/3;5372;2023-07-14 07:00:00;35269;HL;низ;1954,405;1956,160;9,390;5;1
3/3;5373;2023-07-14 12:00:00;35274;LH;верх;1962,800;1958,165;8,395;5;1
3/3;5374;2023-07-14 14:00:00;35276;LL;низ;1950,990;1960,330;11,810;2;1
3/3;5375;2023-07-17 01:00:00;35286;LH;верх;1956,020;1953,665;5,030;10;1
3/3;5376;2023-07-17 07:00:00;35292;LL;низ;1950,630;1957,290;5,390;6;2
3/3;5377;2023-07-17 10:00:00;35295;HH;верх;1959,910;1950,560;9,280;3;1
3/3;5378;2023-07-17 13:00:00;35298;LL;низ;1945,840;1954,650;14,070;3;1
3/3;5379;2023-07-17 19:00:00;35304;LH;верх;1956,440;1955,520;10,600;6;1
3/3;5380;2023-07-18 06:00:00;35314;HL;низ;1957,810;1963,080;1,370;10;2
3/3;5381;2023-07-18 15:00:00;35323;HH;верх;1984,425;1976,815;26,615;9;2
3/3;5382;2023-07-19 06:00:00;35337;HL;низ;1973,020;1977,265;11,405;14;1
3/3;5383;2023-07-19 07:00:00;35338;LH;верх;1980,995;1974,920;7,975;1;2
3/3;5384;2023-07-19 14:00:00;35345;LL;низ;1969,810;1977,370;11,185;7;1
3/3;5385;2023-07-20 03:00:00;35357;HH;верх;1987,530;1980,600;17,720;12;2
3/3;5386;2023-07-20 16:00:00;35370;LL;низ;1965,390;1968,900;22,140;13;2
3/3;5387;2023-07-21 01:00:00;35378;LH;верх;1973,850;1969,990;8,460;8;3
3/3;5388;2023-07-21 09:00:00;35386;LL;низ;1961,120;1963,135;12,730;8;1
3/3;5389;2023-07-21 12:00:00;35389;LH;верх;1968,185;1960,335;7,065;3;1
3/3;5390;2023-07-21 15:00:00;35392;LL;низ;1956,905;1963,225;11,280;3;2
3/3;5391;2023-07-24 11:00:00;35411;LH;верх;1967,905;1961,520;11,000;19;1
3/3;5392;2023-07-24 23:00:00;35422;LL;низ;1953,285;1962,280;14,620;11;2
3/3;5393;2023-07-25 06:00:00;35429;LH;верх;1964,205;1962,215;10,920;7;1
3/3;5394;2023-07-25 14:00:00;35437;LL;низ;1952,005;1962,220;12,200;8;1
3/3;5395;2023-07-25 22:00:00;35444;HH;верх;1966,400;1963,875;14,395;7;2
3/3;5396;2023-07-26 01:00:00;35447;HL;низ;1962,065;1963,165;4,335;3;1
3/3;5397;2023-07-26 11:00:00;35457;HH;верх;1974,245;1969,035;12,180;10;1
3/3;5398;2023-07-26 13:00:00;35459;HL;низ;1963,960;1970,375;10,285;2;1
3/3;5399;2023-07-26 18:00:00;35464;HH;верх;1978,405;1973,505;14,445;5;1
3/3;5400;2023-07-26 18:00:00;35464;HL;низ;1965,610;1973,505;12,795;0;1
3/3;5401;2023-07-27 07:00:00;35476;HH;верх;1982,265;1976,250;16,655;12;3
3/3;5402;2023-07-27 16:00:00;35485;LL;низ;1942,645;1944,325;39,620;9;1
3/3;5403;2023-07-28 04:00:00;35496;LH;верх;1956,835;1949,705;14,190;11;2
3/3;5404;2023-07-28 08:00:00;35500;HL;низ;1947,885;1956,700;8,950;4;1
3/3;5405;2023-07-28 16:00:00;35508;HH;верх;1963,575;1959,125;15,690;8;1
3/3;5406;2023-07-31 08:00:00;35523;HL;низ;1950,206;1959,140;13,369;15;1
3/3;5407;2023-07-31 13:00:00;35528;HH;верх;1972,455;1971,025;22,249;5;1
3/3;5408;2023-08-01 17:00:00;35555;LL;низ;1941,290;1944,200;31,165;27;2
3/3;5409;2023-08-01 23:00:00;35560;LH;верх;1952,995;1948,315;11,705;5;1
3/3;5410;2023-08-02 04:00:00;35565;HL;низ;1945,370;1948,450;7,625;5;1
3/3;5411;2023-08-02 11:00:00;35572;HH;верх;1954,880;1935,955;9,510;7;1
3/3;5412;2023-08-02 15:00:00;35576;LL;низ;1933,036;1936,545;21,844;4;2
3/3;5413;2023-08-03 01:00:00;35585;LH;верх;1938,940;1934,115;5,904;9;1
3/3;5414;2023-08-03 07:00:00;35591;LL;низ;1930,945;1934,425;7,995;6;1
3/3;5415;2023-08-03 08:00:00;35592;LH;верх;1938,485;1935,090;7,540;1;1
3/3;5416;2023-08-03 12:00:00;35596;LL;низ;1929,610;1933,085;8,875;4;1
3/3;5417;2023-08-03 15:00:00;35599;HH;верх;1938,775;1933,220;9,165;3;1
3/3;5418;2023-08-03 19:00:00;35603;HL;низ;1932,565;1935,845;6,210;4;1
3/3;5419;2023-08-04 01:00:00;35608;LH;верх;1938,055;1934,630;5,490;5;1
3/3;5420;2023-08-04 12:00:00;35619;LL;низ;1924,780;1942,745;13,275;11;1
3/3;5421;2023-08-04 13:00:00;35620;HH;верх;1946,990;1941,825;22,210;1;2
3/3;5422;2023-08-07 10:00:00;35640;HL;низ;1933,440;1933,730;13,550;20;1
3/3;5423;2023-08-07 13:00:00;35643;LH;верх;1941,770;1934,490;8,330;3;1
3/3;5424;2023-08-07 14:00:00;35644;LL;низ;1931,525;1936,100;10,245;1;1
3/3;5425;2023-08-07 23:00:00;35652;LH;верх;1938,155;1934,975;6,630;8;1
3/3;5426;2023-08-08 07:00:00;35660;LL;низ;1930,295;1930,795;7,860;8;2
3/3;5427;2023-08-08 09:00:00;35662;LH;верх;1935,690;1925,475;5,395;2;1
3/3;5428;2023-08-08 13:00:00;35666;LL;низ;1922,795;1925,435;12,895;4;3
3/3;5429;2023-08-09 06:00:00;35682;LH;верх;1932,395;1926,250;9,600;16;2
3/3;5430;2023-08-09 20:00:00;35696;LL;низ;1914,125;1917,060;18,270;14;2
3/3;5431;2023-08-10 12:00:00;35711;LH;верх;1930,180;1920,025;16,055;15;1
3/3;5432;2023-08-10 23:00:00;35721;LL;низ;1910,900;1914,825;19,280;10;2
3/3;5433;2023-08-11 02:00:00;35724;LH;верх;1916,050;1915,740;5,150;3;1
3/3;5434;2023-08-11 04:00:00;35726;HL;низ;1912,670;1917,975;3,380;2;1
3/3;5435;2023-08-11 12:00:00;35734;HH;верх;1920,970;1914,090;8,300;8;1
3/3;5436;2023-08-11 19:00:00;35741;LL;низ;1912,240;1913,730;8,730;7;2
3/3;5437;2023-08-13 22:00:00;35743;LH;верх;1915,225;1911,605;2,985;2;1
3/3;5438;2023-08-14 01:00:00;35746;LL;низ;1910,145;1912,450;5,080;3;2
3/3;5439;2023-08-14 08:00:00;35753;HH;верх;1916,260;1913,995;6,115;7;1
3/3;5440;2023-08-14 13:00:00;35758;LL;низ;1902,730;1911,935;13,530;5;1
3/3;5441;2023-08-14 16:00:00;35761;LH;верх;1913,255;1907,655;10,525;3;2
3/3;5442;2023-08-15 12:00:00;35780;LL;низ;1896,455;1906,935;16,800;19;2
3/3;5443;2023-08-15 14:00:00;35782;LH;верх;1911,710;1904,435;15,255;2;1
3/3;5444;2023-08-15 23:00:00;35790;HL;низ;1900,345;1903,825;11,365;8;1
3/3;5445;2023-08-16 09:00:00;35800;LH;верх;1907,275;1900,820;6,930;10;1
3/3;5446;2023-08-17 01:00:00;35815;LL;низ;1889,610;1893,820;17,665;15;3
3/3;5447;2023-08-17 13:00:00;35827;LH;верх;1903,515;1888,425;13,905;12;1
3/3;5448;2023-08-17 17:00:00;35831;LL;низ;1885,085;1889,250;18,430;4;1
3/3;5449;2023-08-18 01:00:00;35838;LH;верх;1895,230;1892,240;10,145;7;1
3/3;5450;2023-08-18 12:00:00;35849;HL;низ;1888,715;1891,320;6,515;11;2
3/3;5451;2023-08-18 13:00:00;35850;HH;верх;1896,905;1889,630;8,190;1;1
3/3;5452;2023-08-21 02:00:00;35862;LL;низ;1884,885;1888,115;12,020;12;2
3/3;5453;2023-08-21 05:00:00;35865;LH;верх;1894,185;1888,740;9,300;3;1
3/3;5454;2023-08-21 10:00:00;35870;HL;низ;1886,855;1890,105;7,330;5;2
3/3;5455;2023-08-21 13:00:00;35873;HH;верх;1898,825;1892,675;11,970;3;1
3/3;5456;2023-08-21 14:00:00;35874;LL;низ;1885,310;1894,440;13,515;1;1
3/3;5457;2023-08-21 17:00:00;35877;LH;верх;1895,460;1894,895;10,150;3;1
3/3;5458;2023-08-22 00:00:00;35883;HL;низ;1893,740;1896,165;1,720;6;1
3/3;5459;2023-08-22 02:00:00;35885;HH;верх;1897,345;1895,485;3,605;2;1
3/3;5460;2023-08-22 04:00:00;35887;HL;низ;1893,920;1901,555;3,425;2;1
3/3;5461;2023-08-22 10:00:00;35893;HH;верх;1904,550;1890,510;10,630;6;1
3/3;5462;2023-08-22 13:00:00;35896;LL;низ;1889,195;1897,390;15,355;3;1
3/3;5463;2023-08-23 08:00:00;35914;HH;верх;1905,525;1903,365;16,330;18;1
3/3;5464;2023-08-23 10:00:00;35916;HL;низ;1901,305;1918,045;4,220;2;1
3/3;5465;2023-08-23 16:00:00;35922;HH;верх;1920,425;1916,885;19,120;6;1
3/3;5466;2023-08-23 20:00:00;35926;HL;низ;1914,550;1918,715;5,875;4;1
3/3;5467;2023-08-24 06:00:00;35935;HH;верх;1923,000;1919,645;8,450;9;1
3/3;5468;2023-08-24 12:00:00;35941;LL;низ;1911,845;1921,120;11,155;6;1
3/3;5469;2023-08-24 14:00:00;35943;HH;верх;1923,400;1917,185;11,555;2;2
3/3;5470;2023-08-25 06:00:00;35958;HL;низ;1912,855;1916,135;10,545;15;1
3/3;5471;2023-08-25 14:00:00;35966;LH;верх;1922,440;1912,390;9,585;8;1
3/3;5472;2023-08-25 14:00:00;35966;LL;низ;1903,810;1912,390;18,630;0;1
3/3;5473;2023-08-28 06:00:00;35981;LH;верх;1917,830;1914,130;14,020;15;2
3/3;5474;2023-08-28 13:00:00;35988;HL;низ;1912,835;1920,725;4,995;7;2
3/3;5475;2023-08-28 15:00:00;35990;HH;верх;1926,100;1919,620;13,265;2;1
3/3;5476;2023-08-28 17:00:00;35992;HL;низ;1916,945;1920,190;9,155;2;1
3/3;5477;2023-08-29 03:00:00;36001;LH;верх;1925,860;1922,915;8,915;9;1
3/3;5478;2023-08-29 12:00:00;36010;LL;низ;1914,485;1936,755;11,375;9;1
3/3;5479;2023-08-29 17:00:00;36015;HH;верх;1938,235;1937,435;23,750;5;1
3/3;5480;2023-08-30 07:00:00;36028;HL;низ;1934,995;1938,010;3,240;13;2
3/3;5481;2023-08-30 14:00:00;36035;HH;верх;1949,115;1943,755;14,120;7;1
3/3;5482;2023-08-30 20:00:00;36041;HL;низ;1942,155;1945,415;6,960;6;1
3/3;5483;2023-08-31 02:00:00;36046;LH;верх;1947,805;1945,455;5,650;5;1
3/3;5484;2023-08-31 06:00:00;36050;HL;низ;1943,290;1944,845;4,515;4;1
3/3;5485;2023-08-31 12:00:00;36056;HH;верх;1947,955;1940,690;4,665;6;2
3/3;5486;2023-09-01 00:00:00;36067;LL;низ;1938,750;1939,015;9,205;11;2
3/3;5487;2023-09-01 01:00:00;36068;LH;верх;1944,150;1940,070;5,400;1;1
3/3;5488;2023-09-01 04:00:00;36071;LL;низ;1938,270;1943,165;5,880;3;1
3/3;5489;2023-09-01 12:00:00;36079;HH;верх;1953,055;1938,875;14,785;8;1
3/3;5490;2023-09-01 14:00:00;36081;LL;низ;1934,470;1941,210;18,585;2;2
3/3;5491;2023-09-04 06:00:00;36096;LH;верх;1946,335;1941,045;11,865;15;2
3/3;5492;2023-09-05 01:00:00;36112;HL;низ;1935,030;1938,625;11,305;16;2
3/3;5493;2023-09-05 05:00:00;36116;LH;верх;1939,035;1933,490;4,005;4;2
3/3;5494;2023-09-06 01:00:00;36135;LL;низ;1924,270;1927,295;14,765;19;2
3/3;5495;2023-09-06 05:00:00;36139;LH;верх;1928,520;1924,790;4,250;4;1
3/3;5496;2023-09-06 08:00:00;36142;LL;низ;1922,640;1925,460;5,880;3;1
3/3;5497;2023-09-06 13:00:00;36147;HH;верх;1929,245;1920,075;6,605;5;1
3/3;5498;2023-09-06 14:00:00;36148;LL;низ;1915,345;1917,720;13,900;1;2
3/3;5499;2023-09-07 03:00:00;36160;LH;верх;1920,735;1918,490;5,390;12;1
3/3;5500;2023-09-07 07:00:00;36164;HL;низ;1917,165;1920,065;3,570;4;1
3/3;5501;2023-09-07 12:00:00;36169;HH;верх;1923,670;1920,980;6,505;5;1
3/3;5502;2023-09-07 12:00:00;36169;LL;низ;1916,270;1920,980;7,400;0;1
3/3;5503;2023-09-08 14:00:00;36194;HH;верх;1929,750;1920,500;13,480;25;3
3/3;5504;2023-09-10 23:00:00;36202;HL;низ;1916,630;1922,740;13,120;8;2
3/3;5505;2023-09-11 07:00:00;36210;HH;верх;1930,780;1925,850;14,150;8;2
3/3;5506;2023-09-12 01:00:00;36227;HL;низ;1920,365;1922,310;10,415;17;2
3/3;5507;2023-09-12 04:00:00;36230;LH;верх;1924,555;1919,055;4,190;3;1
3/3;5508;2023-09-12 13:00:00;36239;LL;низ;1907,620;1912,370;16,935;9;1
3/3;5509;2023-09-12 16:00:00;36242;LH;верх;1915,100;1913,060;7,480;3;3
3/3;5510;2023-09-13 12:00:00;36261;LL;низ;1905,695;1910,475;9,405;19;2
3/3;5511;2023-09-13 13:00:00;36262;HH;верх;1915,815;1909,460;10,120;1;1
3/3;5512;2023-09-13 23:00:00;36271;HL;низ;1907,580;1910,010;8,235;9;2
3/3;5513;2023-09-14 01:00:00;36273;LH;верх;1912,970;1909,505;5,390;2;1
3/3;5514;2023-09-14 14:00:00;36286;LL;низ;1901,050;1908,780;11,920;13;2
3/3;5515;2023-09-15 06:00:00;36301;HH;верх;1919,665;1918,040;18,615;15;2
3/3;5516;2023-09-15 12:00:00;36307;HL;низ;1916,105;1926,480;3,560;6;1
3/3;5517;2023-09-15 14:00:00;36309;HH;верх;1930,475;1924,800;14,370;2;1
3/3;5518;2023-09-15 19:00:00;36314;HL;низ;1922,420;1923,320;8,055;5;1
3/3;5519;2023-09-18 05:00:00;36323;HH;верх;1930,690;1926,205;8,270;9;1
3/3;5520;2023-09-18 14:00:00;36332;HL;низ;1922,865;1932,220;7,825;9;2
3/3;5521;2023-09-19 00:00:00;36341;HH;верх;1934,620;1932,265;11,755;9;1
3/3;5522;2023-09-19 06:00:00;36347;HL;низ;1929,860;1935,250;4,760;6;1
3/3;5523;2023-09-19 12:00:00;36353;HH;верх;1937,430;1933,175;7,570;6;1
3/3;5524;2023-09-19 18:00:00;36359;LL;низ;1929,800;1931,930;7,630;6;1
3/3;5525;2023-09-19 22:00:00;36362;LH;верх;1932,520;1930,065;2,720;3;1
3/3;5526;2023-09-20 01:00:00;36365;LL;низ;1928,545;1929,830;3,975;3;1
3/3;5527;2023-09-20 06:00:00;36370;LH;верх;1932,385;1931,850;3,840;5;1
3/3;5528;2023-09-20 07:00:00;36371;LL;низ;1927,995;1932,595;4,390;1;1
3/3;5529;2023-09-20 17:00:00;36381;HH;верх;1947,465;1930,620;19,470;10;1
3/3;5530;2023-09-21 01:00:00;36388;LL;низ;1924,255;1928,045;23,210;7;1
3/3;5531;2023-09-21 06:00:00;36393;LH;верх;1930,575;1924,750;6,320;5;1
3/3;5532;2023-09-21 13:00:00;36400;LL;низ;1913,940;1919,575;16,635;7;1
3/3;5533;2023-09-22 07:00:00;36417;LH;верх;1928,765;1924,655;14,825;17;2
3/3;5534;2023-09-22 12:00:00;36422;HL;низ;1924,185;1927,765;4,580;5;1
3/3;5535;2023-09-22 14:00:00;36424;HH;верх;1929,150;1925,585;4,965;2;1
3/3;5536;2023-09-22 18:00:00;36428;HL;низ;1924,390;1925,825;4,760;4;1
3/3;5537;2023-09-24 22:00:00;36431;LH;верх;1926,620;1923,790;2,230;3;1
3/3;5538;2023-09-25 06:00:00;36439;LL;низ;1920,950;1922,855;5,670;8;1
3/3;5539;2023-09-25 07:00:00;36440;HH;верх;1927,245;1924,940;6,295;1;2
3/3;5540;2023-09-26 07:00:00;36463;LL;низ;1909,775;1911,785;17,470;23;3
3/3;5541;2023-09-26 08:00:00;36464;LH;верх;1915,725;1911,630;5,950;1;1
3/3;5542;2023-09-26 18:00:00;36474;LL;низ;1899,155;1900,945;16,570;10;1
3/3;5543;2023-09-27 01:00:00;36480;LH;верх;1903,970;1897,740;4,815;6;1
3/3;5544;2023-09-27 18:00:00;36497;LL;низ;1872,580;1877,035;31,390;17;1
3/3;5545;2023-09-28 00:00:00;36502;LH;верх;1877,970;1874,720;5,390;5;1
3/3;5546;2023-09-28 01:00:00;36503;HL;низ;1873,640;1874,915;4,330;1;1
3/3;5547;2023-09-28 07:00:00;36509;HH;верх;1878,325;1874,990;4,685;6;1
3/3;5548;2023-09-28 08:00:00;36510;HL;низ;1873,735;1876,105;4,590;1;1
3/3;5549;2023-09-28 12:00:00;36514;HH;верх;1879,685;1864,840;5,950;4;1
3/3;5550;2023-09-28 15:00:00;36517;LL;низ;1857,710;1865,650;21,975;3;1
3/3;5551;2023-09-28 19:00:00;36521;LH;верх;1867,380;1866,800;9,670;4;1
3/3;5552;2023-09-29 03:00:00;36528;HL;низ;1863,020;1870,165;4,360;7;2
3/3;5553;2023-09-29 13:00:00;36538;HH;верх;1879,890;1853,715;16,870;10;2
3/3;5554;2023-10-02 05:00:00;36553;LL;низ;1839,290;1839,615;40,600;15;1
3/3;5555;2023-10-02 06:00:00;36554;LH;верх;1846,310;1834,335;7,020;1;1
3/3;5556;2023-10-02 09:00:00;36557;LL;низ;1831,195;1836,335;15,115;3;1
3/3;5557;2023-10-02 12:00:00;36560;LH;верх;1840,650;1832,685;9,455;3;1
3/3;5558;2023-10-03 02:00:00;36573;LL;низ;1815,320;1819,535;25,330;13;2
3/3;5559;2023-10-03 14:00:00;36585;LH;верх;1833,425;1823,665;18,105;12;2
3/3;5560;2023-10-04 06:00:00;36600;HL;низ;1816,790;1822,200;16,635;15;3
3/3;5561;2023-10-04 12:00:00;36606;LH;верх;1830,675;1823,870;13,885;6;1
3/3;5562;2023-10-04 18:00:00;36612;LL;низ;1816,640;1822,420;14,035;6;2
3/3;5563;2023-10-05 04:00:00;36621;LH;верх;1829,225;1820,845;12,585;9;2
3/3;5564;2023-10-05 12:00:00;36629;LL;низ;1813,030;1815,590;16,195;8;2
3/3;5565;2023-10-06 04:00:00;36644;LH;верх;1824,620;1821,440;11,590;15;1
3/3;5566;2023-10-06 12:00:00;36652;LL;низ;1810,465;1832,645;14,155;8;2
3/3;5567;2023-10-08 22:00:00;36661;HH;верх;1855,990;1848,980;45,525;9;2
3/3;5568;2023-10-09 05:00:00;36668;HL;низ;1848,090;1850,540;7,900;7;1
3/3;5569;2023-10-09 06:00:00;36669;LH;верх;1854,445;1851,245;6,355;1;1
3/3;5570;2023-10-09 13:00:00;36676;LL;низ;1844,210;1850,100;10,235;7;1
3/3;5571;2023-10-10 00:00:00;36686;HH;верх;1865,460;1862,525;21,250;10;2
3/3;5572;2023-10-10 12:00:00;36698;HL;низ;1853,045;1861,335;12,415;12;2
3/3;5573;2023-10-10 17:00:00;36703;LH;верх;1862,825;1860,460;9,780;5;2
3/3;5574;2023-10-11 05:00:00;36714;HL;низ;1858,680;1869,625;4,145;11;2
3/3;5575;2023-10-12 12:00:00;36744;HH;верх;1885,160;1872,370;26,480;30;3
3/3;5576;2023-10-12 18:00:00;36750;HL;низ;1867,965;1869,800;17,195;6;1
3/3;5577;2023-10-13 20:00:00;36775;HH;верх;1932,930;1921,710;64,965;25;1
3/3;5578;2023-10-16 07:00:00;36785;HL;низ;1908,235;1918,020;24,695;10;1
3/3;5579;2023-10-16 12:00:00;36790;LH;верх;1924,610;1921,535;16,375;5;1
3/3;5580;2023-10-16 13:00:00;36791;HL;низ;1914,510;1921,930;10,100;1;1
3/3;5581;2023-10-16 17:00:00;36795;LH;верх;1922,840;1920,165;8,330;4;1
3/3;5582;2023-10-16 19:00:00;36797;HL;низ;1917,905;1919,505;4,935;2;1
3/3;5583;2023-10-16 23:00:00;36800;LH;верх;1921,870;1914,825;3,965;3;1
3/3;5584;2023-10-17 02:00:00;36803;LL;низ;1912,460;1916,485;9,410;3;1
3/3;5585;2023-10-17 13:00:00;36814;HH;верх;1931,635;1924,170;19,175;11;1
3/3;5586;2023-10-17 18:00:00;36819;HL;низ;1919,195;1924,915;12,440;5;1
3/3;5587;2023-10-18 02:00:00;36826;HH;верх;1942,865;1937,160;23,670;7;1
3/3;5588;2023-10-18 06:00:00;36830;HL;низ;1935,120;1944,365;7,745;4;1
3/3;5589;2023-10-18 13:00:00;36837;HH;верх;1962,675;1949,915;27,555;7;1
3/3;5590;2023-10-18 15:00:00;36839;HL;низ;1938,325;1950,650;24,350;2;1
3/3;5591;2023-10-19 00:00:00;36847;LH;верх;1953,380;1946,410;15,055;8;1
3/3;5592;2023-10-19 03:00:00;36850;HL;низ;1945,280;1948,065;8,100;3;1
3/3;5593;2023-10-19 23:00:00;36869;HH;верх;1982,545;1979,505;37,265;19;2
3/3;5594;2023-10-20 01:00:00;36871;HL;низ;1972,060;1977,255;10,485;2;3
3/3;5595;2023-10-20 15:00:00;36885;HH;верх;1997,260;1980,275;25,200;14;1
3/3;5596;2023-10-23 00:00:00;36893;LL;низ;1964,425;1973,705;32,835;8;2
3/3;5597;2023-10-23 09:00:00;36902;LH;верх;1982,875;1977,660;18,450;9;1
3/3;5598;2023-10-23 13:00:00;36906;HL;низ;1970,200;1974,505;12,675;4;2
3/3;5599;2023-10-24 02:00:00;36918;LH;верх;1980,900;1976,560;10,700;12;2
3/3;5600;2023-10-24 11:00:00;36927;LL;низ;1953,635;1963,865;27,265;9;1
3/3;5601;2023-10-24 17:00:00;36933;LH;верх;1977,645;1971,025;24,010;6;1
3/3;5602;2023-10-24 22:00:00;36937;HL;низ;1970,115;1976,025;7,530;4;1
3/3;5603;2023-10-25 01:00:00;36940;LH;верх;1977,065;1972,505;6,950;3;2
3/3;5604;2023-10-25 07:00:00;36946;LL;низ;1968,345;1973,135;8,720;6;1
3/3;5605;2023-10-25 13:00:00;36952;HH;верх;1987,310;1978,220;18,965;6;1
3/3;5606;2023-10-25 15:00:00;36954;LL;низ;1963,035;1981,605;24,275;2;1
3/3;5607;2023-10-26 08:00:00;36970;HH;верх;1993,545;1984,680;30,510;16;1
3/3;5608;2023-10-26 14:00:00;36976;HL;низ;1971,890;1987,035;21,655;6;1
3/3;5609;2023-10-26 17:00:00;36979;LH;верх;1989,385;1984,950;17,495;3;1
3/3;5610;2023-10-27 00:00:00;36985;HL;низ;1982,935;1987,925;6,450;6;1
3/3;5611;2023-10-27 04:00:00;36989;HH;верх;1990,025;1987,425;7,090;4;1
3/3;5612;2023-10-27 13:00:00;36998;LL;низ;1976,920;1983,730;13,105;9;1
3/3;5613;2023-10-27 19:00:00;37004;HH;верх;2009,565;2002,825;32,645;6;1
3/3;5614;2023-10-30 08:00:00;37016;HL;низ;1990,970;1995,840;18,595;12;1
3/3;5615;2023-10-30 13:00:00;37021;LH;верх;2002,625;1998,990;11,655;5;1
3/3;5616;2023-10-30 14:00:00;37022;HL;низ;1992,005;1997,990;10,620;1;2
3/3;5617;2023-10-31 01:00:00;37032;LH;верх;1997,350;1992,805;5,345;10;1
3/3;5618;2023-10-31 04:00:00;37035;LL;низ;1990,620;1996,290;6,730;3;1
3/3;5619;2023-10-31 14:00:00;37045;HH;верх;2007,990;1984,240;17,370;10;1
3/3;5620;2023-11-01 04:00:00;37058;LL;низ;1975,240;1977,125;32,750;13;2
3/3;5621;2023-11-01 14:00:00;37068;LH;верх;1992,085;1977,850;16,845;10;1
3/3;5622;2023-11-01 18:00:00;37072;LL;низ;1969,910;1983,920;22,175;4;1
3/3;5623;2023-11-02 01:00:00;37078;LH;верх;1988,225;1986,140;18,315;6;1
3/3;5624;2023-11-02 03:00:00;37080;HL;низ;1983,455;1985,815;4,770;2;2
3/3;5625;2023-11-02 13:00:00;37090;HH;верх;1991,060;1981,865;7,605;10;1
3/3;5626;2023-11-02 15:00:00;37092;LL;низ;1978,915;1986,020;12,145;2;1
3/3;5627;2023-11-02 17:00:00;37094;LH;верх;1986,675;1985,910;7,760;2;2
3/3;5628;2023-11-03 01:00:00;37101;HL;низ;1983,340;1985,890;3,335;7;1
3/3;5629;2023-11-03 02:00:00;37102;HH;верх;1987,930;1987,175;4,590;1;1
3/3;5630;2023-11-03 07:00:00;37107;HL;низ;1984,490;1988,335;3,440;5;1
3/3;5631;2023-11-03 12:00:00;37112;HH;верх;2004,100;1991,785;19,610;5;1
3/3;5632;2023-11-03 12:00:00;37112;HL;низ;1985,485;1991,785;18,615;0;1
3/3;5633;2023-11-03 19:00:00;37119;LH;верх;1995,175;1991,175;9,690;7;2
3/3;5634;2023-11-06 03:00:00;37125;LL;низ;1982,040;1984,390;13,135;6;2
3/3;5635;2023-11-06 13:00:00;37135;LH;верх;1989,165;1983,555;7,125;10;1
3/3;5636;2023-11-07 13:00:00;37158;LL;низ;1956,760;1964,735;32,405;23;1
3/3;5637;2023-11-08 02:00:00;37170;LH;верх;1971,100;1965,630;14,340;12;3
3/3;5638;2023-11-08 05:00:00;37173;HL;низ;1965,045;1968,285;6,055;3;1
3/3;5639;2023-11-08 06:00:00;37174;LH;верх;1969,170;1965,560;4,125;1;1
3/3;5640;2023-11-08 10:00:00;37178;LL;низ;1959,595;1964,870;9,575;4;1
3/3;5641;2023-11-08 13:00:00;37181;LH;верх;1966,710;1954,920;7,115;3;1
3/3;5642;2023-11-08 20:00:00;37188;LL;низ;1947,480;1952,140;19,230;7;2
3/3;5643;2023-11-09 01:00:00;37192;LH;верх;1954,725;1949,590;7,245;4;1
3/3;5644;2023-11-09 03:00:00;37194;HL;низ;1947,880;1949,360;6,845;2;1
3/3;5645;2023-11-09 07:00:00;37198;LH;верх;1950,580;1947,075;2,700;4;1
3/3;5646;2023-11-09 08:00:00;37199;LL;низ;1944,725;1948,835;5,855;1;2
3/3;5647;2023-11-09 18:00:00;37209;HH;верх;1965,700;1958,260;20,975;10;1
3/3;5648;2023-11-09 19:00:00;37210;HL;низ;1956,230;1959,235;9,470;1;1
3/3;5649;2023-11-10 01:00:00;37215;LH;верх;1960,835;1957,835;4,605;5;1
3/3;5650;2023-11-10 18:00:00;37232;LL;низ;1933,030;1938,385;27,805;17;1
3/3;5651;2023-11-12 23:00:00;37236;LH;верх;1943,900;1937,630;10,870;4;1
3/3;5652;2023-11-13 03:00:00;37240;HL;низ;1934,075;1938,750;9,825;4;1
3/3;5653;2023-11-13 07:00:00;37244;LH;верх;1941,295;1939,605;7,220;4;1
3/3;5654;2023-11-13 15:00:00;37252;LL;низ;1931,685;1947,960;9,610;8;1
3/3;5655;2023-11-13 17:00:00;37254;HH;верх;1949,210;1946,720;17,525;2;2
3/3;5656;2023-11-14 13:00:00;37273;HL;низ;1941,535;1964,250;7,675;19;2
3/3;5657;2023-11-14 14:00:00;37274;HH;верх;1971,050;1962,245;29,515;1;1
3/3;5658;2023-11-15 01:00:00;37284;HL;низ;1961,660;1967,580;9,390;10;2
3/3;5659;2023-11-15 13:00:00;37296;HH;верх;1975,425;1962,390;13,765;12;1
3/3;5660;2023-11-15 14:00:00;37297;LL;низ;1955,490;1961,510;19,935;1;2
3/3;5661;2023-11-16 09:00:00;37315;LH;верх;1968,615;1964,370;13,125;18;1
3/3;5662;2023-11-16 12:00:00;37318;HL;низ;1962,155;1984,985;6,460;3;1
3/3;5663;2023-11-16 16:00:00;37322;HH;верх;1988,000;1983,350;25,845;4;1
3/3;5664;2023-11-16 21:00:00;37327;HL;низ;1980,695;1983,535;7,305;5;2
3/3;5665;2023-11-17 10:00:00;37339;HH;верх;1993,490;1984,835;12,795;12;1
3/3;5666;2023-11-20 00:00:00;37352;LL;низ;1973,415;1982,320;20,075;13;2
3/3;5667;2023-11-20 02:00:00;37354;LH;верх;1985,250;1980,760;11,835;2;1
3/3;5668;2023-11-20 14:00:00;37366;LL;низ;1965,495;1973,885;19,755;12;1
3/3;5669;2023-11-21 08:00:00;37383;HH;верх;1994,355;1987,305;28,860;17;3
3/3;5670;2023-11-21 09:00:00;37384;HL;низ;1984,320;1989,190;10,035;1;1
3/3;5671;2023-11-21 15:00:00;37390;HH;верх;2007,650;1998,745;23,330;6;1
3/3;5672;2023-11-22 02:00:00;37400;HL;низ;1995,525;1998,880;12,125;10;2
3/3;5673;2023-11-22 08:00:00;37406;LH;верх;2006,455;2000,685;10,930;6;1
3/3;5674;2023-11-22 18:00:00;37416;LL;низ;1986,965;1989,885;19,490;10;1
3/3;5675;2023-11-23 07:00:00;37428;LH;верх;1998,570;1993,590;11,605;12;3
3/3;5676;2023-11-23 16:00:00;37437;HL;низ;1989,895;1992,890;8,675;9;1
3/3;5677;2023-11-24 01:00:00;37443;LH;верх;1995,005;1993,825;5,110;6;1
3/3;5678;2023-11-24 01:00:00;37443;HL;низ;1991,490;1993,825;3,515;0;1
3/3;5679;2023-11-27 01:00:00;37463;HH;верх;2018,325;2013,010;26,835;20;4
3/3;5680;2023-11-27 16:00:00;37478;HL;низ;2005,760;2012,925;12,565;15;1
3/3;5681;2023-11-28 00:00:00;37485;LH;верх;2018,140;2015,030;12,380;7;1
3/3;5682;2023-11-28 13:00:00;37498;HL;низ;2011,685;2039,790;6,455;13;2
3/3;5683;2023-11-29 01:00:00;37509;HH;верх;2052,060;2046,280;40,375;11;2
3/3;5684;2023-11-29 09:00:00;37517;HL;низ;2035,320;2041,475;16,740;8;2
3/3;5685;2023-11-29 19:00:00;37527;LH;верх;2049,585;2044,740;14,265;10;4
3/3;5686;2023-11-30 14:00:00;37545;LL;низ;2031,530;2037,055;18,055;18;1
3/3;5687;2023-12-01 01:00:00;37555;LH;верх;2043,485;2040,260;11,955;10;2
3/3;5688;2023-12-01 03:00:00;37557;HL;низ;2038,745;2040,585;4,740;2;1
3/3;5689;2023-12-01 09:00:00;37563;HH;верх;2049,910;2036,075;11,165;6;1
3/3;5690;2023-12-01 12:00:00;37566;LL;низ;2033,940;2049,375;15,970;3;1
3/3;5691;2023-12-03 23:00:00;37576;HH;верх;2148,990;2088,225;115,050;10;3
3/3;5692;2023-12-04 15:00:00;37592;LL;низ;2020,135;2024,435;128,855;16;2
3/3;5693;2023-12-05 00:00:00;37600;LH;верх;2041,300;2037,430;21,165;8;1
3/3;5694;2023-12-05 04:00:00;37604;HL;низ;2030,500;2032,770;10,800;4;1
3/3;5695;2023-12-05 08:00:00;37608;LH;верх;2039,635;2024,835;9,135;4;2
3/3;5696;2023-12-05 15:00:00;37615;LL;низ;2009,936;2018,170;29,699;7;2
3/3;5697;2023-12-06 07:00:00;37630;LH;верх;2035,970;2022,900;26,034;15;1
3/3;5698;2023-12-06 11:00:00;37634;HL;низ;2020,255;2025,215;15,715;4;1
3/3;5699;2023-12-06 14:00:00;37637;LH;верх;2033,095;2029,555;12,840;3;1
3/3;5700;2023-12-06 21:00:00;37644;HL;низ;2024,505;2026,240;8,590;7;1
3/3;5701;2023-12-07 02:00:00;37648;LH;верх;2030,120;2026,880;5,615;4;1
3/3;5702;2023-12-07 05:00:00;37651;HL;низ;2025,295;2033,005;4,825;3;1
3/3;5703;2023-12-07 13:00:00;37659;HH;верх;2039,975;2026,465;14,680;8;1
3/3;5704;2023-12-07 17:00:00;37663;LL;низ;2020,235;2029,400;19,740;4;1
3/3;5705;2023-12-07 18:00:00;37664;LH;верх;2032,030;2028,515;11,795;1;1
3/3;5706;2023-12-07 23:00:00;37668;HL;низ;2026,905;2032,570;5,125;4;1
3/3;5707;2023-12-08 03:00:00;37672;HH;верх;2034,065;2030,515;7,160;4;1
3/3;5708;2023-12-08 08:00:00;37677;LL;низ;2026,580;2030,020;7,485;5;1
3/3;5709;2023-12-08 10:00:00;37679;LH;верх;2032,465;2018,660;5,885;2;1
3/3;5710;2023-12-08 17:00:00;37686;LL;низ;1994,740;2002,870;37,725;7;1
3/3;5711;2023-12-11 00:00:00;37692;LH;верх;2007,850;1997,005;13,110;6;2
3/3;5712;2023-12-11 18:00:00;37710;LL;низ;1975,895;1981,840;31,955;18;1
3/3;5713;2023-12-12 00:00:00;37715;LH;верх;1989,720;1985,570;13,825;5;2
3/3;5714;2023-12-12 09:00:00;37724;HL;низ;1982,765;1988,360;6,955;9;1
3/3;5715;2023-12-12 13:00:00;37728;HH;верх;1996,760;1981,020;13,995;4;1
3/3;5716;2023-12-12 17:00:00;37732;LL;низ;1977,280;1979,615;19,480;4;1
3/3;5717;2023-12-12 23:00:00;37737;LH;верх;1982,890;1979,520;5,610;5;1
3/3;5718;2023-12-13 06:00:00;37744;LL;низ;1973,090;1982,545;9,800;7;1
3/3;5719;2023-12-13 13:00:00;37751;HH;верх;1986,815;1981,430;13,725;7;1
3/3;5720;2023-12-13 15:00:00;37753;HL;низ;1978,535;1982,350;8,280;2;1
3/3;5721;2023-12-14 00:00:00;37761;HH;верх;2039,345;2031,085;60,810;8;1
3/3;5722;2023-12-14 07:00:00;37768;HL;низ;2029,315;2034,110;10,030;7;1
3/3;5723;2023-12-14 08:00:00;37769;HH;верх;2040,395;2035,165;11,080;1;1
3/3;5724;2023-12-14 13:00:00;37774;LL;низ;2027,620;2039,555;12,775;5;1
3/3;5725;2023-12-14 14:00:00;37775;HH;верх;2047,935;2036,190;20,315;1;1
3/3;5726;2023-12-14 18:00:00;37779;HL;низ;2029,160;2036,265;18,775;4;1
3/3;5727;2023-12-14 23:00:00;37783;LH;верх;2038,760;2036,170;9,600;4;1
3/3;5728;2023-12-15 00:00:00;37784;HL;низ;2031,400;2035,920;7,360;1;1
3/3;5729;2023-12-15 12:00:00;37796;HH;верх;2044,945;2035,215;13,545;12;1
3/3;5730;2023-12-15 19:00:00;37803;LL;низ;2015,650;2017,465;29,295;7;2
3/3;5731;2023-12-18 09:00:00;37816;LH;верх;2027,370;2023,630;11,720;13;1
3/3;5732;2023-12-18 11:00:00;37818;HL;низ;2018,800;2024,270;8,570;2;2
3/3;5733;2023-12-18 18:00:00;37825;HH;верх;2033,750;2027,240;14,950;7;2
3/3;5734;2023-12-19 04:00:00;37834;HL;низ;2021,750;2024,875;12,000;9;1
3/3;5735;2023-12-19 16:00:00;37846;HH;верх;2047,030;2039,605;25,280;12;2
3/3;5736;2023-12-19 18:00:00;37848;HL;низ;2036,755;2040,245;10,275;2;1
3/3;5737;2023-12-19 23:00:00;37852;LH;верх;2041,745;2040,120;4,990;4;1
3/3;5738;2023-12-20 02:00:00;37855;HL;низ;2036,815;2041,310;4,930;3;1
3/3;5739;2023-12-20 07:00:00;37860;HH;верх;2043,535;2036,010;6,720;5;1
3/3;5740;2023-12-20 13:00:00;37866;LL;низ;2029,630;2034,830;13,905;6;1
3/3;5741;2023-12-20 14:00:00;37867;LH;верх;2039,890;2034,750;10,260;1;2
3/3;5742;2023-12-20 21:00:00;37874;LL;низ;2027,485;2035,515;12,405;7;1
3/3;5743;2023-12-21 13:00:00;37889;HH;верх;2046,105;2041,780;18,620;15;2
3/3;5744;2023-12-21 13:00:00;37889;HL;низ;2032,355;2041,780;13,750;0;1
3/3;5745;2023-12-21 23:00:00;37898;HH;верх;2055,075;2050,230;22,720;9;1
3/3;5746;2023-12-22 06:00:00;37905;HL;низ;2047,180;2053,520;7,895;7;1
3/3;5747;2023-12-22 15:00:00;37914;HH;верх;2070,705;2057,255;23,525;9;1
3/3;5748;2023-12-22 16:00:00;37915;HL;низ;2051,210;2054,055;19,495;1;1
3/3;5749;2023-12-26 02:00:00;37924;LH;верх;2065,225;2062,900;14,015;9;2
3/3;5750;2023-12-26 14:00:00;37936;HL;низ;2054,585;2057,835;10,640;12;2
3/3;5751;2023-12-26 21:00:00;37943;HH;верх;2069,085;2066,760;14,500;7;1
3/3;5752;2023-12-27 10:00:00;37955;HL;низ;2061,510;2068,360;7,575;12;2
3/3;5753;2023-12-28 02:00:00;37970;HH;верх;2088,545;2085,820;27,035;15;3
3/3;5754;2023-12-28 12:00:00;37980;HL;низ;2071,400;2077,330;17,145;10;1
3/3;5755;2023-12-28 15:00:00;37983;LH;верх;2081,185;2072,800;9,785;3;1
3/3;5756;2023-12-28 21:00:00;37989;LL;низ;2064,725;2070,805;16,460;6;1
3/3;5757;2023-12-29 07:00:00;37998;LH;верх;2074,845;2064,815;10,120;9;2
3/3;5758;2023-12-29 13:00:00;38004;LL;низ;2058,275;2066,185;16,570;6;1
3/3;5759;2023-12-29 17:00:00;38008;LH;верх;2068,220;2063,230;9,945;4;1
3/3;5760;2023-12-29 18:00:00;38009;HL;низ;2061,215;2062,970;7,005;1;2
3/3;5761;2024-01-02 09:00:00;38023;HH;верх;2078,975;2068,005;17,760;14;1
3/3;5762;2024-01-02 15:00:00;38029;LL;низ;2055,890;2061,255;23,085;6;2
3/3;5763;2024-01-03 05:00:00;38042;LH;верх;2066,005;2060,160;10,115;13;2
3/3;5764;2024-01-03 19:00:00;38056;LL;низ;2030,695;2043,050;35,310;14;2
3/3;5765;2024-01-04 09:00:00;38069;LH;верх;2051,015;2046,025;20,320;13;1
3/3;5766;2024-01-04 14:00:00;38074;HL;низ;2036,300;2043,305;14,715;5;1
3/3;5767;2024-01-05 01:00:00;38084;LH;верх;2048,330;2044,740;12,030;10;3
3/3;5768;2024-01-05 13:00:00;38096;LL;низ;2024,525;2045,100;23,805;12;1
3/3;5769;2024-01-05 15:00:00;38098;HH;верх;2064,035;2048,245;39,510;2;2
3/3;5770;2024-01-08 11:00:00;38117;LL;низ;2016,820;2026,465;47,215;19;2
3/3;5771;2024-01-08 16:00:00;38122;LH;верх;2036,930;2029,430;20,110;5;1
3/3;5772;2024-01-08 20:00:00;38126;HL;низ;2026,150;2034,410;10,780;4;1
3/3;5773;2024-01-09 02:00:00;38131;LH;верх;2035,910;2032,855;9,760;5;1
3/3;5774;2024-01-09 05:00:00;38134;HL;низ;2030,415;2034,325;5,495;3;1
3/3;5775;2024-01-09 13:00:00;38142;HH;верх;2042,035;2031,275;11,620;8;1
3/3;5776;2024-01-09 16:00:00;38145;LL;низ;2026,185;2028,925;15,850;3;2
3/3;5777;2024-01-10 02:00:00;38154;LH;верх;2032,940;2026,745;6,755;9;1
3/3;5778;2024-01-10 06:00:00;38158;LL;низ;2023,950;2035,790;8,990;4;1
3/3;5779;2024-01-10 10:00:00;38162;HH;верх;2040,300;2030,375;16,350;4;1
3/3;5780;2024-01-10 19:00:00;38171;LL;низ;2020,525;2026,840;19,775;9;1
3/3;5781;2024-01-11 07:00:00;38182;LH;верх;2035,810;2032,110;15,285;11;1
3/3;5782;2024-01-11 09:00:00;38184;HL;низ;2030,260;2032,475;5,550;2;1
3/3;5783;2024-01-11 13:00:00;38188;HH;верх;2045,170;2016,750;14,910;4;1
3/3;5784;2024-01-11 17:00:00;38192;LL;низ;2013,390;2027,620;31,780;4;1
3/3;5785;2024-01-12 14:00:00;38212;HH;верх;2062,310;2043,990;48,920;20;2
3/3;5786;2024-01-12 17:00:00;38215;HL;низ;2041,505;2047,530;20,805;3;2
3/3;5787;2024-01-15 08:00:00;38229;LH;верх;2058,670;2053,405;17,165;14;2
3/3;5788;2024-01-15 15:00:00;38236;HL;низ;2049,315;2054,465;9,355;7;1
3/3;5789;2024-01-15 17:00:00;38238;LH;верх;2056,405;2054,080;7,090;2;3
3/3;5790;2024-01-16 18:00:00;38260;LL;низ;2024,330;2028,505;32,075;22;2
3/3;5791;2024-01-17 02:00:00;38267;LH;верх;2032,980;2020,730;8,650;7;1
3/3;5792;2024-01-17 06:00:00;38271;LL;низ;2017,690;2023,910;15,290;4;1
3/3;5793;2024-01-17 12:00:00;38277;LH;верх;2029,060;2008,950;11,370;6;1
3/3;5794;2024-01-17 18:00:00;38283;LL;низ;2001,895;2006,335;27,165;6;1
3/3;5795;2024-01-18 01:00:00;38289;LH;верх;2012,200;2008,185;10,305;6;1
3/3;5796;2024-01-18 05:00:00;38293;HL;низ;2005,835;2009,785;6,365;4;1
3/3;5797;2024-01-18 07:00:00;38295;HH;верх;2014,205;2011,690;8,370;2;1
3/3;5798;2024-01-18 09:00:00;38297;HL;низ;2008,230;2015,080;5,975;2;1
3/3;5799;2024-01-18 12:00:00;38300;HH;верх;2017,305;2013,685;9,075;3;1
3/3;5800;2024-01-18 13:00:00;38301;LL;низ;2007,500;2014,950;9,805;1;1
3/3;5801;2024-01-19 01:00:00;38312;HH;верх;2025,630;2021,170;18,130;11;1
3/3;5802;2024-01-19 05:00:00;38316;HL;низ;2020,475;2029,790;5,155;4;1
3/3;5803;2024-01-19 13:00:00;38324;HH;верх;2039,415;2024,920;18,940;8;1
3/3;5804;2024-01-19 15:00:00;38326;HL;низ;2023,200;2027,940;16,215;2;2
3/3;5805;2024-01-22 01:00:00;38335;LH;верх;2032,175;2025,555;8,975;9;1
3/3;5806;2024-01-22 07:00:00;38341;LL;низ;2019,145;2022,900;13,030;6;1
3/3;5807;2024-01-22 12:00:00;38346;LH;верх;2030,180;2024,195;11,035;5;1
3/3;5808;2024-01-22 14:00:00;38348;LL;низ;2016,605;2021,590;13,575;2;3
3/3;5809;2024-01-23 07:00:00;38364;HH;верх;2037,975;2025,175;21,370;16;2
3/3;5810;2024-01-23 14:00:00;38371;HL;низ;2021,475;2024,340;16,500;7;1
3/3;5811;2024-01-23 19:00:00;38376;LH;верх;2030,720;2029,415;9,245;5;1
3/3;5812;2024-01-24 05:00:00;38385;HL;низ;2022,890;2031,005;7,830;9;1
3/3;5813;2024-01-24 13:00:00;38393;HH;верх;2036,735;2015,370;13,845;8;1
3/3;5814;2024-01-24 19:00:00;38399;LL;низ;2011,275;2016,405;25,460;6;1
3/3;5815;2024-01-24 23:00:00;38402;LH;верх;2017,710;2015,320;6,435;3;1
3/3;5816;2024-01-25 13:00:00;38416;LL;низ;2009,445;2014,645;8,265;14;2
3/3;5817;2024-01-25 14:00:00;38417;HH;верх;2025,320;2015,065;15,875;1;1
3/3;5818;2024-01-25 17:00:00;38420;HL;низ;2012,545;2020,190;12,775;3;1
3/3;5819;2024-01-25 23:00:00;38425;HH;верх;2025,900;2022,030;13,355;5;1
3/3;5820;2024-01-26 09:00:00;38435;HL;низ;2018,245;2021,335;7,655;10;1
3/3;5821;2024-01-26 13:00:00;38439;HH;верх;2026,900;2018,230;8,655;4;1
3/3;5822;2024-01-26 16:00:00;38442;LL;низ;2015,995;2017,075;10,905;3;1
3/3;5823;2024-01-29 13:00:00;38462;HH;верх;2037,610;2027,170;21,615;20;3
3/3;5824;2024-01-29 15:00:00;38464;HL;низ;2020,610;2025,885;17,000;2;1
3/3;5825;2024-01-30 07:00:00;38479;HH;верх;2040,575;2035,645;19,965;15;2
3/3;5826;2024-01-30 11:00:00;38483;HL;низ;2031,370;2046,655;9,205;4;1
3/3;5827;2024-01-30 14:00:00;38486;HH;верх;2048,630;2034,050;17,260;3;1
3/3;5828;2024-01-30 15:00:00;38487;LL;низ;2029,100;2032,840;19,530;1;1
3/3;5829;2024-01-31 00:00:00;38495;LH;верх;2038,695;2033,935;9,595;8;2
3/3;5830;2024-01-31 02:00:00;38497;HL;низ;2032,900;2035,145;5,795;2;1
3/3;5831;2024-01-31 08:00:00;38503;HH;верх;2040,480;2037,350;7,580;6;1
3/3;5832;2024-01-31 13:00:00;38508;HL;низ;2036,090;2050,050;4,390;5;1
3/3;5833;2024-01-31 15:00:00;38510;HH;верх;2056,070;2046,445;19,980;2;1
3/3;5834;2024-01-31 20:00:00;38515;LL;низ;2030,940;2040,800;25,130;5;1
3/3;5835;2024-02-01 02:00:00;38520;LH;верх;2049,710;2044,575;18,770;5;1
3/3;5836;2024-02-01 11:00:00;38529;LL;низ;2030,070;2046,185;19,640;9;1
3/3;5837;2024-02-01 16:00:00;38534;HH;верх;2065,530;2054,780;35,460;5;2
3/3;5838;2024-02-02 02:00:00;38543;HL;низ;2051,980;2055,585;13,550;9;1
3/3;5839;2024-02-02 07:00:00;38548;LH;верх;2056,995;2054,745;5,015;5;1
3/3;5840;2024-02-02 09:00:00;38550;HL;низ;2052,740;2055,255;4,255;2;1
3/3;5841;2024-02-02 13:00:00;38554;HH;верх;2057,705;2036,310;4,965;4;1
3/3;5842;2024-02-02 14:00:00;38555;LL;низ;2027,870;2035,315;29,835;1;1
3/3;5843;2024-02-04 23:00:00;38563;LH;верх;2042,315;2033,560;14,445;8;1
3/3;5844;2024-02-05 09:00:00;38573;LL;низ;2020,730;2022,710;21,585;10;1
3/3;5845;2024-02-05 11:00:00;38575;LH;верх;2028,425;2023,600;7,695;2;1
3/3;5846;2024-02-05 14:00:00;38578;LL;низ;2014,960;2025,685;13,465;3;1
3/3;5847;2024-02-05 19:00:00;38583;LH;верх;2027,605;2025,145;12,645;5;1
3/3;5848;2024-02-05 23:00:00;38586;HL;низ;2023,815;2026,060;3,790;3;1
3/3;5849;2024-02-06 01:00:00;38588;HH;верх;2028,675;2026,390;4,860;2;1
3/3;5850;2024-02-06 03:00:00;38590;LL;низ;2023,545;2026,700;5,130;2;1
3/3;5851;2024-02-06 05:00:00;38592;HH;верх;2029,855;2023,885;6,310;2;1
3/3;5852;2024-02-06 09:00:00;38596;LL;низ;2022,975;2027,835;6,880;4;1
3/3;5853;2024-02-06 16:00:00;38603;HH;верх;2038,945;2036,090;15,970;7;2
3/3;5854;2024-02-07 12:00:00;38622;HL;низ;2030,645;2038,410;8,300;19;2
3/3;5855;2024-02-07 14:00:00;38624;HH;верх;2044,655;2035,685;14,010;2;1
3/3;5856;2024-02-07 21:00:00;38631;HL;низ;2033,760;2037,305;10,895;7;1
3/3;5857;2024-02-08 02:00:00;38635;LH;верх;2038,785;2033,585;5,025;4;2
3/3;5858;2024-02-08 14:00:00;38647;LL;низ;2020,250;2031,745;18,535;12;1
3/3;5859;2024-02-08 18:00:00;38651;LH;верх;2035,360;2034,210;15,110;4;1
3/3;5860;2024-02-09 00:00:00;38656;HL;низ;2031,980;2033,615;3,380;5;1
3/3;5861;2024-02-09 02:00:00;38658;LH;верх;2035,175;2032,925;3,195;2;2
3/3;5862;2024-02-09 08:00:00;38664;LL;низ;2030,575;2031,575;4,600;6;1
3/3;5863;2024-02-09 13:00:00;38669;HH;верх;2037,250;2021,665;6,675;5;1
3/3;5864;2024-02-09 16:00:00;38672;LL;низ;2020,350;2024,810;16,900;3;1
3/3;5865;2024-02-11 23:00:00;38678;LH;верх;2026,805;2022,485;6,455;6;1
3/3;5866;2024-02-12 03:00:00;38682;HL;низ;2021,930;2024,265;4,875;4;1
3/3;5867;2024-02-12 13:00:00;38692;HH;верх;2027,665;2015,995;5,735;10;2
3/3;5868;2024-02-12 16:00:00;38695;LL;низ;2011,945;2019,225;15,720;3;1
3/3;5869;2024-02-12 18:00:00;38697;LH;верх;2021,610;2020,010;9,665;2;2
3/3;5870;2024-02-13 03:00:00;38705;HL;низ;2016,980;2023,735;4,630;8;1
3/3;5871;2024-02-13 13:00:00;38715;HH;верх;2031,588;1994,975;14,608;10;1
3/3;5872;2024-02-14 01:00:00;38726;LL;низ;1988,895;1992,440;42,693;11;2
3/3;5873;2024-02-14 02:00:00;38727;LH;верх;1993,645;1993,020;4,750;1;1
3/3;5874;2024-02-14 08:00:00;38733;LL;низ;1986,080;1992,345;7,565;6;1
3/3;5875;2024-02-14 10:00:00;38735;LH;верх;1993,475;1989,205;7,395;2;1
3/3;5876;2024-02-14 15:00:00;38740;LL;низ;1984,305;1991,760;9,170;5;1
3/3;5877;2024-02-14 18:00:00;38743;HH;верх;1996,155;1992,365;11,850;3;1
3/3;5878;2024-02-14 20:00:00;38745;HL;низ;1989,695;1993,770;6,460;2;1
3/3;5879;2024-02-15 01:00:00;38749;LH;верх;1994,395;1992,095;4,700;4;1
3/3;5880;2024-02-15 03:00:00;38751;HL;низ;1990,325;1993,300;4,070;2;2
3/3;5881;2024-02-15 14:00:00;38762;HH;верх;2008,340;2003,675;18,015;11;2
3/3;5882;2024-02-16 00:00:00;38771;HL;низ;2002,420;2004,380;5,920;9;1
3/3;5883;2024-02-16 01:00:00;38772;LH;верх;2005,710;2003,705;3,290;1;1
3/3;5884;2024-02-16 13:00:00;38784;LL;низ;1995,160;2009,270;10,550;12;3
3/3;5885;2024-02-19 07:00:00;38801;HH;верх;2023,070;2018,990;27,910;17;2
3/3;5886;2024-02-19 16:00:00;38810;HL;низ;2013,310;2017,945;9,760;9;1
3/3;5887;2024-02-19 17:00:00;38811;LH;верх;2018,580;2016,260;5,270;1;1
3/3;5888;2024-02-20 00:00:00;38815;HL;низ;2015,120;2018,350;3,460;4;1
3/3;5889;2024-02-20 14:00:00;38829;HH;верх;2030,920;2028,735;15,800;14;1
3/3;5890;2024-02-21 00:00:00;38838;HL;низ;2023,010;2030,600;7,910;9;1
3/3;5891;2024-02-21 05:00:00;38843;HH;верх;2032,330;2026,620;9,320;5;1
3/3;5892;2024-02-21 09:00:00;38847;HL;низ;2025,985;2029,510;6,345;4;1
3/3;5893;2024-02-21 13:00:00;38851;LH;верх;2031,600;2024,005;5,615;4;1
3/3;5894;2024-02-21 19:00:00;38857;LL;низ;2020,095;2025,790;11,505;6;1
3/3;5895;2024-02-21 20:00:00;38858;LH;верх;2027,045;2026,520;6,950;1;1
3/3;5896;2024-02-22 04:00:00;38865;HL;низ;2025,600;2031,525;1,445;7;1
3/3;5897;2024-02-22 08:00:00;38869;HH;верх;2034,945;2029,080;9,345;4;1
3/3;5898;2024-02-22 18:00:00;38879;LL;низ;2019,715;2024,355;15,230;10;1
3/3;5899;2024-02-23 02:00:00;38886;LH;верх;2027,460;2022,495;7,745;7;1
3/3;5900;2024-02-23 09:00:00;38893;LL;низ;2016,125;2028,090;11,335;7;1
3/3;5901;2024-02-23 18:00:00;38902;HH;верх;2041,410;2035,375;25,285;9;1
3/3;5902;2024-02-26 01:00:00;38908;HL;низ;2029,965;2032,310;11,445;6;1
3/3;5903;2024-02-26 08:00:00;38915;LH;верх;2037,130;2030,990;7,165;7;1
3/3;5904;2024-02-26 15:00:00;38922;LL;низ;2025,115;2029,350;12,015;7;1
3/3;5905;2024-02-27 08:00:00;38938;HH;верх;2039,510;2038,295;14,395;16;3
3/3;5906;2024-02-27 20:00:00;38950;HL;низ;2028,855;2030,895;10,655;12;1
3/3;5907;2024-02-28 01:00:00;38954;LH;верх;2033,785;2030,255;4,930;4;2
3/3;5908;2024-02-28 10:00:00;38963;LL;низ;2024,555;2035,855;9,230;9;1
3/3;5909;2024-02-28 14:00:00;38967;HH;верх;2037,950;2033,850;13,395;4;1
3/3;5910;2024-02-28 19:00:00;38972;HL;низ;2030,875;2034,730;7,075;5;1
3/3;5911;2024-02-29 02:00:00;38978;LH;верх;2037,160;2035,720;6,285;6;1
3/3;5912;2024-02-29 05:00:00;38981;HL;низ;2034,485;2037,285;2,675;3;1
3/3;5913;2024-02-29 07:00:00;38983;HH;верх;2037,890;2030,890;3,405;2;1
3/3;5914;2024-02-29 12:00:00;38988;LL;низ;2028,165;2048,150;9,725;5;1
3/3;5915;2024-02-29 15:00:00;38991;HH;верх;2050,745;2046,340;22,580;3;1
3/3;5916;2024-03-01 08:00:00;39007;HL;низ;2039,110;2055,465;11,635;16;3
3/3;5917;2024-03-01 11:00:00;39010;HH;верх;2057,555;2046,480;18,445;3;1
3/3;5918;2024-03-01 14:00:00;39013;HL;низ;2045,670;2084,885;11,885;3;1
3/3;5919;2024-03-01 18:00:00;39017;HH;верх;2088,380;2082,730;42,710;4;1
3/3;5920;2024-03-04 01:00:00;39023;HL;низ;2079,530;2080,880;8,850;6;1
3/3;5921;2024-03-04 07:00:00;39029;LH;верх;2088,380;2083,985;8,850;6;1
3/3;5922;2024-03-04 13:00:00;39035;HL;низ;2081,185;2119,350;7,195;6;1
3/3;5923;2024-03-04 16:00:00;39038;HH;верх;2119,975;2116,365;38,790;3;1
3/3;5924;2024-03-05 01:00:00;39046;HL;низ;2110,530;2115,975;9,445;8;1
3/3;5925;2024-03-05 13:00:00;39058;HH;верх;2141,880;2128,375;31,350;12;2
3/3;5926;2024-03-06 03:00:00;39071;HL;низ;2123,765;2127,385;18,115;13;1
3/3;5927;2024-03-06 07:00:00;39075;LH;верх;2131,595;2125,695;7,830;4;1
3/3;5928;2024-03-06 08:00:00;39076;HL;низ;2124,420;2132,560;7,175;1;1
3/3;5929;2024-03-06 18:00:00;39086;HH;верх;2152,250;2148,150;27,830;10;1
3/3;5930;2024-03-06 19:00:00;39087;HL;низ;2139,505;2147,440;12,745;1;2
3/3;5931;2024-03-07 13:00:00;39104;HH;верх;2164,800;2156,270;25,295;17;3
3/3;5932;2024-03-07 14:00:00;39105;HL;низ;2147,985;2158,305;16,815;1;1
3/3;5933;2024-03-08 00:00:00;39114;LH;верх;2163,650;2157,690;15,665;9;1
3/3;5934;2024-03-08 03:00:00;39117;HL;низ;2154,060;2161,295;9,590;3;1
3/3;5935;2024-03-08 13:00:00;39127;HH;верх;2185,485;2180,760;31,425;10;2
3/3;5936;2024-03-08 13:00:00;39127;HL;низ;2156,785;2180,760;28,700;0;1
3/3;5937;2024-03-08 17:00:00;39131;HH;верх;2195,235;2177,335;38,450;4;1
3/3;5938;2024-03-08 19:00:00;39133;HL;низ;2168,385;2177,280;26,850;2;1
3/3;5939;2024-03-11 00:00:00;39138;LH;верх;2189,125;2179,570;20,740;5;2
3/3;5940;2024-03-11 13:00:00;39151;HL;низ;2174,860;2180,900;14,265;13;2
3/3;5941;2024-03-11 15:00:00;39153;LH;верх;2185,755;2180,885;10,895;2;1
3/3;5942;2024-03-11 18:00:00;39156;HL;низ;2177,255;2181,340;8,500;3;1
3/3;5943;2024-03-11 22:00:00;39159;LH;верх;2184,815;2182,830;7,560;3;1
3/3;5944;2024-03-12 06:00:00;39167;LL;низ;2173,695;2177,090;11,120;8;1
3/3;5945;2024-03-12 12:00:00;39173;LH;верх;2182,085;2163,055;8,390;6;1
3/3;5946;2024-03-12 19:00:00;39180;LL;низ;2150,660;2157,010;31,425;7;2
3/3;5947;2024-03-13 02:00:00;39186;LH;верх;2161,655;2160,125;10,995;6;2
3/3;5948;2024-03-13 04:00:00;39188;HL;низ;2157,295;2159,810;4,360;2;1
3/3;5949;2024-03-13 06:00:00;39190;LH;верх;2161,595;2158,600;4,300;2;1
3/3;5950;2024-03-13 09:00:00;39193;HL;низ;2157,555;2163,610;4,040;3;1
3/3;5951;2024-03-13 17:00:00;39201;HH;верх;2179,920;2174,385;22,365;8;2
3/3;5952;2024-03-14 06:00:00;39213;HL;низ;2167,470;2170,110;12,450;12;1
3/3;5953;2024-03-14 09:00:00;39216;LH;верх;2172,085;2162,840;4,615;3;1
3/3;5954;2024-03-14 15:00:00;39222;LL;низ;2152,845;2161,530;19,240;6;1
3/3;5955;2024-03-14 17:00:00;39224;LH;верх;2165,110;2162,130;12,265;2;1
3/3;5956;2024-03-15 00:00:00;39230;HL;низ;2160,655;2164,660;4,455;6;1
3/3;5957;2024-03-15 09:00:00;39239;HH;верх;2172,810;2161,875;12,155;9;2
3/3;5958;2024-03-18 03:00:00;39256;LL;низ;2146,155;2148,150;26,655;17;3
3/3;5959;2024-03-18 12:00:00;39265;LH;верх;2163,630;2158,435;17,475;9;1
3/3;5960;2024-03-18 16:00:00;39269;HL;низ;2154,625;2160,230;9,005;4;1
3/3;5961;2024-03-19 00:00:00;39276;LH;верх;2162,905;2161,595;8,280;7;1
3/3;5962;2024-03-19 08:00:00;39284;LL;низ;2147,205;2155,675;15,700;8;2
3/3;5963;2024-03-19 13:00:00;39289;LH;верх;2158,775;2154,560;11,570;5;1
3/3;5964;2024-03-19 14:00:00;39290;HL;низ;2148,455;2156,955;10,320;1;2
3/3;5965;2024-03-20 04:00:00;39303;HH;верх;2160,295;2158,255;11,840;13;1
3/3;5966;2024-03-20 12:00:00;39311;HL;низ;2149,660;2155,900;10,635;8;1
3/3;5967;2024-03-20 22:00:00;39320;HH;верх;2222,915;2204,870;73,255;9;2
3/3;5968;2024-03-21 08:00:00;39330;HL;низ;2196,925;2207,565;25,990;10;1
3/3;5969;2024-03-21 10:00:00;39332;LH;верх;2211,860;2191,960;14,935;2;1
3/3;5970;2024-03-21 15:00:00;39337;LL;низ;2166,445;2182,975;45,415;5;1
3/3;5971;2024-03-22 00:00:00;39345;LH;верх;2186,130;2173,855;19,685;8;2
3/3;5972;2024-03-22 02:00:00;39347;HL;низ;2171,875;2174,355;14,255;2;1
3/3;5973;2024-03-22 06:00:00;39351;LH;верх;2176,320;2166,685;4,445;4;1
3/3;5974;2024-03-22 07:00:00;39352;LL;низ;2162,640;2167,290;13,680;1;1
3/3;5975;2024-03-22 13:00:00;39358;HH;верх;2180,190;2162,710;17,550;6;1
3/3;5976;2024-03-22 17:00:00;39362;LL;низ;2157,130;2165,310;23,060;4;2
3/3;5977;2024-03-25 02:00:00;39370;LH;верх;2178,405;2169,905;21,275;8;1
3/3;5978;2024-03-25 07:00:00;39375;HL;низ;2163,615;2168,545;14,790;5;1
3/3;5979;2024-03-25 13:00:00;39381;HH;верх;2181,410;2175,845;17,795;6;1
3/3;5980;2024-03-25 20:00:00;39388;HL;низ;2170,760;2173,950;10,650;7;1
3/3;5981;2024-03-26 01:00:00;39392;LH;верх;2174,475;2172,385;3,715;4;1
3/3;5982;2024-03-26 01:00:00;39392;LL;низ;2167,625;2172,385;6,850;0;2
3/3;5983;2024-03-26 10:00:00;39401;HH;верх;2200,175;2183,155;32,550;9;1
3/3;5984;2024-03-26 15:00:00;39406;HL;низ;2171,780;2177,740;28,395;5;3
3/3;5985;2024-03-27 03:00:00;39417;LH;верх;2181,810;2177,695;10,030;11;1
3/3;5986;2024-03-27 09:00:00;39423;HL;низ;2176,620;2186,175;5,190;6;1
3/3;5987;2024-03-27 11:00:00;39425;HH;верх;2197,675;2193,560;21,055;2;1
3/3;5988;2024-03-27 13:00:00;39427;HL;низ;2183,605;2192,510;14,070;2;1
3/3;5989;2024-03-27 20:00:00;39434;LH;верх;2195,225;2189,140;11,620;7;1
3/3;5990;2024-03-28 00:00:00;39437;HL;низ;2187,410;2194,900;7,815;3;1
3/3;5991;2024-03-28 05:00:00;39442;HH;верх;2200,755;2194,830;13,345;5;1
3/3;5992;2024-03-28 08:00:00;39445;HL;низ;2190,900;2210,495;9,855;3;1
3/3;5993;2024-04-01 04:00:00;39464;HH;верх;2265,775;2257,580;74,875;19;3
3/3;5994;2024-04-01 14:00:00;39474;HL;низ;2228,540;2239,255;37,235;10;1
3/3;5995;2024-04-01 22:00:00;39481;LH;верх;2255,935;2249,030;27,395;7;1
3/3;5996;2024-04-02 01:00:00;39484;HL;низ;2246,715;2256,720;9,220;3;1
3/3;5997;2024-04-02 14:00:00;39497;HH;верх;2277,050;2265,945;30,335;13;3
3/3;5998;2024-04-02 15:00:00;39498;HL;низ;2250,895;2271,550;26,155;1;1
3/3;5999;2024-04-02 22:00:00;39504;HH;верх;2288,435;2282,575;37,540;6;1
3/3;6000;2024-04-03 01:00:00;39507;HL;низ;2276,765;2283,805;11,670;3;1
3/3;6001;2024-04-03 03:00:00;39509;LH;верх;2288,025;2282,040;11,260;2;1
3/3;6002;2024-04-03 12:00:00;39518;LL;низ;2265,505;2286,385;22,520;9;2
3/3;6003;2024-04-04 01:00:00;39530;HH;верх;2304,990;2298,875;39,485;12;1
3/3;6004;2024-04-04 12:00:00;39541;HL;низ;2282,690;2292,170;22,300;11;1
3/3;6005;2024-04-04 18:00:00;39547;HH;верх;2305,650;2289,730;22,960;6;2
3/3;6006;2024-04-05 01:00:00;39553;LL;низ;2267,780;2278,145;37,870;6;3
3/3;6007;2024-04-05 17:00:00;39569;HH;верх;2330,525;2330,160;62,745;16;2
3/3;6008;2024-04-08 01:00:00;39576;HL;низ;2302,975;2342,240;27,550;7;1
3/3;6009;2024-04-08 02:00:00;39577;HH;верх;2354,155;2334,880;51,180;1;1
3/3;6010;2024-04-08 06:00:00;39581;HL;низ;2331,895;2337,585;22,260;4;1
3/3;6011;2024-04-08 10:00:00;39585;LH;верх;2343,640;2327,405;11,745;4;1
3/3;6012;2024-04-08 14:00:00;39589;LL;низ;2318,740;2338,060;24,900;4;1
3/3;6013;2024-04-09 09:00:00;39607;HH;верх;2365,395;2349,475;46,655;18;4
3/3;6014;2024-04-09 15:00:00;39613;HL;низ;2338,355;2349,715;27,040;6;1
3/3;6015;2024-04-10 00:00:00;39621;LH;верх;2355,650;2351,385;17,295;8;1
3/3;6016;2024-04-10 01:00:00;39622;HL;низ;2344,805;2356,310;10,845;1;1
3/3;6017;2024-04-10 05:00:00;39626;HH;верх;2360,150;2354,630;15,345;4;1
3/3;6018;2024-04-10 13:00:00;39634;LL;низ;2319,395;2337,335;40,755;8;1
3/3;6019;2024-04-10 14:00:00;39635;LH;верх;2352,465;2337,825;33,070;1;1
3/3;6020;2024-04-10 17:00:00;39638;HL;низ;2325,910;2333,865;26,555;3;1
3/3;6021;2024-04-11 03:00:00;39647;LH;верх;2346,955;2336,075;21,045;9;1
3/3;6022;2024-04-11 08:00:00;39652;LL;низ;2325,740;2337,315;21,215;5;1
3/3;6023;2024-04-12 08:00:00;39675;HH;верх;2400,725;2395,470;74,985;23;2
3/3;6024;2024-04-12 11:00:00;39678;HL;низ;2390,435;2426,590;10,290;3;1
3/3;6025;2024-04-12 15:00:00;39682;HH;верх;2431,590;2338,885;41,155;4;1
3/3;6026;2024-04-12 19:00:00;39686;LL;низ;2333,880;2364,785;97,710;4;1
3/3;6027;2024-04-14 22:00:00;39688;LH;верх;2372,990;2355,710;39,110;2;1
3/3;6028;2024-04-15 08:00:00;39698;HL;низ;2344,765;2358,080;28,225;10;1
3/3;6029;2024-04-15 11:00:00;39701;LH;верх;2361,305;2349,490;16,540;3;1
3/3;6030;2024-04-15 14:00:00;39704;LL;низ;2324,255;2365,535;37,050;3;1
3/3;6031;2024-04-15 22:00:00;39711;HH;верх;2392,255;2383,825;68,000;7;1
3/3;6032;2024-04-16 01:00:00;39714;HL;низ;2379,350;2386,180;12,905;3;1
3/3;6033;2024-04-16 03:00:00;39716;LH;верх;2389,430;2373,040;10,080;2;1
3/3;6034;2024-04-16 07:00:00;39720;LL;низ;2363,060;2370,205;26,370;4;2
3/3;6035;2024-04-16 16:00:00;39729;HH;верх;2398,380;2389,760;35,320;9;1
3/3;6036;2024-04-17 06:00:00;39742;HL;низ;2372,755;2392,205;25,625;13;2
3/3;6037;2024-04-17 09:00:00;39745;LH;верх;2394,380;2383,375;21,625;3;1
3/3;6038;2024-04-17 12:00:00;39748;HL;низ;2378,370;2382,225;16,010;3;1
3/3;6039;2024-04-17 14:00:00;39750;HH;верх;2395,640;2372,275;17,270;2;1
3/3;6040;2024-04-17 20:00:00;39756;LL;низ;2354,730;2369,815;40,910;6;2
3/3;6041;2024-04-18 13:00:00;39772;LH;верх;2392,860;2388,030;38,130;16;1
3/3;6042;2024-04-18 14:00:00;39773;HL;низ;2369,630;2384,900;23,230;1;1
3/3;6043;2024-04-18 17:00:00;39776;LH;верх;2389,405;2379,050;19,775;3;1
3/3;6044;2024-04-19 00:00:00;39782;HL;низ;2373,840;2391,455;15,565;6;1
3/3;6045;2024-04-19 01:00:00;39783;HH;верх;2417,920;2383,625;44,080;1;2
3/3;6046;2024-04-19 11:00:00;39793;LL;низ;2372,910;2391,185;45,010;10;1
3/3;6047;2024-04-19 17:00:00;39799;LH;верх;2401,995;2392,070;29,085;6;1
3/3;6048;2024-04-22 18:00:00;39823;LL;низ;2324,670;2330,500;77,325;24;2
3/3;6049;2024-04-23 01:00:00;39829;LH;верх;2334,510;2305,585;9,840;6;1
3/3;6050;2024-04-23 01:00:00;39829;LL;низ;2295,635;2305,585;38,875;0;1
3/3;6051;2024-04-23 05:00:00;39833;LH;верх;2314,835;2303,400;19,200;4;1
3/3;6052;2024-04-23 09:00:00;39837;LL;низ;2291,465;2311,905;23,370;4;1
3/3;6053;2024-04-23 14:00:00;39842;HH;верх;2332,210;2326,365;40,745;5;1
3/3;6054;2024-04-24 02:00:00;39853;HL;низ;2315,845;2328,900;16,365;11;2
3/3;6055;2024-04-24 06:00:00;39857;LH;верх;2331,370;2315,135;15,525;4;1
3/3;6056;2024-04-24 09:00:00;39860;LL;низ;2311,815;2323,295;19,555;3;1
3/3;6057;2024-04-24 15:00:00;39866;HH;верх;2337,385;2320,590;25,570;6;1
3/3;6058;2024-04-24 20:00:00;39871;HL;низ;2313,720;2319,245;23,665;5;1
3/3;6059;2024-04-25 02:00:00;39876;LH;верх;2322,165;2319,570;8,445;5;1
3/3;6060;2024-04-25 03:00:00;39877;LL;низ;2305,025;2322,815;17,140;1;2
3/3;6061;2024-04-25 14:00:00;39888;HH;верх;2344,930;2332,270;39,905;11;2
3/3;6062;2024-04-26 01:00:00;39898;HL;низ;2326,365;2336,010;18,565;10;1
3/3;6063;2024-04-26 09:00:00;39906;HH;верх;2352,640;2344,895;26,275;8;1
3/3;6064;2024-04-26 14:00:00;39911;HL;низ;2328,770;2338,570;23,870;5;1
3/3;6065;2024-04-26 18:00:00;39915;LH;верх;2341,470;2334,800;12,700;4;1
3/3;6066;2024-04-29 01:00:00;39921;LL;низ;2319,840;2332,710;21,630;6;1
3/3;6067;2024-04-29 09:00:00;39929;HH;верх;2344,445;2332,045;24,605;8;1
3/3;6068;2024-04-29 13:00:00;39933;HL;низ;2325,620;2342,915;18,825;4;1
3/3;6069;2024-04-29 16:00:00;39936;HH;верх;2346,830;2335,810;21,210;3;1
3/3;6070;2024-05-01 04:00:00;39970;LL;низ;2281,680;2285,940;65,150;34;2
3/3;6071;2024-05-01 18:00:00;39984;LH;верх;2328,430;2320,925;46,750;14;1
3/3;6072;2024-05-01 18:00:00;39984;HL;низ;2295,105;2320,925;33,325;0;1
3/3;6073;2024-05-02 01:00:00;39990;LH;верх;2326,515;2318,235;31,410;6;1
3/3;6074;2024-05-02 13:00:00;40002;LL;низ;2285,545;2299,710;40,970;12;1
3/3;6075;2024-05-02 18:00:00;40007;LH;верх;2309,530;2304,070;23,985;5;1
3/3;6076;2024-05-03 02:00:00;40014;HL;низ;2299,925;2306,100;9,605;7;1
3/3;6077;2024-05-03 05:00:00;40017;LH;верх;2308,800;2301,470;8,875;3;1
3/3;6078;2024-05-03 07:00:00;40019;LL;низ;2297,850;2299,260;10,950;2;1
3/3;6079;2024-05-03 12:00:00;40024;HH;верх;2320,705;2293,770;22,855;5;1
3/3;6080;2024-05-03 13:00:00;40025;LL;низ;2277,345;2299,370;43,360;1;1
3/3;6081;2024-05-03 20:00:00;40032;LH;верх;2303,465;2296,090;26,120;7;1
3/3;6082;2024-05-06 00:00:00;40035;HL;низ;2291,850;2309,345;11,615;3;1
3/3;6083;2024-05-06 07:00:00;40042;HH;верх;2324,340;2319,450;32,490;7;2
3/3;6084;2024-05-06 12:00:00;40047;HL;низ;2314,600;2324,915;9,740;5;1
3/3;6085;2024-05-06 13:00:00;40048;HH;верх;2332,225;2325,735;17,625;1;1
3/3;6086;2024-05-06 16:00:00;40051;HL;низ;2317,765;2325,100;14,460;3;1
3/3;6087;2024-05-07 01:00:00;40059;LH;верх;2329,980;2322,735;12,215;8;1
3/3;6088;2024-05-07 12:00:00;40070;LL;низ;2310,040;2314,850;19,940;11;3
3/3;6089;2024-05-07 13:00:00;40071;LH;верх;2323,775;2312,545;13,735;1;1
3/3;6090;2024-05-07 17:00:00;40075;HL;низ;2311,150;2314,135;12,625;4;1
3/3;6091;2024-05-07 22:00:00;40079;LH;верх;2316,960;2307,835;5,810;4;1
3/3;6092;2024-05-08 01:00:00;40082;LL;низ;2307,070;2319,375;9,890;3;1
3/3;6093;2024-05-08 05:00:00;40086;HH;верх;2321,530;2307,375;14,460;4;1
3/3;6094;2024-05-08 08:00:00;40089;LL;низ;2303,745;2314,785;17,785;3;2
3/3;6095;2024-05-08 16:00:00;40097;LH;верх;2321,150;2308,200;17,405;8;1
3/3;6096;2024-05-09 00:00:00;40104;HL;низ;2307,940;2312,430;13,210;7;1
3/3;6097;2024-05-09 05:00:00;40109;LH;верх;2319,850;2310,545;11,910;5;1
3/3;6098;2024-05-09 09:00:00;40113;LL;низ;2306,655;2326,780;13,195;4;1
3/3;6099;2024-05-10 10:00:00;40137;HH;верх;2378,560;2367,690;71,905;24;3
3/3;6100;2024-05-10 15:00:00;40142;HL;низ;2356,675;2367,360;21,885;5;1
3/3;6101;2024-05-10 18:00:00;40145;LH;верх;2371,040;2361,595;14,365;3;1
3/3;6102;2024-05-13 11:00:00;40161;LL;низ;2338,525;2343,790;32,515;16;2
3/3;6103;2024-05-13 12:00:00;40162;LH;верх;2349,875;2336,040;11,350;1;1
3/3;6104;2024-05-13 15:00:00;40165;LL;низ;2332,110;2337,425;17,765;3;2
3/3;6105;2024-05-14 05:00:00;40178;LH;верх;2345,985;2343,875;13,875;13;1
3/3;6106;2024-05-14 07:00:00;40180;HL;низ;2336,165;2345,775;9,820;2;2
3/3;6107;2024-05-14 18:00:00;40191;HH;верх;2359,705;2357,610;23,540;11;2
3/3;6108;2024-05-15 00:00:00;40196;HL;низ;2354,990;2360,375;4,715;5;1
3/3;6109;2024-05-15 03:00:00;40199;HH;верх;2361,055;2358,860;6,065;3;1
3/3;6110;2024-05-15 05:00:00;40201;HL;низ;2355,775;2373,275;5,280;2;1
3/3;6111;2024-05-15 08:00:00;40204;HH;верх;2374,380;2362,850;18,605;3;1
3/3;6112;2024-05-15 13:00:00;40209;LL;низ;2351,915;2383,725;22,465;5;1
3/3;6113;2024-05-16 01:00:00;40220;HH;верх;2397,515;2391,400;45,600;11;2
3/3;6114;2024-05-16 02:00:00;40221;HL;низ;2386,620;2390,240;10,895;1;1
3/3;6115;2024-05-16 05:00:00;40224;LH;верх;2394,525;2386,140;7,905;3;1
3/3;6116;2024-05-16 14:00:00;40233;LL;низ;2371,010;2381,475;23,515;9;1
3/3;6117;2024-05-16 16:00:00;40235;LH;верх;2383,830;2378,240;12,820;2;1
3/3;6118;2024-05-17 02:00:00;40244;HL;низ;2374,020;2381,390;9,810;9;2
3/3;6119;2024-05-20 05:00:00;40270;HH;верх;2450,125;2440,185;76,105;26;3
3/3;6120;2024-05-20 12:00:00;40277;HL;низ;2407,340;2424,970;42,785;7;1
3/3;6121;2024-05-20 18:00:00;40283;LH;верх;2437,410;2427,360;30,070;6;1
3/3;6122;2024-05-20 20:00:00;40285;HL;низ;2423,360;2429,005;14,050;2;1
3/3;6123;2024-05-21 01:00:00;40289;LH;верх;2433,135;2412,500;9,775;4;1
3/3;6124;2024-05-21 03:00:00;40291;LL;низ;2406,160;2410,655;26,975;2;1
3/3;6125;2024-05-21 07:00:00;40295;LH;верх;2422,260;2419,860;16,100;4;1
3/3;6126;2024-05-21 07:00:00;40295;HL;низ;2408,625;2419,860;13,635;0;1
3/3;6127;2024-05-21 15:00:00;40303;HH;верх;2433,995;2420,495;25,370;8;1
3/3;6128;2024-05-21 18:00:00;40306;HL;низ;2417,425;2422,110;16,570;3;1
3/3;6129;2024-05-22 02:00:00;40313;LH;верх;2426,615;2417,215;9,190;7;3
3/3;6130;2024-05-22 18:00:00;40329;LL;низ;2374,995;2380,735;51,620;16;2
3/3;6131;2024-05-23 00:00:00;40334;LH;верх;2383,785;2372,540;8,790;5;1
3/3;6132;2024-05-23 06:00:00;40340;LL;низ;2354,985;2364,155;28,800;6;2
3/3;6133;2024-05-23 13:00:00;40347;LH;верх;2369,935;2341,000;14,950;7;1
3/3;6134;2024-05-23 20:00:00;40354;LL;низ;2327,020;2329,160;42,915;7;1
3/3;6135;2024-05-24 01:00:00;40358;LH;верх;2335,240;2335,160;8,220;4;1
3/3;6136;2024-05-24 02:00:00;40359;LL;низ;2325,465;2338,630;9,775;1;1
3/3;6137;2024-05-24 13:00:00;40370;HH;верх;2347,540;2334,325;22,075;11;1
3/3;6138;2024-05-24 19:00:00;40376;HL;низ;2331,975;2337,280;15,565;6;1
3/3;6139;2024-05-27 03:00:00;40383;HH;верх;2347,665;2341,455;15,690;7;1
3/3;6140;2024-05-27 07:00:00;40387;HL;низ;2338,225;2344,975;9,440;4;1
3/3;6141;2024-05-27 14:00:00;40394;HH;верх;2358,565;2355,135;20,340;7;2
3/3;6142;2024-05-27 18:00:00;40398;HL;низ;2350,795;2351,845;7,770;4;1
3/3;6143;2024-05-28 01:00:00;40402;LH;верх;2356,440;2351,075;5,645;4;1
3/3;6144;2024-05-28 08:00:00;40409;LL;низ;2340,310;2347,465;16,130;7;2
3/3;6145;2024-05-28 13:00:00;40414;HH;верх;2364,175;2356,675;23,865;5;1
3/3;6146;2024-05-28 18:00:00;40419;HL;низ;2352,870;2359,335;11,305;5;1
3/3;6147;2024-05-28 22:00:00;40422;LH;верх;2361,615;2356,520;8,745;3;1
3/3;6148;2024-05-29 02:00:00;40426;HL;низ;2354,485;2356,835;7,130;4;1
3/3;6149;2024-05-29 05:00:00;40429;LH;верх;2361,450;2345,580;6,965;3;1
3/3;6150;2024-05-29 12:00:00;40436;LL;низ;2334,540;2339,170;26,910;7;1
3/3;6151;2024-05-29 18:00:00;40442;LH;верх;2344,380;2337,735;9,840;6;2
3/3;6152;2024-05-30 05:00:00;40452;LL;низ;2322,660;2335,130;21,720;10;2
3/3;6153;2024-05-30 14:00:00;40461;HH;верх;2351,905;2344,480;29,245;9;1
3/3;6154;2024-05-30 19:00:00;40466;HL;низ;2339,935;2344,040;11,970;5;1
3/3;6155;2024-05-31 02:00:00;40472;LH;верх;2347,810;2342,510;7,875;6;1
3/3;6156;2024-05-31 03:00:00;40473;LL;низ;2337,040;2345,890;10,770;1;1
3/3;6157;2024-05-31 06:00:00;40476;LH;верх;2347,165;2342,230;10,125;3;1
3/3;6158;2024-05-31 08:00:00;40478;HL;низ;2339,765;2343,905;7,400;2;1
3/3;6159;2024-05-31 13:00:00;40483;HH;верх;2359,725;2332,965;19,960;5;1
3/3;6160;2024-05-31 19:00:00;40489;LL;низ;2320,595;2325,915;39,130;6;1
3/3;6161;2024-06-03 01:00:00;40494;LH;верх;2331,145;2321,375;10,550;5;1
3/3;6162;2024-06-03 06:00:00;40499;LL;низ;2314,795;2327,850;16,350;5;1
3/3;6163;2024-06-03 17:00:00;40510;HH;верх;2354,770;2350,635;39,975;11;2
3/3;6164;2024-06-04 01:00:00;40517;HL;низ;2343,190;2349,370;11,580;7;1
3/3;6165;2024-06-04 06:00:00;40522;LH;верх;2351,855;2329,930;8,665;5;2
3/3;6166;2024-06-04 14:00:00;40530;LL;низ;2315,675;2328,835;36,180;8;2
3/3;6167;2024-06-05 05:00:00;40544;LH;верх;2341,745;2332,745;26,070;14;1
3/3;6168;2024-06-05 06:00:00;40545;HL;низ;2328,145;2332,400;13,600;1;1
3/3;6169;2024-06-06 03:00:00;40565;HH;верх;2375,045;2367,170;46,900;20;2
3/3;6170;2024-06-06 13:00:00;40575;HL;низ;2353,500;2372,955;21,545;10;1
3/3;6171;2024-06-06 15:00:00;40577;HH;верх;2378,600;2372,200;25,100;2;1
3/3;6172;2024-06-07 02:00:00;40587;HL;низ;2369,505;2376,060;9,095;10;1
3/3;6173;2024-06-07 05:00:00;40590;HH;верх;2387,785;2347,425;18,280;3;1
3/3;6174;2024-06-07 20:00:00;40605;LL;низ;2286,830;2297,075;100,955;15;1
3/3;6175;2024-06-10 02:00:00;40610;LH;верх;2301,450;2295,765;14,620;5;1
3/3;6176;2024-06-10 06:00:00;40614;HL;низ;2287,805;2295,415;13,645;4;1
3/3;6177;2024-06-10 16:00:00;40624;HH;верх;2313,865;2308,795;26,060;10;2
3/3;6178;2024-06-11 05:00:00;40636;HL;низ;2297,800;2306,150;16,065;12;2
3/3;6179;2024-06-11 12:00:00;40643;HH;верх;2320,000;2310,165;22,200;7;1
3/3;6180;2024-06-11 16:00:00;40647;HL;низ;2305,980;2315,370;14,020;4;1
3/3;6181;2024-06-11 22:00:00;40652;LH;верх;2317,720;2314,475;11,740;5;1
3/3;6182;2024-06-12 02:00:00;40656;HL;низ;2310,750;2315,125;6,970;4;1
3/3;6183;2024-06-12 06:00:00;40660;HH;верх;2317,850;2314,140;7,100;4;1
3/3;6184;2024-06-12 08:00:00;40662;HL;низ;2310,885;2312,960;6,965;2;2
3/3;6185;2024-06-12 13:00:00;40667;HH;верх;2341,700;2337,745;30,815;5;2
3/3;6186;2024-06-13 11:00:00;40688;LL;низ;2304,010;2313,645;37,690;21;4
3/3;6187;2024-06-13 12:00:00;40689;LH;верх;2326,795;2298,970;22,785;1;1
3/3;6188;2024-06-13 16:00:00;40693;LL;низ;2295,590;2303,465;31,205;4;1
3/3;6189;2024-06-13 19:00:00;40696;LH;верх;2305,070;2302,370;9,480;3;1
3/3;6190;2024-06-14 00:00:00;40700;HL;низ;2301,605;2305,575;3,465;4;1
3/3;6191;2024-06-14 11:00:00;40711;HH;верх;2336,725;2330,135;35,120;11;1
3/3;6192;2024-06-14 15:00:00;40715;HL;низ;2324,135;2334,790;12,590;4;1
3/3;6193;2024-06-14 17:00:00;40717;LH;верх;2335,650;2332,645;11,515;2;1
3/3;6194;2024-06-17 06:00:00;40729;LL;низ;2315,540;2320,155;20,110;12;1
3/3;6195;2024-06-17 14:00:00;40737;LH;верх;2327,680;2316,765;12,140;8;2
3/3;6196;2024-06-17 15:00:00;40738;LL;низ;2310,020;2317,980;17,660;1;1
3/3;6197;2024-06-18 02:00:00;40748;LH;верх;2325,725;2322,250;15,705;10;1
3/3;6198;2024-06-18 10:00:00;40756;LL;низ;2306,650;2326,805;19,075;8;1
3/3;6199;2024-06-18 17:00:00;40763;HH;верх;2333,165;2329,580;26,515;7;1
3/3;6200;2024-06-19 01:00:00;40770;HL;низ;2326,525;2328,080;6,640;7;1
3/3;6201;2024-06-19 03:00:00;40772;LH;верх;2331,840;2330,295;5,315;2;1
3/3;6202;2024-06-19 05:00:00;40774;HL;низ;2326,860;2332,575;4,980;2;1
3/3;6203;2024-06-19 08:00:00;40777;HH;верх;2335,030;2330,480;8,170;3;2
3/3;6204;2024-06-19 14:00:00;40783;LL;низ;2323,780;2330,190;11,250;6;2
3/3;6205;2024-06-20 06:00:00;40796;HH;верх;2345,755;2334,710;21,975;13;1
3/3;6206;2024-06-20 09:00:00;40799;HL;низ;2331,650;2338,710;14,105;3;1
3/3;6207;2024-06-20 15:00:00;40805;HH;верх;2365,590;2358,045;33,940;6;2
3/3;6208;2024-06-21 07:00:00;40820;HL;низ;2355,190;2363,720;10,400;15;2
3/3;6209;2024-06-21 11:00:00;40824;HH;верх;2368,765;2329,975;13,575;4;1
3/3;6210;2024-06-21 17:00:00;40830;LL;низ;2316,785;2321,875;51,980;6;2
3/3;6211;2024-06-24 08:00:00;40844;LH;верх;2332,820;2326,295;16,035;14;1
3/3;6212;2024-06-24 09:00:00;40845;HL;низ;2320,865;2327,665;11,955;1;1
3/3;6213;2024-06-24 18:00:00;40854;HH;верх;2334,730;2331,855;13,865;9;2
3/3;6214;2024-06-25 04:00:00;40863;HL;низ;2322,760;2324,955;11,970;9;2
3/3;6215;2024-06-25 10:00:00;40869;HH;верх;2337,160;2325,540;14,400;6;1
3/3;6216;2024-06-25 16:00:00;40875;LL;низ;2315,590;2319,790;21,570;6;1
3/3;6217;2024-06-26 00:00:00;40882;LH;верх;2324,015;2317,325;8,425;7;1
3/3;6218;2024-06-26 06:00:00;40888;LL;низ;2309,770;2316,430;14,245;6;2
3/3;6219;2024-06-26 09:00:00;40891;LH;верх;2318,490;2310,200;8,720;3;1
3/3;6220;2024-06-26 13:00:00;40895;LL;низ;2293,690;2299,780;24,800;4;1
3/3;6221;2024-06-27 00:00:00;40905;LH;верх;2300,210;2299,090;6,520;10;1
3/3;6222;2024-06-27 06:00:00;40911;HL;низ;2296,610;2312,665;3,600;6;2
3/3;6223;2024-06-27 14:00:00;40919;HH;верх;2331,015;2325,925;34,405;8;1
3/3;6224;2024-06-27 18:00:00;40923;HL;низ;2322,530;2326,995;8,485;4;1
3/3;6225;2024-06-27 20:00:00;40925;LH;верх;2328,655;2321,655;6,125;2;1
3/3;6226;2024-06-28 01:00:00;40929;LL;низ;2319,105;2321,280;9,550;4;1
3/3;6227;2024-06-28 13:00:00;40941;HH;верх;2339,785;2330,015;20,680;12;1
3/3;6228;2024-07-01 00:00:00;40951;HL;низ;2322,255;2324,810;17,530;10;2
3/3;6229;2024-07-01 01:00:00;40952;LH;верх;2328,645;2323,765;6,390;1;1
3/3;6230;2024-07-01 05:00:00;40956;LL;низ;2318,605;2325,930;10,040;4;1
3/3;6231;2024-07-01 12:00:00;40963;HH;верх;2338,545;2327,860;19,940;7;1
3/3;6232;2024-07-01 14:00:00;40965;HL;низ;2319,295;2329,270;19,250;2;1
3/3;6233;2024-07-02 02:00:00;40976;LH;верх;2334,390;2329,990;15,095;11;2
3/3;6234;2024-07-02 12:00:00;40986;LL;низ;2319,130;2324,765;15,260;10;1
3/3;6235;2024-07-02 13:00:00;40987;HH;верх;2336,890;2322,930;17,760;1;1
3/3;6236;2024-07-02 16:00:00;40990;HL;низ;2321,000;2330,960;15,890;3;2
3/3;6237;2024-07-03 14:00:00;41011;HH;верх;2364,995;2356,940;43,995;21;1
3/3;6238;2024-07-03 19:00:00;41016;HL;низ;2353,770;2358,915;11,225;5;1
3/3;6239;2024-07-04 01:00:00;41021;LH;верх;2362,600;2358,605;8,830;5;1
3/3;6240;2024-07-04 06:00:00;41026;LL;низ;2350,510;2357,850;12,090;5;1
3/3;6241;2024-07-04 14:00:00;41034;LH;верх;2361,915;2356,390;11,405;8;1
3/3;6242;2024-07-04 22:00:00;41039;HL;низ;2354,335;2358,470;7,580;5;2
3/3;6243;2024-07-05 08:00:00;41049;HH;верх;2368,155;2365,955;13,820;10;1
3/3;6244;2024-07-05 12:00:00;41053;LL;низ;2348,620;2384,780;19,535;4;1
3/3;6245;2024-07-05 19:00:00;41060;HH;верх;2392,965;2386,180;44,345;7;2
3/3;6246;2024-07-08 09:00:00;41073;HL;низ;2368,360;2372,865;24,605;13;1
3/3;6247;2024-07-08 14:00:00;41078;LH;верх;2379,620;2357,290;11,260;5;1
3/3;6248;2024-07-08 15:00:00;41079;LL;низ;2351,090;2356,645;28,530;1;1
3/3;6249;2024-07-09 14:00:00;41101;LH;верх;2371,625;2361,950;20,535;22;2
3/3;6250;2024-07-09 15:00:00;41102;LL;низ;2349,485;2364,645;22,140;1;1
3/3;6251;2024-07-10 13:00:00;41123;HH;верх;2386,730;2377,935;37,245;21;1
3/3;6252;2024-07-10 18:00:00;41128;HL;низ;2370,025;2372,900;16,705;5;2
3/3;6253;2024-07-11 15:00:00;41148;HH;верх;2424,600;2416,485;54,575;20;3
3/3;6254;2024-07-12 12:00:00;41168;HL;низ;2391,520;2411,800;33,080;20;1
3/3;6255;2024-07-12 17:00:00;41173;LH;верх;2418,310;2410,920;26,790;5;1
3/3;6256;2024-07-15 01:00:00;41180;HL;низ;2404,990;2411,555;13,320;7;1
3/3;6257;2024-07-15 05:00:00;41184;LH;верх;2414,035;2412,085;9,045;4;1
3/3;6258;2024-07-15 07:00:00;41186;LL;низ;2401,405;2414,885;12,630;2;1
3/3;6259;2024-07-15 16:00:00;41195;HH;верх;2439,855;2421,155;38,450;9;1
3/3;6260;2024-07-15 18:00:00;41197;HL;низ;2419,840;2421,105;20,015;2;3
3/3;6261;2024-07-17 02:00:00;41227;HH;верх;2482,420;2465,470;62,580;30;1
3/3;6262;2024-07-17 06:00:00;41231;HL;низ;2461,880;2475,170;20,540;4;1
3/3;6263;2024-07-17 14:00:00;41239;HH;верх;2483,740;2452,655;21,860;8;2
3/3;6264;2024-07-17 18:00:00;41243;LL;низ;2451,570;2459,310;32,170;4;2
3/3;6265;2024-07-18 07:00:00;41255;LH;верх;2475,000;2464,235;23,430;12;2
3/3;6266;2024-07-19 13:00:00;41284;LL;низ;2393,880;2399,680;81,120;29;4
3/3;6267;2024-07-22 01:00:00;41295;LH;верх;2412,255;2405,680;18,375;11;1
3/3;6268;2024-07-22 06:00:00;41300;HL;низ;2399,030;2404,475;13,225;5;1
3/3;6269;2024-07-22 10:00:00;41304;LH;верх;2408,460;2392,800;9,430;4;1
3/3;6270;2024-07-22 14:00:00;41308;LL;низ;2383,930;2394,095;24,530;4;1
3/3;6271;2024-07-22 19:00:00;41313;LH;верх;2400,155;2395,805;16,225;5;1
3/3;6272;2024-07-22 23:00:00;41316;HL;низ;2394,870;2399,725;5,285;3;1
3/3;6273;2024-07-23 01:00:00;41318;HH;верх;2404,025;2396,595;9,155;2;1
3/3;6274;2024-07-23 06:00:00;41323;LL;низ;2388,310;2406,925;15,715;5;1
3/3;6275;2024-07-23 11:00:00;41328;HH;верх;2412,075;2402,985;23,765;5;1
3/3;6276;2024-07-23 13:00:00;41330;HL;низ;2399,620;2405,400;12,455;2;2
3/3;6277;2024-07-24 06:00:00;41346;HH;верх;2419,260;2413,500;19,640;16;1
3/3;6278;2024-07-24 09:00:00;41349;HL;низ;2409,890;2421,490;9,370;3;1
3/3;6279;2024-07-24 14:00:00;41354;HH;верх;2432,065;2409,235;22,175;5;1
3/3;6280;2024-07-25 03:00:00;41366;LL;низ;2366,860;2372,175;65,205;12;1
3/3;6281;2024-07-25 06:00:00;41369;LH;верх;2378,775;2373,710;11,915;3;1
3/3;6282;2024-07-25 07:00:00;41370;LL;низ;2365,915;2381,355;12,860;1;1
3/3;6283;2024-07-25 10:00:00;41373;HH;верх;2382,665;2365,015;16,750;3;1
3/3;6284;2024-07-25 17:00:00;41380;LL;низ;2353,195;2364,300;29,470;7;2
3/3;6285;2024-07-26 02:00:00;41388;LH;верх;2379,480;2374,360;26,285;8;1
3/3;6286;2024-07-26 06:00:00;41392;HL;низ;2365,320;2373,820;14,160;4;1
3/3;6287;2024-07-28 22:00:00;41407;HH;верх;2403,265;2392,905;37,945;15;4
3/3;6288;2024-07-29 15:00:00;41424;HL;низ;2369,650;2379,640;33,615;17;1
3/3;6289;2024-07-29 19:00:00;41428;LH;верх;2385,485;2381,170;15,835;4;1
3/3;6290;2024-07-30 01:00:00;41433;HL;низ;2376,535;2386,475;8,950;5;2
3/3;6291;2024-07-30 20:00:00;41452;HH;верх;2412,935;2409,040;36,400;19;1
3/3;6292;2024-07-31 01:00:00;41456;HL;низ;2403,940;2421,215;8,995;4;1
3/3;6293;2024-07-31 06:00:00;41461;HH;верх;2425,540;2421,080;21,600;5;1
3/3;6294;2024-07-31 08:00:00;41463;HL;низ;2415,500;2419,615;10,040;2;2
3/3;6295;2024-08-01 01:00:00;41479;HH;верх;2458,465;2444,290;42,965;16;3
3/3;6296;2024-08-01 02:00:00;41480;HL;низ;2437,320;2447,040;21,145;1;1
3/3;6297;2024-08-01 06:00:00;41484;LH;верх;2448,910;2433,095;11,590;4;1
3/3;6298;2024-08-01 09:00:00;41487;LL;низ;2430,275;2450,780;18,635;3;1
3/3;6299;2024-08-01 14:00:00;41492;HH;верх;2462,325;2439,415;32,050;5;1
3/3;6300;2024-08-01 18:00:00;41496;HL;низ;2434,995;2445,280;27,330;4;2
3/3;6301;2024-08-02 12:00:00;41513;HH;верх;2477,725;2433,295;42,730;17;2
3/3;6302;2024-08-02 15:00:00;41516;LL;низ;2410,885;2429,120;66,840;3;1
3/3;6303;2024-08-04 22:00:00;41522;LH;верх;2446,510;2439,520;35,625;6;1
3/3;6304;2024-08-05 00:00:00;41524;HL;низ;2413,790;2451,025;32,720;2;1
3/3;6305;2024-08-05 04:00:00;41528;HH;верх;2458,875;2432,040;45,085;4;1
3/3;6306;2024-08-05 12:00:00;41536;LL;низ;2364,390;2402,870;94,485;8;1
3/3;6307;2024-08-05 19:00:00;41543;LH;верх;2413,170;2404,900;48,780;7;2
3/3;6308;2024-08-05 23:00:00;41546;HL;низ;2404,495;2407,605;8,675;3;1
3/3;6309;2024-08-06 00:00:00;41547;HH;верх;2418,430;2409,120;13,935;1;1
3/3;6310;2024-08-06 06:00:00;41553;LL;низ;2394,855;2413,465;23,575;6;1
3/3;6311;2024-08-06 10:00:00;41557;LH;верх;2416,375;2395,815;21,520;4;1
3/3;6312;2024-08-06 15:00:00;41562;LL;низ;2381,560;2392,910;34,815;5;1
3/3;6313;2024-08-06 18:00:00;41565;LH;верх;2396,085;2388,745;14,525;3;1
3/3;6314;2024-08-07 01:00:00;41571;LL;низ;2379,050;2392,895;17,035;6;1
3/3;6315;2024-08-07 12:00:00;41582;HH;верх;2407,125;2394,600;28,075;11;2
3/3;6316;2024-08-07 22:00:00;41591;HL;низ;2381,140;2386,875;25,985;9;1
3/3;6317;2024-08-09 02:00:00;41618;HH;верх;2429,025;2417,220;47,885;27;3
3/3;6318;2024-08-09 06:00:00;41622;HL;низ;2416,925;2423,645;12,100;4;2
3/3;6319;2024-08-09 17:00:00;41633;HH;верх;2437,085;2431,265;20,160;11;2
3/3;6320;2024-08-12 02:00:00;41641;HL;низ;2423,890;2434,730;13,195;8;1
3/3;6321;2024-08-13 00:00:00;41662;HH;верх;2476,990;2463,510;53,100;21;1
3/3;6322;2024-08-13 05:00:00;41667;HL;низ;2458,560;2460,675;18,430;5;1
3/3;6323;2024-08-13 07:00:00;41669;LH;верх;2466,240;2462,235;7,680;2;1
3/3;6324;2024-08-13 09:00:00;41671;HL;низ;2458,960;2467,715;7,280;2;1
3/3;6325;2024-08-13 13:00:00;41675;HH;верх;2475,665;2469,560;16,705;4;1
3/3;6326;2024-08-13 13:00:00;41675;HL;низ;2458,990;2469,560;16,675;0;2
3/3;6327;2024-08-14 01:00:00;41686;LH;верх;2472,655;2461,900;13,665;11;1
3/3;6328;2024-08-14 02:00:00;41687;LL;низ;2455,375;2462,155;17,280;1;1
3/3;6329;2024-08-14 12:00:00;41697;HH;верх;2480,125;2444,170;24,750;10;2
3/3;6330;2024-08-14 16:00:00;41701;LL;низ;2438,145;2447,260;41,980;4;1
3/3;6331;2024-08-15 12:00:00;41720;LH;верх;2470,155;2458,470;32,010;19;2
3/3;6332;2024-08-15 13:00:00;41721;LL;низ;2432,225;2455,755;37,930;1;1
3/3;6333;2024-08-15 19:00:00;41727;LH;верх;2461,675;2457,405;29,450;6;2
3/3;6334;2024-08-16 03:00:00;41734;HL;низ;2450,805;2455,085;10,870;7;2
3/3;6335;2024-08-16 20:00:00;41751;HH;верх;2509,820;2502,065;59,015;17;2
3/3;6336;2024-08-19 01:00:00;41755;HL;низ;2495,045;2500,740;14,775;4;1
3/3;6337;2024-08-19 08:00:00;41762;LH;верх;2507,225;2494,555;12,180;7;1
3/3;6338;2024-08-19 13:00:00;41767;LL;низ;2485,735;2505,510;21,490;5;1
3/3;6339;2024-08-20 01:00:00;41778;HH;верх;2508,275;2500,870;22,540;11;2
3/3;6340;2024-08-20 06:00:00;41783;HL;низ;2497,400;2521,785;10,875;5;2
3/3;6341;2024-08-20 13:00:00;41790;HH;верх;2531,765;2509,200;34,365;7;1
3/3;6342;2024-08-20 16:00:00;41793;HL;низ;2500,865;2515,100;30,900;3;1
3/3;6343;2024-08-20 20:00:00;41797;LH;верх;2516,970;2513,635;16,105;4;1
3/3;6344;2024-08-21 01:00:00;41801;HL;низ;2510,930;2516,230;6,040;4;1
3/3;6345;2024-08-21 02:00:00;41802;HH;верх;2519,985;2515,265;9,055;1;3
3/3;6346;2024-08-21 14:00:00;41814;LL;низ;2493,830;2509,580;26,155;12;1
3/3;6347;2024-08-21 18:00:00;41818;LH;верх;2519,185;2514,065;25,355;4;2
3/3;6348;2024-08-22 04:00:00;41827;HL;низ;2499,350;2507,185;19,835;9;1
3/3;6349;2024-08-22 06:00:00;41829;LH;верх;2510,645;2507,340;11,295;2;1
3/3;6350;2024-08-22 14:00:00;41837;LL;низ;2470,850;2482,355;39,795;8;3
3/3;6351;2024-08-23 15:00:00;41861;HH;верх;2518,400;2509,835;47,550;24;2
3/3;6352;2024-08-26 05:00:00;41874;HL;низ;2508,810;2524,295;9,590;13;1
3/3;6353;2024-08-26 11:00:00;41880;HH;верх;2526,900;2517,040;18,090;6;1
3/3;6354;2024-08-26 14:00:00;41883;HL;низ;2510,680;2518,150;16,220;3;1
3/3;6355;2024-08-26 17:00:00;41886;LH;верх;2523,450;2517,955;12,770;3;1
3/3;6356;2024-08-27 02:00:00;41894;LL;низ;2505,845;2513,645;17,605;8;1
3/3;6357;2024-08-27 07:00:00;41899;LH;верх;2517,615;2509,055;11,770;5;1
3/3;6358;2024-08-27 08:00:00;41900;LL;низ;2503,585;2511,535;14,030;1;2
3/3;6359;2024-08-27 23:00:00;41914;HH;верх;2529,135;2516,440;25,550;14;1
3/3;6360;2024-08-28 12:00:00;41927;LL;низ;2493,665;2506,185;35,470;13;2
3/3;6361;2024-08-28 13:00:00;41928;LH;верх;2510,690;2501,990;17,025;1;1
3/3;6362;2024-08-28 16:00:00;41931;HL;низ;2496,465;2507,670;14,225;3;1
3/3;6363;2024-08-29 10:00:00;41948;HH;верх;2524,505;2516,870;28,040;17;2
3/3;6364;2024-08-29 12:00:00;41950;HL;низ;2503,690;2522,640;20,815;2;1
3/3;6365;2024-08-29 17:00:00;41955;HH;верх;2528,740;2521,215;25,050;5;1
3/3;6366;2024-08-30 04:00:00;41965;HL;низ;2512,255;2519,415;16,485;10;1
3/3;6367;2024-08-30 09:00:00;41970;LH;верх;2526,925;2519,765;14,670;5;1
3/3;6368;2024-08-30 17:00:00;41978;LL;низ;2494,215;2503,400;32,710;8;1
3/3;6369;2024-09-02 00:00:00;41984;LH;верх;2505,010;2496,380;10,795;6;1
3/3;6370;2024-09-02 02:00:00;41986;LL;низ;2490,105;2496,600;14,905;2;1
3/3;6371;2024-09-02 08:00:00;41992;HH;верх;2507,330;2499,925;17,225;6;1
3/3;6372;2024-09-03 01:00:00;42006;LL;низ;2489,705;2496,010;17,625;14;2
3/3;6373;2024-09-03 08:00:00;42013;LH;верх;2506,350;2489,755;16,645;7;1
3/3;6374;2024-09-03 14:00:00;42019;LL;низ;2473,325;2489,545;33,025;6;2
3/3;6375;2024-09-04 02:00:00;42030;LH;верх;2496,985;2493,195;23,660;11;1
3/3;6376;2024-09-04 09:00:00;42037;LL;низ;2471,915;2486,600;25,070;7;1
3/3;6377;2024-09-04 14:00:00;42042;HH;верх;2500,345;2494,070;28,430;5;1
3/3;6378;2024-09-04 19:00:00;42047;HL;низ;2491,550;2495,900;8,795;5;1
3/3;6379;2024-09-05 01:00:00;42052;LH;верх;2499,430;2494,365;7,880;5;1
3/3;6380;2024-09-05 04:00:00;42055;HL;низ;2493,880;2506,510;5,550;3;1
3/3;6381;2024-09-05 12:00:00;42063;HH;верх;2523,525;2507,190;29,645;8;1
3/3;6382;2024-09-05 15:00:00;42066;HL;низ;2503,965;2515,725;19,560;3;2
3/3;6383;2024-09-06 12:00:00;42086;HH;верх;2529,300;2505,430;25,335;20;2
3/3;6384;2024-09-06 16:00:00;42090;LL;низ;2485,190;2495,985;44,110;4;2
3/3;6385;2024-09-09 03:00:00;42100;LH;верх;2500,590;2489,855;15,400;10;1
3/3;6386;2024-09-09 06:00:00;42103;HL;низ;2485,610;2496,465;14,980;3;2
3/3;6387;2024-09-09 23:00:00;42119;HH;верх;2507,740;2503,115;22,130;16;1
3/3;6388;2024-09-10 08:00:00;42128;HL;низ;2500,190;2504,630;7,550;9;2
3/3;6389;2024-09-11 01:00:00;42144;HH;верх;2522,615;2519,635;22,425;16;2
3/3;6390;2024-09-11 01:00:00;42144;HL;низ;2515,020;2519,635;7,595;0;1
3/3;6391;2024-09-11 06:00:00;42149;HH;верх;2529,090;2523,325;14,070;5;1
3/3;6392;2024-09-11 14:00:00;42157;LL;низ;2501,000;2514,675;28,090;8;1
3/3;6393;2024-09-11 16:00:00;42159;LH;верх;2520,160;2512,990;19,160;2;1
3/3;6394;2024-09-11 19:00:00;42162;HL;низ;2509,870;2512,000;10,290;3;2
3/3;6395;2024-09-12 06:00:00;42172;HH;верх;2522,360;2518,880;12,490;10;1
3/3;6396;2024-09-12 11:00:00;42177;HL;низ;2513,120;2553,445;9,240;5;3
3/3;6397;2024-09-13 17:00:00;42206;HH;верх;2586,160;2578,715;73,040;29;1
3/3;6398;2024-09-13 20:00:00;42209;HL;низ;2577,260;2581,410;8,900;3;1
3/3;6399;2024-09-16 06:00:00;42218;HH;верх;2589,715;2585,590;12,455;9;1
3/3;6400;2024-09-16 10:00:00;42222;LL;низ;2575,245;2588,295;14,470;4;1
3/3;6401;2024-09-16 13:00:00;42225;LH;верх;2589,405;2583,775;14,160;3;1
3/3;6402;2024-09-16 14:00:00;42226;HL;низ;2576,180;2582,690;13,225;1;1
3/3;6403;2024-09-17 02:00:00;42237;LH;верх;2586,360;2579,395;10,180;11;1
3/3;6404;2024-09-17 05:00:00;42240;LL;низ;2574,625;2580,180;11,735;3;1
3/3;6405;2024-09-17 06:00:00;42241;HH;верх;2587,020;2573,690;12,395;1;2
3/3;6406;2024-09-17 17:00:00;42252;LL;низ;2560,780;2569,590;26,240;11;1
3/3;6407;2024-09-18 01:00:00;42259;LH;верх;2576,540;2568,730;15,760;7;1
3/3;6408;2024-09-18 05:00:00;42263;HL;низ;2565,790;2569,835;10,750;4;1
3/3;6409;2024-09-18 18:00:00;42276;HH;верх;2600,290;2559,360;34,500;13;2
3/3;6410;2024-09-18 19:00:00;42277;LL;низ;2546,860;2559,415;53,430;1;2
3/3;6411;2024-09-19 09:00:00;42290;LH;верх;2594,945;2576,825;48,085;13;1
3/3;6412;2024-09-19 13:00:00;42294;HL;низ;2569,815;2591,800;25,130;4;1
3/3;6413;2024-09-19 17:00:00;42298;LH;верх;2592,735;2586,910;22,920;4;1
3/3;6414;2024-09-20 01:00:00;42305;HL;низ;2584,875;2593,830;7,860;7;3
3/3;6415;2024-09-20 16:00:00;42320;HH;верх;2625,790;2621,170;40,915;15;1
3/3;6416;2024-09-23 01:00:00;42328;HL;низ;2616,175;2629,500;9,615;8;1
3/3;6417;2024-09-23 05:00:00;42332;HH;верх;2631,405;2616,935;15,230;4;1
3/3;6418;2024-09-23 07:00:00;42334;LL;низ;2613,890;2621,585;17,515;2;1
3/3;6419;2024-09-23 14:00:00;42341;HH;верх;2634,905;2628,085;21,015;7;1
3/3;6420;2024-09-24 00:00:00;42350;HL;низ;2623,870;2634,125;11,035;9;2
3/3;6421;2024-09-24 05:00:00;42355;HH;верх;2640,180;2629,105;16,310;5;1
3/3;6422;2024-09-24 07:00:00;42357;LL;низ;2622,680;2633,440;17,500;2;2
3/3;6423;2024-09-24 19:00:00;42369;HH;верх;2664,380;2658,255;41,700;12;1
3/3;6424;2024-09-25 01:00:00;42374;HL;низ;2655,580;2658,970;8,800;5;1
3/3;6425;2024-09-25 02:00:00;42375;HH;верх;2670,605;2657,325;15,025;1;1
3/3;6426;2024-09-25 07:00:00;42380;LL;низ;2651,415;2655,675;19,190;5;1
3/3;6427;2024-09-25 14:00:00;42387;LH;верх;2667,505;2660,715;16,090;7;1
3/3;6428;2024-09-25 16:00:00;42389;LL;низ;2649,700;2659,785;17,805;2;2
3/3;6429;2024-09-26 11:00:00;42407;HH;верх;2685,640;2665,905;35,940;18;1
3/3;6430;2024-09-26 13:00:00;42409;HL;низ;2654,840;2668,265;30,800;2;1
3/3;6431;2024-09-26 19:00:00;42415;LH;верх;2677,880;2672,705;23,040;6;1
3/3;6432;2024-09-27 01:00:00;42420;HL;низ;2666,295;2670,610;11,585;5;1
3/3;6433;2024-09-27 03:00:00;42422;LH;верх;2674,045;2665,915;7,750;2;1
3/3;6434;2024-09-27 09:00:00;42428;LL;низ;2658,450;2670,095;15,595;6;1
3/3;6435;2024-09-27 12:00:00;42431;HH;верх;2674,375;2649,875;15,925;3;1
3/3;6436;2024-09-27 17:00:00;42436;LL;низ;2643,155;2658,550;31,220;5;1
3/3;6437;2024-09-30 00:00:00;42442;LH;верх;2666,050;2653,635;22,895;6;1
3/3;6438;2024-09-30 01:00:00;42443;HL;низ;2647,330;2655,980;18,720;1;1
3/3;6439;2024-09-30 07:00:00;42449;LH;верх;2660,675;2636,995;13,345;6;1
3/3;6440;2024-09-30 14:00:00;42456;LL;низ;2628,855;2637,890;31,820;7;1
3/3;6441;2024-09-30 17:00:00;42459;LH;верх;2641,895;2634,690;13,040;3;1
3/3;6442;2024-09-30 18:00:00;42460;LL;низ;2624,780;2635,050;17,115;1;1
3/3;6443;2024-10-01 16:00:00;42481;HH;верх;2673,260;2658,765;48,480;21;1
3/3;6444;2024-10-02 05:00:00;42493;HL;низ;2644,580;2652,505;28,680;12;1
3/3;6445;2024-10-02 14:00:00;42502;LH;верх;2663,445;2652,245;18,865;9;1
3/3;6446;2024-10-02 15:00:00;42503;LL;низ;2641,180;2654,140;22,265;1;1
3/3;6447;2024-10-03 00:00:00;42511;LH;верх;2663,015;2656,045;21,835;8;1
3/3;6448;2024-10-03 09:00:00;42520;LL;низ;2641,030;2642,400;21,985;9;1
3/3;6449;2024-10-03 12:00:00;42523;LH;верх;2654,665;2648,900;13,635;3;1
3/3;6450;2024-10-03 14:00:00;42525;LL;низ;2637,015;2656,785;17,650;2;1
3/3;6451;2024-10-03 17:00:00;42528;HH;верх;2662,200;2656,110;25,185;3;1
3/3;6452;2024-10-03 23:00:00;42533;HL;низ;2654,420;2662,090;7,780;5;1
3/3;6453;2024-10-04 05:00:00;42539;HH;верх;2667,870;2659,105;13,450;6;2
3/3;6454;2024-10-04 12:00:00;42546;LL;низ;2632,015;2653,255;35,855;7;1
3/3;6455;2024-10-04 15:00:00;42549;HH;верх;2670,240;2645,675;38,225;3;2
3/3;6456;2024-10-07 06:00:00;42563;HL;низ;2639,745;2656,665;30,495;14;2
3/3;6457;2024-10-07 11:00:00;42568;LH;верх;2659,660;2640,905;19,915;5;1
3/3;6458;2024-10-07 12:00:00;42569;LL;низ;2637,770;2645,725;21,890;1;1
3/3;6459;2024-10-07 22:00:00;42578;LH;верх;2649,260;2647,330;11,490;9;2
3/3;6460;2024-10-08 02:00:00;42582;LL;низ;2633,835;2645,085;15,425;4;1
3/3;6461;2024-10-08 06:00:00;42586;LH;верх;2646,530;2641,520;12,695;4;1
3/3;6462;2024-10-08 08:00:00;42588;LL;низ;2628,600;2650,810;17,930;2;1
3/3;6463;2024-10-08 12:00:00;42592;HH;верх;2653,115;2613,035;24,515;4;1
3/3;6464;2024-10-08 15:00:00;42595;LL;низ;2604,820;2615,775;48,295;3;1
3/3;6465;2024-10-09 05:00:00;42608;LH;верх;2624,375;2616,345;19,555;13;2
3/3;6466;2024-10-09 07:00:00;42610;HL;низ;2609,245;2621,175;15,130;2;1
3/3;6467;2024-10-09 11:00:00;42614;LH;верх;2622,465;2609,910;13,220;4;1
3/3;6468;2024-10-09 18:00:00;42621;LL;низ;2605,210;2608,950;17,255;7;3
3/3;6469;2024-10-10 03:00:00;42629;LH;верх;2616,960;2612,545;11,750;8;1
3/3;6470;2024-10-10 12:00:00;42638;LL;низ;2604,390;2623,665;12,570;9;2
3/3;6471;2024-10-10 14:00:00;42640;HH;верх;2629,835;2623,910;25,445;2;1
3/3;6472;2024-10-10 17:00:00;42643;HL;низ;2616,555;2629,920;13,280;3;1
3/3;6473;2024-10-11 06:00:00;42655;HH;верх;2647,245;2637,975;30,690;12;1
3/3;6474;2024-10-11 09:00:00;42658;HL;низ;2636,245;2643,095;11,000;3;1
3/3;6475;2024-10-11 16:00:00;42665;HH;верх;2661,475;2656,180;25,230;7;1
3/3;6476;2024-10-14 02:00:00;42674;HL;низ;2643,245;2659,050;18,230;9;1
3/3;6477;2024-10-14 06:00:00;42678;HH;верх;2666,875;2658,565;23,630;4;2
3/3;6478;2024-10-14 15:00:00;42687;HL;низ;2644,055;2649,260;22,820;9;1
3/3;6479;2024-10-14 20:00:00;42692;LH;верх;2653,365;2648,255;9,310;5;1
3/3;6480;2024-10-14 20:00:00;42692;HL;низ;2646,195;2648,255;7,170;0;1
3/3;6481;2024-10-15 02:00:00;42697;LH;верх;2652,810;2641,985;6,615;5;1
3/3;6482;2024-10-15 05:00:00;42700;LL;низ;2638,105;2654,000;14,705;3;2
3/3;6483;2024-10-15 16:00:00;42711;HH;верх;2668,965;2661,795;30,860;11;1
3/3;6484;2024-10-16 00:00:00;42718;HL;низ;2658,800;2667,210;10,165;7;1
3/3;6485;2024-10-16 13:00:00;42731;HH;верх;2685,465;2674,210;26,665;13;2
3/3;6486;2024-10-16 16:00:00;42734;HL;низ;2666,795;2674,825;18,670;3;1
3/3;6487;2024-10-17 06:00:00;42747;HH;верх;2685,845;2679,530;19,050;13;3
3/3;6488;2024-10-17 12:00:00;42753;HL;низ;2673,165;2693,340;12,680;6;1
3/3;6489;2024-10-18 05:00:00;42769;HH;верх;2714,140;2706,320;40,975;16;2
3/3;6490;2024-10-18 08:00:00;42772;HL;низ;2701,735;2709,890;12,405;3;2
3/3;6491;2024-10-21 03:00:00;42790;HH;верх;2732,885;2730,360;31,150;18;2
3/3;6492;2024-10-21 06:00:00;42793;HL;низ;2723,670;2734,570;9,215;3;1
3/3;6493;2024-10-21 13:00:00;42800;HH;верх;2740,600;2723,590;16,930;7;1
3/3;6494;2024-10-21 19:00:00;42806;LL;низ;2714,235;2721,565;26,365;6;2
3/3;6495;2024-10-22 20:00:00;42830;HH;верх;2748,975;2745,325;34,740;24;1
3/3;6496;2024-10-23 02:00:00;42835;HL;низ;2737,940;2751,615;11,035;5;1
3/3;6497;2024-10-23 08:00:00;42841;HH;верх;2758,525;2749,990;20,585;6;1
3/3;6498;2024-10-23 15:00:00;42848;LL;низ;2708,755;2714,145;49,770;7;1
3/3;6499;2024-10-24 13:00:00;42869;LH;верх;2743,325;2733,680;34,570;21;1
3/3;6500;2024-10-24 14:00:00;42870;HL;низ;2722,505;2735,510;20,820;1;1
3/3;6501;2024-10-24 18:00:00;42874;LH;верх;2737,845;2734,695;15,340;4;1
3/3;6502;2024-10-25 04:00:00;42883;HL;низ;2723,990;2726,535;13,855;9;1
3/3;6503;2024-10-25 06:00:00;42885;LH;верх;2732,670;2721,290;8,680;2;1
3/3;6504;2024-10-25 09:00:00;42888;LL;низ;2717,100;2731,570;15,570;3;1
3/3;6505;2024-10-25 20:00:00;42899;HH;верх;2747,835;2732,525;30,735;11;1
3/3;6506;2024-10-28 01:00:00;42903;HL;низ;2724,755;2733,015;23,080;4;1
3/3;6507;2024-10-28 06:00:00;42908;LH;верх;2744,650;2729,375;19,895;5;1
3/3;6508;2024-10-28 10:00:00;42912;HL;низ;2727,930;2740,940;16,720;4;1
3/3;6509;2024-10-28 14:00:00;42916;HH;верх;2746,010;2743,435;18,080;4;1
3/3;6510;2024-10-28 22:00:00;42923;HL;низ;2739,870;2752,165;6,140;7;1
3/3;6511;2024-10-29 02:00:00;42927;HH;верх;2757,780;2750,060;17,910;4;2
3/3;6512;2024-10-29 11:00:00;42936;HL;низ;2746,195;2769,610;11,585;9;1
3/3;6513;2024-10-30 06:00:00;42954;HH;верх;2789,855;2784,625;43,660;18;3
3/3;6514;2024-10-30 13:00:00;42961;HL;низ;2770,925;2785,445;18,930;7;1
3/3;6515;2024-10-31 01:00:00;42972;HH;верх;2790,170;2784,530;19,245;11;2
3/3;6516;2024-10-31 15:00:00;42986;LL;низ;2731,635;2747,000;58,535;14;1
3/3;6517;2024-10-31 19:00:00;42990;LH;верх;2749,825;2746,785;18,190;4;1
3/3;6518;2024-11-01 01:00:00;42995;HL;низ;2744,960;2752,380;4,865;5;1
3/3;6519;2024-11-01 06:00:00;43000;HH;верх;2757,735;2751,415;12,775;5;1
3/3;6520;2024-11-01 10:00:00;43004;LL;низ;2744,845;2756,125;12,890;4;1
3/3;6521;2024-11-01 13:00:00;43007;HH;верх;2762,275;2743,195;17,430;3;1
3/3;6522;2024-11-04 08:00:00;43024;LL;низ;2731,930;2740,700;30,345;17;2
3/3;6523;2024-11-04 14:00:00;43030;LH;верх;2748,240;2738,445;16,310;6;1
3/3;6524;2024-11-04 17:00:00;43033;LL;низ;2731,770;2737,400;16,470;3;1
3/3;6525;2024-11-04 19:00:00;43035;LH;верх;2739,735;2736,080;7,965;2;1
3/3;6526;2024-11-05 02:00:00;43041;LL;низ;2724,765;2732,735;14,970;6;1
3/3;6527;2024-11-05 14:00:00;43053;HH;верх;2750,090;2742,070;25,325;12;2
3/3;6528;2024-11-05 15:00:00;43054;HL;низ;2733,035;2741,330;17,055;1;1
3/3;6529;2024-11-06 01:00:00;43063;LH;верх;2749,780;2741,870;16,745;9;1
3/3;6530;2024-11-07 01:00:00;43086;LL;низ;2643,355;2654,665;106,425;23;5
3/3;6531;2024-11-07 20:00:00;43105;LH;верх;2710,520;2706,425;67,165;19;1
3/3;6532;2024-11-08 07:00:00;43115;HL;низ;2680,415;2688,620;30,105;10;1
3/3;6533;2024-11-08 14:00:00;43122;LH;верх;2704,120;2688,000;23,705;7;1
3/3;6534;2024-11-11 02:00:00;43133;LL;низ;2666,570;2669,300;37,550;11;2
3/3;6535;2024-11-11 10:00:00;43141;LH;верх;2675,340;2635,580;8,770;8;1
3/3;6536;2024-11-11 18:00:00;43149;LL;низ;2610,695;2619,595;64,645;8;1
3/3;6537;2024-11-12 01:00:00;43155;LH;верх;2627,235;2617,850;16,540;6;2
3/3;6538;2024-11-12 10:00:00;43164;LL;низ;2589,725;2611,675;37,510;9;1
3/3;6539;2024-11-12 14:00:00;43168;LH;верх;2617,125;2597,480;27,400;4;1
3/3;6540;2024-11-12 17:00:00;43171;HL;низ;2592,530;2599,810;24,595;3;1
3/3;6541;2024-11-13 03:00:00;43180;LH;верх;2613,285;2605,535;20,755;9;1
3/3;6542;2024-11-13 08:00:00;43185;HL;низ;2601,095;2610,865;12,190;5;1
3/3;6543;2024-11-13 13:00:00;43190;HH;верх;2618,920;2585,905;17,825;5;1
3/3;6544;2024-11-14 09:00:00;43209;LL;низ;2536,855;2552,320;82,065;19;1
3/3;6545;2024-11-14 16:00:00;43216;LH;верх;2577,525;2576,025;40,670;7;1
3/3;6546;2024-11-14 20:00:00;43220;HL;низ;2563,995;2566,975;13,530;4;1
3/3;6547;2024-11-15 01:00:00;43224;LH;верх;2571,760;2567,155;7,765;4;1
3/3;6548;2024-11-15 06:00:00;43229;LL;низ;2554,395;2564,050;17,365;5;3
3/3;6549;2024-11-15 15:00:00;43238;HH;верх;2576,045;2567,575;21,650;9;1
3/3;6550;2024-11-15 18:00:00;43241;HL;низ;2559,525;2563,220;16,520;3;1
3/3;6551;2024-11-18 01:00:00;43247;HH;верх;2597,280;2592,300;37,755;6;1
3/3;6552;2024-11-18 06:00:00;43252;HL;низ;2580,500;2595,765;16,780;5;1
3/3;6553;2024-11-18 16:00:00;43262;HH;верх;2615,145;2609,880;34,645;10;2
3/3;6554;2024-11-19 07:00:00;43276;HL;низ;2617,755;2635,185;2,610;14;1
3/3;6555;2024-11-19 13:00:00;43282;HH;верх;2639,530;2626,535;21,775;6;1
3/3;6556;2024-11-19 15:00:00;43284;HL;низ;2621,000;2630,240;18,530;2;1
3/3;6557;2024-11-20 02:00:00;43294;HH;верх;2641,940;2636,950;20,940;10;1
3/3;6558;2024-11-20 08:00:00;43300;LL;низ;2618,890;2628,135;23,050;6;1
3/3;6559;2024-11-21 01:00:00;43316;HH;верх;2660,530;2657,025;41,640;16;2
3/3;6560;2024-11-21 03:00:00;43318;HL;низ;2650,450;2661,495;10,080;2;1
3/3;6561;2024-11-21 11:00:00;43326;HH;верх;2673,595;2665,050;23,145;8;1
3/3;6562;2024-11-21 13:00:00;43328;HL;низ;2660,510;2664,770;13,085;2;1
3/3;6563;2024-11-22 11:00:00;43349;HH;верх;2710,185;2694,680;49,675;21;2
3/3;6564;2024-11-22 14:00:00;43352;HL;низ;2684,495;2706,860;25,690;3;1
3/3;6565;2024-11-24 23:00:00;43360;HH;верх;2721,420;2695,325;36,925;8;1
3/3;6566;2024-11-25 05:00:00;43366;LL;низ;2658,210;2672,045;63,210;6;1
3/3;6567;2024-11-25 11:00:00;43372;LH;верх;2688,830;2641,340;30,620;6;1
3/3;6568;2024-11-25 23:00:00;43383;LL;низ;2605,310;2625,465;83,520;11;2
3/3;6569;2024-11-26 01:00:00;43385;LH;верх;2632,225;2626,455;26,915;2;1
3/3;6570;2024-11-26 07:00:00;43391;HL;низ;2610,860;2631,440;21,365;6;1
3/3;6571;2024-11-26 13:00:00;43397;HH;верх;2642,020;2628,700;31,160;6;1
3/3;6572;2024-11-26 14:00:00;43398;HL;низ;2616,775;2625,005;25,245;1;4
3/3;6573;2024-11-27 13:00:00;43420;HH;верх;2658,275;2639,075;41,500;22;1
3/3;6574;2024-11-28 01:00:00;43431;HL;низ;2620,990;2631,345;37,285;11;2
3/3;6575;2024-11-28 10:00:00;43440;LH;верх;2649,735;2647,090;28,745;9;1
3/3;6576;2024-11-29 01:00:00;43452;HL;низ;2634,090;2659,975;15,645;12;2
3/3;6577;2024-11-29 06:00:00;43457;HH;верх;2666,350;2664,200;32,260;5;1
3/3;6578;2024-11-29 08:00:00;43459;HL;низ;2654,590;2659,680;11,760;2;1
3/3;6579;2024-11-29 10:00:00;43461;LH;верх;2665,930;2658,025;11,340;2;1
3/3;6580;2024-12-02 05:00:00;43477;LL;низ;2621,980;2629,595;43,950;16;3
3/3;6581;2024-12-02 14:00:00;43486;LH;верх;2651,905;2638,885;29,925;9;1
3/3;6582;2024-12-02 18:00:00;43490;HL;низ;2633,595;2638,955;18,310;4;1
3/3;6583;2024-12-03 01:00:00;43496;LH;верх;2645,320;2639,930;11,725;6;1
3/3;6584;2024-12-03 01:00:00;43496;HL;низ;2634,165;2639,930;11,155;0;1
3/3;6585;2024-12-03 14:00:00;43509;HH;верх;2655,665;2647,110;21,500;13;2
3/3;6586;2024-12-03 15:00:00;43510;HL;низ;2635,230;2645,815;20,435;1;1
3/3;6587;2024-12-03 18:00:00;43513;LH;верх;2649,225;2643,885;13,995;3;1
3/3;6588;2024-12-04 01:00:00;43519;HL;низ;2637,750;2648,495;11,475;6;1
3/3;6589;2024-12-04 06:00:00;43524;HH;верх;2651,450;2640,975;13,700;5;1
3/3;6590;2024-12-04 13:00:00;43531;LL;низ;2632,465;2649,805;18,985;7;2
3/3;6591;2024-12-04 15:00:00;43533;HH;верх;2657,235;2649,070;24,770;2;1
3/3;6592;2024-12-05 03:00:00;43544;HL;низ;2644,735;2646,980;12,500;11;2
3/3;6593;2024-12-05 05:00:00;43546;LH;верх;2655,635;2643,275;10,900;2;1
3/3;6594;2024-12-05 09:00:00;43550;LL;низ;2641,945;2653,360;13,690;4;1
3/3;6595;2024-12-05 13:00:00;43554;LH;верх;2654,555;2635,160;12,610;4;1
3/3;6596;2024-12-05 18:00:00;43559;LL;низ;2623,615;2631,925;30,940;5;1
3/3;6597;2024-12-05 23:00:00;43563;LH;верх;2633,910;2625,450;10,295;4;1
3/3;6598;2024-12-06 01:00:00;43565;LL;низ;2613,110;2642,295;20,800;2;1
3/3;6599;2024-12-06 09:00:00;43573;HH;верх;2645,730;2638,630;32,620;8;3
3/3;6600;2024-12-06 14:00:00;43578;HL;низ;2624,130;2634,965;21,600;5;2
3/3;6601;2024-12-09 15:00:00;43602;HH;верх;2676,480;2663,070;52,350;24;2
3/3;6602;2024-12-09 20:00:00;43607;HL;низ;2656,805;2665,105;19,675;5;1
3/3;6603;2024-12-10 04:00:00;43614;LH;верх;2673,910;2664,670;17,105;7;1
3/3;6604;2024-12-10 08:00:00;43618;HL;низ;2661,245;2674,600;12,665;4;1
3/3;6605;2024-12-11 02:00:00;43635;HH;верх;2704,445;2687,850;43,200;17;2
3/3;6606;2024-12-11 05:00:00;43638;HL;низ;2675,465;2691,265;28,980;3;3
3/3;6607;2024-12-12 01:00:00;43657;HH;верх;2726,295;2712,715;50,830;19;2
3/3;6608;2024-12-12 01:00:00;43657;HL;низ;2700,810;2712,715;25,485;0;1
3/3;6609;2024-12-12 07:00:00;43663;LH;верх;2720,520;2711,580;19,710;6;1
3/3;6610;2024-12-12 15:00:00;43671;LL;низ;2675,165;2684,220;45,355;8;2
3/3;6611;2024-12-13 01:00:00;43680;LH;верх;2692,865;2687,425;17,700;9;2
3/3;6612;2024-12-16 00:00:00;43702;LL;низ;2643,595;2653,910;49,270;22;1
3/3;6613;2024-12-16 03:00:00;43705;LH;верх;2655,770;2653,770;12,175;3;1
3/3;6614;2024-12-16 05:00:00;43707;HL;низ;2649,645;2658,055;6,125;2;1
3/3;6615;2024-12-16 12:00:00;43714;HH;верх;2664,475;2654,500;14,830;7;1
3/3;6616;2024-12-16 16:00:00;43718;LL;низ;2648,630;2653,340;15,845;4;2
3/3;6617;2024-12-17 01:00:00;43726;LH;верх;2658,740;2651,845;10,110;8;3
3/3;6618;2024-12-17 14:00:00;43739;LL;низ;2633,160;2646,075;25,580;13;1
3/3;6619;2024-12-18 01:00:00;43749;LH;верх;2651,785;2645,185;18,625;10;2
3/3;6620;2024-12-18 04:00:00;43752;HL;низ;2642,815;2644,705;8,970;3;1
3/3;6621;2024-12-18 08:00:00;43756;LH;верх;2649,705;2646,235;6,890;4;1
3/3;6622;2024-12-18 21:00:00;43769;LL;низ;2583,915;2612,015;65,790;13;2
3/3;6623;2024-12-19 01:00:00;43772;LH;верх;2618,155;2609,290;34,240;3;1
3/3;6624;2024-12-19 06:00:00;43777;HL;низ;2603,385;2620,495;14,770;5;1
3/3;6625;2024-12-19 10:00:00;43781;HH;верх;2626,440;2596,435;23,055;4;1
3/3;6626;2024-12-19 15:00:00;43786;LL;низ;2587,065;2599,815;39,375;5;1
3/3;6627;2024-12-19 19:00:00;43790;LH;верх;2601,135;2593,660;14,070;4;1
3/3;6628;2024-12-20 01:00:00;43795;HL;низ;2589,665;2598,105;11,470;5;1
3/3;6629;2024-12-20 08:00:00;43802;HH;верх;2607,805;2603,775;18,140;7;2
3/3;6630;2024-12-20 11:00:00;43805;HL;низ;2600,215;2616,945;7,590;3;1
3/3;6631;2024-12-20 16:00:00;43810;HH;верх;2631,920;2627,955;31,705;5;1
3/3;6632;2024-12-23 00:00:00;43817;HL;низ;2617,515;2624,135;14,405;7;1
3/3;6633;2024-12-23 07:00:00;43824;HH;верх;2633,390;2619,560;15,875;7;1
3/3;6634;2024-12-23 16:00:00;43833;LL;низ;2608,260;2611,220;25,130;9;3
3/3;6635;2024-12-24 05:00:00;43845;LH;верх;2621,535;2617,340;13,275;12;1
3/3;6636;2024-12-24 15:00:00;43855;HL;низ;2610,105;2616,875;11,430;10;1
3/3;6637;2024-12-26 07:00:00;43867;HH;верх;2629,605;2628,740;19,500;12;1
3/3;6638;2024-12-26 13:00:00;43873;HL;низ;2621,855;2632,185;7,750;6;2
3/3;6639;2024-12-26 15:00:00;43875;HH;верх;2639,175;2634,860;17,320;2;2
3/3;6640;2024-12-27 02:00:00;43885;HL;низ;2628,990;2631,520;10,185;10;1
3/3;6641;2024-12-27 07:00:00;43890;LH;верх;2638,300;2626,740;9,310;5;2
3/3;6642;2024-12-27 14:00:00;43897;LL;низ;2611,715;2615,945;26,585;7;2
3/3;6643;2024-12-30 03:00:00;43909;LH;верх;2628,095;2619,175;16,380;12;2
3/3;6644;2024-12-30 16:00:00;43922;LL;низ;2596,185;2607,220;31,910;13;1
3/3;6645;2024-12-31 01:00:00;43930;LH;верх;2611,610;2606,620;15,425;8;2
3/3;6646;2024-12-31 05:00:00;43934;HL;низ;2602,760;2616,680;8,850;4;1
3/3;6647;2024-12-31 08:00:00;43937;HH;верх;2617,850;2611,105;15,090;3;1
3/3;6648;2024-12-31 13:00:00;43942;HL;низ;2605,490;2625,485;12,360;5;1
3/3;6649;2024-12-31 17:00:00;43946;HH;верх;2627,625;2623,350;22,135;4;1
3/3;6650;2025-01-01 23:00:00;43951;HL;низ;2621,775;2634,775;5,850;5;1
3/3;6651;2025-01-02 02:00:00;43954;HH;верх;2636,590;2634,080;14,815;3;1
3/3;6652;2025-01-02 08:00:00;43960;HL;низ;2631,145;2641,980;5,445;6;1
3/3;6653;2025-01-03 03:00:00;43978;HH;верх;2665,405;2659,665;34,260;18;2
3/3;6654;2025-01-03 08:00:00;43983;HL;низ;2649,950;2657,655;15,455;5;1
3/3;6655;2025-01-03 11:00:00;43986;LH;верх;2659,345;2647,835;9,395;3;1
3/3;6656;2025-01-03 21:00:00;43996;LL;низ;2636,705;2641,460;22,640;10;2
3/3;6657;2025-01-06 01:00:00;43999;LH;верх;2647,490;2635,510;10,785;3;1
3/3;6658;2025-01-06 07:00:00;44005;LL;низ;2625,260;2633,845;22,230;6;1
3/3;6659;2025-01-06 11:00:00;44009;HH;верх;2649,520;2631,440;24,260;4;1
3/3;6660;2025-01-06 14:00:00;44012;LL;низ;2614,635;2636,730;34,885;3;2
3/3;6661;2025-01-07 13:00:00;44034;HH;верх;2664,330;2651,865;49,695;22;3
3/3;6662;2025-01-07 15:00:00;44036;HL;низ;2642,050;2649,235;22,280;2;1
3/3;6663;2025-01-08 00:00:00;44044;LH;верх;2651,570;2646,875;9,520;8;1
3/3;6664;2025-01-08 04:00:00;44048;HL;низ;2645,370;2652,690;6,200;4;2
3/3;6665;2025-01-08 16:00:00;44060;HH;верх;2670,150;2658,420;24,780;12;1
3/3;6666;2025-01-08 17:00:00;44061;HL;низ;2649,495;2663,540;20,655;1;2
3/3;6667;2025-01-09 13:00:00;44080;HH;верх;2678,405;2667,700;28,910;19;2
3/3;6668;2025-01-09 17:00:00;44084;HL;низ;2662,810;2669,605;15,595;4;3
3/3;6669;2025-01-10 15:00:00;44105;HH;верх;2697,950;2687,430;35,140;21;1
3/3;6670;2025-01-10 19:00:00;44109;HL;низ;2684,615;2691,210;13,335;4;1
3/3;6671;2025-01-13 00:00:00;44113;LH;верх;2693,555;2688,055;8,940;4;1
3/3;6672;2025-01-13 01:00:00;44114;LL;низ;2679,315;2686,105;14,240;1;2
3/3;6673;2025-01-13 06:00:00;44119;LH;верх;2691,325;2684,840;12,010;5;1
3/3;6674;2025-01-13 19:00:00;44132;LL;низ;2656,835;2667,990;34,490;13;1
3/3;6675;2025-01-14 05:00:00;44141;LH;верх;2675,365;2671,080;18,530;9;2
3/3;6676;2025-01-14 14:00:00;44150;HL;низ;2659,890;2669,045;15,475;9;1
3/3;6677;2025-01-14 21:00:00;44157;HH;верх;2678,395;2669,910;18,505;7;1
3/3;6678;2025-01-15 02:00:00;44161;HL;низ;2669,365;2679,360;9,030;4;1
3/3;6679;2025-01-15 14:00:00;44173;HH;верх;2696,045;2692,810;26,680;12;1
3/3;6680;2025-01-15 15:00:00;44174;HL;низ;2676,755;2694,185;19,290;1;2
3/3;6681;2025-01-16 01:00:00;44183;HH;верх;2702,260;2697,390;25,505;9;1
3/3;6682;2025-01-16 06:00:00;44188;HL;низ;2690,050;2705,390;12,210;5;1
3/3;6683;2025-01-16 17:00:00;44199;HH;верх;2724,785;2715,875;34,735;11;1
3/3;6684;2025-01-17 01:00:00;44206;HL;низ;2709,965;2714,780;14,820;7;1
3/3;6685;2025-01-17 03:00:00;44208;LH;верх;2717,430;2712,750;7,465;2;1
3/3;6686;2025-01-17 14:00:00;44219;LL;низ;2702,745;2712,670;14,685;11;2
3/3;6687;2025-01-17 16:00:00;44221;LH;верх;2717,395;2703,110;14,650;2;1
3/3;6688;2025-01-20 01:00:00;44229;LL;низ;2689,375;2706,050;28,020;8;1
3/3;6689;2025-01-20 06:00:00;44234;LH;верх;2713,885;2706,135;24,510;5;2
3/3;6690;2025-01-20 13:00:00;44241;HL;низ;2701,765;2707,745;12,120;7;2
3/3;6691;2025-01-21 07:00:00;44256;HH;верх;2733,060;2719,950;31,295;15;1
3/3;6692;2025-01-21 11:00:00;44260;HL;низ;2716,615;2738,205;16,445;4;1
3/3;6693;2025-01-22 05:00:00;44277;HH;верх;2758,670;2753,350;42,055;17;2
3/3;6694;2025-01-22 06:00:00;44278;HL;низ;2745,635;2758,545;13,035;1;1
3/3;6695;2025-01-22 10:00:00;44282;HH;верх;2763,435;2757,840;17,800;4;1
3/3;6696;2025-01-23 03:00:00;44298;HL;низ;2749,625;2753,270;13,810;16;2
3/3;6697;2025-01-23 06:00:00;44301;LH;верх;2755,660;2746,035;6,035;3;1
3/3;6698;2025-01-23 13:00:00;44308;LL;низ;2735,960;2753,975;19,700;7;2
3/3;6699;2025-01-23 17:00:00;44312;HH;верх;2758,970;2753,970;23,010;4;1
3/3;6700;2025-01-23 20:00:00;44315;HL;низ;2751,415;2759,740;7,555;3;1
3/3;6701;2025-01-24 06:00:00;44324;HH;верх;2778,455;2772,915;27,040;9;1
3/3;6702;2025-01-24 08:00:00;44326;HL;низ;2770,180;2776,760;8,275;2;1
3/3;6703;2025-01-24 15:00:00;44333;HH;верх;2786,060;2773,525;15,880;7;1
3/3;6704;2025-01-24 16:00:00;44334;LL;низ;2769,955;2774,740;16,105;1;1
3/3;6705;2025-01-27 01:00:00;44342;LH;верх;2772,745;2758,250;2,790;8;1
3/3;6706;2025-01-27 07:00:00;44348;LL;низ;2747,420;2768,065;25,325;6;1
3/3;6707;2025-01-27 11:00:00;44352;LH;верх;2772,105;2751,525;24,685;4;1
3/3;6708;2025-01-27 17:00:00;44358;LL;низ;2730,560;2741,525;41,545;6;1
3/3;6709;2025-01-27 23:00:00;44363;LH;верх;2745,360;2739,505;14,800;5;1
3/3;6710;2025-01-28 03:00:00;44367;HL;низ;2737,970;2739,630;7,390;4;1
3/3;6711;2025-01-28 05:00:00;44369;LH;верх;2745,050;2741,245;7,080;2;1
3/3;6712;2025-01-28 08:00:00;44372;LL;низ;2734,815;2742,775;10,235;3;1
3/3;6713;2025-01-28 20:00:00;44384;HH;верх;2765,090;2764,010;30,275;12;1
3/3;6714;2025-01-29 00:00:00;44387;HL;низ;2762,300;2762,790;2,790;3;1
3/3;6715;2025-01-29 01:00:00;44388;HH;верх;2766,265;2762,520;3,965;1;3
3/3;6716;2025-01-29 19:00:00;44406;LL;низ;2744,755;2760,435;21,510;18;1
3/3;6717;2025-01-30 00:00:00;44410;LH;верх;2762,745;2761,885;17,990;4;1
3/3;6718;2025-01-30 05:00:00;44415;HL;низ;2758,860;2776,245;3,885;5;1
3/3;6719;2025-01-30 16:00:00;44426;HH;верх;2798,605;2793,490;39,745;11;1
3/3;6720;2025-01-30 21:00:00;44431;HL;низ;2788,485;2796,415;10,120;5;1
3/3;6721;2025-01-31 07:00:00;44440;HH;верх;2801,010;2794,310;12,525;9;2
3/3;6722;2025-01-31 10:00:00;44443;HL;низ;2791,070;2806,445;9,940;3;1
3/3;6723;2025-01-31 15:00:00;44448;HH;верх;2817,215;2798,890;26,145;5;2
3/3;6724;2025-02-03 03:00:00;44459;LL;низ;2772,215;2786,890;45,000;11;1
3/3;6725;2025-02-03 14:00:00;44470;HH;верх;2830,755;2817,260;58,540;11;1
3/3;6726;2025-02-03 21:00:00;44477;HL;низ;2812,278;2823,525;18,477;7;1
3/3;6727;2025-02-04 02:00:00;44481;LH;верх;2824,650;2815,850;12,372;4;1
3/3;6728;2025-02-04 07:00:00;44486;LL;низ;2807,275;2814,800;17,375;5;1
3/3;6729;2025-02-04 15:00:00;44494;HH;верх;2845,470;2842,725;38,195;8;1
3/3;6730;2025-02-05 01:00:00;44503;HL;низ;2839,740;2855,335;5,730;9;1
3/3;6731;2025-02-05 10:00:00;44512;HH;верх;2877,085;2861,970;37,345;9;1
3/3;6732;2025-02-05 13:00:00;44515;HL;низ;2858,645;2874,960;18,440;3;1
3/3;6733;2025-02-05 15:00:00;44517;HH;верх;2882,310;2865,765;23,665;2;1
3/3;6734;2025-02-05 20:00:00;44522;HL;низ;2859,975;2869,875;22,335;5;1
3/3;6735;2025-02-06 02:00:00;44527;LH;верх;2873,340;2868,230;13,365;5;1
3/3;6736;2025-02-06 08:00:00;44533;LL;низ;2848,970;2865,995;24,370;6;1
3/3;6737;2025-02-06 12:00:00;44537;LH;верх;2870,395;2850,615;21,425;4;1
3/3;6738;2025-02-06 15:00:00;44540;LL;низ;2834,270;2852,660;36,125;3;1
3/3;6739;2025-02-07 03:00:00;44551;HH;верх;2870,565;2860,830;36,295;11;1
3/3;6740;2025-02-07 06:00:00;44554;HL;низ;2859,030;2868,920;11,535;3;1
3/3;6741;2025-02-07 09:00:00;44557;HH;верх;2870,735;2863,695;11,705;3;1
3/3;6742;2025-02-07 13:00:00;44561;LL;низ;2852,595;2860,738;18,140;4;1
3/3;6743;2025-02-07 15:00:00;44563;HH;верх;2886,855;2861,305;34,260;2;1
3/3;6744;2025-02-07 17:00:00;44565;HL;низ;2853,435;2860,765;33,420;2;2
3/3;6745;2025-02-11 02:00:00;44596;HH;верх;2942,780;2923,005;89,345;31;2
3/3;6746;2025-02-11 02:00:00;44596;HL;низ;2905,940;2923,005;36,840;0;1
3/3;6747;2025-02-11 06:00:00;44600;LH;верх;2929,540;2903,215;23,600;4;1
3/3;6748;2025-02-11 13:00:00;44607;LL;низ;2881,560;2902,435;47,980;7;1
3/3;6749;2025-02-11 16:00:00;44610;LH;верх;2908,675;2900,270;27,115;3;1
3/3;6750;2025-02-12 01:00:00;44618;HL;низ;2883,695;2885,405;24,980;8;2
3/3;6751;2025-02-12 07:00:00;44624;LH;верх;2895,850;2882,885;12,155;6;1
3/3;6752;2025-02-12 13:00:00;44630;LL;низ;2864,330;2902,540;31,520;6;1
3/3;6753;2025-02-13 05:00:00;44645;HH;верх;2922,880;2911,750;58,550;15;2
3/3;6754;2025-02-13 08:00:00;44648;HL;низ;2909,500;2918,060;13,380;3;1
3/3;6755;2025-02-13 12:00:00;44652;LH;верх;2921,435;2920,290;11,935;4;1
3/3;6756;2025-02-13 13:00:00;44653;LL;низ;2905,885;2913,885;15,550;1;1
3/3;6757;2025-02-14 01:00:00;44664;HH;верх;2933,920;2928,585;28,035;11;1
3/3;6758;2025-02-14 03:00:00;44666;HL;низ;2923,335;2934,400;10,585;2;1
3/3;6759;2025-02-14 10:00:00;44673;HH;верх;2939,980;2920,675;16,645;7;1
3/3;6760;2025-02-14 20:00:00;44683;LL;низ;2877,025;2883,725;62,955;10;1
3/3;6761;2025-02-17 05:00:00;44691;LH;верх;2905,355;2900,295;28,330;8;1
3/3;6762;2025-02-17 06:00:00;44692;HL;низ;2888,190;2902,580;17,165;1;1
3/3;6763;2025-02-17 09:00:00;44695;HH;верх;2906,525;2897,725;18,335;3;1
3/3;6764;2025-02-17 12:00:00;44698;HL;низ;2895,450;2899,355;11,075;3;1
3/3;6765;2025-02-17 15:00:00;44701;LH;верх;2904,185;2898,255;8,735;3;1
3/3;6766;2025-02-18 01:00:00;44708;LL;низ;2892,070;2910,920;12,115;7;1
3/3;6767;2025-02-18 05:00:00;44712;HH;верх;2915,760;2912,515;23,690;4;1
3/3;6768;2025-02-18 10:00:00;44717;HL;низ;2907,190;2918,770;8,570;5;1
3/3;6769;2025-02-19 01:00:00;44731;HH;верх;2939,740;2929,335;32,550;14;2
3/3;6770;2025-02-19 02:00:00;44732;HL;низ;2924,210;2932,970;15,530;1;1
3/3;6771;2025-02-19 10:00:00;44740;HH;верх;2947,080;2936,385;22,870;8;1
3/3;6772;2025-02-19 18:00:00;44748;LL;низ;2918,640;2933,260;28,440;8;1
3/3;6773;2025-02-20 09:00:00;44762;HH;верх;2954,955;2945,585;36,315;14;1
3/3;6774;2025-02-20 14:00:00;44767;HL;низ;2924,035;2940,505;30,920;5;1
3/3;6775;2025-02-20 17:00:00;44770;LH;верх;2947,090;2937,925;23,055;3;1
3/3;6776;2025-02-20 19:00:00;44772;HL;низ;2933,555;2941,785;13,535;2;1
3/3;6777;2025-02-21 01:00:00;44777;HH;верх;2949,930;2928,545;16,375;5;1
3/3;6778;2025-02-21 08:00:00;44784;LL;низ;2916,820;2928,400;33,110;7;2
3/3;6779;2025-02-21 18:00:00;44794;LH;верх;2942,880;2936,260;26,060;10;1
3/3;6780;2025-02-24 01:00:00;44800;HL;низ;2921,475;2940,995;21,405;6;1
3/3;6781;2025-02-24 03:00:00;44802;HH;верх;2944,760;2938,850;23,285;2;1
3/3;6782;2025-02-24 06:00:00;44805;HL;низ;2935,265;2944,360;9,495;3;1
3/3;6783;2025-02-24 08:00:00;44807;HH;верх;2948,880;2947,685;13,615;2;1
3/3;6784;2025-02-24 10:00:00;44809;LL;низ;2935,020;2954,570;13,860;2;1
3/3;6785;2025-02-24 14:00:00;44813;HH;верх;2956,310;2943,325;21,290;4;1
3/3;6786;2025-02-24 15:00:00;44814;LL;низ;2930,810;2947,480;25,500;1;1
3/3;6787;2025-02-24 23:00:00;44821;LH;верх;2953,425;2948,725;22,615;7;1
3/3;6788;2025-02-25 08:00:00;44830;LL;низ;2929,640;2938,745;23,785;9;1
3/3;6789;2025-02-25 14:00:00;44836;LH;верх;2944,930;2907,725;15,290;6;2
3/3;6790;2025-02-25 16:00:00;44838;LL;низ;2888,180;2912,095;56,750;2;1
3/3;6791;2025-02-26 01:00:00;44846;LH;верх;2930,180;2915,075;42,000;8;1
3/3;6792;2025-02-26 07:00:00;44852;HL;низ;2905,905;2912,705;24,275;6;1
3/3;6793;2025-02-26 09:00:00;44854;LH;верх;2919,140;2913,960;13,235;2;1
3/3;6794;2025-02-26 14:00:00;44859;LL;низ;2890,865;2913,925;28,275;5;1
3/3;6795;2025-02-26 23:00:00;44867;HH;верх;2920,815;2906,790;29,950;8;2
3/3;6796;2025-02-27 14:00:00;44882;LL;низ;2867,795;2883,305;53,020;15;2
3/3;6797;2025-02-27 19:00:00;44887;LH;верх;2887,745;2875,885;19,950;5;1
3/3;6798;2025-02-27 21:00:00;44889;HL;низ;2871,285;2874,890;16,460;2;1
3/3;6799;2025-02-28 01:00:00;44892;LH;верх;2885,240;2863,525;13,955;3;1
3/3;6800;2025-02-28 08:00:00;44899;LL;низ;2851,115;2862,365;34,125;7;2
3/3;6801;2025-02-28 12:00:00;44903;LH;верх;2865,025;2850,275;13,910;4;1
3/3;6802;2025-02-28 15:00:00;44906;LL;низ;2832,720;2845,350;32,305;3;1
3/3;6803;2025-03-02 23:00:00;44913;HH;верх;2876,850;2868,150;44,130;7;1
3/3;6804;2025-03-03 08:00:00;44922;HL;низ;2859,000;2874,490;17,850;9;2
3/3;6805;2025-03-03 16:00:00;44930;HH;верх;2893,200;2881,670;34,200;8;1
3/3;6806;2025-03-03 20:00:00;44934;HL;низ;2878,435;2891,945;14,765;4;1
3/3;6807;2025-03-03 21:00:00;44935;HH;верх;2895,210;2888,410;16,775;1;1
3/3;6808;2025-03-04 01:00:00;44938;HL;низ;2881,980;2891,370;13,230;3;2
3/3;6809;2025-03-04 13:00:00;44950;HH;верх;2927,910;2915,180;45,930;12;1
3/3;6810;2025-03-04 15:00:00;44952;HL;низ;2900,390;2911,375;27,520;2;1
3/3;6811;2025-03-04 20:00:00;44957;LH;верх;2920,610;2914,080;20,220;5;1
3/3;6812;2025-03-05 02:00:00;44962;HL;низ;2902,040;2918,905;18,570;5;1
3/3;6813;2025-03-05 09:00:00;44969;HH;верх;2922,675;2916,290;20,635;7;1
3/3;6814;2025-03-05 13:00:00;44973;LL;низ;2894,350;2923,870;28,325;4;1
3/3;6815;2025-03-05 16:00:00;44976;HH;верх;2929,980;2920,545;35,630;3;1
3/3;6816;2025-03-06 01:00:00;44984;HL;низ;2916,010;2917,540;13,970;8;1
3/3;6817;2025-03-06 02:00:00;44985;LH;верх;2926,720;2919,975;10,710;1;1
3/3;6818;2025-03-06 09:00:00;44992;LL;низ;2891,150;2903,345;35,570;7;1
3/3;6819;2025-03-06 15:00:00;44998;LH;верх;2922,850;2916,235;31,700;6;1
3/3;6820;2025-03-07 00:00:00;45006;HL;низ;2896,910;2905,465;25,940;8;1
3/3;6821;2025-03-07 09:00:00;45015;HH;верх;2923,180;2918,770;26,270;9;1
3/3;6822;2025-03-07 14:00:00;45020;HL;низ;2903,830;2908,325;19,350;5;1
3/3;6823;2025-03-07 15:00:00;45021;HH;верх;2930,540;2906,625;26,710;1;1
3/3;6824;2025-03-07 18:00:00;45024;LL;низ;2902,065;2909,550;28,475;3;1
3/3;6825;2025-03-10 01:00:00;45031;LH;верх;2918,385;2910,980;16,320;7;2
3/3;6826;2025-03-10 11:00:00;45041;LL;низ;2895,700;2908,115;22,685;10;1
3/3;6827;2025-03-10 15:00:00;45045;LH;верх;2910,635;2885,665;14,935;4;1
3/3;6828;2025-03-11 01:00:00;45054;LL;низ;2880,250;2897,770;30,385;9;2
3/3;6829;2025-03-11 13:00:00;45066;HH;верх;2922,225;2917,200;41,975;12;2
3/3;6830;2025-03-11 13:00:00;45066;HL;низ;2906,890;2917,200;15,335;0;1
3/3;6831;2025-03-11 19:00:00;45072;LH;верх;2921,400;2915,555;14,510;6;1
3/3;6832;2025-03-12 07:00:00;45083;HL;низ;2909,095;2914,410;12,305;11;2
3/3;6833;2025-03-12 09:00:00;45085;HH;верх;2925,390;2917,560;16,295;2;1
3/3;6834;2025-03-12 13:00:00;45089;LL;низ;2906,110;2936,235;19,280;4;1
3/3;6835;2025-03-12 17:00:00;45093;HH;верх;2940,690;2933,610;34,580;4;1
3/3;6836;2025-03-12 20:00:00;45096;HL;низ;2930,965;2938,710;9,725;3;1
3/3;6837;2025-03-13 03:00:00;45102;HH;верх;2947,195;2936,955;16,230;6;1
3/3;6838;2025-03-13 07:00:00;45106;HL;низ;2932,980;2944,150;14,215;4;3
3/3;6839;2025-03-14 04:00:00;45126;HH;верх;2994,000;2986,975;61,020;20;1
3/3;6840;2025-03-14 07:00:00;45129;HL;низ;2980,915;2993,445;13,085;3;1
3/3;6841;2025-03-14 10:00:00;45132;HH;верх;3005,040;2985,690;24,125;3;1
3/3;6842;2025-03-14 15:00:00;45137;LL;низ;2978,505;2983,475;26,535;5;2
3/3;6843;2025-03-16 23:00:00;45144;LH;верх;2994,235;2988,125;15,730;7;1
3/3;6844;2025-03-17 05:00:00;45150;HL;низ;2982,340;2988,515;11,895;6;1
3/3;6845;2025-03-17 11:00:00;45156;HH;верх;3001,190;2998,720;18,850;6;1
3/3;6846;2025-03-17 12:00:00;45157;HL;низ;2984,930;2997,255;16,260;1;2
3/3;6847;2025-03-18 13:00:00;45181;HH;верх;3038,350;3036,140;53,420;24;2
3/3;6848;2025-03-19 01:00:00;45192;HL;низ;3027,450;3036,550;10,900;11;1
3/3;6849;2025-03-19 05:00:00;45196;HH;верх;3045,410;3025,340;17,960;4;1
3/3;6850;2025-03-19 09:00:00;45200;LL;низ;3022,885;3037,245;22,525;4;1
3/3;6851;2025-03-19 12:00:00;45203;LH;верх;3041,100;3031,560;18,215;3;1
3/3;6852;2025-03-19 14:00:00;45205;HL;низ;3025,960;3030,695;15,140;2;1
3/3;6853;2025-03-20 04:00:00;45218;HH;верх;3057,590;3042,340;31,630;13;2
3/3;6854;2025-03-20 10:00:00;45224;LL;низ;3025,730;3033,005;31,860;6;1
3/3;6855;2025-03-21 00:00:00;45237;LH;верх;3047,550;3030,665;21,820;13;1
3/3;6856;2025-03-21 05:00:00;45242;LL;низ;3021,845;3033,020;25,705;5;1
3/3;6857;2025-03-21 12:00:00;45249;LH;верх;3038,195;3011,180;16,350;7;1
3/3;6858;2025-03-21 14:00:00;45251;LL;низ;2999,465;3013,735;38,730;2;1
3/3;6859;2025-03-23 23:00:00;45259;LH;верх;3026,410;3016,415;26,945;8;1
3/3;6860;2025-03-24 02:00:00;45262;HL;низ;3013,755;3022,135;12,655;3;1
3/3;6861;2025-03-24 10:00:00;45270;HH;верх;3033,340;3022,615;19,585;8;1
3/3;6862;2025-03-24 18:00:00;45278;LL;низ;3002,495;3011,500;30,845;8;4
3/3;6863;2025-03-25 14:00:00;45297;HH;верх;3036,070;3022,700;33,575;19;1
3/3;6864;2025-03-25 19:00:00;45302;HL;низ;3017,835;3021,080;18,235;5;1
3/3;6865;2025-03-26 02:00:00;45308;LH;верх;3027,170;3022,665;9,335;6;1
3/3;6866;2025-03-26 05:00:00;45311;LL;низ;3013,320;3024,090;13,850;3;1
3/3;6867;2025-03-26 08:00:00;45314;HH;верх;3032,165;3027,595;18,845;3;1
3/3;6868;2025-03-26 15:00:00;45321;LL;низ;3012,330;3018,380;19,835;7;1
3/3;6869;2025-03-27 04:00:00;45333;HH;верх;3038,695;3035,960;26,365;12;1
3/3;6870;2025-03-27 06:00:00;45335;HL;низ;3026,765;3040,080;11,930;2;2
3/3;6871;2025-03-27 14:00:00;45343;HH;верх;3059,755;3052,930;32,990;8;2
3/3;6872;2025-03-27 23:00:00;45351;HL;низ;3054,235;3071,925;5,520;8;1
3/3;6873;2025-03-28 07:00:00;45359;HH;верх;3086,090;3074,405;31,855;8;1
3/3;6874;2025-03-28 08:00:00;45360;HL;низ;3066,145;3076,350;19,945;1;1
3/3;6875;2025-03-28 14:00:00;45366;HH;верх;3086,965;3077,425;20,820;6;1
3/3;6876;2025-03-28 15:00:00;45367;HL;низ;3067,430;3079,720;19,535;1;1
3/3;6877;2025-03-30 22:00:00;45373;HH;верх;3097,978;3094,895;30,548;6;1
3/3;6878;2025-03-31 01:00:00;45376;HL;низ;3076,805;3113,505;21,173;3;1
3/3;6879;2025-03-31 06:00:00;45381;HH;верх;3128,135;3115,070;51,330;5;1
3/3;6880;2025-03-31 13:00:00;45388;HL;низ;3099,710;3117,675;28,425;7;2
3/3;6881;2025-03-31 15:00:00;45390;LH;верх;3127,300;3121,520;27,590;2;1
3/3;6882;2025-03-31 23:00:00;45397;HL;низ;3120,125;3145,265;7,175;7;1
3/3;6883;2025-04-01 05:00:00;45403;HH;верх;3149,090;3131,080;28,965;6;1
3/3;6884;2025-04-01 07:00:00;45405;HL;низ;3124,105;3132,370;24,985;2;1
3/3;6885;2025-04-01 10:00:00;45408;LH;верх;3139,070;3134,085;14,965;3;1
3/3;6886;2025-04-01 16:00:00;45414;LL;низ;3100,870;3118,890;38,200;6;2
3/3;6887;2025-04-02 02:00:00;45423;LH;верх;3135,805;3118,040;34,935;9;1
3/3;6888;2025-04-02 05:00:00;45426;HL;низ;3106,705;3131,370;29,100;3;1
3/3;6889;2025-04-02 08:00:00;45429;LH;верх;3133,950;3121,385;27,245;3;1
3/3;6890;2025-04-02 10:00:00;45431;HL;низ;3110,205;3122,390;23,745;2;1
3/3;6891;2025-04-02 16:00:00;45437;HH;верх;3134,370;3124,320;24,165;6;1
3/3;6892;2025-04-02 20:00:00;45441;LL;низ;3104,790;3151,335;29,580;4;1
3/3;6893;2025-04-02 23:00:00;45443;HH;верх;3167,835;3145,255;63,045;2;1
3/3;6894;2025-04-03 13:00:00;45457;LL;низ;3054,190;3107,575;113,645;14;2
3/3;6895;2025-04-03 14:00:00;45458;LH;верх;3135,665;3109,560;81,475;1;2
3/3;6896;2025-04-04 03:00:00;45470;HL;низ;3087,090;3101,135;48,575;12;1
3/3;6897;2025-04-04 06:00:00;45473;LH;верх;3110,075;3090,805;22,985;3;1
3/3;6898;2025-04-04 08:00:00;45475;LL;низ;3078,515;3110,425;31,560;2;1
3/3;6899;2025-04-04 11:00:00;45478;HH;верх;3136,775;3038,535;58,260;3;1
3/3;6900;2025-04-04 17:00:00;45484;LL;низ;3015,650;3037,885;121,125;6;1
3/3;6901;2025-04-04 20:00:00;45487;LH;верх;3041,095;2978,980;25,445;3;1
3/3;6902;2025-04-07 00:00:00;45490;LL;низ;2970,215;3019,030;70,880;3;1
3/3;6903;2025-04-07 01:00:00;45491;HH;верх;3057,305;3035,575;87,090;1;1
3/3;6904;2025-04-07 07:00:00;45497;HL;низ;3013,360;3031,325;43,945;6;1
3/3;6905;2025-04-07 11:00:00;45501;LH;верх;3046,235;2999,505;32,875;4;1
3/3;6906;2025-04-07 17:00:00;45507;LL;низ;2956,565;2981,940;89,670;6;1
3/3;6907;2025-04-08 06:00:00;45519;LH;верх;3016,105;3006,970;59,540;12;1
3/3;6908;2025-04-08 09:00:00;45522;HL;низ;2994,900;3002,670;21,205;3;1
3/3;6909;2025-04-08 13:00:00;45526;HH;верх;3022,760;2986,055;27,860;4;1
3/3;6910;2025-04-08 23:00:00;45535;LL;низ;2969,970;3003,195;52,790;9;2
3/3;6911;2025-04-09 07:00:00;45543;HH;верх;3052,465;3043,010;82,495;8;1
3/3;6912;2025-04-09 11:00:00;45547;HL;низ;3036,080;3070,585;16,385;4;2
3/3;6913;2025-04-10 05:00:00;45564;HH;верх;3132,630;3104,975;96,550;17;2
3/3;6914;2025-04-10 09:00:00;45568;HL;низ;3103,320;3123,075;29,310;4;1
3/3;6915;2025-04-11 03:00:00;45585;HH;верх;3220,100;3197,310;116,780;17;1
3/3;6916;2025-04-11 05:00:00;45587;HL;низ;3187,265;3216,090;32,835;2;1
3/3;6917;2025-04-11 16:00:00;45598;HH;верх;3245,485;3231,020;58,220;11;2
3/3;6918;2025-04-13 22:00:00;45603;HL;низ;3213,355;3239,710;32,130;5;1
3/3;6919;2025-04-14 02:00:00;45607;HH;верх;3245,845;3234,440;32,490;4;2
3/3;6920;2025-04-14 13:00:00;45618;LL;низ;3193,630;3207,685;52,215;11;1
3/3;6921;2025-04-14 17:00:00;45622;LH;верх;3216,485;3210,680;22,855;4;1
3/3;6922;2025-04-15 01:00:00;45629;HL;низ;3210,065;3231,910;6,420;7;1
3/3;6923;2025-04-15 04:00:00;45632;HH;верх;3232,755;3225,755;22,690;3;1
3/3;6924;2025-04-15 07:00:00;45635;HL;низ;3217,375;3220,260;15,380;3;1
3/3;6925;2025-04-15 08:00:00;45636;LH;верх;3232,240;3220,210;14,865;1;1
3/3;6926;2025-04-15 13:00:00;45641;LL;низ;3211,660;3221,465;20,580;5;1
3/3;6927;2025-04-16 22:00:00;45672;HH;верх;3357,775;3323,995;146,115;31;2
3/3;6928;2025-04-17 01:00:00;45675;HL;низ;3320,855;3341,680;36,920;3;1
3/3;6929;2025-04-17 05:00:00;45679;LH;верх;3345,590;3324,345;24,735;4;1
3/3;6930;2025-04-17 08:00:00;45682;LL;низ;3312,755;3327,530;32,835;3;1
3/3;6931;2025-04-17 12:00:00;45686;LH;верх;3342,735;3296,485;29,980;4;1
3/3;6932;2025-04-17 14:00:00;45688;LL;низ;3283,955;3319,045;58,780;2;1
3/3;6933;2025-04-21 14:00:00;45711;HH;верх;3430,350;3422,555;146,395;23;1
3/3;6934;2025-04-21 17:00:00;45714;HL;низ;3406,070;3424,235;24,280;3;2
3/3;6935;2025-04-22 06:00:00;45726;HH;верх;3500,200;3454,765;94,130;12;1
3/3;6936;2025-04-22 22:00:00;45741;LL;низ;3315,340;3379,160;184,860;15;2
3/3;6937;2025-04-23 01:00:00;45744;LH;верх;3386,770;3346,795;71,430;3;1
3/3;6938;2025-04-23 06:00:00;45749;LL;низ;3291,735;3317,770;95,035;5;1
3/3;6939;2025-04-23 09:00:00;45752;LH;верх;3340,600;3310,735;48,865;3;1
3/3;6940;2025-04-23 14:00:00;45757;LL;низ;3260,190;3281,355;80,410;5;1
3/3;6941;2025-04-24 01:00:00;45767;HH;верх;3367,685;3326,195;107,495;10;1
3/3;6942;2025-04-24 06:00:00;45772;HL;низ;3314,800;3335,805;52,885;5;1
3/3;6943;2025-04-24 12:00:00;45778;LH;верх;3344,785;3329,535;29,985;6;1
3/3;6944;2025-04-24 14:00:00;45780;LL;низ;3306,755;3336,880;38,030;2;1
3/3;6945;2025-04-24 22:00:00;45787;HH;верх;3370,475;3345,750;63,720;7;1
3/3;6946;2025-04-25 13:00:00;45802;LL;низ;3265,135;3285,525;105,340;15;2
3/3;6947;2025-04-27 22:00:00;45810;LH;верх;3330,605;3281,055;65,470;8;1
3/3;6948;2025-04-28 02:00:00;45814;HL;низ;3268,110;3295,190;62,495;4;1
3/3;6949;2025-04-28 05:00:00;45817;LH;верх;3301,165;3282,790;33,055;3;1
3/3;6950;2025-04-28 10:00:00;45822;HL;низ;3273,335;3293,200;27,830;5;1
3/3;6951;2025-04-28 19:00:00;45831;HH;верх;3353,200;3337,680;79,865;9;1
3/3;6952;2025-04-29 05:00:00;45840;HL;низ;3305,140;3311,885;48,060;9;1
3/3;6953;2025-04-29 08:00:00;45843;LH;верх;3325,005;3309,290;19,865;3;1
3/3;6954;2025-04-29 14:00:00;45849;LL;низ;3299,675;3314,365;25,330;6;1
3/3;6955;2025-04-29 16:00:00;45851;HH;верх;3330,065;3320,540;30,390;2;2
3/3;6956;2025-04-30 04:00:00;45862;HL;низ;3301,385;3307,240;28,680;11;1
3/3;6957;2025-04-30 05:00:00;45863;LH;верх;3314,820;3284,510;13,435;1;1
3/3;6958;2025-04-30 12:00:00;45870;LL;низ;3266,910;3308,105;47,910;7;1
3/3;6959;2025-04-30 13:00:00;45871;HH;верх;3319,800;3310,825;52,890;1;1
3/3;6960;2025-05-01 04:00:00;45885;LL;низ;3221,320;3230,200;98,480;14;1
3/3;6961;2025-05-01 06:00:00;45887;LH;верх;3243,280;3218,590;21,960;2;1
3/3;6962;2025-05-01 12:00:00;45893;LL;низ;3201,955;3216,515;41,325;6;1
3/3;6963;2025-05-01 13:00:00;45894;LH;верх;3233,370;3219,675;31,415;1;1
3/3;6964;2025-05-02 00:00:00;45904;HL;низ;3227,470;3255,050;5,900;10;1
3/3;6965;2025-05-02 11:00:00;45915;HH;верх;3269,300;3262,875;41,830;11;1
3/3;6966;2025-05-02 16:00:00;45920;LL;низ;3222,755;3233,865;46,545;5;1
3/3;6967;2025-05-05 14:00:00;45941;HH;верх;3328,850;3317,170;106,095;21;2
3/3;6968;2025-05-05 16:00:00;45943;HL;низ;3305,640;3328,760;23,210;2;1
3/3;6969;2025-05-05 19:00:00;45946;HH;верх;3337,670;3334,145;32,030;3;1
3/3;6970;2025-05-06 00:00:00;45950;HL;низ;3322,755;3360,430;14,915;4;1
3/3;6971;2025-05-06 02:00:00;45952;HH;верх;3387,015;3362,150;64,260;2;1
3/3;6972;2025-05-06 05:00:00;45955;HL;низ;3350,260;3377,175;36,755;3;1
3/3;6973;2025-05-06 20:00:00;45970;HH;верх;3435,055;3379,380;84,795;15;1
3/3;6974;2025-05-07 01:00:00;45974;HL;низ;3360,200;3382,215;74,855;4;1
3/3;6975;2025-05-07 07:00:00;45980;LH;верх;3397,445;3391,365;37,245;6;1
3/3;6976;2025-05-07 10:00:00;45983;HL;низ;3369,305;3394,300;28,140;3;1
3/3;6977;2025-05-07 13:00:00;45986;HH;верх;3398,145;3386,925;28,840;3;1
3/3;6978;2025-05-07 14:00:00;45987;HL;низ;3375,800;3385,160;22,345;1;1
3/3;6979;2025-05-07 18:00:00;45991;LH;верх;3398,020;3370,080;22,220;4;1
3/3;6980;2025-05-07 19:00:00;45992;LL;низ;3363,735;3376,475;34,285;1;1
3/3;6981;2025-05-08 02:00:00;45998;HH;верх;3414,790;3355,490;51,055;6;1
3/3;6982;2025-05-08 06:00:00;46002;LL;низ;3320,380;3332,095;94,410;4;1
3/3;6983;2025-05-08 13:00:00;46009;LH;верх;3369,600;3310,330;49,220;7;1
3/3;6984;2025-05-08 19:00:00;46015;LL;низ;3288,805;3316,405;80,795;6;1
3/3;6985;2025-05-08 23:00:00;46018;LH;верх;3324,095;3308,390;35,290;3;1
3/3;6986;2025-05-09 02:00:00;46021;LL;низ;3274,810;3321,685;49,285;3;1
3/3;6987;2025-05-09 07:00:00;46026;HH;верх;3332,350;3323,435;57,540;5;1
3/3;6988;2025-05-09 14:00:00;46033;HL;низ;3320,395;3340,925;11,955;7;1
3/3;6989;2025-05-09 16:00:00;46035;HH;верх;3347,625;3328,865;27,230;2;1
3/3;6990;2025-05-12 10:00:00;46052;LL;низ;3207,790;3240,790;139,835;17;2
3/3;6991;2025-05-12 13:00:00;46055;LH;верх;3248,700;3224,290;40,910;3;1
3/3;6992;2025-05-13 01:00:00;46066;HL;низ;3215,855;3252,710;32,845;11;2
3/3;6993;2025-05-13 06:00:00;46071;HH;верх;3265,785;3253,435;49,930;5;1
3/3;6994;2025-05-13 14:00:00;46079;HL;низ;3225,505;3247,185;40,280;8;1
3/3;6995;2025-05-13 16:00:00;46081;LH;верх;3258,000;3249,450;32,495;2;2
3/3;6996;2025-05-14 05:00:00;46093;LL;низ;3221,565;3232,595;36,435;12;1
3/3;6997;2025-05-14 08:00:00;46096;LH;верх;3243,960;3220,215;22,395;3;1
3/3;6998;2025-05-14 19:00:00;46107;LL;низ;3168,065;3186,165;75,895;11;1
3/3;6999;2025-05-15 01:00:00;46112;LH;верх;3192,830;3138,605;24,765;5;1
3/3;7000;2025-05-15 06:00:00;46117;LL;низ;3120,765;3165,370;72,065;5;1
3/3;7001;2025-05-15 22:00:00;46132;HH;верх;3252,255;3222,175;131,490;15;1
3/3;7002;2025-05-16 03:00:00;46137;HL;низ;3206,600;3215,005;45,655;5;1
3/3;7003;2025-05-16 06:00:00;46140;LH;верх;3231,335;3209,275;24,735;3;1
3/3;7004;2025-05-16 11:00:00;46145;LL;низ;3154,300;3173,335;77,035;5;1
3/3;7005;2025-05-19 00:00:00;46157;HH;верх;3249,850;3212,265;95,550;12;1
3/3;7006;2025-05-19 04:00:00;46161;HL;низ;3206,725;3232,395;43,125;4;1
3/3;7007;2025-05-19 11:00:00;46168;LH;верх;3248,590;3233,980;41,865;7;1
3/3;7008;2025-05-19 14:00:00;46171;HL;низ;3217,290;3226,465;31,300;3;1
3/3;7009;2025-05-19 19:00:00;46176;LH;верх;3235,970;3222,665;18,680;5;2
3/3;7010;2025-05-20 03:00:00;46183;LL;низ;3204,670;3209,885;31,300;7;2
3/3;7011;2025-05-21 01:00:00;46204;HH;верх;3314,820;3302,170;110,150;21;1
3/3;7012;2025-05-21 01:00:00;46204;HL;низ;3285,340;3302,170;29,480;0;1
3/3;7013;2025-05-21 06:00:00;46209;HH;верх;3320,845;3313,595;35,505;5;1
3/3;7014;2025-05-21 12:00:00;46215;HL;низ;3290,725;3311,990;30,120;6;1
3/3;7015;2025-05-22 03:00:00;46229;HH;верх;3345,470;3326,490;54,745;14;3
3/3;7016;2025-05-22 14:00:00;46240;LL;низ;3279,235;3296,535;66,235;11;2
3/3;7017;2025-05-23 00:00:00;46249;LH;верх;3309,010;3302,185;29,775;9;1
3/3;7018;2025-05-23 00:00:00;46249;HL;низ;3287,075;3302,185;21,935;0;1
3/3;7019;2025-05-23 17:00:00;46266;HH;верх;3366,015;3358,125;78,940;17;3
3/3;7020;2025-05-26 00:00:00;46272;HL;низ;3331,445;3347,650;34,570;6;1
3/3;7021;2025-05-26 02:00:00;46274;LH;верх;3356,995;3347,455;25,550;2;1
3/3;7022;2025-05-26 09:00:00;46281;LL;низ;3323,500;3334,400;33,495;7;1
3/3;7023;2025-05-27 00:00:00;46293;LH;верх;3350,095;3341,185;26,595;12;2
3/3;7024;2025-05-27 14:00:00;46307;LL;низ;3285,250;3301,345;64,845;14;2
3/3;7025;2025-05-28 00:00:00;46316;LH;верх;3315,885;3297,910;30,635;9;1
3/3;7026;2025-05-28 03:00:00;46319;HL;низ;3291,705;3308,400;24,180;3;1
3/3;7027;2025-05-28 09:00:00;46325;HH;верх;3325,695;3312,415;33,990;6;1
3/3;7028;2025-05-28 16:00:00;46332;LL;низ;3288,710;3297,065;36,985;7;1
3/3;7029;2025-05-28 19:00:00;46335;LH;верх;3303,140;3259,975;14,430;3;1
3/3;7030;2025-05-29 01:00:00;46340;LL;низ;3245,560;3269,160;57,580;5;1
3/3;7031;2025-05-29 16:00:00;46355;HH;верх;3331,470;3316,650;85,910;15;3
3/3;7032;2025-05-30 07:00:00;46369;HL;низ;3287,435;3295,375;44,035;14;1
3/3;7033;2025-05-30 13:00:00;46375;LH;верх;3308,380;3293,365;20,945;6;1
3/3;7034;2025-05-30 14:00:00;46376;LL;низ;3271,460;3291,030;36,920;1;2
3/3;7035;2025-06-02 23:00:00;46407;HH;верх;3392,305;3368,840;120,845;31;3
3/3;7036;2025-06-03 06:00:00;46414;HL;низ;3351,110;3356,950;41,195;7;1
3/3;7037;2025-06-03 13:00:00;46421;LH;верх;3363,250;3348,495;12,140;7;1
3/3;7038;2025-06-03 14:00:00;46422;LL;низ;3333,170;3353,275;30,080;1;2
3/3;7039;2025-06-04 02:00:00;46433;HH;верх;3372,715;3351,080;39,545;11;1
3/3;7040;2025-06-04 05:00:00;46436;HL;низ;3348,110;3362,825;24,605;3;1
3/3;7041;2025-06-04 07:00:00;46438;LH;верх;3365,320;3350,995;17,210;2;1
3/3;7042;2025-06-04 11:00:00;46442;LL;низ;3343,815;3377,495;21,505;4;1
3/3;7043;2025-06-04 14:00:00;46445;HH;верх;3384,760;3379,250;40,945;3;2
3/3;7044;2025-06-04 20:00:00;46451;HL;низ;3370,675;3380,335;14,085;6;1
3/3;7045;2025-06-05 01:00:00;46455;LH;верх;3384,285;3368,560;13,610;4;1
3/3;7046;2025-06-05 05:00:00;46459;LL;низ;3361,220;3375,290;23,065;4;1
3/3;7047;2025-06-05 11:00:00;46465;HH;верх;3403,625;3367,680;42,405;6;1
3/3;7048;2025-06-05 15:00:00;46469;LL;низ;3339,350;3353,615;64,275;4;1
3/3;7049;2025-06-06 05:00:00;46482;LH;верх;3375,705;3365,325;36,355;13;1
3/3;7050;2025-06-09 02:00:00;46502;LL;низ;3293,500;3314,720;82,205;20;3
3/3;7051;2025-06-09 07:00:00;46507;LH;верх;3328,515;3314,720;35,015;5;1
3/3;7052;2025-06-09 13:00:00;46513;HL;низ;3310,795;3337,775;17,720;6;1
3/3;7053;2025-06-09 17:00:00;46517;HH;верх;3338,295;3325,675;27,500;4;1
3/3;7054;2025-06-10 02:00:00;46525;LL;низ;3302,015;3317,815;36,280;8;1
3/3;7055;2025-06-10 13:00:00;46536;HH;верх;3349,280;3321,395;47,265;11;1
3/3;7056;2025-06-10 18:00:00;46541;HL;низ;3319,535;3324,590;29,745;5;1
3/3;7057;2025-06-10 19:00:00;46542;LH;верх;3334,665;3328,005;15,130;1;1
3/3;7058;2025-06-10 23:00:00;46545;LL;низ;3315,590;3338,295;19,075;3;1
3/3;7059;2025-06-11 07:00:00;46553;HH;верх;3348,570;3329,940;32,980;8;1
3/3;7060;2025-06-11 11:00:00;46557;HL;низ;3326,175;3337,635;22,395;4;1
3/3;7061;2025-06-11 12:00:00;46558;HH;верх;3360,790;3333,220;34,615;1;1
3/3;7062;2025-06-11 17:00:00;46563;LL;низ;3319,380;3355,250;41,410;5;1
3/3;7063;2025-06-12 02:00:00;46571;HH;верх;3377,895;3374,535;58,515;8;1
3/3;7064;2025-06-12 07:00:00;46576;HL;низ;3338,590;3382,660;39,305;5;1
3/3;7065;2025-06-12 13:00:00;46582;HH;верх;3399,050;3383,830;60,460;6;1
3/3;7066;2025-06-12 22:00:00;46590;HL;низ;3379,535;3427,625;19,515;8;1
3/3;7067;2025-06-13 03:00:00;46595;HH;верх;3444,495;3416,455;64,960;5;1
3/3;7068;2025-06-13 07:00:00;46599;HL;низ;3407,925;3415,985;36,570;4;1
3/3;7069;2025-06-13 13:00:00;46605;HH;верх;3446,880;3430,150;38,955;6;1
3/3;7070;2025-06-13 16:00:00;46608;HL;низ;3419,215;3432,425;27,665;3;1
3/3;7071;2025-06-15 22:00:00;46613;HH;верх;3451,525;3441,635;32,310;5;1
3/3;7072;2025-06-16 07:00:00;46622;LL;низ;3409,580;3421,085;41,945;9;1
3/3;7073;2025-06-16 11:00:00;46626;LH;верх;3422,785;3396,985;13,205;4;1
3/3;7074;2025-06-16 13:00:00;46628;LL;низ;3382,540;3399,490;40,245;2;2
3/3;7075;2025-06-17 00:00:00;46638;LH;верх;3403,430;3387,730;20,890;10;1
3/3;7076;2025-06-17 03:00:00;46641;LL;низ;3373,670;3385,500;29,760;3;2
3/3;7077;2025-06-17 11:00:00;46649;LH;верх;3400,200;3385,165;26,530;8;1
3/3;7078;2025-06-17 14:00:00;46652;LL;низ;3366,115;3390,395;34,085;3;1
3/3;7079;2025-06-17 22:00:00;46659;LH;верх;3395,975;3379,060;29,860;7;1
3/3;7080;2025-06-18 02:00:00;46663;HL;низ;3370,645;3386,530;25,330;4;1
3/3;7081;2025-06-18 04:00:00;46665;HH;верх;3400,110;3385,995;29,465;2;1
3/3;7082;2025-06-18 09:00:00;46670;HL;низ;3375,575;3386,635;24,535;5;1
3/3;7083;2025-06-18 13:00:00;46674;LH;верх;3396,945;3391,060;21,370;4;1
3/3;7084;2025-06-18 14:00:00;46675;LL;низ;3373,825;3385,495;23,120;1;1
3/3;7085;2025-06-18 18:00:00;46679;LH;верх;3395,925;3375,235;22,100;4;1
3/3;7086;2025-06-18 20:00:00;46681;LL;низ;3362,605;3379,600;33,320;2;1
3/3;7087;2025-06-19 01:00:00;46685;LH;верх;3388,175;3374,685;25,570;4;1
3/3;7088;2025-06-19 06:00:00;46690;LL;низ;3347,530;3370,350;40,645;5;1
3/3;7089;2025-06-19 10:00:00;46694;LH;верх;3379,180;3369,635;31,650;4;1
3/3;7090;2025-06-19 13:00:00;46697;HL;низ;3361,525;3371,190;17,655;3;1
3/3;7091;2025-06-19 17:00:00;46701;LH;верх;3375,625;3368,880;14,100;4;1
3/3;7092;2025-06-20 06:00:00;46711;LL;низ;3340,415;3355,320;35,210;10;1
3/3;7093;2025-06-20 09:00:00;46714;LH;верх;3359,270;3344,555;18,855;3;1
3/3;7094;2025-06-20 12:00:00;46717;HL;низ;3341,900;3369,905;17,370;3;1
3/3;7095;2025-06-20 14:00:00;46719;HH;верх;3374,630;3367,460;32,730;2;1
3/3;7096;2025-06-20 18:00:00;46723;HL;низ;3364,685;3379,265;9,945;4;1
3/3;7097;2025-06-22 22:00:00;46726;HH;верх;3389,220;3355,325;24,535;3;1
3/3;7098;2025-06-23 05:00:00;46733;LL;низ;3347,035;3361,940;42,185;7;3
3/3;7099;2025-06-23 16:00:00;46744;HH;верх;3393,640;3376,285;46,605;11;1
3/3;7100;2025-06-24 00:00:00;46751;LL;низ;3333,280;3352,490;60,360;7;1
3/3;7101;2025-06-24 03:00:00;46754;LH;верх;3357,955;3322,950;24,675;3;1
3/3;7102;2025-06-24 13:00:00;46764;LL;низ;3295,315;3318,485;62,640;10;2
3/3;7103;2025-06-25 02:00:00;46776;LH;верх;3335,335;3331,715;40,020;12;2
3/3;7104;2025-06-25 04:00:00;46778;HL;низ;3325,870;3330,705;9,465;2;1
3/3;7105;2025-06-25 07:00:00;46781;HH;верх;3337,205;3324,550;11,335;3;1
3/3;7106;2025-06-25 13:00:00;46787;LL;низ;3312,055;3334,815;25,150;6;2
3/3;7107;2025-06-26 03:00:00;46800;HH;верх;3343,255;3339,835;31,200;13;1
3/3;7108;2025-06-26 06:00:00;46803;HL;низ;3331,025;3340,665;12,230;3;1
3/3;7109;2025-06-26 08:00:00;46805;HH;верх;3350,415;3332,975;19,390;2;1
3/3;7110;2025-06-26 13:00:00;46810;LL;низ;3309,990;3331,410;40,425;5;1
3/3;7111;2025-06-26 17:00:00;46814;LH;верх;3336,550;3327,820;26,560;4;1
3/3;7112;2025-06-27 13:00:00;46833;LL;низ;3255,850;3277,705;80,700;19;1
3/3;7113;2025-06-27 17:00:00;46837;LH;верх;3282,940;3274,175;27,090;4;1
3/3;7114;2025-06-29 22:00:00;46841;LL;низ;3244,415;3274,080;38,525;4;1
3/3;7115;2025-06-30 07:00:00;46850;HH;верх;3296,830;3283,525;52,415;9;1
3/3;7116;2025-06-30 11:00:00;46854;HL;низ;3274,625;3287,790;22,205;4;1
3/3;7117;2025-07-01 12:00:00;46878;HH;верх;3358,085;3340,300;83,460;24;2
3/3;7118;2025-07-02 02:00:00;46891;HL;низ;3328,615;3338,855;29,470;13;1
3/3;7119;2025-07-02 05:00:00;46894;LH;верх;3344,015;3333,620;15,400;3;1
3/3;7120;2025-07-02 07:00:00;46896;LL;низ;3327,655;3344,455;16,360;2;1
3/3;7121;2025-07-02 12:00:00;46901;HH;верх;3351,245;3341,115;23,590;5;1
3/3;7122;2025-07-02 14:00:00;46903;HL;низ;3333,965;3349,860;17,280;2;1
3/3;7123;2025-07-02 22:00:00;46910;HH;верх;3365,920;3346,085;31,955;7;1
3/3;7124;2025-07-03 01:00:00;46913;HL;низ;3342,015;3350,865;23,905;3;1
3/3;7125;2025-07-03 06:00:00;46918;LH;верх;3363,755;3345,785;21,740;5;1
3/3;7126;2025-07-03 12:00:00;46924;LL;низ;3311,625;3328,120;52,130;6;1
3/3;7127;2025-07-03 17:00:00;46929;LH;верх;3334,890;3326,030;23,265;5;1
3/3;7128;2025-07-03 22:00:00;46933;HL;низ;3323,660;3330,145;11,230;4;1
3/3;7129;2025-07-04 06:00:00;46941;HH;верх;3345,175;3334,585;21,515;8;2
3/3;7130;2025-07-07 10:00:00;46964;LL;низ;3296,280;3316,625;48,895;23;1
3/3;7131;2025-07-07 22:00:00;46975;HH;верх;3345,955;3334,900;49,675;11;1
3/3;7132;2025-07-08 04:00:00;46981;HL;низ;3327,405;3333,930;18,550;6;1
3/3;7133;2025-07-08 07:00:00;46984;LH;верх;3339,590;3324,670;12,185;3;2
3/3;7134;2025-07-08 15:00:00;46992;LL;низ;3287,110;3305,430;52,480;8;1
3/3;7135;2025-07-09 00:00:00;47000;LH;верх;3308,145;3293,395;21,035;8;1
3/3;7136;2025-07-09 08:00:00;47008;LL;низ;3282,665;3284,990;25,480;8;2
3/3;7137;2025-07-10 01:00:00;47024;HH;верх;3326,390;3322,295;43,725;16;1
3/3;7138;2025-07-10 04:00:00;47027;HL;низ;3314,840;3321,075;11,550;3;1
3/3;7139;2025-07-10 09:00:00;47032;HH;верх;3330,360;3323,815;15,520;5;1
3/3;7140;2025-07-10 14:00:00;47037;LL;низ;3310,175;3317,445;20,185;5;1
3/3;7141;2025-07-11 15:00:00;47061;HH;верх;3368,860;3356,115;58,685;24;3
3/3;7142;2025-07-11 17:00:00;47063;HL;низ;3349,255;3355,665;19,605;2;1
3/3;7143;2025-07-13 23:00:00;47068;HH;верх;3374,255;3357,485;25,000;5;1
3/3;7144;2025-07-14 05:00:00;47074;HL;низ;3353,675;3366,075;20,580;6;1
3/3;7145;2025-07-14 07:00:00;47076;HH;верх;3375,085;3372,095;21,410;2;1
3/3;7146;2025-07-14 14:00:00;47083;LL;низ;3341,090;3351,120;33,995;7;2
3/3;7147;2025-07-15 10:00:00;47102;LH;верх;3366,425;3346,890;25,335;19;1
3/3;7148;2025-07-15 16:00:00;47108;LL;низ;3320,305;3330,505;46,120;6;3
3/3;7149;2025-07-16 09:00:00;47124;LH;верх;3343,080;3334,610;22,775;16;1
3/3;7150;2025-07-16 14:00:00;47129;LL;низ;3319,695;3354,800;23,385;5;1
3/3;7151;2025-07-16 15:00:00;47130;HH;верх;3377,655;3350,445;57,960;1;1
3/3;7152;2025-07-17 12:00:00;47150;LL;низ;3309,790;3336,865;67,865;20;1
3/3;7153;2025-07-18 02:00:00;47163;LH;верх;3344,325;3333,560;34,535;13;3
3/3;7154;2025-07-18 06:00:00;47167;HL;низ;3331,885;3352,275;12,440;4;1
3/3;7155;2025-07-18 12:00:00;47173;HH;верх;3361,330;3353,735;29,445;6;1
3/3;7156;2025-07-20 22:00:00;47182;HL;низ;3344,905;3356,565;16,425;9;2
3/3;7157;2025-07-21 06:00:00;47190;HH;верх;3370,820;3366,305;25,915;8;1
3/3;7158;2025-07-21 09:00:00;47193;HL;низ;3362,845;3387,320;7,975;3;1
3/3;7159;2025-07-21 23:00:00;47206;HH;верх;3402,860;3391,710;40,015;13;2
3/3;7160;2025-07-22 07:00:00;47214;HL;низ;3383,420;3387,110;19,440;8;2
3/3;7161;2025-07-23 00:00:00;47230;HH;верх;3439,035;3423,100;55,615;16;2
3/3;7162;2025-07-23 05:00:00;47235;HL;низ;3416,445;3428,555;22,590;5;1
3/3;7163;2025-07-23 09:00:00;47239;LH;верх;3433,880;3420,015;17,435;4;1
3/3;7164;2025-07-23 16:00:00;47246;LL;низ;3381,420;3390,295;52,460;7;1
3/3;7165;2025-07-24 01:00:00;47254;LH;верх;3393,480;3382,685;12,060;8;1
3/3;7166;2025-07-24 13:00:00;47266;LL;низ;3351,465;3367,015;42,015;12;1
3/3;7167;2025-07-24 14:00:00;47267;LH;верх;3377,475;3370,095;26,010;1;1
3/3;7168;2025-07-24 22:00:00;47274;HL;низ;3365,205;3370,485;12,270;7;1
3/3;7169;2025-07-25 00:00:00;47276;LH;верх;3373,495;3359,245;8,290;2;1
3/3;7170;2025-07-25 15:00:00;47291;LL;низ;3325,115;3338,835;48,380;15;1
3/3;7171;2025-07-25 19:00:00;47295;LH;верх;3340,335;3333,720;15,220;4;1
3/3;7172;2025-07-27 22:00:00;47297;LL;низ;3324,020;3332,145;16,315;2;1
3/3;7173;2025-07-28 06:00:00;47305;HH;верх;3345,520;3337,870;21,500;8;1
3/3;7174;2025-07-28 13:00:00;47312;LL;низ;3301,765;3312,265;43,755;7;2
3/3;7175;2025-07-28 19:00:00;47318;LH;верх;3318,960;3312,650;17,195;6;1
3/3;7176;2025-07-29 00:00:00;47322;HL;низ;3308,160;3312,655;10,800;4;1
3/3;7177;2025-07-29 08:00:00;47330;HH;верх;3330,100;3315,335;21,940;8;2
3/3;7178;2025-07-29 14:00:00;47336;HL;низ;3311,995;3328,325;18,105;6;1
3/3;7179;2025-07-29 15:00:00;47337;HH;верх;3334,270;3325,825;22,275;1;2
3/3;7180;2025-07-30 01:00:00;47346;HL;низ;3321,795;3327,190;12,475;9;2
3/3;7181;2025-07-30 09:00:00;47354;LH;верх;3334,090;3313,380;12,295;8;2
3/3;7182;2025-07-30 19:00:00;47364;LL;низ;3268,120;3285,410;65,970;10;1
3/3;7183;2025-07-31 08:00:00;47376;LH;верх;3314,985;3306,275;46,865;12;1
3/3;7184;2025-08-01 01:00:00;47392;HL;низ;3281,745;3292,190;33,240;16;3
3/3;7185;2025-08-01 05:00:00;47396;LH;верх;3300,540;3294,360;18,795;4;1
3/3;7186;2025-08-01 07:00:00;47398;HL;низ;3285,265;3298,340;15,275;2;1
3/3;7187;2025-08-03 22:00:00;47412;HH;верх;3364,815;3352,355;79,550;14;2
3/3;7188;2025-08-04 01:00:00;47415;HL;низ;3345,005;3359,000;19,810;3;1
3/3;7189;2025-08-04 06:00:00;47420;LH;верх;3362,705;3358,045;17,700;5;1
3/3;7190;2025-08-04 07:00:00;47421;HL;низ;3351,775;3357,965;10,930;1;1
3/3;7191;2025-08-04 13:00:00;47427;HH;верх;3385,535;3370,970;33,760;6;3
3/3;7192;2025-08-05 11:00:00;47448;LL;низ;3349,890;3385,290;35,645;21;1
3/3;7193;2025-08-05 16:00:00;47453;HH;верх;3390,600;3379,135;40,710;5;3
3/3;7194;2025-08-06 09:00:00;47469;HL;низ;3358,255;3367,615;32,345;16;1
3/3;7195;2025-08-06 15:00:00;47475;LH;верх;3380,090;3371,655;21,835;6;1
3/3;7196;2025-08-07 00:00:00;47483;HL;низ;3365,305;3379,740;14,785;8;1
3/3;7197;2025-08-07 02:00:00;47485;HH;верх;3384,300;3375,640;18,995;2;1
3/3;7198;2025-08-07 05:00:00;47488;HL;низ;3371,645;3378,510;12,655;3;1
3/3;7199;2025-08-07 07:00:00;47490;HH;верх;3397,580;3373,095;25,935;2;1
3/3;7200;2025-08-07 11:00:00;47494;HL;низ;3371,870;3387,815;25,710;4;1
3/3;7201;2025-08-07 22:00:00;47504;HH;верх;3409,430;3383,540;37,560;10;2
3/3;7202;2025-08-08 01:00:00;47507;HL;низ;3381,215;3394,475;28,215;3;1
3/3;7203;2025-08-08 07:00:00;47513;LH;верх;3404,280;3385,155;23,065;6;1
3/3;7204;2025-08-08 11:00:00;47517;LL;низ;3380,455;3390,715;23,825;4;1
3/3;7205;2025-08-08 18:00:00;47524;LH;верх;3403,960;3395,295;23,505;7;2
3/3;7206;2025-08-11 17:00:00;47546;LL;низ;3341,155;3342,665;62,805;22;3
3/3;7207;2025-08-12 01:00:00;47553;LH;верх;3357,510;3354,470;16,355;7;1
3/3;7208;2025-08-12 06:00:00;47558;HL;низ;3342,310;3345,495;15,200;5;1
3/3;7209;2025-08-12 07:00:00;47559;HH;верх;3358,250;3344,745;15,940;1;1
3/3;7210;2025-08-12 14:00:00;47566;LL;низ;3331,170;3349,100;27,080;7;1
3/3;7211;2025-08-12 15:00:00;47567;HH;верх;3359,340;3349,105;28,170;1;1
3/3;7212;2025-08-12 19:00:00;47571;HL;низ;3345,595;3350,660;13,745;4;1
3/3;7213;2025-08-12 22:00:00;47573;LH;верх;3353,875;3350,970;8,280;2;1
3/3;7214;2025-08-13 00:00:00;47575;LL;низ;3342,635;3349,720;11,240;2;1
3/3;7215;2025-08-13 02:00:00;47577;HH;верх;3354,505;3349,290;11,870;2;1
3/3;7216;2025-08-13 05:00:00;47580;HL;низ;3345,570;3360,380;8,935;3;1
3/3;7217;2025-08-13 10:00:00;47585;HH;верх;3367,095;3365,175;21,525;5;1
3/3;7218;2025-08-13 13:00:00;47588;HL;низ;3354,160;3357,915;12,935;3;1
3/3;7219;2025-08-13 14:00:00;47589;HH;верх;3370,825;3353,725;16,665;1;1
3/3;7220;2025-08-13 18:00:00;47593;LL;низ;3350,015;3357,665;20,810;4;1
3/3;7221;2025-08-14 00:00:00;47598;HH;верх;3374,805;3360,640;24,790;5;1
3/3;7222;2025-08-14 03:00:00;47601;HL;низ;3355,595;3362,150;19,210;3;1
3/3;7223;2025-08-14 07:00:00;47605;LH;верх;3366,650;3355,010;11,055;4;1
3/3;7224;2025-08-14 16:00:00;47614;LL;низ;3329,850;3338,055;36,800;9;3
3/3;7225;2025-08-15 05:00:00;47626;LH;верх;3348,915;3341,470;19,065;12;2
3/3;7226;2025-08-17 23:00:00;47643;LL;низ;3323,685;3343,515;25,230;17;2
3/3;7227;2025-08-18 05:00:00;47649;HH;верх;3358,490;3348,720;34,805;6;1
3/3;7228;2025-08-19 00:00:00;47667;HL;низ;3326,285;3337,830;32,205;18;3
3/3;7229;2025-08-19 10:00:00;47677;LH;верх;3345,465;3334,050;19,180;10;2
3/3;7230;2025-08-20 01:00:00;47691;LL;низ;3311,560;3318,700;33,905;14;2
3/3;7231;2025-08-20 22:00:00;47711;HH;верх;3352,300;3342,845;40,740;20;2
3/3;7232;2025-08-21 11:00:00;47724;HL;низ;3325,280;3344,270;27,020;13;2
3/3;7233;2025-08-21 14:00:00;47727;LH;верх;3348,240;3337,095;22,960;3;1
3/3;7234;2025-08-21 18:00:00;47731;HL;низ;3336,655;3339,025;11,585;4;1
3/3;7235;2025-08-22 07:00:00;47743;LH;верх;3335,150;3330,995;1,505;12;1
3/3;7236;2025-08-22 12:00:00;47748;LL;низ;3321,455;3367,850;13,695;5;2
3/3;7237;2025-08-22 15:00:00;47751;HH;верх;3378,835;3372,760;57,380;3;1
3/3;7238;2025-08-25 02:00:00;47761;HL;низ;3359,780;3364,780;19,055;10;1
3/3;7239;2025-08-25 07:00:00;47766;LH;верх;3369,965;3365,995;10,185;5;1
3/3;7240;2025-08-25 09:00:00;47768;HL;низ;3361,985;3364,525;7,980;2;2
3/3;7241;2025-08-26 00:00:00;47782;HH;верх;3386,685;3372,315;24,700;14;2
3/3;7242;2025-08-26 00:00:00;47782;LL;низ;3351,330;3372,315;35,355;0;2
3/3;7243;2025-08-26 11:00:00;47793;LH;верх;3380,515;3379,495;29,185;11;1
3/3;7244;2025-08-26 14:00:00;47796;HL;низ;3370,310;3381,770;10,205;3;1
3/3;7245;2025-08-26 20:00:00;47802;HH;верх;3393,745;3389,585;23,435;6;2
3/3;7246;2025-08-27 07:00:00;47812;HL;низ;3373,785;3375,550;19,960;10;1
3/3;7247;2025-08-27 09:00:00;47814;LH;верх;3385,580;3381,195;11,795;2;1
3/3;7248;2025-08-27 11:00:00;47816;LL;низ;3373,750;3386,575;11,830;2;1
3/3;7249;2025-08-27 23:00:00;47827;HH;верх;3399,365;3391,550;25,615;11;2
3/3;7250;2025-08-28 02:00:00;47830;HL;низ;3384,620;3389,275;14,745;3;1
3/3;7251;2025-08-28 19:00:00;47847;HH;верх;3423,180;3414,800;38,560;17;2
3/3;7252;2025-08-29 11:00:00;47862;HL;низ;3404,315;3441,160;18,865;15;1
3/3;7253;2025-08-29 19:00:00;47870;HH;верх;3453,970;3447,880;49,655;8;1
3/3;7254;2025-09-01 01:00:00;47875;HL;низ;3437,025;3475,305;16,945;5;1
3/3;7255;2025-09-01 06:00:00;47880;HH;верх;3489,845;3469,510;52,820;5;1
3/3;7256;2025-09-01 10:00:00;47884;HL;низ;3466,385;3475,370;23,460;4;1
3/3;7257;2025-09-01 14:00:00;47888;LH;верх;3481,535;3478,025;15,150;4;1
3/3;7258;2025-09-01 23:00:00;47894;HL;низ;3474,565;3496,455;6,970;6;1
3/3;7259;2025-09-02 01:00:00;47896;HH;верх;3508,790;3496,830;34,225;2;1
3/3;7260;2025-09-02 08:00:00;47903;LL;низ;3470,050;3489,845;38,740;7;2
3/3;7261;2025-09-02 19:00:00;47914;HH;верх;3540,060;3529,915;70,010;11;1
3/3;7262;2025-09-02 23:00:00;47917;HL;низ;3526,540;3531,690;13,520;3;1
3/3;7263;2025-09-03 00:00:00;47918;HH;верх;3547,330;3530,910;20,790;1;1
3/3;7264;2025-09-03 05:00:00;47923;HL;низ;3526,770;3540,085;20,560;5;1
3/3;7265;2025-09-03 18:00:00;47936;HH;верх;3578,660;3561,715;51,890;13;1
3/3;7266;2025-09-04 03:00:00;47944;LL;низ;3511,755;3536,175;66,905;8;1
3/3;7267;2025-09-04 13:00:00;47954;LH;верх;3558,930;3552,625;47,175;10;1
3/3;7268;2025-09-04 14:00:00;47955;HL;низ;3535,145;3542,895;23,785;1;2
3/3;7269;2025-09-05 05:00:00;47969;HH;верх;3561,280;3546,035;26,135;14;1
3/3;7270;2025-09-05 08:00:00;47972;HL;низ;3544,855;3553,395;16,425;3;1
3/3;7271;2025-09-05 16:00:00;47980;HH;верх;3600,205;3594,630;55,350;8;1
3/3;7272;2025-09-05 20:00:00;47984;HL;низ;3586,190;3594,410;14,015;4;1
3/3;7273;2025-09-08 01:00:00;47988;LH;верх;3597,200;3581,630;11,010;4;1
3/3;7274;2025-09-08 04:00:00;47991;LL;низ;3579,720;3609,490;17,480;3;1
3/3;7275;2025-09-08 15:00:00;48002;HH;верх;3646,545;3636,085;66,825;11;1
3/3;7276;2025-09-08 23:00:00;48009;HL;низ;3628,480;3647,540;18,065;7;1
3/3;7277;2025-09-09 05:00:00;48015;HH;верх;3659,435;3648,100;30,955;6;1
3/3;7278;2025-09-09 06:00:00;48016;HL;низ;3636,620;3653,755;22,815;1;1
3/3;7279;2025-09-09 14:00:00;48024;HH;верх;3674,695;3642,860;38,075;8;2
3/3;7280;2025-09-10 01:00:00;48034;LL;низ;3620,135;3643,035;54,560;10;2
3/3;7281;2025-09-10 12:00:00;48045;LH;верх;3657,610;3644,510;37,475;11;1
3/3;7282;2025-09-10 15:00:00;48048;HL;низ;3638,650;3645,365;18,960;3;1
3/3;7283;2025-09-10 18:00:00;48051;LH;верх;3649,690;3639,800;11,040;3;1
3/3;7284;2025-09-10 19:00:00;48052;LL;низ;3635,335;3644,960;14,355;1;1
3/3;7285;2025-09-11 01:00:00;48057;LH;верх;3649,345;3630,700;14,010;5;3
3/3;7286;2025-09-11 12:00:00;48068;LL;низ;3612,835;3633,060;36,510;11;1
3/3;7287;2025-09-11 16:00:00;48072;LH;верх;3642,115;3637,000;29,280;4;1
3/3;7288;2025-09-12 00:00:00;48079;HL;низ;3630,625;3653,010;11,490;7;1
3/3;7289;2025-09-12 05:00:00;48084;HH;верх;3656,700;3641,040;26,075;5;1
3/3;7290;2025-09-12 09:00:00;48088;HL;низ;3637,630;3645,550;19,070;4;1
3/3;7291;2025-09-12 14:00:00;48093;LH;верх;3654,495;3648,895;16,865;5;1
3/3;7292;2025-09-15 01:00:00;48103;LL;низ;3626,460;3645,860;28,035;10;1
3/3;7293;2025-09-15 04:00:00;48106;LH;верх;3646,950;3643,960;20,490;3;1
3/3;7294;2025-09-15 07:00:00;48109;HL;низ;3633,675;3639,895;13,275;3;1
3/3;7295;2025-09-16 01:00:00;48126;HH;верх;3689,510;3684,320;55,835;17;2
3/3;7296;2025-09-16 02:00:00;48127;HL;низ;3674,705;3682,735;14,805;1;1
3/3;7297;2025-09-16 14:00:00;48139;HH;верх;3703,240;3687,750;28,535;12;1
3/3;7298;2025-09-16 15:00:00;48140;HL;низ;3678,885;3690,725;24,355;1;1
3/3;7299;2025-09-17 00:00:00;48148;LH;верх;3695,520;3681,860;16,635;8;1
3/3;7300;2025-09-17 02:00:00;48150;LL;низ;3674,150;3679,225;21,370;2;1
3/3;7301;2025-09-17 05:00:00;48153;LH;верх;3686,070;3664,980;11,920;3;1
3/3;7302;2025-09-17 11:00:00;48159;LL;низ;3660,020;3684,455;26,050;6;1
3/3;7303;2025-09-17 18:00:00;48166;HH;верх;3707,555;3662,865;47,535;7;1
3/3;7304;2025-09-17 18:00:00;48166;LL;низ;3646,125;3662,865;61,430;0;1
3/3;7305;2025-09-17 23:00:00;48170;LH;верх;3672,125;3664,735;26,000;4;1
3/3;7306;2025-09-18 06:00:00;48177;LL;низ;3634,055;3671,745;38,070;7;2
3/3;7307;2025-09-18 09:00:00;48180;HH;верх;3673,205;3663,295;39,150;3;1
3/3;7308;2025-09-18 13:00:00;48184;LL;низ;3627,960;3646,290;45,245;4;1
3/3;7309;2025-09-18 20:00:00;48191;LH;верх;3647,235;3640,100;19,275;7;1
3/3;7310;2025-09-19 01:00:00;48195;HL;низ;3632,380;3658,875;14,855;4;1
3/3;7311;2025-09-19 05:00:00;48199;HH;верх;3661,355;3655,640;28,975;4;1
3/3;7312;2025-09-19 06:00:00;48200;HL;низ;3643,400;3658,710;17,955;1;3
3/3;7313;2025-09-22 10:00:00;48227;HH;верх;3728,490;3722,390;85,090;27;1
3/3;7314;2025-09-22 12:00:00;48229;HL;низ;3712,250;3736,235;16,240;2;2
3/3;7315;2025-09-23 01:00:00;48241;HH;верх;3759,420;3744,870;47,170;12;1
3/3;7316;2025-09-23 02:00:00;48242;HL;низ;3736,660;3753,235;22,760;1;1
3/3;7317;2025-09-23 09:00:00;48249;HH;верх;3791,255;3784,495;54,595;7;2
3/3;7318;2025-09-23 19:00:00;48259;HL;низ;3752,075;3763,830;39,180;10;1
3/3;7319;2025-09-24 01:00:00;48264;LH;верх;3771,945;3768,340;19,870;5;1
3/3;7320;2025-09-24 02:00:00;48265;LL;низ;3750,510;3774,870;21,435;1;1
3/3;7321;2025-09-24 07:00:00;48270;HH;верх;3779,340;3762,265;28,830;5;2
3/3;7322;2025-09-24 19:00:00;48282;LL;низ;3717,520;3743,115;61,820;12;1
3/3;7323;2025-09-25 00:00:00;48286;LH;верх;3751,535;3736,680;34,015;4;1
3/3;7324;2025-09-25 02:00:00;48288;HL;низ;3729,635;3738,610;21,900;2;1
3/3;7325;2025-09-25 08:00:00;48294;HH;верх;3761,690;3753,160;32,055;6;1
3/3;7326;2025-09-25 13:00:00;48299;LL;низ;3722,220;3733,700;39,470;5;1
3/3;7327;2025-09-25 18:00:00;48304;LH;верх;3758,430;3748,905;36,210;5;2
3/3;7328;2025-09-26 03:00:00;48312;HL;низ;3734,440;3743,525;23,990;8;2
3/3;7329;2025-09-26 14:00:00;48323;HH;верх;3783,885;3783,075;49,445;11;3
3/3;7330;2025-09-26 20:00:00;48329;HL;низ;3759,660;3787,135;24,225;6;1
3/3;7331;2025-09-29 16:00:00;48348;HH;верх;3833,655;3828,880;73,995;19;3
3/3;7332;2025-09-29 19:00:00;48351;HL;низ;3822,600;3832,905;11,055;3;1
3/3;7333;2025-09-30 06:00:00;48361;HH;верх;3871,890;3798,815;49,290;10;1
3/3;7334;2025-09-30 09:00:00;48364;LL;низ;3793,175;3819,475;78,715;3;1
3/3;7335;2025-10-01 02:00:00;48380;HH;верх;3875,560;3863,605;82,385;16;2
3/3;7336;2025-10-01 06:00:00;48384;HL;низ;3853,380;3888,940;22,180;4;1
3/3;7337;2025-10-01 08:00:00;48386;HH;верх;3895,500;3883,780;42,120;2;1
3/3;7338;2025-10-02 01:00:00;48402;LL;низ;3852,835;3864,300;42,665;16;4
3/3;7339;2025-10-02 13:00:00;48414;HH;верх;3897,130;3845,035;44,295;12;1
3/3;7340;2025-10-02 15:00:00;48416;LL;низ;3819,425;3850,920;77,705;2;1
3/3;7341;2025-10-02 23:00:00;48423;LH;верх;3863,715;3848,105;44,290;7;1
3/3;7342;2025-10-03 03:00:00;48427;HL;низ;3838,070;3859,260;25,645;4;2
3/3;7343;2025-10-06 08:00:00;48455;HH;верх;3949,670;3938,265;111,600;28;2
3/3;7344;2025-10-06 12:00:00;48459;HL;низ;3926,465;3962,660;23,205;4;1
3/3;7345;2025-10-07 00:00:00;48470;HH;верх;3977,400;3973,550;50,935;11;2
3/3;7346;2025-10-07 01:00:00;48471;HL;низ;3955,870;3976,050;21,530;1;1
3/3;7347;2025-10-07 04:00:00;48474;LH;верх;3977,045;3945,860;21,175;3;1
3/3;7348;2025-10-07 08:00:00;48478;LL;низ;3941,055;3967,045;35,990;4;1
3/3;7349;2025-10-07 15:00:00;48485;HH;верх;3991,135;3981,010;50,080;7;1
3/3;7350;2025-10-07 15:00:00;48485;HL;низ;3961,750;3981,010;29,385;0;2
3/3;7351;2025-10-08 09:00:00;48502;HH;верх;4049,700;4040,250;87,950;17;1
3/3;7352;2025-10-08 13:00:00;48506;HL;низ;4026,175;4056,700;23,525;4;1
3/3;7353;2025-10-08 16:00:00;48509;HH;верх;4059,350;4044,805;33,175;3;1
3/3;7354;2025-10-08 23:00:00;48515;LL;низ;4001,330;4018,765;58,020;6;1
3/3;7355;2025-10-09 13:00:00;48529;LH;верх;4058,110;3969,025;56,780;14;2
3/3;7356;2025-10-09 17:00:00;48533;LL;низ;3944,435;3976,240;113,675;4;1
3/3;7357;2025-10-10 00:00:00;48539;LH;верх;3994,520;3961,880;50,085;6;1
3/3;7358;2025-10-10 04:00:00;48543;HL;низ;3947,020;3972,040;47,500;4;1
3/3;7359;2025-10-10 09:00:00;48548;HH;верх;4006,735;3985,805;59,715;5;1
3/3;7360;2025-10-10 14:00:00;48553;HL;низ;3970,855;3990,185;35,880;5;1
3/3;7361;2025-10-13 16:00:00;48578;HH;верх;4117,420;4108,660;146,565;25;3
3/3;7362;2025-10-13 19:00:00;48581;HL;низ;4090,935;4127,800;26,485;3;1
3/3;7363;2025-10-14 05:00:00;48590;HH;верх;4179,935;4143,950;89,000;9;1
3/3;7364;2025-10-14 06:00:00;48591;LL;низ;4090,145;4127,400;89,790;1;2
3/3;7365;2025-10-15 08:00:00;48616;HH;верх;4218,405;4198,740;128,260;25;2
3/3;7366;2025-10-15 09:00:00;48617;HL;низ;4164,240;4190,835;54,165;1;1
3/3;7367;2025-10-16 03:00:00;48634;HH;верх;4242,380;4222,945;78,140;17;2
3/3;7368;2025-10-16 05:00:00;48636;HL;низ;4203,550;4233,110;38,830;2;1
3/3;7369;2025-10-16 22:00:00;48652;HH;верх;4380,990;4314,345;177,440;16;1
3/3;7370;2025-10-17 01:00:00;48655;HL;низ;4278,680;4376,620;102,310;3;1
3/3;7371;2025-10-17 05:00:00;48659;LH;верх;4378,765;4347,530;100,085;4;1
3/3;7372;2025-10-17 17:00:00;48671;LL;низ;4185,910;4253,975;192,855;12;3
3/3;7373;2025-10-20 02:00:00;48679;LH;верх;4271,285;4240,100;85,375;8;1
3/3;7374;2025-10-20 06:00:00;48683;HL;низ;4221,205;4260,775;50,080;4;1
3/3;7375;2025-10-20 19:00:00;48696;HH;верх;4381,440;4360,195;160,235;13;1
3/3;7376;2025-10-21 14:00:00;48714;LL;низ;4080,580;4111,250;300,860;18;3
3/3;7377;2025-10-21 20:00:00;48720;LH;верх;4131,100;4075,135;50,520;6;1
3/3;7378;2025-10-22 00:00:00;48723;LL;низ;4004,280;4128,605;126,820;3;1
3/3;7379;2025-10-22 06:00:00;48729;HH;верх;4161,535;4069,800;157,255;6;1
3/3;7380;2025-10-22 14:00:00;48737;HL;низ;4011,095;4069,970;150,440;8;1
3/3;7381;2025-10-22 19:00:00;48742;LH;верх;4113,800;4087,640;102,705;5;1
3/3;7382;2025-10-23 00:00:00;48746;HL;низ;4065,900;4091,400;47,900;4;1
3/3;7383;2025-10-23 06:00:00;48752;HH;верх;4137,745;4124,635;71,845;6;1
3/3;7384;2025-10-23 12:00:00;48758;HL;низ;4100,140;4141,945;37,605;6;1
3/3;7385;2025-10-23 14:00:00;48760;HH;верх;4154,790;4137,810;54,650;2;1
3/3;7386;2025-10-23 23:00:00;48768;HL;низ;4106,035;4109,710;48,755;8;1
3/3;7387;2025-10-24 01:00:00;48770;LH;верх;4144,535;4111,555;38,500;2;1
3/3;7388;2025-10-24 11:00:00;48780;LL;низ;4043,515;4117,630;101,020;10;1
3/3;7389;2025-10-24 16:00:00;48785;LH;верх;4138,670;4104,205;95,155;5;1
3/3;7390;2025-10-27 04:00:00;48796;HL;низ;4053,710;4068,945;84,960;11;2
3/3;7391;2025-10-27 06:00:00;48798;LH;верх;4085,170;4039,960;31,460;2;2
3/3;7392;2025-10-27 15:00:00;48807;LL;низ;3971,445;3999,875;113,725;9;1
3/3;7393;2025-10-27 18:00:00;48810;LH;верх;4010,305;3990,075;38,860;3;1
3/3;7394;2025-10-28 00:00:00;48815;HL;низ;3972,930;3993,070;37,375;5;1
3/3;7395;2025-10-28 01:00:00;48816;HH;верх;4019,805;3973,695;46,875;1;1
3/3;7396;2025-10-28 09:00:00;48824;LL;низ;3886,465;3912,815;133,340;8;1
3/3;7397;2025-10-28 17:00:00;48832;LH;верх;3970,465;3953,000;84,000;8;1
3/3;7398;2025-10-28 22:00:00;48836;HL;низ;3907,925;3973,750;62,540;4;1
3/3;7399;2025-10-29 12:00:00;48850;HH;верх;4030,340;3993,100;122,415;14;2
3/3;7400;2025-10-30 03:00:00;48864;HL;низ;3915,520;3976,960;114,820;14;2
3/3;7401;2025-10-30 09:00:00;48870;LH;верх;4011,705;3961,480;96,185;6;2
3/3;7402;2025-10-30 13:00:00;48874;HL;низ;3960,320;4001,550;51,385;4;1
3/3;7403;2025-10-30 22:00:00;48882;HH;верх;4046,595;4019,000;86,275;8;1
3/3;7404;2025-10-31 04:00:00;48888;HL;низ;3989,065;4021,235;57,530;6;1
3/3;7405;2025-10-31 08:00:00;48892;LH;верх;4026,820;4010,595;37,755;4;1
3/3;7406;2025-10-31 09:00:00;48893;HL;низ;3998,875;4023,060;27,945;1;1
3/3;7407;2025-10-31 12:00:00;48896;HH;верх;4036,435;4012,600;37,560;3;1
3/3;7408;2025-11-03 00:00:00;48906;LL;низ;3962,275;4011,290;74,160;10;2
3/3;7409;2025-11-03 08:00:00;48914;LH;верх;4028,130;4007,690;65,855;8;1
3/3;7410;2025-11-03 09:00:00;48915;HL;низ;3993,100;4013,610;35,030;1;1
3/3;7411;2025-11-03 15:00:00;48921;HH;верх;4030,825;4006,435;37,725;6;1
3/3;7412;2025-11-03 16:00:00;48922;HL;низ;3995,220;4004,660;35,605;1;1
3/3;7413;2025-11-03 20:00:00;48926;LH;верх;4015,060;3986,510;19,840;4;2
3/3;7414;2025-11-04 06:00:00;48935;LL;низ;3966,605;3991,270;48,455;9;1
3/3;7415;2025-11-04 08:00:00;48937;LH;верх;4000,855;3994,970;34,250;2;1
3/3;7416;2025-11-04 14:00:00;48943;LL;низ;3928,685;3955,080;72,170;6;2
3/3;7417;2025-11-05 08:00:00;48960;LH;верх;3987,340;3966,990;58,655;17;1
3/3;7418;2025-11-05 10:00:00;48962;HL;низ;3956,100;3975,910;31,240;2;1
3/3;7419;2025-11-05 16:00:00;48968;HH;верх;3990,565;3987,920;34,465;6;2
3/3;7420;2025-11-06 01:00:00;48976;HL;низ;3964,455;3988,935;26,110;8;1
3/3;7421;2025-11-06 12:00:00;48987;HH;верх;4019,645;3980,405;55,190;11;1
3/3;7422;2025-11-06 17:00:00;48992;HL;низ;3965,710;3980,965;53,935;5;1
3/3;7423;2025-11-06 19:00:00;48994;LH;верх;3995,365;3989,345;29,655;2;1
3/3;7424;2025-11-06 21:00:00;48996;HL;низ;3976,880;4001,845;18,485;2;1
3/3;7425;2025-11-07 02:00:00;49000;HH;верх;4003,410;3994,950;26,530;4;1
3/3;7426;2025-11-07 04:00:00;49002;HL;низ;3985,605;4007,835;17,805;2;1
3/3;7427;2025-11-07 09:00:00;49007;HH;верх;4014,290;3996,025;28,685;5;1
3/3;7428;2025-11-07 15:00:00;49013;LL;низ;3984,010;4005,650;30,280;6;1
3/3;7429;2025-11-10 13:00:00;49034;HH;верх;4106,000;4095,175;121,990;21;2
3/3;7430;2025-11-10 14:00:00;49035;HL;низ;4074,490;4102,720;31,510;1;1
3/3;7431;2025-11-11 04:00:00;49048;HH;верх;4149,100;4129,780;74,610;13;1
3/3;7432;2025-11-11 05:00:00;49049;HL;низ;4124,895;4135,635;24,205;1;1
3/3;7433;2025-11-11 13:00:00;49057;LH;верх;4146,885;4113,415;21,990;8;2
3/3;7434;2025-11-11 15:00:00;49059;LL;низ;4097,245;4113,860;49,640;2;1
3/3;7435;2025-11-12 00:00:00;49067;LH;верх;4145,610;4112,085;48,365;8;1
3/3;7436;2025-11-12 05:00:00;49072;HL;низ;4098,915;4131,495;46,695;5;1
3/3;7437;2025-11-12 18:00:00;49085;HH;верх;4211,795;4195,210;112,880;13;1
3/3;7438;2025-11-13 01:00:00;49091;HL;низ;4179,735;4209,495;32,060;6;1
3/3;7439;2025-11-13 12:00:00;49102;HH;верх;4245,195;4202,675;65,460;11;1
3/3;7440;2025-11-13 18:00:00;49108;LL;низ;4145,190;4171,745;100,005;6;2
3/3;7441;2025-11-14 03:00:00;49116;LH;верх;4211,435;4175,425;66,245;8;1
3/3;7442;2025-11-14 14:00:00;49127;LL;низ;4032,230;4099,920;179,205;11;3
3/3;7443;2025-11-16 23:00:00;49135;LH;верх;4106,705;4081,725;74,475;8;1
3/3;7444;2025-11-17 05:00:00;49141;HL;низ;4049,760;4077,395;56,945;6;1
3/3;7445;2025-11-17 08:00:00;49144;LH;верх;4095,935;4078,470;46,175;3;2
3/3;7446;2025-11-18 07:00:00;49166;LL;низ;3997,985;4044,210;97,950;22;3
3/3;7447;2025-11-18 20:00:00;49179;LH;верх;4082,580;4069,340;84,595;13;2
3/3;7448;2025-11-19 02:00:00;49184;HL;низ;4055,525;4095,630;27,055;5;1
3/3;7449;2025-11-19 15:00:00;49197;HH;верх;4132,985;4087,485;77,460;13;1
3/3;7450;2025-11-19 17:00:00;49199;LL;низ;4055,475;4076,385;77,510;2;2
3/3;7451;2025-11-20 00:00:00;49205;LH;верх;4110,370;4072,365;54,895;6;1
3/3;7452;2025-11-20 02:00:00;49207;LL;низ;4038,900;4066,790;71,470;2;2
3/3;7453;2025-11-20 14:00:00;49219;LH;верх;4107,350;4066,225;68,450;12;1
3/3;7454;2025-11-20 17:00:00;49222;HL;низ;4043,580;4077,490;63,770;3;1
3/3;7455;2025-11-20 23:00:00;49227;LH;верх;4088,725;4057,305;45,145;5;2
3/3;7456;2025-11-21 08:00:00;49236;LL;низ;4022,260;4036,715;66,465;9;1
3/3;7457;2025-11-21 17:00:00;49245;HH;верх;4101,070;4067,290;78,810;9;1
3/3;7458;2025-11-24 05:00:00;49256;HL;низ;4040,020;4063,385;61,050;11;2
3/3;7459;2025-11-25 02:00:00;49276;HH;верх;4155,900;4151,090;115,880;20;2
3/3;7460;2025-11-25 08:00:00;49282;HL;низ;4109,710;4133,685;46,190;6;1
3/3;7461;2025-11-25 13:00:00;49287;LH;верх;4150,915;4136,195;41,205;5;1
3/3;7462;2025-11-25 14:00:00;49288;HL;низ;4110,805;4146,215;40,110;1;1
3/3;7463;2025-11-25 17:00:00;49291;HH;верх;4159,380;4132,420;48,575;3;1
3/3;7464;2025-11-25 21:00:00;49295;HL;низ;4127,620;4148,545;31,760;4;1
3/3;7465;2025-11-26 03:00:00;49300;HH;верх;4169,580;4150,215;41,960;5;1
3/3;7466;2025-11-26 06:00:00;49303;HL;низ;4146,680;4162,865;22,900;3;1
3/3;7467;2025-11-26 12:00:00;49309;HH;верх;4173,500;4165,430;26,820;6;1
3/3;7468;2025-11-26 15:00:00;49312;LL;низ;4136,665;4164,795;36,835;3;1
3/3;7469;2025-11-26 18:00:00;49315;LH;верх;4171,905;4163,575;35,240;3;1
3/3;7470;2025-11-27 04:00:00;49324;HL;низ;4142,730;4160,180;29,175;9;1
3/3;7471;2025-11-27 08:00:00;49328;LH;верх;4167,260;4157,420;24,530;4;1
3/3;7472;2025-11-27 13:00:00;49333;HL;низ;4149,085;4156,510;18,175;5;1
3/3;7473;2025-11-27 15:00:00;49335;LH;верх;4161,925;4159,290;12,840;2;1
3/3;7474;2025-11-27 21:00:00;49341;HL;низ;4155,335;4191,295;6,590;6;1
3/3;7475;2025-11-28 01:00:00;49344;HH;верх;4193,260;4189,030;37,925;3;1
3/3;7476;2025-11-28 08:00:00;49351;LL;низ;4153,740;4171,275;39,520;7;1
3/3;7477;2025-12-01 02:00:00;49366;HH;верх;4256,600;4229,675;102,860;15;1
3/3;7478;2025-12-01 05:00:00;49369;HL;низ;4215,605;4244,780;40,995;3;1
3/3;7479;2025-12-01 13:00:00;49377;HH;верх;4264,700;4226,295;49,095;8;1
3/3;7480;2025-12-02 09:00:00;49396;LL;низ;4181,140;4208,925;83,560;19;3
3/3;7481;2025-12-02 14:00:00;49401;LH;верх;4230,685;4193,885;49,545;5;1
3/3;7482;2025-12-02 15:00:00;49402;LL;низ;4163,805;4190,985;66,880;1;1
3/3;7483;2025-12-03 02:00:00;49412;LH;верх;4229,065;4207,705;65,260;10;1
3/3;7484;2025-12-03 10:00:00;49420;HL;низ;4194,645;4237,390;34,420;8;1
3/3;7485;2025-12-03 14:00:00;49424;HH;верх;4241,565;4211,075;46,920;4;1
3/3;7486;2025-12-03 18:00:00;49428;HL;низ;4195,195;4203,115;46,370;4;1
3/3;7487;2025-12-04 01:00:00;49434;LH;верх;4217,080;4197,155;21,885;6;1
3/3;7488;2025-12-04 05:00:00;49438;LL;низ;4174,810;4185,000;42,270;4;2
3/3;7489;2025-12-04 16:00:00;49449;HH;верх;4219,620;4208,975;44,810;11;1
3/3;7490;2025-12-05 01:00:00;49457;HL;низ;4194,815;4217,025;24,805;8;2
3/3;7491;2025-12-05 07:00:00;49463;HH;верх;4230,900;4222,930;36,085;6;1
3/3;7492;2025-12-05 09:00:00;49465;HL;низ;4215,935;4228,830;14,965;2;1
3/3;7493;2025-12-05 15:00:00;49471;HH;верх;4259,340;4208,955;43,405;6;1
3/3;7494;2025-12-05 21:00:00;49477;LL;низ;4192,055;4201,250;67,285;6;2
3/3;7495;2025-12-08 06:00:00;49485;LH;верх;4219,175;4207,855;27,120;8;2
3/3;7496;2025-12-08 15:00:00;49494;LL;низ;4176,205;4187,415;42,970;9;1
3/3;7497;2025-12-09 03:00:00;49505;LH;верх;4198,905;4182,285;22,700;11;1
3/3;7498;2025-12-09 06:00:00;49508;LL;низ;4169,985;4203,035;28,920;3;1
3/3;7499;2025-12-09 09:00:00;49511;HH;верх;4213,050;4204,235;43,065;3;1
3/3;7500;2025-12-09 14:00:00;49516;HL;низ;4189,505;4203,140;23,545;5;1
3/3;7501;2025-12-09 16:00:00;49518;HH;верх;4221,625;4212,620;32,120;2;2
3/3;7502;2025-12-10 10:00:00;49535;LL;низ;4187,800;4200,745;33,825;17;1
3/3;7503;2025-12-10 14:00:00;49539;LH;верх;4207,105;4199,735;19,305;4;1
3/3;7504;2025-12-10 19:00:00;49544;LL;низ;4182,080;4232,585;25,025;5;2
3/3;7505;2025-12-11 01:00:00;49549;HH;верх;4247,805;4213,525;65,725;5;1
3/3;7506;2025-12-11 06:00:00;49554;HL;низ;4204,270;4218,495;43,535;5;1
3/3;7507;2025-12-11 10:00:00;49558;LH;верх;4226,080;4221,015;21,810;4;1
3/3;7508;2025-12-11 13:00:00;49561;HL;низ;4205,350;4273,655;20,730;3;1
3/3;7509;2025-12-11 18:00:00;49566;HH;верх;4285,890;4279,335;80,540;5;1
3/3;7510;2025-12-12 01:00:00;49572;HL;низ;4264,525;4266,390;21,365;6;2
3/3;7511;2025-12-12 14:00:00;49585;HH;верх;4353,555;4294,255;89,030;13;1
3/3;7512;2025-12-12 16:00:00;49587;LL;низ;4257,275;4296,510;96,280;2;1
3/3;7513;2025-12-15 09:00:00;49603;LH;верх;4350,285;4345,710;93,010;16;1
3/3;7514;2025-12-15 16:00:00;49610;HL;низ;4285,515;4314,285;64,770;7;1
3/3;7515;2025-12-16 01:00:00;49618;LH;верх;4318,035;4289,220;32,520;8;1
3/3;7516;2025-12-16 05:00:00;49622;LL;низ;4271,575;4284,705;46,460;4;2
3/3;7517;2025-12-17 05:00:00;49645;HH;верх;4342,580;4319,385;71,005;23;2
3/3;7518;2025-12-17 10:00:00;49650;HL;низ;4306,515;4342,145;36,065;5;1
3/3;7519;2025-12-17 15:00:00;49655;HH;верх;4349,280;4336,250;42,765;5;1
3/3;7520;2025-12-18 01:00:00;49664;HL;низ;4324,020;4331,845;25,260;9;1
3/3;7521;2025-12-18 07:00:00;49670;LH;верх;4337,785;4325,540;13,765;6;1
3/3;7522;2025-12-18 14:00:00;49677;LL;низ;4308,670;4333,565;29,115;7;1
3/3;7523;2025-12-18 16:00:00;49679;HH;верх;4374,655;4325,180;65,985;2;1
3/3;7524;2025-12-19 01:00:00;49687;HL;низ;4309,095;4322,740;65,560;8;1
3/3;7525;2025-12-19 09:00:00;49695;LH;верх;4333,670;4326,735;24,575;8;1
3/3;7526;2025-12-19 14:00:00;49700;HL;низ;4319,830;4353,555;13,840;5;1
3/3;7527;2025-12-19 18:00:00;49704;HH;верх;4356,625;4338,765;36,795;4;1
3/3;7528;2025-12-19 21:00:00;49707;HL;низ;4336,555;4382,970;20,070;3;1
3/3;7529;2025-12-22 07:00:00;49716;HH;верх;4420,515;4408,790;83,960;9;1
3/3;7530;2025-12-22 11:00:00;49720;HL;низ;4406,060;4419,445;14,455;4;1
3/3;7531;2025-12-23 02:00:00;49734;HH;верх;4497,685;4475,335;91,625;14;2
3/3;7532;2025-12-23 06:00:00;49738;HL;низ;4469,500;4480,500;28,185;4;1
3/3;7533;2025-12-23 13:00:00;49745;LH;верх;4497,635;4474,380;28,135;7;1
3/3;7534;2025-12-23 15:00:00;49747;LL;низ;4430,515;4484,725;67,120;2;1
3/3;7535;2025-12-24 01:00:00;49756;HH;верх;4526,150;4499,320;95,635;9;1
3/3;7536;2025-12-24 03:00:00;49758;HL;низ;4466,540;4493,780;59,610;2;2
3/3;7537;2025-12-24 10:00:00;49765;LH;верх;4500,035;4488,290;33,495;7;1
3/3;7538;2025-12-24 15:00:00;49770;LL;низ;4448,260;4479,415;51,775;5;1
3/3;7539;2025-12-25 23:00:00;49774;HH;верх;4536,740;4508,950;88,480;4;1
3/3;7540;2025-12-26 11:00:00;49786;HL;низ;4502,910;4521,160;33,830;12;1
3/3;7541;2025-12-26 16:00:00;49791;HH;верх;4550,150;4523,810;47,240;5;1
3/3;7542;2025-12-26 17:00:00;49792;HL;низ;4510,025;4531,050;40,125;1;1
3/3;7543;2025-12-28 23:00:00;49797;LH;верх;4548,350;4512,425;38,325;5;1
3/3;7544;2025-12-29 15:00:00;49813;LL;низ;4302,110;4331,380;246,240;16;5
3/3;7545;2025-12-30 13:00:00;49834;LH;верх;4404,375;4377,780;102,265;21;1
3/3;7546;2025-12-30 23:00:00;49843;HL;низ;4328,125;4348,905;76,250;9;1
3/3;7547;2025-12-31 01:00:00;49845;LH;верх;4373,590;4332,865;45,465;2;1
3/3;7548;2025-12-31 06:00:00;49850;LL;низ;4274,025;4325,660;99,565;5;1
3/3;7549;2025-12-31 09:00:00;49853;LH;верх;4337,480;4313,990;63,455;3;1
3/3;7550;2025-12-31 12:00:00;49856;HL;низ;4303,255;4337,610;34,225;3;1
3/3;7551;2025-12-31 14:00:00;49858;HH;верх;4353,445;4322,085;50,190;2;1
3/3;7552;2025-12-31 20:00:00;49864;HL;низ;4304,645;4354,055;48,800;6;1
3/3;7553;2026-01-02 13:00:00;49880;HH;верх;4402,295;4326,580;97,650;16;1
3/3;7554;2026-01-02 18:00:00;49885;HL;низ;4309,915;4332,065;92,380;5;1
3/3;7555;2026-01-05 10:00:00;49900;HH;верх;4440,055;4416,965;130,140;15;2
3/3;7556;2026-01-05 13:00:00;49903;HL;низ;4396,485;4441,930;43,570;3;1
3/3;7557;2026-01-05 15:00:00;49905;HH;верх;4455,770;4448,605;59,285;2;1
3/3;7558;2026-01-06 01:00:00;49914;HL;низ;4427,635;4467,570;28,135;9;1
3/3;7559;2026-01-06 08:00:00;49921;HH;верх;4475,790;4463,525;48,155;7;1
3/3;7560;2026-01-06 10:00:00;49923;HL;низ;4442,665;4468,090;33,125;2;1
3/3;7561;2026-01-06 23:00:00;49935;HH;верх;4500,560;4474,650;57,895;12;1
3/3;7562;2026-01-07 06:00:00;49942;LL;низ;4441,445;4463,590;59,115;7;1
3/3;7563;2026-01-07 08:00:00;49944;LH;верх;4474,875;4447,470;33,430;2;1
3/3;7564;2026-01-07 15:00:00;49951;LL;низ;4423,385;4452,250;51,490;7;1
3/3;7565;2026-01-07 16:00:00;49952;LH;верх;4468,370;4457,145;44,985;1;2
3/3;7566;2026-01-08 12:00:00;49971;LL;низ;4407,835;4454,360;60,535;19;3
3/3;7567;2026-01-08 23:00:00;49981;HH;верх;4479,735;4469,540;71,900;10;1
3/3;7568;2026-01-09 01:00:00;49983;HL;низ;4452,920;4464,790;26,815;2;3
3/3;7569;2026-01-12 00:00:00;50005;HH;верх;4601,695;4570,710;148,775;22;3
3/3;7570;2026-01-12 12:00:00;50017;HL;низ;4578,485;4621,220;23,210;12;1
3/3;7571;2026-01-12 16:00:00;50021;HH;верх;4630,190;4611,240;51,705;4;1
3/3;7572;2026-01-13 01:00:00;50029;LL;низ;4575,585;4596,490;54,605;8;1
3/3;7573;2026-01-13 05:00:00;50033;LH;верх;4602,195;4592,960;26,610;4;1
3/3;7574;2026-01-13 06:00:00;50034;LL;низ;4573,605;4586,155;28,590;1;2
3/3;7575;2026-01-13 14:00:00;50042;HH;верх;4634,890;4590,595;61,285;8;1
3/3;7576;2026-01-13 20:00:00;50048;LL;низ;4569,470;4609,215;65,420;6;1
3/3;7577;2026-01-14 12:00:00;50063;HH;верх;4641,985;4618,025;72,515;15;2
3/3;7578;2026-01-14 15:00:00;50066;HL;низ;4599,500;4635,175;42,485;3;1
3/3;7579;2026-01-14 19:00:00;50070;HH;верх;4642,970;4615,325;43,470;4;1
3/3;7580;2026-01-15 03:00:00;50077;LL;низ;4581,065;4610,305;61,905;7;1
3/3;7581;2026-01-15 11:00:00;50085;LH;верх;4623,110;4611,205;42,045;8;1
3/3;7582;2026-01-15 13:00:00;50087;HL;низ;4581,625;4605,680;41,485;2;1
3/3;7583;2026-01-15 16:00:00;50090;HH;верх;4625,015;4615,935;43,390;3;1
3/3;7584;2026-01-16 02:00:00;50099;HL;низ;4591,370;4611,580;33,645;9;1
3/3;7585;2026-01-16 15:00:00;50112;LH;верх;4620,390;4582,745;29,020;13;3
3/3;7586;2026-01-16 15:00:00;50112;LL;низ;4536,490;4582,745;83,900;0;1
3/3;7587;2026-01-18 23:00:00;50119;HH;верх;4690,940;4662,590;154,450;7;2
3/3;7588;2026-01-19 11:00:00;50131;HL;низ;4659,730;4666,625;31,210;12;1
3/3;7589;2026-01-19 18:00:00;50138;LH;верх;4680,405;4660,410;20,675;7;1
3/3;7590;2026-01-20 00:00:00;50141;LL;низ;4659,395;4680,280;21,010;3;1
3/3;7591;2026-01-20 09:00:00;50150;HH;верх;4737,570;4727,630;78,175;9;1
3/3;7592;2026-01-20 13:00:00;50154;HL;низ;4715,035;4753,630;22,535;4;1
3/3;7593;2026-01-21 06:00:00;50170;HH;верх;4888,545;4860,415;173,510;16;1
3/3;7594;2026-01-21 07:00:00;50171;HL;низ;4832,725;4862,300;55,820;1;1
3/3;7595;2026-01-21 14:00:00;50178;LH;верх;4880,935;4826,480;48,210;7;1
3/3;7596;2026-01-21 19:00:00;50183;LL;низ;4755,075;4778,265;125,860;5;2
3/3;7597;2026-01-22 07:00:00;50194;LH;верх;4839,710;4829,110;84,635;11;1
3/3;7598;2026-01-22 13:00:00;50200;HL;низ;4810,740;4878,075;28,970;6;2
3/3;7599;2026-01-23 01:00:00;50211;HH;верх;4967,520;4956,285;156,780;11;2
3/3;7600;2026-01-23 09:00:00;50219;HL;низ;4899,795;4939,420;67,725;8;1
3/3;7601;2026-01-26 02:00:00;50235;HH;верх;5092,975;5074,425;193,180;16;1
3/3;7602;2026-01-26 05:00:00;50238;HL;низ;5052,365;5083,480;40,610;3;1
3/3;7603;2026-01-26 06:00:00;50239;HH;верх;5111,510;5084,140;59,145;1;1
3/3;7604;2026-01-26 13:00:00;50246;HL;низ;5054,670;5089,545;56,840;7;1
3/3;7605;2026-01-26 16:00:00;50249;LH;верх;5105,340;5028,715;50,670;3;1
3/3;7606;2026-01-26 21:00:00;50254;LL;низ;4990,215;5060,140;115,125;5;1
3/3;7607;2026-01-27 07:00:00;50263;LH;верх;5100,840;5086,545;110,625;9;1
3/3;7608;2026-01-27 14:00:00;50270;HL;низ;5046,840;5081,370;54,000;7;1
3/3;7609;2026-01-28 08:00:00;50287;HH;верх;5311,665;5261,730;264,825;17;2
3/3;7610;2026-01-28 15:00:00;50294;HL;низ;5235,750;5282,595;75,915;7;2
3/3;7611;2026-01-28 23:00:00;50301;HH;верх;5602,225;5536,110;366,475;7;2
3/3;7612;2026-01-29 11:00:00;50313;HL;низ;5470,900;5496,965;131,325;12;1
3/3;7613;2026-01-29 14:00:00;50316;LH;верх;5549,565;5335,370;78,665;3;1
3/3;7614;2026-01-29 15:00:00;50317;LL;низ;5097,215;5338,785;452,350;1;1
3/3;7615;2026-01-30 00:00:00;50325;LH;верх;5451,160;5196,940;353,945;8;1
3/3;7616;2026-01-30 09:00:00;50334;LL;низ;4941,500;5064,675;509,660;9;2
3/3;7617;2026-01-30 12:00:00;50337;LH;верх;5145,980;5050,925;204,480;3;1
3/3;7618;2026-02-02 06:00:00;50354;LL;низ;4402,380;4719,600;743,600;17;3
3/3;7619;2026-02-02 12:00:00;50360;LH;верх;4812,265;4619,850;409,885;6;1
3/3;7620;2026-02-02 16:00:00;50364;HL;низ;4596,740;4685,410;215,525;4;1
3/3;7621;2026-02-03 08:00:00;50379;HH;верх;4950,680;4917,010;353,940;15;2
3/3;7622;2026-02-03 11:00:00;50382;HL;низ;4883,690;4917,070;66,990;3;1
3/3;7623;2026-02-03 16:00:00;50387;HH;верх;4993,835;4927,230;110,145;5;1
3/3;7624;2026-02-03 19:00:00;50390;LL;низ;4880,595;4947,820;113,240;3;1
3/3;7625;2026-02-04 08:00:00;50402;HH;верх;5091,930;5047,490;211,335;12;1
3/3;7626;2026-02-04 16:00:00;50410;LL;низ;4848,405;4941,720;243,525;8;1
3/3;7627;2026-02-04 23:00:00;50416;LH;верх;5024,030;4812,240;175,625;6;1
3/3;7628;2026-02-05 03:00:00;50420;LL;низ;4789,655;4920,270;234,375;4;1
3/3;7629;2026-02-05 08:00:00;50425;LH;верх;4943,735;4868,365;154,080;5;1
3/3;7630;2026-02-05 15:00:00;50432;HL;низ;4800,535;4858,130;143,200;7;1
3/3;7631;2026-02-05 16:00:00;50433;LH;верх;4906,735;4829,485;106,200;1;1
3/3;7632;2026-02-06 00:00:00;50440;LL;низ;4655,230;4824,385;251,505;7;1
3/3;7633;2026-02-06 18:00:00;50458;HH;верх;4971,340;4964,620;316,110;18;2
3/3;7634;2026-02-06 20:00:00;50460;HL;низ;4936,690;5019,930;34,650;2;1
3/3;7635;2026-02-08 23:00:00;50462;HH;верх;5047,915;5007,245;111,225;2;2
3/3;7636;2026-02-09 10:00:00;50473;HL;низ;4982,495;5007,340;65,420;11;1
3/3;7637;2026-02-09 20:00:00;50483;HH;верх;5086,680;5018,910;104,185;10;2
3/3;7638;2026-02-09 23:00:00;50485;HL;низ;4987,385;5038,660;99,295;2;2
3/3;7639;2026-02-10 14:00:00;50500;LH;верх;5078,745;5026,605;91,360;15;2
3/3;7640;2026-02-10 15:00:00;50501;HL;низ;4998,950;5013,170;79,795;1;1
3/3;7641;2026-02-11 12:00:00;50521;HH;верх;5119,345;5060,070;120,395;20;1
3/3;7642;2026-02-11 13:00:00;50522;HL;низ;5019,715;5075,220;99,630;1;1
3/3;7643;2026-02-11 17:00:00;50526;LH;верх;5099,315;5086,985;79,600;4;2
3/3;7644;2026-02-12 01:00:00;50533;HL;низ;5045,445;5069,610;53,870;7;1
3/3;7645;2026-02-12 05:00:00;50537;LH;верх;5078,420;5068,625;32,975;4;1
3/3;7646;2026-02-12 06:00:00;50538;HL;низ;5047,130;5073,265;31,290;1;1
3/3;7647;2026-02-12 13:00:00;50545;HH;верх;5083,855;4954,740;36,725;7;2
3/3;7648;2026-02-12 16:00:00;50548;LL;низ;4878,500;4945,665;205,355;3;2
3/3;7649;2026-02-13 04:00:00;50559;LH;верх;4997,555;4975,045;119,055;11;1
3/3;7650;2026-02-13 05:00:00;50560;HL;низ;4944,930;4982,795;52,625;1;1
3/3;7651;2026-02-13 08:00:00;50563;LH;верх;4989,695;4953,640;44,765;3;1
3/3;7652;2026-02-13 11:00:00;50566;LL;низ;4933,635;4996,120;56,060;3;1
3/3;7653;2026-02-13 21:00:00;50576;HH;верх;5046,480;5028,955;112,845;10;1
3/3;7654;2026-02-16 05:00:00;50583;HL;низ;4964,865;5008,110;81,615;7;1
3/3;7655;2026-02-16 09:00:00;50587;LH;верх;5017,445;5002,030;52,580;4;1
3/3;7656;2026-02-16 15:00:00;50593;HL;низ;4969,110;4994,590;48,335;6;1
3/3;7657;2026-02-16 23:00:00;50598;LH;верх;5001,240;4967,125;32,130;5;1
3/3;7658;2026-02-17 05:00:00;50604;LL;низ;4859,200;4920,780;142,040;6;2
3/3;7659;2026-02-17 12:00:00;50611;LH;верх;4944,700;4878,600;85,500;7;1
3/3;7660;2026-02-17 14:00:00;50613;LL;низ;4842,600;4865,095;102,100;2;1
3/3;7661;2026-02-17 18:00:00;50617;LH;верх;4910,900;4877,855;68,300;4;1
3/3;7662;2026-02-17 23:00:00;50621;HL;низ;4854,240;4905,350;56,660;4;1
3/3;7663;2026-02-18 07:00:00;50629;HH;верх;4942,490;4914,650;88,250;8;1
3/3;7664;2026-02-18 11:00:00;50633;HL;низ;4906,425;4991,795;36,065;4;1
3/3;7665;2026-02-18 16:00:00;50638;HH;верх;5010,915;4980,715;104,490;5;1
3/3;7666;2026-02-19 00:00:00;50645;HL;низ;4960,645;4981,675;50,270;7;1
3/3;7667;2026-02-19 08:00:00;50653;HH;верх;5022,170;4984,715;61,525;8;1
3/3;7668;2026-02-19 14:00:00;50659;HL;низ;4963,445;4985,165;58,725;6;1
3/3;7669;2026-02-19 15:00:00;50660;HH;верх;5022,385;4981,870;58,940;1;1
3/3;7670;2026-02-19 18:00:00;50663;HL;низ;4975,410;4996,490;46,975;3;1
3/3;7671;2026-02-20 01:00:00;50669;LH;верх;5014,865;4999,885;39,455;6;1
3/3;7672;2026-02-20 03:00:00;50671;HL;низ;4981,670;5020,790;33,195;2;1
3/3;7673;2026-02-20 09:00:00;50677;HH;верх;5042,740;5025,185;61,070;6;1
3/3;7674;2026-02-20 15:00:00;50683;HL;низ;4990,585;5071,520;52,155;6;1
3/3;7675;2026-02-23 02:00:00;50693;HH;верх;5176,950;5158,360;186,365;10;1
3/3;7676;2026-02-23 08:00:00;50699;HL;низ;5122,220;5149,850;54,730;6;2
3/3;7677;2026-02-23 23:00:00;50713;HH;верх;5250,005;5189,990;127,785;14;2
3/3;7678;2026-02-24 14:00:00;50728;LL;низ;5093,225;5163,780;156,780;15;3
3/3;7679;2026-02-24 20:00:00;50734;LH;верх;5173,310;5152,375;80,085;6;1
3/3;7680;2026-02-24 23:00:00;50736;HL;низ;5128,285;5180,720;45,025;2;1
3/3;7681;2026-02-25 05:00:00;50742;HH;верх;5210,680;5185,515;82,395;6;1
3/3;7682;2026-02-25 11:00:00;50748;HL;низ;5155,095;5191,175;55,585;6;1
3/3;7683;2026-02-25 17:00:00;50754;HH;верх;5217,780;5152,550;62,685;6;1
3/3;7684;2026-02-25 20:00:00;50757;LL;низ;5144,905;5188,450;72,875;3;1
3/3;7685;2026-02-26 05:00:00;50765;LH;верх;5205,640;5179,585;60,735;8;2
3/3;7686;2026-02-26 15:00:00;50775;LL;низ;5130,235;5180,560;75,405;10;1
3/3;7687;2026-02-26 20:00:00;50780;LH;верх;5201,005;5175,100;70,770;5;1
3/3;7688;2026-02-27 01:00:00;50784;HL;низ;5166,995;5181,795;34,010;4;1
3/3;7689;2026-02-27 05:00:00;50788;LH;верх;5200,640;5178,860;33,645;4;1
3/3;7690;2026-02-27 10:00:00;50793;HL;низ;5168,685;5223,220;31,955;5;1
3/3;7691;2026-03-02 07:00:00;50813;HH;верх;5419,660;5389,435;250,975;20;4
3/3;7692;2026-03-02 16:00:00;50822;HL;низ;5260,285;5330,650;159,375;9;1
3/3;7693;2026-03-03 01:00:00;50830;LH;верх;5379,975;5361,210;119,690;8;1
3/3;7694;2026-03-03 15:00:00;50844;LL;низ;4996,275;5136,110;383,700;14;1
3/3;7695;2026-03-04 02:00:00;50854;LH;верх;5191,065;5160,090;194,790;10;2
3/3;7696;2026-03-04 06:00:00;50858;HL;низ;5117,720;5182,510;73,345;4;1
3/3;7697;2026-03-04 12:00:00;50864;HH;верх;5206,265;5151,595;88,545;6;1
3/3;7698;2026-03-04 18:00:00;50870;LL;низ;5108,640;5140,945;97,625;6;1
3/3;7699;2026-03-05 03:00:00;50878;LH;верх;5195,220;5167,790;86,580;8;1
3/3;7700;2026-03-05 06:00:00;50881;HL;низ;5120,785;5161,260;74,435;3;1
3/3;7701;2026-03-05 09:00:00;50884;LH;верх;5180,480;5162,635;59,695;3;1
3/3;7702;2026-03-05 18:00:00;50893;LL;низ;5050,905;5081,380;129,575;9;1
3/3;7703;2026-03-06 01:00:00;50899;LH;верх;5144,050;5127,650;93,145;6;1
3/3;7704;2026-03-06 11:00:00;50909;HL;низ;5063,215;5130,200;80,835;10;2
3/3;7705;2026-03-06 21:00:00;50919;HH;верх;5176,630;5050,030;113,415;10;2
3/3;7706;2026-03-09 01:00:00;50923;LL;низ;5015,045;5090,360;161,585;4;1
3/3;7707;2026-03-09 05:00:00;50927;LH;верх;5140,790;5096,725;125,745;4;2
3/3;7708;2026-03-09 14:00:00;50936;HL;низ;5060,595;5096,120;80,195;9;1
3/3;7709;2026-03-10 08:00:00;50953;HH;верх;5195,405;5175,260;134,810;17;2
3/3;7710;2026-03-10 10:00:00;50955;HL;низ;5156,500;5205,340;38,905;2;1
3/3;7711;2026-03-10 15:00:00;50960;HH;верх;5238,775;5192,050;82,275;5;1
3/3;7712;2026-03-10 18:00:00;50963;HL;низ;5160,650;5189,525;78,125;3;1
3/3;7713;2026-03-11 01:00:00;50969;LH;верх;5223,385;5204,610;62,735;6;1
3/3;7714;2026-03-11 08:00:00;50976;HL;низ;5175,350;5181,415;48,035;7;1
3/3;7715;2026-03-11 12:00:00;50980;LH;верх;5197,175;5166,605;21,825;4;1
3/3;7716;2026-03-11 13:00:00;50981;LL;низ;5149,155;5175,770;48,020;1;2
3/3;7717;2026-03-11 19:00:00;50987;LH;верх;5183,760;5134,600;34,605;6;1
3/3;7718;2026-03-12 00:00:00;50991;LL;низ;5125,640;5153,155;58,120;4;1
3/3;7719;2026-03-12 02:00:00;50993;LH;верх;5175,150;5154,675;49,510;2;1
3/3;7720;2026-03-12 05:00:00;50996;HL;низ;5137,170;5178,220;37,980;3;1
3/3;7721;2026-03-12 10:00:00;51001;HH;верх;5191,790;5151,450;54,620;5;1
3/3;7722;2026-03-12 20:00:00;51011;LL;низ;5055,125;5113,780;136,665;10;1
3/3;7723;2026-03-13 02:00:00;51016;LH;верх;5128,475;5103,175;73,350;5;1
3/3;7724;2026-03-13 08:00:00;51022;HL;низ;5061,720;5107,835;66,755;6;1
3/3;7725;2026-03-13 12:00:00;51026;LH;верх;5122,010;5034,925;60,290;4;1
3/3;7726;2026-03-15 23:00:00;51036;LL;низ;4967,775;5003,670;154,235;10;1
3/3;7727;2026-03-16 06:00:00;51043;LH;верх;5036,010;4975,565;68,235;7;1
3/3;7728;2026-03-16 10:00:00;51047;HL;низ;4970,230;5029,940;65,780;4;1
3/3;7729;2026-03-16 14:00:00;51051;HH;верх;5038,145;4991,265;67,915;4;1
3/3;7730;2026-03-16 16:00:00;51053;HL;низ;4974,235;5013,085;63,910;2;1
3/3;7731;2026-03-16 20:00:00;51057;LH;верх;5021,835;5003,030;47,600;4;1
3/3;7732;2026-03-17 01:00:00;51061;HL;низ;4994,935;5038,050;26,900;4;1
3/3;7733;2026-03-17 05:00:00;51065;HH;верх;5044,900;5024,950;49,965;4;1
3/3;7734;2026-03-17 10:00:00;51070;LL;низ;4992,060;5016,755;52,840;5;2
3/3;7735;2026-03-17 13:00:00;51073;LH;верх;5031,590;5002,060;39,530;3;1
3/3;7736;2026-03-17 15:00:00;51075;LL;низ;4973,720;5003,890;57,870;2;1
3/3;7737;2026-03-18 01:00:00;51084;LH;верх;5016,290;4987,200;42,570;9;1
3/3;7738;2026-03-18 04:00:00;51087;HL;низ;4981,830;4995,195;34,460;3;1
3/3;7739;2026-03-18 06:00:00;51089;HH;верх;5016,530;4992,265;34,700;2;1
3/3;7740;2026-03-18 13:00:00;51096;LL;низ;4834,380;4886,950;182,150;7;1
3/3;7741;2026-03-18 18:00:00;51101;LH;верх;4899,460;4834,570;65,080;5;1
3/3;7742;2026-03-18 22:00:00;51104;LL;низ;4804,225;4849,940;95,235;3;1
3/3;7743;2026-03-19 01:00:00;51107;LH;верх;4867,225;4849,870;63,000;3;1
3/3;7744;2026-03-19 13:00:00;51119;LL;низ;4502,365;4584,950;364,860;12;1
3/3;7745;2026-03-20 03:00:00;51132;LH;верх;4736,175;4669,220;233,810;13;2
3/3;7746;2026-03-23 07:00:00;51159;LL;низ;4099,125;4269,110;637,050;27;2
3/3;7747;2026-03-23 14:00:00;51166;LH;верх;4513,165;4426,225;414,040;7;1
3/3;7748;2026-03-24 02:00:00;51177;HL;низ;4305,880;4347,690;207,285;11;1
3/3;7749;2026-03-24 11:00:00;51186;LH;верх;4442,245;4416,165;136,365;9;1
3/3;7750;2026-03-24 13:00:00;51188;HL;низ;4351,090;4421,485;91,155;2;2
3/3;7751;2026-03-25 02:00:00;51200;HH;верх;4602,645;4555,780;251,555;12;2
3/3;7752;2026-03-25 19:00:00;51217;HL;низ;4486,590;4498,115;116,055;17;2
3/3;7753;2026-03-26 01:00:00;51222;LH;верх;4544,815;4520,540;58,225;5;1
3/3;7754;2026-03-26 08:00:00;51229;LL;низ;4412,440;4423,240;132,375;7;1
3/3;7755;2026-03-26 14:00:00;51235;LH;верх;4479,895;4381,575;67,455;6;2
3/3;7756;2026-03-26 20:00:00;51241;LL;низ;4351,355;4378,760;128,540;6;1
3/3;7757;2026-03-27 05:00:00;51249;LH;верх;4475,300;4424,510;123,945;8;1
3/3;7758;2026-03-27 11:00:00;51255;HL;низ;4404,580;4509,710;70,720;6;1
3/3;7759;2026-03-27 15:00:00;51259;HH;верх;4555,630;4516,855;151,050;4;1
3/3;7760;2026-03-30 00:00:00;51267;HL;низ;4417,430;4496,150;138,200;8;1
3/3;7761;2026-03-30 11:00:00;51278;HH;верх;4580,730;4538,835;163,300;11;2
3/3;7762;2026-03-31 00:00:00;51290;HL;низ;4482,660;4557,490;98,070;12;1
3/3;7763;2026-03-31 01:00:00;51291;HH;верх;4619,255;4564,925;136,595;1;1
3/3;7764;2026-03-31 10:00:00;51300;HL;низ;4529,545;4607,350;89,710;9;1
3/3;7765;2026-04-01 01:00:00;51314;HH;верх;4724,520;4676,495;194,975;14;1
3/3;7766;2026-04-01 04:00:00;51317;HL;низ;4667,195;4713,220;57,325;3;1
3/3;7767;2026-04-01 17:00:00;51330;HH;верх;4793,195;4758,200;126,000;13;2
3/3;7768;2026-04-01 18:00:00;51331;HL;низ;4742,170;4776,700;51,025;1;1
3/3;7769;2026-04-01 23:00:00;51335;HH;верх;4800,800;4687,240;58,630;4;1
3/3;7770;2026-04-02 06:00:00;51342;LL;низ;4553,850;4621,685;246,950;7;3
3/3;7771;2026-04-02 14:00:00;51350;LH;верх;4699,890;4648,760;146,040;8;2
3/3;7772;2026-04-06 00:00:00;51359;HL;низ;4600,850;4640,890;99,040;9;1
3/3;7773;2026-04-06 09:00:00;51368;HH;верх;4706,875;4676,220;106,025;9;2
3/3;7774;2026-04-06 19:00:00;51378;HL;низ;4645,805;4659,210;61,070;10;1
3/3;7775;2026-04-06 22:00:00;51380;LH;верх;4667,970;4627,135;22,165;2;1
3/3;7776;2026-04-07 01:00:00;51383;LL;низ;4616,530;4660,155;51,440;3;1
3/3;7777;2026-04-07 09:00:00;51391;HH;верх;4694,905;4651,670;78,375;8;1
3/3;7778;2026-04-07 14:00:00;51396;LL;низ;4607,630;4675,935;87,275;5;1
3/3;7779;2026-04-08 00:00:00;51405;HH;верх;4858,215;4797,790;250,585;9;3
3/3;7780;2026-04-09 00:00:00;51428;HL;низ;4698,725;4711,640;159,490;23;2
3/3;7781;2026-04-09 02:00:00;51430;LH;верх;4733,040;4713,270;34,315;2;1
3/3;7782;2026-04-09 06:00:00;51434;HL;низ;4703,580;4729,295;29,460;4;1
3/3;7783;2026-04-09 17:00:00;51445;HH;верх;4801,390;4765,405;97,810;11;2
3/3;7784;2026-04-10 08:00:00;51459;HL;низ;4730,740;4768,345;70,650;14;2
3/3;7785;2026-04-10 14:00:00;51465;LH;верх;4794,980;4760,315;64,240;6;1
3/3;7786;2026-04-12 23:00:00;51473;LL;низ;4644,465;4720,575;150,515;8;2
3/3;7787;2026-04-13 07:00:00;51481;LH;верх;4740,030;4722,160;95,565;8;2
3/3;7788;2026-04-13 15:00:00;51489;HL;низ;4700,565;4738,450;39,465;8;2
3/3;7789;2026-04-14 01:00:00;51498;HH;верх;4777,385;4774,240;76,820;9;2
3/3;7790;2026-04-14 05:00:00;51502;HL;низ;4757,855;4786,970;19,530;4;1
3/3;7791;2026-04-14 07:00:00;51504;HH;верх;4796,630;4768,580;38,775;2;1
3/3;7792;2026-04-14 10:00:00;51507;LL;низ;4751,220;4794,805;45,410;3;1
3/3;7793;2026-04-15 01:00:00;51521;HH;верх;4871,380;4825,075;120,160;14;1
3/3;7794;2026-04-15 09:00:00;51529;HL;низ;4786,080;4811,760;85,300;8;1
3/3;7795;2026-04-15 14:00:00;51534;LH;верх;4830,615;4792,640;44,535;5;1
3/3;7796;2026-04-15 15:00:00;51535;HL;низ;4787,145;4799,745;43,470;1;2
3/3;7797;2026-04-16 05:00:00;51548;HH;верх;4838,560;4813,850;51,415;13;3
3/3;7798;2026-04-16 14:00:00;51557;LL;низ;4772,575;4789,395;65,985;9;1
3/3;7799;2026-04-17 00:00:00;51566;LH;верх;4801,300;4793,255;28,725;9;1
3/3;7800;2026-04-17 01:00:00;51567;LL;низ;4767,845;4802,995;33,455;1;1
3/3;7801;2026-04-17 05:00:00;51571;HH;верх;4806,200;4796,110;38,355;4;1
3/3;7802;2026-04-17 07:00:00;51573;HL;низ;4778,810;4787,490;27,390;2;1
3/3;7803;2026-04-17 13:00:00;51579;HH;верх;4891,540;4867,180;112,730;6;1
3/3;7804;2026-04-19 23:00:00;51588;LL;низ;4736,830;4797,395;154,710;9;1
3/3;7805;2026-04-20 01:00:00;51590;LH;верх;4814,460;4789,035;77,630;2;1
3/3;7806;2026-04-20 05:00:00;51594;HL;низ;4779,540;4796,395;34,920;4;1
3/3;7807;2026-04-20 07:00:00;51596;LH;верх;4805,795;4796,010;26,255;2;1
3/3;7808;2026-04-20 09:00:00;51598;HL;низ;4783,720;4803,505;22,075;2;1
3/3;7809;2026-04-20 22:00:00;51610;HH;верх;4833,405;4810,270;49,685;12;2
3/3;7810;2026-04-21 07:00:00;51619;LL;низ;4772,885;4789,945;60,520;9;1
3/3;7811;2026-04-21 11:00:00;51623;LH;верх;4798,030;4739,020;25,145;4;1
3/3;7812;2026-04-21 19:00:00;51631;LL;низ;4668,620;4738,140;129,410;8;1
3/3;7813;2026-04-22 07:00:00;51642;LH;верх;4772,385;4759,435;103,765;11;2
3/3;7814;2026-04-22 16:00:00;51651;HL;низ;4723,995;4740,390;48,390;9;1
3/3;7815;2026-04-23 00:00:00;51658;LH;верх;4754,200;4704,100;30,205;7;2
3/3;7816;2026-04-23 05:00:00;51663;LL;низ;4692,485;4703,450;61,715;5;2
3/3;7817;2026-04-23 08:00:00;51666;LH;верх;4725,115;4720,925;32,630;3;1
3/3;7818;2026-04-23 10:00:00;51668;LL;низ;4684,265;4724,435;40,850;2;1
3/3;7819;2026-04-23 12:00:00;51670;HH;верх;4743,200;4720,650;58,935;2;1
3/3;7820;2026-04-23 17:00:00;51675;LL;низ;4664,380;4694,090;78,820;5;1
3/3;7821;2026-04-24 01:00:00;51682;LH;верх;4711,230;4674,485;46,850;7;1
3/3;7822;2026-04-24 04:00:00;51685;LL;низ;4658,030;4694,490;53,200;3;1
3/3;7823;2026-04-24 14:00:00;51695;HH;верх;4740,570;4723,350;82,540;10;1
3/3;7824;2026-04-27 00:00:00;51704;HL;низ;4672,405;4724,230;68,165;9;1
3/3;7825;2026-04-27 04:00:00;51708;LH;верх;4729,965;4713,500;57,560;4;2
3/3;7826;2026-04-27 15:00:00;51719;LL;низ;4667,335;4680,735;62,630;11;1
3/3;7827;2026-04-28 00:00:00;51727;LH;верх;4701,640;4671,155;34,305;8;1
3/3;7828;2026-04-28 12:00:00;51739;LL;низ;4555,135;4586,625;146,505;12;1
3/3;7829;2026-04-29 00:00:00;51750;LH;верх;4610,535;4595,710;55,400;11;2
3/3;7830;2026-04-29 01:00:00;51751;HL;низ;4575,720;4604,825;34,815;1;1
3/3;7831;2026-04-29 05:00:00;51755;LH;верх;4607,725;4573,430;32,005;4;1
3/3;7832;2026-04-29 13:00:00;51763;LL;низ;4510,095;4545,565;97,630;8;1
3/3;7833;2026-04-29 16:00:00;51766;LH;верх;4564,985;4546,930;54,890;3;1
3/3;7834;2026-04-29 18:00:00;51768;HL;низ;4518,335;4552,200;46,650;2;1
3/3;7835;2026-04-30 01:00:00;51774;HH;верх;4582,585;4542,050;64,250;6;1
3/3;7836;2026-04-30 04:00:00;51777;HL;низ;4540,925;4598,440;41,660;3;1
3/3;7837;2026-04-30 10:00:00;51783;HH;верх;4647,045;4611,185;106,120;6;1
3/3;7838;2026-04-30 16:00:00;51789;HL;низ;4605,480;4617,170;41,565;6;1
3/3;7839;2026-05-01 02:00:00;51798;LH;верх;4635,940;4605,180;30,460;9;1
3/3;7840;2026-05-01 09:00:00;51805;LL;низ;4560,320;4591,435;75,620;7;1
3/3;7841;2026-05-01 14:00:00;51810;HH;верх;4660,585;4629,490;100,265;5;1
3/3;7842;2026-05-04 10:00:00;51829;LL;низ;4526,090;4564,140;134,495;19;2
3/3;7843;2026-05-04 14:00:00;51833;LH;верх;4583,380;4522,480;57,290;4;1
3/3;7844;2026-05-04 16:00:00;51835;LL;низ;4501,035;4517,890;82,345;2;2
3/3;7845;2026-05-05 14:00:00;51856;HH;верх;4586,605;4559,940;85,570;21;1
3/3;7846;2026-05-05 22:00:00;51863;HL;низ;4546,360;4626,225;40,245;7;1
3/3;7847;2026-05-06 10:00:00;51875;HH;верх;4723,140;4702,130;176,780;12;1
3/3;7848;2026-05-06 12:00:00;51877;HL;низ;4660,435;4687,790;62,705;2;2
3/3;7849;2026-05-07 01:00:00;51889;LH;верх;4721,530;4696,480;61,095;12;2
3/3;7850;2026-05-07 01:00:00;51889;HL;низ;4685,275;4696,480;36,255;0;1
3/3;7851;2026-05-07 15:00:00;51903;HH;верх;4764,905;4709,640;79,630;14;2
3/3;7852;2026-05-07 22:00:00;51909;LL;низ;4682,045;4722,970;82,860;6;1
3/3;7853;2026-05-08 06:00:00;51917;LH;верх;4734,895;4712,015;52,850;8;2
3/3;7854;2026-05-08 07:00:00;51918;HL;низ;4697,045;4719,820;37,850;1;1
3/3;7855;2026-05-08 14:00:00;51925;HH;верх;4749,580;4720,960;52,535;7;1
3/3;7856;2026-05-08 15:00:00;51926;HL;низ;4702,055;4722,000;47,525;1;1
3/3;7857;2026-05-08 18:00:00;51929;LH;верх;4729,025;4691,760;26,970;3;1
3/3;7858;2026-05-11 00:00:00;51934;LL;низ;4670,505;4678,750;58,520;5;1
3/3;7859;2026-05-11 01:00:00;51935;LH;верх;4705,560;4672,160;35,055;1;1
3/3;7860;2026-05-11 05:00:00;51939;LL;низ;4648,090;4667,895;57,470;4;1
3/3;7861;2026-05-12 00:00:00;51957;HH;верх;4773,575;4720,330;125,485;18;3
3/3;7862;2026-05-12 15:00:00;51972;LL;низ;4638,365;4695,940;135,210;15;1
3/3;7863;2026-05-13 00:00:00;51980;LH;верх;4727,030;4696,100;88,665;8;1
3/3;7864;2026-05-13 02:00:00;51982;HL;низ;4687,705;4704,320;39,325;2;1
3/3;7865;2026-05-13 06:00:00;51986;LH;верх;4715,385;4700,850;27,680;4;2
3/3;7866;2026-05-13 13:00:00;51993;LL;низ;4669,525;4695,865;45,860;7;1
3/3;7867;2026-05-13 16:00:00;51996;LH;верх;4709,900;4688,380;40,375;3;1
3/3;7868;2026-05-14 04:00:00;52007;LL;низ;4668,710;4693,350;41,190;11;2
3/3;7869;2026-05-14 07:00:00;52010;HH;верх;4718,880;4697,090;50,170;3;2
3/3;7870;2026-05-18 00:00:00;52049;LL;низ;4480,410;4541,215;238,470;39;4
3/3;7871;2026-05-18 07:00:00;52056;LH;верх;4560,095;4540,495;79,685;7;1
3/3;7872;2026-05-18 11:00:00;52060;HL;низ;4529,960;4546,530;30,135;4;1
3/3;7873;2026-05-18 13:00:00;52062;HH;верх;4584,375;4550,210;54,415;2;1
3/3;7874;2026-05-18 15:00:00;52064;HL;низ;4531,850;4535,855;52,525;2;1
3/3;7875;2026-05-19 00:00:00;52072;HH;верх;4589,580;4545,190;57,730;8;1
3/3;7876;2026-05-19 05:00:00;52077;LL;низ;4531,085;4543,050;58,495;5;1
3/3;7877;2026-05-19 07:00:00;52079;LH;верх;4559,535;4544,925;28,450;2;1
3/3;7878;2026-05-19 13:00:00;52085;LL;низ;4464,780;4507,900;94,755;6;1
3/3;7879;2026-05-20 00:00:00;52095;LH;верх;4508,850;4463,960;44,070;10;1
3/3;7880;2026-05-20 03:00:00;52098;LL;низ;4453,390;4474,470;55,460;3;2
3/3;7881;2026-05-21 01:00:00;52119;HH;верх;4570,895;4538,630;117,505;21;3
3/3;7882;2026-05-21 13:00:00;52131;HL;низ;4488,630;4519,465;82,265;12;1
3/3;7883;2026-05-21 17:00:00;52135;LH;верх;4559,365;4543,425;70,735;4;3
3/3;7884;2026-05-22 05:00:00;52146;HL;низ;4507,430;4521,835;51,935;11;1
3/3;7885;2026-05-22 10:00:00;52151;LH;верх;4536,820;4514,020;29,390;5;1
3/3;7886;2026-05-22 14:00:00;52155;LL;низ;4491,930;4519,255;44,890;4;2
3/3;7887;2026-05-22 17:00:00;52158;LH;верх;4527,995;4509,690;36,065;3;1
3/3;7888;2026-05-22 20:00:00;52161;HL;низ;4504,170;4569,720;23,825;3;1
3/3;7889;2026-05-24 23:00:00;52163;HH;верх;4580,210;4561,430;76,040;2;1
3/3;7890;2026-05-25 06:00:00;52170;HL;низ;4550,550;4567,620;29,660;7;1
3/3;7891;2026-05-25 11:00:00;52175;LH;верх;4577,115;4566,985;26,565;5;1
3/3;7892;2026-05-25 12:00:00;52176;HL;низ;4553,120;4571,060;23,995;1;1
3/3;7893;2026-05-25 23:00:00;52184;HH;верх;4580,245;4532,445;27,125;8;2
3/3;7894;2026-05-26 18:00:00;52203;LL;низ;4482,620;4511,130;97,625;19;2
3/3;7895;2026-05-26 23:00:00;52207;LH;верх;4528,050;4505,960;45,430;4;1
3/3;7896;2026-05-27 13:00:00;52221;LL;низ;4401,630;4450,800;126,420;14;1
3/3;7897;2026-05-27 22:00:00;52229;LH;верх;4462,580;4410,105;60,950;8;1
3/3;7898;2026-05-28 04:00:00;52235;LL;низ;4366,230;4387,745;96,350;6;2
3/3;7899;2026-05-28 18:00:00;52249;HH;верх;4516,630;4491,220;150,400;14;1
3/3;7900;2026-05-28 23:00:00;52253;HL;низ;4488,975;4501,785;27,655;4;1
3/3;7901;2026-05-29 10:00:00;52264;HH;верх;4543,310;4536,725;54,335;11;2
3/3;7902;2026-05-29 12:00:00;52266;HL;низ;4512,730;4571,250;30,580;2;1
3/3;7903;2026-05-29 15:00:00;52269;HH;верх;4595,330;4553,245;82,600;3;1
3/3;7904;2026-06-01 09:00:00;52286;LL;низ;4489,095;4502,215;106,235;17;2
3/3;7905;2026-06-01 11:00:00;52288;LH;верх;4513,080;4458,810;23,985;2;1
3/3;7906;2026-06-01 14:00:00;52291;LL;низ;4447,860;4487,460;65,220;3;1
3/3;7907;2026-06-01 17:00:00;52294;LH;верх;4495,540;4484,725;47,680;3;1
3/3;7908;2026-06-02 01:00:00;52301;HL;низ;4463,010;4517,450;32,530;7;1
3/3;7909;2026-06-02 07:00:00;52307;HH;верх;4541,630;4533,280;78,620;6;1
3/3;7910;2026-06-02 23:00:00;52322;LL;низ;4462,290;4481,895;79,340;15;2
3/3;7911;2026-06-03 00:00:00;52323;LH;верх;4496,885;4484,475;34,595;1;2
3/3;7912;2026-06-03 09:00:00;52332;LL;низ;4439,090;4460,365;57,795;9;1
3/3;7913;2026-06-03 11:00:00;52334;LH;верх;4468,190;4457,240;29,100;2;1
3/3;7914;2026-06-03 22:00:00;52344;LL;низ;4423,965;4465,910;44,225;10;2
3/3;7915;2026-06-04 04:00:00;52350;HH;верх;4484,055;4461,795;60,090;6;1
3/3;7916;2026-06-04 08:00:00;52354;HL;низ;4458,665;4511,620;25,390;4;1
3/3;7917;2026-06-04 13:00:00;52359;HH;верх;4515,515;4482,855;56,850;5;1
3/3;7918;2026-06-05 06:00:00;52375;LL;низ;4428,720;4465,025;86,795;16;2
3/3;7919;2026-06-05 12:00:00;52381;LH;верх;4475,885;4335,645;47,165;6;2
3/3;7920;2026-06-08 05:00:00;52397;LL;низ;4268,480;4288,820;207,405;16;3
3/3;7921;2026-06-08 13:00:00;52405;LH;верх;4346,880;4340,775;78,400;8;1
3/3;7922;2026-06-08 23:00:00;52414;HL;низ;4312,960;4336,275;33,920;9;1
3/3;7923;2026-06-09 05:00:00;52420;HH;верх;4351,560;4326,695;38,600;6;1
3/3;7924;2026-06-09 08:00:00;52423;HL;низ;4321,320;4340,020;30,240;3;1
3/3;7925;2026-06-09 13:00:00;52428;HH;верх;4363,720;4252,165;42,400;5;1
3/3;7926;2026-06-10 04:00:00;52442;LL;низ;4172,565;4186,085;191,155;14;2
3/3;7927;2026-06-10 06:00:00;52444;LH;верх;4222,005;4168,750;49,440;2;2
3/3;7928;2026-06-10 23:00:00;52460;LL;низ;4023,870;4068,030;198,135;16;1
3/3;7929;2026-06-11 01:00:00;52462;LH;верх;4118,395;4082,930;94,525;2;2
3/3;7930;2026-06-11 14:00:00;52475;HL;низ;4052,975;4151,895;65,420;13;1
3/3;7931;2026-06-11 22:00:00;52482;HH;верх;4246,715;4186,710;193,740;7;1
3/3;7932;2026-06-12 07:00:00;52491;HL;низ;4170,290;4211,055;76,425;9;2
3/3;7933;2026-06-12 09:00:00;52493;LH;верх;4228,070;4191,760;57,780;2;1
3/3;7934;2026-06-12 14:00:00;52498;HL;низ;4177,250;4221,515;50,820;5;1
3/3;7935;2026-06-12 15:00:00;52499;HH;верх;4235,690;4215,625;58,440;1;1
3/3;7936;2026-06-12 19:00:00;52503;HL;низ;4201,820;4294,040;33,870;4;1
3/3;7937;2026-06-15 02:00:00;52509;HH;верх;4335,570;4310,135;133,750;6;1
