слой;№;время;бар;подпись;сторона;цена колена;цена сейчас;нога;баров от предыдущего;мутность
2/2;0;2017-07-26 06:00:00;3;?;низ;1243,821;1245,363;0,000;0;2
2/2;1;2017-07-27 03:00:00;23;?;верх;1265,046;1263,270;21,225;20;3
2/2;2;2017-07-27 08:00:00;28;HL;низ;1260,916;1262,449;4,130;5;1
2/2;3;2017-07-27 12:00:00;32;HH;верх;1265,366;1257,818;4,450;4;1
2/2;4;2017-07-27 16:00:00;36;LL;низ;1254,584;1261,038;10,782;4;1
2/2;5;2017-07-27 18:00:00;38;LH;верх;1262,504;1259,201;7,920;2;1
2/2;6;2017-07-27 20:00:00;40;HL;низ;1257,934;1260,191;4,570;2;1
2/2;7;2017-07-28 00:00:00;43;LH;верх;1261,099;1259,703;3,165;3;1
2/2;8;2017-07-28 04:00:00;47;LL;низ;1257,459;1259,001;3,640;4;1
2/2;9;2017-07-28 07:00:00;50;LH;верх;1260,606;1259,344;3,147;3;1
2/2;10;2017-07-28 11:00:00;54;HL;низ;1258,219;1265,685;2,387;4;1
2/2;11;2017-07-28 18:00:00;61;HH;верх;1270,962;1269,560;12,743;7;2
2/2;12;2017-07-28 18:00:00;61;HL;низ;1268,314;1269,560;2,648;0;1
2/2;13;2017-07-30 22:00:00;64;HH;верх;1271,232;1269,475;2,918;3;1
2/2;14;2017-07-31 04:00:00;70;LL;низ;1267,076;1267,886;4,156;6;1
2/2;15;2017-07-31 06:00:00;72;LH;верх;1269,496;1267,120;2,420;2;1
2/2;16;2017-07-31 07:00:00;73;LL;низ;1265,877;1267,632;3,619;1;1
2/2;17;2017-07-31 11:00:00;77;LH;верх;1269,420;1268,091;3,543;4;1
2/2;18;2017-07-31 13:00:00;79;HL;низ;1266,498;1268,274;2,922;2;1
2/2;19;2017-07-31 15:00:00;81;HH;верх;1269,896;1267,455;3,398;2;1
2/2;20;2017-07-31 17:00:00;83;HL;низ;1267,062;1269,748;2,834;2;1
2/2;21;2017-07-31 20:00:00;86;HH;верх;1270,401;1267,610;3,339;3;1
2/2;22;2017-08-01 00:00:00;89;HL;низ;1267,148;1270,068;3,253;3;1
2/2;23;2017-08-01 04:00:00;93;HH;верх;1270,852;1268,271;3,704;4;2
2/2;24;2017-08-01 12:00:00;101;LL;низ;1262,556;1272,950;8,296;8;1
2/2;25;2017-08-01 14:00:00;103;HH;верх;1274,204;1272,838;11,648;2;3
2/2;26;2017-08-02 04:00:00;116;HL;низ;1264,228;1267,301;9,976;13;1
2/2;27;2017-08-02 07:00:00;119;LH;верх;1267,850;1265,965;3,622;3;1
2/2;28;2017-08-02 12:00:00;124;LL;низ;1262,998;1270,678;4,852;5;1
2/2;29;2017-08-02 17:00:00;129;HH;верх;1272,948;1266,734;9,950;5;1
2/2;30;2017-08-02 23:00:00;134;LL;низ;1256,248;1263,812;16,700;5;1
2/2;31;2017-08-03 02:00:00;137;LH;верх;1264,350;1262,509;8,102;3;1
2/2;32;2017-08-03 03:00:00;138;HL;низ;1261,710;1262,678;2,640;1;1
2/2;33;2017-08-03 06:00:00;141;LH;верх;1263,354;1262,126;1,644;3;1
2/2;34;2017-08-03 07:00:00;142;LL;низ;1259,974;1263,448;3,380;1;1
2/2;35;2017-08-03 19:00:00;154;HH;верх;1270,880;1268,725;10,906;12;3
2/2;36;2017-08-04 02:00:00;160;HL;низ;1267,338;1268,207;3,542;6;1
2/2;37;2017-08-04 07:00:00;165;LH;верх;1270,281;1269,541;2,943;5;2
2/2;38;2017-08-04 14:00:00;172;LL;низ;1254,271;1257,422;16,010;7;1
2/2;39;2017-08-04 20:00:00;178;LH;верх;1259,645;1257,438;5,374;6;1
2/2;40;2017-08-06 23:00:00;180;HL;низ;1256,596;1258,572;3,049;2;1
2/2;41;2017-08-07 02:00:00;183;LH;верх;1259,130;1258,191;2,534;3;1
2/2;42;2017-08-07 06:00:00;187;HL;низ;1257,232;1258,166;1,898;4;1
2/2;43;2017-08-07 07:00:00;188;LH;верх;1258,684;1257,348;1,452;1;1
2/2;44;2017-08-07 12:00:00;193;LL;низ;1255,829;1257,979;2,855;5;1
2/2;45;2017-08-07 17:00:00;198;HH;верх;1260,039;1257,271;4,210;5;1
2/2;46;2017-08-07 22:00:00;202;HL;низ;1257,076;1258,312;2,963;4;1
2/2;47;2017-08-08 02:00:00;206;HH;верх;1261,054;1260,212;3,978;4;1
2/2;48;2017-08-08 07:00:00;211;HL;низ;1259,222;1260,872;1,832;5;1
2/2;49;2017-08-08 10:00:00;214;HH;верх;1265,346;1262,322;6,124;3;1
2/2;50;2017-08-08 15:00:00;219;LL;низ;1251,614;1256,539;13,732;5;1
2/2;51;2017-08-08 19:00:00;223;LH;верх;1263,054;1262,088;11,440;4;1
2/2;52;2017-08-08 19:00:00;223;HL;низ;1253,820;1262,088;9,234;0;1
2/2;53;2017-08-09 08:00:00;235;HH;верх;1269,241;1267,044;15,421;12;2
2/2;54;2017-08-09 10:00:00;237;HL;низ;1266,630;1274,953;2,611;2;1
2/2;55;2017-08-09 18:00:00;245;HH;верх;1278,788;1277,384;12,158;8;3
2/2;56;2017-08-10 00:00:00;250;HL;низ;1274,745;1276,827;4,043;5;1
2/2;57;2017-08-10 07:00:00;257;HH;верх;1280,668;1279,176;5,923;7;1
2/2;58;2017-08-10 08:00:00;258;HL;низ;1277,838;1280,897;2,830;1;1
2/2;59;2017-08-10 14:00:00;264;HH;верх;1287,925;1284,338;10,087;6;1
2/2;60;2017-08-10 16:00:00;266;HL;низ;1283,709;1285,104;4,216;2;1
2/2;61;2017-08-11 01:00:00;274;HH;верх;1289,112;1286,125;5,403;8;1
2/2;62;2017-08-11 01:00:00;274;HL;низ;1283,968;1286,125;5,144;0;2
2/2;63;2017-08-11 12:00:00;285;HH;верх;1292,354;1285,849;8,386;11;2
2/2;64;2017-08-11 13:00:00;286;LL;низ;1281,356;1287,809;10,998;1;1
2/2;65;2017-08-11 19:00:00;292;LH;верх;1291,842;1288,626;10,486;6;1
2/2;66;2017-08-14 01:00:00;297;HL;низ;1285,472;1288,082;6,370;5;1
2/2;67;2017-08-14 03:00:00;299;LH;верх;1289,661;1286,203;4,189;2;2
2/2;68;2017-08-14 11:00:00;307;LL;низ;1278,685;1282,376;10,976;8;2
2/2;69;2017-08-14 16:00:00;312;LH;верх;1285,631;1282,364;6,946;5;1
2/2;70;2017-08-15 01:00:00;320;LL;низ;1272,407;1275,696;13,224;8;3
2/2;71;2017-08-15 07:00:00;326;LH;верх;1276,254;1274,082;3,847;6;1
2/2;72;2017-08-15 13:00:00;332;LL;низ;1267,397;1273,388;8,857;6;1
2/2;73;2017-08-15 17:00:00;336;LH;верх;1275,176;1272,478;7,779;4;1
2/2;74;2017-08-15 20:00:00;339;HL;низ;1271,129;1272,999;4,047;3;2
2/2;75;2017-08-16 02:00:00;344;LH;верх;1274,152;1273,415;3,023;5;1
2/2;76;2017-08-16 13:00:00;355;LL;низ;1267,734;1273,748;6,418;11;2
2/2;77;2017-08-17 01:00:00;366;HH;верх;1289,504;1287,333;21,770;11;2
2/2;78;2017-08-17 06:00:00;371;HL;низ;1286,262;1287,170;3,242;5;1
2/2;79;2017-08-17 07:00:00;372;HH;верх;1290,253;1285,419;3,991;1;1
2/2;80;2017-08-17 11:00:00;376;LL;низ;1283,126;1286,497;7,127;4;1
2/2;81;2017-08-17 14:00:00;379;LH;верх;1289,706;1286,968;6,580;3;1
2/2;82;2017-08-17 14:00:00;379;LL;низ;1281,254;1286,968;8,452;0;1
2/2;83;2017-08-17 23:00:00;387;LH;верх;1289,462;1287,884;8,208;8;1
2/2;84;2017-08-18 01:00:00;389;HL;низ;1285,996;1287,175;3,466;2;2
2/2;85;2017-08-18 13:00:00;401;HH;верх;1300,926;1289,097;14,930;12;2
2/2;86;2017-08-20 23:00:00;410;LL;низ;1280,613;1285,739;20,313;9;3
2/2;87;2017-08-21 08:00:00;419;LH;верх;1289,279;1287,470;8,666;9;1
2/2;88;2017-08-21 10:00:00;421;HL;низ;1286,719;1288,304;2,560;2;1
2/2;89;2017-08-21 13:00:00;424;HH;верх;1294,081;1289,800;7,362;3;1
2/2;90;2017-08-21 16:00:00;427;HL;низ;1288,831;1291,618;5,250;3;1
2/2;91;2017-08-21 18:00:00;429;LH;верх;1293,325;1291,988;4,494;2;2
2/2;92;2017-08-22 07:00:00;441;LL;низ;1283,148;1285,412;10,177;12;2
2/2;93;2017-08-22 13:00:00;447;LH;верх;1291,230;1287,149;8,082;6;1
2/2;94;2017-08-22 14:00:00;448;LL;низ;1282,053;1286,369;9,177;1;3
2/2;95;2017-08-23 07:00:00;464;LH;верх;1287,348;1287,128;5,295;16;2
2/2;96;2017-08-23 07:00:00;464;HL;низ;1284,974;1287,128;2,374;0;1
2/2;97;2017-08-23 12:00:00;469;HH;верх;1291,598;1289,247;6,624;5;1
2/2;98;2017-08-23 15:00:00;472;HL;низ;1286,798;1289,423;4,800;3;1
2/2;99;2017-08-23 23:00:00;479;LH;верх;1291,298;1288,410;4,500;7;1
2/2;100;2017-08-24 02:00:00;482;HL;низ;1287,162;1288,672;4,136;3;1
2/2;101;2017-08-24 05:00:00;485;LH;верх;1290,234;1287,511;3,072;3;1
2/2;102;2017-08-24 08:00:00;488;LL;низ;1284,492;1286,594;5,742;3;2
2/2;103;2017-08-24 13:00:00;493;HH;верх;1290,249;1287,542;5,757;5;1
2/2;104;2017-08-24 14:00:00;494;HL;низ;1284,881;1287,354;5,368;1;3
2/2;105;2017-08-25 00:00:00;503;LH;верх;1287,198;1286,341;2,317;9;1
2/2;106;2017-08-25 06:00:00;509;HL;низ;1285,962;1287,560;1,236;6;1
2/2;107;2017-08-25 13:00:00;516;HH;верх;1295,152;1290,567;9,190;7;2
2/2;108;2017-08-25 13:00:00;516;LL;низ;1276,196;1290,567;18,956;0;2
2/2;109;2017-08-28 02:00:00;528;LH;верх;1294,997;1294,315;18,801;12;2
2/2;110;2017-08-28 04:00:00;530;HL;низ;1293,964;1298,085;1,033;2;1
2/2;111;2017-08-28 22:00:00;547;HH;верх;1324,967;1315,990;31,003;17;2
2/2;112;2017-08-29 01:00:00;550;HL;низ;1314,057;1316,584;10,910;3;2
2/2;113;2017-08-29 08:00:00;557;HH;верх;1326,132;1320,019;12,075;7;1
2/2;114;2017-08-29 09:00:00;558;HL;низ;1318,931;1320,698;7,201;1;1
2/2;115;2017-08-29 12:00:00;561;LH;верх;1324,355;1319,381;5,424;3;1
2/2;116;2017-08-29 19:00:00;568;LL;низ;1305,060;1311,750;19,295;7;1
2/2;117;2017-08-29 22:00:00;570;LH;верх;1312,001;1309,181;6,941;2;1
2/2;118;2017-08-29 23:00:00;571;HL;низ;1307,728;1311,985;4,273;1;1
2/2;119;2017-08-30 03:00:00;575;HH;верх;1313,533;1310,594;5,805;4;1
2/2;120;2017-08-30 06:00:00;578;LL;низ;1306,368;1310,199;7,165;3;1
2/2;121;2017-08-30 10:00:00;582;HH;верх;1313,777;1307,697;7,409;4;1
2/2;122;2017-08-30 12:00:00;584;LL;низ;1305,206;1308,088;8,571;2;1
2/2;123;2017-08-30 16:00:00;588;LH;верх;1310,508;1307,516;5,302;4;1
2/2;124;2017-08-30 18:00:00;590;HL;низ;1306,756;1308,810;3,752;2;1
2/2;125;2017-08-30 22:00:00;593;LH;верх;1309,178;1307,495;2,422;3;1
2/2;126;2017-08-31 01:00:00;596;LL;низ;1297,876;1303,186;11,302;3;2
2/2;127;2017-08-31 08:00:00;603;LH;верх;1308,287;1307,078;10,411;7;1
2/2;128;2017-08-31 10:00:00;605;HL;низ;1305,059;1309,088;3,228;2;1
2/2;129;2017-08-31 19:00:00;614;HH;верх;1323,690;1320,700;18,631;9;2
2/2;130;2017-09-01 07:00:00;625;HL;низ;1317,806;1318,486;5,884;11;2
2/2;131;2017-09-01 12:00:00;630;HH;верх;1329,053;1321,871;11,247;5;1
2/2;132;2017-09-01 14:00:00;632;LL;низ;1316,452;1322,526;12,601;2;1
2/2;133;2017-09-03 22:00:00;639;HH;верх;1339,127;1335,510;22,675;7;1
2/2;134;2017-09-04 01:00:00;642;HL;низ;1331,952;1333,705;7,175;3;1
2/2;135;2017-09-04 07:00:00;648;HH;верх;1340,038;1334,699;8,086;6;1
2/2;136;2017-09-04 08:00:00;649;HL;низ;1332,273;1334,765;7,765;1;1
2/2;137;2017-09-04 13:00:00;654;LH;верх;1336,012;1334,239;3,739;5;1
2/2;138;2017-09-04 23:00:00;659;HL;низ;1332,292;1335,758;3,720;5;2
2/2;139;2017-09-05 02:00:00;662;HH;верх;1338,703;1336,416;6,411;3;1
2/2;140;2017-09-05 08:00:00;668;LL;низ;1329,382;1332,447;9,321;6;1
2/2;141;2017-09-05 10:00:00;670;LH;верх;1334,114;1331,288;4,732;2;1
2/2;142;2017-09-05 11:00:00;671;LL;низ;1326,267;1334,278;7,847;1;1
2/2;143;2017-09-05 19:00:00;679;HH;верх;1344,421;1341,801;18,154;8;2
2/2;144;2017-09-06 04:00:00;687;HL;низ;1337,470;1338,210;6,951;8;1
2/2;145;2017-09-06 05:00:00;688;LH;верх;1339,656;1337,518;2,186;1;1
2/2;146;2017-09-06 07:00:00;690;LL;низ;1336,406;1339,812;3,250;2;1
2/2;147;2017-09-06 09:00:00;692;HH;верх;1342,005;1339,386;5,599;2;2
2/2;148;2017-09-06 18:00:00;701;LL;низ;1331,640;1334,159;10,365;9;2
2/2;149;2017-09-07 00:00:00;706;LH;верх;1336,060;1334,620;4,420;5;1
2/2;150;2017-09-07 06:00:00;712;HL;низ;1334,124;1338,816;1,936;6;2
2/2;151;2017-09-07 15:00:00;721;HH;верх;1349,484;1346,235;15,360;9;2
2/2;152;2017-09-07 16:00:00;722;HL;низ;1342,398;1345,400;7,086;1;1
2/2;153;2017-09-08 05:00:00;734;HH;верх;1357,624;1352,958;15,226;12;2
2/2;154;2017-09-08 09:00:00;738;HL;низ;1350,608;1353,201;7,016;4;1
2/2;155;2017-09-08 10:00:00;739;LH;верх;1355,496;1348,954;4,888;1;1
2/2;156;2017-09-08 14:00:00;743;LL;низ;1342,874;1346,980;12,622;4;1
2/2;157;2017-09-08 19:00:00;748;LH;верх;1348,114;1335,112;5,240;5;1
2/2;158;2017-09-10 23:00:00;751;LL;низ;1333,995;1336,770;14,119;3;1
2/2;159;2017-09-11 01:00:00;753;LH;верх;1338,913;1337,714;4,918;2;1
2/2;160;2017-09-11 07:00:00;759;HL;низ;1334,413;1338,245;4,500;6;1
2/2;161;2017-09-11 09:00:00;761;HH;верх;1339,161;1336,068;4,748;2;1
2/2;162;2017-09-11 19:00:00;771;LL;низ;1326,430;1328,921;12,731;10;2
2/2;163;2017-09-11 23:00:00;774;LH;верх;1329,280;1325,800;2,850;3;1
2/2;164;2017-09-12 04:00:00;779;LL;низ;1323,333;1326,371;5,947;5;1
2/2;165;2017-09-12 08:00:00;783;LH;верх;1328,774;1323,768;5,441;4;1
2/2;166;2017-09-12 10:00:00;785;LL;низ;1322,678;1325,580;6,096;2;1
2/2;167;2017-09-12 12:00:00;787;HH;верх;1329,404;1327,425;6,726;2;1
2/2;168;2017-09-12 16:00:00;791;HL;низ;1325,296;1331,024;4,108;4;1
2/2;169;2017-09-12 22:00:00;796;HH;верх;1334,856;1330,898;9,560;5;1
2/2;170;2017-09-13 01:00:00;799;HL;низ;1329,573;1331,811;5,283;3;1
2/2;171;2017-09-13 02:00:00;800;LH;верх;1333,326;1331,024;3,753;1;1
2/2;172;2017-09-13 05:00:00;803;LL;низ;1329,418;1332,362;3,908;3;1
2/2;173;2017-09-13 10:00:00;808;HH;верх;1334,745;1331,729;5,327;5;1
2/2;174;2017-09-13 15:00:00;813;LL;низ;1320,898;1323,643;13,847;5;1
2/2;175;2017-09-13 17:00:00;815;LH;верх;1324,916;1321,730;4,018;2;2
2/2;176;2017-09-14 00:00:00;821;LL;низ;1319,208;1321,591;5,708;6;2
2/2;177;2017-09-14 12:00:00;833;HH;верх;1327,861;1324,896;8,653;12;2
2/2;178;2017-09-14 12:00:00;833;LL;низ;1315,683;1324,896;12,178;0;1
2/2;179;2017-09-14 23:00:00;843;HH;верх;1334,467;1330,890;18,784;10;2
2/2;180;2017-09-15 11:00:00;855;HL;низ;1321,464;1324,814;13,003;12;2
2/2;181;2017-09-15 13:00:00;857;LH;верх;1327,546;1323,299;6,082;2;1
2/2;182;2017-09-17 23:00:00;866;LL;низ;1314,418;1318,941;13,128;9;2
2/2;183;2017-09-18 02:00:00;869;LH;верх;1319,731;1317,968;5,313;3;1
2/2;184;2017-09-18 18:00:00;885;LL;низ;1304,706;1307,458;15,025;16;2
2/2;185;2017-09-19 00:00:00;890;LH;верх;1309,548;1307,407;4,842;5;2
2/2;186;2017-09-19 02:00:00;892;HL;низ;1306,324;1307,330;3,224;2;1
2/2;187;2017-09-19 03:00:00;893;HH;верх;1309,967;1307,207;3,643;1;1
2/2;188;2017-09-19 05:00:00;895;HL;низ;1306,398;1309,562;3,569;2;1
2/2;189;2017-09-19 07:00:00;897;LH;верх;1309,851;1308,167;3,453;2;1
2/2;190;2017-09-19 11:00:00;901;HL;низ;1306,818;1310,378;3,033;4;1
2/2;191;2017-09-19 14:00:00;904;HH;верх;1310,928;1306,622;4,110;3;1
2/2;192;2017-09-19 16:00:00;906;LL;низ;1305,186;1309,671;5,742;2;1
2/2;193;2017-09-19 19:00:00;909;HH;верх;1311,795;1310,821;6,609;3;1
2/2;194;2017-09-20 01:00:00;914;HL;низ;1309,732;1312,194;2,063;5;1
2/2;195;2017-09-20 02:00:00;915;HH;верх;1313,042;1312,610;3,310;1;1
2/2;196;2017-09-20 07:00:00;920;HL;низ;1311,664;1315,065;1,378;5;1
2/2;197;2017-09-20 09:00:00;922;HH;верх;1316,148;1314,474;4,484;2;1
2/2;198;2017-09-20 13:00:00;926;LL;низ;1310,950;1311,726;5,198;4;1
2/2;199;2017-09-20 18:00:00;931;HH;верх;1316,292;1301,122;5,342;5;2
2/2;200;2017-09-21 07:00:00;943;LL;низ;1293,359;1296,336;22,933;12;3
2/2;201;2017-09-21 08:00:00;944;LH;верх;1298,646;1293,842;5,287;1;1
2/2;202;2017-09-21 12:00:00;948;LL;низ;1288,150;1289,984;10,496;4;1
2/2;203;2017-09-21 16:00:00;952;LH;верх;1295,180;1290,473;7,030;4;1
2/2;204;2017-09-21 18:00:00;954;HL;низ;1290,252;1291,409;4,928;2;2
2/2;205;2017-09-22 04:00:00;963;HH;верх;1298,868;1297,878;8,616;9;1
2/2;206;2017-09-22 12:00:00;971;HL;низ;1293,454;1297,030;5,414;8;1
2/2;207;2017-09-22 14:00:00;973;LH;верх;1298,530;1294,847;5,076;2;1
2/2;208;2017-09-22 17:00:00;976;HL;низ;1294,158;1296,989;4,372;3;1
2/2;209;2017-09-24 22:00:00;980;LH;верх;1298,034;1292,199;3,876;4;1
2/2;210;2017-09-24 23:00:00;981;LL;низ;1289,099;1292,605;8,935;1;1
2/2;211;2017-09-25 01:00:00;983;LH;верх;1294,120;1293,576;5,021;2;1
2/2;212;2017-09-25 03:00:00;985;HL;низ;1291,544;1293,235;2,576;2;1
2/2;213;2017-09-25 04:00:00;986;HH;верх;1294,737;1292,113;3,193;1;1
2/2;214;2017-09-25 07:00:00;989;LL;низ;1290,926;1295,301;3,811;3;1
2/2;215;2017-09-25 09:00:00;991;HH;верх;1296,548;1293,827;5,622;2;1
2/2;216;2017-09-25 12:00:00;994;LL;низ;1290,843;1298,443;5,705;3;1
2/2;217;2017-09-25 20:00:00;1002;HH;верх;1312,508;1308,442;21,665;8;2
2/2;218;2017-09-25 22:00:00;1003;HL;низ;1307,424;1309,877;5,084;1;1
2/2;219;2017-09-26 03:00:00;1008;HH;верх;1313,809;1311,374;6,385;5;1
2/2;220;2017-09-27 00:00:00;1028;LL;низ;1290,773;1295,420;23,036;20;4
2/2;221;2017-09-27 01:00:00;1029;LH;верх;1296,344;1294,736;5,571;1;2
2/2;222;2017-09-27 08:00:00;1036;LL;низ;1285,542;1290,068;10,802;7;1
2/2;223;2017-09-27 10:00:00;1038;LH;верх;1294,058;1284,385;8,516;2;1
2/2;224;2017-09-27 12:00:00;1040;LL;низ;1282,544;1287,372;11,514;2;1
2/2;225;2017-09-27 15:00:00;1043;LH;верх;1289,337;1284,440;6,793;3;1
2/2;226;2017-09-27 20:00:00;1048;LL;низ;1281,580;1283,598;7,757;5;1
2/2;227;2017-09-28 00:00:00;1051;LH;верх;1285,024;1283,573;3,444;3;1
2/2;228;2017-09-28 06:00:00;1057;LL;низ;1277,806;1282,110;7,218;6;1
2/2;229;2017-09-28 12:00:00;1063;HH;верх;1286,342;1283,765;8,536;6;1
2/2;230;2017-09-28 14:00:00;1065;HL;низ;1282,108;1287,419;4,234;2;1
2/2;231;2017-09-28 18:00:00;1069;HH;верх;1288,746;1287,441;6,638;4;2
2/2;232;2017-09-29 06:00:00;1080;HL;низ;1283,632;1287,387;5,114;11;2
2/2;233;2017-09-29 12:00:00;1086;HH;верх;1290,503;1285,182;6,871;6;2
2/2;234;2017-10-02 00:00:00;1097;LL;низ;1274,277;1275,040;16,226;11;3
2/2;235;2017-10-02 04:00:00;1101;LH;верх;1275,790;1274,349;1,513;4;1
2/2;236;2017-10-02 07:00:00;1104;LL;низ;1271,204;1273,088;4,586;3;2
2/2;237;2017-10-02 14:00:00;1111;HH;верх;1277,346;1274,408;6,142;7;1
2/2;238;2017-10-02 20:00:00;1117;LL;низ;1269,770;1271,225;7,576;6;2
2/2;239;2017-10-03 00:00:00;1120;LH;верх;1273,068;1270,006;3,298;3;1
2/2;240;2017-10-03 01:00:00;1121;LL;низ;1268,418;1269,700;4,650;1;2
2/2;241;2017-10-03 06:00:00;1126;LH;верх;1272,546;1270,359;4,128;5;1
2/2;242;2017-10-03 12:00:00;1132;HL;низ;1269,306;1273,392;3,240;6;1
2/2;243;2017-10-03 15:00:00;1135;HH;верх;1274,784;1272,119;5,478;3;1
2/2;244;2017-10-03 20:00:00;1140;HL;низ;1270,654;1272,543;4,130;5;1
2/2;245;2017-10-04 06:00:00;1149;HH;верх;1278,700;1275,630;8,046;9;2
2/2;246;2017-10-04 08:00:00;1151;HL;низ;1275,034;1279,768;3,666;2;1
2/2;247;2017-10-04 12:00:00;1155;HH;верх;1282,320;1275,184;7,286;4;1
2/2;248;2017-10-04 14:00:00;1157;LL;низ;1270,588;1273,743;11,732;2;1
2/2;249;2017-10-04 19:00:00;1162;LH;верх;1276,352;1274,934;5,764;5;1
2/2;250;2017-10-05 00:00:00;1166;HL;низ;1273,112;1274,747;3,240;4;1
2/2;251;2017-10-05 01:00:00;1167;LH;верх;1275,310;1274,554;2,198;1;1
2/2;252;2017-10-05 06:00:00;1172;HL;низ;1273,375;1278,552;1,935;5;1
2/2;253;2017-10-05 09:00:00;1175;HH;верх;1279,026;1276,776;5,651;3;1
2/2;254;2017-10-05 20:00:00;1186;LL;низ;1266,498;1269,166;12,528;11;1
2/2;255;2017-10-06 01:00:00;1190;LH;верх;1269,767;1268,418;3,269;4;1
2/2;256;2017-10-06 13:00:00;1202;LL;низ;1260,668;1274,567;9,099;12;2
2/2;257;2017-10-09 06:00:00;1218;HH;верх;1285,592;1282,425;24,924;16;4
2/2;258;2017-10-09 07:00:00;1219;HL;низ;1279,676;1282,515;5,916;1;1
2/2;259;2017-10-09 11:00:00;1223;LH;верх;1284,170;1281,371;4,494;4;1
2/2;260;2017-10-09 14:00:00;1226;LL;низ;1279,464;1281,427;4,706;3;1
2/2;261;2017-10-09 19:00:00;1231;HH;верх;1285,260;1283,918;5,796;5;1
2/2;262;2017-10-10 00:00:00;1235;HL;низ;1282,210;1286,647;3,050;4;1
2/2;263;2017-10-10 01:00:00;1236;HH;верх;1288,348;1286,720;6,138;1;1
2/2;264;2017-10-10 05:00:00;1240;HL;низ;1285,722;1287,022;2,626;4;2
2/2;265;2017-10-10 15:00:00;1250;HH;верх;1294,306;1289,674;8,584;10;1
2/2;266;2017-10-10 20:00:00;1255;HL;низ;1287,782;1289,715;6,524;5;1
2/2;267;2017-10-11 01:00:00;1259;LH;верх;1291,738;1287,568;3,956;4;1
2/2;268;2017-10-11 02:00:00;1260;LL;низ;1286,745;1287,571;4,993;1;2
2/2;269;2017-10-11 08:00:00;1266;LH;верх;1290,566;1289,835;3,821;6;1
2/2;270;2017-10-11 11:00:00;1269;HL;низ;1288,615;1289,581;1,951;3;1
2/2;271;2017-10-11 12:00:00;1270;HH;верх;1291,409;1288,696;2,794;1;1
2/2;272;2017-10-11 17:00:00;1275;LL;низ;1284,644;1292,748;6,765;5;1
2/2;273;2017-10-12 07:00:00;1288;HH;верх;1297,565;1293,972;12,921;13;3
2/2;274;2017-10-12 09:00:00;1290;HL;низ;1293,782;1295,106;3,783;2;1
2/2;275;2017-10-12 11:00:00;1292;LH;верх;1296,388;1291,293;2,606;2;1
2/2;276;2017-10-12 14:00:00;1295;LL;низ;1289,710;1293,295;6,678;3;1
2/2;277;2017-10-12 17:00:00;1298;LH;верх;1295,312;1293,568;5,602;3;1
2/2;278;2017-10-12 19:00:00;1300;HL;низ;1292,795;1294,468;2,516;2;1
2/2;279;2017-10-13 06:00:00;1310;HH;верх;1298,516;1294,604;5,721;10;2
2/2;280;2017-10-13 12:00:00;1316;LL;низ;1291,084;1299,337;7,432;6;1
2/2;281;2017-10-16 00:00:00;1327;HH;верх;1304,690;1302,628;13,606;11;2
2/2;282;2017-10-16 01:00:00;1328;HL;низ;1301,128;1302,529;3,562;1;1
2/2;283;2017-10-16 11:00:00;1338;HH;верх;1306,138;1304,122;5,010;10;2
2/2;284;2017-10-16 19:00:00;1346;LL;низ;1290,581;1295,793;15,557;8;2
2/2;285;2017-10-16 22:00:00;1348;LH;верх;1296,375;1293,865;5,794;2;1
2/2;286;2017-10-17 15:00:00;1365;LL;низ;1281,414;1285,188;14,961;17;3
2/2;287;2017-10-17 18:00:00;1368;LH;верх;1287,576;1285,131;6,162;3;1
2/2;288;2017-10-17 22:00:00;1371;HL;низ;1284,906;1286,688;2,670;3;1
2/2;289;2017-10-18 02:00:00;1375;HH;верх;1288,889;1286,485;3,983;4;1
2/2;290;2017-10-18 12:00:00;1385;LL;низ;1276,990;1280,881;11,899;10;1
2/2;291;2017-10-18 13:00:00;1386;LH;верх;1283,619;1281,114;6,629;1;3
2/2;292;2017-10-19 02:00:00;1398;LL;низ;1276,729;1277,819;6,890;12;2
2/2;293;2017-10-19 12:00:00;1408;HH;верх;1289,944;1287,788;13,215;10;1
2/2;294;2017-10-19 12:00:00;1408;HL;низ;1284,120;1287,788;5,824;0;1
2/2;295;2017-10-19 15:00:00;1411;HH;верх;1290,180;1288,101;6,060;3;1
2/2;296;2017-10-19 19:00:00;1415;HL;низ;1285,676;1290,161;4,504;4;1
2/2;297;2017-10-19 23:00:00;1418;HH;верх;1291,218;1284,641;5,542;3;1
2/2;298;2017-10-20 02:00:00;1421;LL;низ;1282,612;1283,356;8,606;3;1
2/2;299;2017-10-20 07:00:00;1426;LH;верх;1285,380;1280,779;2,768;5;1
2/2;300;2017-10-20 08:00:00;1427;LL;низ;1279,254;1282,175;6,126;1;1
2/2;301;2017-10-20 11:00:00;1430;LH;верх;1284,768;1282,049;5,514;3;1
2/2;302;2017-10-20 18:00:00;1437;LL;низ;1278,022;1280,368;6,746;7;2
2/2;303;2017-10-20 19:00:00;1438;LH;верх;1281,814;1277,778;3,792;1;1
2/2;304;2017-10-23 00:00:00;1442;LL;низ;1274,346;1276,143;7,468;4;1
2/2;305;2017-10-23 02:00:00;1444;LH;верх;1277,736;1276,492;3,390;2;2
2/2;306;2017-10-23 07:00:00;1449;LL;низ;1274,070;1275,004;3,666;5;1
2/2;307;2017-10-23 09:00:00;1451;LH;верх;1276,718;1275,402;2,648;2;1
2/2;308;2017-10-23 13:00:00;1455;LL;низ;1272,554;1278,880;4,164;4;1
2/2;309;2017-10-23 16:00:00;1458;HH;верх;1283,083;1279,866;10,529;3;1
2/2;310;2017-10-23 18:00:00;1460;HL;низ;1278,523;1282,032;4,560;2;1
2/2;311;2017-10-24 00:00:00;1465;HH;верх;1283,772;1282,534;5,249;5;2
2/2;312;2017-10-24 08:00:00;1473;LL;низ;1277,332;1278,497;6,440;8;2
2/2;313;2017-10-24 11:00:00;1476;LH;верх;1279,681;1276,615;2,349;3;1
2/2;314;2017-10-24 14:00:00;1479;LL;низ;1273,704;1276,532;5,977;3;1
2/2;315;2017-10-24 19:00:00;1484;HH;верх;1281,320;1276,703;7,616;5;1
2/2;316;2017-10-25 12:00:00;1500;LL;низ;1271,088;1276,018;10,232;16;4
2/2;317;2017-10-26 05:00:00;1516;HH;верх;1282,590;1277,094;11,502;16;4
2/2;318;2017-10-26 07:00:00;1518;HL;низ;1276,642;1277,985;5,948;2;1
2/2;319;2017-10-26 10:00:00;1521;LH;верх;1279,328;1278,009;2,686;3;1
2/2;320;2017-10-26 12:00:00;1523;LL;низ;1272,476;1273,895;6,852;2;1
2/2;321;2017-10-26 13:00:00;1524;HH;верх;1280,121;1273,785;7,645;1;1
2/2;322;2017-10-27 01:00:00;1535;LL;низ;1265,394;1268,053;14,727;11;2
2/2;323;2017-10-27 03:00:00;1537;LH;верх;1268,691;1267,489;3,297;2;1
2/2;324;2017-10-27 07:00:00;1541;LL;низ;1264,776;1267,921;3,915;4;1
2/2;325;2017-10-27 08:00:00;1542;HH;верх;1269,168;1267,371;4,392;1;1
2/2;326;2017-10-27 12:00:00;1546;LL;низ;1263,582;1269,496;5,586;4;1
2/2;327;2017-10-27 20:00:00;1554;HH;верх;1274,707;1272,448;11,125;8;2
2/2;328;2017-10-30 07:00:00;1564;HL;низ;1268,999;1271,158;5,708;10;2
2/2;329;2017-10-30 10:00:00;1567;LH;верх;1272,598;1270,207;3,599;3;1
2/2;330;2017-10-30 12:00:00;1569;HL;низ;1269,799;1273,321;2,799;2;1
2/2;331;2017-10-30 16:00:00;1573;HH;верх;1278,890;1276,096;9,091;4;1
2/2;332;2017-10-30 22:00:00;1578;HL;низ;1275,480;1276,293;3,410;5;1
2/2;333;2017-10-31 00:00:00;1580;LH;верх;1277,630;1276,120;2,150;2;1
2/2;334;2017-10-31 01:00:00;1581;LL;низ;1274,954;1275,728;2,676;1;1
2/2;335;2017-10-31 06:00:00;1586;HH;верх;1278,242;1276,330;3,288;5;1
2/2;336;2017-10-31 14:00:00;1594;LL;низ;1267,844;1269,437;10,398;8;2
2/2;337;2017-10-31 19:00:00;1599;LH;верх;1272,055;1270,553;4,211;5;1
2/2;338;2017-11-01 01:00:00;1604;HL;низ;1267,988;1270,130;4,067;5;1
2/2;339;2017-11-01 10:00:00;1613;HH;верх;1280,920;1275,234;12,932;9;2
2/2;340;2017-11-01 13:00:00;1616;HL;низ;1272,385;1276,726;8,535;3;1
2/2;341;2017-11-01 14:00:00;1617;LH;верх;1279,959;1276,820;7,574;1;2
2/2;342;2017-11-01 18:00:00;1621;HL;низ;1273,539;1274,654;6,420;4;1
2/2;343;2017-11-02 01:00:00;1627;HH;верх;1281,526;1280,204;7,987;6;1
2/2;344;2017-11-02 11:00:00;1637;LL;низ;1273,320;1277,315;8,206;10;1
2/2;345;2017-11-02 14:00:00;1640;HH;верх;1284,271;1276,527;10,951;3;1
2/2;346;2017-11-02 16:00:00;1642;HL;низ;1274,957;1277,585;9,314;2;1
2/2;347;2017-11-02 19:00:00;1645;LH;верх;1278,129;1277,581;3,172;3;1
2/2;348;2017-11-02 20:00:00;1646;HL;низ;1275,572;1277,803;2,557;1;1
2/2;349;2017-11-03 01:00:00;1650;HH;верх;1278,775;1276,775;3,203;4;1
2/2;350;2017-11-03 02:00:00;1651;HL;низ;1276,265;1277,322;2,510;1;1
2/2;351;2017-11-03 05:00:00;1654;LH;верх;1277,832;1275,006;1,567;3;1
2/2;352;2017-11-03 11:00:00;1660;LL;низ;1273,584;1277,179;4,248;6;2
2/2;353;2017-11-03 12:00:00;1661;HH;верх;1280,590;1266,537;7,006;1;1
2/2;354;2017-11-03 15:00:00;1664;LL;низ;1265,534;1268,322;15,056;3;1
2/2;355;2017-11-05 23:00:00;1670;LH;верх;1271,191;1268,546;5,657;6;1
2/2;356;2017-11-06 01:00:00;1672;HL;низ;1266,174;1269,583;5,017;2;1
2/2;357;2017-11-06 04:00:00;1675;LH;верх;1270,706;1268,867;4,532;3;1
2/2;358;2017-11-06 07:00:00;1678;HL;низ;1267,666;1270,583;3,040;3;1
2/2;359;2017-11-06 17:00:00;1688;HH;верх;1283,082;1280,797;15,416;10;2
2/2;360;2017-11-07 04:00:00;1698;HL;низ;1278,126;1278,821;4,956;10;2
2/2;361;2017-11-07 08:00:00;1702;LH;верх;1279,592;1277,082;1,466;4;1
2/2;362;2017-11-07 08:00:00;1702;LL;низ;1275,303;1277,082;4,289;0;1
2/2;363;2017-11-07 14:00:00;1708;HH;верх;1280,130;1275,547;4,827;6;1
2/2;364;2017-11-07 15:00:00;1709;LL;низ;1271,974;1275,035;8,156;1;1
2/2;365;2017-11-08 05:00:00;1722;LH;верх;1279,266;1277,707;7,292;13;2
2/2;366;2017-11-08 06:00:00;1723;HL;низ;1276,006;1278,947;3,260;1;1
2/2;367;2017-11-08 10:00:00;1727;HH;верх;1282,596;1280,830;6,590;4;1
2/2;368;2017-11-08 12:00:00;1729;HL;низ;1278,644;1285,093;3,952;2;1
2/2;369;2017-11-08 16:00:00;1733;HH;верх;1287,262;1283,290;8,618;4;1
2/2;370;2017-11-09 01:00:00;1741;HL;низ;1280,056;1281,337;7,206;8;2
2/2;371;2017-11-09 07:00:00;1747;LH;верх;1285,262;1283,863;5,206;6;1
2/2;372;2017-11-09 07:00:00;1747;HL;низ;1282,881;1283,863;2,381;0;1
2/2;373;2017-11-09 11:00:00;1751;HH;верх;1288,284;1285,660;5,403;4;1
2/2;374;2017-11-09 15:00:00;1755;LL;низ;1281,994;1286,959;6,290;4;1
2/2;375;2017-11-09 20:00:00;1760;HH;верх;1288,744;1286,123;6,750;5;1
2/2;376;2017-11-09 21:00:00;1761;HL;низ;1284,868;1286,903;3,876;1;1
2/2;377;2017-11-10 01:00:00;1764;LH;верх;1287,191;1285,854;2,323;3;2
2/2;378;2017-11-10 08:00:00;1771;LL;низ;1282,675;1284,707;4,516;7;1
2/2;379;2017-11-10 14:00:00;1777;LH;верх;1285,989;1275,856;3,314;6;1
2/2;380;2017-11-10 18:00:00;1781;LL;низ;1273,506;1275,774;12,483;4;1
2/2;381;2017-11-10 21:00:00;1784;LH;верх;1276,332;1275,598;2,826;3;1
2/2;382;2017-11-12 23:00:00;1785;HL;низ;1274,407;1276,331;1,925;1;1
2/2;383;2017-11-13 02:00:00;1788;HH;верх;1276,647;1275,772;2,240;3;1
2/2;384;2017-11-13 04:00:00;1790;HL;низ;1275,458;1276,787;1,189;2;1
2/2;385;2017-11-13 06:00:00;1792;HH;верх;1277,778;1277,089;2,320;2;1
2/2;386;2017-11-13 08:00:00;1794;HL;низ;1276,021;1278,868;1,757;2;1
2/2;387;2017-11-13 11:00:00;1797;HH;верх;1279,558;1277,459;3,537;3;1
2/2;388;2017-11-13 13:00:00;1799;HL;низ;1276,260;1278,867;3,298;2;1
2/2;389;2017-11-13 16:00:00;1802;HH;верх;1279,898;1278,977;3,638;3;1
2/2;390;2017-11-14 03:00:00;1812;LL;низ;1275,526;1276,851;4,372;10;1
2/2;391;2017-11-14 07:00:00;1816;LH;верх;1277,300;1273,292;1,774;4;1
2/2;392;2017-11-14 08:00:00;1817;LL;низ;1270,118;1272,170;7,182;1;2
2/2;393;2017-11-14 18:00:00;1827;HH;верх;1283,638;1280,330;13,520;10;2
2/2;394;2017-11-14 23:00:00;1831;HL;низ;1279,188;1282,091;4,450;4;1
2/2;395;2017-11-15 01:00:00;1833;LH;верх;1283,438;1281,749;4,250;2;1
2/2;396;2017-11-15 06:00:00;1838;HL;низ;1280,498;1283,995;2,940;5;1
2/2;397;2017-11-15 13:00:00;1845;HH;верх;1289,606;1278,503;9,108;7;2
2/2;398;2017-11-15 16:00:00;1848;LL;низ;1276,709;1278,255;12,897;3;1
2/2;399;2017-11-15 20:00:00;1852;LH;верх;1279,678;1279,524;2,969;4;1
2/2;400;2017-11-16 07:00:00;1862;LL;низ;1275,175;1277,928;4,503;10;2
2/2;401;2017-11-16 14:00:00;1869;HH;верх;1281,884;1279,921;6,709;7;2
2/2;402;2017-11-16 14:00:00;1869;HL;низ;1276,414;1279,921;5,470;0;3
2/2;403;2017-11-17 02:00:00;1880;HH;верх;1284,080;1282,745;7,666;11;1
2/2;404;2017-11-17 07:00:00;1885;HL;низ;1281,149;1283,320;2,931;5;1
2/2;405;2017-11-17 10:00:00;1888;HH;верх;1284,362;1282,150;3,213;3;1
2/2;406;2017-11-17 12:00:00;1890;HL;низ;1281,676;1285,444;2,686;2;1
2/2;407;2017-11-17 18:00:00;1896;HH;верх;1296,984;1293,762;15,308;6;1
2/2;408;2017-11-20 07:00:00;1908;HL;низ;1290,180;1291,678;6,804;12;1
2/2;409;2017-11-20 13:00:00;1914;LH;верх;1293,648;1285,409;3,468;6;2
2/2;410;2017-11-20 18:00:00;1919;LL;низ;1274,518;1277,307;19,130;5;1
2/2;411;2017-11-21 03:00:00;1927;LH;верх;1280,467;1279,835;5,949;8;1
2/2;412;2017-11-21 05:00:00;1929;HL;низ;1279,486;1280,036;0,982;2;1
2/2;413;2017-11-21 08:00:00;1932;HH;верх;1281,484;1280,279;1,998;3;1
2/2;414;2017-11-21 13:00:00;1937;LL;низ;1276,272;1281,626;5,212;5;1
2/2;415;2017-11-21 15:00:00;1939;HH;верх;1284,832;1282,354;8,560;2;1
2/2;416;2017-11-21 20:00:00;1944;HL;низ;1279,539;1282,011;5,293;5;1
2/2;417;2017-11-22 00:00:00;1947;LH;верх;1282,512;1279,466;2,973;3;1
2/2;418;2017-11-22 03:00:00;1950;LL;низ;1279,115;1281,723;3,397;3;1
2/2;419;2017-11-22 19:00:00;1966;HH;верх;1294,696;1292,209;15,581;16;2
2/2;420;2017-11-23 06:00:00;1976;HL;низ;1288,704;1289,879;5,992;10;1
2/2;421;2017-11-23 07:00:00;1977;LH;верх;1290,852;1288,580;2,148;1;1
2/2;422;2017-11-23 09:00:00;1979;LL;низ;1287,128;1291,795;3,724;2;1
2/2;423;2017-11-23 10:00:00;1980;HH;верх;1293,712;1291,591;6,584;1;1
2/2;424;2017-11-23 15:00:00;1985;HL;низ;1289,119;1291,203;4,593;5;2
2/2;425;2017-11-24 02:00:00;1991;LH;верх;1293,339;1291,882;4,220;6;1
2/2;426;2017-11-24 11:00:00;2000;LL;низ;1285,813;1288,413;7,526;9;1
2/2;427;2017-11-24 14:00:00;2003;LH;верх;1291,431;1288,347;5,618;3;1
2/2;428;2017-11-27 00:00:00;2009;HL;низ;1286,790;1289,591;4,641;6;3
2/2;429;2017-11-27 14:00:00;2023;HH;верх;1299,326;1295,697;12,536;14;1
2/2;430;2017-11-27 15:00:00;2024;HL;низ;1292,288;1295,598;7,038;1;2
2/2;431;2017-11-28 00:00:00;2032;LH;верх;1296,853;1293,900;4,565;8;1
2/2;432;2017-11-28 04:00:00;2036;HL;низ;1293,118;1293,953;3,736;4;1
2/2;433;2017-11-28 05:00:00;2037;LH;верх;1294,811;1293,013;1,693;1;1
2/2;434;2017-11-28 14:00:00;2046;LL;низ;1290,712;1295,786;4,099;9;2
2/2;435;2017-11-28 15:00:00;2047;HH;верх;1297,572;1294,564;6,860;1;1
2/2;436;2017-11-28 19:00:00;2051;HL;низ;1291,700;1293,576;5,872;4;2
2/2;437;2017-11-29 03:00:00;2058;LH;верх;1296,072;1295,151;4,372;7;1
2/2;438;2017-11-29 06:00:00;2061;HL;низ;1294,985;1296,073;1,087;3;1
2/2;439;2017-11-29 07:00:00;2062;HH;верх;1296,761;1294,594;1,776;1;1
2/2;440;2017-11-29 18:00:00;2073;LL;низ;1282,090;1285,105;14,671;11;1
2/2;441;2017-11-29 20:00:00;2075;LH;верх;1285,370;1284,190;3,280;2;1
2/2;442;2017-11-29 21:00:00;2076;HL;низ;1283,193;1284,861;2,177;1;1
2/2;443;2017-11-30 01:00:00;2079;HH;верх;1285,382;1284,302;2,189;3;1
2/2;444;2017-11-30 09:00:00;2087;LL;низ;1279,624;1281,279;5,758;8;2
2/2;445;2017-11-30 10:00:00;2088;LH;верх;1283,452;1280,650;3,828;1;1
2/2;446;2017-11-30 13:00:00;2091;LL;низ;1276,340;1279,463;7,112;3;1
2/2;447;2017-11-30 15:00:00;2093;LH;верх;1281,576;1271,676;5,236;2;1
2/2;448;2017-11-30 18:00:00;2096;LL;низ;1270,371;1274,924;11,205;3;1
2/2;449;2017-11-30 20:00:00;2098;LH;верх;1276,079;1275,051;5,708;2;1
2/2;450;2017-12-01 00:00:00;2101;HL;низ;1273,976;1275,818;2,103;3;1
2/2;451;2017-12-01 02:00:00;2103;HH;верх;1276,833;1274,696;2,857;2;1
2/2;452;2017-12-01 04:00:00;2105;HL;низ;1274,252;1276,162;2,581;2;2
2/2;453;2017-12-01 09:00:00;2110;HH;верх;1278,176;1276,355;3,924;5;1
2/2;454;2017-12-01 15:00:00;2116;LL;низ;1271,824;1283,895;6,352;6;1
2/2;455;2017-12-01 16:00:00;2117;HH;верх;1289,304;1280,479;17,480;1;1
2/2;456;2017-12-04 08:00:00;2132;LL;низ;1271,202;1273,339;18,102;15;3
2/2;457;2017-12-04 10:00:00;2134;LH;верх;1275,717;1273,688;4,515;2;1
2/2;458;2017-12-04 11:00:00;2135;HL;низ;1272,330;1273,783;3,387;1;1
2/2;459;2017-12-04 21:00:00;2145;HH;верх;1277,260;1276,454;4,930;10;2
2/2;460;2017-12-05 04:00:00;2151;HL;низ;1274,393;1275,633;2,867;6;1
2/2;461;2017-12-05 05:00:00;2152;LH;верх;1276,444;1275,701;2,051;1;1
2/2;462;2017-12-05 09:00:00;2156;HL;низ;1274,716;1275,921;1,728;4;1
2/2;463;2017-12-05 11:00:00;2158;HH;верх;1276,894;1273,944;2,178;2;1
2/2;464;2017-12-05 16:00:00;2163;LL;низ;1260,978;1263,583;15,916;5;1
2/2;465;2017-12-05 20:00:00;2167;LH;верх;1267,502;1266,316;6,524;4;1
2/2;466;2017-12-06 01:00:00;2171;HL;низ;1264,198;1266,401;3,304;4;1
2/2;467;2017-12-06 07:00:00;2177;HH;верх;1269,200;1268,026;5,002;6;1
2/2;468;2017-12-06 08:00:00;2178;HL;низ;1267,238;1268,082;1,962;1;1
2/2;469;2017-12-06 10:00:00;2180;HH;верх;1269,346;1266,338;2,108;2;2
2/2;470;2017-12-06 16:00:00;2186;LL;низ;1262,658;1265,119;6,688;6;1
2/2;471;2017-12-06 18:00:00;2188;LH;верх;1265,507;1264,698;2,849;2;1
2/2;472;2017-12-07 00:00:00;2193;LL;низ;1261,927;1263,687;3,580;5;1
2/2;473;2017-12-07 02:00:00;2195;LH;верх;1264,188;1263,215;2,261;2;1
2/2;474;2017-12-07 06:00:00;2199;LL;низ;1256,297;1257,366;7,891;4;1
2/2;475;2017-12-07 13:00:00;2206;LH;верх;1256,566;1252,727;0,269;7;1
2/2;476;2017-12-07 20:00:00;2213;LL;низ;1243,958;1247,157;12,608;7;1
2/2;477;2017-12-08 07:00:00;2223;LH;верх;1249,762;1245,996;5,804;10;2
2/2;478;2017-12-08 13:00:00;2229;HL;низ;1244,006;1247,768;5,756;6;2
2/2;479;2017-12-08 14:00:00;2230;HH;верх;1252,416;1248,086;8,410;1;1
2/2;480;2017-12-08 18:00:00;2234;HL;низ;1246,515;1247,921;5,901;4;1
2/2;481;2017-12-10 23:00:00;2238;LH;верх;1249,299;1248,345;2,784;4;1
2/2;482;2017-12-11 01:00:00;2240;HL;низ;1246,966;1248,650;2,333;2;2
2/2;483;2017-12-11 11:00:00;2250;HH;верх;1251,544;1247,442;4,579;10;1
2/2;484;2017-12-11 20:00:00;2259;LL;низ;1240,804;1242,931;10,740;9;1
2/2;485;2017-12-12 07:00:00;2269;LH;верх;1246,274;1244,066;5,470;10;1
2/2;486;2017-12-12 15:00:00;2277;LL;низ;1236,527;1239,199;9,747;8;2
2/2;487;2017-12-12 21:00:00;2283;LH;верх;1245,078;1243,534;8,551;6;1
2/2;488;2017-12-13 01:00:00;2286;HL;низ;1242,499;1244,113;2,579;3;1
2/2;489;2017-12-13 03:00:00;2288;HH;верх;1245,316;1244,153;2,817;2;1
2/2;490;2017-12-13 12:00:00;2297;LL;низ;1240,299;1243,596;5,017;9;2
2/2;491;2017-12-14 01:00:00;2309;HH;верх;1259,174;1257,597;18,875;12;3
2/2;492;2017-12-14 01:00:00;2309;HL;низ;1253,416;1257,597;5,758;0;1
2/2;493;2017-12-14 04:00:00;2312;LH;верх;1258,855;1257,022;5,439;3;1
2/2;494;2017-12-14 09:00:00;2317;HL;низ;1253,756;1256,800;5,099;5;1
2/2;495;2017-12-14 12:00:00;2320;LH;верх;1258,582;1251,611;4,826;3;1
2/2;496;2017-12-14 15:00:00;2323;LL;низ;1250,544;1254,575;8,038;3;1
2/2;497;2017-12-14 18:00:00;2326;LH;верх;1256,725;1253,238;6,181;3;1
2/2;498;2017-12-14 21:00:00;2329;HL;низ;1252,476;1253,308;4,249;3;1
2/2;499;2017-12-15 02:00:00;2333;LH;верх;1255,940;1254,635;3,464;4;1
2/2;500;2017-12-15 05:00:00;2336;HL;низ;1254,082;1256,803;1,858;3;1
2/2;501;2017-12-15 13:00:00;2344;HH;верх;1261,957;1254,507;7,875;8;1
2/2;502;2017-12-15 16:00:00;2347;LL;низ;1253,457;1254,465;8,500;3;1
2/2;503;2017-12-15 20:00:00;2351;LH;верх;1256,771;1253,961;3,313;4;1
2/2;504;2017-12-18 01:00:00;2355;LL;низ;1252,872;1254,812;3,899;4;2
2/2;505;2017-12-18 16:00:00;2370;HH;верх;1264,084;1261,494;11,212;15;1
2/2;506;2017-12-18 20:00:00;2374;HL;низ;1260,604;1261,505;3,480;4;1
2/2;507;2017-12-18 23:00:00;2376;LH;верх;1262,189;1260,687;1,585;2;1
2/2;508;2017-12-19 01:00:00;2378;LL;низ;1260,348;1261,956;1,841;2;1
2/2;509;2017-12-19 08:00:00;2385;HH;верх;1265,071;1263,389;4,723;7;1
2/2;510;2017-12-19 09:00:00;2386;HL;низ;1262,643;1263,714;2,428;1;1
2/2;511;2017-12-19 12:00:00;2389;HH;верх;1265,388;1261,391;2,745;3;1
2/2;512;2017-12-19 18:00:00;2395;LL;низ;1259,236;1262,300;6,152;6;2
2/2;513;2017-12-20 02:00:00;2402;LH;верх;1264,981;1263,942;5,745;7;1
2/2;514;2017-12-20 05:00:00;2405;HL;низ;1262,714;1263,551;2,267;3;1
2/2;515;2017-12-20 11:00:00;2411;HH;верх;1266,446;1263,924;3,732;6;1
2/2;516;2017-12-20 14:00:00;2414;LL;низ;1262,211;1265,268;4,235;3;1
2/2;517;2017-12-20 17:00:00;2417;HH;верх;1268,003;1265,988;5,792;3;1
2/2;518;2017-12-20 20:00:00;2420;HL;низ;1264,605;1266,540;3,398;3;1
2/2;519;2017-12-21 01:00:00;2424;HH;верх;1268,339;1267,598;3,734;4;1
2/2;520;2017-12-21 08:00:00;2431;LL;низ;1264,340;1265,658;3,999;7;1
2/2;521;2017-12-21 13:00:00;2436;LH;верх;1266,704;1265,474;2,364;5;1
2/2;522;2017-12-21 13:00:00;2436;LL;низ;1262,892;1265,474;3,812;0;1
2/2;523;2017-12-21 17:00:00;2440;HH;верх;1267,958;1266,913;5,066;4;1
2/2;524;2017-12-21 19:00:00;2442;HL;низ;1266,405;1266,773;1,553;2;1
2/2;525;2017-12-21 20:00:00;2443;HH;верх;1268,970;1267,068;2,565;1;1
2/2;526;2017-12-22 01:00:00;2447;LL;низ;1265,082;1266,046;3,888;4;1
2/2;527;2017-12-22 11:00:00;2457;HH;верх;1269,322;1268,983;4,240;10;2
2/2;528;2017-12-22 13:00:00;2459;HL;низ;1267,776;1272,695;1,546;2;1
2/2;529;2017-12-22 17:00:00;2463;HH;верх;1276,203;1274,815;8,427;4;2
2/2;530;2017-12-26 00:00:00;2469;HL;низ;1273,408;1278,167;2,795;6;1
2/2;531;2017-12-26 06:00:00;2475;HH;верх;1279,282;1278,415;5,874;6;2
2/2;532;2017-12-26 09:00:00;2478;HL;низ;1277,079;1277,608;2,203;3;2
2/2;533;2017-12-26 18:00:00;2487;HH;верх;1283,843;1282,893;6,764;9;1
2/2;534;2017-12-27 04:00:00;2496;HL;низ;1281,351;1282,493;2,492;9;2
2/2;535;2017-12-27 10:00:00;2502;HH;верх;1286,440;1283,713;5,089;6;1
2/2;536;2017-12-27 12:00:00;2504;HL;низ;1283,178;1285,501;3,262;2;1
2/2;537;2017-12-27 19:00:00;2511;HH;верх;1289,034;1287,208;5,856;7;2
2/2;538;2017-12-27 21:00:00;2513;HL;низ;1286,957;1287,880;2,077;2;1
2/2;539;2017-12-28 09:00:00;2524;HH;верх;1293,338;1292,951;6,381;11;1
2/2;540;2017-12-28 13:00:00;2528;HL;низ;1288,632;1293,937;4,706;4;1
2/2;541;2017-12-28 18:00:00;2533;HH;верх;1295,274;1294,540;6,642;5;2
2/2;542;2017-12-28 23:00:00;2537;HL;низ;1293,944;1295,717;1,330;4;1
2/2;543;2017-12-29 02:00:00;2540;HH;верх;1296,380;1295,795;2,436;3;2
2/2;544;2017-12-29 07:00:00;2545;HL;низ;1294,754;1296,995;1,626;5;2
2/2;545;2017-12-29 18:00:00;2556;HH;верх;1307,676;1303,381;12,922;11;2
2/2;546;2017-12-29 21:00:00;2559;HL;низ;1302,292;1306,389;5,384;3;1
2/2;547;2018-01-02 14:00:00;2575;HH;верх;1314,578;1311,338;12,286;16;3
2/2;548;2018-01-02 15:00:00;2576;HL;низ;1310,936;1312,468;3,642;1;1
2/2;549;2018-01-02 23:00:00;2583;HH;верх;1321,588;1318,391;10,652;7;1
2/2;550;2018-01-03 03:00:00;2587;HL;низ;1311,945;1314,714;9,643;4;1
2/2;551;2018-01-03 06:00:00;2590;LH;верх;1315,582;1314,462;3,637;3;1
2/2;552;2018-01-03 07:00:00;2591;LL;низ;1311,785;1314,700;3,797;1;2
2/2;553;2018-01-03 14:00:00;2598;HH;верх;1318,026;1317,093;6,241;7;2
2/2;554;2018-01-04 01:00:00;2608;LL;низ;1305,937;1307,285;12,089;10;2
2/2;555;2018-01-04 10:00:00;2617;LH;верх;1314,409;1313,325;8,472;9;1
2/2;556;2018-01-04 13:00:00;2620;HL;низ;1309,222;1319,897;5,187;3;1
2/2;557;2018-01-04 20:00:00;2627;HH;верх;1326,064;1321,017;16,842;7;1
2/2;558;2018-01-05 02:00:00;2632;HL;низ;1320,724;1321,995;5,340;5;2
2/2;559;2018-01-05 13:00:00;2643;LH;верх;1323,034;1319,015;2,310;11;1
2/2;560;2018-01-05 14:00:00;2644;LL;низ;1313,678;1321,604;9,356;1;1
2/2;561;2018-01-05 16:00:00;2646;LH;верх;1322,302;1320,480;8,624;2;1
2/2;562;2018-01-05 20:00:00;2650;HL;низ;1318,589;1319,579;3,713;4;1
2/2;563;2018-01-08 01:00:00;2654;LH;верх;1322,180;1320,396;3,591;4;1
2/2;564;2018-01-08 08:00:00;2661;LL;низ;1314,754;1320,222;7,426;7;1
2/2;565;2018-01-08 11:00:00;2664;LH;верх;1321,154;1320,052;6,400;3;1
2/2;566;2018-01-08 16:00:00;2669;HL;низ;1316,010;1319,052;5,144;5;2
2/2;567;2018-01-08 21:00:00;2674;LH;верх;1320,634;1318,052;4,624;5;1
2/2;568;2018-01-09 01:00:00;2677;LL;низ;1315,841;1319,068;4,793;3;1
2/2;569;2018-01-09 05:00:00;2681;LH;верх;1320,266;1317,477;4,425;4;1
2/2;570;2018-01-09 08:00:00;2684;LL;низ;1313,380;1314,948;6,886;3;1
2/2;571;2018-01-09 12:00:00;2688;LH;верх;1315,994;1309,874;2,614;4;1
2/2;572;2018-01-09 14:00:00;2690;LL;низ;1308,868;1311,128;7,126;2;1
2/2;573;2018-01-09 19:00:00;2695;LH;верх;1315,750;1312,859;6,882;5;1
2/2;574;2018-01-10 01:00:00;2700;LL;низ;1308,318;1310,645;7,432;5;1
2/2;575;2018-01-10 02:00:00;2701;LH;верх;1312,544;1310,601;4,226;1;1
2/2;576;2018-01-10 06:00:00;2705;HL;низ;1309,118;1314,151;3,426;4;1
2/2;577;2018-01-10 11:00:00;2710;HH;верх;1327,874;1319,779;18,756;5;1
2/2;578;2018-01-10 14:00:00;2713;HL;низ;1314,684;1317,221;13,190;3;1
2/2;579;2018-01-10 20:00:00;2719;LH;верх;1320,439;1317,870;5,755;6;1
2/2;580;2018-01-10 23:00:00;2721;HL;низ;1316,380;1318,168;4,059;2;1
2/2;581;2018-01-11 03:00:00;2725;HH;верх;1320,960;1318,009;4,580;4;1
2/2;582;2018-01-11 07:00:00;2729;LL;низ;1315,820;1318,407;5,140;4;3
2/2;583;2018-01-11 18:00:00;2740;HH;верх;1324,096;1321,982;8,276;11;2
2/2;584;2018-01-11 20:00:00;2742;HL;низ;1320,979;1322,851;3,117;2;1
2/2;585;2018-01-12 04:00:00;2749;HH;верх;1330,470;1328,976;9,491;7;1
2/2;586;2018-01-12 08:00:00;2753;HL;низ;1326,621;1331,911;3,849;4;1
2/2;587;2018-01-12 10:00:00;2755;HH;верх;1333,238;1332,123;6,617;2;2
2/2;588;2018-01-12 13:00:00;2758;LL;низ;1323,417;1331,383;9,821;3;1
2/2;589;2018-01-12 20:00:00;2765;HH;верх;1339,434;1337,034;16,017;7;1
2/2;590;2018-01-14 23:00:00;2767;HL;низ;1336,003;1339,333;3,431;2;1
2/2;591;2018-01-15 05:00:00;2773;HH;верх;1344,874;1343,104;8,871;6;1
2/2;592;2018-01-15 06:00:00;2774;HL;низ;1340,226;1340,852;4,648;1;1
2/2;593;2018-01-15 09:00:00;2777;LH;верх;1343,900;1341,676;3,674;3;1
2/2;594;2018-01-15 15:00:00;2783;LL;низ;1338,748;1340,793;5,152;6;2
2/2;595;2018-01-15 23:00:00;2786;LH;верх;1342,439;1340,687;3,691;3;1
2/2;596;2018-01-16 01:00:00;2788;LL;низ;1338,236;1340,675;4,203;2;1
2/2;597;2018-01-16 02:00:00;2789;LH;верх;1342,024;1341,237;3,788;1;2
2/2;598;2018-01-16 10:00:00;2797;LL;низ;1331,912;1335,824;10,112;8;1
2/2;599;2018-01-16 12:00:00;2799;LH;верх;1337,218;1332,840;5,306;2;1
2/2;600;2018-01-16 14:00:00;2801;HL;низ;1332,104;1335,004;5,114;2;1
2/2;601;2018-01-17 02:00:00;2812;HH;верх;1344,082;1335,013;11,978;11;2
2/2;602;2018-01-17 07:00:00;2817;HL;низ;1333,050;1335,796;11,032;5;1
2/2;603;2018-01-17 10:00:00;2820;LH;верх;1339,027;1335,967;5,977;3;1
2/2;604;2018-01-17 16:00:00;2826;LL;низ;1331,392;1339,432;7,635;6;1
2/2;605;2018-01-17 18:00:00;2828;HH;верх;1340,567;1329,186;9,175;2;1
2/2;606;2018-01-18 01:00:00;2834;LL;низ;1324,300;1325,624;16,267;6;2
2/2;607;2018-01-18 06:00:00;2839;LH;верх;1330,028;1328,057;5,728;5;1
2/2;608;2018-01-18 07:00:00;2840;HL;низ;1325,258;1328,823;4,770;1;1
2/2;609;2018-01-18 11:00:00;2844;HH;верх;1331,566;1330,249;6,308;4;1
2/2;610;2018-01-18 13:00:00;2846;HL;низ;1326,916;1329,713;4,650;2;1
2/2;611;2018-01-18 16:00:00;2849;HH;верх;1333,200;1327,074;6,284;3;1
2/2;612;2018-01-18 20:00:00;2853;LL;низ;1325,578;1328,055;7,622;4;1
2/2;613;2018-01-19 08:00:00;2864;HH;верх;1338,161;1335,429;12,583;11;2
2/2;614;2018-01-19 14:00:00;2870;HL;низ;1332,228;1334,206;5,933;6;1
2/2;615;2018-01-19 19:00:00;2875;LH;верх;1335,285;1331,678;3,057;5;1
2/2;616;2018-01-19 21:00:00;2877;LL;низ;1331,170;1333,601;4,115;2;1
2/2;617;2018-01-21 23:00:00;2878;HH;верх;1335,784;1331,394;4,614;1;1
2/2;618;2018-01-22 02:00:00;2881;LL;низ;1330,412;1331,647;5,372;3;1
2/2;619;2018-01-22 05:00:00;2884;LH;верх;1332,304;1331,401;1,892;3;1
2/2;620;2018-01-22 07:00:00;2886;LL;низ;1328,500;1332,620;3,804;2;1
2/2;621;2018-01-22 10:00:00;2889;HH;верх;1334,689;1332,300;6,189;3;1
2/2;622;2018-01-22 13:00:00;2892;HL;низ;1330,910;1334,770;3,779;3;1
2/2;623;2018-01-22 15:00:00;2894;HH;верх;1335,690;1332,182;4,780;2;1
2/2;624;2018-01-22 17:00:00;2896;LL;низ;1330,787;1332,981;4,903;2;1
2/2;625;2018-01-22 20:00:00;2899;LH;верх;1334,949;1333,271;4,162;3;1
2/2;626;2018-01-22 23:00:00;2901;HL;низ;1332,609;1336,670;2,340;2;1
2/2;627;2018-01-23 06:00:00;2908;HH;верх;1338,342;1337,128;5,733;7;2
2/2;628;2018-01-23 08:00:00;2910;HL;низ;1335,669;1336,370;2,673;2;1
2/2;629;2018-01-23 11:00:00;2913;HH;верх;1338,850;1336,506;3,181;3;1
2/2;630;2018-01-23 14:00:00;2916;LL;низ;1331,474;1337,568;7,376;3;1
2/2;631;2018-01-23 23:00:00;2924;HH;верх;1342,408;1340,992;10,934;8;2
2/2;632;2018-01-24 01:00:00;2926;HL;низ;1339,580;1341,087;2,828;2;2
2/2;633;2018-01-24 15:00:00;2940;HH;верх;1355,764;1353,879;16,184;14;1
2/2;634;2018-01-24 16:00:00;2941;HL;низ;1351,324;1360,151;4,440;1;1
2/2;635;2018-01-24 19:00:00;2944;HH;верх;1362,236;1358,543;10,912;3;1
2/2;636;2018-01-24 23:00:00;2947;HL;низ;1355,838;1359,276;6,398;3;1
2/2;637;2018-01-25 06:00:00;2954;HH;верх;1366,112;1358,210;10,274;7;1
2/2;638;2018-01-25 08:00:00;2956;HL;низ;1356,508;1359,589;9,604;2;1
2/2;639;2018-01-25 14:00:00;2962;LH;верх;1361,847;1361,017;5,339;6;1
2/2;640;2018-01-25 14:00:00;2962;LL;низ;1353,578;1361,017;8,269;0;1
2/2;641;2018-01-25 18:00:00;2966;HH;верх;1364,878;1348,111;11,300;4;1
2/2;642;2018-01-25 19:00:00;2967;LL;низ;1342,442;1348,250;22,436;1;1
2/2;643;2018-01-26 01:00:00;2972;LH;верх;1353,911;1352,020;11,469;5;1
2/2;644;2018-01-26 05:00:00;2976;HL;низ;1351,059;1355,866;2,852;4;1
2/2;645;2018-01-26 07:00:00;2978;HH;верх;1357,233;1354,353;6,174;2;1
2/2;646;2018-01-26 14:00:00;2985;LL;низ;1348,768;1352,576;8,465;7;2
2/2;647;2018-01-26 18:00:00;2989;LH;верх;1354,469;1349,618;5,701;4;1
2/2;648;2018-01-26 20:00:00;2991;HL;низ;1348,824;1351,160;5,645;2;1
2/2;649;2018-01-29 00:00:00;2994;LH;верх;1352,506;1348,213;3,682;3;1
2/2;650;2018-01-29 08:00:00;3002;LL;низ;1345,214;1347,226;7,292;8;2
2/2;651;2018-01-29 10:00:00;3004;LH;верх;1348,834;1343,355;3,620;2;1
2/2;652;2018-01-29 16:00:00;3010;LL;низ;1337,640;1342,615;11,194;6;2
2/2;653;2018-01-29 19:00:00;3013;LH;верх;1344,792;1340,388;7,152;3;1
2/2;654;2018-01-30 05:00:00;3022;LL;низ;1334,502;1336,284;10,290;9;2
2/2;655;2018-01-30 14:00:00;3031;HH;верх;1349,067;1337,745;14,565;9;2
2/2;656;2018-01-30 18:00:00;3035;HL;низ;1335,810;1336,880;13,257;4;1
2/2;657;2018-01-30 20:00:00;3037;LH;верх;1340,450;1338,645;4,640;2;1
2/2;658;2018-01-31 02:00:00;3042;HL;низ;1336,552;1340,768;3,898;5;1
2/2;659;2018-01-31 06:00:00;3046;HH;верх;1345,030;1341,970;8,478;4;1
2/2;660;2018-01-31 08:00:00;3048;HL;низ;1341,260;1343,142;3,770;2;2
2/2;661;2018-01-31 15:00:00;3055;HH;верх;1345,246;1339,813;3,986;7;1
2/2;662;2018-01-31 19:00:00;3059;LL;низ;1332,900;1345,057;12,346;4;1
2/2;663;2018-01-31 20:00:00;3060;HH;верх;1347,532;1345,348;14,632;1;2
2/2;664;2018-02-01 01:00:00;3064;HL;низ;1341,248;1344,032;6,284;4;1
2/2;665;2018-02-01 04:00:00;3067;LH;верх;1345,338;1341,641;4,090;3;1
2/2;666;2018-02-01 11:00:00;3074;LL;низ;1337,328;1340,484;8,010;7;2
2/2;667;2018-02-01 21:00:00;3084;HH;верх;1351,060;1347,789;13,732;10;3
2/2;668;2018-02-02 01:00:00;3087;HL;низ;1346,454;1348,530;4,606;3;2
2/2;669;2018-02-02 07:00:00;3093;LH;верх;1349,442;1345,949;2,988;6;1
2/2;670;2018-02-02 10:00:00;3096;LL;низ;1344,032;1345,478;5,410;3;1
2/2;671;2018-02-02 13:00:00;3099;LH;верх;1347,066;1330,390;3,034;3;1
2/2;672;2018-02-02 15:00:00;3101;LL;низ;1327,472;1334,916;19,594;2;1
2/2;673;2018-02-02 18:00:00;3104;LH;верх;1336,749;1331,996;9,277;3;1
2/2;674;2018-02-02 20:00:00;3106;HL;низ;1328,468;1332,678;8,281;2;1
2/2;675;2018-02-04 23:00:00;3108;LH;верх;1333,980;1331,309;5,512;2;1
2/2;676;2018-02-05 02:00:00;3111;HL;низ;1329,056;1330,524;4,924;3;1
2/2;677;2018-02-05 11:00:00;3120;HH;верх;1338,658;1336,861;9,602;9;1
2/2;678;2018-02-05 15:00:00;3124;HL;низ;1332,402;1334,941;6,256;4;1
2/2;679;2018-02-05 17:00:00;3126;LH;верх;1337,320;1334,599;4,918;2;1
2/2;680;2018-02-05 18:00:00;3127;HL;низ;1333,422;1336,129;3,898;1;1
2/2;681;2018-02-05 20:00:00;3129;HH;верх;1341,784;1340,497;8,362;2;1
2/2;682;2018-02-06 01:00:00;3133;HL;низ;1336,031;1343,893;5,753;4;1
2/2;683;2018-02-06 02:00:00;3134;HH;верх;1346,192;1342,521;10,161;1;1
2/2;684;2018-02-06 08:00:00;3140;HL;низ;1339,155;1342,805;7,037;6;2
2/2;685;2018-02-06 10:00:00;3142;LH;верх;1344,700;1335,831;5,545;2;1
2/2;686;2018-02-06 20:00:00;3152;LL;низ;1320,264;1325,475;24,436;10;2
2/2;687;2018-02-07 03:00:00;3158;LH;верх;1330,886;1329,725;10,622;6;1
2/2;688;2018-02-07 04:00:00;3159;HL;низ;1328,354;1330,594;2,532;1;1
2/2;689;2018-02-07 07:00:00;3162;HH;верх;1332,363;1328,688;4,009;3;1
2/2;690;2018-02-07 18:00:00;3173;LL;низ;1311,378;1315,322;20,985;11;1
2/2;691;2018-02-08 00:00:00;3178;LH;верх;1319,322;1314,321;7,944;5;1
2/2;692;2018-02-08 04:00:00;3182;LL;низ;1309,813;1310,991;9,509;4;1
2/2;693;2018-02-08 07:00:00;3185;LH;верх;1313,660;1310,312;3,847;3;1
2/2;694;2018-02-08 12:00:00;3190;LL;низ;1307,081;1315,581;6,579;5;2
2/2;695;2018-02-08 17:00:00;3195;HH;верх;1322,333;1317,714;15,252;5;1
2/2;696;2018-02-08 21:00:00;3199;HL;низ;1316,756;1320,095;5,577;4;1
2/2;697;2018-02-08 23:00:00;3200;HH;верх;1322,835;1319,433;6,079;1;1
2/2;698;2018-02-09 03:00:00;3204;LL;низ;1316,153;1317,984;6,682;4;1
2/2;699;2018-02-09 06:00:00;3207;LH;верх;1320,672;1314,489;4,519;3;1
2/2;700;2018-02-09 08:00:00;3209;LL;низ;1313,623;1315,012;7,049;2;1
2/2;701;2018-02-09 13:00:00;3214;LH;верх;1318,170;1315,605;4,547;5;1
2/2;702;2018-02-09 15:00:00;3216;LL;низ;1311,207;1312,562;6,963;2;1
2/2;703;2018-02-09 17:00:00;3218;HH;верх;1319,164;1314,472;7,957;2;1
2/2;704;2018-02-09 18:00:00;3219;HL;низ;1312,058;1314,873;7,106;1;1
2/2;705;2018-02-12 01:00:00;3225;HH;верх;1326,697;1324,274;14,639;6;2
2/2;706;2018-02-12 12:00:00;3236;HL;низ;1316,838;1322,850;9,859;11;2
2/2;707;2018-02-12 17:00:00;3241;LH;верх;1326,232;1322,697;9,394;5;1
2/2;708;2018-02-12 20:00:00;3244;HL;низ;1321,358;1322,605;4,874;3;1
2/2;709;2018-02-13 10:00:00;3257;HH;верх;1331,034;1328,224;9,676;13;2
2/2;710;2018-02-13 14:00:00;3261;HL;низ;1323,011;1328,544;8,023;4;1
2/2;711;2018-02-14 03:00:00;3273;HH;верх;1337,112;1334,887;14,101;12;2
2/2;712;2018-02-14 13:00:00;3283;LL;низ;1318,002;1348,380;19,110;10;1
2/2;713;2018-02-14 18:00:00;3288;HH;верх;1355,522;1352,070;37,520;5;1
2/2;714;2018-02-14 23:00:00;3292;HL;низ;1349,856;1352,425;5,666;4;1
2/2;715;2018-02-15 04:00:00;3297;LH;верх;1355,356;1352,562;5,500;5;1
2/2;716;2018-02-15 07:00:00;3300;HL;низ;1352,318;1354,740;3,038;3;1
2/2;717;2018-02-15 08:00:00;3301;HH;верх;1357,190;1353,766;4,872;1;1
2/2;718;2018-02-15 12:00:00;3305;LL;низ;1348,612;1353,801;8,578;4;1
2/2;719;2018-02-15 14:00:00;3307;LH;верх;1354,459;1351,987;5,847;2;1
2/2;720;2018-02-15 17:00:00;3310;HL;низ;1348,735;1354,952;5,724;3;1
2/2;721;2018-02-15 20:00:00;3313;HH;верх;1355,211;1353,987;6,476;3;1
2/2;722;2018-02-15 21:00:00;3314;HL;низ;1352,447;1352,972;2,764;1;2
2/2;723;2018-02-16 09:00:00;3325;HH;верх;1361,796;1358,218;9,349;11;2
2/2;724;2018-02-16 15:00:00;3331;LL;низ;1351,124;1353,826;10,672;6;1
2/2;725;2018-02-16 16:00:00;3332;LH;верх;1356,651;1348,549;5,527;1;1
2/2;726;2018-02-16 19:00:00;3335;LL;низ;1344,900;1347,532;11,751;3;1
2/2;727;2018-02-19 02:00:00;3341;LH;верх;1351,463;1347,876;6,563;6;1
2/2;728;2018-02-19 05:00:00;3344;HL;низ;1346,384;1348,396;5,079;3;1
2/2;729;2018-02-19 07:00:00;3346;LH;верх;1349,334;1347,403;2,950;2;1
2/2;730;2018-02-19 09:00:00;3348;HL;низ;1346,469;1348,418;2,865;2;1
2/2;731;2018-02-19 12:00:00;3351;LH;верх;1348,937;1347,299;2,468;3;1
2/2;732;2018-02-19 14:00:00;3353;LL;низ;1345,818;1348,029;3,119;2;1
2/2;733;2018-02-19 16:00:00;3355;LH;верх;1348,700;1345,447;2,882;2;1
2/2;734;2018-02-20 13:00:00;3371;LL;низ;1335,484;1338,011;13,216;16;3
2/2;735;2018-02-20 14:00:00;3372;LH;верх;1343,344;1331,921;7,860;1;1
2/2;736;2018-02-21 07:00:00;3388;LL;низ;1325,272;1329,745;18,072;16;2
2/2;737;2018-02-21 09:00:00;3390;LH;верх;1330,096;1328,257;4,824;2;1
2/2;738;2018-02-21 13:00:00;3394;HL;низ;1327,402;1330,200;2,694;4;1
2/2;739;2018-02-21 19:00:00;3400;HH;верх;1336,350;1324,570;8,948;6;2
2/2;740;2018-02-21 20:00:00;3401;LL;низ;1322,438;1326,884;13,912;1;1
2/2;741;2018-02-21 23:00:00;3403;LH;верх;1327,216;1324,922;4,778;2;1
2/2;742;2018-02-22 02:00:00;3406;HL;низ;1322,580;1323,823;4,636;3;1
2/2;743;2018-02-22 05:00:00;3409;LH;верх;1324,909;1322,020;2,329;3;1
2/2;744;2018-02-22 07:00:00;3411;LL;низ;1321,026;1322,971;3,883;2;2
2/2;745;2018-02-22 23:00:00;3426;HH;верх;1332,337;1330,875;11,311;15;2
2/2;746;2018-02-23 07:00:00;3434;HL;низ;1325,876;1328,013;6,461;8;1
2/2;747;2018-02-23 12:00:00;3439;LH;верх;1331,721;1328,469;5,845;5;2
2/2;748;2018-02-23 14:00:00;3441;HL;низ;1326,803;1328,765;4,918;2;1
2/2;749;2018-02-23 17:00:00;3444;LH;верх;1330,638;1329,126;3,835;3;2
2/2;750;2018-02-25 23:00:00;3449;LL;низ;1326,728;1333,806;3,910;5;1
2/2;751;2018-02-26 07:00:00;3457;HH;верх;1341,072;1340,234;14,344;8;3
2/2;752;2018-02-26 17:00:00;3467;HL;низ;1330,282;1332,852;10,790;10;3
2/2;753;2018-02-27 01:00:00;3474;LH;верх;1336,836;1333,225;6,554;7;1
2/2;754;2018-02-27 06:00:00;3479;HL;низ;1331,438;1333,694;5,398;5;1
2/2;755;2018-02-27 08:00:00;3481;LH;верх;1334,792;1332,687;3,354;2;1
2/2;756;2018-02-27 17:00:00;3490;LL;низ;1313,452;1317,820;21,340;9;1
2/2;757;2018-02-27 19:00:00;3492;LH;верх;1318,930;1318,634;5,478;2;1
2/2;758;2018-02-28 00:00:00;3496;HL;низ;1315,734;1316,959;3,196;4;1
2/2;759;2018-02-28 01:00:00;3497;HH;верх;1319,160;1317,518;3,426;1;1
2/2;760;2018-02-28 08:00:00;3504;HL;низ;1316,962;1319,891;2,198;7;1
2/2;761;2018-02-28 14:00:00;3510;HH;верх;1322,640;1320,238;5,678;6;2
2/2;762;2018-02-28 15:00:00;3511;LL;низ;1315,896;1319,312;6,744;1;1
2/2;763;2018-02-28 17:00:00;3513;LH;верх;1321,130;1318,444;5,234;2;1
2/2;764;2018-02-28 18:00:00;3514;HL;низ;1316,288;1317,686;4,842;1;1
2/2;765;2018-02-28 23:00:00;3518;LH;верх;1319,476;1316,218;3,188;4;1
2/2;766;2018-03-01 01:00:00;3520;LL;низ;1314,724;1315,511;4,752;2;1
2/2;767;2018-03-01 07:00:00;3526;LH;верх;1315,333;1310,850;0,609;6;1
2/2;768;2018-03-01 15:00:00;3534;LL;низ;1302,832;1309,788;12,501;8;1
2/2;769;2018-03-01 16:00:00;3535;LH;верх;1312,932;1306,826;10,100;1;1
2/2;770;2018-03-01 18:00:00;3537;HL;низ;1304,029;1315,173;8,903;2;1
2/2;771;2018-03-01 20:00:00;3539;HH;верх;1321,252;1317,238;17,223;2;2
2/2;772;2018-03-02 01:00:00;3543;HL;низ;1315,268;1316,877;5,984;4;1
2/2;773;2018-03-02 05:00:00;3547;LH;верх;1319,190;1317,322;3,922;4;1
2/2;774;2018-03-02 09:00:00;3551;HL;низ;1315,818;1321,996;3,372;4;1
2/2;775;2018-03-02 14:00:00;3556;HH;верх;1325,580;1318,204;9,762;5;1
2/2;776;2018-03-02 16:00:00;3558;HL;низ;1317,570;1322,494;8,010;2;1
2/2;777;2018-03-02 18:00:00;3560;LH;верх;1323,844;1321,869;6,274;2;1
2/2;778;2018-03-04 23:00:00;3564;HL;низ;1320,106;1326,001;3,738;4;1
2/2;779;2018-03-05 07:00:00;3572;HH;верх;1327,870;1325,727;7,764;8;2
2/2;780;2018-03-05 19:00:00;3584;LL;низ;1317,609;1320,201;10,261;12;3
2/2;781;2018-03-06 04:00:00;3592;LH;верх;1324,320;1322,566;6,711;8;2
2/2;782;2018-03-06 07:00:00;3595;HL;низ;1320,630;1324,313;3,690;3;1
2/2;783;2018-03-06 16:00:00;3604;HH;верх;1338,469;1334,764;17,839;9;1
2/2;784;2018-03-06 18:00:00;3606;HL;низ;1332,326;1334,004;6,143;2;1
2/2;785;2018-03-06 23:00:00;3610;HH;верх;1340,600;1334,454;8,274;4;1
2/2;786;2018-03-07 04:00:00;3615;LL;низ;1332,254;1334,047;8,346;5;1
2/2;787;2018-03-07 06:00:00;3617;LH;верх;1335,359;1332,416;3,105;2;1
2/2;788;2018-03-07 08:00:00;3619;LL;низ;1331,320;1333,060;4,039;2;1
2/2;789;2018-03-07 11:00:00;3622;LH;верх;1333,864;1331,373;2,544;3;1
2/2;790;2018-03-07 16:00:00;3627;LL;низ;1322,824;1325,798;11,040;5;1
2/2;791;2018-03-07 18:00:00;3629;LH;верх;1327,988;1325,223;5,164;2;1
2/2;792;2018-03-07 19:00:00;3630;LL;низ;1322,270;1325,627;5,718;1;2
2/2;793;2018-03-08 07:00:00;3641;HH;верх;1329,146;1325,267;6,876;11;2
2/2;794;2018-03-08 15:00:00;3649;LL;низ;1319,049;1321,892;10,097;8;1
2/2;795;2018-03-08 20:00:00;3654;LH;верх;1322,777;1321,062;3,728;5;1
2/2;796;2018-03-09 02:00:00;3659;LL;низ;1316,890;1318,116;5,887;5;1
2/2;797;2018-03-09 06:00:00;3663;LH;верх;1319,506;1318,681;2,616;4;1
2/2;798;2018-03-09 08:00:00;3665;HL;низ;1318,012;1319,871;1,494;2;1
2/2;799;2018-03-09 10:00:00;3667;HH;верх;1321,043;1318,343;3,031;2;1
2/2;800;2018-03-09 13:00:00;3670;LL;низ;1312,862;1322,501;8,181;3;1
2/2;801;2018-03-09 17:00:00;3674;HH;верх;1325,258;1323,517;12,396;4;2
2/2;802;2018-03-12 01:00:00;3682;HL;низ;1321,288;1323,128;3,970;8;1
2/2;803;2018-03-12 04:00:00;3685;LH;верх;1324,280;1322,826;2,992;3;1
2/2;804;2018-03-12 11:00:00;3692;LL;низ;1315,109;1317,472;9,171;7;1
2/2;805;2018-03-12 23:00:00;3703;HH;верх;1325,876;1323,998;10,767;11;1
2/2;806;2018-03-13 12:00:00;3716;LL;низ;1313,678;1323,260;12,198;13;2
2/2;807;2018-03-13 17:00:00;3721;HH;верх;1328,420;1325,982;14,742;5;2
2/2;808;2018-03-13 20:00:00;3724;HL;низ;1325,564;1326,438;2,856;3;1
2/2;809;2018-03-13 22:00:00;3725;LH;верх;1327,236;1325,004;1,672;1;1
2/2;810;2018-03-14 00:00:00;3727;LL;низ;1324,080;1329,101;3,156;2;1
2/2;811;2018-03-14 05:00:00;3732;HH;верх;1330,162;1324,934;6,082;5;2
2/2;812;2018-03-14 08:00:00;3735;LL;низ;1323,431;1325,757;6,731;3;1
2/2;813;2018-03-14 12:00:00;3739;LH;верх;1328,656;1324,109;5,225;4;1
2/2;814;2018-03-14 14:00:00;3741;LL;низ;1321,522;1323,815;7,134;2;1
2/2;815;2018-03-14 18:00:00;3745;LH;верх;1325,916;1325,068;4,394;4;2
2/2;816;2018-03-14 23:00:00;3749;HL;низ;1323,628;1326,817;2,288;4;1
2/2;817;2018-03-15 05:00:00;3755;HH;верх;1328,012;1324,899;4,384;6;3
2/2;818;2018-03-16 01:00:00;3774;LL;низ;1313,752;1316,453;14,260;19;2
2/2;819;2018-03-16 11:00:00;3784;LH;верх;1321,769;1313,335;8,017;10;2
2/2;820;2018-03-16 15:00:00;3788;LL;низ;1309,687;1314,009;12,082;4;1
2/2;821;2018-03-16 16:00:00;3789;LH;верх;1314,652;1312,988;4,965;1;2
2/2;822;2018-03-19 01:00:00;3797;HL;низ;1310,286;1312,102;4,366;8;1
2/2;823;2018-03-19 04:00:00;3800;LH;верх;1312,653;1309,601;2,367;3;1
2/2;824;2018-03-19 06:00:00;3802;LL;низ;1307,770;1310,932;4,883;2;2
2/2;825;2018-03-19 16:00:00;3812;HH;верх;1319,726;1318,225;11,956;10;1
2/2;826;2018-03-19 20:00:00;3816;HL;низ;1316,373;1317,183;3,353;4;1
2/2;827;2018-03-19 23:00:00;3818;LH;верх;1318,379;1316,214;2,006;2;1
2/2;828;2018-03-20 00:00:00;3819;LL;низ;1315,649;1316,658;2,730;1;1
2/2;829;2018-03-20 06:00:00;3825;LH;верх;1317,018;1315,201;1,369;6;2
2/2;830;2018-03-20 14:00:00;3833;LL;низ;1307,210;1310,450;9,808;8;1
2/2;831;2018-03-20 15:00:00;3834;LH;верх;1313,412;1312,366;6,202;1;1
2/2;832;2018-03-20 19:00:00;3838;HL;низ;1309,458;1311,422;3,954;4;2
2/2;833;2018-03-21 03:00:00;3845;HH;верх;1314,536;1313,285;5,078;7;1
2/2;834;2018-03-21 05:00:00;3847;HL;низ;1312,820;1316,554;1,716;2;1
2/2;835;2018-03-21 08:00:00;3850;HH;верх;1317,967;1315,803;5,147;3;1
2/2;836;2018-03-21 11:00:00;3853;HL;низ;1314,015;1320,569;3,952;3;1
2/2;837;2018-03-21 15:00:00;3857;HH;верх;1326,734;1323,756;12,719;4;1
2/2;838;2018-03-21 18:00:00;3860;HL;низ;1319,224;1332,231;7,510;3;1
2/2;839;2018-03-21 19:00:00;3861;HH;верх;1336,814;1332,044;17,590;1;2
2/2;840;2018-03-22 05:00:00;3870;HL;низ;1327,544;1331,980;9,270;9;1
2/2;841;2018-03-22 08:00:00;3873;LH;верх;1333,977;1329,884;6,433;3;1
2/2;842;2018-03-22 10:00:00;3875;HL;низ;1327,962;1329,836;6,015;2;1
2/2;843;2018-03-22 13:00:00;3878;LH;верх;1332,738;1328,782;4,776;3;1
2/2;844;2018-03-22 17:00:00;3882;LL;низ;1324,806;1328,347;7,932;4;1
2/2;845;2018-03-23 06:00:00;3894;HH;верх;1343,375;1341,543;18,569;12;2
2/2;846;2018-03-23 11:00:00;3899;HL;низ;1340,274;1347,685;3,101;5;1
2/2;847;2018-03-23 14:00:00;3902;HH;верх;1350,334;1349,479;10,060;3;1
2/2;848;2018-03-23 19:00:00;3907;HL;низ;1345,570;1350,233;4,764;5;1
2/2;849;2018-03-25 22:00:00;3909;HH;верх;1351,041;1346,253;5,471;2;1
2/2;850;2018-03-26 00:00:00;3911;HL;низ;1345,798;1347,569;5,243;2;1
2/2;851;2018-03-26 03:00:00;3914;LH;верх;1349,314;1345,456;3,516;3;1
2/2;852;2018-03-26 06:00:00;3917;LL;низ;1343,552;1347,657;5,762;3;2
2/2;853;2018-03-26 15:00:00;3926;HH;верх;1355,948;1354,793;12,396;9;1
2/2;854;2018-03-27 00:00:00;3934;HL;низ;1350,880;1352,799;5,068;8;2
2/2;855;2018-03-27 06:00:00;3940;HH;верх;1356,917;1351,447;6,037;6;1
2/2;856;2018-03-27 13:00:00;3947;LL;низ;1339,925;1343,022;16,992;7;1
2/2;857;2018-03-27 22:00:00;3955;LH;верх;1346,128;1345,825;6,203;8;2
2/2;858;2018-03-27 23:00:00;3956;HL;низ;1343,832;1346,329;2,296;1;1
2/2;859;2018-03-28 01:00:00;3958;HH;верх;1347,156;1346,277;3,324;2;1
2/2;860;2018-03-28 18:00:00;3975;LL;низ;1323,508;1325,043;23,648;17;3
2/2;861;2018-03-29 05:00:00;3985;LH;верх;1328,387;1324,833;4,879;10;2
2/2;862;2018-03-29 06:00:00;3986;LL;низ;1322,924;1324,286;5,463;1;1
2/2;863;2018-03-29 11:00:00;3991;LH;верх;1326,715;1322,832;3,791;5;1
2/2;864;2018-03-29 15:00:00;3995;LL;низ;1321,248;1323,255;5,467;4;2
2/2;865;2018-04-02 02:00:00;4005;HH;верх;1330,448;1329,612;9,200;10;1
2/2;866;2018-04-02 06:00:00;4009;HL;низ;1328,444;1331,811;2,004;4;1
2/2;867;2018-04-02 18:00:00;4021;HH;верх;1344,990;1341,506;16,546;12;2
2/2;868;2018-04-02 22:00:00;4024;HL;низ;1339,664;1340,841;5,326;3;1
2/2;869;2018-04-03 00:00:00;4026;LH;верх;1342,560;1338,782;2,896;2;1
2/2;870;2018-04-03 01:00:00;4027;LL;низ;1337,352;1338,024;5,208;1;2
2/2;871;2018-04-03 06:00:00;4032;LH;верх;1342,174;1337,272;4,822;5;2
2/2;872;2018-04-03 14:00:00;4040;LL;низ;1328,940;1334,092;13,234;8;1
2/2;873;2018-04-03 17:00:00;4043;LH;верх;1334,938;1331,653;5,998;3;1
2/2;874;2018-04-03 19:00:00;4045;HL;низ;1330,237;1333,379;4,701;2;2
2/2;875;2018-04-04 04:00:00;4053;HH;верх;1336,020;1334,435;5,783;8;1
2/2;876;2018-04-04 05:00:00;4054;HL;низ;1333,135;1339,665;2,885;1;1
2/2;877;2018-04-04 12:00:00;4061;HH;верх;1348,266;1336,041;15,131;7;2
2/2;878;2018-04-04 18:00:00;4067;LL;низ;1332,314;1333,379;15,952;6;1
2/2;879;2018-04-04 22:00:00;4070;LH;верх;1334,966;1330,765;2,652;3;1
2/2;880;2018-04-05 07:00:00;4079;LL;низ;1324,501;1326,784;10,465;9;1
2/2;881;2018-04-05 11:00:00;4083;LH;верх;1330,913;1327,308;6,412;4;1
2/2;882;2018-04-05 13:00:00;4085;LL;низ;1322,840;1325,255;8,073;2;1
2/2;883;2018-04-06 01:00:00;4096;HH;верх;1333,432;1330,397;10,592;11;1
2/2;884;2018-04-06 07:00:00;4102;LL;низ;1320,075;1326,023;13,357;6;1
2/2;885;2018-04-06 09:00:00;4104;LH;верх;1326,446;1323,029;6,371;2;1
2/2;886;2018-04-06 12:00:00;4107;HL;низ;1320,495;1331,769;5,951;3;1
2/2;887;2018-04-06 13:00:00;4108;HH;верх;1335,592;1332,279;15,097;1;1
2/2;888;2018-04-06 17:00:00;4112;HL;низ;1330,344;1333,237;5,248;4;1
2/2;889;2018-04-08 22:00:00;4116;LH;верх;1335,140;1331,524;4,796;4;1
2/2;890;2018-04-09 01:00:00;4119;LL;низ;1329,942;1332,632;5,198;3;1
2/2;891;2018-04-09 05:00:00;4123;LH;верх;1333,627;1329,751;3,685;4;2
2/2;892;2018-04-09 10:00:00;4128;LL;низ;1326,930;1333,691;6,697;5;1
2/2;893;2018-04-10 00:00:00;4141;HH;верх;1338,384;1333,895;11,454;13;3
2/2;894;2018-04-10 05:00:00;4146;HL;низ;1331,092;1337,407;7,292;5;2
2/2;895;2018-04-10 13:00:00;4154;HH;верх;1341,049;1338,691;9,957;8;2
2/2;896;2018-04-10 15:00:00;4156;HL;низ;1335,954;1339,070;5,095;2;1
2/2;897;2018-04-11 00:00:00;4164;HH;верх;1342,778;1340,301;6,824;8;2
2/2;898;2018-04-11 01:00:00;4165;HL;низ;1339,809;1341,582;2,969;1;1
2/2;899;2018-04-11 15:00:00;4179;HH;верх;1365,370;1355,547;25,561;14;1
2/2;900;2018-04-11 18:00:00;4182;HL;низ;1347,648;1353,275;17,722;3;2
2/2;901;2018-04-12 07:00:00;4194;LH;верх;1352,352;1347,672;4,704;12;1
2/2;902;2018-04-12 15:00:00;4202;LL;низ;1335,738;1337,855;16,614;8;1
2/2;903;2018-04-12 17:00:00;4204;LH;верх;1339,972;1335,498;4,234;2;1
2/2;904;2018-04-12 19:00:00;4206;LL;низ;1333,776;1338,387;6,196;2;1
2/2;905;2018-04-13 04:00:00;4214;HH;верх;1341,178;1337,348;7,402;8;1
2/2;906;2018-04-13 06:00:00;4216;HL;низ;1336,277;1341,194;4,901;2;1
2/2;907;2018-04-13 08:00:00;4218;HH;верх;1341,998;1339,080;5,721;2;1
2/2;908;2018-04-13 11:00:00;4221;LL;низ;1333,481;1343,856;8,517;3;1
2/2;909;2018-04-13 16:00:00;4226;HH;верх;1347,286;1344,834;13,805;5;1
2/2;910;2018-04-13 17:00:00;4227;HL;низ;1342,986;1344,474;4,300;1;1
2/2;911;2018-04-15 22:00:00;4231;HH;верх;1348,364;1344,008;5,378;4;1
2/2;912;2018-04-15 22:00:00;4231;LL;низ;1340,260;1344,008;8,104;0;1
2/2;913;2018-04-16 01:00:00;4234;HH;верх;1348,867;1347,409;8,607;3;1
2/2;914;2018-04-16 07:00:00;4240;HL;низ;1341,182;1344,127;7,685;6;1
2/2;915;2018-04-16 08:00:00;4241;LH;верх;1346,020;1343,178;4,838;1;1
2/2;916;2018-04-16 11:00:00;4244;HL;низ;1342,396;1348,611;3,624;3;1
2/2;917;2018-04-16 14:00:00;4247;HH;верх;1350,586;1348,011;8,190;3;1
2/2;918;2018-04-16 20:00:00;4253;HL;низ;1345,340;1348,206;5,246;6;1
2/2;919;2018-04-17 01:00:00;4257;LH;верх;1349,450;1345,100;4,110;4;1
2/2;920;2018-04-17 03:00:00;4259;LL;низ;1343,880;1346,128;5,570;2;1
2/2;921;2018-04-17 06:00:00;4262;LH;верх;1348,962;1342,470;5,082;3;1
2/2;922;2018-04-17 08:00:00;4264;LL;низ;1340,750;1342,844;8,212;2;1
2/2;923;2018-04-17 10:00:00;4266;LH;верх;1344,074;1338,948;3,324;2;1
2/2;924;2018-04-17 12:00:00;4268;LL;низ;1337,710;1343,086;6,364;2;1
2/2;925;2018-04-17 19:00:00;4275;HH;верх;1347,779;1346,739;10,069;7;1
2/2;926;2018-04-18 05:00:00;4284;HL;низ;1342,376;1346,168;5,403;9;1
2/2;927;2018-04-18 13:00:00;4292;HH;верх;1355,810;1350,989;13,434;8;1
2/2;928;2018-04-18 19:00:00;4298;HL;низ;1347,606;1351,164;8,204;6;2
2/2;929;2018-04-18 22:00:00;4300;LH;верх;1351,642;1349,149;4,036;2;1
2/2;930;2018-04-19 01:00:00;4303;HL;низ;1348,088;1352,042;3,554;3;1
2/2;931;2018-04-19 03:00:00;4305;HH;верх;1353,174;1351,824;5,086;2;1
2/2;932;2018-04-19 05:00:00;4307;HL;низ;1350,866;1352,984;2,308;2;1
2/2;933;2018-04-19 07:00:00;4309;HH;верх;1354,757;1348,783;3,891;2;1
2/2;934;2018-04-19 15:00:00;4317;LL;низ;1340,970;1346,559;13,787;8;3
2/2;935;2018-04-20 06:00:00;4331;LH;верх;1344,508;1341,531;3,538;14;1
2/2;936;2018-04-20 09:00:00;4334;LL;низ;1339,337;1340,556;5,171;3;1
2/2;937;2018-04-20 12:00:00;4337;LH;верх;1344,326;1337,603;4,989;3;1
2/2;938;2018-04-22 22:00:00;4346;LL;низ;1332,041;1333,450;12,285;9;2
2/2;939;2018-04-23 06:00:00;4354;LH;верх;1335,555;1329,132;3,514;8;2
2/2;940;2018-04-23 17:00:00;4365;LL;низ;1322,182;1325,030;13,373;11;2
2/2;941;2018-04-23 18:00:00;4366;LH;верх;1325,528;1324,848;3,346;1;1
2/2;942;2018-04-24 01:00:00;4372;LL;низ;1322,080;1326,732;3,448;6;1
2/2;943;2018-04-24 06:00:00;4377;HH;верх;1328,606;1327,722;6,526;5;2
2/2;944;2018-04-24 07:00:00;4378;HL;низ;1324,600;1327,014;4,006;1;1
2/2;945;2018-04-24 09:00:00;4380;LH;верх;1328,073;1326,714;3,473;2;1
2/2;946;2018-04-24 12:00:00;4383;LL;низ;1323,464;1327,940;4,609;3;1
2/2;947;2018-04-24 18:00:00;4389;HH;верх;1332,780;1330,470;9,316;6;2
2/2;948;2018-04-25 08:00:00;4402;LL;низ;1322,991;1324,676;9,789;13;1
2/2;949;2018-04-25 09:00:00;4403;LH;верх;1325,799;1320,776;2,808;1;1
2/2;950;2018-04-25 12:00:00;4406;LL;низ;1318,864;1320,017;6,935;3;1
2/2;951;2018-04-25 19:00:00;4413;LH;верх;1324,063;1322,262;5,199;7;1
2/2;952;2018-04-26 01:00:00;4418;HL;низ;1322,036;1323,764;2,027;5;1
2/2;953;2018-04-26 02:00:00;4419;HH;верх;1324,684;1323,553;2,648;1;1
2/2;954;2018-04-26 04:00:00;4421;HL;низ;1323,179;1325,158;1,505;2;1
2/2;955;2018-04-26 07:00:00;4424;HH;верх;1326,716;1323,158;3,537;3;1
2/2;956;2018-04-26 09:00:00;4426;LL;низ;1321,470;1323,088;5,246;2;1
2/2;957;2018-04-26 11:00:00;4428;LH;верх;1325,914;1322,599;4,444;2;1
2/2;958;2018-04-26 15:00:00;4432;LL;низ;1315,286;1317,430;10,628;4;1
2/2;959;2018-04-26 23:00:00;4439;LH;верх;1318,380;1318,186;3,094;7;1
2/2;960;2018-04-27 07:00:00;4447;HL;низ;1315,410;1318,148;2,970;8;3
2/2;961;2018-04-27 18:00:00;4458;HH;верх;1325,294;1323,699;9,884;11;2
2/2;962;2018-04-29 22:00:00;4461;HL;низ;1322,456;1324,440;2,838;3;1
2/2;963;2018-04-30 00:00:00;4463;LH;верх;1325,032;1322,248;2,576;2;1
2/2;964;2018-04-30 13:00:00;4476;LL;низ;1310,300;1315,372;14,732;13;1
2/2;965;2018-04-30 17:00:00;4480;LH;верх;1320,704;1314,586;10,404;4;1
2/2;966;2018-04-30 19:00:00;4482;HL;низ;1314,242;1315,939;6,462;2;1
2/2;967;2018-05-01 06:00:00;4492;LH;верх;1312,816;1308,962;1,426;10;2
2/2;968;2018-05-01 14:00:00;4500;LL;низ;1301,756;1307,160;11,060;8;1
2/2;969;2018-05-01 16:00:00;4502;LH;верх;1308,139;1306,232;6,383;2;1
2/2;970;2018-05-01 20:00:00;4506;HL;низ;1303,814;1305,658;4,325;4;1
2/2;971;2018-05-02 03:00:00;4512;HH;верх;1311,964;1308,730;8,150;6;1
2/2;972;2018-05-02 06:00:00;4515;HL;низ;1307,770;1310,122;4,194;3;1
2/2;973;2018-05-02 07:00:00;4516;LH;верх;1311,727;1310,667;3,957;1;1
2/2;974;2018-05-02 14:00:00;4523;LL;низ;1304,126;1305,366;7,601;7;1
2/2;975;2018-05-02 18:00:00;4527;HH;верх;1313,724;1304,860;9,598;4;1
2/2;976;2018-05-02 19:00:00;4528;LL;низ;1303,964;1306,122;9,760;1;1
2/2;977;2018-05-03 01:00:00;4533;LH;верх;1310,620;1308,730;6,656;5;1
2/2;978;2018-05-03 07:00:00;4539;HL;низ;1306,502;1312,422;4,118;6;1
2/2;979;2018-05-03 12:00:00;4544;HH;верх;1318,184;1313,486;11,682;5;1
2/2;980;2018-05-03 17:00:00;4549;HL;низ;1310,707;1311,318;7,477;5;1
2/2;981;2018-05-03 18:00:00;4550;LH;верх;1315,086;1312,267;4,379;1;1
2/2;982;2018-05-04 00:00:00;4555;HL;низ;1311,336;1313,692;3,750;5;1
2/2;983;2018-05-04 02:00:00;4557;LH;верх;1314,486;1312,836;3,150;2;1
2/2;984;2018-05-04 09:00:00;4564;LL;низ;1308,666;1311,435;5,820;7;1
2/2;985;2018-05-04 12:00:00;4567;HH;верх;1315,743;1311,336;7,077;3;1
2/2;986;2018-05-04 13:00:00;4568;LL;низ;1307,946;1311,523;7,797;1;2
2/2;987;2018-05-07 01:00:00;4579;HH;верх;1319,170;1317,535;11,224;11;1
2/2;988;2018-05-07 06:00:00;4584;HL;низ;1311,612;1313,692;7,558;5;1
2/2;989;2018-05-07 10:00:00;4588;LH;верх;1315,040;1313,123;3,428;4;1
2/2;990;2018-05-07 12:00:00;4590;LL;низ;1310,270;1313,608;4,770;2;1
2/2;991;2018-05-07 15:00:00;4593;HH;верх;1315,642;1314,644;5,372;3;1
2/2;992;2018-05-07 17:00:00;4595;HL;низ;1312,914;1314,374;2,728;2;1
2/2;993;2018-05-08 00:00:00;4601;HH;верх;1317,188;1313,967;4,274;6;2
2/2;994;2018-05-08 05:00:00;4606;LL;низ;1310,770;1313,972;6,418;5;1
2/2;995;2018-05-08 07:00:00;4608;LH;верх;1314,872;1310,164;4,102;2;1
2/2;996;2018-05-08 09:00:00;4610;LL;низ;1308,330;1311,234;6,542;2;1
2/2;997;2018-05-08 12:00:00;4613;LH;верх;1312,108;1307,864;3,778;3;1
2/2;998;2018-05-08 14:00:00;4615;LL;низ;1306,159;1314,228;5,949;2;1
2/2;999;2018-05-08 18:00:00;4619;HH;верх;1318,040;1314,514;11,881;4;2
2/2;1000;2018-05-09 07:00:00;4631;LL;низ;1304,332;1306,823;13,708;12;2
2/2;1001;2018-05-09 14:00:00;4638;LH;верх;1317,503;1312,413;13,171;7;1
2/2;1002;2018-05-09 19:00:00;4643;HL;низ;1310,989;1312,579;6,514;5;3
2/2;1003;2018-05-10 02:00:00;4649;LH;верх;1315,796;1315,330;4,807;6;1
2/2;1004;2018-05-10 07:00:00;4654;LL;низ;1310,790;1315,226;5,006;5;1
2/2;1005;2018-05-10 12:00:00;4659;HH;верх;1323,187;1317,492;12,397;5;1
2/2;1006;2018-05-10 15:00:00;4662;HL;низ;1316,271;1320,566;6,916;3;1
2/2;1007;2018-05-10 17:00:00;4664;LH;верх;1322,344;1320,656;6,073;2;2
2/2;1008;2018-05-11 05:00:00;4675;HL;низ;1318,498;1321,730;3,846;11;1
2/2;1009;2018-05-11 12:00:00;4682;HH;верх;1326,046;1322,314;7,548;7;1
2/2;1010;2018-05-11 20:00:00;4690;LL;низ;1317,645;1320,224;8,401;8;2
2/2;1011;2018-05-14 01:00:00;4694;LH;верх;1322,431;1320,378;4,786;4;1
2/2;1012;2018-05-14 04:00:00;4697;HL;низ;1319,146;1319,819;3,285;3;1
2/2;1013;2018-05-14 08:00:00;4701;LH;верх;1321,862;1319,774;2,716;4;1
2/2;1014;2018-05-14 12:00:00;4705;LL;низ;1317,999;1320,050;3,863;4;1
2/2;1015;2018-05-14 13:00:00;4706;LH;верх;1321,358;1319,662;3,359;1;1
2/2;1016;2018-05-14 18:00:00;4711;LL;низ;1313,012;1313,548;8,346;5;2
2/2;1017;2018-05-15 00:00:00;4716;LH;верх;1314,988;1314,016;1,976;5;1
2/2;1018;2018-05-15 18:00:00;4734;LL;низ;1288,713;1290,983;26,275;18;5
2/2;1019;2018-05-16 02:00:00;4741;LH;верх;1294,696;1294,238;5,983;7;1
2/2;1020;2018-05-16 05:00:00;4744;HL;низ;1293,354;1295,615;1,342;3;1
2/2;1021;2018-05-16 07:00:00;4746;HH;верх;1297,028;1291,126;3,674;2;1
2/2;1022;2018-05-16 12:00:00;4751;LL;низ;1286,375;1288,433;10,653;5;1
2/2;1023;2018-05-16 18:00:00;4757;LH;верх;1293,750;1290,696;7,375;6;2
2/2;1024;2018-05-17 01:00:00;4763;HL;низ;1289,619;1292,094;4,131;6;2
2/2;1025;2018-05-17 02:00:00;4764;HH;верх;1294,471;1291,780;4,852;1;2
2/2;1026;2018-05-17 10:00:00;4772;LL;низ;1284,914;1289,884;9,557;8;1
2/2;1027;2018-05-17 13:00:00;4775;LH;верх;1292,197;1288,760;7,283;3;1
2/2;1028;2018-05-17 15:00:00;4777;HL;низ;1287,692;1290,880;4,505;2;1
2/2;1029;2018-05-17 18:00:00;4780;LH;верх;1291,821;1290,964;4,129;3;1
2/2;1030;2018-05-18 01:00:00;4786;HL;низ;1287,795;1288,790;4,026;6;2
2/2;1031;2018-05-18 07:00:00;4792;LH;верх;1291,182;1286,434;3,387;6;1
2/2;1032;2018-05-18 13:00:00;4798;LL;низ;1286,120;1291,470;5,062;6;1
2/2;1033;2018-05-18 18:00:00;4803;HH;верх;1294,278;1292,603;8,158;5;2
2/2;1034;2018-05-21 07:00:00;4815;LL;низ;1282,031;1284,686;12,247;12;3
2/2;1035;2018-05-21 23:00:00;4830;LH;верх;1293,544;1291,066;11,513;15;1
2/2;1036;2018-05-22 07:00:00;4838;HL;низ;1287,951;1295,046;5,593;8;1
2/2;1037;2018-05-22 08:00:00;4839;HH;верх;1296,641;1293,902;8,690;1;2
2/2;1038;2018-05-22 15:00:00;4846;HL;низ;1291,056;1292,694;5,585;7;1
2/2;1039;2018-05-22 16:00:00;4847;LH;верх;1294,605;1291,948;3,549;1;1
2/2;1040;2018-05-22 22:00:00;4852;LL;низ;1291,016;1293,088;3,589;5;1
2/2;1041;2018-05-23 00:00:00;4854;HH;верх;1295,708;1292,630;4,692;2;1
2/2;1042;2018-05-23 06:00:00;4860;LL;низ;1289,228;1292,719;6,480;6;1
2/2;1043;2018-05-23 09:00:00;4863;HH;верх;1299,008;1296,701;9,780;3;1
2/2;1044;2018-05-23 13:00:00;4867;LL;низ;1287,877;1291,750;11,131;4;1
2/2;1045;2018-05-23 15:00:00;4869;LH;верх;1294,424;1289,612;6,547;2;1
2/2;1046;2018-05-23 17:00:00;4871;HL;низ;1289,044;1293,292;5,380;2;1
2/2;1047;2018-05-23 18:00:00;4872;HH;верх;1295,100;1293,508;6,056;1;1
2/2;1048;2018-05-23 23:00:00;4876;HL;низ;1292,944;1294,302;2,156;4;1
2/2;1049;2018-05-24 00:00:00;4877;HH;верх;1296,018;1294,648;3,074;1;1
2/2;1050;2018-05-24 06:00:00;4883;LL;низ;1292,840;1297,050;3,178;6;2
2/2;1051;2018-05-24 09:00:00;4886;HH;верх;1297,998;1296,103;5,158;3;1
2/2;1052;2018-05-24 11:00:00;4888;HL;низ;1295,599;1304,722;2,399;2;1
2/2;1053;2018-05-24 14:00:00;4891;HH;верх;1306,636;1304,772;11,037;3;1
2/2;1054;2018-05-24 16:00:00;4893;HL;низ;1303,706;1305,088;2,930;2;1
2/2;1055;2018-05-24 19:00:00;4896;LH;верх;1306,204;1305,137;2,498;3;1
2/2;1056;2018-05-25 01:00:00;4901;LL;низ;1301,637;1302,491;4,567;5;2
2/2;1057;2018-05-25 13:00:00;4913;HH;верх;1307,890;1304,201;6,253;12;1
2/2;1058;2018-05-27 22:00:00;4921;LL;низ;1296,444;1299,056;11,446;8;2
2/2;1059;2018-05-28 01:00:00;4924;LH;верх;1299,914;1298,782;3,470;3;1
2/2;1060;2018-05-28 06:00:00;4929;LL;низ;1295,512;1297,436;4,402;5;1
2/2;1061;2018-05-28 12:00:00;4935;HH;верх;1300,482;1298,874;4,970;6;1
2/2;1062;2018-05-28 13:00:00;4936;HL;низ;1296,936;1298,758;3,546;1;2
2/2;1063;2018-05-29 00:00:00;4942;HH;верх;1301,436;1298,930;4,500;6;1
2/2;1064;2018-05-29 07:00:00;4949;LL;низ;1295,998;1303,004;5,438;7;2
2/2;1065;2018-05-29 08:00:00;4950;HH;верх;1306,723;1303,753;10,725;1;1
2/2;1066;2018-05-29 13:00:00;4955;LL;низ;1292,892;1302,752;13,831;5;1
2/2;1067;2018-05-29 16:00:00;4958;LH;верх;1304,734;1303,152;11,842;3;1
2/2;1068;2018-05-29 20:00:00;4962;HL;низ;1298,321;1302,179;6,413;4;2
2/2;1069;2018-05-29 23:00:00;4964;LH;верх;1302,988;1300,754;4,667;2;2
2/2;1070;2018-05-30 07:00:00;4972;LL;низ;1295,910;1297,848;7,078;8;1
2/2;1071;2018-05-30 09:00:00;4974;LH;верх;1299,864;1297,605;3,954;2;1
2/2;1072;2018-05-30 10:00:00;4975;HL;низ;1296,628;1300,510;3,236;1;1
2/2;1073;2018-05-30 16:00:00;4981;HH;верх;1304,405;1302,068;7,777;6;1
2/2;1074;2018-05-30 22:00:00;4986;HL;низ;1301,171;1303,254;3,234;5;1
2/2;1075;2018-05-31 00:00:00;4988;HH;верх;1305,146;1302,190;3,975;2;1
2/2;1076;2018-05-31 02:00:00;4990;HL;низ;1301,295;1303,270;3,851;2;1
2/2;1077;2018-05-31 06:00:00;4994;HH;верх;1306,912;1304,729;5,617;4;1
2/2;1078;2018-05-31 13:00:00;5001;LL;низ;1298,725;1301,080;8,187;7;2
2/2;1079;2018-05-31 14:00:00;5002;LH;верх;1306,316;1301,906;7,591;1;1
2/2;1080;2018-05-31 20:00:00;5008;LL;низ;1297,542;1299,479;8,774;6;2
2/2;1081;2018-06-01 01:00:00;5012;LH;верх;1300,730;1298,575;3,188;4;1
2/2;1082;2018-06-01 03:00:00;5014;HL;низ;1297,807;1299,250;2,923;2;1
2/2;1083;2018-06-01 08:00:00;5019;LH;верх;1300,159;1298,076;2,352;5;1
2/2;1084;2018-06-01 12:00:00;5023;LL;низ;1289,567;1295,114;10,592;4;1
2/2;1085;2018-06-01 15:00:00;5026;LH;верх;1299,108;1295,138;9,541;3;1
2/2;1086;2018-06-01 19:00:00;5030;HL;низ;1292,424;1293,488;6,684;4;1
2/2;1087;2018-06-03 23:00:00;5033;LH;верх;1294,683;1293,375;2,259;3;1
2/2;1088;2018-06-04 00:00:00;5034;LL;низ;1292,046;1293,060;2,637;1;1
2/2;1089;2018-06-04 04:00:00;5038;LH;верх;1294,048;1291,439;2,002;4;1
2/2;1090;2018-06-04 07:00:00;5041;LL;низ;1290,306;1294,052;3,742;3;1
2/2;1091;2018-06-04 13:00:00;5047;HH;верх;1298,090;1294,096;7,784;6;1
2/2;1092;2018-06-05 00:00:00;5057;HL;низ;1290,915;1291,868;7,175;10;1
2/2;1093;2018-06-05 02:00:00;5059;LH;верх;1292,794;1291,698;1,879;2;1
2/2;1094;2018-06-05 05:00:00;5062;LL;низ;1289,908;1291,866;2,886;3;1
2/2;1095;2018-06-05 07:00:00;5064;HH;верх;1294,186;1292,656;4,278;2;1
2/2;1096;2018-06-05 10:00:00;5067;HL;низ;1290,406;1293,430;3,780;3;2
2/2;1097;2018-06-05 16:00:00;5073;HH;верх;1300,631;1297,417;10,225;6;1
2/2;1098;2018-06-05 22:00:00;5078;HL;низ;1296,028;1297,591;4,603;5;1
2/2;1099;2018-06-06 01:00:00;5081;LH;верх;1298,287;1297,494;2,259;3;1
2/2;1100;2018-06-06 05:00:00;5085;HL;низ;1296,482;1298,266;1,805;4;1
2/2;1101;2018-06-06 06:00:00;5086;HH;верх;1299,508;1297,038;3,026;1;1
2/2;1102;2018-06-06 11:00:00;5091;LL;низ;1293,902;1300,628;5,606;5;1
2/2;1103;2018-06-06 14:00:00;5094;HH;верх;1301,913;1297,597;8,011;3;1
2/2;1104;2018-06-06 17:00:00;5097;HL;низ;1294,815;1297,210;7,098;3;1
2/2;1105;2018-06-06 23:00:00;5102;LH;верх;1298,264;1297,222;3,449;5;1
2/2;1106;2018-06-07 01:00:00;5104;HL;низ;1295,607;1297,024;2,657;2;2
2/2;1107;2018-06-07 12:00:00;5115;HH;верх;1303,327;1297,906;7,720;11;2
2/2;1108;2018-06-07 13:00:00;5116;LL;низ;1294,944;1298,146;8,383;1;1
2/2;1109;2018-06-07 17:00:00;5120;LH;верх;1299,809;1296,958;4,865;4;1
2/2;1110;2018-06-07 20:00:00;5123;HL;низ;1296,523;1297,330;3,286;3;2
2/2;1111;2018-06-07 23:00:00;5125;LH;верх;1297,884;1296,830;1,361;2;2
2/2;1112;2018-06-08 05:00:00;5131;LL;низ;1292,707;1298,471;5,177;6;1
2/2;1113;2018-06-08 11:00:00;5137;HH;верх;1300,586;1298,650;7,879;6;2
2/2;1114;2018-06-08 15:00:00;5141;HL;низ;1297,171;1298,622;3,415;4;2
2/2;1115;2018-06-10 22:00:00;5147;LH;верх;1300,471;1299,290;3,300;6;2
2/2;1116;2018-06-10 22:00:00;5147;HL;низ;1298,374;1299,290;2,097;0;1
2/2;1117;2018-06-11 01:00:00;5150;HH;верх;1301,354;1299,424;2,980;3;1
2/2;1118;2018-06-11 10:00:00;5159;LL;низ;1294,206;1298,926;7,148;9;1
2/2;1119;2018-06-11 15:00:00;5164;HH;верх;1302,334;1299,400;8,128;5;1
2/2;1120;2018-06-11 17:00:00;5166;HL;низ;1298,988;1300,473;3,346;2;1
2/2;1121;2018-06-11 22:00:00;5170;LH;верх;1300,756;1298,682;1,768;4;1
2/2;1122;2018-06-12 00:00:00;5172;LL;низ;1296,827;1298,792;3,929;2;1
2/2;1123;2018-06-12 02:00:00;5174;LH;верх;1299,906;1297,017;3,079;2;1
2/2;1124;2018-06-12 04:00:00;5176;LL;низ;1296,416;1297,696;3,490;2;1
2/2;1125;2018-06-12 09:00:00;5181;LH;верх;1298,871;1297,928;2,455;5;1
2/2;1126;2018-06-12 12:00:00;5184;LL;низ;1292,896;1299,451;5,975;3;1
2/2;1127;2018-06-12 14:00:00;5186;HH;верх;1299,874;1296,670;6,978;2;1
2/2;1128;2018-06-12 17:00:00;5189;HL;низ;1294,503;1296,229;5,371;3;1
2/2;1129;2018-06-12 22:00:00;5193;LH;верх;1296,514;1295,170;2,011;4;1
2/2;1130;2018-06-13 01:00:00;5196;HL;низ;1294,759;1295,374;1,755;3;1
2/2;1131;2018-06-13 06:00:00;5201;LH;верх;1295,884;1294,392;1,125;5;1
2/2;1132;2018-06-13 08:00:00;5203;LL;низ;1292,051;1294,968;3,833;2;2
2/2;1133;2018-06-13 15:00:00;5210;HH;верх;1299,036;1297,898;6,985;7;1
2/2;1134;2018-06-13 18:00:00;5213;HL;низ;1292,714;1299,554;6,322;3;1
2/2;1135;2018-06-13 19:00:00;5214;HH;верх;1301,259;1299,682;8,545;1;1
2/2;1136;2018-06-14 02:00:00;5220;HL;низ;1297,578;1299,432;3,681;6;1
2/2;1137;2018-06-14 12:00:00;5230;HH;верх;1309,404;1307,036;11,826;10;1
2/2;1138;2018-06-15 07:00:00;5248;LL;низ;1297,552;1299,002;11,852;18;4
2/2;1139;2018-06-15 08:00:00;5249;LH;верх;1301,284;1299,636;3,732;1;1
2/2;1140;2018-06-15 17:00:00;5258;LL;низ;1275,502;1280,521;25,782;9;1
2/2;1141;2018-06-15 19:00:00;5260;LH;верх;1280,727;1280,104;5,225;2;1
2/2;1142;2018-06-17 22:00:00;5262;HL;низ;1278,080;1281,303;2,647;2;1
2/2;1143;2018-06-18 02:00:00;5266;HH;верх;1282,462;1280,390;4,382;4;1
2/2;1144;2018-06-18 06:00:00;5270;HL;низ;1278,539;1281,862;3,923;4;2
2/2;1145;2018-06-18 08:00:00;5272;LH;верх;1282,348;1280,997;3,809;2;2
2/2;1146;2018-06-18 17:00:00;5281;LL;низ;1277,124;1278,498;5,224;9;1
2/2;1147;2018-06-19 04:00:00;5291;HH;верх;1284,098;1280,404;6,974;10;2
2/2;1148;2018-06-19 12:00:00;5299;LL;низ;1270,442;1274,158;13,656;8;2
2/2;1149;2018-06-19 17:00:00;5304;LH;верх;1277,602;1275,566;7,160;5;1
2/2;1150;2018-06-20 00:00:00;5310;HL;низ;1273,201;1274,181;4,401;6;2
2/2;1151;2018-06-20 01:00:00;5311;LH;верх;1276,467;1273,790;3,266;1;1
2/2;1152;2018-06-20 04:00:00;5314;HL;низ;1273,268;1273,625;3,199;3;1
2/2;1153;2018-06-20 05:00:00;5315;LH;верх;1275,081;1273,686;1,813;1;1
2/2;1154;2018-06-20 10:00:00;5320;LL;низ;1270,525;1275,339;4,556;5;1
2/2;1155;2018-06-20 13:00:00;5323;HH;верх;1276,505;1274,372;5,980;3;1
2/2;1156;2018-06-20 20:00:00;5330;LL;низ;1267,595;1269,518;8,910;7;1
2/2;1157;2018-06-21 01:00:00;5334;LH;верх;1270,185;1266,032;2,590;4;1
2/2;1158;2018-06-21 06:00:00;5339;LL;низ;1261,978;1262,978;8,207;5;1
2/2;1159;2018-06-21 08:00:00;5341;LH;верх;1265,290;1263,244;3,312;2;1
2/2;1160;2018-06-21 12:00:00;5345;LL;низ;1261,259;1266,904;4,031;4;2
2/2;1161;2018-06-21 18:00:00;5351;HH;верх;1270,234;1267,142;8,975;6;2
2/2;1162;2018-06-22 02:00:00;5358;HL;низ;1266,750;1267,474;3,484;7;1
2/2;1163;2018-06-22 07:00:00;5363;HH;верх;1271,176;1269,561;4,426;5;1
2/2;1164;2018-06-22 13:00:00;5369;HL;низ;1266,946;1268,623;4,230;6;2
2/2;1165;2018-06-25 00:00:00;5379;HH;верх;1272,702;1269,400;5,756;10;2
2/2;1166;2018-06-25 06:00:00;5385;LL;низ;1264,533;1269,878;8,169;6;1
2/2;1167;2018-06-25 08:00:00;5387;LH;верх;1271,235;1267,239;6,702;2;1
2/2;1168;2018-06-25 10:00:00;5389;HL;низ;1266,396;1267,428;4,839;2;1
2/2;1169;2018-06-25 12:00:00;5391;LH;верх;1270,408;1266,959;4,012;2;1
2/2;1170;2018-06-25 16:00:00;5395;LL;низ;1265,638;1268,050;4,770;4;2
2/2;1171;2018-06-25 18:00:00;5397;LH;верх;1268,109;1265,622;2,471;2;1
2/2;1172;2018-06-25 19:00:00;5398;LL;низ;1264,754;1266,368;3,355;1;1
2/2;1173;2018-06-26 01:00:00;5403;LH;верх;1267,804;1264,408;3,050;5;1
2/2;1174;2018-06-26 02:00:00;5404;LL;низ;1263,218;1263,706;4,586;1;1
2/2;1175;2018-06-26 06:00:00;5408;LH;верх;1264,732;1259,196;1,514;4;1
2/2;1176;2018-06-26 12:00:00;5414;LL;низ;1254,791;1259,580;9,941;6;1
2/2;1177;2018-06-26 15:00:00;5417;LH;верх;1262,286;1258,034;7,495;3;1
2/2;1178;2018-06-26 17:00:00;5419;HL;низ;1257,102;1259,038;5,184;2;1
2/2;1179;2018-06-27 01:00:00;5426;LH;верх;1259,583;1255,946;2,481;7;1
2/2;1180;2018-06-27 03:00:00;5428;LL;низ;1253,424;1256,345;6,159;2;1
2/2;1181;2018-06-27 08:00:00;5433;LH;верх;1259,439;1258,230;6,015;5;1
2/2;1182;2018-06-27 09:00:00;5434;HL;низ;1255,516;1259,342;3,923;1;1
2/2;1183;2018-06-27 11:00:00;5436;HH;верх;1260,180;1255,275;4,664;2;1
2/2;1184;2018-06-27 19:00:00;5444;LL;низ;1250,792;1252,829;9,388;8;2
2/2;1185;2018-06-28 01:00:00;5449;LH;верх;1254,202;1252,872;3,410;5;1
2/2;1186;2018-06-28 01:00:00;5449;HL;низ;1252,185;1252,872;2,017;0;1
2/2;1187;2018-06-28 06:00:00;5454;LH;верх;1253,268;1249,844;1,083;5;1
2/2;1188;2018-06-28 08:00:00;5456;LL;низ;1248,374;1252,962;4,894;2;1
2/2;1189;2018-06-28 12:00:00;5460;HH;верх;1254,316;1250,507;5,942;4;1
2/2;1190;2018-06-28 18:00:00;5466;LL;низ;1245,980;1248,340;8,336;6;1
2/2;1191;2018-06-28 23:00:00;5470;LH;верх;1249,574;1247,416;3,594;4;1
2/2;1192;2018-06-29 02:00:00;5473;HL;низ;1245,994;1251,241;3,580;3;1
2/2;1193;2018-06-29 06:00:00;5477;HH;верх;1252,887;1250,932;6,893;4;1
2/2;1194;2018-06-29 08:00:00;5479;HL;низ;1249,052;1250,517;3,835;2;1
2/2;1195;2018-06-29 13:00:00;5484;HH;верх;1252,911;1252,436;3,859;5;2
2/2;1196;2018-06-29 13:00:00;5484;LL;низ;1248,606;1252,436;4,305;0;1
2/2;1197;2018-06-29 16:00:00;5487;HH;верх;1255,674;1252,324;7,068;3;1
2/2;1198;2018-07-01 22:00:00;5492;HL;низ;1251,267;1251,581;4,407;5;1
2/2;1199;2018-07-01 23:00:00;5493;LH;верх;1254,334;1251,462;3,067;1;1
2/2;1200;2018-07-02 07:00:00;5501;LL;низ;1247,672;1248,653;6,662;8;1
2/2;1201;2018-07-02 12:00:00;5506;LH;верх;1250,835;1246,926;3,163;5;2
2/2;1202;2018-07-02 19:00:00;5513;LL;низ;1239,708;1242,708;11,127;7;1
2/2;1203;2018-07-02 23:00:00;5516;LH;верх;1243,092;1239,008;3,384;3;1
2/2;1204;2018-07-03 05:00:00;5522;LL;низ;1238,020;1245,252;5,072;6;2
2/2;1205;2018-07-03 15:00:00;5532;HH;верх;1256,980;1253,398;18,960;10;1
2/2;1206;2018-07-03 17:00:00;5534;HL;низ;1251,936;1252,863;5,044;2;2
2/2;1207;2018-07-04 01:00:00;5541;HH;верх;1260,530;1256,973;8,594;7;1
2/2;1208;2018-07-04 04:00:00;5544;HL;низ;1256,236;1260,708;4,294;3;1
2/2;1209;2018-07-04 06:00:00;5546;HH;верх;1261,181;1256,740;4,945;2;1
2/2;1210;2018-07-04 11:00:00;5551;LL;низ;1254,040;1256,460;7,141;5;1
2/2;1211;2018-07-04 16:00:00;5556;LH;верх;1258,436;1257,052;4,396;5;3
2/2;1212;2018-07-05 10:00:00;5569;LL;низ;1251,380;1255,716;7,056;13;1
2/2;1213;2018-07-05 15:00:00;5574;HH;верх;1259,815;1256,818;8,435;5;1
2/2;1214;2018-07-05 18:00:00;5577;HL;низ;1254,664;1257,498;5,151;3;1
2/2;1215;2018-07-05 23:00:00;5581;LH;верх;1258,832;1253,850;4,168;4;1
2/2;1216;2018-07-06 03:00:00;5585;LL;низ;1252,934;1255,548;5,898;4;1
2/2;1217;2018-07-06 06:00:00;5588;LH;верх;1257,014;1255,332;4,080;3;1
2/2;1218;2018-07-06 10:00:00;5592;HL;низ;1253,717;1255,172;3,297;4;1
2/2;1219;2018-07-06 12:00:00;5594;HH;верх;1259,575;1255,511;5,858;2;1
2/2;1220;2018-07-06 15:00:00;5597;LL;низ;1253,611;1254,366;5,964;3;2
2/2;1221;2018-07-09 11:00:00;5616;HH;верх;1266,023;1262,260;12,412;19;2
2/2;1222;2018-07-09 20:00:00;5625;HL;низ;1257,309;1258,441;8,714;9;2
2/2;1223;2018-07-10 02:00:00;5630;LH;верх;1260,450;1259,058;3,141;5;1
2/2;1224;2018-07-10 11:00:00;5639;LL;низ;1247,356;1253,293;13,094;9;1
2/2;1225;2018-07-10 23:00:00;5650;LH;верх;1257,050;1251,357;9,694;11;3
2/2;1226;2018-07-11 01:00:00;5652;HL;низ;1249,082;1250,854;7,968;2;2
2/2;1227;2018-07-11 08:00:00;5659;LH;верх;1253,541;1250,642;4,459;7;2
2/2;1228;2018-07-12 00:00:00;5674;LL;низ;1241,416;1243,166;12,125;15;4
2/2;1229;2018-07-12 07:00:00;5681;LH;верх;1246,439;1244,936;5,023;7;1
2/2;1230;2018-07-12 11:00:00;5685;HL;низ;1242,496;1245,928;3,943;4;1
2/2;1231;2018-07-12 15:00:00;5689;HH;верх;1248,628;1246,998;6,132;4;1
2/2;1232;2018-07-12 17:00:00;5691;HL;низ;1245,377;1247,074;3,251;2;1
2/2;1233;2018-07-12 18:00:00;5692;LH;верх;1247,980;1247,039;2,603;1;2
2/2;1234;2018-07-12 23:00:00;5696;HL;низ;1245,815;1247,290;2,165;4;1
2/2;1235;2018-07-13 01:00:00;5698;HH;верх;1248,206;1246,416;2,391;2;1
2/2;1236;2018-07-13 12:00:00;5709;LL;низ;1236,518;1242,478;11,688;11;1
2/2;1237;2018-07-13 13:00:00;5710;LH;верх;1243,821;1242,144;7,303;1;1
2/2;1238;2018-07-13 17:00:00;5714;HL;низ;1240,753;1241,646;3,068;4;1
2/2;1239;2018-07-16 05:00:00;5725;HH;верх;1245,654;1242,944;4,901;11;3
2/2;1240;2018-07-16 07:00:00;5727;HL;низ;1241,878;1244,235;3,776;2;1
2/2;1241;2018-07-16 09:00:00;5729;LH;верх;1245,044;1243,704;3,166;2;1
2/2;1242;2018-07-16 16:00:00;5736;LL;низ;1238,374;1240,144;6,670;7;1
2/2;1243;2018-07-16 20:00:00;5740;LH;верх;1241,498;1240,798;3,124;4;1
2/2;1244;2018-07-17 01:00:00;5744;LL;низ;1237,526;1241,626;3,972;4;2
2/2;1245;2018-07-17 09:00:00;5752;HH;верх;1245,101;1240,136;7,575;8;1
2/2;1246;2018-07-17 14:00:00;5757;LL;низ;1226,168;1226,829;18,933;5;2
2/2;1247;2018-07-17 18:00:00;5761;LH;верх;1228,970;1227,801;2,802;4;1
2/2;1248;2018-07-18 00:00:00;5766;HL;низ;1226,680;1228,454;2,290;5;1
2/2;1249;2018-07-18 01:00:00;5767;HH;верх;1229,281;1227,839;2,601;1;1
2/2;1250;2018-07-18 08:00:00;5774;LL;низ;1221,094;1223,100;8,187;7;2
2/2;1251;2018-07-19 00:00:00;5789;LH;верх;1228,597;1224,766;7,503;15;2
2/2;1252;2018-07-19 12:00:00;5801;LL;низ;1211,520;1217,778;17,077;12;1
2/2;1253;2018-07-19 17:00:00;5806;HH;верх;1229,603;1222,747;18,083;5;3
2/2;1254;2018-07-20 01:00:00;5813;HL;низ;1215,640;1218,948;13,963;7;1
2/2;1255;2018-07-23 00:00:00;5835;HH;верх;1235,238;1231,792;19,598;22;3
2/2;1256;2018-07-23 01:00:00;5836;HL;низ;1231,256;1232,427;3,982;1;1
2/2;1257;2018-07-23 05:00:00;5840;LH;верх;1232,858;1231,024;1,602;4;1
2/2;1258;2018-07-23 09:00:00;5844;LL;низ;1228,073;1231,546;4,785;4;1
2/2;1259;2018-07-23 11:00:00;5846;LH;верх;1232,688;1225,332;4,615;2;1
2/2;1260;2018-07-23 16:00:00;5851;LL;низ;1222,338;1224,073;10,350;5;1
2/2;1261;2018-07-23 17:00:00;5852;LH;верх;1226,323;1225,026;3,985;1;1
2/2;1262;2018-07-24 04:00:00;5862;LL;низ;1218,192;1219,416;8,131;10;3
2/2;1263;2018-07-24 14:00:00;5872;HH;верх;1229,624;1225,320;11,432;10;2
2/2;1264;2018-07-24 19:00:00;5877;HL;низ;1224,044;1224,900;5,580;5;2
2/2;1265;2018-07-25 01:00:00;5882;LH;верх;1227,599;1224,256;3,555;5;1
2/2;1266;2018-07-25 03:00:00;5884;LL;низ;1223,296;1226,515;4,303;2;2
2/2;1267;2018-07-25 13:00:00;5894;HH;верх;1234,222;1228,583;10,926;10;1
2/2;1268;2018-07-25 15:00:00;5896;HL;низ;1228,022;1232,269;6,200;2;1
2/2;1269;2018-07-26 01:00:00;5905;HH;верх;1235,298;1231,392;7,276;9;2
2/2;1270;2018-07-26 08:00:00;5912;LL;низ;1226,913;1228,453;8,385;7;1
2/2;1271;2018-07-26 12:00:00;5916;LH;верх;1230,786;1226,533;3,873;4;1
2/2;1272;2018-07-27 02:00:00;5929;LL;низ;1222,181;1224,521;8,605;13;3
2/2;1273;2018-07-27 07:00:00;5934;LH;верх;1225,414;1218,642;3,233;5;2
2/2;1274;2018-07-27 10:00:00;5937;LL;низ;1217,594;1223,316;7,820;3;1
2/2;1275;2018-07-27 15:00:00;5942;HH;верх;1227,480;1224,776;9,886;5;1
2/2;1276;2018-07-29 22:00:00;5948;HL;низ;1222,040;1222,799;5,440;6;1
2/2;1277;2018-07-30 00:00:00;5950;LH;верх;1224,026;1219,915;1,986;2;1
2/2;1278;2018-07-30 06:00:00;5956;LL;низ;1219,041;1221,972;4,985;6;3
2/2;1279;2018-07-30 14:00:00;5964;HH;верх;1225,133;1223,550;6,092;8;1
2/2;1280;2018-07-30 22:00:00;5971;HL;низ;1221,341;1222,521;3,792;7;1
2/2;1281;2018-07-31 00:00:00;5973;LH;верх;1223,385;1221,132;2,044;2;1
2/2;1282;2018-07-31 04:00:00;5977;LL;низ;1219,590;1222,314;3,795;4;1
2/2;1283;2018-07-31 05:00:00;5978;LH;верх;1222,978;1218,718;3,388;1;1
2/2;1284;2018-07-31 10:00:00;5983;LL;низ;1217,704;1219,182;5,274;5;2
2/2;1285;2018-07-31 12:00:00;5985;HH;верх;1226,087;1221,448;8,383;2;1
2/2;1286;2018-07-31 13:00:00;5986;LL;низ;1214,004;1224,075;12,083;1;1
2/2;1287;2018-07-31 16:00:00;5989;HH;верх;1228,589;1225,449;14,585;3;1
2/2;1288;2018-08-01 06:00:00;6002;HL;низ;1220,028;1223,317;8,561;13;2
2/2;1289;2018-08-01 08:00:00;6004;LH;верх;1224,892;1223,738;4,864;2;2
2/2;1290;2018-08-01 15:00:00;6011;LL;низ;1216,688;1219,468;8,204;7;1
2/2;1291;2018-08-01 18:00:00;6014;LH;верх;1221,944;1216,028;5,256;3;1
2/2;1292;2018-08-01 19:00:00;6015;LL;низ;1215,855;1217,134;6,089;1;1
2/2;1293;2018-08-02 02:00:00;6021;LH;верх;1221,164;1218,621;5,309;6;2
2/2;1294;2018-08-02 11:00:00;6030;LL;низ;1213,314;1215,312;7,850;9;1
2/2;1295;2018-08-02 12:00:00;6031;LH;верх;1218,428;1214,567;5,114;1;1
2/2;1296;2018-08-02 20:00:00;6039;LL;низ;1207,214;1208,452;11,214;8;1
2/2;1297;2018-08-03 01:00:00;6043;LH;верх;1210,456;1207,822;3,242;4;1
2/2;1298;2018-08-03 08:00:00;6050;LL;низ;1204,528;1208,923;5,928;7;2
2/2;1299;2018-08-03 14:00:00;6056;HH;верх;1220,115;1215,888;15,587;6;1
2/2;1300;2018-08-03 19:00:00;6061;HL;низ;1213,212;1213,886;6,903;5;1
2/2;1301;2018-08-06 01:00:00;6066;LH;верх;1217,988;1216,104;4,776;5;1
2/2;1302;2018-08-06 12:00:00;6077;LL;низ;1207,370;1210,746;10,618;11;1
2/2;1303;2018-08-06 14:00:00;6079;LH;верх;1211,740;1209,996;4,370;2;1
2/2;1304;2018-08-06 20:00:00;6085;LL;низ;1206,456;1208,784;5,284;6;3
2/2;1305;2018-08-07 10:00:00;6098;HH;верх;1216,240;1213,416;9,784;13;1
2/2;1306;2018-08-07 18:00:00;6106;HL;низ;1208,641;1211,032;7,599;8;2
2/2;1307;2018-08-08 07:00:00;6118;LH;верх;1215,959;1211,722;7,318;12;2
2/2;1308;2018-08-08 12:00:00;6123;LL;низ;1206,535;1210,362;9,424;5;1
2/2;1309;2018-08-08 18:00:00;6129;LH;верх;1214,143;1213,685;7,608;6;2
2/2;1310;2018-08-09 01:00:00;6135;HL;низ;1212,380;1215,022;1,763;6;1
2/2;1311;2018-08-09 06:00:00;6140;HH;верх;1217,246;1212,944;4,866;5;2
2/2;1312;2018-08-09 07:00:00;6141;LL;низ;1210,832;1214,200;6,414;1;1
2/2;1313;2018-08-09 12:00:00;6146;HH;верх;1217,404;1213,907;6,572;5;1
2/2;1314;2018-08-09 17:00:00;6151;HL;низ;1211,394;1212,036;6,010;5;2
2/2;1315;2018-08-10 00:00:00;6157;LH;верх;1213,521;1212,516;2,127;6;1
2/2;1316;2018-08-10 06:00:00;6163;LL;низ;1205,780;1209,338;7,741;6;1
2/2;1317;2018-08-10 14:00:00;6171;HH;верх;1217,194;1211,782;11,414;8;1
2/2;1318;2018-08-10 17:00:00;6174;HL;низ;1210,584;1211,362;6,610;3;1
2/2;1319;2018-08-12 23:00:00;6179;LH;верх;1213,983;1208,693;3,399;5;1
2/2;1320;2018-08-13 04:00:00;6184;LL;низ;1207,246;1207,990;6,737;5;1
2/2;1321;2018-08-13 06:00:00;6186;LH;верх;1209,777;1205,023;2,531;2;1
2/2;1322;2018-08-13 11:00:00;6191;LL;низ;1194,776;1199,828;15,001;5;1
2/2;1323;2018-08-13 12:00:00;6192;LH;верх;1203,106;1197,497;8,330;1;1
2/2;1324;2018-08-13 16:00:00;6196;LL;низ;1191,573;1193,542;11,533;4;2
2/2;1325;2018-08-14 02:00:00;6205;LH;верх;1196,340;1195,260;4,767;9;1
2/2;1326;2018-08-14 05:00:00;6208;HL;низ;1193,334;1195,474;3,006;3;1
2/2;1327;2018-08-14 14:00:00;6217;HH;верх;1198,788;1193,660;5,454;9;2
2/2;1328;2018-08-15 05:00:00;6231;LL;низ;1186,518;1188,022;12,270;14;2
2/2;1329;2018-08-15 07:00:00;6233;LH;верх;1189,668;1185,920;3,150;2;1
2/2;1330;2018-08-15 10:00:00;6236;LL;низ;1183,936;1185,265;5,732;3;1
2/2;1331;2018-08-15 12:00:00;6238;LH;верх;1187,692;1179,092;3,756;2;1
2/2;1332;2018-08-16 00:00:00;6249;LL;низ;1160,324;1172,350;27,368;11;2
2/2;1333;2018-08-16 08:00:00;6257;LH;верх;1182,185;1178,690;21,861;8;3
2/2;1334;2018-08-16 13:00:00;6262;HL;низ;1174,780;1179,435;7,405;5;1
2/2;1335;2018-08-16 15:00:00;6264;LH;верх;1181,752;1175,556;6,972;2;1
2/2;1336;2018-08-17 00:00:00;6272;LL;низ;1171,918;1177,346;9,834;8;2
2/2;1337;2018-08-17 01:00:00;6273;LH;верх;1179,384;1176,355;7,466;1;1
2/2;1338;2018-08-17 06:00:00;6278;HL;низ;1173,584;1177,962;5,800;5;1
2/2;1339;2018-08-17 08:00:00;6280;HH;верх;1179,959;1177,612;6,375;2;1
2/2;1340;2018-08-17 10:00:00;6282;HL;низ;1175,142;1178,101;4,817;2;1
2/2;1341;2018-08-17 15:00:00;6287;HH;верх;1180,568;1177,570;5,426;5;1
2/2;1342;2018-08-17 17:00:00;6289;HL;низ;1176,479;1184,376;4,089;2;1
2/2;1343;2018-08-17 20:00:00;6292;HH;верх;1185,230;1183,683;8,751;3;1
2/2;1344;2018-08-20 01:00:00;6296;HL;низ;1182,956;1185,810;2,274;4;1
2/2;1345;2018-08-20 08:00:00;6303;HH;верх;1189,896;1187,576;6,940;7;2
2/2;1346;2018-08-20 14:00:00;6309;HL;низ;1184,704;1189,138;5,192;6;1
2/2;1347;2018-08-21 06:00:00;6324;HH;верх;1196,444;1195,393;11,740;15;1
2/2;1348;2018-08-21 15:00:00;6333;HL;низ;1187,713;1193,950;8,731;9;1
2/2;1349;2018-08-22 00:00:00;6341;HH;верх;1197,868;1195,308;10,155;8;2
2/2;1350;2018-08-22 01:00:00;6342;HL;низ;1194,682;1195,528;3,186;1;1
2/2;1351;2018-08-22 05:00:00;6346;LH;верх;1196,058;1194,158;1,376;4;1
2/2;1352;2018-08-22 07:00:00;6348;LL;низ;1192,658;1197,553;3,400;2;1
2/2;1353;2018-08-22 12:00:00;6353;HH;верх;1201,715;1195,862;9,057;5;1
2/2;1354;2018-08-22 15:00:00;6356;HL;низ;1194,448;1195,934;7,267;3;1
2/2;1355;2018-08-22 18:00:00;6359;LH;верх;1199,072;1195,946;4,624;3;1
2/2;1356;2018-08-22 18:00:00;6359;HL;низ;1194,573;1195,946;4,499;0;1
2/2;1357;2018-08-23 06:00:00;6370;LH;верх;1193,022;1189,050;1,551;11;1
2/2;1358;2018-08-23 07:00:00;6371;LL;низ;1186,286;1188,662;6,736;1;1
2/2;1359;2018-08-23 12:00:00;6376;LH;верх;1192,960;1189,473;6,674;5;1
2/2;1360;2018-08-24 00:00:00;6387;LL;низ;1183,150;1186,538;9,810;11;3
2/2;1361;2018-08-24 15:00:00;6402;HH;верх;1208,715;1206,404;25,565;15;1
2/2;1362;2018-08-24 19:00:00;6406;HL;низ;1204,684;1206,604;4,031;4;1
2/2;1363;2018-08-26 23:00:00;6409;LH;верх;1208,098;1204,245;3,414;3;1
2/2;1364;2018-08-27 01:00:00;6411;LL;низ;1203,530;1207,249;4,568;2;1
2/2;1365;2018-08-27 03:00:00;6413;LH;верх;1207,976;1206,826;4,446;2;1
2/2;1366;2018-08-27 10:00:00;6420;LL;низ;1203,214;1205,928;4,762;7;1
2/2;1367;2018-08-27 14:00:00;6424;HH;верх;1212,453;1210,018;9,239;4;1
2/2;1368;2018-08-27 17:00:00;6427;HL;низ;1208,193;1210,440;4,260;3;1
2/2;1369;2018-08-28 00:00:00;6433;HH;верх;1212,558;1208,384;4,365;6;1
2/2;1370;2018-08-28 03:00:00;6436;LL;низ;1208,088;1209,764;4,470;3;1
2/2;1371;2018-08-28 10:00:00;6443;HH;верх;1214,410;1211,524;6,322;7;1
2/2;1372;2018-08-28 19:00:00;6452;LL;низ;1199,686;1202,316;14,724;9;3
2/2;1373;2018-08-29 04:00:00;6460;LH;верх;1204,880;1202,648;5,194;8;1
2/2;1374;2018-08-29 06:00:00;6462;HL;низ;1201,531;1202,581;3,349;2;1
2/2;1375;2018-08-29 07:00:00;6463;HH;верх;1206,004;1204,632;4,473;1;1
2/2;1376;2018-08-29 11:00:00;6467;HL;низ;1202,138;1204,266;3,866;4;1
2/2;1377;2018-08-29 23:00:00;6478;HH;верх;1207,962;1205,729;5,824;11;3
2/2;1378;2018-08-30 05:00:00;6484;LL;низ;1200,505;1203,374;7,457;6;1
2/2;1379;2018-08-30 12:00:00;6491;LH;верх;1206,840;1200,562;6,335;7;2
2/2;1380;2018-08-30 13:00:00;6492;LL;низ;1195,945;1199,217;10,895;1;1
2/2;1381;2018-08-30 18:00:00;6497;LH;верх;1201,007;1200,085;5,062;5;1
2/2;1382;2018-08-31 00:00:00;6502;HL;низ;1198,672;1201,749;2,335;5;1
2/2;1383;2018-08-31 08:00:00;6510;HH;верх;1208,948;1206,770;10,276;8;4
2/2;1384;2018-09-03 01:00:00;6526;LL;низ;1195,732;1199,726;13,216;16;2
2/2;1385;2018-09-03 02:00:00;6527;LH;верх;1200,724;1199,952;4,992;1;1
2/2;1386;2018-09-03 07:00:00;6532;HL;низ;1199,062;1201,031;1,662;5;1
2/2;1387;2018-09-03 08:00:00;6533;HH;верх;1203,954;1201,661;4,892;1;1
2/2;1388;2018-09-03 12:00:00;6537;LL;низ;1198,790;1201,874;5,164;4;1
2/2;1389;2018-09-03 14:00:00;6539;LH;верх;1202,354;1201,388;3,564;2;3
2/2;1390;2018-09-04 01:00:00;6545;HL;низ;1199,152;1199,798;3,202;6;1
2/2;1391;2018-09-04 05:00:00;6549;LH;верх;1201,300;1194,851;2,148;4;1
2/2;1392;2018-09-04 08:00:00;6552;LL;низ;1193,678;1194,526;7,622;3;1
2/2;1393;2018-09-04 09:00:00;6553;LH;верх;1196,668;1194,227;2,990;1;1
2/2;1394;2018-09-04 14:00:00;6558;LL;низ;1189,686;1193,342;6,982;5;1
2/2;1395;2018-09-04 16:00:00;6560;LH;верх;1194,704;1192,967;5,018;2;2
2/2;1396;2018-09-04 20:00:00;6564;HL;низ;1190,882;1192,101;3,822;4;2
2/2;1397;2018-09-05 02:00:00;6569;LH;верх;1194,674;1193,465;3,792;5;1
2/2;1398;2018-09-05 06:00:00;6573;HL;низ;1191,946;1194,817;2,728;4;1
2/2;1399;2018-09-05 15:00:00;6582;HH;верх;1198,546;1195,672;6,600;9;2
2/2;1400;2018-09-05 17:00:00;6584;HL;низ;1195,120;1197,052;3,426;2;2
2/2;1401;2018-09-06 00:00:00;6590;HH;верх;1200,036;1199,246;4,916;6;1
2/2;1402;2018-09-06 05:00:00;6595;HL;низ;1195,672;1199,021;4,364;5;1
2/2;1403;2018-09-06 13:00:00;6603;HH;верх;1207,084;1199,049;11,412;8;1
2/2;1404;2018-09-06 15:00:00;6605;HL;низ;1196,820;1199,582;10,264;2;1
2/2;1405;2018-09-07 01:00:00;6614;LH;верх;1203,574;1200,594;6,754;9;2
2/2;1406;2018-09-07 03:00:00;6616;HL;низ;1199,316;1200,746;4,258;2;1
2/2;1407;2018-09-07 06:00:00;6619;LH;верх;1202,178;1200,941;2,862;3;1
2/2;1408;2018-09-07 07:00:00;6620;LL;низ;1198,400;1200,310;3,778;1;1
2/2;1409;2018-09-07 11:00:00;6624;HH;верх;1202,363;1198,554;3,963;4;1
2/2;1410;2018-09-07 13:00:00;6626;LL;низ;1193,525;1197,127;8,838;2;2
2/2;1411;2018-09-07 20:00:00;6633;LH;верх;1197,063;1196,204;3,538;7;1
2/2;1412;2018-09-10 05:00:00;6641;LL;низ;1191,718;1195,411;5,345;8;1
2/2;1413;2018-09-10 07:00:00;6643;LH;верх;1196,132;1194,312;4,414;2;1
2/2;1414;2018-09-10 12:00:00;6648;LL;низ;1191,638;1197,090;4,494;5;1
2/2;1415;2018-09-10 14:00:00;6650;HH;верх;1198,620;1196,347;6,982;2;1
2/2;1416;2018-09-10 17:00:00;6653;HL;низ;1193,798;1195,516;4,822;3;1
2/2;1417;2018-09-11 00:00:00;6659;LH;верх;1196,332;1193,974;2,534;6;1
2/2;1418;2018-09-11 02:00:00;6661;LL;низ;1193,204;1194,054;3,128;2;2
2/2;1419;2018-09-11 07:00:00;6666;HH;верх;1197,266;1193,492;4,062;5;2
2/2;1420;2018-09-11 13:00:00;6672;LL;низ;1187,818;1195,690;9,448;6;1
2/2;1421;2018-09-11 20:00:00;6679;HH;верх;1199,462;1197,062;11,644;7;2
2/2;1422;2018-09-12 04:00:00;6686;HL;низ;1192,731;1193,452;6,731;7;2
2/2;1423;2018-09-12 09:00:00;6691;LH;верх;1197,676;1194,107;4,945;5;1
2/2;1424;2018-09-12 12:00:00;6694;HL;низ;1193,000;1198,014;4,676;3;1
2/2;1425;2018-09-12 18:00:00;6700;HH;верх;1208,543;1206,152;15,543;6;2
2/2;1426;2018-09-13 02:00:00;6707;HL;низ;1204,132;1204,434;4,411;7;1
2/2;1427;2018-09-13 04:00:00;6709;LH;верх;1206,134;1204,626;2,002;2;1
2/2;1428;2018-09-13 07:00:00;6712;LL;низ;1203,478;1205,719;2,656;3;1
2/2;1429;2018-09-13 08:00:00;6713;HH;верх;1207,281;1205,290;3,803;1;1
2/2;1430;2018-09-13 10:00:00;6715;HL;низ;1204,161;1209,834;3,120;2;1
2/2;1431;2018-09-13 13:00:00;6718;HH;верх;1212,748;1202,923;8,587;3;1
2/2;1432;2018-09-13 18:00:00;6723;LL;низ;1200,148;1201,529;12,600;5;2
2/2;1433;2018-09-14 07:00:00;6735;LH;верх;1208,648;1206,094;8,500;12;2
2/2;1434;2018-09-17 00:00:00;6751;LL;низ;1192,890;1195,356;15,758;16;4
2/2;1435;2018-09-17 14:00:00;6765;LH;верх;1204,919;1202,599;12,029;14;2
2/2;1436;2018-09-18 01:00:00;6775;HL;низ;1197,154;1199,025;7,765;10;1
2/2;1437;2018-09-18 06:00:00;6780;LH;верх;1200,879;1198,987;3,725;5;1
2/2;1438;2018-09-18 07:00:00;6781;LL;низ;1195,900;1199,230;4,979;1;1
2/2;1439;2018-09-18 13:00:00;6787;HH;верх;1203,628;1199,257;7,728;6;1
2/2;1440;2018-09-18 19:00:00;6793;HL;низ;1196,993;1199,273;6,635;6;2
2/2;1441;2018-09-19 00:00:00;6797;LH;верх;1200,010;1199,418;3,017;4;1
2/2;1442;2018-09-19 01:00:00;6798;HL;низ;1198,226;1201,177;1,784;1;1
2/2;1443;2018-09-19 07:00:00;6804;HH;верх;1204,700;1202,868;6,474;6;1
2/2;1444;2018-09-19 09:00:00;6806;HL;низ;1202,160;1202,964;2,540;2;1
2/2;1445;2018-09-19 12:00:00;6809;HH;верх;1206,248;1203,542;4,088;3;1
2/2;1446;2018-09-19 14:00:00;6811;LL;низ;1201,266;1204,260;4,982;2;1
2/2;1447;2018-09-19 15:00:00;6812;LH;верх;1206,132;1202,840;4,866;1;1
2/2;1448;2018-09-19 17:00:00;6814;HL;низ;1202,586;1203,592;3,546;2;2
2/2;1449;2018-09-20 03:00:00;6823;HH;верх;1206,720;1205,444;4,134;9;1
2/2;1450;2018-09-20 09:00:00;6829;LL;низ;1201,344;1205,684;5,376;6;1
2/2;1451;2018-09-20 14:00:00;6834;HH;верх;1208,498;1205,848;7,154;5;1
2/2;1452;2018-09-20 15:00:00;6835;HL;низ;1203,074;1205,986;5,424;1;1
2/2;1453;2018-09-20 19:00:00;6839;LH;верх;1207,952;1206,892;4,878;4;1
2/2;1454;2018-09-20 23:00:00;6842;HL;низ;1206,668;1208,554;1,284;3;1
2/2;1455;2018-09-21 07:00:00;6850;HH;верх;1211,153;1207,691;4,485;8;2
2/2;1456;2018-09-21 13:00:00;6856;LL;низ;1192,023;1196,262;19,130;6;2
2/2;1457;2018-09-21 20:00:00;6863;LH;верх;1199,762;1198,040;7,739;7;1
2/2;1458;2018-09-24 06:00:00;6872;HL;низ;1194,464;1199,298;5,298;9;2
2/2;1459;2018-09-24 14:00:00;6880;HH;верх;1204,234;1201,126;9,770;8;1
2/2;1460;2018-09-24 19:00:00;6885;HL;низ;1198,446;1199,107;5,788;5;1
2/2;1461;2018-09-25 01:00:00;6890;LH;верх;1199,560;1198,462;1,114;5;1
2/2;1462;2018-09-25 02:00:00;6891;LL;низ;1197,197;1198,688;2,363;1;1
2/2;1463;2018-09-25 07:00:00;6896;HH;верх;1200,818;1199,796;3,621;5;1
2/2;1464;2018-09-25 08:00:00;6897;HL;низ;1198,356;1200,090;2,462;1;1
2/2;1465;2018-09-25 15:00:00;6904;HH;верх;1203,409;1200,651;5,053;7;1
2/2;1466;2018-09-25 17:00:00;6906;HL;низ;1200,008;1201,038;3,401;2;1
2/2;1467;2018-09-25 23:00:00;6911;LH;верх;1202,006;1201,510;1,998;5;1
2/2;1468;2018-09-26 01:00:00;6913;LL;низ;1199,944;1201,800;2,062;2;1
2/2;1469;2018-09-26 05:00:00;6917;HH;верх;1202,582;1200,163;2,638;4;1
2/2;1470;2018-09-26 14:00:00;6926;LL;низ;1193,734;1196,102;8,848;9;1
2/2;1471;2018-09-26 18:00:00;6930;LH;верх;1200,276;1194,520;6,542;4;1
2/2;1472;2018-09-26 18:00:00;6930;LL;низ;1190,588;1194,520;9,688;0;1
2/2;1473;2018-09-27 03:00:00;6938;LH;верх;1198,662;1196,274;8,074;8;1
2/2;1474;2018-09-27 07:00:00;6942;HL;низ;1194,508;1195,962;4,154;4;1
2/2;1475;2018-09-27 09:00:00;6944;LH;верх;1197,455;1193,478;2,947;2;1
2/2;1476;2018-09-27 15:00:00;6950;LL;низ;1181,906;1184,948;15,549;6;1
2/2;1477;2018-09-27 18:00:00;6953;LH;верх;1185,466;1182,907;3,560;3;1
2/2;1478;2018-09-27 20:00:00;6955;HL;низ;1182,469;1183,656;2,997;2;1
2/2;1479;2018-09-28 04:00:00;6962;HH;верх;1185,518;1181,852;3,049;7;1
2/2;1480;2018-09-28 07:00:00;6965;LL;низ;1180,770;1184,586;4,748;3;2
2/2;1481;2018-09-28 17:00:00;6975;HH;верх;1194,014;1191,761;13,244;10;1
2/2;1482;2018-10-01 01:00:00;6982;HL;низ;1188,194;1188,957;5,820;7;1
2/2;1483;2018-10-01 05:00:00;6986;LH;верх;1189,716;1186,915;1,522;4;1
2/2;1484;2018-10-01 09:00:00;6990;LL;низ;1184,620;1187,174;5,096;4;1
2/2;1485;2018-10-01 12:00:00;6993;HH;верх;1192,123;1187,948;7,503;3;1
2/2;1486;2018-10-01 14:00:00;6995;HL;низ;1185,208;1188,976;6,915;2;1
2/2;1487;2018-10-01 16:00:00;6997;LH;верх;1190,302;1189,509;5,094;2;2
2/2;1488;2018-10-01 22:00:00;7002;HL;низ;1188,594;1190,144;1,708;5;2
2/2;1489;2018-10-02 08:00:00;7012;HH;верх;1194,776;1189,936;6,182;10;1
2/2;1490;2018-10-02 10:00:00;7014;HL;низ;1189,122;1198,015;5,654;2;1
2/2;1491;2018-10-02 15:00:00;7019;HH;верх;1208,297;1201,768;19,175;5;1
2/2;1492;2018-10-02 17:00:00;7021;HL;низ;1201,500;1203,306;6,797;2;1
2/2;1493;2018-10-03 02:00:00;7029;HH;верх;1208,405;1205,995;6,905;8;1
2/2;1494;2018-10-03 08:00:00;7035;HL;низ;1202,299;1202,954;6,106;6;1
2/2;1495;2018-10-03 10:00:00;7037;LH;верх;1205,270;1202,549;2,971;2;1
2/2;1496;2018-10-03 12:00:00;7039;LL;низ;1200,581;1201,375;4,689;2;1
2/2;1497;2018-10-03 13:00:00;7040;HH;верх;1205,309;1200,000;4,728;1;1
2/2;1498;2018-10-04 04:00:00;7054;LL;низ;1196,020;1197,968;9,289;14;2
2/2;1499;2018-10-04 08:00:00;7058;LH;верх;1201,088;1198,625;5,068;4;1
2/2;1500;2018-10-04 10:00:00;7060;HL;низ;1198,031;1203,488;3,057;2;1
2/2;1501;2018-10-04 14:00:00;7064;HH;верх;1206,814;1198,316;8,783;4;1
2/2;1502;2018-10-04 18:00:00;7068;LL;низ;1196,898;1199,938;9,916;4;1
2/2;1503;2018-10-04 19:00:00;7069;LH;верх;1200,746;1199,709;3,848;1;2
2/2;1504;2018-10-05 07:00:00;7080;HL;низ;1197,296;1201,715;3,450;11;3
2/2;1505;2018-10-05 14:00:00;7087;HH;верх;1205,870;1201,363;8,574;7;1
2/2;1506;2018-10-05 16:00:00;7089;HL;низ;1200,346;1203,808;5,524;2;1
2/2;1507;2018-10-08 00:00:00;7096;LH;верх;1204,190;1196,232;3,844;7;2
2/2;1508;2018-10-08 15:00:00;7111;LL;низ;1182,900;1186,646;21,290;15;4
2/2;1509;2018-10-09 04:00:00;7123;LH;верх;1191,980;1190,130;9,080;12;2
2/2;1510;2018-10-09 13:00:00;7132;HL;низ;1183,382;1189,258;8,598;9;1
2/2;1511;2018-10-09 15:00:00;7134;LH;верх;1190,492;1187,644;7,110;2;1
2/2;1512;2018-10-09 17:00:00;7136;HL;низ;1187,140;1190,268;3,352;2;1
2/2;1513;2018-10-10 01:00:00;7143;HH;верх;1191,477;1189,562;4,337;7;2
2/2;1514;2018-10-10 02:00:00;7144;HL;низ;1188,724;1189,691;2,753;1;1
2/2;1515;2018-10-10 06:00:00;7148;LH;верх;1191,092;1186,754;2,368;4;2
2/2;1516;2018-10-10 12:00:00;7154;LL;низ;1185,375;1187,852;5,717;6;1
2/2;1517;2018-10-11 00:00:00;7165;HH;верх;1195,184;1192,916;9,809;11;1
2/2;1518;2018-10-11 01:00:00;7166;HL;низ;1191,367;1193,571;3,817;1;2
2/2;1519;2018-10-11 18:00:00;7183;HH;верх;1226,400;1224,235;35,033;17;1
2/2;1520;2018-10-12 01:00:00;7189;HL;низ;1217,602;1220,393;8,798;6;1
2/2;1521;2018-10-12 03:00:00;7191;LH;верх;1222,356;1219,018;4,754;2;1
2/2;1522;2018-10-12 06:00:00;7194;LL;низ;1215,898;1218,082;6,458;3;1
2/2;1523;2018-10-12 12:00:00;7200;HH;верх;1223,810;1217,736;7,912;6;1
2/2;1524;2018-10-12 15:00:00;7203;HL;низ;1216,354;1218,305;7,456;3;3
2/2;1525;2018-10-15 09:00:00;7220;HH;верх;1233,292;1228,986;16,938;17;1
2/2;1526;2018-10-15 13:00:00;7224;HL;низ;1224,222;1228,303;9,070;4;2
2/2;1527;2018-10-16 00:00:00;7234;LH;верх;1228,704;1226,014;4,482;10;1
2/2;1528;2018-10-16 05:00:00;7239;HL;низ;1225,118;1229,466;3,586;5;1
2/2;1529;2018-10-16 13:00:00;7247;HH;верх;1232,538;1228,359;7,420;8;2
2/2;1530;2018-10-16 20:00:00;7254;LL;низ;1223,508;1225,060;9,030;7;1
2/2;1531;2018-10-16 23:00:00;7256;LH;верх;1225,977;1224,393;2,469;2;1
2/2;1532;2018-10-17 05:00:00;7262;LL;низ;1220,668;1221,954;5,309;6;1
2/2;1533;2018-10-17 08:00:00;7265;HH;верх;1228,202;1225,434;7,534;3;1
2/2;1534;2018-10-17 11:00:00;7268;HL;низ;1225,009;1227,735;3,193;3;1
2/2;1535;2018-10-17 14:00:00;7271;HH;верх;1229,555;1224,536;4,546;3;1
2/2;1536;2018-10-18 00:00:00;7280;LL;низ;1221,612;1223,071;7,943;9;1
2/2;1537;2018-10-18 04:00:00;7284;LH;верх;1224,254;1220,730;2,642;4;1
2/2;1538;2018-10-18 06:00:00;7286;LL;низ;1218,737;1223,334;5,517;2;1
2/2;1539;2018-10-18 12:00:00;7292;HH;верх;1226,370;1224,960;7,633;6;1
2/2;1540;2018-10-18 13:00:00;7293;HL;низ;1221,087;1229,410;5,283;1;1
2/2;1541;2018-10-18 15:00:00;7295;HH;верх;1230,256;1227,500;9,169;2;1
2/2;1542;2018-10-18 19:00:00;7299;HL;низ;1224,621;1225,630;5,635;4;2
2/2;1543;2018-10-19 06:00:00;7309;LH;верх;1229,536;1226,538;4,915;10;2
2/2;1544;2018-10-19 07:00:00;7310;LL;низ;1223,111;1228,464;6,425;1;2
2/2;1545;2018-10-19 12:00:00;7315;HH;верх;1230,864;1227,628;7,753;5;1
2/2;1546;2018-10-19 17:00:00;7320;HL;низ;1225,569;1226,422;5,295;5;1
2/2;1547;2018-10-22 00:00:00;7326;LH;верх;1229,626;1227,944;4,057;6;1
2/2;1548;2018-10-22 01:00:00;7327;HL;низ;1226,336;1228,286;3,290;1;1
2/2;1549;2018-10-22 03:00:00;7329;LH;верх;1228,446;1226,864;2,110;2;1
2/2;1550;2018-10-22 14:00:00;7340;LL;низ;1220,137;1222,311;8,309;11;2
2/2;1551;2018-10-22 18:00:00;7344;LH;верх;1223,705;1222,018;3,568;4;1
2/2;1552;2018-10-22 23:00:00;7348;HL;низ;1221,754;1223,853;1,951;4;1
2/2;1553;2018-10-23 02:00:00;7351;HH;верх;1224,588;1223,972;2,834;3;1
2/2;1554;2018-10-23 04:00:00;7353;HL;низ;1223,367;1229,586;1,221;2;1
2/2;1555;2018-10-23 12:00:00;7361;HH;верх;1239,806;1232,252;16,439;8;1
2/2;1556;2018-10-23 16:00:00;7365;HL;низ;1229,866;1230,388;9,940;4;2
2/2;1557;2018-10-24 02:00:00;7374;LH;верх;1233,686;1231,980;3,820;9;2
2/2;1558;2018-10-24 12:00:00;7384;LL;низ;1225,719;1230,508;7,967;10;2
2/2;1559;2018-10-24 14:00:00;7386;LH;верх;1233,458;1227,906;7,739;2;1
2/2;1560;2018-10-24 17:00:00;7389;HL;низ;1227,459;1232,816;5,999;3;1
2/2;1561;2018-10-25 06:00:00;7401;HH;верх;1239,268;1232,990;11,809;12;2
2/2;1562;2018-10-25 07:00:00;7402;HL;низ;1230,111;1231,795;9,157;1;1
2/2;1563;2018-10-25 13:00:00;7408;LH;верх;1235,479;1229,840;5,368;6;1
2/2;1564;2018-10-25 18:00:00;7413;LL;низ;1228,134;1232,106;7,345;5;2
2/2;1565;2018-10-25 23:00:00;7417;LH;верх;1233,258;1231,735;5,124;4;1
2/2;1566;2018-10-26 01:00:00;7419;HL;низ;1230,156;1232,350;3,102;2;1
2/2;1567;2018-10-26 03:00:00;7421;LH;верх;1233,012;1232,306;2,856;2;1
2/2;1568;2018-10-26 06:00:00;7424;HL;низ;1231,238;1237,440;1,774;3;1
2/2;1569;2018-10-26 09:00:00;7427;HH;верх;1238,615;1235,410;7,377;3;1
2/2;1570;2018-10-26 12:00:00;7430;HL;низ;1232,037;1243,301;6,578;3;1
2/2;1571;2018-10-26 15:00:00;7433;HH;верх;1243,470;1234,029;11,433;3;1
2/2;1572;2018-10-26 16:00:00;7434;LL;низ;1231,516;1235,177;11,954;1;1
2/2;1573;2018-10-26 19:00:00;7437;LH;верх;1236,022;1233,324;4,506;3;1
2/2;1574;2018-10-29 00:00:00;7441;HL;низ;1231,806;1234,648;4,216;4;1
2/2;1575;2018-10-29 02:00:00;7443;LH;верх;1235,467;1233,188;3,661;2;1
2/2;1576;2018-10-29 09:00:00;7450;LL;низ;1227,731;1228,904;7,736;7;1
2/2;1577;2018-10-29 12:00:00;7453;LH;верх;1232,011;1230,884;4,280;3;1
2/2;1578;2018-10-29 17:00:00;7458;LL;низ;1224,426;1229,212;7,585;5;1
2/2;1579;2018-10-29 19:00:00;7460;LH;верх;1230,847;1229,861;6,421;2;2
2/2;1580;2018-10-30 01:00:00;7465;HL;низ;1226,524;1227,962;4,323;5;1
2/2;1581;2018-10-30 07:00:00;7471;LH;верх;1228,908;1222,994;2,384;6;1
2/2;1582;2018-10-30 10:00:00;7474;LL;низ;1219,922;1224,441;8,986;3;1
2/2;1583;2018-10-30 14:00:00;7478;LH;верх;1226,578;1223,859;6,656;4;1
2/2;1584;2018-10-30 16:00:00;7480;HL;низ;1222,396;1222,833;4,182;2;1
2/2;1585;2018-10-30 20:00:00;7484;LH;верх;1224,116;1222,635;1,720;4;1
2/2;1586;2018-10-31 03:00:00;7490;LL;низ;1215,438;1217,848;8,678;6;1
2/2;1587;2018-10-31 06:00:00;7493;LH;верх;1218,794;1217,612;3,356;3;1
2/2;1588;2018-10-31 08:00:00;7495;LL;низ;1214,790;1217,773;4,004;2;1
2/2;1589;2018-10-31 11:00:00;7498;HH;верх;1218,844;1212,667;4,054;3;1
2/2;1590;2018-10-31 13:00:00;7500;LL;низ;1212,001;1216,731;6,843;2;1
2/2;1591;2018-10-31 16:00:00;7503;LH;верх;1217,458;1213,456;5,457;3;1
2/2;1592;2018-10-31 17:00:00;7504;HL;низ;1212,624;1216,892;4,834;1;1
2/2;1593;2018-11-01 09:00:00;7519;HH;верх;1226,854;1225,116;14,230;15;3
2/2;1594;2018-11-01 11:00:00;7521;HL;низ;1222,489;1229,414;4,365;2;1
2/2;1595;2018-11-01 17:00:00;7527;HH;верх;1237,504;1233,318;15,015;6;1
2/2;1596;2018-11-01 20:00:00;7530;HL;низ;1232,628;1233,080;4,876;3;1
2/2;1597;2018-11-02 01:00:00;7534;LH;верх;1234,535;1232,404;1,907;4;1
2/2;1598;2018-11-02 06:00:00;7539;LL;низ;1231,030;1233,687;3,505;5;2
2/2;1599;2018-11-02 09:00:00;7542;HH;верх;1236,480;1235,286;5,450;3;1
2/2;1600;2018-11-02 13:00:00;7546;LL;низ;1229,836;1231,592;6,644;4;1
2/2;1601;2018-11-02 14:00:00;7547;HH;верх;1236,524;1232,522;6,688;1;1
2/2;1602;2018-11-02 16:00:00;7549;HL;низ;1230,486;1232,250;6,038;2;1
2/2;1603;2018-11-05 00:00:00;7555;LH;верх;1235,174;1231,930;4,688;6;2
2/2;1604;2018-11-05 07:00:00;7562;HL;низ;1230,725;1231,682;4,449;7;1
2/2;1605;2018-11-05 08:00:00;7563;LH;верх;1234,423;1232,142;3,698;1;1
2/2;1606;2018-11-05 13:00:00;7568;LL;низ;1226,922;1231,470;7,501;5;1
2/2;1607;2018-11-05 15:00:00;7570;LH;верх;1233,367;1230,164;6,445;2;1
2/2;1608;2018-11-05 17:00:00;7572;HL;низ;1228,886;1230,338;4,481;2;1
2/2;1609;2018-11-05 23:00:00;7577;LH;верх;1232,057;1230,617;3,171;5;1
2/2;1610;2018-11-06 04:00:00;7582;LL;низ;1228,740;1230,433;3,317;5;1
2/2;1611;2018-11-06 10:00:00;7588;HH;верх;1235,955;1234,802;7,215;6;1
2/2;1612;2018-11-06 18:00:00;7596;LL;низ;1223,533;1226,426;12,422;8;1
2/2;1613;2018-11-07 00:00:00;7601;LH;верх;1232,276;1227,070;8,743;5;1
2/2;1614;2018-11-07 01:00:00;7602;LL;низ;1223,040;1229,688;9,236;1;1
2/2;1615;2018-11-07 04:00:00;7605;LH;верх;1230,448;1228,314;7,408;3;1
2/2;1616;2018-11-07 07:00:00;7608;HL;низ;1227,804;1233,640;2,644;3;1
2/2;1617;2018-11-07 11:00:00;7612;HH;верх;1236,911;1228,666;9,107;4;1
2/2;1618;2018-11-08 04:00:00;7628;LL;низ;1222,838;1224,803;14,073;16;3
2/2;1619;2018-11-08 06:00:00;7630;LH;верх;1226,054;1223,282;3,216;2;1
2/2;1620;2018-11-08 07:00:00;7631;LL;низ;1221,404;1222,965;4,650;1;1
2/2;1621;2018-11-08 13:00:00;7637;HH;верх;1226,334;1224,235;4,930;6;1
2/2;1622;2018-11-08 13:00:00;7637;LL;низ;1220,282;1224,235;6,052;0;1
2/2;1623;2018-11-08 19:00:00;7643;HH;верх;1226,962;1223,456;6,680;6;1
2/2;1624;2018-11-09 04:00:00;7651;LL;низ;1217,924;1219,348;9,038;8;3
2/2;1625;2018-11-09 08:00:00;7655;LH;верх;1221,853;1219,348;3,929;4;1
2/2;1626;2018-11-09 17:00:00;7664;LL;низ;1206,734;1209,296;15,119;9;2
2/2;1627;2018-11-12 03:00:00;7673;LH;верх;1211,604;1208,482;4,870;9;1
2/2;1628;2018-11-12 07:00:00;7677;LL;низ;1204,017;1207,138;7,587;4;1
2/2;1629;2018-11-12 12:00:00;7682;LH;верх;1207,835;1204,060;3,818;5;1
2/2;1630;2018-11-12 21:00:00;7691;LL;низ;1200,186;1203,016;7,649;9;1
2/2;1631;2018-11-13 03:00:00;7696;LH;верх;1205,308;1204,111;5,122;5;1
2/2;1632;2018-11-13 10:00:00;7703;LL;низ;1196,436;1200,367;8,872;7;2
2/2;1633;2018-11-13 16:00:00;7709;LH;верх;1204,426;1201,352;7,990;6;1
2/2;1634;2018-11-13 20:00:00;7713;HL;низ;1199,692;1203,188;4,734;4;2
2/2;1635;2018-11-14 02:00:00;7718;HH;верх;1204,722;1202,878;5,030;5;2
2/2;1636;2018-11-14 10:00:00;7726;LL;низ;1197,760;1201,162;6,962;8;2
2/2;1637;2018-11-14 19:00:00;7735;HH;верх;1216,682;1211,122;18,922;9;1
2/2;1638;2018-11-15 01:00:00;7740;HL;низ;1208,386;1210,726;8,296;5;1
2/2;1639;2018-11-15 09:00:00;7748;LH;верх;1216,576;1210,457;8,190;8;1
2/2;1640;2018-11-15 13:00:00;7752;LL;низ;1207,677;1213,524;8,899;4;1
2/2;1641;2018-11-15 14:00:00;7753;LH;верх;1215,898;1213,842;8,221;1;2
2/2;1642;2018-11-15 19:00:00;7758;HL;низ;1211,438;1213,430;4,460;5;1
2/2;1643;2018-11-16 01:00:00;7763;HH;верх;1217,257;1214,964;5,819;5;1
2/2;1644;2018-11-16 03:00:00;7765;HL;низ;1214,057;1214,896;3,200;2;2
2/2;1645;2018-11-16 14:00:00;7776;HH;верх;1225,364;1220,788;11,307;11;4
2/2;1646;2018-11-19 05:00:00;7790;HL;низ;1218,096;1220,807;7,268;14;2
2/2;1647;2018-11-19 10:00:00;7795;LH;верх;1223,142;1220,614;5,046;5;1
2/2;1648;2018-11-19 12:00:00;7797;HL;низ;1219,196;1221,847;3,946;2;2
2/2;1649;2018-11-19 18:00:00;7803;HH;верх;1225,298;1223,351;6,102;6;2
2/2;1650;2018-11-20 04:00:00;7812;HL;низ;1221,236;1223,560;4,062;9;1
2/2;1651;2018-11-20 08:00:00;7816;HH;верх;1226,086;1223,221;4,850;4;1
2/2;1652;2018-11-20 10:00:00;7818;HL;низ;1221,656;1225,540;4,430;2;1
2/2;1653;2018-11-20 13:00:00;7821;HH;верх;1228,884;1223,456;7,228;3;1
2/2;1654;2018-11-20 18:00:00;7826;LL;низ;1219,964;1222,469;8,920;5;2
2/2;1655;2018-11-20 23:00:00;7830;LH;верх;1222,504;1221,505;2,540;4;1
2/2;1656;2018-11-21 00:00:00;7831;LL;низ;1219,866;1221,354;2,638;1;1
2/2;1657;2018-11-21 02:00:00;7833;LH;верх;1221,980;1220,911;2,114;2;1
2/2;1658;2018-11-21 04:00:00;7835;HL;низ;1220,185;1222,414;1,795;2;1
2/2;1659;2018-11-21 09:00:00;7840;HH;верх;1225,558;1223,494;5,373;5;1
2/2;1660;2018-11-21 10:00:00;7841;HL;низ;1222,286;1224,203;3,272;1;1
2/2;1661;2018-11-21 15:00:00;7846;HH;верх;1230,003;1227,664;7,717;5;1
2/2;1662;2018-11-21 17:00:00;7848;HL;низ;1225,043;1226,832;4,960;2;1
2/2;1663;2018-11-21 18:00:00;7849;LH;верх;1227,916;1225,325;2,873;1;1
2/2;1664;2018-11-22 01:00:00;7855;LL;низ;1224,998;1226,996;2,918;6;2
2/2;1665;2018-11-22 07:00:00;7861;HH;верх;1228,470;1227,683;3,472;6;2
2/2;1666;2018-11-22 07:00:00;7861;HL;низ;1226,170;1227,683;2,300;0;1
2/2;1667;2018-11-22 10:00:00;7864;HH;верх;1229,180;1228,510;3,010;3;1
2/2;1668;2018-11-22 15:00:00;7869;HL;низ;1226,800;1227,481;2,380;5;1
2/2;1669;2018-11-22 17:00:00;7871;LH;верх;1227,998;1226,926;1,198;2;1
2/2;1670;2018-11-23 01:00:00;7874;LL;низ;1226,374;1228,116;1,624;3;1
2/2;1671;2018-11-23 04:00:00;7877;HH;верх;1228,700;1226,141;2,326;3;1
2/2;1672;2018-11-23 13:00:00;7886;LL;низ;1220,382;1222,937;8,318;9;2
2/2;1673;2018-11-23 14:00:00;7887;LH;верх;1225,474;1222,332;5,092;1;1
2/2;1674;2018-11-23 17:00:00;7890;HL;низ;1222,332;1224,422;3,142;3;2
2/2;1675;2018-11-26 08:00:00;7901;HH;верх;1228,146;1226,283;5,814;11;3
2/2;1676;2018-11-26 20:00:00;7913;LL;низ;1221,821;1222,729;6,325;12;1
2/2;1677;2018-11-27 01:00:00;7917;LH;верх;1223,414;1221,620;1,593;4;1
2/2;1678;2018-11-27 08:00:00;7924;LL;низ;1219,652;1224,091;3,762;7;2
2/2;1679;2018-11-27 13:00:00;7929;HH;верх;1225,371;1215,043;5,719;5;2
2/2;1680;2018-11-27 17:00:00;7933;LL;низ;1211,980;1213,506;13,391;4;1
2/2;1681;2018-11-27 23:00:00;7938;LH;верх;1215,464;1214,930;3,484;5;2
2/2;1682;2018-11-28 00:00:00;7939;HL;низ;1213,733;1215,382;1,731;1;1
2/2;1683;2018-11-28 03:00:00;7942;HH;верх;1215,524;1212,917;1,791;3;1
2/2;1684;2018-11-28 05:00:00;7944;LL;низ;1212,730;1213,055;2,794;2;1
2/2;1685;2018-11-28 06:00:00;7945;LH;верх;1215,136;1213,658;2,406;1;1
2/2;1686;2018-11-28 08:00:00;7947;LL;низ;1212,510;1213,688;2,626;2;1
2/2;1687;2018-11-28 12:00:00;7951;HH;верх;1215,544;1212,510;3,034;4;1
2/2;1688;2018-11-28 14:00:00;7953;LL;низ;1211,281;1213,956;4,263;2;1
2/2;1689;2018-11-28 17:00:00;7956;HH;верх;1226,386;1222,507;15,105;3;1
2/2;1690;2018-11-28 21:00:00;7960;HL;низ;1220,196;1222,064;6,190;4;1
2/2;1691;2018-11-29 12:00:00;7974;HH;верх;1228,479;1227,070;8,283;14;2
2/2;1692;2018-11-29 12:00:00;7974;HL;низ;1224,392;1227,070;4,087;0;1
2/2;1693;2018-11-29 16:00:00;7978;HH;верх;1229,091;1223,726;4,699;4;1
2/2;1694;2018-11-29 19:00:00;7981;LL;низ;1222,379;1224,358;6,712;3;1
2/2;1695;2018-11-30 03:00:00;7988;LH;верх;1225,562;1224,430;3,183;7;1
2/2;1696;2018-11-30 10:00:00;7995;LL;низ;1220,903;1221,960;4,659;7;1
2/2;1697;2018-11-30 12:00:00;7997;LH;верх;1223,176;1217,190;2,273;2;1
2/2;1698;2018-11-30 14:00:00;7999;LL;низ;1216,751;1221,632;6,425;2;1
2/2;1699;2018-11-30 17:00:00;8002;LH;верх;1223,120;1220,996;6,369;3;1
2/2;1700;2018-12-03 00:00:00;8008;HL;низ;1221,381;1224,304;1,739;6;1
2/2;1701;2018-12-03 07:00:00;8015;HH;верх;1232,412;1231,678;11,031;7;1
2/2;1702;2018-12-03 12:00:00;8020;HL;низ;1227,953;1233,386;4,459;5;1
2/2;1703;2018-12-03 14:00:00;8022;HH;верх;1235,074;1233,997;7,121;2;1
2/2;1704;2018-12-03 20:00:00;8028;HL;низ;1230,084;1231,275;4,990;6;3
2/2;1705;2018-12-04 09:00:00;8040;HH;верх;1241,244;1239,158;11,160;12;1
2/2;1706;2018-12-04 13:00:00;8044;HL;низ;1237,791;1238,414;3,453;4;1
2/2;1707;2018-12-04 14:00:00;8045;HH;верх;1242,040;1238,536;4,249;1;2
2/2;1708;2018-12-04 19:00:00;8050;LL;низ;1236,832;1238,626;5,208;5;1
2/2;1709;2018-12-04 23:00:00;8053;LH;верх;1239,441;1236,214;2,609;3;2
2/2;1710;2018-12-05 08:00:00;8062;LL;низ;1233,416;1236,242;6,025;9;1
2/2;1711;2018-12-05 14:00:00;8068;LH;верх;1238,803;1237,794;5,387;6;1
2/2;1712;2018-12-05 15:00:00;8069;HL;низ;1235,527;1238,450;3,276;1;1
2/2;1713;2018-12-05 18:00:00;8072;HH;верх;1239,130;1237,276;3,603;3;1
2/2;1714;2018-12-05 19:00:00;8073;HL;низ;1236,082;1237,032;3,048;1;1
2/2;1715;2018-12-06 02:00:00;8079;HH;верх;1240,854;1240,013;4,772;6;1
2/2;1716;2018-12-06 07:00:00;8084;LL;низ;1234,788;1237,650;6,066;5;1
2/2;1717;2018-12-06 10:00:00;8087;LH;верх;1237,766;1236,353;2,978;3;1
2/2;1718;2018-12-06 11:00:00;8088;HL;низ;1235,386;1237,216;2,380;1;1
2/2;1719;2018-12-06 14:00:00;8091;HH;верх;1244,356;1241,181;8,970;3;1
2/2;1720;2018-12-06 20:00:00;8097;HL;низ;1236,534;1237,512;7,822;6;2
2/2;1721;2018-12-07 03:00:00;8103;LH;верх;1240,672;1239,496;4,138;6;1
2/2;1722;2018-12-07 07:00:00;8107;HL;низ;1238,069;1240,163;2,603;4;2
2/2;1723;2018-12-07 19:00:00;8119;HH;верх;1250,082;1248,084;12,013;12;1
2/2;1724;2018-12-07 21:00:00;8121;HL;низ;1247,797;1248,901;2,285;2;1
2/2;1725;2018-12-09 23:00:00;8122;HH;верх;1251,276;1249,576;3,479;1;1
2/2;1726;2018-12-10 01:00:00;8124;LL;низ;1247,777;1248,984;3,499;2;1
2/2;1727;2018-12-10 06:00:00;8129;LH;верх;1250,134;1246,424;2,357;5;2
2/2;1728;2018-12-10 14:00:00;8137;LL;низ;1243,543;1246,084;6,591;8;1
2/2;1729;2018-12-10 16:00:00;8139;LH;верх;1247,220;1242,956;3,677;2;1
2/2;1730;2018-12-10 19:00:00;8142;LL;низ;1241,642;1244,426;5,578;3;2
2/2;1731;2018-12-11 10:00:00;8156;HH;верх;1249,576;1246,415;7,934;14;1
2/2;1732;2018-12-11 19:00:00;8165;LL;низ;1241,092;1243,064;8,484;9;1
2/2;1733;2018-12-12 02:00:00;8171;LH;верх;1246,251;1244,366;5,159;6;1
2/2;1734;2018-12-12 08:00:00;8177;HL;низ;1242,092;1244,609;4,159;6;2
2/2;1735;2018-12-12 15:00:00;8184;HH;верх;1246,886;1246,062;4,794;7;1
2/2;1736;2018-12-12 17:00:00;8186;HL;низ;1243,982;1245,313;2,904;2;1
2/2;1737;2018-12-12 18:00:00;8187;HH;верх;1247,244;1245,930;3,262;1;2
2/2;1738;2018-12-13 02:00:00;8194;HL;низ;1244,045;1244,429;3,199;7;1
2/2;1739;2018-12-13 07:00:00;8199;LH;верх;1246,837;1244,904;2,792;5;1
2/2;1740;2018-12-13 10:00:00;8202;LL;низ;1241,412;1242,294;5,425;3;1
2/2;1741;2018-12-13 14:00:00;8206;LH;верх;1244,275;1243,086;2,863;4;1
2/2;1742;2018-12-13 14:00:00;8206;LL;низ;1240,181;1243,086;4,094;0;1
2/2;1743;2018-12-13 18:00:00;8210;LH;верх;1243,822;1243,079;3,641;4;1
2/2;1744;2018-12-13 20:00:00;8212;HL;низ;1241,718;1242,564;2,104;2;1
2/2;1745;2018-12-13 21:00:00;8213;LH;верх;1243,248;1242,362;1,530;1;1
2/2;1746;2018-12-14 00:00:00;8215;LL;низ;1241,638;1242,430;1,610;2;1
2/2;1747;2018-12-14 01:00:00;8216;LH;верх;1243,084;1242,102;1,446;1;1
2/2;1748;2018-12-14 07:00:00;8222;LL;низ;1237,494;1239,216;5,590;6;1
2/2;1749;2018-12-14 10:00:00;8225;LH;верх;1239,978;1238,058;2,484;3;1
2/2;1750;2018-12-14 14:00:00;8229;LL;низ;1233,000;1240,107;6,978;4;1
2/2;1751;2018-12-14 17:00:00;8232;HH;верх;1240,394;1238,684;7,394;3;2
2/2;1752;2018-12-17 00:00:00;8238;HL;низ;1235,867;1237,958;4,527;6;1
2/2;1753;2018-12-17 03:00:00;8241;LH;верх;1238,214;1237,056;2,347;3;1
2/2;1754;2018-12-17 06:00:00;8244;HL;низ;1236,529;1238,216;1,685;3;2
2/2;1755;2018-12-17 18:00:00;8256;HH;верх;1248,202;1246,245;11,673;12;1
2/2;1756;2018-12-17 23:00:00;8260;HL;низ;1245,200;1247,227;3,002;4;1
2/2;1757;2018-12-18 04:00:00;8265;HH;верх;1249,053;1245,367;3,853;5;1
2/2;1758;2018-12-18 07:00:00;8268;LL;низ;1245,168;1249,302;3,885;3;1
2/2;1759;2018-12-18 11:00:00;8272;HH;верх;1250,479;1247,908;5,311;4;1
2/2;1760;2018-12-18 14:00:00;8275;HL;низ;1245,925;1248,392;4,554;3;1
2/2;1761;2018-12-19 00:00:00;8284;HH;верх;1251,046;1250,954;5,121;9;2
2/2;1762;2018-12-19 01:00:00;8285;HL;низ;1248,629;1250,708;2,417;1;1
2/2;1763;2018-12-19 08:00:00;8292;HH;верх;1251,450;1247,956;2,821;7;2
2/2;1764;2018-12-19 10:00:00;8294;LL;низ;1246,786;1247,919;4,664;2;2
2/2;1765;2018-12-19 15:00:00;8299;HH;верх;1258,094;1252,792;11,308;5;1
2/2;1766;2018-12-19 21:00:00;8305;LL;низ;1241,854;1244,696;16,240;6;2
2/2;1767;2018-12-20 10:00:00;8317;LH;верх;1257,173;1254,582;15,319;12;2
2/2;1768;2018-12-20 13:00:00;8320;HL;низ;1253,570;1256,394;3,603;3;1
2/2;1769;2018-12-20 19:00:00;8326;HH;верх;1266,558;1259,956;12,988;6;1
2/2;1770;2018-12-20 21:00:00;8328;HL;низ;1259,752;1261,724;6,806;2;1
2/2;1771;2018-12-21 00:00:00;8330;LH;верх;1262,676;1260,715;2,924;2;1
2/2;1772;2018-12-21 06:00:00;8336;LL;низ;1258,766;1259,351;3,910;6;1
2/2;1773;2018-12-21 08:00:00;8338;HH;верх;1262,830;1257,873;4,064;2;1
2/2;1774;2018-12-21 10:00:00;8340;LL;низ;1256,250;1259,929;6,580;2;1
2/2;1775;2018-12-21 13:00:00;8343;LH;верх;1262,252;1259,214;6,002;3;1
2/2;1776;2018-12-21 18:00:00;8348;LL;низ;1254,014;1255,544;8,238;5;1
2/2;1777;2018-12-24 08:00:00;8361;HH;верх;1265,480;1260,120;11,466;13;2
2/2;1778;2018-12-24 10:00:00;8363;HL;низ;1259,443;1262,460;6,037;2;3
2/2;1779;2018-12-26 06:00:00;8380;HH;верх;1274,854;1272,616;15,411;17;1
2/2;1780;2018-12-26 12:00:00;8386;HL;низ;1271,128;1274,518;3,726;6;2
2/2;1781;2018-12-26 16:00:00;8390;HH;верх;1279,128;1267,097;8,000;4;1
2/2;1782;2018-12-26 20:00:00;8394;LL;низ;1264,719;1269,273;14,409;4;1
2/2;1783;2018-12-27 01:00:00;8398;LH;верх;1272,420;1269,411;7,701;4;1
2/2;1784;2018-12-27 07:00:00;8404;HL;низ;1266,751;1272,740;5,669;6;2
2/2;1785;2018-12-27 14:00:00;8411;HH;верх;1276,756;1275,304;10,005;7;1
2/2;1786;2018-12-27 15:00:00;8412;HL;низ;1270,718;1277,497;6,038;1;1
2/2;1787;2018-12-27 18:00:00;8415;HH;верх;1278,991;1275,144;8,273;3;1
2/2;1788;2018-12-27 20:00:00;8417;HL;низ;1274,155;1274,789;4,836;2;2
2/2;1789;2018-12-28 08:00:00;8428;HH;верх;1282,237;1279,002;8,082;11;2
2/2;1790;2018-12-28 09:00:00;8429;HL;низ;1276,108;1278,690;6,129;1;2
2/2;1791;2018-12-28 21:00:00;8441;LH;верх;1281,375;1279,315;5,267;12;2
2/2;1792;2018-12-31 03:00:00;8446;HL;низ;1277,556;1279,028;3,819;5;1
2/2;1793;2018-12-31 11:00:00;8454;HH;верх;1284,202;1280,112;6,646;8;1
2/2;1794;2018-12-31 15:00:00;8458;HL;низ;1278,541;1281,608;5,661;4;1
2/2;1795;2018-12-31 17:00:00;8460;LH;верх;1282,460;1281,518;3,919;2;1
2/2;1796;2018-12-31 18:00:00;8461;LL;низ;1278,159;1282,143;4,301;1;1
2/2;1797;2018-12-31 21:00:00;8464;HH;верх;1283,070;1280,180;4,911;3;1
2/2;1798;2019-01-02 01:00:00;8467;HL;низ;1278,782;1282,394;4,288;3;1
2/2;1799;2019-01-02 09:00:00;8475;HH;верх;1288,840;1286,520;10,058;8;1
2/2;1800;2019-01-02 14:00:00;8480;HL;низ;1281,904;1285,328;6,936;5;1
2/2;1801;2019-01-02 16:00:00;8482;LH;верх;1287,834;1279,473;5,930;2;1
2/2;1802;2019-01-02 18:00:00;8484;LL;низ;1278,859;1283,231;8,975;2;1
2/2;1803;2019-01-03 06:00:00;8495;HH;верх;1292,346;1289,754;13,487;11;3
2/2;1804;2019-01-03 13:00:00;8502;HL;низ;1284,668;1289,859;7,678;7;1
2/2;1805;2019-01-04 01:00:00;8513;HH;верх;1298,633;1295,671;13,965;11;2
2/2;1806;2019-01-04 14:00:00;8526;LL;низ;1276,699;1285,616;21,934;13;2
2/2;1807;2019-01-04 17:00:00;8529;LH;верх;1286,223;1284,377;9,524;3;1
2/2;1808;2019-01-07 00:00:00;8535;HL;низ;1282,728;1289,304;3,495;6;1
2/2;1809;2019-01-07 13:00:00;8548;HH;верх;1295,106;1288,938;12,378;13;3
2/2;1810;2019-01-07 16:00:00;8551;HL;низ;1286,264;1288,319;8,842;3;1
2/2;1811;2019-01-07 18:00:00;8553;LH;верх;1289,056;1288,882;2,792;2;1
2/2;1812;2019-01-07 20:00:00;8555;HL;низ;1286,856;1288,966;2,200;2;1
2/2;1813;2019-01-08 01:00:00;8559;HH;верх;1290,323;1283,894;3,467;4;2
2/2;1814;2019-01-08 07:00:00;8565;LL;низ;1281,717;1283,592;8,606;6;1
2/2;1815;2019-01-08 09:00:00;8567;LH;верх;1284,123;1283,376;2,406;2;1
2/2;1816;2019-01-08 13:00:00;8571;LL;низ;1279,437;1285,131;4,686;4;1
2/2;1817;2019-01-09 01:00:00;8582;HH;верх;1287,238;1283,378;7,801;11;2
2/2;1818;2019-01-09 06:00:00;8587;HL;низ;1281,340;1282,873;5,898;5;1
2/2;1819;2019-01-09 07:00:00;8588;LH;верх;1283,831;1281,262;2,491;1;1
2/2;1820;2019-01-09 12:00:00;8593;LL;низ;1280,151;1288,480;3,680;5;1
2/2;1821;2019-01-09 20:00:00;8601;HH;верх;1293,928;1293,022;13,777;8;2
2/2;1822;2019-01-10 01:00:00;8605;HL;низ;1291,708;1297,014;2,220;4;1
2/2;1823;2019-01-10 03:00:00;8607;HH;верх;1297,194;1296,320;5,486;2;2
2/2;1824;2019-01-10 10:00:00;8614;LL;низ;1291,664;1293,976;5,530;7;1
2/2;1825;2019-01-10 13:00:00;8617;LH;верх;1294,668;1290,245;3,004;3;1
2/2;1826;2019-01-10 21:00:00;8625;LL;низ;1286,145;1288,039;8,523;8;1
2/2;1827;2019-01-11 08:00:00;8635;HH;верх;1295,254;1293,245;9,109;10;1
2/2;1828;2019-01-11 14:00:00;8641;HL;низ;1287,079;1289,498;8,175;6;2
2/2;1829;2019-01-14 01:00:00;8651;LH;верх;1292,874;1291,046;5,795;10;1
2/2;1830;2019-01-14 04:00:00;8654;HL;низ;1290,268;1291,483;2,606;3;1
2/2;1831;2019-01-14 11:00:00;8661;HH;верх;1295,954;1289,948;5,686;7;1
2/2;1832;2019-01-14 13:00:00;8663;LL;низ;1288,527;1290,542;7,427;2;2
2/2;1833;2019-01-14 19:00:00;8669;LH;верх;1292,458;1291,416;3,931;6;1
2/2;1834;2019-01-15 00:00:00;8673;HL;низ;1290,472;1292,678;1,986;4;1
2/2;1835;2019-01-15 01:00:00;8674;HH;верх;1293,430;1291,418;2,958;1;1
2/2;1836;2019-01-15 08:00:00;8681;LL;низ;1287,522;1289,160;5,908;7;2
2/2;1837;2019-01-15 15:00:00;8688;HH;верх;1294,707;1288,079;7,185;7;1
2/2;1838;2019-01-15 17:00:00;8690;LL;низ;1286,811;1290,379;7,896;2;1
2/2;1839;2019-01-16 01:00:00;8697;LH;верх;1291,276;1288,866;4,465;7;2
2/2;1840;2019-01-16 03:00:00;8699;HL;низ;1288,436;1291,760;2,840;2;1
2/2;1841;2019-01-16 06:00:00;8702;HH;верх;1292,762;1290,853;4,326;3;1
2/2;1842;2019-01-16 12:00:00;8708;LL;низ;1287,977;1292,560;4,785;6;1
2/2;1843;2019-01-16 15:00:00;8711;HH;верх;1295,046;1293,862;7,069;3;1
2/2;1844;2019-01-16 19:00:00;8715;HL;низ;1292,298;1293,663;2,748;4;2
2/2;1845;2019-01-17 02:00:00;8721;HH;верх;1295,431;1291,562;3,133;6;1
2/2;1846;2019-01-17 07:00:00;8726;LL;низ;1291,428;1294,248;4,003;5;2
2/2;1847;2019-01-17 08:00:00;8727;LH;верх;1295,078;1294,314;3,650;1;2
2/2;1848;2019-01-17 15:00:00;8734;LL;низ;1288,818;1292,053;6,260;7;1
2/2;1849;2019-01-17 19:00:00;8738;LH;верх;1293,331;1292,038;4,513;4;1
2/2;1850;2019-01-17 19:00:00;8738;HL;низ;1289,672;1292,038;3,659;0;2
2/2;1851;2019-01-18 03:00:00;8745;LH;верх;1292,520;1291,291;2,848;7;2
2/2;1852;2019-01-18 09:00:00;8751;LL;низ;1283,690;1284,889;8,830;6;1
2/2;1853;2019-01-18 12:00:00;8754;LH;верх;1286,619;1283,259;2,929;3;1
2/2;1854;2019-01-18 20:00:00;8762;LL;низ;1280,717;1282,644;5,902;8;2
2/2;1855;2019-01-21 01:00:00;8766;LH;верх;1283,652;1281,864;2,935;4;1
2/2;1856;2019-01-21 05:00:00;8770;HL;низ;1281,161;1282,552;2,491;4;1
2/2;1857;2019-01-21 07:00:00;8772;LH;верх;1283,560;1278,524;2,399;2;2
2/2;1858;2019-01-21 12:00:00;8777;LL;низ;1276,851;1279,908;6,709;5;1
2/2;1859;2019-01-21 14:00:00;8779;LH;верх;1281,114;1280,511;4,263;2;1
2/2;1860;2019-01-22 05:00:00;8789;HL;низ;1277,542;1281,285;3,572;10;1
2/2;1861;2019-01-22 09:00:00;8793;HH;верх;1284,932;1282,738;7,390;4;2
2/2;1862;2019-01-22 15:00:00;8799;HL;низ;1279,346;1283,714;5,586;6;1
2/2;1863;2019-01-23 01:00:00;8808;HH;верх;1285,782;1284,082;6,436;9;2
2/2;1864;2019-01-23 01:00:00;8808;HL;низ;1283,142;1284,082;2,640;0;2
2/2;1865;2019-01-23 09:00:00;8816;HH;верх;1286,594;1285,528;3,452;8;1
2/2;1866;2019-01-23 14:00:00;8821;LL;низ;1278,753;1285,184;7,841;5;1
2/2;1867;2019-01-23 17:00:00;8824;LH;верх;1285,928;1283,632;7,175;3;1
2/2;1868;2019-01-23 21:00:00;8828;HL;низ;1282,336;1284,539;3,592;4;1
2/2;1869;2019-01-24 01:00:00;8831;LH;верх;1284,895;1282,993;2,559;3;1
2/2;1870;2019-01-24 13:00:00;8843;LL;низ;1276,914;1282,329;7,981;12;2
2/2;1871;2019-01-24 15:00:00;8845;LH;верх;1283,977;1280,373;7,063;2;1
2/2;1872;2019-01-24 19:00:00;8849;HL;низ;1279,588;1281,019;4,389;4;2
2/2;1873;2019-01-25 08:00:00;8861;HH;верх;1285,244;1283,952;5,656;12;2
2/2;1874;2019-01-25 09:00:00;8862;HL;низ;1282,511;1284,658;2,733;1;2
2/2;1875;2019-01-25 21:00:00;8874;HH;верх;1304,099;1301,262;21,588;12;2
2/2;1876;2019-01-28 00:00:00;8876;HL;низ;1299,558;1303,104;4,541;2;1
2/2;1877;2019-01-28 05:00:00;8881;HH;верх;1304,520;1301,878;4,962;5;1
2/2;1878;2019-01-28 08:00:00;8884;HL;низ;1300,416;1301,292;4,104;3;1
2/2;1879;2019-01-28 10:00:00;8886;LH;верх;1302,563;1300,119;2,147;2;1
2/2;1880;2019-01-28 14:00:00;8890;LL;низ;1297,772;1303,356;4,791;4;1
2/2;1881;2019-01-28 18:00:00;8894;HH;верх;1304,266;1304,016;6,494;4;1
2/2;1882;2019-01-28 19:00:00;8895;HL;низ;1302,258;1303,179;2,008;1;1
2/2;1883;2019-01-29 00:00:00;8899;HH;верх;1304,688;1304,315;2,430;4;1
2/2;1884;2019-01-29 01:00:00;8900;HL;низ;1302,834;1303,814;1,854;1;2
2/2;1885;2019-01-29 08:00:00;8907;HH;верх;1309,396;1307,808;6,562;7;1
2/2;1886;2019-01-29 14:00:00;8913;HL;низ;1306,244;1309,331;3,152;6;2
2/2;1887;2019-01-29 15:00:00;8914;HH;верх;1311,858;1309,902;5,614;1;1
2/2;1888;2019-01-30 00:00:00;8922;HL;низ;1310,682;1313,762;1,176;8;1
2/2;1889;2019-01-30 08:00:00;8930;HH;верх;1316,050;1312,939;5,368;8;1
2/2;1890;2019-01-30 14:00:00;8936;LL;низ;1309,533;1311,554;6,517;6;1
2/2;1891;2019-01-30 15:00:00;8937;LH;верх;1312,402;1311,208;2,869;1;1
2/2;1892;2019-01-30 18:00:00;8940;LL;низ;1309,164;1318,962;3,238;3;1
2/2;1893;2019-01-30 19:00:00;8941;HH;верх;1323,374;1319,815;14,210;1;2
2/2;1894;2019-01-31 01:00:00;8946;HL;низ;1317,539;1319,360;5,835;5;2
2/2;1895;2019-01-31 13:00:00;8958;HH;верх;1326,312;1322,284;8,773;12;1
2/2;1896;2019-01-31 19:00:00;8964;HL;низ;1318,926;1321,293;7,386;6;1
2/2;1897;2019-02-01 01:00:00;8969;LH;верх;1321,924;1318,608;2,998;5;1
2/2;1898;2019-02-01 02:00:00;8970;LL;низ;1317,620;1318,414;4,304;1;1
2/2;1899;2019-02-01 04:00:00;8972;LH;верх;1319,081;1317,854;1,461;2;1
2/2;1900;2019-02-01 07:00:00;8975;LL;низ;1316,739;1319,478;2,342;3;1
2/2;1901;2019-02-01 13:00:00;8981;HH;верх;1323,582;1318,302;6,843;6;1
2/2;1902;2019-02-01 15:00:00;8983;LL;низ;1316,244;1317,714;7,338;2;1
2/2;1903;2019-02-01 20:00:00;8988;LH;верх;1319,498;1317,199;3,254;5;2
2/2;1904;2019-02-04 14:00:00;9005;LL;низ;1308,713;1314,884;10,785;17;1
2/2;1905;2019-02-04 17:00:00;9008;LH;верх;1315,285;1313,632;6,572;3;1
2/2;1906;2019-02-05 00:00:00;9014;HL;низ;1311,358;1314,628;3,927;6;1
2/2;1907;2019-02-05 05:00:00;9019;HH;верх;1315,382;1313,114;4,024;5;1
2/2;1908;2019-02-05 09:00:00;9023;LL;низ;1310,815;1314,633;4,567;4;1
2/2;1909;2019-02-05 13:00:00;9027;HH;верх;1316,950;1314,670;6,135;4;1
2/2;1910;2019-02-05 17:00:00;9031;HL;низ;1312,762;1314,461;4,188;4;1
2/2;1911;2019-02-06 00:00:00;9037;LH;верх;1315,872;1315,143;3,110;6;2
2/2;1912;2019-02-06 02:00:00;9039;HL;низ;1312,850;1314,066;3,022;2;2
2/2;1913;2019-02-06 08:00:00;9045;LH;верх;1315,671;1313,469;2,821;6;1
2/2;1914;2019-02-06 12:00:00;9049;LL;низ;1311,662;1312,452;4,009;4;1
2/2;1915;2019-02-06 14:00:00;9051;LH;верх;1315,220;1312,111;3,558;2;1
2/2;1916;2019-02-06 21:00:00;9058;LL;низ;1305,854;1306,822;9,366;7;1
2/2;1917;2019-02-07 00:00:00;9060;LH;верх;1307,902;1304,606;2,048;2;1
2/2;1918;2019-02-07 04:00:00;9064;LL;низ;1302,887;1305,177;5,015;4;4
2/2;1919;2019-02-07 14:00:00;9074;HH;верх;1311,958;1310,338;9,071;10;1
2/2;1920;2019-02-07 15:00:00;9075;HL;низ;1306,401;1310,905;5,557;1;1
2/2;1921;2019-02-07 17:00:00;9077;LH;верх;1311,642;1310,558;5,241;2;1
2/2;1922;2019-02-08 07:00:00;9090;HL;низ;1307,890;1309,341;3,752;13;3
2/2;1923;2019-02-08 18:00:00;9101;HH;верх;1315,652;1314,409;7,762;11;3
2/2;1924;2019-02-11 04:00:00;9110;HL;низ;1310,631;1311,724;5,021;9;1
2/2;1925;2019-02-11 06:00:00;9112;LH;верх;1312,408;1309,648;1,777;2;1
2/2;1926;2019-02-11 14:00:00;9120;LL;низ;1303,764;1309,366;8,644;8;1
2/2;1927;2019-02-11 16:00:00;9122;LH;верх;1310,417;1307,956;6,653;2;3
2/2;1928;2019-02-12 01:00:00;9130;HL;низ;1306,604;1307,690;3,813;8;1
2/2;1929;2019-02-12 13:00:00;9142;HH;верх;1314,795;1309,954;8,191;12;2
2/2;1930;2019-02-12 15:00:00;9144;HL;низ;1308,369;1310,540;6,426;2;1
2/2;1931;2019-02-12 18:00:00;9147;LH;верх;1312,668;1311,170;4,299;3;1
2/2;1932;2019-02-13 00:00:00;9152;HL;низ;1309,456;1312,309;3,212;5;1
2/2;1933;2019-02-13 06:00:00;9158;HH;верх;1314,297;1312,696;4,841;6;1
2/2;1934;2019-02-13 13:00:00;9165;LL;низ;1308,210;1314,592;6,087;7;2
2/2;1935;2019-02-13 15:00:00;9167;HH;верх;1318,192;1311,784;9,982;2;1
2/2;1936;2019-02-13 20:00:00;9172;LL;низ;1305,140;1307,736;13,052;5;1
2/2;1937;2019-02-14 08:00:00;9183;LH;верх;1309,844;1306,442;4,704;11;2
2/2;1938;2019-02-14 12:00:00;9187;LL;низ;1302,449;1310,962;7,395;4;2
2/2;1939;2019-02-14 17:00:00;9192;HH;верх;1314,416;1312,931;11,967;5;3
2/2;1940;2019-02-15 01:00:00;9199;HL;низ;1311,491;1312,538;2,925;7;1
2/2;1941;2019-02-15 14:00:00;9212;HH;верх;1319,984;1316,322;8,493;13;2
2/2;1942;2019-02-15 15:00:00;9213;HL;низ;1314,336;1317,666;5,648;1;1
2/2;1943;2019-02-15 20:00:00;9218;HH;верх;1322,543;1321,204;8,207;5;1
2/2;1944;2019-02-17 23:00:00;9220;HL;низ;1320,676;1324,791;1,867;2;1
2/2;1945;2019-02-18 03:00:00;9224;HH;верх;1325,372;1322,818;4,696;4;1
2/2;1946;2019-02-18 08:00:00;9229;HL;низ;1321,382;1324,608;3,990;5;1
2/2;1947;2019-02-18 13:00:00;9234;HH;верх;1327,598;1326,014;6,216;5;3
2/2;1948;2019-02-19 06:00:00;9246;HL;низ;1323,016;1328,551;4,582;12;2
2/2;1949;2019-02-19 18:00:00;9258;HH;верх;1341,880;1340,740;18,864;12;2
2/2;1950;2019-02-20 00:00:00;9263;HL;низ;1339,444;1346,528;2,436;5;1
2/2;1951;2019-02-20 02:00:00;9265;HH;верх;1346,743;1343,307;7,299;2;1
2/2;1952;2019-02-20 06:00:00;9269;HL;низ;1341,449;1341,865;5,294;4;1
2/2;1953;2019-02-20 10:00:00;9273;LH;верх;1345,418;1343,979;3,969;4;1
2/2;1954;2019-02-20 14:00:00;9277;HL;низ;1342,232;1344,829;3,186;4;1
2/2;1955;2019-02-20 18:00:00;9281;HH;верх;1346,358;1338,704;4,126;4;1
2/2;1956;2019-02-20 19:00:00;9282;LL;низ;1337,076;1338,543;9,282;1;1
2/2;1957;2019-02-21 01:00:00;9287;LH;верх;1341,574;1339,998;4,498;5;1
2/2;1958;2019-02-21 02:00:00;9288;HL;низ;1337,546;1340,199;4,028;1;1
2/2;1959;2019-02-21 05:00:00;9291;LH;верх;1340,904;1339,047;3,358;3;2
2/2;1960;2019-02-21 09:00:00;9295;LL;низ;1332,102;1333,949;8,802;4;1
2/2;1961;2019-02-21 13:00:00;9299;LH;верх;1337,423;1332,204;5,321;4;1
2/2;1962;2019-02-21 21:00:00;9307;LL;низ;1321,214;1325,418;16,209;8;1
2/2;1963;2019-02-22 00:00:00;9309;LH;верх;1326,559;1326,234;5,345;2;2
2/2;1964;2019-02-22 04:00:00;9313;HL;низ;1324,604;1325,678;1,955;4;1
2/2;1965;2019-02-22 08:00:00;9317;HH;верх;1327,009;1322,924;2,405;4;1
2/2;1966;2019-02-22 10:00:00;9319;LL;низ;1321,692;1323,155;5,317;2;2
2/2;1967;2019-02-22 17:00:00;9326;HH;верх;1333,127;1327,946;11,435;7;1
2/2;1968;2019-02-24 23:00:00;9331;HL;низ;1326,977;1330,490;6,150;5;1
2/2;1969;2019-02-25 06:00:00;9338;LH;верх;1331,994;1328,521;5,017;7;2
2/2;1970;2019-02-25 09:00:00;9341;HL;низ;1327,915;1330,564;4,079;3;1
2/2;1971;2019-02-25 11:00:00;9343;LH;верх;1331,217;1331,023;3,302;2;1
2/2;1972;2019-02-25 13:00:00;9345;LL;низ;1325,234;1329,408;5,983;2;1
2/2;1973;2019-02-25 14:00:00;9346;HH;верх;1332,606;1327,483;7,372;1;1
2/2;1974;2019-02-25 17:00:00;9349;HL;низ;1325,738;1328,110;6,868;3;1
2/2;1975;2019-02-25 19:00:00;9351;LH;верх;1328,482;1327,536;2,744;2;1
2/2;1976;2019-02-25 21:00:00;9353;HL;низ;1326,705;1327,349;1,777;2;1
2/2;1977;2019-02-26 03:00:00;9358;HH;верх;1330,250;1328,658;3,545;5;1
2/2;1978;2019-02-26 08:00:00;9363;LL;низ;1324,597;1325,976;5,653;5;1
2/2;1979;2019-02-26 10:00:00;9365;LH;верх;1327,532;1324,096;2,935;2;1
2/2;1980;2019-02-26 12:00:00;9367;LL;низ;1323,576;1325,830;3,956;2;1
2/2;1981;2019-02-26 13:00:00;9368;HH;верх;1327,844;1327,292;4,268;1;1
2/2;1982;2019-02-26 15:00:00;9370;HL;низ;1323,794;1325,726;4,050;2;1
2/2;1983;2019-02-27 00:00:00;9378;HH;верх;1329,947;1329,487;6,153;8;4
2/2;1984;2019-02-27 08:00:00;9386;HL;низ;1325,772;1326,784;4,175;8;1
2/2;1985;2019-02-27 13:00:00;9391;LH;верх;1328,846;1323,581;3,074;5;1
2/2;1986;2019-02-27 17:00:00;9395;LL;низ;1316,972;1319,141;11,874;4;1
2/2;1987;2019-02-27 23:00:00;9400;LH;верх;1321,399;1318,401;4,427;5;1
2/2;1988;2019-02-28 01:00:00;9402;HL;низ;1317,336;1318,970;4,063;2;2
2/2;1989;2019-02-28 11:00:00;9412;HH;верх;1327,342;1321,006;10,006;10;1
2/2;1990;2019-02-28 20:00:00;9421;LL;низ;1312,725;1314,309;14,617;9;2
2/2;1991;2019-03-01 01:00:00;9425;LH;верх;1315,258;1313,284;2,533;4;1
2/2;1992;2019-03-01 09:00:00;9433;LL;низ;1306,255;1308,919;9,003;8;2
2/2;1993;2019-03-01 15:00:00;9439;LH;верх;1312,249;1298,560;5,994;6;2
2/2;1994;2019-03-01 20:00:00;9444;LL;низ;1290,315;1295,331;21,934;5;1
2/2;1995;2019-03-04 02:00:00;9449;LH;верх;1297,120;1296,209;6,805;5;1
2/2;1996;2019-03-04 11:00:00;9458;LL;низ;1285,177;1286,955;11,943;9;2
2/2;1997;2019-03-04 13:00:00;9460;LH;верх;1289,577;1285,663;4,400;2;1
2/2;1998;2019-03-04 14:00:00;9461;LL;низ;1282,946;1289,548;6,631;1;1
2/2;1999;2019-03-04 17:00:00;9464;HH;верх;1289,822;1287,204;6,876;3;1
2/2;2000;2019-03-05 00:00:00;9470;HL;низ;1285,685;1288,019;4,137;6;1
2/2;2001;2019-03-05 03:00:00;9473;LH;верх;1289,642;1288,207;3,957;3;2
2/2;2002;2019-03-05 10:00:00;9480;LL;низ;1283,570;1286,245;6,072;7;1
2/2;2003;2019-03-05 13:00:00;9483;LH;верх;1287,812;1284,279;4,242;3;1
2/2;2004;2019-03-05 15:00:00;9485;LL;низ;1281,253;1283,072;6,559;2;1
2/2;2005;2019-03-06 00:00:00;9493;HH;верх;1289,439;1286,722;8,186;8;2
2/2;2006;2019-03-06 02:00:00;9495;HL;низ;1286,095;1287,317;3,344;2;2
2/2;2007;2019-03-06 07:00:00;9500;HH;верх;1290,984;1286,079;4,889;5;2
2/2;2008;2019-03-06 15:00:00;9508;LL;низ;1283,706;1286,383;7,278;8;1
2/2;2009;2019-03-06 17:00:00;9510;LH;верх;1287,738;1285,895;4,032;2;1
2/2;2010;2019-03-06 19:00:00;9512;HL;низ;1285,226;1286,319;2,512;2;1
2/2;2011;2019-03-07 01:00:00;9517;HH;верх;1288,535;1286,688;3,309;5;3
2/2;2012;2019-03-07 08:00:00;9524;LL;низ;1280,922;1286,379;7,613;7;1
2/2;2013;2019-03-07 12:00:00;9528;HH;верх;1289,054;1285,252;8,132;4;1
2/2;2014;2019-03-07 14:00:00;9530;HL;низ;1282,962;1285,066;6,092;2;1
2/2;2015;2019-03-07 15:00:00;9531;LH;верх;1288,494;1285,519;5,532;1;2
2/2;2016;2019-03-08 01:00:00;9540;HL;низ;1285,277;1287,226;3,217;9;1
2/2;2017;2019-03-08 09:00:00;9548;HH;верх;1295,873;1293,295;10,596;8;1
2/2;2018;2019-03-08 13:00:00;9552;HL;низ;1291,663;1297,016;4,210;4;1
2/2;2019;2019-03-08 14:00:00;9553;HH;верх;1300,836;1298,873;9,173;1;2
2/2;2020;2019-03-11 02:00:00;9565;HL;низ;1295,771;1297,568;5,065;12;2
2/2;2021;2019-03-11 06:00:00;9569;LH;верх;1299,148;1296,159;3,377;4;1
2/2;2022;2019-03-11 07:00:00;9570;LL;низ;1295,618;1296,632;3,530;1;1
2/2;2023;2019-03-11 09:00:00;9572;LH;верх;1297,749;1294,996;2,131;2;2
2/2;2024;2019-03-11 17:00:00;9580;LL;низ;1290,558;1293,900;7,191;8;1
2/2;2025;2019-03-11 22:00:00;9584;LH;верх;1294,084;1293,468;3,526;4;1
2/2;2026;2019-03-11 23:00:00;9585;HL;низ;1292,137;1294,881;1,947;1;1
2/2;2027;2019-03-12 05:00:00;9591;HH;верх;1297,488;1294,767;5,351;6;1
2/2;2028;2019-03-12 07:00:00;9593;HL;низ;1294,466;1296,861;3,022;2;1
2/2;2029;2019-03-12 19:00:00;9605;HH;верх;1302,260;1301,029;7,794;12;2
2/2;2030;2019-03-12 22:00:00;9607;HL;низ;1300,694;1304,206;1,566;2;1
2/2;2031;2019-03-13 02:00:00;9611;HH;верх;1305,855;1304,976;5,161;4;1
2/2;2032;2019-03-13 06:00:00;9615;HL;низ;1303,826;1306,666;2,029;4;1
2/2;2033;2019-03-13 10:00:00;9619;HH;верх;1309,170;1307,217;5,344;4;1
2/2;2034;2019-03-13 12:00:00;9621;HL;низ;1306,048;1306,848;3,122;2;1
2/2;2035;2019-03-13 19:00:00;9628;HH;верх;1311,288;1309,920;5,240;7;2
2/2;2036;2019-03-14 13:00:00;9645;LL;низ;1292,927;1295,598;18,361;17;2
2/2;2037;2019-03-14 15:00:00;9647;LH;верх;1296,552;1295,876;3,625;2;1
2/2;2038;2019-03-14 16:00:00;9648;HL;низ;1293,342;1296,573;3,210;1;1
2/2;2039;2019-03-14 18:00:00;9650;HH;верх;1297,114;1296,388;3,772;2;1
2/2;2040;2019-03-15 01:00:00;9656;HL;низ;1294,190;1298,201;2,924;6;1
2/2;2041;2019-03-15 08:00:00;9663;HH;верх;1304,463;1303,205;10,273;7;2
2/2;2042;2019-03-15 13:00:00;9668;HL;низ;1300,708;1301,976;3,755;5;1
2/2;2043;2019-03-15 14:00:00;9669;HH;верх;1306,447;1302,644;5,739;1;1
2/2;2044;2019-03-18 01:00:00;9679;LL;низ;1298,325;1299,178;8,122;10;3
2/2;2045;2019-03-18 12:00:00;9690;HH;верх;1306,776;1305,794;8,451;11;1
2/2;2046;2019-03-18 17:00:00;9695;HL;низ;1301,102;1302,799;5,674;5;2
2/2;2047;2019-03-18 20:00:00;9698;LH;верх;1303,956;1303,554;2,854;3;1
2/2;2048;2019-03-18 23:00:00;9700;HL;низ;1302,398;1305,912;1,558;2;1
2/2;2049;2019-03-19 04:00:00;9705;HH;верх;1307,926;1305,679;5,528;5;1
2/2;2050;2019-03-19 08:00:00;9709;HL;низ;1303,808;1307,940;4,118;4;1
2/2;2051;2019-03-19 13:00:00;9714;HH;верх;1310,931;1307,731;7,123;5;1
2/2;2052;2019-03-19 16:00:00;9717;HL;низ;1305,960;1307,206;4,971;3;1
2/2;2053;2019-03-19 23:00:00;9723;LH;верх;1307,098;1305,096;1,138;6;1
2/2;2054;2019-03-20 01:00:00;9725;LL;низ;1303,926;1304,946;3,172;2;1
2/2;2055;2019-03-20 06:00:00;9730;LH;верх;1306,644;1302,234;2,718;5;1
2/2;2056;2019-03-20 08:00:00;9732;LL;низ;1301,749;1304,775;4,895;2;1
2/2;2057;2019-03-20 13:00:00;9737;HH;верх;1309,703;1300,661;7,954;5;1
2/2;2058;2019-03-20 15:00:00;9739;LL;низ;1298,803;1302,100;10,900;2;1
2/2;2059;2019-03-20 18:00:00;9742;HH;верх;1317,002;1312,352;18,199;3;1
2/2;2060;2019-03-21 06:00:00;9753;HL;низ;1317,455;1317,918;0,453;11;1
2/2;2061;2019-03-21 07:00:00;9754;HH;верх;1320,434;1317,514;2,979;1;1
2/2;2062;2019-03-21 16:00:00;9763;LL;низ;1303,354;1308,982;17,080;9;1
2/2;2063;2019-03-21 19:00:00;9766;LH;верх;1309,638;1309,226;6,284;3;1
2/2;2064;2019-03-22 00:00:00;9770;HL;низ;1306,940;1309,495;2,698;4;1
2/2;2065;2019-03-22 01:00:00;9771;HH;верх;1310,373;1309,186;3,433;1;1
2/2;2066;2019-03-22 05:00:00;9775;HL;низ;1307,434;1312,648;2,939;4;1
2/2;2067;2019-03-22 13:00:00;9783;HH;верх;1314,962;1313,367;7,528;8;2
2/2;2068;2019-03-22 13:00:00;9783;HL;низ;1309,802;1313,367;5,160;0;2
2/2;2069;2019-03-24 22:00:00;9791;LH;верх;1314,152;1313,714;4,350;8;1
2/2;2070;2019-03-25 00:00:00;9793;HL;низ;1311,115;1315,066;3,037;2;3
2/2;2071;2019-03-25 18:00:00;9811;HH;верх;1324,568;1321,879;13,453;18;2
2/2;2072;2019-03-25 19:00:00;9812;HL;низ;1320,915;1322,110;3,653;1;1
2/2;2073;2019-03-25 23:00:00;9815;LH;верх;1323,319;1321,686;2,404;3;1
2/2;2074;2019-03-26 11:00:00;9827;LL;низ;1312,802;1314,382;10,517;12;1
2/2;2075;2019-03-26 13:00:00;9829;LH;верх;1318,870;1314,783;6,068;2;1
2/2;2076;2019-03-26 16:00:00;9832;HL;низ;1313,431;1316,536;5,439;3;1
2/2;2077;2019-03-26 18:00:00;9834;LH;верх;1317,322;1315,552;3,891;2;1
2/2;2078;2019-03-26 20:00:00;9836;HL;низ;1315,182;1316,509;2,140;2;1
2/2;2079;2019-03-27 01:00:00;9840;HH;верх;1318,584;1316,426;3,402;4;1
2/2;2080;2019-03-27 07:00:00;9846;LL;низ;1312,926;1317,878;5,658;6;1
2/2;2081;2019-03-27 10:00:00;9849;HH;верх;1319,361;1315,246;6,435;3;1
2/2;2082;2019-03-27 19:00:00;9858;LL;низ;1308,230;1309,662;11,131;9;2
2/2;2083;2019-03-28 00:00:00;9862;LH;верх;1311,086;1310,373;2,856;4;1
2/2;2084;2019-03-28 02:00:00;9864;LL;низ;1307,408;1310,799;3,678;2;1
2/2;2085;2019-03-28 06:00:00;9868;HH;верх;1312,357;1308,222;4,949;4;1
2/2;2086;2019-03-28 16:00:00;9878;LL;низ;1288,756;1291,682;23,601;10;2
2/2;2087;2019-03-29 00:00:00;9885;LH;верх;1292,735;1291,220;3,979;7;2
2/2;2088;2019-03-29 06:00:00;9891;LL;низ;1286,842;1290,156;5,893;6;1
2/2;2089;2019-03-29 13:00:00;9898;HH;верх;1299,808;1295,526;12,966;7;2
2/2;2090;2019-04-01 00:00:00;9908;HL;низ;1290,500;1293,100;9,308;10;1
2/2;2091;2019-04-01 05:00:00;9913;LH;верх;1293,954;1289,749;3,454;5;1
2/2;2092;2019-04-01 07:00:00;9915;LL;низ;1288,284;1291,334;5,670;2;1
2/2;2093;2019-04-01 09:00:00;9917;LH;верх;1292,203;1290,096;3,919;2;1
2/2;2094;2019-04-01 11:00:00;9919;HL;низ;1289,305;1295,388;2,898;2;1
2/2;2095;2019-04-01 13:00:00;9921;HH;верх;1297,077;1290,916;7,772;2;1
2/2;2096;2019-04-01 20:00:00;9928;LL;низ;1286,566;1287,509;10,511;7;1
2/2;2097;2019-04-02 00:00:00;9931;LH;верх;1289,296;1287,321;2,730;3;1
2/2;2098;2019-04-02 04:00:00;9935;LL;низ;1285,426;1286,984;3,870;4;1
2/2;2099;2019-04-02 06:00:00;9937;HH;верх;1289,594;1286,644;4,168;2;1
2/2;2100;2019-04-02 07:00:00;9938;LL;низ;1285,368;1288,492;4,226;1;1
2/2;2101;2019-04-02 15:00:00;9946;HH;верх;1291,929;1290,891;6,561;8;2
2/2;2102;2019-04-02 16:00:00;9947;HL;низ;1288,996;1291,376;2,933;1;1
2/2;2103;2019-04-02 22:00:00;9952;HH;верх;1292,939;1291,447;3,943;5;1
2/2;2104;2019-04-03 00:00:00;9954;HL;низ;1290,281;1292,549;2,658;2;1
2/2;2105;2019-04-03 05:00:00;9959;HH;верх;1293,788;1291,578;3,507;5;2
2/2;2106;2019-04-03 07:00:00;9961;HL;низ;1290,736;1291,945;3,052;2;1
2/2;2107;2019-04-03 11:00:00;9965;HH;верх;1294,527;1289,426;3,791;4;1
2/2;2108;2019-04-03 14:00:00;9968;LL;низ;1288,484;1290,916;6,043;3;1
2/2;2109;2019-04-03 16:00:00;9970;LH;верх;1291,934;1290,422;3,450;2;1
2/2;2110;2019-04-03 20:00:00;9974;HL;низ;1289,771;1291,939;2,163;4;1
2/2;2111;2019-04-04 00:00:00;9977;HH;верх;1292,556;1290,746;2,785;3;1
2/2;2112;2019-04-04 01:00:00;9978;HL;низ;1290,406;1292,436;2,150;1;1
2/2;2113;2019-04-04 06:00:00;9983;HH;верх;1293,604;1291,308;3,198;5;1
2/2;2114;2019-04-04 13:00:00;9990;LL;низ;1280,984;1287,934;12,620;7;1
2/2;2115;2019-04-04 19:00:00;9996;HH;верх;1294,446;1292,964;13,462;6;1
2/2;2116;2019-04-05 06:00:00;10006;HL;низ;1287,329;1288,849;7,117;10;2
2/2;2117;2019-04-05 07:00:00;10007;LH;верх;1290,919;1289,859;3,590;1;1
2/2;2118;2019-04-05 12:00:00;10012;LL;низ;1284,498;1292,226;6,421;5;1
2/2;2119;2019-04-05 14:00:00;10014;HH;верх;1293,244;1291,739;8,746;2;1
2/2;2120;2019-04-05 20:00:00;10020;HL;низ;1291,326;1291,878;1,918;6;1
2/2;2121;2019-04-08 06:00:00;10029;HH;верх;1298,032;1297,355;6,706;9;1
2/2;2122;2019-04-08 06:00:00;10029;HL;низ;1296,036;1297,355;1,996;0;1
2/2;2123;2019-04-08 12:00:00;10035;HH;верх;1303,752;1299,632;7,716;6;1
2/2;2124;2019-04-08 15:00:00;10038;HL;низ;1296,350;1298,034;7,402;3;3
2/2;2125;2019-04-09 01:00:00;10047;LH;верх;1300,124;1299,582;3,774;9;1
2/2;2126;2019-04-09 07:00:00;10053;HL;низ;1297,170;1301,694;2,954;6;2
2/2;2127;2019-04-09 16:00:00;10062;HH;верх;1306,228;1304,326;9,058;9;2
2/2;2128;2019-04-09 19:00:00;10065;HL;низ;1303,422;1304,602;2,806;3;1
2/2;2129;2019-04-09 23:00:00;10068;LH;верх;1305,234;1302,656;1,812;3;1
2/2;2130;2019-04-10 02:00:00;10071;LL;низ;1301,257;1302,556;3,977;3;1
2/2;2131;2019-04-10 07:00:00;10076;HH;верх;1305,412;1304,612;4,155;5;1
2/2;2132;2019-04-10 12:00:00;10081;LL;низ;1301,032;1306,971;4,380;5;1
2/2;2133;2019-04-10 17:00:00;10086;HH;верх;1310,602;1308,131;9,570;5;1
2/2;2134;2019-04-10 18:00:00;10087;HL;низ;1307,104;1308,022;3,498;1;1
2/2;2135;2019-04-10 23:00:00;10091;LH;верх;1309,240;1307,094;2,136;4;1
2/2;2136;2019-04-11 04:00:00;10096;LL;низ;1306,118;1306,672;3,122;5;1
2/2;2137;2019-04-11 06:00:00;10098;LH;верх;1308,284;1304,804;2,166;2;1
2/2;2138;2019-04-11 17:00:00;10109;LL;низ;1289,779;1291,520;18,505;11;2
2/2;2139;2019-04-12 01:00:00;10116;LH;верх;1294,088;1292,069;4,309;7;1
2/2;2140;2019-04-12 03:00:00;10118;HL;низ;1291,262;1293,638;2,826;2;1
2/2;2141;2019-04-12 06:00:00;10121;HH;верх;1294,394;1293,686;3,132;3;1
2/2;2142;2019-04-12 07:00:00;10122;HL;низ;1291,502;1294,780;2,892;1;1
2/2;2143;2019-04-12 09:00:00;10124;HH;верх;1295,824;1292,561;4,322;2;1
2/2;2144;2019-04-12 12:00:00;10127;LL;низ;1290,608;1292,809;5,216;3;1
2/2;2145;2019-04-12 14:00:00;10129;LH;верх;1295,245;1292,082;4,637;2;1
2/2;2146;2019-04-12 19:00:00;10134;LL;низ;1290,116;1291,294;5,129;5;2
2/2;2147;2019-04-14 22:00:00;10136;LH;верх;1292,022;1290,323;1,906;2;1
2/2;2148;2019-04-15 01:00:00;10139;LL;низ;1287,006;1289,238;5,016;3;1
2/2;2149;2019-04-15 04:00:00;10142;LH;верх;1289,561;1287,158;2,555;3;2
2/2;2150;2019-04-15 13:00:00;10151;LL;низ;1282,718;1288,757;6,843;9;1
2/2;2151;2019-04-15 16:00:00;10154;HH;верх;1290,084;1287,970;7,366;3;1
2/2;2152;2019-04-15 20:00:00;10158;HL;низ;1287,698;1288,470;2,386;4;1
2/2;2153;2019-04-15 23:00:00;10160;LH;верх;1288,747;1285,709;1,049;2;1
2/2;2154;2019-04-16 05:00:00;10166;LL;низ;1283,833;1284,961;4,914;6;1
2/2;2155;2019-04-16 07:00:00;10168;LH;верх;1287,471;1283,659;3,638;2;1
2/2;2156;2019-04-16 09:00:00;10170;LL;низ;1282,556;1284,704;4,915;2;1
2/2;2157;2019-04-16 11:00:00;10172;LH;верх;1285,113;1276,379;2,557;2;1
2/2;2158;2019-04-16 16:00:00;10177;LL;низ;1273,032;1276,305;12,081;5;2
2/2;2159;2019-04-16 22:00:00;10182;LH;верх;1277,326;1276,439;4,294;5;1
2/2;2160;2019-04-17 00:00:00;10184;HL;низ;1274,959;1277,201;2,367;2;1
2/2;2161;2019-04-17 06:00:00;10190;HH;верх;1279,827;1276,513;4,868;6;2
2/2;2162;2019-04-17 09:00:00;10193;LL;низ;1274,736;1275,728;5,091;3;1
2/2;2163;2019-04-17 12:00:00;10196;LH;верх;1277,892;1273,794;3,156;3;1
2/2;2164;2019-04-17 16:00:00;10200;LL;низ;1273,128;1274,061;4,764;4;1
2/2;2165;2019-04-18 00:00:00;10207;LH;верх;1274,849;1272,396;1,721;7;2
2/2;2166;2019-04-18 06:00:00;10213;LL;низ;1271,280;1275,980;3,569;6;1
2/2;2167;2019-04-18 09:00:00;10216;HH;верх;1277,689;1276,379;6,409;3;1
2/2;2168;2019-04-18 16:00:00;10223;HL;низ;1272,615;1274,072;5,074;7;3
2/2;2169;2019-04-22 03:00:00;10233;HH;верх;1279,811;1278,728;7,196;10;1
2/2;2170;2019-04-22 07:00:00;10237;HL;низ;1276,520;1279,408;3,291;4;1
2/2;2171;2019-04-22 10:00:00;10240;HH;верх;1279,876;1276,921;3,356;3;1
2/2;2172;2019-04-22 16:00:00;10246;LL;низ;1273,931;1275,326;5,945;6;1
2/2;2173;2019-04-22 17:00:00;10247;LH;верх;1275,966;1274,960;2,035;1;1
2/2;2174;2019-04-23 00:00:00;10253;LL;низ;1273,711;1275,192;2,255;6;1
2/2;2175;2019-04-23 01:00:00;10254;HH;верх;1276,536;1275,311;2,825;1;1
2/2;2176;2019-04-23 06:00:00;10259;LL;низ;1272,193;1273,364;4,343;5;1
2/2;2177;2019-04-23 08:00:00;10261;LH;верх;1274,496;1273,188;2,303;2;2
2/2;2178;2019-04-23 14:00:00;10267;LL;низ;1266,421;1272,780;8,075;6;1
2/2;2179;2019-04-23 17:00:00;10270;LH;верх;1273,183;1272,131;6,762;3;1
2/2;2180;2019-04-23 18:00:00;10271;HL;низ;1270,436;1272,222;2,747;1;1
2/2;2181;2019-04-23 20:00:00;10273;LH;верх;1272,550;1271,477;2,114;2;1
2/2;2182;2019-04-24 03:00:00;10279;LL;низ;1268,874;1269,936;3,676;6;1
2/2;2183;2019-04-24 11:00:00;10287;HH;верх;1274,197;1272,572;5,323;8;2
2/2;2184;2019-04-24 13:00:00;10289;HL;низ;1270,270;1277,406;3,927;2;1
2/2;2185;2019-04-24 15:00:00;10291;HH;верх;1278,548;1277,219;8,278;2;1
2/2;2186;2019-04-25 00:00:00;10299;HL;низ;1273,468;1276,393;5,080;8;2
2/2;2187;2019-04-25 03:00:00;10302;LH;верх;1276,896;1276,374;3,428;3;1
2/2;2188;2019-04-25 05:00:00;10304;HL;низ;1274,900;1277,924;1,996;2;1
2/2;2189;2019-04-25 07:00:00;10306;HH;верх;1278,590;1276,913;3,690;2;1
2/2;2190;2019-04-25 12:00:00;10311;HL;низ;1275,294;1279,780;3,296;5;1
2/2;2191;2019-04-25 13:00:00;10312;HH;верх;1282,648;1278,098;7,354;1;1
2/2;2192;2019-04-25 16:00:00;10315;HL;низ;1276,404;1277,297;6,244;3;2
2/2;2193;2019-04-26 07:00:00;10329;HH;верх;1283,268;1280,642;6,864;14;2
2/2;2194;2019-04-26 12:00:00;10334;LL;низ;1274,442;1286,686;8,826;5;1
2/2;2195;2019-04-26 16:00:00;10338;HH;верх;1288,743;1286,654;14,301;4;1
2/2;2196;2019-04-26 19:00:00;10341;HL;низ;1285,550;1286,142;3,193;3;1
2/2;2197;2019-04-28 23:00:00;10344;LH;верх;1286,742;1285,686;1,192;3;1
2/2;2198;2019-04-29 00:00:00;10345;LL;низ;1285,036;1286,604;1,706;1;1
2/2;2199;2019-04-29 02:00:00;10347;LH;верх;1286,688;1285,412;1,652;2;1
2/2;2200;2019-04-29 08:00:00;10353;LL;низ;1280,939;1281,263;5,749;6;1
2/2;2201;2019-04-29 12:00:00;10357;LH;верх;1284,379;1279,854;3,440;4;1
2/2;2202;2019-04-29 14:00:00;10359;LL;низ;1278,196;1279,086;6,183;2;1
2/2;2203;2019-04-30 05:00:00;10373;LH;верх;1284,211;1283,686;6,015;14;2
2/2;2204;2019-04-30 06:00:00;10374;HL;низ;1281,909;1283,796;2,302;1;1
2/2;2205;2019-04-30 11:00:00;10379;HH;верх;1286,164;1282,238;4,255;5;1
2/2;2206;2019-05-01 07:00:00;10398;LL;низ;1277,896;1282,568;8,268;19;4
2/2;2207;2019-05-01 10:00:00;10401;LH;верх;1282,856;1280,672;4,960;3;1
2/2;2208;2019-05-01 12:00:00;10403;HL;низ;1279,828;1281,992;3,028;2;1
2/2;2209;2019-05-01 18:00:00;10409;HH;верх;1287,236;1276,812;7,408;6;2
2/2;2210;2019-05-01 18:00:00;10409;LL;низ;1272,999;1276,812;14,237;0;1
2/2;2211;2019-05-01 22:00:00;10412;LH;верх;1278,059;1277,171;5,060;3;1
2/2;2212;2019-05-02 08:00:00;10422;LL;низ;1270,381;1271,068;7,678;10;2
2/2;2213;2019-05-02 12:00:00;10426;LH;верх;1273,030;1269,503;2,649;4;1
2/2;2214;2019-05-02 13:00:00;10427;LL;низ;1266,389;1271,631;6,641;1;1
2/2;2215;2019-05-02 16:00:00;10430;LH;верх;1272,198;1271,294;5,809;3;1
2/2;2216;2019-05-02 23:00:00;10436;HL;низ;1270,400;1271,491;1,798;6;1
2/2;2217;2019-05-03 04:00:00;10441;HH;верх;1272,858;1271,275;2,458;5;2
2/2;2218;2019-05-03 12:00:00;10449;LL;низ;1268,466;1280,628;4,392;8;2
2/2;2219;2019-05-03 15:00:00;10452;HH;верх;1282,505;1280,264;14,039;3;1
2/2;2220;2019-05-03 20:00:00;10457;HL;низ;1278,099;1284,294;4,406;5;1
2/2;2221;2019-05-05 22:00:00;10458;HH;верх;1285,861;1284,226;7,762;1;1
2/2;2222;2019-05-06 02:00:00;10462;HL;низ;1281,810;1282,530;4,051;4;1
2/2;2223;2019-05-06 07:00:00;10467;LH;верх;1283,973;1281,932;2,163;5;2
2/2;2224;2019-05-06 13:00:00;10473;LL;низ;1277,116;1280,654;6,857;6;2
2/2;2225;2019-05-06 17:00:00;10477;LH;верх;1283,064;1280,168;5,948;4;1
2/2;2226;2019-05-06 19:00:00;10479;HL;низ;1280,083;1281,514;2,981;2;1
2/2;2227;2019-05-07 00:00:00;10483;HH;верх;1283,306;1282,889;3,223;4;1
2/2;2228;2019-05-07 01:00:00;10484;HL;низ;1281,505;1283,146;1,801;1;1
2/2;2229;2019-05-07 04:00:00;10487;HH;верх;1283,700;1282,043;2,195;3;1
2/2;2230;2019-05-07 06:00:00;10489;LL;низ;1280,824;1281,998;2,876;2;1
2/2;2231;2019-05-07 07:00:00;10490;LH;верх;1283,686;1281,786;2,862;1;1
2/2;2232;2019-05-07 12:00:00;10495;LL;низ;1278,263;1284,367;5,423;5;1
2/2;2233;2019-05-07 18:00:00;10501;HH;верх;1286,143;1284,254;7,880;6;1
2/2;2234;2019-05-07 18:00:00;10501;HL;низ;1283,650;1284,254;2,493;0;2
2/2;2235;2019-05-08 02:00:00;10508;HH;верх;1287,212;1287,101;3,562;7;1
2/2;2236;2019-05-08 03:00:00;10509;HL;низ;1285,284;1287,175;1,928;1;1
2/2;2237;2019-05-08 06:00:00;10512;HH;верх;1288,051;1287,218;2,767;3;1
2/2;2238;2019-05-08 07:00:00;10513;HL;низ;1285,440;1289,286;2,611;1;1
2/2;2239;2019-05-08 12:00:00;10518;HH;верх;1291,513;1282,954;6,073;5;1
2/2;2240;2019-05-08 17:00:00;10523;LL;низ;1279,501;1280,954;12,012;5;1
2/2;2241;2019-05-09 00:00:00;10529;LH;верх;1282,863;1281,212;3,362;6;1
2/2;2242;2019-05-09 02:00:00;10531;HL;низ;1279,706;1282,491;3,157;2;1
2/2;2243;2019-05-09 08:00:00;10537;HH;верх;1285,620;1282,936;5,914;6;1
2/2;2244;2019-05-09 13:00:00;10542;HL;низ;1280,355;1285,438;5,265;5;1
2/2;2245;2019-05-09 14:00:00;10543;HH;верх;1288,201;1283,811;7,846;1;1
2/2;2246;2019-05-10 00:00:00;10552;HL;низ;1283,238;1284,286;4,963;9;3
2/2;2247;2019-05-10 01:00:00;10553;LH;верх;1285,514;1285,030;2,276;1;1
2/2;2248;2019-05-10 03:00:00;10555;HL;низ;1283,494;1286,302;2,020;2;1
2/2;2249;2019-05-10 05:00:00;10557;HH;верх;1286,974;1284,879;3,480;2;1
2/2;2250;2019-05-10 06:00:00;10558;LL;низ;1283,389;1285,354;3,585;1;2
2/2;2251;2019-05-10 14:00:00;10566;HH;верх;1289,447;1288,016;6,058;8;1
2/2;2252;2019-05-10 19:00:00;10571;HL;низ;1285,180;1287,589;4,267;5;1
2/2;2253;2019-05-13 00:00:00;10575;LH;верх;1288,598;1284,534;3,418;4;2
2/2;2254;2019-05-13 07:00:00;10582;LL;низ;1282,072;1283,592;6,526;7;2
2/2;2255;2019-05-14 00:00:00;10598;HH;верх;1303,364;1298,445;21,292;16;3
2/2;2256;2019-05-14 02:00:00;10600;HL;низ;1298,257;1299,458;5,107;2;1
2/2;2257;2019-05-14 05:00:00;10603;LH;верх;1300,012;1298,475;1,755;3;1
2/2;2258;2019-05-14 11:00:00;10609;LL;низ;1296,006;1298,146;4,006;6;2
2/2;2259;2019-05-14 12:00:00;10610;LH;верх;1299,632;1295,946;3,626;1;1
2/2;2260;2019-05-14 15:00:00;10613;LL;низ;1293,908;1295,038;5,724;3;2
2/2;2261;2019-05-15 01:00:00;10622;LH;верх;1298,204;1295,801;4,296;9;1
2/2;2262;2019-05-15 06:00:00;10627;LL;низ;1293,138;1298,889;5,066;5;1
2/2;2263;2019-05-15 09:00:00;10630;HH;верх;1299,196;1299,142;6,058;3;1
2/2;2264;2019-05-15 11:00:00;10632;HL;низ;1297,097;1298,986;2,099;2;1
2/2;2265;2019-05-15 12:00:00;10633;HH;верх;1300,922;1296,530;3,825;1;1
2/2;2266;2019-05-15 15:00:00;10636;LL;низ;1294,796;1296,941;6,126;3;1
2/2;2267;2019-05-15 17:00:00;10638;LH;верх;1298,115;1296,404;3,319;2;1
2/2;2268;2019-05-15 19:00:00;10640;HL;низ;1295,752;1296,918;2,363;2;1
2/2;2269;2019-05-16 00:00:00;10644;LH;верх;1297,374;1295,438;1,622;4;1
2/2;2270;2019-05-16 02:00:00;10646;LL;низ;1295,249;1296,482;2,125;2;1
2/2;2271;2019-05-16 07:00:00;10651;HH;верх;1298,756;1295,273;3,507;5;1
2/2;2272;2019-05-16 15:00:00;10659;LL;низ;1284,160;1286,400;14,596;8;1
2/2;2273;2019-05-16 19:00:00;10663;LH;верх;1287,172;1286,311;3,012;4;1
2/2;2274;2019-05-17 01:00:00;10668;HL;низ;1284,916;1286,368;2,256;5;1
2/2;2275;2019-05-17 06:00:00;10673;HH;верх;1288,988;1286,908;4,072;5;2
2/2;2276;2019-05-17 17:00:00;10684;LL;низ;1274,962;1278,059;14,026;11;2
2/2;2277;2019-05-19 22:00:00;10688;LH;верх;1278,923;1278,171;3,961;4;2
2/2;2278;2019-05-20 02:00:00;10692;HL;низ;1276,082;1276,638;2,841;4;1
2/2;2279;2019-05-20 07:00:00;10697;LH;верх;1277,247;1275,050;1,165;5;1
2/2;2280;2019-05-20 09:00:00;10699;LL;низ;1273,761;1276,304;3,486;2;1
2/2;2281;2019-05-20 12:00:00;10702;HH;верх;1278,537;1277,896;4,776;3;1
2/2;2282;2019-05-20 13:00:00;10703;HL;низ;1275,357;1276,967;3,180;1;1
2/2;2283;2019-05-20 15:00:00;10705;HH;верх;1279,034;1277,164;3,677;2;1
2/2;2284;2019-05-20 16:00:00;10706;HL;низ;1275,693;1277,728;3,341;1;1
2/2;2285;2019-05-20 19:00:00;10709;LH;верх;1278,504;1277,709;2,811;3;1
2/2;2286;2019-05-21 06:00:00;10719;LL;низ;1274,337;1275,352;4,167;10;1
2/2;2287;2019-05-21 07:00:00;10720;LH;верх;1276,644;1275,846;2,307;1;2
2/2;2288;2019-05-21 13:00:00;10726;LL;низ;1269,603;1273,634;7,041;6;1
2/2;2289;2019-05-21 15:00:00;10728;LH;верх;1274,981;1274,404;5,378;2;1
2/2;2290;2019-05-21 17:00:00;10730;HL;низ;1272,648;1274,756;2,333;2;2
2/2;2291;2019-05-22 00:00:00;10736;HH;верх;1275,396;1273,608;2,748;6;1
2/2;2292;2019-05-22 02:00:00;10738;HL;низ;1273,283;1273,751;2,113;2;1
2/2;2293;2019-05-22 04:00:00;10740;LH;верх;1274,417;1273,639;1,134;2;1
2/2;2294;2019-05-22 07:00:00;10743;LL;низ;1272,577;1273,851;1,840;3;1
2/2;2295;2019-05-22 12:00:00;10748;HH;верх;1277,331;1275,351;4,754;5;1
2/2;2296;2019-05-22 14:00:00;10750;HL;низ;1273,227;1274,863;4,104;2;1
2/2;2297;2019-05-22 16:00:00;10752;LH;верх;1276,638;1273,818;3,411;2;1
2/2;2298;2019-05-22 22:00:00;10757;HL;низ;1273,434;1274,186;3,204;5;1
2/2;2299;2019-05-23 00:00:00;10759;LH;верх;1274,685;1273,606;1,251;2;1
2/2;2300;2019-05-23 03:00:00;10762;LL;низ;1272,913;1274,504;1,772;3;1
2/2;2301;2019-05-23 15:00:00;10774;HH;верх;1287,347;1284,736;14,434;12;2
2/2;2302;2019-05-24 02:00:00;10784;HL;низ;1282,578;1283,844;4,769;10;1
2/2;2303;2019-05-24 06:00:00;10788;LH;верх;1285,280;1282,157;2,702;4;2
2/2;2304;2019-05-24 10:00:00;10792;LL;низ;1280,977;1283,330;4,303;4;1
2/2;2305;2019-05-24 12:00:00;10794;LH;верх;1284,498;1284,042;3,521;2;1
2/2;2306;2019-05-24 13:00:00;10795;LL;низ;1280,842;1283,917;3,656;1;1
2/2;2307;2019-05-26 22:00:00;10803;HH;верх;1286,648;1284,776;5,806;8;2
2/2;2308;2019-05-27 00:00:00;10805;HL;низ;1283,898;1286,787;2,750;2;1
2/2;2309;2019-05-27 01:00:00;10806;HH;верх;1287,451;1287,048;3,553;1;2
2/2;2310;2019-05-27 07:00:00;10812;HL;низ;1285,323;1286,197;2,128;6;1
2/2;2311;2019-05-27 08:00:00;10813;LH;верх;1287,026;1285,916;1,703;1;1
2/2;2312;2019-05-27 12:00:00;10817;LL;низ;1285,024;1285,255;2,002;4;1
2/2;2313;2019-05-27 13:00:00;10818;LH;верх;1286,484;1285,060;1,460;1;1
2/2;2314;2019-05-27 16:00:00;10821;LL;низ;1284,978;1285,784;1,506;3;1
2/2;2315;2019-05-28 00:00:00;10824;HH;верх;1286,646;1283,095;1,668;3;1
2/2;2316;2019-05-28 04:00:00;10828;LL;низ;1282,444;1283,104;4,202;4;2
2/2;2317;2019-05-28 08:00:00;10832;LH;верх;1285,207;1283,906;2,763;4;1
2/2;2318;2019-05-28 14:00:00;10838;LL;низ;1276,216;1277,888;8,991;6;2
2/2;2319;2019-05-29 00:00:00;10847;LH;верх;1281,945;1280,175;5,729;9;1
2/2;2320;2019-05-29 02:00:00;10849;HL;низ;1279,204;1281,526;2,741;2;1
2/2;2321;2019-05-29 12:00:00;10859;HH;верх;1285,564;1282,250;6,360;10;2
2/2;2322;2019-05-29 15:00:00;10862;HL;низ;1279,780;1281,594;5,784;3;1
2/2;2323;2019-05-29 19:00:00;10866;LH;верх;1282,892;1280,014;3,112;4;1
2/2;2324;2019-05-29 19:00:00;10866;LL;низ;1279,318;1280,014;3,574;0;1
2/2;2325;2019-05-30 06:00:00;10876;LH;верх;1278,485;1277,141;0,833;10;1
2/2;2326;2019-05-30 07:00:00;10877;LL;низ;1275,124;1276,651;3,361;1;2
2/2;2327;2019-05-31 10:00:00;10903;HH;верх;1299,307;1297,309;24,183;26;4
2/2;2328;2019-05-31 12:00:00;10905;HL;низ;1295,570;1302,512;3,737;2;1
2/2;2329;2019-06-03 03:00:00;10919;HH;верх;1312,813;1311,301;17,243;14;2
2/2;2330;2019-06-03 06:00:00;10922;HL;низ;1309,337;1314,287;3,476;3;2
2/2;2331;2019-06-03 19:00:00;10935;HH;верх;1327,998;1324,991;18,661;13;1
2/2;2332;2019-06-03 22:00:00;10937;HL;низ;1324,482;1327,097;3,516;2;1
2/2;2333;2019-06-04 01:00:00;10940;LH;верх;1327,342;1322,672;2,860;3;1
2/2;2334;2019-06-04 03:00:00;10942;LL;низ;1321,716;1324,626;5,626;2;1
2/2;2335;2019-06-04 08:00:00;10947;HH;верх;1329,112;1326,986;7,396;5;1
2/2;2336;2019-06-04 12:00:00;10951;LL;низ;1320,039;1321,259;9,073;4;2
2/2;2337;2019-06-04 13:00:00;10952;LH;верх;1328,902;1322,669;8,863;1;1
2/2;2338;2019-06-04 15:00:00;10954;HL;низ;1320,432;1325,502;8,470;2;1
2/2;2339;2019-06-04 19:00:00;10958;LH;верх;1328,311;1325,514;7,879;4;1
2/2;2340;2019-06-04 22:00:00;10960;HL;низ;1324,629;1327,004;3,682;2;1
2/2;2341;2019-06-05 00:00:00;10962;LH;верх;1327,617;1325,804;2,988;2;1
2/2;2342;2019-06-05 03:00:00;10965;HL;низ;1325,510;1327,250;2,107;3;1
2/2;2343;2019-06-05 12:00:00;10974;HH;верх;1344,136;1332,514;18,626;9;1
2/2;2344;2019-06-05 15:00:00;10977;HL;низ;1327,116;1329,507;17,020;3;2
2/2;2345;2019-06-05 22:00:00;10983;LH;верх;1333,836;1329,144;6,720;6;1
2/2;2346;2019-06-06 01:00:00;10986;HL;низ;1327,317;1331,417;6,519;3;1
2/2;2347;2019-06-06 12:00:00;10997;HH;верх;1338,535;1335,829;11,218;11;2
2/2;2348;2019-06-06 13:00:00;10998;HL;низ;1333,123;1338,475;5,412;1;1
2/2;2349;2019-06-06 16:00:00;11001;HH;верх;1339,798;1334,445;6,675;3;1
2/2;2350;2019-06-06 19:00:00;11004;LL;низ;1333,083;1335,272;6,715;3;1
2/2;2351;2019-06-06 22:00:00;11006;LH;верх;1336,335;1333,274;3,252;2;1
2/2;2352;2019-06-07 06:00:00;11014;LL;низ;1330,391;1335,971;5,944;8;2
2/2;2353;2019-06-07 08:00:00;11016;LH;верх;1336,140;1333,117;5,749;2;1
2/2;2354;2019-06-07 10:00:00;11018;HL;низ;1332,874;1341,136;3,266;2;1
2/2;2355;2019-06-07 14:00:00;11022;HH;верх;1348,212;1343,188;15,338;4;1
2/2;2356;2019-06-10 08:00:00;11039;LL;низ;1325,204;1328,265;23,008;17;4
2/2;2357;2019-06-10 12:00:00;11043;LH;верх;1330,181;1329,299;4,977;4;1
2/2;2358;2019-06-10 12:00:00;11043;HL;низ;1325,206;1329,299;4,975;0;1
2/2;2359;2019-06-10 15:00:00;11046;LH;верх;1330,137;1327,216;4,931;3;1
2/2;2360;2019-06-10 17:00:00;11048;HL;низ;1325,368;1328,249;4,769;2;1
2/2;2361;2019-06-11 01:00:00;11055;LH;верх;1329,913;1328,734;4,545;7;2
2/2;2362;2019-06-11 03:00:00;11057;HL;низ;1327,736;1328,836;2,177;2;1
2/2;2363;2019-06-11 06:00:00;11060;LH;верх;1329,340;1321,996;1,604;3;1
2/2;2364;2019-06-11 12:00:00;11066;LL;низ;1319,999;1325,957;9,341;6;1
2/2;2365;2019-06-11 17:00:00;11071;LH;верх;1328,835;1326,863;8,836;5;1
2/2;2366;2019-06-12 01:00:00;11078;HL;низ;1326,120;1332,485;2,715;7;2
2/2;2367;2019-06-12 08:00:00;11085;HH;верх;1338,423;1335,004;12,303;7;1
2/2;2368;2019-06-12 13:00:00;11090;HL;низ;1329,958;1335,514;8,465;5;1
2/2;2369;2019-06-12 16:00:00;11093;LH;верх;1337,026;1332,748;7,068;3;1
2/2;2370;2019-06-12 17:00:00;11094;HL;низ;1331,887;1333,075;5,139;1;2
2/2;2371;2019-06-13 02:00:00;11102;HH;верх;1337,770;1334,836;5,883;8;1
2/2;2372;2019-06-13 04:00:00;11104;HL;низ;1334,133;1337,886;3,637;2;1
2/2;2373;2019-06-13 08:00:00;11108;HH;верх;1339,117;1336,429;4,984;4;1
2/2;2374;2019-06-13 09:00:00;11109;HL;низ;1335,033;1337,267;4,084;1;1
2/2;2375;2019-06-13 11:00:00;11111;LH;верх;1337,533;1336,207;2,500;2;1
2/2;2376;2019-06-13 13:00:00;11113;LL;низ;1333,787;1339,285;3,746;2;1
2/2;2377;2019-06-13 18:00:00;11118;HH;верх;1343,174;1341,971;9,387;5;1
2/2;2378;2019-06-14 01:00:00;11124;HL;низ;1341,949;1345,624;1,225;6;1
2/2;2379;2019-06-14 02:00:00;11125;HH;верх;1347,902;1345,125;5,953;1;1
2/2;2380;2019-06-14 05:00:00;11128;HL;низ;1344,485;1354,901;3,417;3;1
2/2;2381;2019-06-14 07:00:00;11130;HH;верх;1358,222;1354,231;13,737;2;1
2/2;2382;2019-06-14 17:00:00;11140;LL;низ;1338,018;1341,171;20,204;10;3
2/2;2383;2019-06-16 22:00:00;11144;LH;верх;1342,499;1339,081;4,481;4;1
2/2;2384;2019-06-17 01:00:00;11147;LL;низ;1336,287;1342,333;6,212;3;1
2/2;2385;2019-06-17 03:00:00;11149;HH;верх;1343,600;1339,178;7,313;2;1
2/2;2386;2019-06-17 09:00:00;11155;LL;низ;1333,120;1335,940;10,480;6;1
2/2;2387;2019-06-17 13:00:00;11159;LH;верх;1343,296;1340,909;10,176;4;1
2/2;2388;2019-06-17 18:00:00;11164;HL;низ;1338,238;1339,625;5,058;5;2
2/2;2389;2019-06-18 06:00:00;11175;HH;верх;1348,003;1345,694;9,765;11;2
2/2;2390;2019-06-18 08:00:00;11177;HL;низ;1343,888;1347,609;4,115;2;1
2/2;2391;2019-06-18 12:00:00;11181;HH;верх;1354,622;1346,005;10,734;4;1
2/2;2392;2019-06-18 14:00:00;11183;LL;низ;1339,429;1347,994;15,193;2;1
2/2;2393;2019-06-19 00:00:00;11192;LH;верх;1347,005;1344,323;7,576;9;1
2/2;2394;2019-06-19 01:00:00;11193;HL;низ;1342,293;1344,404;4,712;1;1
2/2;2395;2019-06-19 05:00:00;11197;HH;верх;1347,554;1343,708;5,261;4;1
2/2;2396;2019-06-19 11:00:00;11203;LL;низ;1341,441;1343,802;6,113;6;1
2/2;2397;2019-06-20 01:00:00;11216;HH;верх;1394,279;1380,806;52,838;13;3
2/2;2398;2019-06-20 08:00:00;11223;HL;низ;1377,977;1380,913;16,302;7;1
2/2;2399;2019-06-20 12:00:00;11227;LH;верх;1386,726;1382,804;8,749;4;1
2/2;2400;2019-06-20 12:00:00;11227;HL;низ;1379,700;1382,804;7,026;0;1
2/2;2401;2019-06-20 17:00:00;11232;HH;верх;1393,422;1389,510;13,722;5;1
2/2;2402;2019-06-20 20:00:00;11235;HL;низ;1386,788;1390,907;6,634;3;1
2/2;2403;2019-06-21 02:00:00;11240;HH;верх;1411,993;1403,880;25,205;5;1
2/2;2404;2019-06-21 07:00:00;11245;LL;низ;1382,562;1388,978;29,431;5;1
2/2;2405;2019-06-21 10:00:00;11248;LH;верх;1400,336;1396,898;17,774;3;2
2/2;2406;2019-06-21 14:00:00;11252;HL;низ;1389,304;1394,300;11,032;4;1
2/2;2407;2019-06-24 01:00:00;11262;HH;верх;1411,284;1403,203;21,980;10;2
2/2;2408;2019-06-24 04:00:00;11265;HL;низ;1400,928;1402,898;10,356;3;1
2/2;2409;2019-06-24 06:00:00;11267;LH;верх;1406,520;1405,529;5,592;2;1
2/2;2410;2019-06-24 07:00:00;11268;HL;низ;1400,933;1406,620;5,587;1;1
2/2;2411;2019-06-24 11:00:00;11272;HH;верх;1410,694;1406,568;9,761;4;1
2/2;2412;2019-06-24 13:00:00;11274;HL;низ;1404,538;1413,836;6,156;2;1
2/2;2413;2019-06-25 04:00:00;11288;HH;верх;1439,318;1430,102;34,780;14;3
2/2;2414;2019-06-25 05:00:00;11289;HL;низ;1420,520;1432,130;18,798;1;1
2/2;2415;2019-06-25 08:00:00;11292;LH;верх;1435,608;1430,282;15,088;3;1
2/2;2416;2019-06-25 12:00:00;11296;HL;низ;1424,123;1430,854;11,485;4;1
2/2;2417;2019-06-25 14:00:00;11298;HH;верх;1436,290;1425,728;12,167;2;1
2/2;2418;2019-06-26 03:00:00;11310;LL;низ;1403,477;1408,842;32,813;12;3
2/2;2419;2019-06-26 08:00:00;11315;LH;верх;1413,266;1406,238;9,789;5;1
2/2;2420;2019-06-26 11:00:00;11318;LL;низ;1401,976;1406,114;11,290;3;1
2/2;2421;2019-06-26 15:00:00;11322;HH;верх;1415,358;1411,500;13,382;4;2
2/2;2422;2019-06-26 18:00:00;11325;HL;низ;1408,156;1408,951;7,202;3;1
2/2;2423;2019-06-27 00:00:00;11330;LH;верх;1412,119;1407,992;3,963;5;2
2/2;2424;2019-06-27 06:00:00;11336;LL;низ;1401,371;1402,637;10,748;6;2
2/2;2425;2019-06-27 12:00:00;11342;LH;верх;1407,332;1405,169;5,961;6;1
2/2;2426;2019-06-27 12:00:00;11342;LL;низ;1398,745;1405,169;8,587;0;1
2/2;2427;2019-06-28 01:00:00;11354;HH;верх;1424,699;1419,835;25,954;12;3
2/2;2428;2019-07-01 07:00:00;11383;LL;низ;1381,904;1389,610;42,795;29;6
2/2;2429;2019-07-01 14:00:00;11390;LH;верх;1396,372;1386,566;14,468;7;1
2/2;2430;2019-07-01 20:00:00;11396;HL;низ;1383,071;1385,617;13,301;6;1
2/2;2431;2019-07-02 08:00:00;11407;LH;верх;1394,516;1392,604;11,445;11;3
2/2;2432;2019-07-02 12:00:00;11411;HL;низ;1390,000;1394,148;4,516;4;1
2/2;2433;2019-07-03 01:00:00;11423;HH;верх;1437,800;1424,186;47,800;12;2
2/2;2434;2019-07-03 02:00:00;11424;HL;низ;1421,474;1426,917;16,326;1;2
2/2;2435;2019-07-03 10:00:00;11432;LH;верх;1426,395;1418,048;4,921;8;1
2/2;2436;2019-07-03 13:00:00;11435;LL;низ;1412,152;1417,952;14,243;3;1
2/2;2437;2019-07-03 22:00:00;11443;LH;верх;1420,812;1417,354;8,660;8;1
2/2;2438;2019-07-03 22:00:00;11443;HL;низ;1415,154;1417,354;5,658;0;1
2/2;2439;2019-07-04 01:00:00;11446;HH;верх;1421,744;1419,067;6,590;3;1
2/2;2440;2019-07-04 07:00:00;11452;LL;низ;1410,305;1415,229;11,439;6;1
2/2;2441;2019-07-04 09:00:00;11454;LH;верх;1416,238;1414,694;5,933;2;1
2/2;2442;2019-07-04 12:00:00;11457;HL;низ;1412,956;1416,527;3,282;3;1
2/2;2443;2019-07-04 22:00:00;11462;HH;верх;1424,280;1415,860;11,324;5;2
2/2;2444;2019-07-05 06:00:00;11470;LL;низ;1412,236;1414,146;12,044;8;2
2/2;2445;2019-07-05 11:00:00;11475;LH;верх;1416,212;1389,574;3,976;5;1
2/2;2446;2019-07-05 13:00:00;11477;LL;низ;1386,676;1396,866;29,536;2;1
2/2;2447;2019-07-05 19:00:00;11483;LH;верх;1402,604;1395,678;15,928;6;1
2/2;2448;2019-07-07 22:00:00;11485;HL;низ;1392,856;1397,976;9,748;2;1
2/2;2449;2019-07-08 07:00:00;11494;HH;верх;1407,675;1405,339;14,819;9;2
2/2;2450;2019-07-09 00:00:00;11510;LL;низ;1390,844;1394,642;16,831;16;3
2/2;2451;2019-07-09 04:00:00;11514;LH;верх;1396,421;1393,708;5,577;4;1
2/2;2452;2019-07-09 08:00:00;11518;LL;низ;1385,870;1389,632;10,551;4;1
2/2;2453;2019-07-09 12:00:00;11522;LH;верх;1394,934;1393,587;9,064;4;1
2/2;2454;2019-07-09 14:00:00;11524;HL;низ;1390,414;1396,951;4,520;2;1
2/2;2455;2019-07-09 15:00:00;11525;HH;верх;1400,090;1398,245;9,676;1;1
2/2;2456;2019-07-09 19:00:00;11529;HL;низ;1395,725;1395,937;4,365;4;1
2/2;2457;2019-07-09 22:00:00;11531;LH;верх;1398,240;1392,997;2,515;2;1
2/2;2458;2019-07-10 01:00:00;11534;LL;низ;1391,311;1393,000;6,929;3;1
2/2;2459;2019-07-10 03:00:00;11536;LH;верх;1394,731;1393,526;3,420;2;1
2/2;2460;2019-07-10 06:00:00;11539;LL;низ;1390,050;1393,623;4,681;3;1
2/2;2461;2019-07-10 09:00:00;11542;HH;верх;1397,095;1395,322;7,045;3;1
2/2;2462;2019-07-10 12:00:00;11545;HL;низ;1391,570;1408,270;5,525;3;1
2/2;2463;2019-07-10 13:00:00;11546;HH;верх;1411,429;1410,197;19,859;1;1
2/2;2464;2019-07-10 15:00:00;11548;HL;низ;1403,018;1413,224;8,411;2;1
2/2;2465;2019-07-11 01:00:00;11557;HH;верх;1427,203;1424,119;24,185;9;1
2/2;2466;2019-07-11 06:00:00;11562;HL;низ;1419,484;1423,490;7,719;5;2
2/2;2467;2019-07-11 09:00:00;11565;LH;верх;1424,002;1420,275;4,518;3;1
2/2;2468;2019-07-11 20:00:00;11576;LL;низ;1401,063;1404,043;22,939;11;3
2/2;2469;2019-07-12 01:00:00;11580;LH;верх;1410,086;1407,904;9,023;4;1
2/2;2470;2019-07-12 05:00:00;11584;HL;низ;1405,096;1410,254;4,990;4;1
2/2;2471;2019-07-12 07:00:00;11586;HH;верх;1412,460;1406,030;7,364;2;1
2/2;2472;2019-07-12 09:00:00;11588;LL;низ;1404,306;1407,764;8,154;2;1
2/2;2473;2019-07-12 11:00:00;11590;LH;верх;1410,449;1408,182;6,143;2;1
2/2;2474;2019-07-12 12:00:00;11591;LL;низ;1403,225;1408,466;7,224;1;1
2/2;2475;2019-07-14 22:00:00;11600;HH;верх;1419,783;1415,672;16,558;9;2
2/2;2476;2019-07-15 02:00:00;11604;HL;низ;1409,592;1411,497;10,191;4;2
2/2;2477;2019-07-15 09:00:00;11611;LH;верх;1417,169;1414,072;7,577;7;1
2/2;2478;2019-07-15 14:00:00;11616;LL;низ;1407,806;1413,048;9,363;5;2
2/2;2479;2019-07-15 22:00:00;11623;HH;верх;1418,380;1414,484;10,574;7;1
2/2;2480;2019-07-16 01:00:00;11626;HL;низ;1411,188;1413,332;7,192;3;1
2/2;2481;2019-07-16 05:00:00;11630;LH;верх;1415,726;1413,852;4,538;4;1
2/2;2482;2019-07-16 06:00:00;11631;HL;низ;1412,220;1414,337;3,506;1;1
2/2;2483;2019-07-16 09:00:00;11634;HH;верх;1416,308;1414,198;4,088;3;2
2/2;2484;2019-07-16 18:00:00;11643;LL;низ;1400,792;1405,834;15,516;9;1
2/2;2485;2019-07-16 22:00:00;11646;LH;верх;1407,267;1405,080;6,475;3;1
2/2;2486;2019-07-17 00:00:00;11648;HL;низ;1403,564;1405,111;3,703;2;1
2/2;2487;2019-07-17 02:00:00;11650;LH;верх;1406,967;1405,222;3,403;2;2
2/2;2488;2019-07-17 09:00:00;11657;LL;низ;1400,214;1404,777;6,753;7;1
2/2;2489;2019-07-17 22:00:00;11669;HH;верх;1430,609;1427,705;30,395;12;2
2/2;2490;2019-07-18 05:00:00;11676;HL;низ;1418,986;1420,214;11,623;7;2
2/2;2491;2019-07-18 06:00:00;11677;LH;верх;1423,830;1421,906;4,844;1;2
2/2;2492;2019-07-18 12:00:00;11683;LL;низ;1414,774;1422,363;9,056;6;1
2/2;2493;2019-07-18 22:00:00;11692;HH;верх;1453,005;1441,684;38,231;9;1
2/2;2494;2019-07-19 01:00:00;11695;HL;низ;1439,636;1443,129;13,369;3;1
2/2;2495;2019-07-19 02:00:00;11696;LH;верх;1445,346;1442,178;5,710;1;2
2/2;2496;2019-07-19 06:00:00;11700;LL;низ;1436,612;1439,748;8,734;4;1
2/2;2497;2019-07-19 13:00:00;11707;LH;верх;1441,866;1423,978;5,254;7;2
2/2;2498;2019-07-19 15:00:00;11709;LL;низ;1423,254;1425,572;18,612;2;1
2/2;2499;2019-07-19 18:00:00;11712;LH;верх;1429,112;1425,580;5,858;3;1
2/2;2500;2019-07-19 18:00:00;11712;LL;низ;1420,336;1425,580;8,776;0;1
2/2;2501;2019-07-21 22:00:00;11715;LH;верх;1428,642;1424,670;8,306;3;1
2/2;2502;2019-07-22 01:00:00;11718;HL;низ;1422,321;1427,104;6,321;3;1
2/2;2503;2019-07-22 05:00:00;11722;HH;верх;1429,990;1427,790;7,669;4;2
2/2;2504;2019-07-22 06:00:00;11723;HL;низ;1424,386;1425,812;5,604;1;2
2/2;2505;2019-07-22 13:00:00;11730;LH;верх;1429,184;1426,571;4,798;7;1
2/2;2506;2019-07-22 14:00:00;11731;HL;низ;1424,399;1425,918;4,785;1;1
2/2;2507;2019-07-22 17:00:00;11734;LH;верх;1428,928;1425,223;4,529;3;1
2/2;2508;2019-07-23 05:00:00;11745;LL;низ;1414,302;1419,888;14,626;11;3
2/2;2509;2019-07-23 14:00:00;11754;HH;верх;1430,188;1419,576;15,886;9;2
2/2;2510;2019-07-23 20:00:00;11760;HL;низ;1416,188;1417,141;14,000;6;2
2/2;2511;2019-07-24 02:00:00;11765;LH;верх;1422,513;1420,141;6,325;5;1
2/2;2512;2019-07-24 05:00:00;11768;HL;низ;1418,434;1423,664;4,079;3;1
2/2;2513;2019-07-24 14:00:00;11777;HH;верх;1429,546;1422,530;11,112;9;1
2/2;2514;2019-07-24 17:00:00;11780;HL;низ;1420,603;1424,498;8,943;3;1
2/2;2515;2019-07-24 22:00:00;11784;LH;верх;1426,662;1423,851;6,059;4;1
2/2;2516;2019-07-25 05:00:00;11791;HL;низ;1421,824;1425,613;4,838;7;1
2/2;2517;2019-07-25 11:00:00;11797;HH;верх;1433,826;1417,003;12,002;6;1
2/2;2518;2019-07-25 17:00:00;11803;LL;низ;1411,206;1414,140;22,620;6;3
2/2;2519;2019-07-26 01:00:00;11810;LH;верх;1417,897;1416,448;6,691;7;1
2/2;2520;2019-07-26 06:00:00;11815;HL;низ;1414,033;1417,795;3,864;5;1
2/2;2521;2019-07-26 07:00:00;11816;HH;верх;1419,958;1418,729;5,925;1;1
2/2;2522;2019-07-26 12:00:00;11821;LL;низ;1413,545;1420,442;6,413;5;1
2/2;2523;2019-07-26 13:00:00;11822;HH;верх;1424,915;1418,758;11,370;1;2
2/2;2524;2019-07-26 20:00:00;11829;HL;низ;1416,468;1420,196;8,447;7;1
2/2;2525;2019-07-29 01:00:00;11833;LH;верх;1424,340;1420,673;7,872;4;1
2/2;2526;2019-07-29 06:00:00;11838;HL;низ;1417,553;1418,758;6,787;5;1
2/2;2527;2019-07-29 13:00:00;11845;LH;верх;1422,288;1420,945;4,735;7;1
2/2;2528;2019-07-29 13:00:00;11845;LL;низ;1414,938;1420,945;7,350;0;1
2/2;2529;2019-07-29 19:00:00;11851;HH;верх;1428,088;1424,878;13,150;6;1
2/2;2530;2019-07-30 01:00:00;11856;HL;низ;1422,413;1425,038;5,675;5;2
2/2;2531;2019-07-30 12:00:00;11867;HH;верх;1431,050;1428,536;8,637;11;1
2/2;2532;2019-07-30 14:00:00;11869;HL;низ;1425,018;1428,925;6,032;2;1
2/2;2533;2019-07-30 18:00:00;11873;HH;верх;1433,280;1430,874;8,262;4;2
2/2;2534;2019-07-31 02:00:00;11880;HL;низ;1427,751;1429,059;5,529;7;1
2/2;2535;2019-07-31 13:00:00;11891;HH;верх;1434,549;1428,194;6,798;11;3
2/2;2536;2019-08-01 01:00:00;11902;LL;низ;1404,392;1410,312;30,157;11;2
2/2;2537;2019-08-01 03:00:00;11904;LH;верх;1410,969;1407,670;6,577;2;1
2/2;2538;2019-08-01 08:00:00;11909;LL;низ;1402,994;1407,312;7,975;5;1
2/2;2539;2019-08-01 10:00:00;11911;LH;верх;1408,223;1406,210;5,229;2;1
2/2;2540;2019-08-01 13:00:00;11914;LL;низ;1400,613;1415,222;7,610;3;1
2/2;2541;2019-08-01 22:00:00;11922;HH;верх;1448,998;1441,934;48,385;8;1
2/2;2542;2019-08-02 03:00:00;11927;HL;низ;1430,386;1433,707;18,612;5;1
2/2;2543;2019-08-02 07:00:00;11931;LH;верх;1440,181;1437,029;9,795;4;1
2/2;2544;2019-08-02 13:00:00;11937;HL;низ;1431,041;1446,662;9,140;6;1
2/2;2545;2019-08-02 16:00:00;11940;HH;верх;1447,912;1442,565;16,871;3;1
2/2;2546;2019-08-04 22:00:00;11945;HL;низ;1436,794;1443,450;11,118;5;1
2/2;2547;2019-08-05 14:00:00;11961;HH;верх;1469,704;1465,754;32,910;16;3
2/2;2548;2019-08-05 15:00:00;11962;HL;низ;1453,102;1464,491;16,602;1;2
2/2;2549;2019-08-06 00:00:00;11970;HH;верх;1474,900;1467,009;21,798;8;1
2/2;2550;2019-08-06 04:00:00;11974;HL;низ;1456,490;1461,844;18,410;4;2
2/2;2551;2019-08-06 06:00:00;11976;LH;верх;1465,303;1462,365;8,813;2;1
2/2;2552;2019-08-06 07:00:00;11977;HL;низ;1458,570;1463,124;6,733;1;1
2/2;2553;2019-08-06 15:00:00;11985;HH;верх;1473,767;1471,740;15,197;8;1
2/2;2554;2019-08-06 18:00:00;11988;HL;низ;1468,370;1474,078;5,397;3;2
2/2;2555;2019-08-07 01:00:00;11994;HH;верх;1490,205;1486,339;21,835;6;1
2/2;2556;2019-08-07 05:00:00;11998;HL;низ;1481,370;1485,492;8,835;4;1
2/2;2557;2019-08-07 14:00:00;12007;HH;верх;1510,452;1505,050;29,082;9;2
2/2;2558;2019-08-07 19:00:00;12012;HL;низ;1494,044;1497,906;16,408;5;1
2/2;2559;2019-08-08 00:00:00;12016;LH;верх;1506,777;1502,016;12,733;4;1
2/2;2560;2019-08-08 01:00:00;12017;LL;низ;1491,940;1499,569;14,837;1;1
2/2;2561;2019-08-08 06:00:00;12022;LH;верх;1503,840;1496,748;11,900;5;2
2/2;2562;2019-08-08 13:00:00;12029;LL;низ;1490,125;1497,696;13,715;7;1
2/2;2563;2019-08-08 18:00:00;12034;HH;верх;1509,617;1501,318;19,492;5;2
2/2;2564;2019-08-09 01:00:00;12040;HL;низ;1499,188;1506,651;10,429;6;1
2/2;2565;2019-08-09 06:00:00;12045;LH;верх;1508,139;1502,538;8,951;5;2
2/2;2566;2019-08-09 06:00:00;12045;HL;низ;1500,574;1502,538;7,565;0;1
2/2;2567;2019-08-09 11:00:00;12050;LH;верх;1504,502;1497,686;3,928;5;1
2/2;2568;2019-08-09 13:00:00;12052;LL;низ;1494,882;1504,149;9,620;2;1
2/2;2569;2019-08-09 15:00:00;12054;HH;верх;1505,931;1499,089;11,049;2;1
2/2;2570;2019-08-11 22:00:00;12060;LL;низ;1494,658;1498,706;11,273;6;2
2/2;2571;2019-08-11 23:00:00;12061;LH;верх;1501,614;1497,360;6,956;1;1
2/2;2572;2019-08-12 01:00:00;12063;HL;низ;1495,453;1496,909;6,161;2;1
2/2;2573;2019-08-12 05:00:00;12067;LH;верх;1497,292;1490,074;1,839;4;1
2/2;2574;2019-08-12 07:00:00;12069;LL;низ;1487,478;1504,621;9,814;2;1
2/2;2575;2019-08-12 11:00:00;12073;HH;верх;1508,486;1503,832;21,008;4;1
2/2;2576;2019-08-12 13:00:00;12075;HL;низ;1499,937;1506,222;8,549;2;1
2/2;2577;2019-08-12 18:00:00;12080;HH;верх;1520,001;1511,189;20,064;5;2
2/2;2578;2019-08-13 01:00:00;12086;HL;низ;1509,739;1516,694;10,262;6;1
2/2;2579;2019-08-13 10:00:00;12095;HH;верх;1535,094;1520,154;25,355;9;1
2/2;2580;2019-08-13 13:00:00;12098;LL;низ;1479,990;1502,272;55,104;3;2
2/2;2581;2019-08-14 01:00:00;12109;LH;верх;1503,948;1502,134;23,958;11;1
2/2;2582;2019-08-14 01:00:00;12109;HL;низ;1494,286;1502,134;9,662;0;2
2/2;2583;2019-08-14 11:00:00;12119;HH;верх;1518,350;1513,307;24,064;10;1
2/2;2584;2019-08-14 14:00:00;12122;HL;низ;1506,065;1523,176;12,285;3;1
2/2;2585;2019-08-14 17:00:00;12125;HH;верх;1524,114;1513,844;18,049;3;1
2/2;2586;2019-08-14 20:00:00;12128;HL;низ;1509,242;1517,072;14,872;3;2
2/2;2587;2019-08-15 01:00:00;12132;HH;верх;1524,345;1520,674;15,103;4;3
2/2;2588;2019-08-15 06:00:00;12137;LL;низ;1508,027;1516,062;16,318;5;1
2/2;2589;2019-08-15 10:00:00;12141;LH;верх;1522,790;1511,613;14,763;4;1
2/2;2590;2019-08-15 12:00:00;12143;HL;низ;1509,028;1518,708;13,762;2;1
2/2;2591;2019-08-16 00:00:00;12154;HH;верх;1528,038;1517,850;19,010;11;2
2/2;2592;2019-08-16 02:00:00;12156;HL;низ;1516,912;1521,912;11,126;2;1
2/2;2593;2019-08-16 05:00:00;12159;LH;верх;1522,282;1515,282;5,370;3;1
2/2;2594;2019-08-16 09:00:00;12163;LL;низ;1505,719;1513,861;16,563;4;1
2/2;2595;2019-08-16 14:00:00;12168;LH;верх;1516,277;1513,070;10,558;5;1
2/2;2596;2019-08-16 14:00:00;12168;LL;низ;1503,719;1513,070;12,558;0;1
2/2;2597;2019-08-16 18:00:00;12172;HH;верх;1517,394;1513,791;13,675;4;1
2/2;2598;2019-08-19 01:00:00;12178;HL;низ;1505,206;1508,916;12,188;6;2
2/2;2599;2019-08-19 02:00:00;12179;LH;верх;1512,816;1509,179;7,610;1;1
2/2;2600;2019-08-19 11:00:00;12188;LL;низ;1493,424;1496,892;19,392;9;2
2/2;2601;2019-08-19 14:00:00;12191;LH;верх;1503,497;1501,984;10,073;3;3
2/2;2602;2019-08-19 22:00:00;12198;LL;низ;1493,058;1497,164;10,439;7;1
2/2;2603;2019-08-20 01:00:00;12201;LH;верх;1499,541;1495,280;6,483;3;1
2/2;2604;2019-08-20 03:00:00;12203;HL;низ;1494,485;1496,648;5,056;2;1
2/2;2605;2019-08-20 11:00:00;12211;HH;верх;1508,617;1504,641;14,132;8;1
2/2;2606;2019-08-20 13:00:00;12213;HL;низ;1501,519;1503,631;7,098;2;1
2/2;2607;2019-08-20 19:00:00;12219;LH;верх;1508,045;1506,527;6,526;6;1
2/2;2608;2019-08-20 22:00:00;12221;HL;низ;1505,097;1506,431;2,948;2;1
2/2;2609;2019-08-20 23:00:00;12222;HH;верх;1508,116;1505,034;3,019;1;2
2/2;2610;2019-08-21 07:00:00;12230;LL;низ;1496,643;1500,264;11,473;8;2
2/2;2611;2019-08-21 18:00:00;12241;LH;верх;1507,531;1502,564;10,888;11;1
2/2;2612;2019-08-21 19:00:00;12242;HL;низ;1500,234;1502,850;7,297;1;1
2/2;2613;2019-08-21 22:00:00;12244;LH;верх;1504,550;1501,572;4,316;2;2
2/2;2614;2019-08-22 01:00:00;12247;LL;низ;1500,056;1501,634;4,494;3;1
2/2;2615;2019-08-22 06:00:00;12252;LH;верх;1502,321;1498,436;2,265;5;1
2/2;2616;2019-08-22 11:00:00;12257;LL;низ;1492,593;1502,614;9,728;5;1
2/2;2617;2019-08-22 13:00:00;12259;HH;верх;1504,700;1500,698;12,107;2;1
2/2;2618;2019-08-23 06:00:00;12275;HL;низ;1493,671;1496,250;11,029;16;1
2/2;2619;2019-08-23 07:00:00;12276;LH;верх;1497,412;1496,528;3,741;1;1
2/2;2620;2019-08-23 10:00:00;12279;HL;низ;1494,885;1502,446;2,527;3;1
2/2;2621;2019-08-23 18:00:00;12287;HH;верх;1530,204;1527,378;35,319;8;2
2/2;2622;2019-08-23 20:00:00;12289;HL;низ;1525,373;1547,452;4,831;2;1
2/2;2623;2019-08-25 22:00:00;12290;HH;верх;1555,182;1545,072;29,809;1;1
2/2;2624;2019-08-26 02:00:00;12294;HL;низ;1538,239;1543,051;16,943;4;1
2/2;2625;2019-08-26 05:00:00;12297;LH;верх;1544,214;1530,742;5,975;3;1
2/2;2626;2019-08-26 08:00:00;12300;LL;низ;1525,190;1532,645;19,024;3;2
2/2;2627;2019-08-26 14:00:00;12306;LH;верх;1537,124;1529,168;11,934;6;1
2/2;2628;2019-08-26 17:00:00;12309;HL;низ;1526,378;1528,931;10,746;3;1
2/2;2629;2019-08-27 01:00:00;12316;LH;верх;1530,286;1529,086;3,908;7;1
2/2;2630;2019-08-27 01:00:00;12316;LL;низ;1525,836;1529,086;4,450;0;1
2/2;2631;2019-08-27 07:00:00;12322;HH;верх;1535,074;1531,311;9,238;6;1
2/2;2632;2019-08-27 13:00:00;12328;HL;низ;1528,623;1542,404;6,451;6;1
2/2;2633;2019-08-27 16:00:00;12331;HH;верх;1544,719;1539,233;16,096;3;1
2/2;2634;2019-08-27 19:00:00;12334;HL;низ;1537,431;1542,313;7,288;3;1
2/2;2635;2019-08-28 01:00:00;12339;LH;верх;1544,707;1536,278;7,276;5;1
2/2;2636;2019-08-28 02:00:00;12340;LL;низ;1532,002;1535,527;12,705;1;1
2/2;2637;2019-08-28 12:00:00;12350;HH;верх;1546,932;1538,061;14,930;10;2
2/2;2638;2019-08-28 13:00:00;12351;HL;низ;1533,873;1537,724;13,059;1;1
2/2;2639;2019-08-28 18:00:00;12356;LH;верх;1542,662;1539,697;8,789;5;1
2/2;2640;2019-08-28 22:00:00;12359;HL;низ;1537,866;1539,974;4,796;3;1
2/2;2641;2019-08-29 01:00:00;12362;HH;верх;1543,380;1542,832;5,514;3;1
2/2;2642;2019-08-29 01:00:00;12362;HL;низ;1538,070;1542,832;5,310;0;1
2/2;2643;2019-08-29 06:00:00;12367;HH;верх;1550,402;1539,966;12,332;5;1
2/2;2644;2019-08-29 11:00:00;12372;LL;низ;1533,907;1539,536;16,495;5;1
2/2;2645;2019-08-29 13:00:00;12374;LH;верх;1545,351;1536,671;11,444;2;1
2/2;2646;2019-08-29 18:00:00;12379;LL;низ;1519,690;1527,472;25,661;5;1
2/2;2647;2019-08-29 20:00:00;12381;LH;верх;1529,796;1528,827;10,106;2;1
2/2;2648;2019-08-30 01:00:00;12385;HL;низ;1522,304;1524,434;7,492;4;1
2/2;2649;2019-08-30 06:00:00;12390;HH;верх;1533,210;1525,614;10,906;5;1
2/2;2650;2019-08-30 08:00:00;12392;LL;низ;1522,060;1525,774;11,150;2;1
2/2;2651;2019-08-30 12:00:00;12396;LH;верх;1530,750;1528,439;8,690;4;1
2/2;2652;2019-08-30 12:00:00;12396;HL;низ;1524,078;1528,439;6,672;0;1
2/2;2653;2019-08-30 15:00:00;12399;HH;верх;1532,870;1519,038;8,792;3;1
2/2;2654;2019-08-30 17:00:00;12401;LL;низ;1517,160;1524,198;15,710;2;1
2/2;2655;2019-09-01 22:00:00;12405;HH;верх;1535,079;1529,190;17,919;4;1
2/2;2656;2019-09-02 07:00:00;12414;HL;низ;1519,438;1525,763;15,641;9;2
2/2;2657;2019-09-02 10:00:00;12417;LH;верх;1526,379;1523,926;6,941;3;1
2/2;2658;2019-09-02 13:00:00;12420;HL;низ;1523,416;1527,431;2,963;3;1
2/2;2659;2019-09-02 16:00:00;12423;HH;верх;1531,338;1526,340;7,922;3;1
2/2;2660;2019-09-03 03:00:00;12429;LL;низ;1521,728;1526,696;9,610;6;1
2/2;2661;2019-09-03 09:00:00;12435;HH;верх;1533,919;1531,566;12,191;6;1
2/2;2662;2019-09-03 11:00:00;12437;HL;низ;1529,167;1536,920;4,752;2;1
2/2;2663;2019-09-03 15:00:00;12441;HH;верх;1549,810;1546,864;20,643;4;1
2/2;2664;2019-09-03 19:00:00;12445;HL;низ;1542,342;1545,470;7,468;4;1
2/2;2665;2019-09-03 23:00:00;12448;HH;верх;1550,172;1541,398;7,830;3;1
2/2;2666;2019-09-04 07:00:00;12456;LL;низ;1535,384;1538,482;14,788;8;2
2/2;2667;2019-09-04 09:00:00;12458;LH;верх;1539,606;1535,962;4,222;2;1
2/2;2668;2019-09-04 11:00:00;12460;LL;низ;1533,978;1546,322;5,628;2;1
2/2;2669;2019-09-04 17:00:00;12466;HH;верх;1557,074;1554,898;23,096;6;2
2/2;2670;2019-09-05 02:00:00;12474;HL;низ;1541,920;1544,627;15,154;8;1
2/2;2671;2019-09-05 07:00:00;12479;LH;верх;1550,226;1540,993;8,306;5;2
2/2;2672;2019-09-05 14:00:00;12486;LL;низ;1506,492;1515,674;43,734;7;1
2/2;2673;2019-09-05 18:00:00;12490;LH;верх;1521,117;1518,894;14,625;4;2
2/2;2674;2019-09-06 03:00:00;12498;HL;низ;1512,814;1517,914;8,303;8;1
2/2;2675;2019-09-06 05:00:00;12500;LH;верх;1519,452;1509,710;6,638;2;1
2/2;2676;2019-09-06 12:00:00;12507;LL;низ;1502,707;1520,093;16,745;7;3
2/2;2677;2019-09-06 13:00:00;12508;HH;верх;1527,836;1521,100;25,129;1;1
2/2;2678;2019-09-08 22:00:00;12516;HL;низ;1503,426;1507,478;24,410;8;1
2/2;2679;2019-09-09 01:00:00;12519;LH;верх;1512,598;1509,716;9,172;3;2
2/2;2680;2019-09-09 08:00:00;12526;HL;низ;1504,711;1509,734;7,887;7;1
2/2;2681;2019-09-09 13:00:00;12531;HH;верх;1515,466;1500,450;10,755;5;1
2/2;2682;2019-09-10 01:00:00;12542;LL;низ;1486,567;1489,944;28,899;11;3
2/2;2683;2019-09-10 08:00:00;12549;LH;верх;1496,862;1495,259;10,295;7;1
2/2;2684;2019-09-10 12:00:00;12553;HL;низ;1488,877;1496,169;7,985;4;1
2/2;2685;2019-09-10 13:00:00;12554;HH;верх;1500,906;1494,492;12,029;1;1
2/2;2686;2019-09-10 20:00:00;12561;LL;низ;1484,705;1487,122;16,201;7;2
2/2;2687;2019-09-11 01:00:00;12565;LH;верх;1493,041;1491,173;8,336;4;1
2/2;2688;2019-09-11 04:00:00;12568;HL;низ;1489,149;1492,981;3,892;3;1
2/2;2689;2019-09-11 06:00:00;12570;HH;верх;1495,071;1493,894;5,922;2;1
2/2;2690;2019-09-11 08:00:00;12572;LL;низ;1489,140;1493,414;5,931;2;1
2/2;2691;2019-09-11 09:00:00;12573;LH;верх;1494,814;1491,401;5,674;1;1
2/2;2692;2019-09-11 13:00:00;12577;LL;низ;1487,002;1494,657;7,812;4;1
2/2;2693;2019-09-11 15:00:00;12579;HH;верх;1497,749;1495,422;10,747;2;1
2/2;2694;2019-09-11 17:00:00;12581;HL;низ;1491,874;1495,802;5,875;2;1
2/2;2695;2019-09-11 23:00:00;12586;HH;верх;1498,502;1493,196;6,628;5;2
2/2;2696;2019-09-12 00:00:00;12587;LL;низ;1489,358;1492,930;9,144;1;1
2/2;2697;2019-09-12 08:00:00;12595;HH;верх;1505,948;1502,670;16,590;8;1
2/2;2698;2019-09-12 11:00:00;12598;HL;низ;1501,689;1516,340;4,259;3;1
2/2;2699;2019-09-12 12:00:00;12599;HH;верх;1524,250;1510,618;22,561;1;1
2/2;2700;2019-09-12 22:00:00;12608;LL;низ;1495,452;1498,588;28,798;9;2
2/2;2701;2019-09-13 00:00:00;12610;LH;верх;1501,070;1496,736;5,618;2;1
2/2;2702;2019-09-13 01:00:00;12611;HL;низ;1495,780;1497,640;5,290;1;1
2/2;2703;2019-09-13 11:00:00;12621;HH;верх;1509,042;1504,012;13,262;10;1
2/2;2704;2019-09-13 18:00:00;12628;LL;низ;1485,965;1488,747;23,077;7;1
2/2;2705;2019-09-16 00:00:00;12633;HH;верх;1512,070;1502,890;26,105;5;1
2/2;2706;2019-09-16 05:00:00;12638;HL;низ;1501,319;1503,741;10,751;5;2
2/2;2707;2019-09-16 06:00:00;12639;LH;верх;1507,154;1502,527;5,835;1;1
2/2;2708;2019-09-16 08:00:00;12641;LL;низ;1499,109;1503,064;8,045;2;1
2/2;2709;2019-09-16 10:00:00;12643;LH;верх;1505,208;1501,568;6,099;2;1
2/2;2710;2019-09-16 14:00:00;12647;LL;низ;1495,972;1503,292;9,236;4;1
2/2;2711;2019-09-16 15:00:00;12648;HH;верх;1506,300;1502,302;10,328;1;1
2/2;2712;2019-09-16 19:00:00;12652;HL;низ;1496,943;1499,201;9,357;4;2
2/2;2713;2019-09-17 02:00:00;12658;LH;верх;1500,956;1498,265;4,013;6;1
2/2;2714;2019-09-17 06:00:00;12662;LL;низ;1493,566;1497,760;7,390;4;3
2/2;2715;2019-09-17 16:00:00;12672;HH;верх;1507,086;1502,567;13,520;10;1
2/2;2716;2019-09-17 23:00:00;12678;HL;низ;1500,618;1503,034;6,468;6;1
2/2;2717;2019-09-18 01:00:00;12680;LH;верх;1503,640;1502,940;3,022;2;3
2/2;2718;2019-09-18 10:00:00;12689;LL;низ;1499,666;1504,660;3,974;9;1
2/2;2719;2019-09-18 17:00:00;12696;HH;верх;1511,661;1492,301;11,995;7;1
2/2;2720;2019-09-18 18:00:00;12697;LL;низ;1483,311;1494,022;28,350;1;3
2/2;2721;2019-09-19 13:00:00;12715;LH;верх;1504,556;1498,624;21,245;18;1
2/2;2722;2019-09-19 15:00:00;12717;HL;низ;1496,670;1500,504;7,886;2;1
2/2;2723;2019-09-19 17:00:00;12719;LH;верх;1501,754;1498,720;5,084;2;1
2/2;2724;2019-09-19 19:00:00;12721;HL;низ;1497,145;1498,234;4,609;2;1
2/2;2725;2019-09-20 06:00:00;12731;HH;верх;1506,851;1505,068;9,706;10;1
2/2;2726;2019-09-20 12:00:00;12737;HL;низ;1498,702;1504,400;8,149;6;2
2/2;2727;2019-09-20 20:00:00;12745;HH;верх;1517,060;1514,458;18,358;8;2
2/2;2728;2019-09-22 22:00:00;12746;HL;низ;1511,131;1514,160;5,929;1;2
2/2;2729;2019-09-23 02:00:00;12750;HH;верх;1519,624;1515,366;8,493;4;1
2/2;2730;2019-09-23 07:00:00;12755;HL;низ;1511,652;1518,170;7,972;5;1
2/2;2731;2019-09-23 08:00:00;12756;HH;верх;1521,255;1519,378;9,603;1;1
2/2;2732;2019-09-23 12:00:00;12760;HL;низ;1516,396;1525,974;4,859;4;1
2/2;2733;2019-09-23 15:00:00;12763;HH;верх;1526,798;1523,314;10,402;3;1
2/2;2734;2019-09-23 16:00:00;12764;HL;низ;1520,628;1524,134;6,170;1;1
2/2;2735;2019-09-23 18:00:00;12766;LH;верх;1526,034;1522,140;5,406;2;1
2/2;2736;2019-09-24 06:00:00;12777;LL;низ;1519,434;1521,930;6,600;11;2
2/2;2737;2019-09-24 07:00:00;12778;LH;верх;1523,950;1520,996;4,516;1;1
2/2;2738;2019-09-24 13:00:00;12784;LL;низ;1515,710;1527,280;8,240;6;2
2/2;2739;2019-09-24 16:00:00;12787;HH;верх;1535,668;1533,902;19,958;3;1
2/2;2740;2019-09-24 18:00:00;12789;HL;низ;1524,690;1532,298;10,978;2;1
2/2;2741;2019-09-25 00:00:00;12794;LH;верх;1535,102;1529,156;10,412;5;1
2/2;2742;2019-09-25 06:00:00;12800;HL;низ;1527,798;1531,964;7,304;6;2
2/2;2743;2019-09-25 08:00:00;12802;LH;верх;1532,921;1529,108;5,123;2;2
2/2;2744;2019-09-25 16:00:00;12810;LL;низ;1500,562;1504,490;32,359;8;2
2/2;2745;2019-09-26 05:00:00;12822;LH;верх;1511,192;1506,560;10,630;12;2
2/2;2746;2019-09-26 07:00:00;12824;HL;низ;1505,516;1507,828;5,676;2;1
2/2;2747;2019-09-26 10:00:00;12827;LH;верх;1510,312;1507,042;4,796;3;1
2/2;2748;2019-09-26 12:00:00;12829;LL;низ;1500,400;1508,444;9,912;2;1
2/2;2749;2019-09-26 13:00:00;12830;HH;верх;1512,382;1508,524;11,982;1;2
2/2;2750;2019-09-26 19:00:00;12836;HL;низ;1502,012;1505,554;10,370;6;1
2/2;2751;2019-09-27 00:00:00;12840;LH;верх;1507,482;1505,818;5,470;4;1
2/2;2752;2019-09-27 02:00:00;12842;HL;низ;1504,713;1506,855;2,769;2;1
2/2;2753;2019-09-27 05:00:00;12845;LH;верх;1507,067;1498,890;2,354;3;1
2/2;2754;2019-09-27 10:00:00;12850;LL;низ;1490,803;1495,398;16,264;5;2
2/2;2755;2019-09-27 12:00:00;12852;LH;верх;1497,060;1493,227;6,257;2;1
2/2;2756;2019-09-27 13:00:00;12853;LL;низ;1487,105;1493,912;9,955;1;1
2/2;2757;2019-09-27 17:00:00;12857;HH;верх;1503,157;1496,523;16,052;4;2
2/2;2758;2019-09-30 03:00:00;12866;HL;низ;1491,178;1493,836;11,979;9;2
2/2;2759;2019-09-30 07:00:00;12870;LH;верх;1494,527;1488,042;3,349;4;1
2/2;2760;2019-09-30 17:00:00;12880;LL;низ;1464,558;1473,529;29,969;10;2
2/2;2761;2019-09-30 19:00:00;12882;LH;верх;1474,934;1473,016;10,376;2;2
2/2;2762;2019-10-01 08:00:00;12894;LL;низ;1459,170;1468,189;15,764;12;1
2/2;2763;2019-10-01 10:00:00;12896;LH;верх;1470,210;1464,536;11,040;2;1
2/2;2764;2019-10-01 13:00:00;12899;HL;низ;1462,151;1484,358;8,059;3;1
2/2;2765;2019-10-01 16:00:00;12902;HH;верх;1487,256;1479,444;25,105;3;1
2/2;2766;2019-10-01 18:00:00;12904;HL;низ;1477,680;1478,934;9,576;2;2
2/2;2767;2019-10-01 23:00:00;12908;LH;верх;1482,504;1478,214;4,824;4;1
2/2;2768;2019-10-02 06:00:00;12915;LL;низ;1474,638;1482,108;7,866;7;1
2/2;2769;2019-10-02 17:00:00;12926;HH;верх;1505,186;1499,044;30,548;11;1
2/2;2770;2019-10-02 19:00:00;12928;HL;низ;1497,781;1499,512;7,405;2;1
2/2;2771;2019-10-03 06:00:00;12938;LH;верх;1503,700;1502,810;5,919;10;2
2/2;2772;2019-10-03 06:00:00;12938;LL;низ;1495,922;1502,810;7,778;0;1
2/2;2773;2019-10-03 11:00:00;12943;HH;верх;1505,453;1501,220;9,531;5;1
2/2;2774;2019-10-03 13:00:00;12945;HL;низ;1498,352;1510,290;7,101;2;1
2/2;2775;2019-10-03 14:00:00;12946;HH;верх;1519,651;1507,975;21,299;1;1
2/2;2776;2019-10-03 20:00:00;12952;HL;низ;1504,752;1508,382;14,899;6;1
2/2;2777;2019-10-04 02:00:00;12957;LH;верх;1510,087;1508,006;5,335;5;2
2/2;2778;2019-10-04 06:00:00;12961;HL;низ;1506,524;1508,903;3,563;4;1
2/2;2779;2019-10-04 12:00:00;12967;HH;верх;1515,820;1506,895;9,296;6;2
2/2;2780;2019-10-04 12:00:00;12967;LL;низ;1495,848;1506,895;19,972;0;1
2/2;2781;2019-10-04 16:00:00;12971;LH;верх;1509,718;1507,151;13,870;4;1
2/2;2782;2019-10-04 18:00:00;12973;HL;низ;1502,844;1504,738;6,874;2;1
2/2;2783;2019-10-06 22:00:00;12976;HH;верх;1512,482;1508,488;9,638;3;3
2/2;2784;2019-10-07 13:00:00;12991;LL;низ;1495,811;1498,678;16,671;15;2
2/2;2785;2019-10-07 14:00:00;12992;LH;верх;1504,185;1499,778;8,374;1;1
2/2;2786;2019-10-07 17:00:00;12995;LL;низ;1488,128;1492,985;16,057;3;1
2/2;2787;2019-10-07 22:00:00;12999;LH;верх;1494,424;1489,384;6,296;4;2
2/2;2788;2019-10-08 01:00:00;13002;LL;низ;1487,172;1491,374;7,252;3;2
2/2;2789;2019-10-08 13:00:00;13014;HH;верх;1508,748;1501,940;21,576;12;1
2/2;2790;2019-10-08 17:00:00;13018;HL;низ;1497,870;1505,986;10,878;4;1
2/2;2791;2019-10-08 18:00:00;13019;HH;верх;1509,746;1505,452;11,876;1;2
2/2;2792;2019-10-09 01:00:00;13025;HL;низ;1503,996;1505,634;5,750;6;1
2/2;2793;2019-10-09 07:00:00;13031;HH;верх;1511,471;1501,348;7,475;6;1
2/2;2794;2019-10-09 11:00:00;13035;LL;низ;1499,939;1507,761;11,532;4;1
2/2;2795;2019-10-09 14:00:00;13038;LH;верх;1509,320;1504,802;9,381;3;1
2/2;2796;2019-10-09 17:00:00;13041;HL;низ;1503,092;1507,206;6,228;3;1
2/2;2797;2019-10-09 22:00:00;13045;HH;верх;1517,108;1511,732;14,016;4;1
2/2;2798;2019-10-10 06:00:00;13053;HL;низ;1503,900;1508,876;13,208;8;2
2/2;2799;2019-10-10 12:00:00;13059;LH;верх;1511,388;1493,496;7,488;6;2
2/2;2800;2019-10-10 14:00:00;13061;LL;низ;1491,809;1495,429;19,579;2;1
2/2;2801;2019-10-10 18:00:00;13065;LH;верх;1499,818;1493,534;8,009;4;2
2/2;2802;2019-10-11 00:00:00;13070;LL;низ;1490,934;1496,662;8,884;5;1
2/2;2803;2019-10-11 02:00:00;13072;LH;верх;1497,284;1495,372;6,350;2;1
2/2;2804;2019-10-11 05:00:00;13075;HL;низ;1493,944;1502,573;3,340;3;1
2/2;2805;2019-10-11 08:00:00;13078;HH;верх;1503,248;1494,644;9,304;3;1
2/2;2806;2019-10-11 14:00:00;13084;LL;низ;1474,094;1485,026;29,154;6;2
2/2;2807;2019-10-11 16:00:00;13086;LH;верх;1486,930;1484,354;12,836;2;1
2/2;2808;2019-10-11 19:00:00;13089;HL;низ;1479,518;1484,165;7,412;3;1
2/2;2809;2019-10-14 11:00:00;13104;HH;верх;1497,149;1491,375;17,631;15;3
2/2;2810;2019-10-14 13:00:00;13106;HL;низ;1488,776;1492,373;8,373;2;1
2/2;2811;2019-10-14 17:00:00;13110;LH;верх;1493,638;1492,104;4,862;4;1
2/2;2812;2019-10-14 19:00:00;13112;HL;низ;1490,672;1491,917;2,966;2;2
2/2;2813;2019-10-15 03:00:00;13119;HH;верх;1495,494;1491,518;4,822;7;1
2/2;2814;2019-10-15 06:00:00;13122;LL;низ;1488,920;1494,651;6,574;3;1
2/2;2815;2019-10-15 10:00:00;13126;HH;верх;1498,486;1491,102;9,566;4;1
2/2;2816;2019-10-15 15:00:00;13131;LL;низ;1477,345;1480,549;21,141;5;1
2/2;2817;2019-10-16 00:00:00;13139;LH;верх;1484,962;1483,025;7,617;8;2
2/2;2818;2019-10-16 06:00:00;13145;HL;низ;1478,664;1483,673;6,298;6;1
2/2;2819;2019-10-16 09:00:00;13148;HH;верх;1485,868;1482,024;7,204;3;1
2/2;2820;2019-10-16 12:00:00;13151;LL;низ;1477,228;1485,339;8,640;3;1
2/2;2821;2019-10-16 13:00:00;13152;HH;верх;1491,629;1488,156;14,401;1;2
2/2;2822;2019-10-16 18:00:00;13157;HL;низ;1486,076;1489,954;5,553;5;1
2/2;2823;2019-10-17 00:00:00;13162;HH;верх;1493,126;1488,416;7,050;5;1
2/2;2824;2019-10-17 05:00:00;13167;HL;низ;1487,220;1487,844;5,906;5;2
2/2;2825;2019-10-17 06:00:00;13168;LH;верх;1491,926;1488,576;4,706;1;1
2/2;2826;2019-10-17 09:00:00;13171;LL;низ;1483,526;1488,482;8,400;3;1
2/2;2827;2019-10-17 16:00:00;13178;HH;верх;1497,288;1492,297;13,762;7;1
2/2;2828;2019-10-17 19:00:00;13181;HL;низ;1491,276;1492,823;6,012;3;1
2/2;2829;2019-10-17 22:00:00;13183;LH;верх;1494,156;1492,333;2,880;2;1
2/2;2830;2019-10-18 02:00:00;13187;LL;низ;1490,811;1491,598;3,345;4;1
2/2;2831;2019-10-18 05:00:00;13190;LH;верх;1493,050;1488,242;2,239;3;1
2/2;2832;2019-10-18 11:00:00;13196;LL;низ;1485,070;1490,575;7,980;6;1
2/2;2833;2019-10-18 13:00:00;13198;HH;верх;1493,417;1491,178;8,347;2;1
2/2;2834;2019-10-18 14:00:00;13199;HL;низ;1488,873;1491,928;4,544;1;2
2/2;2835;2019-10-20 22:00:00;13206;LH;верх;1492,420;1490,667;3,547;7;1
2/2;2836;2019-10-21 01:00:00;13209;HL;низ;1489,204;1490,456;3,216;3;1
2/2;2837;2019-10-21 06:00:00;13214;HH;верх;1493,847;1489,731;4,643;5;1
2/2;2838;2019-10-21 08:00:00;13216;LL;низ;1487,559;1491,529;6,288;2;1
2/2;2839;2019-10-21 13:00:00;13221;HH;верх;1495,258;1485,071;7,699;5;1
2/2;2840;2019-10-21 19:00:00;13227;LL;низ;1481,627;1483,960;13,631;6;2
2/2;2841;2019-10-21 22:00:00;13229;LH;верх;1485,268;1483,134;3,641;2;1
2/2;2842;2019-10-22 00:00:00;13231;LL;низ;1480,961;1484,232;4,307;2;1
2/2;2843;2019-10-22 07:00:00;13238;HH;верх;1489,054;1487,817;8,093;7;2
2/2;2844;2019-10-22 16:00:00;13247;HL;низ;1482,960;1487,714;6,094;9;1
2/2;2845;2019-10-23 00:00:00;13254;HH;верх;1490,709;1489,658;7,749;7;2
2/2;2846;2019-10-23 01:00:00;13255;HL;низ;1487,806;1489,309;2,903;1;2
2/2;2847;2019-10-23 09:00:00;13263;HH;верх;1495,056;1492,150;7,250;8;1
2/2;2848;2019-10-23 10:00:00;13264;HL;низ;1490,174;1493,063;4,882;1;1
2/2;2849;2019-10-23 13:00:00;13267;HH;верх;1496,272;1493,453;6,098;3;1
2/2;2850;2019-10-23 17:00:00;13271;HL;низ;1491,205;1491,855;5,067;4;1
2/2;2851;2019-10-23 19:00:00;13273;LH;верх;1493,786;1492,514;2,581;2;1
2/2;2852;2019-10-24 00:00:00;13277;LL;низ;1491,042;1492,714;2,744;4;2
2/2;2853;2019-10-24 02:00:00;13279;LH;верх;1493,642;1492,865;2,600;2;2
2/2;2854;2019-10-24 07:00:00;13284;LL;низ;1488,085;1488,872;5,557;5;1
2/2;2855;2019-10-24 18:00:00;13295;HH;верх;1503,990;1503,459;15,905;11;2
2/2;2856;2019-10-25 01:00:00;13301;HL;низ;1500,877;1502,670;3,113;6;1
2/2;2857;2019-10-25 13:00:00;13313;HH;верх;1517,974;1504,128;17,097;12;2
2/2;2858;2019-10-25 17:00:00;13317;LL;низ;1500,725;1505,672;17,249;4;1
2/2;2859;2019-10-25 19:00:00;13319;LH;верх;1506,264;1503,284;5,539;2;1
2/2;2860;2019-10-27 22:00:00;13321;HL;низ;1502,178;1504,879;4,086;2;1
2/2;2861;2019-10-28 01:00:00;13324;HH;верх;1506,271;1504,271;4,093;3;1
2/2;2862;2019-10-28 05:00:00;13328;HL;низ;1503,384;1505,714;2,887;4;1
2/2;2863;2019-10-28 07:00:00;13330;HH;верх;1508,284;1506,084;4,900;2;1
2/2;2864;2019-10-28 14:00:00;13337;LL;низ;1490,136;1492,836;18,148;7;2
2/2;2865;2019-10-28 20:00:00;13343;LH;верх;1494,008;1491,840;3,872;6;2
2/2;2866;2019-10-29 00:00:00;13346;HL;низ;1490,342;1492,406;3,666;3;1
2/2;2867;2019-10-29 01:00:00;13347;LH;верх;1493,006;1492,149;2,664;1;1
2/2;2868;2019-10-29 06:00:00;13352;HL;низ;1490,977;1494,036;2,029;5;1
2/2;2869;2019-10-29 07:00:00;13353;HH;верх;1494,853;1493,916;3,876;1;1
2/2;2870;2019-10-29 13:00:00;13359;LL;низ;1483,596;1491,099;11,257;6;2
2/2;2871;2019-10-29 15:00:00;13361;LH;верх;1492,520;1487,773;8,924;2;1
2/2;2872;2019-10-29 22:00:00;13367;HL;низ;1487,112;1489,200;5,408;6;1
2/2;2873;2019-10-30 01:00:00;13370;LH;верх;1489,554;1488,760;2,442;3;1
2/2;2874;2019-10-30 06:00:00;13375;HL;низ;1487,388;1490,458;2,166;5;1
2/2;2875;2019-10-30 14:00:00;13383;HH;верх;1495,748;1494,155;8,360;8;1
2/2;2876;2019-10-30 18:00:00;13387;LL;низ;1481,264;1495,612;14,484;4;1
2/2;2877;2019-10-31 02:00:00;13394;HH;верх;1499,572;1497,209;18,308;7;2
2/2;2878;2019-10-31 04:00:00;13396;HL;низ;1496,576;1497,686;2,996;2;1
2/2;2879;2019-10-31 14:00:00;13406;HH;верх;1514,146;1511,862;17,570;10;4
2/2;2880;2019-11-01 07:00:00;13422;HL;низ;1509,283;1512,026;4,863;16;1
2/2;2881;2019-11-01 08:00:00;13423;HH;верх;1514,772;1510,506;5,489;1;1
2/2;2882;2019-11-01 12:00:00;13427;LL;низ;1503,409;1509,002;11,363;4;1
2/2;2883;2019-11-01 14:00:00;13429;HH;верх;1516,171;1510,894;12,762;2;1
2/2;2884;2019-11-01 18:00:00;13433;HL;низ;1507,248;1514,325;8,923;4;1
2/2;2885;2019-11-01 20:00:00;13435;LH;верх;1514,404;1511,668;7,156;2;1
2/2;2886;2019-11-04 05:00:00;13442;HL;низ;1510,602;1513,699;3,802;7;2
2/2;2887;2019-11-04 08:00:00;13445;LH;верх;1514,064;1510,597;3,462;3;1
2/2;2888;2019-11-04 08:00:00;13445;LL;низ;1508,674;1510,597;5,390;0;1
2/2;2889;2019-11-04 13:00:00;13450;HH;верх;1514,879;1509,178;6,205;5;1
2/2;2890;2019-11-04 16:00:00;13453;LL;низ;1504,548;1507,569;10,331;3;1
2/2;2891;2019-11-04 18:00:00;13455;LH;верх;1509,917;1508,608;5,369;2;1
2/2;2892;2019-11-04 19:00:00;13456;HL;низ;1506,654;1509,559;3,263;1;1
2/2;2893;2019-11-04 21:00:00;13458;HH;верх;1510,756;1507,286;4,102;2;1
2/2;2894;2019-11-05 06:00:00;13466;LL;низ;1502,538;1504,414;8,218;8;2
2/2;2895;2019-11-05 07:00:00;13467;LH;верх;1507,771;1505,108;5,233;1;1
2/2;2896;2019-11-05 18:00:00;13478;LL;низ;1479,481;1484,068;28,290;11;2
2/2;2897;2019-11-06 01:00:00;13484;LH;верх;1487,413;1486,969;7,932;6;1
2/2;2898;2019-11-06 06:00:00;13489;HL;низ;1483,932;1486,707;3,481;5;1
2/2;2899;2019-11-06 09:00:00;13492;HH;верх;1488,893;1485,721;4,961;3;1
2/2;2900;2019-11-06 12:00:00;13495;LL;низ;1483,054;1487,286;5,839;3;1
2/2;2901;2019-11-06 16:00:00;13499;HH;верх;1494,254;1490,536;11,200;4;3
2/2;2902;2019-11-07 01:00:00;13507;HL;низ;1489,916;1491,430;4,338;8;1
2/2;2903;2019-11-07 07:00:00;13513;LH;верх;1492,157;1485,850;2,241;6;1
2/2;2904;2019-11-07 11:00:00;13517;LL;низ;1481,158;1484,842;10,999;4;2
2/2;2905;2019-11-07 14:00:00;13520;LH;верх;1488,178;1461,462;7,020;3;1
2/2;2906;2019-11-07 17:00:00;13523;LL;низ;1460,639;1467,922;27,539;3;1
2/2;2907;2019-11-07 20:00:00;13526;LH;верх;1471,214;1468,812;10,575;3;2
2/2;2908;2019-11-08 00:00:00;13529;HL;низ;1465,836;1468,376;5,378;3;2
2/2;2909;2019-11-08 08:00:00;13537;HH;верх;1472,906;1466,618;7,070;8;1
2/2;2910;2019-11-08 12:00:00;13541;LL;низ;1456,322;1465,972;16,584;4;1
2/2;2911;2019-11-08 16:00:00;13545;LH;верх;1468,300;1462,735;11,978;4;1
2/2;2912;2019-11-08 21:00:00;13550;HL;низ;1457,930;1461,753;10,370;5;2
2/2;2913;2019-11-11 01:00:00;13553;LH;верх;1463,826;1461,799;5,896;3;1
2/2;2914;2019-11-11 03:00:00;13555;HL;низ;1461,454;1462,476;2,372;2;1
2/2;2915;2019-11-11 10:00:00;13562;HH;верх;1466,484;1462,579;5,030;7;1
2/2;2916;2019-11-11 15:00:00;13567;LL;низ;1448,303;1455,883;18,181;5;1
2/2;2917;2019-11-11 18:00:00;13570;LH;верх;1457,736;1454,985;9,433;3;1
2/2;2918;2019-11-11 20:00:00;13572;HL;низ;1454,934;1455,708;2,802;2;1
2/2;2919;2019-11-12 00:00:00;13575;LH;верх;1457,036;1455,715;2,102;3;2
2/2;2920;2019-11-12 06:00:00;13581;LL;низ;1448,959;1452,976;8,077;6;1
2/2;2921;2019-11-12 09:00:00;13584;LH;верх;1456,220;1452,587;7,261;3;2
2/2;2922;2019-11-12 15:00:00;13590;LL;низ;1445,707;1453,906;10,513;6;1
2/2;2923;2019-11-12 19:00:00;13594;HH;верх;1460,445;1456,284;14,738;4;1
2/2;2924;2019-11-12 23:00:00;13597;HL;низ;1455,872;1457,983;4,573;3;1
2/2;2925;2019-11-13 06:00:00;13604;HH;верх;1463,144;1461,221;7,272;7;2
2/2;2926;2019-11-13 08:00:00;13606;HL;низ;1457,892;1463,895;5,252;2;1
2/2;2927;2019-11-13 12:00:00;13610;HH;верх;1466,784;1462,856;8,892;4;2
2/2;2928;2019-11-13 14:00:00;13612;HL;низ;1460,468;1462,278;6,316;2;1
2/2;2929;2019-11-13 16:00:00;13614;LH;верх;1466,059;1463,424;5,591;2;1
2/2;2930;2019-11-13 17:00:00;13615;HL;низ;1460,844;1463,697;5,215;1;1
2/2;2931;2019-11-13 19:00:00;13617;HH;верх;1467,083;1463,334;6,239;2;1
2/2;2932;2019-11-13 21:00:00;13619;HL;низ;1462,073;1464,449;5,010;2;1
2/2;2933;2019-11-14 00:00:00;13621;LH;верх;1464,765;1463,001;2,692;2;1
2/2;2934;2019-11-14 01:00:00;13622;LL;низ;1461,202;1464,199;3,563;1;2
2/2;2935;2019-11-14 08:00:00;13629;HH;верх;1470,533;1468,491;9,331;7;1
2/2;2936;2019-11-14 12:00:00;13633;HL;низ;1466,976;1467,822;3,557;4;1
2/2;2937;2019-11-14 13:00:00;13634;LH;верх;1470,444;1469,468;3,468;1;1
2/2;2938;2019-11-14 15:00:00;13636;LL;низ;1464,732;1472,332;5,712;2;1
2/2;2939;2019-11-14 18:00:00;13639;HH;верх;1474,604;1470,821;9,872;3;1
2/2;2940;2019-11-15 06:00:00;13650;LL;низ;1463,236;1466,491;11,368;11;2
2/2;2941;2019-11-15 08:00:00;13652;LH;верх;1467,028;1465,557;3,792;2;1
2/2;2942;2019-11-15 09:00:00;13653;LL;низ;1462,610;1466,521;4,418;1;1
2/2;2943;2019-11-17 23:00:00;13666;HH;верх;1469,658;1465,597;7,048;13;3
2/2;2944;2019-11-18 12:00:00;13679;LL;низ;1456,458;1469,382;13,200;13;1
2/2;2945;2019-11-19 00:00:00;13690;HH;верх;1475,395;1470,550;18,937;11;2
2/2;2946;2019-11-19 02:00:00;13692;HL;низ;1469,176;1470,476;6,219;2;1
2/2;2947;2019-11-19 06:00:00;13696;LH;верх;1473,288;1468,108;4,112;4;1
2/2;2948;2019-11-19 10:00:00;13700;LL;низ;1464,876;1467,889;8,412;4;2
2/2;2949;2019-11-19 18:00:00;13708;HH;верх;1475,092;1472,428;10,216;8;1
2/2;2950;2019-11-19 20:00:00;13710;HL;низ;1471,559;1474,656;3,533;2;1
2/2;2951;2019-11-19 23:00:00;13712;HH;верх;1475,306;1473,613;3,747;2;1
2/2;2952;2019-11-20 00:00:00;13713;HL;низ;1472,078;1474,079;3,228;1;2
2/2;2953;2019-11-20 08:00:00;13721;HH;верх;1478,739;1476,073;6,661;8;1
2/2;2954;2019-11-20 15:00:00;13728;LL;низ;1466,024;1471,404;12,715;7;1
2/2;2955;2019-11-21 02:00:00;13738;LH;верх;1475,676;1471,095;9,652;10;2
2/2;2956;2019-11-21 07:00:00;13743;HL;низ;1468,944;1470,757;6,732;5;1
2/2;2957;2019-11-21 08:00:00;13744;LH;верх;1474,499;1468,413;5,555;1;1
2/2;2958;2019-11-21 10:00:00;13746;LL;низ;1467,683;1470,450;6,816;2;1
2/2;2959;2019-11-21 13:00:00;13749;LH;верх;1471,657;1469,168;3,974;3;1
2/2;2960;2019-11-21 18:00:00;13754;LL;низ;1462,511;1465,084;9,146;5;2
2/2;2961;2019-11-22 00:00:00;13759;LH;верх;1465,693;1464,764;3,182;5;1
2/2;2962;2019-11-22 00:00:00;13759;HL;низ;1463,572;1464,764;2,121;0;2
2/2;2963;2019-11-22 10:00:00;13769;HH;верх;1473,248;1469,958;9,676;10;1
2/2;2964;2019-11-24 23:00:00;13781;LL;низ;1459,738;1461,224;13,510;12;2
2/2;2965;2019-11-25 02:00:00;13784;LH;верх;1462,167;1461,747;2,429;3;2
2/2;2966;2019-11-25 08:00:00;13790;LL;низ;1456,692;1458,642;5,475;6;1
2/2;2967;2019-11-25 10:00:00;13792;LH;верх;1459,798;1458,068;3,106;2;1
2/2;2968;2019-11-25 13:00:00;13795;LL;низ;1454,226;1457,850;5,572;3;1
2/2;2969;2019-11-25 14:00:00;13796;HH;верх;1460,822;1457,634;6,596;1;2
2/2;2970;2019-11-26 01:00:00;13806;LL;низ;1451,756;1454,604;9,066;10;2
2/2;2971;2019-11-26 09:00:00;13814;LH;верх;1459,218;1457,985;7,462;8;1
2/2;2972;2019-11-26 14:00:00;13819;LL;низ;1450,186;1458,122;9,032;5;1
2/2;2973;2019-11-26 21:00:00;13826;HH;верх;1462,874;1460,001;12,688;7;2
2/2;2974;2019-11-27 05:00:00;13833;HL;низ;1457,986;1458,398;4,888;7;1
2/2;2975;2019-11-27 07:00:00;13835;LH;верх;1460,332;1459,062;2,346;2;1
2/2;2976;2019-11-27 08:00:00;13836;HL;низ;1458,098;1459,960;2,234;1;1
2/2;2977;2019-11-27 10:00:00;13838;LH;верх;1460,303;1458,004;2,205;2;1
2/2;2978;2019-11-27 16:00:00;13844;LL;низ;1452,706;1454,292;7,597;6;1
2/2;2979;2019-11-28 00:00:00;13851;LH;верх;1458,311;1456,480;5,605;7;1
2/2;2980;2019-11-28 07:00:00;13858;HL;низ;1455,495;1457,071;2,816;7;2
2/2;2981;2019-11-28 08:00:00;13859;HH;верх;1458,319;1457,492;2,824;1;1
2/2;2982;2019-11-28 15:00:00;13866;LL;низ;1454,310;1456,059;4,009;7;2
2/2;2983;2019-11-29 05:00:00;13875;HH;верх;1459,340;1458,357;5,030;9;1
2/2;2984;2019-11-29 13:00:00;13883;LL;низ;1453,150;1461,611;6,190;8;1
2/2;2985;2019-11-29 17:00:00;13887;HH;верх;1466,461;1461,929;13,311;4;1
2/2;2986;2019-12-02 03:00:00;13893;HL;низ;1458,939;1459,694;7,522;6;1
2/2;2987;2019-12-02 05:00:00;13895;LH;верх;1460,494;1458,946;1,555;2;1
2/2;2988;2019-12-02 08:00:00;13898;LL;низ;1454,178;1456,883;6,316;3;1
2/2;2989;2019-12-02 15:00:00;13905;HH;верх;1465,456;1463,560;11,278;7;2
2/2;2990;2019-12-03 00:00:00;13913;HL;низ;1461,358;1462,368;4,098;8;2
2/2;2991;2019-12-03 01:00:00;13914;LH;верх;1463,959;1461,723;2,601;1;1
2/2;2992;2019-12-03 06:00:00;13919;LL;низ;1460,016;1463,449;3,943;5;1
2/2;2993;2019-12-03 14:00:00;13927;HH;верх;1481,814;1479,629;21,798;8;1
2/2;2994;2019-12-03 23:00:00;13935;HL;низ;1476,078;1477,964;5,736;8;1
2/2;2995;2019-12-04 07:00:00;13943;HH;верх;1484,085;1474,334;8,007;8;2
2/2;2996;2019-12-04 09:00:00;13945;LL;низ;1472,808;1475,734;11,277;2;1
2/2;2997;2019-12-04 13:00:00;13949;LH;верх;1481,928;1473,088;9,120;4;1
2/2;2998;2019-12-04 15:00:00;13951;LL;низ;1471,509;1474,158;10,419;2;2
2/2;2999;2019-12-05 01:00:00;13960;LH;верх;1476,496;1475,916;4,987;9;1
2/2;3000;2019-12-05 01:00:00;13960;HL;низ;1473,914;1475,916;2,582;0;1
2/2;3001;2019-12-05 07:00:00;13966;HH;верх;1478,346;1474,245;4,432;6;1
2/2;3002;2019-12-05 14:00:00;13973;LL;низ;1472,968;1479,130;5,378;7;2
2/2;3003;2019-12-05 17:00:00;13976;HH;верх;1480,336;1476,339;7,368;3;1
2/2;3004;2019-12-06 00:00:00;13982;HL;низ;1475,088;1476,202;5,248;6;2
2/2;3005;2019-12-06 01:00:00;13983;LH;верх;1476,468;1475,916;1,380;1;1
2/2;3006;2019-12-06 06:00:00;13988;LL;низ;1471,632;1474,810;4,836;5;1
2/2;3007;2019-12-06 13:00:00;13995;HH;верх;1479,850;1461,885;8,218;7;1
2/2;3008;2019-12-08 23:00:00;14004;LL;низ;1458,796;1460,464;21,054;9;2
2/2;3009;2019-12-09 00:00:00;14005;LH;верх;1461,638;1459,588;2,842;1;1
2/2;3010;2019-12-09 02:00:00;14007;HL;низ;1459,229;1460,516;2,409;2;1
2/2;3011;2019-12-09 13:00:00;14018;HH;верх;1465,411;1461,842;6,182;11;1
2/2;3012;2019-12-09 18:00:00;14023;LL;низ;1459,210;1460,852;6,201;5;1
2/2;3013;2019-12-09 23:00:00;14027;LH;верх;1462,123;1461,143;2,913;4;1
2/2;3014;2019-12-10 06:00:00;14034;HL;низ;1460,183;1464,140;1,940;7;2
2/2;3015;2019-12-10 14:00:00;14042;HH;верх;1469,222;1463,860;9,039;8;1
2/2;3016;2019-12-10 16:00:00;14044;HL;низ;1462,414;1464,209;6,808;2;2
2/2;3017;2019-12-11 00:00:00;14051;LH;верх;1465,117;1464,192;2,703;7;1
2/2;3018;2019-12-11 08:00:00;14059;HL;низ;1462,848;1467,054;2,269;8;1
2/2;3019;2019-12-11 10:00:00;14061;HH;верх;1467,978;1466,583;5,130;2;1
2/2;3020;2019-12-11 13:00:00;14064;HL;низ;1465,272;1469,647;2,706;3;1
2/2;3021;2019-12-11 19:00:00;14070;HH;верх;1478,966;1474,618;13,694;6;2
2/2;3022;2019-12-11 19:00:00;14070;HL;низ;1467,579;1474,618;11,387;0;1
2/2;3023;2019-12-12 01:00:00;14075;LH;верх;1475,735;1475,501;8,156;5;1
2/2;3024;2019-12-12 08:00:00;14082;HL;низ;1472,145;1474,956;3,590;7;2
2/2;3025;2019-12-12 14:00:00;14088;HH;верх;1486,783;1468,108;14,638;6;1
2/2;3026;2019-12-12 15:00:00;14089;LL;низ;1464,764;1467,914;22,019;1;1
2/2;3027;2019-12-12 17:00:00;14091;LH;верх;1470,959;1469,763;6,195;2;1
2/2;3028;2019-12-12 19:00:00;14093;LL;низ;1464,162;1469,874;6,797;2;1
2/2;3029;2019-12-12 20:00:00;14094;LH;верх;1470,425;1465,152;6,263;1;1
2/2;3030;2019-12-12 23:00:00;14096;LL;низ;1461,879;1468,685;8,546;2;1
2/2;3031;2019-12-13 01:00:00;14098;LH;верх;1470,058;1467,989;8,179;2;1
2/2;3032;2019-12-13 07:00:00;14104;HL;низ;1465,852;1471,477;4,206;6;1
2/2;3033;2019-12-13 12:00:00;14109;HH;верх;1475,527;1473,076;9,675;5;2
2/2;3034;2019-12-13 15:00:00;14112;LL;низ;1465,484;1474,812;10,043;3;1
2/2;3035;2019-12-13 19:00:00;14116;HH;верх;1478,082;1476,328;12,598;4;2
2/2;3036;2019-12-16 01:00:00;14121;HL;низ;1473,283;1474,801;4,799;5;1
2/2;3037;2019-12-16 07:00:00;14127;HH;верх;1478,800;1477,568;5,517;6;1
2/2;3038;2019-12-16 08:00:00;14128;HL;низ;1474,606;1477,389;4,194;1;1
2/2;3039;2019-12-16 10:00:00;14130;LH;верх;1478,169;1477,611;3,563;2;1
2/2;3040;2019-12-16 12:00:00;14132;HL;низ;1475,983;1478,323;2,186;2;1
2/2;3041;2019-12-16 15:00:00;14135;HH;верх;1479,926;1475,216;3,943;3;1
2/2;3042;2019-12-16 16:00:00;14136;LL;низ;1473,867;1475,809;6,059;1;1
2/2;3043;2019-12-16 21:00:00;14141;LH;верх;1476,851;1475,421;2,984;5;2
2/2;3044;2019-12-17 01:00:00;14144;HL;низ;1474,483;1476,440;2,368;3;2
2/2;3045;2019-12-17 10:00:00;14153;HH;верх;1480,561;1479,059;6,078;9;1
2/2;3046;2019-12-17 15:00:00;14158;LL;низ;1474,331;1477,207;6,230;5;1
2/2;3047;2019-12-17 16:00:00;14159;LH;верх;1478,497;1476,254;4,166;1;1
2/2;3048;2019-12-17 19:00:00;14162;HL;низ;1475,206;1476,186;3,291;3;1
2/2;3049;2019-12-17 21:00:00;14164;LH;верх;1476,913;1475,706;1,707;2;1
2/2;3050;2019-12-18 00:00:00;14166;LL;низ;1475,160;1476,302;1,753;2;2
2/2;3051;2019-12-18 09:00:00;14175;HH;верх;1479,362;1476,877;4,202;9;1
2/2;3052;2019-12-18 13:00:00;14179;LL;низ;1470,580;1476,016;8,782;4;1
2/2;3053;2019-12-18 15:00:00;14181;LH;верх;1478,513;1474,757;7,933;2;1
2/2;3054;2019-12-18 18:00:00;14184;HL;низ;1474,156;1475,923;4,357;3;1
2/2;3055;2019-12-18 20:00:00;14186;LH;верх;1476,130;1475,822;1,974;2;1
2/2;3056;2019-12-18 23:00:00;14188;HL;низ;1474,666;1477,374;1,464;2;1
2/2;3057;2019-12-19 04:00:00;14193;HH;верх;1478,009;1476,469;3,343;5;1
2/2;3058;2019-12-19 09:00:00;14198;LL;низ;1473,362;1474,656;4,647;5;1
2/2;3059;2019-12-19 18:00:00;14207;HH;верх;1481,762;1479,411;8,400;9;3
2/2;3060;2019-12-20 03:00:00;14215;HL;низ;1477,996;1479,242;3,766;8;1
2/2;3061;2019-12-20 06:00:00;14218;LH;верх;1479,746;1477,818;1,750;3;1
2/2;3062;2019-12-20 08:00:00;14220;LL;низ;1476,874;1477,516;2,872;2;1
2/2;3063;2019-12-20 14:00:00;14226;HH;верх;1481,053;1477,686;4,179;6;1
2/2;3064;2019-12-20 16:00:00;14228;LL;низ;1475,918;1477,593;5,135;2;1
2/2;3065;2019-12-23 10:00:00;14245;HH;верх;1485,295;1482,156;9,377;17;1
2/2;3066;2019-12-23 13:00:00;14248;HL;низ;1480,569;1483,764;4,726;3;1
2/2;3067;2019-12-23 20:00:00;14255;HH;верх;1486,217;1485,558;5,648;7;2
2/2;3068;2019-12-24 01:00:00;14259;HL;низ;1484,460;1488,894;1,757;4;1
2/2;3069;2019-12-24 09:00:00;14267;HH;верх;1493,038;1490,216;8,578;8;1
2/2;3070;2019-12-24 13:00:00;14271;HL;низ;1488,836;1498,717;4,202;4;1
2/2;3071;2019-12-24 17:00:00;14275;HH;верх;1500,555;1499,540;11,719;4;1
2/2;3072;2019-12-25 23:00:00;14277;HL;низ;1497,573;1501,403;2,982;2;1
2/2;3073;2019-12-26 15:00:00;14293;HH;верх;1512,650;1508,688;15,077;16;2
2/2;3074;2019-12-26 16:00:00;14294;HL;низ;1506,737;1512,086;5,913;1;1
2/2;3075;2019-12-26 18:00:00;14296;LH;верх;1512,430;1511,895;5,693;2;1
2/2;3076;2019-12-27 01:00:00;14302;HL;низ;1509,271;1513,002;3,159;6;1
2/2;3077;2019-12-27 03:00:00;14304;HH;верх;1514,036;1510,514;4,765;2;1
2/2;3078;2019-12-27 07:00:00;14308;LL;низ;1507,422;1511,958;6,614;4;1
2/2;3079;2019-12-27 10:00:00;14311;LH;верх;1512,513;1511,276;5,091;3;1
2/2;3080;2019-12-27 11:00:00;14312;HL;низ;1508,856;1510,560;3,657;1;2
2/2;3081;2019-12-27 16:00:00;14317;HH;верх;1515,320;1513,274;6,464;5;1
2/2;3082;2019-12-27 20:00:00;14321;HL;низ;1510,140;1513,595;5,180;4;1
2/2;3083;2019-12-30 03:00:00;14327;HH;верх;1515,820;1515,268;5,680;6;2
2/2;3084;2019-12-30 11:00:00;14335;HL;низ;1510,880;1512,546;4,940;8;1
2/2;3085;2019-12-30 16:00:00;14340;HH;верх;1516,184;1515,088;5,304;5;2
2/2;3086;2019-12-30 20:00:00;14344;HL;низ;1514,548;1514,970;1,636;4;1
2/2;3087;2019-12-31 07:00:00;14354;HH;верх;1525,376;1523,789;10,828;10;3
2/2;3088;2019-12-31 14:00:00;14361;HL;низ;1516,712;1521,930;8,664;7;1
2/2;3089;2019-12-31 15:00:00;14362;LH;верх;1524,920;1522,789;8,208;1;1
2/2;3090;2019-12-31 21:00:00;14368;HL;низ;1517,106;1518,723;7,814;6;1
2/2;3091;2020-01-01 23:00:00;14369;LH;верх;1521,368;1519,470;4,262;1;2
2/2;3092;2020-01-02 05:00:00;14375;HL;низ;1519,077;1519,291;2,291;6;1
2/2;3093;2020-01-02 07:00:00;14377;HH;верх;1521,502;1520,775;2,425;2;1
2/2;3094;2020-01-02 08:00:00;14378;LL;низ;1518,566;1521,352;2,936;1;1
2/2;3095;2020-01-02 15:00:00;14385;HH;верх;1531,414;1525,313;12,848;7;1
2/2;3096;2020-01-02 17:00:00;14387;HL;низ;1522,898;1526,824;8,516;2;1
2/2;3097;2020-01-03 11:00:00;14404;HH;верх;1551,544;1546,372;28,646;17;2
2/2;3098;2020-01-03 13:00:00;14406;HL;низ;1541,000;1548,927;10,544;2;1
2/2;3099;2020-01-03 18:00:00;14411;HH;верх;1553,537;1549,121;12,537;5;2
2/2;3100;2020-01-03 19:00:00;14412;HL;низ;1546,304;1552,394;7,233;1;1
2/2;3101;2020-01-05 23:00:00;14415;HH;верх;1589,739;1577,848;43,435;3;1
2/2;3102;2020-01-06 07:00:00;14423;HL;низ;1570,352;1577,324;19,387;8;1
2/2;3103;2020-01-06 11:00:00;14427;LH;верх;1579,346;1574,392;8,994;4;1
2/2;3104;2020-01-06 16:00:00;14432;LL;низ;1560,938;1566,582;18,408;5;1
2/2;3105;2020-01-06 18:00:00;14434;LH;верх;1568,547;1565,634;7,609;2;1
2/2;3106;2020-01-07 02:00:00;14441;LL;низ;1555,388;1559,297;13,159;7;1
2/2;3107;2020-01-07 07:00:00;14446;HH;верх;1570,888;1566,256;15,500;5;1
2/2;3108;2020-01-07 09:00:00;14448;HL;низ;1563,290;1567,661;7,598;2;2
2/2;3109;2020-01-07 17:00:00;14456;HH;верх;1573,248;1571,313;9,958;8;1
2/2;3110;2020-01-07 19:00:00;14458;HL;низ;1569,658;1574,282;3,590;2;1
2/2;3111;2020-01-08 00:00:00;14462;HH;верх;1611,498;1585,600;41,840;4;1
2/2;3112;2020-01-08 02:00:00;14464;HL;низ;1583,754;1593,238;27,744;2;1
2/2;3113;2020-01-08 05:00:00;14467;LH;верх;1595,391;1588,641;11,637;3;1
2/2;3114;2020-01-08 19:00:00;14481;LL;низ;1552,366;1556,430;43,025;14;4
2/2;3115;2020-01-09 01:00:00;14486;LH;верх;1561,380;1558,856;9,014;5;1
2/2;3116;2020-01-09 06:00:00;14491;LL;низ;1540,256;1547,400;21,124;5;1
2/2;3117;2020-01-09 12:00:00;14497;LH;верх;1556,584;1551,786;16,328;6;1
2/2;3118;2020-01-09 15:00:00;14500;HL;низ;1544,924;1549,323;11,660;3;1
2/2;3119;2020-01-09 18:00:00;14503;LH;верх;1555,130;1550,870;10,206;3;2
2/2;3120;2020-01-10 04:00:00;14512;HL;низ;1545,784;1547,957;9,346;9;1
2/2;3121;2020-01-10 08:00:00;14516;LH;верх;1552,502;1548,886;6,718;4;1
2/2;3122;2020-01-10 13:00:00;14521;HL;низ;1546,945;1558,701;5,557;5;1
2/2;3123;2020-01-10 16:00:00;14524;HH;верх;1561,088;1558,589;14,143;3;1
2/2;3124;2020-01-10 19:00:00;14527;HL;низ;1557,956;1562,212;3,132;3;1
2/2;3125;2020-01-10 21:00:00;14529;HH;верх;1563,182;1558,709;5,226;2;1
2/2;3126;2020-01-13 09:00:00;14540;LL;низ;1546,578;1552,983;16,604;11;2
2/2;3127;2020-01-13 13:00:00;14544;LH;верх;1556,181;1551,582;9,603;4;1
2/2;3128;2020-01-13 14:00:00;14545;HL;низ;1548,763;1550,655;7,418;1;1
2/2;3129;2020-01-13 20:00:00;14551;LH;верх;1550,545;1545,314;1,782;6;1
2/2;3130;2020-01-14 01:00:00;14555;LL;низ;1536,016;1538,882;14,529;4;2
2/2;3131;2020-01-14 14:00:00;14568;LH;верх;1547,133;1542,504;11,117;13;2
2/2;3132;2020-01-14 15:00:00;14569;HL;низ;1541,044;1543,628;6,089;1;1
2/2;3133;2020-01-15 02:00:00;14579;HH;верх;1552,919;1552,098;11,875;10;2
2/2;3134;2020-01-15 06:00:00;14583;HL;низ;1550,386;1553,590;2,533;4;1
2/2;3135;2020-01-15 08:00:00;14585;HH;верх;1554,284;1551,954;3,898;2;1
2/2;3136;2020-01-15 13:00:00;14590;LL;низ;1547,038;1549,036;7,246;5;1
2/2;3137;2020-01-15 14:00:00;14591;HH;верх;1557,060;1551,896;10,022;1;1
2/2;3138;2020-01-15 16:00:00;14593;HL;низ;1548,808;1555,962;8,252;2;1
2/2;3139;2020-01-15 19:00:00;14596;HH;верх;1558,210;1556,248;9,402;3;2
2/2;3140;2020-01-16 05:00:00;14605;HL;низ;1551,583;1553,575;6,627;9;1
2/2;3141;2020-01-16 12:00:00;14612;LH;верх;1557,542;1553,962;5,959;7;1
2/2;3142;2020-01-16 15:00:00;14615;LL;низ;1548,099;1551,616;9,443;3;1
2/2;3143;2020-01-16 21:00:00;14621;LH;верх;1554,196;1550,061;6,097;6;1
2/2;3144;2020-01-17 01:00:00;14624;HL;низ;1549,465;1554,672;4,731;3;1
2/2;3145;2020-01-17 07:00:00;14630;HH;верх;1557,043;1555,545;7,578;6;1
2/2;3146;2020-01-17 09:00:00;14632;HL;низ;1554,190;1556,628;2,853;2;1
2/2;3147;2020-01-17 13:00:00;14636;HH;верх;1560,784;1556,370;6,594;4;1
2/2;3148;2020-01-17 15:00:00;14638;LL;низ;1554,142;1559,829;6,642;2;1
2/2;3149;2020-01-17 19:00:00;14642;HH;верх;1561,298;1557,304;7,156;4;1
2/2;3150;2020-01-17 20:00:00;14643;HL;низ;1556,335;1557,083;4,963;1;1
2/2;3151;2020-01-20 06:00:00;14652;HH;верх;1562,802;1560,253;6,467;9;1
2/2;3152;2020-01-20 13:00:00;14659;HL;низ;1558,328;1561,010;4,474;7;3
2/2;3153;2020-01-21 02:00:00;14667;HH;верх;1568,696;1566,646;10,368;8;1
2/2;3154;2020-01-21 08:00:00;14673;LL;низ;1552,677;1554,773;16,019;6;1
2/2;3155;2020-01-21 12:00:00;14677;LH;верх;1557,891;1552,463;5,214;4;1
2/2;3156;2020-01-21 14:00:00;14679;LL;низ;1546,403;1557,339;11,488;2;1
2/2;3157;2020-01-21 18:00:00;14683;HH;верх;1560,066;1558,382;13,663;4;1
2/2;3158;2020-01-21 18:00:00;14683;HL;низ;1554,477;1558,382;5,589;0;1
2/2;3159;2020-01-21 21:00:00;14686;LH;верх;1559,676;1556,690;5,199;3;1
2/2;3160;2020-01-22 02:00:00;14690;LL;низ;1550,281;1553,081;9,395;4;1
2/2;3161;2020-01-22 11:00:00;14699;LH;верх;1559,261;1556,234;8,980;9;1
2/2;3162;2020-01-22 13:00:00;14701;HL;низ;1554,675;1557,159;4,586;2;1
2/2;3163;2020-01-22 23:00:00;14710;HH;верх;1563,818;1559,996;9,143;9;2
2/2;3164;2020-01-23 03:00:00;14714;HL;низ;1555,923;1557,970;7,895;4;1
2/2;3165;2020-01-23 05:00:00;14716;LH;верх;1560,970;1554,240;5,047;2;1
2/2;3166;2020-01-23 12:00:00;14723;LL;низ;1551,987;1562,958;8,983;7;2
2/2;3167;2020-01-23 18:00:00;14729;HH;верх;1567,974;1562,413;15,987;6;1
2/2;3168;2020-01-24 01:00:00;14735;HL;низ;1559,638;1561,803;8,336;6;2
2/2;3169;2020-01-24 04:00:00;14738;LH;верх;1562,319;1560,788;2,681;3;1
2/2;3170;2020-01-24 08:00:00;14742;LL;низ;1557,646;1560,758;4,673;4;2
2/2;3171;2020-01-24 10:00:00;14744;HH;верх;1563,012;1558,177;5,366;2;1
2/2;3172;2020-01-24 13:00:00;14747;LL;низ;1556,629;1570,166;6,383;3;1
2/2;3173;2020-01-24 17:00:00;14751;HH;верх;1575,929;1571,171;19,300;4;1
2/2;3174;2020-01-24 20:00:00;14754;HL;низ;1569,604;1582,861;6,325;3;1
2/2;3175;2020-01-26 23:00:00;14756;HH;верх;1588,632;1581,204;19,028;2;2
2/2;3176;2020-01-27 04:00:00;14761;HL;низ;1578,050;1578,992;10,582;5;1
2/2;3177;2020-01-27 06:00:00;14763;LH;верх;1580,998;1579,635;2,948;2;1
2/2;3178;2020-01-27 08:00:00;14765;LL;низ;1575,934;1585,469;5,064;2;1
2/2;3179;2020-01-27 11:00:00;14768;HH;верх;1586,344;1581,456;10,410;3;2
2/2;3180;2020-01-27 18:00:00;14775;HL;низ;1577,144;1582,792;9,200;7;2
2/2;3181;2020-01-27 21:00:00;14778;LH;верх;1583,340;1582,754;6,196;3;1
2/2;3182;2020-01-28 07:00:00;14787;LL;низ;1576,931;1579,174;6,409;9;1
2/2;3183;2020-01-28 09:00:00;14789;LH;верх;1582,364;1578,180;5,433;2;1
2/2;3184;2020-01-28 17:00:00;14797;LL;низ;1567,166;1569,215;15,198;8;2
2/2;3185;2020-01-28 18:00:00;14798;LH;верх;1571,855;1569,171;4,689;1;1
2/2;3186;2020-01-29 03:00:00;14806;LL;низ;1563,471;1567,128;8,384;8;2
2/2;3187;2020-01-29 11:00:00;14814;HH;верх;1572,506;1569,820;9,035;8;1
2/2;3188;2020-01-29 14:00:00;14817;HL;низ;1567,909;1570,627;4,597;3;1
2/2;3189;2020-01-29 15:00:00;14818;HH;верх;1574,506;1571,008;6,597;1;1
2/2;3190;2020-01-29 19:00:00;14822;HL;низ;1568,880;1576,896;5,626;4;1
2/2;3191;2020-01-30 04:00:00;14830;HH;верх;1580,884;1579,364;12,004;8;2
2/2;3192;2020-01-30 06:00:00;14832;HL;низ;1577,074;1580,804;3,810;2;1
2/2;3193;2020-01-30 08:00:00;14834;HH;верх;1583,071;1580,301;5,997;2;1
2/2;3194;2020-01-30 14:00:00;14840;LL;низ;1572,390;1581,279;10,681;6;1
2/2;3195;2020-01-30 17:00:00;14843;HH;верх;1586,026;1579,938;13,636;3;1
2/2;3196;2020-01-31 02:00:00;14851;LL;низ;1571,045;1571,778;14,981;8;3
2/2;3197;2020-01-31 15:00:00;14864;HH;верх;1589,144;1583,625;18,099;13;2
2/2;3198;2020-01-31 17:00:00;14866;HL;низ;1581,004;1586,879;8,140;2;1
2/2;3199;2020-02-02 23:00:00;14871;HH;верх;1592,168;1582,451;11,164;5;1
2/2;3200;2020-02-03 08:00:00;14880;LL;низ;1573,512;1580,914;18,656;9;1
2/2;3201;2020-02-03 11:00:00;14883;LH;верх;1581,245;1578,494;7,733;3;2
2/2;3202;2020-02-03 15:00:00;14887;LL;низ;1569,661;1575,629;11,584;4;1
2/2;3203;2020-02-04 00:00:00;14895;LH;верх;1579,673;1576,572;10,012;8;1
2/2;3204;2020-02-04 09:00:00;14904;LL;низ;1565,516;1570,239;14,157;9;2
2/2;3205;2020-02-04 11:00:00;14906;LH;верх;1571,656;1560,050;6,140;2;1
2/2;3206;2020-02-04 17:00:00;14912;LL;низ;1549,150;1552,693;22,506;6;1
2/2;3207;2020-02-05 07:00:00;14925;LH;верх;1562,431;1548,756;13,281;13;2
2/2;3208;2020-02-05 09:00:00;14927;LL;низ;1547,553;1554,998;14,878;2;2
2/2;3209;2020-02-05 16:00:00;14934;LH;верх;1559,638;1557,667;12,084;7;2
2/2;3210;2020-02-06 05:00:00;14946;HL;низ;1552,556;1558,696;7,082;12;1
2/2;3211;2020-02-06 14:00:00;14955;HH;верх;1568,340;1565,599;15,784;9;2
2/2;3212;2020-02-06 15:00:00;14956;HL;низ;1561,660;1565,339;6,680;1;1
2/2;3213;2020-02-07 00:00:00;14964;HH;верх;1569,195;1567,755;7,535;8;2
2/2;3214;2020-02-07 06:00:00;14970;HL;низ;1562,928;1565,250;6,267;6;2
2/2;3215;2020-02-07 10:00:00;14974;HH;верх;1569,918;1565,420;6,990;4;1
2/2;3216;2020-02-07 13:00:00;14977;LL;низ;1560,463;1566,343;9,455;3;1
2/2;3217;2020-02-07 15:00:00;14979;HH;верх;1574,121;1569,148;13,658;2;1
2/2;3218;2020-02-07 16:00:00;14980;HL;низ;1565,216;1572,428;8,905;1;1
2/2;3219;2020-02-09 23:00:00;14986;HH;верх;1576,687;1571,448;11,471;6;2
2/2;3220;2020-02-10 02:00:00;14989;HL;низ;1568,096;1572,175;8,591;3;2
2/2;3221;2020-02-10 04:00:00;14991;LH;верх;1572,353;1570,263;4,257;2;1
2/2;3222;2020-02-10 07:00:00;14994;HL;низ;1569,514;1574,343;2,839;3;1
2/2;3223;2020-02-10 08:00:00;14995;HH;верх;1575,276;1573,167;5,762;1;1
2/2;3224;2020-02-10 12:00:00;14999;HL;низ;1571,461;1571,816;3,815;4;1
2/2;3225;2020-02-10 14:00:00;15001;HH;верх;1575,746;1574,459;4,285;2;1
2/2;3226;2020-02-10 15:00:00;15002;HL;низ;1571,670;1576,525;4,076;1;1
2/2;3227;2020-02-10 17:00:00;15004;HH;верх;1577,056;1574,968;5,386;2;1
2/2;3228;2020-02-11 08:00:00;15018;LL;низ;1565,874;1567,786;11,182;14;2
2/2;3229;2020-02-11 14:00:00;15024;LH;верх;1574,098;1566,441;8,224;6;2
2/2;3230;2020-02-11 16:00:00;15026;LL;низ;1562,206;1567,972;11,892;2;1
2/2;3231;2020-02-11 20:00:00;15030;LH;верх;1569,575;1567,207;7,369;4;2
2/2;3232;2020-02-12 01:00:00;15034;HL;низ;1565,815;1567,977;3,760;4;1
2/2;3233;2020-02-12 04:00:00;15037;LH;верх;1568,449;1566,216;2,634;3;1
2/2;3234;2020-02-12 08:00:00;15041;LL;низ;1561,984;1566,614;6,465;4;1
2/2;3235;2020-02-12 10:00:00;15043;LH;верх;1567,754;1566,043;5,770;2;1
2/2;3236;2020-02-12 15:00:00;15048;HL;низ;1563,614;1568,286;4,140;5;1
2/2;3237;2020-02-12 16:00:00;15049;HH;верх;1570,502;1567,380;6,888;1;1
2/2;3238;2020-02-12 20:00:00;15053;HL;низ;1565,041;1569,931;5,461;4;1
2/2;3239;2020-02-13 00:00:00;15056;HH;верх;1572,669;1571,351;7,628;3;1
2/2;3240;2020-02-13 07:00:00;15063;HL;низ;1572,363;1575,288;0,306;7;1
2/2;3241;2020-02-13 10:00:00;15066;HH;верх;1577,610;1573,063;5,247;3;1
2/2;3242;2020-02-13 14:00:00;15070;LL;низ;1571,930;1576,705;5,680;4;1
2/2;3243;2020-02-13 15:00:00;15071;HH;верх;1578,382;1576,550;6,452;1;2
2/2;3244;2020-02-14 03:00:00;15082;HL;низ;1573,164;1575,100;5,218;11;2
2/2;3245;2020-02-14 10:00:00;15089;LH;верх;1577,099;1575,755;3,935;7;1
2/2;3246;2020-02-14 13:00:00;15092;HL;низ;1574,978;1581,543;2,121;3;1
2/2;3247;2020-02-14 21:00:00;15100;HH;верх;1585,080;1582,177;10,102;8;1
2/2;3248;2020-02-16 23:00:00;15101;HL;низ;1580,540;1582,199;4,540;1;1
2/2;3249;2020-02-17 05:00:00;15107;LH;верх;1583,233;1580,189;2,693;6;1
2/2;3250;2020-02-17 08:00:00;15110;LL;низ;1578,935;1580,423;4,298;3;2
2/2;3251;2020-02-17 14:00:00;15116;LH;верх;1582,636;1581,764;3,701;6;1
2/2;3252;2020-02-17 15:00:00;15117;HL;низ;1580,819;1581,208;1,817;1;1
2/2;3253;2020-02-18 04:00:00;15125;HH;верх;1587,453;1585,372;6,634;8;2
2/2;3254;2020-02-18 06:00:00;15127;HL;низ;1585,081;1587,676;2,372;2;1
2/2;3255;2020-02-18 10:00:00;15131;HH;верх;1589,407;1586,742;4,326;4;1
2/2;3256;2020-02-18 13:00:00;15134;HL;низ;1586,476;1600,758;2,931;3;1
2/2;3257;2020-02-18 16:00:00;15137;HH;верх;1605,131;1600,451;18,655;3;1
2/2;3258;2020-02-18 19:00:00;15140;HL;низ;1600,062;1601,418;5,069;3;1
2/2;3259;2020-02-18 21:00:00;15142;LH;верх;1603,386;1601,800;3,324;2;1
2/2;3260;2020-02-19 00:00:00;15144;LL;низ;1599,606;1602,595;3,780;2;1
2/2;3261;2020-02-19 11:00:00;15155;HH;верх;1611,327;1603,399;11,721;11;2
2/2;3262;2020-02-19 14:00:00;15158;HL;низ;1602,444;1607,299;8,883;3;2
2/2;3263;2020-02-19 20:00:00;15164;HH;верх;1612,982;1610,554;10,538;6;1
2/2;3264;2020-02-20 01:00:00;15168;HL;низ;1606,082;1610,243;6,900;4;1
2/2;3265;2020-02-20 02:00:00;15169;LH;верх;1612,115;1609,597;6,033;1;1
2/2;3266;2020-02-20 07:00:00;15174;LL;низ;1603,976;1609,105;8,139;5;2
2/2;3267;2020-02-20 16:00:00;15183;HH;верх;1623,744;1618,994;19,768;9;1
2/2;3268;2020-02-20 18:00:00;15185;HL;низ;1616,114;1619,670;7,630;2;1
2/2;3269;2020-02-20 23:00:00;15189;LH;верх;1622,737;1621,309;6,623;4;1
2/2;3270;2020-02-21 00:00:00;15190;HL;низ;1619,034;1623,601;3,703;1;1
2/2;3271;2020-02-23 23:00:00;15212;HH;верх;1681,315;1661,782;62,281;22;4
2/2;3272;2020-02-24 03:00:00;15216;HL;низ;1659,019;1661,599;22,296;4;1
2/2;3273;2020-02-24 09:00:00;15222;HH;верх;1689,384;1682,337;30,365;6;2
2/2;3274;2020-02-24 15:00:00;15228;HL;низ;1669,787;1674,608;19,597;6;1
2/2;3275;2020-02-24 18:00:00;15231;LH;верх;1676,919;1659,728;7,132;3;1
2/2;3276;2020-02-24 19:00:00;15232;LL;низ;1650,886;1658,730;26,033;1;1
2/2;3277;2020-02-24 23:00:00;15235;LH;верх;1663,786;1655,293;12,900;3;1
2/2;3278;2020-02-25 00:00:00;15236;LL;низ;1642,875;1657,722;20,911;1;1
2/2;3279;2020-02-25 02:00:00;15238;LH;верх;1658,826;1655,716;15,951;2;1
2/2;3280;2020-02-25 06:00:00;15242;LL;низ;1633,172;1653,756;25,654;4;1
2/2;3281;2020-02-25 10:00:00;15246;LH;верх;1657,237;1647,711;24,065;4;1
2/2;3282;2020-02-25 11:00:00;15247;HL;низ;1641,510;1650,579;15,727;1;1
2/2;3283;2020-02-25 15:00:00;15251;HH;верх;1658,523;1648,850;17,013;4;2
2/2;3284;2020-02-25 20:00:00;15256;LL;низ;1625,263;1639,956;33,260;5;1
2/2;3285;2020-02-26 01:00:00;15260;LH;верх;1646,296;1640,115;21,033;4;1
2/2;3286;2020-02-26 02:00:00;15261;HL;низ;1636,942;1641,596;9,354;1;1
2/2;3287;2020-02-26 09:00:00;15268;HH;верх;1655,040;1647,468;18,098;7;1
2/2;3288;2020-02-26 14:00:00;15273;LL;низ;1625,017;1639,866;30,023;5;1
2/2;3289;2020-02-26 19:00:00;15278;LH;верх;1650,034;1640,942;25,017;5;1
2/2;3290;2020-02-26 21:00:00;15280;HL;низ;1636,202;1646,204;13,832;2;1
2/2;3291;2020-02-27 06:00:00;15288;HH;верх;1652,665;1646,140;16,463;8;1
2/2;3292;2020-02-27 07:00:00;15289;HL;низ;1641,403;1647,316;11,262;1;1
2/2;3293;2020-02-27 15:00:00;15297;HH;верх;1660,417;1640,924;19,014;8;1
2/2;3294;2020-02-27 21:00:00;15303;LL;низ;1635,429;1645,796;24,988;6;2
2/2;3295;2020-02-27 23:00:00;15304;LH;верх;1649,566;1642,526;14,137;1;1
2/2;3296;2020-02-28 07:00:00;15312;LL;низ;1621,292;1627,784;28,274;8;1
2/2;3297;2020-02-28 08:00:00;15313;LH;верх;1641,378;1630,160;20,086;1;1
2/2;3298;2020-02-28 18:00:00;15323;LL;низ;1563,038;1578,502;78,340;10;2
2/2;3299;2020-02-28 19:00:00;15324;LH;верх;1593,023;1586,542;29,985;1;1
2/2;3300;2020-03-01 23:00:00;15327;HL;низ;1575,579;1595,710;17,444;3;1
2/2;3301;2020-03-02 01:00:00;15329;HH;верх;1606,656;1598,966;31,077;2;2
2/2;3302;2020-03-02 07:00:00;15335;HL;низ;1596,110;1609,167;10,546;6;1
2/2;3303;2020-03-02 10:00:00;15338;HH;верх;1611,066;1598,524;14,956;3;1
2/2;3304;2020-03-02 20:00:00;15348;LL;низ;1584,116;1592,086;26,950;10;2
2/2;3305;2020-03-03 04:00:00;15355;LH;верх;1601,243;1595,156;17,127;7;2
2/2;3306;2020-03-03 07:00:00;15358;HL;низ;1593,584;1597,170;7,659;3;1
2/2;3307;2020-03-03 17:00:00;15368;HH;верх;1649,314;1626,657;55,730;10;1
2/2;3308;2020-03-03 19:00:00;15370;HL;низ;1626,470;1640,886;22,844;2;1
2/2;3309;2020-03-03 23:00:00;15373;HH;верх;1652,996;1644,210;26,526;3;1
2/2;3310;2020-03-04 07:00:00;15381;HL;низ;1631,958;1639,824;21,038;8;1
2/2;3311;2020-03-04 12:00:00;15386;LH;верх;1649,410;1646,106;17,452;5;1
2/2;3312;2020-03-04 21:00:00;15395;HL;низ;1633,966;1638,182;15,444;9;3
2/2;3313;2020-03-05 01:00:00;15398;LH;верх;1640,924;1639,639;6,958;3;1
2/2;3314;2020-03-05 07:00:00;15404;HL;низ;1637,233;1644,112;3,691;6;1
2/2;3315;2020-03-06 00:00:00;15420;HH;верх;1676,598;1670,554;39,365;16;1
2/2;3316;2020-03-06 01:00:00;15421;HL;низ;1667,655;1669,094;8,943;1;1
2/2;3317;2020-03-06 05:00:00;15425;HH;верх;1681,146;1672,278;13,491;4;1
2/2;3318;2020-03-06 07:00:00;15427;HL;низ;1667,902;1684,519;13,244;2;1
2/2;3319;2020-03-06 10:00:00;15430;HH;верх;1689,995;1688,020;22,093;3;2
2/2;3320;2020-03-06 15:00:00;15435;LL;низ;1642,351;1665,916;47,644;5;1
2/2;3321;2020-03-08 23:00:00;15443;HH;верх;1703,282;1701,144;60,931;8;1
2/2;3322;2020-03-09 04:00:00;15448;HL;низ;1657,624;1669,686;45,658;5;1
2/2;3323;2020-03-09 07:00:00;15451;LH;верх;1685,331;1665,232;27,707;3;1
2/2;3324;2020-03-09 09:00:00;15453;HL;низ;1662,403;1676,017;22,928;2;1
2/2;3325;2020-03-09 13:00:00;15457;HH;верх;1685,758;1665,068;23,355;4;1
2/2;3326;2020-03-09 16:00:00;15460;LL;низ;1661,865;1677,119;23,893;3;1
2/2;3327;2020-03-09 19:00:00;15463;LH;верх;1681,630;1671,586;19,765;3;1
2/2;3328;2020-03-10 06:00:00;15473;LL;низ;1649,498;1661,574;32,132;10;2
2/2;3329;2020-03-10 08:00:00;15475;LH;верх;1667,518;1662,118;18,020;2;1
2/2;3330;2020-03-10 10:00:00;15477;HL;низ;1655,930;1663,022;11,588;2;1
2/2;3331;2020-03-10 12:00:00;15479;HH;верх;1667,613;1658,583;11,683;2;1
2/2;3332;2020-03-10 14:00:00;15481;LL;низ;1650,053;1654,208;17,560;2;1
2/2;3333;2020-03-10 17:00:00;15484;LH;верх;1661,909;1642,175;11,856;3;1
2/2;3334;2020-03-10 19:00:00;15486;LL;низ;1641,718;1653,128;20,191;2;1
2/2;3335;2020-03-11 07:00:00;15497;HH;верх;1666,688;1660,573;24,970;11;2
2/2;3336;2020-03-11 08:00:00;15498;HL;низ;1656,485;1665,092;10,203;1;1
2/2;3337;2020-03-11 12:00:00;15502;HH;верх;1671,304;1653,086;14,819;4;1
2/2;3338;2020-03-11 19:00:00;15509;LL;низ;1633,200;1638,591;38,104;7;1
2/2;3339;2020-03-12 01:00:00;15514;LH;верх;1650,536;1637,112;17,336;5;1
2/2;3340;2020-03-12 02:00:00;15515;LL;низ;1631,026;1636,302;19,510;1;2
2/2;3341;2020-03-12 08:00:00;15521;LH;верх;1645,594;1636,246;14,568;6;1
2/2;3342;2020-03-12 15:00:00;15528;LL;низ;1560,840;1595,170;84,754;7;1
2/2;3343;2020-03-12 17:00:00;15530;LH;верх;1609,850;1571,996;49,010;2;1
2/2;3344;2020-03-12 20:00:00;15533;HL;низ;1566,187;1576,886;43,663;3;1
2/2;3345;2020-03-12 23:00:00;15535;LH;верх;1584,593;1555,128;18,406;2;1
2/2;3346;2020-03-13 02:00:00;15538;LL;низ;1551,455;1579,321;33,138;3;1
2/2;3347;2020-03-13 07:00:00;15543;HH;верх;1594,363;1582,657;42,908;5;1
2/2;3348;2020-03-13 08:00:00;15544;HL;низ;1579,088;1587,852;15,275;1;1
2/2;3349;2020-03-13 12:00:00;15548;HH;верх;1598,056;1563,678;18,968;4;1
2/2;3350;2020-03-13 16:00:00;15552;LL;низ;1504,782;1512,544;93,274;4;2
2/2;3351;2020-03-15 22:00:00;15557;LH;верх;1575,454;1548,196;70,672;5;1
2/2;3352;2020-03-16 01:00:00;15560;HL;низ;1524,314;1548,098;51,140;3;1
2/2;3353;2020-03-16 04:00:00;15563;LH;верх;1550,890;1544,226;26,576;3;2
2/2;3354;2020-03-16 13:00:00;15572;LL;низ;1451,432;1504,042;99,458;9;1
2/2;3355;2020-03-16 15:00:00;15574;LH;верх;1519,638;1492,277;68,206;2;1
2/2;3356;2020-03-16 17:00:00;15576;HL;низ;1483,986;1509,247;35,652;2;1
2/2;3357;2020-03-17 00:00:00;15582;LH;верх;1519,426;1492,386;35,440;6;1
2/2;3358;2020-03-17 02:00:00;15584;HL;низ;1485,714;1501,753;33,712;2;1
2/2;3359;2020-03-17 04:00:00;15586;LH;верх;1505,224;1483,750;19,510;2;1
2/2;3360;2020-03-17 10:00:00;15592;LL;низ;1465,810;1484,910;39,414;6;1
2/2;3361;2020-03-17 15:00:00;15597;HH;верх;1554,013;1534,824;88,203;5;1
2/2;3362;2020-03-17 19:00:00;15601;HL;низ;1520,846;1533,787;33,167;4;1
2/2;3363;2020-03-17 22:00:00;15603;LH;верх;1546,426;1537,067;25,580;2;1
2/2;3364;2020-03-18 09:00:00;15614;LL;низ;1487,422;1517,092;59,004;11;1
2/2;3365;2020-03-18 12:00:00;15617;LH;верх;1523,133;1499,592;35,711;3;1
2/2;3366;2020-03-18 17:00:00;15622;LL;низ;1472,770;1495,403;50,363;5;1
2/2;3367;2020-03-18 19:00:00;15624;LH;верх;1502,908;1484,922;30,138;2;1
2/2;3368;2020-03-18 22:00:00;15626;HL;низ;1473,857;1485,022;29,051;2;1
2/2;3369;2020-03-18 23:00:00;15627;LH;верх;1501,105;1484,938;27,248;1;1
2/2;3370;2020-03-19 04:00:00;15632;LL;низ;1464,304;1490,738;36,801;5;1
2/2;3371;2020-03-19 06:00:00;15634;LH;верх;1496,386;1483,952;32,082;2;1
2/2;3372;2020-03-19 12:00:00;15640;HL;низ;1464,388;1474,677;31,998;6;1
2/2;3373;2020-03-19 14:00:00;15642;LH;верх;1493,384;1474,108;28,996;2;1
2/2;3374;2020-03-19 18:00:00;15646;HL;низ;1465,800;1472,795;27,584;4;1
2/2;3375;2020-03-19 19:00:00;15647;LH;верх;1480,638;1467,628;14,838;1;1
2/2;3376;2020-03-19 22:00:00;15649;LL;низ;1455,320;1471,677;25,318;2;1
2/2;3377;2020-03-20 08:00:00;15659;HH;верх;1516,180;1510,440;60,860;10;3
2/2;3378;2020-03-20 18:00:00;15669;HL;низ;1479,458;1499,094;36,722;10;2
2/2;3379;2020-03-22 22:00:00;15672;LH;верх;1508,414;1495,029;28,956;3;1
2/2;3380;2020-03-23 01:00:00;15675;HL;низ;1486,114;1493,608;22,300;3;1
2/2;3381;2020-03-23 03:00:00;15677;LH;верх;1498,136;1494,636;12,022;2;1
2/2;3382;2020-03-23 06:00:00;15680;LL;низ;1485,171;1490,864;12,965;3;1
2/2;3383;2020-03-24 02:00:00;15699;HH;верх;1583,654;1572,327;98,483;19;2
2/2;3384;2020-03-24 06:00:00;15703;HL;низ;1560,342;1586,735;23,312;4;2
2/2;3385;2020-03-24 23:00:00;15719;HH;верх;1640,353;1617,979;80,011;16;2
2/2;3386;2020-03-25 08:00:00;15728;HL;низ;1596,376;1618,839;43,977;9;2
2/2;3387;2020-03-25 10:00:00;15730;LH;верх;1627,684;1608,802;31,308;2;3
2/2;3388;2020-03-26 02:00:00;15745;HL;низ;1597,638;1604,030;30,046;15;3
2/2;3389;2020-03-26 17:00:00;15760;HH;верх;1644,433;1630,686;46,795;15;1
2/2;3390;2020-03-26 19:00:00;15762;HL;низ;1616,073;1629,440;28,360;2;2
2/2;3391;2020-03-27 06:00:00;15772;LH;верх;1628,881;1618,207;12,808;10;1
2/2;3392;2020-03-27 11:00:00;15777;LL;низ;1614,898;1623,768;13,983;5;1
2/2;3393;2020-03-29 23:00:00;15787;HH;верх;1632,264;1617,293;17,366;10;2
2/2;3394;2020-03-30 05:00:00;15793;LL;низ;1613,159;1620,338;19,105;6;2
2/2;3395;2020-03-30 11:00:00;15799;LH;верх;1627,882;1622,791;14,723;6;1
2/2;3396;2020-03-30 12:00:00;15800;HL;низ;1616,210;1621,352;11,672;1;1
2/2;3397;2020-03-30 14:00:00;15802;LH;верх;1624,534;1620,630;8,324;2;1
2/2;3398;2020-03-30 18:00:00;15806;LL;низ;1611,862;1622,830;12,672;4;1
2/2;3399;2020-03-30 22:00:00;15809;LH;верх;1623,796;1614,240;11,934;3;1
2/2;3400;2020-03-31 00:00:00;15811;LL;низ;1610,780;1614,764;13,016;2;1
2/2;3401;2020-03-31 06:00:00;15817;LH;верх;1619,644;1609,539;8,864;6;1
2/2;3402;2020-03-31 10:00:00;15821;LL;низ;1595,319;1604,937;24,325;4;1
2/2;3403;2020-03-31 14:00:00;15825;LH;верх;1614,152;1598,130;18,833;4;1
2/2;3404;2020-03-31 22:00:00;15832;LL;низ;1573,059;1580,608;41,093;7;1
2/2;3405;2020-04-01 07:00:00;15841;LH;верх;1600,738;1595,094;27,679;9;1
2/2;3406;2020-04-01 13:00:00;15847;LL;низ;1572,827;1593,149;27,911;6;1
2/2;3407;2020-04-01 16:00:00;15850;LH;верх;1594,299;1590,880;21,472;3;1
2/2;3408;2020-04-01 17:00:00;15851;HL;низ;1578,270;1589,400;16,029;1;1
2/2;3409;2020-04-01 23:00:00;15856;HH;верх;1596,070;1585,855;17,800;5;1
2/2;3410;2020-04-02 01:00:00;15858;HL;низ;1583,224;1586,006;12,846;2;1
2/2;3411;2020-04-02 07:00:00;15864;HH;верх;1599,418;1590,132;16,194;6;1
2/2;3412;2020-04-02 09:00:00;15866;HL;низ;1585,426;1595,856;13,992;2;1
2/2;3413;2020-04-02 19:00:00;15876;HH;верх;1619,970;1610,760;34,544;10;1
2/2;3414;2020-04-03 01:00:00;15881;HL;низ;1609,014;1614,034;10,956;5;1
2/2;3415;2020-04-03 03:00:00;15883;LH;верх;1614,417;1612,073;5,403;2;1
2/2;3416;2020-04-03 06:00:00;15886;LL;низ;1607,176;1612,348;7,241;3;1
2/2;3417;2020-04-03 12:00:00;15892;HH;верх;1623,167;1619,470;15,991;6;2
2/2;3418;2020-04-03 12:00:00;15892;LL;низ;1606,820;1619,470;16,347;0;1
2/2;3419;2020-04-03 19:00:00;15899;HH;верх;1626,062;1615,454;19,242;7;1
2/2;3420;2020-04-05 22:00:00;15901;HL;низ;1609,260;1618,720;16,802;2;1
2/2;3421;2020-04-06 00:00:00;15903;LH;верх;1622,596;1619,935;13,336;2;1
2/2;3422;2020-04-06 05:00:00;15908;HL;низ;1616,392;1631,512;6,204;5;1
2/2;3423;2020-04-06 19:00:00;15922;HH;верх;1669,163;1666,116;52,771;14;1
2/2;3424;2020-04-06 20:00:00;15923;HL;низ;1655,081;1664,719;14,082;1;1
2/2;3425;2020-04-06 23:00:00;15925;HH;верх;1675,605;1662,308;20,524;2;1
2/2;3426;2020-04-07 01:00:00;15927;LL;низ;1654,997;1660,362;20,608;2;1
2/2;3427;2020-04-07 07:00:00;15933;LH;верх;1669,481;1650,354;14,484;6;1
2/2;3428;2020-04-07 08:00:00;15934;LL;низ;1644,922;1655,539;24,559;1;1
2/2;3429;2020-04-07 12:00:00;15938;LH;верх;1662,738;1651,624;17,816;4;1
2/2;3430;2020-04-07 13:00:00;15939;LL;низ;1642,900;1655,483;19,838;1;1
2/2;3431;2020-04-07 16:00:00;15942;LH;верх;1658,230;1646,351;15,330;3;1
2/2;3432;2020-04-07 18:00:00;15944;HL;низ;1643,340;1648,838;14,890;2;1
2/2;3433;2020-04-07 19:00:00;15945;HH;верх;1658,355;1649,000;15,015;1;1
2/2;3434;2020-04-08 00:00:00;15949;LL;низ;1641,474;1649,208;16,881;4;1
2/2;3435;2020-04-08 01:00:00;15950;LH;верх;1650,594;1649,192;9,120;1;1
2/2;3436;2020-04-08 06:00:00;15955;HL;низ;1643,898;1649,679;6,696;5;1
2/2;3437;2020-04-08 07:00:00;15956;HH;верх;1655,536;1652,232;11,638;1;1
2/2;3438;2020-04-08 11:00:00;15960;LL;низ;1642,584;1652,787;12,952;4;1
2/2;3439;2020-04-08 13:00:00;15962;HH;верх;1656,586;1648,155;14,002;2;2
2/2;3440;2020-04-08 22:00:00;15970;HL;низ;1643,836;1647,982;12,750;8;1
2/2;3441;2020-04-09 01:00:00;15973;LH;верх;1649,992;1648,756;6,156;3;1
2/2;3442;2020-04-09 05:00:00;15977;HL;низ;1647,274;1659,064;2,718;4;2
2/2;3443;2020-04-09 17:00:00;15989;HH;верх;1690,250;1683,597;42,976;12;2
2/2;3444;2020-04-09 18:00:00;15990;HL;низ;1674,604;1683,505;15,646;1;1
2/2;3445;2020-04-12 22:00:00;15993;HH;верх;1692,832;1686,779;18,228;3;1
2/2;3446;2020-04-12 22:00:00;15993;HL;низ;1675,045;1686,779;17,787;0;2
2/2;3447;2020-04-13 07:00:00;16002;HH;верх;1692,946;1690,153;17,901;9;1
2/2;3448;2020-04-13 13:00:00;16008;HL;низ;1686,301;1709,650;6,645;6;1
2/2;3449;2020-04-13 18:00:00;16013;HH;верх;1723,867;1713,419;37,566;5;1
2/2;3450;2020-04-13 20:00:00;16015;HL;низ;1711,882;1717,776;11,985;2;2
2/2;3451;2020-04-14 02:00:00;16020;HH;верх;1725,338;1716,482;13,456;5;1
2/2;3452;2020-04-14 06:00:00;16024;LL;низ;1709,449;1719,274;15,889;4;1
2/2;3453;2020-04-14 14:00:00;16032;HH;верх;1747,722;1734,096;38,273;8;2
2/2;3454;2020-04-14 15:00:00;16033;HL;низ;1724,612;1738,739;23,110;1;1
2/2;3455;2020-04-14 17:00:00;16035;LH;верх;1739,586;1728,176;14,974;2;1
2/2;3456;2020-04-14 19:00:00;16037;LL;низ;1719,985;1725,966;19,601;2;1
2/2;3457;2020-04-15 01:00:00;16042;LH;верх;1731,474;1721,762;11,489;5;1
2/2;3458;2020-04-15 03:00:00;16044;HL;низ;1720,454;1726,169;11,020;2;1
2/2;3459;2020-04-15 06:00:00;16047;LH;верх;1728,260;1713,553;7,806;3;1
2/2;3460;2020-04-15 07:00:00;16048;LL;низ;1708,284;1715,626;19,976;1;2
2/2;3461;2020-04-15 13:00:00;16054;LH;верх;1727,034;1713,650;18,750;6;1
2/2;3462;2020-04-15 16:00:00;16057;HL;низ;1708,988;1718,786;18,046;3;1
2/2;3463;2020-04-15 19:00:00;16060;LH;верх;1723,969;1716,362;14,981;3;1
2/2;3464;2020-04-16 01:00:00;16065;HL;низ;1712,016;1714,596;11,953;5;3
2/2;3465;2020-04-16 07:00:00;16071;HH;верх;1726,180;1722,562;14,164;6;1
2/2;3466;2020-04-16 09:00:00;16073;HL;низ;1719,414;1737,053;6,766;2;1
2/2;3467;2020-04-16 12:00:00;16076;HH;верх;1738,754;1725,548;19,340;3;1
2/2;3468;2020-04-16 22:00:00;16085;LL;низ;1703,114;1717,490;35,640;9;3
2/2;3469;2020-04-17 01:00:00;16088;LH;верх;1718,866;1705,668;15,752;3;1
2/2;3470;2020-04-17 11:00:00;16098;LL;низ;1683,580;1700,363;35,286;10;2
2/2;3471;2020-04-17 13:00:00;16100;LH;верх;1701,781;1690,384;18,201;2;1
2/2;3472;2020-04-20 00:00:00;16110;LL;низ;1671,218;1679,088;30,563;10;2
2/2;3473;2020-04-20 06:00:00;16116;LH;верх;1685,708;1679,608;14,490;6;1
2/2;3474;2020-04-20 08:00:00;16118;HL;низ;1673,080;1683,431;12,628;2;1
2/2;3475;2020-04-20 16:00:00;16126;HH;верх;1702,419;1689,926;29,339;8;1
2/2;3476;2020-04-20 18:00:00;16128;HL;низ;1685,883;1696,239;16,536;2;1
2/2;3477;2020-04-20 20:00:00;16130;LH;верх;1698,112;1691,315;12,229;2;1
2/2;3478;2020-04-21 05:00:00;16138;HL;низ;1686,395;1696,475;11,717;8;1
2/2;3479;2020-04-21 07:00:00;16140;LH;верх;1697,954;1679,030;11,559;2;1
2/2;3480;2020-04-21 11:00:00;16144;LL;низ;1661,416;1679,524;36,538;4;1
2/2;3481;2020-04-21 14:00:00;16147;LH;верх;1692,833;1673,098;31,417;3;1
2/2;3482;2020-04-21 17:00:00;16150;HL;низ;1671,306;1684,382;21,527;3;1
2/2;3483;2020-04-22 01:00:00;16157;LH;верх;1691,596;1683,622;20,290;7;1
2/2;3484;2020-04-22 04:00:00;16160;HL;низ;1680,478;1684,296;11,118;3;1
2/2;3485;2020-04-22 09:00:00;16165;HH;верх;1706,978;1695,789;26,500;5;1
2/2;3486;2020-04-22 12:00:00;16168;HL;низ;1693,636;1708,974;13,342;3;1
2/2;3487;2020-04-23 01:00:00;16180;HH;верх;1719,495;1710,656;25,859;12;2
2/2;3488;2020-04-23 03:00:00;16182;HL;низ;1707,418;1717,040;12,077;2;3
2/2;3489;2020-04-23 15:00:00;16194;HH;верх;1738,878;1723,898;31,460;12;1
2/2;3490;2020-04-23 17:00:00;16196;HL;низ;1721,124;1733,112;17,754;2;1
2/2;3491;2020-04-23 19:00:00;16198;LH;верх;1735,402;1729,866;14,278;2;1
2/2;3492;2020-04-24 05:00:00;16207;HL;низ;1721,256;1729,829;14,146;9;1
2/2;3493;2020-04-24 11:00:00;16213;HH;верх;1736,566;1728,660;15,310;6;1
2/2;3494;2020-04-24 15:00:00;16217;LL;низ;1710,857;1724,530;25,709;4;1
2/2;3495;2020-04-24 20:00:00;16222;LH;верх;1729,437;1725,402;18,580;5;1
2/2;3496;2020-04-26 22:00:00;16223;HL;низ;1719,543;1724,266;9,894;1;2
2/2;3497;2020-04-27 06:00:00;16231;LH;верх;1724,125;1722,096;4,582;8;1
2/2;3498;2020-04-27 07:00:00;16232;LL;низ;1713,227;1717,420;10,898;1;1
2/2;3499;2020-04-27 13:00:00;16238;LH;верх;1722,504;1711,472;9,277;6;1
2/2;3500;2020-04-27 14:00:00;16239;LL;низ;1706,545;1712,226;15,959;1;1
2/2;3501;2020-04-27 19:00:00;16244;LH;верх;1718,396;1712,278;11,851;5;1
2/2;3502;2020-04-28 05:00:00;16253;LL;низ;1692,393;1702,390;26,003;9;1
2/2;3503;2020-04-28 09:00:00;16257;LH;верх;1714,907;1709,708;22,514;4;2
2/2;3504;2020-04-28 14:00:00;16262;LL;низ;1692,285;1705,570;22,622;5;1
2/2;3505;2020-04-28 17:00:00;16265;LH;верх;1711,017;1708,814;18,732;3;1
2/2;3506;2020-04-28 19:00:00;16267;HL;низ;1702,661;1705,160;8,356;2;1
2/2;3507;2020-04-29 05:00:00;16276;HH;верх;1713,215;1704,592;10,554;9;3
2/2;3508;2020-04-29 08:00:00;16279;LL;низ;1702,230;1703,939;10,985;3;1
2/2;3509;2020-04-29 12:00:00;16283;LH;верх;1711,934;1701,098;9,704;4;1
2/2;3510;2020-04-29 13:00:00;16284;LL;низ;1697,185;1703,464;14,749;1;2
2/2;3511;2020-04-29 19:00:00;16290;HH;верх;1718,150;1712,876;20,965;6;1
2/2;3512;2020-04-30 01:00:00;16295;HL;низ;1709,270;1712,905;8,880;5;1
2/2;3513;2020-04-30 07:00:00;16301;HH;верх;1722,328;1716,170;13,058;6;1
2/2;3514;2020-04-30 12:00:00;16306;LL;низ;1695,044;1706,020;27,284;5;1
2/2;3515;2020-04-30 15:00:00;16309;LH;верх;1709,139;1684,362;14,095;3;1
2/2;3516;2020-04-30 18:00:00;16312;LL;низ;1681,554;1686,618;27,585;3;2
2/2;3517;2020-05-01 02:00:00;16319;LH;верх;1690,318;1687,884;8,764;7;1
2/2;3518;2020-05-01 06:00:00;16323;LL;низ;1670,909;1673,397;19,409;4;1
2/2;3519;2020-05-01 19:00:00;16336;HH;верх;1706,534;1693,484;35,625;13;1
2/2;3520;2020-05-03 22:00:00;16338;HL;низ;1692,087;1696,108;14,447;2;1
2/2;3521;2020-05-04 03:00:00;16343;LH;верх;1701,523;1698,912;9,436;5;1
2/2;3522;2020-05-04 05:00:00;16345;HL;низ;1696,798;1704,140;4,725;2;1
2/2;3523;2020-05-04 10:00:00;16350;HH;верх;1713,730;1701,384;16,932;5;1
2/2;3524;2020-05-04 12:00:00;16352;LL;низ;1696,210;1701,728;17,520;2;1
2/2;3525;2020-05-04 13:00:00;16353;LH;верх;1709,916;1708,146;13,706;1;2
2/2;3526;2020-05-05 07:00:00;16370;LL;низ;1689,819;1698,062;20,097;17;2
2/2;3527;2020-05-05 08:00:00;16371;LH;верх;1709,794;1698,544;19,975;1;2
2/2;3528;2020-05-05 13:00:00;16376;HL;низ;1693,274;1701,947;16,520;5;1
2/2;3529;2020-05-05 19:00:00;16382;HH;верх;1711,916;1706,046;18,642;6;1
2/2;3530;2020-05-06 00:00:00;16386;HL;низ;1700,826;1703,012;11,090;4;1
2/2;3531;2020-05-06 01:00:00;16387;LH;верх;1707,843;1702,508;7,017;1;1
2/2;3532;2020-05-06 03:00:00;16389;HL;низ;1701,188;1704,480;6,655;2;1
2/2;3533;2020-05-06 08:00:00;16394;HH;верх;1708,492;1702,156;7,304;5;2
2/2;3534;2020-05-06 16:00:00;16402;LL;низ;1682,658;1688,784;25,834;8;1
2/2;3535;2020-05-06 18:00:00;16404;LH;верх;1691,060;1685,384;8,402;2;1
2/2;3536;2020-05-06 20:00:00;16406;LL;низ;1682,632;1690,054;8,428;2;1
2/2;3537;2020-05-07 00:00:00;16409;HH;верх;1694,162;1691,791;11,530;3;2
2/2;3538;2020-05-07 06:00:00;16415;HL;низ;1684,664;1691,654;9,498;6;1
2/2;3539;2020-05-07 18:00:00;16427;HH;верх;1722,294;1715,553;37,630;12;1
2/2;3540;2020-05-08 00:00:00;16432;HL;низ;1711,410;1716,887;10,884;5;1
2/2;3541;2020-05-08 01:00:00;16433;LH;верх;1720,620;1715,815;9,210;1;1
2/2;3542;2020-05-08 04:00:00;16436;HL;низ;1713,858;1717,152;6,762;3;1
2/2;3543;2020-05-08 09:00:00;16441;HH;верх;1723,654;1718,641;9,796;5;1
2/2;3544;2020-05-08 20:00:00;16452;LL;низ;1701,374;1706,808;22,280;11;2
2/2;3545;2020-05-11 01:00:00;16456;LH;верх;1712,342;1707,981;10,968;4;1
2/2;3546;2020-05-11 05:00:00;16460;HL;низ;1702,592;1707,498;9,750;4;2
2/2;3547;2020-05-11 07:00:00;16462;LH;верх;1709,772;1701,451;7,180;2;1
2/2;3548;2020-05-11 10:00:00;16465;LL;низ;1694,362;1705,865;15,410;3;1
2/2;3549;2020-05-11 13:00:00;16468;LH;верх;1708,574;1697,472;14,212;3;1
2/2;3550;2020-05-11 15:00:00;16470;LL;низ;1692,126;1696,727;16,448;2;1
2/2;3551;2020-05-11 17:00:00;16472;LH;верх;1699,594;1697,032;7,468;2;2
2/2;3552;2020-05-12 00:00:00;16478;HL;низ;1693,948;1698,685;5,646;6;2
2/2;3553;2020-05-12 10:00:00;16488;HH;верх;1707,204;1701,545;13,256;10;1
2/2;3554;2020-05-12 12:00:00;16490;HL;низ;1698,791;1710,138;8,413;2;1
2/2;3555;2020-05-12 15:00:00;16493;HH;верх;1711,190;1703,817;12,399;3;1
2/2;3556;2020-05-12 19:00:00;16497;LL;низ;1698,094;1704,189;13,096;4;2
2/2;3557;2020-05-13 01:00:00;16502;LH;верх;1706,663;1702,980;8,569;5;1
2/2;3558;2020-05-13 03:00:00;16504;HL;низ;1700,322;1704,248;6,341;2;1
2/2;3559;2020-05-13 06:00:00;16507;LH;верх;1706,014;1702,160;5,692;3;1
2/2;3560;2020-05-13 08:00:00;16509;LL;низ;1699,259;1705,260;6,755;2;1
2/2;3561;2020-05-13 13:00:00;16514;HH;верх;1718,252;1711,650;18,993;5;1
2/2;3562;2020-05-13 13:00:00;16514;HL;низ;1702,447;1711,650;15,805;0;1
2/2;3563;2020-05-13 23:00:00;16523;HH;верх;1719,908;1714,470;17,461;9;2
2/2;3564;2020-05-14 04:00:00;16528;HL;низ;1711,268;1716,764;8,640;5;2
2/2;3565;2020-05-14 07:00:00;16531;LH;верх;1719,610;1718,998;8,342;3;1
2/2;3566;2020-05-14 12:00:00;16536;HL;низ;1711,272;1732,102;8,338;5;1
2/2;3567;2020-05-14 16:00:00;16540;HH;верх;1736,158;1733,170;24,886;4;2
2/2;3568;2020-05-15 01:00:00;16548;HL;низ;1728,846;1732,401;7,312;8;1
2/2;3569;2020-05-15 02:00:00;16549;LH;верх;1734,366;1730,722;5,520;1;1
2/2;3570;2020-05-15 04:00:00;16551;HL;низ;1730,155;1735,436;4,211;2;1
2/2;3571;2020-05-15 07:00:00;16554;HH;верх;1738,811;1734,861;8,656;3;1
2/2;3572;2020-05-15 10:00:00;16557;HL;низ;1730,252;1743,151;8,559;3;1
2/2;3573;2020-05-15 17:00:00;16564;HH;верх;1751,718;1743,792;21,466;7;1
2/2;3574;2020-05-15 18:00:00;16565;HL;низ;1740,055;1742,624;11,663;1;1
2/2;3575;2020-05-18 08:00:00;16578;HH;верх;1765,090;1762,606;25,035;13;4
2/2;3576;2020-05-18 09:00:00;16579;HL;низ;1758,448;1763,872;6,642;1;1
2/2;3577;2020-05-18 11:00:00;16581;HH;верх;1765,256;1735,838;6,808;2;1
2/2;3578;2020-05-18 15:00:00;16585;LL;низ;1727,410;1732,578;37,846;4;1
2/2;3579;2020-05-19 01:00:00;16594;LH;верх;1740,440;1737,462;13,030;9;1
2/2;3580;2020-05-19 06:00:00;16599;LL;низ;1726,624;1736,780;13,816;5;1
2/2;3581;2020-05-19 09:00:00;16602;LH;верх;1739,209;1736,298;12,585;3;1
2/2;3582;2020-05-19 12:00:00;16605;HL;низ;1731,045;1743,888;8,164;3;1
2/2;3583;2020-05-19 19:00:00;16612;HH;верх;1747,860;1744,219;16,815;7;2
2/2;3584;2020-05-19 22:00:00;16614;HL;низ;1743,678;1745,197;4,182;2;1
2/2;3585;2020-05-20 01:00:00;16617;HH;верх;1751,156;1749,600;7,478;3;1
2/2;3586;2020-05-20 06:00:00;16622;HL;низ;1746,487;1748,579;4,669;5;1
2/2;3587;2020-05-20 07:00:00;16623;HH;верх;1753,206;1749,498;6,719;1;1
2/2;3588;2020-05-20 09:00:00;16625;HL;низ;1746,760;1751,714;6,446;2;1
2/2;3589;2020-05-20 12:00:00;16628;HH;верх;1753,434;1747,290;6,674;3;1
2/2;3590;2020-05-20 12:00:00;16628;LL;низ;1742,206;1747,290;11,228;0;1
2/2;3591;2020-05-20 18:00:00;16634;HH;верх;1754,049;1748,104;11,843;6;1
2/2;3592;2020-05-21 02:00:00;16641;LL;низ;1737,928;1742,511;16,121;7;1
2/2;3593;2020-05-21 05:00:00;16644;LH;верх;1743,872;1735,798;5,944;3;1
2/2;3594;2020-05-21 08:00:00;16647;LL;низ;1731,428;1735,002;12,444;3;1
2/2;3595;2020-05-21 12:00:00;16651;LH;верх;1742,189;1721,524;10,761;4;1
2/2;3596;2020-05-21 14:00:00;16653;LL;низ;1717,568;1724,356;24,621;2;2
2/2;3597;2020-05-22 01:00:00;16663;LH;верх;1730,604;1727,493;13,036;10;1
2/2;3598;2020-05-22 03:00:00;16665;HL;низ;1724,508;1729,502;6,096;2;1
2/2;3599;2020-05-22 08:00:00;16670;HH;верх;1740,227;1735,620;15,719;5;2
2/2;3600;2020-05-22 12:00:00;16674;HL;низ;1727,508;1735,967;12,719;4;1
2/2;3601;2020-05-22 17:00:00;16679;LH;верх;1736,807;1735,078;9,299;5;2
2/2;3602;2020-05-25 01:00:00;16686;LL;низ;1726,324;1728,712;10,483;7;1
2/2;3603;2020-05-25 03:00:00;16688;LH;верх;1729,394;1725,380;3,070;2;1
2/2;3604;2020-05-25 05:00:00;16690;LL;низ;1724,100;1728,148;5,294;2;1
2/2;3605;2020-05-25 09:00:00;16694;HH;верх;1730,978;1728,899;6,878;4;1
2/2;3606;2020-05-25 13:00:00;16698;LL;низ;1721,210;1729,820;9,768;4;1
2/2;3607;2020-05-25 14:00:00;16699;HH;верх;1733,233;1729,186;12,023;1;1
2/2;3608;2020-05-25 22:00:00;16702;HL;низ;1725,683;1731,636;7,550;3;1
2/2;3609;2020-05-26 03:00:00;16707;HH;верх;1735,577;1734,630;9,894;5;1
2/2;3610;2020-05-26 10:00:00;16714;LL;низ;1720,372;1726,114;15,205;7;1
2/2;3611;2020-05-26 12:00:00;16716;LH;верх;1729,433;1712,709;9,061;2;1
2/2;3612;2020-05-26 19:00:00;16723;LL;низ;1708,910;1711,664;20,523;7;2
2/2;3613;2020-05-27 01:00:00;16728;LH;верх;1716,118;1708,967;7,208;5;1
2/2;3614;2020-05-27 04:00:00;16731;LL;низ;1705,290;1706,087;10,828;3;1
2/2;3615;2020-05-27 07:00:00;16734;LH;верх;1710,828;1705,938;5,538;3;1
2/2;3616;2020-05-27 13:00:00;16740;LL;низ;1694,006;1701,257;16,822;6;1
2/2;3617;2020-05-27 18:00:00;16745;HH;верх;1715,386;1709,417;21,380;5;1
2/2;3618;2020-05-27 22:00:00;16748;HL;низ;1705,767;1710,126;9,619;3;1
2/2;3619;2020-05-28 13:00:00;16763;HH;верх;1727,545;1723,692;21,778;15;2
2/2;3620;2020-05-28 18:00:00;16768;HL;низ;1711,470;1718,807;16,075;5;1
2/2;3621;2020-05-28 23:00:00;16772;LH;верх;1722,404;1720,776;10,934;4;1
2/2;3622;2020-05-29 01:00:00;16774;HL;низ;1712,622;1720,350;9,782;2;1
2/2;3623;2020-05-29 05:00:00;16778;HH;верх;1723,032;1720,218;10,410;4;1
2/2;3624;2020-05-29 06:00:00;16779;HL;низ;1716,708;1726,252;6,324;1;2
2/2;3625;2020-05-29 18:00:00;16791;HH;верх;1737,914;1729,615;21,206;12;1
2/2;3626;2020-05-29 19:00:00;16792;HL;низ;1726,955;1738,804;10,959;1;1
2/2;3627;2020-05-31 23:00:00;16795;HH;верх;1740,690;1737,282;13,735;3;1
2/2;3628;2020-06-01 01:00:00;16797;HL;низ;1731,875;1739,172;8,815;2;1
2/2;3629;2020-06-01 05:00:00;16801;HH;верх;1744,694;1740,246;12,819;4;2
2/2;3630;2020-06-01 14:00:00;16810;LL;низ;1727,460;1738,716;17,234;9;1
2/2;3631;2020-06-01 15:00:00;16811;LH;верх;1741,350;1736,695;13,890;1;1
2/2;3632;2020-06-01 18:00:00;16814;HL;низ;1734,907;1739,923;6,443;3;1
2/2;3633;2020-06-01 23:00:00;16818;HH;верх;1743,393;1741,918;8,486;4;1
2/2;3634;2020-06-02 01:00:00;16820;HL;низ;1736,621;1739,582;6,772;2;1
2/2;3635;2020-06-02 05:00:00;16824;LH;верх;1740,001;1735,928;3,380;4;1
2/2;3636;2020-06-02 07:00:00;16826;LL;низ;1734,844;1739,734;5,157;2;1
2/2;3637;2020-06-02 14:00:00;16833;HH;верх;1745,304;1724,926;10,460;7;2
2/2;3638;2020-06-02 16:00:00;16835;LL;низ;1721,698;1728,068;23,606;2;1
2/2;3639;2020-06-02 23:00:00;16841;LH;верх;1732,312;1728,964;10,614;6;1
2/2;3640;2020-06-03 00:00:00;16842;LL;низ;1720,628;1728,466;11,684;1;1
2/2;3641;2020-06-03 03:00:00;16845;LH;верх;1729,666;1724,823;9,038;3;1
2/2;3642;2020-06-03 08:00:00;16850;LL;низ;1713,142;1719,316;16,524;5;1
2/2;3643;2020-06-03 12:00:00;16854;LH;верх;1726,146;1693,512;13,004;4;1
2/2;3644;2020-06-03 14:00:00;16856;LL;низ;1689,589;1699,145;36,557;2;1
2/2;3645;2020-06-03 17:00:00;16859;LH;верх;1700,834;1697,833;11,245;3;1
2/2;3646;2020-06-03 18:00:00;16860;HL;низ;1694,440;1698,056;6,394;1;2
2/2;3647;2020-06-04 02:00:00;16867;HH;верх;1705,570;1704,376;11,130;7;1
2/2;3648;2020-06-04 06:00:00;16871;HL;низ;1698,469;1704,866;7,101;4;1
2/2;3649;2020-06-04 12:00:00;16877;HH;верх;1718,328;1706,934;19,859;6;1
2/2;3650;2020-06-04 14:00:00;16879;HL;низ;1700,455;1717,001;17,873;2;1
2/2;3651;2020-06-04 17:00:00;16882;HH;верх;1721,483;1716,183;21,028;3;1
2/2;3652;2020-06-05 03:00:00;16891;HL;низ;1707,046;1709,792;14,437;9;2
2/2;3653;2020-06-05 08:00:00;16896;LH;верх;1713,665;1705,750;6,619;5;2
2/2;3654;2020-06-05 14:00:00;16902;LL;низ;1670,438;1682,287;43,227;6;1
2/2;3655;2020-06-05 20:00:00;16908;LH;верх;1685,938;1681,442;15,500;6;1
2/2;3656;2020-06-07 22:00:00;16909;HL;низ;1677,506;1682,207;8,432;1;2
2/2;3657;2020-06-08 08:00:00;16919;HH;верх;1697,621;1695,442;20,115;10;1
2/2;3658;2020-06-08 13:00:00;16924;HL;низ;1686,482;1691,696;11,139;5;2
2/2;3659;2020-06-09 01:00:00;16935;HH;верх;1704,910;1695,514;18,428;11;1
2/2;3660;2020-06-09 06:00:00;16940;HL;низ;1692,368;1705,744;12,542;5;2
2/2;3661;2020-06-09 14:00:00;16948;HH;верх;1720,888;1715,496;28,520;8;2
2/2;3662;2020-06-09 19:00:00;16953;HL;низ;1711,736;1714,538;9,152;5;2
2/2;3663;2020-06-10 01:00:00;16958;LH;верх;1718,823;1715,027;7,087;5;1
2/2;3664;2020-06-10 04:00:00;16961;HL;низ;1714,708;1717,386;4,115;3;2
2/2;3665;2020-06-10 08:00:00;16965;HH;верх;1720,788;1719,626;6,080;4;1
2/2;3666;2020-06-10 10:00:00;16967;HL;низ;1716,094;1722,838;4,694;2;1
2/2;3667;2020-06-10 14:00:00;16971;HH;верх;1727,356;1714,536;11,262;4;1
2/2;3668;2020-06-10 18:00:00;16975;LL;низ;1708,340;1738,670;19,016;4;1
2/2;3669;2020-06-10 22:00:00;16978;HH;верх;1740,068;1734,962;31,728;3;1
2/2;3670;2020-06-11 05:00:00;16985;HL;низ;1727,100;1735,826;12,968;7;2
2/2;3671;2020-06-11 07:00:00;16987;LH;верх;1737,284;1733,692;10,184;2;1
2/2;3672;2020-06-11 11:00:00;16991;LL;низ;1721,294;1738,179;15,990;4;1
2/2;3673;2020-06-11 15:00:00;16995;HH;верх;1744,918;1732,040;23,624;4;1
2/2;3674;2020-06-11 19:00:00;16999;HL;низ;1723,134;1729,520;21,784;4;1
2/2;3675;2020-06-11 22:00:00;17001;LH;верх;1730,846;1727,590;7,712;2;1
2/2;3676;2020-06-12 00:00:00;17003;LL;низ;1722,501;1725,583;8,345;2;2
2/2;3677;2020-06-12 13:00:00;17016;HH;верх;1743,340;1733,724;20,839;13;1
2/2;3678;2020-06-14 22:00:00;17024;HL;низ;1728,090;1732,310;15,250;8;2
2/2;3679;2020-06-15 00:00:00;17026;LH;верх;1734,206;1729,465;6,116;2;1
2/2;3680;2020-06-15 02:00:00;17028;LL;низ;1726,926;1728,517;7,280;2;1
2/2;3681;2020-06-15 08:00:00;17034;LH;верх;1724,216;1710,050;2,710;6;1
2/2;3682;2020-06-15 13:00:00;17039;LL;низ;1704,484;1720,559;19,732;5;1
2/2;3683;2020-06-15 18:00:00;17044;HH;верх;1728,582;1725,154;24,098;5;1
2/2;3684;2020-06-15 23:00:00;17048;HL;низ;1724,304;1729,307;4,278;4;1
2/2;3685;2020-06-16 02:00:00;17051;HH;верх;1732,947;1726,252;8,643;3;1
2/2;3686;2020-06-16 06:00:00;17055;LL;низ;1721,764;1729,254;11,183;4;1
2/2;3687;2020-06-16 08:00:00;17057;HH;верх;1733,029;1730,692;11,265;2;2
2/2;3688;2020-06-16 14:00:00;17063;LL;низ;1716,973;1729,140;16,056;6;1
2/2;3689;2020-06-16 17:00:00;17066;LH;верх;1730,632;1726,864;13,659;3;1
2/2;3690;2020-06-16 19:00:00;17068;HL;низ;1724,192;1726,082;6,440;2;1
2/2;3691;2020-06-17 00:00:00;17072;LH;верх;1729,122;1724,073;4,930;4;1
2/2;3692;2020-06-17 02:00:00;17074;LL;низ;1722,846;1726,158;6,276;2;1
2/2;3693;2020-06-17 06:00:00;17078;HH;верх;1729,547;1720,231;6,701;4;1
2/2;3694;2020-06-17 09:00:00;17081;LL;низ;1712,780;1717,542;16,767;3;1
2/2;3695;2020-06-18 00:00:00;17095;HH;верх;1730,478;1726,470;17,698;14;3
2/2;3696;2020-06-18 02:00:00;17097;HL;низ;1723,933;1727,152;6,545;2;1
2/2;3697;2020-06-18 09:00:00;17104;HH;верх;1737,826;1722,179;13,893;7;2
2/2;3698;2020-06-18 14:00:00;17109;LL;низ;1717,695;1723,362;20,131;5;1
2/2;3699;2020-06-18 19:00:00;17114;LH;верх;1725,604;1723,748;7,909;5;1
2/2;3700;2020-06-18 22:00:00;17116;HL;низ;1721,646;1723,852;3,958;2;1
2/2;3701;2020-06-19 06:00:00;17124;HH;верх;1733,062;1730,200;11,416;8;1
2/2;3702;2020-06-19 09:00:00;17127;HL;низ;1727,746;1733,903;5,316;3;1
2/2;3703;2020-06-22 01:00:00;17142;HH;верх;1758,678;1752,611;30,932;15;2
2/2;3704;2020-06-22 07:00:00;17148;HL;низ;1742,680;1749,096;15,998;6;2
2/2;3705;2020-06-22 14:00:00;17155;HH;верх;1763,130;1755,020;20,450;7;1
2/2;3706;2020-06-22 15:00:00;17156;HL;низ;1749,710;1756,642;13,420;1;1
2/2;3707;2020-06-22 19:00:00;17160;LH;верх;1758,674;1755,076;8,964;4;1
2/2;3708;2020-06-22 19:00:00;17160;HL;низ;1751,872;1755,076;6,802;0;1
2/2;3709;2020-06-23 01:00:00;17165;HH;верх;1760,554;1751,762;8,682;5;1
2/2;3710;2020-06-23 07:00:00;17171;LL;низ;1747,566;1757,662;12,988;6;2
2/2;3711;2020-06-23 20:00:00;17184;HH;верх;1770,942;1768,811;23,376;13;2
2/2;3712;2020-06-23 23:00:00;17186;HL;низ;1766,506;1769,878;4,436;2;1
2/2;3713;2020-06-24 00:00:00;17187;HH;верх;1773,554;1768,172;7,048;1;2
2/2;3714;2020-06-24 06:00:00;17193;LL;низ;1765,348;1775,216;8,206;6;1
2/2;3715;2020-06-24 10:00:00;17197;HH;верх;1779,446;1766,952;14,098;4;1
2/2;3716;2020-06-24 13:00:00;17200;LL;низ;1762,012;1767,330;17,434;3;1
2/2;3717;2020-06-24 15:00:00;17202;LH;верх;1776,278;1765,684;14,266;2;1
2/2;3718;2020-06-24 22:00:00;17208;LL;низ;1754,250;1764,492;22,028;6;2
2/2;3719;2020-06-25 00:00:00;17210;LH;верх;1766,235;1760,970;11,985;2;1
2/2;3720;2020-06-25 02:00:00;17212;HL;низ;1758,566;1762,334;7,669;2;2
2/2;3721;2020-06-25 06:00:00;17216;HH;верх;1769,000;1763,008;10,434;4;1
2/2;3722;2020-06-25 12:00:00;17222;LL;низ;1755,560;1759,942;13,440;6;1
2/2;3723;2020-06-25 13:00:00;17223;LH;верх;1766,810;1760,997;11,250;1;3
2/2;3724;2020-06-26 05:00:00;17238;HL;низ;1758,306;1763,524;8,504;15;1
2/2;3725;2020-06-26 08:00:00;17241;HH;верх;1766,883;1762,329;8,577;3;2
2/2;3726;2020-06-26 14:00:00;17247;LL;низ;1747,572;1767,646;19,311;6;1
2/2;3727;2020-06-28 22:00:00;17254;HH;верх;1775,692;1774,526;28,120;7;2
2/2;3728;2020-06-29 02:00:00;17258;HL;низ;1767,870;1774,196;7,822;4;1
2/2;3729;2020-06-29 05:00:00;17261;LH;верх;1775,155;1769,180;7,285;3;1
2/2;3730;2020-06-29 08:00:00;17264;LL;низ;1767,398;1772,514;7,757;3;1
2/2;3731;2020-06-29 11:00:00;17267;LH;верх;1773,512;1771,870;6,114;3;1
2/2;3732;2020-06-29 12:00:00;17268;LL;низ;1765,944;1773,088;7,568;1;1
2/2;3733;2020-06-29 15:00:00;17271;HH;верх;1774,318;1769,952;8,374;3;1
2/2;3734;2020-06-29 16:00:00;17272;HL;низ;1767,462;1771,628;6,856;1;1
2/2;3735;2020-06-29 23:00:00;17278;LH;верх;1773,828;1771,034;6,366;6;1
2/2;3736;2020-06-30 00:00:00;17279;HL;низ;1768,842;1772,116;4,986;1;2
2/2;3737;2020-06-30 06:00:00;17285;HH;верх;1773,856;1771,870;5,014;6;1
2/2;3738;2020-06-30 11:00:00;17290;LL;низ;1764,646;1771,024;9,210;5;1
2/2;3739;2020-06-30 15:00:00;17294;HH;верх;1786,023;1780,060;21,377;4;1
2/2;3740;2020-06-30 18:00:00;17297;HL;низ;1779,520;1780,872;6,503;3;1
2/2;3741;2020-06-30 23:00:00;17301;LH;верх;1784,668;1781,868;5,148;4;1
2/2;3742;2020-07-01 00:00:00;17302;HL;низ;1780,218;1782,860;4,450;1;1
2/2;3743;2020-07-01 07:00:00;17309;HH;верх;1789,265;1787,109;9,047;7;1
2/2;3744;2020-07-01 15:00:00;17317;LL;низ;1759,284;1769,122;29,981;8;1
2/2;3745;2020-07-01 19:00:00;17321;LH;верх;1773,150;1769,928;13,866;4;1
2/2;3746;2020-07-02 01:00:00;17326;HL;низ;1765,949;1769,107;7,201;5;1
2/2;3747;2020-07-02 02:00:00;17327;LH;верх;1770,602;1767,937;4,653;1;1
2/2;3748;2020-07-02 05:00:00;17330;LL;низ;1764,538;1769,334;6,064;3;1
2/2;3749;2020-07-02 10:00:00;17335;HH;верх;1774,609;1760,398;10,071;5;1
2/2;3750;2020-07-02 13:00:00;17338;LL;низ;1757,665;1778,132;16,944;3;1
2/2;3751;2020-07-02 15:00:00;17340;HH;верх;1779,690;1777,062;22,025;2;1
2/2;3752;2020-07-03 00:00:00;17348;HL;низ;1773,138;1776,913;6,552;8;2
2/2;3753;2020-07-03 03:00:00;17351;LH;верх;1777,122;1774,453;3,984;3;1
2/2;3754;2020-07-03 05:00:00;17353;LL;низ;1772,776;1775,563;4,346;2;1
2/2;3755;2020-07-03 11:00:00;17359;HH;верх;1777,192;1774,052;4,416;6;2
2/2;3756;2020-07-03 14:00:00;17362;HL;низ;1773,308;1775,086;3,884;3;1
2/2;3757;2020-07-03 16:00:00;17364;LH;верх;1776,352;1775,522;3,044;2;1
2/2;3758;2020-07-05 22:00:00;17365;LL;низ;1772,696;1775,822;3,656;1;1
2/2;3759;2020-07-06 00:00:00;17367;HH;верх;1776,756;1773,959;4,060;2;1
2/2;3760;2020-07-06 02:00:00;17369;LL;низ;1770,100;1772,498;6,656;2;2
2/2;3761;2020-07-07 01:00:00;17391;HH;верх;1787,388;1784,812;17,288;22;3
2/2;3762;2020-07-07 09:00:00;17399;HL;низ;1773,788;1777,994;13,600;8;2
2/2;3763;2020-07-07 19:00:00;17409;HH;верх;1797,415;1794,820;23,627;10;2
2/2;3764;2020-07-08 02:00:00;17415;HL;низ;1791,529;1795,131;5,886;6;2
2/2;3765;2020-07-08 14:00:00;17427;HH;верх;1818,092;1812,651;26,563;12;1
2/2;3766;2020-07-08 18:00:00;17431;HL;низ;1806,785;1809,006;11,307;4;1
2/2;3767;2020-07-08 22:00:00;17434;LH;верх;1810,911;1807,064;4,126;3;1
2/2;3768;2020-07-09 00:00:00;17436;LL;низ;1806,038;1809,168;4,873;2;1
2/2;3769;2020-07-09 08:00:00;17444;HH;верх;1816,064;1808,561;10,026;8;1
2/2;3770;2020-07-09 12:00:00;17448;LL;низ;1805,088;1806,266;10,976;4;1
2/2;3771;2020-07-09 14:00:00;17450;LH;верх;1815,431;1800,102;10,343;2;1
2/2;3772;2020-07-09 15:00:00;17451;LL;низ;1795,734;1801,212;19,697;1;1
2/2;3773;2020-07-09 19:00:00;17455;LH;верх;1805,111;1803,788;9,377;4;1
2/2;3774;2020-07-10 05:00:00;17464;HL;низ;1796,034;1799,590;9,077;9;1
2/2;3775;2020-07-10 12:00:00;17471;HH;верх;1810,692;1802,435;14,658;7;1
2/2;3776;2020-07-10 16:00:00;17475;LL;низ;1794,246;1799,878;16,446;4;2
2/2;3777;2020-07-13 13:00:00;17495;HH;верх;1813,472;1807,422;19,226;20;2
2/2;3778;2020-07-13 14:00:00;17496;HL;низ;1802,144;1809,823;11,328;1;1
2/2;3779;2020-07-13 17:00:00;17499;LH;верх;1811,716;1802,318;9,572;3;1
2/2;3780;2020-07-14 01:00:00;17506;LL;низ;1795,986;1797,801;15,730;7;3
2/2;3781;2020-07-14 06:00:00;17511;LH;верх;1802,508;1801,458;6,522;5;1
2/2;3782;2020-07-14 10:00:00;17515;LL;низ;1790,766;1801,470;11,742;4;1
2/2;3783;2020-07-14 19:00:00;17524;HH;верх;1810,918;1808,194;20,152;9;1
2/2;3784;2020-07-14 19:00:00;17524;HL;низ;1807,046;1808,194;3,872;0;1
2/2;3785;2020-07-15 00:00:00;17528;HH;верх;1811,466;1809,786;4,420;4;1
2/2;3786;2020-07-15 05:00:00;17533;LL;низ;1805,946;1811,844;5,520;5;2
2/2;3787;2020-07-15 08:00:00;17536;HH;верх;1815,236;1807,980;9,290;3;1
2/2;3788;2020-07-15 13:00:00;17541;LL;низ;1802,473;1810,394;12,763;5;1
2/2;3789;2020-07-15 16:00:00;17544;LH;верх;1813,524;1811,800;11,051;3;1
2/2;3790;2020-07-15 20:00:00;17548;HL;низ;1810,190;1813,180;3,334;4;1
2/2;3791;2020-07-16 00:00:00;17551;LH;верх;1813,494;1809,726;3,304;3;1
2/2;3792;2020-07-16 02:00:00;17553;LL;низ;1808,336;1811,250;5,158;2;1
2/2;3793;2020-07-16 04:00:00;17555;LH;верх;1811,448;1807,099;3,112;2;1
2/2;3794;2020-07-16 09:00:00;17560;LL;низ;1803,033;1805,756;8,415;5;1
2/2;3795;2020-07-16 12:00:00;17563;LH;верх;1809,040;1808,258;6,007;3;1
2/2;3796;2020-07-16 19:00:00;17570;LL;низ;1795,118;1797,752;13,922;7;2
2/2;3797;2020-07-17 01:00:00;17575;LH;верх;1799,583;1799,172;4,465;5;1
2/2;3798;2020-07-17 01:00:00;17575;HL;низ;1795,990;1799,172;3,593;0;1
2/2;3799;2020-07-17 16:00:00;17590;HH;верх;1811,924;1810,990;15,934;15;2
2/2;3800;2020-07-20 01:00:00;17598;HL;низ;1805,878;1807,906;6,046;8;2
2/2;3801;2020-07-20 14:00:00;17611;HH;верх;1820,648;1816,146;14,770;13;3
2/2;3802;2020-07-21 01:00:00;17621;HL;низ;1815,852;1819,770;4,796;10;1
2/2;3803;2020-07-21 03:00:00;17623;LH;верх;1820,214;1818,970;4,362;2;1
2/2;3804;2020-07-21 05:00:00;17625;HL;низ;1817,347;1822,410;2,867;2;1
2/2;3805;2020-07-21 17:00:00;17637;HH;верх;1843,476;1840,978;26,129;12;2
2/2;3806;2020-07-21 19:00:00;17639;HL;низ;1839,073;1842,385;4,403;2;1
2/2;3807;2020-07-22 01:00:00;17644;HH;верх;1865,836;1857,244;26,763;5;1
2/2;3808;2020-07-22 04:00:00;17647;HL;низ;1854,466;1860,003;11,370;3;1
2/2;3809;2020-07-22 07:00:00;17650;LH;верх;1861,252;1856,242;6,786;3;1
2/2;3810;2020-07-22 09:00:00;17652;LL;низ;1846,519;1859,765;14,733;2;1
2/2;3811;2020-07-22 12:00:00;17655;HH;верх;1863,367;1855,906;16,848;3;1
2/2;3812;2020-07-22 13:00:00;17656;HL;низ;1847,361;1864,294;16,006;1;1
2/2;3813;2020-07-23 00:00:00;17666;HH;верх;1876,711;1865,796;29,350;10;2
2/2;3814;2020-07-23 02:00:00;17668;HL;низ;1863,849;1868,696;12,862;2;1
2/2;3815;2020-07-23 08:00:00;17674;HH;верх;1888,806;1882,464;24,957;6;1
2/2;3816;2020-07-23 13:00:00;17679;HL;низ;1869,984;1896,802;18,822;5;1
2/2;3817;2020-07-23 15:00:00;17681;HH;верх;1898,374;1888,620;28,390;2;1
2/2;3818;2020-07-23 18:00:00;17684;HL;низ;1879,107;1887,534;19,267;3;1
2/2;3819;2020-07-23 22:00:00;17687;LH;верх;1890,410;1887,132;11,303;3;1
2/2;3820;2020-07-24 00:00:00;17689;HL;низ;1881,586;1889,706;8,824;2;1
2/2;3821;2020-07-24 04:00:00;17693;LH;верх;1890,267;1888,705;8,681;4;1
2/2;3822;2020-07-24 05:00:00;17694;HL;низ;1882,356;1896,654;7,911;1;1
2/2;3823;2020-07-24 08:00:00;17697;HH;верх;1898,121;1890,652;15,765;3;1
2/2;3824;2020-07-24 10:00:00;17699;HL;низ;1887,280;1896,963;10,841;2;1
2/2;3825;2020-07-27 10:00:00;17722;HH;верх;1945,284;1932,230;58,004;23;3
2/2;3826;2020-07-27 12:00:00;17724;HL;низ;1931,318;1943,554;13,966;2;1
2/2;3827;2020-07-27 14:00:00;17726;HH;верх;1945,646;1935,082;14,328;2;1
2/2;3828;2020-07-27 16:00:00;17728;HL;низ;1931,898;1935,363;13,748;2;2
2/2;3829;2020-07-28 01:00:00;17736;HH;верх;1981,356;1944,092;49,458;8;1
2/2;3830;2020-07-28 07:00:00;17742;LL;низ;1907,066;1929,912;74,290;6;2
2/2;3831;2020-07-28 14:00:00;17749;LH;верх;1956,724;1946,986;49,658;7;1
2/2;3832;2020-07-28 22:00:00;17756;HL;низ;1949,505;1957,178;7,219;7;1
2/2;3833;2020-07-29 00:00:00;17758;HH;верх;1964,332;1950,778;14,827;2;1
2/2;3834;2020-07-29 03:00:00;17761;LL;низ;1947,978;1952,754;16,354;3;2
2/2;3835;2020-07-29 13:00:00;17771;LH;верх;1962,042;1958,486;14,064;10;2
2/2;3836;2020-07-29 14:00:00;17772;LL;низ;1941,526;1960,380;20,516;1;1
2/2;3837;2020-07-29 18:00:00;17776;HH;верх;1980,842;1970,910;39,316;4;1
2/2;3838;2020-07-29 19:00:00;17777;HL;низ;1951,600;1969,495;29,242;1;1
2/2;3839;2020-07-29 22:00:00;17779;LH;верх;1971,650;1966,736;20,050;2;2
2/2;3840;2020-07-30 09:00:00;17790;LL;низ;1945,114;1953,717;26,536;11;1
2/2;3841;2020-07-30 13:00:00;17794;LH;верх;1961,950;1948,820;16,836;4;1
2/2;3842;2020-07-30 15:00:00;17796;LL;низ;1939,339;1954,255;22,611;2;1
2/2;3843;2020-07-31 07:00:00;17811;HH;верх;1983,102;1974,714;43,763;15;2
2/2;3844;2020-07-31 13:00:00;17817;HL;низ;1959,962;1972,944;23,140;6;1
2/2;3845;2020-08-02 22:00:00;17825;HH;верх;1986,765;1976,344;26,803;8;2
2/2;3846;2020-08-02 22:00:00;17825;HL;низ;1960,540;1976,344;26,225;0;2
2/2;3847;2020-08-03 06:00:00;17833;LH;верх;1977,535;1973,464;16,995;8;1
2/2;3848;2020-08-03 14:00:00;17841;HL;низ;1960,670;1970,764;16,865;8;3
2/2;3849;2020-08-03 22:00:00;17848;HH;верх;1977,902;1972,926;17,232;7;2
2/2;3850;2020-08-03 22:00:00;17848;HL;низ;1971,992;1972,926;5,910;0;1
2/2;3851;2020-08-04 01:00:00;17851;HH;верх;1978,699;1974,166;6,707;3;1
2/2;3852;2020-08-04 04:00:00;17854;LL;низ;1971,610;1973,170;7,089;3;2
2/2;3853;2020-08-04 07:00:00;17857;HH;верх;1979,025;1974,834;7,415;3;1
2/2;3854;2020-08-04 11:00:00;17861;LL;низ;1966,855;1976,261;12,170;4;1
2/2;3855;2020-08-05 00:00:00;17873;HH;верх;2031,137;2015,638;64,282;12;1
2/2;3856;2020-08-05 02:00:00;17875;HL;низ;2009,676;2022,867;21,461;2;1
2/2;3857;2020-08-05 10:00:00;17883;HH;верх;2044,934;2035,320;35,258;8;1
2/2;3858;2020-08-05 12:00:00;17885;HL;низ;2030,604;2042,868;14,330;2;1
2/2;3859;2020-08-05 14:00:00;17887;HH;верх;2055,926;2032,329;25,322;2;1
2/2;3860;2020-08-05 16:00:00;17889;LL;низ;2028,694;2040,036;27,232;2;1
2/2;3861;2020-08-05 19:00:00;17892;LH;верх;2044,706;2038,062;16,012;3;1
2/2;3862;2020-08-06 00:00:00;17896;HL;низ;2034,652;2040,084;10,054;4;1
2/2;3863;2020-08-06 06:00:00;17902;HH;верх;2054,102;2046,662;19,450;6;2
2/2;3864;2020-08-06 08:00:00;17904;HL;низ;2041,140;2050,750;12,962;2;1
2/2;3865;2020-08-06 14:00:00;17910;HH;верх;2069,816;2060,507;28,676;6;1
2/2;3866;2020-08-06 15:00:00;17911;HL;низ;2049,572;2056,741;20,244;1;2
2/2;3867;2020-08-06 22:00:00;17917;HH;верх;2075,282;2067,665;25,710;6;2
2/2;3868;2020-08-07 04:00:00;17923;HL;низ;2051,000;2057,516;24,282;6;1
2/2;3869;2020-08-07 06:00:00;17925;LH;верх;2064,872;2060,750;13,872;2;2
2/2;3870;2020-08-07 17:00:00;17936;LL;низ;2015,531;2030,992;49,341;11;1
2/2;3871;2020-08-07 18:00:00;17937;LH;верх;2037,207;2035,230;21,676;1;1
2/2;3872;2020-08-09 22:00:00;17940;HL;низ;2019,300;2034,399;17,907;3;1
2/2;3873;2020-08-10 01:00:00;17943;LH;верх;2036,328;2029,412;17,028;3;1
2/2;3874;2020-08-10 04:00:00;17946;HL;низ;2027,356;2030,237;8,972;3;1
2/2;3875;2020-08-10 09:00:00;17951;LH;верх;2035,594;2031,294;8,238;5;1
2/2;3876;2020-08-10 11:00:00;17953;HL;низ;2028,060;2047,570;7,534;2;1
2/2;3877;2020-08-10 14:00:00;17956;HH;верх;2049,915;2030,959;21,855;3;1
2/2;3878;2020-08-10 18:00:00;17960;LL;низ;2019,562;2027,745;30,353;4;1
2/2;3879;2020-08-10 23:00:00;17964;LH;верх;2030,108;2021,828;10,546;4;1
2/2;3880;2020-08-11 20:00:00;17985;LL;низ;1901,616;1909,329;128,492;21;3
2/2;3881;2020-08-11 22:00:00;17986;LH;верх;1929,482;1923,872;27,866;1;1
2/2;3882;2020-08-12 04:00:00;17992;LL;низ;1862,899;1914,136;66,583;6;1
2/2;3883;2020-08-12 08:00:00;17996;HH;верх;1949,502;1932,394;86,603;4;1
2/2;3884;2020-08-12 11:00:00;17999;HL;низ;1922,333;1937,833;27,169;3;1
2/2;3885;2020-08-12 16:00:00;18004;LH;верх;1949,277;1928,218;26,944;5;1
2/2;3886;2020-08-12 19:00:00;18007;LL;низ;1907,114;1915,806;42,163;3;1
2/2;3887;2020-08-13 01:00:00;18012;LH;верх;1942,840;1935,302;35,726;5;1
2/2;3888;2020-08-13 04:00:00;18015;HL;низ;1921,684;1933,963;21,156;3;1
2/2;3889;2020-08-13 08:00:00;18019;LH;верх;1937,262;1933,318;15,578;4;1
2/2;3890;2020-08-13 12:00:00;18023;LL;низ;1920,512;1947,403;16,750;4;1
2/2;3891;2020-08-13 17:00:00;18028;HH;верх;1966,420;1952,612;45,908;5;1
2/2;3892;2020-08-13 18:00:00;18029;HL;низ;1937,832;1953,570;28,588;1;1
2/2;3893;2020-08-13 23:00:00;18033;LH;верх;1962,432;1953,377;24,600;4;1
2/2;3894;2020-08-14 02:00:00;18036;HL;низ;1945,212;1953,102;17,220;3;1
2/2;3895;2020-08-14 05:00:00;18039;LH;верх;1957,152;1947,900;11,940;3;1
2/2;3896;2020-08-14 06:00:00;18040;LL;низ;1938,938;1948,906;18,214;1;3
2/2;3897;2020-08-14 13:00:00;18047;LH;верх;1956,566;1943,739;17,628;7;1
2/2;3898;2020-08-14 17:00:00;18051;LL;низ;1932,320;1943,151;24,246;4;1
2/2;3899;2020-08-16 22:00:00;18055;LH;верх;1951,424;1938,114;19,104;4;2
2/2;3900;2020-08-17 00:00:00;18057;LL;низ;1929,648;1940,802;21,776;2;1
2/2;3901;2020-08-17 07:00:00;18064;HH;верх;1957,262;1951,404;27,614;7;1
2/2;3902;2020-08-17 09:00:00;18066;HL;низ;1947,952;1955,138;9,310;2;1
2/2;3903;2020-08-17 17:00:00;18074;HH;верх;1991,091;1984,326;43,139;8;2
2/2;3904;2020-08-17 19:00:00;18076;HL;низ;1979,668;1981,585;11,423;2;1
2/2;3905;2020-08-17 20:00:00;18077;LH;верх;1985,714;1983,764;6,046;1;1
2/2;3906;2020-08-18 00:00:00;18080;HL;низ;1980,766;1992,338;4,948;3;1
2/2;3907;2020-08-18 07:00:00;18087;HH;верх;2010,217;2007,404;29,451;7;2
2/2;3908;2020-08-18 11:00:00;18091;HL;низ;2001,326;2005,118;8,891;4;1
2/2;3909;2020-08-18 13:00:00;18093;HH;верх;2015,726;2002,426;14,400;2;1
2/2;3910;2020-08-18 14:00:00;18094;LL;низ;1976,038;2006,902;39,688;1;1
2/2;3911;2020-08-18 16:00:00;18096;LH;верх;2010,229;2004,196;34,191;2;1
2/2;3912;2020-08-19 07:00:00;18110;HL;низ;1980,590;1987,170;29,639;14;3
2/2;3913;2020-08-19 08:00:00;18111;LH;верх;1998,390;1987,746;17,800;1;1
2/2;3914;2020-08-19 11:00:00;18114;HL;низ;1981,452;1985,102;16,938;3;1
2/2;3915;2020-08-19 13:00:00;18116;LH;верх;1995,474;1963,309;14,022;2;1
2/2;3916;2020-08-19 15:00:00;18118;LL;низ;1954,034;1966,306;41,440;2;1
2/2;3917;2020-08-19 18:00:00;18121;LH;верх;1974,511;1929,572;20,477;3;1
2/2;3918;2020-08-19 20:00:00;18123;LL;низ;1924,778;1927,838;49,733;2;2
2/2;3919;2020-08-20 04:00:00;18130;LH;верх;1955,470;1942,272;30,692;7;1
2/2;3920;2020-08-20 10:00:00;18136;HL;низ;1924,864;1934,240;30,606;6;1
2/2;3921;2020-08-20 12:00:00;18138;LH;верх;1947,692;1944,810;22,828;2;1
2/2;3922;2020-08-20 13:00:00;18139;HL;низ;1926,231;1946,640;21,461;1;1
2/2;3923;2020-08-20 15:00:00;18141;HH;верх;1951,692;1940,190;25,461;2;1
2/2;3924;2020-08-20 17:00:00;18143;HL;низ;1937,545;1952,700;14,147;2;1
2/2;3925;2020-08-21 00:00:00;18149;HH;верх;1956,087;1946,876;18,542;6;2
2/2;3926;2020-08-21 01:00:00;18150;HL;низ;1940,886;1950,061;15,201;1;1
2/2;3927;2020-08-21 04:00:00;18153;LH;верх;1951,728;1948,895;10,842;3;1
2/2;3928;2020-08-21 12:00:00;18161;LL;низ;1911,586;1944,966;40,142;8;2
2/2;3929;2020-08-21 15:00:00;18164;LH;верх;1945,835;1939,042;34,249;3;2
2/2;3930;2020-08-23 22:00:00;18170;HL;низ;1930,007;1934,926;15,828;6;2
2/2;3931;2020-08-24 02:00:00;18174;LH;верх;1937,060;1933,582;7,053;4;1
2/2;3932;2020-08-24 04:00:00;18176;HL;низ;1930,824;1934,940;6,236;2;1
2/2;3933;2020-08-24 12:00:00;18184;HH;верх;1961,893;1930,750;31,069;8;1
2/2;3934;2020-08-24 19:00:00;18191;LL;низ;1923,931;1929,018;37,962;7;2
2/2;3935;2020-08-25 03:00:00;18198;LH;верх;1937,739;1931,238;13,808;7;1
2/2;3936;2020-08-25 05:00:00;18200;HL;низ;1929,598;1935,176;8,141;2;1
2/2;3937;2020-08-25 07:00:00;18202;LH;верх;1936,068;1923,584;6,470;2;1
2/2;3938;2020-08-25 09:00:00;18204;LL;низ;1921,651;1925,548;14,417;2;1
2/2;3939;2020-08-25 11:00:00;18206;LH;верх;1931,908;1923,626;10,257;2;1
2/2;3940;2020-08-25 15:00:00;18210;LL;низ;1914,389;1921,448;17,519;4;1
2/2;3941;2020-08-25 22:00:00;18216;LH;верх;1931,342;1926,534;16,953;6;1
2/2;3942;2020-08-26 01:00:00;18219;HL;низ;1924,062;1925,466;7,280;3;1
2/2;3943;2020-08-26 02:00:00;18220;HH;верх;1931,640;1923,366;7,578;1;1
2/2;3944;2020-08-26 07:00:00;18225;LL;низ;1913,820;1919,820;17,820;5;1
2/2;3945;2020-08-26 08:00:00;18226;LH;верх;1924,072;1918,678;10,252;1;1
2/2;3946;2020-08-26 12:00:00;18230;LL;низ;1902,726;1938,523;21,346;4;1
2/2;3947;2020-08-26 22:00:00;18239;HH;верх;1954,814;1950,268;52,088;9;1
2/2;3948;2020-08-27 06:00:00;18247;HL;низ;1937,132;1942,638;17,682;8;2
2/2;3949;2020-08-27 13:00:00;18254;HH;верх;1977,187;1928,852;40,055;7;2
2/2;3950;2020-08-27 14:00:00;18255;LL;низ;1910,190;1920,714;66,997;1;1
2/2;3951;2020-08-27 18:00:00;18259;LH;верх;1935,196;1929,271;25,006;4;1
2/2;3952;2020-08-28 00:00:00;18264;HL;низ;1923,188;1935,844;12,008;5;1
2/2;3953;2020-08-28 12:00:00;18276;HH;верх;1964,792;1961,710;41,604;12;1
2/2;3954;2020-08-28 13:00:00;18277;HL;низ;1950,864;1968,529;13,928;1;1
2/2;3955;2020-08-28 16:00:00;18280;HH;верх;1973,898;1967,086;23,034;3;1
2/2;3956;2020-08-28 18:00:00;18282;HL;низ;1960,511;1965,026;13,387;2;1
2/2;3957;2020-08-30 23:00:00;18286;HH;верх;1976,776;1972,192;16,265;4;1
2/2;3958;2020-08-31 07:00:00;18294;LL;низ;1954,416;1964,785;22,360;8;4
2/2;3959;2020-08-31 16:00:00;18303;LH;верх;1975,102;1971,096;20,686;9;1
2/2;3960;2020-08-31 23:00:00;18309;HL;низ;1965,338;1976,459;9,764;6;3
2/2;3961;2020-09-01 07:00:00;18317;HH;верх;1992,565;1988,008;27,227;8;1
2/2;3962;2020-09-01 10:00:00;18320;HL;низ;1984,092;1989,134;8,473;3;1
2/2;3963;2020-09-01 12:00:00;18322;LH;верх;1991,866;1977,201;7,774;2;1
2/2;3964;2020-09-01 18:00:00;18328;LL;низ;1963,354;1970,486;28,512;6;2
2/2;3965;2020-09-02 00:00:00;18333;LH;верх;1973,334;1965,048;9,980;5;1
2/2;3966;2020-09-02 07:00:00;18340;LL;низ;1956,160;1970,440;17,174;7;2
2/2;3967;2020-09-02 09:00:00;18342;LH;верх;1971,972;1959,250;15,812;2;1
2/2;3968;2020-09-02 16:00:00;18349;LL;низ;1932,681;1941,474;39,291;7;1
2/2;3969;2020-09-02 19:00:00;18352;LH;верх;1945,734;1941,878;13,053;3;1
2/2;3970;2020-09-02 22:00:00;18354;HL;низ;1939,854;1944,566;5,880;2;1
2/2;3971;2020-09-03 02:00:00;18358;HH;верх;1951,178;1937,708;11,324;4;1
2/2;3972;2020-09-03 07:00:00;18363;LL;низ;1927,228;1931,102;23,950;5;2
2/2;3973;2020-09-03 13:00:00;18369;LH;верх;1946,019;1926,532;18,791;6;1
2/2;3974;2020-09-03 15:00:00;18371;LL;низ;1921,905;1930,652;24,114;2;1
2/2;3975;2020-09-03 18:00:00;18374;LH;верх;1938,464;1930,673;16,559;3;1
2/2;3976;2020-09-03 23:00:00;18378;HL;низ;1925,795;1939,674;12,669;4;1
2/2;3977;2020-09-04 02:00:00;18381;HH;верх;1942,300;1936,672;16,505;3;1
2/2;3978;2020-09-04 06:00:00;18385;HL;низ;1930,850;1939,922;11,450;4;1
2/2;3979;2020-09-04 12:00:00;18391;HH;верх;1949,496;1924,618;18,646;6;2
2/2;3980;2020-09-04 13:00:00;18392;LL;низ;1916,696;1920,951;32,800;1;1
2/2;3981;2020-09-04 18:00:00;18397;LH;верх;1938,724;1934,024;22,028;5;2
2/2;3982;2020-09-06 22:00:00;18400;HL;низ;1931,014;1933,062;7,710;3;2
2/2;3983;2020-09-07 02:00:00;18404;HH;верх;1941,477;1935,142;10,463;4;1
2/2;3984;2020-09-07 05:00:00;18407;LL;низ;1927,872;1931,436;13,605;3;1
2/2;3985;2020-09-07 08:00:00;18410;LH;верх;1934,292;1927,110;6,420;3;1
2/2;3986;2020-09-07 10:00:00;18412;LL;низ;1924,636;1929,416;9,656;2;1
2/2;3987;2020-09-07 13:00:00;18415;LH;верх;1932,789;1930,911;8,153;3;1
2/2;3988;2020-09-07 14:00:00;18416;LL;низ;1924,636;1928,448;8,153;1;1
2/2;3989;2020-09-08 00:00:00;18421;LH;верх;1932,318;1926,434;7,682;5;1
2/2;3990;2020-09-08 03:00:00;18424;LL;низ;1922,870;1931,662;9,448;3;1
2/2;3991;2020-09-08 06:00:00;18427;HH;верх;1935,582;1923,623;12,712;3;1
2/2;3992;2020-09-08 13:00:00;18434;LL;низ;1906,628;1927,714;28,954;7;1
2/2;3993;2020-09-08 17:00:00;18438;HH;верх;1940,856;1930,943;34,228;4;1
2/2;3994;2020-09-09 01:00:00;18445;HL;низ;1923,160;1930,096;17,696;7;2
2/2;3995;2020-09-09 05:00:00;18449;LH;верх;1934,417;1931,986;11,257;4;1
2/2;3996;2020-09-09 06:00:00;18450;HL;низ;1923,910;1931,827;10,507;1;1
2/2;3997;2020-09-09 08:00:00;18452;LH;верх;1934,362;1922,620;10,452;2;1
2/2;3998;2020-09-09 11:00:00;18455;LL;низ;1920,169;1947,534;14,193;3;1
2/2;3999;2020-09-09 19:00:00;18463;HH;верх;1950,852;1946,510;30,683;8;2
2/2;4000;2020-09-09 22:00:00;18465;HL;низ;1944,254;1946,870;6,598;2;1
2/2;4001;2020-09-10 01:00:00;18468;LH;верх;1950,744;1946,734;6,490;3;1
2/2;4002;2020-09-10 02:00:00;18469;LL;низ;1943,716;1946,716;7,028;1;1
2/2;4003;2020-09-10 06:00:00;18473;LH;верх;1949,405;1946,339;5,689;4;1
2/2;4004;2020-09-10 07:00:00;18474;LL;низ;1942,406;1949,204;6,999;1;2
2/2;4005;2020-09-10 14:00:00;18481;HH;верх;1966,570;1954,063;24,164;7;1
2/2;4006;2020-09-10 19:00:00;18486;LL;низ;1941,478;1945,618;25,092;5;1
2/2;4007;2020-09-11 01:00:00;18491;LH;верх;1949,313;1940,550;7,835;5;1
2/2;4008;2020-09-11 03:00:00;18493;LL;низ;1937,242;1942,234;12,071;2;2
2/2;4009;2020-09-11 13:00:00;18503;HH;верх;1954,773;1950,012;17,531;10;1
2/2;4010;2020-09-13 22:00:00;18511;HL;низ;1937,250;1940,274;17,523;8;2
2/2;4011;2020-09-14 03:00:00;18516;LH;верх;1951,743;1947,663;14,493;5;1
2/2;4012;2020-09-14 11:00:00;18524;HL;низ;1940,026;1958,404;11,717;8;2
2/2;4013;2020-09-14 15:00:00;18528;HH;верх;1962,535;1955,320;22,509;4;1
2/2;4014;2020-09-14 17:00:00;18530;HL;низ;1953,241;1957,774;9,294;2;1
2/2;4015;2020-09-14 19:00:00;18532;LH;верх;1959,220;1957,266;5,979;2;1
2/2;4016;2020-09-15 00:00:00;18536;HL;низ;1955,252;1963,159;3,968;4;1
2/2;4017;2020-09-15 05:00:00;18541;HH;верх;1969,192;1962,096;13,940;5;1
2/2;4018;2020-09-15 07:00:00;18543;HL;низ;1960,303;1964,384;8,889;2;1
2/2;4019;2020-09-15 11:00:00;18547;HH;верх;1972,221;1956,232;11,918;4;1
2/2;4020;2020-09-15 14:00:00;18550;LL;низ;1948,468;1958,090;23,753;3;1
2/2;4021;2020-09-15 17:00:00;18553;LH;верх;1958,916;1953,629;10,448;3;1
2/2;4022;2020-09-16 01:00:00;18560;HL;низ;1949,914;1959,422;9,002;7;3
2/2;4023;2020-09-16 08:00:00;18567;HH;верх;1968,816;1965,896;18,902;7;1
2/2;4024;2020-09-16 11:00:00;18570;HL;низ;1961,750;1963,846;7,066;3;1
2/2;4025;2020-09-16 13:00:00;18572;HH;верх;1973,782;1967,001;12,032;2;1
2/2;4026;2020-09-16 14:00:00;18573;LL;низ;1956,620;1965,352;17,162;1;1
2/2;4027;2020-09-16 18:00:00;18577;LH;верх;1970,159;1959,590;13,539;4;1
2/2;4028;2020-09-16 18:00:00;18577;LL;низ;1952,889;1959,590;17,270;0;1
2/2;4029;2020-09-16 23:00:00;18581;LH;верх;1960,987;1946,870;8,098;4;1
2/2;4030;2020-09-17 03:00:00;18585;LL;низ;1937,838;1944,224;23,149;4;1
2/2;4031;2020-09-17 06:00:00;18588;LH;верх;1947,524;1944,948;9,686;3;1
2/2;4032;2020-09-17 09:00:00;18591;LL;низ;1936,998;1948,083;10,526;3;1
2/2;4033;2020-09-17 11:00:00;18593;HH;верх;1948,890;1940,382;11,892;2;1
2/2;4034;2020-09-17 13:00:00;18595;LL;низ;1932,886;1943,870;16,004;2;1
2/2;4035;2020-09-18 01:00:00;18606;HH;верх;1955,643;1952,070;22,757;11;3
2/2;4036;2020-09-18 06:00:00;18611;HL;низ;1950,819;1955,498;4,824;5;1
2/2;4037;2020-09-18 08:00:00;18613;HH;верх;1956,167;1951,775;5,348;2;1
2/2;4038;2020-09-18 13:00:00;18618;LL;низ;1945,248;1952,924;10,919;5;1
2/2;4039;2020-09-18 17:00:00;18622;HH;верх;1960,134;1950,824;14,886;4;1
2/2;4040;2020-09-20 22:00:00;18626;HL;низ;1946,723;1951,028;13,411;4;1
2/2;4041;2020-09-21 01:00:00;18629;LH;верх;1955,624;1953,196;8,901;3;3
2/2;4042;2020-09-21 09:00:00;18637;LL;низ;1928,222;1933,096;27,402;8;1
2/2;4043;2020-09-21 12:00:00;18640;LH;верх;1934,623;1896,705;6,401;3;1
2/2;4044;2020-09-21 14:00:00;18642;LL;низ;1882,428;1902,826;52,195;2;1
2/2;4045;2020-09-22 00:00:00;18651;LH;верх;1920,057;1908,904;37,629;9;1
2/2;4046;2020-09-22 02:00:00;18653;HL;низ;1906,868;1916,140;13,189;2;1
2/2;4047;2020-09-22 04:00:00;18655;LH;верх;1916,404;1906,632;9,536;2;1
2/2;4048;2020-09-22 07:00:00;18658;LL;низ;1894,700;1903,702;21,704;3;1
2/2;4049;2020-09-22 13:00:00;18664;HH;верх;1917,635;1899,990;22,935;6;1
2/2;4050;2020-09-22 15:00:00;18666;HL;низ;1896,932;1904,214;20,703;2;1
2/2;4051;2020-09-22 18:00:00;18669;LH;верх;1907,134;1900,038;10,202;3;1
2/2;4052;2020-09-22 23:00:00;18673;HL;низ;1897,866;1903,091;9,268;4;1
2/2;4053;2020-09-23 00:00:00;18674;LH;верх;1905,438;1900,188;7,572;1;1
2/2;4054;2020-09-23 08:00:00;18682;LL;низ;1873,228;1892,140;32,210;8;1
2/2;4055;2020-09-23 10:00:00;18684;LH;верх;1895,046;1881,850;21,818;2;2
2/2;4056;2020-09-23 23:00:00;18696;LL;низ;1853,842;1862,089;41,204;12;1
2/2;4057;2020-09-24 01:00:00;18698;LH;верх;1868,926;1856,262;15,084;2;1
2/2;4058;2020-09-24 06:00:00;18703;LL;низ;1848,974;1853,972;19,952;5;1
2/2;4059;2020-09-24 08:00:00;18705;LH;верх;1861,477;1857,323;12,503;2;1
2/2;4060;2020-09-24 09:00:00;18706;LL;низ;1848,842;1858,355;12,635;1;2
2/2;4061;2020-09-24 17:00:00;18714;HH;верх;1877,119;1868,758;28,277;8;1
2/2;4062;2020-09-24 19:00:00;18716;HL;низ;1861,828;1867,687;15,291;2;1
2/2;4063;2020-09-24 22:00:00;18718;LH;верх;1871,572;1868,087;9,744;2;1
2/2;4064;2020-09-25 01:00:00;18721;HL;низ;1862,078;1869,350;9,494;3;2
2/2;4065;2020-09-25 07:00:00;18727;HH;верх;1875,220;1866,392;13,142;6;1
2/2;4066;2020-09-25 14:00:00;18734;LL;низ;1852,619;1862,150;22,601;7;2
2/2;4067;2020-09-25 19:00:00;18739;LH;верх;1866,798;1865,110;14,179;5;2
2/2;4068;2020-09-28 01:00:00;18744;HL;низ;1857,812;1861,292;8,986;5;2
2/2;4069;2020-09-28 04:00:00;18747;LH;верх;1864,158;1859,736;6,346;3;1
2/2;4070;2020-09-28 08:00:00;18751;LL;низ;1848,801;1857,938;15,357;4;1
2/2;4071;2020-09-29 01:00:00;18767;HH;верх;1887,329;1882,946;38,528;16;2
2/2;4072;2020-09-29 05:00:00;18771;HL;низ;1875,684;1883,310;11,645;4;1
2/2;4073;2020-09-29 11:00:00;18777;HH;верх;1890,181;1886,202;14,497;6;1
2/2;4074;2020-09-29 12:00:00;18778;HL;низ;1877,529;1886,910;12,652;1;1
2/2;4075;2020-09-29 23:00:00;18788;HH;верх;1899,184;1894,614;21,655;10;2
2/2;4076;2020-09-30 09:00:00;18798;HL;низ;1881,524;1884,012;17,660;10;1
2/2;4077;2020-09-30 12:00:00;18801;HH;верх;1900,056;1892,158;18,532;3;1
2/2;4078;2020-09-30 13:00:00;18802;HL;низ;1881,738;1896,259;18,318;1;1
2/2;4079;2020-09-30 15:00:00;18804;HH;верх;1902,349;1893,168;20,611;2;1
2/2;4080;2020-10-01 00:00:00;18812;HL;низ;1884,720;1892,462;17,629;8;2
2/2;4081;2020-10-01 07:00:00;18819;LH;верх;1900,390;1897,535;15,670;7;1
2/2;4082;2020-10-01 09:00:00;18821;HL;низ;1893,386;1900,632;7,004;2;1
2/2;4083;2020-10-01 12:00:00;18824;HH;верх;1909,336;1904,212;15,950;3;1
2/2;4084;2020-10-01 14:00:00;18826;HL;низ;1896,432;1908,570;12,904;2;1
2/2;4085;2020-10-01 15:00:00;18827;HH;верх;1912,662;1906,520;16,230;1;1
2/2;4086;2020-10-02 05:00:00;18840;LL;низ;1889,866;1909,613;22,796;13;1
2/2;4087;2020-10-02 06:00:00;18841;HH;верх;1917,165;1906,092;27,299;1;1
2/2;4088;2020-10-02 08:00:00;18843;HL;низ;1905,392;1907,779;11,773;2;1
2/2;4089;2020-10-02 12:00:00;18847;LH;верх;1912,094;1903,973;6,702;4;1
2/2;4090;2020-10-02 13:00:00;18848;LL;низ;1898,202;1900,634;13,892;1;2
2/2;4091;2020-10-02 19:00:00;18854;LH;верх;1904,820;1900,452;6,618;6;1
2/2;4092;2020-10-05 07:00:00;18865;LL;низ;1887,132;1900,856;17,688;11;2
2/2;4093;2020-10-05 14:00:00;18872;HH;верх;1918,694;1916,334;31,562;7;1
2/2;4094;2020-10-05 19:00:00;18877;HL;низ;1910,822;1912,669;7,872;5;1
2/2;4095;2020-10-06 01:00:00;18882;LH;верх;1914,665;1912,064;3,843;5;1
2/2;4096;2020-10-06 02:00:00;18883;LL;низ;1908,390;1912,333;6,275;1;1
2/2;4097;2020-10-06 07:00:00;18888;LH;верх;1914,622;1912,481;6,232;5;1
2/2;4098;2020-10-06 08:00:00;18889;LL;низ;1906,770;1913,318;7,852;1;1
2/2;4099;2020-10-06 13:00:00;18894;HH;верх;1921,277;1902,232;14,507;5;2
2/2;4100;2020-10-07 01:00:00;18905;LL;низ;1872,898;1883,020;48,379;11;2
2/2;4101;2020-10-07 07:00:00;18911;LH;верх;1898,066;1888,365;25,168;6;1
2/2;4102;2020-10-07 11:00:00;18915;HL;низ;1882,708;1883,346;15,358;4;1
2/2;4103;2020-10-07 12:00:00;18916;LH;верх;1891,928;1883,702;9,220;1;1
2/2;4104;2020-10-07 14:00:00;18918;LL;низ;1879,302;1886,574;12,626;2;1
2/2;4105;2020-10-08 01:00:00;18928;LH;верх;1889,316;1885,288;10,014;10;3
2/2;4106;2020-10-08 03:00:00;18930;HL;низ;1883,544;1888,804;5,772;2;1
2/2;4107;2020-10-08 13:00:00;18940;HH;верх;1900,687;1888,817;17,143;10;2
2/2;4108;2020-10-08 17:00:00;18944;LL;низ;1882,000;1894,355;18,687;4;2
2/2;4109;2020-10-09 03:00:00;18953;HH;верх;1912,972;1908,470;30,972;9;1
2/2;4110;2020-10-09 06:00:00;18956;HL;низ;1905,763;1915,269;7,209;3;1
2/2;4111;2020-10-09 14:00:00;18964;HH;верх;1929,319;1923,506;23,556;8;1
2/2;4112;2020-10-09 16:00:00;18966;HL;низ;1919,622;1928,260;9,697;2;1
2/2;4113;2020-10-11 23:00:00;18972;HH;верх;1933,292;1927,313;13,670;6;1
2/2;4114;2020-10-12 01:00:00;18974;HL;низ;1921,670;1927,402;11,622;2;1
2/2;4115;2020-10-12 05:00:00;18978;LH;верх;1932,062;1926,299;10,392;4;1
2/2;4116;2020-10-12 11:00:00;18984;LL;низ;1918,643;1924,200;13,419;6;1
2/2;4117;2020-10-12 12:00:00;18985;LH;верх;1928,459;1924,521;9,816;1;1
2/2;4118;2020-10-12 14:00:00;18987;HL;низ;1919,335;1924,949;9,124;2;2
2/2;4119;2020-10-12 23:00:00;18995;LH;верх;1925,508;1916,828;6,173;8;1
2/2;4120;2020-10-13 04:00:00;19000;LL;низ;1910,418;1916,465;15,090;5;1
2/2;4121;2020-10-13 08:00:00;19004;LH;верх;1925,034;1921,118;14,616;4;2
2/2;4122;2020-10-13 14:00:00;19010;LL;низ;1886,578;1891,438;38,456;6;2
2/2;4123;2020-10-13 19:00:00;19015;LH;верх;1895,238;1892,076;8,660;5;1
2/2;4124;2020-10-14 01:00:00;19020;LL;низ;1882,434;1896,223;12,804;5;1
2/2;4125;2020-10-14 03:00:00;19022;HH;верх;1897,864;1895,206;15,430;2;1
2/2;4126;2020-10-14 05:00:00;19024;HL;низ;1892,601;1895,589;5,263;2;2
2/2;4127;2020-10-14 13:00:00;19032;HH;верх;1912,962;1903,292;20,361;8;1
2/2;4128;2020-10-14 16:00:00;19035;HL;низ;1899,847;1902,783;13,115;3;1
2/2;4129;2020-10-14 19:00:00;19038;LH;верх;1904,653;1899,376;4,806;3;1
2/2;4130;2020-10-15 01:00:00;19043;LL;низ;1892,092;1898,341;12,561;5;1
2/2;4131;2020-10-15 07:00:00;19049;LH;верх;1903,704;1896,786;11,612;6;1
2/2;4132;2020-10-15 12:00:00;19054;LL;низ;1889,644;1899,748;14,060;5;2
2/2;4133;2020-10-15 20:00:00;19062;HH;верх;1908,999;1906,573;19,355;8;1
2/2;4134;2020-10-16 00:00:00;19065;HL;низ;1905,180;1908,426;3,819;3;1
2/2;4135;2020-10-16 01:00:00;19066;HH;верх;1910,574;1906,072;5,394;1;1
2/2;4136;2020-10-16 06:00:00;19071;LL;низ;1902,936;1909,914;7,638;5;1
2/2;4137;2020-10-16 12:00:00;19077;HH;верх;1914,046;1902,278;11,110;6;2
2/2;4138;2020-10-16 15:00:00;19080;LL;низ;1897,878;1902,026;16,168;3;1
2/2;4139;2020-10-16 17:00:00;19082;LH;верх;1904,704;1899,559;6,826;2;1
2/2;4140;2020-10-16 20:00:00;19085;HL;низ;1897,987;1900,896;6,717;3;1
2/2;4141;2020-10-19 01:00:00;19089;LH;верх;1902,920;1901,154;4,933;4;1
2/2;4142;2020-10-19 01:00:00;19089;LL;низ;1897,166;1901,154;5,754;0;1
2/2;4143;2020-10-19 12:00:00;19100;HH;верх;1918,540;1908,585;21,374;11;1
2/2;4144;2020-10-19 14:00:00;19102;HL;низ;1902,933;1909,828;15,607;2;1
2/2;4145;2020-10-19 17:00:00;19105;LH;верх;1910,464;1901,004;7,531;3;1
2/2;4146;2020-10-19 19:00:00;19107;LL;низ;1900,694;1903,576;9,770;2;1
2/2;4147;2020-10-19 22:00:00;19109;LH;верх;1905,247;1903,446;4,553;2;2
2/2;4148;2020-10-20 02:00:00;19113;LL;низ;1894,605;1901,371;10,642;4;1
2/2;4149;2020-10-20 06:00:00;19117;LH;верх;1904,174;1901,760;9,569;4;1
2/2;4150;2020-10-20 06:00:00;19117;HL;низ;1898,929;1901,760;5,245;0;1
2/2;4151;2020-10-20 14:00:00;19125;HH;верх;1912,344;1908,866;13,415;8;2
2/2;4152;2020-10-20 14:00:00;19125;LL;низ;1897,738;1908,866;14,606;0;1
2/2;4153;2020-10-20 18:00:00;19129;HH;верх;1914,125;1907,169;16,387;4;1
2/2;4154;2020-10-20 20:00:00;19131;HL;низ;1906,724;1910,812;7,401;2;1
2/2;4155;2020-10-21 02:00:00;19136;HH;верх;1920,483;1919,077;13,759;5;1
2/2;4156;2020-10-21 06:00:00;19140;HL;низ;1915,089;1915,688;5,394;4;1
2/2;4157;2020-10-21 08:00:00;19142;HH;верх;1922,848;1918,226;7,759;2;1
2/2;4158;2020-10-21 09:00:00;19143;LL;низ;1914,631;1916,332;8,217;1;1
2/2;4159;2020-10-21 14:00:00;19148;HH;верх;1931,401;1925,074;16,770;5;1
2/2;4160;2020-10-21 15:00:00;19149;HL;низ;1920,214;1924,737;11,187;1;2
2/2;4161;2020-10-21 22:00:00;19155;LH;верх;1925,940;1921,428;5,726;6;1
2/2;4162;2020-10-22 02:00:00;19159;LL;низ;1910,918;1913,642;15,022;4;1
2/2;4163;2020-10-22 07:00:00;19164;LH;верх;1920,484;1917,962;9,566;5;1
2/2;4164;2020-10-22 14:00:00;19171;LL;низ;1894,775;1900,615;25,709;7;1
2/2;4165;2020-10-22 22:00:00;19178;LH;верх;1907,534;1903,246;12,759;7;2
2/2;4166;2020-10-23 00:00:00;19180;HL;низ;1901,438;1906,927;6,096;2;1
2/2;4167;2020-10-23 03:00:00;19183;HH;верх;1907,844;1904,876;6,406;3;1
2/2;4168;2020-10-23 06:00:00;19186;HL;низ;1902,829;1911,062;5,015;3;1
2/2;4169;2020-10-23 12:00:00;19192;HH;верх;1914,359;1897,958;11,530;6;2
2/2;4170;2020-10-23 14:00:00;19194;LL;низ;1894,483;1901,069;19,876;2;1
2/2;4171;2020-10-23 17:00:00;19197;LH;верх;1905,584;1903,822;11,101;3;2
2/2;4172;2020-10-25 22:00:00;19201;LL;низ;1891,508;1900,251;14,076;4;1
2/2;4173;2020-10-26 01:00:00;19204;LH;верх;1902,518;1898,391;11,010;3;1
2/2;4174;2020-10-26 05:00:00;19208;HL;низ;1894,961;1900,412;7,557;4;1
2/2;4175;2020-10-26 14:00:00;19217;HH;верх;1908,594;1904,144;13,633;9;1
2/2;4176;2020-10-26 15:00:00;19218;HL;низ;1898,962;1902,639;9,632;1;1
2/2;4177;2020-10-27 02:00:00;19228;HH;верх;1910,455;1907,776;11,493;10;2
2/2;4178;2020-10-27 09:00:00;19235;LL;низ;1897,914;1902,903;12,541;7;1
2/2;4179;2020-10-27 15:00:00;19241;HH;верх;1911,354;1908,750;13,440;6;1
2/2;4180;2020-10-28 00:00:00;19249;HL;низ;1902,513;1905,710;8,841;8;1
2/2;4181;2020-10-28 01:00:00;19250;LH;верх;1908,334;1906,897;5,821;1;1
2/2;4182;2020-10-28 03:00:00;19252;HL;низ;1904,577;1908,394;3,757;2;1
2/2;4183;2020-10-28 06:00:00;19255;HH;верх;1910,826;1904,132;6,249;3;1
2/2;4184;2020-10-28 15:00:00;19264;LL;низ;1869,460;1881,106;41,366;9;1
2/2;4185;2020-10-28 16:00:00;19265;LH;верх;1884,287;1876,988;14,827;1;1
2/2;4186;2020-10-28 20:00:00;19269;HL;низ;1875,165;1879,740;9,122;4;1
2/2;4187;2020-10-29 00:00:00;19272;LH;верх;1880,224;1878,496;5,059;3;1
2/2;4188;2020-10-29 01:00:00;19273;HL;низ;1875,954;1881,918;4,270;1;1
2/2;4189;2020-10-29 06:00:00;19278;HH;верх;1885,054;1877,662;9,100;5;1
2/2;4190;2020-10-29 13:00:00;19285;LL;низ;1860,080;1867,972;24,974;7;1
2/2;4191;2020-10-29 14:00:00;19286;LH;верх;1876,780;1868,401;16,700;1;2
2/2;4192;2020-10-30 01:00:00;19296;HL;низ;1864,396;1876,279;12,384;10;2
2/2;4193;2020-10-30 03:00:00;19298;HH;верх;1878,138;1868,991;13,742;2;1
2/2;4194;2020-10-30 06:00:00;19301;HL;низ;1866,730;1869,538;11,408;3;1
2/2;4195;2020-10-30 13:00:00;19308;HH;верх;1889,756;1879,472;23,026;7;1
2/2;4196;2020-11-02 01:00:00;19318;HL;низ;1873,504;1882,580;16,252;10;2
2/2;4197;2020-11-02 02:00:00;19319;LH;верх;1885,645;1880,480;12,141;1;1
2/2;4198;2020-11-02 04:00:00;19321;HL;низ;1879,894;1884,160;5,751;2;2
2/2;4199;2020-11-02 13:00:00;19330;HH;верх;1893,136;1891,184;13,242;9;2
2/2;4200;2020-11-02 14:00:00;19331;HL;низ;1885,872;1893,246;7,264;1;1
2/2;4201;2020-11-03 02:00:00;19342;HH;верх;1898,545;1891,792;12,673;11;2
2/2;4202;2020-11-03 07:00:00;19347;HL;низ;1887,096;1899,300;11,449;5;2
2/2;4203;2020-11-03 18:00:00;19358;HH;верх;1910,633;1906,220;23,537;11;2
2/2;4204;2020-11-03 19:00:00;19359;HL;низ;1904,440;1909,810;6,193;1;1
2/2;4205;2020-11-04 00:00:00;19363;HH;верх;1916,484;1893,650;12,044;4;1
2/2;4206;2020-11-04 01:00:00;19364;LL;низ;1882,212;1896,948;34,272;1;3
2/2;4207;2020-11-04 13:00:00;19376;LH;верх;1912,318;1902,476;30,106;12;1
2/2;4208;2020-11-04 18:00:00;19381;HL;низ;1893,296;1904,878;19,022;5;2
2/2;4209;2020-11-05 01:00:00;19387;LH;верх;1909,817;1907,346;16,521;6;2
2/2;4210;2020-11-05 05:00:00;19391;HL;низ;1905,628;1911,104;4,189;4;2
2/2;4211;2020-11-05 16:00:00;19402;HH;верх;1952,786;1947,039;47,158;11;2
2/2;4212;2020-11-06 04:00:00;19413;HL;низ;1935,722;1941,124;17,064;11;1
2/2;4213;2020-11-06 14:00:00;19423;HH;верх;1960,386;1952,118;24,664;10;1
2/2;4214;2020-11-06 15:00:00;19424;HL;низ;1941,320;1951,722;19,066;1;1
2/2;4215;2020-11-06 19:00:00;19428;LH;верх;1955,318;1951,193;13,998;4;1
2/2;4216;2020-11-06 21:00:00;19430;HL;низ;1950,906;1954,093;4,412;2;1
2/2;4217;2020-11-09 05:00:00;19437;HH;верх;1965,572;1956,979;14,666;7;2
2/2;4218;2020-11-09 07:00:00;19439;HL;низ;1953,625;1958,686;11,947;2;1
2/2;4219;2020-11-09 08:00:00;19440;LH;верх;1963,266;1958,856;9,641;1;1
2/2;4220;2020-11-09 16:00:00;19448;LL;низ;1850,530;1861,178;112,736;8;2
2/2;4221;2020-11-10 07:00:00;19462;LH;верх;1890,513;1878,912;39,983;14;1
2/2;4222;2020-11-10 11:00:00;19466;HL;низ;1867,524;1877,590;22,989;4;1
2/2;4223;2020-11-10 15:00:00;19470;LH;верх;1885,372;1881,905;17,848;4;1
2/2;4224;2020-11-10 21:00:00;19476;HL;низ;1872,074;1879,013;13,298;6;1
2/2;4225;2020-11-11 06:00:00;19484;LH;верх;1884,473;1878,413;12,399;8;2
2/2;4226;2020-11-11 07:00:00;19485;HL;низ;1874,636;1881,310;9,837;1;1
2/2;4227;2020-11-11 10:00:00;19488;LH;верх;1881,987;1870,856;7,351;3;1
2/2;4228;2020-11-11 14:00:00;19492;LL;низ;1856,448;1864,692;25,539;4;2
2/2;4229;2020-11-12 05:00:00;19506;LH;верх;1872,731;1868,739;16,283;14;1
2/2;4230;2020-11-12 08:00:00;19509;HL;низ;1863,318;1868,381;9,413;3;1
2/2;4231;2020-11-12 09:00:00;19510;HH;верх;1873,006;1870,576;9,688;1;1
2/2;4232;2020-11-12 13:00:00;19514;HL;низ;1867,614;1879,032;5,392;4;1
2/2;4233;2020-11-12 15:00:00;19516;HH;верх;1883,878;1877,473;16,264;2;1
2/2;4234;2020-11-12 20:00:00;19521;HL;низ;1874,154;1876,030;9,724;5;2
2/2;4235;2020-11-13 01:00:00;19525;LH;верх;1882,008;1877,072;7,854;4;1
2/2;4236;2020-11-13 09:00:00;19533;HL;низ;1875,965;1879,294;6,043;8;2
2/2;4237;2020-11-13 14:00:00;19538;HH;верх;1896,882;1891,172;20,917;5;1
2/2;4238;2020-11-13 19:00:00;19543;HL;низ;1884,743;1889,565;12,139;5;1
2/2;4239;2020-11-16 02:00:00;19549;HH;верх;1899,112;1895,676;14,369;6;1
2/2;4240;2020-11-16 07:00:00;19554;HL;низ;1887,559;1894,336;11,553;5;1
2/2;4241;2020-11-16 09:00:00;19556;LH;верх;1895,268;1869,628;7,709;2;1
2/2;4242;2020-11-16 11:00:00;19558;LL;низ;1864,541;1886,113;30,727;2;1
2/2;4243;2020-11-16 17:00:00;19564;HH;верх;1896,022;1886,300;31,481;6;1
2/2;4244;2020-11-16 20:00:00;19567;HL;низ;1885,181;1889,954;10,841;3;1
2/2;4245;2020-11-17 03:00:00;19573;LH;верх;1892,502;1886,950;7,321;6;1
2/2;4246;2020-11-17 06:00:00;19576;LL;низ;1884,339;1890,844;8,163;3;1
2/2;4247;2020-11-17 13:00:00;19583;HH;верх;1893,536;1888,707;9,197;7;2
2/2;4248;2020-11-17 20:00:00;19590;LL;низ;1876,988;1882,708;16,548;7;2
2/2;4249;2020-11-18 00:00:00;19593;LH;верх;1883,272;1878,576;6,284;3;1
2/2;4250;2020-11-18 03:00:00;19596;LL;низ;1875,780;1879,806;7,492;3;2
2/2;4251;2020-11-18 08:00:00;19601;HH;верх;1884,782;1874,954;9,002;5;1
2/2;4252;2020-11-18 12:00:00;19605;LL;низ;1863,772;1875,818;21,010;4;1
2/2;4253;2020-11-18 15:00:00;19608;HH;верх;1884,856;1875,348;21,084;3;1
2/2;4254;2020-11-19 05:00:00;19621;LL;низ;1858,240;1863,740;26,616;13;3
2/2;4255;2020-11-19 09:00:00;19625;LH;верх;1865,756;1862,624;7,516;4;1
2/2;4256;2020-11-19 09:00:00;19625;LL;низ;1855,249;1862,624;10,507;0;1
2/2;4257;2020-11-19 12:00:00;19628;LH;верх;1865,078;1858,667;9,829;3;1
2/2;4258;2020-11-19 13:00:00;19629;LL;низ;1852,792;1860,172;12,286;1;1
2/2;4259;2020-11-19 21:00:00;19637;HH;верх;1867,788;1863,106;14,996;8;2
2/2;4260;2020-11-19 23:00:00;19638;HL;низ;1860,967;1865,055;6,821;1;1
2/2;4261;2020-11-20 06:00:00;19645;HH;верх;1869,861;1867,390;8,894;7;2
2/2;4262;2020-11-20 07:00:00;19646;HL;низ;1861,060;1867,150;8,801;1;2
2/2;4263;2020-11-20 15:00:00;19654;HH;верх;1879,818;1872,396;18,758;8;1
2/2;4264;2020-11-20 17:00:00;19656;HL;низ;1871,470;1873,725;8,348;2;1
2/2;4265;2020-11-20 19:00:00;19658;LH;верх;1874,848;1870,987;3,378;2;1
2/2;4266;2020-11-22 23:00:00;19661;LL;низ;1868,925;1873,286;5,923;3;1
2/2;4267;2020-11-23 01:00:00;19663;HH;верх;1876,024;1873,254;7,099;2;1
2/2;4268;2020-11-23 02:00:00;19664;HL;низ;1870,588;1873,738;5,436;1;1
2/2;4269;2020-11-23 06:00:00;19668;HH;верх;1876,139;1869,158;5,551;4;2
2/2;4270;2020-11-23 16:00:00;19678;LL;низ;1831,073;1839,558;45,066;10;1
2/2;4271;2020-11-23 18:00:00;19680;LH;верх;1841,132;1836,119;10,059;2;1
2/2;4272;2020-11-24 03:00:00;19688;LL;низ;1821,373;1826,585;19,759;8;1
2/2;4273;2020-11-24 07:00:00;19692;LH;верх;1833,064;1825,680;11,691;4;1
2/2;4274;2020-11-24 15:00:00;19700;LL;низ;1800,424;1805,060;32,640;8;1
2/2;4275;2020-11-24 18:00:00;19703;LH;верх;1808,340;1807,502;7,916;3;1
2/2;4276;2020-11-25 00:00:00;19708;HL;низ;1805,390;1809,242;2,950;5;1
2/2;4277;2020-11-25 01:00:00;19709;HH;верх;1812,170;1803,914;6,780;1;1
2/2;4278;2020-11-25 04:00:00;19712;LL;низ;1801,806;1805,738;10,364;3;1
2/2;4279;2020-11-25 08:00:00;19716;HH;верх;1815,235;1808,736;13,429;4;1
2/2;4280;2020-11-25 11:00:00;19719;HL;низ;1806,636;1814,289;8,599;3;1
2/2;4281;2020-11-25 14:00:00;19722;HH;верх;1817,771;1810,149;11,135;3;1
2/2;4282;2020-11-25 19:00:00;19727;LL;низ;1804,334;1807,846;13,437;5;1
2/2;4283;2020-11-26 01:00:00;19732;LH;верх;1812,757;1810,924;8,423;5;1
2/2;4284;2020-11-26 05:00:00;19736;HL;низ;1806,862;1815,079;5,895;4;1
2/2;4285;2020-11-26 07:00:00;19738;HH;верх;1818,336;1814,048;11,474;2;1
2/2;4286;2020-11-26 10:00:00;19741;HL;низ;1811,159;1813,234;7,177;3;1
2/2;4287;2020-11-26 13:00:00;19744;LH;верх;1815,297;1809,863;4,138;3;1
2/2;4288;2020-11-26 14:00:00;19745;LL;низ;1805,857;1808,678;9,440;1;1
2/2;4289;2020-11-27 01:00:00;19751;LH;верх;1813,868;1809,322;8,011;6;2
2/2;4290;2020-11-27 05:00:00;19755;LL;низ;1802,932;1810,062;10,936;4;1
2/2;4291;2020-11-27 08:00:00;19758;LH;верх;1811,505;1807,520;8,573;3;1
2/2;4292;2020-11-27 14:00:00;19764;LL;низ;1774,410;1784,758;37,095;6;1
2/2;4293;2020-11-29 23:00:00;19769;LH;верх;1789,937;1783,044;15,527;5;2
2/2;4294;2020-11-30 02:00:00;19772;LL;низ;1764,570;1769,947;25,367;3;2
2/2;4295;2020-11-30 07:00:00;19777;LH;верх;1783,914;1774,166;19,344;5;1
2/2;4296;2020-11-30 10:00:00;19780;HL;низ;1764,668;1768,792;19,246;3;1
2/2;4297;2020-11-30 17:00:00;19787;HH;верх;1784,534;1781,042;19,866;7;1
2/2;4298;2020-11-30 21:00:00;19791;HL;низ;1775,520;1778,270;9,014;4;1
2/2;4299;2020-12-01 14:00:00;19807;HH;верх;1815,270;1810,504;39,750;16;1
2/2;4300;2020-12-01 15:00:00;19808;HL;низ;1805,046;1813,051;10,224;1;1
2/2;4301;2020-12-01 18:00:00;19811;HH;верх;1817,362;1814,526;12,316;3;2
2/2;4302;2020-12-02 05:00:00;19821;HL;низ;1807,543;1815,797;9,819;10;3
2/2;4303;2020-12-02 10:00:00;19826;HH;верх;1832,518;1820,532;24,975;5;1
2/2;4304;2020-12-02 13:00:00;19829;HL;низ;1812,782;1826,580;19,736;3;1
2/2;4305;2020-12-02 23:00:00;19838;LH;верх;1831,841;1826,572;19,059;9;2
2/2;4306;2020-12-03 01:00:00;19840;HL;низ;1826,224;1835,400;5,617;2;1
2/2;4307;2020-12-03 03:00:00;19842;HH;верх;1837,450;1834,478;11,226;2;1
2/2;4308;2020-12-03 06:00:00;19845;HL;низ;1830,702;1840,821;6,748;3;1
2/2;4309;2020-12-03 08:00:00;19847;HH;верх;1843,586;1839,340;12,884;2;1
2/2;4310;2020-12-03 10:00:00;19849;HL;низ;1834,859;1841,419;8,727;2;1
2/2;4311;2020-12-03 12:00:00;19851;HH;верх;1843,984;1831,765;9,125;2;1
2/2;4312;2020-12-03 16:00:00;19855;LL;низ;1823,772;1837,666;20,212;4;2
2/2;4313;2020-12-04 03:00:00;19865;HH;верх;1844,835;1838,668;21,063;10;2
2/2;4314;2020-12-04 08:00:00;19870;HL;низ;1837,912;1839,804;6,923;5;1
2/2;4315;2020-12-04 14:00:00;19876;HH;верх;1848,202;1833,319;10,290;6;2
2/2;4316;2020-12-04 15:00:00;19877;LL;низ;1829,276;1834,238;18,926;1;2
2/2;4317;2020-12-07 06:00:00;19891;LH;верх;1842,537;1828,034;13,261;14;2
2/2;4318;2020-12-07 08:00:00;19893;LL;низ;1822,253;1831,748;20,284;2;1
2/2;4319;2020-12-07 16:00:00;19901;HH;верх;1868,576;1862,099;46,323;8;2
2/2;4320;2020-12-07 22:00:00;19907;HL;низ;1856,950;1863,860;11,626;6;1
2/2;4321;2020-12-08 04:00:00;19913;HH;верх;1871,878;1867,246;14,928;6;1
2/2;4322;2020-12-08 11:00:00;19920;HL;низ;1860,352;1864,852;11,526;7;2
2/2;4323;2020-12-08 14:00:00;19923;HH;верх;1875,306;1869,434;14,954;3;2
2/2;4324;2020-12-09 04:00:00;19936;LL;низ;1855,698;1860,244;19,608;13;1
2/2;4325;2020-12-09 09:00:00;19941;LH;верх;1866,277;1853,820;10,579;5;1
2/2;4326;2020-12-09 11:00:00;19943;LL;низ;1851,636;1859,108;14,641;2;1
2/2;4327;2020-12-09 13:00:00;19945;LH;верх;1864,198;1848,188;12,562;2;1
2/2;4328;2020-12-09 18:00:00;19950;LL;низ;1825,579;1838,202;38,619;5;2
2/2;4329;2020-12-10 02:00:00;19957;LH;верх;1842,520;1840,312;16,941;7;2
2/2;4330;2020-12-10 09:00:00;19964;HL;низ;1828,770;1835,144;13,750;7;1
2/2;4331;2020-12-10 14:00:00;19969;HH;верх;1850,015;1837,372;21,245;5;2
2/2;4332;2020-12-10 18:00:00;19973;HL;низ;1830,282;1835,633;19,733;4;1
2/2;4333;2020-12-11 02:00:00;19980;LH;верх;1840,750;1837,628;10,468;7;3
2/2;4334;2020-12-11 11:00:00;19989;LL;низ;1824,184;1840,106;16,566;9;1
2/2;4335;2020-12-11 15:00:00;19993;HH;верх;1847,751;1842,052;23,567;4;1
2/2;4336;2020-12-14 10:00:00;20011;LL;низ;1819,418;1823,970;28,333;18;3
2/2;4337;2020-12-14 14:00:00;20015;LH;верх;1839,104;1825,595;19,686;4;1
2/2;4338;2020-12-14 16:00:00;20017;HL;низ;1822,282;1827,751;16,822;2;1
2/2;4339;2020-12-14 18:00:00;20019;LH;верх;1830,371;1828,240;8,089;2;1
2/2;4340;2020-12-14 20:00:00;20021;HL;низ;1824,587;1827,528;5,784;2;1
2/2;4341;2020-12-14 21:00:00;20022;LH;верх;1829,507;1826,686;4,920;1;1
2/2;4342;2020-12-15 01:00:00;20025;HL;низ;1825,568;1834,030;3,939;3;1
2/2;4343;2020-12-15 08:00:00;20032;HH;верх;1847,604;1846,402;22,036;7;1
2/2;4344;2020-12-15 12:00:00;20036;HL;низ;1842,494;1851,063;5,110;4;1
2/2;4345;2020-12-15 13:00:00;20037;HH;верх;1855,442;1848,331;12,948;1;1
2/2;4346;2020-12-15 16:00:00;20040;HL;низ;1844,690;1852,144;10,752;3;1
2/2;4347;2020-12-15 20:00:00;20044;LH;верх;1854,748;1852,474;10,058;4;1
2/2;4348;2020-12-16 00:00:00;20047;HL;низ;1851,036;1857,060;3,712;3;1
2/2;4349;2020-12-16 02:00:00;20049;HH;верх;1858,392;1857,016;7,356;2;1
2/2;4350;2020-12-16 08:00:00;20055;HL;низ;1853,204;1863,172;5,188;6;1
2/2;4351;2020-12-16 11:00:00;20058;HH;верх;1865,650;1851,859;12,446;3;1
2/2;4352;2020-12-16 19:00:00;20066;LL;низ;1844,844;1864,552;20,806;8;2
2/2;4353;2020-12-17 01:00:00;20071;HH;верх;1867,580;1864,140;22,736;5;2
2/2;4354;2020-12-17 02:00:00;20072;HL;низ;1862,129;1868,428;5,451;1;1
2/2;4355;2020-12-17 08:00:00;20078;HH;верх;1883,222;1874,981;21,093;6;1
2/2;4356;2020-12-17 10:00:00;20080;HL;низ;1872,060;1883,188;11,162;2;1
2/2;4357;2020-12-17 14:00:00;20084;HH;верх;1896,318;1884,604;24,258;4;1
2/2;4358;2020-12-17 18:00:00;20088;HL;низ;1882,692;1884,407;13,626;4;1
2/2;4359;2020-12-17 21:00:00;20091;LH;верх;1887,026;1882,617;4,334;3;1
2/2;4360;2020-12-18 01:00:00;20094;LL;низ;1878,616;1883,400;8,410;3;1
2/2;4361;2020-12-18 05:00:00;20098;LH;верх;1886,794;1880,944;8,178;4;1
2/2;4362;2020-12-18 08:00:00;20101;LL;низ;1877,494;1879,000;9,300;3;1
2/2;4363;2020-12-18 13:00:00;20106;HH;верх;1889,722;1886,122;12,228;5;1
2/2;4364;2020-12-18 14:00:00;20107;HL;низ;1877,678;1884,302;12,044;1;2
2/2;4365;2020-12-21 06:00:00;20122;HH;верх;1906,809;1896,580;29,131;15;2
2/2;4366;2020-12-21 10:00:00;20126;LL;низ;1855,148;1879,705;51,661;4;1
2/2;4367;2020-12-21 14:00:00;20130;LH;верх;1885,854;1880,440;30,706;4;1
2/2;4368;2020-12-21 20:00:00;20136;HL;низ;1874,034;1879,174;11,820;6;3
2/2;4369;2020-12-22 02:00:00;20141;LH;верх;1884,336;1880,772;10,302;5;1
2/2;4370;2020-12-22 07:00:00;20146;LL;низ;1866,794;1872,186;17,542;5;1
2/2;4371;2020-12-22 14:00:00;20153;LH;верх;1881,560;1865,090;14,766;7;1
2/2;4372;2020-12-22 20:00:00;20159;LL;низ;1859,032;1864,406;22,528;6;2
2/2;4373;2020-12-23 01:00:00;20163;LH;верх;1867,588;1864,904;8,556;4;1
2/2;4374;2020-12-23 06:00:00;20168;HL;низ;1863,238;1869,422;4,350;5;1
2/2;4375;2020-12-23 09:00:00;20171;HH;верх;1872,450;1865,043;9,212;3;1
2/2;4376;2020-12-23 12:00:00;20174;LL;низ;1857,132;1876,580;15,318;3;1
2/2;4377;2020-12-23 14:00:00;20176;HH;верх;1878,611;1874,556;21,479;2;1
2/2;4378;2020-12-23 20:00:00;20182;HL;низ;1869,956;1872,666;8,655;6;1
2/2;4379;2020-12-24 08:00:00;20193;HH;верх;1880,703;1872,772;10,747;11;2
2/2;4380;2020-12-24 14:00:00;20199;LL;низ;1869,582;1878,882;11,121;6;2
2/2;4381;2020-12-28 02:00:00;20207;HH;верх;1900,296;1894,746;30,714;8;1
2/2;4382;2020-12-28 11:00:00;20216;LL;низ;1869,309;1887,862;30,987;9;2
2/2;4383;2020-12-28 15:00:00;20220;LH;верх;1896,552;1876,654;27,243;4;1
2/2;4384;2020-12-28 21:00:00;20226;HL;низ;1871,198;1878,564;25,354;6;1
2/2;4385;2020-12-29 01:00:00;20229;LH;верх;1882,832;1879,734;11,634;3;1
2/2;4386;2020-12-29 02:00:00;20230;HL;низ;1875,236;1877,404;7,596;1;1
2/2;4387;2020-12-29 08:00:00;20236;HH;верх;1883,596;1877,744;8,360;6;1
2/2;4388;2020-12-29 10:00:00;20238;LL;низ;1874,342;1878,400;9,254;2;1
2/2;4389;2020-12-29 13:00:00;20241;LH;верх;1881,440;1879,236;7,098;3;1
2/2;4390;2020-12-29 15:00:00;20243;LL;низ;1871,868;1879,154;9,572;2;1
2/2;4391;2020-12-29 16:00:00;20244;HH;верх;1886,440;1877,936;14,572;1;1
2/2;4392;2020-12-29 19:00:00;20247;HL;низ;1876,725;1878,349;9,715;3;1
2/2;4393;2020-12-29 20:00:00;20248;LH;верх;1880,020;1878,854;3,295;1;1
2/2;4394;2020-12-29 23:00:00;20250;HL;низ;1877,045;1883,148;2,975;2;1
2/2;4395;2020-12-30 04:00:00;20255;HH;верх;1886,174;1882,198;9,129;5;1
2/2;4396;2020-12-30 13:00:00;20264;LL;низ;1876,199;1885,459;9,975;9;2
2/2;4397;2020-12-31 01:00:00;20275;HH;верх;1899,900;1889,156;23,701;11;1
2/2;4398;2020-12-31 05:00:00;20279;HL;низ;1885,528;1892,746;14,372;4;1
2/2;4399;2020-12-31 09:00:00;20283;LH;верх;1896,161;1894,108;10,633;4;1
2/2;4400;2020-12-31 14:00:00;20288;HL;низ;1891,924;1895,950;4,237;5;1
2/2;4401;2020-12-31 16:00:00;20290;HH;верх;1900,439;1893,873;8,515;2;1
2/2;4402;2020-12-31 18:00:00;20292;LL;низ;1890,472;1900,658;9,967;2;1
2/2;4403;2021-01-04 03:00:00;20300;HH;верх;1925,354;1921,791;34,882;8;1
2/2;4404;2021-01-04 05:00:00;20302;HL;низ;1919,117;1924,890;6,237;2;1
2/2;4405;2021-01-04 15:00:00;20312;HH;верх;1944,518;1937,168;25,401;10;2
2/2;4406;2021-01-04 15:00:00;20312;HL;низ;1929,416;1937,168;15,102;0;1
2/2;4407;2021-01-04 23:00:00;20319;HH;верх;1945,738;1937,523;16,322;7;1
2/2;4408;2021-01-05 01:00:00;20321;HL;низ;1934,443;1941,214;11,295;2;1
2/2;4409;2021-01-05 03:00:00;20323;LH;верх;1944,024;1938,511;9,581;2;1
2/2;4410;2021-01-05 04:00:00;20324;HL;низ;1936,781;1940,746;7,243;1;1
2/2;4411;2021-01-05 14:00:00;20334;HH;верх;1952,732;1950,761;15,951;10;1
2/2;4412;2021-01-05 15:00:00;20335;HL;низ;1939,133;1950,131;13,599;1;1
2/2;4413;2021-01-05 19:00:00;20339;HH;верх;1953,093;1950,076;13,960;4;1
2/2;4414;2021-01-05 21:00:00;20341;HL;низ;1947,806;1952,253;5,287;2;1
2/2;4415;2021-01-06 01:00:00;20344;HH;верх;1955,412;1942,269;7,606;3;1
2/2;4416;2021-01-06 04:00:00;20347;LL;низ;1941,486;1945,206;13,926;3;1
2/2;4417;2021-01-06 10:00:00;20353;HH;верх;1959,406;1934,028;17,920;6;1
2/2;4418;2021-01-06 16:00:00;20359;LL;низ;1900,900;1911,514;58,506;6;2
2/2;4419;2021-01-07 00:00:00;20366;LH;верх;1924,685;1916,288;23,785;7;1
2/2;4420;2021-01-07 02:00:00;20368;HL;низ;1914,869;1917,820;9,816;2;1
2/2;4421;2021-01-07 06:00:00;20372;HH;верх;1927,725;1918,048;12,856;4;1
2/2;4422;2021-01-07 10:00:00;20376;LL;низ;1908,950;1917,672;18,775;4;1
2/2;4423;2021-01-07 14:00:00;20380;LH;верх;1919,900;1913,239;10,950;4;1
2/2;4424;2021-01-07 14:00:00;20380;LL;низ;1906,982;1913,239;12,918;0;1
2/2;4425;2021-01-07 20:00:00;20386;LH;верх;1918,136;1916,695;11,154;6;1
2/2;4426;2021-01-07 21:00:00;20387;HL;низ;1912,824;1913,299;5,312;1;1
2/2;4427;2021-01-08 07:00:00;20396;LH;верх;1911,776;1891,973;1,048;9;1
2/2;4428;2021-01-08 08:00:00;20397;LL;низ;1877,740;1891,111;34,036;1;1
2/2;4429;2021-01-08 12:00:00;20401;LH;верх;1894,586;1865,076;16,846;4;1
2/2;4430;2021-01-08 18:00:00;20407;LL;низ;1828,276;1847,931;66,310;6;1
2/2;4431;2021-01-10 23:00:00;20411;LH;верх;1856,825;1828,818;28,549;4;1
2/2;4432;2021-01-11 01:00:00;20413;LL;низ;1817,160;1830,861;39,665;2;1
2/2;4433;2021-01-11 08:00:00;20420;LH;верх;1855,570;1852,068;38,410;7;1
2/2;4434;2021-01-11 14:00:00;20426;HL;низ;1829,124;1849,133;26,446;6;1
2/2;4435;2021-01-11 18:00:00;20430;LH;верх;1851,672;1845,278;22,548;4;1
2/2;4436;2021-01-11 21:00:00;20433;HL;низ;1843,509;1845,189;8,163;3;1
2/2;4437;2021-01-11 23:00:00;20434;LH;верх;1848,624;1845,989;5,115;1;1
2/2;4438;2021-01-12 01:00:00;20436;LL;низ;1841,394;1849,896;7,230;2;2
2/2;4439;2021-01-12 10:00:00;20445;HH;верх;1863,870;1859,810;22,476;9;1
2/2;4440;2021-01-12 14:00:00;20449;LL;низ;1836,767;1843,532;27,103;4;2
2/2;4441;2021-01-13 01:00:00;20459;LH;верх;1863,108;1859,417;26,341;10;3
2/2;4442;2021-01-13 09:00:00;20467;HL;низ;1849,483;1852,662;13,625;8;2
2/2;4443;2021-01-13 14:00:00;20472;LH;верх;1861,270;1857,495;11,787;5;1
2/2;4444;2021-01-13 21:00:00;20479;LL;низ;1842,094;1849,009;19,176;7;2
2/2;4445;2021-01-14 01:00:00;20482;LH;верх;1852,270;1839,284;10,176;3;1
2/2;4446;2021-01-14 02:00:00;20483;LL;низ;1829,486;1840,305;22,784;1;1
2/2;4447;2021-01-14 05:00:00;20486;LH;верх;1847,041;1842,374;17,555;3;1
2/2;4448;2021-01-14 07:00:00;20488;HL;низ;1836,290;1841,397;10,751;2;1
2/2;4449;2021-01-14 08:00:00;20489;LH;верх;1845,306;1838,896;9,016;1;1
2/2;4450;2021-01-14 11:00:00;20492;HL;низ;1836,800;1843,954;8,506;3;1
2/2;4451;2021-01-14 18:00:00;20499;HH;верх;1857,593;1847,230;20,793;7;2
2/2;4452;2021-01-14 19:00:00;20500;HL;низ;1843,894;1846,258;13,699;1;1
2/2;4453;2021-01-15 01:00:00;20505;LH;верх;1855,740;1852,094;11,846;5;2
2/2;4454;2021-01-15 06:00:00;20510;HL;низ;1846,825;1851,130;8,915;5;1
2/2;4455;2021-01-15 09:00:00;20513;HH;верх;1856,992;1849,162;10,167;3;1
2/2;4456;2021-01-15 16:00:00;20520;LL;низ;1823,462;1828,571;33,530;7;1
2/2;4457;2021-01-17 23:00:00;20526;LH;верх;1829,900;1825,220;6,438;6;1
2/2;4458;2021-01-17 23:00:00;20526;LL;низ;1802,955;1825,220;26,945;0;1
2/2;4459;2021-01-18 06:00:00;20533;HH;верх;1840,850;1833,760;37,895;7;2
2/2;4460;2021-01-18 09:00:00;20536;HL;низ;1830,095;1833,890;10,755;3;1
2/2;4461;2021-01-18 11:00:00;20538;LH;верх;1838,430;1835,305;8,335;2;1
2/2;4462;2021-01-18 12:00:00;20539;LL;низ;1829,735;1833,850;8,695;1;1
2/2;4463;2021-01-19 01:00:00;20547;HH;верх;1843,750;1837,530;14,015;8;1
2/2;4464;2021-01-19 05:00:00;20551;HL;низ;1836,340;1837,980;7,410;4;1
2/2;4465;2021-01-19 10:00:00;20556;HH;верх;1845,670;1837,955;9,330;5;1
2/2;4466;2021-01-19 13:00:00;20559;LL;низ;1833,145;1839,340;12,525;3;1
2/2;4467;2021-01-19 17:00:00;20563;LH;верх;1843,550;1839,356;10,405;4;2
2/2;4468;2021-01-19 19:00:00;20565;HL;низ;1837,155;1840,025;6,395;2;1
2/2;4469;2021-01-20 07:00:00;20576;HH;верх;1857,430;1854,766;20,275;11;1
2/2;4470;2021-01-20 13:00:00;20582;LL;низ;1832,570;1866,880;24,860;6;1
2/2;4471;2021-01-20 23:00:00;20591;HH;верх;1872,305;1869,090;39,735;9;2
2/2;4472;2021-01-21 01:00:00;20593;HL;низ;1867,135;1872,460;5,170;2;1
2/2;4473;2021-01-21 06:00:00;20598;HH;верх;1875,170;1871,946;8,035;5;1
2/2;4474;2021-01-21 14:00:00;20606;LL;низ;1858,280;1863,860;16,890;8;2
2/2;4475;2021-01-21 20:00:00;20612;LH;верх;1871,530;1869,610;13,250;6;1
2/2;4476;2021-01-22 06:00:00;20621;LL;низ;1857,315;1862,095;14,215;9;2
2/2;4477;2021-01-22 09:00:00;20624;LH;верх;1863,965;1849,610;6,650;3;1
2/2;4478;2021-01-22 13:00:00;20628;LL;низ;1837,460;1856,090;26,505;4;1
2/2;4479;2021-01-22 16:00:00;20631;LH;верх;1858,475;1856,210;21,015;3;2
2/2;4480;2021-01-22 21:00:00;20636;HL;низ;1852,615;1858,395;5,860;5;1
2/2;4481;2021-01-25 00:00:00;20638;HH;верх;1860,060;1854,560;7,445;2;1
2/2;4482;2021-01-25 01:00:00;20639;HL;низ;1852,910;1853,900;7,150;1;1
2/2;4483;2021-01-25 05:00:00;20643;LH;верх;1856,610;1853,795;3,700;4;1
2/2;4484;2021-01-25 06:00:00;20644;LL;низ;1849,305;1852,205;7,305;1;1
2/2;4485;2021-01-25 13:00:00;20651;HH;верх;1867,950;1852,030;18,645;7;1
2/2;4486;2021-01-25 16:00:00;20654;LL;низ;1847,270;1857,086;20,680;3;1
2/2;4487;2021-01-25 17:00:00;20655;LH;верх;1859,215;1855,075;11,945;1;1
2/2;4488;2021-01-26 00:00:00;20661;HL;низ;1853,320;1860,680;5,895;6;2
2/2;4489;2021-01-26 04:00:00;20665;HH;верх;1861,795;1855,120;8,475;4;1
2/2;4490;2021-01-26 07:00:00;20668;LL;низ;1850,145;1852,595;11,650;3;1
2/2;4491;2021-01-26 08:00:00;20669;LH;верх;1857,560;1849,385;7,415;1;1
2/2;4492;2021-01-26 10:00:00;20671;LL;низ;1848,440;1855,555;9,120;2;1
2/2;4493;2021-01-26 13:00:00;20674;HH;верх;1860,135;1853,065;11,695;3;1
2/2;4494;2021-01-27 01:00:00;20685;LL;низ;1843,365;1845,570;16,770;11;3
2/2;4495;2021-01-27 08:00:00;20692;LH;верх;1853,220;1846,735;9,855;7;1
2/2;4496;2021-01-27 14:00:00;20698;LL;низ;1831,426;1845,385;21,794;6;1
2/2;4497;2021-01-27 16:00:00;20700;LH;верх;1850,670;1845,890;19,244;2;3
2/2;4498;2021-01-28 01:00:00;20708;HL;низ;1834,130;1837,975;16,540;8;1
2/2;4499;2021-01-28 05:00:00;20712;LH;верх;1839,360;1836,430;5,230;4;1
2/2;4500;2021-01-28 07:00:00;20714;HL;низ;1834,160;1840,930;5,200;2;2
2/2;4501;2021-01-28 15:00:00;20722;HH;верх;1864,220;1839,436;30,060;8;1
2/2;4502;2021-01-28 18:00:00;20725;HL;низ;1835,080;1842,225;29,140;3;1
2/2;4503;2021-01-29 00:00:00;20730;LH;верх;1845,385;1842,290;10,305;5;1
2/2;4504;2021-01-29 01:00:00;20731;HL;низ;1839,646;1842,085;5,739;1;2
2/2;4505;2021-01-29 06:00:00;20736;HH;верх;1851,760;1846,046;12,114;5;1
2/2;4506;2021-01-29 08:00:00;20738;HL;низ;1842,454;1857,740;9,306;2;1
2/2;4507;2021-01-29 14:00:00;20744;HH;верх;1875,736;1857,815;33,282;6;1
2/2;4508;2021-01-29 21:00:00;20751;LL;низ;1841,755;1854,396;33,981;7;2
2/2;4509;2021-01-31 23:00:00;20752;LH;верх;1867,290;1852,385;25,535;1;2
2/2;4510;2021-02-01 05:00:00;20758;HL;низ;1857,036;1861,645;10,254;6;1
2/2;4511;2021-02-01 08:00:00;20761;HH;верх;1871,890;1860,075;14,854;3;1
2/2;4512;2021-02-01 10:00:00;20763;LL;низ;1856,580;1861,355;15,310;2;1
2/2;4513;2021-02-01 12:00:00;20765;LH;верх;1869,685;1863,675;13,105;2;1
2/2;4514;2021-02-01 15:00:00;20768;HL;низ;1856,830;1864,905;12,855;3;1
2/2;4515;2021-02-01 18:00:00;20771;LH;верх;1866,765;1858,965;9,935;3;1
2/2;4516;2021-02-02 00:00:00;20776;LL;низ;1854,240;1858,940;12,525;5;1
2/2;4517;2021-02-02 01:00:00;20777;LH;верх;1864,110;1857,206;9,870;1;1
2/2;4518;2021-02-02 07:00:00;20783;LL;низ;1845,000;1850,330;19,110;6;2
2/2;4519;2021-02-02 10:00:00;20786;LH;верх;1853,575;1843,320;8,575;3;1
2/2;4520;2021-02-02 14:00:00;20790;LL;низ;1829,605;1837,516;23,970;4;1
2/2;4521;2021-02-02 17:00:00;20793;LH;верх;1839,865;1836,946;10,260;3;1
2/2;4522;2021-02-02 18:00:00;20794;HL;низ;1831,776;1835,930;8,089;1;1
2/2;4523;2021-02-03 02:00:00;20801;HH;верх;1844,950;1840,710;13,174;7;2
2/2;4524;2021-02-03 10:00:00;20809;HL;низ;1832,690;1837,185;12,260;8;1
2/2;4525;2021-02-03 13:00:00;20812;LH;верх;1842,386;1833,715;9,696;3;1
2/2;4526;2021-02-03 15:00:00;20814;LL;низ;1829,800;1836,005;12,586;2;2
2/2;4527;2021-02-03 23:00:00;20821;LH;верх;1834,820;1827,045;5,020;7;1
2/2;4528;2021-02-04 05:00:00;20827;LL;низ;1815,950;1825,265;18,870;6;1
2/2;4529;2021-02-04 07:00:00;20829;LH;верх;1827,290;1814,600;11,340;2;1
2/2;4530;2021-02-04 09:00:00;20831;LL;низ;1810,355;1812,860;16,935;2;1
2/2;4531;2021-02-04 13:00:00;20835;LH;верх;1819,625;1786,695;9,270;4;1
2/2;4532;2021-02-04 15:00:00;20837;LL;низ;1785,020;1789,505;34,605;2;1
2/2;4533;2021-02-04 19:00:00;20841;LH;верх;1795,975;1793,995;10,955;4;1
2/2;4534;2021-02-05 01:00:00;20846;HL;низ;1792,130;1795,175;3,845;5;1
2/2;4535;2021-02-05 08:00:00;20853;HH;верх;1811,320;1807,510;19,190;7;2
2/2;4536;2021-02-05 13:00:00;20858;HL;низ;1793,526;1805,920;17,794;5;1
2/2;4537;2021-02-05 17:00:00;20862;HH;верх;1815,200;1810,065;21,674;4;1
2/2;4538;2021-02-05 20:00:00;20865;HL;низ;1809,635;1818,025;5,565;3;1
2/2;4539;2021-02-08 00:00:00;20868;HH;верх;1818,960;1810,930;9,325;3;1
2/2;4540;2021-02-08 02:00:00;20870;LL;низ;1808,400;1810,930;10,560;2;1
2/2;4541;2021-02-08 07:00:00;20875;LH;верх;1817,896;1813,875;9,496;5;1
2/2;4542;2021-02-08 08:00:00;20876;LL;низ;1807,865;1815,470;10,031;1;1
2/2;4543;2021-02-08 15:00:00;20883;HH;верх;1839,230;1832,810;31,365;7;2
2/2;4544;2021-02-08 23:00:00;20890;HL;низ;1828,930;1836,916;10,300;7;1
2/2;4545;2021-02-09 04:00:00;20895;HH;верх;1843,400;1839,985;14,470;5;1
2/2;4546;2021-02-09 07:00:00;20898;HL;низ;1838,220;1846,580;5,180;3;1
2/2;4547;2021-02-09 09:00:00;20900;HH;верх;1848,630;1843,760;10,410;2;2
2/2;4548;2021-02-09 14:00:00;20905;LL;низ;1832,280;1835,985;16,350;5;4
2/2;4549;2021-02-10 13:00:00;20927;HH;верх;1855,455;1841,235;23,175;22;2
2/2;4550;2021-02-10 16:00:00;20930;HL;низ;1834,970;1843,075;20,485;3;1
2/2;4551;2021-02-10 19:00:00;20933;LH;верх;1846,390;1843,385;11,420;3;1
2/2;4552;2021-02-10 20:00:00;20934;HL;низ;1840,886;1842,100;5,504;1;1
2/2;4553;2021-02-10 23:00:00;20936;LH;верх;1844,390;1838,904;3,504;2;1
2/2;4554;2021-02-11 03:00:00;20940;LL;низ;1834,136;1836,985;10,254;4;1
2/2;4555;2021-02-11 08:00:00;20945;HH;верх;1845,965;1840,596;11,829;5;1
2/2;4556;2021-02-11 11:00:00;20948;HL;низ;1839,608;1843,480;6,357;3;1
2/2;4557;2021-02-11 13:00:00;20950;HH;верх;1847,574;1838,670;7,966;2;1
2/2;4558;2021-02-11 19:00:00;20956;LL;низ;1821,180;1825,640;26,394;6;1
2/2;4559;2021-02-12 00:00:00;20960;LH;верх;1827,968;1819,845;6,788;4;1
2/2;4560;2021-02-12 02:00:00;20962;LL;низ;1819,445;1822,626;8,523;2;1
2/2;4561;2021-02-12 05:00:00;20965;LH;верх;1824,380;1817,475;4,935;3;1
2/2;4562;2021-02-12 08:00:00;20968;LL;низ;1812,628;1820,705;11,752;3;1
2/2;4563;2021-02-12 10:00:00;20970;LH;верх;1822,073;1818,108;9,445;2;1
2/2;4564;2021-02-12 13:00:00;20973;LL;низ;1810,605;1828,386;11,468;3;1
2/2;4565;2021-02-12 15:00:00;20975;HH;верх;1830,816;1819,646;20,211;2;1
2/2;4566;2021-02-12 20:00:00;20980;HL;низ;1817,516;1821,080;13,300;5;2
2/2;4567;2021-02-15 02:00:00;20985;LH;верх;1827,100;1822,695;9,584;5;1
2/2;4568;2021-02-15 10:00:00;20993;LL;низ;1816,065;1821,505;11,035;8;2
2/2;4569;2021-02-15 12:00:00;20995;LH;верх;1824,370;1818,610;8,305;2;1
2/2;4570;2021-02-15 14:00:00;20997;HL;низ;1816,191;1820,220;8,179;2;1
2/2;4571;2021-02-16 03:00:00;21005;HH;верх;1826,500;1821,280;10,309;8;2
2/2;4572;2021-02-16 07:00:00;21009;HL;низ;1818,965;1824,152;7,535;4;1
2/2;4573;2021-02-16 10:00:00;21012;LH;верх;1825,680;1807,464;6,715;3;1
2/2;4574;2021-02-16 14:00:00;21016;LL;низ;1789,576;1796,780;36,104;4;1
2/2;4575;2021-02-16 15:00:00;21017;LH;верх;1814,355;1796,715;24,779;1;1
2/2;4576;2021-02-17 00:00:00;21025;LL;низ;1786,690;1794,170;27,665;8;1
2/2;4577;2021-02-17 03:00:00;21028;LH;верх;1795,158;1791,920;8,468;3;2
2/2;4578;2021-02-17 09:00:00;21034;LL;низ;1783,735;1790,895;11,423;6;1
2/2;4579;2021-02-17 13:00:00;21038;LH;верх;1793,495;1773,853;9,760;4;1
2/2;4580;2021-02-17 16:00:00;21041;LL;низ;1769,526;1775,490;23,969;3;2
2/2;4581;2021-02-18 08:00:00;21056;LH;верх;1789,074;1785,188;19,548;15;2
2/2;4582;2021-02-18 08:00:00;21056;HL;низ;1778,946;1785,188;10,128;0;1
2/2;4583;2021-02-18 13:00:00;21061;HH;верх;1789,690;1778,525;10,744;5;1
2/2;4584;2021-02-18 15:00:00;21063;LL;низ;1768,470;1776,095;21,220;2;2
2/2;4585;2021-02-18 23:00:00;21070;LH;верх;1777,286;1767,240;8,816;7;1
2/2;4586;2021-02-19 01:00:00;21072;LL;низ;1760,754;1768,037;16,532;2;1
2/2;4587;2021-02-19 06:00:00;21077;HH;верх;1777,620;1774,535;16,866;5;1
2/2;4588;2021-02-19 11:00:00;21082;HL;низ;1767,993;1783,466;9,627;5;1
2/2;4589;2021-02-19 14:00:00;21085;HH;верх;1791,696;1783,516;23,703;3;1
2/2;4590;2021-02-19 18:00:00;21089;HL;низ;1777,425;1782,030;14,271;4;1
2/2;4591;2021-02-22 01:00:00;21095;LH;верх;1789,730;1783,780;12,305;6;1
2/2;4592;2021-02-22 03:00:00;21097;HL;низ;1780,780;1789,500;8,950;2;1
2/2;4593;2021-02-22 09:00:00;21103;HH;верх;1799,300;1795,317;18,520;6;1
2/2;4594;2021-02-22 12:00:00;21106;HL;низ;1793,510;1804,858;5,790;3;1
2/2;4595;2021-02-22 17:00:00;21111;HH;верх;1812,722;1808,204;19,212;5;1
2/2;4596;2021-02-22 20:00:00;21114;HL;низ;1806,315;1810,606;6,407;3;2
2/2;4597;2021-02-23 03:00:00;21120;HH;верх;1816,100;1812,835;9,785;6;2
2/2;4598;2021-02-23 10:00:00;21127;LL;низ;1803,756;1810,108;12,344;7;1
2/2;4599;2021-02-23 12:00:00;21129;LH;верх;1812,871;1801,755;9,115;2;1
2/2;4600;2021-02-23 14:00:00;21131;LL;низ;1795,704;1807,224;17,167;2;2
2/2;4601;2021-02-24 02:00:00;21142;HH;верх;1813,966;1809,325;18,262;11;2
2/2;4602;2021-02-24 09:00:00;21149;HL;низ;1803,214;1808,730;10,752;7;1
2/2;4603;2021-02-24 12:00:00;21152;LH;верх;1810,350;1785,735;7,136;3;1
2/2;4604;2021-02-24 14:00:00;21154;LL;низ;1783,650;1802,086;26,700;2;1
2/2;4605;2021-02-24 21:00:00;21161;LH;верх;1805,860;1798,444;22,210;7;2
2/2;4606;2021-02-25 03:00:00;21166;HL;низ;1793,955;1800,886;11,905;5;1
2/2;4607;2021-02-25 06:00:00;21169;LH;верх;1801,356;1790,540;7,401;3;2
2/2;4608;2021-02-26 00:00:00;21186;LL;низ;1765,306;1773,040;36,050;17;3
2/2;4609;2021-02-26 02:00:00;21188;LH;верх;1775,904;1767,994;10,598;2;1
2/2;4610;2021-02-26 07:00:00;21193;LL;низ;1755,428;1763,284;20,476;5;1
2/2;4611;2021-02-26 09:00:00;21195;LH;верх;1770,228;1759,930;14,800;2;1
2/2;4612;2021-02-26 11:00:00;21197;HL;низ;1757,720;1761,725;12,508;2;1
2/2;4613;2021-02-26 13:00:00;21199;LH;верх;1767,166;1729,920;9,446;2;1
2/2;4614;2021-02-26 16:00:00;21202;LL;низ;1717,270;1729,940;49,896;3;1
2/2;4615;2021-03-01 07:00:00;21216;LH;верх;1759,950;1746,956;42,680;14;1
2/2;4616;2021-03-01 20:00:00;21229;HL;низ;1719,780;1725,099;40,170;13;2
2/2;4617;2021-03-02 00:00:00;21232;LH;верх;1728,539;1712,820;8,759;3;1
2/2;4618;2021-03-02 03:00:00;21235;LL;низ;1707,336;1714,903;21,203;3;1
2/2;4619;2021-03-02 13:00:00;21245;HH;верх;1736,352;1725,426;29,016;10;1
2/2;4620;2021-03-02 15:00:00;21247;HL;низ;1720,426;1736,765;15,926;2;1
2/2;4621;2021-03-02 18:00:00;21250;HH;верх;1738,586;1733,220;18,160;3;1
2/2;4622;2021-03-02 20:00:00;21252;HL;низ;1732,946;1736,641;5,640;2;1
2/2;4623;2021-03-02 23:00:00;21254;HH;верх;1741,020;1734,285;8,074;2;1
2/2;4624;2021-03-03 01:00:00;21256;LL;низ;1730,100;1734,845;10,920;2;1
2/2;4625;2021-03-03 07:00:00;21262;LH;верх;1736,010;1728,250;5,910;6;1
2/2;4626;2021-03-03 15:00:00;21270;LL;низ;1701,964;1717,310;34,046;8;1
2/2;4627;2021-03-03 16:00:00;21271;LH;верх;1725,236;1719,054;23,272;1;1
2/2;4628;2021-03-03 23:00:00;21277;HL;низ;1708,255;1715,230;16,981;6;1
2/2;4629;2021-03-04 01:00:00;21279;LH;верх;1716,765;1709,618;8,510;2;1
2/2;4630;2021-03-04 04:00:00;21282;LL;низ;1706,670;1716,614;10,095;3;1
2/2;4631;2021-03-04 07:00:00;21285;HH;верх;1721,313;1715,336;14,643;3;1
2/2;4632;2021-03-04 09:00:00;21287;LL;низ;1706,340;1715,806;14,973;2;1
2/2;4633;2021-03-04 13:00:00;21291;HH;верх;1723,270;1718,804;16,930;4;2
2/2;4634;2021-03-05 01:00:00;21302;LL;низ;1687,290;1694,426;35,980;11;2
2/2;4635;2021-03-05 07:00:00;21308;LH;верх;1700,482;1694,615;13,192;6;1
2/2;4636;2021-03-05 13:00:00;21314;HL;низ;1687,480;1697,165;13,002;6;2
2/2;4637;2021-03-08 02:00:00;21326;HH;верх;1714,450;1707,850;26,970;12;4
2/2;4638;2021-03-08 12:00:00;21336;LL;низ;1684,802;1687,068;29,648;10;1
2/2;4639;2021-03-08 14:00:00;21338;LH;верх;1696,665;1679,971;11,863;2;1
2/2;4640;2021-03-08 17:00:00;21341;LL;низ;1676,866;1685,210;19,799;3;2
2/2;4641;2021-03-09 14:00:00;21361;HH;верх;1720,682;1715,431;43,816;20;4
2/2;4642;2021-03-10 06:00:00;21376;HL;низ;1709,766;1714,770;10,916;15;2
2/2;4643;2021-03-10 07:00:00;21377;LH;верх;1716,736;1714,325;6,970;1;1
2/2;4644;2021-03-10 11:00:00;21381;LL;низ;1708,284;1720,106;8,452;4;1
2/2;4645;2021-03-10 13:00:00;21383;HH;верх;1723,710;1719,146;15,426;2;1
2/2;4646;2021-03-11 01:00:00;21394;HL;низ;1723,324;1731,870;0,386;11;2
2/2;4647;2021-03-11 09:00:00;21402;HH;верх;1739,890;1733,425;16,566;8;2
2/2;4648;2021-03-11 14:00:00;21407;LL;низ;1719,325;1724,438;20,565;5;1
2/2;4649;2021-03-11 18:00:00;21411;LH;верх;1728,365;1723,738;9,040;4;1
2/2;4650;2021-03-11 23:00:00;21415;HL;низ;1721,398;1725,015;6,967;4;1
2/2;4651;2021-03-12 01:00:00;21417;LH;верх;1728,020;1718,345;6,622;2;1
2/2;4652;2021-03-12 09:00:00;21425;LL;низ;1699,224;1703,367;28,796;8;2
2/2;4653;2021-03-15 01:00:00;21441;HH;верх;1734,075;1727,880;34,851;16;2
2/2;4654;2021-03-15 05:00:00;21445;HL;низ;1721,718;1722,768;12,357;4;1
2/2;4655;2021-03-15 14:00:00;21454;HH;верх;1734,583;1729,093;12,865;9;2
2/2;4656;2021-03-15 15:00:00;21455;HL;низ;1722,756;1729,324;11,827;1;1
2/2;4657;2021-03-16 01:00:00;21464;LH;верх;1734,180;1733,660;11,424;9;2
2/2;4658;2021-03-16 01:00:00;21464;HL;низ;1729,628;1733,660;4,552;0;1
2/2;4659;2021-03-16 05:00:00;21468;HH;верх;1737,260;1730,200;7,632;4;1
2/2;4660;2021-03-16 07:00:00;21470;LL;низ;1726,205;1731,245;11,055;2;1
2/2;4661;2021-03-16 14:00:00;21477;HH;верх;1741,196;1730,540;14,991;7;1
2/2;4662;2021-03-16 15:00:00;21478;HL;низ;1726,850;1729,086;14,346;1;2
2/2;4663;2021-03-17 06:00:00;21492;LH;верх;1737,976;1734,635;11,126;14;1
2/2;4664;2021-03-17 08:00:00;21494;HL;низ;1733,516;1735,152;4,460;2;1
2/2;4665;2021-03-17 10:00:00;21496;LH;верх;1737,176;1729,296;3,660;2;2
2/2;4666;2021-03-17 14:00:00;21500;LL;низ;1724,066;1728,079;13,110;4;1
2/2;4667;2021-03-18 03:00:00;21512;HH;верх;1755,565;1750,084;31,499;12;2
2/2;4668;2021-03-18 04:00:00;21513;HL;низ;1747,550;1751,095;8,015;1;1
2/2;4669;2021-03-18 07:00:00;21516;LH;верх;1752,916;1736,705;5,366;3;1
2/2;4670;2021-03-18 13:00:00;21522;LL;низ;1719,250;1730,655;33,666;6;2
2/2;4671;2021-03-18 22:00:00;21530;LH;верх;1737,720;1730,846;18,470;8;2
2/2;4672;2021-03-19 02:00:00;21534;HL;низ;1728,540;1734,205;9,180;4;1
2/2;4673;2021-03-19 07:00:00;21539;HH;верх;1745,430;1736,974;16,890;5;3
2/2;4674;2021-03-19 13:00:00;21545;HL;низ;1733,320;1740,084;12,110;6;1
2/2;4675;2021-03-21 22:00:00;21553;HH;верх;1747,046;1739,655;13,726;8;1
2/2;4676;2021-03-22 01:00:00;21556;LL;низ;1732,595;1740,660;14,451;3;1
2/2;4677;2021-03-22 04:00:00;21559;LH;верх;1743,156;1730,505;10,561;3;1
2/2;4678;2021-03-22 07:00:00;21562;LL;низ;1727,345;1731,530;15,811;3;1
2/2;4679;2021-03-22 11:00:00;21566;LH;верх;1739,086;1733,260;11,741;4;1
2/2;4680;2021-03-22 12:00:00;21567;HL;низ;1730,608;1738,055;8,478;1;1
2/2;4681;2021-03-22 18:00:00;21573;HH;верх;1741,115;1738,920;10,507;6;1
2/2;4682;2021-03-22 20:00:00;21575;HL;низ;1738,130;1739,406;2,985;2;1
2/2;4683;2021-03-23 00:00:00;21578;LH;верх;1740,550;1734,390;2,420;3;1
2/2;4684;2021-03-23 02:00:00;21580;LL;низ;1731,140;1735,850;9,410;2;2
2/2;4685;2021-03-23 10:00:00;21588;HH;верх;1742,602;1739,303;11,462;8;1
2/2;4686;2021-03-23 17:00:00;21595;LL;низ;1724,755;1727,296;17,847;7;1
2/2;4687;2021-03-23 19:00:00;21597;LH;верх;1728,829;1726,994;4,074;2;1
2/2;4688;2021-03-24 01:00:00;21602;LL;низ;1723,894;1731,850;4,935;5;1
2/2;4689;2021-03-24 02:00:00;21603;HH;верх;1734,535;1733,570;10,641;1;2
2/2;4690;2021-03-24 07:00:00;21608;HL;низ;1727,230;1734,785;7,305;5;1
2/2;4691;2021-03-24 10:00:00;21611;HH;верх;1735,990;1732,268;8,760;3;2
2/2;4692;2021-03-24 13:00:00;21614;HL;низ;1728,436;1733,806;7,554;3;1
2/2;4693;2021-03-24 16:00:00;21617;HH;верх;1738,615;1734,550;10,179;3;1
2/2;4694;2021-03-25 02:00:00;21626;HL;низ;1732,030;1735,780;6,585;9;1
2/2;4695;2021-03-25 03:00:00;21627;HH;верх;1739,176;1734,165;7,146;1;1
2/2;4696;2021-03-25 12:00:00;21636;LL;низ;1725,055;1737,005;14,121;9;2
2/2;4697;2021-03-25 13:00:00;21637;HH;верх;1745,532;1730,910;20,477;1;1
2/2;4698;2021-03-25 17:00:00;21641;LL;низ;1721,844;1726,814;23,688;4;1
2/2;4699;2021-03-25 19:00:00;21643;LH;верх;1731,324;1728,054;9,480;2;2
2/2;4700;2021-03-26 03:00:00;21650;HL;низ;1723,266;1728,040;8,058;7;1
2/2;4701;2021-03-26 09:00:00;21656;HH;верх;1732,136;1725,230;8,870;6;2
2/2;4702;2021-03-26 11:00:00;21658;LL;низ;1721,695;1728,840;10,441;2;1
2/2;4703;2021-03-26 15:00:00;21662;HH;верх;1736,760;1731,923;15,065;4;1
2/2;4704;2021-03-26 18:00:00;21665;HL;низ;1730,263;1732,770;6,497;3;1
2/2;4705;2021-03-28 22:00:00;21668;LH;верх;1733,371;1731,318;3,108;3;1
2/2;4706;2021-03-29 01:00:00;21671;LL;низ;1726,475;1729,523;6,896;3;1
2/2;4707;2021-03-29 02:00:00;21672;LH;верх;1732,966;1727,978;6,491;1;1
2/2;4708;2021-03-29 08:00:00;21678;LL;низ;1723,860;1727,102;9,106;6;1
2/2;4709;2021-03-29 10:00:00;21680;LH;верх;1728,240;1723,984;4,380;2;1
2/2;4710;2021-03-29 14:00:00;21684;LL;низ;1705,795;1713,340;22,445;4;1
2/2;4711;2021-03-29 16:00:00;21686;LH;верх;1715,935;1710,694;10,140;2;1
2/2;4712;2021-03-29 18:00:00;21688;HL;низ;1709,791;1711,976;6,144;2;1
2/2;4713;2021-03-30 01:00:00;21694;LH;верх;1714,446;1707,514;4,655;6;1
2/2;4714;2021-03-30 02:00:00;21695;LL;низ;1704,760;1707,900;9,686;1;1
2/2;4715;2021-03-30 06:00:00;21699;LH;верх;1708,590;1698,135;3,830;4;1
2/2;4716;2021-03-30 12:00:00;21705;LL;низ;1678,778;1684,320;29,812;6;3
2/2;4717;2021-03-31 00:00:00;21716;LH;верх;1686,490;1678,360;7,712;11;1
2/2;4718;2021-03-31 02:00:00;21718;LL;низ;1677,954;1679,482;8,536;2;1
2/2;4719;2021-03-31 06:00:00;21722;HH;верх;1688,816;1686,120;10,862;4;1
2/2;4720;2021-03-31 12:00:00;21728;HL;низ;1682,340;1704,045;6,476;6;1
2/2;4721;2021-03-31 17:00:00;21733;HH;верх;1715,284;1707,950;32,944;5;1
2/2;4722;2021-04-01 01:00:00;21740;HL;низ;1705,867;1712,885;9,417;7;3
2/2;4723;2021-04-01 07:00:00;21746;HH;верх;1720,060;1714,865;14,193;6;1
2/2;4724;2021-04-01 11:00:00;21750;HL;низ;1710,480;1724,806;9,580;4;1
2/2;4725;2021-04-01 20:00:00;21759;HH;верх;1730,640;1728,144;20,160;9;3
2/2;4726;2021-04-05 06:00:00;21768;HL;низ;1721,366;1725,485;9,274;9;1
2/2;4727;2021-04-05 08:00:00;21770;LH;верх;1728,560;1724,351;7,194;2;1
2/2;4728;2021-04-05 12:00:00;21774;HL;низ;1721,970;1729,094;6,590;4;1
2/2;4729;2021-04-05 15:00:00;21777;HH;верх;1733,650;1725,460;11,680;3;1
2/2;4730;2021-04-05 18:00:00;21780;HL;низ;1725,135;1728,300;8,515;3;1
2/2;4731;2021-04-06 06:00:00;21791;HH;верх;1738,640;1732,660;13,505;11;2
2/2;4732;2021-04-06 07:00:00;21792;HL;низ;1727,854;1732,160;10,786;1;1
2/2;4733;2021-04-06 16:00:00;21801;HH;верх;1745,445;1743,460;17,591;9;1
2/2;4734;2021-04-06 17:00:00;21802;HL;низ;1740,040;1742,565;5,405;1;1
2/2;4735;2021-04-06 19:00:00;21804;LH;верх;1744,552;1743,040;4,512;2;1
2/2;4736;2021-04-07 02:00:00;21810;LL;низ;1735,904;1739,250;8,648;6;1
2/2;4737;2021-04-07 06:00:00;21814;LH;верх;1742,370;1737,975;6,466;4;1
2/2;4738;2021-04-07 12:00:00;21820;LL;низ;1730,730;1741,238;11,640;6;2
2/2;4739;2021-04-07 15:00:00;21823;HH;верх;1743,305;1740,420;12,575;3;2
2/2;4740;2021-04-08 01:00:00;21832;HL;низ;1733,260;1738,710;10,045;9;2
2/2;4741;2021-04-08 07:00:00;21838;HH;верх;1747,740;1743,344;14,480;6;1
2/2;4742;2021-04-08 08:00:00;21839;HL;низ;1741,680;1745,915;6,060;1;1
2/2;4743;2021-04-08 14:00:00;21845;HH;верх;1758,724;1757,076;17,044;6;4
2/2;4744;2021-04-09 13:00:00;21867;LL;низ;1731,275;1744,811;27,449;22;1
2/2;4745;2021-04-09 14:00:00;21868;LH;верх;1746,860;1745,089;15,585;1;1
2/2;4746;2021-04-09 18:00:00;21872;HL;низ;1741,469;1743,775;5,391;4;1
2/2;4747;2021-04-09 20:00:00;21874;LH;верх;1744,290;1741,820;2,821;2;2
2/2;4748;2021-04-12 05:00:00;21882;LL;низ;1735,295;1739,238;8,995;8;3
2/2;4749;2021-04-12 12:00:00;21889;HH;верх;1745,078;1734,080;9,783;7;1
2/2;4750;2021-04-12 18:00:00;21895;LL;низ;1727,500;1732,910;17,578;6;2
2/2;4751;2021-04-12 22:00:00;21898;LH;верх;1733,750;1730,635;6,250;3;1
2/2;4752;2021-04-13 01:00:00;21901;HL;низ;1728,132;1731,865;5,618;3;1
2/2;4753;2021-04-13 02:00:00;21902;HH;верх;1736,465;1729,970;8,333;1;1
2/2;4754;2021-04-13 07:00:00;21907;LL;низ;1723,792;1726,401;12,673;5;2
2/2;4755;2021-04-14 01:00:00;21924;HH;верх;1749,406;1744,045;25,614;17;3
2/2;4756;2021-04-14 05:00:00;21928;HL;низ;1740,889;1744,795;8,517;4;1
2/2;4757;2021-04-14 07:00:00;21930;HH;верх;1749,560;1743,375;8,671;2;2
2/2;4758;2021-04-14 14:00:00;21937;LL;низ;1732,655;1736,605;16,905;7;2
2/2;4759;2021-04-15 01:00:00;21947;LH;верх;1740,550;1738,570;7,895;10;2
2/2;4760;2021-04-15 01:00:00;21947;HL;низ;1734,490;1738,570;6,060;0;1
2/2;4761;2021-04-15 09:00:00;21955;HH;верх;1749,226;1744,760;14,736;8;1
2/2;4762;2021-04-15 11:00:00;21957;HL;низ;1744,624;1754,535;4,602;2;1
2/2;4763;2021-04-15 15:00:00;21961;HH;верх;1769,662;1766,505;25,038;4;2
2/2;4764;2021-04-16 02:00:00;21971;HL;низ;1759,915;1764,916;9,747;10;1
2/2;4765;2021-04-16 05:00:00;21974;LH;верх;1766,340;1764,304;6,425;3;1
2/2;4766;2021-04-16 07:00:00;21976;HL;низ;1761,615;1771,115;4,725;2;1
2/2;4767;2021-04-16 12:00:00;21981;HH;верх;1783,898;1779,424;22,283;5;1
2/2;4768;2021-04-16 13:00:00;21982;HL;низ;1772,045;1778,885;11,853;1;1
2/2;4769;2021-04-16 17:00:00;21986;LH;верх;1780,380;1775,945;8,335;4;1
2/2;4770;2021-04-16 19:00:00;21988;HL;низ;1774,542;1775,454;5,838;2;1
2/2;4771;2021-04-19 00:00:00;21992;HH;верх;1783,690;1779,130;9,148;4;1
2/2;4772;2021-04-19 01:00:00;21993;LL;низ;1773,240;1777,346;10,450;1;2
2/2;4773;2021-04-19 10:00:00;22002;HH;верх;1790,104;1776,184;16,864;9;1
2/2;4774;2021-04-19 13:00:00;22005;LL;низ;1766,826;1772,246;23,278;3;2
2/2;4775;2021-04-20 00:00:00;22015;LH;верх;1772,855;1768,770;6,029;10;1
2/2;4776;2021-04-20 02:00:00;22017;LL;низ;1765,695;1772,435;7,160;2;1
2/2;4777;2021-04-20 03:00:00;22018;HH;верх;1775,712;1771,580;10,017;1;2
2/2;4778;2021-04-20 09:00:00;22024;LL;низ;1763,720;1773,380;11,992;6;1
2/2;4779;2021-04-20 11:00:00;22026;LH;верх;1775,676;1773,662;11,956;2;1
2/2;4780;2021-04-20 13:00:00;22028;HL;низ;1766,150;1778,806;9,526;2;1
2/2;4781;2021-04-20 16:00:00;22031;HH;верх;1780,512;1777,880;14,362;3;1
2/2;4782;2021-04-20 23:00:00;22037;HL;низ;1776,315;1780,990;4,197;6;2
2/2;4783;2021-04-21 07:00:00;22045;HH;верх;1788,440;1779,420;12,125;8;1
2/2;4784;2021-04-21 10:00:00;22048;HL;низ;1777,831;1786,405;10,609;3;1
2/2;4785;2021-04-21 13:00:00;22051;HH;верх;1797,724;1793,025;19,893;3;2
2/2;4786;2021-04-22 00:00:00;22061;HL;низ;1792,515;1793,986;5,209;10;1
2/2;4787;2021-04-22 01:00:00;22062;HH;верх;1797,934;1793,520;5,419;1;1
2/2;4788;2021-04-22 06:00:00;22067;LL;низ;1788,310;1789,895;9,624;5;1
2/2;4789;2021-04-22 14:00:00;22075;LH;верх;1788,356;1781,910;0,046;8;1
2/2;4790;2021-04-22 16:00:00;22077;LL;низ;1777,473;1782,730;10,883;2;1
2/2;4791;2021-04-22 22:00:00;22082;LH;верх;1786,282;1784,126;8,809;5;1
2/2;4792;2021-04-23 00:00:00;22084;HL;низ;1783,014;1787,345;3,268;2;1
2/2;4793;2021-04-23 01:00:00;22085;HH;верх;1789,794;1786,136;6,780;1;1
2/2;4794;2021-04-23 07:00:00;22091;LL;низ;1781,710;1786,560;8,084;6;1
2/2;4795;2021-04-23 13:00:00;22097;HH;верх;1796,046;1776,545;14,336;6;1
2/2;4796;2021-04-23 14:00:00;22098;LL;низ;1770,125;1777,620;25,921;1;1
2/2;4797;2021-04-23 17:00:00;22101;LH;верх;1779,365;1776,446;9,240;3;1
2/2;4798;2021-04-25 23:00:00;22106;HL;низ;1774,050;1780,630;5,315;5;1
2/2;4799;2021-04-26 05:00:00;22112;HH;верх;1783,560;1778,705;9,510;6;1
2/2;4800;2021-04-26 06:00:00;22113;HL;низ;1775,015;1779,645;8,545;1;1
2/2;4801;2021-04-26 10:00:00;22117;LH;верх;1782,324;1776,750;7,309;4;1
2/2;4802;2021-04-26 12:00:00;22119;LL;низ;1768,850;1777,800;13,474;2;1
2/2;4803;2021-04-27 01:00:00;22131;HH;верх;1784,196;1779,975;15,346;12;3
2/2;4804;2021-04-27 01:00:00;22131;HL;низ;1773,823;1779,975;10,373;0;1
2/2;4805;2021-04-27 06:00:00;22136;LH;верх;1783,472;1779,335;9,649;5;1
2/2;4806;2021-04-27 08:00:00;22138;HL;низ;1776,135;1781,720;7,337;2;1
2/2;4807;2021-04-27 12:00:00;22142;HH;верх;1785,656;1781,160;9,521;4;1
2/2;4808;2021-04-28 01:00:00;22154;LL;низ;1766,546;1771,935;19,110;12;2
2/2;4809;2021-04-28 08:00:00;22161;LH;верх;1770,642;1765,855;4,096;7;1
2/2;4810;2021-04-28 12:00:00;22165;LL;низ;1762,763;1772,126;7,879;4;2
2/2;4811;2021-04-28 15:00:00;22168;HH;верх;1775,930;1773,960;13,167;3;1
2/2;4812;2021-04-28 18:00:00;22171;HL;низ;1770,496;1781,690;5,434;3;1
2/2;4813;2021-04-29 02:00:00;22178;HH;верх;1790,030;1785,205;19,534;7;1
2/2;4814;2021-04-29 10:00:00;22186;HL;низ;1772,285;1780,140;17,745;8;1
2/2;4815;2021-04-29 12:00:00;22188;LH;верх;1781,455;1768,726;9,170;2;1
2/2;4816;2021-04-29 14:00:00;22190;LL;низ;1756,132;1768,698;25,323;2;1
2/2;4817;2021-04-29 20:00:00;22196;LH;верх;1775,005;1773,315;18,873;6;1
2/2;4818;2021-04-30 03:00:00;22202;HL;низ;1765,510;1768,936;9,495;6;1
2/2;4819;2021-04-30 06:00:00;22205;LH;верх;1773,330;1769,632;7,820;3;2
2/2;4820;2021-04-30 14:00:00;22213;LL;низ;1764,310;1767,928;9,020;8;1
2/2;4821;2021-04-30 15:00:00;22214;LH;верх;1772,360;1769,820;8,050;1;2
2/2;4822;2021-05-02 22:00:00;22220;HL;низ;1766,290;1770,945;6,070;6;1
2/2;4823;2021-05-03 14:00:00;22236;HH;верх;1798,070;1793,000;31,780;16;4
2/2;4824;2021-05-04 05:00:00;22250;HL;низ;1784,002;1787,047;14,068;14;2
2/2;4825;2021-05-04 08:00:00;22253;LH;верх;1790,604;1783,746;6,602;3;1
2/2;4826;2021-05-04 11:00:00;22256;LL;низ;1780,832;1794,980;9,772;3;1
2/2;4827;2021-05-04 14:00:00;22259;HH;верх;1799,160;1776,075;18,328;3;1
2/2;4828;2021-05-04 16:00:00;22261;LL;низ;1770,960;1777,710;28,200;2;1
2/2;4829;2021-05-04 20:00:00;22265;LH;верх;1780,075;1778,751;9,115;4;1
2/2;4830;2021-05-05 00:00:00;22268;HL;низ;1776,839;1781,219;3,236;3;1
2/2;4831;2021-05-05 03:00:00;22271;HH;верх;1783,400;1778,390;6,561;3;1
2/2;4832;2021-05-05 12:00:00;22280;LL;низ;1770,444;1783,080;12,956;9;2
2/2;4833;2021-05-05 20:00:00;22288;HH;верх;1788,030;1785,328;17,586;8;1
2/2;4834;2021-05-06 01:00:00;22292;HL;низ;1782,048;1789,896;5,982;4;1
2/2;4835;2021-05-06 08:00:00;22299;HH;верх;1795,851;1792,072;13,803;7;1
2/2;4836;2021-05-06 11:00:00;22302;HL;низ;1788,376;1812,815;7,475;3;1
2/2;4837;2021-05-06 15:00:00;22306;HH;верх;1818,130;1814,880;29,754;4;1
2/2;4838;2021-05-06 19:00:00;22310;HL;низ;1812,936;1814,154;5,194;4;1
2/2;4839;2021-05-06 20:00:00;22311;LH;верх;1816,085;1814,845;3,149;1;1
2/2;4840;2021-05-07 01:00:00;22315;LL;низ;1812,910;1820,642;3,175;4;1
2/2;4841;2021-05-07 03:00:00;22317;HH;верх;1822,407;1818,122;9,497;2;1
2/2;4842;2021-05-07 06:00:00;22320;HL;низ;1817,370;1820,790;5,037;3;1
2/2;4843;2021-05-07 12:00:00;22326;HH;верх;1843,400;1832,294;26,030;6;2
2/2;4844;2021-05-07 12:00:00;22326;HL;низ;1817,376;1832,294;26,024;0;1
2/2;4845;2021-05-09 23:00:00;22336;LH;верх;1837,005;1831,016;19,629;10;1
2/2;4846;2021-05-10 01:00:00;22338;HL;низ;1830,068;1832,688;6,937;2;1
2/2;4847;2021-05-10 05:00:00;22342;HH;верх;1839,228;1834,909;9,160;4;1
2/2;4848;2021-05-10 07:00:00;22344;HL;низ;1833,588;1836,498;5,640;2;1
2/2;4849;2021-05-10 13:00:00;22350;HH;верх;1845,540;1841,769;11,952;6;1
2/2;4850;2021-05-10 18:00:00;22355;HL;низ;1834,000;1835,690;11,540;5;1
2/2;4851;2021-05-10 20:00:00;22357;LH;верх;1838,785;1836,290;4,785;2;2
2/2;4852;2021-05-11 01:00:00;22361;LL;низ;1831,382;1834,862;7,403;4;1
2/2;4853;2021-05-11 05:00:00;22365;LH;верх;1838,140;1835,265;6,758;4;1
2/2;4854;2021-05-11 07:00:00;22367;HL;низ;1832,729;1838,495;5,411;2;1
2/2;4855;2021-05-11 11:00:00;22371;HH;верх;1841,845;1829,350;9,116;4;1
2/2;4856;2021-05-11 13:00:00;22373;LL;низ;1818,022;1833,454;23,823;2;1
2/2;4857;2021-05-11 20:00:00;22380;LH;верх;1838,426;1835,615;20,404;7;1
2/2;4858;2021-05-12 03:00:00;22386;HL;низ;1826,045;1829,856;12,381;6;1
2/2;4859;2021-05-12 07:00:00;22390;LH;верх;1835,765;1835,146;9,720;4;1
2/2;4860;2021-05-12 12:00:00;22395;LL;низ;1821,515;1827,205;14,250;5;1
2/2;4861;2021-05-12 13:00:00;22396;HH;верх;1843,716;1824,410;22,201;1;1
2/2;4862;2021-05-13 00:00:00;22406;LL;низ;1813,350;1819,994;30,366;10;3
2/2;4863;2021-05-13 01:00:00;22407;LH;верх;1823,080;1817,465;9,730;1;2
2/2;4864;2021-05-13 10:00:00;22416;LL;низ;1808,866;1817,060;14,214;9;1
2/2;4865;2021-05-13 16:00:00;22422;HH;верх;1828,835;1825,495;19,969;6;1
2/2;4866;2021-05-13 18:00:00;22424;HL;низ;1821,785;1826,525;7,050;2;1
2/2;4867;2021-05-13 20:00:00;22426;LH;верх;1828,455;1825,155;6,670;2;1
2/2;4868;2021-05-14 03:00:00;22432;LL;низ;1819,845;1826,775;8,610;6;1
2/2;4869;2021-05-16 22:00:00;22450;HH;верх;1848,190;1844,230;28,345;18;4
2/2;4870;2021-05-17 01:00:00;22453;HL;низ;1843,655;1851,440;4,535;3;1
2/2;4871;2021-05-17 05:00:00;22457;HH;верх;1855,460;1852,875;11,805;4;1
2/2;4872;2021-05-17 13:00:00;22465;HL;низ;1844,105;1866,425;11,355;8;1
2/2;4873;2021-05-17 17:00:00;22469;HH;верх;1868,525;1865,640;24,420;4;1
2/2;4874;2021-05-17 22:00:00;22473;HL;низ;1865,365;1869,175;3,160;4;1
2/2;4875;2021-05-18 01:00:00;22476;HH;верх;1873,825;1868,245;8,460;3;1
2/2;4876;2021-05-18 04:00:00;22479;HL;низ;1866,855;1870,580;6,970;3;1
2/2;4877;2021-05-18 06:00:00;22481;LH;верх;1871,700;1869,534;4,845;2;1
2/2;4878;2021-05-18 08:00:00;22483;HL;низ;1867,425;1868,494;4,275;2;1
2/2;4879;2021-05-18 12:00:00;22487;HH;верх;1875,040;1866,945;7,615;4;1
2/2;4880;2021-05-18 14:00:00;22489;LL;низ;1863,285;1867,490;11,755;2;1
2/2;4881;2021-05-19 01:00:00;22499;LH;верх;1871,625;1868,765;8,340;10;1
2/2;4882;2021-05-19 02:00:00;22500;HL;низ;1864,595;1868,130;7,030;1;1
2/2;4883;2021-05-19 06:00:00;22504;HH;верх;1874,025;1863,265;9,430;4;1
2/2;4884;2021-05-19 11:00:00;22509;LL;низ;1852,230;1889,080;21,795;5;1
2/2;4885;2021-05-19 13:00:00;22511;HH;верх;1890,145;1885,325;37,915;2;1
2/2;4886;2021-05-19 19:00:00;22517;HL;низ;1862,060;1868,306;28,085;6;2
2/2;4887;2021-05-20 05:00:00;22526;LH;верх;1879,135;1874,195;17,075;9;2
2/2;4888;2021-05-20 10:00:00;22531;HL;низ;1865,310;1871,500;13,825;5;1
2/2;4889;2021-05-20 16:00:00;22537;HH;верх;1883,985;1874,575;18,675;6;1
2/2;4890;2021-05-21 02:00:00;22546;HL;низ;1870,486;1876,195;13,499;9;2
2/2;4891;2021-05-21 05:00:00;22549;LH;верх;1877,170;1875,770;6,684;3;1
2/2;4892;2021-05-21 06:00:00;22550;HL;низ;1872,756;1876,185;4,414;1;1
2/2;4893;2021-05-21 13:00:00;22557;HH;верх;1889,420;1875,445;16,664;7;1
2/2;4894;2021-05-21 16:00:00;22560;LL;низ;1870,190;1879,455;19,230;3;1
2/2;4895;2021-05-24 01:00:00;22568;LH;верх;1887,070;1883,530;16,880;8;1
2/2;4896;2021-05-24 01:00:00;22568;HL;низ;1879,900;1883,530;7,170;0;1
2/2;4897;2021-05-24 05:00:00;22572;LH;верх;1886,265;1881,934;6,365;4;1
2/2;4898;2021-05-24 08:00:00;22575;LL;низ;1875,200;1881,890;11,065;3;1
2/2;4899;2021-05-24 12:00:00;22579;HH;верх;1886,330;1884,760;11,130;4;1
2/2;4900;2021-05-25 01:00:00;22591;LL;низ;1872,755;1879,350;13,575;12;3
2/2;4901;2021-05-25 07:00:00;22597;HH;верх;1887,345;1883,640;14,590;6;1
2/2;4902;2021-05-25 13:00:00;22603;HL;низ;1879,890;1892,245;7,455;6;1
2/2;4903;2021-05-25 20:00:00;22610;HH;верх;1900,300;1898,284;20,410;7;2
2/2;4904;2021-05-26 00:00:00;22613;HL;низ;1897,070;1906,640;3,230;3;1
2/2;4905;2021-05-26 03:00:00;22616;HH;верх;1907,815;1903,385;10,745;3;1
2/2;4906;2021-05-26 06:00:00;22619;HL;низ;1900,515;1906,525;7,300;3;1
2/2;4907;2021-05-26 07:00:00;22620;HH;верх;1910,325;1907,070;9,810;1;1
2/2;4908;2021-05-26 09:00:00;22622;HL;низ;1903,655;1905,510;6,670;2;1
2/2;4909;2021-05-26 12:00:00;22625;HH;верх;1912,785;1900,070;9,130;3;1
2/2;4910;2021-05-26 17:00:00;22630;LL;низ;1890,740;1896,670;22,045;5;2
2/2;4911;2021-05-26 23:00:00;22635;LH;верх;1897,790;1894,605;7,050;5;1
2/2;4912;2021-05-27 01:00:00;22637;HL;низ;1892,270;1896,665;5,520;2;1
2/2;4913;2021-05-27 06:00:00;22642;HH;верх;1903,706;1896,476;11,436;5;1
2/2;4914;2021-05-27 08:00:00;22644;HL;низ;1894,165;1895,935;9,541;2;1
2/2;4915;2021-05-27 13:00:00;22649;LH;верх;1898,860;1893,400;4,695;5;1
2/2;4916;2021-05-27 13:00:00;22649;LL;низ;1888,315;1893,400;10,545;0;1
2/2;4917;2021-05-27 19:00:00;22655;HH;верх;1899,000;1896,290;10,685;6;2
2/2;4918;2021-05-28 06:00:00;22665;LL;низ;1887,970;1893,555;11,030;10;1
2/2;4919;2021-05-28 08:00:00;22667;LH;верх;1894,850;1892,920;6,880;2;1
2/2;4920;2021-05-28 12:00:00;22671;LL;низ;1882,250;1894,840;12,600;4;1
2/2;4921;2021-05-28 20:00:00;22679;HH;верх;1906,120;1903,925;23,870;8;2
2/2;4922;2021-05-31 00:00:00;22682;HL;низ;1902,625;1910,235;3,495;3;1
2/2;4923;2021-05-31 03:00:00;22685;HH;верх;1910,655;1906,940;8,030;3;1
2/2;4924;2021-05-31 06:00:00;22688;HL;низ;1903,565;1906,460;7,090;3;1
2/2;4925;2021-05-31 09:00:00;22691;LH;верх;1907,015;1904,735;3,450;3;1
2/2;4926;2021-05-31 11:00:00;22693;LL;низ;1902,190;1906,246;4,825;2;1
2/2;4927;2021-06-01 02:00:00;22703;HH;верх;1914,445;1910,750;12,255;10;2
2/2;4928;2021-06-01 05:00:00;22706;HL;низ;1909,955;1912,770;4,490;3;1
2/2;4929;2021-06-01 06:00:00;22707;HH;верх;1916,615;1911,600;6,660;1;1
2/2;4930;2021-06-01 10:00:00;22711;LL;низ;1904,545;1910,240;12,070;4;1
2/2;4931;2021-06-01 13:00:00;22714;LH;верх;1912,045;1899,795;7,500;3;1
2/2;4932;2021-06-01 14:00:00;22715;LL;низ;1892,445;1903,386;19,600;1;2
2/2;4933;2021-06-02 01:00:00;22725;LH;верх;1902,370;1898,016;9,925;10;1
2/2;4934;2021-06-02 05:00:00;22729;HL;низ;1895,275;1898,510;7,095;4;1
2/2;4935;2021-06-02 07:00:00;22731;LH;верх;1900,800;1897,305;5,525;2;1
2/2;4936;2021-06-02 11:00:00;22735;LL;низ;1894,455;1903,290;6,345;4;1
2/2;4937;2021-06-02 13:00:00;22737;HH;верх;1908,840;1905,535;14,385;2;1
2/2;4938;2021-06-02 14:00:00;22738;HL;низ;1900,660;1906,555;8,180;1;1
2/2;4939;2021-06-03 01:00:00;22748;HH;верх;1909,690;1905,090;9,030;10;1
2/2;4940;2021-06-03 07:00:00;22754;LL;низ;1890,705;1893,150;18,985;6;1
2/2;4941;2021-06-03 10:00:00;22757;LH;верх;1898,220;1882,300;7,515;3;1
2/2;4942;2021-06-03 13:00:00;22760;LL;низ;1865,360;1869,430;32,860;3;1
2/2;4943;2021-06-03 18:00:00;22765;LH;верх;1874,196;1870,545;8,836;5;1
2/2;4944;2021-06-03 20:00:00;22767;HL;низ;1870,426;1871,070;3,770;2;1
2/2;4945;2021-06-03 23:00:00;22769;LH;верх;1872,160;1859,980;1,734;2;1
2/2;4946;2021-06-04 01:00:00;22771;LL;низ;1856,040;1870,190;16,120;2;2
2/2;4947;2021-06-04 07:00:00;22777;HH;верх;1875,150;1871,200;19,110;6;1
2/2;4948;2021-06-04 11:00:00;22781;HL;низ;1868,805;1891,410;6,345;4;1
2/2;4949;2021-06-04 14:00:00;22784;HH;верх;1896,240;1889,385;27,435;3;1
2/2;4950;2021-06-04 17:00:00;22787;HL;низ;1888,370;1892,030;7,870;3;1
2/2;4951;2021-06-04 19:00:00;22789;LH;верх;1892,244;1889,980;3,874;2;2
2/2;4952;2021-06-07 07:00:00;22800;LL;низ;1881,606;1884,410;10,638;11;2
2/2;4953;2021-06-08 01:00:00;22817;HH;верх;1903,380;1896,110;21,774;17;3
2/2;4954;2021-06-08 08:00:00;22824;HL;низ;1889,770;1894,446;13,610;7;1
2/2;4955;2021-06-08 12:00:00;22828;HH;верх;1903,930;1894,700;14,160;4;1
2/2;4956;2021-06-08 13:00:00;22829;LL;низ;1883,785;1891,255;20,145;1;1
2/2;4957;2021-06-08 18:00:00;22834;LH;верх;1894,055;1892,940;10,270;5;1
2/2;4958;2021-06-09 02:00:00;22841;HL;низ;1891,520;1894,016;2,535;7;2
2/2;4959;2021-06-09 03:00:00;22842;HH;верх;1896,445;1893,325;4,925;1;1
2/2;4960;2021-06-09 09:00:00;22848;LL;низ;1887,435;1891,475;9,010;6;1
2/2;4961;2021-06-09 13:00:00;22852;HH;верх;1899,076;1891,565;11,641;4;1
2/2;4962;2021-06-09 14:00:00;22853;HL;низ;1888,060;1891,270;11,016;1;1
2/2;4963;2021-06-09 17:00:00;22856;LH;верх;1893,305;1889,915;5,245;3;2
2/2;4964;2021-06-10 02:00:00;22864;LL;низ;1884,400;1885,530;8,905;8;1
2/2;4965;2021-06-10 06:00:00;22868;LH;верх;1888,130;1882,360;3,730;4;1
2/2;4966;2021-06-10 12:00:00;22874;LL;низ;1869,945;1889,005;18,185;6;2
2/2;4967;2021-06-10 20:00:00;22882;HH;верх;1899,990;1898,465;30,045;8;1
2/2;4968;2021-06-11 00:00:00;22885;HL;низ;1897,450;1899,500;2,540;3;1
2/2;4969;2021-06-11 07:00:00;22892;HH;верх;1903,120;1892,700;5,670;7;2
2/2;4970;2021-06-11 18:00:00;22903;LL;низ;1874,540;1877,820;28,580;11;1
2/2;4971;2021-06-13 22:00:00;22906;LH;верх;1878,080;1870,925;3,540;3;2
2/2;4972;2021-06-14 12:00:00;22920;LL;низ;1844,630;1866,220;33,450;14;1
2/2;4973;2021-06-14 14:00:00;22922;LH;верх;1869,836;1864,186;25,206;2;2
2/2;4974;2021-06-15 01:00:00;22932;HL;низ;1858,755;1863,590;11,081;10;1
2/2;4975;2021-06-15 06:00:00;22937;LH;верх;1869,205;1864,140;10,450;5;1
2/2;4976;2021-06-15 08:00:00;22939;HL;низ;1862,285;1864,866;6,920;2;1
2/2;4977;2021-06-15 13:00:00;22944;LH;верх;1868,150;1855,950;5,865;5;1
2/2;4978;2021-06-15 16:00:00;22947;LL;низ;1851,665;1857,525;16,485;3;1
2/2;4979;2021-06-15 22:00:00;22952;LH;верх;1860,855;1854,620;9,190;5;1
2/2;4980;2021-06-16 02:00:00;22956;HL;низ;1853,270;1860,040;7,585;4;1
2/2;4981;2021-06-16 06:00:00;22960;HH;верх;1861,620;1860,016;8,350;4;1
2/2;4982;2021-06-16 11:00:00;22965;LL;низ;1852,910;1859,036;8,710;5;2
2/2;4983;2021-06-16 17:00:00;22971;HH;верх;1863,320;1828,130;10,410;6;2
2/2;4984;2021-06-16 20:00:00;22974;LL;низ;1803,636;1818,900;59,684;3;1
2/2;4985;2021-06-17 02:00:00;22979;LH;верх;1825,326;1821,620;21,690;5;1
2/2;4986;2021-06-17 15:00:00;22992;LL;низ;1767,295;1778,715;58,031;13;1
2/2;4987;2021-06-17 18:00:00;22995;LH;верх;1782,014;1773,370;14,719;3;1
2/2;4988;2021-06-17 20:00:00;22997;HL;низ;1769,735;1776,875;12,279;2;1
2/2;4989;2021-06-18 04:00:00;23004;HH;верх;1787,210;1783,790;17,475;7;1
2/2;4990;2021-06-18 05:00:00;23005;HL;низ;1782,235;1793,170;4,975;1;1
2/2;4991;2021-06-18 09:00:00;23009;HH;верх;1797,316;1794,115;15,081;4;1
2/2;4992;2021-06-18 20:00:00;23020;LL;низ;1761,040;1769,435;36,276;11;2
2/2;4993;2021-06-21 03:00:00;23026;LH;верх;1776,930;1773,350;15,890;6;1
2/2;4994;2021-06-21 05:00:00;23028;HL;низ;1766,526;1778,750;10,404;2;1
2/2;4995;2021-06-21 09:00:00;23032;HH;верх;1785,955;1782,725;19,429;4;1
2/2;4996;2021-06-21 14:00:00;23037;HL;низ;1773,555;1783,275;12,400;5;1
2/2;4997;2021-06-21 22:00:00;23044;HH;верх;1787,765;1786,025;14,210;7;2
2/2;4998;2021-06-22 01:00:00;23047;HL;низ;1782,880;1789,036;4,885;3;1
2/2;4999;2021-06-22 03:00:00;23049;HH;верх;1790,200;1781,235;7,320;2;1
2/2;5000;2021-06-22 08:00:00;23054;LL;низ;1776,520;1784,930;13,680;5;1
2/2;5001;2021-06-22 11:00:00;23057;LH;верх;1787,580;1775,905;11,060;3;1
2/2;5002;2021-06-22 12:00:00;23058;LL;низ;1772,390;1779,936;15,190;1;1
2/2;5003;2021-06-22 18:00:00;23064;LH;верх;1783,220;1778,865;10,830;6;2
2/2;5004;2021-06-22 20:00:00;23066;HL;низ;1775,216;1777,735;8,004;2;2
2/2;5005;2021-06-23 03:00:00;23072;HH;верх;1783,965;1781,590;8,749;6;1
2/2;5006;2021-06-23 05:00:00;23074;HL;низ;1777,606;1781,970;6,359;2;1
2/2;5007;2021-06-23 09:00:00;23078;HH;верх;1785,586;1783,200;7,980;4;1
2/2;5008;2021-06-23 12:00:00;23081;HL;низ;1780,070;1789,930;5,516;3;1
2/2;5009;2021-06-23 14:00:00;23083;HH;верх;1794,985;1783,405;14,915;2;1
2/2;5010;2021-06-23 19:00:00;23088;LL;низ;1773,330;1779,680;21,655;5;1
2/2;5011;2021-06-23 22:00:00;23090;LH;верх;1780,195;1778,800;6,865;2;1
2/2;5012;2021-06-23 23:00:00;23091;HL;низ;1774,320;1777,630;5,875;1;1
2/2;5013;2021-06-24 01:00:00;23093;LH;верх;1780,135;1775,970;5,815;2;1
2/2;5014;2021-06-24 04:00:00;23096;LL;низ;1772,875;1777,055;7,260;3;1
2/2;5015;2021-06-24 12:00:00;23104;HH;верх;1788,040;1778,585;15,165;8;1
2/2;5016;2021-06-24 20:00:00;23112;HL;низ;1773,675;1775,310;14,365;8;2
2/2;5017;2021-06-24 22:00:00;23113;LH;верх;1777,215;1774,085;3,540;1;1
2/2;5018;2021-06-25 01:00:00;23116;HL;низ;1773,795;1777,850;3,420;3;1
2/2;5019;2021-06-25 02:00:00;23117;HH;верх;1779,695;1776,305;5,900;1;1
2/2;5020;2021-06-25 05:00:00;23120;HL;низ;1775,810;1782,640;3,885;3;2
2/2;5021;2021-06-25 12:00:00;23127;HH;верх;1790,446;1782,060;14,636;7;1
2/2;5022;2021-06-25 16:00:00;23131;HL;низ;1776,376;1778,220;14,070;4;1
2/2;5023;2021-06-27 22:00:00;23136;LH;верх;1782,900;1780,715;6,524;5;1
2/2;5024;2021-06-28 01:00:00;23139;LL;низ;1770,780;1779,220;12,120;3;1
2/2;5025;2021-06-28 06:00:00;23144;HH;верх;1785,830;1779,230;15,050;5;1
2/2;5026;2021-06-28 12:00:00;23150;HL;низ;1773,470;1777,890;12,360;6;2
2/2;5027;2021-06-28 13:00:00;23151;LH;верх;1783,030;1780,940;9,560;1;1
2/2;5028;2021-06-29 04:00:00;23165;HL;низ;1773,845;1776,546;9,185;14;2
2/2;5029;2021-06-29 05:00:00;23166;LH;верх;1779,034;1773,435;5,189;1;1
2/2;5030;2021-06-29 08:00:00;23169;LL;низ;1767,616;1769,055;11,418;3;1
2/2;5031;2021-06-29 12:00:00;23173;LH;верх;1776,060;1754,660;8,444;4;1
2/2;5032;2021-06-29 12:00:00;23173;LL;низ;1750,740;1754,660;25,320;0;1
2/2;5033;2021-06-29 16:00:00;23177;LH;верх;1765,970;1763,905;15,230;4;1
2/2;5034;2021-06-30 01:00:00;23185;HL;низ;1759,140;1761,206;6,830;8;2
2/2;5035;2021-06-30 02:00:00;23186;LH;верх;1764,690;1759,050;5,550;1;1
2/2;5036;2021-06-30 08:00:00;23192;LL;низ;1753,440;1756,910;11,250;6;2
2/2;5037;2021-06-30 16:00:00;23200;HH;верх;1774,450;1769,426;21,010;8;1
2/2;5038;2021-07-01 01:00:00;23208;HL;низ;1765,740;1776,105;8,710;8;2
2/2;5039;2021-07-01 06:00:00;23213;HH;верх;1779,110;1774,655;13,370;5;1
2/2;5040;2021-07-01 12:00:00;23219;HL;низ;1772,460;1774,340;6,650;6;2
2/2;5041;2021-07-01 14:00:00;23221;HH;верх;1782,890;1771,925;10,430;2;1
2/2;5042;2021-07-01 15:00:00;23222;LL;низ;1768,400;1773,340;14,490;1;1
2/2;5043;2021-07-01 17:00:00;23224;LH;верх;1776,906;1776,110;8,506;2;1
2/2;5044;2021-07-02 00:00:00;23230;HL;низ;1775,055;1778,490;1,851;6;1
2/2;5045;2021-07-02 01:00:00;23231;HH;верх;1779,905;1779,010;4,850;1;2
2/2;5046;2021-07-02 07:00:00;23237;LL;низ;1774,356;1781,885;5,549;6;2
2/2;5047;2021-07-02 13:00:00;23243;HH;верх;1795,100;1782,915;20,744;6;2
2/2;5048;2021-07-05 00:00:00;23253;HL;низ;1784,520;1788,080;10,580;10;1
2/2;5049;2021-07-05 01:00:00;23254;LH;верх;1789,970;1785,570;5,450;1;1
2/2;5050;2021-07-05 06:00:00;23259;HL;низ;1784,785;1792,855;5,185;5;1
2/2;5051;2021-07-05 08:00:00;23261;HH;верх;1794,745;1793,160;9,960;2;1
2/2;5052;2021-07-05 11:00:00;23264;HL;низ;1789,280;1791,255;5,465;3;1
2/2;5053;2021-07-05 13:00:00;23266;LH;верх;1793,280;1790,920;4,000;2;1
2/2;5054;2021-07-05 15:00:00;23268;HL;низ;1789,974;1791,915;3,306;2;1
2/2;5055;2021-07-06 07:00:00;23279;HH;верх;1809,220;1807,595;19,246;11;2
2/2;5056;2021-07-06 08:00:00;23280;HL;низ;1802,450;1807,485;6,770;1;1
2/2;5057;2021-07-06 12:00:00;23284;HH;верх;1815,046;1804,726;12,596;4;1
2/2;5058;2021-07-06 16:00:00;23288;LL;низ;1790,150;1796,840;24,896;4;1
2/2;5059;2021-07-06 19:00:00;23291;LH;верх;1797,760;1795,610;7,610;3;1
2/2;5060;2021-07-07 00:00:00;23295;HL;низ;1793,995;1800,075;3,765;4;1
2/2;5061;2021-07-07 01:00:00;23296;HH;верх;1803,020;1801,170;9,025;1;1
2/2;5062;2021-07-07 04:00:00;23299;HL;низ;1797,425;1803,280;5,595;3;1
2/2;5063;2021-07-07 12:00:00;23307;HH;верх;1809,890;1805,735;12,465;8;1
2/2;5064;2021-07-07 14:00:00;23309;LL;низ;1797,095;1801,830;12,795;2;2
2/2;5065;2021-07-07 18:00:00;23313;LH;верх;1808,316;1803,716;11,221;4;1
2/2;5066;2021-07-07 20:00:00;23315;HL;низ;1802,474;1803,430;5,842;2;1
2/2;5067;2021-07-07 23:00:00;23317;LH;верх;1805,645;1799,780;3,171;2;1
2/2;5068;2021-07-08 04:00:00;23322;LL;низ;1796,325;1797,575;9,320;5;1
2/2;5069;2021-07-08 12:00:00;23330;HH;верх;1818,540;1801,640;22,215;8;1
2/2;5070;2021-07-08 15:00:00;23333;LL;низ;1794,215;1799,815;24,325;3;3
2/2;5071;2021-07-09 02:00:00;23343;LH;верх;1807,926;1801,295;13,711;10;1
2/2;5072;2021-07-09 06:00:00;23347;HL;низ;1796,740;1802,630;11,186;4;1
2/2;5073;2021-07-09 07:00:00;23348;LH;верх;1806,110;1804,546;9,370;1;1
2/2;5074;2021-07-09 11:00:00;23352;HL;низ;1798,325;1803,930;7,785;4;1
2/2;5075;2021-07-09 18:00:00;23359;HH;верх;1812,445;1808,465;14,120;7;3
2/2;5076;2021-07-12 06:00:00;23370;HL;низ;1799,020;1803,300;13,425;11;1
2/2;5077;2021-07-12 14:00:00;23378;LH;верх;1807,560;1805,780;8,540;8;2
2/2;5078;2021-07-12 14:00:00;23378;LL;низ;1791,645;1805,780;15,915;0;1
2/2;5079;2021-07-12 19:00:00;23383;HH;верх;1807,565;1807,050;15,920;5;1
2/2;5080;2021-07-12 20:00:00;23384;HL;низ;1805,180;1807,255;2,385;1;1
2/2;5081;2021-07-13 02:00:00;23389;HH;верх;1812,850;1809,800;7,670;5;1
2/2;5082;2021-07-13 05:00:00;23392;HL;низ;1806,175;1809,985;6,675;3;1
2/2;5083;2021-07-13 06:00:00;23393;LH;верх;1812,410;1809,015;6,235;1;1
2/2;5084;2021-07-13 08:00:00;23395;LL;низ;1805,945;1808,755;6,465;2;1
2/2;5085;2021-07-13 12:00:00;23399;HH;верх;1817,260;1812,900;11,315;4;1
2/2;5086;2021-07-13 12:00:00;23399;LL;низ;1798,670;1812,900;18,590;0;4
2/2;5087;2021-07-14 13:00:00;23423;HH;верх;1829,880;1822,700;31,210;24;3
2/2;5088;2021-07-15 03:00:00;23436;HL;низ;1823,750;1829,100;6,130;13;1
2/2;5089;2021-07-15 07:00:00;23440;HH;верх;1834,195;1832,070;10,445;4;1
2/2;5090;2021-07-15 15:00:00;23448;LL;низ;1820,375;1829,710;13,820;8;1
2/2;5091;2021-07-15 23:00:00;23455;LH;верх;1832,066;1826,415;11,691;7;2
2/2;5092;2021-07-16 11:00:00;23467;LL;низ;1815,540;1825,105;16,526;12;3
2/2;5093;2021-07-16 13:00:00;23469;LH;верх;1826,785;1812,810;11,245;2;1
2/2;5094;2021-07-16 19:00:00;23475;LL;низ;1809,030;1812,096;17,755;6;2
2/2;5095;2021-07-19 00:00:00;23479;LH;верх;1817,420;1812,090;8,390;4;2
2/2;5096;2021-07-19 12:00:00;23491;LL;низ;1795,120;1811,480;22,300;12;1
2/2;5097;2021-07-19 14:00:00;23493;LH;верх;1815,655;1808,876;20,535;2;1
2/2;5098;2021-07-19 15:00:00;23494;HL;низ;1804,940;1807,700;10,715;1;2
2/2;5099;2021-07-19 20:00:00;23499;LH;верх;1813,415;1811,510;8,475;5;1
2/2;5100;2021-07-19 23:00:00;23501;HL;низ;1810,825;1817,715;2,590;2;1
2/2;5101;2021-07-20 02:00:00;23504;HH;верх;1819,175;1817,850;8,350;3;1
2/2;5102;2021-07-20 08:00:00;23510;HL;низ;1811,730;1815,280;7,445;6;1
2/2;5103;2021-07-20 13:00:00;23515;HH;верх;1825,006;1807,510;13,276;5;1
2/2;5104;2021-07-20 15:00:00;23517;LL;низ;1805,130;1810,035;19,876;2;1
2/2;5105;2021-07-20 17:00:00;23519;LH;верх;1812,056;1810,056;6,926;2;1
2/2;5106;2021-07-20 19:00:00;23521;HL;низ;1808,315;1809,620;3,741;2;1
2/2;5107;2021-07-20 22:00:00;23523;LH;верх;1811,090;1808,725;2,775;2;1
2/2;5108;2021-07-21 01:00:00;23526;LL;низ;1805,260;1808,760;5,830;3;1
2/2;5109;2021-07-21 06:00:00;23531;HH;верх;1813,795;1807,485;8,535;5;1
2/2;5110;2021-07-21 12:00:00;23537;LL;низ;1794,666;1800,770;19,129;6;1
2/2;5111;2021-07-21 13:00:00;23538;LH;верх;1805,830;1804,175;11,164;1;1
2/2;5112;2021-07-21 18:00:00;23543;HL;низ;1801,946;1803,505;3,884;5;1
2/2;5113;2021-07-21 19:00:00;23544;LH;верх;1805,440;1803,845;3,494;1;1
2/2;5114;2021-07-22 04:00:00;23552;LL;низ;1797,355;1801,710;8,085;8;1
2/2;5115;2021-07-22 07:00:00;23555;LH;верх;1803,480;1796,650;6,125;3;1
2/2;5116;2021-07-22 08:00:00;23556;LL;низ;1792,835;1795,056;10,645;1;1
2/2;5117;2021-07-22 12:00:00;23560;HH;верх;1806,300;1803,755;13,465;4;1
2/2;5118;2021-07-22 12:00:00;23560;HL;низ;1794,140;1803,755;12,160;0;1
2/2;5119;2021-07-22 15:00:00;23563;HH;верх;1808,116;1806,820;13,976;3;1
2/2;5120;2021-07-22 20:00:00;23568;HL;низ;1806,220;1807,200;1,896;5;1
2/2;5121;2021-07-22 23:00:00;23570;HH;верх;1808,605;1804,235;2,385;2;1
2/2;5122;2021-07-23 06:00:00;23577;LL;низ;1801,360;1804,400;7,245;7;1
2/2;5123;2021-07-23 07:00:00;23578;HH;верх;1810,370;1802,546;9,010;1;1
2/2;5124;2021-07-23 11:00:00;23582;LL;низ;1789,690;1802,270;20,680;4;1
2/2;5125;2021-07-23 12:00:00;23583;LH;верх;1805,060;1798,410;15,370;1;3
2/2;5126;2021-07-26 00:00:00;23594;HL;низ;1798,570;1805,045;6,490;11;2
2/2;5127;2021-07-26 07:00:00;23601;HH;верх;1811,605;1808,470;13,035;7;2
2/2;5128;2021-07-26 18:00:00;23612;LL;низ;1796,445;1797,575;15,160;11;2
2/2;5129;2021-07-27 01:00:00;23618;LH;верх;1799,915;1799,430;3,470;6;2
2/2;5130;2021-07-27 06:00:00;23623;LL;низ;1793,695;1796,275;6,220;5;2
2/2;5131;2021-07-27 07:00:00;23624;HH;верх;1801,290;1797,180;7,595;1;1
2/2;5132;2021-07-27 11:00:00;23628;HL;низ;1795,170;1800,565;6,120;4;1
2/2;5133;2021-07-27 12:00:00;23629;HH;верх;1805,290;1797,590;10,120;1;1
2/2;5134;2021-07-27 14:00:00;23631;LL;низ;1794,660;1800,186;10,630;2;1
2/2;5135;2021-07-27 18:00:00;23635;LH;верх;1802,230;1798,995;7,570;4;1
2/2;5136;2021-07-28 01:00:00;23641;HL;низ;1798,145;1806,355;4,085;6;2
2/2;5137;2021-07-28 03:00:00;23643;HH;верх;1807,490;1805,535;9,345;2;2
2/2;5138;2021-07-28 18:00:00;23658;LL;низ;1792,795;1806,895;14,695;15;2
2/2;5139;2021-07-29 01:00:00;23664;HH;верх;1817,550;1815,120;24,755;6;2
2/2;5140;2021-07-29 08:00:00;23671;HL;низ;1815,235;1821,925;2,315;7;1
2/2;5141;2021-07-29 16:00:00;23679;HH;верх;1832,730;1831,230;17,495;8;2
2/2;5142;2021-07-29 20:00:00;23683;HL;низ;1827,885;1830,330;4,845;4;1
2/2;5143;2021-07-29 23:00:00;23685;LH;верх;1831,305;1828,275;3,420;2;1
2/2;5144;2021-07-30 05:00:00;23691;LL;низ;1825,994;1829,336;5,311;6;2
2/2;5145;2021-07-30 07:00:00;23693;HH;верх;1831,410;1828,436;5,416;2;2
2/2;5146;2021-07-30 18:00:00;23704;LL;низ;1810,325;1814,180;21,085;11;1
2/2;5147;2021-08-02 01:00:00;23710;LH;верх;1816,985;1812,116;6,660;6;1
2/2;5148;2021-08-02 01:00:00;23710;LL;низ;1808,610;1812,116;8,375;0;1
2/2;5149;2021-08-02 05:00:00;23714;LH;верх;1813,414;1808,146;4,804;4;1
2/2;5150;2021-08-02 12:00:00;23721;LL;низ;1805,875;1814,770;7,539;7;2
2/2;5151;2021-08-02 17:00:00;23726;HH;верх;1819,560;1813,216;13,685;5;1
2/2;5152;2021-08-02 19:00:00;23728;HL;низ;1812,750;1813,025;6,810;2;1
2/2;5153;2021-08-03 00:00:00;23732;LH;верх;1813,980;1811,215;1,230;4;1
2/2;5154;2021-08-03 06:00:00;23738;LL;низ;1808,296;1810,880;5,684;6;2
2/2;5155;2021-08-03 08:00:00;23740;LH;верх;1812,210;1811,050;3,914;2;1
2/2;5156;2021-08-03 12:00:00;23744;LL;низ;1807,175;1811,510;5,035;4;2
2/2;5157;2021-08-03 13:00:00;23745;HH;верх;1815,065;1809,340;7,890;1;1
2/2;5158;2021-08-03 15:00:00;23747;HL;низ;1808,775;1810,180;6,290;2;3
2/2;5159;2021-08-04 03:00:00;23758;LH;верх;1814,875;1813,840;6,100;11;1
2/2;5160;2021-08-04 05:00:00;23760;HL;низ;1812,130;1814,630;2,745;2;1
2/2;5161;2021-08-04 07:00:00;23762;HH;верх;1815,255;1814,960;3,125;2;1
2/2;5162;2021-08-04 09:00:00;23764;LL;низ;1810,860;1817,920;4,395;2;1
2/2;5163;2021-08-04 13:00:00;23768;HH;верх;1831,770;1811,230;20,910;4;1
2/2;5164;2021-08-04 15:00:00;23770;LL;низ;1806,456;1812,415;25,314;2;1
2/2;5165;2021-08-04 17:00:00;23772;LH;верх;1813,150;1812,020;6,694;2;2
2/2;5166;2021-08-05 01:00:00;23779;HL;низ;1809,130;1811,170;4,020;7;1
2/2;5167;2021-08-05 07:00:00;23785;HH;верх;1814,680;1810,575;5,550;6;1
2/2;5168;2021-08-05 08:00:00;23786;LL;низ;1808,446;1813,465;6,234;1;1
2/2;5169;2021-08-05 11:00:00;23789;HH;верх;1814,925;1803,820;6,479;3;1
2/2;5170;2021-08-05 13:00:00;23791;LL;низ;1797,900;1804,340;17,025;2;1
2/2;5171;2021-08-05 16:00:00;23794;LH;верх;1808,290;1803,790;10,390;3;1
2/2;5172;2021-08-05 18:00:00;23796;HL;низ;1803,445;1804,156;4,845;2;1
2/2;5173;2021-08-06 06:00:00;23807;LH;верх;1802,080;1799,795;1,365;11;1
2/2;5174;2021-08-06 07:00:00;23808;LL;низ;1797,090;1798,850;4,990;1;1
2/2;5175;2021-08-06 12:00:00;23813;LH;верх;1801,470;1761,070;4,380;5;1
2/2;5176;2021-08-06 16:00:00;23817;LL;низ;1758,800;1763,735;42,670;4;1
2/2;5177;2021-08-06 18:00:00;23819;LH;верх;1765,810;1763,085;7,010;2;2
2/2;5178;2021-08-08 22:00:00;23822;LL;низ;1677,686;1727,775;88,124;3;1
2/2;5179;2021-08-09 07:00:00;23831;LH;верх;1752,720;1743,850;75,034;9;2
2/2;5180;2021-08-09 09:00:00;23833;HL;низ;1739,035;1744,250;13,685;2;1
2/2;5181;2021-08-09 11:00:00;23835;LH;верх;1748,866;1738,765;9,831;2;1
2/2;5182;2021-08-09 16:00:00;23840;LL;низ;1723,920;1728,405;24,946;5;1
2/2;5183;2021-08-09 18:00:00;23842;LH;верх;1731,770;1729,675;7,850;2;1
2/2;5184;2021-08-10 05:00:00;23852;HL;низ;1732,795;1735,905;1,025;10;1
2/2;5185;2021-08-10 06:00:00;23853;HH;верх;1738,330;1731,676;5,535;1;2
2/2;5186;2021-08-10 14:00:00;23861;LL;низ;1717,785;1729,470;20,545;8;1
2/2;5187;2021-08-10 15:00:00;23862;LH;верх;1732,840;1731,180;15,055;1;1
2/2;5188;2021-08-11 01:00:00;23871;HL;низ;1724,200;1733,935;8,640;9;1
2/2;5189;2021-08-11 03:00:00;23873;HH;верх;1735,256;1734,305;11,056;2;1
2/2;5190;2021-08-11 07:00:00;23877;HL;низ;1728,980;1733,490;6,276;4;1
2/2;5191;2021-08-11 17:00:00;23887;HH;верх;1754,534;1752,860;25,554;10;2
2/2;5192;2021-08-11 22:00:00;23891;HL;низ;1750,755;1751,386;3,779;4;1
2/2;5193;2021-08-12 00:00:00;23893;LH;верх;1753,700;1749,960;2,945;2;1
2/2;5194;2021-08-12 02:00:00;23895;LL;низ;1748,950;1751,875;4,750;2;2
2/2;5195;2021-08-12 07:00:00;23900;HH;верх;1758,200;1753,860;9,250;5;1
2/2;5196;2021-08-12 13:00:00;23906;LL;низ;1741,655;1751,765;16,545;6;1
2/2;5197;2021-08-12 16:00:00;23909;LH;верх;1754,025;1751,820;12,370;3;2
2/2;5198;2021-08-13 01:00:00;23917;HL;низ;1751,745;1755,260;2,280;8;1
2/2;5199;2021-08-13 07:00:00;23923;HH;верх;1760,346;1758,485;8,601;6;2
2/2;5200;2021-08-13 12:00:00;23928;HL;низ;1757,035;1773,340;3,311;5;1
2/2;5201;2021-08-13 16:00:00;23932;HH;верх;1779,340;1776,920;22,305;4;1
2/2;5202;2021-08-13 19:00:00;23935;HL;низ;1775,965;1779,155;3,375;3;1
2/2;5203;2021-08-16 01:00:00;23940;HH;верх;1782,655;1776,820;6,690;5;1
2/2;5204;2021-08-16 06:00:00;23945;LL;низ;1771,900;1776,060;10,755;5;1
2/2;5205;2021-08-16 07:00:00;23946;LH;верх;1777,575;1776,220;5,675;1;1
2/2;5206;2021-08-16 11:00:00;23950;LL;низ;1770,876;1786,730;6,699;4;1
2/2;5207;2021-08-16 14:00:00;23953;HH;верх;1789,300;1786,745;18,424;3;3
2/2;5208;2021-08-17 01:00:00;23963;HL;низ;1784,483;1786,021;4,817;10;1
2/2;5209;2021-08-17 11:00:00;23973;HH;верх;1795,600;1789,835;11,117;10;2
2/2;5210;2021-08-17 15:00:00;23977;LL;низ;1780,670;1784,320;14,930;4;1
2/2;5211;2021-08-17 22:00:00;23983;LH;верх;1786,965;1786,070;6,295;6;2
2/2;5212;2021-08-18 00:00:00;23985;HL;низ;1785,180;1791,315;1,785;2;1
2/2;5213;2021-08-18 03:00:00;23988;HH;верх;1792,360;1790,740;7,180;3;1
2/2;5214;2021-08-18 05:00:00;23990;HL;низ;1787,960;1790,325;4,400;2;1
2/2;5215;2021-08-18 07:00:00;23992;HH;верх;1793,833;1788,195;5,873;2;1
2/2;5216;2021-08-18 11:00:00;23996;LL;низ;1782,990;1786,002;10,843;4;1
2/2;5217;2021-08-18 12:00:00;23997;LH;верх;1791,355;1781,970;8,365;1;1
2/2;5218;2021-08-18 15:00:00;24000;LL;низ;1777,430;1781,120;13,925;3;1
2/2;5219;2021-08-18 18:00:00;24003;LH;верх;1790,497;1787,326;13,067;3;2
2/2;5220;2021-08-19 03:00:00;24011;LL;низ;1774,215;1778,927;16,282;8;2
2/2;5221;2021-08-19 13:00:00;24021;HH;верх;1792,548;1783,195;18,333;10;2
2/2;5222;2021-08-19 19:00:00;24027;HL;низ;1776,458;1781,014;16,090;6;3
2/2;5223;2021-08-20 07:00:00;24038;LH;верх;1788,495;1781,850;12,037;11;1
2/2;5224;2021-08-20 10:00:00;24041;HL;низ;1779,926;1782,250;8,569;3;1
2/2;5225;2021-08-20 12:00:00;24043;LH;верх;1786,765;1782,491;6,839;2;1
2/2;5226;2021-08-20 14:00:00;24045;LL;низ;1778,420;1783,889;8,345;2;1
2/2;5227;2021-08-20 16:00:00;24047;LH;верх;1786,760;1782,820;8,340;2;1
2/2;5228;2021-08-23 01:00:00;24055;LL;низ;1776,559;1787,056;10,201;8;1
2/2;5229;2021-08-23 03:00:00;24057;HH;верх;1788,788;1786,330;12,229;2;1
2/2;5230;2021-08-23 07:00:00;24061;HL;низ;1784,345;1788,234;4,443;4;1
2/2;5231;2021-08-23 13:00:00;24067;HH;верх;1806,445;1804,645;22,100;6;3
2/2;5232;2021-08-24 04:00:00;24081;HL;низ;1800,840;1803,624;5,605;14;1
2/2;5233;2021-08-24 06:00:00;24083;LH;верх;1805,164;1802,121;4,324;2;1
2/2;5234;2021-08-24 08:00:00;24085;LL;низ;1800,765;1804,500;4,399;2;2
2/2;5235;2021-08-24 14:00:00;24091;HH;верх;1809,610;1806,380;8,845;6;1
2/2;5236;2021-08-25 04:00:00;24104;LL;низ;1791,926;1793,705;17,684;13;1
2/2;5237;2021-08-25 06:00:00;24106;LH;верх;1797,580;1793,911;5,654;2;1
2/2;5238;2021-08-25 07:00:00;24107;LL;низ;1791,895;1794,270;5,685;1;1
2/2;5239;2021-08-25 13:00:00;24113;HH;верх;1797,805;1789,177;5,910;6;1
2/2;5240;2021-08-25 14:00:00;24114;LL;низ;1782,534;1789,906;15,271;1;1
2/2;5241;2021-08-25 18:00:00;24118;LH;верх;1793,039;1790,570;10,505;4;2
2/2;5242;2021-08-26 13:00:00;24136;LL;низ;1780,138;1793,185;12,901;18;2
2/2;5243;2021-08-26 15:00:00;24138;HH;верх;1798,275;1791,575;18,137;2;1
2/2;5244;2021-08-26 18:00:00;24141;HL;низ;1790,270;1791,990;8,005;3;1
2/2;5245;2021-08-27 06:00:00;24152;HH;верх;1805,210;1797,150;14,940;11;1
2/2;5246;2021-08-27 14:00:00;24160;LL;низ;1784,960;1816,965;20,250;8;1
2/2;5247;2021-08-30 01:00:00;24170;HH;верх;1823,275;1815,140;38,315;10;1
2/2;5248;2021-08-30 03:00:00;24172;HL;низ;1813,430;1815,156;9,845;2;1
2/2;5249;2021-08-30 05:00:00;24174;LH;верх;1818,200;1815,150;4,770;2;1
2/2;5250;2021-08-30 06:00:00;24175;LL;низ;1812,845;1815,055;5,355;1;1
2/2;5251;2021-08-30 11:00:00;24180;LH;верх;1817,930;1812,400;5,085;5;1
2/2;5252;2021-08-30 18:00:00;24187;LL;низ;1807,785;1810,360;10,145;7;1
2/2;5253;2021-08-31 06:00:00;24198;HH;верх;1819,245;1815,080;11,460;11;3
2/2;5254;2021-08-31 13:00:00;24205;LL;низ;1801,720;1807,930;17,525;7;1
2/2;5255;2021-08-31 17:00:00;24209;LH;верх;1816,435;1814,795;14,715;4;2
2/2;5256;2021-09-01 01:00:00;24216;HL;низ;1810,395;1815,340;6,040;7;2
2/2;5257;2021-09-01 06:00:00;24221;HH;верх;1817,070;1810,835;6,675;5;1
2/2;5258;2021-09-01 08:00:00;24223;LL;низ;1809,440;1813,670;7,630;2;1
2/2;5259;2021-09-01 12:00:00;24227;HH;верх;1820,075;1809,875;10,635;4;1
2/2;5260;2021-09-01 15:00:00;24230;LL;низ;1808,735;1812,770;11,340;3;1
2/2;5261;2021-09-01 16:00:00;24231;LH;верх;1816,575;1813,300;7,840;1;2
2/2;5262;2021-09-01 23:00:00;24237;HL;низ;1812,910;1813,635;3,665;6;1
2/2;5263;2021-09-02 01:00:00;24239;LH;верх;1816,106;1811,290;3,196;2;1
2/2;5264;2021-09-02 04:00:00;24242;LL;низ;1810,740;1814,980;5,366;3;1
2/2;5265;2021-09-02 10:00:00;24248;HH;верх;1817,185;1813,870;6,445;6;1
2/2;5266;2021-09-02 14:00:00;24252;LL;низ;1804,900;1809,245;12,285;4;1
2/2;5267;2021-09-02 18:00:00;24256;LH;верх;1811,155;1809,565;6,255;4;1
2/2;5268;2021-09-03 00:00:00;24261;HL;низ;1809,050;1813,420;2,105;5;1
2/2;5269;2021-09-03 02:00:00;24263;HH;верх;1814,934;1811,655;5,884;2;1
2/2;5270;2021-09-03 05:00:00;24266;HL;низ;1810,764;1811,305;4,170;3;1
2/2;5271;2021-09-03 15:00:00;24276;HH;верх;1834,040;1831,255;23,276;10;2
2/2;5272;2021-09-06 01:00:00;24285;HL;низ;1825,245;1825,925;8,795;9;2
2/2;5273;2021-09-06 06:00:00;24290;LH;верх;1828,395;1824,920;3,150;5;1
2/2;5274;2021-09-06 14:00:00;24298;LL;низ;1821,506;1823,340;6,889;8;1
2/2;5275;2021-09-07 01:00:00;24304;LH;верх;1827,325;1823,250;5,819;6;1
2/2;5276;2021-09-07 11:00:00;24314;LL;низ;1808,335;1809,790;18,990;10;1
2/2;5277;2021-09-07 13:00:00;24316;LH;верх;1815,115;1797,345;6,780;2;1
2/2;5278;2021-09-07 15:00:00;24318;LL;низ;1792,460;1796,570;22,655;2;2
2/2;5279;2021-09-08 02:00:00;24328;LH;верх;1801,100;1798,360;8,640;10;1
2/2;5280;2021-09-08 06:00:00;24332;HL;низ;1794,305;1798,825;6,795;4;1
2/2;5281;2021-09-08 12:00:00;24338;HH;верх;1802,180;1788,845;7,875;6;2
2/2;5282;2021-09-08 13:00:00;24339;LL;низ;1782,470;1792,010;19,710;1;1
2/2;5283;2021-09-08 18:00:00;24344;LH;верх;1793,525;1789,245;11,055;5;1
2/2;5284;2021-09-08 19:00:00;24345;HL;низ;1788,646;1789,965;4,879;1;1
2/2;5285;2021-09-08 23:00:00;24348;LH;верх;1790,925;1788,950;2,279;3;1
2/2;5286;2021-09-09 01:00:00;24350;LL;низ;1787,170;1788,350;3,755;2;1
2/2;5287;2021-09-09 03:00:00;24352;LH;верх;1790,600;1787,770;3,430;2;1
2/2;5288;2021-09-09 05:00:00;24354;LL;низ;1786,720;1792,446;3,880;2;1
2/2;5289;2021-09-09 11:00:00;24360;HH;верх;1801,060;1790,220;14,340;6;1
2/2;5290;2021-09-09 14:00:00;24363;LL;низ;1783,905;1793,765;17,155;3;1
2/2;5291;2021-09-09 17:00:00;24366;LH;верх;1799,220;1796,205;15,315;3;1
2/2;5292;2021-09-09 19:00:00;24368;HL;низ;1791,015;1795,376;8,205;2;2
2/2;5293;2021-09-10 05:00:00;24377;HH;верх;1803,920;1801,750;12,905;9;1
2/2;5294;2021-09-10 05:00:00;24377;HL;низ;1796,210;1801,750;7,710;0;1
2/2;5295;2021-09-10 12:00:00;24384;LH;верх;1800,625;1796,775;4,415;7;1
2/2;5296;2021-09-13 01:00:00;24396;LL;низ;1783,800;1792,420;16,825;12;2
2/2;5297;2021-09-13 06:00:00;24401;LH;верх;1793,710;1791,010;9,910;5;1
2/2;5298;2021-09-13 07:00:00;24402;HL;низ;1787,070;1790,150;6,640;1;1
2/2;5299;2021-09-13 09:00:00;24404;LH;верх;1791,420;1789,995;4,350;2;1
2/2;5300;2021-09-13 13:00:00;24408;LL;низ;1785,250;1795,320;6,170;4;1
2/2;5301;2021-09-13 14:00:00;24409;HH;верх;1798,470;1793,795;13,220;1;1
2/2;5302;2021-09-13 17:00:00;24412;HL;низ;1791,105;1793,346;7,365;3;1
2/2;5303;2021-09-13 20:00:00;24415;LH;верх;1793,776;1793,115;2,671;3;1
2/2;5304;2021-09-14 01:00:00;24419;LL;низ;1789,815;1791,110;3,961;4;1
2/2;5305;2021-09-14 07:00:00;24425;HH;верх;1794,975;1787,900;5,160;6;1
2/2;5306;2021-09-14 12:00:00;24430;LL;низ;1780,600;1804,435;14,375;5;1
2/2;5307;2021-09-14 15:00:00;24433;HH;верх;1808,660;1805,750;28,060;3;2
2/2;5308;2021-09-15 01:00:00;24442;HL;низ;1801,420;1803,560;7,240;9;2
2/2;5309;2021-09-15 02:00:00;24443;LH;верх;1804,690;1803,430;3,270;1;2
2/2;5310;2021-09-15 08:00:00;24449;LL;низ;1798,985;1802,526;5,705;6;1
2/2;5311;2021-09-15 12:00:00;24453;HH;верх;1806,990;1794,055;8,005;4;1
2/2;5312;2021-09-15 18:00:00;24459;LL;низ;1790,705;1793,705;16,285;6;2
2/2;5313;2021-09-16 02:00:00;24466;LH;верх;1796,250;1791,105;5,545;7;2
2/2;5314;2021-09-16 13:00:00;24477;LL;низ;1745,355;1754,880;50,895;11;2
2/2;5315;2021-09-17 09:00:00;24496;LH;верх;1767,555;1760,005;22,200;19;1
2/2;5316;2021-09-17 14:00:00;24501;HL;низ;1747,396;1751,590;20,159;5;2
2/2;5317;2021-09-19 22:00:00;24508;LH;верх;1755,290;1752,610;7,894;7;1
2/2;5318;2021-09-20 02:00:00;24512;LL;низ;1742,080;1748,626;13,210;4;2
2/2;5319;2021-09-20 14:00:00;24524;HH;верх;1767,206;1761,645;25,126;12;3
2/2;5320;2021-09-21 07:00:00;24540;HL;низ;1758,000;1766,505;9,206;16;1
2/2;5321;2021-09-21 15:00:00;24548;HH;верх;1781,835;1776,470;23,835;8;1
2/2;5322;2021-09-22 01:00:00;24557;HL;низ;1772,355;1777,705;9,480;9;2
2/2;5323;2021-09-22 02:00:00;24558;LH;верх;1779,255;1775,950;6,900;1;1
2/2;5324;2021-09-22 04:00:00;24560;HL;низ;1775,895;1779,265;3,360;2;1
2/2;5325;2021-09-22 06:00:00;24562;HH;верх;1780,375;1775,700;4,480;2;1
2/2;5326;2021-09-22 12:00:00;24568;LL;низ;1771,530;1774,670;8,845;6;2
2/2;5327;2021-09-22 18:00:00;24574;HH;верх;1787,320;1768,130;15,790;6;2
2/2;5328;2021-09-23 07:00:00;24586;LL;низ;1760,300;1770,905;27,020;12;3
2/2;5329;2021-09-23 10:00:00;24589;LH;верх;1776,635;1763,840;16,335;3;1
2/2;5330;2021-09-23 15:00:00;24594;LL;низ;1745,946;1752,860;30,689;5;1
2/2;5331;2021-09-23 17:00:00;24596;LH;верх;1753,366;1748,850;7,420;2;1
2/2;5332;2021-09-23 20:00:00;24599;LL;низ;1737,840;1746,315;15,526;3;2
2/2;5333;2021-09-24 11:00:00;24613;HH;верх;1757,650;1742,910;19,810;14;2
2/2;5334;2021-09-24 13:00:00;24615;HL;низ;1740,515;1752,685;17,135;2;1
2/2;5335;2021-09-24 15:00:00;24617;LH;верх;1754,050;1749,745;13,535;2;1
2/2;5336;2021-09-24 19:00:00;24621;HL;низ;1746,040;1749,120;8,010;4;1
2/2;5337;2021-09-27 02:00:00;24627;HH;верх;1760,910;1759,035;14,870;6;3
2/2;5338;2021-09-27 10:00:00;24635;LL;низ;1744,885;1753,935;16,025;8;1
2/2;5339;2021-09-27 13:00:00;24638;LH;верх;1757,936;1751,145;13,051;3;1
2/2;5340;2021-09-28 01:00:00;24649;HL;низ;1747,240;1749,860;10,696;11;3
2/2;5341;2021-09-28 02:00:00;24650;LH;верх;1754,545;1751,270;7,305;1;1
2/2;5342;2021-09-28 12:00:00;24660;LL;низ;1728,190;1733,014;26,355;10;2
2/2;5343;2021-09-28 13:00:00;24661;LH;верх;1741,340;1736,685;13,150;1;1
2/2;5344;2021-09-28 19:00:00;24667;HL;низ;1732,880;1734,550;8,460;6;2
2/2;5345;2021-09-29 02:00:00;24673;HH;верх;1741,420;1738,190;8,540;6;1
2/2;5346;2021-09-29 07:00:00;24678;HL;низ;1736,760;1742,750;4,660;5;1
2/2;5347;2021-09-29 10:00:00;24681;HH;верх;1745,530;1738,370;8,770;3;1
2/2;5348;2021-09-29 17:00:00;24688;LL;низ;1721,710;1725,905;23,820;7;1
2/2;5349;2021-09-30 03:00:00;24697;LH;верх;1734,945;1731,875;13,235;9;1
2/2;5350;2021-09-30 07:00:00;24701;HL;низ;1726,316;1729,376;8,629;4;1
2/2;5351;2021-09-30 08:00:00;24702;LH;верх;1734,116;1724,190;7,800;1;1
2/2;5352;2021-09-30 11:00:00;24705;LL;низ;1722,290;1742,110;11,826;3;1
2/2;5353;2021-09-30 15:00:00;24709;HH;верх;1764,240;1756,015;41,950;4;1
2/2;5354;2021-10-01 01:00:00;24718;HL;низ;1750,670;1754,085;13,570;9;2
2/2;5355;2021-10-01 02:00:00;24719;LH;верх;1756,925;1753,635;6,255;1;1
2/2;5356;2021-10-01 05:00:00;24722;HL;низ;1750,940;1753,250;5,985;3;1
2/2;5357;2021-10-01 07:00:00;24724;HH;верх;1757,285;1755,090;6,345;2;1
2/2;5358;2021-10-01 12:00:00;24729;LL;низ;1749,710;1758,800;7,575;5;1
2/2;5359;2021-10-01 14:00:00;24731;HH;верх;1764,350;1759,440;14,640;2;1
2/2;5360;2021-10-01 19:00:00;24736;HL;низ;1757,305;1763,925;7,045;5;1
2/2;5361;2021-10-04 00:00:00;24740;HH;верх;1765,755;1759,050;8,450;4;1
2/2;5362;2021-10-04 03:00:00;24743;HL;низ;1757,855;1761,435;7,900;3;1
2/2;5363;2021-10-04 06:00:00;24746;LH;верх;1762,760;1751,580;4,905;3;1
2/2;5364;2021-10-04 11:00:00;24751;LL;низ;1747,785;1752,230;14,975;5;1
2/2;5365;2021-10-04 14:00:00;24754;HH;верх;1770,580;1769,055;22,795;3;1
2/2;5366;2021-10-04 19:00:00;24759;HL;низ;1763,680;1768,875;6,900;5;1
2/2;5367;2021-10-04 22:00:00;24761;LH;верх;1770,150;1765,976;6,470;2;1
2/2;5368;2021-10-05 06:00:00;24769;LL;низ;1755,285;1755,870;14,865;8;1
2/2;5369;2021-10-05 12:00:00;24775;LH;верх;1761,460;1752,710;6,175;6;2
2/2;5370;2021-10-05 14:00:00;24777;LL;низ;1748,680;1759,940;12,780;2;1
2/2;5371;2021-10-05 18:00:00;24781;HH;верх;1763,030;1759,956;14,350;4;1
2/2;5372;2021-10-06 08:00:00;24794;LL;низ;1745,990;1750,430;17,040;13;1
2/2;5373;2021-10-06 19:00:00;24805;HH;верх;1765,060;1762,440;19,070;11;2
2/2;5374;2021-10-06 22:00:00;24807;HL;низ;1762,340;1762,810;2,720;2;1
2/2;5375;2021-10-07 00:00:00;24809;LH;верх;1764,280;1758,845;1,940;2;1
2/2;5376;2021-10-07 06:00:00;24815;LL;низ;1756,150;1760,875;8,130;6;1
2/2;5377;2021-10-07 07:00:00;24816;HH;верх;1766,985;1760,005;10,835;1;1
2/2;5378;2021-10-07 09:00:00;24818;HL;низ;1758,190;1761,515;8,795;2;1
2/2;5379;2021-10-07 11:00:00;24820;LH;верх;1764,760;1758,930;6,570;2;1
2/2;5380;2021-10-07 13:00:00;24822;LL;низ;1752,030;1758,446;12,730;2;1
2/2;5381;2021-10-07 14:00:00;24823;LH;верх;1763,236;1758,140;11,206;1;2
2/2;5382;2021-10-08 00:00:00;24832;HL;низ;1753,450;1759,735;9,786;9;2
2/2;5383;2021-10-08 03:00:00;24835;LH;верх;1760,635;1757,486;7,185;3;2
2/2;5384;2021-10-08 07:00:00;24839;HL;низ;1754,390;1759,350;6,245;4;1
2/2;5385;2021-10-08 13:00:00;24845;HH;верх;1781,405;1758,685;27,015;6;1
2/2;5386;2021-10-08 14:00:00;24846;HL;низ;1755,596;1758,560;25,809;1;1
2/2;5387;2021-10-08 18:00:00;24850;LH;верх;1760,230;1757,170;4,634;4;1
2/2;5388;2021-10-10 22:00:00;24853;LL;низ;1751,085;1756,910;9,145;3;1
2/2;5389;2021-10-11 01:00:00;24856;HH;верх;1761,095;1755,540;10,010;3;1
2/2;5390;2021-10-11 13:00:00;24868;LL;низ;1750,245;1757,545;10,850;12;2
2/2;5391;2021-10-11 14:00:00;24869;LH;верх;1760,220;1756,525;9,975;1;1
2/2;5392;2021-10-12 01:00:00;24879;HL;низ;1750,805;1758,390;9,415;10;1
2/2;5393;2021-10-12 07:00:00;24885;HH;верх;1762,680;1760,210;11,875;6;1
2/2;5394;2021-10-12 12:00:00;24890;HL;низ;1754,015;1762,690;8,665;5;2
2/2;5395;2021-10-12 14:00:00;24892;HH;верх;1769,420;1760,830;15,405;2;1
2/2;5396;2021-10-12 17:00:00;24895;HL;низ;1758,005;1761,410;11,415;3;1
2/2;5397;2021-10-13 01:00:00;24902;LH;верх;1763,095;1762,105;5,090;7;2
2/2;5398;2021-10-13 13:00:00;24914;LL;низ;1757,890;1794,520;5,205;12;2
2/2;5399;2021-10-13 15:00:00;24916;HH;верх;1796,240;1791,816;38,350;2;1
2/2;5400;2021-10-13 17:00:00;24918;HL;низ;1790,690;1792,025;5,550;2;1
2/2;5401;2021-10-14 01:00:00;24925;LH;верх;1793,850;1788,690;3,160;7;1
2/2;5402;2021-10-14 02:00:00;24926;LL;низ;1786,770;1790,850;7,080;1;1
2/2;5403;2021-10-14 11:00:00;24935;HH;верх;1800,645;1796,065;13,875;9;1
2/2;5404;2021-10-14 12:00:00;24936;HL;низ;1793,806;1796,916;6,839;1;2
2/2;5405;2021-10-14 19:00:00;24943;LH;верх;1799,175;1795,805;5,369;7;2
2/2;5406;2021-10-17 22:00:00;24968;LL;низ;1764,700;1771,375;34,475;25;3
2/2;5407;2021-10-18 01:00:00;24971;LH;верх;1772,105;1767,835;7,405;3;1
2/2;5408;2021-10-18 10:00:00;24980;LL;низ;1760,375;1765,180;11,730;9;1
2/2;5409;2021-10-18 14:00:00;24984;LH;верх;1771,265;1766,795;10,890;4;1
2/2;5410;2021-10-18 23:00:00;24992;HL;низ;1762,955;1771,985;8,310;8;1
2/2;5411;2021-10-19 08:00:00;25001;HH;верх;1783,010;1778,530;20,055;9;1
2/2;5412;2021-10-19 11:00:00;25004;HL;низ;1775,945;1778,260;7,065;3;1
2/2;5413;2021-10-19 13:00:00;25006;HH;верх;1785,160;1771,245;9,215;2;1
2/2;5414;2021-10-20 00:00:00;25016;LL;низ;1766,940;1774,270;18,220;10;2
2/2;5415;2021-10-20 12:00:00;25028;HH;верх;1788,470;1782,590;21,530;12;1
2/2;5416;2021-10-20 13:00:00;25029;HL;низ;1774,870;1783,660;13,600;1;1
2/2;5417;2021-10-20 17:00:00;25033;LH;верх;1787,620;1785,420;12,750;4;1
2/2;5418;2021-10-20 20:00:00;25036;HL;низ;1780,865;1781,530;6,755;3;2
2/2;5419;2021-10-21 02:00:00;25041;HH;верх;1789,465;1784,700;8,600;5;2
2/2;5420;2021-10-21 07:00:00;25046;HL;низ;1780,926;1787,705;8,539;5;1
2/2;5421;2021-10-21 09:00:00;25048;LH;верх;1787,980;1778,445;7,054;2;1
2/2;5422;2021-10-21 12:00:00;25051;LL;низ;1776,555;1780,190;11,425;3;1
2/2;5423;2021-10-21 16:00:00;25055;LH;верх;1783,285;1781,045;6,730;4;1
2/2;5424;2021-10-21 18:00:00;25057;HL;низ;1778,625;1782,974;4,660;2;1
2/2;5425;2021-10-22 08:00:00;25070;HH;верх;1794,810;1792,190;16,185;13;3
2/2;5426;2021-10-22 09:00:00;25071;HL;низ;1790,515;1792,460;4,295;1;2
2/2;5427;2021-10-22 15:00:00;25077;HH;верх;1813,845;1791,600;23,330;6;1
2/2;5428;2021-10-22 15:00:00;25077;LL;низ;1782,880;1791,600;30,965;0;2
2/2;5429;2021-10-25 04:00:00;25089;LH;верх;1801,106;1796,645;18,226;12;1
2/2;5430;2021-10-25 06:00:00;25091;HL;низ;1796,130;1803,255;4,976;2;1
2/2;5431;2021-10-25 13:00:00;25098;HH;верх;1810,075;1808,230;13,945;7;2
2/2;5432;2021-10-25 17:00:00;25102;HL;низ;1805,160;1806,865;4,915;4;1
2/2;5433;2021-10-25 19:00:00;25104;LH;верх;1808,426;1807,350;3,266;2;2
2/2;5434;2021-10-26 04:00:00;25112;LL;низ;1801,870;1804,380;6,556;8;2
2/2;5435;2021-10-26 06:00:00;25114;LH;верх;1806,605;1802,315;4,735;2;1
2/2;5436;2021-10-26 08:00:00;25116;LL;низ;1800,015;1801,530;6,590;2;1
2/2;5437;2021-10-26 12:00:00;25120;LH;верх;1804,700;1786,030;4,685;4;1
2/2;5438;2021-10-26 14:00:00;25122;LL;низ;1782,465;1792,075;22,235;2;1
2/2;5439;2021-10-26 19:00:00;25127;LH;верх;1795,150;1792,165;12,685;5;3
2/2;5440;2021-10-27 08:00:00;25139;HL;низ;1783,575;1789,335;11,575;12;1
2/2;5441;2021-10-27 13:00:00;25144;HH;верх;1798,176;1794,540;14,601;5;1
2/2;5442;2021-10-27 14:00:00;25145;HL;низ;1784,890;1794,770;13,286;1;1
2/2;5443;2021-10-27 18:00:00;25149;HH;верх;1799,060;1796,965;14,170;4;1
2/2;5444;2021-10-27 19:00:00;25150;HL;низ;1793,945;1796,715;5,115;1;2
2/2;5445;2021-10-28 06:00:00;25160;HH;верх;1804,190;1800,875;10,245;10;2
2/2;5446;2021-10-28 09:00:00;25163;HL;низ;1795,825;1802,030;8,365;3;1
2/2;5447;2021-10-28 13:00:00;25167;HH;верх;1810,506;1801,125;14,681;4;1
2/2;5448;2021-10-29 08:00:00;25185;LL;низ;1790,960;1795,690;19,546;18;3
2/2;5449;2021-10-29 09:00:00;25186;LH;верх;1799,175;1793,140;8,215;1;1
2/2;5450;2021-10-29 14:00:00;25191;LL;низ;1771,980;1778,140;27,195;5;1
2/2;5451;2021-10-31 22:00:00;25198;LH;верх;1783,750;1781,690;11,770;7;2
2/2;5452;2021-10-31 23:00:00;25199;HL;низ;1779,170;1784,665;4,580;1;1
2/2;5453;2021-11-01 06:00:00;25206;HH;верх;1787,820;1784,200;8,650;7;2
2/2;5454;2021-11-01 08:00:00;25208;HL;низ;1781,085;1786,605;6,735;2;2
2/2;5455;2021-11-01 14:00:00;25214;HH;верх;1795,840;1792,015;14,755;6;1
2/2;5456;2021-11-01 16:00:00;25216;HL;низ;1789,846;1792,800;5,994;2;1
2/2;5457;2021-11-01 17:00:00;25217;LH;верх;1795,125;1792,690;5,279;1;1
2/2;5458;2021-11-02 02:00:00;25225;LL;низ;1789,284;1794,105;5,841;8;2
2/2;5459;2021-11-02 07:00:00;25230;HH;верх;1796,436;1795,175;7,152;5;1
2/2;5460;2021-11-02 18:00:00;25241;LL;низ;1786,450;1788,000;9,986;11;3
2/2;5461;2021-11-02 20:00:00;25243;LH;верх;1788,446;1787,230;1,996;2;1
2/2;5462;2021-11-03 06:00:00;25252;LL;низ;1778,336;1781,770;10,110;9;2
2/2;5463;2021-11-03 12:00:00;25258;LH;верх;1785,750;1763,325;7,414;6;2
2/2;5464;2021-11-03 14:00:00;25260;LL;низ;1758,890;1762,095;26,860;2;3
2/2;5465;2021-11-04 02:00:00;25271;LH;верх;1778,365;1774,665;19,475;11;1
2/2;5466;2021-11-04 06:00:00;25275;HL;низ;1770,866;1776,485;7,499;4;1
2/2;5467;2021-11-04 14:00:00;25283;HH;верх;1798,950;1792,456;28,084;8;1
2/2;5468;2021-11-05 00:00:00;25292;HL;низ;1790,165;1794,006;8,785;9;2
2/2;5469;2021-11-05 08:00:00;25300;HH;верх;1800,180;1794,265;10,015;8;2
2/2;5470;2021-11-05 12:00:00;25304;LL;низ;1785,060;1802,050;15,120;4;2
2/2;5471;2021-11-08 06:00:00;25320;HH;верх;1821,570;1813,280;36,510;16;2
2/2;5472;2021-11-08 08:00:00;25322;HL;низ;1812,495;1817,360;9,075;2;1
2/2;5473;2021-11-09 01:00:00;25338;HH;верх;1827,220;1823,090;14,725;16;3
2/2;5474;2021-11-09 02:00:00;25339;HL;низ;1821,930;1823,570;5,290;1;1
2/2;5475;2021-11-09 06:00:00;25343;LH;верх;1827,220;1824,210;5,290;4;1
2/2;5476;2021-11-09 07:00:00;25344;LL;низ;1819,190;1825,425;8,030;1;2
2/2;5477;2021-11-09 14:00:00;25351;HH;верх;1830,490;1828,485;11,300;7;1
2/2;5478;2021-11-09 15:00:00;25352;HL;низ;1820,355;1830,910;10,135;1;1
2/2;5479;2021-11-09 20:00:00;25357;HH;верх;1832,760;1829,965;12,405;5;2
2/2;5480;2021-11-10 07:00:00;25367;HL;низ;1823,080;1825,210;9,680;10;1
2/2;5481;2021-11-10 08:00:00;25368;LH;верх;1827,255;1824,800;4,175;1;1
2/2;5482;2021-11-10 13:00:00;25373;LL;низ;1822,400;1851,560;4,855;5;1
2/2;5483;2021-11-10 14:00:00;25374;HH;верх;1868,626;1855,010;46,226;1;1
2/2;5484;2021-11-10 18:00:00;25378;HL;низ;1841,575;1852,670;27,051;4;1
2/2;5485;2021-11-10 20:00:00;25380;LH;верх;1852,815;1848,560;11,240;2;1
2/2;5486;2021-11-11 02:00:00;25385;HL;низ;1842,950;1849,336;9,865;5;1
2/2;5487;2021-11-11 08:00:00;25391;HH;верх;1864,370;1862,815;21,420;6;1
2/2;5488;2021-11-11 12:00:00;25395;HL;низ;1854,970;1859,945;9,400;4;1
2/2;5489;2021-11-11 13:00:00;25396;HH;верх;1866,025;1861,755;11,055;1;2
2/2;5490;2021-11-12 03:00:00;25409;HL;низ;1855,205;1859,900;10,820;13;1
2/2;5491;2021-11-12 06:00:00;25412;LH;верх;1860,130;1853,305;4,925;3;1
2/2;5492;2021-11-12 11:00:00;25417;LL;низ;1845,300;1854,485;14,830;5;1
2/2;5493;2021-11-12 18:00:00;25424;HH;верх;1868,760;1865,850;23,460;7;2
2/2;5494;2021-11-12 20:00:00;25426;HL;низ;1862,670;1865,570;6,090;2;1
2/2;5495;2021-11-14 23:00:00;25428;LH;верх;1868,220;1860,554;5,550;2;1
2/2;5496;2021-11-15 07:00:00;25436;LL;низ;1856,375;1862,436;11,845;8;2
2/2;5497;2021-11-15 13:00:00;25442;HH;верх;1870,576;1862,030;14,201;6;2
2/2;5498;2021-11-15 15:00:00;25444;HL;низ;1858,265;1863,440;12,311;2;1
2/2;5499;2021-11-15 19:00:00;25448;LH;верх;1867,885;1862,744;9,620;4;1
2/2;5500;2021-11-15 23:00:00;25451;HL;низ;1861,940;1865,996;5,945;3;1
2/2;5501;2021-11-16 02:00:00;25454;HH;верх;1868,870;1865,740;6,930;3;1
2/2;5502;2021-11-16 07:00:00;25459;HL;низ;1862,310;1873,310;6,560;5;2
2/2;5503;2021-11-16 13:00:00;25465;HH;верх;1877,140;1861,205;14,830;6;2
2/2;5504;2021-11-17 00:00:00;25475;LL;низ;1849,675;1856,000;27,465;10;2
2/2;5505;2021-11-17 02:00:00;25477;LH;верх;1856,166;1854,230;6,491;2;1
2/2;5506;2021-11-17 03:00:00;25478;HL;низ;1852,065;1852,420;4,101;1;1
2/2;5507;2021-11-17 15:00:00;25490;HH;верх;1868,126;1865,490;16,061;12;2
2/2;5508;2021-11-17 19:00:00;25494;HL;низ;1862,870;1867,410;5,256;4;1
2/2;5509;2021-11-18 00:00:00;25498;HH;верх;1870,945;1866,990;8,075;4;1
2/2;5510;2021-11-18 06:00:00;25504;LL;низ;1862,705;1865,125;8,240;6;2
2/2;5511;2021-11-18 08:00:00;25506;LH;верх;1869,820;1861,366;7,115;2;1
2/2;5512;2021-11-18 10:00:00;25508;LL;низ;1858,835;1865,585;10,985;2;1
2/2;5513;2021-11-18 13:00:00;25511;LH;верх;1867,020;1860,145;8,185;3;1
2/2;5514;2021-11-18 13:00:00;25511;LL;низ;1855,205;1860,145;11,815;0;1
2/2;5515;2021-11-18 20:00:00;25518;LH;верх;1861,080;1859,686;5,875;7;1
2/2;5516;2021-11-18 20:00:00;25518;HL;низ;1856,885;1859,686;4,195;0;1
2/2;5517;2021-11-19 04:00:00;25525;HH;верх;1863,810;1859,125;6,925;7;1
2/2;5518;2021-11-19 09:00:00;25530;LL;низ;1851,626;1861,845;12,184;5;1
2/2;5519;2021-11-19 14:00:00;25535;HH;верх;1865,836;1856,595;14,210;5;2
2/2;5520;2021-11-19 17:00:00;25538;LL;низ;1843,090;1849,710;22,746;3;2
2/2;5521;2021-11-22 01:00:00;25544;LH;верх;1848,596;1847,245;5,506;6;1
2/2;5522;2021-11-22 01:00:00;25544;HL;низ;1844,160;1847,245;4,436;0;1
2/2;5523;2021-11-22 04:00:00;25547;HH;верх;1849,165;1842,575;5,005;3;1
2/2;5524;2021-11-22 07:00:00;25550;LL;низ;1840,300;1845,185;8,865;3;1
2/2;5525;2021-11-22 08:00:00;25551;LH;верх;1847,130;1839,570;6,830;1;1
2/2;5526;2021-11-22 19:00:00;25562;LL;низ;1802,310;1804,800;44,820;11;3
2/2;5527;2021-11-23 01:00:00;25567;LH;верх;1812,430;1808,430;10,120;5;1
2/2;5528;2021-11-23 02:00:00;25568;HL;низ;1806,615;1807,945;5,815;1;1
2/2;5529;2021-11-23 07:00:00;25573;LH;верх;1809,950;1797,780;3,335;5;1
2/2;5530;2021-11-23 18:00:00;25584;LL;низ;1782,040;1790,366;27,910;11;3
2/2;5531;2021-11-24 07:00:00;25596;LH;верх;1796,456;1792,115;14,416;12;3
2/2;5532;2021-11-24 14:00:00;25603;LL;низ;1778,615;1789,125;17,841;7;1
2/2;5533;2021-11-24 16:00:00;25605;LH;верх;1791,460;1784,185;12,845;2;1
2/2;5534;2021-11-24 19:00:00;25608;HL;низ;1782,600;1788,575;8,860;3;1
2/2;5535;2021-11-25 02:00:00;25614;HH;верх;1794,340;1792,035;11,740;6;1
2/2;5536;2021-11-25 05:00:00;25617;HL;низ;1791,565;1793,410;2,775;3;1
2/2;5537;2021-11-25 08:00:00;25620;HH;верх;1795,146;1791,140;3,581;3;1
2/2;5538;2021-11-25 15:00:00;25627;LL;низ;1788,005;1788,540;7,141;7;1
2/2;5539;2021-11-26 11:00:00;25642;HH;верх;1815,570;1805,640;27,565;15;2
2/2;5540;2021-11-28 23:00:00;25650;LL;низ;1769,800;1795,316;45,770;8;2
2/2;5541;2021-11-29 03:00:00;25654;LH;верх;1796,730;1795,875;26,930;4;2
2/2;5542;2021-11-29 04:00:00;25655;HL;низ;1791,265;1795,060;5,465;1;2
2/2;5543;2021-11-29 10:00:00;25661;HH;верх;1799,495;1794,070;8,230;6;1
2/2;5544;2021-11-29 19:00:00;25670;LL;низ;1781,230;1784,840;18,265;9;2
2/2;5545;2021-11-30 05:00:00;25679;LH;верх;1796,005;1791,865;14,775;9;2
2/2;5546;2021-11-30 05:00:00;25679;HL;низ;1788,065;1791,865;7,940;0;1
2/2;5547;2021-11-30 09:00:00;25683;HH;верх;1798,595;1792,526;10,530;4;1
2/2;5548;2021-11-30 12:00:00;25686;HL;низ;1789,216;1802,510;9,379;3;1
2/2;5549;2021-11-30 15:00:00;25689;HH;верх;1808,860;1774,425;19,644;3;1
2/2;5550;2021-11-30 17:00:00;25691;LL;низ;1769,975;1776,125;38,885;2;1
2/2;5551;2021-11-30 19:00:00;25693;LH;верх;1777,860;1774,680;7,885;2;1
2/2;5552;2021-11-30 21:00:00;25695;HL;низ;1770,950;1777,770;6,910;2;1
2/2;5553;2021-12-01 05:00:00;25702;HH;верх;1794,700;1784,870;23,750;7;1
2/2;5554;2021-12-01 08:00:00;25705;HL;низ;1776,736;1786,360;17,964;3;2
2/2;5555;2021-12-01 15:00:00;25712;LH;верх;1792,290;1784,196;15,554;7;1
2/2;5556;2021-12-01 20:00:00;25717;HL;низ;1777,420;1781,970;14,870;5;1
2/2;5557;2021-12-01 23:00:00;25719;LH;верх;1783,455;1780,220;6,035;2;1
2/2;5558;2021-12-02 08:00:00;25728;LL;низ;1767,545;1776,045;15,910;9;1
2/2;5559;2021-12-02 12:00:00;25732;LH;верх;1781,275;1764,835;13,730;4;1
2/2;5560;2021-12-02 18:00:00;25738;LL;низ;1761,940;1767,745;19,335;6;3
2/2;5561;2021-12-03 05:00:00;25748;LH;верх;1776,545;1770,965;14,605;10;1
2/2;5562;2021-12-03 09:00:00;25752;HL;низ;1766,210;1771,930;10,335;4;1
2/2;5563;2021-12-03 13:00:00;25756;HH;верх;1778,796;1770,840;12,586;4;1
2/2;5564;2021-12-03 15:00:00;25758;HL;низ;1766,390;1780,545;12,406;2;1
2/2;5565;2021-12-03 20:00:00;25763;HH;верх;1786,125;1783,035;19,735;5;1
2/2;5566;2021-12-05 23:00:00;25765;HL;низ;1780,880;1786,225;5,245;2;1
2/2;5567;2021-12-06 02:00:00;25768;HH;верх;1787,784;1781,965;6,904;3;1
2/2;5568;2021-12-06 05:00:00;25771;HL;низ;1781,170;1783,010;6,614;3;1
2/2;5569;2021-12-06 06:00:00;25772;LH;верх;1786,156;1781,660;4,986;1;1
2/2;5570;2021-12-06 09:00:00;25775;LL;низ;1777,870;1780,126;8,286;3;1
2/2;5571;2021-12-06 11:00:00;25777;LH;верх;1782,975;1778,930;5,105;2;1
2/2;5572;2021-12-06 14:00:00;25780;LL;низ;1775,765;1784,535;7,210;3;1
2/2;5573;2021-12-06 17:00:00;25783;HH;верх;1785,015;1778,455;9,250;3;1
2/2;5574;2021-12-06 19:00:00;25785;HL;низ;1777,855;1778,590;7,160;2;1
2/2;5575;2021-12-06 23:00:00;25788;LH;верх;1782,045;1779,170;4,190;3;1
2/2;5576;2021-12-07 04:00:00;25793;LL;низ;1776,985;1783,355;5,060;5;1
2/2;5577;2021-12-07 07:00:00;25796;HH;верх;1784,650;1781,300;7,665;3;1
2/2;5578;2021-12-07 09:00:00;25798;HL;низ;1777,480;1782,325;7,170;2;1
2/2;5579;2021-12-07 12:00:00;25801;HH;верх;1784,756;1779,745;7,276;3;1
2/2;5580;2021-12-07 13:00:00;25802;LL;низ;1772,250;1782,565;12,506;1;1
2/2;5581;2021-12-07 16:00:00;25805;HH;верх;1787,875;1784,165;15,625;3;2
2/2;5582;2021-12-07 23:00:00;25811;HL;низ;1783,730;1786,840;4,145;6;1
2/2;5583;2021-12-08 06:00:00;25818;HH;верх;1791,630;1788,800;7,900;7;1
2/2;5584;2021-12-08 08:00:00;25820;HL;низ;1785,860;1792,070;5,770;2;1
2/2;5585;2021-12-08 10:00:00;25822;HH;верх;1793,155;1784,605;7,295;2;1
2/2;5586;2021-12-08 14:00:00;25826;LL;низ;1779,715;1782,565;13,440;4;1
2/2;5587;2021-12-08 20:00:00;25832;LH;верх;1786,895;1783,550;7,180;6;1
2/2;5588;2021-12-09 02:00:00;25837;HL;низ;1782,265;1785,995;4,630;5;2
2/2;5589;2021-12-09 08:00:00;25843;HH;верх;1787,670;1783,010;5,405;6;1
2/2;5590;2021-12-09 13:00:00;25848;LL;низ;1773,880;1779,580;13,790;5;1
2/2;5591;2021-12-09 14:00:00;25849;LH;верх;1783,226;1776,330;9,346;1;1
2/2;5592;2021-12-09 18:00:00;25853;LL;низ;1773,310;1775,466;9,916;4;2
2/2;5593;2021-12-10 03:00:00;25861;LH;верх;1779,705;1777,130;6,395;8;1
2/2;5594;2021-12-10 09:00:00;25867;LL;низ;1770,215;1772,245;9,490;6;1
2/2;5595;2021-12-10 14:00:00;25872;HH;верх;1789,534;1784,655;19,319;5;1
2/2;5596;2021-12-10 19:00:00;25877;HL;низ;1781,475;1782,870;8,059;5;1
2/2;5597;2021-12-13 02:00:00;25883;LH;верх;1788,810;1786,460;7,335;6;1
2/2;5598;2021-12-13 07:00:00;25888;HL;низ;1783,390;1785,525;5,420;5;1
2/2;5599;2021-12-13 12:00:00;25893;HH;верх;1791,656;1788,965;8,266;5;2
2/2;5600;2021-12-13 14:00:00;25895;LL;низ;1781,890;1788,750;9,766;2;1
2/2;5601;2021-12-13 16:00:00;25897;LH;верх;1790,200;1787,485;8,310;2;1
2/2;5602;2021-12-13 23:00:00;25903;HL;низ;1785,175;1788,400;5,025;6;1
2/2;5603;2021-12-14 02:00:00;25906;LH;верх;1789,545;1785,985;4,370;3;1
2/2;5604;2021-12-14 04:00:00;25908;HL;низ;1785,420;1788,150;4,125;2;1
2/2;5605;2021-12-14 06:00:00;25910;LH;верх;1788,510;1784,875;3,090;2;1
2/2;5606;2021-12-14 08:00:00;25912;LL;низ;1782,105;1784,890;6,405;2;1
2/2;5607;2021-12-14 13:00:00;25917;LH;верх;1785,645;1774,235;3,540;5;1
2/2;5608;2021-12-14 14:00:00;25918;LL;низ;1766,585;1773,535;19,060;1;2
2/2;5609;2021-12-15 00:00:00;25927;LH;верх;1773,945;1772,405;7,360;9;1
2/2;5610;2021-12-15 07:00:00;25934;HL;низ;1766,900;1769,586;7,045;7;1
2/2;5611;2021-12-15 09:00:00;25936;LH;верх;1771,416;1769,920;4,516;2;1
2/2;5612;2021-12-15 11:00:00;25938;HL;низ;1767,740;1772,015;3,676;2;1
2/2;5613;2021-12-15 13:00:00;25940;HH;верх;1773,725;1766,160;5,985;2;1
2/2;5614;2021-12-15 19:00:00;25946;LL;низ;1753,070;1777,220;20,655;6;3
2/2;5615;2021-12-16 02:00:00;25952;HH;верх;1784,260;1781,945;31,190;6;1
2/2;5616;2021-12-16 05:00:00;25955;HL;низ;1781,025;1784,620;3,235;3;2
2/2;5617;2021-12-16 17:00:00;25967;HH;верх;1799,110;1797,045;18,085;12;1
2/2;5618;2021-12-16 19:00:00;25969;HL;низ;1795,030;1799,226;4,080;2;1
2/2;5619;2021-12-16 21:00:00;25971;HH;верх;1799,686;1797,880;4,656;2;1
2/2;5620;2021-12-17 00:00:00;25973;HL;низ;1797,356;1802,610;2,330;2;1
2/2;5621;2021-12-17 13:00:00;25986;HH;верх;1814,305;1804,630;16,949;13;2
2/2;5622;2021-12-17 20:00:00;25993;LL;низ;1795,835;1800,195;18,470;7;1
2/2;5623;2021-12-20 06:00:00;26002;LH;верх;1804,175;1801,410;8,340;9;3
2/2;5624;2021-12-20 20:00:00;26016;LL;низ;1788,385;1791,715;15,790;14;2
2/2;5625;2021-12-21 00:00:00;26019;LH;верх;1792,385;1791,240;4,000;3;1
2/2;5626;2021-12-21 06:00:00;26025;HL;низ;1788,910;1797,055;3,475;6;2
2/2;5627;2021-12-21 13:00:00;26032;HH;верх;1800,510;1786,040;11,600;7;2
2/2;5628;2021-12-21 15:00:00;26034;LL;низ;1784,905;1787,525;15,605;2;1
2/2;5629;2021-12-22 00:00:00;26042;LH;верх;1791,265;1789,020;6,360;8;1
2/2;5630;2021-12-22 01:00:00;26043;HL;низ;1788,440;1789,270;2,825;1;1
2/2;5631;2021-12-22 03:00:00;26045;LH;верх;1790,736;1787,805;2,296;2;1
2/2;5632;2021-12-22 08:00:00;26050;LL;низ;1785,950;1789,930;4,786;5;2
2/2;5633;2021-12-22 20:00:00;26062;HH;верх;1805,050;1803,800;19,100;12;1
2/2;5634;2021-12-22 23:00:00;26064;HL;низ;1803,206;1807,160;1,844;2;1
2/2;5635;2021-12-23 02:00:00;26067;HH;верх;1808,500;1806,490;5,294;3;2
2/2;5636;2021-12-23 06:00:00;26071;HL;низ;1804,865;1807,065;3,635;4;1
2/2;5637;2021-12-23 13:00:00;26078;HH;верх;1810,090;1806,005;5,225;7;2
2/2;5638;2021-12-23 14:00:00;26079;LL;низ;1798,910;1807,420;11,180;1;1
2/2;5639;2021-12-23 18:00:00;26083;HH;верх;1810,744;1808,940;11,834;4;1
2/2;5640;2021-12-26 23:00:00;26087;HL;низ;1805,935;1810,930;4,809;4;1
2/2;5641;2021-12-27 01:00:00;26089;HH;верх;1811,905;1811,050;5,970;2;1
2/2;5642;2021-12-27 13:00:00;26101;LL;низ;1803,015;1812,820;8,890;12;2
2/2;5643;2021-12-27 15:00:00;26103;HH;верх;1813,515;1808,260;10,500;2;1
2/2;5644;2021-12-27 18:00:00;26106;HL;низ;1806,775;1812,690;6,740;3;1
2/2;5645;2021-12-27 20:00:00;26108;LH;верх;1812,740;1812,415;5,965;2;2
2/2;5646;2021-12-28 02:00:00;26113;HL;низ;1808,565;1810,060;4,175;5;1
2/2;5647;2021-12-28 13:00:00;26124;HH;верх;1820,305;1811,535;11,740;11;2
2/2;5648;2021-12-29 01:00:00;26135;LL;низ;1804,130;1806,725;16,175;11;2
2/2;5649;2021-12-29 03:00:00;26137;LH;верх;1807,756;1806,785;3,626;2;2
2/2;5650;2021-12-29 13:00:00;26147;LL;низ;1789,494;1799,945;18,262;10;1
2/2;5651;2021-12-29 18:00:00;26152;LH;верх;1805,706;1804,455;16,212;5;2
2/2;5652;2021-12-30 07:00:00;26164;HL;низ;1796,280;1800,185;9,426;12;3
2/2;5653;2021-12-30 21:00:00;26178;HH;верх;1817,196;1816,940;20,916;14;1
2/2;5654;2021-12-30 23:00:00;26179;HL;низ;1814,525;1816,705;2,671;1;1
2/2;5655;2021-12-31 01:00:00;26181;HH;верх;1819,080;1817,135;4,555;2;1
2/2;5656;2021-12-31 02:00:00;26182;HL;низ;1814,765;1817,655;4,315;1;1
2/2;5657;2021-12-31 07:00:00;26187;HH;верх;1820,275;1818,115;5,510;5;1
2/2;5658;2021-12-31 08:00:00;26188;HL;низ;1815,200;1819,715;5,075;1;1
2/2;5659;2022-01-02 23:00:00;26202;HH;верх;1831,835;1828,915;16,635;14;2
2/2;5660;2022-01-03 07:00:00;26210;HL;низ;1821,120;1826,495;10,715;8;1
2/2;5661;2022-01-03 10:00:00;26213;LH;верх;1827,545;1821,890;6,425;3;1
2/2;5662;2022-01-03 16:00:00;26219;LL;низ;1798,380;1801,725;29,165;6;1
2/2;5663;2022-01-03 20:00:00;26223;LH;верх;1804,595;1804,270;6,215;4;1
2/2;5664;2022-01-03 21:00:00;26224;HL;низ;1801,065;1804,480;3,530;1;1
2/2;5665;2022-01-04 02:00:00;26228;HH;верх;1807,155;1803,560;6,090;4;1
2/2;5666;2022-01-04 04:00:00;26230;HL;низ;1803,250;1803,555;3,905;2;1
2/2;5667;2022-01-04 07:00:00;26233;HH;верх;1807,460;1805,785;4,210;3;1
2/2;5668;2022-01-04 09:00:00;26235;LL;низ;1801,980;1804,110;5,480;2;1
2/2;5669;2022-01-04 10:00:00;26236;HH;верх;1808,685;1801,300;6,705;1;1
2/2;5670;2022-01-04 12:00:00;26238;LL;низ;1798,510;1810,305;10,175;2;1
2/2;5671;2022-01-04 15:00:00;26241;HH;верх;1816,810;1813,660;18,300;3;2
2/2;5672;2022-01-05 01:00:00;26250;HL;низ;1812,820;1815,495;3,990;9;1
2/2;5673;2022-01-05 03:00:00;26252;LH;верх;1816,580;1815,870;3,760;2;1
2/2;5674;2022-01-05 07:00:00;26256;LL;низ;1812,595;1817,805;3,985;4;2
2/2;5675;2022-01-05 14:00:00;26263;HH;верх;1829,630;1824,000;17,035;7;1
2/2;5676;2022-01-05 20:00:00;26269;LL;низ;1808,330;1810,340;21,300;6;1
2/2;5677;2022-01-06 01:00:00;26273;LH;верх;1811,580;1807,030;3,250;4;1
2/2;5678;2022-01-06 09:00:00;26281;LL;низ;1793,780;1797,510;17,800;8;1
2/2;5679;2022-01-06 10:00:00;26282;LH;верх;1807,236;1791,835;13,456;1;1
2/2;5680;2022-01-06 19:00:00;26291;LL;низ;1786,420;1790,850;20,816;9;2
2/2;5681;2022-01-07 00:00:00;26295;LH;верх;1792,650;1791,705;6,230;4;1
2/2;5682;2022-01-07 01:00:00;26296;HL;низ;1789,875;1792,875;2,775;1;1
2/2;5683;2022-01-07 03:00:00;26298;HH;верх;1793,240;1790,775;3,365;2;1
2/2;5684;2022-01-07 08:00:00;26303;LL;низ;1787,870;1791,400;5,370;5;1
2/2;5685;2022-01-07 13:00:00;26308;HH;верх;1796,310;1789,255;8,440;5;2
2/2;5686;2022-01-07 13:00:00;26308;LL;низ;1782,675;1789,255;13,635;0;1
2/2;5687;2022-01-07 18:00:00;26313;HH;верх;1798,705;1795,986;16,030;5;1
2/2;5688;2022-01-10 00:00:00;26318;HL;низ;1790,876;1794,475;7,829;5;2
2/2;5689;2022-01-10 01:00:00;26319;LH;верх;1796,775;1792,220;5,899;1;1
2/2;5690;2022-01-10 07:00:00;26325;HL;низ;1791,385;1796,840;5,390;6;1
2/2;5691;2022-01-10 11:00:00;26329;HH;верх;1802,370;1793,046;10,985;4;1
2/2;5692;2022-01-10 14:00:00;26332;LL;низ;1790,436;1793,950;11,934;3;1
2/2;5693;2022-01-11 09:00:00;26350;HH;верх;1810,290;1806,580;19,854;18;1
2/2;5694;2022-01-11 14:00:00;26355;HL;низ;1801,850;1815,305;8,440;5;2
2/2;5695;2022-01-11 20:00:00;26361;HH;верх;1823,350;1820,800;21,500;6;1
2/2;5696;2022-01-12 04:00:00;26368;HL;низ;1817,825;1820,150;5,525;7;1
2/2;5697;2022-01-12 05:00:00;26369;LH;верх;1821,585;1817,305;3,760;1;1
2/2;5698;2022-01-12 08:00:00;26372;LL;низ;1814,780;1817,535;6,805;3;1
2/2;5699;2022-01-12 20:00:00;26384;HH;верх;1828,095;1825,340;13,315;12;3
2/2;5700;2022-01-13 02:00:00;26389;HL;низ;1824,085;1826,070;4,010;5;1
2/2;5701;2022-01-13 05:00:00;26392;HH;верх;1828,180;1826,765;4,095;3;2
2/2;5702;2022-01-13 09:00:00;26396;LL;низ;1819,100;1823,670;9,080;4;1
2/2;5703;2022-01-13 12:00:00;26399;LH;верх;1826,030;1818,635;6,930;3;1
2/2;5704;2022-01-13 16:00:00;26403;LL;низ;1812,425;1820,470;13,605;4;1
2/2;5705;2022-01-13 21:00:00;26408;LH;верх;1822,960;1820,905;10,535;5;1
2/2;5706;2022-01-14 00:00:00;26410;HL;низ;1819,680;1825,275;3,280;2;1
2/2;5707;2022-01-14 08:00:00;26418;HH;верх;1829,210;1823,680;9,530;8;2
2/2;5708;2022-01-17 01:00:00;26434;LL;низ;1813,205;1818,925;16,005;16;2
2/2;5709;2022-01-17 08:00:00;26441;LH;верх;1823,210;1820,890;10,005;7;2
2/2;5710;2022-01-17 15:00:00;26448;HL;низ;1817,730;1819,390;5,480;7;2
2/2;5711;2022-01-18 03:00:00;26457;LH;верх;1822,796;1816,265;5,066;9;1
2/2;5712;2022-01-18 13:00:00;26467;LL;низ;1805,840;1819,905;16,956;10;3
2/2;5713;2022-01-18 16:00:00;26470;LH;верх;1820,140;1813,555;14,300;3;1
2/2;5714;2022-01-18 18:00:00;26472;HL;низ;1810,655;1813,805;9,485;2;1
2/2;5715;2022-01-18 19:00:00;26473;LH;верх;1815,930;1813,820;5,275;1;1
2/2;5716;2022-01-19 03:00:00;26480;LL;низ;1810,345;1813,505;5,585;7;2
2/2;5717;2022-01-19 20:00:00;26497;HH;верх;1843,375;1838,606;33,030;17;1
2/2;5718;2022-01-20 00:00:00;26500;HL;низ;1838,110;1840,055;5,265;3;1
2/2;5719;2022-01-20 01:00:00;26501;HH;верх;1844,145;1839,685;6,035;1;1
2/2;5720;2022-01-20 05:00:00;26505;HL;низ;1838,550;1839,170;5,595;4;1
2/2;5721;2022-01-20 08:00:00;26508;LH;верх;1842,180;1837,200;3,630;3;1
2/2;5722;2022-01-20 12:00:00;26512;LL;низ;1836,000;1846,250;6,180;4;1
2/2;5723;2022-01-20 15:00:00;26515;HH;верх;1847,946;1842,410;11,946;3;1
2/2;5724;2022-01-21 01:00:00;26524;HL;низ;1836,380;1840,880;11,566;9;3
2/2;5725;2022-01-21 07:00:00;26530;LH;верх;1842,830;1834,135;6,450;6;1
2/2;5726;2022-01-21 08:00:00;26531;LL;низ;1828,550;1834,050;14,280;1;2
2/2;5727;2022-01-21 14:00:00;26537;HH;верх;1843,245;1835,065;14,695;6;1
2/2;5728;2022-01-21 20:00:00;26543;HL;низ;1828,630;1834,750;14,615;6;1
2/2;5729;2022-01-24 05:00:00;26551;LH;верх;1839,660;1838,046;11,030;8;2
2/2;5730;2022-01-24 07:00:00;26553;HL;низ;1836,495;1841,210;3,165;2;1
2/2;5731;2022-01-24 09:00:00;26555;HH;верх;1844,376;1838,250;7,881;2;2
2/2;5732;2022-01-24 15:00:00;26561;LL;низ;1829,765;1838,580;14,611;6;1
2/2;5733;2022-01-24 21:00:00;26567;LH;верх;1844,180;1842,315;14,415;6;2
2/2;5734;2022-01-25 02:00:00;26571;HL;низ;1839,520;1842,045;4,660;4;1
2/2;5735;2022-01-25 07:00:00;26576;LH;верх;1843,390;1838,110;3,870;5;2
2/2;5736;2022-01-25 10:00:00;26579;LL;низ;1834,955;1839,980;8,435;3;1
2/2;5737;2022-01-25 19:00:00;26588;HH;верх;1853,885;1848,020;18,930;9;2
2/2;5738;2022-01-26 01:00:00;26593;HL;низ;1846,595;1847,120;7,290;5;2
2/2;5739;2022-01-26 06:00:00;26598;LH;верх;1848,740;1845,590;2,145;5;1
2/2;5740;2022-01-26 07:00:00;26599;LL;низ;1843,865;1846,915;4,875;1;1
2/2;5741;2022-01-26 13:00:00;26605;LH;верх;1848,145;1834,180;4,280;6;2
2/2;5742;2022-01-26 14:00:00;26606;LL;низ;1831,350;1831,870;16,795;1;1
2/2;5743;2022-01-26 19:00:00;26611;LH;верх;1833,335;1819,380;1,985;5;1
2/2;5744;2022-01-26 20:00:00;26612;LL;низ;1814,980;1822,005;18,355;1;1
2/2;5745;2022-01-26 23:00:00;26614;LH;верх;1822,180;1815,760;7,200;2;1
2/2;5746;2022-01-27 08:00:00;26623;LL;низ;1809,625;1811,720;12,555;9;2
2/2;5747;2022-01-27 10:00:00;26625;LH;верх;1816,935;1807,175;7,310;2;1
2/2;5748;2022-01-27 18:00:00;26633;LL;низ;1791,860;1794,945;25,075;8;1
2/2;5749;2022-01-28 03:00:00;26641;LH;верх;1799,440;1797,500;7,580;8;1
2/2;5750;2022-01-28 11:00:00;26649;LL;низ;1780,330;1786,380;19,110;8;2
2/2;5751;2022-01-28 15:00:00;26653;LH;верх;1793,070;1784,155;12,740;4;2
2/2;5752;2022-01-31 01:00:00;26662;HL;низ;1786,390;1787,085;6,680;9;1
2/2;5753;2022-01-31 02:00:00;26663;LH;верх;1790,360;1787,295;3,970;1;1
2/2;5754;2022-01-31 04:00:00;26665;LL;низ;1785,610;1788,545;4,750;2;1
2/2;5755;2022-01-31 05:00:00;26666;LH;верх;1789,430;1788,990;3,820;1;1
2/2;5756;2022-01-31 07:00:00;26668;HL;низ;1786,090;1789,575;3,340;2;1
2/2;5757;2022-01-31 19:00:00;26680;HH;верх;1799,880;1797,166;13,790;12;3
2/2;5758;2022-02-01 03:00:00;26687;HL;низ;1795,815;1802,830;4,065;7;1
2/2;5759;2022-02-01 13:00:00;26697;HH;верх;1808,790;1804,486;12,975;10;1
2/2;5760;2022-02-01 15:00:00;26699;HL;низ;1797,860;1802,725;10,930;2;1
2/2;5761;2022-02-01 16:00:00;26700;LH;верх;1807,935;1801,025;10,075;1;1
2/2;5762;2022-02-01 20:00:00;26704;HL;низ;1798,640;1800,840;9,295;4;1
2/2;5763;2022-02-01 21:00:00;26705;LH;верх;1802,400;1801,355;3,760;1;2
2/2;5764;2022-02-02 07:00:00;26714;LL;низ;1794,534;1802,235;7,866;9;2
2/2;5765;2022-02-02 15:00:00;26722;HH;верх;1811,026;1810,175;16,492;8;1
2/2;5766;2022-02-02 20:00:00;26727;HL;низ;1805,220;1807,920;5,806;5;2
2/2;5767;2022-02-03 02:00:00;26732;LH;верх;1809,030;1806,585;3,810;5;1
2/2;5768;2022-02-03 14:00:00;26744;LL;низ;1788,685;1806,930;20,345;12;1
2/2;5769;2022-02-03 16:00:00;26746;LH;верх;1807,675;1805,430;18,990;2;1
2/2;5770;2022-02-04 03:00:00;26756;HL;низ;1805,885;1806,595;1,790;10;1
2/2;5771;2022-02-04 04:00:00;26757;HH;верх;1808,080;1807,055;2,195;1;1
2/2;5772;2022-02-04 06:00:00;26759;LL;низ;1805,870;1808,670;2,210;2;1
2/2;5773;2022-02-04 13:00:00;26766;HH;верх;1814,950;1803,975;9,080;7;2
2/2;5774;2022-02-04 14:00:00;26767;LL;низ;1792,230;1806,950;22,720;1;1
2/2;5775;2022-02-07 01:00:00;26777;HH;верх;1815,410;1809,946;23,180;10;1
2/2;5776;2022-02-07 06:00:00;26782;HL;низ;1808,785;1813,120;6,625;5;1
2/2;5777;2022-02-07 19:00:00;26795;HH;верх;1823,590;1820,395;14,805;13;3
2/2;5778;2022-02-08 01:00:00;26800;HL;низ;1820,340;1821,925;3,250;5;1
2/2;5779;2022-02-08 02:00:00;26801;LH;верх;1823,275;1821,470;2,935;1;1
2/2;5780;2022-02-08 07:00:00;26806;LL;низ;1815,495;1819,935;7,780;5;1
2/2;5781;2022-02-08 10:00:00;26809;LH;верх;1821,075;1817,810;5,580;3;1
2/2;5782;2022-02-08 12:00:00;26811;HL;низ;1817,325;1822,270;3,750;2;1
2/2;5783;2022-02-08 19:00:00;26818;HH;верх;1828,805;1826,110;11,480;7;2
2/2;5784;2022-02-09 00:00:00;26822;HL;низ;1825,125;1827,610;3,680;4;1
2/2;5785;2022-02-09 05:00:00;26827;HH;верх;1829,170;1826,820;4,045;5;1
2/2;5786;2022-02-09 11:00:00;26833;HL;низ;1825,760;1826,065;3,410;6;2
2/2;5787;2022-02-09 13:00:00;26835;HH;верх;1832,615;1828,495;6,855;2;1
2/2;5788;2022-02-09 14:00:00;26836;LL;низ;1824,760;1832,610;7,855;1;1
2/2;5789;2022-02-09 17:00:00;26839;HH;верх;1835,845;1833,400;11,085;3;1
2/2;5790;2022-02-09 20:00:00;26842;HL;низ;1831,255;1832,600;4,590;3;2
2/2;5791;2022-02-10 02:00:00;26847;LH;верх;1834,796;1834,100;3,541;5;1
2/2;5792;2022-02-10 05:00:00;26850;HL;низ;1833,565;1834,740;1,231;3;1
2/2;5793;2022-02-10 07:00:00;26852;HH;верх;1836,135;1832,600;2,570;2;1
2/2;5794;2022-02-10 13:00:00;26858;LL;низ;1821,670;1835,630;14,465;6;2
2/2;5795;2022-02-10 16:00:00;26861;HH;верх;1841,965;1835,375;20,295;3;1
2/2;5796;2022-02-11 07:00:00;26875;LL;низ;1820,990;1826,040;20,975;14;4
2/2;5797;2022-02-11 20:00:00;26888;HH;верх;1865,465;1859,700;44,475;13;1
2/2;5798;2022-02-14 07:00:00;26898;HL;низ;1850,845;1857,425;14,620;10;3
2/2;5799;2022-02-14 08:00:00;26899;LH;верх;1858,506;1855,590;7,661;1;1
2/2;5800;2022-02-14 12:00:00;26903;HL;низ;1851,375;1866,494;7,131;4;1
2/2;5801;2022-02-14 19:00:00;26910;HH;верх;1874,190;1871,660;22,815;7;2
2/2;5802;2022-02-15 01:00:00;26915;HL;низ;1870,205;1877,510;3,985;5;1
2/2;5803;2022-02-15 06:00:00;26920;HH;верх;1879,550;1861,615;9,345;5;1
2/2;5804;2022-02-15 12:00:00;26926;LL;низ;1844,610;1848,930;34,940;6;1
2/2;5805;2022-02-15 14:00:00;26928;LH;верх;1857,260;1852,585;12,650;2;1
2/2;5806;2022-02-15 16:00:00;26930;HL;низ;1846,515;1855,235;10,745;2;1
2/2;5807;2022-02-15 18:00:00;26932;LH;верх;1856,545;1853,445;10,030;2;1
2/2;5808;2022-02-16 01:00:00;26938;HL;низ;1850,320;1852,810;6,225;6;2
2/2;5809;2022-02-16 10:00:00;26947;HH;верх;1859,650;1853,040;9,330;9;1
2/2;5810;2022-02-16 12:00:00;26949;HL;низ;1851,380;1861,910;8,270;2;1
2/2;5811;2022-02-16 20:00:00;26957;HH;верх;1872,600;1869,980;21,220;8;1
2/2;5812;2022-02-17 02:00:00;26962;HL;низ;1867,890;1873,825;4,710;5;1
2/2;5813;2022-02-17 09:00:00;26969;HH;верх;1893,366;1883,675;25,476;7;1
2/2;5814;2022-02-17 12:00:00;26972;HL;низ;1882,805;1893,455;10,561;3;1
2/2;5815;2022-02-18 00:00:00;26983;HH;верх;1902,545;1890,940;19,740;11;3
2/2;5816;2022-02-18 01:00:00;26984;HL;низ;1888,415;1891,090;14,130;1;1
2/2;5817;2022-02-18 05:00:00;26988;LH;верх;1893,500;1891,730;5,085;4;1
2/2;5818;2022-02-18 07:00:00;26990;HL;низ;1889,940;1894,820;3,560;2;1
2/2;5819;2022-02-18 08:00:00;26991;HH;верх;1895,910;1889,540;5,970;1;1
2/2;5820;2022-02-18 10:00:00;26993;LL;низ;1886,664;1893,995;9,246;2;1
2/2;5821;2022-02-18 13:00:00;26996;HH;верх;1900,065;1891,945;13,401;3;1
2/2;5822;2022-02-18 15:00:00;26998;HL;низ;1890,450;1896,950;9,615;2;1
2/2;5823;2022-02-18 18:00:00;27001;LH;верх;1897,965;1896,915;7,515;3;1
2/2;5824;2022-02-18 20:00:00;27003;HL;низ;1893,654;1904,920;4,311;2;1
2/2;5825;2022-02-21 00:00:00;27006;HH;верх;1908,325;1897,480;14,671;3;1
2/2;5826;2022-02-21 07:00:00;27013;LL;низ;1887,665;1896,355;20,660;7;2
2/2;5827;2022-02-21 11:00:00;27017;LH;верх;1898,740;1895,990;11,075;4;1
2/2;5828;2022-02-21 12:00:00;27018;HL;низ;1892,480;1895,140;6,260;1;1
2/2;5829;2022-02-21 23:00:00;27026;HH;верх;1914,320;1909,490;21,840;8;2
2/2;5830;2022-02-22 11:00:00;27038;LL;низ;1891,470;1902,310;22,850;12;1
2/2;5831;2022-02-22 14:00:00;27041;LH;верх;1907,266;1903,325;15,796;3;1
2/2;5832;2022-02-22 15:00:00;27042;HL;низ;1893,945;1903,455;13,321;1;1
2/2;5833;2022-02-22 18:00:00;27045;LH;верх;1905,760;1900,656;11,815;3;1
2/2;5834;2022-02-22 20:00:00;27047;HL;низ;1897,700;1898,260;8,060;2;1
2/2;5835;2022-02-23 01:00:00;27051;LH;верх;1901,365;1899,830;3,665;4;2
2/2;5836;2022-02-23 09:00:00;27059;LL;низ;1889,680;1894,790;11,685;8;1
2/2;5837;2022-02-23 17:00:00;27067;HH;верх;1910,500;1907,120;20,820;8;1
2/2;5838;2022-02-23 20:00:00;27070;HL;низ;1904,665;1910,825;5,835;3;1
2/2;5839;2022-02-24 10:00:00;27083;HH;верх;1974,485;1962,844;69,820;13;2
2/2;5840;2022-02-24 19:00:00;27092;LL;низ;1878,095;1904,015;96,390;9;2
2/2;5841;2022-02-25 01:00:00;27097;LH;верх;1921,910;1914,325;43,815;5;2
2/2;5842;2022-02-25 15:00:00;27111;HL;низ;1882,995;1887,550;38,915;14;1
2/2;5843;2022-02-27 23:00:00;27118;HH;верх;1927,480;1913,495;44,485;7;1
2/2;5844;2022-02-28 03:00:00;27122;HL;низ;1904,636;1908,165;22,844;4;1
2/2;5845;2022-02-28 05:00:00;27124;LH;верх;1911,936;1896,485;7,300;2;1
2/2;5846;2022-02-28 07:00:00;27126;LL;низ;1893,355;1899,720;18,581;2;1
2/2;5847;2022-02-28 13:00:00;27132;HH;верх;1918,370;1908,365;25,015;6;1
2/2;5848;2022-02-28 17:00:00;27136;LL;низ;1890,925;1906,530;27,445;4;1
2/2;5849;2022-02-28 21:00:00;27140;LH;верх;1910,995;1905,520;20,070;4;1
2/2;5850;2022-03-01 02:00:00;27144;HL;низ;1901,470;1905,585;9,525;4;1
2/2;5851;2022-03-01 11:00:00;27153;HH;верх;1926,425;1916,850;24,955;9;1
2/2;5852;2022-03-01 12:00:00;27154;HL;низ;1911,200;1924,130;15,225;1;1
2/2;5853;2022-03-01 21:00:00;27163;HH;верх;1950,306;1935,195;39,106;9;1
2/2;5854;2022-03-02 01:00:00;27166;HL;низ;1931,055;1935,895;19,251;3;2
2/2;5855;2022-03-02 07:00:00;27172;LH;верх;1948,010;1933,005;16,955;6;1
2/2;5856;2022-03-02 10:00:00;27175;LL;низ;1913,750;1926,215;34,260;3;1
2/2;5857;2022-03-02 15:00:00;27180;LH;верх;1935,700;1918,700;21,950;5;1
2/2;5858;2022-03-02 17:00:00;27182;HL;низ;1914,965;1927,985;20,735;2;1
2/2;5859;2022-03-02 20:00:00;27185;LH;верх;1933,415;1928,885;18,450;3;1
2/2;5860;2022-03-03 01:00:00;27189;HL;низ;1926,255;1927,500;7,160;4;1
2/2;5861;2022-03-03 02:00:00;27190;LH;верх;1930,896;1924,645;4,641;1;1
2/2;5862;2022-03-03 05:00:00;27193;LL;низ;1922,110;1932,235;8,786;3;2
2/2;5863;2022-03-03 11:00:00;27199;HH;верх;1938,836;1926,170;16,726;6;1
2/2;5864;2022-03-03 16:00:00;27204;HL;низ;1923,360;1934,110;15,476;5;2
2/2;5865;2022-03-04 00:00:00;27211;HH;верх;1951,020;1939,375;27,660;7;2
2/2;5866;2022-03-04 01:00:00;27212;HL;низ;1929,715;1939,660;21,305;1;3
2/2;5867;2022-03-07 01:00:00;27235;HH;верх;2001,136;1990,090;71,421;23;1
2/2;5868;2022-03-07 06:00:00;27240;HL;низ;1976,165;1996,645;24,971;5;1
2/2;5869;2022-03-07 10:00:00;27244;HH;верх;2002,670;1984,106;26,505;4;1
2/2;5870;2022-03-07 13:00:00;27247;LL;низ;1961,075;1980,990;41,595;3;1
2/2;5871;2022-03-08 00:00:00;27257;LH;верх;2000,120;1989,270;39,045;10;2
2/2;5872;2022-03-08 01:00:00;27258;HL;низ;1981,105;1986,075;19,015;1;1
2/2;5873;2022-03-08 07:00:00;27264;HH;верх;2021,090;2006,375;39,985;6;1
2/2;5874;2022-03-08 13:00:00;27270;HL;низ;2003,640;2047,380;17,450;6;1
2/2;5875;2022-03-08 16:00:00;27273;HH;верх;2070,630;2044,425;66,990;3;1
2/2;5876;2022-03-08 17:00:00;27274;HL;низ;2021,285;2039,526;49,345;1;1
2/2;5877;2022-03-08 21:00:00;27278;LH;верх;2054,216;2038,800;32,931;4;1
2/2;5878;2022-03-09 00:00:00;27280;HL;низ;2035,264;2052,755;18,952;2;1
2/2;5879;2022-03-09 04:00:00;27284;HH;верх;2059,245;2049,250;23,981;4;1
2/2;5880;2022-03-09 10:00:00;27290;LL;низ;2004,340;2009,415;54,905;6;1
2/2;5881;2022-03-09 12:00:00;27292;LH;верх;2021,466;1986,825;17,126;2;1
2/2;5882;2022-03-09 14:00:00;27294;LL;низ;1976,160;2001,516;45,306;2;1
2/2;5883;2022-03-09 16:00:00;27296;LH;верх;2005,685;1983,715;29,525;2;1
2/2;5884;2022-03-09 19:00:00;27299;HL;низ;1979,640;1992,505;26,045;3;1
2/2;5885;2022-03-09 21:00:00;27301;LH;верх;1999,130;1983,780;19,490;2;1
2/2;5886;2022-03-10 01:00:00;27304;LL;низ;1970,525;1976,480;28,605;3;1
2/2;5887;2022-03-10 06:00:00;27309;LH;верх;1989,116;1983,940;18,591;5;1
2/2;5888;2022-03-10 07:00:00;27310;HL;низ;1974,466;1985,954;14,650;1;1
2/2;5889;2022-03-10 12:00:00;27315;HH;верх;2009,225;1997,040;34,759;5;1
2/2;5890;2022-03-10 15:00:00;27318;HL;низ;1981,725;2003,940;27,500;3;1
2/2;5891;2022-03-10 18:00:00;27321;LH;верх;2006,080;1997,700;24,355;3;1
2/2;5892;2022-03-11 05:00:00;27331;LL;низ;1981,090;1991,635;24,990;10;2
2/2;5893;2022-03-11 08:00:00;27334;LH;верх;1995,026;1991,595;13,936;3;1
2/2;5894;2022-03-11 13:00:00;27339;LL;низ;1958,680;1980,850;36,346;5;1
2/2;5895;2022-03-11 17:00:00;27343;LH;верх;1990,080;1985,590;31,400;4;2
2/2;5896;2022-03-14 00:00:00;27350;HL;низ;1970,180;1972,755;19,900;7;2
2/2;5897;2022-03-14 06:00:00;27356;LH;верх;1978,736;1967,530;8,556;6;2
2/2;5898;2022-03-14 13:00:00;27363;LL;низ;1949,744;1955,040;28,992;7;1
2/2;5899;2022-03-14 17:00:00;27367;LH;верх;1962,025;1952,706;12,281;4;2
2/2;5900;2022-03-15 14:00:00;27387;LL;низ;1907,086;1929,320;54,939;20;3
2/2;5901;2022-03-15 16:00:00;27389;LH;верх;1931,086;1921,135;24,000;2;1
2/2;5902;2022-03-15 20:00:00;27393;HL;низ;1913,930;1918,135;17,156;4;1
2/2;5903;2022-03-16 01:00:00;27397;LH;верх;1924,860;1918,130;10,930;4;1
2/2;5904;2022-03-16 08:00:00;27404;LL;низ;1911,755;1921,185;13,105;7;1
2/2;5905;2022-03-16 11:00:00;27407;HH;верх;1927,180;1915,790;15,425;3;1
2/2;5906;2022-03-16 18:00:00;27414;LL;низ;1895,065;1927,385;32,115;7;2
2/2;5907;2022-03-17 03:00:00;27422;HH;верх;1938,245;1934,460;43,180;8;2
2/2;5908;2022-03-17 07:00:00;27426;HL;низ;1930,150;1941,650;8,095;4;1
2/2;5909;2022-03-17 11:00:00;27430;HH;верх;1946,970;1945,106;16,820;4;1
2/2;5910;2022-03-17 12:00:00;27431;HL;низ;1935,555;1948,610;11,415;1;1
2/2;5911;2022-03-17 15:00:00;27434;HH;верх;1949,865;1942,510;14,310;3;1
2/2;5912;2022-03-17 19:00:00;27438;HL;низ;1935,575;1941,295;14,290;4;1
2/2;5913;2022-03-18 00:00:00;27442;LH;верх;1945,410;1933,900;9,835;4;1
2/2;5914;2022-03-18 03:00:00;27445;LL;низ;1926,756;1933,585;18,654;3;2
2/2;5915;2022-03-18 08:00:00;27450;LH;верх;1937,246;1935,145;10,490;5;1
2/2;5916;2022-03-18 10:00:00;27452;HL;низ;1928,974;1935,655;8,272;2;1
2/2;5917;2022-03-18 12:00:00;27454;HH;верх;1940,940;1936,316;11,966;2;1
2/2;5918;2022-03-18 19:00:00;27461;LL;низ;1918,010;1920,266;22,930;7;2
2/2;5919;2022-03-21 04:00:00;27469;LH;верх;1928,995;1924,180;10,985;8;2
2/2;5920;2022-03-21 07:00:00;27472;HL;низ;1922,040;1925,620;6,955;3;1
2/2;5921;2022-03-21 10:00:00;27475;LH;верх;1928,950;1924,690;6,910;3;1
2/2;5922;2022-03-21 13:00:00;27478;LL;низ;1918,026;1935,110;10,924;3;1
2/2;5923;2022-03-21 14:00:00;27479;HH;верх;1937,646;1930,626;19,620;1;1
2/2;5924;2022-03-21 17:00:00;27482;HL;низ;1927,065;1935,450;10,581;3;1
2/2;5925;2022-03-21 18:00:00;27483;HH;верх;1941,530;1935,760;14,465;1;2
2/2;5926;2022-03-22 00:00:00;27488;HL;низ;1929,400;1935,770;12,130;5;1
2/2;5927;2022-03-22 05:00:00;27493;LH;верх;1938,485;1933,620;9,085;5;1
2/2;5928;2022-03-22 09:00:00;27497;LL;низ;1922,780;1927,725;15,705;4;1
2/2;5929;2022-03-22 12:00:00;27500;LH;верх;1930,985;1915,345;8,205;3;1
2/2;5930;2022-03-22 14:00:00;27502;LL;низ;1910,730;1920,095;20,255;2;1
2/2;5931;2022-03-22 18:00:00;27506;LH;верх;1924,920;1921,040;14,190;4;1
2/2;5932;2022-03-23 00:00:00;27511;HL;низ;1915,640;1923,285;9,280;5;1
2/2;5933;2022-03-23 03:00:00;27514;LH;верх;1924,520;1921,605;8,880;3;1
2/2;5934;2022-03-23 06:00:00;27517;HL;низ;1917,020;1925,875;7,500;3;2
2/2;5935;2022-03-23 14:00:00;27525;HH;верх;1936,800;1935,485;19,780;8;1
2/2;5936;2022-03-23 15:00:00;27526;HL;низ;1925,915;1936,700;10,885;1;1
2/2;5937;2022-03-24 00:00:00;27534;HH;верх;1948,686;1941,580;22,771;8;2
2/2;5938;2022-03-24 06:00:00;27540;HL;низ;1937,505;1940,915;11,181;6;2
2/2;5939;2022-03-24 16:00:00;27550;HH;верх;1966,206;1962,200;28,701;10;1
2/2;5940;2022-03-24 20:00:00;27554;HL;низ;1956,240;1959,350;9,966;4;2
2/2;5941;2022-03-25 02:00:00;27559;LH;верх;1964,380;1960,085;8,140;5;1
2/2;5942;2022-03-25 07:00:00;27564;LL;низ;1953,265;1956,145;11,115;5;1
2/2;5943;2022-03-25 08:00:00;27565;LH;верх;1960,736;1950,560;7,471;1;1
2/2;5944;2022-03-25 13:00:00;27570;LL;низ;1943,195;1957,240;17,541;5;1
2/2;5945;2022-03-25 15:00:00;27572;HH;верх;1961,930;1953,525;18,735;2;1
2/2;5946;2022-03-25 17:00:00;27574;HL;низ;1951,744;1954,515;10,186;2;1
2/2;5947;2022-03-25 20:00:00;27577;LH;верх;1958,636;1957,235;6,892;3;2
2/2;5948;2022-03-28 09:00:00;27589;LL;низ;1925,410;1930,240;33,226;12;1
2/2;5949;2022-03-28 12:00:00;27592;LH;верх;1945,795;1934,765;20,385;3;2
2/2;5950;2022-03-28 19:00:00;27599;LL;низ;1917,130;1922,850;28,665;7;2
2/2;5951;2022-03-29 01:00:00;27604;LH;верх;1929,455;1925,326;12,325;5;1
2/2;5952;2022-03-29 12:00:00;27615;LL;низ;1890,155;1908,680;39,300;11;2
2/2;5953;2022-03-29 19:00:00;27622;LH;верх;1921,480;1919,796;31,325;7;1
2/2;5954;2022-03-30 00:00:00;27626;HL;низ;1916,010;1923,480;5,470;4;1
2/2;5955;2022-03-30 06:00:00;27632;HH;верх;1928,486;1919,340;12,476;6;1
2/2;5956;2022-03-30 09:00:00;27635;HL;низ;1917,255;1923,880;11,231;3;1
2/2;5957;2022-03-30 15:00:00;27641;HH;верх;1938,620;1931,780;21,365;6;1
2/2;5958;2022-03-30 17:00:00;27643;HL;низ;1930,540;1934,470;8,080;2;1
2/2;5959;2022-03-30 20:00:00;27646;LH;верх;1936,030;1934,110;5,490;3;2
2/2;5960;2022-03-31 05:00:00;27654;LL;низ;1919,270;1931,405;16,760;8;1
2/2;5961;2022-03-31 07:00:00;27656;LH;верх;1933,975;1926,020;14,705;2;1
2/2;5962;2022-03-31 09:00:00;27658;HL;низ;1922,595;1931,060;11,380;2;1
2/2;5963;2022-03-31 17:00:00;27666;HH;верх;1949,860;1936,816;27,265;8;1
2/2;5964;2022-04-01 00:00:00;27672;HL;низ;1932,560;1934,060;17,300;6;1
2/2;5965;2022-04-01 04:00:00;27676;LH;верх;1939,620;1932,475;7,060;4;1
2/2;5966;2022-04-01 07:00:00;27679;LL;низ;1929,490;1934,270;10,130;3;1
2/2;5967;2022-04-01 09:00:00;27681;LH;верх;1936,565;1928,715;7,075;2;1
2/2;5968;2022-04-01 17:00:00;27689;LL;низ;1918,100;1922,790;18,465;8;2
2/2;5969;2022-04-04 00:00:00;27695;LH;верх;1926,860;1919,275;8,760;6;1
2/2;5970;2022-04-04 04:00:00;27699;LL;низ;1915,570;1928,090;11,290;4;1
2/2;5971;2022-04-04 08:00:00;27703;HH;верх;1933,140;1928,995;17,570;4;1
2/2;5972;2022-04-04 10:00:00;27705;HL;низ;1925,695;1931,760;7,445;2;1
2/2;5973;2022-04-04 13:00:00;27708;HH;верх;1936,940;1933,720;11,245;3;1
2/2;5974;2022-04-04 14:00:00;27709;LL;низ;1924,420;1931,650;12,520;1;2
2/2;5975;2022-04-04 22:00:00;27716;LH;верх;1933,910;1932,090;9,490;7;1
2/2;5976;2022-04-05 04:00:00;27722;HL;низ;1926,605;1932,740;7,305;6;1
2/2;5977;2022-04-05 06:00:00;27724;LH;верх;1933,670;1931,775;7,065;2;1
2/2;5978;2022-04-05 12:00:00;27730;LL;низ;1924,185;1930,830;9,485;6;2
2/2;5979;2022-04-05 14:00:00;27732;HH;верх;1944,636;1923,550;20,451;2;1
2/2;5980;2022-04-06 01:00:00;27742;LL;низ;1916,700;1923,925;27,936;10;3
2/2;5981;2022-04-06 02:00:00;27743;LH;верх;1925,370;1921,750;8,670;1;1
2/2;5982;2022-04-06 07:00:00;27748;LL;низ;1915,080;1929,795;10,290;5;1
2/2;5983;2022-04-06 09:00:00;27750;HH;верх;1933,580;1921,605;18,500;2;1
2/2;5984;2022-04-06 11:00:00;27752;HL;низ;1918,335;1930,500;15,245;2;1
2/2;5985;2022-04-06 13:00:00;27754;LH;верх;1931,986;1927,990;13,651;2;2
2/2;5986;2022-04-06 18:00:00;27759;LL;низ;1915,615;1925,880;16,371;5;2
2/2;5987;2022-04-07 00:00:00;27764;LH;верх;1927,450;1924,960;11,835;5;1
2/2;5988;2022-04-07 04:00:00;27768;HL;низ;1920,625;1925,166;6,825;4;2
2/2;5989;2022-04-07 14:00:00;27778;HH;верх;1937,850;1934,300;17,225;10;1
2/2;5990;2022-04-07 19:00:00;27783;HL;низ;1929,645;1931,250;8,205;5;1
2/2;5991;2022-04-08 01:00:00;27788;LH;верх;1935,570;1931,005;5,925;5;1
2/2;5992;2022-04-08 05:00:00;27792;LL;низ;1927,775;1932,015;7,795;4;2
2/2;5993;2022-04-08 14:00:00;27801;HH;верх;1948,220;1941,465;20,445;9;1
2/2;5994;2022-04-08 17:00:00;27804;HL;низ;1939,040;1944,220;9,180;3;1
2/2;5995;2022-04-10 22:00:00;27808;HH;верх;1950,030;1945,380;10,990;4;2
2/2;5996;2022-04-11 05:00:00;27815;HL;низ;1940,035;1945,865;9,995;7;2
2/2;5997;2022-04-11 12:00:00;27822;HH;верх;1970,026;1951,585;29,991;7;1
2/2;5998;2022-04-11 17:00:00;27827;HL;низ;1940,865;1953,800;29,161;5;1
2/2;5999;2022-04-11 20:00:00;27830;LH;верх;1955,870;1952,885;15,005;3;1
2/2;6000;2022-04-12 00:00:00;27833;HL;низ;1949,870;1956,810;6,000;3;1
2/2;6001;2022-04-12 04:00:00;27837;HH;верх;1960,525;1958,510;10,655;4;1
2/2;6002;2022-04-12 09:00:00;27842;LL;низ;1949,755;1956,640;10,770;5;1
2/2;6003;2022-04-12 14:00:00;27847;HH;верх;1978,685;1974,066;28,930;5;1
2/2;6004;2022-04-13 00:00:00;27856;HL;низ;1962,955;1970,835;15,730;9;2
2/2;6005;2022-04-13 05:00:00;27861;LH;верх;1973,625;1971,245;10,670;5;1
2/2;6006;2022-04-13 07:00:00;27863;HL;низ;1965,745;1977,830;7,880;2;1
2/2;6007;2022-04-13 12:00:00;27868;HH;верх;1980,730;1978,525;14,985;5;1
2/2;6008;2022-04-13 12:00:00;27868;HL;низ;1971,940;1978,525;8,790;0;1
2/2;6009;2022-04-13 16:00:00;27872;HH;верх;1981,566;1975,876;9,626;4;1
2/2;6010;2022-04-14 00:00:00;27879;HL;низ;1973,570;1977,725;7,996;7;2
2/2;6011;2022-04-14 02:00:00;27881;LH;верх;1980,435;1975,670;6,865;2;1
2/2;6012;2022-04-14 06:00:00;27885;LL;низ;1970,755;1971,470;9,680;4;1
2/2;6013;2022-04-14 07:00:00;27886;LH;верх;1978,425;1969,200;7,670;1;1
2/2;6014;2022-04-14 10:00:00;27889;LL;низ;1967,265;1972,515;11,160;3;1
2/2;6015;2022-04-14 12:00:00;27891;HH;верх;1979,950;1972,200;12,685;2;1
2/2;6016;2022-04-14 14:00:00;27893;LL;низ;1960,600;1971,140;19,350;2;1
2/2;6017;2022-04-18 01:00:00;27903;HH;верх;1988,606;1984,930;28,006;10;2
2/2;6018;2022-04-18 02:00:00;27904;HL;низ;1982,656;1984,965;5,950;1;1
2/2;6019;2022-04-18 09:00:00;27911;HH;верх;1993,945;1992,020;11,289;7;1
2/2;6020;2022-04-18 10:00:00;27912;HL;низ;1987,885;1995,130;6,060;1;1
2/2;6021;2022-04-18 12:00:00;27914;HH;верх;1998,460;1983,995;10,575;2;1
2/2;6022;2022-04-18 18:00:00;27920;LL;низ;1976,315;1978,690;22,145;6;1
2/2;6023;2022-04-19 00:00:00;27925;LH;верх;1979,015;1977,335;2,700;5;1
2/2;6024;2022-04-19 00:00:00;27925;LL;низ;1974,936;1977,335;4,079;0;1
2/2;6025;2022-04-19 03:00:00;27928;LH;верх;1978,800;1974,565;3,864;3;1
2/2;6026;2022-04-19 05:00:00;27930;LL;низ;1972,835;1978,025;5,965;2;1
2/2;6027;2022-04-19 12:00:00;27937;HH;верх;1982,036;1955,480;9,201;7;2
2/2;6028;2022-04-19 19:00:00;27944;LL;низ;1943,660;1950,015;38,376;7;2
2/2;6029;2022-04-19 23:00:00;27947;LH;верх;1951,645;1945,410;7,985;3;1
2/2;6030;2022-04-20 06:00:00;27954;LL;низ;1939,404;1946,765;12,241;7;1
2/2;6031;2022-04-20 11:00:00;27959;HH;верх;1955,146;1949,180;15,742;5;1
2/2;6032;2022-04-20 13:00:00;27961;HL;низ;1943,945;1950,970;11,201;2;2
2/2;6033;2022-04-20 20:00:00;27968;HH;верх;1958,405;1956,895;14,460;7;2
2/2;6034;2022-04-21 11:00:00;27982;LL;низ;1936,824;1945,375;21,581;14;1
2/2;6035;2022-04-21 13:00:00;27984;LH;верх;1949,690;1940,080;12,866;2;1
2/2;6036;2022-04-21 15:00:00;27986;HL;низ;1937,910;1947,276;11,780;2;1
2/2;6037;2022-04-21 19:00:00;27990;HH;верх;1954,046;1951,436;16,136;4;2
2/2;6038;2022-04-22 03:00:00;27997;HL;низ;1945,970;1953,210;8,076;7;1
2/2;6039;2022-04-22 06:00:00;28000;HH;верх;1955,710;1943,890;9,740;3;1
2/2;6040;2022-04-22 12:00:00;28006;LL;низ;1929,550;1936,040;26,160;6;1
2/2;6041;2022-04-22 13:00:00;28007;LH;верх;1946,480;1939,165;16,930;1;1
2/2;6042;2022-04-25 06:00:00;28023;LL;низ;1912,375;1916,575;34,105;16;2
2/2;6043;2022-04-25 08:00:00;28025;LH;верх;1921,240;1908,916;8,865;2;1
2/2;6044;2022-04-25 12:00:00;28029;LL;низ;1891,560;1895,185;29,680;4;1
2/2;6045;2022-04-25 18:00:00;28035;LH;верх;1902,605;1898,045;11,045;6;1
2/2;6046;2022-04-26 01:00:00;28041;HL;низ;1897,420;1902,400;5,185;6;1
2/2;6047;2022-04-26 05:00:00;28045;HH;верх;1907,506;1896,855;10,086;4;1
2/2;6048;2022-04-26 07:00:00;28047;LL;низ;1895,790;1904,540;11,716;2;1
2/2;6049;2022-04-26 10:00:00;28050;HH;верх;1909,675;1901,785;13,885;3;1
2/2;6050;2022-04-26 12:00:00;28052;HL;низ;1900,420;1904,845;9,255;2;1
2/2;6051;2022-04-26 13:00:00;28053;HH;верх;1911,305;1901,805;10,885;1;1
2/2;6052;2022-04-26 18:00:00;28058;LL;низ;1896,570;1905,450;14,735;5;1
2/2;6053;2022-04-26 23:00:00;28062;LH;верх;1907,050;1902,230;10,480;4;1
2/2;6054;2022-04-27 04:00:00;28067;LL;низ;1895,920;1898,540;11,130;5;1
2/2;6055;2022-04-27 07:00:00;28070;LH;верх;1903,560;1895,325;7,640;3;1
2/2;6056;2022-04-27 08:00:00;28071;LL;низ;1886,500;1897,780;17,060;1;1
2/2;6057;2022-04-27 12:00:00;28075;HH;верх;1907,086;1885,525;20,586;4;1
2/2;6058;2022-04-27 15:00:00;28078;LL;низ;1881,395;1891,180;25,691;3;1
2/2;6059;2022-04-27 17:00:00;28080;LH;верх;1891,575;1886,520;10,180;2;2
2/2;6060;2022-04-28 05:00:00;28091;LL;низ;1872,215;1885,075;19,360;11;1
2/2;6061;2022-04-28 12:00:00;28098;HH;верх;1895,445;1886,875;23,230;7;2
2/2;6062;2022-04-28 12:00:00;28098;HL;низ;1881,945;1886,875;13,500;0;1
2/2;6063;2022-04-28 19:00:00;28105;HH;верх;1896,795;1892,875;14,850;7;1
2/2;6064;2022-04-28 23:00:00;28108;HL;низ;1892,595;1902,575;4,200;3;1
2/2;6065;2022-04-29 11:00:00;28120;HH;верх;1919,980;1910,990;27,385;12;3
2/2;6066;2022-05-02 05:00:00;28137;LL;низ;1882,780;1884,350;37,200;17;3
2/2;6067;2022-05-02 11:00:00;28143;LH;верх;1882,435;1858,205;0,345;6;1
2/2;6068;2022-05-02 13:00:00;28145;LL;низ;1854,480;1870,180;27,955;2;1
2/2;6069;2022-05-02 15:00:00;28147;LH;верх;1872,135;1866,345;17,655;2;1
2/2;6070;2022-05-02 18:00:00;28150;HL;низ;1859,960;1862,956;12,175;3;1
2/2;6071;2022-05-03 00:00:00;28155;LH;верх;1867,220;1865,355;7,260;5;1
2/2;6072;2022-05-03 08:00:00;28163;LL;низ;1850,470;1858,545;16,750;8;1
2/2;6073;2022-05-03 14:00:00;28169;HH;верх;1878,145;1869,900;27,675;6;1
2/2;6074;2022-05-03 19:00:00;28174;HL;низ;1865,365;1868,930;12,780;5;1
2/2;6075;2022-05-03 23:00:00;28177;LH;верх;1869,546;1862,815;4,181;3;1
2/2;6076;2022-05-04 06:00:00;28184;LL;низ;1861,480;1868,545;8,066;7;2
2/2;6077;2022-05-04 08:00:00;28186;HH;верх;1872,135;1867,230;10,655;2;2
2/2;6078;2022-05-04 14:00:00;28192;HL;низ;1861,675;1868,595;10,460;6;2
2/2;6079;2022-05-05 01:00:00;28202;HH;верх;1903,485;1901,240;41,810;10;3
2/2;6080;2022-05-05 08:00:00;28209;HL;низ;1889,600;1896,540;13,885;7;1
2/2;6081;2022-05-05 12:00:00;28213;HH;верх;1909,820;1886,305;20,220;4;1
2/2;6082;2022-05-05 16:00:00;28217;LL;низ;1872,545;1877,630;37,275;4;1
2/2;6083;2022-05-05 19:00:00;28220;LH;верх;1881,075;1878,035;8,530;3;1
2/2;6084;2022-05-06 01:00:00;28225;LL;низ;1866,145;1876,995;14,930;5;1
2/2;6085;2022-05-06 05:00:00;28229;LH;верх;1878,005;1874,196;11,860;4;1
2/2;6086;2022-05-06 06:00:00;28230;HL;низ;1873,065;1881,905;4,940;1;1
2/2;6087;2022-05-06 12:00:00;28236;HH;верх;1890,140;1885,685;17,075;6;1
2/2;6088;2022-05-06 13:00:00;28237;HL;низ;1874,470;1886,585;15,670;1;1
2/2;6089;2022-05-06 15:00:00;28239;HH;верх;1892,576;1882,305;18,106;2;2
2/2;6090;2022-05-09 10:00:00;28257;LL;низ;1856,280;1864,430;36,296;18;1
2/2;6091;2022-05-09 13:00:00;28260;LH;верх;1871,606;1861,400;15,326;3;1
2/2;6092;2022-05-09 20:00:00;28267;LL;низ;1851,780;1854,705;19,826;7;1
2/2;6093;2022-05-10 06:00:00;28276;LH;верх;1865,526;1862,826;13,746;9;1
2/2;6094;2022-05-10 10:00:00;28280;HL;низ;1856,345;1862,315;9,181;4;1
2/2;6095;2022-05-10 13:00:00;28283;LH;верх;1864,620;1844,400;8,275;3;1
2/2;6096;2022-05-11 00:00:00;28293;LL;низ;1832,075;1838,645;32,545;10;2
2/2;6097;2022-05-11 02:00:00;28295;LH;верх;1840,095;1839,095;8,020;2;1
2/2;6098;2022-05-11 04:00:00;28297;HL;низ;1835,970;1844,245;4,125;2;1
2/2;6099;2022-05-11 09:00:00;28302;HH;верх;1854,454;1850,395;18,484;5;1
2/2;6100;2022-05-11 12:00:00;28305;LL;низ;1834,936;1851,245;19,518;3;1
2/2;6101;2022-05-11 13:00:00;28306;HH;верх;1858,300;1852,376;23,364;1;2
2/2;6102;2022-05-11 22:00:00;28314;HL;низ;1851,080;1857,390;7,220;8;1
2/2;6103;2022-05-12 01:00:00;28317;HH;верх;1858,875;1853,085;7,795;3;2
2/2;6104;2022-05-12 07:00:00;28323;LL;низ;1844,040;1848,210;14,835;6;1
2/2;6105;2022-05-12 13:00:00;28329;LH;верх;1849,216;1835,680;5,176;6;1
2/2;6106;2022-05-12 22:00:00;28337;LL;низ;1810,675;1822,575;38,541;8;1
2/2;6107;2022-05-13 07:00:00;28346;LH;верх;1828,890;1823,080;18,215;9;1
2/2;6108;2022-05-13 13:00:00;28352;LL;низ;1799,160;1809,140;29,730;6;1
2/2;6109;2022-05-13 14:00:00;28353;LH;верх;1818,495;1811,360;19,335;1;1
2/2;6110;2022-05-13 19:00:00;28358;HL;низ;1807,010;1811,075;11,485;5;1
2/2;6111;2022-05-16 01:00:00;28363;LH;верх;1817,710;1810,830;10,700;5;2
2/2;6112;2022-05-16 07:00:00;28369;LL;низ;1786,785;1800,545;30,925;6;2
2/2;6113;2022-05-16 23:00:00;28384;HH;верх;1829,355;1826,300;42,570;15;2
2/2;6114;2022-05-17 03:00:00;28388;HL;низ;1821,910;1828,555;7,445;4;1
2/2;6115;2022-05-17 06:00:00;28391;HH;верх;1830,370;1828,055;8,460;3;1
2/2;6116;2022-05-17 07:00:00;28392;HL;низ;1823,445;1828,435;6,925;1;1
2/2;6117;2022-05-17 11:00:00;28396;HH;верх;1836,155;1823,995;12,710;4;1
2/2;6118;2022-05-17 20:00:00;28405;LL;низ;1812,910;1814,640;23,245;9;1
2/2;6119;2022-05-18 01:00:00;28409;LH;верх;1817,300;1808,630;4,390;4;1
2/2;6120;2022-05-18 03:00:00;28411;LL;низ;1807,740;1811,585;9,560;2;1
2/2;6121;2022-05-18 10:00:00;28418;HH;верх;1820,455;1811,324;12,715;7;1
2/2;6122;2022-05-18 12:00:00;28420;LL;низ;1807,315;1814,200;13,140;2;1
2/2;6123;2022-05-18 15:00:00;28423;HH;верх;1824,836;1817,600;17,521;3;2
2/2;6124;2022-05-19 01:00:00;28432;HL;низ;1813,955;1816,170;10,881;9;1
2/2;6125;2022-05-19 03:00:00;28434;LH;верх;1817,756;1813,960;3,801;2;1
2/2;6126;2022-05-19 07:00:00;28438;LL;низ;1810,905;1829,675;6,851;4;1
2/2;6127;2022-05-19 15:00:00;28446;HH;верх;1849,150;1841,590;38,245;8;1
2/2;6128;2022-05-19 19:00:00;28450;HL;низ;1840,015;1841,960;9,135;4;1
2/2;6129;2022-05-19 23:00:00;28453;LH;верх;1844,696;1838,115;4,681;3;1
2/2;6130;2022-05-20 02:00:00;28456;LL;низ;1836,525;1842,815;8,171;3;1
2/2;6131;2022-05-20 07:00:00;28461;HH;верх;1849,490;1847,046;12,965;5;2
2/2;6132;2022-05-20 14:00:00;28468;LL;низ;1832,405;1841,610;17,085;7;1
2/2;6133;2022-05-23 05:00:00;28482;HH;верх;1858,330;1856,565;25,925;14;3
2/2;6134;2022-05-23 06:00:00;28483;HL;низ;1852,074;1861,660;6,256;1;1
2/2;6135;2022-05-23 10:00:00;28487;HH;верх;1865,530;1855,810;13,456;4;1
2/2;6136;2022-05-23 17:00:00;28494;LL;низ;1847,035;1853,130;18,495;7;1
2/2;6137;2022-05-23 18:00:00;28495;LH;верх;1858,900;1853,665;11,865;1;2
2/2;6138;2022-05-24 02:00:00;28502;HL;низ;1849,370;1855,945;9,530;7;1
2/2;6139;2022-05-24 04:00:00;28504;LH;верх;1857,190;1851,570;7,820;2;1
2/2;6140;2022-05-24 06:00:00;28506;HL;низ;1850,395;1856,130;6,795;2;1
2/2;6141;2022-05-24 08:00:00;28508;HH;верх;1860,750;1857,900;10,355;2;1
2/2;6142;2022-05-24 12:00:00;28512;HL;низ;1854,185;1865,510;6,565;4;1
2/2;6143;2022-05-24 16:00:00;28516;HH;верх;1869,750;1864,475;15,565;4;1
2/2;6144;2022-05-24 18:00:00;28518;HL;низ;1862,835;1866,520;6,915;2;1
2/2;6145;2022-05-25 00:00:00;28523;LH;верх;1868,110;1861,060;5,275;5;3
2/2;6146;2022-05-25 15:00:00;28538;LL;низ;1841,605;1847,810;26,505;15;1
2/2;6147;2022-05-25 19:00:00;28542;LH;верх;1856,350;1853,180;14,745;4;2
2/2;6148;2022-05-26 05:00:00;28551;HL;низ;1842,995;1847,970;13,355;9;1
2/2;6149;2022-05-26 07:00:00;28553;LH;верх;1850,880;1845,870;7,885;2;1
2/2;6150;2022-05-26 11:00:00;28557;LL;низ;1840,756;1849,475;10,124;4;1
2/2;6151;2022-05-27 01:00:00;28570;HH;верх;1856,535;1854,600;15,779;13;3
2/2;6152;2022-05-27 01:00:00;28570;HL;низ;1848,055;1854,600;8,480;0;2
2/2;6153;2022-05-27 12:00:00;28581;HH;верх;1862,050;1854,895;13,995;11;2
2/2;6154;2022-05-27 12:00:00;28581;HL;низ;1850,565;1854,895;11,485;0;2
2/2;6155;2022-05-27 19:00:00;28588;LH;верх;1854,935;1850,920;4,370;7;1
2/2;6156;2022-05-29 23:00:00;28591;LL;низ;1847,840;1856,820;7,095;3;1
2/2;6157;2022-05-30 07:00:00;28599;HH;верх;1864,085;1858,250;16,245;8;1
2/2;6158;2022-05-30 12:00:00;28604;HL;низ;1854,185;1858,685;9,900;5;1
2/2;6159;2022-05-30 13:00:00;28605;LH;верх;1861,185;1855,755;7,000;1;2
2/2;6160;2022-05-31 01:00:00;28614;LL;низ;1846,065;1852,275;15,120;9;1
2/2;6161;2022-05-31 08:00:00;28621;LH;верх;1857,186;1849,265;11,121;7;1
2/2;6162;2022-05-31 11:00:00;28624;LL;низ;1844,565;1851,190;12,621;3;1
2/2;6163;2022-05-31 13:00:00;28626;LH;верх;1855,540;1843,665;10,975;2;1
2/2;6164;2022-06-01 01:00:00;28637;LL;низ;1833,405;1836,840;22,135;11;3
2/2;6165;2022-06-01 02:00:00;28638;LH;верх;1838,090;1833,596;4,685;1;1
2/2;6166;2022-06-01 05:00:00;28641;LL;низ;1829,616;1833,785;8,474;3;1
2/2;6167;2022-06-01 08:00:00;28644;LH;верх;1837,265;1832,120;7,649;3;1
2/2;6168;2022-06-01 09:00:00;28645;LL;низ;1828,540;1829,800;8,725;1;2
2/2;6169;2022-06-01 16:00:00;28652;HH;верх;1849,976;1848,865;21,436;7;3
2/2;6170;2022-06-02 02:00:00;28661;HL;низ;1844,150;1845,105;5,826;9;3
2/2;6171;2022-06-03 00:00:00;28682;HH;верх;1874,170;1870,295;30,020;21;2
2/2;6172;2022-06-03 09:00:00;28691;HL;низ;1863,406;1863,795;10,764;9;2
2/2;6173;2022-06-03 11:00:00;28693;LH;верх;1867,950;1863,336;4,544;2;1
2/2;6174;2022-06-03 17:00:00;28699;LL;низ;1847,375;1850,725;20,575;6;2
2/2;6175;2022-06-06 04:00:00;28709;LH;верх;1856,710;1853,970;9,335;10;1
2/2;6176;2022-06-06 08:00:00;28713;HL;низ;1851,010;1852,995;5,700;4;1
2/2;6177;2022-06-06 12:00:00;28717;HH;верх;1857,900;1848,255;6,890;4;1
2/2;6178;2022-06-06 18:00:00;28723;LL;низ;1840,665;1842,115;17,235;6;1
2/2;6179;2022-06-06 20:00:00;28725;LH;верх;1842,610;1839,520;1,945;2;1
2/2;6180;2022-06-07 01:00:00;28729;LL;низ;1837,065;1840,295;5,545;4;1
2/2;6181;2022-06-07 04:00:00;28732;HH;верх;1844,566;1841,646;7,501;3;1
2/2;6182;2022-06-07 06:00:00;28734;HL;низ;1838,590;1846,665;5,976;2;1
2/2;6183;2022-06-07 13:00:00;28741;HH;верх;1853,636;1851,420;15,046;7;2
2/2;6184;2022-06-07 13:00:00;28741;HL;низ;1842,405;1851,420;11,231;0;2
2/2;6185;2022-06-07 19:00:00;28747;HH;верх;1855,635;1852,785;13,230;6;2
2/2;6186;2022-06-08 04:00:00;28755;HL;низ;1845,840;1849,565;9,795;8;1
2/2;6187;2022-06-08 07:00:00;28758;LH;верх;1851,410;1849,600;5,570;3;1
2/2;6188;2022-06-08 12:00:00;28763;LL;низ;1844,590;1856,200;6,820;5;2
2/2;6189;2022-06-08 15:00:00;28766;HH;верх;1859,685;1854,680;15,095;3;1
2/2;6190;2022-06-08 20:00:00;28771;HL;низ;1849,106;1852,775;10,579;5;1
2/2;6191;2022-06-08 22:00:00;28772;LH;верх;1854,480;1852,000;5,374;1;1
2/2;6192;2022-06-09 01:00:00;28775;HL;низ;1850,980;1855,180;3,500;3;1
2/2;6193;2022-06-09 03:00:00;28777;HH;верх;1855,410;1851,400;4,430;2;1
2/2;6194;2022-06-09 08:00:00;28782;LL;низ;1847,600;1849,315;7,810;5;1
2/2;6195;2022-06-09 12:00:00;28786;LH;верх;1852,700;1842,665;5,100;4;1
2/2;6196;2022-06-09 14:00:00;28788;LL;низ;1840,100;1848,720;12,600;2;1
2/2;6197;2022-06-09 17:00:00;28791;LH;верх;1850,585;1847,090;10,485;3;2
2/2;6198;2022-06-10 05:00:00;28802;HL;низ;1843,290;1845,575;7,295;11;1
2/2;6199;2022-06-10 07:00:00;28804;LH;верх;1847,650;1842,920;4,360;2;1
2/2;6200;2022-06-10 12:00:00;28809;LL;низ;1825,140;1855,926;22,510;5;1
2/2;6201;2022-06-12 22:00:00;28818;HH;верх;1879,130;1872,715;53,990;9;2
2/2;6202;2022-06-13 02:00:00;28822;HL;низ;1860,275;1863,420;18,855;4;1
2/2;6203;2022-06-13 06:00:00;28826;LH;верх;1867,276;1853,415;7,001;4;1
2/2;6204;2022-06-13 09:00:00;28829;LL;низ;1852,680;1854,815;14,596;3;1
2/2;6205;2022-06-13 11:00:00;28831;LH;верх;1859,055;1830,720;6,375;2;1
2/2;6206;2022-06-13 14:00:00;28834;LL;низ;1823,480;1828,895;35,575;3;1
2/2;6207;2022-06-13 16:00:00;28836;LH;верх;1833,645;1825,935;10,165;2;1
2/2;6208;2022-06-13 22:00:00;28841;LL;низ;1812,244;1824,115;21,401;5;2
2/2;6209;2022-06-14 07:00:00;28850;LH;верх;1831,700;1824,115;19,456;9;1
2/2;6210;2022-06-14 19:00:00;28862;LL;низ;1805,205;1808,840;26,495;12;2
2/2;6211;2022-06-15 02:00:00;28868;LH;верх;1819,375;1814,625;14,170;6;1
2/2;6212;2022-06-15 05:00:00;28871;HL;низ;1813,290;1820,855;6,085;3;2
2/2;6213;2022-06-15 12:00:00;28878;HH;верх;1836,570;1819,970;23,280;7;1
2/2;6214;2022-06-15 18:00:00;28884;HL;низ;1813,760;1833,970;22,810;6;2
2/2;6215;2022-06-15 19:00:00;28885;HH;верх;1841,965;1833,575;28,205;1;2
2/2;6216;2022-06-16 07:00:00;28896;HL;низ;1826,570;1830,200;15,395;11;2
2/2;6217;2022-06-16 09:00:00;28898;LH;верх;1836,165;1819,305;9,595;2;1
2/2;6218;2022-06-16 11:00:00;28900;LL;низ;1815,660;1828,055;20,505;2;1
2/2;6219;2022-06-16 20:00:00;28909;HH;верх;1857,635;1850,870;41,975;9;2
2/2;6220;2022-06-17 03:00:00;28915;HL;низ;1841,725;1845,445;15,910;6;2
2/2;6221;2022-06-17 12:00:00;28924;LH;верх;1853,045;1840,465;11,320;9;2
2/2;6222;2022-06-17 19:00:00;28931;LL;низ;1833,905;1839,100;19,140;7;2
2/2;6223;2022-06-17 20:00:00;28932;LH;верх;1841,985;1838,495;8,080;1;1
2/2;6224;2022-06-20 02:00:00;28937;HL;низ;1835,235;1843,470;6,750;5;1
2/2;6225;2022-06-20 03:00:00;28938;HH;верх;1846,165;1842,420;10,930;1;1
2/2;6226;2022-06-20 10:00:00;28945;HL;низ;1836,480;1839,145;9,685;7;1
2/2;6227;2022-06-20 13:00:00;28948;LH;верх;1843,260;1838,370;6,780;3;1
2/2;6228;2022-06-20 17:00:00;28952;LL;низ;1835,595;1838,140;7,665;4;1
2/2;6229;2022-06-21 01:00:00;28957;LH;верх;1842,470;1840,340;6,875;5;1
2/2;6230;2022-06-21 11:00:00;28967;LL;низ;1830,835;1838,625;11,635;10;2
2/2;6231;2022-06-21 14:00:00;28970;HH;верх;1843,665;1836,320;12,830;3;1
2/2;6232;2022-06-21 19:00:00;28975;LL;низ;1828,635;1831,260;15,030;5;1
2/2;6233;2022-06-21 20:00:00;28976;LH;верх;1834,745;1831,420;6,110;1;2
2/2;6234;2022-06-22 08:00:00;28987;LL;низ;1823,455;1832,055;11,290;11;1
2/2;6235;2022-06-22 13:00:00;28992;HH;верх;1847,930;1838,070;24,475;5;1
2/2;6236;2022-06-22 16:00:00;28995;HL;низ;1835,830;1837,970;12,100;3;1
2/2;6237;2022-06-22 18:00:00;28997;LH;верх;1841,715;1837,780;5,885;2;2
2/2;6238;2022-06-23 05:00:00;29007;LL;низ;1831,205;1837,990;10,510;10;1
2/2;6239;2022-06-23 07:00:00;29009;LH;верх;1838,210;1832,065;7,005;2;1
2/2;6240;2022-06-23 11:00:00;29013;LL;низ;1823,980;1844,350;14,230;4;1
2/2;6241;2022-06-23 13:00:00;29015;HH;верх;1846,125;1833,270;22,145;2;1
2/2;6242;2022-06-24 01:00:00;29026;LL;низ;1821,720;1825,280;24,405;11;2
2/2;6243;2022-06-24 07:00:00;29032;LH;верх;1831,870;1828,980;10,150;6;1
2/2;6244;2022-06-24 13:00:00;29038;LL;низ;1816,980;1827,145;14,890;6;2
2/2;6245;2022-06-24 15:00:00;29040;LH;верх;1831,390;1826,870;14,410;2;2
2/2;6246;2022-06-24 19:00:00;29044;HL;низ;1823,690;1833,865;7,700;4;1
2/2;6247;2022-06-27 07:00:00;29055;HH;верх;1841,105;1837,340;17,415;11;3
2/2;6248;2022-06-27 15:00:00;29063;LL;низ;1820,850;1824,130;20,255;8;2
2/2;6249;2022-06-27 17:00:00;29065;LH;верх;1827,130;1822,525;6,280;2;1
2/2;6250;2022-06-27 22:00:00;29069;HL;низ;1821,765;1824,895;5,365;4;2
2/2;6251;2022-06-28 08:00:00;29079;HH;верх;1829,500;1823,470;7,735;10;2
2/2;6252;2022-06-28 23:00:00;29093;LL;низ;1818,335;1822,275;11,165;14;3
2/2;6253;2022-06-29 01:00:00;29095;LH;верх;1823,035;1820,840;4,700;2;1
2/2;6254;2022-06-29 09:00:00;29103;LL;низ;1812,095;1825,040;10,940;8;1
2/2;6255;2022-06-29 12:00:00;29106;HH;верх;1833,110;1815,650;21,015;3;1
2/2;6256;2022-06-29 14:00:00;29108;HL;низ;1814,965;1816,960;18,145;2;2
2/2;6257;2022-06-30 02:00:00;29119;LH;верх;1822,040;1816,190;7,075;11;1
2/2;6258;2022-06-30 04:00:00;29121;HL;низ;1815,115;1816,875;6,925;2;1
2/2;6259;2022-06-30 06:00:00;29123;LH;верх;1817,895;1816,005;2,780;2;1
2/2;6260;2022-06-30 11:00:00;29128;LL;низ;1802,775;1817,135;15,120;5;1
2/2;6261;2022-06-30 13:00:00;29130;HH;верх;1825,210;1814,345;22,435;2;2
2/2;6262;2022-07-01 12:00:00;29152;LL;низ;1784,575;1800,810;40,635;22;3
2/2;6263;2022-07-01 15:00:00;29155;LH;верх;1808,880;1804,880;24,305;3;1
2/2;6264;2022-07-01 17:00:00;29157;HL;низ;1797,950;1805,400;10,930;2;1
2/2;6265;2022-07-03 22:00:00;29161;HH;верх;1811,720;1808,315;13,770;4;1
2/2;6266;2022-07-04 01:00:00;29164;HL;низ;1805,550;1811,485;6,170;3;1
2/2;6267;2022-07-04 02:00:00;29165;HH;верх;1814,375;1812,465;8,825;1;1
2/2;6268;2022-07-04 10:00:00;29173;LL;низ;1804,020;1807,765;10,355;8;1
2/2;6269;2022-07-04 14:00:00;29177;LH;верх;1811,025;1806,860;7,005;4;1
2/2;6270;2022-07-04 16:00:00;29179;HL;низ;1805,570;1808,040;5,455;2;2
2/2;6271;2022-07-05 02:00:00;29186;HH;верх;1812,190;1811,535;6,620;7;2
2/2;6272;2022-07-05 17:00:00;29201;LL;низ;1763,925;1767,105;48,265;15;2
2/2;6273;2022-07-06 01:00:00;29208;LH;верх;1772,900;1769,280;8,975;7;1
2/2;6274;2022-07-06 05:00:00;29212;LL;низ;1763,150;1767,855;9,750;4;1
2/2;6275;2022-07-06 08:00:00;29215;LH;верх;1771,895;1761,295;8,745;3;2
2/2;6276;2022-07-06 16:00:00;29223;LL;низ;1732,340;1739,010;39,555;8;1
2/2;6277;2022-07-06 19:00:00;29226;LH;верх;1743,970;1739,290;11,630;3;1
2/2;6278;2022-07-07 01:00:00;29231;HL;низ;1736,580;1745,940;7,390;5;1
2/2;6279;2022-07-07 05:00:00;29235;HH;верх;1747,740;1744,680;11,160;4;1
2/2;6280;2022-07-07 13:00:00;29243;HL;низ;1738,030;1739,875;9,710;8;2
2/2;6281;2022-07-07 14:00:00;29244;HH;верх;1749,130;1742,735;11,100;1;1
2/2;6282;2022-07-07 19:00:00;29249;HL;низ;1738,820;1739,865;10,310;5;2
2/2;6283;2022-07-08 01:00:00;29254;LH;верх;1746,675;1742,520;7,855;5;1
2/2;6284;2022-07-08 04:00:00;29257;HL;низ;1739,645;1742,910;7,030;3;1
2/2;6285;2022-07-08 06:00:00;29259;LH;верх;1743,940;1737,885;4,295;2;1
2/2;6286;2022-07-08 12:00:00;29265;LL;низ;1729,985;1747,995;13,955;6;2
2/2;6287;2022-07-08 14:00:00;29267;HH;верх;1752,470;1742,365;22,485;2;2
2/2;6288;2022-07-11 01:00:00;29277;HL;низ;1738,600;1742,720;13,870;10;1
2/2;6289;2022-07-11 02:00:00;29278;LH;верх;1743,630;1742,400;5,030;1;1
2/2;6290;2022-07-11 11:00:00;29287;LL;низ;1733,710;1741,300;9,920;9;1
2/2;6291;2022-07-11 13:00:00;29289;LH;верх;1742,695;1738,165;8,985;2;1
2/2;6292;2022-07-11 19:00:00;29295;LL;низ;1731,325;1733,785;11,370;6;1
2/2;6293;2022-07-12 01:00:00;29300;HH;верх;1744,336;1733,460;13,011;5;1
2/2;6294;2022-07-12 01:00:00;29300;LL;низ;1723,270;1733,460;21,066;0;2
2/2;6295;2022-07-12 11:00:00;29310;LH;верх;1739,405;1729,675;16,135;10;2
2/2;6296;2022-07-13 00:00:00;29322;LL;низ;1722,855;1728,200;16,550;12;3
2/2;6297;2022-07-13 02:00:00;29324;LH;верх;1728,855;1725,825;6,000;2;1
2/2;6298;2022-07-13 06:00:00;29328;LL;низ;1722,570;1727,960;6,285;4;1
2/2;6299;2022-07-13 11:00:00;29333;HH;верх;1731,925;1723,315;9,355;5;1
2/2;6300;2022-07-13 12:00:00;29334;LL;низ;1707,160;1742,315;24,765;1;1
2/2;6301;2022-07-13 15:00:00;29337;HH;верх;1745,425;1739,880;38,265;3;2
2/2;6302;2022-07-14 01:00:00;29346;HL;низ;1725,550;1732,155;19,875;9;1
2/2;6303;2022-07-14 03:00:00;29348;LH;верх;1733,625;1727,650;8,075;2;1
2/2;6304;2022-07-14 13:00:00;29358;LL;низ;1697,640;1711,560;35,985;10;1
2/2;6305;2022-07-15 02:00:00;29370;LH;верх;1716,675;1709,445;19,035;12;3
2/2;6306;2022-07-15 06:00:00;29374;HL;низ;1700,720;1704,565;15,955;4;1
2/2;6307;2022-07-15 13:00:00;29381;LH;верх;1714,195;1704,725;13,475;7;1
2/2;6308;2022-07-15 14:00:00;29382;LL;низ;1699,120;1704,745;15,075;1;3
2/2;6309;2022-07-18 09:00:00;29400;HH;верх;1723,990;1715,610;24,870;18;1
2/2;6310;2022-07-18 12:00:00;29403;HL;низ;1711,535;1714,980;12,455;3;1
2/2;6311;2022-07-18 13:00:00;29404;LH;верх;1721,330;1710,570;9,795;1;1
2/2;6312;2022-07-18 19:00:00;29410;LL;низ;1706,775;1708,055;14,555;6;2
2/2;6313;2022-07-18 22:00:00;29412;LH;верх;1710,215;1707,775;3,440;2;1
2/2;6314;2022-07-19 00:00:00;29414;LL;низ;1705,445;1707,010;4,770;2;2
2/2;6315;2022-07-19 11:00:00;29425;HH;верх;1718,480;1711,015;13,035;11;1
2/2;6316;2022-07-19 12:00:00;29426;HL;низ;1708,620;1713,020;9,860;1;1
2/2;6317;2022-07-19 15:00:00;29429;LH;верх;1715,325;1710,995;6,705;3;1
2/2;6318;2022-07-20 01:00:00;29438;HL;низ;1709,600;1712,215;5,725;9;2
2/2;6319;2022-07-20 04:00:00;29441;LH;верх;1713,495;1707,390;3,895;3;1
2/2;6320;2022-07-20 06:00:00;29443;LL;низ;1706,080;1708,075;7,415;2;1
2/2;6321;2022-07-20 09:00:00;29446;HH;верх;1713,995;1708,235;7,915;3;1
2/2;6322;2022-07-20 11:00:00;29448;HL;низ;1706,445;1709,565;7,550;2;1
2/2;6323;2022-07-20 13:00:00;29450;HH;верх;1714,535;1707,975;8,090;2;1
2/2;6324;2022-07-21 01:00:00;29461;LL;низ;1690,050;1691,580;24,485;11;2
2/2;6325;2022-07-21 06:00:00;29466;LH;верх;1693,915;1685,130;3,865;5;1
2/2;6326;2022-07-21 11:00:00;29471;LL;низ;1680,935;1705,930;12,980;5;1
2/2;6327;2022-07-21 20:00:00;29480;HH;верх;1720,250;1718,175;39,315;9;2
2/2;6328;2022-07-22 03:00:00;29486;HL;низ;1712,960;1715,900;7,290;6;1
2/2;6329;2022-07-22 14:00:00;29497;HH;верх;1739,355;1728,920;26,395;11;1
2/2;6330;2022-07-22 18:00:00;29501;HL;низ;1720,430;1727,660;18,925;4;1
2/2;6331;2022-07-22 20:00:00;29503;LH;верх;1727,845;1724,750;7,415;2;1
2/2;6332;2022-07-25 01:00:00;29507;LL;низ;1719,985;1727,510;7,860;4;1
2/2;6333;2022-07-25 03:00:00;29509;HH;верх;1728,950;1725,435;8,965;2;1
2/2;6334;2022-07-25 05:00:00;29511;HL;низ;1723,860;1725,680;5,090;2;1
2/2;6335;2022-07-25 09:00:00;29515;HH;верх;1736,300;1726,075;12,440;4;1
2/2;6336;2022-07-25 14:00:00;29520;LL;низ;1714,800;1718,015;21,500;5;1
2/2;6337;2022-07-26 01:00:00;29530;LH;верх;1728,225;1724,165;13,425;10;3
2/2;6338;2022-07-26 05:00:00;29534;HL;низ;1721,135;1724,855;7,090;4;1
2/2;6339;2022-07-26 07:00:00;29536;LH;верх;1727,925;1720,190;6,790;2;1
2/2;6340;2022-07-26 12:00:00;29541;LL;низ;1713,705;1719,140;14,220;5;1
2/2;6341;2022-07-26 13:00:00;29542;LH;верх;1721,975;1717,055;8,270;1;1
2/2;6342;2022-07-26 18:00:00;29547;HL;низ;1716,405;1717,465;5,570;5;1
2/2;6343;2022-07-27 00:00:00;29552;LH;верх;1720,180;1716,055;3,775;5;1
2/2;6344;2022-07-27 04:00:00;29556;LL;низ;1713,710;1719,135;6,470;4;1
2/2;6345;2022-07-27 08:00:00;29560;HH;верх;1725,205;1720,115;11,495;4;1
2/2;6346;2022-07-27 13:00:00;29565;LL;низ;1711,560;1718,880;13,645;5;1
2/2;6347;2022-07-28 01:00:00;29576;HH;верх;1741,775;1736,985;30,215;11;2
2/2;6348;2022-07-28 02:00:00;29577;HL;низ;1734,185;1736,380;7,590;1;2
2/2;6349;2022-07-28 08:00:00;29583;HH;верх;1748,555;1740,380;14,370;6;1
2/2;6350;2022-07-28 12:00:00;29587;HL;низ;1736,085;1755,305;12,470;4;1
2/2;6351;2022-07-28 15:00:00;29590;HH;верх;1756,920;1752,755;20,835;3;1
2/2;6352;2022-07-28 18:00:00;29593;HL;низ;1750,420;1756,110;6,500;3;1
2/2;6353;2022-07-28 20:00:00;29595;HH;верх;1757,065;1754,990;6,645;2;2
2/2;6354;2022-07-29 01:00:00;29599;HL;низ;1752,710;1762,960;4,355;4;1
2/2;6355;2022-07-29 06:00:00;29604;HH;верх;1767,990;1763,870;15,280;5;1
2/2;6356;2022-07-29 14:00:00;29612;LL;низ;1752,415;1763,575;15,575;8;2
2/2;6357;2022-07-29 15:00:00;29613;LH;верх;1767,205;1765,445;14,790;1;1
2/2;6358;2022-08-01 00:00:00;29621;HL;низ;1760,520;1764,680;6,685;8;2
2/2;6359;2022-08-01 01:00:00;29622;LH;верх;1765,925;1762,195;5,405;1;1
2/2;6360;2022-08-01 05:00:00;29626;LL;низ;1758,405;1764,500;7,520;4;1
2/2;6361;2022-08-01 12:00:00;29633;HH;верх;1775,380;1768,315;16,975;7;1
2/2;6362;2022-08-01 15:00:00;29636;HL;низ;1764,260;1769,055;11,120;3;3
2/2;6363;2022-08-02 00:00:00;29644;HH;верх;1780,575;1775,680;16,315;8;2
2/2;6364;2022-08-02 00:00:00;29644;HL;низ;1770,885;1775,680;9,690;0;1
2/2;6365;2022-08-02 06:00:00;29650;LH;верх;1776,215;1773,460;5,330;6;1
2/2;6366;2022-08-02 07:00:00;29651;LL;низ;1768,890;1774,680;7,325;1;1
2/2;6367;2022-08-02 12:00:00;29656;HH;верх;1788,120;1776,855;19,230;5;1
2/2;6368;2022-08-02 23:00:00;29666;LL;низ;1755,080;1764,845;33,040;10;1
2/2;6369;2022-08-03 05:00:00;29672;LH;верх;1770,730;1766,230;15,650;6;1
2/2;6370;2022-08-03 10:00:00;29677;HL;низ;1760,275;1771,985;10,455;5;1
2/2;6371;2022-08-03 13:00:00;29680;HH;верх;1772,835;1758,560;12,560;3;1
2/2;6372;2022-08-03 14:00:00;29681;LL;низ;1754,350;1759,440;18,485;1;1
2/2;6373;2022-08-03 19:00:00;29686;LH;верх;1766,300;1763,430;11,950;5;1
2/2;6374;2022-08-03 23:00:00;29689;HL;низ;1763,335;1768,210;2,965;3;2
2/2;6375;2022-08-04 12:00:00;29702;HH;верх;1788,450;1785,860;25,115;13;1
2/2;6376;2022-08-04 13:00:00;29703;HL;низ;1774,385;1787,765;14,065;1;1
2/2;6377;2022-08-04 18:00:00;29708;HH;верх;1794,960;1790,966;20,575;5;1
2/2;6378;2022-08-04 22:00:00;29711;HL;низ;1789,830;1794,080;5,130;3;1
2/2;6379;2022-08-05 00:00:00;29713;LH;верх;1794,945;1791,105;5,115;2;1
2/2;6380;2022-08-05 01:00:00;29714;LL;низ;1788,810;1792,260;6,135;1;1
2/2;6381;2022-08-05 12:00:00;29725;LH;верх;1789,265;1777,980;0,455;11;1
2/2;6382;2022-08-05 13:00:00;29726;LL;низ;1765,050;1773,775;24,215;1;3
2/2;6383;2022-08-08 01:00:00;29737;LH;верх;1775,500;1773,490;10,450;11;1
2/2;6384;2022-08-08 05:00:00;29741;HL;низ;1771,435;1777,780;4,065;4;1
2/2;6385;2022-08-08 07:00:00;29743;HH;верх;1779,225;1777,645;7,790;2;1
2/2;6386;2022-08-08 08:00:00;29744;HL;низ;1772,640;1780,080;6,585;1;1
2/2;6387;2022-08-08 23:00:00;29758;HH;верх;1790,780;1783,920;18,140;14;2
2/2;6388;2022-08-09 02:00:00;29761;HL;низ;1783,310;1786,280;7,470;3;2
2/2;6389;2022-08-09 10:00:00;29769;HH;верх;1794,725;1793,890;11,415;8;1
2/2;6390;2022-08-09 12:00:00;29771;HL;низ;1788,065;1791,080;6,660;2;1
2/2;6391;2022-08-09 13:00:00;29772;HH;верх;1800,470;1796,230;12,405;1;1
2/2;6392;2022-08-09 15:00:00;29774;HL;низ;1790,215;1794,410;10,255;2;1
2/2;6393;2022-08-09 16:00:00;29775;LH;верх;1798,325;1794,500;8,110;1;1
2/2;6394;2022-08-09 18:00:00;29777;HL;низ;1793,395;1794,400;4,930;2;1
2/2;6395;2022-08-10 02:00:00;29784;LH;верх;1794,685;1790,505;1,290;7;1
2/2;6396;2022-08-10 06:00:00;29788;LL;низ;1787,670;1792,440;7,015;4;1
2/2;6397;2022-08-10 12:00:00;29794;HH;верх;1807,960;1802,040;20,290;6;1
2/2;6398;2022-08-10 12:00:00;29794;LL;низ;1787,606;1802,040;20,354;0;1
2/2;6399;2022-08-10 15:00:00;29797;LH;верх;1802,565;1794,765;14,959;3;1
2/2;6400;2022-08-10 19:00:00;29801;HL;низ;1788,190;1791,260;14,375;4;1
2/2;6401;2022-08-10 22:00:00;29803;LH;верх;1793,005;1790,605;4,815;2;1
2/2;6402;2022-08-11 05:00:00;29810;LL;низ;1783,590;1788,055;9,415;7;1
2/2;6403;2022-08-11 12:00:00;29817;HH;верх;1799,420;1792,620;15,830;7;1
2/2;6404;2022-08-11 19:00:00;29824;HL;низ;1785,085;1787,865;14,335;7;2
2/2;6405;2022-08-11 20:00:00;29825;LH;верх;1790,240;1789,030;5,155;1;1
2/2;6406;2022-08-12 02:00:00;29830;HL;низ;1786,260;1790,740;3,980;5;1
2/2;6407;2022-08-12 07:00:00;29835;HH;верх;1794,180;1787,560;7,920;5;1
2/2;6408;2022-08-12 11:00:00;29839;LL;низ;1784,965;1798,165;9,215;4;1
2/2;6409;2022-08-14 22:00:00;29849;HH;верх;1802,375;1801,240;17,410;10;3
2/2;6410;2022-08-15 11:00:00;29862;LL;низ;1773,055;1777,950;29,320;13;1
2/2;6411;2022-08-15 12:00:00;29863;LH;верх;1786,605;1779,115;13,550;1;2
2/2;6412;2022-08-16 01:00:00;29875;HL;низ;1776,910;1781,365;9,695;12;2
2/2;6413;2022-08-16 03:00:00;29877;LH;верх;1783,195;1781,730;6,285;2;1
2/2;6414;2022-08-16 12:00:00;29886;LL;низ;1771,520;1775,975;11,675;9;1
2/2;6415;2022-08-16 14:00:00;29888;LH;верх;1778,670;1776,330;7,150;2;1
2/2;6416;2022-08-16 16:00:00;29890;HL;низ;1772,900;1777,145;5,770;2;1
2/2;6417;2022-08-16 19:00:00;29893;LH;верх;1777,655;1775,355;4,755;3;1
2/2;6418;2022-08-17 00:00:00;29897;HL;низ;1773,910;1776,330;3,745;4;1
2/2;6419;2022-08-17 06:00:00;29903;HH;верх;1782,400;1775,215;8,490;6;1
2/2;6420;2022-08-17 16:00:00;29913;LL;низ;1759,860;1766,650;22,540;10;2
2/2;6421;2022-08-17 18:00:00;29915;LH;верх;1770,310;1762,240;10,450;2;2
2/2;6422;2022-08-18 06:00:00;29926;HL;низ;1760,990;1766,255;9,320;11;1
2/2;6423;2022-08-18 11:00:00;29931;HH;верх;1772,465;1765,820;11,475;5;1
2/2;6424;2022-08-18 17:00:00;29937;LL;низ;1755,490;1759,680;16,975;6;1
2/2;6425;2022-08-18 19:00:00;29939;LH;верх;1761,305;1757,430;5,815;2;1
2/2;6426;2022-08-19 04:00:00;29947;LL;низ;1751,820;1756,150;9,485;8;1
2/2;6427;2022-08-19 06:00:00;29949;LH;верх;1757,435;1754,200;5,615;2;1
2/2;6428;2022-08-19 10:00:00;29953;LL;низ;1749,900;1756,530;7,535;4;1
2/2;6429;2022-08-19 13:00:00;29956;HH;верх;1758,080;1749,160;8,180;3;1
2/2;6430;2022-08-19 14:00:00;29957;LL;низ;1745,795;1749,835;12,285;1;1
2/2;6431;2022-08-21 22:00:00;29964;LH;верх;1748,190;1745,430;2,395;7;1
2/2;6432;2022-08-22 00:00:00;29966;LL;низ;1745,020;1748,015;3,170;2;1
2/2;6433;2022-08-22 03:00:00;29969;HH;верх;1749,090;1743,745;4,070;3;1
2/2;6434;2022-08-22 12:00:00;29978;LL;низ;1727,850;1737,525;21,240;9;1
2/2;6435;2022-08-22 14:00:00;29980;LH;верх;1740,085;1735,210;12,235;2;1
2/2;6436;2022-08-22 17:00:00;29983;HL;низ;1733,845;1735,050;6,240;3;1
2/2;6437;2022-08-22 19:00:00;29985;LH;верх;1737,855;1735,875;4,010;2;1
2/2;6438;2022-08-23 00:00:00;29989;HL;низ;1734,265;1738,575;3,590;4;2
2/2;6439;2022-08-23 01:00:00;29990;HH;верх;1740,605;1738,530;6,340;1;1
2/2;6440;2022-08-23 06:00:00;29995;HL;низ;1734,780;1740,710;5,825;5;1
2/2;6441;2022-08-23 08:00:00;29997;HH;верх;1743,925;1737,550;9,145;2;1
2/2;6442;2022-08-23 12:00:00;30001;LL;низ;1730,900;1750,235;13,025;4;1
2/2;6443;2022-08-23 14:00:00;30003;HH;верх;1754,110;1749,845;23,210;2;1
2/2;6444;2022-08-23 19:00:00;30008;HL;низ;1745,960;1747,070;8,150;5;1
2/2;6445;2022-08-23 20:00:00;30009;LH;верх;1748,595;1746,125;2,635;1;1
2/2;6446;2022-08-24 02:00:00;30014;LL;низ;1744,105;1747,010;4,490;5;2
2/2;6447;2022-08-24 09:00:00;30021;HH;верх;1753,725;1745,520;9,620;7;1
2/2;6448;2022-08-24 11:00:00;30023;LL;низ;1742,515;1745,850;11,210;2;1
2/2;6449;2022-08-24 15:00:00;30027;HH;верх;1755,940;1749,675;13,425;4;1
2/2;6450;2022-08-24 17:00:00;30029;HL;низ;1747,770;1752,185;8,170;2;1
2/2;6451;2022-08-24 20:00:00;30032;LH;верх;1752,795;1751,040;5,025;3;1
2/2;6452;2022-08-25 00:00:00;30035;HL;низ;1749,995;1755,945;2,800;3;1
2/2;6453;2022-08-25 11:00:00;30046;HH;верх;1765,575;1753,465;15,580;11;1
2/2;6454;2022-08-25 14:00:00;30049;HL;низ;1752,300;1758,260;13,275;3;1
2/2;6455;2022-08-25 17:00:00;30052;LH;верх;1759,970;1757,435;7,670;3;1
2/2;6456;2022-08-25 19:00:00;30054;HL;низ;1755,005;1757,335;4,965;2;1
2/2;6457;2022-08-25 22:00:00;30056;LH;верх;1758,805;1755,505;3,800;2;1
2/2;6458;2022-08-26 02:00:00;30060;LL;низ;1752,325;1755,780;6,480;4;1
2/2;6459;2022-08-26 06:00:00;30064;HH;верх;1758,835;1752,250;6,510;4;1
2/2;6460;2022-08-26 11:00:00;30069;LL;низ;1743,780;1751,190;15,055;5;1
2/2;6461;2022-08-26 14:00:00;30072;LH;верх;1756,215;1736,070;12,435;3;1
2/2;6462;2022-08-26 16:00:00;30074;LL;низ;1734,265;1737,720;21,950;2;1
2/2;6463;2022-08-26 18:00:00;30076;LH;верх;1739,615;1738,050;5,350;2;1
2/2;6464;2022-08-29 04:00:00;30085;LL;низ;1721,265;1724,250;18,350;9;1
2/2;6465;2022-08-29 06:00:00;30087;LH;верх;1725,955;1722,275;4,690;2;1
2/2;6466;2022-08-29 08:00:00;30089;LL;низ;1720,405;1728,845;5,550;2;1
2/2;6467;2022-08-29 14:00:00;30095;HH;верх;1745,555;1738,155;25,150;6;1
2/2;6468;2022-08-29 19:00:00;30100;HL;низ;1735,995;1737,665;9,560;5;1
2/2;6469;2022-08-30 00:00:00;30104;LH;верх;1740,610;1736,160;4,615;4;1
2/2;6470;2022-08-30 02:00:00;30106;LL;низ;1733,930;1735,795;6,680;2;1
2/2;6471;2022-08-30 04:00:00;30108;LH;верх;1737,020;1732,550;3,090;2;1
2/2;6472;2022-08-30 07:00:00;30111;LL;низ;1729,125;1734,475;7,895;3;1
2/2;6473;2022-08-30 08:00:00;30112;HH;верх;1737,965;1734,170;8,840;1;1
2/2;6474;2022-08-30 14:00:00;30118;LL;низ;1721,215;1724,300;16,750;6;1
2/2;6475;2022-08-30 19:00:00;30123;LH;верх;1726,325;1722,980;5,110;5;1
2/2;6476;2022-08-30 22:00:00;30125;HL;низ;1722,310;1723,060;4,015;2;1
2/2;6477;2022-08-31 01:00:00;30128;LH;верх;1724,575;1724,050;2,265;3;1
2/2;6478;2022-08-31 01:00:00;30128;LL;низ;1720,675;1724,050;3,900;0;1
2/2;6479;2022-08-31 05:00:00;30132;HH;верх;1726,595;1721,080;5,920;4;1
2/2;6480;2022-08-31 10:00:00;30137;LL;низ;1709,715;1711,670;16,880;5;1
2/2;6481;2022-08-31 14:00:00;30141;LH;верх;1723,560;1716,185;13,845;4;1
2/2;6482;2022-09-01 02:00:00;30152;LL;низ;1702,350;1703,040;21,210;11;1
2/2;6483;2022-09-01 05:00:00;30155;LH;верх;1708,615;1705,145;6,265;3;1
2/2;6484;2022-09-01 05:00:00;30155;HL;низ;1702,760;1705,145;5,855;0;1
2/2;6485;2022-09-01 09:00:00;30159;HH;верх;1708,755;1701,860;5,995;4;1
2/2;6486;2022-09-01 14:00:00;30164;LL;низ;1688,915;1695,010;19,840;5;1
2/2;6487;2022-09-01 16:00:00;30166;LH;верх;1699,665;1694,635;10,750;2;1
2/2;6488;2022-09-01 20:00:00;30170;HL;низ;1694,375;1697,240;5,290;4;1
2/2;6489;2022-09-02 00:00:00;30173;LH;верх;1699,365;1698,770;4,990;3;1
2/2;6490;2022-09-02 02:00:00;30175;HL;низ;1696,395;1699,365;2,970;2;2
2/2;6491;2022-09-02 14:00:00;30187;HH;верх;1718,015;1714,110;21,620;12;1
2/2;6492;2022-09-05 00:00:00;30196;HL;низ;1707,795;1711,340;10,220;9;2
2/2;6493;2022-09-05 04:00:00;30200;LH;верх;1714,115;1711,765;6,320;4;1
2/2;6494;2022-09-05 07:00:00;30203;HL;низ;1708,305;1714,220;5,810;3;1
2/2;6495;2022-09-05 10:00:00;30206;HH;верх;1715,840;1712,755;7,535;3;1
2/2;6496;2022-09-05 18:00:00;30214;HL;низ;1709,605;1713,965;6,235;8;2
2/2;6497;2022-09-06 00:00:00;30217;HH;верх;1726,795;1719,835;17,190;3;3
2/2;6498;2022-09-06 19:00:00;30236;LL;низ;1699,880;1700,590;26,915;19;1
2/2;6499;2022-09-06 23:00:00;30239;LH;верх;1703,970;1697,105;4,090;3;1
2/2;6500;2022-09-07 04:00:00;30244;LL;низ;1691,460;1699,125;12,510;5;2
2/2;6501;2022-09-07 09:00:00;30249;HH;верх;1707,225;1701,190;15,765;5;1
2/2;6502;2022-09-07 13:00:00;30253;HL;низ;1697,110;1710,620;10,115;4;1
2/2;6503;2022-09-07 20:00:00;30260;HH;верх;1719,505;1716,765;22,395;7;3
2/2;6504;2022-09-08 02:00:00;30265;HL;низ;1713,570;1714,720;5,935;5;1
2/2;6505;2022-09-08 11:00:00;30274;HH;верх;1728,235;1711,570;14,665;9;2
2/2;6506;2022-09-08 14:00:00;30277;LL;низ;1704,000;1706,175;24,235;3;1
2/2;6507;2022-09-08 17:00:00;30280;LH;верх;1711,695;1706,880;7,695;3;1
2/2;6508;2022-09-09 06:00:00;30292;HL;низ;1718,255;1728,580;6,560;12;1
2/2;6509;2022-09-09 07:00:00;30293;HH;верх;1729,566;1727,410;11,311;1;2
2/2;6510;2022-09-09 13:00:00;30299;LL;низ;1711,420;1716,885;18,146;6;1
2/2;6511;2022-09-09 16:00:00;30302;LH;верх;1720,380;1715,755;8,960;3;1
2/2;6512;2022-09-09 18:00:00;30304;HL;низ;1714,645;1717,235;5,735;2;1
2/2;6513;2022-09-11 22:00:00;30307;LH;верх;1720,270;1716,970;5,625;3;1
2/2;6514;2022-09-12 04:00:00;30313;LL;низ;1712,040;1720,660;8,230;6;1
2/2;6515;2022-09-12 12:00:00;30321;HH;верх;1733,975;1730,175;21,935;8;1
2/2;6516;2022-09-12 13:00:00;30322;HL;низ;1723,820;1734,200;10,155;1;1
2/2;6517;2022-09-12 15:00:00;30324;HH;верх;1735,180;1728,885;11,360;2;1
2/2;6518;2022-09-12 18:00:00;30327;HL;низ;1723,830;1724,635;11,350;3;1
2/2;6519;2022-09-13 00:00:00;30332;LH;верх;1727,640;1722,365;3,810;5;1
2/2;6520;2022-09-13 05:00:00;30337;LL;низ;1720,070;1723,930;7,570;5;1
2/2;6521;2022-09-13 12:00:00;30344;HH;верх;1731,835;1705,975;11,765;7;1
2/2;6522;2022-09-13 13:00:00;30345;LL;низ;1697,115;1701,065;34,720;1;3
2/2;6523;2022-09-14 04:00:00;30359;LH;верх;1705,205;1700,990;8,090;14;1
2/2;6524;2022-09-14 07:00:00;30362;HL;низ;1698,920;1704,920;6,285;3;2
2/2;6525;2022-09-14 12:00:00;30367;HH;верх;1707,150;1706,375;8,230;5;2
2/2;6526;2022-09-14 19:00:00;30374;LL;низ;1693,670;1697,605;13,480;7;2
2/2;6527;2022-09-14 23:00:00;30377;LH;верх;1698,320;1696,105;4,650;3;1
2/2;6528;2022-09-15 07:00:00;30385;LL;низ;1685,710;1689,635;12,610;8;1
2/2;6529;2022-09-15 12:00:00;30390;LH;верх;1692,370;1668,535;6,660;5;1
2/2;6530;2022-09-15 16:00:00;30394;LL;низ;1660,435;1663,390;31,935;4;2
2/2;6531;2022-09-16 01:00:00;30402;LH;верх;1667,775;1664,415;7,340;8;1
2/2;6532;2022-09-16 01:00:00;30402;HL;низ;1661,340;1664,415;6,435;0;1
2/2;6533;2022-09-16 04:00:00;30405;LH;верх;1665,515;1660,145;4,175;3;1
2/2;6534;2022-09-16 08:00:00;30409;LL;низ;1654,190;1665,995;11,325;4;1
2/2;6535;2022-09-16 11:00:00;30412;HH;верх;1667,865;1665,210;13,675;3;1
2/2;6536;2022-09-16 13:00:00;30414;HL;низ;1657,210;1674,015;10,655;2;1
2/2;6537;2022-09-16 14:00:00;30415;HH;верх;1680,440;1673,210;23,230;1;1
2/2;6538;2022-09-16 17:00:00;30418;HL;низ;1671,220;1673,280;9,220;3;1
2/2;6539;2022-09-18 23:00:00;30423;LH;верх;1680,015;1671,790;8,795;5;1
2/2;6540;2022-09-19 07:00:00;30431;LL;низ;1659,750;1663,905;20,265;8;2
2/2;6541;2022-09-19 15:00:00;30439;LH;верх;1675,360;1670,880;15,610;8;1
2/2;6542;2022-09-19 17:00:00;30441;HL;низ;1668,980;1674,640;6,380;2;1
2/2;6543;2022-09-20 00:00:00;30447;HH;верх;1679,495;1676,765;10,515;6;1
2/2;6544;2022-09-20 01:00:00;30448;HL;низ;1673,460;1677,070;6,035;1;1
2/2;6545;2022-09-20 03:00:00;30450;LH;верх;1677,940;1670,790;4,480;2;2
2/2;6546;2022-09-20 13:00:00;30460;LL;низ;1660,030;1665,670;17,910;10;2
2/2;6547;2022-09-21 00:00:00;30470;LH;верх;1667,520;1665,010;7,490;10;2
2/2;6548;2022-09-21 04:00:00;30474;HL;низ;1661,775;1671,440;5,745;4;1
2/2;6549;2022-09-21 18:00:00;30488;HH;верх;1688,125;1673,800;26,350;14;3
2/2;6550;2022-09-21 18:00:00;30488;LL;низ;1653,870;1673,800;34,255;0;3
2/2;6551;2022-09-22 08:00:00;30501;LH;верх;1678,250;1668,465;24,380;13;1
2/2;6552;2022-09-22 11:00:00;30504;HL;низ;1664,820;1673,415;13,430;3;1
2/2;6553;2022-09-22 12:00:00;30505;HH;верх;1684,950;1671,050;20,130;1;1
2/2;6554;2022-09-22 15:00:00;30508;HL;низ;1667,985;1672,040;16,965;3;2
2/2;6555;2022-09-23 01:00:00;30517;LH;верх;1675,915;1669,245;7,930;9;1
2/2;6556;2022-09-23 04:00:00;30520;HL;низ;1668,300;1670,605;7,615;3;1
2/2;6557;2022-09-23 06:00:00;30522;LH;верх;1674,215;1661,635;5,915;2;1
2/2;6558;2022-09-23 10:00:00;30526;LL;низ;1641,240;1646,210;32,975;4;1
2/2;6559;2022-09-23 13:00:00;30529;LH;верх;1657,970;1646,285;16,730;3;1
2/2;6560;2022-09-23 18:00:00;30534;LL;низ;1639,745;1643,925;18,225;5;2
2/2;6561;2022-09-25 22:00:00;30537;LH;верх;1645,765;1627,960;6,020;3;1
2/2;6562;2022-09-26 00:00:00;30539;LL;низ;1626,770;1640,190;18,995;2;1
2/2;6563;2022-09-26 01:00:00;30540;HH;верх;1646,070;1638,575;19,300;1;1
2/2;6564;2022-09-26 05:00:00;30544;HL;низ;1634,715;1644,065;11,355;4;1
2/2;6565;2022-09-26 07:00:00;30546;HH;верх;1649,840;1642,045;15,125;2;1
2/2;6566;2022-09-26 10:00:00;30549;HL;низ;1636,250;1646,070;13,590;3;1
2/2;6567;2022-09-26 14:00:00;30553;LH;верх;1648,350;1631,280;12,100;4;1
2/2;6568;2022-09-26 17:00:00;30556;LL;низ;1621,825;1624,340;26,525;3;1
2/2;6569;2022-09-26 19:00:00;30558;LH;верх;1631,460;1627,515;9,635;2;1
2/2;6570;2022-09-26 20:00:00;30559;LL;низ;1621,205;1627,720;10,255;1;1
2/2;6571;2022-09-27 07:00:00;30569;HH;верх;1640,665;1633,070;19,460;10;2
2/2;6572;2022-09-27 09:00:00;30571;HL;низ;1632,520;1636,810;8,145;2;1
2/2;6573;2022-09-27 11:00:00;30573;HH;верх;1642,510;1639,185;9,990;2;1
2/2;6574;2022-09-27 17:00:00;30579;LL;низ;1626,725;1627,360;15,785;6;1
2/2;6575;2022-09-28 00:00:00;30585;LH;верх;1630,655;1624,915;3,930;6;1
2/2;6576;2022-09-28 07:00:00;30592;LL;низ;1614,925;1616,770;15,730;7;2
2/2;6577;2022-09-28 17:00:00;30602;HH;верх;1662,785;1660,695;47,860;10;2
2/2;6578;2022-09-29 06:00:00;30614;HL;низ;1641,575;1644,265;21,210;12;2
2/2;6579;2022-09-29 16:00:00;30624;HH;верх;1664,895;1658,970;23,320;10;1
2/2;6580;2022-09-29 18:00:00;30626;HL;низ;1657,250;1660,850;7,645;2;1
2/2;6581;2022-09-30 00:00:00;30631;HH;верх;1665,325;1663,385;8,075;5;1
2/2;6582;2022-09-30 02:00:00;30633;HL;низ;1659,320;1663,125;6,005;2;1
2/2;6583;2022-09-30 07:00:00;30638;HH;верх;1674,280;1667,605;14,960;5;1
2/2;6584;2022-09-30 13:00:00;30644;HL;низ;1662,055;1671,425;12,225;6;1
2/2;6585;2022-09-30 14:00:00;30645;HH;верх;1675,430;1664,150;13,375;1;1
2/2;6586;2022-09-30 19:00:00;30650;LL;низ;1660,200;1664,695;15,230;5;1
2/2;6587;2022-10-03 01:00:00;30655;LH;верх;1669,570;1663,965;9,370;5;3
2/2;6588;2022-10-03 09:00:00;30663;LL;низ;1659,695;1666,260;9,875;8;1
2/2;6589;2022-10-03 23:00:00;30676;HH;верх;1702,625;1695,670;42,930;13;1
2/2;6590;2022-10-04 02:00:00;30679;HL;низ;1695,240;1699,760;7,385;3;1
2/2;6591;2022-10-04 07:00:00;30684;HH;верх;1710,775;1708,365;15,535;5;1
2/2;6592;2022-10-04 11:00:00;30688;HL;низ;1700,565;1710,050;10,210;4;1
2/2;6593;2022-10-04 16:00:00;30693;HH;верх;1729,590;1726,135;29,025;5;2
2/2;6594;2022-10-05 04:00:00;30704;HL;низ;1717,580;1724,455;12,010;11;1
2/2;6595;2022-10-05 06:00:00;30706;LH;верх;1727,840;1714,800;10,260;2;1
2/2;6596;2022-10-05 10:00:00;30710;LL;низ;1703,185;1713,285;24,655;4;1
2/2;6597;2022-10-05 12:00:00;30712;LH;верх;1714,275;1707,270;11,090;2;1
2/2;6598;2022-10-05 14:00:00;30714;LL;низ;1700,590;1708,610;13,685;2;1
2/2;6599;2022-10-05 19:00:00;30719;HH;верх;1718,720;1716,205;18,130;5;1
2/2;6600;2022-10-05 22:00:00;30721;HL;низ;1714,930;1720,310;3,790;2;1
2/2;6601;2022-10-06 07:00:00;30730;HH;верх;1725,600;1714,825;10,670;9;3
2/2;6602;2022-10-06 16:00:00;30739;LL;низ;1706,955;1713,005;18,645;9;1
2/2;6603;2022-10-06 19:00:00;30742;LH;верх;1715,160;1711,885;8,205;3;2
2/2;6604;2022-10-07 02:00:00;30748;HL;низ;1709,245;1709,610;5,915;6;1
2/2;6605;2022-10-07 06:00:00;30752;LH;верх;1714,140;1712,350;4,895;4;1
2/2;6606;2022-10-07 06:00:00;30752;LL;низ;1708,465;1712,350;5,675;0;1
2/2;6607;2022-10-07 09:00:00;30755;HH;верх;1714,850;1709,255;6,385;3;2
2/2;6608;2022-10-07 12:00:00;30758;LL;низ;1690,695;1701,950;24,155;3;1
2/2;6609;2022-10-07 16:00:00;30762;LH;верх;1707,330;1696,750;16,635;4;1
2/2;6610;2022-10-07 19:00:00;30765;HL;низ;1693,290;1697,530;14,040;3;1
2/2;6611;2022-10-09 22:00:00;30767;LH;верх;1699,915;1694,635;6,625;2;1
2/2;6612;2022-10-10 15:00:00;30784;LL;низ;1665,770;1669,660;34,145;17;1
2/2;6613;2022-10-10 17:00:00;30786;LH;верх;1671,680;1669,035;5,910;2;1
2/2;6614;2022-10-10 20:00:00;30789;HL;низ;1667,505;1670,220;4,175;3;1
2/2;6615;2022-10-11 01:00:00;30793;HH;верх;1673,665;1664,225;6,160;4;1
2/2;6616;2022-10-11 02:00:00;30794;LL;низ;1661,470;1663,345;12,195;1;1
2/2;6617;2022-10-11 08:00:00;30800;LH;верх;1669,905;1667,025;8,435;6;1
2/2;6618;2022-10-11 10:00:00;30802;LL;низ;1661,030;1669,615;8,875;2;1
2/2;6619;2022-10-11 12:00:00;30804;HH;верх;1672,980;1669,490;11,950;2;1
2/2;6620;2022-10-11 14:00:00;30806;HL;низ;1663,525;1680,750;9,455;2;1
2/2;6621;2022-10-11 16:00:00;30808;HH;верх;1684,040;1667,345;20,515;2;1
2/2;6622;2022-10-11 19:00:00;30811;HL;низ;1663,850;1666,275;20,190;3;1
2/2;6623;2022-10-12 01:00:00;30816;LH;верх;1666,960;1665,425;3,110;5;1
2/2;6624;2022-10-12 02:00:00;30817;LL;низ;1661,470;1668,645;5,490;1;1
2/2;6625;2022-10-12 06:00:00;30821;HH;верх;1675,425;1670,125;13,955;4;1
2/2;6626;2022-10-12 12:00:00;30827;HL;низ;1664,885;1670,250;10,540;6;1
2/2;6627;2022-10-12 13:00:00;30828;LH;верх;1673,290;1669,630;8,405;1;1
2/2;6628;2022-10-12 16:00:00;30831;HL;низ;1667,780;1672,855;5,510;3;1
2/2;6629;2022-10-12 18:00:00;30833;HH;верх;1678,370;1673,205;10,590;2;2
2/2;6630;2022-10-13 07:00:00;30845;LL;низ;1667,110;1674,920;11,260;12;1
2/2;6631;2022-10-13 11:00:00;30849;HH;верх;1682,495;1648,685;15,385;4;1
2/2;6632;2022-10-13 13:00:00;30851;LL;низ;1642,465;1665,805;40,030;2;1
2/2;6633;2022-10-13 17:00:00;30855;LH;верх;1672,620;1664,015;30,155;4;1
2/2;6634;2022-10-14 01:00:00;30862;HL;низ;1659,025;1669,130;13,595;7;2
2/2;6635;2022-10-14 06:00:00;30867;LH;верх;1671,825;1660,775;12,800;5;1
2/2;6636;2022-10-14 09:00:00;30870;LL;низ;1650,245;1654,965;21,580;3;1
2/2;6637;2022-10-14 13:00:00;30874;LH;верх;1664,045;1644,815;13,800;4;1
2/2;6638;2022-10-14 19:00:00;30880;LL;низ;1640,270;1645,515;23,775;6;1
2/2;6639;2022-10-17 01:00:00;30885;LH;верх;1652,740;1650,245;12,470;5;1
2/2;6640;2022-10-17 04:00:00;30888;HL;низ;1648,445;1649,880;4,295;3;1
2/2;6641;2022-10-17 13:00:00;30897;HH;верх;1668,530;1663,390;20,085;9;1
2/2;6642;2022-10-17 19:00:00;30903;LL;низ;1646,830;1650,675;21,700;6;1
2/2;6643;2022-10-18 01:00:00;30908;LH;верх;1653,600;1652,530;6,770;5;1
2/2;6644;2022-10-18 02:00:00;30909;HL;низ;1648,985;1659,415;4,615;1;1
2/2;6645;2022-10-18 05:00:00;30912;HH;верх;1660,936;1656,450;11,951;3;2
2/2;6646;2022-10-18 09:00:00;30916;LL;низ;1648,690;1652,960;12,246;4;1
2/2;6647;2022-10-18 12:00:00;30919;LH;верх;1657,430;1652,640;8,740;3;1
2/2;6648;2022-10-18 15:00:00;30922;LL;низ;1645,915;1651,930;11,515;3;2
2/2;6649;2022-10-18 23:00:00;30929;LH;верх;1654,475;1652,150;8,560;7;1
2/2;6650;2022-10-19 12:00:00;30942;LL;низ;1630,535;1633,985;23,940;13;2
2/2;6651;2022-10-19 14:00:00;30944;LH;верх;1637,835;1629,720;7,300;2;1
2/2;6652;2022-10-19 19:00:00;30949;LL;низ;1627,725;1628,105;10,110;5;1
2/2;6653;2022-10-19 22:00:00;30951;LH;верх;1630,415;1628,545;2,690;2;1
2/2;6654;2022-10-20 02:00:00;30955;LL;низ;1622,545;1632,965;7,870;4;1
2/2;6655;2022-10-20 05:00:00;30958;HH;верх;1635,100;1632,815;12,555;3;1
2/2;6656;2022-10-20 07:00:00;30960;HL;низ;1627,145;1634,950;7,955;2;2
2/2;6657;2022-10-20 15:00:00;30968;HH;верх;1645,675;1631,000;18,530;8;1
2/2;6658;2022-10-20 19:00:00;30972;LL;низ;1624,850;1626,780;20,825;4;2
2/2;6659;2022-10-21 01:00:00;30977;LH;верх;1628,355;1621,695;3,505;5;2
2/2;6660;2022-10-21 07:00:00;30983;LL;низ;1617,280;1625,475;11,075;6;2
2/2;6661;2022-10-23 23:00:00;30998;HH;верх;1670,785;1653,830;53,505;15;1
2/2;6662;2022-10-24 02:00:00;31001;HL;низ;1651,995;1658,230;18,790;3;1
2/2;6663;2022-10-24 05:00:00;31004;LH;верх;1658,745;1649,365;6,750;3;1
2/2;6664;2022-10-24 08:00:00;31007;LL;низ;1644,430;1649,040;14,315;3;1
2/2;6665;2022-10-24 13:00:00;31012;LH;верх;1654,494;1651,895;10,064;5;1
2/2;6666;2022-10-24 14:00:00;31013;LL;низ;1644,005;1650,595;10,489;1;1
2/2;6667;2022-10-24 16:00:00;31015;LH;верх;1652,715;1650,905;8,710;2;1
2/2;6668;2022-10-24 18:00:00;31017;HL;низ;1647,840;1649,590;4,875;2;1
2/2;6669;2022-10-25 01:00:00;31023;HH;верх;1654,970;1651,670;7,130;6;2
2/2;6670;2022-10-25 10:00:00;31032;LL;низ;1638,355;1642,335;16,615;9;2
2/2;6671;2022-10-25 14:00:00;31036;HH;верх;1662,445;1653,245;24,090;4;1
2/2;6672;2022-10-26 01:00:00;31046;HL;низ;1649,820;1657,150;12,625;10;3
2/2;6673;2022-10-26 09:00:00;31054;HH;верх;1675,005;1668,540;25,185;8;1
2/2;6674;2022-10-26 12:00:00;31057;HL;низ;1660,710;1666,750;14,295;3;1
2/2;6675;2022-10-26 15:00:00;31060;LH;верх;1672,665;1665,920;11,955;3;1
2/2;6676;2022-10-26 20:00:00;31065;HL;низ;1663,395;1667,600;9,270;5;1
2/2;6677;2022-10-27 01:00:00;31069;LH;верх;1670,845;1664,710;7,450;4;1
2/2;6678;2022-10-27 02:00:00;31070;LL;низ;1662,345;1665,480;8,500;1;1
2/2;6679;2022-10-27 05:00:00;31073;LH;верх;1669,755;1662,835;7,410;3;1
2/2;6680;2022-10-27 12:00:00;31080;LL;низ;1654,890;1662,325;14,865;7;2
2/2;6681;2022-10-27 14:00:00;31082;LH;верх;1665,835;1658,005;10,945;2;1
2/2;6682;2022-10-27 16:00:00;31084;HL;низ;1656,815;1658,735;9,020;2;1
2/2;6683;2022-10-27 20:00:00;31088;LH;верх;1663,534;1661,960;6,719;4;1
2/2;6684;2022-10-28 00:00:00;31091;HL;низ;1660,620;1665,400;2,914;3;1
2/2;6685;2022-10-28 02:00:00;31093;HH;верх;1667,110;1664,600;6,490;2;2
2/2;6686;2022-10-28 15:00:00;31106;LL;низ;1638,120;1641,190;28,990;13;2
2/2;6687;2022-10-28 20:00:00;31111;LH;верх;1645,860;1643,525;7,740;5;1
2/2;6688;2022-10-31 01:00:00;31115;HL;низ;1640,690;1644,425;5,170;4;2
2/2;6689;2022-10-31 05:00:00;31119;LH;верх;1645,740;1641,255;5,050;4;1
2/2;6690;2022-10-31 08:00:00;31122;LL;низ;1635,685;1639,810;10,055;3;1
2/2;6691;2022-10-31 11:00:00;31125;LH;верх;1642,125;1637,350;6,440;3;1
2/2;6692;2022-10-31 13:00:00;31127;LL;низ;1633,495;1639,005;8,630;2;1
2/2;6693;2022-10-31 14:00:00;31128;HH;верх;1642,150;1636,590;8,655;1;1
2/2;6694;2022-11-01 00:00:00;31137;LL;низ;1630,795;1638,800;11,355;9;2
2/2;6695;2022-11-01 12:00:00;31149;HH;верх;1657,060;1645,390;26,265;12;2
2/2;6696;2022-11-01 14:00:00;31151;HL;низ;1642,165;1645,060;14,895;2;1
2/2;6697;2022-11-01 18:00:00;31155;LH;верх;1651,150;1647,945;8,985;4;1
2/2;6698;2022-11-01 22:00:00;31158;HL;низ;1646,175;1650,405;4,975;3;1
2/2;6699;2022-11-02 18:00:00;31178;HH;верх;1669,535;1635,305;23,360;20;3
2/2;6700;2022-11-02 23:00:00;31182;LL;низ;1631,970;1638,145;37,565;4;1
2/2;6701;2022-11-03 01:00:00;31184;LH;верх;1641,030;1637,810;9,060;2;1
2/2;6702;2022-11-03 11:00:00;31194;LL;низ;1616,675;1619,565;24,355;10;2
2/2;6703;2022-11-03 19:00:00;31202;LH;верх;1632,395;1630,315;15,720;8;2
2/2;6704;2022-11-03 22:00:00;31204;HL;низ;1628,735;1630,800;3,660;2;2
2/2;6705;2022-11-04 06:00:00;31212;HH;верх;1649,910;1648,015;21,175;8;1
2/2;6706;2022-11-04 12:00:00;31218;HL;низ;1641,550;1673,300;8,360;6;2
2/2;6707;2022-11-04 20:00:00;31226;HH;верх;1681,755;1673,710;40,205;8;2
2/2;6708;2022-11-07 07:00:00;31235;HL;низ;1666,940;1678,615;14,815;9;2
2/2;6709;2022-11-07 09:00:00;31237;LH;верх;1680,460;1677,050;13,520;2;1
2/2;6710;2022-11-07 13:00:00;31241;HL;низ;1673,605;1679,015;6,855;4;1
2/2;6711;2022-11-07 14:00:00;31242;HH;верх;1681,945;1678,675;8,340;1;2
2/2;6712;2022-11-08 09:00:00;31260;LL;низ;1664,760;1672,640;17,185;18;1
2/2;6713;2022-11-08 16:00:00;31267;HH;верх;1716,970;1713,025;52,210;7;1
2/2;6714;2022-11-08 19:00:00;31270;HL;низ;1708,320;1712,585;8,650;3;1
2/2;6715;2022-11-08 23:00:00;31273;LH;верх;1713,470;1707,070;5,150;3;1
2/2;6716;2022-11-09 01:00:00;31275;LL;низ;1707,035;1709,395;6,435;2;1
2/2;6717;2022-11-09 03:00:00;31277;LH;верх;1712,540;1709,475;5,505;2;1
2/2;6718;2022-11-09 05:00:00;31279;HL;низ;1707,520;1711,710;5,020;2;1
2/2;6719;2022-11-09 08:00:00;31282;HH;верх;1715,865;1708,825;8,345;3;1
2/2;6720;2022-11-09 13:00:00;31287;LL;низ;1703,160;1711,615;12,705;5;2
2/2;6721;2022-11-09 15:00:00;31289;HH;верх;1722,345;1712,560;19,185;2;1
2/2;6722;2022-11-09 19:00:00;31293;LL;низ;1702,255;1706,625;20,090;4;1
2/2;6723;2022-11-10 06:00:00;31303;LH;верх;1712,630;1707,400;10,375;10;1
2/2;6724;2022-11-10 10:00:00;31307;HL;низ;1704,040;1709,395;8,590;4;1
2/2;6725;2022-11-10 21:00:00;31318;HH;верх;1757,320;1751,850;53,280;11;2
2/2;6726;2022-11-11 01:00:00;31321;HL;низ;1747,310;1751,345;10,010;3;2
2/2;6727;2022-11-11 10:00:00;31330;HH;верх;1766,655;1761,310;19,345;9;1
2/2;6728;2022-11-11 11:00:00;31331;HL;низ;1755,120;1765,615;11,535;1;1
2/2;6729;2022-11-11 13:00:00;31333;LH;верх;1766,135;1763,760;11,015;2;1
2/2;6730;2022-11-11 14:00:00;31334;HL;низ;1755,630;1763,735;10,505;1;1
2/2;6731;2022-11-11 21:00:00;31341;HH;верх;1772,935;1764,385;17,305;7;1
2/2;6732;2022-11-13 23:00:00;31342;HL;низ;1761,535;1762,755;11,400;1;1
2/2;6733;2022-11-14 03:00:00;31346;LH;верх;1766,360;1758,540;4,825;4;1
2/2;6734;2022-11-14 05:00:00;31348;LL;низ;1758,030;1762,375;8,330;2;1
2/2;6735;2022-11-14 08:00:00;31351;LH;верх;1766,260;1757,650;8,230;3;1
2/2;6736;2022-11-14 11:00:00;31354;LL;низ;1753,315;1763,695;12,945;3;1
2/2;6737;2022-11-14 15:00:00;31358;HH;верх;1775,090;1770,880;21,775;4;2
2/2;6738;2022-11-15 00:00:00;31366;HL;низ;1767,130;1771,000;7,960;8;1
2/2;6739;2022-11-15 01:00:00;31367;LH;верх;1772,400;1771,335;5,270;1;1
2/2;6740;2022-11-15 06:00:00;31372;HL;низ;1768,800;1777,600;3,600;5;1
2/2;6741;2022-11-15 13:00:00;31379;HH;верх;1786,545;1771,195;17,745;7;2
2/2;6742;2022-11-15 17:00:00;31383;LL;низ;1768,065;1778,645;18,480;4;2
2/2;6743;2022-11-15 18:00:00;31384;LH;верх;1785,936;1778,480;17,871;1;2
2/2;6744;2022-11-16 04:00:00;31393;HL;низ;1770,385;1773,430;15,551;9;1
2/2;6745;2022-11-16 10:00:00;31399;LH;верх;1785,095;1780,870;14,710;6;1
2/2;6746;2022-11-16 18:00:00;31407;HL;низ;1771,000;1774,320;14,095;8;2
2/2;6747;2022-11-16 20:00:00;31409;LH;верх;1776,255;1773,985;5,255;2;2
2/2;6748;2022-11-17 05:00:00;31417;LL;низ;1761,485;1767,010;14,770;8;1
2/2;6749;2022-11-17 08:00:00;31420;LH;верх;1771,105;1762,645;9,620;3;2
2/2;6750;2022-11-17 14:00:00;31426;LL;низ;1754,510;1758,150;16,595;6;1
2/2;6751;2022-11-17 18:00:00;31430;LH;верх;1762,370;1761,070;7,860;4;1
2/2;6752;2022-11-17 23:00:00;31434;HL;низ;1759,400;1763,050;2,970;4;1
2/2;6753;2022-11-18 03:00:00;31438;HH;верх;1765,775;1764,145;6,375;4;1
2/2;6754;2022-11-18 05:00:00;31440;HL;низ;1761,220;1765,630;4,555;2;1
2/2;6755;2022-11-18 09:00:00;31444;HH;верх;1767,735;1760,415;6,515;4;1
2/2;6756;2022-11-18 19:00:00;31454;LL;низ;1747,555;1750,870;20,180;10;2
2/2;6757;2022-11-21 00:00:00;31458;LH;верх;1753,065;1744,455;5,510;4;1
2/2;6758;2022-11-21 02:00:00;31460;LL;низ;1743,965;1746,100;9,100;2;1
2/2;6759;2022-11-21 04:00:00;31462;LH;верх;1747,495;1745,465;3,530;2;1
2/2;6760;2022-11-21 09:00:00;31467;LL;низ;1736,995;1740,080;10,500;5;1
2/2;6761;2022-11-21 13:00:00;31471;LH;верх;1747,040;1736,745;10,045;4;1
2/2;6762;2022-11-21 16:00:00;31474;LL;низ;1732,595;1737,200;14,445;3;1
2/2;6763;2022-11-21 18:00:00;31476;LH;верх;1739,665;1739,240;7,070;2;1
2/2;6764;2022-11-21 20:00:00;31478;HL;низ;1735,425;1738,600;4,240;2;1
2/2;6765;2022-11-22 04:00:00;31485;HH;верх;1745,740;1740,910;10,315;7;1
2/2;6766;2022-11-22 07:00:00;31488;HL;низ;1740,405;1747,040;5,335;3;1
2/2;6767;2022-11-22 11:00:00;31492;HH;верх;1749,795;1743,680;9,390;4;1
2/2;6768;2022-11-22 19:00:00;31500;LL;низ;1737,095;1740,000;12,700;8;1
2/2;6769;2022-11-23 00:00:00;31504;LH;верх;1742,890;1741,700;5,795;4;1
2/2;6770;2022-11-23 04:00:00;31508;LL;низ;1733,045;1738,945;9,845;4;1
2/2;6771;2022-11-23 07:00:00;31511;HH;верх;1745,830;1739,630;12,785;3;1
2/2;6772;2022-11-23 13:00:00;31517;LL;низ;1727,495;1743,505;18,335;6;2
2/2;6773;2022-11-23 19:00:00;31523;HH;верх;1753,465;1749,600;25,970;6;2
2/2;6774;2022-11-23 23:00:00;31526;HL;низ;1749,335;1755,600;4,130;3;1
2/2;6775;2022-11-24 04:00:00;31531;HH;верх;1756,970;1755,305;7,635;5;1
2/2;6776;2022-11-24 08:00:00;31535;HL;низ;1752,490;1756,275;4,480;4;1
2/2;6777;2022-11-24 10:00:00;31537;HH;верх;1758,705;1757,435;6,215;2;1
2/2;6778;2022-11-24 13:00:00;31540;HL;низ;1755,180;1756,870;3,525;3;1
2/2;6779;2022-11-24 15:00:00;31542;LH;верх;1758,565;1755,430;3,385;2;1
2/2;6780;2022-11-25 00:00:00;31548;LL;низ;1752,455;1758,715;6,110;6;2
2/2;6781;2022-11-25 04:00:00;31552;HH;верх;1761,155;1757,005;8,700;4;1
2/2;6782;2022-11-25 09:00:00;31557;LL;низ;1749,300;1751,110;11,855;5;1
2/2;6783;2022-11-25 10:00:00;31558;LH;верх;1754,480;1750,945;5,180;1;1
2/2;6784;2022-11-25 13:00:00;31561;LL;низ;1746,020;1750,395;8,460;3;1
2/2;6785;2022-11-25 18:00:00;31566;HH;верх;1756,390;1751,990;10,370;5;2
2/2;6786;2022-11-28 01:00:00;31569;HL;низ;1746,050;1749,710;10,340;3;2
2/2;6787;2022-11-28 10:00:00;31578;HH;верх;1763,775;1755,515;17,725;9;1
2/2;6788;2022-11-28 19:00:00;31587;LL;низ;1739,675;1741,785;24,100;9;1
2/2;6789;2022-11-29 08:00:00;31599;LH;верх;1759,035;1755,395;19,360;12;3
2/2;6790;2022-11-29 14:00:00;31605;HL;низ;1747,000;1751,630;12,035;6;1
2/2;6791;2022-11-29 15:00:00;31606;LH;верх;1758,090;1751,040;11,090;1;2
2/2;6792;2022-11-30 00:00:00;31614;HL;низ;1747,850;1753,320;10,240;8;2
2/2;6793;2022-11-30 04:00:00;31618;LH;верх;1755,795;1753,570;7,945;4;1
2/2;6794;2022-11-30 07:00:00;31621;HL;низ;1752,955;1762,025;2,840;3;1
2/2;6795;2022-11-30 13:00:00;31627;HH;верх;1764,850;1752,650;11,895;6;1
2/2;6796;2022-11-30 18:00:00;31632;LL;низ;1744,950;1769,945;19,900;5;2
2/2;6797;2022-12-01 01:00:00;31638;HH;верх;1780,035;1776,665;35,085;6;1
2/2;6798;2022-12-01 02:00:00;31639;HL;низ;1772,025;1779,685;8,010;1;1
2/2;6799;2022-12-01 06:00:00;31643;HH;верх;1783,745;1778,295;11,720;4;1
2/2;6800;2022-12-01 07:00:00;31644;HL;низ;1774,690;1778,335;9,055;1;1
2/2;6801;2022-12-01 23:00:00;31659;HH;верх;1804,630;1798,035;29,940;15;2
2/2;6802;2022-12-02 02:00:00;31662;HL;низ;1795,645;1797,505;8,985;3;1
2/2;6803;2022-12-02 08:00:00;31668;LH;верх;1803,040;1800,290;7,395;6;2
2/2;6804;2022-12-02 13:00:00;31673;LL;низ;1778,545;1785,790;24,495;5;2
2/2;6805;2022-12-02 20:00:00;31680;LH;верх;1799,590;1799,105;21,045;7;1
2/2;6806;2022-12-04 23:00:00;31682;HL;низ;1794,460;1806,555;5,130;2;1
2/2;6807;2022-12-05 04:00:00;31687;HH;верх;1810,010;1803,295;15,550;5;1
2/2;6808;2022-12-05 10:00:00;31693;LL;низ;1793,385;1797,955;16,625;6;1
2/2;6809;2022-12-05 13:00:00;31696;LH;верх;1798,480;1777,990;5,095;3;1
2/2;6810;2022-12-05 19:00:00;31702;LL;низ;1765,910;1768,825;32,570;6;1
2/2;6811;2022-12-06 02:00:00;31708;LH;верх;1776,420;1772,545;10,510;6;1
2/2;6812;2022-12-06 06:00:00;31712;HL;низ;1767,395;1772,955;9,025;4;1
2/2;6813;2022-12-06 12:00:00;31718;HH;верх;1780,920;1774,085;13,525;6;1
2/2;6814;2022-12-06 18:00:00;31724;LL;низ;1767,365;1771,620;13,555;6;1
2/2;6815;2022-12-06 20:00:00;31726;LH;верх;1772,770;1771,010;5,405;2;1
2/2;6816;2022-12-07 01:00:00;31730;HL;низ;1768,825;1773,225;3,945;4;1
2/2;6817;2022-12-07 02:00:00;31731;HH;верх;1775,265;1770,985;6,440;1;1
2/2;6818;2022-12-07 06:00:00;31735;HL;низ;1769,745;1775,420;5,520;4;1
2/2;6819;2022-12-07 08:00:00;31737;HH;верх;1775,950;1772,640;6,205;2;1
2/2;6820;2022-12-07 12:00:00;31741;HL;низ;1770,855;1783,190;5,095;4;1
2/2;6821;2022-12-07 19:00:00;31748;HH;верх;1790,585;1786,145;19,730;7;3
2/2;6822;2022-12-08 03:00:00;31755;HL;низ;1781,490;1784,530;9,095;7;1
2/2;6823;2022-12-08 07:00:00;31759;LH;верх;1787,195;1783,390;5,705;4;1
2/2;6824;2022-12-08 09:00:00;31761;HL;низ;1781,755;1783,795;5,440;2;1
2/2;6825;2022-12-08 15:00:00;31767;HH;верх;1794,885;1787,250;13,130;6;2
2/2;6826;2022-12-08 18:00:00;31770;HL;низ;1786,665;1788,595;8,220;3;1
2/2;6827;2022-12-09 05:00:00;31780;HH;верх;1797,815;1792,815;11,150;10;2
2/2;6828;2022-12-09 09:00:00;31784;HL;низ;1789,025;1800,510;8,790;4;1
2/2;6829;2022-12-09 13:00:00;31788;HH;верх;1805,866;1796,870;16,841;4;1
2/2;6830;2022-12-09 15:00:00;31790;HL;низ;1790,190;1798,870;15,676;2;1
2/2;6831;2022-12-09 16:00:00;31791;HH;верх;1806,160;1798,525;15,970;1;1
2/2;6832;2022-12-12 05:00:00;31803;LL;низ;1785,525;1791,320;20,635;12;2
2/2;6833;2022-12-12 11:00:00;31809;LH;верх;1795,505;1787,680;9,980;6;1
2/2;6834;2022-12-12 19:00:00;31817;LL;низ;1777,685;1781,410;17,820;8;1
2/2;6835;2022-12-13 02:00:00;31823;LH;верх;1786,130;1782,650;8,445;6;1
2/2;6836;2022-12-13 04:00:00;31825;HL;низ;1781,190;1785,655;4,940;2;1
2/2;6837;2022-12-13 07:00:00;31828;HH;верх;1788,705;1784,605;7,515;3;1
2/2;6838;2022-12-13 10:00:00;31831;HL;низ;1782,630;1789,080;6,075;3;1
2/2;6839;2022-12-13 14:00:00;31835;HH;верх;1824,515;1808,925;41,885;4;1
2/2;6840;2022-12-13 17:00:00;31838;HL;низ;1805,400;1811,445;19,115;3;2
2/2;6841;2022-12-14 01:00:00;31845;LH;верх;1812,720;1810,040;7,320;7;1
2/2;6842;2022-12-14 04:00:00;31848;HL;низ;1808,295;1811,635;4,425;3;1
2/2;6843;2022-12-14 06:00:00;31850;HH;верх;1813,310;1808,650;5,015;2;1
2/2;6844;2022-12-14 08:00:00;31852;LL;низ;1806,545;1808,900;6,765;2;1
2/2;6845;2022-12-14 10:00:00;31854;LH;верх;1810,335;1805,530;3,790;2;1
2/2;6846;2022-12-14 12:00:00;31856;LL;низ;1804,375;1810,420;5,960;2;1
2/2;6847;2022-12-14 15:00:00;31859;HH;верх;1813,090;1808,420;8,715;3;1
2/2;6848;2022-12-14 19:00:00;31863;LL;низ;1795,495;1807,440;17,595;4;1
2/2;6849;2022-12-14 20:00:00;31864;HH;верх;1814,265;1807,680;18,770;1;1
2/2;6850;2022-12-15 04:00:00;31871;LL;низ;1789,640;1795,505;24,625;7;1
2/2;6851;2022-12-15 06:00:00;31873;LH;верх;1796,465;1777,825;6,825;2;1
2/2;6852;2022-12-15 08:00:00;31875;LL;низ;1773,845;1777,510;22,620;2;2
2/2;6853;2022-12-15 14:00:00;31881;LH;верх;1786,116;1778,235;12,271;6;1
2/2;6854;2022-12-15 23:00:00;31889;HL;низ;1775,660;1777,485;10,456;8;1
2/2;6855;2022-12-16 07:00:00;31897;LH;верх;1785,015;1778,240;9,355;8;2
2/2;6856;2022-12-16 08:00:00;31898;LL;низ;1774,365;1780,980;10,650;1;2
2/2;6857;2022-12-16 20:00:00;31910;HH;верх;1794,300;1791,120;19,935;12;2
2/2;6858;2022-12-19 00:00:00;31913;HL;низ;1790,965;1794,580;3,335;3;1
2/2;6859;2022-12-19 03:00:00;31916;HH;верх;1796,950;1790,875;5,985;3;1
2/2;6860;2022-12-19 05:00:00;31918;LL;низ;1790,360;1793,405;6,590;2;1
2/2;6861;2022-12-19 08:00:00;31921;HH;верх;1798,775;1795,840;8,415;3;2
2/2;6862;2022-12-19 16:00:00;31929;LL;низ;1783,905;1789,080;14,870;8;2
2/2;6863;2022-12-19 23:00:00;31935;LH;верх;1788,180;1786,710;4,275;6;1
2/2;6864;2022-12-20 00:00:00;31936;HL;низ;1784,695;1787,525;3,485;1;1
2/2;6865;2022-12-20 11:00:00;31947;HH;верх;1809,500;1805,700;24,805;11;2
2/2;6866;2022-12-20 12:00:00;31948;HL;низ;1798,405;1812,530;11,095;1;1
2/2;6867;2022-12-20 15:00:00;31951;HH;верх;1821,140;1818,020;22,735;3;2
2/2;6868;2022-12-21 07:00:00;31966;HL;низ;1811,985;1813,320;9,155;15;1
2/2;6869;2022-12-21 08:00:00;31967;LH;верх;1817,400;1813,165;5,415;1;1
2/2;6870;2022-12-21 11:00:00;31970;LL;низ;1811,925;1817,665;5,475;3;1
2/2;6871;2022-12-21 15:00:00;31974;HH;верх;1823,865;1816,890;11,940;4;1
2/2;6872;2022-12-21 20:00:00;31979;HL;низ;1812,925;1814,990;10,940;5;2
2/2;6873;2022-12-22 05:00:00;31987;LH;верх;1820,460;1816,995;7,535;8;1
2/2;6874;2022-12-22 07:00:00;31989;HL;низ;1813,760;1817,025;6,700;2;1
2/2;6875;2022-12-22 13:00:00;31995;LH;верх;1819,945;1795,620;6,185;6;2
2/2;6876;2022-12-22 18:00:00;32000;LL;низ;1784,850;1791,965;35,095;5;1
2/2;6877;2022-12-22 20:00:00;32002;LH;верх;1795,110;1793,550;10,260;2;1
2/2;6878;2022-12-23 01:00:00;32006;HL;низ;1791,340;1792,830;3,770;4;1
2/2;6879;2022-12-23 02:00:00;32007;HH;верх;1795,645;1794,915;4,305;1;1
2/2;6880;2022-12-23 14:00:00;32019;LL;низ;1791,250;1800,620;4,395;12;1
2/2;6881;2022-12-23 16:00:00;32021;HH;верх;1803,240;1795,835;11,990;2;1
2/2;6882;2022-12-23 18:00:00;32023;HL;низ;1793,660;1797,715;9,580;2;2
2/2;6883;2022-12-27 12:00:00;32040;HH;верх;1811,610;1808,165;17,950;17;1
2/2;6884;2022-12-27 14:00:00;32042;HL;низ;1802,410;1820,925;9,200;2;1
2/2;6885;2022-12-27 15:00:00;32043;HH;верх;1833,445;1813,810;31,035;1;1
2/2;6886;2022-12-28 00:00:00;32051;HL;низ;1809,675;1811,210;23,770;8;1
2/2;6887;2022-12-28 01:00:00;32052;LH;верх;1814,645;1810,245;4,970;1;1
2/2;6888;2022-12-28 10:00:00;32061;LL;низ;1799,325;1806,050;15,320;9;1
2/2;6889;2022-12-28 14:00:00;32065;LH;верх;1809,495;1802,540;10,170;4;1
2/2;6890;2022-12-28 16:00:00;32067;LL;низ;1797,100;1803,710;12,395;2;1
2/2;6891;2022-12-28 18:00:00;32069;LH;верх;1809,295;1804,405;12,195;2;1
2/2;6892;2022-12-28 20:00:00;32071;HL;низ;1802,870;1805,820;6,425;2;1
2/2;6893;2022-12-29 02:00:00;32076;HH;верх;1809,340;1808,975;6,470;5;1
2/2;6894;2022-12-29 07:00:00;32081;HL;низ;1804,855;1808,800;4,485;5;1
2/2;6895;2022-12-29 09:00:00;32083;HH;верх;1812,025;1806,760;7,170;2;1
2/2;6896;2022-12-29 10:00:00;32084;LL;низ;1804,435;1806,860;7,590;1;1
2/2;6897;2022-12-29 18:00:00;32092;HH;верх;1820,205;1814,605;15,770;8;1
2/2;6898;2022-12-29 23:00:00;32096;HL;низ;1813,795;1817,630;6,410;4;2
2/2;6899;2022-12-30 07:00:00;32104;HH;верх;1822,345;1815,145;8,550;8;1
2/2;6900;2022-12-30 10:00:00;32107;LL;низ;1813,400;1819,550;8,945;3;1
2/2;6901;2022-12-30 14:00:00;32111;HH;верх;1825,270;1816,275;11,870;4;1
2/2;6902;2022-12-30 16:00:00;32113;HL;низ;1814,370;1819,235;10,900;2;1
2/2;6903;2023-01-03 03:00:00;32123;HH;верх;1843,220;1840,510;28,850;10;2
2/2;6904;2023-01-03 05:00:00;32125;HL;низ;1838,025;1847,620;5,195;2;1
2/2;6905;2023-01-03 07:00:00;32127;HH;верх;1849,990;1838,905;11,965;2;1
2/2;6906;2023-01-03 11:00:00;32131;LL;низ;1830,905;1838,960;19,085;4;1
2/2;6907;2023-01-03 14:00:00;32134;LH;верх;1849,890;1834,335;18,985;3;1
2/2;6908;2023-01-03 15:00:00;32135;LL;низ;1827,645;1839,355;22,245;1;1
2/2;6909;2023-01-03 18:00:00;32138;LH;верх;1840,280;1838,235;12,635;3;2
2/2;6910;2023-01-04 00:00:00;32143;HL;низ;1836,240;1845,830;4,040;5;1
2/2;6911;2023-01-04 03:00:00;32146;HH;верх;1847,215;1846,430;10,975;3;1
2/2;6912;2023-01-04 05:00:00;32148;HL;низ;1844,750;1858,340;2,465;2;1
2/2;6913;2023-01-04 08:00:00;32151;HH;верх;1865,215;1858,925;20,465;3;2
2/2;6914;2023-01-04 19:00:00;32162;HL;низ;1847,150;1854,650;18,065;11;2
2/2;6915;2023-01-05 01:00:00;32167;LH;верх;1858,995;1853,355;11,845;5;2
2/2;6916;2023-01-05 04:00:00;32170;HL;низ;1850,405;1850,790;8,590;3;1
2/2;6917;2023-01-05 06:00:00;32172;LH;верх;1855,750;1846,455;5,345;2;1
2/2;6918;2023-01-05 08:00:00;32174;LL;низ;1843,890;1849,095;11,860;2;1
2/2;6919;2023-01-05 10:00:00;32176;LH;верх;1851,405;1845,450;7,515;2;1
2/2;6920;2023-01-05 15:00:00;32181;LL;низ;1825,130;1833,990;26,275;5;1
2/2;6921;2023-01-05 18:00:00;32184;LH;верх;1837,470;1833,050;12,340;3;1
2/2;6922;2023-01-06 00:00:00;32189;HL;низ;1831,420;1838,290;6,050;5;1
2/2;6923;2023-01-06 03:00:00;32192;HH;верх;1840,915;1837,145;9,495;3;1
2/2;6924;2023-01-06 05:00:00;32194;HL;низ;1835,760;1838,415;5,155;2;1
2/2;6925;2023-01-06 07:00:00;32196;LH;верх;1840,685;1835,550;4,925;2;1
2/2;6926;2023-01-06 09:00:00;32198;LL;низ;1833,320;1836,775;7,365;2;2
2/2;6927;2023-01-06 19:00:00;32208;HH;верх;1869,920;1866,110;36,600;10;1
2/2;6928;2023-01-06 21:00:00;32210;HL;низ;1865,780;1868,615;4,140;2;1
2/2;6929;2023-01-09 07:00:00;32219;HH;верх;1881,020;1873,680;15,240;9;2
2/2;6930;2023-01-09 11:00:00;32223;HL;низ;1870,560;1878,230;10,460;4;1
2/2;6931;2023-01-09 14:00:00;32226;HH;верх;1881,550;1876,195;10,990;3;1
2/2;6932;2023-01-10 00:00:00;32235;LL;низ;1867,930;1872,880;13,620;9;3
2/2;6933;2023-01-10 01:00:00;32236;LH;верх;1876,130;1871,960;8,200;1;1
2/2;6934;2023-01-10 04:00:00;32239;HL;низ;1870,790;1873,310;5,340;3;1
2/2;6935;2023-01-10 05:00:00;32240;LH;верх;1875,210;1872,120;4,420;1;1
2/2;6936;2023-01-10 07:00:00;32242;LL;низ;1870,670;1876,890;4,540;2;1
2/2;6937;2023-01-10 09:00:00;32244;HH;верх;1877,330;1875,235;6,660;2;1
2/2;6938;2023-01-10 12:00:00;32247;LL;низ;1870,475;1878,315;6,855;3;1
2/2;6939;2023-01-10 15:00:00;32250;HH;верх;1880,795;1874,355;10,320;3;1
2/2;6940;2023-01-10 16:00:00;32251;HL;низ;1871,290;1875,685;9,505;1;1
2/2;6941;2023-01-10 20:00:00;32255;LH;верх;1878,725;1877,310;7,435;4;2
2/2;6942;2023-01-11 01:00:00;32259;HL;низ;1872,070;1877,785;6,655;4;1
2/2;6943;2023-01-11 09:00:00;32267;HH;верх;1886,695;1883,105;14,625;8;2
2/2;6944;2023-01-11 16:00:00;32274;LL;низ;1867,220;1877,845;19,475;7;1
2/2;6945;2023-01-11 19:00:00;32277;LH;верх;1878,535;1875,965;11,315;3;1
2/2;6946;2023-01-11 23:00:00;32280;HL;низ;1874,965;1880,585;3,570;3;1
2/2;6947;2023-01-12 05:00:00;32286;HH;верх;1885,090;1882,520;10,125;6;2
2/2;6948;2023-01-12 07:00:00;32288;HL;низ;1879,945;1884,405;5,145;2;1
2/2;6949;2023-01-12 13:00:00;32294;HH;верх;1901,705;1888,895;21,760;6;1
2/2;6950;2023-01-12 13:00:00;32294;LL;низ;1870,300;1888,895;31,405;0;1
2/2;6951;2023-01-13 00:00:00;32304;LH;верх;1900,980;1898,245;30,680;10;2
2/2;6952;2023-01-13 05:00:00;32309;HL;низ;1892,395;1899,635;8,585;5;1
2/2;6953;2023-01-13 08:00:00;32312;HH;верх;1909,735;1906,140;17,340;3;1
2/2;6954;2023-01-13 13:00:00;32317;HL;низ;1893,770;1913,730;15,965;5;1
2/2;6955;2023-01-13 18:00:00;32322;HH;верх;1921,910;1920,700;28,140;5;1
2/2;6956;2023-01-16 00:00:00;32327;HL;низ;1916,840;1928,460;5,070;5;1
2/2;6957;2023-01-16 03:00:00;32330;HH;верх;1929,060;1919,590;12,220;3;1
2/2;6958;2023-01-16 08:00:00;32335;LL;низ;1910,915;1915,670;18,145;5;1
2/2;6959;2023-01-16 11:00:00;32338;LH;верх;1919,390;1913,425;8,475;3;1
2/2;6960;2023-01-16 13:00:00;32340;HL;низ;1911,460;1916,090;7,930;2;1
2/2;6961;2023-01-16 15:00:00;32342;LH;верх;1917,140;1913,935;5,680;2;1
2/2;6962;2023-01-16 17:00:00;32344;HL;низ;1912,895;1916,010;4,245;2;1
2/2;6963;2023-01-17 00:00:00;32348;HH;верх;1919,095;1910,760;6,200;4;2
2/2;6964;2023-01-17 06:00:00;32354;LL;низ;1906,990;1909,655;12,105;6;1
2/2;6965;2023-01-17 08:00:00;32356;LH;верх;1912,020;1906,265;5,030;2;1
2/2;6966;2023-01-17 10:00:00;32358;LL;низ;1904,325;1909,460;7,695;2;1
2/2;6967;2023-01-17 14:00:00;32362;HH;верх;1916,670;1912,170;12,345;4;1
2/2;6968;2023-01-17 19:00:00;32367;LL;низ;1903,810;1908,710;12,860;5;1
2/2;6969;2023-01-17 20:00:00;32368;LH;верх;1910,895;1908,730;7,085;1;2
2/2;6970;2023-01-18 05:00:00;32376;LL;низ;1896,675;1907,820;14,220;8;1
2/2;6971;2023-01-18 14:00:00;32385;HH;верх;1925,945;1908,470;29,270;9;1
2/2;6972;2023-01-18 17:00:00;32388;HL;низ;1901,655;1905,155;24,290;3;2
2/2;6973;2023-01-19 00:00:00;32394;LH;верх;1909,565;1907,200;7,910;6;1
2/2;6974;2023-01-19 02:00:00;32396;LL;низ;1901,035;1909,860;8,530;2;2
2/2;6975;2023-01-19 08:00:00;32402;HH;верх;1916,840;1909,635;15,805;6;1
2/2;6976;2023-01-19 11:00:00;32405;HL;низ;1906,730;1913,245;10,110;3;1
2/2;6977;2023-01-19 20:00:00;32414;HH;верх;1935,210;1931,785;28,480;9;3
2/2;6978;2023-01-20 05:00:00;32422;HL;низ;1923,240;1933,135;11,970;8;1
2/2;6979;2023-01-20 08:00:00;32425;HH;верх;1937,580;1930,065;14,340;3;1
2/2;6980;2023-01-20 14:00:00;32431;LL;низ;1920,720;1924,925;16,860;6;1
2/2;6981;2023-01-20 15:00:00;32432;LH;верх;1931,050;1925,195;10,330;1;1
2/2;6982;2023-01-20 17:00:00;32434;HL;низ;1922,850;1929,735;8,200;2;1
2/2;6983;2023-01-20 19:00:00;32436;LH;верх;1931,030;1926,060;8,180;2;1
2/2;6984;2023-01-22 23:00:00;32439;HL;низ;1923,910;1932,550;7,120;3;1
2/2;6985;2023-01-23 02:00:00;32442;HH;верх;1935,590;1929,610;11,680;3;1
2/2;6986;2023-01-23 08:00:00;32448;LL;низ;1918,965;1926,445;16,625;6;1
2/2;6987;2023-01-23 10:00:00;32450;LH;верх;1929,440;1926,690;10,475;2;1
2/2;6988;2023-01-23 15:00:00;32455;LL;низ;1911,435;1923,955;18,005;5;2
2/2;6989;2023-01-24 02:00:00;32465;HH;верх;1937,135;1932,785;25,700;10;1
2/2;6990;2023-01-24 04:00:00;32467;HL;низ;1931,920;1939,870;5,215;2;1
2/2;6991;2023-01-24 08:00:00;32471;HH;верх;1942,555;1938,555;10,635;4;1
2/2;6992;2023-01-24 10:00:00;32473;HL;низ;1934,390;1936,780;8,165;2;1
2/2;6993;2023-01-24 12:00:00;32475;LH;верх;1939,440;1921,415;5,050;2;1
2/2;6994;2023-01-24 15:00:00;32478;LL;низ;1917,220;1933,975;22,220;3;1
2/2;6995;2023-01-24 20:00:00;32483;LH;верх;1938,275;1937,075;21,055;5;1
2/2;6996;2023-01-25 00:00:00;32486;HL;низ;1935,010;1935,265;3,265;3;1
2/2;6997;2023-01-25 02:00:00;32488;HH;верх;1939,740;1928,605;4,730;2;1
2/2;6998;2023-01-25 05:00:00;32491;LL;низ;1925,880;1928,835;13,860;3;1
2/2;6999;2023-01-25 07:00:00;32493;LH;верх;1933,875;1928,040;7,995;2;1
2/2;7000;2023-01-25 13:00:00;32499;LL;низ;1919,945;1933,085;13,930;6;1
2/2;7001;2023-01-26 00:00:00;32509;HH;верх;1949,260;1945,305;29,315;10;1
2/2;7002;2023-01-26 01:00:00;32510;HL;низ;1942,600;1947,730;6,660;1;1
2/2;7003;2023-01-26 06:00:00;32515;LH;верх;1949,045;1942,035;6,445;5;2
2/2;7004;2023-01-26 16:00:00;32525;LL;низ;1918,695;1929,830;30,350;10;1
2/2;7005;2023-01-27 00:00:00;32532;LH;верх;1934,905;1925,785;16,210;7;2
2/2;7006;2023-01-27 04:00:00;32536;HL;низ;1919,880;1923,290;15,025;4;1
2/2;7007;2023-01-27 13:00:00;32545;HH;верх;1935,050;1924,200;15,170;9;1
2/2;7008;2023-01-27 15:00:00;32547;LL;низ;1916,745;1928,605;18,305;2;1
2/2;7009;2023-01-27 16:00:00;32548;LH;верх;1932,260;1930,320;15,515;1;3
2/2;7010;2023-01-30 03:00:00;32558;HL;низ;1924,475;1931,435;7,785;10;1
2/2;7011;2023-01-30 04:00:00;32559;HH;верх;1934,565;1931,065;10,090;1;1
2/2;7012;2023-01-30 08:00:00;32563;LL;низ;1920,745;1930,640;13,820;4;1
2/2;7013;2023-01-30 10:00:00;32565;LH;верх;1930,840;1926,110;10,095;2;1
2/2;7014;2023-01-30 19:00:00;32574;HL;низ;1920,865;1923,200;9,975;9;3
2/2;7015;2023-01-31 01:00:00;32579;LH;верх;1927,430;1921,105;6,565;5;1
2/2;7016;2023-01-31 12:00:00;32590;LL;низ;1900,870;1924,710;26,560;11;1
2/2;7017;2023-01-31 18:00:00;32596;HH;верх;1931,190;1928,565;30,320;6;2
2/2;7018;2023-02-01 02:00:00;32603;HL;низ;1924,595;1925,800;6,595;7;1
2/2;7019;2023-02-01 07:00:00;32608;LH;верх;1929,280;1925,140;4,685;5;2
2/2;7020;2023-02-01 08:00:00;32609;LL;низ;1923,340;1926,560;5,940;1;1
2/2;7021;2023-02-01 13:00:00;32614;HH;верх;1933,250;1931,940;9,910;5;1
2/2;7022;2023-02-01 17:00:00;32618;LL;низ;1920,580;1943,045;12,670;4;1
2/2;7023;2023-02-02 01:00:00;32625;HH;верх;1957,310;1952,405;36,730;7;1
2/2;7024;2023-02-02 06:00:00;32630;HL;низ;1951,320;1957,260;5,990;5;1
2/2;7025;2023-02-02 07:00:00;32631;HH;верх;1959,770;1956,495;8,450;1;1
2/2;7026;2023-02-02 20:00:00;32644;LL;низ;1911,375;1915,185;48,395;13;2
2/2;7027;2023-02-03 02:00:00;32649;LH;верх;1918,650;1916,150;7,275;5;1
2/2;7028;2023-02-03 04:00:00;32651;HL;низ;1913,870;1916,010;4,780;2;1
2/2;7029;2023-02-03 07:00:00;32654;LH;верх;1918,295;1913,335;4,425;3;1
2/2;7030;2023-02-03 07:00:00;32654;LL;низ;1910,145;1913,335;8,150;0;1
2/2;7031;2023-02-03 12:00:00;32659;LH;верх;1917,115;1882,850;6,970;5;1
2/2;7032;2023-02-03 18:00:00;32665;LL;низ;1861,430;1864,880;55,685;6;2
2/2;7033;2023-02-06 08:00:00;32678;LH;верх;1881,405;1872,355;19,975;13;1
2/2;7034;2023-02-06 11:00:00;32681;HL;низ;1868,270;1871,700;13,135;3;1
2/2;7035;2023-02-06 14:00:00;32684;LH;верх;1875,830;1866,520;7,560;3;1
2/2;7036;2023-02-06 15:00:00;32685;LL;низ;1863,140;1866,030;12,690;1;1
2/2;7037;2023-02-07 03:00:00;32696;LH;верх;1875,690;1875,015;12,550;11;2
2/2;7038;2023-02-07 04:00:00;32697;HL;низ;1871,735;1874,555;3,955;1;1
2/2;7039;2023-02-07 09:00:00;32702;HH;верх;1878,050;1867,515;6,315;5;1
2/2;7040;2023-02-07 13:00:00;32706;LL;низ;1865,760;1879,480;12,290;4;1
2/2;7041;2023-02-07 17:00:00;32710;HH;верх;1884,410;1871,830;18,650;4;1
2/2;7042;2023-02-07 18:00:00;32711;LL;низ;1865,050;1870,275;19,360;1;1
2/2;7043;2023-02-07 21:00:00;32714;LH;верх;1878,050;1876,735;13,000;3;1
2/2;7044;2023-02-07 21:00:00;32714;HL;низ;1867,345;1876,735;10,705;0;1
2/2;7045;2023-02-08 07:00:00;32723;HH;верх;1886,515;1886,070;19,170;9;2
2/2;7046;2023-02-08 14:00:00;32730;HL;низ;1869,160;1875,535;17,355;7;2
2/2;7047;2023-02-08 18:00:00;32734;LH;верх;1879,925;1875,335;10,765;4;1
2/2;7048;2023-02-09 01:00:00;32740;HL;низ;1872,080;1878,750;7,845;6;2
2/2;7049;2023-02-09 02:00:00;32741;HH;верх;1880,390;1879,525;8,310;1;1
2/2;7050;2023-02-09 07:00:00;32746;HL;низ;1876,875;1883,155;3,515;5;1
2/2;7051;2023-02-09 14:00:00;32753;HH;верх;1890,250;1874,215;13,375;7;2
2/2;7052;2023-02-09 20:00:00;32759;LL;низ;1858,975;1862,465;31,275;6;1
2/2;7053;2023-02-10 01:00:00;32763;LH;верх;1865,540;1855,360;6,565;4;1
2/2;7054;2023-02-10 05:00:00;32767;LL;низ;1852,835;1866,245;12,705;4;1
2/2;7055;2023-02-10 08:00:00;32770;HH;верх;1872,210;1863,040;19,375;3;1
2/2;7056;2023-02-10 10:00:00;32772;HL;низ;1860,640;1864,060;11,570;2;1
2/2;7057;2023-02-10 13:00:00;32775;LH;верх;1868,655;1859,985;8,015;3;1
2/2;7058;2023-02-10 16:00:00;32778;LL;низ;1856,440;1862,140;12,215;3;1
2/2;7059;2023-02-10 21:00:00;32783;LH;верх;1865,775;1863,200;9,335;5;1
2/2;7060;2023-02-13 05:00:00;32790;HL;низ;1857,050;1863,980;8,725;7;2
2/2;7061;2023-02-13 06:00:00;32791;HH;верх;1866,640;1862,525;9,590;1;1
2/2;7062;2023-02-13 10:00:00;32795;LL;низ;1853,940;1860,670;12,700;4;1
2/2;7063;2023-02-13 12:00:00;32797;LH;верх;1863,050;1856,860;9,110;2;1
2/2;7064;2023-02-13 18:00:00;32803;LL;низ;1850,525;1854,360;12,525;6;1
2/2;7065;2023-02-14 06:00:00;32814;HH;верх;1864,935;1860,210;14,410;11;1
2/2;7066;2023-02-14 08:00:00;32816;HL;низ;1857,935;1859,235;7,000;2;1
2/2;7067;2023-02-14 13:00:00;32821;HH;верх;1870,800;1852,365;12,865;5;1
2/2;7068;2023-02-14 14:00:00;32822;LL;низ;1843,260;1849,620;27,540;1;1
2/2;7069;2023-02-14 18:00:00;32826;LH;верх;1858,930;1855,995;15,670;4;1
2/2;7070;2023-02-14 23:00:00;32830;HL;низ;1853,580;1859,045;5,350;4;1
2/2;7071;2023-02-15 02:00:00;32833;HH;верх;1860,190;1847,860;6,610;3;1
2/2;7072;2023-02-15 08:00:00;32839;LL;низ;1831,890;1835,350;28,300;6;1
2/2;7073;2023-02-15 13:00:00;32844;LH;верх;1838,970;1834,215;7,080;5;1
2/2;7074;2023-02-15 15:00:00;32846;LL;низ;1830,620;1834,995;8,350;2;1
2/2;7075;2023-02-15 21:00:00;32852;LH;верх;1838,690;1835,410;8,070;6;2
2/2;7076;2023-02-16 01:00:00;32855;HL;низ;1834,580;1840,540;4,110;3;1
2/2;7077;2023-02-16 02:00:00;32856;HH;верх;1842,645;1839,475;8,065;1;1
2/2;7078;2023-02-16 06:00:00;32860;LL;низ;1834,400;1837,725;8,245;4;1
2/2;7079;2023-02-16 08:00:00;32862;HH;верх;1844,870;1838,190;10,470;2;1
2/2;7080;2023-02-16 09:00:00;32863;HL;низ;1834,850;1837,400;10,020;1;1
2/2;7081;2023-02-16 13:00:00;32867;LH;верх;1840,435;1834,665;5,585;4;1
2/2;7082;2023-02-16 15:00:00;32869;LL;низ;1827,665;1842,510;12,770;2;1
2/2;7083;2023-02-16 19:00:00;32873;HH;верх;1845,320;1836,520;17,655;4;1
2/2;7084;2023-02-17 08:00:00;32885;LL;низ;1818,975;1823,550;26,345;12;1
2/2;7085;2023-02-17 09:00:00;32886;LH;верх;1828,275;1824,740;9,300;1;1
2/2;7086;2023-02-17 14:00:00;32891;HL;низ;1822,715;1839,650;5,560;5;1
2/2;7087;2023-02-17 20:00:00;32897;HH;верх;1843,685;1838,775;20,970;6;1
2/2;7088;2023-02-20 00:00:00;32900;HL;низ;1837,360;1842,395;6,325;3;2
2/2;7089;2023-02-20 08:00:00;32908;HH;верх;1847,570;1843,510;10,210;8;1
2/2;7090;2023-02-20 08:00:00;32908;HL;низ;1841,160;1843,510;6,410;0;1
2/2;7091;2023-02-20 14:00:00;32914;LH;верх;1847,075;1842,820;5,915;6;1
2/2;7092;2023-02-20 18:00:00;32918;LL;низ;1840,645;1841,865;6,430;4;1
2/2;7093;2023-02-20 19:00:00;32919;LH;верх;1845,720;1841,690;5,075;1;2
2/2;7094;2023-02-21 12:00:00;32933;LL;низ;1830,290;1834,950;15,430;14;2
2/2;7095;2023-02-21 14:00:00;32935;LH;верх;1843,905;1833,065;13,615;2;1
2/2;7096;2023-02-21 18:00:00;32939;HL;низ;1831,825;1834,755;12,080;4;1
2/2;7097;2023-02-22 01:00:00;32945;LH;верх;1838,505;1836,280;6,680;6;1
2/2;7098;2023-02-22 05:00:00;32949;HL;низ;1834,666;1839,930;3,839;4;1
2/2;7099;2023-02-22 08:00:00;32952;HH;верх;1841,280;1833,455;6,614;3;1
2/2;7100;2023-02-22 10:00:00;32954;LL;низ;1832,165;1841,605;9,115;2;1
2/2;7101;2023-02-22 12:00:00;32956;HH;верх;1846,070;1835,965;13,905;2;1
2/2;7102;2023-02-23 00:00:00;32967;LL;низ;1823,205;1829,765;22,865;11;2
2/2;7103;2023-02-23 06:00:00;32973;LH;верх;1833,900;1826,740;10,695;6;2
2/2;7104;2023-02-23 13:00:00;32980;LL;низ;1817,550;1823,660;16,350;7;1
2/2;7105;2023-02-23 14:00:00;32981;LH;верх;1830,210;1820,025;12,660;1;1
2/2;7106;2023-02-23 16:00:00;32983;HL;низ;1818,530;1822,735;11,680;2;1
2/2;7107;2023-02-23 19:00:00;32986;LH;верх;1824,195;1822,300;5,665;3;1
2/2;7108;2023-02-23 21:00:00;32988;HL;низ;1822,255;1826,515;1,940;2;1
2/2;7109;2023-02-24 02:00:00;32992;HH;верх;1827,885;1825,605;5,630;4;2
2/2;7110;2023-02-24 18:00:00;33008;LL;низ;1809,010;1810,965;18,875;16;3
2/2;7111;2023-02-24 20:00:00;33010;LH;верх;1813,495;1811,860;4,485;2;1
2/2;7112;2023-02-27 00:00:00;33013;HL;низ;1810,405;1811,815;3,090;3;1
2/2;7113;2023-02-27 01:00:00;33014;HH;верх;1814,265;1808,025;3,860;1;1
2/2;7114;2023-02-27 03:00:00;33016;LL;низ;1806,705;1808,810;7,560;2;2
2/2;7115;2023-02-27 08:00:00;33021;LH;верх;1813,760;1810,670;7,055;5;1
2/2;7116;2023-02-27 10:00:00;33023;HL;низ;1808,350;1811,440;5,410;2;1
2/2;7117;2023-02-27 15:00:00;33028;HH;верх;1820,200;1818,740;11,850;5;1
2/2;7118;2023-02-27 16:00:00;33029;HL;низ;1812,660;1818,860;7,540;1;1
2/2;7119;2023-02-27 18:00:00;33031;LH;верх;1820,185;1817,310;7,525;2;1
2/2;7120;2023-02-27 20:00:00;33033;HL;низ;1816,055;1817,215;4,130;2;1
2/2;7121;2023-02-28 02:00:00;33038;LH;верх;1819,465;1814,515;3,410;5;2
2/2;7122;2023-02-28 08:00:00;33044;LL;низ;1804,685;1809,075;14,780;6;2
2/2;7123;2023-02-28 17:00:00;33053;HH;верх;1831,175;1829,020;26,490;9;1
2/2;7124;2023-03-01 00:00:00;33059;HL;низ;1823,150;1827,830;8,025;6;1
2/2;7125;2023-03-01 06:00:00;33065;HH;верх;1836,840;1835,910;13,690;6;1
2/2;7126;2023-03-01 09:00:00;33068;HL;низ;1830,505;1835,365;6,335;3;1
2/2;7127;2023-03-01 15:00:00;33074;HH;верх;1844,830;1837,280;14,325;6;1
2/2;7128;2023-03-02 08:00:00;33090;LL;низ;1830,050;1831,660;14,780;16;5
2/2;7129;2023-03-02 15:00:00;33097;LH;верх;1839,030;1833,780;8,980;7;1
2/2;7130;2023-03-02 17:00:00;33099;HL;низ;1832,355;1835,680;6,675;2;1
2/2;7131;2023-03-03 01:00:00;33106;HH;верх;1841,585;1838,860;9,230;7;1
2/2;7132;2023-03-03 05:00:00;33110;HL;низ;1837,915;1842,800;3,670;4;1
2/2;7133;2023-03-03 11:00:00;33116;HH;верх;1849,300;1847,020;11,385;6;1
2/2;7134;2023-03-03 15:00:00;33120;HL;низ;1839,115;1847,405;10,185;4;1
2/2;7135;2023-03-03 20:00:00;33125;HH;верх;1856,390;1852,420;17,275;5;1
2/2;7136;2023-03-06 01:00:00;33129;HL;низ;1850,810;1855,035;5,580;4;1
2/2;7137;2023-03-06 07:00:00;33135;HH;верх;1858,310;1851,500;7,500;6;2
2/2;7138;2023-03-06 11:00:00;33139;LL;низ;1847,325;1851,605;10,985;4;1
2/2;7139;2023-03-06 15:00:00;33143;LH;верх;1854,085;1850,475;6,760;4;1
2/2;7140;2023-03-07 00:00:00;33151;LL;низ;1844,180;1849,200;9,905;8;2
2/2;7141;2023-03-07 07:00:00;33158;LH;верх;1851,705;1843,795;7,525;7;2
2/2;7142;2023-03-08 03:00:00;33177;LL;низ;1809,425;1812,185;42,280;19;3
2/2;7143;2023-03-08 08:00:00;33182;LH;верх;1815,320;1814,205;5,895;5;1
2/2;7144;2023-03-08 10:00:00;33184;HL;низ;1812,400;1815,260;2,920;2;1
2/2;7145;2023-03-08 11:00:00;33185;HH;верх;1816,690;1813,710;4,290;1;1
2/2;7146;2023-03-08 13:00:00;33187;LL;низ;1812,280;1820,740;4,410;2;1
2/2;7147;2023-03-08 15:00:00;33189;HH;верх;1824,305;1815,735;12,025;2;2
2/2;7148;2023-03-08 20:00:00;33194;HL;низ;1812,945;1815,325;11,360;5;1
2/2;7149;2023-03-09 01:00:00;33198;LH;верх;1816,525;1813,770;3,580;4;1
2/2;7150;2023-03-09 02:00:00;33199;LL;низ;1811,985;1814,410;4,540;1;1
2/2;7151;2023-03-09 05:00:00;33202;LH;верх;1816,115;1814,865;4,130;3;1
2/2;7152;2023-03-09 07:00:00;33204;HL;низ;1812,810;1817,085;3,305;2;2
2/2;7153;2023-03-09 15:00:00;33212;HH;верх;1835,725;1829,395;22,915;8;1
2/2;7154;2023-03-09 17:00:00;33214;HL;низ;1825,615;1830,655;10,110;2;1
2/2;7155;2023-03-09 19:00:00;33216;LH;верх;1835,060;1830,915;9,445;2;2
2/2;7156;2023-03-10 04:00:00;33224;HL;низ;1827,815;1830,750;7,245;8;1
2/2;7157;2023-03-10 08:00:00;33228;HH;верх;1837,410;1832,865;9,595;4;1
2/2;7158;2023-03-10 10:00:00;33230;HL;низ;1830,945;1836,740;6,465;2;2
2/2;7159;2023-03-12 22:00:00;33242;HH;верх;1894,680;1877,005;63,735;12;2
2/2;7160;2023-03-13 01:00:00;33245;HL;низ;1872,205;1882,640;22,475;3;1
2/2;7161;2023-03-13 02:00:00;33246;LH;верх;1888,900;1881,540;16,695;1;1
2/2;7162;2023-03-13 07:00:00;33251;LL;низ;1871,535;1886,020;17,365;5;1
2/2;7163;2023-03-13 09:00:00;33253;HH;верх;1893,890;1889,715;22,355;2;1
2/2;7164;2023-03-13 11:00:00;33255;HL;низ;1880,960;1896,730;12,930;2;1
2/2;7165;2023-03-13 19:00:00;33263;HH;верх;1914,695;1910,195;33,735;8;2
2/2;7166;2023-03-13 19:00:00;33263;HL;низ;1908,030;1910,195;6,665;0;1
2/2;7167;2023-03-14 00:00:00;33267;LH;верх;1914,225;1904,420;6,195;4;1
2/2;7168;2023-03-14 05:00:00;33272;LL;низ;1901,570;1912,710;12,655;5;1
2/2;7169;2023-03-14 06:00:00;33273;LH;верх;1913,575;1904,425;12,005;1;1
2/2;7170;2023-03-14 08:00:00;33275;LL;низ;1900,790;1903,790;12,785;2;1
2/2;7171;2023-03-14 12:00:00;33279;LH;верх;1912,020;1907,675;11,230;4;1
2/2;7172;2023-03-14 13:00:00;33280;LL;низ;1895,435;1904,265;16,585;1;1
2/2;7173;2023-03-14 17:00:00;33284;LH;верх;1910,340;1902,510;14,905;4;1
2/2;7174;2023-03-15 00:00:00;33290;HL;низ;1900,015;1904,600;10,325;6;2
2/2;7175;2023-03-15 02:00:00;33292;LH;верх;1905,745;1901,855;5,730;2;1
2/2;7176;2023-03-15 08:00:00;33298;LL;низ;1885,790;1908,730;19,955;6;1
2/2;7177;2023-03-15 16:00:00;33306;HH;верх;1937,390;1915,695;51,600;8;2
2/2;7178;2023-03-15 18:00:00;33308;HL;низ;1909,090;1918,730;28,300;2;1
2/2;7179;2023-03-16 00:00:00;33313;LH;верх;1924,450;1911,515;15,360;5;1
2/2;7180;2023-03-16 01:00:00;33314;LL;низ;1907,560;1913,300;16,890;1;1
2/2;7181;2023-03-16 13:00:00;33326;HH;верх;1933,540;1918,750;25,980;12;1
2/2;7182;2023-03-16 15:00:00;33328;HL;низ;1913,430;1916,345;20,110;2;1
2/2;7183;2023-03-16 19:00:00;33332;LH;верх;1921,215;1920,100;7,785;4;1
2/2;7184;2023-03-17 01:00:00;33337;HL;низ;1918,305;1927,755;2,910;5;1
2/2;7185;2023-03-17 06:00:00;33342;HH;верх;1934,480;1928,785;16,175;5;1
2/2;7186;2023-03-17 08:00:00;33344;HL;низ;1927,435;1930,745;7,045;2;1
2/2;7187;2023-03-17 20:00:00;33356;HH;верх;1988,335;1977,110;60,900;12;2
2/2;7188;2023-03-20 01:00:00;33360;HL;низ;1968,185;1973,360;20,150;4;1
2/2;7189;2023-03-20 07:00:00;33366;HH;верх;2009,850;1984,880;41,665;6;1
2/2;7190;2023-03-20 14:00:00;33373;LL;низ;1965,990;1974,870;43,860;7;1
2/2;7191;2023-03-20 19:00:00;33378;LH;верх;1984,410;1978,445;18,420;5;1
2/2;7192;2023-03-21 00:00:00;33382;HL;низ;1975,520;1983,335;8,890;4;1
2/2;7193;2023-03-21 03:00:00;33385;HH;верх;1985,220;1982,595;9,700;3;1
2/2;7194;2023-03-21 18:00:00;33400;LL;низ;1935,465;1940,520;49,755;15;2
2/2;7195;2023-03-22 01:00:00;33406;LH;верх;1946,305;1939,665;10,840;6;1
2/2;7196;2023-03-22 07:00:00;33412;LL;низ;1934,345;1944,180;11,960;6;2
2/2;7197;2023-03-22 09:00:00;33414;LH;верх;1945,680;1942,540;11,335;2;1
2/2;7198;2023-03-22 12:00:00;33417;HL;низ;1937,130;1950,705;8,550;3;1
2/2;7199;2023-03-22 15:00:00;33420;HH;верх;1952,005;1946,385;14,875;3;1
2/2;7200;2023-03-22 17:00:00;33422;HL;низ;1945,030;1972,745;6,975;2;1
2/2;7201;2023-03-23 07:00:00;33435;HH;верх;1983,700;1978,165;38,670;13;2
2/2;7202;2023-03-23 08:00:00;33436;HL;низ;1974,340;1977,725;9,360;1;1
2/2;7203;2023-03-23 10:00:00;33438;LH;верх;1980,795;1972,000;6,455;2;1
2/2;7204;2023-03-23 12:00:00;33440;LL;низ;1966,590;1979,195;14,205;2;1
2/2;7205;2023-03-23 18:00:00;33446;HH;верх;2003,360;1993,495;36,770;6;1
2/2;7206;2023-03-23 19:00:00;33447;HL;низ;1988,150;1992,030;15,210;1;2
2/2;7207;2023-03-24 01:00:00;33452;LH;верх;1994,980;1992,905;6,830;5;1
2/2;7208;2023-03-24 08:00:00;33459;LL;низ;1981,325;1993,830;13,655;7;1
2/2;7209;2023-03-24 12:00:00;33463;HH;верх;2003,080;1994,520;21,755;4;1
2/2;7210;2023-03-26 22:00:00;33472;LL;низ;1969,425;1973,745;33,655;9;1
2/2;7211;2023-03-27 01:00:00;33475;LH;верх;1978,770;1974,675;9,345;3;1
2/2;7212;2023-03-27 01:00:00;33475;HL;низ;1972,185;1974,675;6,585;0;1
2/2;7213;2023-03-27 12:00:00;33486;LH;верх;1958,260;1954,290;13,925;11;1
2/2;7214;2023-03-27 13:00:00;33487;LL;низ;1944,045;1956,930;14,215;1;1
2/2;7215;2023-03-27 16:00:00;33490;HH;верх;1959,460;1956,045;15,415;3;1
2/2;7216;2023-03-27 17:00:00;33491;HL;низ;1950,820;1956,990;8,640;1;1
2/2;7217;2023-03-28 01:00:00;33498;HH;верх;1964,075;1959,790;13,255;7;2
2/2;7218;2023-03-28 09:00:00;33506;LL;низ;1949,245;1957,075;14,830;8;1
2/2;7219;2023-03-28 19:00:00;33516;HH;верх;1975,365;1973,210;26,120;10;2
2/2;7220;2023-03-29 07:00:00;33527;HL;низ;1958,755;1967,385;16,610;11;1
2/2;7221;2023-03-29 14:00:00;33534;LH;верх;1971,800;1965,130;13,045;7;2
2/2;7222;2023-03-30 01:00:00;33544;LL;низ;1955,410;1959,635;16,390;10;3
2/2;7223;2023-03-30 12:00:00;33555;HH;верх;1975,405;1972,215;19,995;11;2
2/2;7224;2023-03-30 14:00:00;33557;HL;низ;1964,015;1983,170;11,390;2;1
2/2;7225;2023-03-30 16:00:00;33559;HH;верх;1984,365;1981,535;20,350;2;1
2/2;7226;2023-03-31 00:00:00;33566;HL;низ;1977,745;1981,765;6,620;7;1
2/2;7227;2023-03-31 06:00:00;33572;HH;верх;1985,115;1975,195;7,370;6;2
2/2;7228;2023-03-31 08:00:00;33574;LL;низ;1973,275;1979,515;11,840;2;1
2/2;7229;2023-03-31 12:00:00;33578;HH;верх;1987,645;1978,020;14,370;4;1
2/2;7230;2023-03-31 17:00:00;33583;LL;низ;1966,935;1970,980;20,710;5;1
2/2;7231;2023-04-03 01:00:00;33590;LH;верх;1964,645;1951,885;2,290;7;1
2/2;7232;2023-04-03 03:00:00;33592;LL;низ;1949,810;1953,855;14,835;2;1
2/2;7233;2023-04-03 15:00:00;33604;HH;верх;1990,545;1985,135;40,735;12;1
2/2;7234;2023-04-04 06:00:00;33618;HL;низ;1977,035;1980,735;13,510;14;4
2/2;7235;2023-04-04 14:00:00;33626;HH;верх;2025,070;2020,790;48,035;8;3
2/2;7236;2023-04-05 00:00:00;33635;HL;низ;2019,410;2024,015;5,660;9;1
2/2;7237;2023-04-05 13:00:00;33648;HH;верх;2032,110;2021,780;12,700;13;3
2/2;7238;2023-04-06 02:00:00;33660;LL;низ;2008,080;2013,710;24,030;12;2
2/2;7239;2023-04-06 11:00:00;33669;LH;верх;2021,035;2003,705;12,955;9;1
2/2;7240;2023-04-06 13:00:00;33671;LL;низ;2000,890;2011,230;20,145;2;1
2/2;7241;2023-04-06 16:00:00;33674;LH;верх;2015,015;2009,285;14,125;3;1
2/2;7242;2023-04-10 02:00:00;33683;LL;низ;1988,960;1992,235;26,055;9;2
2/2;7243;2023-04-10 11:00:00;33692;LH;верх;2003,045;1988,165;14,085;9;1
2/2;7244;2023-04-10 14:00:00;33695;LL;низ;1981,680;1989,775;21,365;3;1
2/2;7245;2023-04-10 19:00:00;33700;LH;верх;1992,925;1991,405;11,245;5;1
2/2;7246;2023-04-11 01:00:00;33705;HL;низ;1988,875;1997,625;4,050;5;2
2/2;7247;2023-04-11 08:00:00;33712;HH;верх;2007,495;2004,495;18,620;7;1
2/2;7248;2023-04-11 13:00:00;33717;HL;низ;1995,640;2004,185;11,855;5;1
2/2;7249;2023-04-11 16:00:00;33720;LH;верх;2006,630;2004,555;10,990;3;1
2/2;7250;2023-04-11 17:00:00;33721;HL;низ;2001,095;2004,195;5,535;1;1
2/2;7251;2023-04-11 19:00:00;33723;HH;верх;2006,775;2003,925;5,680;2;1
2/2;7252;2023-04-11 20:00:00;33724;HL;низ;2002,915;2004,755;3,860;1;1
2/2;7253;2023-04-12 12:00:00;33739;HH;верх;2028,400;2007,060;25,485;15;2
2/2;7254;2023-04-12 13:00:00;33740;LL;низ;2001,220;2005,875;27,180;1;1
2/2;7255;2023-04-13 00:00:00;33750;LH;верх;2019,870;2017,930;18,650;10;2
2/2;7256;2023-04-13 06:00:00;33756;HL;низ;2015,365;2026,675;4,505;6;1
2/2;7257;2023-04-13 14:00:00;33764;HH;верх;2048,770;2040,275;33,405;8;3
2/2;7258;2023-04-13 19:00:00;33769;HL;низ;2036,660;2040,155;12,110;5;2
2/2;7259;2023-04-14 02:00:00;33775;LH;верх;2047,505;2043,325;10,845;6;1
2/2;7260;2023-04-14 08:00:00;33781;LL;низ;2031,870;2038,350;15,635;6;1
2/2;7261;2023-04-14 10:00:00;33783;LH;верх;2042,310;2024,725;10,440;2;1
2/2;7262;2023-04-14 16:00:00;33789;LL;низ;1992,500;2006,400;49,810;6;1
2/2;7263;2023-04-14 19:00:00;33792;LH;верх;2008,025;2001,240;15,525;3;1
2/2;7264;2023-04-17 01:00:00;33797;HL;низ;1995,485;2004,585;12,540;5;2
2/2;7265;2023-04-17 02:00:00;33798;LH;верх;2006,340;2004,475;10,855;1;1
2/2;7266;2023-04-17 05:00:00;33801;HL;низ;2003,850;2010,885;2,490;3;1
2/2;7267;2023-04-17 07:00:00;33803;HH;верх;2015,075;2010,470;11,225;2;1
2/2;7268;2023-04-17 14:00:00;33810;LL;низ;1981,190;1991,610;33,885;7;1
2/2;7269;2023-04-17 18:00:00;33814;LH;верх;1997,160;1995,055;15,970;4;1
2/2;7270;2023-04-18 00:00:00;33819;HL;низ;1993,410;2000,465;3,750;5;2
2/2;7271;2023-04-18 08:00:00;33827;HH;верх;2005,235;2003,575;11,825;8;1
2/2;7272;2023-04-18 13:00:00;33832;LL;низ;1991,320;2008,545;13,915;5;1
2/2;7273;2023-04-18 15:00:00;33834;HH;верх;2011,890;2004,120;20,570;2;1
2/2;7274;2023-04-18 18:00:00;33837;HL;низ;2003,475;2005,075;8,415;3;1
2/2;7275;2023-04-19 01:00:00;33843;LH;верх;2008,255;2003,575;4,780;6;1
2/2;7276;2023-04-19 11:00:00;33853;LL;низ;1969,305;1990,710;38,950;10;2
2/2;7277;2023-04-20 01:00:00;33866;LH;верх;1998,835;1992,825;29,530;13;2
2/2;7278;2023-04-20 03:00:00;33868;HL;низ;1990,565;1994,335;8,270;2;1
2/2;7279;2023-04-20 06:00:00;33871;HH;верх;2001,260;1996,720;10,695;3;1
2/2;7280;2023-04-20 09:00:00;33874;HL;низ;1992,425;2001,145;8,835;3;2
2/2;7281;2023-04-20 14:00:00;33879;HH;верх;2012,445;2005,895;20,020;5;1
2/2;7282;2023-04-20 15:00:00;33880;HL;низ;1999,090;2006,730;13,355;1;1
2/2;7283;2023-04-20 17:00:00;33882;LH;верх;2008,415;2003,195;9,325;2;1
2/2;7284;2023-04-21 06:00:00;33894;LL;низ;1981,995;1988,415;26,420;12;3
2/2;7285;2023-04-21 13:00:00;33901;LH;верх;1998,065;1975,930;16,070;7;2
2/2;7286;2023-04-21 14:00:00;33902;LL;низ;1971,695;1977,530;26,370;1;1
2/2;7287;2023-04-23 23:00:00;33910;LH;верх;1985,425;1979,495;13,730;8;1
2/2;7288;2023-04-24 05:00:00;33916;HL;низ;1976,515;1982,795;8,910;6;1
2/2;7289;2023-04-24 09:00:00;33920;HH;верх;1987,000;1983,155;10,485;4;1
2/2;7290;2023-04-24 13:00:00;33924;LL;низ;1974,155;1984,835;12,845;4;1
2/2;7291;2023-04-25 00:00:00;33934;HH;верх;2000,995;1994,850;26,840;10;4
2/2;7292;2023-04-25 12:00:00;33946;HL;низ;1976,185;1985,925;24,810;12;1
2/2;7293;2023-04-25 18:00:00;33952;HH;верх;2003,890;1997,040;27,705;6;2
2/2;7294;2023-04-26 11:00:00;33968;HL;низ;1991,510;2003,095;12,380;16;2
2/2;7295;2023-04-26 13:00:00;33970;HH;верх;2009,450;1991,520;17,940;2;1
2/2;7296;2023-04-26 17:00:00;33974;LL;низ;1983,375;1988,090;26,075;4;1
2/2;7297;2023-04-26 19:00:00;33976;LH;верх;1991,685;1990,205;8,310;2;1
2/2;7298;2023-04-27 01:00:00;33981;HL;низ;1989,625;1999,910;2,060;5;1
2/2;7299;2023-04-27 06:00:00;33986;HH;верх;2003,240;1998,210;13,615;5;1
2/2;7300;2023-04-27 06:00:00;33986;HL;низ;1997,365;1998,210;5,875;0;1
2/2;7301;2023-04-27 12:00:00;33992;HH;верх;2003,415;1983,445;6,050;6;1
2/2;7302;2023-04-27 13:00:00;33993;LL;низ;1974,115;1982,340;29,300;1;1
2/2;7303;2023-04-28 01:00:00;34004;LH;верх;1991,670;1988,955;17,555;11;2
2/2;7304;2023-04-28 12:00:00;34015;HL;низ;1976,265;1992,455;15,405;11;3
2/2;7305;2023-04-28 15:00:00;34018;HH;верх;1995,140;1990,745;18,875;3;1
2/2;7306;2023-04-28 19:00:00;34022;HL;низ;1987,560;1989,275;7,580;4;1
2/2;7307;2023-04-30 22:00:00;34024;LH;верх;1991,960;1984,015;4,400;2;2
2/2;7308;2023-05-01 09:00:00;34035;LL;низ;1977,120;1989,055;14,840;11;1
2/2;7309;2023-05-01 13:00:00;34039;HH;верх;2006,070;1983,070;28,950;4;1
2/2;7310;2023-05-01 19:00:00;34045;HL;низ;1979,500;1982,770;26,570;6;2
2/2;7311;2023-05-02 01:00:00;34050;LH;верх;1985,295;1982,220;5,795;5;1
2/2;7312;2023-05-02 08:00:00;34057;LL;низ;1978,520;1988,350;6,775;7;2
2/2;7313;2023-05-02 11:00:00;34060;HH;верх;1990,230;1987,035;11,710;3;1
2/2;7314;2023-05-02 13:00:00;34062;HL;низ;1984,515;2014,490;5,715;2;1
2/2;7315;2023-05-02 16:00:00;34065;HH;верх;2019,455;2014,360;34,940;3;2
2/2;7316;2023-05-03 00:00:00;34072;HL;низ;2014,255;2017,200;5,200;7;1
2/2;7317;2023-05-03 04:00:00;34076;HH;верх;2019,590;2018,035;5,335;4;2
2/2;7318;2023-05-03 12:00:00;34084;LL;низ;2008,025;2021,285;11,565;8;3
2/2;7319;2023-05-03 22:00:00;34093;HH;верх;2067,000;2054,495;58,975;9;1
2/2;7320;2023-05-04 07:00:00;34102;HL;низ;2030,390;2037,910;36,610;9;3
2/2;7321;2023-05-04 14:00:00;34109;LH;верх;2059,645;2050,855;29,255;7;3
2/2;7322;2023-05-05 14:00:00;34132;LL;низ;1999,585;2017,215;60,060;23;2
2/2;7323;2023-05-05 20:00:00;34138;LH;верх;2019,000;2016,135;19,415;6;2
2/2;7324;2023-05-07 22:00:00;34139;HL;низ;2014,305;2018,070;4,695;1;1
2/2;7325;2023-05-08 05:00:00;34146;HH;верх;2024,815;2021,515;10,510;7;1
2/2;7326;2023-05-08 08:00:00;34149;HL;низ;2020,000;2024,205;4,815;3;1
2/2;7327;2023-05-08 12:00:00;34153;HH;верх;2027,040;2025,075;7,040;4;1
2/2;7328;2023-05-08 13:00:00;34154;LL;низ;2017,955;2027,160;9,085;1;1
2/2;7329;2023-05-08 16:00:00;34157;HH;верх;2029,400;2021,570;11,445;3;1
2/2;7330;2023-05-08 20:00:00;34161;HL;низ;2020,265;2021,345;9,135;4;1
2/2;7331;2023-05-08 22:00:00;34162;LH;верх;2022,540;2020,195;2,275;1;1
2/2;7332;2023-05-09 00:00:00;34164;LL;низ;2019,550;2023,830;2,990;2;1
2/2;7333;2023-05-09 05:00:00;34169;HH;верх;2028,780;2024,715;9,230;5;1
2/2;7334;2023-05-09 08:00:00;34172;HL;низ;2021,490;2030,920;7,290;3;1
2/2;7335;2023-05-09 11:00:00;34175;HH;верх;2032,880;2030,380;11,390;3;1
2/2;7336;2023-05-09 13:00:00;34177;HL;низ;2023,000;2027,000;9,880;2;1
2/2;7337;2023-05-09 17:00:00;34181;HH;верх;2037,655;2034,350;14,655;4;1
2/2;7338;2023-05-09 20:00:00;34184;HL;низ;2034,170;2036,350;3,485;3;1
2/2;7339;2023-05-10 00:00:00;34187;HH;верх;2038,290;2031,350;4,120;3;2
2/2;7340;2023-05-10 08:00:00;34195;LL;низ;2026,345;2031,315;11,945;8;1
2/2;7341;2023-05-10 12:00:00;34199;HH;верх;2048,245;2029,185;21,900;4;1
2/2;7342;2023-05-10 15:00:00;34202;LL;низ;2021,565;2030,930;26,680;3;2
2/2;7343;2023-05-10 18:00:00;34205;LH;верх;2034,180;2029,740;12,615;3;1
2/2;7344;2023-05-10 20:00:00;34207;HL;низ;2029,175;2031,520;5,005;2;1
2/2;7345;2023-05-11 01:00:00;34211;HH;верх;2036,480;2032,430;7,305;4;1
2/2;7346;2023-05-11 09:00:00;34219;LL;низ;2021,720;2036,835;14,760;8;1
2/2;7347;2023-05-11 12:00:00;34222;HH;верх;2041,390;2021,330;19,670;3;1
2/2;7348;2023-05-11 13:00:00;34223;LL;низ;2011,185;2013,650;30,205;1;1
2/2;7349;2023-05-12 00:00:00;34233;LH;верх;2017,595;2010,855;6,410;10;1
2/2;7350;2023-05-12 02:00:00;34235;LL;низ;2008,720;2011,940;8,875;2;1
2/2;7351;2023-05-12 07:00:00;34240;LH;верх;2012,700;2002,935;3,980;5;1
2/2;7352;2023-05-12 09:00:00;34242;LL;низ;2000,960;2004,855;11,740;2;1
2/2;7353;2023-05-12 13:00:00;34246;HH;верх;2022,580;2009,460;21,620;4;1
2/2;7354;2023-05-12 16:00:00;34249;HL;низ;2008,410;2014,470;14,170;3;1
2/2;7355;2023-05-12 17:00:00;34250;LH;верх;2016,450;2010,970;8,040;1;1
2/2;7356;2023-05-14 22:00:00;34254;LL;низ;2007,845;2012,055;8,605;4;1
2/2;7357;2023-05-15 08:00:00;34264;HH;верх;2020,955;2014,690;13,110;10;2
2/2;7358;2023-05-15 12:00:00;34268;HL;низ;2011,535;2015,255;9,420;4;1
2/2;7359;2023-05-15 13:00:00;34269;HH;верх;2022,115;2017,740;10,580;1;2
2/2;7360;2023-05-15 19:00:00;34275;HL;низ;2014,505;2016,050;7,610;6;1
2/2;7361;2023-05-15 22:00:00;34277;LH;верх;2016,720;2015,780;2,215;2;1
2/2;7362;2023-05-15 23:00:00;34278;LL;низ;2013,805;2017,725;2,915;1;1
2/2;7363;2023-05-16 01:00:00;34280;HH;верх;2018,390;2017,005;4,585;2;1
2/2;7364;2023-05-16 06:00:00;34285;LL;низ;2002,765;2010,160;15,625;5;1
2/2;7365;2023-05-16 12:00:00;34291;LH;верх;2014,925;2003,310;12,160;6;1
2/2;7366;2023-05-16 17:00:00;34296;LL;низ;1985,530;1989,975;29,395;5;3
2/2;7367;2023-05-17 02:00:00;34304;LH;верх;1993,120;1991,530;7,590;8;1
2/2;7368;2023-05-17 14:00:00;34316;LL;низ;1975,095;1983,880;18,025;12;1
2/2;7369;2023-05-18 02:00:00;34327;LH;верх;1986,070;1979,945;10,975;11;2
2/2;7370;2023-05-18 08:00:00;34333;LL;низ;1972,235;1977,095;13,835;6;1
2/2;7371;2023-05-18 10:00:00;34335;LH;верх;1978,975;1967,100;6,740;2;1
2/2;7372;2023-05-18 15:00:00;34340;LL;низ;1952,010;1958,585;26,965;5;1
2/2;7373;2023-05-18 18:00:00;34343;LH;верх;1959,010;1957,685;7,000;3;1
2/2;7374;2023-05-19 01:00:00;34349;HL;низ;1954,130;1963,350;4,880;6;2
2/2;7375;2023-05-19 06:00:00;34354;HH;верх;1968,795;1964,770;14,665;5;2
2/2;7376;2023-05-19 14:00:00;34362;HL;низ;1957,280;1978,425;11,515;8;1
2/2;7377;2023-05-19 15:00:00;34363;HH;верх;1984,325;1983,030;27,045;1;2
2/2;7378;2023-05-19 19:00:00;34367;HL;низ;1974,345;1980,255;9,980;4;1
2/2;7379;2023-05-22 01:00:00;34372;LH;верх;1982,370;1977,905;8,025;5;1
2/2;7380;2023-05-22 06:00:00;34377;LL;низ;1971,310;1980,785;11,060;5;1
2/2;7381;2023-05-22 09:00:00;34380;HH;верх;1982,670;1972,990;11,360;3;1
2/2;7382;2023-05-22 11:00:00;34382;LL;низ;1969,840;1971,590;12,830;2;1
2/2;7383;2023-05-22 14:00:00;34385;LH;верх;1978,785;1974,600;8,945;3;1
2/2;7384;2023-05-22 14:00:00;34385;LL;низ;1968,905;1974,600;9,880;0;1
2/2;7385;2023-05-22 17:00:00;34388;HH;верх;1978,955;1972,210;10,050;3;1
2/2;7386;2023-05-23 02:00:00;34396;LL;низ;1960,330;1963,395;18,625;8;1
2/2;7387;2023-05-23 06:00:00;34400;LH;верх;1964,640;1959,945;4,310;4;1
2/2;7388;2023-05-23 08:00:00;34402;LL;низ;1954,300;1958,375;10,340;2;1
2/2;7389;2023-05-23 18:00:00;34412;HH;верх;1977,805;1975,115;23,505;10;2
2/2;7390;2023-05-24 03:00:00;34420;HL;низ;1972,830;1979,555;4,975;8;1
2/2;7391;2023-05-24 05:00:00;34422;HH;верх;1980,635;1974,105;7,805;2;1
2/2;7392;2023-05-24 07:00:00;34424;LL;низ;1970,765;1976,145;9,870;2;1
2/2;7393;2023-05-24 12:00:00;34429;HH;верх;1985,390;1969,530;14,625;5;1
2/2;7394;2023-05-24 16:00:00;34433;LL;низ;1956,770;1959,925;28,620;4;1
2/2;7395;2023-05-24 18:00:00;34435;LH;верх;1965,320;1957,225;8,550;2;1
2/2;7396;2023-05-24 20:00:00;34437;HL;низ;1957,115;1959,845;8,205;2;1
2/2;7397;2023-05-24 22:00:00;34438;LH;верх;1961,905;1959,480;4,790;1;1
2/2;7398;2023-05-25 05:00:00;34445;LL;низ;1955,030;1959,530;6,875;7;2
2/2;7399;2023-05-25 08:00:00;34448;HH;верх;1964,785;1961,985;9,755;3;2
2/2;7400;2023-05-25 19:00:00;34459;LL;низ;1938,915;1942,275;25,870;11;2
2/2;7401;2023-05-25 22:00:00;34461;LH;верх;1943,235;1940,975;4,320;2;1
2/2;7402;2023-05-26 00:00:00;34463;LL;низ;1936,815;1946,065;6,420;2;2
2/2;7403;2023-05-26 07:00:00;34470;HH;верх;1957,360;1953,715;20,545;7;1
2/2;7404;2023-05-26 15:00:00;34478;HL;низ;1938,850;1944,950;18,510;8;1
2/2;7405;2023-05-26 19:00:00;34482;LH;верх;1947,640;1944,120;8,790;4;2
2/2;7406;2023-05-29 01:00:00;34487;HL;низ;1940,385;1945,675;7,255;5;1
2/2;7407;2023-05-29 06:00:00;34492;HH;верх;1948,985;1945,375;8,600;5;1
2/2;7408;2023-05-29 08:00:00;34494;HL;низ;1940,900;1945,615;8,085;2;1
2/2;7409;2023-05-29 12:00:00;34498;HH;верх;1949,770;1947,090;8,870;4;2
2/2;7410;2023-05-30 00:00:00;34507;HL;низ;1941,080;1945,410;8,690;9;1
2/2;7411;2023-05-30 02:00:00;34509;LH;верх;1946,680;1939,010;5,600;2;1
2/2;7412;2023-05-30 05:00:00;34512;LL;низ;1932,110;1942,405;14,570;3;1
2/2;7413;2023-05-30 12:00:00;34519;HH;верх;1962,310;1958,480;30,200;7;1
2/2;7414;2023-05-30 14:00:00;34521;HL;низ;1950,680;1959,870;11,630;2;1
2/2;7415;2023-05-30 16:00:00;34523;HH;верх;1963,550;1958,535;12,870;2;1
2/2;7416;2023-05-30 18:00:00;34525;HL;низ;1957,825;1959,480;5,725;2;1
2/2;7417;2023-05-30 19:00:00;34526;LH;верх;1960,815;1958,645;2,990;1;2
2/2;7418;2023-05-31 02:00:00;34532;LL;низ;1953,700;1960,185;7,115;6;1
2/2;7419;2023-05-31 05:00:00;34535;HH;верх;1965,415;1956,165;11,715;3;1
2/2;7420;2023-05-31 10:00:00;34540;HL;низ;1955,000;1962,785;10,415;5;1
2/2;7421;2023-05-31 14:00:00;34544;HH;верх;1974,835;1965,260;19,835;4;1
2/2;7422;2023-05-31 20:00:00;34550;HL;низ;1962,485;1966,380;12,350;6;1
2/2;7423;2023-06-01 01:00:00;34554;LH;верх;1967,545;1964,275;5,060;4;1
2/2;7424;2023-06-01 08:00:00;34561;LL;низ;1953,445;1966,665;14,100;7;3
2/2;7425;2023-06-01 15:00:00;34568;HH;верх;1983,180;1978,125;29,735;7;1
2/2;7426;2023-06-02 01:00:00;34577;HL;низ;1974,105;1982,565;9,075;9;2
2/2;7427;2023-06-02 03:00:00;34579;HH;верх;1983,505;1980,625;9,400;2;1
2/2;7428;2023-06-02 08:00:00;34584;HL;низ;1975,055;1978,695;8,450;5;1
2/2;7429;2023-06-02 09:00:00;34585;LH;верх;1981,210;1978,890;6,155;1;1
2/2;7430;2023-06-05 07:00:00;34606;LL;низ;1938,560;1944,865;42,650;21;2
2/2;7431;2023-06-05 09:00:00;34608;LH;верх;1946,040;1942,310;7,480;2;1
2/2;7432;2023-06-05 12:00:00;34611;LL;низ;1938,150;1957,650;7,890;3;1
2/2;7433;2023-06-05 19:00:00;34618;HH;верх;1964,055;1962,525;25,905;7;3
2/2;7434;2023-06-06 01:00:00;34623;HL;низ;1959,080;1959,315;4,975;5;1
2/2;7435;2023-06-06 02:00:00;34624;HH;верх;1964,650;1961,310;5,570;1;2
2/2;7436;2023-06-06 07:00:00;34629;LL;низ;1956,895;1962,435;7,755;5;1
2/2;7437;2023-06-06 12:00:00;34634;HH;верх;1966,385;1960,090;9,490;5;1
2/2;7438;2023-06-06 13:00:00;34635;LL;низ;1954,395;1963,495;11,990;1;1
2/2;7439;2023-06-06 16:00:00;34638;LH;верх;1966,340;1963,315;11,945;3;1
2/2;7440;2023-06-06 19:00:00;34641;HL;низ;1962,385;1963,765;3,955;3;1
2/2;7441;2023-06-07 01:00:00;34646;HH;верх;1966,790;1963,485;4,405;5;2
2/2;7442;2023-06-07 07:00:00;34652;LL;низ;1955,015;1964,535;11,775;6;1
2/2;7443;2023-06-07 13:00:00;34658;HH;верх;1970,220;1947,225;15,205;6;2
2/2;7444;2023-06-07 20:00:00;34665;LL;низ;1939,955;1944,540;30,265;7;3
2/2;7445;2023-06-08 08:00:00;34676;LH;верх;1949,195;1946,720;9,240;11;1
2/2;7446;2023-06-08 11:00:00;34679;HL;низ;1945,020;1966,680;4,175;3;1
2/2;7447;2023-06-08 14:00:00;34682;HH;верх;1970,540;1966,370;25,520;3;1
2/2;7448;2023-06-08 17:00:00;34685;HL;низ;1961,840;1965,060;8,700;3;1
2/2;7449;2023-06-08 22:00:00;34689;LH;верх;1966,530;1963,430;4,690;4;1
2/2;7450;2023-06-09 04:00:00;34695;HL;низ;1962,435;1965,750;4,095;6;2
2/2;7451;2023-06-09 06:00:00;34697;LH;верх;1966,135;1962,270;3,700;2;1
2/2;7452;2023-06-09 08:00:00;34699;LL;низ;1960,690;1963,695;5,445;2;1
2/2;7453;2023-06-09 12:00:00;34703;HH;верх;1973,160;1963,475;12,470;4;1
2/2;7454;2023-06-12 02:00:00;34716;LL;низ;1954,305;1957,065;18,855;13;2
2/2;7455;2023-06-12 10:00:00;34724;LH;верх;1967,015;1962,895;12,710;8;1
2/2;7456;2023-06-12 13:00:00;34727;LL;низ;1949,280;1955,485;17,735;3;1
2/2;7457;2023-06-13 00:00:00;34737;LH;верх;1961,010;1959,085;11,730;10;2
2/2;7458;2023-06-13 02:00:00;34739;HL;низ;1955,990;1960,970;5,020;2;2
2/2;7459;2023-06-13 12:00:00;34749;HH;верх;1971,210;1952,665;15,220;10;2
2/2;7460;2023-06-13 19:00:00;34756;LL;низ;1940,095;1944,175;31,115;7;2
2/2;7461;2023-06-14 04:00:00;34764;LH;верх;1949,590;1946,335;9,495;8;1
2/2;7462;2023-06-14 07:00:00;34767;HL;низ;1945,305;1951,380;4,285;3;1
2/2;7463;2023-06-14 09:00:00;34769;HH;верх;1952,945;1947,055;7,640;2;1
2/2;7464;2023-06-14 11:00:00;34771;HL;низ;1945,860;1956,105;7,085;2;1
2/2;7465;2023-06-14 12:00:00;34772;HH;верх;1960,310;1957,995;14,450;1;1
2/2;7466;2023-06-15 02:00:00;34785;LL;низ;1932,470;1934,580;27,840;13;2
2/2;7467;2023-06-15 05:00:00;34788;LH;верх;1939,880;1933,605;7,410;3;1
2/2;7468;2023-06-15 07:00:00;34790;LL;низ;1928,980;1935,840;10,900;2;1
2/2;7469;2023-06-15 10:00:00;34793;LH;верх;1936,835;1933,555;7,855;3;1
2/2;7470;2023-06-15 12:00:00;34795;LL;низ;1925,040;1953,140;11,795;2;1
2/2;7471;2023-06-16 01:00:00;34807;HH;верх;1962,080;1956,710;37,040;12;2
2/2;7472;2023-06-16 05:00:00;34811;HL;низ;1954,725;1961,705;7,355;4;1
2/2;7473;2023-06-16 12:00:00;34818;HH;верх;1967,920;1960,340;13,195;7;1
2/2;7474;2023-06-16 14:00:00;34820;LL;низ;1953,320;1955,270;14,600;2;1
2/2;7475;2023-06-16 18:00:00;34824;LH;верх;1959,755;1957,555;6,435;4;1
2/2;7476;2023-06-16 20:00:00;34826;HL;низ;1955,425;1957,220;4,330;2;1
2/2;7477;2023-06-19 00:00:00;34829;LH;верх;1958,740;1955,515;3,315;3;1
2/2;7478;2023-06-19 03:00:00;34832;LL;низ;1954,030;1954,720;4,710;3;1
2/2;7479;2023-06-19 08:00:00;34837;HH;верх;1958,810;1949,790;4,780;5;2
2/2;7480;2023-06-19 12:00:00;34841;LL;низ;1947,840;1952,730;10,970;4;1
2/2;7481;2023-06-19 15:00:00;34844;LH;верх;1953,520;1949,700;5,680;3;1
2/2;7482;2023-06-19 18:00:00;34847;HL;низ;1949,540;1952,525;3,980;3;1
2/2;7483;2023-06-19 22:00:00;34848;HH;верх;1954,225;1951,100;4,685;1;1
2/2;7484;2023-06-20 01:00:00;34851;LL;низ;1945,215;1950,310;9,010;3;2
2/2;7485;2023-06-20 07:00:00;34857;HH;верх;1956,840;1952,700;11,625;6;2
2/2;7486;2023-06-20 14:00:00;34864;LL;низ;1929,820;1937,615;27,020;7;1
2/2;7487;2023-06-20 19:00:00;34869;LH;верх;1938,780;1936,710;8,960;5;1
2/2;7488;2023-06-20 20:00:00;34870;HL;низ;1935,495;1937,365;3,285;1;1
2/2;7489;2023-06-21 02:00:00;34875;HH;верх;1939,575;1935,875;4,080;5;2
2/2;7490;2023-06-21 06:00:00;34879;LL;низ;1931,300;1934,710;8,275;4;2
2/2;7491;2023-06-21 07:00:00;34880;LH;верх;1937,400;1933,335;6,100;1;1
2/2;7492;2023-06-21 13:00:00;34886;LL;низ;1919,245;1932,290;18,155;6;2
2/2;7493;2023-06-21 18:00:00;34891;HH;верх;1937,605;1932,510;18,360;5;1
2/2;7494;2023-06-21 20:00:00;34893;HL;низ;1932,015;1933,925;5,590;2;1
2/2;7495;2023-06-21 23:00:00;34895;LH;верх;1935,005;1933,245;2,990;2;1
2/2;7496;2023-06-22 01:00:00;34897;LL;низ;1931,580;1932,690;3,425;2;1
2/2;7497;2023-06-22 03:00:00;34899;LH;верх;1934,310;1930,610;2,730;2;1
2/2;7498;2023-06-22 08:00:00;34904;LL;низ;1924,985;1928,715;9,325;5;1
2/2;7499;2023-06-22 12:00:00;34908;LH;верх;1931,020;1915,335;6,035;4;1
2/2;7500;2023-06-22 20:00:00;34916;LL;низ;1912,465;1914,580;18,555;8;2
2/2;7501;2023-06-23 00:00:00;34919;LH;верх;1916,135;1910,510;3,670;3;1
2/2;7502;2023-06-23 02:00:00;34921;LL;низ;1910,210;1916,575;5,925;2;1
2/2;7503;2023-06-23 08:00:00;34927;HH;верх;1920,150;1917,680;9,940;6;1
2/2;7504;2023-06-23 10:00:00;34929;HL;низ;1916,670;1928,975;3,480;2;1
2/2;7505;2023-06-23 13:00:00;34932;HH;верх;1937,305;1921,120;20,635;3;1
2/2;7506;2023-06-23 16:00:00;34935;HL;низ;1917,995;1920,620;19,310;3;2
2/2;7507;2023-06-26 01:00:00;34943;LH;верх;1928,635;1925,535;10,640;8;1
2/2;7508;2023-06-26 06:00:00;34948;HL;низ;1922,230;1931,815;6,405;5;2
2/2;7509;2023-06-26 10:00:00;34952;HH;верх;1933,395;1931,550;11,165;4;1
2/2;7510;2023-06-26 23:00:00;34964;LL;низ;1921,025;1929,270;12,370;12;3
2/2;7511;2023-06-27 01:00:00;34966;LH;верх;1930,440;1928,500;9,415;2;1
2/2;7512;2023-06-27 06:00:00;34971;HL;низ;1924,240;1925,610;6,200;5;1
2/2;7513;2023-06-27 07:00:00;34972;LH;верх;1929,785;1924,145;5,545;1;1
2/2;7514;2023-06-27 11:00:00;34976;LL;низ;1919,770;1923,620;10,015;4;1
2/2;7515;2023-06-27 13:00:00;34978;HH;верх;1930,730;1913,560;10,960;2;1
2/2;7516;2023-06-27 18:00:00;34983;LL;низ;1910,890;1913,680;19,840;5;2
2/2;7517;2023-06-28 00:00:00;34988;LH;верх;1917,285;1915,250;6,395;5;1
2/2;7518;2023-06-28 02:00:00;34990;HL;низ;1913,515;1915,265;3,770;2;1
2/2;7519;2023-06-28 05:00:00;34993;LH;верх;1916,860;1911,025;3,345;3;1
2/2;7520;2023-06-28 13:00:00;35001;LL;низ;1902,870;1910,880;13,990;8;1
2/2;7521;2023-06-28 17:00:00;35005;LH;верх;1913,435;1909,360;10,565;4;1
2/2;7522;2023-06-28 20:00:00;35008;HL;низ;1906,835;1909,775;6,600;3;1
2/2;7523;2023-06-29 01:00:00;35012;LH;верх;1912,870;1905,505;6,035;4;1
2/2;7524;2023-06-29 13:00:00;35024;LL;низ;1893,070;1909,070;19,800;12;3
2/2;7525;2023-06-29 14:00:00;35025;HH;верх;1913,180;1910,330;20,110;1;1
2/2;7526;2023-06-29 19:00:00;35030;HL;низ;1906,285;1908,305;6,895;5;2
2/2;7527;2023-06-30 05:00:00;35039;LH;верх;1910,030;1905,345;3,745;9;2
2/2;7528;2023-06-30 08:00:00;35042;LL;низ;1900,605;1906,340;9,425;3;1
2/2;7529;2023-06-30 17:00:00;35051;HH;верх;1922,780;1920,140;22,175;9;1
2/2;7530;2023-07-03 02:00:00;35059;HL;низ;1914,675;1920,135;8,105;8;1
2/2;7531;2023-07-03 05:00:00;35062;LH;верх;1920,655;1912,255;5,980;3;1
2/2;7532;2023-07-03 08:00:00;35065;LL;низ;1910,080;1913,945;10,575;3;2
2/2;7533;2023-07-03 14:00:00;35071;HH;верх;1931,085;1922,095;21,005;6;1
2/2;7534;2023-07-03 23:00:00;35079;HL;низ;1920,005;1921,660;11,080;8;2
2/2;7535;2023-07-04 10:00:00;35090;LH;верх;1930,765;1926,860;10,760;11;1
2/2;7536;2023-07-04 17:00:00;35097;HL;низ;1924,060;1926,200;6,705;7;2
2/2;7537;2023-07-05 00:00:00;35101;LH;верх;1927,175;1924,760;3,115;4;1
2/2;7538;2023-07-05 06:00:00;35107;LL;низ;1920,895;1926,995;6,280;6;2
2/2;7539;2023-07-05 13:00:00;35114;HH;верх;1935,050;1923,265;14,155;7;1
2/2;7540;2023-07-05 20:00:00;35121;LL;низ;1914,855;1916,890;20,195;7;2
2/2;7541;2023-07-06 02:00:00;35126;LH;верх;1919,780;1917,935;4,925;5;2
2/2;7542;2023-07-06 04:00:00;35128;HL;низ;1916,970;1920,540;2,810;2;1
2/2;7543;2023-07-06 06:00:00;35130;HH;верх;1921,555;1918,145;4,585;2;1
2/2;7544;2023-07-06 08:00:00;35132;LL;низ;1916,145;1924,890;5,410;2;1
2/2;7545;2023-07-06 12:00:00;35136;HH;верх;1927,665;1907,900;11,520;4;1
2/2;7546;2023-07-06 12:00:00;35136;LL;низ;1902,745;1907,900;24,920;0;1
2/2;7547;2023-07-06 16:00:00;35140;LH;верх;1912,450;1910,930;9,705;4;2
2/2;7548;2023-07-06 22:00:00;35145;HL;низ;1909,620;1910,650;2,830;5;1
2/2;7549;2023-07-07 00:00:00;35147;HH;верх;1912,485;1910,910;2,865;2;1
2/2;7550;2023-07-07 12:00:00;35159;HL;низ;1914,315;1933,775;1,830;12;1
2/2;7551;2023-07-07 15:00:00;35162;HH;верх;1934,935;1927,050;20,620;3;2
2/2;7552;2023-07-10 00:00:00;35170;HL;низ;1922,900;1925,085;12,035;8;1
2/2;7553;2023-07-10 01:00:00;35171;LH;верх;1926,980;1923,945;4,080;1;1
2/2;7554;2023-07-10 06:00:00;35176;LL;низ;1919,430;1925,240;7,550;5;1
2/2;7555;2023-07-10 09:00:00;35179;LH;верх;1926,295;1924,755;6,865;3;1
2/2;7556;2023-07-10 12:00:00;35182;LL;низ;1912,750;1922,090;13,545;3;1
2/2;7557;2023-07-10 17:00:00;35187;HH;верх;1926,880;1925,920;14,130;5;1
2/2;7558;2023-07-10 23:00:00;35192;HL;низ;1924,420;1925,590;2,460;5;1
2/2;7559;2023-07-11 10:00:00;35203;HH;верх;1938,495;1932,100;14,075;11;2
2/2;7560;2023-07-11 16:00:00;35209;HL;низ;1929,420;1931,965;9,075;6;2
2/2;7561;2023-07-12 02:00:00;35218;HH;верх;1941,025;1938,955;11,605;9;2
2/2;7562;2023-07-12 11:00:00;35227;HL;низ;1933,595;1956,125;7,430;9;2
2/2;7563;2023-07-12 17:00:00;35233;HH;верх;1959,750;1958,780;26,155;6;1
2/2;7564;2023-07-13 05:00:00;35244;HL;низ;1955,335;1961,880;4,415;11;2
2/2;7565;2023-07-13 12:00:00;35251;HH;верх;1963,735;1960,895;8,400;7;2
2/2;7566;2023-07-13 12:00:00;35251;LL;низ;1952,470;1960,895;11,265;0;2
2/2;7567;2023-07-13 18:00:00;35257;LH;верх;1960,900;1960,640;8,430;6;1
2/2;7568;2023-07-14 00:00:00;35262;HL;низ;1958,430;1961,700;2,470;5;1
2/2;7569;2023-07-14 02:00:00;35264;HH;верх;1963,795;1960,450;5,365;2;1
2/2;7570;2023-07-14 07:00:00;35269;LL;низ;1954,405;1955,990;9,390;5;2
2/2;7571;2023-07-14 12:00:00;35274;LH;верх;1962,800;1960,260;8,395;5;1
2/2;7572;2023-07-14 14:00:00;35276;LL;низ;1950,990;1959,065;11,810;2;1
2/2;7573;2023-07-14 15:00:00;35277;LH;верх;1962,055;1960,330;11,065;1;2
2/2;7574;2023-07-16 23:00:00;35284;HL;низ;1951,435;1952,690;10,620;7;1
2/2;7575;2023-07-17 01:00:00;35286;LH;верх;1956,020;1952,185;4,585;2;1
2/2;7576;2023-07-17 03:00:00;35288;LL;низ;1951,035;1954,090;4,985;2;1
2/2;7577;2023-07-17 05:00:00;35290;HH;верх;1956,905;1952,395;5,870;2;1
2/2;7578;2023-07-17 07:00:00;35292;LL;низ;1950,630;1958,760;6,275;2;1
2/2;7579;2023-07-17 10:00:00;35295;HH;верх;1959,910;1948,695;9,280;3;1
2/2;7580;2023-07-17 13:00:00;35298;LL;низ;1945,840;1954,705;14,070;3;1
2/2;7581;2023-07-17 19:00:00;35304;LH;верх;1956,440;1955,080;10,600;6;1
2/2;7582;2023-07-17 20:00:00;35305;HL;низ;1954,495;1955,520;1,945;1;2
2/2;7583;2023-07-18 11:00:00;35319;HH;верх;1972,245;1971,345;17,750;14;2
2/2;7584;2023-07-18 12:00:00;35320;HL;низ;1960,810;1982,845;11,435;1;1
2/2;7585;2023-07-18 15:00:00;35323;HH;верх;1984,425;1976,370;23,615;3;1
2/2;7586;2023-07-18 17:00:00;35325;HL;низ;1975,065;1977,775;9,360;2;1
2/2;7587;2023-07-18 22:00:00;35329;LH;верх;1979,230;1978,515;4,165;4;1
2/2;7588;2023-07-19 06:00:00;35337;LL;низ;1973,020;1977,535;6,210;8;1
2/2;7589;2023-07-19 07:00:00;35338;HH;верх;1980,995;1977,265;7,975;1;1
2/2;7590;2023-07-19 11:00:00;35342;LL;низ;1971,645;1977,065;9,350;4;1
2/2;7591;2023-07-19 13:00:00;35344;LH;верх;1979,910;1973,910;8,265;2;1
2/2;7592;2023-07-19 14:00:00;35345;LL;низ;1969,810;1977,580;10,100;1;1
2/2;7593;2023-07-20 03:00:00;35357;HH;верх;1987,530;1980,850;17,720;12;2
2/2;7594;2023-07-20 07:00:00;35361;HL;низ;1977,890;1980,980;9,640;4;1
2/2;7595;2023-07-20 08:00:00;35362;LH;верх;1983,915;1980,620;6,025;1;1
2/2;7596;2023-07-20 16:00:00;35370;LL;низ;1965,390;1969,740;18,525;8;1
2/2;7597;2023-07-20 18:00:00;35372;LH;верх;1971,565;1969,550;6,175;2;1
2/2;7598;2023-07-20 20:00:00;35374;HL;низ;1968,565;1972,290;3,000;2;1
2/2;7599;2023-07-21 01:00:00;35378;HH;верх;1973,850;1970,310;5,285;4;2
2/2;7600;2023-07-21 09:00:00;35386;LL;низ;1961,120;1965,825;12,730;8;1
2/2;7601;2023-07-21 12:00:00;35389;LH;верх;1968,185;1959,815;7,065;3;1
2/2;7602;2023-07-21 15:00:00;35392;LL;низ;1956,905;1962,830;11,280;3;1
2/2;7603;2023-07-21 17:00:00;35394;LH;верх;1964,905;1962,580;8,000;2;2
2/2;7604;2023-07-24 06:00:00;35406;HL;низ;1957,930;1959,650;6,975;12;2
2/2;7605;2023-07-24 11:00:00;35411;HH;верх;1967,905;1959,495;9,975;5;1
2/2;7606;2023-07-24 23:00:00;35422;LL;низ;1953,285;1962,735;14,620;11;3
2/2;7607;2023-07-25 06:00:00;35429;LH;верх;1964,205;1962,950;10,920;7;2
2/2;7608;2023-07-25 08:00:00;35431;HL;низ;1959,410;1959,750;4,795;2;1
2/2;7609;2023-07-25 09:00:00;35432;LH;верх;1963,740;1960,825;4,330;1;1
2/2;7610;2023-07-25 11:00:00;35434;LL;низ;1953,170;1956,790;10,570;2;1
2/2;7611;2023-07-25 12:00:00;35435;LH;верх;1963,730;1961,835;10,560;1;1
2/2;7612;2023-07-25 14:00:00;35437;LL;низ;1952,005;1962,460;11,725;2;1
2/2;7613;2023-07-25 16:00:00;35439;HH;верх;1965,720;1963,575;13,715;2;1
2/2;7614;2023-07-25 17:00:00;35440;HL;низ;1961,340;1964,500;4,380;1;1
2/2;7615;2023-07-25 22:00:00;35444;HH;верх;1966,400;1964,985;5,060;4;1
2/2;7616;2023-07-26 01:00:00;35447;HL;низ;1962,065;1964,005;4,335;3;2
2/2;7617;2023-07-26 08:00:00;35454;HH;верх;1972,570;1971,820;10,505;7;1
2/2;7618;2023-07-26 10:00:00;35456;HL;низ;1969,700;1972,340;2,870;2;1
2/2;7619;2023-07-26 11:00:00;35457;HH;верх;1974,245;1966,750;4,545;1;1
2/2;7620;2023-07-26 13:00:00;35459;LL;низ;1963,960;1972,455;10,285;2;1
2/2;7621;2023-07-26 18:00:00;35464;HH;верх;1978,405;1972,240;14,445;5;2
2/2;7622;2023-07-26 18:00:00;35464;HL;низ;1965,610;1972,240;12,795;0;2
2/2;7623;2023-07-27 02:00:00;35471;HH;верх;1982,230;1976,740;16,620;7;1
2/2;7624;2023-07-27 06:00:00;35475;HL;низ;1974,135;1975,940;8,095;4;1
2/2;7625;2023-07-27 07:00:00;35476;HH;верх;1982,265;1975,430;8,130;1;1
2/2;7626;2023-07-27 09:00:00;35478;LL;низ;1973,640;1979,130;8,625;2;1
2/2;7627;2023-07-27 12:00:00;35481;LH;верх;1979,180;1944,625;5,540;3;1
2/2;7628;2023-07-27 16:00:00;35485;LL;низ;1942,645;1945,470;36,535;4;1
2/2;7629;2023-07-27 17:00:00;35486;LH;верх;1949,780;1944,325;7,135;1;1
2/2;7630;2023-07-27 20:00:00;35489;HL;низ;1943,480;1947,525;6,300;3;1
2/2;7631;2023-07-28 04:00:00;35496;HH;верх;1956,835;1951,630;13,355;7;1
2/2;7632;2023-07-28 08:00:00;35500;HL;низ;1947,885;1953,160;8,950;4;1
2/2;7633;2023-07-28 12:00:00;35504;HH;верх;1961,280;1960,305;13,395;4;1
2/2;7634;2023-07-28 13:00:00;35505;HL;низ;1952,275;1960,995;9,005;1;1
2/2;7635;2023-07-28 16:00:00;35508;HH;верх;1963,575;1959,085;11,300;3;1
2/2;7636;2023-07-28 19:00:00;35511;HL;низ;1957,550;1960,100;6,025;3;1
2/2;7637;2023-07-30 22:00:00;35513;LH;верх;1960,610;1958,300;3,060;2;1
2/2;7638;2023-07-31 05:00:00;35520;LL;низ;1953,195;1954,965;7,415;7;1
2/2;7639;2023-07-31 06:00:00;35521;LH;верх;1957,290;1953,615;4,095;1;1
2/2;7640;2023-07-31 08:00:00;35523;LL;низ;1950,206;1958,470;7,084;2;1
2/2;7641;2023-07-31 13:00:00;35528;HH;верх;1972,455;1970,780;22,249;5;2
2/2;7642;2023-08-01 07:00:00;35545;HL;низ;1954,490;1956,995;17,965;17;2
2/2;7643;2023-08-01 09:00:00;35547;LH;верх;1957,770;1953,660;3,280;2;1
2/2;7644;2023-08-01 17:00:00;35555;LL;низ;1941,290;1944,505;16,480;8;1
2/2;7645;2023-08-01 23:00:00;35560;LH;верх;1952,995;1947,775;11,705;5;1
2/2;7646;2023-08-02 04:00:00;35565;HL;низ;1945,370;1949,115;7,625;5;1
2/2;7647;2023-08-02 11:00:00;35572;HH;верх;1954,880;1945,225;9,510;7;1
2/2;7648;2023-08-02 15:00:00;35576;LL;низ;1933,036;1936,640;21,844;4;1
2/2;7649;2023-08-02 17:00:00;35578;LH;верх;1939,165;1935,305;6,129;2;1
2/2;7650;2023-08-02 20:00:00;35581;HL;низ;1934,490;1936,140;4,675;3;1
2/2;7651;2023-08-03 01:00:00;35585;LH;верх;1938,940;1937,335;4,450;4;1
2/2;7652;2023-08-03 07:00:00;35591;LL;низ;1930,945;1936,195;7,995;6;1
2/2;7653;2023-08-03 08:00:00;35592;LH;верх;1938,485;1934,425;7,540;1;1
2/2;7654;2023-08-03 12:00:00;35596;LL;низ;1929,610;1935,025;8,875;4;1
2/2;7655;2023-08-03 15:00:00;35599;HH;верх;1938,775;1934,845;9,165;3;1
2/2;7656;2023-08-03 19:00:00;35603;HL;низ;1932,565;1935,580;6,210;4;1
2/2;7657;2023-08-04 01:00:00;35608;LH;верх;1938,055;1935,255;5,490;5;3
2/2;7658;2023-08-04 07:00:00;35614;LL;низ;1932,140;1933,560;5,915;6;1
2/2;7659;2023-08-04 09:00:00;35616;LH;верх;1934,265;1932,370;2,125;2;1
2/2;7660;2023-08-04 12:00:00;35619;LL;низ;1924,780;1939,055;9,485;3;1
2/2;7661;2023-08-04 13:00:00;35620;HH;верх;1946,990;1942,745;22,210;1;1
2/2;7662;2023-08-04 15:00:00;35622;HL;низ;1937,580;1942,030;9,410;2;2
2/2;7663;2023-08-06 22:00:00;35628;LH;верх;1946,815;1944,380;9,235;6;1
2/2;7664;2023-08-07 10:00:00;35640;LL;низ;1933,440;1938,115;13,375;12;1
2/2;7665;2023-08-07 13:00:00;35643;LH;верх;1941,770;1932,600;8,330;3;1
2/2;7666;2023-08-07 14:00:00;35644;LL;низ;1931,525;1934,490;10,245;1;1
2/2;7667;2023-08-07 23:00:00;35652;LH;верх;1938,155;1931,645;6,630;8;2
2/2;7668;2023-08-08 07:00:00;35660;LL;низ;1930,295;1935,000;7,860;8;2
2/2;7669;2023-08-08 09:00:00;35662;LH;верх;1935,690;1928,875;5,395;2;1
2/2;7670;2023-08-08 13:00:00;35666;LL;низ;1922,795;1925,920;12,895;4;1
2/2;7671;2023-08-08 14:00:00;35667;LH;верх;1932,120;1925,435;9,325;1;1
2/2;7672;2023-08-08 17:00:00;35670;HL;низ;1923,640;1924,915;8,480;3;1
2/2;7673;2023-08-08 19:00:00;35672;LH;верх;1926,685;1925,090;3,045;2;1
2/2;7674;2023-08-09 01:00:00;35677;HL;низ;1924,310;1930,200;2,375;5;1
2/2;7675;2023-08-09 06:00:00;35682;HH;верх;1932,395;1928,080;8,085;5;2
2/2;7676;2023-08-09 20:00:00;35696;LL;низ;1914,125;1916,770;18,270;14;3
2/2;7677;2023-08-10 02:00:00;35701;LH;верх;1919,225;1916,775;5,100;5;1
2/2;7678;2023-08-10 06:00:00;35705;HL;низ;1915,595;1919,465;3,630;4;1
2/2;7679;2023-08-10 12:00:00;35711;HH;верх;1930,180;1915,085;14,585;6;1
2/2;7680;2023-08-10 23:00:00;35721;LL;низ;1910,900;1915,530;19,280;10;2
2/2;7681;2023-08-11 02:00:00;35724;LH;верх;1916,050;1913,535;5,150;3;1
2/2;7682;2023-08-11 04:00:00;35726;HL;низ;1912,670;1916,350;3,380;2;1
2/2;7683;2023-08-11 12:00:00;35734;HH;верх;1920,970;1918,665;8,300;8;2
2/2;7684;2023-08-11 19:00:00;35741;LL;низ;1912,240;1913,725;8,730;7;2
2/2;7685;2023-08-13 22:00:00;35743;LH;верх;1915,225;1911,070;2,985;2;1
2/2;7686;2023-08-14 01:00:00;35746;LL;низ;1910,145;1912,790;5,080;3;2
2/2;7687;2023-08-14 08:00:00;35753;HH;верх;1916,260;1914,450;6,115;7;2
2/2;7688;2023-08-14 13:00:00;35758;LL;низ;1902,730;1910,705;13,530;5;1
2/2;7689;2023-08-14 16:00:00;35761;LH;верх;1913,255;1908,140;10,525;3;2
2/2;7690;2023-08-15 12:00:00;35780;LL;низ;1896,455;1910,065;16,800;19;2
2/2;7691;2023-08-15 14:00:00;35782;LH;верх;1911,710;1903,700;15,255;2;1
2/2;7692;2023-08-15 23:00:00;35790;HL;низ;1900,345;1902,855;11,365;8;1
2/2;7693;2023-08-16 06:00:00;35797;LH;верх;1906,595;1905,415;6,250;7;1
2/2;7694;2023-08-16 07:00:00;35798;HL;низ;1902,890;1906,120;3,705;1;1
2/2;7695;2023-08-16 09:00:00;35800;HH;верх;1907,275;1903,175;4,385;2;1
2/2;7696;2023-08-17 01:00:00;35815;LL;низ;1889,610;1892,810;17,665;15;3
2/2;7697;2023-08-17 03:00:00;35817;LH;верх;1894,010;1893,530;4,400;2;1
2/2;7698;2023-08-17 05:00:00;35819;HL;низ;1892,140;1896,495;1,870;2;1
2/2;7699;2023-08-17 07:00:00;35821;HH;верх;1897,635;1895,275;5,495;2;1
2/2;7700;2023-08-17 09:00:00;35823;HL;низ;1893,705;1898,885;3,930;2;1
2/2;7701;2023-08-17 13:00:00;35827;HH;верх;1903,515;1889,570;9,810;4;1
2/2;7702;2023-08-17 17:00:00;35831;LL;низ;1885,085;1889,170;18,430;4;1
2/2;7703;2023-08-18 01:00:00;35838;LH;верх;1895,230;1892,765;10,145;7;1
2/2;7704;2023-08-18 04:00:00;35841;HL;низ;1891,235;1892,195;3,995;3;1
2/2;7705;2023-08-18 05:00:00;35842;LH;верх;1894,155;1892,640;2,920;1;1
2/2;7706;2023-08-18 09:00:00;35846;HL;низ;1891,430;1893,835;2,725;4;1
2/2;7707;2023-08-18 10:00:00;35847;HH;верх;1895,610;1890,290;4,180;1;1
2/2;7708;2023-08-18 12:00:00;35849;LL;низ;1888,715;1893,675;6,895;2;1
2/2;7709;2023-08-18 13:00:00;35850;HH;верх;1896,905;1891,320;8,190;1;1
2/2;7710;2023-08-21 02:00:00;35862;LL;низ;1884,885;1892,560;12,020;12;2
2/2;7711;2023-08-21 05:00:00;35865;LH;верх;1894,185;1888,185;9,300;3;1
2/2;7712;2023-08-21 10:00:00;35870;HL;низ;1886,855;1897,240;7,330;5;2
2/2;7713;2023-08-21 13:00:00;35873;HH;верх;1898,825;1889,230;11,970;3;1
2/2;7714;2023-08-21 14:00:00;35874;LL;низ;1885,310;1892,675;13,515;1;1
2/2;7715;2023-08-21 17:00:00;35877;LH;верх;1895,460;1894,375;10,150;3;1
2/2;7716;2023-08-22 00:00:00;35883;HL;низ;1893,740;1894,510;1,720;6;1
2/2;7717;2023-08-22 02:00:00;35885;HH;верх;1897,345;1894,060;3,605;2;1
2/2;7718;2023-08-22 04:00:00;35887;HL;низ;1893,920;1898,970;3,425;2;1
2/2;7719;2023-08-22 10:00:00;35893;HH;верх;1904,550;1897,460;10,630;6;1
2/2;7720;2023-08-22 13:00:00;35896;LL;низ;1889,195;1897,905;15,355;3;1
2/2;7721;2023-08-22 15:00:00;35898;LH;верх;1899,185;1897,775;9,990;2;1
2/2;7722;2023-08-22 18:00:00;35901;HL;низ;1896,425;1897,675;2,760;3;2
2/2;7723;2023-08-23 08:00:00;35914;HH;верх;1905,525;1903,355;9,100;13;1
2/2;7724;2023-08-23 10:00:00;35916;HL;низ;1901,305;1903,810;4,220;2;1
2/2;7725;2023-08-23 16:00:00;35922;HH;верх;1920,425;1916,705;19,120;6;2
2/2;7726;2023-08-23 20:00:00;35926;HL;низ;1914,550;1917,985;5,875;4;1
2/2;7727;2023-08-24 06:00:00;35935;HH;верх;1923,000;1920,350;8,450;9;1
2/2;7728;2023-08-24 12:00:00;35941;LL;низ;1911,845;1921,440;11,155;6;1
2/2;7729;2023-08-24 14:00:00;35943;HH;верх;1923,400;1918,405;11,555;2;2
2/2;7730;2023-08-25 06:00:00;35958;HL;низ;1912,855;1915,445;10,545;15;1
2/2;7731;2023-08-25 14:00:00;35966;LH;верх;1922,440;1910,100;9,585;8;1
2/2;7732;2023-08-25 14:00:00;35966;LL;низ;1903,810;1910,100;18,630;0;1
2/2;7733;2023-08-28 01:00:00;35976;LH;верх;1917,540;1916,385;13,730;10;1
2/2;7734;2023-08-28 04:00:00;35979;HL;низ;1914,770;1916,000;2,770;3;1
2/2;7735;2023-08-28 06:00:00;35981;HH;верх;1917,830;1914,680;3,060;2;1
2/2;7736;2023-08-28 13:00:00;35988;LL;низ;1912,835;1924,810;4,995;7;2
2/2;7737;2023-08-28 15:00:00;35990;HH;верх;1926,100;1920,370;13,265;2;1
2/2;7738;2023-08-28 17:00:00;35992;HL;низ;1916,945;1919,750;9,155;2;1
2/2;7739;2023-08-29 03:00:00;36001;LH;верх;1925,860;1924,490;8,915;9;1
2/2;7740;2023-08-29 12:00:00;36010;LL;низ;1914,485;1934,200;11,375;9;2
2/2;7741;2023-08-29 17:00:00;36015;HH;верх;1938,235;1938,105;23,750;5;1
2/2;7742;2023-08-30 01:00:00;36022;HL;низ;1935,420;1936,855;2,815;7;1
2/2;7743;2023-08-30 02:00:00;36023;LH;верх;1937,570;1936,135;2,150;1;1
2/2;7744;2023-08-30 07:00:00;36028;LL;низ;1934,995;1938,130;2,575;5;1
2/2;7745;2023-08-30 14:00:00;36035;HH;верх;1949,115;1944,965;14,120;7;1
2/2;7746;2023-08-30 20:00:00;36041;HL;низ;1942,155;1944,285;6,960;6;1
2/2;7747;2023-08-31 02:00:00;36046;LH;верх;1947,805;1945,825;5,650;5;1
2/2;7748;2023-08-31 06:00:00;36050;HL;низ;1943,290;1944,465;4,515;4;1
2/2;7749;2023-08-31 07:00:00;36051;LH;верх;1946,365;1944,845;3,075;1;1
2/2;7750;2023-08-31 09:00:00;36053;HL;низ;1943,715;1945,725;2,650;2;1
2/2;7751;2023-08-31 12:00:00;36056;HH;верх;1947,955;1943,090;4,240;3;1
2/2;7752;2023-09-01 00:00:00;36067;LL;низ;1938,750;1940,560;9,205;11;2
2/2;7753;2023-09-01 01:00:00;36068;LH;верх;1944,150;1939,015;5,400;1;1
2/2;7754;2023-09-01 04:00:00;36071;LL;низ;1938,270;1940,460;5,880;3;1
2/2;7755;2023-09-01 12:00:00;36079;HH;верх;1953,055;1940,140;14,785;8;1
2/2;7756;2023-09-01 14:00:00;36081;LL;низ;1934,470;1938,205;18,585;2;1
2/2;7757;2023-09-01 17:00:00;36084;LH;верх;1941,630;1940,600;7,160;3;1
2/2;7758;2023-09-03 22:00:00;36088;HL;низ;1939,475;1940,970;2,155;4;1
2/2;7759;2023-09-04 06:00:00;36096;HH;верх;1946,335;1943,935;6,860;8;2
2/2;7760;2023-09-04 14:00:00;36104;LL;низ;1936,805;1938,375;9,530;8;2
2/2;7761;2023-09-05 01:00:00;36112;LH;верх;1938,730;1937,040;1,925;8;1
2/2;7762;2023-09-05 01:00:00;36112;LL;низ;1935,030;1937,040;3,700;0;1
2/2;7763;2023-09-05 05:00:00;36116;HH;верх;1939,035;1935,640;4,005;4;2
2/2;7764;2023-09-05 14:00:00;36125;LL;низ;1925,370;1927,325;13,665;9;2
2/2;7765;2023-09-05 23:00:00;36133;LH;верх;1926,970;1924,945;1,600;8;1
2/2;7766;2023-09-06 01:00:00;36135;LL;низ;1924,270;1926,605;2,700;2;1
2/2;7767;2023-09-06 05:00:00;36139;HH;верх;1928,520;1923,000;4,250;4;1
2/2;7768;2023-09-06 08:00:00;36142;LL;низ;1922,640;1926,540;5,880;3;1
2/2;7769;2023-09-06 13:00:00;36147;HH;верх;1929,245;1916,895;6,605;5;2
2/2;7770;2023-09-06 14:00:00;36148;LL;низ;1915,345;1920,075;13,900;1;1
2/2;7771;2023-09-06 17:00:00;36151;LH;верх;1920,730;1916,780;5,385;3;1
2/2;7772;2023-09-06 20:00:00;36154;HL;низ;1916,035;1917,175;4,695;3;1
2/2;7773;2023-09-06 22:00:00;36155;LH;верх;1918,235;1916,860;2,200;1;1
2/2;7774;2023-09-07 00:00:00;36157;HL;низ;1916,350;1919,835;1,885;2;1
2/2;7775;2023-09-07 03:00:00;36160;HH;верх;1920,735;1917,625;4,385;3;1
2/2;7776;2023-09-07 07:00:00;36164;HL;низ;1917,165;1920,280;3,570;4;1
2/2;7777;2023-09-07 12:00:00;36169;HH;верх;1923,670;1918,085;6,505;5;1
2/2;7778;2023-09-07 12:00:00;36169;LL;низ;1916,270;1918,085;7,400;0;1
2/2;7779;2023-09-08 02:00:00;36182;HH;верх;1927,255;1924,595;10,985;13;1
2/2;7780;2023-09-08 04:00:00;36184;HL;низ;1924,335;1925,375;2,920;2;1
2/2;7781;2023-09-08 14:00:00;36194;HH;верх;1929,750;1919,755;5,415;10;2
2/2;7782;2023-09-08 16:00:00;36196;LL;низ;1917,385;1918,650;12,365;2;1
2/2;7783;2023-09-08 18:00:00;36198;LH;верх;1920,745;1919,085;3,360;2;1
2/2;7784;2023-09-10 23:00:00;36202;LL;низ;1916,630;1922,485;4,115;4;1
2/2;7785;2023-09-11 07:00:00;36210;HH;верх;1930,780;1925,425;14,150;8;2
2/2;7786;2023-09-11 15:00:00;36218;HL;низ;1921,435;1922,705;9,345;8;2
2/2;7787;2023-09-11 22:00:00;36224;LH;верх;1923,410;1921,595;1,975;6;1
2/2;7788;2023-09-12 01:00:00;36227;LL;низ;1920,365;1923,740;3,045;3;1
2/2;7789;2023-09-12 04:00:00;36230;HH;верх;1924,555;1920,055;4,190;3;2
2/2;7790;2023-09-12 13:00:00;36239;LL;низ;1907,620;1912,535;16,935;9;1
2/2;7791;2023-09-12 16:00:00;36242;LH;верх;1915,100;1913,425;7,480;3;3
2/2;7792;2023-09-13 03:00:00;36252;HL;низ;1908,290;1910,250;6,810;10;1
2/2;7793;2023-09-13 05:00:00;36254;LH;верх;1912,720;1912,070;4,430;2;1
2/2;7794;2023-09-13 06:00:00;36255;LL;низ;1908,280;1912,260;4,440;1;1
2/2;7795;2023-09-13 08:00:00;36257;LH;верх;1912,650;1912,635;4,370;2;1
2/2;7796;2023-09-13 12:00:00;36261;LL;низ;1905,695;1912,715;6,955;4;1
2/2;7797;2023-09-13 13:00:00;36262;HH;верх;1915,815;1910,475;10,120;1;1
2/2;7798;2023-09-13 23:00:00;36271;HL;низ;1907,580;1911,130;8,235;9;2
2/2;7799;2023-09-14 01:00:00;36273;LH;верх;1912,970;1909,770;5,390;2;1
2/2;7800;2023-09-14 02:00:00;36274;HL;низ;1908,880;1909,505;4,090;1;1
2/2;7801;2023-09-14 05:00:00;36277;LH;верх;1911,080;1905,935;2,200;3;1
2/2;7802;2023-09-14 14:00:00;36286;LL;низ;1901,050;1910,325;10,030;9;2
2/2;7803;2023-09-15 06:00:00;36301;HH;верх;1919,665;1918,080;18,615;15;2
2/2;7804;2023-09-15 12:00:00;36307;HL;низ;1916,105;1928,565;3,560;6;1
2/2;7805;2023-09-15 14:00:00;36309;HH;верх;1930,475;1925,400;14,370;2;1
2/2;7806;2023-09-15 19:00:00;36314;HL;низ;1922,420;1923,700;8,055;5;1
2/2;7807;2023-09-18 05:00:00;36323;HH;верх;1930,690;1926,535;8,270;9;1
2/2;7808;2023-09-18 14:00:00;36332;HL;низ;1922,865;1931,130;7,825;9;2
2/2;7809;2023-09-19 00:00:00;36341;HH;верх;1934,620;1932,945;11,755;9;1
2/2;7810;2023-09-19 06:00:00;36347;HL;низ;1929,860;1933,825;4,760;6;2
2/2;7811;2023-09-19 12:00:00;36353;HH;верх;1937,430;1934,935;7,570;6;1
2/2;7812;2023-09-19 18:00:00;36359;LL;низ;1929,800;1931,360;7,630;6;1
2/2;7813;2023-09-19 22:00:00;36362;LH;верх;1932,520;1930,770;2,720;3;1
2/2;7814;2023-09-20 01:00:00;36365;LL;низ;1928,545;1930,670;3,975;3;1
2/2;7815;2023-09-20 06:00:00;36370;LH;верх;1932,385;1929,210;3,840;5;1
2/2;7816;2023-09-20 07:00:00;36371;LL;низ;1927,995;1931,850;4,390;1;2
2/2;7817;2023-09-20 17:00:00;36381;HH;верх;1947,465;1933,120;19,470;10;1
2/2;7818;2023-09-21 01:00:00;36388;LL;низ;1924,255;1928,370;23,210;7;2
2/2;7819;2023-09-21 06:00:00;36393;LH;верх;1930,575;1923,125;6,320;5;1
2/2;7820;2023-09-21 13:00:00;36400;LL;низ;1913,940;1917,510;16,635;7;1
2/2;7821;2023-09-22 07:00:00;36417;LH;верх;1928,765;1925,435;14,825;17;3
2/2;7822;2023-09-22 12:00:00;36422;HL;низ;1924,185;1928,215;4,580;5;1
2/2;7823;2023-09-22 14:00:00;36424;HH;верх;1929,150;1925,375;4,965;2;1
2/2;7824;2023-09-22 18:00:00;36428;HL;низ;1924,390;1925,430;4,760;4;1
2/2;7825;2023-09-24 22:00:00;36431;LH;верх;1926,620;1924,940;2,230;3;1
2/2;7826;2023-09-25 06:00:00;36439;LL;низ;1920,950;1921,755;5,670;8;2
2/2;7827;2023-09-25 07:00:00;36440;HH;верх;1927,245;1922,855;6,295;1;2
2/2;7828;2023-09-25 14:00:00;36447;LL;низ;1915,230;1916,775;12,015;7;2
2/2;7829;2023-09-25 22:00:00;36454;LH;верх;1916,840;1914,880;1,610;7;1
2/2;7830;2023-09-26 03:00:00;36459;LL;низ;1913,085;1913,585;3,755;5;1
2/2;7831;2023-09-26 05:00:00;36461;LH;верх;1915,220;1913,710;2,135;2;1
2/2;7832;2023-09-26 07:00:00;36463;LL;низ;1909,775;1913,050;5,445;2;1
2/2;7833;2023-09-26 08:00:00;36464;HH;верх;1915,725;1911,785;5,950;1;1
2/2;7834;2023-09-26 18:00:00;36474;LL;низ;1899,155;1900,670;16,570;10;2
2/2;7835;2023-09-27 01:00:00;36480;LH;верх;1903,970;1899,955;4,815;6;1
2/2;7836;2023-09-27 05:00:00;36484;LL;низ;1895,640;1896,765;8,330;4;1
2/2;7837;2023-09-27 07:00:00;36486;LH;верх;1899,110;1895,660;3,470;2;1
2/2;7838;2023-09-27 18:00:00;36497;LL;низ;1872,580;1874,835;26,530;11;1
2/2;7839;2023-09-27 19:00:00;36498;LH;верх;1878,320;1877,035;5,740;1;2
2/2;7840;2023-09-28 01:00:00;36503;HL;низ;1873,640;1874,720;4,680;5;2
2/2;7841;2023-09-28 07:00:00;36509;HH;верх;1878,325;1875,900;4,685;6;1
2/2;7842;2023-09-28 08:00:00;36510;HL;низ;1873,735;1874,990;4,590;1;1
2/2;7843;2023-09-28 12:00:00;36514;HH;верх;1879,685;1865,370;5,950;4;1
2/2;7844;2023-09-28 15:00:00;36517;LL;низ;1857,710;1862,000;21,975;3;1
2/2;7845;2023-09-28 19:00:00;36521;LH;верх;1867,380;1864,450;9,670;4;1
2/2;7846;2023-09-28 23:00:00;36524;HL;низ;1863,890;1865,850;3,490;3;1
2/2;7847;2023-09-29 00:00:00;36525;LH;верх;1867,315;1864,900;3,425;1;1
2/2;7848;2023-09-29 03:00:00;36528;LL;низ;1863,020;1867,425;4,295;3;1
2/2;7849;2023-09-29 07:00:00;36532;HH;верх;1874,065;1873,630;11,045;4;1
2/2;7850;2023-09-29 11:00:00;36536;HL;низ;1867,615;1870,640;6,450;4;1
2/2;7851;2023-09-29 13:00:00;36538;HH;верх;1879,890;1854,845;12,275;2;1
2/2;7852;2023-09-29 18:00:00;36543;LL;низ;1846,335;1848,820;33,555;5;1
2/2;7853;2023-10-02 00:00:00;36548;LH;верх;1848,995;1844,085;2,660;5;1
2/2;7854;2023-10-02 05:00:00;36553;LL;низ;1839,290;1839,865;9,705;5;1
2/2;7855;2023-10-02 06:00:00;36554;LH;верх;1846,310;1839,615;7,020;1;1
2/2;7856;2023-10-02 09:00:00;36557;LL;низ;1831,195;1837,390;15,115;3;1
2/2;7857;2023-10-02 12:00:00;36560;LH;верх;1840,650;1828,910;9,455;3;1
2/2;7858;2023-10-03 02:00:00;36573;LL;низ;1815,320;1820,740;25,330;13;3
2/2;7859;2023-10-03 14:00:00;36585;LH;верх;1833,425;1823,965;18,105;12;2
2/2;7860;2023-10-03 14:00:00;36585;HL;низ;1819,335;1823,965;14,090;0;2
2/2;7861;2023-10-04 00:00:00;36594;LH;верх;1825,080;1820,895;5,745;9;1
2/2;7862;2023-10-04 03:00:00;36597;HL;низ;1819,690;1821,290;5,390;3;1
2/2;7863;2023-10-04 04:00:00;36598;LH;верх;1823,850;1819,140;4,160;1;1
2/2;7864;2023-10-04 06:00:00;36600;LL;низ;1816,790;1823,030;7,060;2;1
2/2;7865;2023-10-04 12:00:00;36606;HH;верх;1830,675;1818,480;13,885;6;1
2/2;7866;2023-10-04 18:00:00;36612;LL;низ;1816,640;1821,315;14,035;6;2
2/2;7867;2023-10-05 04:00:00;36621;LH;верх;1829,225;1822,305;12,585;9;2
2/2;7868;2023-10-05 09:00:00;36626;HL;низ;1819,715;1823,085;9,510;5;1
2/2;7869;2023-10-05 10:00:00;36627;LH;верх;1824,040;1815,785;4,325;1;1
2/2;7870;2023-10-05 12:00:00;36629;LL;низ;1813,030;1819,955;11,010;2;2
2/2;7871;2023-10-06 04:00:00;36644;HH;верх;1824,620;1819,475;11,590;15;1
2/2;7872;2023-10-06 07:00:00;36647;HL;низ;1818,670;1820,545;5,950;3;1
2/2;7873;2023-10-06 10:00:00;36650;HH;верх;1825,160;1815,135;6,490;3;1
2/2;7874;2023-10-06 12:00:00;36652;LL;низ;1810,465;1823,645;14,695;2;1
2/2;7875;2023-10-06 15:00:00;36655;HH;верх;1834,920;1831,835;24,455;3;2
2/2;7876;2023-10-06 20:00:00;36660;HL;низ;1829,005;1848,010;5,915;5;1
2/2;7877;2023-10-08 22:00:00;36661;HH;верх;1855,990;1852,490;26,985;1;2
2/2;7878;2023-10-09 05:00:00;36668;HL;низ;1848,090;1850,490;7,900;7;1
2/2;7879;2023-10-09 06:00:00;36669;LH;верх;1854,445;1850,540;6,355;1;1
2/2;7880;2023-10-09 13:00:00;36676;LL;низ;1844,210;1851,645;10,235;7;1
2/2;7881;2023-10-10 00:00:00;36686;HH;верх;1865,460;1863,040;21,250;10;2
2/2;7882;2023-10-10 12:00:00;36698;HL;низ;1853,045;1856,600;12,415;12;2
2/2;7883;2023-10-10 17:00:00;36703;LH;верх;1862,825;1860,220;9,780;5;1
2/2;7884;2023-10-10 18:00:00;36704;HL;низ;1858,175;1860,460;4,650;1;1
2/2;7885;2023-10-11 00:00:00;36709;LH;верх;1862,140;1861,515;3,965;5;2
2/2;7886;2023-10-11 05:00:00;36714;HL;низ;1858,680;1868,030;3,460;5;1
2/2;7887;2023-10-11 10:00:00;36719;HH;верх;1874,820;1872,940;16,140;5;1
2/2;7888;2023-10-11 12:00:00;36721;HL;низ;1867,730;1871,260;7,090;2;1
2/2;7889;2023-10-12 01:00:00;36733;HH;верх;1878,815;1877,755;11,085;12;3
2/2;7890;2023-10-12 01:00:00;36733;HL;низ;1874,535;1877,755;4,280;0;1
2/2;7891;2023-10-12 12:00:00;36744;HH;верх;1885,160;1872,200;10,625;11;2
2/2;7892;2023-10-12 18:00:00;36750;LL;низ;1867,965;1868,835;17,195;6;1
2/2;7893;2023-10-13 20:00:00;36775;HH;верх;1932,930;1925,890;64,965;25;1
2/2;7894;2023-10-16 07:00:00;36785;HL;низ;1908,235;1916,230;24,695;10;2
2/2;7895;2023-10-16 12:00:00;36790;LH;верх;1924,610;1918,205;16,375;5;1
2/2;7896;2023-10-16 13:00:00;36791;HL;низ;1914,510;1921,535;10,100;1;1
2/2;7897;2023-10-16 17:00:00;36795;LH;верх;1922,840;1919,030;8,330;4;1
2/2;7898;2023-10-16 19:00:00;36797;HL;низ;1917,905;1918,920;4,935;2;1
2/2;7899;2023-10-16 23:00:00;36800;LH;верх;1921,870;1915,180;3,965;3;1
2/2;7900;2023-10-17 02:00:00;36803;LL;низ;1912,460;1914,760;9,410;3;3
2/2;7901;2023-10-17 13:00:00;36814;HH;верх;1931,635;1926,895;19,175;11;1
2/2;7902;2023-10-17 18:00:00;36819;HL;низ;1919,195;1923,230;12,440;5;1
2/2;7903;2023-10-18 02:00:00;36826;HH;верх;1942,865;1938,105;23,670;7;1
2/2;7904;2023-10-18 06:00:00;36830;HL;низ;1935,120;1938,465;7,745;4;1
2/2;7905;2023-10-18 13:00:00;36837;HH;верх;1962,675;1945,290;27,555;7;1
2/2;7906;2023-10-18 15:00:00;36839;HL;низ;1938,325;1954,095;24,350;2;1
2/2;7907;2023-10-18 17:00:00;36841;LH;верх;1956,680;1950,440;18,355;2;1
2/2;7908;2023-10-18 22:00:00;36845;HL;низ;1947,380;1950,230;9,300;4;1
2/2;7909;2023-10-19 00:00:00;36847;LH;верх;1953,380;1949,670;6,000;2;1
2/2;7910;2023-10-19 03:00:00;36850;LL;низ;1945,280;1946,965;8,100;3;1
2/2;7911;2023-10-19 12:00:00;36859;HH;верх;1957,230;1950,420;11,950;9;2
2/2;7912;2023-10-19 14:00:00;36861;HL;низ;1949,805;1962,050;7,425;2;1
2/2;7913;2023-10-19 23:00:00;36869;HH;верх;1982,545;1977,940;32,740;8;2
2/2;7914;2023-10-20 01:00:00;36871;HL;низ;1972,060;1977,895;10,485;2;1
2/2;7915;2023-10-20 02:00:00;36872;LH;верх;1981,990;1977,255;9,930;1;1
2/2;7916;2023-10-20 12:00:00;36882;HL;низ;1973,340;1991,010;8,650;10;2
2/2;7917;2023-10-20 15:00:00;36885;HH;верх;1997,260;1982,585;23,920;3;1
2/2;7918;2023-10-23 00:00:00;36893;LL;низ;1964,425;1972,715;32,835;8;2
2/2;7919;2023-10-23 09:00:00;36902;LH;верх;1982,875;1979,435;18,450;9;1
2/2;7920;2023-10-23 10:00:00;36903;HL;низ;1975,345;1977,660;7,530;1;1
2/2;7921;2023-10-23 12:00:00;36905;LH;верх;1982,045;1976,260;6,700;2;1
2/2;7922;2023-10-23 13:00:00;36906;LL;низ;1970,200;1975,430;11,845;1;1
2/2;7923;2023-10-23 16:00:00;36909;LH;верх;1979,395;1977,590;9,195;3;1
2/2;7924;2023-10-23 19:00:00;36912;HL;низ;1971,235;1973,115;8,160;3;2
2/2;7925;2023-10-24 02:00:00;36918;HH;верх;1980,900;1976,250;9,665;6;1
2/2;7926;2023-10-24 05:00:00;36921;HL;низ;1974,540;1975,385;6,360;3;1
2/2;7927;2023-10-24 07:00:00;36923;LH;верх;1979,245;1966,625;4,705;2;1
2/2;7928;2023-10-24 11:00:00;36927;LL;низ;1953,635;1964,605;25,610;4;1
2/2;7929;2023-10-24 17:00:00;36933;LH;верх;1977,645;1972,740;24,010;6;1
2/2;7930;2023-10-24 22:00:00;36937;HL;низ;1970,115;1974,560;7,530;4;1
2/2;7931;2023-10-25 01:00:00;36940;LH;верх;1977,065;1973,345;6,950;3;2
2/2;7932;2023-10-25 07:00:00;36946;LL;низ;1968,345;1969,585;8,720;6;1
2/2;7933;2023-10-25 13:00:00;36952;HH;верх;1987,310;1981,280;18,965;6;1
2/2;7934;2023-10-25 15:00:00;36954;LL;низ;1963,035;1983,190;24,275;2;1
2/2;7935;2023-10-25 17:00:00;36956;LH;верх;1985,725;1980,900;22,690;2;1
2/2;7936;2023-10-25 20:00:00;36959;HL;низ;1977,755;1983,000;7,970;3;2
2/2;7937;2023-10-26 08:00:00;36970;HH;верх;1993,545;1986,740;15,790;11;1
2/2;7938;2023-10-26 14:00:00;36976;LL;низ;1971,890;1984,290;21,655;6;1
2/2;7939;2023-10-26 17:00:00;36979;LH;верх;1989,385;1984,430;17,495;3;1
2/2;7940;2023-10-26 19:00:00;36981;HL;низ;1982,395;1985,420;6,990;2;1
2/2;7941;2023-10-26 23:00:00;36984;LH;верх;1986,935;1985,550;4,540;3;1
2/2;7942;2023-10-27 00:00:00;36985;HL;низ;1982,935;1986,690;4,000;1;1
2/2;7943;2023-10-27 04:00:00;36989;HH;верх;1990,025;1987,560;7,090;4;1
2/2;7944;2023-10-27 13:00:00;36998;LL;низ;1976,920;1979,995;13,105;9;1
2/2;7945;2023-10-27 19:00:00;37004;HH;верх;2009,565;2001,435;32,645;6;1
2/2;7946;2023-10-29 22:00:00;37006;HL;низ;1996,985;2004,745;12,580;2;1
2/2;7947;2023-10-30 00:00:00;37008;LH;верх;2006,845;2002,940;9,860;2;1
2/2;7948;2023-10-30 08:00:00;37016;LL;низ;1990,970;1994,490;15,875;8;1
2/2;7949;2023-10-30 13:00:00;37021;LH;верх;2002,625;1999,220;11,655;5;1
2/2;7950;2023-10-30 14:00:00;37022;HL;низ;1992,005;1998,990;10,620;1;3
2/2;7951;2023-10-31 01:00:00;37032;LH;верх;1997,350;1992,205;5,345;10;1
2/2;7952;2023-10-31 04:00:00;37035;LL;низ;1990,620;1994,985;6,730;3;1
2/2;7953;2023-10-31 14:00:00;37045;HH;верх;2007,990;1990,810;17,370;10;1
2/2;7954;2023-11-01 04:00:00;37058;LL;низ;1975,240;1980,225;32,750;13;2
2/2;7955;2023-11-01 14:00:00;37068;LH;верх;1992,085;1977,870;16,845;10;1
2/2;7956;2023-11-01 18:00:00;37072;LL;низ;1969,910;1982,355;22,175;4;1
2/2;7957;2023-11-02 01:00:00;37078;LH;верх;1988,225;1985,455;18,315;6;1
2/2;7958;2023-11-02 03:00:00;37080;HL;низ;1983,455;1985,490;4,770;2;1
2/2;7959;2023-11-02 05:00:00;37082;LH;верх;1986,730;1985,530;3,275;2;1
2/2;7960;2023-11-02 07:00:00;37084;HL;низ;1983,720;1988,215;3,010;2;1
2/2;7961;2023-11-02 13:00:00;37090;HH;верх;1991,060;1981,205;7,340;6;1
2/2;7962;2023-11-02 15:00:00;37092;LL;низ;1978,915;1985,075;12,145;2;1
2/2;7963;2023-11-02 17:00:00;37094;LH;верх;1986,675;1985,490;7,760;2;2
2/2;7964;2023-11-03 01:00:00;37101;HL;низ;1983,340;1985,915;3,335;7;1
2/2;7965;2023-11-03 02:00:00;37102;HH;верх;1987,930;1985,890;4,590;1;1
2/2;7966;2023-11-03 07:00:00;37107;HL;низ;1984,490;1989,100;3,440;5;1
2/2;7967;2023-11-03 12:00:00;37112;HH;верх;2004,100;1994,510;19,610;5;2
2/2;7968;2023-11-03 12:00:00;37112;HL;низ;1985,485;1994,510;18,615;0;1
2/2;7969;2023-11-03 19:00:00;37119;LH;верх;1995,175;1988,630;9,690;7;2
2/2;7970;2023-11-06 03:00:00;37125;LL;низ;1982,040;1983,990;13,135;6;2
2/2;7971;2023-11-06 13:00:00;37135;LH;верх;1989,165;1981,185;7,125;10;2
2/2;7972;2023-11-07 04:00:00;37149;LL;низ;1971,055;1971,145;18,110;14;2
2/2;7973;2023-11-07 05:00:00;37150;LH;верх;1974,350;1969,400;3,295;1;1
2/2;7974;2023-11-07 13:00:00;37158;LL;низ;1956,760;1963,405;17,590;8;1
2/2;7975;2023-11-08 02:00:00;37170;LH;верх;1971,100;1967,670;14,340;12;3
2/2;7976;2023-11-08 05:00:00;37173;HL;низ;1965,045;1967,730;6,055;3;2
2/2;7977;2023-11-08 06:00:00;37174;LH;верх;1969,170;1968,285;4,125;1;1
2/2;7978;2023-11-08 10:00:00;37178;LL;низ;1959,595;1962,865;9,575;4;1
2/2;7979;2023-11-08 13:00:00;37181;LH;верх;1966,710;1955,515;7,115;3;1
2/2;7980;2023-11-08 20:00:00;37188;LL;низ;1947,480;1950,980;19,230;7;3
2/2;7981;2023-11-09 01:00:00;37192;LH;верх;1954,725;1949,380;7,245;4;1
2/2;7982;2023-11-09 03:00:00;37194;HL;низ;1947,880;1950,190;6,845;2;1
2/2;7983;2023-11-09 07:00:00;37198;LH;верх;1950,580;1946,890;2,700;4;1
2/2;7984;2023-11-09 08:00:00;37199;LL;низ;1944,725;1947,075;5,855;1;2
2/2;7985;2023-11-09 18:00:00;37209;HH;верх;1965,700;1957,335;20,975;10;2
2/2;7986;2023-11-09 19:00:00;37210;HL;низ;1956,230;1958,260;9,470;1;1
2/2;7987;2023-11-10 01:00:00;37215;LH;верх;1960,835;1959,515;4,605;5;1
2/2;7988;2023-11-10 18:00:00;37232;LL;низ;1933,030;1936,205;27,805;17;2
2/2;7989;2023-11-12 23:00:00;37236;LH;верх;1943,900;1940,400;10,870;4;1
2/2;7990;2023-11-13 03:00:00;37240;HL;низ;1934,075;1939,170;9,825;4;1
2/2;7991;2023-11-13 07:00:00;37244;LH;верх;1941,295;1938,245;7,220;4;1
2/2;7992;2023-11-13 15:00:00;37252;LL;низ;1931,685;1945,835;9,610;8;2
2/2;7993;2023-11-13 17:00:00;37254;HH;верх;1949,210;1946,245;17,525;2;2
2/2;7994;2023-11-14 05:00:00;37265;HL;низ;1943,810;1945,650;5,400;11;1
2/2;7995;2023-11-14 10:00:00;37270;LH;верх;1948,220;1945,210;4,410;5;1
2/2;7996;2023-11-14 13:00:00;37273;LL;низ;1941,535;1964,470;6,685;3;1
2/2;7997;2023-11-14 14:00:00;37274;HH;верх;1971,050;1964,250;29,515;1;1
2/2;7998;2023-11-14 18:00:00;37278;HL;низ;1961,690;1963,820;9,360;4;1
2/2;7999;2023-11-14 20:00:00;37280;LH;верх;1964,545;1962,535;2,855;2;1
2/2;8000;2023-11-15 01:00:00;37284;LL;низ;1961,660;1966,915;2,885;4;1
2/2;8001;2023-11-15 13:00:00;37296;HH;верх;1975,425;1963,170;13,765;12;2
2/2;8002;2023-11-15 14:00:00;37297;LL;низ;1955,490;1962,390;19,935;1;1
2/2;8003;2023-11-15 20:00:00;37303;LH;верх;1962,255;1960,490;6,765;6;1
2/2;8004;2023-11-15 20:00:00;37303;HL;низ;1959,075;1960,490;3,180;0;1
2/2;8005;2023-11-16 00:00:00;37306;LH;верх;1961,450;1960,850;2,375;3;1
2/2;8006;2023-11-16 02:00:00;37308;LL;низ;1956,545;1962,645;4,905;2;1
2/2;8007;2023-11-16 09:00:00;37315;HH;верх;1968,615;1965,650;12,070;7;1
2/2;8008;2023-11-16 12:00:00;37318;HL;низ;1962,155;1979,785;6,460;3;1
2/2;8009;2023-11-16 16:00:00;37322;HH;верх;1988,000;1984,275;25,845;4;1
2/2;8010;2023-11-16 21:00:00;37327;HL;низ;1980,695;1985,010;7,305;5;1
2/2;8011;2023-11-17 04:00:00;37333;LH;верх;1987,125;1983,635;6,430;6;2
2/2;8012;2023-11-17 06:00:00;37335;HL;низ;1982,730;1988,795;4,395;2;1
2/2;8013;2023-11-17 10:00:00;37339;HH;верх;1993,490;1988,720;10,760;4;1
2/2;8014;2023-11-20 00:00:00;37352;LL;низ;1973,415;1982,915;20,075;13;3
2/2;8015;2023-11-20 02:00:00;37354;LH;верх;1985,250;1981,515;11,835;2;1
2/2;8016;2023-11-20 14:00:00;37366;LL;низ;1965,495;1974,660;19,755;12;1
2/2;8017;2023-11-21 08:00:00;37383;HH;верх;1994,355;1988,600;28,860;17;3
2/2;8018;2023-11-21 09:00:00;37384;HL;низ;1984,320;1987,305;10,035;1;1
2/2;8019;2023-11-21 15:00:00;37390;HH;верх;2007,650;2001,530;23,330;6;1
2/2;8020;2023-11-22 02:00:00;37400;HL;низ;1995,525;1999,360;12,125;10;2
2/2;8021;2023-11-22 08:00:00;37406;LH;верх;2006,455;2001,175;10,930;6;1
2/2;8022;2023-11-22 18:00:00;37416;LL;низ;1986,965;1989,795;19,490;10;2
2/2;8023;2023-11-23 07:00:00;37428;LH;верх;1998,570;1994,370;11,605;12;3
2/2;8024;2023-11-23 16:00:00;37437;HL;низ;1989,895;1992,160;8,675;9;1
2/2;8025;2023-11-24 01:00:00;37443;LH;верх;1995,005;1993,675;5,110;6;1
2/2;8026;2023-11-24 01:00:00;37443;HL;низ;1991,490;1993,675;3,515;0;1
2/2;8027;2023-11-24 04:00:00;37446;LH;верх;1994,825;1993,675;3,335;3;1
2/2;8028;2023-11-24 04:00:00;37446;HL;низ;1991,545;1993,675;3,280;0;3
2/2;8029;2023-11-24 15:00:00;37457;HH;верх;2003,660;2000,990;12,115;11;1
2/2;8030;2023-11-24 16:00:00;37458;HL;низ;1997,240;2002,495;6,420;1;1
2/2;8031;2023-11-27 01:00:00;37463;HH;верх;2018,325;2009,620;21,085;5;4
2/2;8032;2023-11-27 16:00:00;37478;HL;низ;2005,760;2012,510;12,565;15;1
2/2;8033;2023-11-28 00:00:00;37485;LH;верх;2018,140;2015,355;12,380;7;1
2/2;8034;2023-11-28 07:00:00;37492;HL;низ;2012,130;2015,985;6,010;7;2
2/2;8035;2023-11-28 09:00:00;37494;LH;верх;2016,805;2015,240;4,675;2;1
2/2;8036;2023-11-28 13:00:00;37498;LL;низ;2011,685;2030,875;5,120;4;1
2/2;8037;2023-11-29 01:00:00;37509;HH;верх;2052,060;2044,135;40,375;11;2
2/2;8038;2023-11-29 03:00:00;37511;HL;низ;2043,105;2046,065;8,955;2;1
2/2;8039;2023-11-29 05:00:00;37513;LH;верх;2049,080;2042,445;5,975;2;1
2/2;8040;2023-11-29 09:00:00;37517;LL;низ;2035,320;2040,120;13,760;4;2
2/2;8041;2023-11-29 19:00:00;37527;HH;верх;2049,585;2044,320;14,265;10;2
2/2;8042;2023-11-29 20:00:00;37528;HL;низ;2042,860;2044,740;6,725;1;1
2/2;8043;2023-11-30 00:00:00;37531;LH;верх;2046,910;2046,045;4,050;3;1
2/2;8044;2023-11-30 02:00:00;37533;LL;низ;2042,675;2044,640;4,235;2;1
2/2;8045;2023-11-30 03:00:00;37534;HH;верх;2047,235;2041,700;4,560;1;1
2/2;8046;2023-11-30 05:00:00;37536;LL;низ;2041,450;2044,685;5,785;2;1
2/2;8047;2023-11-30 07:00:00;37538;LH;верх;2047,015;2040,030;5,565;2;2
2/2;8048;2023-11-30 14:00:00;37545;LL;низ;2031,530;2039,655;15,485;7;1
2/2;8049;2023-11-30 17:00:00;37548;LH;верх;2041,380;2036,260;9,850;3;1
2/2;8050;2023-11-30 18:00:00;37549;HL;низ;2033,755;2036,305;7,625;1;1
2/2;8051;2023-12-01 01:00:00;37555;HH;верх;2043,485;2039,585;9,730;6;1
2/2;8052;2023-12-01 03:00:00;37557;HL;низ;2038,745;2041,035;4,740;2;2
2/2;8053;2023-12-01 09:00:00;37563;HH;верх;2049,910;2037,095;11,165;6;1
2/2;8054;2023-12-01 12:00:00;37566;LL;низ;2033,940;2042,625;15,970;3;1
2/2;8055;2023-12-03 23:00:00;37576;HH;верх;2148,990;2087,795;115,050;10;3
2/2;8056;2023-12-04 15:00:00;37592;LL;низ;2020,135;2026,020;128,855;16;2
2/2;8057;2023-12-05 00:00:00;37600;LH;верх;2041,300;2034,795;21,165;8;2
2/2;8058;2023-12-05 04:00:00;37604;HL;низ;2030,500;2033,580;10,800;4;1
2/2;8059;2023-12-05 08:00:00;37608;LH;верх;2039,635;2025,285;9,135;4;1
2/2;8060;2023-12-05 11:00:00;37611;LL;низ;2021,640;2029,565;17,995;3;1
2/2;8061;2023-12-05 13:00:00;37613;LH;верх;2030,945;2016,290;9,305;2;1
2/2;8062;2023-12-05 15:00:00;37615;LL;низ;2009,936;2017,290;21,009;2;1
2/2;8063;2023-12-05 20:00:00;37620;LH;верх;2020,965;2019,000;11,029;5;1
2/2;8064;2023-12-05 23:00:00;37622;HL;низ;2017,290;2020,870;3,675;2;1
2/2;8065;2023-12-06 07:00:00;37630;HH;верх;2035,970;2021,270;18,680;8;1
2/2;8066;2023-12-06 11:00:00;37634;HL;низ;2020,255;2030,205;15,715;4;1
2/2;8067;2023-12-06 14:00:00;37637;LH;верх;2033,095;2030,025;12,840;3;1
2/2;8068;2023-12-06 15:00:00;37638;HL;низ;2022,675;2029,555;10,420;1;2
2/2;8069;2023-12-07 02:00:00;37648;LH;верх;2030,120;2026,145;7,445;10;1
2/2;8070;2023-12-07 05:00:00;37651;HL;низ;2025,295;2029,685;4,825;3;1
2/2;8071;2023-12-07 10:00:00;37656;HH;верх;2035,195;2033,270;9,900;5;1
2/2;8072;2023-12-07 11:00:00;37657;HL;низ;2029,635;2037,255;5,560;1;1
2/2;8073;2023-12-07 13:00:00;37659;HH;верх;2039,975;2029,310;10,340;2;1
2/2;8074;2023-12-07 17:00:00;37663;LL;низ;2020,235;2029,960;19,740;4;2
2/2;8075;2023-12-07 18:00:00;37664;LH;верх;2032,030;2029,400;11,795;1;1
2/2;8076;2023-12-07 23:00:00;37668;HL;низ;2026,905;2032,385;5,125;4;1
2/2;8077;2023-12-08 03:00:00;37672;HH;верх;2034,065;2030,080;7,160;4;1
2/2;8078;2023-12-08 08:00:00;37677;LL;низ;2026,580;2029,815;7,485;5;1
2/2;8079;2023-12-08 10:00:00;37679;LH;верх;2032,465;2027,575;5,885;2;1
2/2;8080;2023-12-08 17:00:00;37686;LL;низ;1994,740;2000,765;37,725;7;1
2/2;8081;2023-12-11 00:00:00;37692;LH;верх;2007,850;1998,190;13,110;6;1
2/2;8082;2023-12-11 04:00:00;37696;HL;низ;1994,855;1998,970;12,995;4;1
2/2;8083;2023-12-11 07:00:00;37699;LH;верх;2000,675;1993,490;5,820;3;1
2/2;8084;2023-12-11 10:00:00;37702;LL;низ;1991,305;1995,120;9,370;3;2
2/2;8085;2023-12-11 12:00:00;37704;LH;верх;1996,815;1986,790;5,510;2;1
2/2;8086;2023-12-11 18:00:00;37710;LL;низ;1975,895;1980,865;20,920;6;1
2/2;8087;2023-12-12 00:00:00;37715;LH;верх;1989,720;1982,355;13,825;5;2
2/2;8088;2023-12-12 02:00:00;37717;HL;низ;1982,050;1985,720;7,670;2;1
2/2;8089;2023-12-12 07:00:00;37722;LH;верх;1989,140;1985,940;7,090;5;1
2/2;8090;2023-12-12 09:00:00;37724;HL;низ;1982,765;1988,470;6,375;2;1
2/2;8091;2023-12-12 13:00:00;37728;HH;верх;1996,760;1981,775;13,995;4;1
2/2;8092;2023-12-12 17:00:00;37732;LL;низ;1977,280;1980,285;19,480;4;1
2/2;8093;2023-12-12 23:00:00;37737;LH;верх;1982,890;1980,185;5,610;5;1
2/2;8094;2023-12-13 06:00:00;37744;LL;низ;1973,090;1980,390;9,800;7;1
2/2;8095;2023-12-13 13:00:00;37751;HH;верх;1986,815;1981,915;13,725;7;1
2/2;8096;2023-12-13 15:00:00;37753;HL;низ;1978,535;1982,175;8,280;2;2
2/2;8097;2023-12-14 00:00:00;37761;HH;верх;2039,345;2032,835;60,810;8;1
2/2;8098;2023-12-14 07:00:00;37768;HL;низ;2029,315;2036,720;10,030;7;2
2/2;8099;2023-12-14 08:00:00;37769;HH;верх;2040,395;2034,110;11,080;1;1
2/2;8100;2023-12-14 13:00:00;37774;LL;низ;2027,620;2040,365;12,775;5;1
2/2;8101;2023-12-14 14:00:00;37775;HH;верх;2047,935;2039,555;20,315;1;1
2/2;8102;2023-12-14 18:00:00;37779;HL;низ;2029,160;2036,440;18,775;4;1
2/2;8103;2023-12-14 23:00:00;37783;LH;верх;2038,760;2032,315;9,600;4;1
2/2;8104;2023-12-15 00:00:00;37784;HL;низ;2031,400;2036,170;7,360;1;1
2/2;8105;2023-12-15 02:00:00;37786;LH;верх;2037,555;2036,755;6,155;2;1
2/2;8106;2023-12-15 06:00:00;37790;HL;низ;2034,375;2040,140;3,180;4;1
2/2;8107;2023-12-15 12:00:00;37796;HH;верх;2044,945;2033,335;10,570;6;1
2/2;8108;2023-12-15 19:00:00;37803;LL;низ;2015,650;2019,540;29,295;7;4
2/2;8109;2023-12-18 09:00:00;37816;LH;верх;2027,370;2022,055;11,720;13;1
2/2;8110;2023-12-18 11:00:00;37818;HL;низ;2018,800;2025,920;8,570;2;1
2/2;8111;2023-12-18 14:00:00;37821;LH;верх;2026,975;2022,320;8,175;3;1
2/2;8112;2023-12-18 15:00:00;37822;HL;низ;2020,385;2033,655;6,590;1;1
2/2;8113;2023-12-18 18:00:00;37825;HH;верх;2033,750;2026,545;13,365;3;2
2/2;8114;2023-12-19 04:00:00;37834;HL;низ;2021,750;2024,875;12,000;9;1
2/2;8115;2023-12-19 16:00:00;37846;HH;верх;2047,030;2039,110;25,280;12;2
2/2;8116;2023-12-19 18:00:00;37848;HL;низ;2036,755;2040,300;10,275;2;1
2/2;8117;2023-12-19 23:00:00;37852;LH;верх;2041,745;2038,270;4,990;4;1
2/2;8118;2023-12-20 02:00:00;37855;HL;низ;2036,815;2040,570;4,930;3;1
2/2;8119;2023-12-20 07:00:00;37860;HH;верх;2043,535;2039,970;6,720;5;1
2/2;8120;2023-12-20 13:00:00;37866;LL;низ;2029,630;2032,565;13,905;6;1
2/2;8121;2023-12-20 14:00:00;37867;LH;верх;2039,890;2034,830;10,260;1;2
2/2;8122;2023-12-20 21:00:00;37874;LL;низ;2027,485;2033,710;12,405;7;1
2/2;8123;2023-12-21 05:00:00;37881;LH;верх;2038,240;2035,075;10,755;7;1
2/2;8124;2023-12-21 10:00:00;37886;HL;низ;2033,100;2038,040;5,140;5;2
2/2;8125;2023-12-21 13:00:00;37889;HH;верх;2046,105;2041,560;13,005;3;1
2/2;8126;2023-12-21 13:00:00;37889;LL;низ;2032,355;2041,560;13,750;0;2
2/2;8127;2023-12-21 23:00:00;37898;HH;верх;2055,075;2048,745;22,720;9;1
2/2;8128;2023-12-22 06:00:00;37905;HL;низ;2047,180;2051,480;7,895;7;1
2/2;8129;2023-12-22 15:00:00;37914;HH;верх;2070,705;2055,535;23,525;9;1
2/2;8130;2023-12-22 16:00:00;37915;HL;низ;2051,210;2057,255;19,495;1;2
2/2;8131;2023-12-26 02:00:00;37924;LH;верх;2065,225;2064,080;14,015;9;1
2/2;8132;2023-12-26 05:00:00;37927;HL;низ;2061,475;2064,330;3,750;3;1
2/2;8133;2023-12-26 06:00:00;37928;LH;верх;2065,160;2061,570;3,685;1;1
2/2;8134;2023-12-26 09:00:00;37931;LL;низ;2060,695;2063,655;4,465;3;1
2/2;8135;2023-12-26 11:00:00;37933;LH;верх;2064,185;2058,810;3,490;2;1
2/2;8136;2023-12-26 14:00:00;37936;LL;низ;2054,585;2059,645;9,600;3;1
2/2;8137;2023-12-26 21:00:00;37943;HH;верх;2069,085;2065,590;14,500;7;1
2/2;8138;2023-12-27 00:00:00;37945;HL;низ;2064,010;2065,490;5,075;2;2
2/2;8139;2023-12-27 09:00:00;37954;HH;верх;2069,375;2068,215;5,365;9;1
2/2;8140;2023-12-27 10:00:00;37955;LL;низ;2061,510;2067,720;7,865;1;1
2/2;8141;2023-12-27 18:00:00;37963;HH;верх;2084,495;2078,165;22,985;8;1
2/2;8142;2023-12-27 18:00:00;37963;HL;низ;2075,955;2078,165;8,540;0;1
2/2;8143;2023-12-28 02:00:00;37970;HH;верх;2088,545;2086,600;12,590;7;2
2/2;8144;2023-12-28 12:00:00;37980;LL;низ;2071,400;2078,970;17,145;10;2
2/2;8145;2023-12-28 15:00:00;37983;LH;верх;2081,185;2074,885;9,785;3;1
2/2;8146;2023-12-28 21:00:00;37989;LL;низ;2064,725;2066,990;16,460;6;1
2/2;8147;2023-12-29 07:00:00;37998;LH;верх;2074,845;2065,650;10,120;9;2
2/2;8148;2023-12-29 10:00:00;38001;LL;низ;2061,915;2065,500;12,930;3;1
2/2;8149;2023-12-29 12:00:00;38003;LH;верх;2068,940;2063,030;7,025;2;1
2/2;8150;2023-12-29 13:00:00;38004;LL;низ;2058,275;2064,900;10,665;1;1
2/2;8151;2023-12-29 17:00:00;38008;LH;верх;2068,220;2067,335;9,945;4;1
2/2;8152;2023-12-29 18:00:00;38009;HL;низ;2061,215;2063,230;7,005;1;2
2/2;8153;2024-01-02 06:00:00;38020;HH;верх;2076,830;2073,390;15,615;11;1
2/2;8154;2024-01-02 08:00:00;38022;HL;низ;2071,895;2076,075;4,935;2;1
2/2;8155;2024-01-02 09:00:00;38023;HH;верх;2078,975;2069,290;7,080;1;1
2/2;8156;2024-01-02 15:00:00;38029;LL;низ;2055,890;2062,780;23,085;6;2
2/2;8157;2024-01-03 05:00:00;38042;LH;верх;2066,005;2063,045;10,115;13;3
2/2;8158;2024-01-03 19:00:00;38056;LL;низ;2030,695;2041,290;35,310;14;1
2/2;8159;2024-01-03 23:00:00;38059;LH;верх;2044,005;2042,305;13,310;3;1
2/2;8160;2024-01-04 01:00:00;38061;HL;низ;2040,190;2044,695;3,815;2;1
2/2;8161;2024-01-04 03:00:00;38063;HH;верх;2046,970;2043,845;6,780;2;1
2/2;8162;2024-01-04 05:00:00;38065;HL;низ;2042,490;2047,785;4,480;2;1
2/2;8163;2024-01-04 09:00:00;38069;HH;верх;2051,015;2045,215;8,525;4;1
2/2;8164;2024-01-04 14:00:00;38074;LL;низ;2036,300;2044,825;14,715;5;1
2/2;8165;2024-01-04 15:00:00;38075;LH;верх;2047,840;2043,305;11,540;1;1
2/2;8166;2024-01-04 23:00:00;38082;HL;низ;2042,880;2046,240;4,960;7;1
2/2;8167;2024-01-05 01:00:00;38084;HH;верх;2048,330;2045,400;5,450;2;1
2/2;8168;2024-01-05 06:00:00;38089;LL;низ;2040,955;2042,520;7,375;5;1
2/2;8169;2024-01-05 07:00:00;38090;LH;верх;2047,090;2038,915;6,135;1;1
2/2;8170;2024-01-05 13:00:00;38096;LL;низ;2024,525;2054,905;22,565;6;1
2/2;8171;2024-01-05 15:00:00;38098;HH;верх;2064,035;2042,010;39,510;2;1
2/2;8172;2024-01-05 17:00:00;38100;HL;низ;2040,495;2045,820;23,540;2;1
2/2;8173;2024-01-05 19:00:00;38102;LH;верх;2050,370;2045,625;9,875;2;2
2/2;8174;2024-01-08 11:00:00;38117;LL;низ;2016,820;2019,050;33,550;15;2
2/2;8175;2024-01-08 16:00:00;38122;LH;верх;2036,930;2026,665;20,110;5;1
2/2;8176;2024-01-08 20:00:00;38126;HL;низ;2026,150;2030,820;10,780;4;1
2/2;8177;2024-01-09 02:00:00;38131;LH;верх;2035,910;2032,945;9,760;5;1
2/2;8178;2024-01-09 05:00:00;38134;HL;низ;2030,415;2036,080;5,495;3;1
2/2;8179;2024-01-09 13:00:00;38142;HH;верх;2042,035;2028,905;11,620;8;2
2/2;8180;2024-01-09 16:00:00;38145;LL;низ;2026,185;2029,230;15,850;3;2
2/2;8181;2024-01-10 02:00:00;38154;LH;верх;2032,940;2029,875;6,755;9;1
2/2;8182;2024-01-10 06:00:00;38158;LL;низ;2023,950;2035,350;8,990;4;1
2/2;8183;2024-01-10 10:00:00;38162;HH;верх;2040,300;2031,595;16,350;4;1
2/2;8184;2024-01-10 19:00:00;38171;LL;низ;2020,525;2024,320;19,775;9;1
2/2;8185;2024-01-11 07:00:00;38182;LH;верх;2035,810;2031,380;15,285;11;1
2/2;8186;2024-01-11 09:00:00;38184;HL;низ;2030,260;2034,370;5,550;2;1
2/2;8187;2024-01-11 13:00:00;38188;HH;верх;2045,170;2029,105;14,910;4;1
2/2;8188;2024-01-11 17:00:00;38192;LL;низ;2013,390;2026,520;31,780;4;1
2/2;8189;2024-01-11 23:00:00;38197;LH;верх;2035,620;2033,970;22,230;5;1
2/2;8190;2024-01-12 04:00:00;38202;HL;низ;2032,905;2035,260;2,715;5;1
2/2;8191;2024-01-12 14:00:00;38212;HH;верх;2062,310;2048,380;29,405;10;1
2/2;8192;2024-01-12 17:00:00;38215;HL;низ;2041,505;2047,405;20,805;3;1
2/2;8193;2024-01-12 21:00:00;38219;LH;верх;2049,285;2047,950;7,780;4;1
2/2;8194;2024-01-15 00:00:00;38221;HL;низ;2045,835;2056,440;3,450;2;1
2/2;8195;2024-01-15 03:00:00;38224;HH;верх;2058,145;2055,255;12,310;3;1
2/2;8196;2024-01-15 07:00:00;38228;HL;низ;2052,925;2055,070;5,220;4;1
2/2;8197;2024-01-15 08:00:00;38229;HH;верх;2058,670;2053,055;5,745;1;1
2/2;8198;2024-01-15 15:00:00;38236;LL;низ;2049,315;2055,420;9,355;7;2
2/2;8199;2024-01-15 17:00:00;38238;LH;верх;2056,405;2054,765;7,090;2;4
2/2;8200;2024-01-16 18:00:00;38260;LL;низ;2024,330;2028,315;32,075;22;3
2/2;8201;2024-01-17 02:00:00;38267;LH;верх;2032,980;2025,480;8,650;7;1
2/2;8202;2024-01-17 06:00:00;38271;LL;низ;2017,690;2021,470;15,290;4;1
2/2;8203;2024-01-17 12:00:00;38277;LH;верх;2029,060;2012,250;11,370;6;1
2/2;8204;2024-01-17 18:00:00;38283;LL;низ;2001,895;2006,140;27,165;6;1
2/2;8205;2024-01-18 01:00:00;38289;LH;верх;2012,200;2008,140;10,305;6;1
2/2;8206;2024-01-18 05:00:00;38293;HL;низ;2005,835;2012,340;6,365;4;1
2/2;8207;2024-01-18 07:00:00;38295;HH;верх;2014,205;2010,240;8,370;2;1
2/2;8208;2024-01-18 09:00:00;38297;HL;низ;2008,230;2012,660;5,975;2;1
2/2;8209;2024-01-18 12:00:00;38300;HH;верх;2017,305;2012,900;9,075;3;1
2/2;8210;2024-01-18 13:00:00;38301;LL;низ;2007,500;2013,685;9,805;1;1
2/2;8211;2024-01-19 01:00:00;38312;HH;верх;2025,630;2022,930;18,130;11;1
2/2;8212;2024-01-19 05:00:00;38316;HL;низ;2020,475;2028,060;5,155;4;1
2/2;8213;2024-01-19 13:00:00;38324;HH;верх;2039,415;2027,790;18,940;8;1
2/2;8214;2024-01-19 15:00:00;38326;HL;низ;2023,200;2029,130;16,215;2;1
2/2;8215;2024-01-19 21:00:00;38332;LH;верх;2030,080;2029,065;6,880;6;1
2/2;8216;2024-01-22 00:00:00;38334;HL;низ;2025,545;2029,910;4,535;2;1
2/2;8217;2024-01-22 01:00:00;38335;HH;верх;2032,175;2027,030;6,630;1;1
2/2;8218;2024-01-22 07:00:00;38341;LL;низ;2019,145;2021,750;13,030;6;1
2/2;8219;2024-01-22 12:00:00;38346;LH;верх;2030,180;2022,785;11,035;5;2
2/2;8220;2024-01-22 14:00:00;38348;LL;низ;2016,605;2023,665;13,575;2;3
2/2;8221;2024-01-23 07:00:00;38364;HH;верх;2037,975;2028,850;21,370;16;1
2/2;8222;2024-01-23 11:00:00;38368;HL;низ;2022,445;2025,015;15,530;4;1
2/2;8223;2024-01-23 13:00:00;38370;LH;верх;2030,550;2025,205;8,105;2;1
2/2;8224;2024-01-23 14:00:00;38371;LL;низ;2021,475;2025,830;9,075;1;1
2/2;8225;2024-01-23 16:00:00;38373;LH;верх;2027,810;2025,360;6,335;2;1
2/2;8226;2024-01-23 17:00:00;38374;HL;низ;2022,730;2029,920;5,080;1;1
2/2;8227;2024-01-23 19:00:00;38376;HH;верх;2030,720;2029,155;7,990;2;1
2/2;8228;2024-01-24 05:00:00;38385;HL;низ;2022,890;2029,655;7,830;9;1
2/2;8229;2024-01-24 13:00:00;38393;HH;верх;2036,735;2015,285;13,845;8;1
2/2;8230;2024-01-24 19:00:00;38399;LL;низ;2011,275;2014,235;25,460;6;2
2/2;8231;2024-01-25 07:00:00;38410;LH;верх;2018,375;2017,940;7,100;11;2
2/2;8232;2024-01-25 13:00:00;38416;LL;низ;2009,445;2020,360;8,930;6;2
2/2;8233;2024-01-25 14:00:00;38417;HH;верх;2025,320;2014,645;15,875;1;1
2/2;8234;2024-01-25 17:00:00;38420;HL;низ;2012,545;2017,800;12,775;3;1
2/2;8235;2024-01-25 23:00:00;38425;HH;верх;2025,900;2022,000;13,355;5;2
2/2;8236;2024-01-26 09:00:00;38435;HL;низ;2018,245;2023,495;7,655;10;1
2/2;8237;2024-01-26 13:00:00;38439;HH;верх;2026,900;2017,105;8,655;4;1
2/2;8238;2024-01-26 16:00:00;38442;LL;низ;2015,995;2017,350;10,905;3;1
2/2;8239;2024-01-29 07:00:00;38456;HH;верх;2033,925;2028,390;17,930;14;2
2/2;8240;2024-01-29 11:00:00;38460;HL;низ;2025,555;2036,905;8,370;4;1
2/2;8241;2024-01-29 13:00:00;38462;HH;верх;2037,610;2025,530;12,055;2;1
2/2;8242;2024-01-29 15:00:00;38464;LL;низ;2020,610;2029,400;17,000;2;1
2/2;8243;2024-01-29 20:00:00;38469;LH;верх;2035,330;2031,175;14,720;5;3
2/2;8244;2024-01-30 02:00:00;38474;HL;низ;2029,905;2031,870;5,425;5;1
2/2;8245;2024-01-30 07:00:00;38479;HH;верх;2040,575;2035,765;10,670;5;1
2/2;8246;2024-01-30 11:00:00;38483;HL;низ;2031,370;2037,870;9,205;4;1
2/2;8247;2024-01-30 14:00:00;38486;HH;верх;2048,630;2035,945;17,260;3;1
2/2;8248;2024-01-30 15:00:00;38487;LL;низ;2029,100;2034,050;19,530;1;2
2/2;8249;2024-01-31 00:00:00;38495;LH;верх;2038,695;2033,770;9,595;8;2
2/2;8250;2024-01-31 02:00:00;38497;HL;низ;2032,900;2034,640;5,795;2;1
2/2;8251;2024-01-31 08:00:00;38503;HH;верх;2040,480;2037,045;7,580;6;1
2/2;8252;2024-01-31 13:00:00;38508;HL;низ;2036,090;2052,330;4,390;5;1
2/2;8253;2024-01-31 15:00:00;38510;HH;верх;2056,070;2049,685;19,980;2;1
2/2;8254;2024-01-31 20:00:00;38515;LL;низ;2030,940;2039,975;25,130;5;1
2/2;8255;2024-02-01 02:00:00;38520;LH;верх;2049,710;2045,840;18,770;5;1
2/2;8256;2024-02-01 11:00:00;38529;LL;низ;2030,070;2040,135;19,640;9;1
2/2;8257;2024-02-01 16:00:00;38534;HH;верх;2065,530;2055,775;35,460;5;2
2/2;8258;2024-02-02 02:00:00;38543;HL;низ;2051,980;2055,160;13,550;9;1
2/2;8259;2024-02-02 07:00:00;38548;LH;верх;2056,995;2053,100;5,015;5;1
2/2;8260;2024-02-02 09:00:00;38550;HL;низ;2052,740;2056,130;4,255;2;1
2/2;8261;2024-02-02 13:00:00;38554;HH;верх;2057,705;2035,085;4,965;4;1
2/2;8262;2024-02-02 14:00:00;38555;LL;низ;2027,870;2036,310;29,835;1;1
2/2;8263;2024-02-04 23:00:00;38563;LH;верх;2042,315;2038,070;14,445;8;2
2/2;8264;2024-02-05 09:00:00;38573;LL;низ;2020,730;2027,685;21,585;10;1
2/2;8265;2024-02-05 11:00:00;38575;LH;верх;2028,425;2016,025;7,695;2;1
2/2;8266;2024-02-05 14:00:00;38578;LL;низ;2014,960;2022,255;13,465;3;1
2/2;8267;2024-02-05 19:00:00;38583;LH;верх;2027,605;2024,890;12,645;5;1
2/2;8268;2024-02-05 23:00:00;38586;HL;низ;2023,815;2027,235;3,790;3;1
2/2;8269;2024-02-06 01:00:00;38588;HH;верх;2028,675;2023,990;4,860;2;1
2/2;8270;2024-02-06 03:00:00;38590;LL;низ;2023,545;2029,555;5,130;2;1
2/2;8271;2024-02-06 05:00:00;38592;HH;верх;2029,855;2026,380;6,310;2;1
2/2;8272;2024-02-06 09:00:00;38596;LL;низ;2022,975;2026,820;6,880;4;1
2/2;8273;2024-02-06 16:00:00;38603;HH;верх;2038,945;2036,645;15,970;7;2
2/2;8274;2024-02-07 12:00:00;38622;HL;низ;2030,645;2042,530;8,300;19;2
2/2;8275;2024-02-07 14:00:00;38624;HH;верх;2044,655;2038,455;14,010;2;1
2/2;8276;2024-02-07 21:00:00;38631;HL;низ;2033,760;2037,345;10,895;7;2
2/2;8277;2024-02-08 02:00:00;38635;LH;верх;2038,785;2032,275;5,025;4;1
2/2;8278;2024-02-08 08:00:00;38641;LL;низ;2028,985;2036,150;9,800;6;2
2/2;8279;2024-02-08 10:00:00;38643;LH;верх;2038,515;2025,020;9,530;2;2
2/2;8280;2024-02-08 14:00:00;38647;LL;низ;2020,250;2031,990;18,265;4;1
2/2;8281;2024-02-08 18:00:00;38651;LH;верх;2035,360;2033,065;15,110;4;2
2/2;8282;2024-02-09 00:00:00;38656;HL;низ;2031,980;2034,400;3,380;5;1
2/2;8283;2024-02-09 02:00:00;38658;LH;верх;2035,175;2032,810;3,195;2;1
2/2;8284;2024-02-09 05:00:00;38661;HL;низ;2032,165;2033,610;3,010;3;1
2/2;8285;2024-02-09 07:00:00;38663;LH;верх;2035,005;2031,635;2,840;2;1
2/2;8286;2024-02-09 08:00:00;38664;LL;низ;2030,575;2032,805;4,430;1;1
2/2;8287;2024-02-09 13:00:00;38669;HH;верх;2037,250;2022,500;6,675;5;1
2/2;8288;2024-02-09 16:00:00;38672;LL;низ;2020,350;2023,730;16,900;3;1
2/2;8289;2024-02-11 23:00:00;38678;LH;верх;2026,805;2023,595;6,455;6;2
2/2;8290;2024-02-12 03:00:00;38682;HL;низ;2021,930;2023,915;4,875;4;1
2/2;8291;2024-02-12 08:00:00;38687;HH;верх;2027,325;2021,000;5,395;5;1
2/2;8292;2024-02-12 10:00:00;38689;LL;низ;2020,065;2021,470;7,260;2;1
2/2;8293;2024-02-12 13:00:00;38692;HH;верх;2027,665;2013,205;7,600;3;1
2/2;8294;2024-02-12 16:00:00;38695;LL;низ;2011,945;2021,535;15,720;3;1
2/2;8295;2024-02-12 18:00:00;38697;LH;верх;2021,610;2020,110;9,665;2;1
2/2;8296;2024-02-13 00:00:00;38702;HL;низ;2018,385;2018,985;3,225;5;1
2/2;8297;2024-02-13 01:00:00;38703;LH;верх;2021,275;2018,665;2,890;1;1
2/2;8298;2024-02-13 03:00:00;38705;LL;низ;2016,980;2020,835;4,295;2;1
2/2;8299;2024-02-13 13:00:00;38715;HH;верх;2031,588;1992,305;14,608;10;1
2/2;8300;2024-02-14 01:00:00;38726;LL;низ;1988,895;1992,505;42,693;11;2
2/2;8301;2024-02-14 02:00:00;38727;LH;верх;1993,645;1992,440;4,750;1;2
2/2;8302;2024-02-14 08:00:00;38733;LL;низ;1986,080;1992,955;7,565;6;1
2/2;8303;2024-02-14 10:00:00;38735;LH;верх;1993,475;1990,330;7,395;2;1
2/2;8304;2024-02-14 15:00:00;38740;LL;низ;1984,305;1994,415;9,170;5;1
2/2;8305;2024-02-14 18:00:00;38743;HH;верх;1996,155;1991,170;11,850;3;1
2/2;8306;2024-02-14 20:00:00;38745;HL;низ;1989,695;1993,800;6,460;2;1
2/2;8307;2024-02-15 01:00:00;38749;LH;верх;1994,395;1990,865;4,700;4;1
2/2;8308;2024-02-15 03:00:00;38751;HL;низ;1990,325;1991,990;4,070;2;2
2/2;8309;2024-02-15 14:00:00;38762;HH;верх;2008,340;2000,275;18,015;11;1
2/2;8310;2024-02-15 16:00:00;38764;HL;низ;1998,505;2004,580;9,835;2;1
2/2;8311;2024-02-15 19:00:00;38767;LH;верх;2006,510;2004,400;8,005;3;1
2/2;8312;2024-02-16 00:00:00;38771;HL;низ;2002,420;2004,585;4,090;4;1
2/2;8313;2024-02-16 01:00:00;38772;LH;верх;2005,710;2004,380;3,290;1;1
2/2;8314;2024-02-16 06:00:00;38777;HL;низ;2002,785;2005,020;2,925;5;1
2/2;8315;2024-02-16 12:00:00;38783;HH;верх;2008,190;1998,110;5,405;6;2
2/2;8316;2024-02-16 13:00:00;38784;LL;низ;1995,160;2007,980;13,030;1;1
2/2;8317;2024-02-16 19:00:00;38790;HH;верх;2015,230;2013,230;20,070;6;1
2/2;8318;2024-02-18 23:00:00;38793;HL;низ;2000,355;2019,875;14,875;3;1
2/2;8319;2024-02-19 02:00:00;38796;HH;верх;2022,925;2019,130;22,570;3;1
2/2;8320;2024-02-19 04:00:00;38798;HL;низ;2018,345;2021,540;4,580;2;1
2/2;8321;2024-02-19 07:00:00;38801;HH;верх;2023,070;2020,180;4,725;3;1
2/2;8322;2024-02-19 16:00:00;38810;LL;низ;2013,310;2017,700;9,760;9;1
2/2;8323;2024-02-19 17:00:00;38811;LH;верх;2018,580;2017,945;5,270;1;1
2/2;8324;2024-02-20 00:00:00;38815;HL;низ;2015,120;2017,680;3,460;4;1
2/2;8325;2024-02-20 14:00:00;38829;HH;верх;2030,920;2026,965;15,800;14;2
2/2;8326;2024-02-20 14:00:00;38829;HL;низ;2025,505;2026,965;5,415;0;1
2/2;8327;2024-02-20 18:00:00;38833;LH;верх;2028,910;2024,375;3,405;4;1
2/2;8328;2024-02-21 00:00:00;38838;LL;низ;2023,010;2027,975;5,900;5;2
2/2;8329;2024-02-21 05:00:00;38843;HH;верх;2032,330;2028,895;9,320;5;1
2/2;8330;2024-02-21 09:00:00;38847;HL;низ;2025,985;2028,315;6,345;4;1
2/2;8331;2024-02-21 13:00:00;38851;LH;верх;2031,600;2024,205;5,615;4;2
2/2;8332;2024-02-21 19:00:00;38857;LL;низ;2020,095;2026,040;11,505;6;1
2/2;8333;2024-02-22 01:00:00;38862;LH;верх;2028,655;2026,365;8,560;5;2
2/2;8334;2024-02-22 04:00:00;38865;HL;низ;2025,600;2029,315;3,055;3;1
2/2;8335;2024-02-22 08:00:00;38869;HH;верх;2034,945;2029,495;9,345;4;1
2/2;8336;2024-02-22 18:00:00;38879;LL;низ;2019,715;2024,700;15,230;10;2
2/2;8337;2024-02-23 02:00:00;38886;LH;верх;2027,460;2026,140;7,745;7;1
2/2;8338;2024-02-23 09:00:00;38893;LL;низ;2016,125;2023,935;11,335;7;2
2/2;8339;2024-02-23 18:00:00;38902;HH;верх;2041,410;2036,660;25,285;9;1
2/2;8340;2024-02-26 01:00:00;38908;HL;низ;2029,965;2032,630;11,445;6;2
2/2;8341;2024-02-26 08:00:00;38915;LH;верх;2037,130;2032,230;7,165;7;2
2/2;8342;2024-02-26 15:00:00;38922;LL;низ;2025,115;2028,740;12,015;7;1
2/2;8343;2024-02-27 08:00:00;38938;HH;верх;2039,510;2036,515;14,395;16;2
2/2;8344;2024-02-27 10:00:00;38940;HL;низ;2034,690;2038,375;4,820;2;1
2/2;8345;2024-02-27 12:00:00;38942;LH;верх;2039,180;2035,025;4,490;2;2
2/2;8346;2024-02-27 20:00:00;38950;LL;низ;2028,855;2030,185;10,325;8;2
2/2;8347;2024-02-28 01:00:00;38954;LH;верх;2033,785;2030,985;4,930;4;2
2/2;8348;2024-02-28 10:00:00;38963;LL;низ;2024,555;2029,650;9,230;9;1
2/2;8349;2024-02-28 14:00:00;38967;HH;верх;2037,950;2033,660;13,395;4;2
2/2;8350;2024-02-28 19:00:00;38972;HL;низ;2030,875;2034,460;7,075;5;1
2/2;8351;2024-02-29 02:00:00;38978;LH;верх;2037,160;2035,250;6,285;6;1
2/2;8352;2024-02-29 05:00:00;38981;HL;низ;2034,485;2037,355;2,675;3;1
2/2;8353;2024-02-29 07:00:00;38983;HH;верх;2037,890;2034,640;3,405;2;1
2/2;8354;2024-02-29 12:00:00;38988;LL;низ;2028,165;2047,895;9,725;5;1
2/2;8355;2024-02-29 15:00:00;38991;HH;верх;2050,745;2045,730;22,580;3;1
2/2;8356;2024-02-29 17:00:00;38993;HL;низ;2043,335;2044,480;7,410;2;1
2/2;8357;2024-02-29 19:00:00;38995;LH;верх;2046,945;2044,290;3,610;2;1
2/2;8358;2024-03-01 00:00:00;38999;LL;низ;2042,915;2045,460;4,030;4;1
2/2;8359;2024-03-01 03:00:00;39002;LH;верх;2046,905;2045,125;3,990;3;1
2/2;8360;2024-03-01 05:00:00;39004;HL;низ;2043,485;2045,485;3,420;2;1
2/2;8361;2024-03-01 07:00:00;39006;HH;верх;2048,905;2046,470;5,420;2;1
2/2;8362;2024-03-01 08:00:00;39007;LL;низ;2039,110;2054,910;9,795;1;1
2/2;8363;2024-03-01 11:00:00;39010;HH;верх;2057,555;2051,655;18,445;3;1
2/2;8364;2024-03-01 14:00:00;39013;HL;низ;2045,670;2081,230;11,885;3;1
2/2;8365;2024-03-01 18:00:00;39017;HH;верх;2088,380;2083,515;42,710;4;2
2/2;8366;2024-03-04 01:00:00;39023;HL;низ;2079,530;2081,515;8,850;6;1
2/2;8367;2024-03-04 07:00:00;39029;LH;верх;2088,380;2085,245;8,850;6;1
2/2;8368;2024-03-04 13:00:00;39035;HL;низ;2081,185;2109,090;7,195;6;1
2/2;8369;2024-03-04 16:00:00;39038;HH;верх;2119,975;2115,370;38,790;3;1
2/2;8370;2024-03-04 19:00:00;39041;HL;низ;2113,390;2114,365;6,585;3;1
2/2;8371;2024-03-04 20:00:00;39042;LH;верх;2118,625;2114,625;5,235;1;2
2/2;8372;2024-03-05 01:00:00;39046;LL;низ;2110,530;2113,040;8,095;4;1
2/2;8373;2024-03-05 05:00:00;39050;HH;верх;2119,815;2114,495;9,285;4;1
2/2;8374;2024-03-05 07:00:00;39052;HL;низ;2114,025;2124,645;5,790;2;1
2/2;8375;2024-03-05 10:00:00;39055;HH;верх;2127,410;2124,465;13,385;3;1
2/2;8376;2024-03-05 12:00:00;39057;HL;низ;2121,250;2128,195;6,160;2;1
2/2;8377;2024-03-05 13:00:00;39058;HH;верх;2141,880;2126,705;20,630;1;1
2/2;8378;2024-03-05 16:00:00;39061;HL;низ;2123,725;2130,780;18,155;3;1
2/2;8379;2024-03-05 19:00:00;39064;LH;верх;2134,770;2128,045;11,045;3;1
2/2;8380;2024-03-06 03:00:00;39071;HL;низ;2123,765;2125,385;11,005;7;1
2/2;8381;2024-03-06 07:00:00;39075;LH;верх;2131,595;2128,680;7,830;4;1
2/2;8382;2024-03-06 08:00:00;39076;HL;низ;2124,420;2125,695;7,175;1;1
2/2;8383;2024-03-06 18:00:00;39086;HH;верх;2152,250;2146,765;27,830;10;1
2/2;8384;2024-03-06 19:00:00;39087;HL;низ;2139,505;2148,150;12,745;1;1
2/2;8385;2024-03-06 23:00:00;39090;LH;верх;2151,450;2146,255;11,945;3;1
2/2;8386;2024-03-07 01:00:00;39092;HL;низ;2144,255;2151,825;7,195;2;1
2/2;8387;2024-03-07 04:00:00;39095;HH;верх;2161,590;2155,475;17,335;3;1
2/2;8388;2024-03-07 06:00:00;39097;HL;низ;2151,620;2155,365;9,970;2;1
2/2;8389;2024-03-07 08:00:00;39099;LH;верх;2159,930;2157,665;8,310;2;1
2/2;8390;2024-03-07 11:00:00;39102;HL;низ;2153,340;2159,605;6,590;3;1
2/2;8391;2024-03-07 13:00:00;39104;HH;верх;2164,800;2153,765;11,460;2;1
2/2;8392;2024-03-07 14:00:00;39105;LL;низ;2147,985;2156,270;16,815;1;1
2/2;8393;2024-03-08 00:00:00;39114;LH;верх;2163,650;2155,405;15,665;9;2
2/2;8394;2024-03-08 03:00:00;39117;HL;низ;2154,060;2157,840;9,590;3;1
2/2;8395;2024-03-08 13:00:00;39127;HH;верх;2185,485;2177,250;31,425;10;2
2/2;8396;2024-03-08 13:00:00;39127;HL;низ;2156,785;2177,250;28,700;0;1
2/2;8397;2024-03-08 17:00:00;39131;HH;верх;2195,235;2176,410;38,450;4;1
2/2;8398;2024-03-08 19:00:00;39133;HL;низ;2168,385;2179,105;26,850;2;1
2/2;8399;2024-03-11 00:00:00;39138;LH;верх;2189,125;2177,550;20,740;5;1
2/2;8400;2024-03-11 02:00:00;39140;HL;низ;2176,915;2180,745;12,210;2;2
2/2;8401;2024-03-11 08:00:00;39146;LH;верх;2183,155;2177,715;6,240;6;1
2/2;8402;2024-03-11 13:00:00;39151;LL;низ;2174,860;2184,355;8,295;5;2
2/2;8403;2024-03-11 15:00:00;39153;HH;верх;2185,755;2179,685;10,895;2;1
2/2;8404;2024-03-11 18:00:00;39156;HL;низ;2177,255;2182,730;8,500;3;1
2/2;8405;2024-03-11 22:00:00;39159;LH;верх;2184,815;2180,505;7,560;3;1
2/2;8406;2024-03-12 06:00:00;39167;LL;низ;2173,695;2177,895;11,120;8;1
2/2;8407;2024-03-12 12:00:00;39173;LH;верх;2182,085;2162,115;8,390;6;2
2/2;8408;2024-03-12 14:00:00;39175;LL;низ;2152,715;2165,840;29,370;2;1
2/2;8409;2024-03-12 16:00:00;39177;LH;верх;2166,605;2153,625;13,890;2;1
2/2;8410;2024-03-12 19:00:00;39180;LL;низ;2150,660;2158,845;15,945;3;1
2/2;8411;2024-03-12 22:00:00;39182;LH;верх;2161,530;2159,360;10,870;2;1
2/2;8412;2024-03-12 23:00:00;39183;HL;низ;2155,855;2158,680;5,675;1;1
2/2;8413;2024-03-13 02:00:00;39186;HH;верх;2161,655;2159,400;5,800;3;1
2/2;8414;2024-03-13 04:00:00;39188;HL;низ;2157,295;2159,515;4,360;2;1
2/2;8415;2024-03-13 06:00:00;39190;LH;верх;2161,595;2158,260;4,300;2;1
2/2;8416;2024-03-13 09:00:00;39193;HL;низ;2157,555;2164,035;4,040;3;2
2/2;8417;2024-03-13 17:00:00;39201;HH;верх;2179,920;2172,675;22,365;8;1
2/2;8418;2024-03-13 19:00:00;39203;HL;низ;2171,805;2174,775;8,115;2;1
2/2;8419;2024-03-14 01:00:00;39208;LH;верх;2177,045;2172,300;5,240;5;1
2/2;8420;2024-03-14 06:00:00;39213;LL;низ;2167,470;2169,645;9,575;5;1
2/2;8421;2024-03-14 09:00:00;39216;LH;верх;2172,085;2168,540;4,615;3;1
2/2;8422;2024-03-14 15:00:00;39222;LL;низ;2152,845;2160,255;19,240;6;1
2/2;8423;2024-03-14 17:00:00;39224;LH;верх;2165,110;2163,530;12,265;2;2
2/2;8424;2024-03-15 00:00:00;39230;HL;низ;2160,655;2162,460;4,455;6;1
2/2;8425;2024-03-15 06:00:00;39236;HH;верх;2170,145;2169,110;9,490;6;2
2/2;8426;2024-03-15 08:00:00;39238;HL;низ;2165,370;2169,350;4,775;2;1
2/2;8427;2024-03-15 09:00:00;39239;HH;верх;2172,810;2167,060;7,440;1;1
2/2;8428;2024-03-17 22:00:00;39251;LL;низ;2153,205;2156,685;19,605;12;3
2/2;8429;2024-03-18 00:00:00;39253;LH;верх;2157,605;2147,990;4,400;2;1
2/2;8430;2024-03-18 03:00:00;39256;LL;низ;2146,155;2147,145;11,450;3;1
2/2;8431;2024-03-18 12:00:00;39265;HH;верх;2163,630;2158,520;17,475;9;1
2/2;8432;2024-03-18 13:00:00;39266;HL;низ;2155,635;2158,435;7,995;1;1
2/2;8433;2024-03-18 15:00:00;39268;LH;верх;2161,365;2160,055;5,730;2;1
2/2;8434;2024-03-18 16:00:00;39269;LL;низ;2154,625;2159,455;6,740;1;1
2/2;8435;2024-03-19 00:00:00;39276;HH;верх;2162,905;2160,870;8,280;7;1
2/2;8436;2024-03-19 08:00:00;39284;LL;низ;2147,205;2154,185;15,700;8;2
2/2;8437;2024-03-19 13:00:00;39289;LH;верх;2158,775;2154,365;11,570;5;1
2/2;8438;2024-03-19 14:00:00;39290;HL;низ;2148,455;2154,560;10,320;1;1
2/2;8439;2024-03-19 22:00:00;39297;HH;верх;2159,705;2157,220;11,250;7;1
2/2;8440;2024-03-20 00:00:00;39299;HL;низ;2155,290;2159,040;4,415;2;1
2/2;8441;2024-03-20 04:00:00;39303;HH;верх;2160,295;2157,105;5,005;4;3
2/2;8442;2024-03-20 12:00:00;39311;LL;низ;2149,660;2157,130;10,635;8;1
2/2;8443;2024-03-20 22:00:00;39320;HH;верх;2222,915;2199,035;73,255;9;4
2/2;8444;2024-03-21 08:00:00;39330;HL;низ;2196,925;2207,760;25,990;10;1
2/2;8445;2024-03-21 10:00:00;39332;LH;верх;2211,860;2207,775;14,935;2;1
2/2;8446;2024-03-21 15:00:00;39337;LL;низ;2166,445;2180,915;45,415;5;1
2/2;8447;2024-03-22 00:00:00;39345;LH;верх;2186,130;2172,645;19,685;8;2
2/2;8448;2024-03-22 02:00:00;39347;HL;низ;2171,875;2173,695;14,255;2;1
2/2;8449;2024-03-22 06:00:00;39351;LH;верх;2176,320;2168,015;4,445;4;1
2/2;8450;2024-03-22 07:00:00;39352;LL;низ;2162,640;2166,685;13,680;1;2
2/2;8451;2024-03-22 13:00:00;39358;HH;верх;2180,190;2166,210;17,550;6;1
2/2;8452;2024-03-22 17:00:00;39362;LL;низ;2157,130;2164,005;23,060;4;2
2/2;8453;2024-03-25 02:00:00;39370;LH;верх;2178,405;2169,495;21,275;8;1
2/2;8454;2024-03-25 07:00:00;39375;HL;низ;2163,615;2168,500;14,790;5;1
2/2;8455;2024-03-25 13:00:00;39381;HH;верх;2181,410;2175,530;17,795;6;1
2/2;8456;2024-03-25 20:00:00;39388;HL;низ;2170,760;2172,990;10,650;7;1
2/2;8457;2024-03-26 01:00:00;39392;LH;верх;2174,475;2170,430;3,715;4;1
2/2;8458;2024-03-26 01:00:00;39392;LL;низ;2167,625;2170,430;6,850;0;2
2/2;8459;2024-03-26 10:00:00;39401;HH;верх;2200,175;2188,015;32,550;9;1
2/2;8460;2024-03-26 15:00:00;39406;HL;низ;2171,780;2176,840;28,395;5;3
2/2;8461;2024-03-27 03:00:00;39417;LH;верх;2181,810;2177,110;10,030;11;1
2/2;8462;2024-03-27 09:00:00;39423;HL;низ;2176,620;2188,515;5,190;6;1
2/2;8463;2024-03-27 11:00:00;39425;HH;верх;2197,675;2193,405;21,055;2;1
2/2;8464;2024-03-27 13:00:00;39427;HL;низ;2183,605;2190,515;14,070;2;1
2/2;8465;2024-03-27 14:00:00;39428;LH;верх;2195,305;2192,510;11,700;1;1
2/2;8466;2024-03-27 18:00:00;39432;HL;низ;2189,085;2194,860;6,220;4;1
2/2;8467;2024-03-27 20:00:00;39434;LH;верх;2195,225;2190,735;6,140;2;1
2/2;8468;2024-03-28 00:00:00;39437;LL;низ;2187,410;2194,880;7,815;3;1
2/2;8469;2024-03-28 05:00:00;39442;HH;верх;2200,755;2193,840;13,345;5;1
2/2;8470;2024-03-28 08:00:00;39445;HL;низ;2190,900;2212,260;9,855;3;1
2/2;8471;2024-03-28 13:00:00;39450;HH;верх;2217,175;2215,970;26,275;5;1
2/2;8472;2024-03-28 13:00:00;39450;HL;низ;2202,320;2215,970;14,855;0;1
2/2;8473;2024-04-01 04:00:00;39464;HH;верх;2265,775;2260,325;63,455;14;3
2/2;8474;2024-04-01 14:00:00;39474;HL;низ;2228,540;2238,175;37,235;10;1
2/2;8475;2024-04-01 22:00:00;39481;LH;верх;2255,935;2250,405;27,395;7;1
2/2;8476;2024-04-02 01:00:00;39484;HL;низ;2246,715;2251,640;9,220;3;1
2/2;8477;2024-04-02 09:00:00;39492;HH;верх;2266,875;2260,695;20,160;8;2
2/2;8478;2024-04-02 12:00:00;39495;HL;низ;2253,435;2260,815;13,440;3;1
2/2;8479;2024-04-02 14:00:00;39497;HH;верх;2277,050;2260,360;23,615;2;1
2/2;8480;2024-04-02 15:00:00;39498;LL;низ;2250,895;2265,945;26,155;1;1
2/2;8481;2024-04-02 22:00:00;39504;HH;верх;2288,435;2283,380;37,540;6;1
2/2;8482;2024-04-03 01:00:00;39507;HL;низ;2276,765;2285,170;11,670;3;1
2/2;8483;2024-04-03 03:00:00;39509;LH;верх;2288,025;2286,095;11,260;2;1
2/2;8484;2024-04-03 12:00:00;39518;LL;низ;2265,505;2282,810;22,520;9;2
2/2;8485;2024-04-03 22:00:00;39527;HH;верх;2302,800;2302,340;37,295;9;1
2/2;8486;2024-04-03 23:00:00;39528;HL;низ;2296,405;2301,135;6,395;1;1
2/2;8487;2024-04-04 01:00:00;39530;HH;верх;2304,990;2299,215;8,585;2;3
2/2;8488;2024-04-04 12:00:00;39541;LL;низ;2282,690;2295,230;22,300;11;1
2/2;8489;2024-04-04 18:00:00;39547;HH;верх;2305,650;2291,210;22,960;6;2
2/2;8490;2024-04-05 01:00:00;39553;LL;низ;2267,780;2276,795;37,870;6;4
2/2;8491;2024-04-05 17:00:00;39569;HH;верх;2330,525;2323,325;62,745;16;2
2/2;8492;2024-04-08 01:00:00;39576;HL;низ;2302,975;2345,615;27,550;7;2
2/2;8493;2024-04-08 02:00:00;39577;HH;верх;2354,155;2342,240;51,180;1;1
2/2;8494;2024-04-08 06:00:00;39581;HL;низ;2331,895;2336,390;22,260;4;1
2/2;8495;2024-04-08 10:00:00;39585;LH;верх;2343,640;2329,110;11,745;4;1
2/2;8496;2024-04-08 14:00:00;39589;LL;низ;2318,740;2328,555;24,900;4;1
2/2;8497;2024-04-09 09:00:00;39607;HH;верх;2365,395;2354,610;46,655;18;4
2/2;8498;2024-04-09 15:00:00;39613;HL;низ;2338,355;2347,430;27,040;6;1
2/2;8499;2024-04-10 00:00:00;39621;LH;верх;2355,650;2352,205;17,295;8;1
2/2;8500;2024-04-10 01:00:00;39622;HL;низ;2344,805;2351,385;10,845;1;1
2/2;8501;2024-04-10 05:00:00;39626;HH;верх;2360,150;2353,110;15,345;4;1
2/2;8502;2024-04-10 13:00:00;39634;LL;низ;2319,395;2337,005;40,755;8;1
2/2;8503;2024-04-10 14:00:00;39635;LH;верх;2352,465;2337,335;33,070;1;1
2/2;8504;2024-04-10 17:00:00;39638;HL;низ;2325,910;2329,655;26,555;3;2
2/2;8505;2024-04-11 03:00:00;39647;LH;верх;2346,955;2342,060;21,045;9;1
2/2;8506;2024-04-11 08:00:00;39652;LL;низ;2325,740;2338,605;21,215;5;1
2/2;8507;2024-04-12 02:00:00;39669;HH;верх;2395,505;2384,305;69,765;17;3
2/2;8508;2024-04-12 04:00:00;39671;HL;низ;2382,885;2395,220;12,620;2;1
2/2;8509;2024-04-12 08:00:00;39675;HH;верх;2400,725;2398,180;17,840;4;1
2/2;8510;2024-04-12 11:00:00;39678;HL;низ;2390,435;2404,580;10,290;3;1
2/2;8511;2024-04-12 15:00:00;39682;HH;верх;2431,590;2355,210;41,155;4;1
2/2;8512;2024-04-12 19:00:00;39686;LL;низ;2333,880;2356,975;97,710;4;1
2/2;8513;2024-04-14 22:00:00;39688;LH;верх;2372,990;2353,365;39,110;2;1
2/2;8514;2024-04-15 01:00:00;39691;HL;низ;2348,425;2358,645;24,565;3;1
2/2;8515;2024-04-15 05:00:00;39695;LH;верх;2362,540;2353,225;14,115;4;1
2/2;8516;2024-04-15 08:00:00;39698;LL;низ;2344,765;2356,850;17,775;3;1
2/2;8517;2024-04-15 11:00:00;39701;LH;верх;2361,305;2348,770;16,540;3;1
2/2;8518;2024-04-15 14:00:00;39704;LL;низ;2324,255;2357,280;37,050;3;1
2/2;8519;2024-04-15 22:00:00;39711;HH;верх;2392,255;2383,515;68,000;7;1
2/2;8520;2024-04-16 01:00:00;39714;HL;низ;2379,350;2388,025;12,905;3;1
2/2;8521;2024-04-16 03:00:00;39716;LH;верх;2389,430;2386,425;10,080;2;1
2/2;8522;2024-04-16 07:00:00;39720;LL;низ;2363,060;2372,375;26,370;4;2
2/2;8523;2024-04-16 16:00:00;39729;HH;верх;2398,380;2392,410;35,320;9;1
2/2;8524;2024-04-16 20:00:00;39733;HL;низ;2378,470;2382,770;19,910;4;2
2/2;8525;2024-04-17 02:00:00;39738;LH;верх;2386,300;2382,060;7,830;5;1
2/2;8526;2024-04-17 06:00:00;39742;LL;низ;2372,755;2393,030;13,545;4;1
2/2;8527;2024-04-17 09:00:00;39745;HH;верх;2394,380;2387,415;21,625;3;1
2/2;8528;2024-04-17 12:00:00;39748;HL;низ;2378,370;2390,575;16,010;3;1
2/2;8529;2024-04-17 14:00:00;39750;HH;верх;2395,640;2372,510;17,270;2;1
2/2;8530;2024-04-17 20:00:00;39756;LL;низ;2354,730;2367,950;40,910;6;2
2/2;8531;2024-04-18 07:00:00;39766;LH;верх;2381,090;2379,665;26,360;10;1
2/2;8532;2024-04-18 10:00:00;39769;HL;низ;2377,290;2385,535;3,800;3;1
2/2;8533;2024-04-18 13:00:00;39772;HH;верх;2392,860;2384,130;15,570;3;1
2/2;8534;2024-04-18 14:00:00;39773;LL;низ;2369,630;2388,030;23,230;1;1
2/2;8535;2024-04-18 17:00:00;39776;LH;верх;2389,405;2380,220;19,775;3;1
2/2;8536;2024-04-19 00:00:00;39782;HL;низ;2373,840;2400,520;15,565;6;2
2/2;8537;2024-04-19 01:00:00;39783;HH;верх;2417,920;2391,455;44,080;1;2
2/2;8538;2024-04-19 11:00:00;39793;LL;низ;2372,910;2378,755;45,010;10;2
2/2;8539;2024-04-19 17:00:00;39799;LH;верх;2401,995;2387,665;29,085;6;1
2/2;8540;2024-04-22 06:00:00;39811;LL;низ;2351,495;2359,690;50,500;12;1
2/2;8541;2024-04-22 09:00:00;39814;LH;верх;2363,780;2342,245;12,285;3;1
2/2;8542;2024-04-22 18:00:00;39823;LL;низ;2324,670;2327,240;39,110;9;2
2/2;8543;2024-04-23 01:00:00;39829;LH;верх;2334,510;2302,630;9,840;6;1
2/2;8544;2024-04-23 01:00:00;39829;LL;низ;2295,635;2302,630;38,875;0;1
2/2;8545;2024-04-23 05:00:00;39833;LH;верх;2314,835;2309,080;19,200;4;1
2/2;8546;2024-04-23 09:00:00;39837;LL;низ;2291,465;2302,205;23,370;4;2
2/2;8547;2024-04-23 14:00:00;39842;HH;верх;2332,210;2330,460;40,745;5;2
2/2;8548;2024-04-23 19:00:00;39847;HL;низ;2321,275;2321,890;10,935;5;1
2/2;8549;2024-04-23 23:00:00;39850;LH;верх;2324,375;2318,345;3,100;3;1
2/2;8550;2024-04-24 02:00:00;39853;LL;низ;2315,845;2326,785;8,530;3;1
2/2;8551;2024-04-24 06:00:00;39857;HH;верх;2331,370;2319,255;15,525;4;1
2/2;8552;2024-04-24 09:00:00;39860;LL;низ;2311,815;2316,230;19,555;3;2
2/2;8553;2024-04-24 15:00:00;39866;HH;верх;2337,385;2324,480;25,570;6;1
2/2;8554;2024-04-24 20:00:00;39871;HL;низ;2313,720;2316,315;23,665;5;2
2/2;8555;2024-04-25 02:00:00;39876;LH;верх;2322,165;2315,405;8,445;5;1
2/2;8556;2024-04-25 03:00:00;39877;LL;низ;2305,025;2319,570;17,140;1;1
2/2;8557;2024-04-25 08:00:00;39882;HH;верх;2328,950;2328,225;23,925;5;1
2/2;8558;2024-04-25 13:00:00;39887;HL;низ;2312,870;2330,440;16,080;5;1
2/2;8559;2024-04-25 14:00:00;39888;HH;верх;2344,930;2328,825;32,060;1;2
2/2;8560;2024-04-26 01:00:00;39898;HL;низ;2326,365;2334,750;18,565;10;1
2/2;8561;2024-04-26 09:00:00;39906;HH;верх;2352,640;2344,950;26,275;8;2
2/2;8562;2024-04-26 14:00:00;39911;HL;низ;2328,770;2333,670;23,870;5;1
2/2;8563;2024-04-26 18:00:00;39915;LH;верх;2341,470;2338,050;12,700;4;1
2/2;8564;2024-04-29 01:00:00;39921;LL;низ;2319,840;2328,510;21,630;6;1
2/2;8565;2024-04-29 09:00:00;39929;HH;верх;2344,445;2337,095;24,605;8;1
2/2;8566;2024-04-29 13:00:00;39933;HL;низ;2325,620;2337,915;18,825;4;1
2/2;8567;2024-04-29 16:00:00;39936;HH;верх;2346,830;2341,370;21,210;3;1
2/2;8568;2024-04-29 19:00:00;39939;HL;низ;2333,050;2335,085;13,780;3;1
2/2;8569;2024-04-30 01:00:00;39944;LH;верх;2336,250;2329,270;3,200;5;1
2/2;8570;2024-05-01 04:00:00;39970;LL;низ;2281,680;2286,920;54,570;26;4
2/2;8571;2024-05-01 18:00:00;39984;LH;верх;2328,430;2319,560;46,750;14;3
2/2;8572;2024-05-01 18:00:00;39984;HL;низ;2295,105;2319,560;33,325;0;1
2/2;8573;2024-05-02 01:00:00;39990;LH;верх;2326,515;2319,615;31,410;6;1
2/2;8574;2024-05-02 13:00:00;40002;LL;низ;2285,545;2299,970;40,970;12;1
2/2;8575;2024-05-02 18:00:00;40007;LH;верх;2309,530;2303,800;23,985;5;1
2/2;8576;2024-05-02 20:00:00;40009;HL;низ;2300,735;2304,315;8,795;2;1
2/2;8577;2024-05-03 01:00:00;40013;LH;верх;2306,440;2302,530;5,705;4;1
2/2;8578;2024-05-03 02:00:00;40014;LL;низ;2299,925;2307,485;6,515;1;1
2/2;8579;2024-05-03 05:00:00;40017;HH;верх;2308,800;2299,275;8,875;3;1
2/2;8580;2024-05-03 07:00:00;40019;LL;низ;2297,850;2301,640;10,950;2;1
2/2;8581;2024-05-03 12:00:00;40024;HH;верх;2320,705;2291,295;22,855;5;2
2/2;8582;2024-05-03 13:00:00;40025;LL;низ;2277,345;2293,770;43,360;1;1
2/2;8583;2024-05-03 17:00:00;40029;LH;верх;2303,220;2301,475;25,875;4;1
2/2;8584;2024-05-03 19:00:00;40031;HL;низ;2296,075;2301,870;7,145;2;1
2/2;8585;2024-05-03 20:00:00;40032;HH;верх;2303,465;2294,090;7,390;1;1
2/2;8586;2024-05-06 00:00:00;40035;LL;низ;2291,850;2311,290;11,615;3;1
2/2;8587;2024-05-06 07:00:00;40042;HH;верх;2324,340;2321,225;32,490;7;2
2/2;8588;2024-05-06 12:00:00;40047;HL;низ;2314,600;2321,200;9,740;5;1
2/2;8589;2024-05-06 13:00:00;40048;HH;верх;2332,225;2324,915;17,625;1;1
2/2;8590;2024-05-06 16:00:00;40051;HL;низ;2317,765;2326,415;14,460;3;1
2/2;8591;2024-05-06 20:00:00;40055;LH;верх;2329,055;2326,135;11,290;4;1
2/2;8592;2024-05-06 23:00:00;40057;HL;низ;2322,300;2322,865;6,755;2;1
2/2;8593;2024-05-07 01:00:00;40059;HH;верх;2329,980;2324,995;7,680;2;1
2/2;8594;2024-05-07 12:00:00;40070;LL;низ;2310,040;2314,275;19,940;11;3
2/2;8595;2024-05-07 13:00:00;40071;LH;верх;2323,775;2314,850;13,735;1;1
2/2;8596;2024-05-07 17:00:00;40075;HL;низ;2311,150;2314,825;12,625;4;1
2/2;8597;2024-05-07 22:00:00;40079;LH;верх;2316,960;2314,230;5,810;4;1
2/2;8598;2024-05-08 01:00:00;40082;LL;низ;2307,070;2317,075;9,890;3;1
2/2;8599;2024-05-08 05:00:00;40086;HH;верх;2321,530;2305,670;14,460;4;1
2/2;8600;2024-05-08 08:00:00;40089;LL;низ;2303,745;2315,575;17,785;3;1
2/2;8601;2024-05-08 12:00:00;40093;LH;верх;2319,235;2315,550;15,490;4;1
2/2;8602;2024-05-08 13:00:00;40094;HL;низ;2306,900;2320,450;12,335;1;1
2/2;8603;2024-05-08 16:00:00;40097;HH;верх;2321,150;2312,780;14,250;3;1
2/2;8604;2024-05-08 20:00:00;40101;HL;низ;2307,940;2308,885;13,210;4;2
2/2;8605;2024-05-09 05:00:00;40109;LH;верх;2319,850;2309,405;11,910;8;1
2/2;8606;2024-05-09 09:00:00;40113;LL;низ;2306,655;2315,985;13,195;4;1
2/2;8607;2024-05-10 10:00:00;40137;HH;верх;2378,560;2364,905;71,905;24;3
2/2;8608;2024-05-10 15:00:00;40142;HL;низ;2356,675;2369,735;21,885;5;1
2/2;8609;2024-05-10 18:00:00;40145;LH;верх;2371,040;2360,515;14,365;3;1
2/2;8610;2024-05-10 20:00:00;40147;HL;низ;2359,775;2360,490;11,265;2;1
2/2;8611;2024-05-13 00:00:00;40150;LH;верх;2364,555;2359,060;4,780;3;1
2/2;8612;2024-05-13 11:00:00;40161;LL;низ;2338,525;2344,150;26,030;11;2
2/2;8613;2024-05-13 12:00:00;40162;LH;верх;2349,875;2343,790;11,350;1;1
2/2;8614;2024-05-13 15:00:00;40165;LL;низ;2332,110;2336,005;17,765;3;1
2/2;8615;2024-05-13 19:00:00;40169;LH;верх;2338,595;2337,675;6,485;4;1
2/2;8616;2024-05-14 00:00:00;40173;HL;низ;2334,890;2340,525;3,705;4;2
2/2;8617;2024-05-14 05:00:00;40178;HH;верх;2345,985;2339,265;11,095;5;1
2/2;8618;2024-05-14 07:00:00;40180;HL;низ;2336,165;2345,895;9,820;2;1
2/2;8619;2024-05-14 09:00:00;40182;HH;верх;2348,275;2343,585;12,110;2;1
2/2;8620;2024-05-14 12:00:00;40185;HL;низ;2336,645;2353,165;11,630;3;1
2/2;8621;2024-05-14 14:00:00;40187;HH;верх;2357,145;2354,285;20,500;2;1
2/2;8622;2024-05-14 16:00:00;40189;HL;низ;2346,375;2357,700;10,770;2;1
2/2;8623;2024-05-14 18:00:00;40191;HH;верх;2359,705;2357,980;13,330;2;1
2/2;8624;2024-05-15 00:00:00;40196;HL;низ;2354,990;2358,720;4,715;5;1
2/2;8625;2024-05-15 03:00:00;40199;HH;верх;2361,055;2358,585;6,065;3;1
2/2;8626;2024-05-15 05:00:00;40201;HL;низ;2355,775;2362,515;5,280;2;1
2/2;8627;2024-05-15 12:00:00;40208;HH;верх;2379,060;2373,885;23,285;7;2
2/2;8628;2024-05-15 13:00:00;40209;LL;низ;2351,915;2377,690;27,145;1;1
2/2;8629;2024-05-16 01:00:00;40220;HH;верх;2397,515;2388,755;45,600;11;2
2/2;8630;2024-05-16 02:00:00;40221;HL;низ;2386,620;2391,400;10,895;1;1
2/2;8631;2024-05-16 05:00:00;40224;LH;верх;2394,525;2389,390;7,905;3;2
2/2;8632;2024-05-16 14:00:00;40233;LL;низ;2371,010;2382,000;23,515;9;1
2/2;8633;2024-05-16 16:00:00;40235;LH;верх;2383,830;2379,770;12,820;2;1
2/2;8634;2024-05-16 20:00:00;40239;HL;низ;2375,960;2377,900;7,870;4;1
2/2;8635;2024-05-17 02:00:00;40244;LH;верх;2381,285;2378,890;5,325;5;2
2/2;8636;2024-05-17 02:00:00;40244;LL;низ;2374,020;2378,890;7,265;0;1
2/2;8637;2024-05-20 05:00:00;40270;HH;верх;2450,125;2442,330;76,105;26;4
2/2;8638;2024-05-20 06:00:00;40271;HL;низ;2431,905;2440,185;18,220;1;1
2/2;8639;2024-05-20 09:00:00;40274;LH;верх;2447,235;2430,685;15,330;3;1
2/2;8640;2024-05-20 12:00:00;40277;LL;низ;2407,340;2423,060;39,895;3;1
2/2;8641;2024-05-20 18:00:00;40283;LH;верх;2437,410;2426,530;30,070;6;1
2/2;8642;2024-05-20 20:00:00;40285;HL;низ;2423,360;2426,320;14,050;2;1
2/2;8643;2024-05-21 01:00:00;40289;LH;верх;2433,135;2413,860;9,775;4;1
2/2;8644;2024-05-21 03:00:00;40291;LL;низ;2406,160;2416,515;26,975;2;1
2/2;8645;2024-05-21 07:00:00;40295;LH;верх;2422,260;2416,400;16,100;4;1
2/2;8646;2024-05-21 07:00:00;40295;HL;низ;2408,625;2416,400;13,635;0;1
2/2;8647;2024-05-21 15:00:00;40303;HH;верх;2433,995;2420,040;25,370;8;1
2/2;8648;2024-05-21 18:00:00;40306;HL;низ;2417,425;2421,025;16,570;3;1
2/2;8649;2024-05-22 02:00:00;40313;LH;верх;2426,615;2412,985;9,190;7;2
2/2;8650;2024-05-22 05:00:00;40316;LL;низ;2411,525;2417,315;15,090;3;1
2/2;8651;2024-05-22 07:00:00;40318;LH;верх;2418,540;2417,350;7,015;2;1
2/2;8652;2024-05-22 08:00:00;40319;LL;низ;2410,690;2414,825;7,850;1;1
2/2;8653;2024-05-22 10:00:00;40321;HH;верх;2419,410;2412,490;8,720;2;1
2/2;8654;2024-05-22 18:00:00;40329;LL;низ;2374,995;2379,175;44,415;8;3
2/2;8655;2024-05-23 00:00:00;40334;LH;верх;2383,785;2369,585;8,790;5;1
2/2;8656;2024-05-23 06:00:00;40340;LL;низ;2354,985;2360,565;28,800;6;2
2/2;8657;2024-05-23 13:00:00;40347;LH;верх;2369,935;2346,205;14,950;7;1
2/2;8658;2024-05-23 20:00:00;40354;LL;низ;2327,020;2332,060;42,915;7;1
2/2;8659;2024-05-24 01:00:00;40358;LH;верх;2335,240;2330,710;8,220;4;1
2/2;8660;2024-05-24 02:00:00;40359;LL;низ;2325,465;2335,160;9,775;1;1
2/2;8661;2024-05-24 13:00:00;40370;HH;верх;2347,540;2334,640;22,075;11;2
2/2;8662;2024-05-24 19:00:00;40376;HL;низ;2331,975;2340,345;15,565;6;1
2/2;8663;2024-05-27 03:00:00;40383;HH;верх;2347,665;2343,755;15,690;7;2
2/2;8664;2024-05-27 07:00:00;40387;HL;низ;2338,225;2343,370;9,440;4;1
2/2;8665;2024-05-27 14:00:00;40394;HH;верх;2358,565;2354,965;20,340;7;2
2/2;8666;2024-05-27 18:00:00;40398;HL;низ;2350,795;2352,550;7,770;4;1
2/2;8667;2024-05-28 01:00:00;40402;LH;верх;2356,440;2351,010;5,645;4;1
2/2;8668;2024-05-28 08:00:00;40409;LL;низ;2340,310;2345,770;16,130;7;2
2/2;8669;2024-05-28 13:00:00;40414;HH;верх;2364,175;2360,345;23,865;5;2
2/2;8670;2024-05-28 18:00:00;40419;HL;низ;2352,870;2361,385;11,305;5;1
2/2;8671;2024-05-28 22:00:00;40422;LH;верх;2361,615;2357,900;8,745;3;1
2/2;8672;2024-05-29 02:00:00;40426;HL;низ;2354,485;2358,340;7,130;4;1
2/2;8673;2024-05-29 05:00:00;40429;LH;верх;2361,450;2350,600;6,965;3;1
2/2;8674;2024-05-29 12:00:00;40436;LL;низ;2334,540;2343,550;26,910;7;1
2/2;8675;2024-05-29 13:00:00;40437;LH;верх;2347,265;2339,170;12,725;1;1
2/2;8676;2024-05-29 16:00:00;40440;HL;низ;2336,130;2338,280;11,135;3;1
2/2;8677;2024-05-29 18:00:00;40442;LH;верх;2344,380;2338,145;8,250;2;1
2/2;8678;2024-05-29 20:00:00;40444;LL;низ;2335,940;2338,500;8,440;2;1
2/2;8679;2024-05-30 01:00:00;40448;LH;верх;2339,945;2334,455;4,005;4;1
2/2;8680;2024-05-30 02:00:00;40449;LL;низ;2328,135;2335,400;11,810;1;1
2/2;8681;2024-05-30 04:00:00;40451;LH;верх;2337,210;2332,940;9,075;2;1
2/2;8682;2024-05-30 05:00:00;40452;LL;низ;2322,660;2334,465;14,550;1;2
2/2;8683;2024-05-30 14:00:00;40461;HH;верх;2351,905;2347,960;29,245;9;1
2/2;8684;2024-05-30 16:00:00;40463;HL;низ;2340,955;2342,625;10,950;2;1
2/2;8685;2024-05-30 17:00:00;40464;LH;верх;2348,925;2341,575;7,970;1;1
2/2;8686;2024-05-30 19:00:00;40466;LL;низ;2339,935;2344,200;8,990;2;1
2/2;8687;2024-05-31 02:00:00;40472;LH;верх;2347,810;2344,185;7,875;6;1
2/2;8688;2024-05-31 03:00:00;40473;LL;низ;2337,040;2342,510;10,770;1;1
2/2;8689;2024-05-31 06:00:00;40476;LH;верх;2347,165;2343,370;10,125;3;1
2/2;8690;2024-05-31 08:00:00;40478;HL;низ;2339,765;2344,100;7,400;2;1
2/2;8691;2024-05-31 13:00:00;40483;HH;верх;2359,725;2330,140;19,960;5;1
2/2;8692;2024-05-31 19:00:00;40489;LL;низ;2320,595;2326,505;39,130;6;1
2/2;8693;2024-06-03 01:00:00;40494;LH;верх;2331,145;2321,460;10,550;5;2
2/2;8694;2024-06-03 06:00:00;40499;LL;низ;2314,795;2325,565;16,350;5;1
2/2;8695;2024-06-03 07:00:00;40500;LH;верх;2328,965;2327,850;14,170;1;1
2/2;8696;2024-06-03 12:00:00;40505;HL;низ;2325,730;2341,800;3,235;5;1
2/2;8697;2024-06-03 17:00:00;40510;HH;верх;2354,770;2347,745;29,040;5;1
2/2;8698;2024-06-03 19:00:00;40512;HL;низ;2344,815;2350,885;9,955;2;1
2/2;8699;2024-06-04 00:00:00;40516;LH;верх;2352,885;2346,920;8,070;4;1
2/2;8700;2024-06-04 01:00:00;40517;LL;низ;2343,190;2345,720;9,695;1;1
2/2;8701;2024-06-04 06:00:00;40522;LH;верх;2351,855;2333,450;8,665;5;2
2/2;8702;2024-06-04 14:00:00;40530;LL;низ;2315,675;2324,010;36,180;8;1
2/2;8703;2024-06-04 17:00:00;40533;LH;верх;2330,420;2327,275;14,745;3;1
2/2;8704;2024-06-05 01:00:00;40540;HL;низ;2325,965;2337,250;4,455;7;1
2/2;8705;2024-06-05 05:00:00;40544;HH;верх;2341,745;2331,680;15,780;4;1
2/2;8706;2024-06-05 06:00:00;40545;HL;низ;2328,145;2332,745;13,600;1;2
2/2;8707;2024-06-05 15:00:00;40554;HH;верх;2357,425;2355,165;29,280;9;2
2/2;8708;2024-06-06 00:00:00;40562;HL;низ;2354,610;2374,425;2,815;8;1
2/2;8709;2024-06-06 03:00:00;40565;HH;верх;2375,045;2367,820;20,435;3;1
2/2;8710;2024-06-06 13:00:00;40575;LL;низ;2353,500;2374,215;21,545;10;2
2/2;8711;2024-06-06 15:00:00;40577;HH;верх;2378,600;2373,195;25,100;2;1
2/2;8712;2024-06-06 18:00:00;40580;HL;низ;2369,065;2376,090;9,535;3;2
2/2;8713;2024-06-07 05:00:00;40590;HH;верх;2387,785;2373,670;18,720;10;1
2/2;8714;2024-06-07 20:00:00;40605;LL;низ;2286,830;2298,570;100,955;15;1
2/2;8715;2024-06-09 23:00:00;40607;LH;верх;2300,145;2297,710;13,315;2;1
2/2;8716;2024-06-10 01:00:00;40609;HL;низ;2294,050;2295,375;6,095;2;1
2/2;8717;2024-06-10 02:00:00;40610;HH;верх;2301,450;2294,920;7,400;1;1
2/2;8718;2024-06-10 06:00:00;40614;LL;низ;2287,805;2292,680;13,645;4;1
2/2;8719;2024-06-10 16:00:00;40624;HH;верх;2313,865;2310,990;26,060;10;2
2/2;8720;2024-06-11 05:00:00;40636;HL;низ;2297,800;2304,625;16,065;12;4
2/2;8721;2024-06-11 12:00:00;40643;HH;верх;2320,000;2314,845;22,200;7;1
2/2;8722;2024-06-11 16:00:00;40647;HL;низ;2305,980;2313,855;14,020;4;1
2/2;8723;2024-06-11 22:00:00;40652;LH;верх;2317,720;2313,835;11,740;5;1
2/2;8724;2024-06-12 02:00:00;40656;HL;низ;2310,750;2312,820;6,970;4;1
2/2;8725;2024-06-12 06:00:00;40660;HH;верх;2317,850;2312,840;7,100;4;2
2/2;8726;2024-06-12 08:00:00;40662;HL;низ;2310,885;2313,515;6,965;2;2
2/2;8727;2024-06-12 13:00:00;40667;HH;верх;2341,700;2335,665;30,815;5;2
2/2;8728;2024-06-12 19:00:00;40673;HL;низ;2315,875;2322,015;25,825;6;1
2/2;8729;2024-06-12 22:00:00;40675;LH;верх;2325,030;2320,865;9,155;2;1
2/2;8730;2024-06-13 01:00:00;40678;LL;низ;2308,205;2314,305;16,825;3;2
2/2;8731;2024-06-13 07:00:00;40684;LH;верх;2318,690;2315,600;10,485;6;1
2/2;8732;2024-06-13 11:00:00;40688;LL;низ;2304,010;2310,865;14,680;4;1
2/2;8733;2024-06-13 12:00:00;40689;HH;верх;2326,795;2313,645;22,785;1;1
2/2;8734;2024-06-13 16:00:00;40693;LL;низ;2295,590;2303,130;31,205;4;1
2/2;8735;2024-06-13 19:00:00;40696;LH;верх;2305,070;2303,060;9,480;3;1
2/2;8736;2024-06-14 00:00:00;40700;HL;низ;2301,605;2306,715;3,465;4;2
2/2;8737;2024-06-14 11:00:00;40711;HH;верх;2336,725;2330,290;35,120;11;2
2/2;8738;2024-06-14 15:00:00;40715;HL;низ;2324,135;2334,255;12,590;4;1
2/2;8739;2024-06-14 17:00:00;40717;LH;верх;2335,650;2332,550;11,515;2;1
2/2;8740;2024-06-17 06:00:00;40729;LL;низ;2315,540;2321,375;20,110;12;2
2/2;8741;2024-06-17 09:00:00;40732;LH;верх;2322,720;2318,225;7,180;3;1
2/2;8742;2024-06-17 12:00:00;40735;HL;низ;2316,930;2324,620;5,790;3;1
2/2;8743;2024-06-17 14:00:00;40737;HH;верх;2327,680;2317,020;10,750;2;1
2/2;8744;2024-06-17 15:00:00;40738;LL;низ;2310,020;2316,765;17,660;1;1
2/2;8745;2024-06-18 02:00:00;40748;LH;верх;2325,725;2322,635;15,705;10;1
2/2;8746;2024-06-18 10:00:00;40756;LL;низ;2306,650;2313,975;19,075;8;1
2/2;8747;2024-06-18 17:00:00;40763;HH;верх;2333,165;2329,345;26,515;7;1
2/2;8748;2024-06-19 01:00:00;40770;HL;низ;2326,525;2328,360;6,640;7;2
2/2;8749;2024-06-19 03:00:00;40772;LH;верх;2331,840;2329,435;5,315;2;1
2/2;8750;2024-06-19 05:00:00;40774;HL;низ;2326,860;2331,940;4,980;2;1
2/2;8751;2024-06-19 08:00:00;40777;HH;верх;2335,030;2328,050;8,170;3;2
2/2;8752;2024-06-19 14:00:00;40783;LL;низ;2323,780;2329,475;11,250;6;1
2/2;8753;2024-06-19 16:00:00;40785;LH;верх;2331,370;2328,230;7,590;2;1
2/2;8754;2024-06-20 00:00:00;40790;HL;низ;2327,765;2333,870;3,605;5;2
2/2;8755;2024-06-20 06:00:00;40796;HH;верх;2345,755;2333,415;17,990;6;2
2/2;8756;2024-06-20 09:00:00;40799;HL;низ;2331,650;2339,395;14,105;3;1
2/2;8757;2024-06-20 15:00:00;40805;HH;верх;2365,590;2357,435;33,940;6;3
2/2;8758;2024-06-21 01:00:00;40814;HL;низ;2357,145;2362,210;8,445;9;1
2/2;8759;2024-06-21 05:00:00;40818;HH;верх;2365,680;2363,090;8,535;4;1
2/2;8760;2024-06-21 07:00:00;40820;LL;низ;2355,190;2363,970;10,490;2;1
2/2;8761;2024-06-21 11:00:00;40824;HH;верх;2368,765;2340,630;13,575;4;2
2/2;8762;2024-06-21 17:00:00;40830;LL;низ;2316,785;2322,185;51,980;6;3
2/2;8763;2024-06-24 08:00:00;40844;LH;верх;2332,820;2325,270;16,035;14;1
2/2;8764;2024-06-24 09:00:00;40845;HL;низ;2320,865;2326,295;11,955;1;2
2/2;8765;2024-06-24 13:00:00;40849;HH;верх;2333,930;2327,685;13,065;4;1
2/2;8766;2024-06-24 16:00:00;40852;HL;низ;2326,945;2333,810;6,985;3;1
2/2;8767;2024-06-24 18:00:00;40854;HH;верх;2334,730;2334,430;7,785;2;1
2/2;8768;2024-06-25 04:00:00;40863;LL;низ;2322,760;2327,310;11,970;9;2
2/2;8769;2024-06-25 05:00:00;40864;LH;верх;2330,210;2324,955;7,450;1;1
2/2;8770;2024-06-25 08:00:00;40867;HL;низ;2322,995;2335,335;7,215;3;1
2/2;8771;2024-06-25 10:00:00;40869;HH;верх;2337,160;2324,265;14,165;2;1
2/2;8772;2024-06-25 16:00:00;40875;LL;низ;2315,590;2319,305;21,570;6;1
2/2;8773;2024-06-26 00:00:00;40882;LH;верх;2324,015;2319,515;8,425;7;1
2/2;8774;2024-06-26 06:00:00;40888;LL;низ;2309,770;2315,715;14,245;6;2
2/2;8775;2024-06-26 09:00:00;40891;LH;верх;2318,490;2313,105;8,720;3;2
2/2;8776;2024-06-26 13:00:00;40895;LL;низ;2293,690;2300,085;24,800;4;2
2/2;8777;2024-06-27 00:00:00;40905;LH;верх;2300,210;2299,405;6,520;10;1
2/2;8778;2024-06-27 06:00:00;40911;HL;низ;2296,610;2307,690;3,600;6;2
2/2;8779;2024-06-27 14:00:00;40919;HH;верх;2331,015;2325,470;34,405;8;1
2/2;8780;2024-06-27 18:00:00;40923;HL;низ;2322,530;2327,810;8,485;4;1
2/2;8781;2024-06-27 20:00:00;40925;LH;верх;2328,655;2327,755;6,125;2;2
2/2;8782;2024-06-28 01:00:00;40929;LL;низ;2319,105;2321,830;9,550;4;2
2/2;8783;2024-06-28 13:00:00;40941;HH;верх;2339,785;2328,710;20,680;12;1
2/2;8784;2024-06-28 14:00:00;40942;HL;низ;2322,975;2330,015;16,810;1;1
2/2;8785;2024-06-28 17:00:00;40945;LH;верх;2332,770;2325,065;9,795;3;1
2/2;8786;2024-07-01 00:00:00;40951;LL;низ;2322,255;2326,705;10,515;6;2
2/2;8787;2024-07-01 01:00:00;40952;LH;верх;2328,645;2324,810;6,390;1;1
2/2;8788;2024-07-01 05:00:00;40956;LL;низ;2318,605;2323,805;10,040;4;1
2/2;8789;2024-07-01 12:00:00;40963;HH;верх;2338,545;2324,155;19,940;7;2
2/2;8790;2024-07-01 14:00:00;40965;HL;низ;2319,295;2328,250;19,250;2;1
2/2;8791;2024-07-02 02:00:00;40976;LH;верх;2334,390;2327,345;15,095;11;1
2/2;8792;2024-07-02 07:00:00;40981;HL;низ;2323,400;2325,025;10,990;5;2
2/2;8793;2024-07-02 08:00:00;40982;LH;верх;2332,545;2324,545;9,145;1;1
2/2;8794;2024-07-02 12:00:00;40986;LL;низ;2319,130;2326,735;13,415;4;1
2/2;8795;2024-07-02 13:00:00;40987;HH;верх;2336,890;2324,765;17,760;1;1
2/2;8796;2024-07-02 16:00:00;40990;HL;низ;2321,000;2328,475;15,890;3;1
2/2;8797;2024-07-03 00:00:00;40997;LH;верх;2332,215;2328,985;11,215;7;2
2/2;8798;2024-07-03 02:00:00;40999;HL;низ;2326,885;2334,530;5,330;2;1
2/2;8799;2024-07-03 14:00:00;41011;HH;верх;2364,995;2356,675;38,110;12;1
2/2;8800;2024-07-03 19:00:00;41016;HL;низ;2353,770;2358,890;11,225;5;1
2/2;8801;2024-07-04 01:00:00;41021;LH;верх;2362,600;2358,190;8,830;5;1
2/2;8802;2024-07-04 06:00:00;41026;LL;низ;2350,510;2358,950;12,090;5;1
2/2;8803;2024-07-04 14:00:00;41034;LH;верх;2361,915;2357,880;11,405;8;2
2/2;8804;2024-07-04 22:00:00;41039;HL;низ;2354,335;2358,935;7,580;5;2
2/2;8805;2024-07-05 08:00:00;41049;HH;верх;2368,155;2365,100;13,820;10;1
2/2;8806;2024-07-05 12:00:00;41053;LL;низ;2348,620;2380,765;19,535;4;1
2/2;8807;2024-07-05 19:00:00;41060;HH;верх;2392,965;2385,345;44,345;7;2
2/2;8808;2024-07-08 03:00:00;41067;HL;низ;2380,775;2382,870;12,190;7;1
2/2;8809;2024-07-08 05:00:00;41069;LH;верх;2386,855;2377,975;6,080;2;1
2/2;8810;2024-07-08 09:00:00;41073;LL;низ;2368,360;2375,410;18,495;4;1
2/2;8811;2024-07-08 14:00:00;41078;LH;верх;2379,620;2358,760;11,260;5;1
2/2;8812;2024-07-08 15:00:00;41079;LL;низ;2351,090;2357,290;28,530;1;2
2/2;8813;2024-07-09 04:00:00;41091;LH;верх;2368,825;2364,240;17,735;12;1
2/2;8814;2024-07-09 08:00:00;41095;HL;низ;2358,325;2363,185;10,500;4;1
2/2;8815;2024-07-09 14:00:00;41101;HH;верх;2371,625;2357,525;13,300;6;2
2/2;8816;2024-07-09 15:00:00;41102;LL;низ;2349,485;2361,950;22,140;1;1
2/2;8817;2024-07-09 19:00:00;41106;LH;верх;2365,725;2364,540;16,240;4;1
2/2;8818;2024-07-10 01:00:00;41111;HL;низ;2363,375;2368,275;2,350;5;1
2/2;8819;2024-07-10 13:00:00;41123;HH;верх;2386,730;2378,795;23,355;12;3
2/2;8820;2024-07-10 18:00:00;41128;HL;низ;2370,025;2371,320;16,705;5;3
2/2;8821;2024-07-11 09:00:00;41142;LH;верх;2384,705;2380,855;14,680;14;1
2/2;8822;2024-07-11 12:00:00;41145;HL;низ;2378,655;2417,790;6,050;3;1
2/2;8823;2024-07-11 15:00:00;41148;HH;верх;2424,600;2413,760;45,945;3;1
2/2;8824;2024-07-11 17:00:00;41150;HL;низ;2410,110;2414,175;14,490;2;1
2/2;8825;2024-07-11 19:00:00;41152;LH;верх;2418,745;2414,105;8,635;2;2
2/2;8826;2024-07-12 07:00:00;41163;LL;низ;2400,350;2405,035;18,395;11;2
2/2;8827;2024-07-12 09:00:00;41165;LH;верх;2408,350;2401,840;8,000;2;1
2/2;8828;2024-07-12 12:00:00;41168;LL;низ;2391,520;2409,015;16,830;3;1
2/2;8829;2024-07-12 17:00:00;41173;HH;верх;2418,310;2412,915;26,790;5;1
2/2;8830;2024-07-15 01:00:00;41180;HL;низ;2404,990;2411,655;13,320;7;1
2/2;8831;2024-07-15 05:00:00;41184;LH;верх;2414,035;2407,995;9,045;4;1
2/2;8832;2024-07-15 07:00:00;41186;LL;низ;2401,405;2410,810;12,630;2;2
2/2;8833;2024-07-15 16:00:00;41195;HH;верх;2439,855;2422,475;38,450;9;1
2/2;8834;2024-07-15 18:00:00;41197;HL;низ;2419,840;2422,395;20,015;2;3
2/2;8835;2024-07-16 09:00:00;41211;HH;верх;2443,415;2439,615;23,575;14;1
2/2;8836;2024-07-16 12:00:00;41214;HL;низ;2429,445;2452,130;13,970;3;2
2/2;8837;2024-07-17 02:00:00;41227;HH;верх;2482,420;2467,810;52,975;13;1
2/2;8838;2024-07-17 06:00:00;41231;HL;низ;2461,880;2475,045;20,540;4;2
2/2;8839;2024-07-17 08:00:00;41233;LH;верх;2478,945;2467,975;17,065;2;1
2/2;8840;2024-07-17 10:00:00;41235;HL;низ;2466,760;2473,460;12,185;2;1
2/2;8841;2024-07-17 14:00:00;41239;HH;верх;2483,740;2455,675;16,980;4;1
2/2;8842;2024-07-17 18:00:00;41243;LL;низ;2451,570;2458,810;32,170;4;1
2/2;8843;2024-07-17 19:00:00;41244;LH;верх;2460,470;2459,310;8,900;1;1
2/2;8844;2024-07-18 00:00:00;41248;HL;низ;2457,460;2465,635;3,010;4;2
2/2;8845;2024-07-18 07:00:00;41255;HH;верх;2475,000;2465,705;17,540;7;1
2/2;8846;2024-07-18 13:00:00;41261;HL;низ;2457,655;2461,325;17,345;6;2
2/2;8847;2024-07-18 14:00:00;41262;LH;верх;2469,925;2456,265;12,270;1;1
2/2;8848;2024-07-19 13:00:00;41284;LL;низ;2393,880;2405,460;76,045;22;4
2/2;8849;2024-07-19 15:00:00;41286;LH;верх;2408,490;2399,235;14,610;2;1
2/2;8850;2024-07-19 17:00:00;41288;HL;низ;2395,690;2398,840;12,800;2;1
2/2;8851;2024-07-22 01:00:00;41295;HH;верх;2412,255;2406,805;16,565;7;1
2/2;8852;2024-07-22 06:00:00;41300;HL;низ;2399,030;2400,900;13,225;5;1
2/2;8853;2024-07-22 10:00:00;41304;LH;верх;2408,460;2394,355;9,430;4;1
2/2;8854;2024-07-22 14:00:00;41308;LL;низ;2383,930;2393,100;24,530;4;1
2/2;8855;2024-07-22 19:00:00;41313;LH;верх;2400,155;2395,260;16,225;5;1
2/2;8856;2024-07-22 23:00:00;41316;HL;низ;2394,870;2401,135;5,285;3;1
2/2;8857;2024-07-23 01:00:00;41318;HH;верх;2404,025;2398,390;9,155;2;1
2/2;8858;2024-07-23 06:00:00;41323;LL;низ;2388,310;2404,090;15,715;5;1
2/2;8859;2024-07-23 11:00:00;41328;HH;верх;2412,075;2402,040;23,765;5;1
2/2;8860;2024-07-23 13:00:00;41330;HL;низ;2399,620;2405,480;12,455;2;1
2/2;8861;2024-07-23 20:00:00;41337;LH;верх;2410,085;2408,565;10,465;7;1
2/2;8862;2024-07-24 01:00:00;41341;HL;низ;2405,015;2416,560;5,070;4;1
2/2;8863;2024-07-24 06:00:00;41346;HH;верх;2419,260;2411,860;14,245;5;2
2/2;8864;2024-07-24 09:00:00;41349;HL;низ;2409,890;2417,525;9,370;3;1
2/2;8865;2024-07-24 14:00:00;41354;HH;верх;2432,065;2419,110;22,175;5;1
2/2;8866;2024-07-24 22:00:00;41361;LL;низ;2393,095;2397,155;38,970;7;1
2/2;8867;2024-07-24 23:00:00;41362;LH;верх;2401,310;2376,530;8,215;1;1
2/2;8868;2024-07-25 03:00:00;41366;LL;низ;2366,860;2376,390;34,450;4;1
2/2;8869;2024-07-25 06:00:00;41369;LH;верх;2378,775;2374,715;11,915;3;1
2/2;8870;2024-07-25 07:00:00;41370;LL;низ;2365,915;2373,710;12,860;1;1
2/2;8871;2024-07-25 10:00:00;41373;HH;верх;2382,665;2371,250;16,750;3;1
2/2;8872;2024-07-25 17:00:00;41380;LL;низ;2353,195;2362,575;29,470;7;1
2/2;8873;2024-07-25 22:00:00;41384;LH;верх;2365,480;2362,810;12,285;4;1
2/2;8874;2024-07-26 01:00:00;41387;HL;низ;2355,875;2371,805;9,605;3;1
2/2;8875;2024-07-26 02:00:00;41388;HH;верх;2379,480;2369,845;23,605;1;1
2/2;8876;2024-07-26 06:00:00;41392;HL;низ;2365,320;2373,035;14,160;4;2
2/2;8877;2024-07-28 22:00:00;41407;HH;верх;2403,265;2400,155;37,945;15;3
2/2;8878;2024-07-29 01:00:00;41410;HL;низ;2388,760;2394,655;14,505;3;1
2/2;8879;2024-07-29 05:00:00;41414;LH;верх;2396,415;2391,640;7,655;4;1
2/2;8880;2024-07-29 08:00:00;41417;LL;низ;2387,000;2392,655;9,415;3;1
2/2;8881;2024-07-29 13:00:00;41422;HH;верх;2396,795;2376,860;9,795;5;2
2/2;8882;2024-07-29 15:00:00;41424;LL;низ;2369,650;2378,270;27,145;2;1
2/2;8883;2024-07-29 19:00:00;41428;LH;верх;2385,485;2384,140;15,835;4;1
2/2;8884;2024-07-30 01:00:00;41433;HL;низ;2376,535;2385,910;8,950;5;1
2/2;8885;2024-07-30 10:00:00;41442;HH;верх;2392,470;2386,595;15,935;9;2
2/2;8886;2024-07-30 12:00:00;41444;HL;низ;2385,780;2391,715;6,690;2;1
2/2;8887;2024-07-30 13:00:00;41445;HH;верх;2397,845;2385,390;12,065;1;1
2/2;8888;2024-07-30 15:00:00;41447;LL;низ;2383,500;2405,850;14,345;2;1
2/2;8889;2024-07-30 20:00:00;41452;HH;верх;2412,935;2409,900;29,435;5;2
2/2;8890;2024-07-31 01:00:00;41456;HL;низ;2403,940;2416,540;8,995;4;1
2/2;8891;2024-07-31 06:00:00;41461;HH;верх;2425,540;2421,500;21,600;5;1
2/2;8892;2024-07-31 08:00:00;41463;HL;низ;2415,500;2418,585;10,040;2;2
2/2;8893;2024-07-31 14:00:00;41469;HH;верх;2429,100;2427,080;13,600;6;1
2/2;8894;2024-07-31 18:00:00;41473;HL;низ;2421,620;2447,570;7,480;4;1
2/2;8895;2024-07-31 20:00:00;41475;HH;верх;2451,005;2445,845;29,385;2;1
2/2;8896;2024-07-31 23:00:00;41477;HL;низ;2444,070;2451,400;6,935;2;1
2/2;8897;2024-08-01 01:00:00;41479;HH;верх;2458,465;2442,840;14,395;2;1
2/2;8898;2024-08-01 02:00:00;41480;LL;низ;2437,320;2444,290;21,145;1;1
2/2;8899;2024-08-01 06:00:00;41484;LH;верх;2448,910;2433,900;11,590;4;1
2/2;8900;2024-08-01 09:00:00;41487;LL;низ;2430,275;2440,825;18,635;3;1
2/2;8901;2024-08-01 14:00:00;41492;HH;верх;2462,325;2444,550;32,050;5;1
2/2;8902;2024-08-01 18:00:00;41496;HL;низ;2434,995;2446,385;27,330;4;1
2/2;8903;2024-08-01 20:00:00;41498;LH;верх;2447,625;2445,915;12,630;2;1
2/2;8904;2024-08-02 01:00:00;41502;HL;низ;2435,055;2454,595;12,570;4;1
2/2;8905;2024-08-02 12:00:00;41513;HH;верх;2477,725;2431,595;42,670;11;2
2/2;8906;2024-08-02 15:00:00;41516;LL;низ;2410,885;2427,885;66,840;3;1
2/2;8907;2024-08-04 22:00:00;41522;LH;верх;2446,510;2422,235;35,625;6;1
2/2;8908;2024-08-05 00:00:00;41524;HL;низ;2413,790;2442,830;32,720;2;1
2/2;8909;2024-08-05 04:00:00;41528;HH;верх;2458,875;2428,640;45,085;4;1
2/2;8910;2024-08-05 12:00:00;41536;LL;низ;2364,390;2396,670;94,485;8;2
2/2;8911;2024-08-05 19:00:00;41543;LH;верх;2413,170;2408,960;48,780;7;2
2/2;8912;2024-08-05 23:00:00;41546;HL;низ;2404,495;2412,475;8,675;3;1
2/2;8913;2024-08-06 00:00:00;41547;HH;верх;2418,430;2407,605;13,935;1;1
2/2;8914;2024-08-06 06:00:00;41553;LL;низ;2394,855;2411,150;23,575;6;1
2/2;8915;2024-08-06 10:00:00;41557;LH;верх;2416,375;2393,060;21,520;4;1
2/2;8916;2024-08-06 15:00:00;41562;LL;низ;2381,560;2392,010;34,815;5;1
2/2;8917;2024-08-06 18:00:00;41565;LH;верх;2396,085;2390,130;14,525;3;1
2/2;8918;2024-08-07 01:00:00;41571;LL;низ;2379,050;2386,075;17,035;6;2
2/2;8919;2024-08-07 06:00:00;41576;HH;верх;2397,715;2393,400;18,665;5;1
2/2;8920;2024-08-07 07:00:00;41577;HL;низ;2388,110;2394,375;9,605;1;1
2/2;8921;2024-08-07 12:00:00;41582;HH;верх;2407,125;2399,140;19,015;5;1
2/2;8922;2024-08-07 22:00:00;41591;LL;низ;2381,140;2385,625;25,985;9;1
2/2;8923;2024-08-08 06:00:00;41599;LH;верх;2400,805;2394,610;19,665;8;1
2/2;8924;2024-08-08 13:00:00;41606;HL;низ;2402,400;2418,690;1,595;7;1
2/2;8925;2024-08-09 02:00:00;41618;HH;верх;2429,025;2424,000;26,625;12;3
2/2;8926;2024-08-09 06:00:00;41622;HL;низ;2416,925;2424,550;12,100;4;1
2/2;8927;2024-08-09 07:00:00;41623;LH;верх;2427,080;2423,645;10,155;1;1
2/2;8928;2024-08-09 13:00:00;41629;HL;низ;2421,140;2431,455;5,940;6;1
2/2;8929;2024-08-09 17:00:00;41633;HH;верх;2437,085;2429,170;15,945;4;2
2/2;8930;2024-08-09 18:00:00;41634;HL;низ;2427,315;2431,265;9,770;1;1
2/2;8931;2024-08-11 22:00:00;41637;LH;верх;2433,475;2428,560;6,160;3;1
2/2;8932;2024-08-12 02:00:00;41641;LL;низ;2423,890;2433,460;9,585;4;1
2/2;8933;2024-08-12 09:00:00;41648;HH;верх;2445,170;2441,695;21,280;7;1
2/2;8934;2024-08-12 11:00:00;41650;HL;низ;2439,735;2454,260;5,435;2;1
2/2;8935;2024-08-13 00:00:00;41662;HH;верх;2476,990;2461,510;37,255;12;1
2/2;8936;2024-08-13 05:00:00;41667;HL;низ;2458,560;2464,325;18,430;5;2
2/2;8937;2024-08-13 07:00:00;41669;LH;верх;2466,240;2460,740;7,680;2;1
2/2;8938;2024-08-13 09:00:00;41671;HL;низ;2458,960;2465,820;7,280;2;1
2/2;8939;2024-08-13 13:00:00;41675;HH;верх;2475,665;2468,660;16,705;4;1
2/2;8940;2024-08-13 13:00:00;41675;HL;низ;2458,990;2468,660;16,675;0;3
2/2;8941;2024-08-14 01:00:00;41686;LH;верх;2472,655;2460,995;13,665;11;1
2/2;8942;2024-08-14 02:00:00;41687;LL;низ;2455,375;2461,900;17,280;1;1
2/2;8943;2024-08-14 12:00:00;41697;HH;верх;2480,125;2450,305;24,750;10;2
2/2;8944;2024-08-14 16:00:00;41701;LL;низ;2438,145;2447,805;41,980;4;1
2/2;8945;2024-08-15 00:00:00;41708;LH;верх;2454,380;2451,540;16,235;7;1
2/2;8946;2024-08-15 05:00:00;41713;HL;низ;2450,405;2455,880;3,975;5;1
2/2;8947;2024-08-15 12:00:00;41720;HH;верх;2470,155;2452,320;19,750;7;2
2/2;8948;2024-08-15 13:00:00;41721;LL;низ;2432,225;2458,470;37,930;1;1
2/2;8949;2024-08-15 19:00:00;41727;LH;верх;2461,675;2454,905;29,450;6;2
2/2;8950;2024-08-15 23:00:00;41730;HL;низ;2454,515;2457,385;7,160;3;1
2/2;8951;2024-08-16 01:00:00;41732;LH;верх;2460,150;2452,510;5,635;2;1
2/2;8952;2024-08-16 03:00:00;41734;LL;низ;2450,805;2455,810;9,345;2;1
2/2;8953;2024-08-16 07:00:00;41738;HH;верх;2464,570;2463,435;13,765;4;1
2/2;8954;2024-08-16 07:00:00;41738;HL;низ;2451,220;2463,435;13,350;0;1
2/2;8955;2024-08-16 20:00:00;41751;HH;верх;2509,820;2506,535;58,600;13;2
2/2;8956;2024-08-19 01:00:00;41755;HL;низ;2495,045;2503,345;14,775;4;1
2/2;8957;2024-08-19 08:00:00;41762;LH;верх;2507,225;2489,910;12,180;7;1
2/2;8958;2024-08-19 13:00:00;41767;LL;низ;2485,735;2504,010;21,490;5;1
2/2;8959;2024-08-19 16:00:00;41770;HH;верх;2507,535;2504,315;21,800;3;2
2/2;8960;2024-08-19 22:00:00;41775;HL;низ;2502,160;2505,050;5,375;5;1
2/2;8961;2024-08-20 01:00:00;41778;HH;верх;2508,275;2501,840;6,115;3;1
2/2;8962;2024-08-20 06:00:00;41783;LL;низ;2497,400;2519,880;10,875;5;2
2/2;8963;2024-08-20 13:00:00;41790;HH;верх;2531,765;2508,540;34,365;7;1
2/2;8964;2024-08-20 16:00:00;41793;HL;низ;2500,865;2513,390;30,900;3;1
2/2;8965;2024-08-20 20:00:00;41797;LH;верх;2516,970;2512,970;16,105;4;1
2/2;8966;2024-08-21 01:00:00;41801;HL;низ;2510,930;2517,485;6,040;4;1
2/2;8967;2024-08-21 02:00:00;41802;HH;верх;2519,985;2516,230;9,055;1;2
2/2;8968;2024-08-21 10:00:00;41810;LL;низ;2504,515;2510,630;15,470;8;1
2/2;8969;2024-08-21 12:00:00;41812;LH;верх;2513,770;2501,565;9,255;2;1
2/2;8970;2024-08-21 14:00:00;41814;LL;низ;2493,830;2507,175;19,940;2;1
2/2;8971;2024-08-21 18:00:00;41818;HH;верх;2519,185;2512,250;25,355;4;2
2/2;8972;2024-08-22 04:00:00;41827;HL;низ;2499,350;2507,550;19,835;9;1
2/2;8973;2024-08-22 06:00:00;41829;LH;верх;2510,645;2503,720;11,295;2;2
2/2;8974;2024-08-22 14:00:00;41837;LL;низ;2470,850;2484,325;39,795;8;2
2/2;8975;2024-08-23 05:00:00;41851;LH;верх;2495,855;2493,510;25,005;14;2
2/2;8976;2024-08-23 06:00:00;41852;HL;низ;2490,670;2499,045;5,185;1;2
2/2;8977;2024-08-23 15:00:00;41861;HH;верх;2518,400;2510,915;27,730;9;1
2/2;8978;2024-08-23 19:00:00;41865;HL;низ;2507,995;2513,095;10,405;4;1
2/2;8979;2024-08-26 00:00:00;41869;LH;верх;2516,995;2512,000;9,000;4;1
2/2;8980;2024-08-26 05:00:00;41874;HL;низ;2508,810;2521,555;8,185;5;1
2/2;8981;2024-08-26 11:00:00;41880;HH;верх;2526,900;2516,005;18,090;6;1
2/2;8982;2024-08-26 14:00:00;41883;HL;низ;2510,680;2520,305;16,220;3;1
2/2;8983;2024-08-26 17:00:00;41886;LH;верх;2523,450;2518,235;12,770;3;1
2/2;8984;2024-08-27 02:00:00;41894;LL;низ;2505,845;2507,355;17,605;8;1
2/2;8985;2024-08-27 07:00:00;41899;LH;верх;2517,615;2508,970;11,770;5;1
2/2;8986;2024-08-27 08:00:00;41900;LL;низ;2503,585;2509,055;14,030;1;2
2/2;8987;2024-08-27 23:00:00;41914;HH;верх;2529,135;2517,195;25,550;14;2
2/2;8988;2024-08-28 12:00:00;41927;LL;низ;2493,665;2507,650;35,470;13;2
2/2;8989;2024-08-28 13:00:00;41928;LH;верх;2510,690;2506,185;17,025;1;1
2/2;8990;2024-08-28 16:00:00;41931;HL;низ;2496,465;2508,065;14,225;3;1
2/2;8991;2024-08-28 19:00:00;41934;LH;верх;2509,650;2507,260;13,185;3;1
2/2;8992;2024-08-28 20:00:00;41935;HL;низ;2502,880;2508,200;6,770;1;1
2/2;8993;2024-08-29 06:00:00;41944;HH;верх;2521,240;2517,175;18,360;9;2
2/2;8994;2024-08-29 08:00:00;41946;HL;низ;2515,175;2523,175;6,065;2;1
2/2;8995;2024-08-29 10:00:00;41948;HH;верх;2524,505;2509,270;9,330;2;1
2/2;8996;2024-08-29 12:00:00;41950;LL;низ;2503,690;2522,235;20,815;2;1
2/2;8997;2024-08-29 17:00:00;41955;HH;верх;2528,740;2521,210;25,050;5;1
2/2;8998;2024-08-30 04:00:00;41965;HL;низ;2512,255;2517,835;16,485;10;1
2/2;8999;2024-08-30 09:00:00;41970;LH;верх;2526,925;2519,570;14,670;5;1
2/2;9000;2024-08-30 17:00:00;41978;LL;низ;2494,215;2502,385;32,710;8;1
2/2;9001;2024-09-02 00:00:00;41984;LH;верх;2505,010;2492,035;10,795;6;1
2/2;9002;2024-09-02 02:00:00;41986;LL;низ;2490,105;2496,980;14,905;2;1
2/2;9003;2024-09-02 08:00:00;41992;HH;верх;2507,330;2499,260;17,225;6;1
2/2;9004;2024-09-02 11:00:00;41995;HL;низ;2497,180;2499,995;10,150;3;1
2/2;9005;2024-09-02 12:00:00;41996;LH;верх;2503,275;2502,085;6,095;1;1
2/2;9006;2024-09-03 01:00:00;42006;LL;низ;2489,705;2494,870;13,570;10;3
2/2;9007;2024-09-03 08:00:00;42013;HH;верх;2506,350;2497,405;16,645;7;2
2/2;9008;2024-09-03 14:00:00;42019;LL;низ;2473,325;2486,090;33,025;6;2
2/2;9009;2024-09-04 02:00:00;42030;LH;верх;2496,985;2495,995;23,660;11;1
2/2;9010;2024-09-04 09:00:00;42037;LL;низ;2471,915;2489,270;25,070;7;1
2/2;9011;2024-09-04 11:00:00;42039;LH;верх;2491,285;2485,475;19,370;2;1
2/2;9012;2024-09-04 13:00:00;42041;HL;низ;2482,125;2494,140;9,160;2;1
2/2;9013;2024-09-04 14:00:00;42042;HH;верх;2500,345;2496,860;18,220;1;1
2/2;9014;2024-09-04 19:00:00;42047;HL;низ;2491,550;2495,465;8,795;5;1
2/2;9015;2024-09-04 20:00:00;42048;LH;верх;2497,045;2495,900;5,495;1;1
2/2;9016;2024-09-05 00:00:00;42051;HL;низ;2494,545;2498,120;2,500;3;1
2/2;9017;2024-09-05 01:00:00;42052;HH;верх;2499,430;2494,940;4,885;1;1
2/2;9018;2024-09-05 04:00:00;42055;LL;низ;2493,880;2504,440;5,550;3;1
2/2;9019;2024-09-05 12:00:00;42063;HH;верх;2523,525;2508,795;29,645;8;1
2/2;9020;2024-09-05 15:00:00;42066;HL;низ;2503,965;2515,205;19,560;3;1
2/2;9021;2024-09-05 23:00:00;42073;LH;верх;2517,975;2513,840;14,010;7;1
2/2;9022;2024-09-06 02:00:00;42076;HL;низ;2513,095;2518,520;4,880;3;1
2/2;9023;2024-09-06 05:00:00;42079;HH;верх;2521,900;2516,580;8,805;3;1
2/2;9024;2024-09-06 08:00:00;42082;HL;низ;2515,605;2519,005;6,295;3;1
2/2;9025;2024-09-06 12:00:00;42086;HH;верх;2529,300;2506,785;13,695;4;1
2/2;9026;2024-09-06 16:00:00;42090;LL;низ;2485,190;2494,755;44,110;4;2
2/2;9027;2024-09-09 03:00:00;42100;LH;верх;2500,590;2487,920;15,400;10;1
2/2;9028;2024-09-09 06:00:00;42103;HL;низ;2485,610;2492,245;14,980;3;1
2/2;9029;2024-09-09 13:00:00;42110;HH;верх;2505,350;2499,210;19,740;7;1
2/2;9030;2024-09-09 14:00:00;42111;HL;низ;2493,310;2504,475;12,040;1;1
2/2;9031;2024-09-09 23:00:00;42119;HH;верх;2507,740;2503,875;14,430;8;2
2/2;9032;2024-09-10 05:00:00;42125;HL;низ;2500,840;2502,815;6,900;6;1
2/2;9033;2024-09-10 07:00:00;42127;HH;верх;2507,795;2506,155;6,955;2;1
2/2;9034;2024-09-10 08:00:00;42128;LL;низ;2500,190;2505,745;7,605;1;2
2/2;9035;2024-09-11 01:00:00;42144;HH;верх;2522,615;2519,505;22,425;16;3
2/2;9036;2024-09-11 01:00:00;42144;HL;низ;2515,020;2519,505;7,595;0;1
2/2;9037;2024-09-11 06:00:00;42149;HH;верх;2529,090;2524,355;14,070;5;1
2/2;9038;2024-09-11 14:00:00;42157;LL;низ;2501,000;2515,260;28,090;8;1
2/2;9039;2024-09-11 16:00:00;42159;LH;верх;2520,160;2511,555;19,160;2;1
2/2;9040;2024-09-11 19:00:00;42162;HL;низ;2509,870;2512,925;10,290;3;1
2/2;9041;2024-09-11 22:00:00;42164;LH;верх;2513,925;2512,260;4,055;2;1
2/2;9042;2024-09-12 02:00:00;42168;HL;низ;2511,095;2517,045;2,830;4;1
2/2;9043;2024-09-12 06:00:00;42172;HH;верх;2522,360;2517,430;11,265;4;1
2/2;9044;2024-09-12 11:00:00;42177;HL;низ;2513,120;2545,480;9,240;5;2
2/2;9045;2024-09-12 20:00:00;42186;HH;верх;2560,130;2558,585;47,010;9;2
2/2;9046;2024-09-12 23:00:00;42188;HL;низ;2556,795;2563,320;3,335;2;2
2/2;9047;2024-09-13 09:00:00;42198;HH;верх;2573,035;2567,375;16,240;10;1
2/2;9048;2024-09-13 11:00:00;42200;HL;низ;2563,780;2578,190;9,255;2;1
2/2;9049;2024-09-13 17:00:00;42206;HH;верх;2586,160;2582,670;22,380;6;2
2/2;9050;2024-09-13 20:00:00;42209;HL;низ;2577,260;2579,170;8,900;3;1
2/2;9051;2024-09-16 06:00:00;42218;HH;верх;2589,715;2586,930;12,455;9;1
2/2;9052;2024-09-16 10:00:00;42222;LL;низ;2575,245;2583,450;14,470;4;2
2/2;9053;2024-09-16 13:00:00;42225;LH;верх;2589,405;2579,950;14,160;3;1
2/2;9054;2024-09-16 14:00:00;42226;HL;низ;2576,180;2583,775;13,225;1;1
2/2;9055;2024-09-16 17:00:00;42229;LH;верх;2584,205;2582,600;8,025;3;1
2/2;9056;2024-09-16 19:00:00;42231;HL;низ;2579,685;2582,995;4,520;2;1
2/2;9057;2024-09-17 02:00:00;42237;HH;верх;2586,360;2576,935;6,675;6;1
2/2;9058;2024-09-17 05:00:00;42240;LL;низ;2574,625;2583,890;11,735;3;1
2/2;9059;2024-09-17 06:00:00;42241;HH;верх;2587,020;2580,180;12,395;1;2
2/2;9060;2024-09-17 12:00:00;42247;LL;низ;2568,400;2576,555;18,620;6;1
2/2;9061;2024-09-17 14:00:00;42249;LH;верх;2582,300;2563,190;13,900;2;1
2/2;9062;2024-09-17 17:00:00;42252;LL;низ;2560,780;2568,750;21,520;3;1
2/2;9063;2024-09-18 01:00:00;42259;LH;верх;2576,540;2575,990;15,760;7;3
2/2;9064;2024-09-18 05:00:00;42263;HL;низ;2565,790;2571,635;10,750;4;2
2/2;9065;2024-09-18 11:00:00;42269;HH;верх;2580,775;2571,850;14,985;6;1
2/2;9066;2024-09-18 14:00:00;42272;HL;низ;2568,120;2574,955;12,655;3;1
2/2;9067;2024-09-18 18:00:00;42276;HH;верх;2600,290;2559,300;32,170;4;1
2/2;9068;2024-09-18 19:00:00;42277;LL;низ;2546,860;2559,360;53,430;1;2
2/2;9069;2024-09-19 09:00:00;42290;LH;верх;2594,945;2589,495;48,085;13;2
2/2;9070;2024-09-19 13:00:00;42294;HL;низ;2569,815;2589,170;25,130;4;1
2/2;9071;2024-09-19 17:00:00;42298;LH;верх;2592,735;2588,480;22,920;4;1
2/2;9072;2024-09-20 01:00:00;42305;HL;низ;2584,875;2591,520;7,860;7;3
2/2;9073;2024-09-20 12:00:00;42316;HH;верх;2619,395;2614,070;34,520;11;1
2/2;9074;2024-09-20 13:00:00;42317;HL;низ;2602,665;2622,895;16,730;1;1
2/2;9075;2024-09-20 16:00:00;42320;HH;верх;2625,790;2621,840;23,125;3;1
2/2;9076;2024-09-23 01:00:00;42328;HL;низ;2616,175;2628,560;9,615;8;2
2/2;9077;2024-09-23 05:00:00;42332;HH;верх;2631,405;2615,240;15,230;4;1
2/2;9078;2024-09-23 07:00:00;42334;LL;низ;2613,890;2621,675;17,515;2;2
2/2;9079;2024-09-23 14:00:00;42341;HH;верх;2634,905;2628,235;21,015;7;1
2/2;9080;2024-09-24 00:00:00;42350;HL;низ;2623,870;2628,980;11,035;9;2
2/2;9081;2024-09-24 05:00:00;42355;HH;верх;2640,180;2629,000;16,310;5;1
2/2;9082;2024-09-24 07:00:00;42357;LL;низ;2622,680;2630,835;17,500;2;1
2/2;9083;2024-09-24 10:00:00;42360;LH;верх;2636,245;2633,255;13,565;3;1
2/2;9084;2024-09-24 11:00:00;42361;HL;низ;2623,465;2635,575;12,780;1;1
2/2;9085;2024-09-24 19:00:00;42369;HH;верх;2664,380;2659,245;40,915;8;1
2/2;9086;2024-09-25 01:00:00;42374;HL;низ;2655,580;2661,615;8,800;5;1
2/2;9087;2024-09-25 02:00:00;42375;HH;верх;2670,605;2658,970;15,025;1;1
2/2;9088;2024-09-25 07:00:00;42380;LL;низ;2651,415;2657,035;19,190;5;1
2/2;9089;2024-09-25 14:00:00;42387;LH;верх;2667,505;2653,790;16,090;7;1
2/2;9090;2024-09-25 16:00:00;42389;LL;низ;2649,700;2660,450;17,805;2;1
2/2;9091;2024-09-25 17:00:00;42390;LH;верх;2663,060;2659,785;13,360;1;1
2/2;9092;2024-09-26 00:00:00;42396;HL;низ;2655,485;2658,245;7,575;6;2
2/2;9093;2024-09-26 11:00:00;42407;HH;верх;2685,640;2660,870;30,155;11;1
2/2;9094;2024-09-26 13:00:00;42409;LL;низ;2654,840;2671,460;30,800;2;1
2/2;9095;2024-09-26 19:00:00;42415;LH;верх;2677,880;2672,450;23,040;6;1
2/2;9096;2024-09-27 01:00:00;42420;HL;низ;2666,295;2673,735;11,585;5;1
2/2;9097;2024-09-27 03:00:00;42422;LH;верх;2674,045;2664,975;7,750;2;1
2/2;9098;2024-09-27 09:00:00;42428;LL;низ;2658,450;2666,180;15,595;6;1
2/2;9099;2024-09-27 12:00:00;42431;HH;верх;2674,375;2649,530;15,925;3;1
2/2;9100;2024-09-27 17:00:00;42436;LL;низ;2643,155;2652,100;31,220;5;1
2/2;9101;2024-09-30 00:00:00;42442;LH;верх;2666,050;2652,640;22,895;6;1
2/2;9102;2024-09-30 01:00:00;42443;HL;низ;2647,330;2653,635;18,720;1;1
2/2;9103;2024-09-30 07:00:00;42449;LH;верх;2660,675;2649,765;13,345;6;1
2/2;9104;2024-09-30 14:00:00;42456;LL;низ;2628,855;2639,200;31,820;7;1
2/2;9105;2024-09-30 17:00:00;42459;LH;верх;2641,895;2631,070;13,040;3;1
2/2;9106;2024-09-30 18:00:00;42460;LL;низ;2624,780;2634,690;17,115;1;2
2/2;9107;2024-10-01 16:00:00;42481;HH;верх;2673,260;2661,165;48,480;21;2
2/2;9108;2024-10-02 05:00:00;42493;HL;низ;2644,580;2655,480;28,680;12;2
2/2;9109;2024-10-02 08:00:00;42496;LH;верх;2655,895;2649,205;11,315;3;1
2/2;9110;2024-10-02 12:00:00;42500;LL;низ;2643,810;2648,155;12,085;4;1
2/2;9111;2024-10-02 14:00:00;42502;HH;верх;2663,445;2649,775;19,635;2;1
2/2;9112;2024-10-02 15:00:00;42503;LL;низ;2641,180;2652,245;22,265;1;1
2/2;9113;2024-10-03 00:00:00;42511;LH;верх;2663,015;2655,870;21,835;8;2
2/2;9114;2024-10-03 09:00:00;42520;LL;низ;2641,030;2648,125;21,985;9;1
2/2;9115;2024-10-03 12:00:00;42523;LH;верх;2654,665;2650,225;13,635;3;1
2/2;9116;2024-10-03 14:00:00;42525;LL;низ;2637,015;2660,095;17,650;2;1
2/2;9117;2024-10-03 17:00:00;42528;HH;верх;2662,200;2658,055;25,185;3;1
2/2;9118;2024-10-03 23:00:00;42533;HL;низ;2654,420;2658,390;7,780;5;1
2/2;9119;2024-10-04 05:00:00;42539;HH;верх;2667,870;2661,100;13,450;6;1
2/2;9120;2024-10-04 09:00:00;42543;HL;низ;2656,975;2661,420;10,895;4;1
2/2;9121;2024-10-04 11:00:00;42545;LH;верх;2662,600;2651,980;5,625;2;1
2/2;9122;2024-10-04 12:00:00;42546;LL;низ;2632,015;2658,400;30,585;1;1
2/2;9123;2024-10-04 15:00:00;42549;HH;верх;2670,240;2650,110;38,225;3;1
2/2;9124;2024-10-04 16:00:00;42550;HL;низ;2641,885;2645,675;28,355;1;2
2/2;9125;2024-10-04 20:00:00;42554;LH;верх;2654,050;2650,270;12,165;4;1
2/2;9126;2024-10-07 01:00:00;42558;HL;низ;2643,885;2647,500;10,165;4;1
2/2;9127;2024-10-07 04:00:00;42561;LH;верх;2648,705;2643,290;4,820;3;1
2/2;9128;2024-10-07 06:00:00;42563;LL;низ;2639,745;2652,305;8,960;2;1
2/2;9129;2024-10-07 11:00:00;42568;HH;верх;2659,660;2642,820;19,915;5;1
2/2;9130;2024-10-07 12:00:00;42569;LL;низ;2637,770;2640,905;21,890;1;3
2/2;9131;2024-10-07 22:00:00;42578;LH;верх;2649,260;2643,605;11,490;9;2
2/2;9132;2024-10-08 02:00:00;42582;LL;низ;2633,835;2643,185;15,425;4;1
2/2;9133;2024-10-08 06:00:00;42586;LH;верх;2646,530;2637,985;12,695;4;1
2/2;9134;2024-10-08 08:00:00;42588;LL;низ;2628,600;2646,355;17,930;2;1
2/2;9135;2024-10-08 12:00:00;42592;HH;верх;2653,115;2621,120;24,515;4;1
2/2;9136;2024-10-08 15:00:00;42595;LL;низ;2604,820;2614,550;48,295;3;1
2/2;9137;2024-10-09 01:00:00;42604;LH;верх;2624,300;2617,180;19,480;9;2
2/2;9138;2024-10-09 03:00:00;42606;HL;низ;2614,990;2619,745;9,310;2;1
2/2;9139;2024-10-09 05:00:00;42608;HH;верх;2624,375;2611,735;9,385;2;1
2/2;9140;2024-10-09 07:00:00;42610;LL;низ;2609,245;2618,105;15,130;2;1
2/2;9141;2024-10-09 11:00:00;42614;LH;верх;2622,465;2609,740;13,220;4;1
2/2;9142;2024-10-09 18:00:00;42621;LL;низ;2605,210;2607,735;17,255;7;3
2/2;9143;2024-10-10 03:00:00;42629;LH;верх;2616,960;2613,440;11,750;8;1
2/2;9144;2024-10-10 12:00:00;42638;LL;низ;2604,390;2625,510;12,570;9;2
2/2;9145;2024-10-10 14:00:00;42640;HH;верх;2629,835;2619,390;25,445;2;1
2/2;9146;2024-10-10 17:00:00;42643;HL;низ;2616,555;2629,210;13,280;3;1
2/2;9147;2024-10-11 06:00:00;42655;HH;верх;2647,245;2639,305;30,690;12;2
2/2;9148;2024-10-11 09:00:00;42658;HL;низ;2636,245;2644,760;11,000;3;2
2/2;9149;2024-10-11 16:00:00;42665;HH;верх;2661,475;2658,720;25,230;7;1
2/2;9150;2024-10-14 02:00:00;42674;HL;низ;2643,245;2659,270;18,230;9;1
2/2;9151;2024-10-14 06:00:00;42678;HH;верх;2666,875;2659,455;23,630;4;2
2/2;9152;2024-10-14 15:00:00;42687;HL;низ;2644,055;2648,695;22,820;9;1
2/2;9153;2024-10-14 20:00:00;42692;LH;верх;2653,365;2649,475;9,310;5;1
2/2;9154;2024-10-14 20:00:00;42692;HL;низ;2646,195;2649,475;7,170;0;1
2/2;9155;2024-10-15 02:00:00;42697;LH;верх;2652,810;2644,440;6,615;5;1
2/2;9156;2024-10-15 05:00:00;42700;LL;низ;2638,105;2650,805;14,705;3;2
2/2;9157;2024-10-15 16:00:00;42711;HH;верх;2668,965;2665,145;30,860;11;2
2/2;9158;2024-10-16 00:00:00;42718;HL;низ;2658,800;2668,125;10,165;7;1
2/2;9159;2024-10-16 13:00:00;42731;HH;верх;2685,465;2670,085;26,665;13;3
2/2;9160;2024-10-16 16:00:00;42734;HL;низ;2666,795;2675,035;18,670;3;1
2/2;9161;2024-10-16 18:00:00;42736;LH;верх;2676,760;2673,930;9,965;2;1
2/2;9162;2024-10-16 19:00:00;42737;HL;низ;2672,810;2673,855;3,950;1;1
2/2;9163;2024-10-17 02:00:00;42743;HH;верх;2684,940;2679,135;12,130;6;1
2/2;9164;2024-10-17 03:00:00;42744;HL;низ;2674,600;2683,595;10,340;1;1
2/2;9165;2024-10-17 06:00:00;42747;HH;верх;2685,845;2681,925;11,245;3;1
2/2;9166;2024-10-17 09:00:00;42750;HL;низ;2677,035;2681,365;8,810;3;1
2/2;9167;2024-10-17 10:00:00;42751;HH;верх;2688,840;2680,680;11,805;1;1
2/2;9168;2024-10-17 12:00:00;42753;LL;низ;2673,165;2695,690;15,675;2;1
2/2;9169;2024-10-17 15:00:00;42756;HH;верх;2696,800;2692,005;23,635;3;1
2/2;9170;2024-10-17 16:00:00;42757;HL;низ;2684,010;2689,585;12,790;1;2
2/2;9171;2024-10-18 05:00:00;42769;HH;верх;2714,140;2702,365;30,130;12;2
2/2;9172;2024-10-18 08:00:00;42772;HL;низ;2701,735;2712,595;12,405;3;2
2/2;9173;2024-10-18 14:00:00;42778;HH;верх;2720,210;2717,680;18,475;6;1
2/2;9174;2024-10-18 17:00:00;42781;HL;низ;2713,670;2719,710;6,540;3;2
2/2;9175;2024-10-21 03:00:00;42790;HH;верх;2732,885;2724,965;19,215;9;1
2/2;9176;2024-10-21 06:00:00;42793;HL;низ;2723,670;2731,430;9,215;3;2
2/2;9177;2024-10-21 13:00:00;42800;HH;верх;2740,600;2720,160;16,930;7;1
2/2;9178;2024-10-21 19:00:00;42806;LL;низ;2714,235;2720,795;26,365;6;2
2/2;9179;2024-10-22 10:00:00;42820;LH;верх;2739,395;2736,280;25,160;14;1
2/2;9180;2024-10-22 11:00:00;42821;HL;низ;2729,585;2735,815;9,810;1;1
2/2;9181;2024-10-22 20:00:00;42830;HH;верх;2748,975;2746,630;19,390;9;1
2/2;9182;2024-10-23 02:00:00;42835;HL;низ;2737,940;2750,025;11,035;5;1
2/2;9183;2024-10-23 08:00:00;42841;HH;верх;2758,525;2750,845;20,585;6;1
2/2;9184;2024-10-23 15:00:00;42848;LL;низ;2708,755;2716,745;49,770;7;2
2/2;9185;2024-10-24 13:00:00;42869;LH;верх;2743,325;2731,205;34,570;21;2
2/2;9186;2024-10-24 14:00:00;42870;HL;низ;2722,505;2733,680;20,820;1;1
2/2;9187;2024-10-24 18:00:00;42874;LH;верх;2737,845;2736,080;15,340;4;1
2/2;9188;2024-10-25 04:00:00;42883;HL;низ;2723,990;2732,285;13,855;9;1
2/2;9189;2024-10-25 06:00:00;42885;LH;верх;2732,670;2719,490;8,680;2;1
2/2;9190;2024-10-25 09:00:00;42888;LL;низ;2717,100;2724,275;15,570;3;1
2/2;9191;2024-10-25 20:00:00;42899;HH;верх;2747,835;2735,820;30,735;11;2
2/2;9192;2024-10-28 01:00:00;42903;HL;низ;2724,755;2729,740;23,080;4;3
2/2;9193;2024-10-28 06:00:00;42908;LH;верх;2744,650;2732,065;19,895;5;1
2/2;9194;2024-10-28 10:00:00;42912;HL;низ;2727,930;2734,370;16,720;4;1
2/2;9195;2024-10-28 14:00:00;42916;HH;верх;2746,010;2742,770;18,080;4;2
2/2;9196;2024-10-28 22:00:00;42923;HL;низ;2739,870;2745,835;6,140;7;1
2/2;9197;2024-10-29 02:00:00;42927;HH;верх;2757,780;2754,815;17,910;4;2
2/2;9198;2024-10-29 08:00:00;42933;HL;низ;2746,415;2749,995;11,365;6;1
2/2;9199;2024-10-29 09:00:00;42934;LH;верх;2756,665;2751,900;10,250;1;1
2/2;9200;2024-10-29 11:00:00;42936;LL;низ;2746,195;2760,930;10,470;2;1
2/2;9201;2024-10-30 06:00:00;42954;HH;верх;2789,855;2782,025;43,660;18;3
2/2;9202;2024-10-30 08:00:00;42956;HL;низ;2779,620;2780,240;10,235;2;1
2/2;9203;2024-10-30 13:00:00;42961;LH;верх;2787,570;2784,740;7,950;5;2
2/2;9204;2024-10-30 13:00:00;42961;LL;низ;2770,925;2784,740;16,645;0;1
2/2;9205;2024-10-31 01:00:00;42972;HH;верх;2790,170;2784,810;19,245;11;2
2/2;9206;2024-10-31 01:00:00;42972;HL;низ;2783,680;2784,810;6,490;0;1
2/2;9207;2024-10-31 11:00:00;42982;LH;верх;2782,690;2755,430;0,990;10;1
2/2;9208;2024-10-31 15:00:00;42986;LL;низ;2731,635;2739,670;51,055;4;1
2/2;9209;2024-10-31 19:00:00;42990;LH;верх;2749,825;2746,230;18,190;4;1
2/2;9210;2024-11-01 01:00:00;42995;HL;низ;2744,960;2751,845;4,865;5;1
2/2;9211;2024-11-01 06:00:00;43000;HH;верх;2757,735;2753,505;12,775;5;1
2/2;9212;2024-11-01 07:00:00;43001;HL;низ;2747,220;2751,415;10,515;1;1
2/2;9213;2024-11-01 09:00:00;43003;LH;верх;2755,510;2752,990;8,290;2;1
2/2;9214;2024-11-01 10:00:00;43004;LL;низ;2744,845;2753,875;10,665;1;1
2/2;9215;2024-11-01 13:00:00;43007;HH;верх;2762,275;2744,755;17,430;3;1
2/2;9216;2024-11-03 23:00:00;43015;LL;низ;2732,040;2740,010;30,235;8;2
2/2;9217;2024-11-04 07:00:00;43023;LH;верх;2744,935;2743,400;12,895;8;1
2/2;9218;2024-11-04 08:00:00;43024;LL;низ;2731,930;2738,685;13,005;1;1
2/2;9219;2024-11-04 14:00:00;43030;HH;верх;2748,240;2734,285;16,310;6;2
2/2;9220;2024-11-04 17:00:00;43033;LL;низ;2731,770;2738,395;16,470;3;1
2/2;9221;2024-11-04 19:00:00;43035;LH;верх;2739,735;2736,605;7,965;2;1
2/2;9222;2024-11-05 02:00:00;43041;LL;низ;2724,765;2734,535;14,970;6;2
2/2;9223;2024-11-05 14:00:00;43053;HH;верх;2750,090;2739,000;25,325;12;2
2/2;9224;2024-11-05 15:00:00;43054;HL;низ;2733,035;2742,070;17,055;1;1
2/2;9225;2024-11-06 01:00:00;43063;LH;верх;2749,780;2734,155;16,745;9;1
2/2;9226;2024-11-06 03:00:00;43065;LL;низ;2730,530;2738,975;19,250;2;1
2/2;9227;2024-11-06 05:00:00;43067;LH;верх;2743,685;2725,835;13,155;2;1
2/2;9228;2024-11-06 14:00:00;43076;LL;низ;2652,405;2666,195;91,280;9;2
2/2;9229;2024-11-06 16:00:00;43078;LH;верх;2678,290;2665,670;25,885;2;1
2/2;9230;2024-11-07 01:00:00;43086;LL;низ;2643,355;2659,275;34,935;8;3
2/2;9231;2024-11-07 17:00:00;43102;HH;верх;2700,405;2694,400;57,050;16;2
2/2;9232;2024-11-07 19:00:00;43104;HL;низ;2687,575;2706,840;12,830;2;1
2/2;9233;2024-11-07 20:00:00;43105;HH;верх;2710,520;2706,985;22,945;1;2
2/2;9234;2024-11-08 07:00:00;43115;LL;низ;2680,415;2689,330;30,105;10;1
2/2;9235;2024-11-08 14:00:00;43122;LH;верх;2704,120;2683,330;23,705;7;1
2/2;9236;2024-11-08 16:00:00;43124;HL;низ;2682,935;2685,020;21,185;2;1
2/2;9237;2024-11-11 00:00:00;43131;LH;верх;2686,165;2672,080;3,230;7;1
2/2;9238;2024-11-11 02:00:00;43133;LL;низ;2666,570;2672,290;19,595;2;1
2/2;9239;2024-11-11 05:00:00;43136;LH;верх;2674,425;2669,680;7,855;3;1
2/2;9240;2024-11-11 05:00:00;43136;HL;низ;2666,995;2669,680;7,430;0;1
2/2;9241;2024-11-11 10:00:00;43141;HH;верх;2675,340;2657,325;8,345;5;1
2/2;9242;2024-11-11 18:00:00;43149;LL;низ;2610,695;2622,060;64,645;8;1
2/2;9243;2024-11-12 01:00:00;43155;LH;верх;2627,235;2619,045;16,540;6;2
2/2;9244;2024-11-12 10:00:00;43164;LL;низ;2589,725;2605,345;37,510;9;1
2/2;9245;2024-11-12 14:00:00;43168;LH;верх;2617,125;2600,805;27,400;4;1
2/2;9246;2024-11-12 17:00:00;43171;HL;низ;2592,530;2598,235;24,595;3;2
2/2;9247;2024-11-13 03:00:00;43180;LH;верх;2613,285;2605,840;20,755;9;1
2/2;9248;2024-11-13 08:00:00;43185;HL;низ;2601,095;2609,125;12,190;5;2
2/2;9249;2024-11-13 09:00:00;43186;LH;верх;2611,720;2610,865;10,625;1;1
2/2;9250;2024-11-13 11:00:00;43188;HL;низ;2605,940;2612,350;5,780;2;1
2/2;9251;2024-11-13 13:00:00;43190;HH;верх;2618,920;2605,435;12,980;2;1
2/2;9252;2024-11-13 17:00:00;43194;LL;низ;2577,680;2581,010;41,240;4;1
2/2;9253;2024-11-13 23:00:00;43199;LH;верх;2581,445;2562,645;3,765;5;1
2/2;9254;2024-11-14 02:00:00;43202;LL;низ;2558,980;2565,230;22,465;3;1
2/2;9255;2024-11-14 04:00:00;43204;LH;верх;2565,335;2555,110;6,355;2;1
2/2;9256;2024-11-14 09:00:00;43209;LL;низ;2536,855;2553,705;28,480;5;1
2/2;9257;2024-11-14 16:00:00;43216;HH;верх;2577,525;2569,895;40,670;7;2
2/2;9258;2024-11-14 20:00:00;43220;HL;низ;2563,995;2566,980;13,530;4;1
2/2;9259;2024-11-15 01:00:00;43224;LH;верх;2571,760;2567,820;7,765;4;1
2/2;9260;2024-11-15 06:00:00;43229;LL;низ;2554,395;2566,920;17,365;5;3
2/2;9261;2024-11-15 15:00:00;43238;HH;верх;2576,045;2563,020;21,650;9;1
2/2;9262;2024-11-15 18:00:00;43241;HL;низ;2559,525;2562,260;16,520;3;1
2/2;9263;2024-11-18 01:00:00;43247;HH;верх;2597,280;2589,955;37,755;6;2
2/2;9264;2024-11-18 06:00:00;43252;HL;низ;2580,500;2585,705;16,780;5;1
2/2;9265;2024-11-19 03:00:00;43272;HH;верх;2625,645;2622,620;45,145;20;4
2/2;9266;2024-11-19 07:00:00;43276;HL;низ;2617,755;2630,320;7,890;4;1
2/2;9267;2024-11-19 13:00:00;43282;HH;верх;2639,530;2624,500;21,775;6;1
2/2;9268;2024-11-19 15:00:00;43284;HL;низ;2621,000;2628,100;18,530;2;1
2/2;9269;2024-11-20 02:00:00;43294;HH;верх;2641,940;2636,680;20,940;10;2
2/2;9270;2024-11-20 08:00:00;43300;LL;низ;2618,890;2625,165;23,050;6;1
2/2;9271;2024-11-20 17:00:00;43309;HH;верх;2655,485;2650,960;36,595;9;1
2/2;9272;2024-11-20 18:00:00;43310;HL;низ;2645,500;2648,950;9,985;1;1
2/2;9273;2024-11-21 01:00:00;43316;HH;верх;2660,530;2656,975;15,030;6;1
2/2;9274;2024-11-21 03:00:00;43318;HL;низ;2650,450;2656,990;10,080;2;1
2/2;9275;2024-11-21 11:00:00;43326;HH;верх;2673,595;2665,520;23,145;8;1
2/2;9276;2024-11-21 13:00:00;43328;HL;низ;2660,510;2667,780;13,085;2;2
2/2;9277;2024-11-22 11:00:00;43349;HH;верх;2710,185;2692,980;49,675;21;2
2/2;9278;2024-11-22 14:00:00;43352;HL;низ;2684,495;2705,215;25,690;3;1
2/2;9279;2024-11-22 18:00:00;43356;HH;верх;2711,510;2705,900;27,015;4;1
2/2;9280;2024-11-22 20:00:00;43358;HL;низ;2705,115;2719,900;6,395;2;1
2/2;9281;2024-11-24 23:00:00;43360;HH;верх;2721,420;2701,320;16,305;2;1
2/2;9282;2024-11-25 05:00:00;43366;LL;низ;2658,210;2667,985;63,210;6;1
2/2;9283;2024-11-25 11:00:00;43372;LH;верх;2688,830;2678,330;30,620;6;1
2/2;9284;2024-11-25 18:00:00;43379;LL;низ;2615,670;2626,135;73,160;7;1
2/2;9285;2024-11-25 20:00:00;43381;LH;верх;2628,830;2610,615;13,160;2;1
2/2;9286;2024-11-25 23:00:00;43383;LL;низ;2605,310;2628,250;23,520;2;1
2/2;9287;2024-11-26 01:00:00;43385;HH;верх;2632,225;2630,535;26,915;2;2
2/2;9288;2024-11-26 07:00:00;43391;HL;низ;2610,860;2626,065;21,365;6;1
2/2;9289;2024-11-26 13:00:00;43397;HH;верх;2642,020;2629,555;31,160;6;1
2/2;9290;2024-11-26 14:00:00;43398;HL;низ;2616,775;2628,700;25,245;1;2
2/2;9291;2024-11-26 23:00:00;43406;LH;верх;2634,210;2631,440;17,435;8;1
2/2;9292;2024-11-27 01:00:00;43408;HL;низ;2627,125;2637,870;7,085;2;1
2/2;9293;2024-11-27 09:00:00;43416;HH;верх;2653,975;2651,170;26,850;8;1
2/2;9294;2024-11-27 11:00:00;43418;HL;низ;2643,075;2656,355;10,900;2;1
2/2;9295;2024-11-27 13:00:00;43420;HH;верх;2658,275;2642,775;15,200;2;1
2/2;9296;2024-11-27 19:00:00;43426;LL;низ;2633,780;2636,090;24,495;6;1
2/2;9297;2024-11-28 00:00:00;43430;LH;верх;2638,530;2628,300;4,750;4;1
2/2;9298;2024-11-28 01:00:00;43431;LL;низ;2620,990;2630,330;17,540;1;1
2/2;9299;2024-11-28 10:00:00;43440;HH;верх;2649,735;2646,135;28,745;9;2
2/2;9300;2024-11-29 01:00:00;43452;HL;низ;2634,090;2660,070;15,645;12;2
2/2;9301;2024-11-29 06:00:00;43457;HH;верх;2666,350;2657,340;32,260;5;1
2/2;9302;2024-11-29 08:00:00;43459;HL;низ;2654,590;2662,875;11,760;2;1
2/2;9303;2024-11-29 10:00:00;43461;LH;верх;2665,930;2660,040;11,340;2;1
2/2;9304;2024-11-29 15:00:00;43466;LL;низ;2650,630;2660,690;15,300;5;1
2/2;9305;2024-11-29 17:00:00;43468;LH;верх;2662,325;2650,350;11,695;2;1
2/2;9306;2024-12-02 05:00:00;43477;LL;низ;2621,980;2629,945;40,345;9;2
2/2;9307;2024-12-02 14:00:00;43486;LH;верх;2651,905;2641,430;29,925;9;1
2/2;9308;2024-12-02 18:00:00;43490;HL;низ;2633,595;2637,155;18,310;4;1
2/2;9309;2024-12-03 01:00:00;43496;LH;верх;2645,320;2640,560;11,725;6;2
2/2;9310;2024-12-03 01:00:00;43496;HL;низ;2634,165;2640,560;11,155;0;1
2/2;9311;2024-12-03 06:00:00;43501;HH;верх;2650,165;2645,130;16,000;5;1
2/2;9312;2024-12-03 08:00:00;43503;HL;низ;2639,305;2642,860;10,860;2;1
2/2;9313;2024-12-03 14:00:00;43509;HH;верх;2655,665;2648,430;16,360;6;2
2/2;9314;2024-12-03 15:00:00;43510;LL;низ;2635,230;2647,110;20,435;1;1
2/2;9315;2024-12-03 18:00:00;43513;LH;верх;2649,225;2642,180;13,995;3;1
2/2;9316;2024-12-04 01:00:00;43519;HL;низ;2637,750;2644,550;11,475;6;2
2/2;9317;2024-12-04 06:00:00;43524;HH;верх;2651,450;2641,385;13,700;5;1
2/2;9318;2024-12-04 13:00:00;43531;LL;низ;2632,465;2655,090;18,985;7;2
2/2;9319;2024-12-04 15:00:00;43533;HH;верх;2657,235;2651,510;24,770;2;2
2/2;9320;2024-12-05 03:00:00;43544;HL;низ;2644,735;2653,140;12,500;11;2
2/2;9321;2024-12-05 05:00:00;43546;LH;верх;2655,635;2648,795;10,900;2;1
2/2;9322;2024-12-05 09:00:00;43550;LL;низ;2641,945;2651,460;13,690;4;1
2/2;9323;2024-12-05 13:00:00;43554;LH;верх;2654,555;2640,305;12,610;4;1
2/2;9324;2024-12-05 18:00:00;43559;LL;низ;2623,615;2631,410;30,940;5;1
2/2;9325;2024-12-05 23:00:00;43563;LH;верх;2633,910;2617,650;10,295;4;1
2/2;9326;2024-12-06 01:00:00;43565;LL;низ;2613,110;2640,855;20,800;2;1
2/2;9327;2024-12-06 09:00:00;43573;HH;верх;2645,730;2638,555;32,620;8;3
2/2;9328;2024-12-06 14:00:00;43578;HL;низ;2624,130;2640,515;21,600;5;1
2/2;9329;2024-12-06 16:00:00;43580;LH;верх;2641,680;2637,280;17,550;2;1
2/2;9330;2024-12-09 00:00:00;43587;HL;низ;2627,575;2646,150;14,105;7;1
2/2;9331;2024-12-09 01:00:00;43588;HH;верх;2650,615;2638,885;23,040;1;1
2/2;9332;2024-12-09 04:00:00;43591;HL;низ;2634,720;2643,925;15,895;3;2
2/2;9333;2024-12-09 15:00:00;43602;HH;верх;2676,480;2664,570;41,760;11;1
2/2;9334;2024-12-09 20:00:00;43607;HL;низ;2656,805;2660,600;19,675;5;1
2/2;9335;2024-12-10 04:00:00;43614;LH;верх;2673,910;2670,085;17,105;7;1
2/2;9336;2024-12-10 08:00:00;43618;HL;низ;2661,245;2675,680;12,665;4;1
2/2;9337;2024-12-10 17:00:00;43627;HH;верх;2695,595;2692,000;34,350;9;1
2/2;9338;2024-12-10 20:00:00;43630;HL;низ;2690,980;2696,140;4,615;3;1
2/2;9339;2024-12-11 02:00:00;43635;HH;верх;2704,445;2684,865;13,465;5;1
2/2;9340;2024-12-11 05:00:00;43638;LL;низ;2675,465;2690,290;28,980;3;2
2/2;9341;2024-12-11 10:00:00;43643;LH;верх;2699,915;2695,875;24,450;5;1
2/2;9342;2024-12-11 13:00:00;43646;HL;низ;2690,765;2713,235;9,150;3;1
2/2;9343;2024-12-11 18:00:00;43651;HH;верх;2721,270;2717,305;30,505;5;1
2/2;9344;2024-12-11 19:00:00;43652;HL;низ;2713,350;2718,245;7,920;1;1
2/2;9345;2024-12-12 01:00:00;43657;HH;верх;2726,295;2710,470;12,945;5;1
2/2;9346;2024-12-12 01:00:00;43657;LL;низ;2700,810;2710,470;25,485;0;1
2/2;9347;2024-12-12 07:00:00;43663;LH;верх;2720,520;2714,760;19,710;6;1
2/2;9348;2024-12-12 15:00:00;43671;LL;низ;2675,165;2686,370;45,355;8;1
2/2;9349;2024-12-12 18:00:00;43674;LH;верх;2687,175;2679,775;12,010;3;1
2/2;9350;2024-12-13 00:00:00;43679;HL;низ;2679,055;2686,720;8,120;5;2
2/2;9351;2024-12-13 01:00:00;43680;HH;верх;2692,865;2688,210;13,810;1;3
2/2;9352;2024-12-13 15:00:00;43694;LL;низ;2654,800;2656,365;38,065;14;1
2/2;9353;2024-12-13 16:00:00;43695;LH;верх;2664,610;2654,300;9,810;1;1
2/2;9354;2024-12-16 00:00:00;43702;LL;низ;2643,595;2652,035;21,015;7;1
2/2;9355;2024-12-16 03:00:00;43705;LH;верх;2655,770;2652,940;12,175;3;1
2/2;9356;2024-12-16 05:00:00;43707;HL;низ;2649,645;2653,865;6,125;2;1
2/2;9357;2024-12-16 12:00:00;43714;HH;верх;2664,475;2654,845;14,830;7;2
2/2;9358;2024-12-16 16:00:00;43718;LL;низ;2648,630;2655,345;15,845;4;1
2/2;9359;2024-12-16 19:00:00;43721;LH;верх;2655,775;2652,750;7,145;3;1
2/2;9360;2024-12-17 00:00:00;43725;HL;низ;2651,235;2654,995;4,540;4;1
2/2;9361;2024-12-17 01:00:00;43726;HH;верх;2658,740;2653,670;7,505;1;3
2/2;9362;2024-12-17 14:00:00;43739;LL;низ;2633,160;2638,975;25,580;13;1
2/2;9363;2024-12-17 18:00:00;43743;LH;верх;2649,085;2643,620;15,925;4;1
2/2;9364;2024-12-17 20:00:00;43745;HL;низ;2643,075;2647,555;6,010;2;1
2/2;9365;2024-12-18 01:00:00;43749;HH;верх;2651,785;2645,845;8,710;4;1
2/2;9366;2024-12-18 04:00:00;43752;LL;низ;2642,815;2646,760;8,970;3;1
2/2;9367;2024-12-18 08:00:00;43756;LH;верх;2649,705;2648,540;6,890;4;2
2/2;9368;2024-12-18 08:00:00;43756;LL;низ;2642,170;2648,540;7,535;0;1
2/2;9369;2024-12-18 11:00:00;43759;LH;верх;2649,530;2644,030;7,360;3;1
2/2;9370;2024-12-18 16:00:00;43764;LL;низ;2633,160;2636,670;16,370;5;1
2/2;9371;2024-12-18 17:00:00;43765;LH;верх;2640,065;2604,610;6,905;1;1
2/2;9372;2024-12-18 21:00:00;43769;LL;низ;2583,915;2595,285;56,150;4;1
2/2;9373;2024-12-19 01:00:00;43772;LH;верх;2618,155;2610,515;34,240;3;1
2/2;9374;2024-12-19 06:00:00;43777;HL;низ;2603,385;2618,590;14,770;5;1
2/2;9375;2024-12-19 10:00:00;43781;HH;верх;2626,440;2606,310;23,055;4;1
2/2;9376;2024-12-19 15:00:00;43786;LL;низ;2587,065;2592,745;39,375;5;1
2/2;9377;2024-12-19 19:00:00;43790;LH;верх;2601,135;2594,550;14,070;4;1
2/2;9378;2024-12-20 01:00:00;43795;HL;низ;2589,665;2598,595;11,470;5;1
2/2;9379;2024-12-20 08:00:00;43802;HH;верх;2607,805;2604,275;18,140;7;2
2/2;9380;2024-12-20 11:00:00;43805;HL;низ;2600,215;2609,635;7,590;3;1
2/2;9381;2024-12-20 16:00:00;43810;HH;верх;2631,920;2626,220;31,705;5;2
2/2;9382;2024-12-23 00:00:00;43817;HL;низ;2617,515;2625,895;14,405;7;1
2/2;9383;2024-12-23 07:00:00;43824;HH;верх;2633,390;2626,440;15,875;7;2
2/2;9384;2024-12-23 11:00:00;43828;LL;низ;2613,120;2617,435;20,270;4;1
2/2;9385;2024-12-23 14:00:00;43831;LH;верх;2619,995;2616,130;6,875;3;1
2/2;9386;2024-12-23 16:00:00;43833;LL;низ;2608,260;2610,545;11,735;2;1
2/2;9387;2024-12-23 17:00:00;43834;LH;верх;2616,810;2611,220;8,550;1;1
2/2;9388;2024-12-23 20:00:00;43837;HL;низ;2609,170;2615,650;7,640;3;1
2/2;9389;2024-12-24 05:00:00;43845;HH;верх;2621,535;2618,438;12,365;8;1
2/2;9390;2024-12-24 15:00:00;43855;HL;низ;2610,105;2617,055;11,430;10;2
2/2;9391;2024-12-26 07:00:00;43867;HH;верх;2629,605;2627,480;19,500;12;2
2/2;9392;2024-12-26 13:00:00;43873;HL;низ;2621,855;2636,535;7,750;6;2
2/2;9393;2024-12-26 15:00:00;43875;HH;верх;2639,175;2629,445;17,320;2;1
2/2;9394;2024-12-26 17:00:00;43877;HL;низ;2628,085;2635,045;11,090;2;1
2/2;9395;2024-12-26 20:00:00;43880;LH;верх;2636,265;2632,780;8,180;3;1
2/2;9396;2024-12-27 02:00:00;43885;HL;низ;2628,990;2633,675;7,275;5;1
2/2;9397;2024-12-27 07:00:00;43890;HH;верх;2638,300;2624,120;9,310;5;2
2/2;9398;2024-12-27 10:00:00;43893;LL;низ;2623,580;2626,365;14,720;3;1
2/2;9399;2024-12-27 12:00:00;43895;LH;верх;2631,650;2615,755;8,070;2;1
2/2;9400;2024-12-27 14:00:00;43897;LL;низ;2611,715;2618,025;19,935;2;2
2/2;9401;2024-12-30 03:00:00;43909;LH;верх;2628,095;2623,845;16,380;12;1
2/2;9402;2024-12-30 08:00:00;43914;LL;низ;2609,375;2610,605;18,720;5;1
2/2;9403;2024-12-30 12:00:00;43918;LH;верх;2622,660;2611,550;13,285;4;1
2/2;9404;2024-12-30 16:00:00;43922;LL;низ;2596,185;2606,195;26,475;4;1
2/2;9405;2024-12-30 20:00:00;43926;LH;верх;2609,585;2606,770;13,400;4;1
2/2;9406;2024-12-30 23:00:00;43928;HL;низ;2603,910;2608,910;5,675;2;1
2/2;9407;2024-12-31 01:00:00;43930;HH;верх;2611,610;2604,735;7,700;2;1
2/2;9408;2024-12-31 05:00:00;43934;LL;низ;2602,760;2613,890;8,850;4;1
2/2;9409;2024-12-31 08:00:00;43937;HH;верх;2617,850;2611,870;15,090;3;1
2/2;9410;2024-12-31 13:00:00;43942;HL;низ;2605,490;2625,830;12,360;5;1
2/2;9411;2024-12-31 17:00:00;43946;HH;верх;2627,625;2623,780;22,135;4;1
2/2;9412;2025-01-01 23:00:00;43951;HL;низ;2621,775;2633,045;5,850;5;1
2/2;9413;2025-01-02 02:00:00;43954;HH;верх;2636,590;2634,095;14,815;3;1
2/2;9414;2025-01-02 04:00:00;43956;HL;низ;2631,180;2634,270;5,410;2;1
2/2;9415;2025-01-02 05:00:00;43957;LH;верх;2636,550;2636,060;5,370;1;1
2/2;9416;2025-01-02 08:00:00;43960;LL;низ;2631,145;2642,765;5,405;3;2
2/2;9417;2025-01-02 17:00:00;43969;HH;верх;2660,605;2654,750;29,460;9;2
2/2;9418;2025-01-03 02:00:00;43977;HL;низ;2656,305;2662,940;4,300;8;1
2/2;9419;2025-01-03 03:00:00;43978;HH;верх;2665,405;2658,685;9,100;1;1
2/2;9420;2025-01-03 08:00:00;43983;LL;низ;2649,950;2657,780;15,455;5;1
2/2;9421;2025-01-03 11:00:00;43986;LH;верх;2659,345;2649,875;9,395;3;1
2/2;9422;2025-01-03 16:00:00;43991;LL;низ;2639,140;2641,985;20,205;5;1
2/2;9423;2025-01-03 19:00:00;43994;LH;верх;2643,040;2639,725;3,900;3;1
2/2;9424;2025-01-03 21:00:00;43996;LL;низ;2636,705;2643,300;6,335;2;1
2/2;9425;2025-01-06 01:00:00;43999;HH;верх;2647,490;2640,280;10,785;3;1
2/2;9426;2025-01-06 07:00:00;44005;LL;низ;2625,260;2632,805;22,230;6;1
2/2;9427;2025-01-06 11:00:00;44009;HH;верх;2649,520;2624,380;24,260;4;1
2/2;9428;2025-01-06 14:00:00;44012;LL;низ;2614,635;2640,815;34,885;3;1
2/2;9429;2025-01-06 16:00:00;44014;LH;верх;2641,305;2634,645;26,670;2;1
2/2;9430;2025-01-06 19:00:00;44017;HL;низ;2632,990;2636,105;8,315;3;1
2/2;9431;2025-01-06 21:00:00;44019;LH;верх;2637,115;2635,100;4,125;2;1
2/2;9432;2025-01-07 00:00:00;44021;HL;низ;2633,000;2638,645;4,115;2;1
2/2;9433;2025-01-07 01:00:00;44022;HH;верх;2641,230;2639,650;8,230;1;1
2/2;9434;2025-01-07 05:00:00;44026;HL;низ;2637,175;2640,650;4,055;4;1
2/2;9435;2025-01-07 13:00:00;44034;HH;верх;2664,330;2647,780;27,155;8;2
2/2;9436;2025-01-07 15:00:00;44036;HL;низ;2642,050;2652,650;22,280;2;2
2/2;9437;2025-01-08 00:00:00;44044;LH;верх;2651,570;2648,915;9,520;8;1
2/2;9438;2025-01-08 04:00:00;44048;HL;низ;2645,370;2652,265;6,200;4;1
2/2;9439;2025-01-08 10:00:00;44054;HH;верх;2655,240;2652,115;9,870;6;1
2/2;9440;2025-01-08 12:00:00;44056;HL;низ;2645,895;2661,545;9,345;2;1
2/2;9441;2025-01-08 16:00:00;44060;HH;верх;2670,150;2653,365;24,255;4;1
2/2;9442;2025-01-08 17:00:00;44061;HL;низ;2649,495;2658,420;20,655;1;1
2/2;9443;2025-01-08 20:00:00;44064;LH;верх;2664,115;2662,650;14,620;3;2
2/2;9444;2025-01-09 04:00:00;44071;HL;низ;2655,635;2666,830;8,480;7;1
2/2;9445;2025-01-09 13:00:00;44080;HH;верх;2678,405;2668,435;22,770;9;2
2/2;9446;2025-01-09 17:00:00;44084;HL;низ;2662,810;2670,260;15,595;4;1
2/2;9447;2025-01-09 18:00:00;44085;LH;верх;2672,610;2669,605;9,800;1;1
2/2;9448;2025-01-10 13:00:00;44103;HL;низ;2664,075;2692,745;8,535;18;3
2/2;9449;2025-01-10 15:00:00;44105;HH;верх;2697,950;2696,130;33,875;2;1
2/2;9450;2025-01-10 19:00:00;44109;HL;низ;2684,615;2689,375;13,335;4;1
2/2;9451;2025-01-13 00:00:00;44113;LH;верх;2693,555;2688,725;8,940;4;1
2/2;9452;2025-01-13 01:00:00;44114;LL;низ;2679,315;2688,055;14,240;1;2
2/2;9453;2025-01-13 06:00:00;44119;LH;верх;2691,325;2687,115;12,010;5;1
2/2;9454;2025-01-13 19:00:00;44132;LL;низ;2656,835;2663,210;34,490;13;1
2/2;9455;2025-01-14 05:00:00;44141;LH;верх;2675,365;2669,235;18,530;9;3
2/2;9456;2025-01-14 14:00:00;44150;HL;низ;2659,890;2671,680;15,475;9;1
2/2;9457;2025-01-14 16:00:00;44152;LH;верх;2674,070;2672,440;14,180;2;1
2/2;9458;2025-01-14 18:00:00;44154;HL;низ;2666,725;2676,515;7,345;2;1
2/2;9459;2025-01-14 21:00:00;44157;HH;верх;2678,395;2672,785;11,670;3;1
2/2;9460;2025-01-15 02:00:00;44161;HL;низ;2669,365;2675,610;9,030;4;1
2/2;9461;2025-01-15 14:00:00;44173;HH;верх;2696,045;2689,385;26,680;12;2
2/2;9462;2025-01-15 15:00:00;44174;HL;низ;2676,755;2692,810;19,290;1;2
2/2;9463;2025-01-16 01:00:00;44183;HH;верх;2702,260;2697,238;25,505;9;1
2/2;9464;2025-01-16 06:00:00;44188;HL;низ;2690,050;2699,000;12,210;5;2
2/2;9465;2025-01-16 17:00:00;44199;HH;верх;2724,785;2715,270;34,735;11;1
2/2;9466;2025-01-17 01:00:00;44206;HL;низ;2709,965;2715,495;14,820;7;1
2/2;9467;2025-01-17 03:00:00;44208;LH;верх;2717,430;2711,610;7,465;2;1
2/2;9468;2025-01-17 14:00:00;44219;LL;низ;2702,745;2716,080;14,685;11;2
2/2;9469;2025-01-17 16:00:00;44221;LH;верх;2717,395;2705,625;14,650;2;1
2/2;9470;2025-01-20 01:00:00;44229;LL;низ;2689,375;2703,505;28,020;8;1
2/2;9471;2025-01-20 06:00:00;44234;LH;верх;2713,885;2707,060;24,510;5;1
2/2;9472;2025-01-20 07:00:00;44235;HL;низ;2702,885;2706,135;11,000;1;1
2/2;9473;2025-01-20 11:00:00;44239;LH;верх;2712,550;2705,270;9,665;4;1
2/2;9474;2025-01-20 13:00:00;44241;LL;низ;2701,765;2707,135;10,785;2;1
2/2;9475;2025-01-20 14:00:00;44242;LH;верх;2712,255;2707,745;10,490;1;1
2/2;9476;2025-01-21 00:00:00;44249;HL;низ;2702,815;2724,835;9,440;7;2
2/2;9477;2025-01-21 07:00:00;44256;HH;верх;2733,060;2721,275;30,245;7;1
2/2;9478;2025-01-21 11:00:00;44260;HL;низ;2716,615;2726,355;16,445;4;1
2/2;9479;2025-01-22 05:00:00;44277;HH;верх;2758,670;2748,725;42,055;17;2
2/2;9480;2025-01-22 06:00:00;44278;HL;низ;2745,635;2753,350;13,035;1;1
2/2;9481;2025-01-22 10:00:00;44282;HH;верх;2763,435;2758,400;17,800;4;2
2/2;9482;2025-01-23 03:00:00;44298;HL;низ;2749,625;2752,165;13,810;16;2
2/2;9483;2025-01-23 06:00:00;44301;LH;верх;2755,660;2752,800;6,035;3;1
2/2;9484;2025-01-23 09:00:00;44304;LL;низ;2740,860;2751,880;14,800;3;1
2/2;9485;2025-01-23 11:00:00;44306;LH;верх;2754,545;2741,705;13,685;2;1
2/2;9486;2025-01-23 13:00:00;44308;LL;низ;2735,960;2746,480;18,585;2;1
2/2;9487;2025-01-23 17:00:00;44312;HH;верх;2758,970;2754,200;23,010;4;1
2/2;9488;2025-01-23 20:00:00;44315;HL;низ;2751,415;2754,665;7,555;3;1
2/2;9489;2025-01-24 06:00:00;44324;HH;верх;2778,455;2774,120;27,040;9;2
2/2;9490;2025-01-24 08:00:00;44326;HL;низ;2770,180;2775,880;8,275;2;1
2/2;9491;2025-01-24 15:00:00;44333;HH;верх;2786,060;2773,390;15,880;7;1
2/2;9492;2025-01-24 16:00:00;44334;LL;низ;2769,955;2773,525;16,105;1;1
2/2;9493;2025-01-27 01:00:00;44342;LH;верх;2772,745;2761,245;2,790;8;1
2/2;9494;2025-01-27 07:00:00;44348;LL;низ;2747,420;2763,445;25,325;6;2
2/2;9495;2025-01-27 11:00:00;44352;LH;верх;2772,105;2757,250;24,685;4;1
2/2;9496;2025-01-27 17:00:00;44358;LL;низ;2730,560;2739,390;41,545;6;1
2/2;9497;2025-01-27 23:00:00;44363;LH;верх;2745,360;2741,580;14,800;5;1
2/2;9498;2025-01-28 03:00:00;44367;HL;низ;2737,970;2741,735;7,390;4;1
2/2;9499;2025-01-28 05:00:00;44369;LH;верх;2745,050;2739,095;7,080;2;1
2/2;9500;2025-01-28 08:00:00;44372;LL;низ;2734,815;2743,360;10,235;3;1
2/2;9501;2025-01-28 20:00:00;44384;HH;верх;2765,090;2762,790;30,275;12;1
2/2;9502;2025-01-29 00:00:00;44387;HL;низ;2762,300;2764,285;2,790;3;1
2/2;9503;2025-01-29 01:00:00;44388;HH;верх;2766,265;2762,790;3,965;1;1
2/2;9504;2025-01-29 07:00:00;44394;LL;низ;2757,460;2762,760;8,805;6;1
2/2;9505;2025-01-29 08:00:00;44395;LH;верх;2766,180;2758,230;8,720;1;2
2/2;9506;2025-01-29 19:00:00;44406;LL;низ;2744,755;2760,090;21,425;11;2
2/2;9507;2025-01-30 00:00:00;44410;LH;верх;2762,745;2760,490;17,990;4;1
2/2;9508;2025-01-30 05:00:00;44415;HL;низ;2758,860;2769,215;3,885;5;1
2/2;9509;2025-01-30 16:00:00;44426;HH;верх;2798,605;2795,105;39,745;11;1
2/2;9510;2025-01-30 21:00:00;44431;HL;низ;2788,485;2795,980;10,120;5;1
2/2;9511;2025-01-31 07:00:00;44440;HH;верх;2801,010;2793,735;12,525;9;3
2/2;9512;2025-01-31 10:00:00;44443;HL;низ;2791,070;2805,535;9,940;3;1
2/2;9513;2025-01-31 15:00:00;44448;HH;верх;2817,215;2808,695;26,145;5;2
2/2;9514;2025-02-03 03:00:00;44459;LL;низ;2772,215;2783,215;45,000;11;1
2/2;9515;2025-02-03 14:00:00;44470;HH;верх;2830,755;2814,260;58,540;11;2
2/2;9516;2025-02-03 21:00:00;44477;HL;низ;2812,278;2817,330;18,477;7;1
2/2;9517;2025-02-04 02:00:00;44481;LH;верх;2824,650;2819,145;12,372;4;1
2/2;9518;2025-02-04 07:00:00;44486;LL;низ;2807,275;2820,565;17,375;5;1
2/2;9519;2025-02-04 15:00:00;44494;HH;верх;2845,470;2844,115;38,195;8;3
2/2;9520;2025-02-05 01:00:00;44503;HL;низ;2839,740;2852,405;5,730;9;1
2/2;9521;2025-02-05 10:00:00;44512;HH;верх;2877,085;2870,355;37,345;9;1
2/2;9522;2025-02-05 13:00:00;44515;HL;низ;2858,645;2880,195;18,440;3;1
2/2;9523;2025-02-05 15:00:00;44517;HH;верх;2882,310;2873,140;23,665;2;1
2/2;9524;2025-02-05 20:00:00;44522;HL;низ;2859,975;2869,370;22,335;5;2
2/2;9525;2025-02-06 02:00:00;44527;LH;верх;2873,340;2868,600;13,365;5;1
2/2;9526;2025-02-06 08:00:00;44533;LL;низ;2848,970;2859,315;24,370;6;1
2/2;9527;2025-02-06 12:00:00;44537;LH;верх;2870,395;2842,005;21,425;4;1
2/2;9528;2025-02-06 15:00:00;44540;LL;низ;2834,270;2852,390;36,125;3;1
2/2;9529;2025-02-07 03:00:00;44551;HH;верх;2870,565;2862,305;36,295;11;1
2/2;9530;2025-02-07 06:00:00;44554;HL;низ;2859,030;2866,420;11,535;3;1
2/2;9531;2025-02-07 09:00:00;44557;HH;верх;2870,735;2867,785;11,705;3;1
2/2;9532;2025-02-07 13:00:00;44561;LL;низ;2852,595;2880,575;18,140;4;1
2/2;9533;2025-02-07 15:00:00;44563;HH;верх;2886,855;2860,050;34,260;2;1
2/2;9534;2025-02-07 17:00:00;44565;HL;низ;2853,435;2860,390;33,420;2;1
2/2;9535;2025-02-10 01:00:00;44572;LH;верх;2876,740;2875,515;23,305;7;1
2/2;9536;2025-02-10 14:00:00;44585;HL;низ;2896,385;2901,055;19,645;13;1
2/2;9537;2025-02-10 15:00:00;44586;HH;верх;2911,965;2903,265;15,580;1;1
2/2;9538;2025-02-10 17:00:00;44588;HL;низ;2896,690;2904,405;15,275;2;1
2/2;9539;2025-02-11 02:00:00;44596;HH;верх;2942,780;2916,400;46,090;8;1
2/2;9540;2025-02-11 02:00:00;44596;HL;низ;2905,940;2916,400;36,840;0;1
2/2;9541;2025-02-11 06:00:00;44600;LH;верх;2929,540;2907,470;23,600;4;1
2/2;9542;2025-02-11 13:00:00;44607;LL;низ;2881,560;2904,895;47,980;7;1
2/2;9543;2025-02-11 16:00:00;44610;LH;верх;2908,675;2905,945;27,115;3;1
2/2;9544;2025-02-11 20:00:00;44614;HL;низ;2894,160;2898,690;14,515;4;1
2/2;9545;2025-02-11 23:00:00;44616;LH;верх;2900,790;2893,270;6,630;2;1
2/2;9546;2025-02-12 01:00:00;44618;LL;низ;2883,695;2888,995;17,095;2;2
2/2;9547;2025-02-12 07:00:00;44624;LH;верх;2895,850;2886,855;12,155;6;1
2/2;9548;2025-02-12 13:00:00;44630;LL;низ;2864,330;2894,785;31,520;6;1
2/2;9549;2025-02-12 17:00:00;44634;HH;верх;2909,265;2897,930;44,935;4;1
2/2;9550;2025-02-12 19:00:00;44636;HL;низ;2893,645;2903,960;15,620;2;1
2/2;9551;2025-02-13 05:00:00;44645;HH;верх;2922,880;2914,630;29,235;9;2
2/2;9552;2025-02-13 08:00:00;44648;HL;низ;2909,500;2917,995;13,380;3;1
2/2;9553;2025-02-13 12:00:00;44652;LH;верх;2921,435;2915,140;11,935;4;1
2/2;9554;2025-02-13 13:00:00;44653;LL;низ;2905,885;2920,290;15,550;1;1
2/2;9555;2025-02-14 01:00:00;44664;HH;верх;2933,920;2924,500;28,035;11;2
2/2;9556;2025-02-14 03:00:00;44666;HL;низ;2923,335;2931,020;10,585;2;1
2/2;9557;2025-02-14 10:00:00;44673;HH;верх;2939,980;2930,900;16,645;7;1
2/2;9558;2025-02-14 20:00:00;44683;LL;низ;2877,025;2879,445;62,955;10;1
2/2;9559;2025-02-17 05:00:00;44691;LH;верх;2905,355;2902,575;28,330;8;1
2/2;9560;2025-02-17 06:00:00;44692;HL;низ;2888,190;2900,295;17,165;1;1
2/2;9561;2025-02-17 09:00:00;44695;HH;верх;2906,525;2901,095;18,335;3;1
2/2;9562;2025-02-17 12:00:00;44698;HL;низ;2895,450;2903,080;11,075;3;1
2/2;9563;2025-02-17 15:00:00;44701;LH;верх;2904,185;2898,535;8,735;3;1
2/2;9564;2025-02-18 01:00:00;44708;LL;низ;2892,070;2909,085;12,115;7;2
2/2;9565;2025-02-18 05:00:00;44712;HH;верх;2915,760;2911,600;23,690;4;1
2/2;9566;2025-02-18 10:00:00;44717;HL;низ;2907,190;2918,185;8,570;5;1
2/2;9567;2025-02-19 01:00:00;44731;HH;верх;2939,740;2928,955;32,550;14;2
2/2;9568;2025-02-19 02:00:00;44732;HL;низ;2924,210;2929,335;15,530;1;1
2/2;9569;2025-02-19 10:00:00;44740;HH;верх;2947,080;2933,520;22,870;8;1
2/2;9570;2025-02-19 18:00:00;44748;LL;низ;2918,640;2935,950;28,440;8;2
2/2;9571;2025-02-20 09:00:00;44762;HH;верх;2954,955;2948,785;36,315;14;1
2/2;9572;2025-02-20 14:00:00;44767;HL;низ;2924,035;2943,115;30,920;5;1
2/2;9573;2025-02-20 17:00:00;44770;LH;верх;2947,090;2938,065;23,055;3;1
2/2;9574;2025-02-20 19:00:00;44772;HL;низ;2933,555;2939,385;13,535;2;1
2/2;9575;2025-02-21 01:00:00;44777;HH;верх;2949,930;2931,165;16,375;5;1
2/2;9576;2025-02-21 08:00:00;44784;LL;низ;2916,820;2930,700;33,110;7;3
2/2;9577;2025-02-21 14:00:00;44790;LH;верх;2939,170;2936,775;22,350;6;2
2/2;9578;2025-02-21 15:00:00;44791;HL;низ;2921,610;2939,805;17,560;1;1
2/2;9579;2025-02-21 18:00:00;44794;HH;верх;2942,880;2934,700;21,270;3;2
2/2;9580;2025-02-24 01:00:00;44800;LL;низ;2921,475;2941,205;21,405;6;1
2/2;9581;2025-02-24 03:00:00;44802;HH;верх;2944,760;2936,270;23,285;2;1
2/2;9582;2025-02-24 06:00:00;44805;HL;низ;2935,265;2946,480;9,495;3;1
2/2;9583;2025-02-24 08:00:00;44807;HH;верх;2948,880;2938,335;13,615;2;1
2/2;9584;2025-02-24 10:00:00;44809;LL;низ;2935,020;2946,685;13,860;2;1
2/2;9585;2025-02-24 14:00:00;44813;HH;верх;2956,310;2943,515;21,290;4;1
2/2;9586;2025-02-24 15:00:00;44814;LL;низ;2930,810;2943,325;25,500;1;1
2/2;9587;2025-02-24 23:00:00;44821;LH;верх;2953,425;2949,550;22,615;7;1
2/2;9588;2025-02-25 08:00:00;44830;LL;низ;2929,640;2937,475;23,785;9;1
2/2;9589;2025-02-25 09:00:00;44831;LH;верх;2942,415;2938,745;12,775;1;1
2/2;9590;2025-02-25 12:00:00;44834;LL;низ;2923,980;2932,790;18,435;3;1
2/2;9591;2025-02-25 14:00:00;44836;HH;верх;2944,930;2896,445;20,950;2;1
2/2;9592;2025-02-25 16:00:00;44838;LL;низ;2888,180;2909,480;56,750;2;1
2/2;9593;2025-02-26 01:00:00;44846;LH;верх;2930,180;2917,260;42,000;8;1
2/2;9594;2025-02-26 07:00:00;44852;HL;низ;2905,905;2913,140;24,275;6;1
2/2;9595;2025-02-26 09:00:00;44854;LH;верх;2919,140;2913,930;13,235;2;1
2/2;9596;2025-02-26 14:00:00;44859;LL;низ;2890,865;2913,150;28,275;5;1
2/2;9597;2025-02-26 16:00:00;44861;LH;верх;2916,835;2914,970;25,970;2;1
2/2;9598;2025-02-26 20:00:00;44865;HL;низ;2912,100;2919,410;4,735;4;1
2/2;9599;2025-02-26 23:00:00;44867;HH;верх;2920,815;2912,680;8,715;2;1
2/2;9600;2025-02-27 09:00:00;44877;LL;низ;2877,170;2884,105;43,645;10;1
2/2;9601;2025-02-27 10:00:00;44878;LH;верх;2895,185;2885,200;18,015;1;2
2/2;9602;2025-02-27 14:00:00;44882;LL;низ;2867,795;2877,610;27,390;4;1
2/2;9603;2025-02-27 19:00:00;44887;LH;верх;2887,745;2877,195;19,950;5;1
2/2;9604;2025-02-27 21:00:00;44889;HL;низ;2871,285;2877,030;16,460;2;1
2/2;9605;2025-02-28 01:00:00;44892;LH;верх;2885,240;2865,830;13,955;3;1
2/2;9606;2025-02-28 08:00:00;44899;LL;низ;2851,115;2862,905;34,125;7;2
2/2;9607;2025-02-28 12:00:00;44903;LH;верх;2865,025;2834,095;13,910;4;1
2/2;9608;2025-02-28 15:00:00;44906;LL;низ;2832,720;2845,200;32,305;3;1
2/2;9609;2025-02-28 16:00:00;44907;LH;верх;2854,035;2845,350;21,315;1;1
2/2;9610;2025-02-28 18:00:00;44909;HL;низ;2838,135;2854,760;15,900;2;1
2/2;9611;2025-03-02 23:00:00;44913;HH;верх;2876,850;2870,970;38,715;4;1
2/2;9612;2025-03-03 08:00:00;44922;HL;низ;2859,000;2871,935;17,850;9;3
2/2;9613;2025-03-03 16:00:00;44930;HH;верх;2893,200;2890,000;34,200;8;1
2/2;9614;2025-03-03 20:00:00;44934;HL;низ;2878,435;2890,895;14,765;4;1
2/2;9615;2025-03-03 21:00:00;44935;HH;верх;2895,210;2891,945;16,775;1;1
2/2;9616;2025-03-04 01:00:00;44938;HL;низ;2881,980;2888,655;13,230;3;2
2/2;9617;2025-03-04 13:00:00;44950;HH;верх;2927,910;2906,145;45,930;12;1
2/2;9618;2025-03-04 15:00:00;44952;HL;низ;2900,390;2911,670;27,520;2;1
2/2;9619;2025-03-04 20:00:00;44957;LH;верх;2920,610;2914,390;20,220;5;1
2/2;9620;2025-03-05 02:00:00;44962;HL;низ;2902,040;2910,605;18,570;5;1
2/2;9621;2025-03-05 09:00:00;44969;HH;верх;2922,675;2913,265;20,635;7;1
2/2;9622;2025-03-05 10:00:00;44970;HL;низ;2909,100;2916,290;13,575;1;1
2/2;9623;2025-03-05 12:00:00;44972;LH;верх;2919,390;2912,005;10,290;2;1
2/2;9624;2025-03-05 13:00:00;44973;LL;низ;2894,350;2917,260;25,040;1;1
2/2;9625;2025-03-05 16:00:00;44976;HH;верх;2929,980;2917,505;35,630;3;1
2/2;9626;2025-03-05 18:00:00;44978;HL;низ;2911,880;2922,220;18,100;2;1
2/2;9627;2025-03-05 20:00:00;44980;LH;верх;2923,110;2918,315;11,230;2;1
2/2;9628;2025-03-06 01:00:00;44984;HL;низ;2916,010;2921,270;7,100;4;1
2/2;9629;2025-03-06 02:00:00;44985;HH;верх;2926,720;2917,540;10,710;1;2
2/2;9630;2025-03-06 09:00:00;44992;LL;низ;2891,150;2905,890;35,570;7;1
2/2;9631;2025-03-06 15:00:00;44998;LH;верх;2922,850;2915,570;31,700;6;1
2/2;9632;2025-03-07 00:00:00;45006;HL;низ;2896,910;2908,200;25,940;8;1
2/2;9633;2025-03-07 09:00:00;45015;HH;верх;2923,180;2918,850;26,270;9;1
2/2;9634;2025-03-07 14:00:00;45020;HL;низ;2903,830;2914,170;19,350;5;1
2/2;9635;2025-03-07 15:00:00;45021;HH;верх;2930,540;2908,325;26,710;1;1
2/2;9636;2025-03-07 18:00:00;45024;LL;низ;2902,065;2909,765;28,475;3;1
2/2;9637;2025-03-10 01:00:00;45031;LH;верх;2918,385;2911,045;16,320;7;2
2/2;9638;2025-03-10 11:00:00;45041;LL;низ;2895,700;2903,790;22,685;10;1
2/2;9639;2025-03-10 15:00:00;45045;LH;верх;2910,635;2886,135;14,935;4;1
2/2;9640;2025-03-11 01:00:00;45054;LL;низ;2880,250;2896,915;30,385;9;2
2/2;9641;2025-03-11 02:00:00;45055;LH;верх;2900,515;2897,770;20,265;1;1
2/2;9642;2025-03-11 05:00:00;45058;HL;низ;2892,815;2901,110;7,700;3;1
2/2;9643;2025-03-11 13:00:00;45066;HH;верх;2922,225;2916,850;29,410;8;1
2/2;9644;2025-03-11 13:00:00;45066;HL;низ;2906,890;2916,850;15,335;0;1
2/2;9645;2025-03-11 19:00:00;45072;LH;верх;2921,400;2917,720;14,510;6;2
2/2;9646;2025-03-12 01:00:00;45077;HL;низ;2910,900;2915,035;10,500;5;1
2/2;9647;2025-03-12 03:00:00;45079;LH;верх;2920,110;2916,035;9,210;2;1
2/2;9648;2025-03-12 07:00:00;45083;LL;низ;2909,095;2914,730;11,015;4;1
2/2;9649;2025-03-12 09:00:00;45085;HH;верх;2925,390;2915,390;16,295;2;2
2/2;9650;2025-03-12 13:00:00;45089;LL;низ;2906,110;2928,460;19,280;4;1
2/2;9651;2025-03-12 17:00:00;45093;HH;верх;2940,690;2931,405;34,580;4;1
2/2;9652;2025-03-12 20:00:00;45096;HL;низ;2930,965;2938,195;9,725;3;1
2/2;9653;2025-03-13 03:00:00;45102;HH;верх;2947,195;2940,140;16,230;6;1
2/2;9654;2025-03-13 07:00:00;45106;HL;низ;2932,980;2947,835;14,215;4;1
2/2;9655;2025-03-13 09:00:00;45108;HH;верх;2948,930;2946,395;15,950;2;1
2/2;9656;2025-03-13 13:00:00;45112;HL;низ;2939,090;2977,900;9,840;4;1
2/2;9657;2025-03-13 22:00:00;45120;HH;верх;2990,055;2986,760;50,965;8;2
2/2;9658;2025-03-14 01:00:00;45123;HL;низ;2981,715;2992,700;8,340;3;1
2/2;9659;2025-03-14 04:00:00;45126;HH;верх;2994,000;2985,745;12,285;3;1
2/2;9660;2025-03-14 07:00:00;45129;LL;низ;2980,915;2998,795;13,085;3;1
2/2;9661;2025-03-14 10:00:00;45132;HH;верх;3005,040;2993,955;24,125;3;1
2/2;9662;2025-03-14 15:00:00;45137;LL;низ;2978,505;2986,625;26,535;5;1
2/2;9663;2025-03-14 17:00:00;45139;LH;верх;2990,510;2984,010;12,005;2;1
2/2;9664;2025-03-14 20:00:00;45142;HL;низ;2981,850;2990,125;8,660;3;1
2/2;9665;2025-03-16 23:00:00;45144;HH;верх;2994,235;2990,890;12,385;2;1
2/2;9666;2025-03-17 05:00:00;45150;HL;низ;2982,340;2985,545;11,895;6;1
2/2;9667;2025-03-17 06:00:00;45151;LH;верх;2990,830;2988,515;8,490;1;1
2/2;9668;2025-03-17 08:00:00;45153;HL;низ;2983,175;2999,030;7,655;2;1
2/2;9669;2025-03-17 11:00:00;45156;HH;верх;3001,190;2988,430;18,015;3;1
2/2;9670;2025-03-17 12:00:00;45157;HL;низ;2984,930;2998,720;16,260;1;1
2/2;9671;2025-03-17 14:00:00;45159;LH;верх;3000,550;2994,570;15,620;2;1
2/2;9672;2025-03-18 01:00:00;45169;HL;низ;2999,460;3011,515;1,090;10;2
2/2;9673;2025-03-18 13:00:00;45181;HH;верх;3038,350;3031,800;38,890;12;1
2/2;9674;2025-03-18 14:00:00;45182;HL;низ;3024,805;3036,140;13,545;1;1
2/2;9675;2025-03-18 19:00:00;45187;LH;верх;3038,065;3034,505;13,260;5;2
2/2;9676;2025-03-19 01:00:00;45192;HL;низ;3027,450;3036,335;10,615;5;1
2/2;9677;2025-03-19 05:00:00;45196;HH;верх;3045,410;3035,945;17,960;4;1
2/2;9678;2025-03-19 09:00:00;45200;LL;низ;3022,885;3038,990;22,525;4;1
2/2;9679;2025-03-19 12:00:00;45203;LH;верх;3041,100;3027,670;18,215;3;1
2/2;9680;2025-03-19 14:00:00;45205;HL;низ;3025,960;3033,135;15,140;2;1
2/2;9681;2025-03-20 01:00:00;45215;HH;верх;3056,230;3050,005;30,270;10;2
2/2;9682;2025-03-20 02:00:00;45216;HL;низ;3045,080;3052,420;11,150;1;1
2/2;9683;2025-03-20 04:00:00;45218;HH;верх;3057,590;3049,025;12,510;2;1
2/2;9684;2025-03-20 10:00:00;45224;LL;низ;3025,730;3040,925;31,860;6;1
2/2;9685;2025-03-21 00:00:00;45237;LH;верх;3047,550;3034,750;21,820;13;3
2/2;9686;2025-03-21 05:00:00;45242;LL;низ;3021,845;3032,100;25,705;5;1
2/2;9687;2025-03-21 08:00:00;45245;LH;верх;3034,910;3030,955;13,065;3;1
2/2;9688;2025-03-21 08:00:00;45245;HL;низ;3027,160;3030,955;7,750;0;1
2/2;9689;2025-03-21 12:00:00;45249;HH;верх;3038,195;3015,765;11,035;4;1
2/2;9690;2025-03-21 14:00:00;45251;LL;низ;2999,465;3015,250;38,730;2;1
2/2;9691;2025-03-23 23:00:00;45259;LH;верх;3026,410;3020,965;26,945;8;1
2/2;9692;2025-03-24 02:00:00;45262;HL;низ;3013,755;3019,520;12,655;3;1
2/2;9693;2025-03-24 10:00:00;45270;HH;верх;3033,340;3024,205;19,585;8;1
2/2;9694;2025-03-24 18:00:00;45278;LL;низ;3002,495;3012,150;30,845;8;2
2/2;9695;2025-03-25 00:00:00;45283;LH;верх;3014,985;3009,140;12,490;5;2
2/2;9696;2025-03-25 02:00:00;45285;HL;низ;3007,540;3015,315;7,445;2;1
2/2;9697;2025-03-25 05:00:00;45288;HH;верх;3021,135;3011,225;13,595;3;1
2/2;9698;2025-03-25 07:00:00;45290;HL;низ;3010,595;3023,365;10,540;2;2
2/2;9699;2025-03-25 14:00:00;45297;HH;верх;3036,070;3023,280;25,475;7;1
2/2;9700;2025-03-25 19:00:00;45302;HL;низ;3017,835;3021,425;18,235;5;2
2/2;9701;2025-03-25 22:00:00;45304;LH;верх;3022,470;3018,195;4,635;2;1
2/2;9702;2025-03-26 01:00:00;45307;LL;низ;3016,440;3017,635;6,030;3;1
2/2;9703;2025-03-26 02:00:00;45308;HH;верх;3027,170;3015,275;10,730;1;1
2/2;9704;2025-03-26 05:00:00;45311;LL;низ;3013,320;3030,575;13,850;3;1
2/2;9705;2025-03-26 08:00:00;45314;HH;верх;3032,165;3023,410;18,845;3;1
2/2;9706;2025-03-26 10:00:00;45316;HL;низ;3017,075;3027,190;15,090;2;1
2/2;9707;2025-03-26 11:00:00;45317;LH;верх;3030,450;3016,715;13,375;1;1
2/2;9708;2025-03-26 15:00:00;45321;LL;низ;3012,330;3018,780;18,120;4;1
2/2;9709;2025-03-27 04:00:00;45333;HH;верх;3038,695;3030,025;26,365;12;1
2/2;9710;2025-03-27 06:00:00;45335;HL;низ;3026,765;3036,175;11,930;2;2
2/2;9711;2025-03-27 14:00:00;45343;HH;верх;3059,755;3048,430;32,990;8;1
2/2;9712;2025-03-27 17:00:00;45346;HL;низ;3047,870;3057,535;11,885;3;1
2/2;9713;2025-03-27 19:00:00;45348;LH;верх;3057,955;3055,105;10,085;2;1
2/2;9714;2025-03-27 23:00:00;45351;HL;низ;3054,235;3073,940;3,720;3;1
2/2;9715;2025-03-28 07:00:00;45359;HH;верх;3086,090;3072,925;31,855;8;2
2/2;9716;2025-03-28 08:00:00;45360;HL;низ;3066,145;3074,405;19,945;1;1
2/2;9717;2025-03-28 14:00:00;45366;HH;верх;3086,965;3083,985;20,820;6;1
2/2;9718;2025-03-28 15:00:00;45367;HL;низ;3067,430;3077,425;19,535;1;2
2/2;9719;2025-03-30 22:00:00;45373;HH;верх;3097,978;3079,125;30,548;6;1
2/2;9720;2025-03-31 01:00:00;45376;HL;низ;3076,805;3107,185;21,173;3;1
2/2;9721;2025-03-31 06:00:00;45381;HH;верх;3128,135;3122,260;51,330;5;1
2/2;9722;2025-03-31 09:00:00;45384;HL;низ;3111,930;3119,620;16,205;3;1
2/2;9723;2025-03-31 12:00:00;45387;LH;верх;3126,770;3123,325;14,840;3;1
2/2;9724;2025-03-31 13:00:00;45388;LL;низ;3099,710;3113,795;27,060;1;1
2/2;9725;2025-03-31 15:00:00;45390;HH;верх;3127,300;3117,935;27,590;2;1
2/2;9726;2025-03-31 23:00:00;45397;HL;низ;3120,125;3135,485;7,175;7;1
2/2;9727;2025-04-01 05:00:00;45403;HH;верх;3149,090;3127,605;28,965;6;1
2/2;9728;2025-04-01 07:00:00;45405;HL;низ;3124,105;3132,355;24,985;2;1
2/2;9729;2025-04-01 10:00:00;45408;LH;верх;3139,070;3133,495;14,965;3;2
2/2;9730;2025-04-01 16:00:00;45414;LL;низ;3100,870;3114,170;38,200;6;1
2/2;9731;2025-04-01 20:00:00;45418;LH;верх;3120,780;3115,325;19,910;4;1
2/2;9732;2025-04-01 22:00:00;45419;HL;низ;3107,830;3123,015;12,950;1;1
2/2;9733;2025-04-02 02:00:00;45423;HH;верх;3135,805;3116,130;27,975;4;1
2/2;9734;2025-04-02 05:00:00;45426;LL;низ;3106,705;3125,345;29,100;3;1
2/2;9735;2025-04-02 08:00:00;45429;LH;верх;3133,950;3114,595;27,245;3;1
2/2;9736;2025-04-02 10:00:00;45431;HL;низ;3110,205;3122,500;23,745;2;1
2/2;9737;2025-04-02 16:00:00;45437;HH;верх;3134,370;3121,905;24,165;6;2
2/2;9738;2025-04-02 20:00:00;45441;LL;низ;3104,790;3162,725;29,580;4;1
2/2;9739;2025-04-02 23:00:00;45443;HH;верх;3167,835;3153,535;63,045;2;1
2/2;9740;2025-04-03 13:00:00;45457;LL;низ;3054,190;3110,655;113,645;14;2
2/2;9741;2025-04-03 14:00:00;45458;LH;верх;3135,665;3107,575;81,475;1;1
2/2;9742;2025-04-03 17:00:00;45461;HL;низ;3100,055;3107,550;35,610;3;1
2/2;9743;2025-04-03 20:00:00;45464;LH;верх;3120,150;3113,025;20,095;3;1
2/2;9744;2025-04-04 03:00:00;45470;LL;низ;3087,090;3108,980;33,060;6;1
2/2;9745;2025-04-04 06:00:00;45473;LH;верх;3110,075;3084,205;22,985;3;1
2/2;9746;2025-04-04 08:00:00;45475;LL;низ;3078,515;3110,310;31,560;2;1
2/2;9747;2025-04-04 11:00:00;45478;HH;верх;3136,775;3061,935;58,260;3;1
2/2;9748;2025-04-04 17:00:00;45484;LL;низ;3015,650;3036,515;121,125;6;1
2/2;9749;2025-04-04 20:00:00;45487;LH;верх;3041,095;2999,815;25,445;3;1
2/2;9750;2025-04-07 00:00:00;45490;LL;низ;2970,215;3025,905;70,880;3;1
2/2;9751;2025-04-07 01:00:00;45491;HH;верх;3057,305;3019,030;87,090;1;2
2/2;9752;2025-04-07 07:00:00;45497;HL;низ;3013,360;3025,340;43,945;6;1
2/2;9753;2025-04-07 11:00:00;45501;LH;верх;3046,235;3015,520;32,875;4;2
2/2;9754;2025-04-07 17:00:00;45507;LL;низ;2956,565;2976,760;89,670;6;1
2/2;9755;2025-04-08 02:00:00;45515;LH;верх;3004,960;3002,250;48,395;8;1
2/2;9756;2025-04-08 04:00:00;45517;HL;низ;2990,940;3013,285;14,020;2;1
2/2;9757;2025-04-08 06:00:00;45519;HH;верх;3016,105;3007,565;25,165;2;1
2/2;9758;2025-04-08 09:00:00;45522;HL;низ;2994,900;3017,545;21,205;3;2
2/2;9759;2025-04-08 13:00:00;45526;HH;верх;3022,760;3001,590;27,860;4;1
2/2;9760;2025-04-08 23:00:00;45535;LL;низ;2969,970;3008,895;52,790;9;3
2/2;9761;2025-04-09 07:00:00;45543;HH;верх;3052,465;3045,005;82,495;8;1
2/2;9762;2025-04-09 11:00:00;45547;HL;низ;3036,080;3075,325;16,385;4;2
2/2;9763;2025-04-09 19:00:00;45555;HH;верх;3099,770;3080,235;63,690;8;1
2/2;9764;2025-04-10 01:00:00;45560;HL;низ;3078,550;3125,500;21,220;5;1
2/2;9765;2025-04-10 05:00:00;45564;HH;верх;3132,630;3108,755;54,080;4;1
2/2;9766;2025-04-10 09:00:00;45568;HL;низ;3103,320;3124,805;29,310;4;1
2/2;9767;2025-04-10 15:00:00;45574;HH;верх;3175,085;3162,925;71,765;6;1
2/2;9768;2025-04-10 17:00:00;45576;HL;низ;3151,660;3170,920;23,425;2;1
2/2;9769;2025-04-11 03:00:00;45585;HH;верх;3220,100;3196,005;68,440;9;1
2/2;9770;2025-04-11 05:00:00;45587;HL;низ;3187,265;3212,405;32,835;2;1
2/2;9771;2025-04-11 16:00:00;45598;HH;верх;3245,485;3235,725;58,220;11;3
2/2;9772;2025-04-11 16:00:00;45598;HL;низ;3219,815;3235,725;25,670;0;1
2/2;9773;2025-04-11 20:00:00;45602;LH;верх;3238,820;3223,935;19,005;4;1
2/2;9774;2025-04-13 22:00:00;45603;LL;низ;3213,355;3220,885;25,465;1;2
2/2;9775;2025-04-14 02:00:00;45607;HH;верх;3245,845;3227,480;32,490;4;1
2/2;9776;2025-04-14 05:00:00;45610;HL;низ;3221,435;3228,040;24,410;3;1
2/2;9777;2025-04-14 06:00:00;45611;LH;верх;3238,250;3227,090;16,815;1;2
2/2;9778;2025-04-14 13:00:00;45618;LL;низ;3193,630;3198,150;44,620;7;1
2/2;9779;2025-04-14 17:00:00;45622;LH;верх;3216,485;3212,790;22,855;4;1
2/2;9780;2025-04-15 01:00:00;45629;HL;низ;3210,065;3228,555;6,420;7;1
2/2;9781;2025-04-15 04:00:00;45632;HH;верх;3232,755;3225,310;22,690;3;1
2/2;9782;2025-04-15 07:00:00;45635;HL;низ;3217,375;3222,635;15,380;3;1
2/2;9783;2025-04-15 08:00:00;45636;LH;верх;3232,240;3220,260;14,865;1;1
2/2;9784;2025-04-15 13:00:00;45641;LL;низ;3211,660;3221,365;20,580;5;1
2/2;9785;2025-04-16 08:00:00;45659;HH;верх;3317,920;3304,225;106,260;18;2
2/2;9786;2025-04-16 11:00:00;45662;HL;низ;3293,075;3311,645;24,845;3;1
2/2;9787;2025-04-16 22:00:00;45672;HH;верх;3357,775;3345,600;64,700;10;2
2/2;9788;2025-04-17 01:00:00;45675;HL;низ;3320,855;3344,620;36,920;3;1
2/2;9789;2025-04-17 05:00:00;45679;LH;верх;3345,590;3323,555;24,735;4;1
2/2;9790;2025-04-17 08:00:00;45682;LL;низ;3312,755;3327,695;32,835;3;1
2/2;9791;2025-04-17 12:00:00;45686;LH;верх;3342,735;3291,465;29,980;4;1
2/2;9792;2025-04-17 14:00:00;45688;LL;низ;3283,955;3316,295;58,780;2;1
2/2;9793;2025-04-17 17:00:00;45691;LH;верх;3322,685;3320,825;38,730;3;1
2/2;9794;2025-04-17 19:00:00;45693;HL;низ;3311,060;3345,985;11,625;2;3
2/2;9795;2025-04-21 14:00:00;45711;HH;верх;3430,350;3414,625;119,290;18;1
2/2;9796;2025-04-21 17:00:00;45714;HL;низ;3406,070;3423,640;24,280;3;2
2/2;9797;2025-04-22 06:00:00;45726;HH;верх;3500,200;3444,285;94,130;12;1
2/2;9798;2025-04-22 22:00:00;45741;LL;низ;3315,340;3368,110;184,860;15;4
2/2;9799;2025-04-23 01:00:00;45744;LH;верх;3386,770;3339,045;71,430;3;1
2/2;9800;2025-04-23 06:00:00;45749;LL;низ;3291,735;3321,710;95,035;5;1
2/2;9801;2025-04-23 09:00:00;45752;LH;верх;3340,600;3324,700;48,865;3;1
2/2;9802;2025-04-23 14:00:00;45757;LL;низ;3260,190;3295,080;80,410;5;1
2/2;9803;2025-04-24 01:00:00;45767;HH;верх;3367,685;3327,060;107,495;10;2
2/2;9804;2025-04-24 06:00:00;45772;HL;низ;3314,800;3336,130;52,885;5;1
2/2;9805;2025-04-24 12:00:00;45778;LH;верх;3344,785;3327,550;29,985;6;1
2/2;9806;2025-04-24 14:00:00;45780;LL;низ;3306,755;3331,725;38,030;2;1
2/2;9807;2025-04-24 22:00:00;45787;HH;верх;3370,475;3358,005;63,720;7;1
2/2;9808;2025-04-25 13:00:00;45802;LL;низ;3265,135;3283,110;105,340;15;2
2/2;9809;2025-04-27 22:00:00;45810;LH;верх;3330,605;3314,075;65,470;8;1
2/2;9810;2025-04-28 02:00:00;45814;HL;низ;3268,110;3299,185;62,495;4;1
2/2;9811;2025-04-28 05:00:00;45817;LH;верх;3301,165;3287,380;33,055;3;1
2/2;9812;2025-04-28 10:00:00;45822;HL;низ;3273,335;3296,225;27,830;5;1
2/2;9813;2025-04-28 19:00:00;45831;HH;верх;3353,200;3338,025;79,865;9;1
2/2;9814;2025-04-29 05:00:00;45840;HL;низ;3305,140;3323,070;48,060;9;1
2/2;9815;2025-04-29 08:00:00;45843;LH;верх;3325,005;3313,005;19,865;3;2
2/2;9816;2025-04-29 14:00:00;45849;LL;низ;3299,675;3328,870;25,330;6;1
2/2;9817;2025-04-29 16:00:00;45851;HH;верх;3330,065;3319,970;30,390;2;2
2/2;9818;2025-04-30 04:00:00;45862;HL;низ;3301,385;3305,955;28,680;11;1
2/2;9819;2025-04-30 05:00:00;45863;LH;верх;3314,820;3307,240;13,435;1;1
2/2;9820;2025-04-30 12:00:00;45870;LL;низ;3266,910;3309,960;47,910;7;1
2/2;9821;2025-04-30 13:00:00;45871;HH;верх;3319,800;3308,105;52,890;1;1
2/2;9822;2025-05-01 04:00:00;45885;LL;низ;3221,320;3235,835;98,480;14;1
2/2;9823;2025-05-01 06:00:00;45887;LH;верх;3243,280;3235,180;21,960;2;1
2/2;9824;2025-05-01 12:00:00;45893;LL;низ;3201,955;3219,095;41,325;6;1
2/2;9825;2025-05-01 13:00:00;45894;LH;верх;3233,370;3216,515;31,415;1;1
2/2;9826;2025-05-01 15:00:00;45896;HL;низ;3205,095;3214,490;28,275;2;2
2/2;9827;2025-05-02 03:00:00;45907;HH;верх;3258,795;3251,975;53,700;11;1
2/2;9828;2025-05-02 06:00:00;45910;HL;низ;3246,420;3258,260;12,375;3;1
2/2;9829;2025-05-02 11:00:00;45915;HH;верх;3269,300;3250,560;22,880;5;1
2/2;9830;2025-05-02 16:00:00;45920;LL;низ;3222,755;3226,515;46,545;5;1
2/2;9831;2025-05-05 14:00:00;45941;HH;верх;3328,850;3309,875;106,095;21;2
2/2;9832;2025-05-05 16:00:00;45943;HL;низ;3305,640;3323,415;23,210;2;1
2/2;9833;2025-05-05 19:00:00;45946;HH;верх;3337,670;3330,805;32,030;3;1
2/2;9834;2025-05-06 00:00:00;45950;HL;низ;3322,755;3358,425;14,915;4;1
2/2;9835;2025-05-06 02:00:00;45952;HH;верх;3387,015;3363,180;64,260;2;1
2/2;9836;2025-05-06 05:00:00;45955;HL;низ;3350,260;3371,160;36,755;3;2
2/2;9837;2025-05-06 20:00:00;45970;HH;верх;3435,055;3400,870;84,795;15;1
2/2;9838;2025-05-07 01:00:00;45974;HL;низ;3360,200;3375,545;74,855;4;1
2/2;9839;2025-05-07 07:00:00;45980;LH;верх;3397,445;3369,950;37,245;6;1
2/2;9840;2025-05-07 10:00:00;45983;HL;низ;3369,305;3390,920;28,140;3;1
2/2;9841;2025-05-07 13:00:00;45986;HH;верх;3398,145;3385,230;28,840;3;1
2/2;9842;2025-05-07 14:00:00;45987;HL;низ;3375,800;3386,925;22,345;1;1
2/2;9843;2025-05-07 18:00:00;45991;LH;верх;3398,020;3364,355;22,220;4;1
2/2;9844;2025-05-07 19:00:00;45992;LL;низ;3363,735;3370,080;34,285;1;1
2/2;9845;2025-05-08 02:00:00;45998;HH;верх;3414,790;3382,225;51,055;6;1
2/2;9846;2025-05-08 06:00:00;46002;LL;низ;3320,380;3339,420;94,410;4;2
2/2;9847;2025-05-08 13:00:00;46009;LH;верх;3369,600;3330,385;49,220;7;1
2/2;9848;2025-05-08 19:00:00;46015;LL;низ;3288,805;3323,925;80,795;6;1
2/2;9849;2025-05-08 23:00:00;46018;LH;верх;3324,095;3291,310;35,290;3;1
2/2;9850;2025-05-09 02:00:00;46021;LL;низ;3274,810;3324,645;49,285;3;1
2/2;9851;2025-05-09 07:00:00;46026;HH;верх;3332,350;3325,110;57,540;5;1
2/2;9852;2025-05-09 14:00:00;46033;HL;низ;3320,395;3336,825;11,955;7;1
2/2;9853;2025-05-09 16:00:00;46035;HH;верх;3347,625;3338,785;27,230;2;1
2/2;9854;2025-05-12 01:00:00;46043;LL;низ;3258,850;3283,445;88,775;8;1
2/2;9855;2025-05-12 03:00:00;46045;LH;верх;3284,785;3276,140;25,935;2;1
2/2;9856;2025-05-12 10:00:00;46052;LL;низ;3207,790;3233,685;76,995;7;1
2/2;9857;2025-05-12 13:00:00;46055;LH;верх;3248,700;3239,305;40,910;3;1
2/2;9858;2025-05-12 18:00:00;46060;HL;низ;3220,325;3235,075;28,375;5;1
2/2;9859;2025-05-13 01:00:00;46066;LH;верх;3243,430;3236,750;23,105;6;2
2/2;9860;2025-05-13 01:00:00;46066;LL;низ;3215,855;3236,750;27,575;0;1
2/2;9861;2025-05-13 06:00:00;46071;HH;верх;3265,785;3255,515;49,930;5;2
2/2;9862;2025-05-13 14:00:00;46079;HL;низ;3225,505;3251,095;40,280;8;1
2/2;9863;2025-05-13 16:00:00;46081;LH;верх;3258,000;3248,775;32,495;2;2
2/2;9864;2025-05-14 05:00:00;46093;LL;низ;3221,565;3238,085;36,435;12;1
2/2;9865;2025-05-14 08:00:00;46096;LH;верх;3243,960;3235,725;22,395;3;2
2/2;9866;2025-05-14 19:00:00;46107;LL;низ;3168,065;3182,775;75,895;11;2
2/2;9867;2025-05-15 01:00:00;46112;LH;верх;3192,830;3150,665;24,765;5;1
2/2;9868;2025-05-15 06:00:00;46117;LL;низ;3120,765;3162,600;72,065;5;1
2/2;9869;2025-05-15 22:00:00;46132;HH;верх;3252,255;3243,175;131,490;15;1
2/2;9870;2025-05-16 03:00:00;46137;HL;низ;3206,600;3218,695;45,655;5;1
2/2;9871;2025-05-16 06:00:00;46140;LH;верх;3231,335;3207,525;24,735;3;1
2/2;9872;2025-05-16 11:00:00;46145;LL;низ;3154,300;3180,730;77,035;5;1
2/2;9873;2025-05-19 00:00:00;46157;HH;верх;3249,850;3228,615;95,550;12;1
2/2;9874;2025-05-19 04:00:00;46161;HL;низ;3206,725;3224,290;43,125;4;1
2/2;9875;2025-05-19 11:00:00;46168;LH;верх;3248,590;3230,080;41,865;7;1
2/2;9876;2025-05-19 14:00:00;46171;HL;низ;3217,290;3231,920;31,300;3;2
2/2;9877;2025-05-19 19:00:00;46176;LH;верх;3235,970;3226,950;18,680;5;2
2/2;9878;2025-05-20 03:00:00;46183;LL;низ;3204,670;3213,880;31,300;7;3
2/2;9879;2025-05-21 01:00:00;46204;HH;верх;3314,820;3307,560;110,150;21;2
2/2;9880;2025-05-21 01:00:00;46204;HL;низ;3285,340;3307,560;29,480;0;2
2/2;9881;2025-05-21 06:00:00;46209;HH;верх;3320,845;3308,495;35,505;5;1
2/2;9882;2025-05-21 08:00:00;46211;HL;низ;3303,975;3311,820;16,870;2;1
2/2;9883;2025-05-21 10:00:00;46213;LH;верх;3318,395;3302,790;14,420;2;1
2/2;9884;2025-05-21 12:00:00;46215;LL;низ;3290,725;3304,485;27,670;2;1
2/2;9885;2025-05-22 03:00:00;46229;HH;верх;3345,470;3332,335;54,745;14;2
2/2;9886;2025-05-22 11:00:00;46237;LL;низ;3283,075;3287,770;62,395;8;1
2/2;9887;2025-05-22 13:00:00;46239;LH;верх;3315,910;3294,995;32,835;2;1
2/2;9888;2025-05-22 14:00:00;46240;LL;низ;3279,235;3301,665;36,675;1;1
2/2;9889;2025-05-22 16:00:00;46242;LH;верх;3304,945;3293,865;25,710;2;1
2/2;9890;2025-05-22 19:00:00;46245;HL;низ;3289,110;3297,850;15,835;3;1
2/2;9891;2025-05-23 00:00:00;46249;HH;верх;3309,010;3296,925;19,900;4;1
2/2;9892;2025-05-23 00:00:00;46249;LL;низ;3287,075;3296,925;21,935;0;1
2/2;9893;2025-05-23 07:00:00;46256;HH;верх;3334,465;3328,775;47,390;7;1
2/2;9894;2025-05-23 08:00:00;46257;HL;низ;3322,660;3328,675;11,805;1;1
2/2;9895;2025-05-23 13:00:00;46262;HH;верх;3364,820;3361,695;42,160;5;1
2/2;9896;2025-05-23 14:00:00;46263;HL;низ;3336,635;3359,130;28,185;1;1
2/2;9897;2025-05-23 17:00:00;46266;HH;верх;3366,015;3360,795;29,380;3;1
2/2;9898;2025-05-26 00:00:00;46272;LL;низ;3331,445;3348,135;34,570;6;1
2/2;9899;2025-05-26 02:00:00;46274;LH;верх;3356,995;3349,965;25,550;2;2
2/2;9900;2025-05-26 09:00:00;46281;LL;низ;3323,500;3333,135;33,495;7;2
2/2;9901;2025-05-27 00:00:00;46293;LH;верх;3350,095;3342,950;26,595;12;2
2/2;9902;2025-05-27 11:00:00;46304;LL;низ;3287,785;3295,345;62,310;11;3
2/2;9903;2025-05-27 13:00:00;46306;LH;верх;3305,035;3293,660;17,250;2;1
2/2;9904;2025-05-27 14:00:00;46307;LL;низ;3285,250;3297,915;19,785;1;1
2/2;9905;2025-05-27 19:00:00;46312;HH;верх;3308,005;3303,275;22,755;5;1
2/2;9906;2025-05-27 23:00:00;46315;HL;низ;3297,298;3301,880;10,707;3;1
2/2;9907;2025-05-28 00:00:00;46316;HH;верх;3315,885;3302,570;18,587;1;1
2/2;9908;2025-05-28 03:00:00;46319;LL;низ;3291,705;3307,275;24,180;3;1
2/2;9909;2025-05-28 09:00:00;46325;HH;верх;3325,695;3311,260;33,990;6;2
2/2;9910;2025-05-28 16:00:00;46332;LL;низ;3288,710;3302,275;36,985;7;1
2/2;9911;2025-05-28 19:00:00;46335;LH;верх;3303,140;3286,580;14,430;3;1
2/2;9912;2025-05-29 01:00:00;46340;LL;низ;3245,560;3274,600;57,580;5;1
2/2;9913;2025-05-29 03:00:00;46342;LH;верх;3280,220;3272,625;34,660;2;1
2/2;9914;2025-05-29 05:00:00;46344;HL;низ;3266,080;3286,485;14,140;2;1
2/2;9915;2025-05-29 16:00:00;46355;HH;верх;3331,470;3321,360;65,390;11;4
2/2;9916;2025-05-30 07:00:00;46369;HL;низ;3287,435;3295,635;44,035;14;1
2/2;9917;2025-05-30 13:00:00;46375;LH;верх;3308,380;3288,705;20,945;6;1
2/2;9918;2025-05-30 14:00:00;46376;LL;низ;3271,460;3293,365;36,920;1;1
2/2;9919;2025-05-30 16:00:00;46378;LH;верх;3295,880;3293,925;24,420;2;1
2/2;9920;2025-05-30 20:00:00;46382;HL;низ;3288,795;3310,220;7,085;4;1
2/2;9921;2025-06-01 23:00:00;46384;HH;верх;3316,745;3303,660;27,950;2;1
2/2;9922;2025-06-02 01:00:00;46386;HL;низ;3301,415;3308,800;15,330;2;1
2/2;9923;2025-06-02 23:00:00;46407;HH;верх;3392,305;3372,800;90,890;21;2
2/2;9924;2025-06-03 06:00:00;46414;HL;низ;3351,110;3361,215;41,195;7;1
2/2;9925;2025-06-03 13:00:00;46421;LH;верх;3363,250;3350,425;12,140;7;1
2/2;9926;2025-06-03 14:00:00;46422;LL;низ;3333,170;3348,495;30,080;1;2
2/2;9927;2025-06-04 02:00:00;46433;HH;верх;3372,715;3354,955;39,545;11;1
2/2;9928;2025-06-04 05:00:00;46436;HL;низ;3348,110;3354,725;24,605;3;1
2/2;9929;2025-06-04 07:00:00;46438;LH;верх;3365,320;3363,025;17,210;2;1
2/2;9930;2025-06-04 11:00:00;46442;LL;низ;3343,815;3352,740;21,505;4;1
2/2;9931;2025-06-04 14:00:00;46445;HH;верх;3384,760;3375,115;40,945;3;2
2/2;9932;2025-06-04 20:00:00;46451;HL;низ;3370,675;3378,200;14,085;6;1
2/2;9933;2025-06-05 01:00:00;46455;LH;верх;3384,285;3369,785;13,610;4;1
2/2;9934;2025-06-05 05:00:00;46459;LL;низ;3361,220;3371,335;23,065;4;1
2/2;9935;2025-06-05 11:00:00;46465;HH;верх;3403,625;3378,235;42,405;6;1
2/2;9936;2025-06-05 15:00:00;46469;LL;низ;3339,350;3354,030;64,275;4;2
2/2;9937;2025-06-06 05:00:00;46482;LH;верх;3375,705;3359,560;36,355;13;1
2/2;9938;2025-06-06 07:00:00;46484;HL;низ;3352,785;3356,845;22,920;2;1
2/2;9939;2025-06-06 08:00:00;46485;LH;верх;3367,770;3360,635;14,985;1;1
2/2;9940;2025-06-06 20:00:00;46497;LL;низ;3307,195;3318,150;60,575;12;2
2/2;9941;2025-06-08 22:00:00;46498;LH;верх;3321,270;3305,475;14,075;1;1
2/2;9942;2025-06-09 02:00:00;46502;LL;низ;3293,500;3311,795;27,770;4;1
2/2;9943;2025-06-09 07:00:00;46507;HH;верх;3328,515;3318,730;35,015;5;1
2/2;9944;2025-06-09 13:00:00;46513;HL;низ;3310,795;3328,685;17,720;6;2
2/2;9945;2025-06-09 17:00:00;46517;HH;верх;3338,295;3327,270;27,500;4;1
2/2;9946;2025-06-10 02:00:00;46525;LL;низ;3302,015;3307,385;36,280;8;1
2/2;9947;2025-06-10 13:00:00;46536;HH;верх;3349,280;3326,760;47,265;11;1
2/2;9948;2025-06-10 18:00:00;46541;HL;низ;3319,535;3322,610;29,745;5;1
2/2;9949;2025-06-10 19:00:00;46542;LH;верх;3334,665;3324,590;15,130;1;1
2/2;9950;2025-06-10 23:00:00;46545;LL;низ;3315,590;3328,575;19,075;3;2
2/2;9951;2025-06-11 07:00:00;46553;HH;верх;3348,570;3333,865;32,980;8;1
2/2;9952;2025-06-11 11:00:00;46557;HL;низ;3326,175;3330,000;22,395;4;1
2/2;9953;2025-06-11 12:00:00;46558;HH;верх;3360,790;3337,635;34,615;1;1
2/2;9954;2025-06-11 17:00:00;46563;LL;низ;3319,380;3346,835;41,410;5;1
2/2;9955;2025-06-12 02:00:00;46571;HH;верх;3377,895;3370,470;58,515;8;1
2/2;9956;2025-06-12 07:00:00;46576;HL;низ;3338,590;3365,450;39,305;5;1
2/2;9957;2025-06-12 13:00:00;46582;HH;верх;3399,050;3385,870;60,460;6;1
2/2;9958;2025-06-12 15:00:00;46584;HL;низ;3377,885;3382,635;21,165;2;1
2/2;9959;2025-06-12 19:00:00;46588;LH;верх;3389,505;3383,570;11,620;4;1
2/2;9960;2025-06-12 22:00:00;46590;HL;низ;3379,535;3415,350;9,970;2;1
2/2;9961;2025-06-13 03:00:00;46595;HH;верх;3444,495;3426,255;64,960;5;1
2/2;9962;2025-06-13 07:00:00;46599;HL;низ;3407,925;3424,410;36,570;4;2
2/2;9963;2025-06-13 13:00:00;46605;HH;верх;3446,880;3426,305;38,955;6;1
2/2;9964;2025-06-13 16:00:00;46608;HL;низ;3419,215;3436,610;27,665;3;1
2/2;9965;2025-06-15 22:00:00;46613;HH;верх;3451,525;3436,430;32,310;5;2
2/2;9966;2025-06-16 07:00:00;46622;LL;низ;3409,580;3412,080;41,945;9;1
2/2;9967;2025-06-16 11:00:00;46626;LH;верх;3422,785;3388,340;13,205;4;1
2/2;9968;2025-06-16 13:00:00;46628;LL;низ;3382,540;3404,625;40,245;2;2
2/2;9969;2025-06-17 00:00:00;46638;LH;верх;3403,430;3390,130;20,890;10;1
2/2;9970;2025-06-17 03:00:00;46641;LL;низ;3373,670;3392,640;29,760;3;2
2/2;9971;2025-06-17 11:00:00;46649;LH;верх;3400,200;3390,680;26,530;8;1
2/2;9972;2025-06-17 14:00:00;46652;LL;низ;3366,115;3382,965;34,085;3;1
2/2;9973;2025-06-17 22:00:00;46659;LH;верх;3395,975;3385,800;29,860;7;2
2/2;9974;2025-06-18 02:00:00;46663;HL;низ;3370,645;3395,125;25,330;4;1
2/2;9975;2025-06-18 04:00:00;46665;HH;верх;3400,110;3382,515;29,465;2;2
2/2;9976;2025-06-18 09:00:00;46670;HL;низ;3375,575;3382,185;24,535;5;1
2/2;9977;2025-06-18 13:00:00;46674;LH;верх;3396,945;3392,825;21,370;4;1
2/2;9978;2025-06-18 14:00:00;46675;LL;низ;3373,825;3391,060;23,120;1;1
2/2;9979;2025-06-18 18:00:00;46679;LH;верх;3395,925;3369,300;22,100;4;1
2/2;9980;2025-06-18 20:00:00;46681;LL;низ;3362,605;3375,130;33,320;2;1
2/2;9981;2025-06-19 01:00:00;46685;LH;верх;3388,175;3373,690;25,570;4;1
2/2;9982;2025-06-19 06:00:00;46690;LL;низ;3347,530;3368,745;40,645;5;1
2/2;9983;2025-06-19 10:00:00;46694;LH;верх;3379,180;3368,005;31,650;4;1
2/2;9984;2025-06-19 13:00:00;46697;HL;низ;3361,525;3369,290;17,655;3;1
2/2;9985;2025-06-19 17:00:00;46701;LH;верх;3375,625;3365,815;14,100;4;1
2/2;9986;2025-06-20 06:00:00;46711;LL;низ;3340,415;3351,150;35,210;10;2
2/2;9987;2025-06-20 09:00:00;46714;LH;верх;3359,270;3347,160;18,855;3;1
2/2;9988;2025-06-20 12:00:00;46717;HL;низ;3341,900;3369,330;17,370;3;1
2/2;9989;2025-06-20 14:00:00;46719;HH;верх;3374,630;3371,510;32,730;2;1
2/2;9990;2025-06-20 18:00:00;46723;HL;низ;3364,685;3368,750;9,945;4;1
2/2;9991;2025-06-22 22:00:00;46726;HH;верх;3389,220;3365,770;24,535;3;1
2/2;9992;2025-06-23 05:00:00;46733;LL;низ;3347,035;3357,660;42,185;7;3
2/2;9993;2025-06-23 16:00:00;46744;HH;верх;3393,640;3378,660;46,605;11;1
2/2;9994;2025-06-24 00:00:00;46751;LL;низ;3333,280;3352,035;60,360;7;2
2/2;9995;2025-06-24 03:00:00;46754;LH;верх;3357,955;3332,120;24,675;3;1
2/2;9996;2025-06-24 06:00:00;46757;LL;низ;3316,075;3327,435;41,880;3;1
2/2;9997;2025-06-24 11:00:00;46762;LH;верх;3329,035;3302,120;12,960;5;1
2/2;9998;2025-06-24 13:00:00;46764;LL;низ;3295,315;3313,340;33,720;2;1
2/2;9999;2025-06-25 02:00:00;46776;HH;верх;3335,335;3327,520;40,020;12;2
2/2;10000;2025-06-25 04:00:00;46778;HL;низ;3325,870;3331,815;9,465;2;1
2/2;10001;2025-06-25 07:00:00;46781;HH;верх;3337,205;3325,350;11,335;3;1
2/2;10002;2025-06-25 13:00:00;46787;LL;низ;3312,055;3325,690;25,150;6;2
2/2;10003;2025-06-25 23:00:00;46796;HH;верх;3340,325;3330,230;28,270;9;2
2/2;10004;2025-06-26 01:00:00;46798;HL;низ;3329,300;3338,060;11,025;2;1
2/2;10005;2025-06-26 03:00:00;46800;HH;верх;3343,255;3334,240;13,955;2;1
2/2;10006;2025-06-26 06:00:00;46803;HL;низ;3331,025;3348,200;12,230;3;1
2/2;10007;2025-06-26 08:00:00;46805;HH;верх;3350,415;3343,335;19,390;2;1
2/2;10008;2025-06-26 13:00:00;46810;LL;низ;3309,990;3324,920;40,425;5;1
2/2;10009;2025-06-26 17:00:00;46814;LH;верх;3336,550;3331,340;26,560;4;1
2/2;10010;2025-06-27 13:00:00;46833;LL;низ;3255,850;3274,680;80,700;19;1
2/2;10011;2025-06-27 17:00:00;46837;LH;верх;3282,940;3270,615;27,090;4;1
2/2;10012;2025-06-29 22:00:00;46841;LL;низ;3244,415;3264,570;38,525;4;2
2/2;10013;2025-06-30 07:00:00;46850;HH;верх;3296,830;3287,935;52,415;9;1
2/2;10014;2025-06-30 11:00:00;46854;HL;низ;3274,625;3284,915;22,205;4;1
2/2;10015;2025-07-01 12:00:00;46878;HH;верх;3358,085;3345,880;83,460;24;1
2/2;10016;2025-07-01 15:00:00;46881;HL;низ;3337,045;3339,820;21,040;3;1
2/2;10017;2025-07-02 00:00:00;46889;LH;верх;3345,045;3336,785;8,000;8;1
2/2;10018;2025-07-02 02:00:00;46891;LL;низ;3328,615;3340,170;16,430;2;1
2/2;10019;2025-07-02 05:00:00;46894;LH;верх;3344,015;3334,745;15,400;3;1
2/2;10020;2025-07-02 07:00:00;46896;LL;низ;3327,655;3341,755;16,360;2;1
2/2;10021;2025-07-02 12:00:00;46901;HH;верх;3351,245;3343,040;23,590;5;1
2/2;10022;2025-07-02 14:00:00;46903;HL;низ;3333,965;3348,675;17,280;2;1
2/2;10023;2025-07-02 22:00:00;46910;HH;верх;3365,920;3344,795;31,955;7;1
2/2;10024;2025-07-03 01:00:00;46913;HL;низ;3342,015;3347,600;23,905;3;1
2/2;10025;2025-07-03 06:00:00;46918;LH;верх;3363,755;3356,240;21,740;5;1
2/2;10026;2025-07-03 12:00:00;46924;LL;низ;3311,625;3324,665;52,130;6;1
2/2;10027;2025-07-03 17:00:00;46929;LH;верх;3334,890;3328,890;23,265;5;1
2/2;10028;2025-07-03 22:00:00;46933;HL;низ;3323,660;3329,090;11,230;4;2
2/2;10029;2025-07-04 06:00:00;46941;HH;верх;3345,175;3342,895;21,515;8;2
2/2;10030;2025-07-04 15:00:00;46950;HL;низ;3330,870;3333,495;14,305;9;1
2/2;10031;2025-07-06 22:00:00;46952;LH;верх;3342,075;3326,595;11,205;2;1
2/2;10032;2025-07-07 04:00:00;46958;LL;низ;3305,245;3310,020;36,830;6;1
2/2;10033;2025-07-07 06:00:00;46960;LH;верх;3315,290;3310,250;10,045;2;1
2/2;10034;2025-07-07 10:00:00;46964;LL;низ;3296,280;3309,575;19,010;4;2
2/2;10035;2025-07-07 22:00:00;46975;HH;верх;3345,955;3334,285;49,675;11;2
2/2;10036;2025-07-08 04:00:00;46981;HL;низ;3327,405;3335,835;18,550;6;1
2/2;10037;2025-07-08 07:00:00;46984;LH;верх;3339,590;3322,095;12,185;3;2
2/2;10038;2025-07-08 15:00:00;46992;LL;низ;3287,110;3306,510;52,480;8;1
2/2;10039;2025-07-08 17:00:00;46994;LH;верх;3310,525;3303,000;23,415;2;1
2/2;10040;2025-07-08 23:00:00;46999;HL;низ;3297,290;3301,890;13,235;5;1
2/2;10041;2025-07-09 00:00:00;47000;LH;верх;3308,145;3288,630;10,855;1;1
2/2;10042;2025-07-09 03:00:00;47003;LL;низ;3284,980;3289,495;23,165;3;1
2/2;10043;2025-07-09 05:00:00;47005;LH;верх;3297,885;3291,940;12,905;2;1
2/2;10044;2025-07-09 08:00:00;47008;LL;низ;3282,665;3295,555;15,220;3;2
2/2;10045;2025-07-10 01:00:00;47024;HH;верх;3326,390;3315,765;43,725;16;1
2/2;10046;2025-07-10 04:00:00;47027;HL;низ;3314,840;3325,395;11,550;3;2
2/2;10047;2025-07-10 09:00:00;47032;HH;верх;3330,360;3320,540;15,520;5;1
2/2;10048;2025-07-10 14:00:00;47037;LL;низ;3310,175;3315,170;20,185;5;1
2/2;10049;2025-07-11 06:00:00;47052;HH;верх;3344,130;3333,170;33,955;15;2
2/2;10050;2025-07-11 07:00:00;47053;HL;низ;3331,245;3339,495;12,885;1;1
2/2;10051;2025-07-11 15:00:00;47061;HH;верх;3368,860;3353,455;37,615;8;1
2/2;10052;2025-07-11 17:00:00;47063;HL;низ;3349,255;3356,405;19,605;2;1
2/2;10053;2025-07-13 23:00:00;47068;HH;верх;3374,255;3358,590;25,000;5;1
2/2;10054;2025-07-14 05:00:00;47074;HL;низ;3353,675;3372,130;20,580;6;2
2/2;10055;2025-07-14 07:00:00;47076;HH;верх;3375,085;3370,330;21,410;2;2
2/2;10056;2025-07-14 14:00:00;47083;LL;низ;3341,090;3347,830;33,995;7;1
2/2;10057;2025-07-14 17:00:00;47086;LH;верх;3351,770;3344,305;10,680;3;1
2/2;10058;2025-07-14 20:00:00;47089;HL;низ;3341,395;3345,340;10,375;3;1
2/2;10059;2025-07-15 05:00:00;47097;HH;верх;3365,295;3364,400;23,900;8;1
2/2;10060;2025-07-15 08:00:00;47100;HL;низ;3356,600;3361,560;8,695;3;1
2/2;10061;2025-07-15 10:00:00;47102;HH;верх;3366,425;3348,915;9,825;2;1
2/2;10062;2025-07-15 16:00:00;47108;LL;низ;3320,305;3328,870;46,120;6;1
2/2;10063;2025-07-15 18:00:00;47110;LH;верх;3331,990;3325,005;11,685;2;1
2/2;10064;2025-07-15 20:00:00;47112;HL;низ;3324,935;3331,100;7,055;2;2
2/2;10065;2025-07-16 09:00:00;47124;HH;верх;3343,080;3339,435;18,145;12;1
2/2;10066;2025-07-16 14:00:00;47129;LL;низ;3319,695;3349,170;23,385;5;1
2/2;10067;2025-07-16 15:00:00;47130;HH;верх;3377,655;3354,800;57,960;1;2
2/2;10068;2025-07-16 19:00:00;47134;HL;низ;3346,070;3349,695;31,585;4;1
2/2;10069;2025-07-16 22:00:00;47136;LH;верх;3352,280;3340,895;6,210;2;1
2/2;10070;2025-07-17 12:00:00;47150;LL;низ;3309,790;3334,235;42,490;14;1
2/2;10071;2025-07-18 02:00:00;47163;LH;верх;3344,325;3337,185;34,535;13;3
2/2;10072;2025-07-18 06:00:00;47167;HL;низ;3331,885;3347,635;12,440;4;1
2/2;10073;2025-07-18 12:00:00;47173;HH;верх;3361,330;3354,750;29,445;6;1
2/2;10074;2025-07-20 22:00:00;47182;HL;низ;3344,905;3352,310;16,425;9;2
2/2;10075;2025-07-21 01:00:00;47185;LH;верх;3358,665;3351,295;13,760;3;1
2/2;10076;2025-07-21 04:00:00;47188;HL;низ;3350,700;3368,355;7,965;3;1
2/2;10077;2025-07-21 06:00:00;47190;HH;верх;3370,820;3366,065;20,120;2;1
2/2;10078;2025-07-21 09:00:00;47193;HL;низ;3362,845;3375,455;7,975;3;1
2/2;10079;2025-07-21 14:00:00;47198;HH;верх;3401,645;3395,655;38,800;5;1
2/2;10080;2025-07-21 17:00:00;47201;HL;низ;3391,375;3398,872;10,270;3;1
2/2;10081;2025-07-21 23:00:00;47206;HH;верх;3402,860;3386,015;11,485;5;1
2/2;10082;2025-07-22 07:00:00;47214;LL;низ;3383,420;3386,165;19,440;8;2
2/2;10083;2025-07-23 00:00:00;47230;HH;верх;3439,035;3423,165;55,615;16;2
2/2;10084;2025-07-23 05:00:00;47235;HL;низ;3416,445;3420,720;22,590;5;2
2/2;10085;2025-07-23 09:00:00;47239;LH;верх;3433,880;3428,340;17,435;4;1
2/2;10086;2025-07-23 16:00:00;47246;LL;низ;3381,420;3393,760;52,460;7;2
2/2;10087;2025-07-24 01:00:00;47254;LH;верх;3393,480;3383,835;12,060;8;1
2/2;10088;2025-07-24 13:00:00;47266;LL;низ;3351,465;3372,640;42,015;12;1
2/2;10089;2025-07-24 14:00:00;47267;LH;верх;3377,475;3367,015;26,010;1;1
2/2;10090;2025-07-24 22:00:00;47274;HL;низ;3365,205;3372,255;12,270;7;2
2/2;10091;2025-07-25 00:00:00;47276;LH;верх;3373,495;3363,135;8,290;2;2
2/2;10092;2025-07-25 15:00:00;47291;LL;низ;3325,115;3336,035;48,380;15;1
2/2;10093;2025-07-25 19:00:00;47295;LH;верх;3340,335;3329,635;15,220;4;1
2/2;10094;2025-07-27 22:00:00;47297;LL;низ;3324,020;3333,420;16,315;2;1
2/2;10095;2025-07-28 06:00:00;47305;HH;верх;3345,520;3336,145;21,500;8;1
2/2;10096;2025-07-28 13:00:00;47312;LL;низ;3301,765;3314,855;43,755;7;2
2/2;10097;2025-07-28 19:00:00;47318;LH;верх;3318,960;3314,625;17,195;6;1
2/2;10098;2025-07-29 00:00:00;47322;HL;низ;3308,160;3318,955;10,800;4;1
2/2;10099;2025-07-29 01:00:00;47323;HH;верх;3320,965;3312,655;12,805;1;1
2/2;10100;2025-07-29 04:00:00;47326;HL;низ;3309,110;3317,120;11,855;3;2
2/2;10101;2025-07-29 08:00:00;47330;HH;верх;3330,100;3322,095;20,990;4;1
2/2;10102;2025-07-29 14:00:00;47336;HL;низ;3311,995;3323,280;18,105;6;1
2/2;10103;2025-07-29 15:00:00;47337;HH;верх;3334,270;3328,325;22,275;1;2
2/2;10104;2025-07-29 19:00:00;47341;HL;низ;3322,670;3327,690;11,600;4;1
2/2;10105;2025-07-30 00:00:00;47345;LH;верх;3333,765;3329,465;11,095;4;1
2/2;10106;2025-07-30 01:00:00;47346;LL;низ;3321,795;3328,440;11,970;1;2
2/2;10107;2025-07-30 09:00:00;47354;HH;верх;3334,090;3330,930;12,295;8;1
2/2;10108;2025-07-30 15:00:00;47360;LL;низ;3288,605;3302,485;45,485;6;1
2/2;10109;2025-07-30 18:00:00;47363;LH;верх;3305,190;3275,290;16,585;3;1
2/2;10110;2025-07-30 19:00:00;47364;LL;низ;3268,120;3278,915;37,070;1;1
2/2;10111;2025-07-31 08:00:00;47376;HH;верх;3314,985;3296,350;46,865;12;1
2/2;10112;2025-07-31 10:00:00;47378;HL;низ;3293,785;3307,685;21,200;2;1
2/2;10113;2025-07-31 12:00:00;47380;LH;верх;3311,285;3296,190;17,500;2;1
2/2;10114;2025-08-01 01:00:00;47392;LL;низ;3281,745;3291,505;29,540;12;2
2/2;10115;2025-08-01 05:00:00;47396;LH;верх;3300,540;3286,840;18,795;4;1
2/2;10116;2025-08-01 07:00:00;47398;HL;низ;3285,265;3294,555;15,275;2;1
2/2;10117;2025-08-01 14:00:00;47405;HH;верх;3355,182;3347,400;69,917;7;1
2/2;10118;2025-08-01 16:00:00;47407;HL;низ;3340,630;3347,665;14,552;2;1
2/2;10119;2025-08-03 22:00:00;47412;HH;верх;3364,815;3352,265;24,185;5;1
2/2;10120;2025-08-04 01:00:00;47415;HL;низ;3345,005;3360,350;19,810;3;1
2/2;10121;2025-08-04 06:00:00;47420;LH;верх;3362,705;3358,605;17,700;5;1
2/2;10122;2025-08-04 07:00:00;47421;HL;низ;3351,775;3358,045;10,930;1;2
2/2;10123;2025-08-04 13:00:00;47427;HH;верх;3385,535;3374,370;33,760;6;1
2/2;10124;2025-08-04 16:00:00;47430;HL;низ;3370,625;3375,835;14,910;3;1
2/2;10125;2025-08-05 01:00:00;47438;LH;верх;3382,370;3372,200;11,745;8;2
2/2;10126;2025-08-05 06:00:00;47443;LL;низ;3365,790;3366,130;16,580;5;1
2/2;10127;2025-08-05 07:00:00;47444;LH;верх;3375,510;3359,660;9,720;1;1
2/2;10128;2025-08-05 11:00:00;47448;LL;низ;3349,890;3373,660;25,620;4;1
2/2;10129;2025-08-05 16:00:00;47453;HH;верх;3390,600;3380,130;40,710;5;1
2/2;10130;2025-08-05 22:00:00;47458;HL;низ;3378,245;3383,505;12,355;5;1
2/2;10131;2025-08-06 00:00:00;47460;LH;верх;3385,365;3376,335;7,120;2;1
2/2;10132;2025-08-06 01:00:00;47461;LL;низ;3373,220;3374,750;12,145;1;1
2/2;10133;2025-08-06 06:00:00;47466;LH;верх;3378,845;3365,205;5,625;5;1
2/2;10134;2025-08-06 09:00:00;47469;LL;низ;3358,255;3365,270;20,590;3;1
2/2;10135;2025-08-06 15:00:00;47475;HH;верх;3380,090;3374,585;21,835;6;1
2/2;10136;2025-08-07 00:00:00;47483;HL;низ;3365,305;3379,725;14,785;8;2
2/2;10137;2025-08-07 02:00:00;47485;HH;верх;3384,300;3377,740;18,995;2;1
2/2;10138;2025-08-07 05:00:00;47488;HL;низ;3371,645;3396,240;12,655;3;1
2/2;10139;2025-08-07 07:00:00;47490;HH;верх;3397,580;3376,680;25,935;2;1
2/2;10140;2025-08-07 11:00:00;47494;HL;низ;3371,870;3384,995;25,710;4;1
2/2;10141;2025-08-07 13:00:00;47496;LH;верх;3393,965;3390,255;22,095;2;1
2/2;10142;2025-08-07 14:00:00;47497;HL;низ;3374,770;3388,900;19,195;1;1
2/2;10143;2025-08-07 22:00:00;47504;HH;верх;3409,430;3388,802;34,660;7;1
2/2;10144;2025-08-08 01:00:00;47507;HL;низ;3381,215;3396,050;28,215;3;1
2/2;10145;2025-08-08 04:00:00;47510;LH;верх;3399,595;3393,695;18,380;3;1
2/2;10146;2025-08-08 06:00:00;47512;HL;низ;3388,800;3394,455;10,795;2;1
2/2;10147;2025-08-08 07:00:00;47513;HH;верх;3404,280;3400,795;15,480;1;1
2/2;10148;2025-08-08 11:00:00;47517;LL;низ;3380,455;3400,160;23,825;4;1
2/2;10149;2025-08-08 12:00:00;47518;LH;верх;3402,570;3390,715;22,115;1;1
2/2;10150;2025-08-08 14:00:00;47520;HL;низ;3381,320;3397,570;21,250;2;1
2/2;10151;2025-08-08 18:00:00;47524;HH;верх;3403,960;3397,765;22,640;4;1
2/2;10152;2025-08-08 18:00:00;47524;LL;низ;3376,575;3397,765;27,385;0;1
2/2;10153;2025-08-10 22:00:00;47527;LH;верх;3401,395;3381,740;24,820;3;1
2/2;10154;2025-08-11 01:00:00;47530;LL;низ;3367,550;3378,440;33,845;3;2
2/2;10155;2025-08-11 13:00:00;47542;LH;верх;3363,005;3349,540;4,545;12;1
2/2;10156;2025-08-11 14:00:00;47543;LL;низ;3341,460;3344,210;21,545;1;1
2/2;10157;2025-08-11 17:00:00;47546;LH;верх;3358,880;3351,525;17,420;3;1
2/2;10158;2025-08-11 17:00:00;47546;LL;низ;3341,155;3351,525;17,725;0;2
2/2;10159;2025-08-12 01:00:00;47553;LH;верх;3357,510;3349,570;16,355;7;1
2/2;10160;2025-08-12 06:00:00;47558;HL;низ;3342,310;3347,960;15,200;5;1
2/2;10161;2025-08-12 07:00:00;47559;HH;верх;3358,250;3345,495;15,940;1;1
2/2;10162;2025-08-12 11:00:00;47563;LL;низ;3336,215;3345,575;22,035;4;1
2/2;10163;2025-08-12 12:00:00;47564;LH;верх;3358,200;3337,595;21,985;1;1
2/2;10164;2025-08-12 14:00:00;47566;LL;низ;3331,170;3349,525;27,030;2;1
2/2;10165;2025-08-12 15:00:00;47567;HH;верх;3359,340;3349,100;28,170;1;1
2/2;10166;2025-08-12 19:00:00;47571;HL;низ;3345,595;3350,580;13,745;4;1
2/2;10167;2025-08-12 22:00:00;47573;LH;верх;3353,875;3343,625;8,280;2;1
2/2;10168;2025-08-13 00:00:00;47575;LL;низ;3342,635;3351,905;11,240;2;1
2/2;10169;2025-08-13 02:00:00;47577;HH;верх;3354,505;3351,820;11,870;2;1
2/2;10170;2025-08-13 05:00:00;47580;HL;низ;3345,570;3354,740;8,935;3;1
2/2;10171;2025-08-13 10:00:00;47585;HH;верх;3367,095;3358,125;21,525;5;1
2/2;10172;2025-08-13 13:00:00;47588;HL;низ;3354,160;3357,795;12,935;3;1
2/2;10173;2025-08-13 14:00:00;47589;HH;верх;3370,825;3357,915;16,665;1;1
2/2;10174;2025-08-13 18:00:00;47593;LL;низ;3350,015;3355,695;20,810;4;1
2/2;10175;2025-08-14 00:00:00;47598;HH;верх;3374,805;3362,860;24,790;5;1
2/2;10176;2025-08-14 03:00:00;47601;HL;низ;3355,595;3358,960;19,210;3;1
2/2;10177;2025-08-14 07:00:00;47605;LH;верх;3366,650;3356,560;11,055;4;1
2/2;10178;2025-08-14 16:00:00;47614;LL;низ;3329,850;3338,270;36,800;9;2
2/2;10179;2025-08-14 19:00:00;47617;LH;верх;3341,080;3333,510;11,230;3;1
2/2;10180;2025-08-14 23:00:00;47620;HL;низ;3332,340;3339,705;8,740;3;1
2/2;10181;2025-08-15 05:00:00;47626;HH;верх;3348,915;3346,445;16,575;6;3
2/2;10182;2025-08-15 13:00:00;47634;HL;низ;3333,060;3342,375;15,855;8;1
2/2;10183;2025-08-15 19:00:00;47640;LH;верх;3339,685;3334,435;6,625;6;1
2/2;10184;2025-08-17 23:00:00;47643;LL;низ;3323,685;3346,985;16,000;3;1
2/2;10185;2025-08-18 05:00:00;47649;HH;верх;3358,490;3349,045;34,805;6;1
2/2;10186;2025-08-18 19:00:00;47663;HL;низ;3330,355;3334,455;28,135;14;2
2/2;10187;2025-08-19 00:00:00;47667;LH;верх;3339,355;3338,225;9,000;4;1
2/2;10188;2025-08-19 00:00:00;47667;LL;низ;3326,285;3338,225;13,070;0;1
2/2;10189;2025-08-19 10:00:00;47677;HH;верх;3345,465;3334,760;19,180;10;3
2/2;10190;2025-08-20 01:00:00;47691;LL;низ;3311,560;3317,650;33,905;14;2
2/2;10191;2025-08-20 07:00:00;47697;LH;верх;3327,610;3326,310;16,050;6;1
2/2;10192;2025-08-20 08:00:00;47698;HL;низ;3321,070;3326,540;6,540;1;1
2/2;10193;2025-08-20 22:00:00;47711;HH;верх;3352,300;3342,290;31,230;13;2
2/2;10194;2025-08-21 06:00:00;47719;HL;низ;3334,285;3339,615;18,015;8;1
2/2;10195;2025-08-21 09:00:00;47722;LH;верх;3342,285;3333,700;8,000;3;1
2/2;10196;2025-08-21 11:00:00;47724;LL;низ;3325,280;3339,405;17,005;2;1
2/2;10197;2025-08-21 14:00:00;47727;HH;верх;3348,240;3339,805;22,960;3;1
2/2;10198;2025-08-21 18:00:00;47731;HL;низ;3336,655;3338,710;11,585;4;1
2/2;10199;2025-08-22 01:00:00;47737;LH;верх;3340,340;3332,015;3,685;6;2
2/2;10200;2025-08-22 12:00:00;47748;LL;низ;3321,455;3373,900;18,885;11;2
2/2;10201;2025-08-22 15:00:00;47751;HH;верх;3378,835;3374,350;57,380;3;1
2/2;10202;2025-08-25 02:00:00;47761;HL;низ;3359,780;3366,210;19,055;10;1
2/2;10203;2025-08-25 03:00:00;47762;LH;верх;3368,240;3364,780;8,460;1;1
2/2;10204;2025-08-25 05:00:00;47764;HL;низ;3363,160;3366,180;5,080;2;1
2/2;10205;2025-08-25 07:00:00;47766;HH;верх;3369,965;3367,475;6,805;2;1
2/2;10206;2025-08-25 09:00:00;47768;LL;низ;3361,985;3370,625;7,980;2;1
2/2;10207;2025-08-25 11:00:00;47770;HH;верх;3371,675;3370,805;9,690;2;1
2/2;10208;2025-08-25 13:00:00;47772;HL;низ;3362,140;3374,055;9,535;2;1
2/2;10209;2025-08-26 00:00:00;47782;HH;верх;3386,685;3375,435;24,545;10;2
2/2;10210;2025-08-26 00:00:00;47782;LL;низ;3351,330;3375,435;35,355;0;3
2/2;10211;2025-08-26 08:00:00;47790;LH;верх;3379,980;3372,135;28,650;8;1
2/2;10212;2025-08-26 10:00:00;47792;HL;низ;3367,090;3372,130;12,890;2;1
2/2;10213;2025-08-26 11:00:00;47793;HH;верх;3380,515;3375,850;13,425;1;1
2/2;10214;2025-08-26 14:00:00;47796;HL;низ;3370,310;3383,075;10,205;3;1
2/2;10215;2025-08-26 15:00:00;47797;HH;верх;3389,415;3381,770;19,105;1;1
2/2;10216;2025-08-26 18:00:00;47800;HL;низ;3380,355;3393,745;9,060;3;1
2/2;10217;2025-08-26 20:00:00;47802;HH;верх;3393,745;3390,925;13,390;2;2
2/2;10218;2025-08-27 07:00:00;47812;LL;низ;3373,785;3378,165;19,960;10;2
2/2;10219;2025-08-27 09:00:00;47814;LH;верх;3385,580;3376,800;11,795;2;1
2/2;10220;2025-08-27 11:00:00;47816;LL;низ;3373,750;3377,900;11,830;2;1
2/2;10221;2025-08-27 23:00:00;47827;HH;верх;3399,365;3386,005;25,615;11;2
2/2;10222;2025-08-28 02:00:00;47830;HL;низ;3384,620;3390,390;14,745;3;4
2/2;10223;2025-08-28 19:00:00;47847;HH;верх;3423,180;3416,780;38,560;17;2
2/2;10224;2025-08-29 07:00:00;47858;HL;низ;3406,565;3407,455;16,615;11;2
2/2;10225;2025-08-29 08:00:00;47859;LH;верх;3414,920;3405,655;8,355;1;1
2/2;10226;2025-08-29 11:00:00;47862;LL;низ;3404,315;3428,600;10,605;3;1
2/2;10227;2025-08-29 19:00:00;47870;HH;верх;3453,970;3450,425;49,655;8;1
2/2;10228;2025-09-01 01:00:00;47875;HL;низ;3437,025;3474,770;16,945;5;1
2/2;10229;2025-09-01 06:00:00;47880;HH;верх;3489,845;3476,965;52,820;5;2
2/2;10230;2025-09-01 10:00:00;47884;HL;низ;3466,385;3469,515;23,460;4;1
2/2;10231;2025-09-01 14:00:00;47888;LH;верх;3481,535;3477,410;15,150;4;1
2/2;10232;2025-09-01 16:00:00;47890;HL;низ;3472,390;3476,365;9,145;2;2
2/2;10233;2025-09-02 01:00:00;47896;HH;верх;3508,790;3495,055;36,400;6;1
2/2;10234;2025-09-02 08:00:00;47903;LL;низ;3470,050;3485,765;38,740;7;2
2/2;10235;2025-09-02 19:00:00;47914;HH;верх;3540,060;3529,310;70,010;11;1
2/2;10236;2025-09-02 23:00:00;47917;HL;низ;3526,540;3538,945;13,520;3;1
2/2;10237;2025-09-03 00:00:00;47918;HH;верх;3547,330;3531,690;20,790;1;1
2/2;10238;2025-09-03 05:00:00;47923;HL;низ;3526,770;3533,900;20,560;5;2
2/2;10239;2025-09-03 18:00:00;47936;HH;верх;3578,660;3559,260;51,890;13;2
2/2;10240;2025-09-04 03:00:00;47944;LL;низ;3511,755;3527,235;66,905;8;3
2/2;10241;2025-09-04 13:00:00;47954;LH;верх;3558,930;3552,950;47,175;10;1
2/2;10242;2025-09-04 14:00:00;47955;HL;низ;3535,145;3552,625;23,785;1;1
2/2;10243;2025-09-04 16:00:00;47957;LH;верх;3556,275;3546,355;21,130;2;1
2/2;10244;2025-09-04 22:00:00;47962;HL;низ;3540,015;3552,255;16,260;5;1
2/2;10245;2025-09-05 00:00:00;47964;HH;верх;3556,755;3551,015;16,740;2;1
2/2;10246;2025-09-05 02:00:00;47966;HL;низ;3545,945;3558,520;10,810;2;1
2/2;10247;2025-09-05 05:00:00;47969;HH;верх;3561,280;3548,240;15,335;3;1
2/2;10248;2025-09-05 08:00:00;47972;LL;низ;3544,855;3551,885;16,425;3;1
2/2;10249;2025-09-05 16:00:00;47980;HH;верх;3600,205;3595,645;55,350;8;1
2/2;10250;2025-09-05 20:00:00;47984;HL;низ;3586,190;3591,220;14,015;4;1
2/2;10251;2025-09-08 01:00:00;47988;LH;верх;3597,200;3583,510;11,010;4;2
2/2;10252;2025-09-08 04:00:00;47991;LL;низ;3579,720;3598,335;17,480;3;1
2/2;10253;2025-09-08 15:00:00;48002;HH;верх;3646,545;3633,585;66,825;11;1
2/2;10254;2025-09-08 18:00:00;48005;HL;низ;3631,935;3635,850;14,610;3;1
2/2;10255;2025-09-08 20:00:00;48007;LH;верх;3638,020;3635,050;6,085;2;1
2/2;10256;2025-09-08 23:00:00;48009;LL;низ;3628,480;3646,590;9,540;2;1
2/2;10257;2025-09-09 05:00:00;48015;HH;верх;3659,435;3644,340;30,955;6;1
2/2;10258;2025-09-09 06:00:00;48016;HL;низ;3636,620;3648,100;22,815;1;1
2/2;10259;2025-09-09 14:00:00;48024;HH;верх;3674,695;3645,065;38,075;8;2
2/2;10260;2025-09-09 15:00:00;48025;LL;низ;3626,915;3642,860;47,780;1;1
2/2;10261;2025-09-09 23:00:00;48032;LH;верх;3640,675;3630,600;13,760;7;1
2/2;10262;2025-09-10 01:00:00;48034;LL;низ;3620,135;3636,715;20,540;2;1
2/2;10263;2025-09-10 12:00:00;48045;HH;верх;3657,610;3647,700;37,475;11;1
2/2;10264;2025-09-10 15:00:00;48048;HL;низ;3638,650;3647,520;18,960;3;2
2/2;10265;2025-09-10 18:00:00;48051;LH;верх;3649,690;3640,585;11,040;3;1
2/2;10266;2025-09-10 19:00:00;48052;LL;низ;3635,335;3639,800;14,355;1;1
2/2;10267;2025-09-11 01:00:00;48057;LH;верх;3649,345;3632,180;14,010;5;2
2/2;10268;2025-09-11 09:00:00;48065;LL;низ;3614,360;3616,820;34,985;8;2
2/2;10269;2025-09-11 12:00:00;48068;LH;верх;3644,085;3629,500;29,725;3;1
2/2;10270;2025-09-11 12:00:00;48068;LL;низ;3612,835;3629,500;31,250;0;1
2/2;10271;2025-09-11 16:00:00;48072;LH;верх;3642,115;3632,465;29,280;4;1
2/2;10272;2025-09-11 18:00:00;48074;HL;низ;3630,525;3634,120;11,590;2;1
2/2;10273;2025-09-11 22:00:00;48077;LH;верх;3638,525;3636,500;8,000;3;1
2/2;10274;2025-09-12 00:00:00;48079;HL;низ;3630,625;3649,195;7,900;2;1
2/2;10275;2025-09-12 05:00:00;48084;HH;верх;3656,700;3648,400;26,075;5;1
2/2;10276;2025-09-12 09:00:00;48088;HL;низ;3637,630;3647,100;19,070;4;1
2/2;10277;2025-09-12 10:00:00;48089;LH;верх;3652,260;3645,550;14,630;1;1
2/2;10278;2025-09-12 12:00:00;48091;HL;низ;3638,235;3648,060;14,025;2;1
2/2;10279;2025-09-12 14:00:00;48093;HH;верх;3654,495;3649,305;16,260;2;1
2/2;10280;2025-09-12 15:00:00;48094;HL;низ;3641,790;3648,895;12,705;1;1
2/2;10281;2025-09-12 17:00:00;48096;LH;верх;3650,865;3644,295;9,075;2;1
2/2;10282;2025-09-15 01:00:00;48103;LL;низ;3626,460;3645,980;24,405;7;1
2/2;10283;2025-09-15 04:00:00;48106;LH;верх;3646,950;3636,525;20,490;3;1
2/2;10284;2025-09-15 07:00:00;48109;HL;низ;3633,675;3641,320;13,275;3;2
2/2;10285;2025-09-15 16:00:00;48118;HH;верх;3685,695;3676,950;52,020;9;2
2/2;10286;2025-09-15 23:00:00;48124;HL;низ;3676,165;3679,540;9,530;6;1
2/2;10287;2025-09-16 01:00:00;48126;HH;верх;3689,510;3681,060;13,345;2;1
2/2;10288;2025-09-16 02:00:00;48127;LL;низ;3674,705;3684,320;14,805;1;1
2/2;10289;2025-09-16 14:00:00;48139;HH;верх;3703,240;3689,880;28,535;12;2
2/2;10290;2025-09-16 15:00:00;48140;HL;низ;3678,885;3687,750;24,355;1;1
2/2;10291;2025-09-17 00:00:00;48148;LH;верх;3695,520;3682,350;16,635;8;1
2/2;10292;2025-09-17 02:00:00;48150;LL;низ;3674,150;3680,775;21,370;2;1
2/2;10293;2025-09-17 05:00:00;48153;LH;верх;3686,070;3667,090;11,920;3;1
2/2;10294;2025-09-17 11:00:00;48159;LL;низ;3660,020;3678,925;26,050;6;1
2/2;10295;2025-09-17 18:00:00;48166;HH;верх;3707,555;3659,975;47,535;7;1
2/2;10296;2025-09-17 18:00:00;48166;LL;низ;3646,125;3659,975;61,430;0;1
2/2;10297;2025-09-17 23:00:00;48170;LH;верх;3672,125;3657,150;26,000;4;1
2/2;10298;2025-09-18 06:00:00;48177;LL;низ;3634,055;3665,590;38,070;7;2
2/2;10299;2025-09-18 09:00:00;48180;HH;верх;3673,205;3667,260;39,150;3;1
2/2;10300;2025-09-18 13:00:00;48184;LL;низ;3627,960;3641,430;45,245;4;1
2/2;10301;2025-09-18 16:00:00;48187;LH;верх;3647,330;3641,415;19,370;3;1
2/2;10302;2025-09-18 18:00:00;48189;HL;низ;3640,495;3644,180;6,835;2;1
2/2;10303;2025-09-18 20:00:00;48191;LH;верх;3647,235;3640,195;6,740;2;1
2/2;10304;2025-09-19 01:00:00;48195;LL;низ;3632,380;3653,810;14,855;4;1
2/2;10305;2025-09-19 05:00:00;48199;HH;верх;3661,355;3654,050;28,975;4;1
2/2;10306;2025-09-19 06:00:00;48200;HL;низ;3643,400;3655,640;17,955;1;1
2/2;10307;2025-09-19 10:00:00;48204;LH;верх;3659,290;3649,445;15,890;4;1
2/2;10308;2025-09-19 13:00:00;48207;HL;низ;3643,785;3670,950;15,505;3;1
2/2;10309;2025-09-21 22:00:00;48215;HH;верх;3692,290;3691,040;48,505;8;1
2/2;10310;2025-09-22 02:00:00;48219;HL;низ;3685,460;3692,215;6,830;4;1
2/2;10311;2025-09-22 10:00:00;48227;HH;верх;3728,490;3721,635;43,030;8;1
2/2;10312;2025-09-22 12:00:00;48229;HL;низ;3712,250;3725,975;16,240;2;1
2/2;10313;2025-09-22 19:00:00;48236;HH;верх;3748,860;3740,200;36,610;7;1
2/2;10314;2025-09-22 22:00:00;48238;HL;низ;3738,125;3747,260;10,735;2;1
2/2;10315;2025-09-23 01:00:00;48241;HH;верх;3759,420;3746,760;21,295;3;1
2/2;10316;2025-09-23 02:00:00;48242;LL;низ;3736,660;3744,870;22,760;1;1
2/2;10317;2025-09-23 09:00:00;48249;HH;верх;3791,255;3783,680;54,595;7;3
2/2;10318;2025-09-23 19:00:00;48259;HL;низ;3752,075;3765,470;39,180;10;1
2/2;10319;2025-09-24 01:00:00;48264;LH;верх;3771,945;3765,415;19,870;5;1
2/2;10320;2025-09-24 02:00:00;48265;LL;низ;3750,510;3768,340;21,435;1;1
2/2;10321;2025-09-24 07:00:00;48270;HH;верх;3779,340;3768,465;28,830;5;2
2/2;10322;2025-09-24 19:00:00;48282;LL;низ;3717,520;3741,225;61,820;12;1
2/2;10323;2025-09-25 00:00:00;48286;LH;верх;3751,535;3739,715;34,015;4;1
2/2;10324;2025-09-25 02:00:00;48288;HL;низ;3729,635;3738,180;21,900;2;1
2/2;10325;2025-09-25 08:00:00;48294;HH;верх;3761,690;3757,170;32,055;6;1
2/2;10326;2025-09-25 13:00:00;48299;LL;низ;3722,220;3736,050;39,470;5;1
2/2;10327;2025-09-25 18:00:00;48304;LH;верх;3758,430;3749,440;36,210;5;2
2/2;10328;2025-09-26 03:00:00;48312;HL;низ;3734,440;3741,930;23,990;8;2
2/2;10329;2025-09-26 08:00:00;48317;LH;верх;3755,240;3744,625;20,800;5;1
2/2;10330;2025-09-26 10:00:00;48319;HL;низ;3742,955;3752,045;12,285;2;1
2/2;10331;2025-09-26 14:00:00;48323;HH;верх;3783,885;3774,365;40,930;4;2
2/2;10332;2025-09-26 20:00:00;48329;HL;низ;3759,660;3766,920;24,225;6;1
2/2;10333;2025-09-29 11:00:00;48343;HH;верх;3831,450;3821,460;71,790;14;2
2/2;10334;2025-09-29 13:00:00;48345;HL;низ;3809,425;3830,490;22,025;2;1
2/2;10335;2025-09-29 16:00:00;48348;HH;верх;3833,655;3824,510;24,230;3;1
2/2;10336;2025-09-29 19:00:00;48351;HL;низ;3822,600;3830,805;11,055;3;1
2/2;10337;2025-09-30 06:00:00;48361;HH;верх;3871,890;3816,370;49,290;10;2
2/2;10338;2025-09-30 09:00:00;48364;LL;низ;3793,175;3815,390;78,715;3;1
2/2;10339;2025-10-01 02:00:00;48380;HH;верх;3875,560;3864,990;82,385;16;2
2/2;10340;2025-10-01 06:00:00;48384;HL;низ;3853,380;3892,950;22,180;4;2
2/2;10341;2025-10-01 08:00:00;48386;HH;верх;3895,500;3887,735;42,120;2;2
2/2;10342;2025-10-02 01:00:00;48402;LL;низ;3852,835;3866,635;42,665;16;3
2/2;10343;2025-10-02 02:00:00;48403;LH;верх;3870,060;3864,300;17,225;1;1
2/2;10344;2025-10-02 07:00:00;48408;HL;низ;3861,700;3879,210;8,360;5;1
2/2;10345;2025-10-02 13:00:00;48414;HH;верх;3897,130;3828,310;35,430;6;1
2/2;10346;2025-10-02 15:00:00;48416;LL;низ;3819,425;3844,385;77,705;2;1
2/2;10347;2025-10-02 23:00:00;48423;LH;верх;3863,715;3858,550;44,290;7;1
2/2;10348;2025-10-03 03:00:00;48427;HL;низ;3838,070;3855,230;25,645;4;2
2/2;10349;2025-10-06 05:00:00;48452;HH;верх;3945,330;3941,790;107,260;25;3
2/2;10350;2025-10-06 06:00:00;48453;HL;низ;3922,500;3942,610;22,830;1;1
2/2;10351;2025-10-06 08:00:00;48455;HH;верх;3949,670;3942,235;27,170;2;1
2/2;10352;2025-10-06 12:00:00;48459;HL;низ;3926,465;3955,180;23,205;4;1
2/2;10353;2025-10-07 00:00:00;48470;HH;верх;3977,400;3964,905;50,935;11;2
2/2;10354;2025-10-07 01:00:00;48471;HL;низ;3955,870;3973,550;21,530;1;1
2/2;10355;2025-10-07 04:00:00;48474;LH;верх;3977,045;3955,045;21,175;3;1
2/2;10356;2025-10-07 08:00:00;48478;LL;низ;3941,055;3960,175;35,990;4;1
2/2;10357;2025-10-07 15:00:00;48485;HH;верх;3991,135;3980,815;50,080;7;1
2/2;10358;2025-10-07 15:00:00;48485;HL;низ;3961,750;3980,815;29,385;0;2
2/2;10359;2025-10-08 09:00:00;48502;HH;верх;4049,700;4038,195;87,950;17;1
2/2;10360;2025-10-08 13:00:00;48506;HL;низ;4026,175;4045,750;23,525;4;1
2/2;10361;2025-10-08 16:00:00;48509;HH;верх;4059,350;4050,080;33,175;3;1
2/2;10362;2025-10-08 23:00:00;48515;LL;низ;4001,330;4019,675;58,020;6;1
2/2;10363;2025-10-09 01:00:00;48517;LH;верх;4036,540;4026,930;35,210;2;1
2/2;10364;2025-10-09 02:00:00;48518;HL;низ;4002,725;4038,980;33,815;1;1
2/2;10365;2025-10-09 05:00:00;48521;HH;верх;4043,700;4031,700;40,975;3;1
2/2;10366;2025-10-09 06:00:00;48522;HL;низ;4022,670;4038,220;21,030;1;1
2/2;10367;2025-10-09 13:00:00;48529;HH;верх;4058,110;4014,475;35,440;7;1
2/2;10368;2025-10-09 17:00:00;48533;LL;низ;3944,435;3973,460;113,675;4;1
2/2;10369;2025-10-10 00:00:00;48539;LH;верх;3994,520;3978,630;50,085;6;2
2/2;10370;2025-10-10 04:00:00;48543;HL;низ;3947,020;3968,495;47,500;4;2
2/2;10371;2025-10-10 09:00:00;48548;HH;верх;4006,735;3987,135;59,715;5;1
2/2;10372;2025-10-10 14:00:00;48553;HL;низ;3970,855;3983,545;35,880;5;1
2/2;10373;2025-10-10 15:00:00;48554;HH;верх;4023,000;3990,185;52,145;1;1
2/2;10374;2025-10-10 17:00:00;48556;HL;низ;3975,235;4011,365;47,765;2;1
2/2;10375;2025-10-13 16:00:00;48578;HH;верх;4117,420;4101,945;142,185;22;3
2/2;10376;2025-10-13 19:00:00;48581;HL;низ;4090,935;4115,055;26,485;3;1
2/2;10377;2025-10-14 05:00:00;48590;HH;верх;4179,935;4126,575;89,000;9;1
2/2;10378;2025-10-14 06:00:00;48591;LL;низ;4090,145;4143,950;89,790;1;1
2/2;10379;2025-10-14 08:00:00;48593;LH;верх;4145,070;4131,500;54,925;2;1
2/2;10380;2025-10-14 13:00:00;48598;HL;низ;4097,740;4138,075;47,330;5;1
2/2;10381;2025-10-14 16:00:00;48601;HH;верх;4155,495;4148,285;57,755;3;1
2/2;10382;2025-10-14 19:00:00;48604;HL;низ;4134,695;4158,330;20,800;3;1
2/2;10383;2025-10-15 08:00:00;48616;HH;верх;4218,405;4202,960;83,710;12;1
2/2;10384;2025-10-15 09:00:00;48617;HL;низ;4164,240;4198,740;54,165;1;2
2/2;10385;2025-10-15 14:00:00;48622;LH;верх;4212,615;4199,155;48,375;5;1
2/2;10386;2025-10-15 15:00:00;48623;HL;низ;4179,470;4197,880;33,145;1;2
2/2;10387;2025-10-16 03:00:00;48634;HH;верх;4242,380;4204,895;62,910;11;1
2/2;10388;2025-10-16 05:00:00;48636;HL;низ;4203,550;4230,780;38,830;2;3
2/2;10389;2025-10-16 22:00:00;48652;HH;верх;4380,990;4358,145;177,440;16;1
2/2;10390;2025-10-17 01:00:00;48655;HL;низ;4278,680;4366,995;102,310;3;1
2/2;10391;2025-10-17 05:00:00;48659;LH;верх;4378,765;4342,685;100,085;4;1
2/2;10392;2025-10-17 17:00:00;48671;LL;низ;4185,910;4226,230;192,855;12;2
2/2;10393;2025-10-19 22:00:00;48675;LH;верх;4268,270;4249,425;82,360;4;1
2/2;10394;2025-10-20 00:00:00;48677;HL;низ;4219,115;4255,610;49,155;2;1
2/2;10395;2025-10-20 02:00:00;48679;HH;верх;4271,285;4266,150;52,170;2;1
2/2;10396;2025-10-20 06:00:00;48683;HL;низ;4221,205;4258,700;50,080;4;1
2/2;10397;2025-10-20 08:00:00;48685;LH;верх;4266,120;4254,680;44,915;2;1
2/2;10398;2025-10-20 10:00:00;48687;HL;низ;4245,770;4323,540;20,350;2;1
2/2;10399;2025-10-20 19:00:00;48696;HH;верх;4381,440;4367,690;135,670;9;3
2/2;10400;2025-10-21 14:00:00;48714;LL;низ;4080,580;4113,455;300,860;18;4
2/2;10401;2025-10-21 20:00:00;48720;LH;верх;4131,100;4093,105;50,520;6;1
2/2;10402;2025-10-22 00:00:00;48723;LL;низ;4004,280;4115,295;126,820;3;1
2/2;10403;2025-10-22 06:00:00;48729;HH;верх;4161,535;4070,680;157,255;6;1
2/2;10404;2025-10-22 11:00:00;48734;HL;низ;4015,125;4075,975;146,410;5;1
2/2;10405;2025-10-22 13:00:00;48736;LH;верх;4085,480;4037,120;70,355;2;1
2/2;10406;2025-10-22 14:00:00;48737;LL;низ;4011,095;4059,270;74,385;1;1
2/2;10407;2025-10-22 19:00:00;48742;HH;верх;4113,800;4102,325;102,705;5;1
2/2;10408;2025-10-23 00:00:00;48746;HL;низ;4065,900;4082,610;47,900;4;1
2/2;10409;2025-10-23 06:00:00;48752;HH;верх;4137,745;4116,330;71,845;6;1
2/2;10410;2025-10-23 12:00:00;48758;HL;низ;4100,140;4148,365;37,605;6;1
2/2;10411;2025-10-23 14:00:00;48760;HH;верх;4154,790;4132,995;54,650;2;1
2/2;10412;2025-10-23 23:00:00;48768;HL;низ;4106,035;4118,790;48,755;8;1
2/2;10413;2025-10-24 01:00:00;48770;LH;верх;4144,535;4122,475;38,500;2;1
2/2;10414;2025-10-24 11:00:00;48780;LL;низ;4043,515;4106,900;101,020;10;2
2/2;10415;2025-10-24 16:00:00;48785;LH;верх;4138,670;4110,430;95,155;5;1
2/2;10416;2025-10-27 00:00:00;48792;HL;низ;4058,205;4071,755;80,465;7;1
2/2;10417;2025-10-27 01:00:00;48793;LH;верх;4097,870;4069,745;39,665;1;1
2/2;10418;2025-10-27 04:00:00;48796;LL;низ;4053,710;4078,325;44,160;3;1
2/2;10419;2025-10-27 06:00:00;48798;LH;верх;4085,170;4043,580;31,460;2;1
2/2;10420;2025-10-27 08:00:00;48800;LL;низ;4024,340;4037,565;60,830;2;1
2/2;10421;2025-10-27 13:00:00;48805;LH;верх;4050,610;3989,965;26,270;5;1
2/2;10422;2025-10-27 15:00:00;48807;LL;низ;3971,445;4006,635;79,165;2;1
2/2;10423;2025-10-27 18:00:00;48810;LH;верх;4010,305;3981,985;38,860;3;1
2/2;10424;2025-10-28 00:00:00;48815;HL;низ;3972,930;3984,030;37,375;5;2
2/2;10425;2025-10-28 01:00:00;48816;HH;верх;4019,805;3993,070;46,875;1;1
2/2;10426;2025-10-28 09:00:00;48824;LL;низ;3886,465;3923,455;133,340;8;1
2/2;10427;2025-10-28 17:00:00;48832;LH;верх;3970,465;3960,395;84,000;8;1
2/2;10428;2025-10-28 22:00:00;48836;HL;низ;3907,925;3975,325;62,540;4;2
2/2;10429;2025-10-29 00:00:00;48838;HH;верх;3982,495;3961,285;74,570;2;1
2/2;10430;2025-10-29 02:00:00;48840;HL;низ;3943,825;3952,085;38,670;2;2
2/2;10431;2025-10-29 12:00:00;48850;HH;верх;4030,340;4008,450;86,515;10;2
2/2;10432;2025-10-29 22:00:00;48859;LL;низ;3916,590;3950,480;113,750;9;1
2/2;10433;2025-10-30 01:00:00;48862;LH;верх;3966,800;3938,210;50,210;3;1
2/2;10434;2025-10-30 03:00:00;48864;LL;низ;3915,520;3963,975;51,280;2;1
2/2;10435;2025-10-30 09:00:00;48870;HH;верх;4011,705;3974,515;96,185;6;2
2/2;10436;2025-10-30 13:00:00;48874;HL;низ;3960,320;4001,760;51,385;4;1
2/2;10437;2025-10-30 22:00:00;48882;HH;верх;4046,595;4025,010;86,275;8;2
2/2;10438;2025-10-31 04:00:00;48888;HL;низ;3989,065;4013,340;57,530;6;1
2/2;10439;2025-10-31 08:00:00;48892;LH;верх;4026,820;4007,515;37,755;4;1
2/2;10440;2025-10-31 09:00:00;48893;HL;низ;3998,875;4010,595;27,945;1;1
2/2;10441;2025-10-31 12:00:00;48896;HH;верх;4036,435;4020,700;37,560;3;1
2/2;10442;2025-11-03 00:00:00;48906;LL;низ;3962,275;4004,210;74,160;10;3
2/2;10443;2025-11-03 08:00:00;48914;LH;верх;4028,130;3998,715;65,855;8;1
2/2;10444;2025-11-03 09:00:00;48915;HL;низ;3993,100;4007,690;35,030;1;1
2/2;10445;2025-11-03 15:00:00;48921;HH;верх;4030,825;4006,230;37,725;6;1
2/2;10446;2025-11-03 16:00:00;48922;HL;низ;3995,220;4006,435;35,605;1;2
2/2;10447;2025-11-03 20:00:00;48926;LH;верх;4015,060;3997,270;19,840;4;1
2/2;10448;2025-11-04 02:00:00;48931;LL;низ;3975,570;3985,645;39,490;5;1
2/2;10449;2025-11-04 03:00:00;48932;LH;верх;3999,465;3973,355;23,895;1;1
2/2;10450;2025-11-04 06:00:00;48935;LL;низ;3966,605;3996,140;32,860;3;1
2/2;10451;2025-11-04 08:00:00;48937;HH;верх;4000,855;3993,940;34,250;2;2
2/2;10452;2025-11-04 14:00:00;48943;LL;низ;3928,685;3969,140;72,170;6;2
2/2;10453;2025-11-05 08:00:00;48960;LH;верх;3987,340;3964,700;58,655;17;2
2/2;10454;2025-11-05 10:00:00;48962;HL;низ;3956,100;3969,650;31,240;2;2
2/2;10455;2025-11-05 16:00:00;48968;HH;верх;3990,565;3982,445;34,465;6;2
2/2;10456;2025-11-06 01:00:00;48976;HL;низ;3964,455;3987,540;26,110;8;2
2/2;10457;2025-11-06 12:00:00;48987;HH;верх;4019,645;3993,410;55,190;11;2
2/2;10458;2025-11-06 17:00:00;48992;HL;низ;3965,710;3985,350;53,935;5;1
2/2;10459;2025-11-06 19:00:00;48994;LH;верх;3995,365;3977,140;29,655;2;1
2/2;10460;2025-11-06 21:00:00;48996;HL;низ;3976,880;3988,605;18,485;2;1
2/2;10461;2025-11-07 02:00:00;49000;HH;верх;4003,410;3998,375;26,530;4;1
2/2;10462;2025-11-07 04:00:00;49002;HL;низ;3985,605;4006,925;17,805;2;1
2/2;10463;2025-11-07 09:00:00;49007;HH;верх;4014,290;4002,965;28,685;5;1
2/2;10464;2025-11-07 15:00:00;49013;LL;низ;3984,010;4005,600;30,280;6;1
2/2;10465;2025-11-07 16:00:00;49014;HH;верх;4027,595;4005,650;43,585;1;1
2/2;10466;2025-11-07 20:00:00;49018;HL;низ;3994,640;4011,870;32,955;4;1
2/2;10467;2025-11-10 09:00:00;49030;HH;верх;4086,375;4085,385;91,735;12;2
2/2;10468;2025-11-10 09:00:00;49030;HL;низ;4071,490;4085,385;14,885;0;1
2/2;10469;2025-11-10 13:00:00;49034;HH;верх;4106,000;4084,435;34,510;4;1
2/2;10470;2025-11-10 14:00:00;49035;HL;низ;4074,490;4095,175;31,510;1;1
2/2;10471;2025-11-11 04:00:00;49048;HH;верх;4149,100;4130,070;74,610;13;2
2/2;10472;2025-11-11 05:00:00;49049;HL;низ;4124,895;4129,780;24,205;1;1
2/2;10473;2025-11-11 13:00:00;49057;LH;верх;4146,885;4106,835;21,990;8;2
2/2;10474;2025-11-11 15:00:00;49059;LL;низ;4097,245;4114,535;49,640;2;1
2/2;10475;2025-11-12 00:00:00;49067;LH;верх;4145,610;4124,130;48,365;8;1
2/2;10476;2025-11-12 05:00:00;49072;HL;низ;4098,915;4117,305;46,695;5;1
2/2;10477;2025-11-12 09:00:00;49076;LH;верх;4133,855;4126,025;34,940;4;1
2/2;10478;2025-11-12 13:00:00;49080;HL;низ;4122,740;4181,495;11,115;4;1
2/2;10479;2025-11-12 18:00:00;49085;HH;верх;4211,795;4196,050;89,055;5;1
2/2;10480;2025-11-13 01:00:00;49091;HL;низ;4179,735;4212,960;32,060;6;1
2/2;10481;2025-11-13 04:00:00;49094;HH;верх;4219,520;4210,525;39,785;3;1
2/2;10482;2025-11-13 06:00:00;49096;HL;низ;4203,270;4232,710;16,250;2;2
2/2;10483;2025-11-13 12:00:00;49102;HH;верх;4245,195;4195,525;41,925;6;1
2/2;10484;2025-11-13 18:00:00;49108;LL;низ;4145,190;4164,170;100,005;6;3
2/2;10485;2025-11-14 03:00:00;49116;LH;верх;4211,435;4189,900;66,245;8;1
2/2;10486;2025-11-14 14:00:00;49127;LL;низ;4032,230;4105,240;179,205;11;2
2/2;10487;2025-11-14 16:00:00;49129;LH;верх;4111,185;4098,105;78,955;2;1
2/2;10488;2025-11-14 20:00:00;49133;HL;низ;4075,615;4096,510;35,570;4;1
2/2;10489;2025-11-16 23:00:00;49135;LH;верх;4106,705;4091,325;31,090;2;1
2/2;10490;2025-11-17 05:00:00;49141;LL;низ;4049,760;4088,130;56,945;6;1
2/2;10491;2025-11-17 08:00:00;49144;LH;верх;4095,935;4070,180;46,175;3;2
2/2;10492;2025-11-17 16:00:00;49152;HL;низ;4052,380;4062,845;43,555;8;1
2/2;10493;2025-11-17 17:00:00;49153;LH;верх;4081,130;4011,380;28,750;1;1
2/2;10494;2025-11-17 20:00:00;49156;LL;низ;4007,055;4036,785;74,075;3;1
2/2;10495;2025-11-17 23:00:00;49158;LH;верх;4054,755;4025,150;47,700;2;1
2/2;10496;2025-11-18 07:00:00;49166;LL;низ;3997,985;4040,365;56,770;8;3
2/2;10497;2025-11-18 14:00:00;49173;HH;верх;4081,915;4066,930;83,930;7;1
2/2;10498;2025-11-18 16:00:00;49175;HL;низ;4040,550;4072,630;41,365;2;1
2/2;10499;2025-11-18 20:00:00;49179;HH;верх;4082,580;4077,000;42,030;4;1
2/2;10500;2025-11-18 21:00:00;49180;HL;низ;4064,915;4069,340;17,665;1;1
2/2;10501;2025-11-19 02:00:00;49184;LH;верх;4080,775;4075,245;15,860;4;1
2/2;10502;2025-11-19 02:00:00;49184;LL;низ;4055,525;4075,245;25,250;0;1
2/2;10503;2025-11-19 06:00:00;49188;HH;верх;4098,720;4083,355;43,195;4;1
2/2;10504;2025-11-19 08:00:00;49190;HL;низ;4078,350;4108,995;20,370;2;1
2/2;10505;2025-11-19 15:00:00;49197;HH;верх;4132,985;4078,835;54,635;7;1
2/2;10506;2025-11-19 17:00:00;49199;LL;низ;4055,475;4073,700;77,510;2;2
2/2;10507;2025-11-20 00:00:00;49205;LH;верх;4110,370;4066,875;54,895;6;1
2/2;10508;2025-11-20 02:00:00;49207;LL;низ;4038,900;4075,500;71,470;2;3
2/2;10509;2025-11-20 14:00:00;49219;LH;верх;4107,350;4049,120;68,450;12;1
2/2;10510;2025-11-20 17:00:00;49222;HL;низ;4043,580;4084,760;63,770;3;1
2/2;10511;2025-11-20 23:00:00;49227;LH;верх;4088,725;4068,680;45,145;5;3
2/2;10512;2025-11-21 08:00:00;49236;LL;низ;4022,260;4037,205;66,465;9;1
2/2;10513;2025-11-21 09:00:00;49237;LH;верх;4063,605;4036,715;41,345;1;1
2/2;10514;2025-11-21 11:00:00;49239;HL;низ;4031,100;4079,745;32,505;2;2
2/2;10515;2025-11-21 17:00:00;49245;HH;верх;4101,070;4087,625;69,970;6;1
2/2;10516;2025-11-24 02:00:00;49253;HL;низ;4040,770;4044,260;60,300;8;2
2/2;10517;2025-11-24 04:00:00;49255;LH;верх;4061,425;4053,460;20,655;2;1
2/2;10518;2025-11-24 05:00:00;49256;LL;низ;4040,020;4060,245;21,405;1;3
2/2;10519;2025-11-25 02:00:00;49276;HH;верх;4155,900;4140,680;115,880;20;2
2/2;10520;2025-11-25 08:00:00;49282;HL;низ;4109,710;4131,470;46,190;6;1
2/2;10521;2025-11-25 13:00:00;49287;LH;верх;4150,915;4123,125;41,205;5;1
2/2;10522;2025-11-25 14:00:00;49288;HL;низ;4110,805;4136,195;40,110;1;1
2/2;10523;2025-11-25 17:00:00;49291;HH;верх;4159,380;4133,860;48,575;3;1
2/2;10524;2025-11-25 21:00:00;49295;HL;низ;4127,620;4143,080;31,760;4;1
2/2;10525;2025-11-26 03:00:00;49300;HH;верх;4169,580;4162,460;41,960;5;1
2/2;10526;2025-11-26 06:00:00;49303;HL;низ;4146,680;4161,090;22,900;3;1
2/2;10527;2025-11-26 12:00:00;49309;HH;верх;4173,500;4142,365;26,820;6;2
2/2;10528;2025-11-26 15:00:00;49312;LL;низ;4136,665;4167,275;36,835;3;1
2/2;10529;2025-11-26 18:00:00;49315;LH;верх;4171,905;4164,060;35,240;3;1
2/2;10530;2025-11-26 18:00:00;49315;HL;низ;4158,100;4164,060;13,805;0;1
2/2;10531;2025-11-26 23:00:00;49319;LH;верх;4168,750;4154,450;10,650;4;1
2/2;10532;2025-11-27 04:00:00;49324;LL;низ;4142,730;4157,450;26,020;5;1
2/2;10533;2025-11-27 08:00:00;49328;LH;верх;4167,260;4156,560;24,530;4;1
2/2;10534;2025-11-27 09:00:00;49329;HL;низ;4148,400;4157,420;18,860;1;2
2/2;10535;2025-11-27 15:00:00;49335;LH;верх;4161,925;4157,985;13,525;6;1
2/2;10536;2025-11-27 16:00:00;49336;HL;низ;4151,505;4159,290;10,420;1;1
2/2;10537;2025-11-27 19:00:00;49339;LH;верх;4160,460;4158,800;8,955;3;1
2/2;10538;2025-11-27 21:00:00;49341;HL;низ;4155,335;4180,865;5,125;2;1
2/2;10539;2025-11-28 01:00:00;49344;HH;верх;4193,260;4183,390;37,925;3;1
2/2;10540;2025-11-28 05:00:00;49348;HL;низ;4170,680;4174,160;22,580;4;1
2/2;10541;2025-11-28 06:00:00;49349;LH;верх;4192,460;4164,010;21,780;1;1
2/2;10542;2025-11-28 08:00:00;49351;LL;низ;4153,740;4163,325;38,720;2;1
2/2;10543;2025-11-28 18:00:00;49361;HH;верх;4226,915;4221,940;73,175;10;1
2/2;10544;2025-11-30 23:00:00;49363;HL;низ;4205,785;4255,560;21,130;2;1
2/2;10545;2025-12-01 02:00:00;49366;HH;верх;4256,600;4245,775;50,815;3;1
2/2;10546;2025-12-01 05:00:00;49369;HL;низ;4215,605;4245,350;40,995;3;1
2/2;10547;2025-12-01 13:00:00;49377;HH;верх;4264,700;4232,525;49,095;8;2
2/2;10548;2025-12-01 15:00:00;49379;HL;низ;4219,495;4232,285;45,205;2;1
2/2;10549;2025-12-01 18:00:00;49382;LH;верх;4244,810;4237,500;25,315;3;1
2/2;10550;2025-12-02 01:00:00;49388;LL;низ;4192,915;4216,835;51,895;6;1
2/2;10551;2025-12-02 06:00:00;49393;LH;верх;4226,350;4210,220;33,435;5;1
2/2;10552;2025-12-02 09:00:00;49396;LL;низ;4181,140;4205,640;45,210;3;2
2/2;10553;2025-12-02 14:00:00;49401;HH;верх;4230,685;4185,030;49,545;5;1
2/2;10554;2025-12-02 15:00:00;49402;LL;низ;4163,805;4193,885;66,880;1;1
2/2;10555;2025-12-03 02:00:00;49412;LH;верх;4229,065;4222,515;65,260;10;1
2/2;10556;2025-12-03 10:00:00;49420;HL;низ;4194,645;4213,595;34,420;8;1
2/2;10557;2025-12-03 14:00:00;49424;HH;верх;4241,565;4200,895;46,920;4;1
2/2;10558;2025-12-03 18:00:00;49428;HL;низ;4195,195;4206,230;46,370;4;1
2/2;10559;2025-12-04 01:00:00;49434;LH;верх;4217,080;4195,875;21,885;6;2
2/2;10560;2025-12-04 05:00:00;49438;LL;низ;4174,810;4193,945;42,270;4;2
2/2;10561;2025-12-04 11:00:00;49444;LH;верх;4206,630;4198,430;31,820;6;1
2/2;10562;2025-12-04 13:00:00;49446;HL;низ;4185,450;4207,355;21,180;2;1
2/2;10563;2025-12-04 16:00:00;49449;HH;верх;4219,620;4208,070;34,170;3;1
2/2;10564;2025-12-04 19:00:00;49452;HL;низ;4199,545;4208,765;20,075;3;1
2/2;10565;2025-12-05 00:00:00;49456;LH;верх;4210,685;4207,300;11,140;4;1
2/2;10566;2025-12-05 01:00:00;49457;LL;низ;4194,815;4209,635;15,870;1;1
2/2;10567;2025-12-05 07:00:00;49463;HH;верх;4230,900;4223,430;36,085;6;1
2/2;10568;2025-12-05 09:00:00;49465;HL;низ;4215,935;4223,540;14,965;2;1
2/2;10569;2025-12-05 15:00:00;49471;HH;верх;4259,340;4217,565;43,405;6;1
2/2;10570;2025-12-05 21:00:00;49477;LL;низ;4192,055;4210,760;67,285;6;4
2/2;10571;2025-12-08 06:00:00;49485;LH;верх;4219,175;4209,875;27,120;8;2
2/2;10572;2025-12-08 15:00:00;49494;LL;низ;4176,205;4195,045;42,970;9;2
2/2;10573;2025-12-09 03:00:00;49505;LH;верх;4198,905;4179,665;22,700;11;1
2/2;10574;2025-12-09 06:00:00;49508;LL;низ;4169,985;4191,730;28,920;3;1
2/2;10575;2025-12-09 09:00:00;49511;HH;верх;4213,050;4203,140;43,065;3;1
2/2;10576;2025-12-09 14:00:00;49516;HL;низ;4189,505;4212,400;23,545;5;1
2/2;10577;2025-12-09 16:00:00;49518;HH;верх;4221,625;4209,195;32,120;2;1
2/2;10578;2025-12-09 18:00:00;49520;HL;низ;4201,255;4212,125;20,370;2;1
2/2;10579;2025-12-10 02:00:00;49527;LH;верх;4218,860;4207,120;17,605;7;2
2/2;10580;2025-12-10 10:00:00;49535;LL;низ;4187,800;4196,575;31,060;8;2
2/2;10581;2025-12-10 14:00:00;49539;LH;верх;4207,105;4204,975;19,305;4;1
2/2;10582;2025-12-10 19:00:00;49544;LL;низ;4182,080;4228,775;25,025;5;2
2/2;10583;2025-12-11 01:00:00;49549;HH;верх;4247,805;4216,905;65,725;5;2
2/2;10584;2025-12-11 06:00:00;49554;HL;низ;4204,270;4216,775;43,535;5;1
2/2;10585;2025-12-11 10:00:00;49558;LH;верх;4226,080;4220,565;21,810;4;1
2/2;10586;2025-12-11 13:00:00;49561;HL;низ;4205,350;4256,125;20,730;3;1
2/2;10587;2025-12-11 18:00:00;49566;HH;верх;4285,890;4276,285;80,540;5;1
2/2;10588;2025-12-11 19:00:00;49567;HL;низ;4262,830;4279,335;23,060;1;1
2/2;10589;2025-12-11 21:00:00;49569;LH;верх;4283,725;4269,530;20,895;2;1
2/2;10590;2025-12-12 01:00:00;49572;HL;низ;4264,525;4270,705;19,200;3;2
2/2;10591;2025-12-12 14:00:00;49585;HH;верх;4353,555;4281,890;89,030;13;1
2/2;10592;2025-12-12 16:00:00;49587;LL;низ;4257,275;4295,020;96,280;2;1
2/2;10593;2025-12-12 18:00:00;49589;LH;верх;4303,915;4299,335;46,640;2;1
2/2;10594;2025-12-12 20:00:00;49591;HL;низ;4288,740;4302,575;15,175;2;1
2/2;10595;2025-12-15 09:00:00;49603;HH;верх;4350,285;4342,775;61,545;12;2
2/2;10596;2025-12-15 16:00:00;49610;LL;низ;4285,515;4313,085;64,770;7;1
2/2;10597;2025-12-15 19:00:00;49613;LH;верх;4317,810;4304,910;32,295;3;1
2/2;10598;2025-12-15 20:00:00;49614;HL;низ;4299,725;4304,445;18,085;1;1
2/2;10599;2025-12-16 01:00:00;49618;HH;верх;4318,035;4291,005;18,310;4;1
2/2;10600;2025-12-16 05:00:00;49622;LL;низ;4271,575;4287,655;46,460;4;2
2/2;10601;2025-12-16 15:00:00;49632;HH;верх;4335,185;4303,725;63,610;10;1
2/2;10602;2025-12-16 16:00:00;49633;HL;низ;4291,410;4311,370;43,775;1;1
2/2;10603;2025-12-16 19:00:00;49636;LH;верх;4315,920;4302,225;24,510;3;1
2/2;10604;2025-12-16 19:00:00;49636;HL;низ;4296,810;4302,225;19,110;0;1
2/2;10605;2025-12-17 05:00:00;49645;HH;верх;4342,580;4317,835;45,770;9;1
2/2;10606;2025-12-17 10:00:00;49650;HL;низ;4306,515;4317,570;36,065;5;1
2/2;10607;2025-12-17 15:00:00;49655;HH;верх;4349,280;4342,580;42,765;5;1
2/2;10608;2025-12-17 16:00:00;49656;HL;низ;4320,325;4336,250;28,955;1;1
2/2;10609;2025-12-17 18:00:00;49658;LH;верх;4346,610;4341,490;26,285;2;2
2/2;10610;2025-12-18 01:00:00;49664;HL;низ;4324,020;4333,340;22,590;6;2
2/2;10611;2025-12-18 07:00:00;49670;LH;верх;4337,785;4323,640;13,765;6;1
2/2;10612;2025-12-18 09:00:00;49672;LL;низ;4320,655;4325,735;17,130;2;1
2/2;10613;2025-12-18 13:00:00;49676;HH;верх;4343,185;4338,395;22,530;4;1
2/2;10614;2025-12-18 14:00:00;49677;LL;низ;4308,670;4360,415;34,515;1;1
2/2;10615;2025-12-18 16:00:00;49679;HH;верх;4374,655;4331,955;65,985;2;1
2/2;10616;2025-12-19 01:00:00;49687;HL;низ;4309,095;4318,120;65,560;8;3
2/2;10617;2025-12-19 09:00:00;49695;LH;верх;4333,670;4327,375;24,575;8;1
2/2;10618;2025-12-19 14:00:00;49700;HL;низ;4319,830;4349,935;13,840;5;1
2/2;10619;2025-12-19 18:00:00;49704;HH;верх;4356,625;4339,750;36,795;4;1
2/2;10620;2025-12-19 21:00:00;49707;HL;низ;4336,555;4365,165;20,070;3;1
2/2;10621;2025-12-22 07:00:00;49716;HH;верх;4420,515;4411,200;83,960;9;2
2/2;10622;2025-12-22 11:00:00;49720;HL;низ;4406,060;4423,865;14,455;4;2
2/2;10623;2025-12-22 17:00:00;49726;HH;верх;4442,270;4433,690;36,210;6;1
2/2;10624;2025-12-22 19:00:00;49728;HL;низ;4429,005;4443,740;13,265;2;1
2/2;10625;2025-12-23 02:00:00;49734;HH;верх;4497,685;4482,585;68,680;6;1
2/2;10626;2025-12-23 06:00:00;49738;HL;низ;4469,500;4490,055;28,185;4;1
2/2;10627;2025-12-23 08:00:00;49740;LH;верх;4493,490;4484,400;23,990;2;1
2/2;10628;2025-12-23 09:00:00;49741;HL;низ;4478,225;4493,655;15,265;1;1
2/2;10629;2025-12-23 13:00:00;49745;HH;верх;4497,635;4458,395;19,410;4;1
2/2;10630;2025-12-23 15:00:00;49747;LL;низ;4430,515;4472,965;67,120;2;2
2/2;10631;2025-12-24 01:00:00;49756;HH;верх;4526,150;4493,200;95,635;9;1
2/2;10632;2025-12-24 03:00:00;49758;HL;низ;4466,540;4488,645;59,610;2;2
2/2;10633;2025-12-24 10:00:00;49765;LH;верх;4500,035;4490,765;33,495;7;1
2/2;10634;2025-12-24 15:00:00;49770;LL;низ;4448,260;4480,745;51,775;5;1
2/2;10635;2025-12-25 23:00:00;49774;HH;верх;4536,740;4504,045;88,480;4;1
2/2;10636;2025-12-26 02:00:00;49777;HL;низ;4492,210;4509,190;44,530;3;1
2/2;10637;2025-12-26 10:00:00;49785;LH;верх;4523,750;4508,930;31,540;8;1
2/2;10638;2025-12-26 11:00:00;49786;HL;низ;4502,910;4525,195;20,840;1;1
2/2;10639;2025-12-26 16:00:00;49791;HH;верх;4550,150;4531,155;47,240;5;1
2/2;10640;2025-12-26 17:00:00;49792;HL;низ;4510,025;4523,810;40,125;1;1
2/2;10641;2025-12-28 23:00:00;49797;LH;верх;4548,350;4497,325;38,325;5;1
2/2;10642;2025-12-29 00:00:00;49798;LL;низ;4472,250;4512,425;76,100;1;1
2/2;10643;2025-12-29 03:00:00;49801;LH;верх;4520,610;4506,665;48,360;3;1
2/2;10644;2025-12-29 15:00:00;49813;LL;низ;4302,110;4328,255;218,500;12;3
2/2;10645;2025-12-30 07:00:00;49828;LH;верх;4383,445;4372,345;81,335;15;1
2/2;10646;2025-12-30 08:00:00;49829;HL;низ;4350,490;4384,880;32,955;1;1
2/2;10647;2025-12-30 13:00:00;49834;HH;верх;4404,375;4365,520;53,885;5;1
2/2;10648;2025-12-30 16:00:00;49837;HL;низ;4355,145;4364,840;49,230;3;1
2/2;10649;2025-12-30 17:00:00;49838;LH;верх;4382,125;4348,820;26,980;1;1
2/2;10650;2025-12-30 23:00:00;49843;LL;низ;4328,125;4365,995;54,000;5;1
2/2;10651;2025-12-31 01:00:00;49845;LH;верх;4373,590;4348,660;45,465;2;1
2/2;10652;2025-12-31 06:00:00;49850;LL;низ;4274,025;4307,740;99,565;5;1
2/2;10653;2025-12-31 09:00:00;49853;LH;верх;4337,480;4311,260;63,455;3;1
2/2;10654;2025-12-31 12:00:00;49856;HL;низ;4303,255;4346,030;34,225;3;1
2/2;10655;2025-12-31 14:00:00;49858;HH;верх;4353,445;4323,160;50,190;2;1
2/2;10656;2025-12-31 20:00:00;49864;HL;низ;4304,645;4348,260;48,800;6;1
2/2;10657;2026-01-02 13:00:00;49880;HH;верх;4402,295;4335,395;97,650;16;1
2/2;10658;2026-01-02 18:00:00;49885;HL;низ;4309,915;4331,685;92,380;5;1
2/2;10659;2026-01-05 10:00:00;49900;HH;верх;4440,055;4409,705;130,140;15;2
2/2;10660;2026-01-05 13:00:00;49903;HL;низ;4396,485;4448,500;43,570;3;1
2/2;10661;2026-01-05 15:00:00;49905;HH;верх;4455,770;4443,615;59,285;2;1
2/2;10662;2026-01-05 17:00:00;49907;HL;низ;4432,535;4439,735;23,235;2;1
2/2;10663;2026-01-05 23:00:00;49912;HH;верх;4460,285;4450,890;27,750;5;1
2/2;10664;2026-01-06 01:00:00;49914;LL;низ;4427,635;4467,700;32,650;2;1
2/2;10665;2026-01-06 05:00:00;49918;HH;верх;4474,265;4459,470;46,630;4;1
2/2;10666;2026-01-06 05:00:00;49918;HL;низ;4449,510;4459,470;24,755;0;1
2/2;10667;2026-01-06 08:00:00;49921;HH;верх;4475,790;4451,875;26,280;3;1
2/2;10668;2026-01-06 10:00:00;49923;LL;низ;4442,665;4463,785;33,125;2;2
2/2;10669;2026-01-06 23:00:00;49935;HH;верх;4500,560;4465,580;57,895;12;1
2/2;10670;2026-01-07 06:00:00;49942;LL;низ;4441,445;4468,420;59,115;7;2
2/2;10671;2026-01-07 08:00:00;49944;LH;верх;4474,875;4464,415;33,430;2;1
2/2;10672;2026-01-07 15:00:00;49951;LL;низ;4423,385;4451,930;51,490;7;1
2/2;10673;2026-01-07 16:00:00;49952;LH;верх;4468,370;4452,250;44,985;1;1
2/2;10674;2026-01-07 19:00:00;49955;HL;низ;4445,545;4456,650;22,825;3;1
2/2;10675;2026-01-08 00:00:00;49959;LH;верх;4466,485;4441,360;20,940;4;1
2/2;10676;2026-01-08 05:00:00;49964;LL;низ;4415,405;4431,085;51,080;5;1
2/2;10677;2026-01-08 07:00:00;49966;LH;верх;4439,765;4432,770;24,360;2;1
2/2;10678;2026-01-08 12:00:00;49971;LL;низ;4407,835;4433,175;31,930;5;1
2/2;10679;2026-01-08 17:00:00;49976;HH;верх;4465,745;4452,190;57,910;5;1
2/2;10680;2026-01-08 19:00:00;49978;HL;низ;4444,715;4477,565;21,030;2;1
2/2;10681;2026-01-08 23:00:00;49981;HH;верх;4479,735;4468,910;35,020;3;1
2/2;10682;2026-01-09 01:00:00;49983;HL;низ;4452,920;4464,180;26,815;2;2
2/2;10683;2026-01-09 06:00:00;49988;LH;верх;4477,545;4468,715;24,625;5;1
2/2;10684;2026-01-09 08:00:00;49990;HL;низ;4464,200;4472,675;13,345;2;1
2/2;10685;2026-01-09 09:00:00;49991;HH;верх;4477,700;4475,525;13,500;1;1
2/2;10686;2026-01-09 13:00:00;49995;LL;низ;4458,935;4512,430;18,765;4;1
2/2;10687;2026-01-09 15:00:00;49997;HH;верх;4517,250;4484,475;58,315;2;1
2/2;10688;2026-01-09 17:00:00;49999;HL;низ;4482,010;4499,380;35,240;2;1
2/2;10689;2026-01-12 00:00:00;50005;HH;верх;4601,695;4577,480;119,685;6;2
2/2;10690;2026-01-12 12:00:00;50017;HL;низ;4578,485;4602,245;23,210;12;1
2/2;10691;2026-01-12 16:00:00;50021;HH;верх;4630,190;4610,910;51,705;4;1
2/2;10692;2026-01-13 01:00:00;50029;LL;низ;4575,585;4594,285;54,605;8;1
2/2;10693;2026-01-13 05:00:00;50033;LH;верх;4602,195;4580,795;26,610;4;1
2/2;10694;2026-01-13 06:00:00;50034;LL;низ;4573,605;4592,960;28,590;1;1
2/2;10695;2026-01-13 08:00:00;50036;LH;верх;4597,095;4586,395;23,490;2;1
2/2;10696;2026-01-13 12:00:00;50040;HL;низ;4577,925;4629,800;19,170;4;1
2/2;10697;2026-01-13 14:00:00;50042;HH;верх;4634,890;4613,565;56,965;2;1
2/2;10698;2026-01-13 20:00:00;50048;LL;низ;4569,470;4597,105;65,420;6;1
2/2;10699;2026-01-14 12:00:00;50063;HH;верх;4641,985;4617,520;72,515;15;2
2/2;10700;2026-01-14 15:00:00;50066;HL;низ;4599,500;4614,400;42,485;3;1
2/2;10701;2026-01-14 19:00:00;50070;HH;верх;4642,970;4626,575;43,470;4;1
2/2;10702;2026-01-15 03:00:00;50077;LL;низ;4581,065;4595,350;61,905;7;1
2/2;10703;2026-01-15 11:00:00;50085;LH;верх;4623,110;4588,325;42,045;8;2
2/2;10704;2026-01-15 13:00:00;50087;HL;низ;4581,625;4615,545;41,485;2;1
2/2;10705;2026-01-15 16:00:00;50090;HH;верх;4625,015;4617,690;43,390;3;2
2/2;10706;2026-01-15 20:00:00;50094;HL;низ;4600,710;4610,365;24,305;4;1
2/2;10707;2026-01-15 23:00:00;50096;LH;верх;4620,975;4600,620;20,265;2;1
2/2;10708;2026-01-16 02:00:00;50099;LL;низ;4591,370;4601,265;29,605;3;1
2/2;10709;2026-01-16 05:00:00;50102;LH;верх;4616,315;4607,645;24,945;3;1
2/2;10710;2026-01-16 06:00:00;50103;HL;низ;4594,095;4603,345;22,220;1;1
2/2;10711;2026-01-16 15:00:00;50112;HH;верх;4620,390;4581,510;26,295;9;2
2/2;10712;2026-01-16 15:00:00;50112;LL;низ;4536,490;4581,510;83,900;0;1
2/2;10713;2026-01-18 23:00:00;50119;HH;верх;4690,940;4657,285;154,450;7;1
2/2;10714;2026-01-19 02:00:00;50122;HL;низ;4653,225;4663,360;37,715;3;1
2/2;10715;2026-01-19 06:00:00;50126;LH;верх;4679,110;4663,570;25,885;4;1
2/2;10716;2026-01-19 11:00:00;50131;HL;низ;4659,730;4666,175;19,380;5;1
2/2;10717;2026-01-19 18:00:00;50138;HH;верх;4680,405;4665,360;20,675;7;1
2/2;10718;2026-01-20 00:00:00;50141;LL;низ;4659,395;4668,815;21,010;3;1
2/2;10719;2026-01-20 09:00:00;50150;HH;верх;4737,570;4733,245;78,175;9;1
2/2;10720;2026-01-20 13:00:00;50154;HL;низ;4715,035;4737,675;22,535;4;1
2/2;10721;2026-01-20 19:00:00;50160;HH;верх;4766,400;4763,370;51,365;6;1
2/2;10722;2026-01-20 20:00:00;50161;HL;низ;4747,360;4775,990;19,040;1;1
2/2;10723;2026-01-21 06:00:00;50170;HH;верх;4888,545;4854,735;141,185;9;1
2/2;10724;2026-01-21 07:00:00;50171;HL;низ;4832,725;4860,415;55,820;1;1
2/2;10725;2026-01-21 14:00:00;50178;LH;верх;4880,935;4833,630;48,210;7;3
2/2;10726;2026-01-21 19:00:00;50183;LL;низ;4755,075;4831,380;125,860;5;2
2/2;10727;2026-01-22 07:00:00;50194;LH;верх;4839,710;4823,185;84,635;11;1
2/2;10728;2026-01-22 13:00:00;50200;HL;низ;4810,740;4871,820;28,970;6;2
2/2;10729;2026-01-23 01:00:00;50211;HH;верх;4967,520;4952,075;156,780;11;2
2/2;10730;2026-01-23 09:00:00;50219;HL;низ;4899,795;4922,875;67,725;8;1
2/2;10731;2026-01-23 16:00:00;50226;HH;верх;4988,440;4966,850;88,645;7;1
2/2;10732;2026-01-23 18:00:00;50228;HL;низ;4958,345;4981,055;30,095;2;1
2/2;10733;2026-01-26 02:00:00;50235;HH;верх;5092,975;5070,385;134,630;7;1
2/2;10734;2026-01-26 05:00:00;50238;HL;низ;5052,365;5089,060;40,610;3;1
2/2;10735;2026-01-26 06:00:00;50239;HH;верх;5111,510;5083,480;59,145;1;3
2/2;10736;2026-01-26 13:00:00;50246;HL;низ;5054,670;5090,845;56,840;7;1
2/2;10737;2026-01-26 16:00:00;50249;LH;верх;5105,340;5069,040;50,670;3;1
2/2;10738;2026-01-26 21:00:00;50254;LL;низ;4990,215;5033,115;115,125;5;1
2/2;10739;2026-01-27 02:00:00;50258;LH;верх;5079,810;5067,800;89,595;4;1
2/2;10740;2026-01-27 05:00:00;50261;HL;низ;5057,195;5085,965;22,615;3;1
2/2;10741;2026-01-27 07:00:00;50263;HH;верх;5100,840;5098,325;43,645;2;1
2/2;10742;2026-01-27 11:00:00;50267;HL;низ;5066,640;5077,555;34,200;4;2
2/2;10743;2026-01-27 13:00:00;50269;LH;верх;5093,145;5090,905;26,505;2;1
2/2;10744;2026-01-27 14:00:00;50270;LL;низ;5046,840;5087,470;46,305;1;1
2/2;10745;2026-01-27 16:00:00;50272;HH;верх;5103,355;5088,110;56,515;2;1
2/2;10746;2026-01-27 18:00:00;50274;HL;низ;5076,450;5176,650;26,905;2;1
2/2;10747;2026-01-27 21:00:00;50277;HH;верх;5190,510;5172,025;114,060;3;1
2/2;10748;2026-01-28 00:00:00;50279;HL;низ;5157,210;5232,245;33,300;2;1
2/2;10749;2026-01-28 08:00:00;50287;HH;верх;5311,665;5269,970;154,455;8;1
2/2;10750;2026-01-28 15:00:00;50294;HL;низ;5235,750;5298,110;75,915;7;3
2/2;10751;2026-01-28 23:00:00;50301;HH;верх;5602,225;5545,785;366,475;7;2
2/2;10752;2026-01-29 11:00:00;50313;HL;низ;5470,900;5510,785;131,325;12;2
2/2;10753;2026-01-29 14:00:00;50316;LH;верх;5549,565;5264,550;78,665;3;1
2/2;10754;2026-01-29 15:00:00;50317;LL;низ;5097,215;5335,370;452,350;1;2
2/2;10755;2026-01-30 00:00:00;50325;LH;верх;5451,160;5225,075;353,945;8;1
2/2;10756;2026-01-30 02:00:00;50327;HL;низ;5112,105;5215,065;339,055;2;1
2/2;10757;2026-01-30 05:00:00;50330;LH;верх;5241,850;5181,080;129,745;3;1
2/2;10758;2026-01-30 09:00:00;50334;LL;низ;4941,500;5135,910;300,350;4;1
2/2;10759;2026-01-30 12:00:00;50337;LH;верх;5145,980;5033,255;204,480;3;1
2/2;10760;2026-02-02 06:00:00;50354;LL;низ;4402,380;4641,065;743,600;17;3
2/2;10761;2026-02-02 12:00:00;50360;LH;верх;4812,265;4718,945;409,885;6;1
2/2;10762;2026-02-02 16:00:00;50364;HL;низ;4596,740;4657,880;215,525;4;1
2/2;10763;2026-02-03 01:00:00;50372;HH;верх;4856,760;4809,505;260,020;8;1
2/2;10764;2026-02-03 02:00:00;50373;HL;низ;4745,680;4809,180;111,080;1;1
2/2;10765;2026-02-03 08:00:00;50379;HH;верх;4950,680;4902,570;205,000;6;1
2/2;10766;2026-02-03 11:00:00;50382;HL;низ;4883,690;4933,070;66,990;3;1
2/2;10767;2026-02-03 16:00:00;50387;HH;верх;4993,835;4908,430;110,145;5;2
2/2;10768;2026-02-03 19:00:00;50390;LL;низ;4880,595;4946,805;113,240;3;2
2/2;10769;2026-02-04 08:00:00;50402;HH;верх;5091,930;5048,700;211,335;12;1
2/2;10770;2026-02-04 11:00:00;50405;HL;низ;5013,770;5054,185;78,160;3;1
2/2;10771;2026-02-04 13:00:00;50407;LH;верх;5063,735;4920,410;49,965;2;1
2/2;10772;2026-02-04 16:00:00;50410;LL;низ;4848,405;4927,680;215,330;3;1
2/2;10773;2026-02-04 23:00:00;50416;LH;верх;5024,030;4959,135;175,625;6;1
2/2;10774;2026-02-05 03:00:00;50420;LL;низ;4789,655;4896,725;234,375;4;1
2/2;10775;2026-02-05 08:00:00;50425;LH;верх;4943,735;4877,325;154,080;5;1
2/2;10776;2026-02-05 15:00:00;50432;HL;низ;4800,535;4869,025;143,200;7;1
2/2;10777;2026-02-05 16:00:00;50433;LH;верх;4906,735;4858,130;106,200;1;1
2/2;10778;2026-02-06 00:00:00;50440;LL;низ;4655,230;4816,730;251,505;7;1
2/2;10779;2026-02-06 18:00:00;50458;HH;верх;4971,340;4953,330;316,110;18;3
2/2;10780;2026-02-06 20:00:00;50460;HL;низ;4936,690;5036,085;34,650;2;1
2/2;10781;2026-02-08 23:00:00;50462;HH;верх;5047,915;4983,005;111,225;2;1
2/2;10782;2026-02-09 02:00:00;50465;HL;низ;4968,885;5011,955;79,030;3;1
2/2;10783;2026-02-09 06:00:00;50469;LH;верх;5045,815;5027,560;76,930;4;1
2/2;10784;2026-02-09 07:00:00;50470;HL;низ;4997,855;5007,985;47,960;1;1
2/2;10785;2026-02-09 09:00:00;50472;LH;верх;5041,400;5010,830;43,545;2;1
2/2;10786;2026-02-09 10:00:00;50473;LL;низ;4982,495;5013,385;58,905;1;1
2/2;10787;2026-02-09 20:00:00;50483;HH;верх;5086,680;5031,995;104,185;10;2
2/2;10788;2026-02-09 23:00:00;50485;HL;низ;4987,385;5033,055;99,295;2;1
2/2;10789;2026-02-10 02:00:00;50488;LH;верх;5056,340;5031,725;68,955;3;1
2/2;10790;2026-02-10 05:00:00;50491;HL;низ;5011,445;5033,975;44,895;3;1
2/2;10791;2026-02-10 09:00:00;50495;HH;верх;5063,550;5056,135;52,105;4;1
2/2;10792;2026-02-10 12:00:00;50498;HL;низ;5019,935;5039,530;43,615;3;1
2/2;10793;2026-02-10 14:00:00;50500;HH;верх;5078,745;5023,940;58,810;2;1
2/2;10794;2026-02-10 15:00:00;50501;LL;низ;4998,950;5026,605;79,795;1;2
2/2;10795;2026-02-10 23:00:00;50508;LH;верх;5054,855;5052,600;55,905;7;1
2/2;10796;2026-02-11 05:00:00;50514;HL;низ;5043,800;5055,505;11,055;6;2
2/2;10797;2026-02-11 12:00:00;50521;HH;верх;5119,345;5059,445;75,545;7;1
2/2;10798;2026-02-11 13:00:00;50522;LL;низ;5019,715;5060,070;99,630;1;1
2/2;10799;2026-02-11 17:00:00;50526;LH;верх;5099,315;5081,990;79,600;4;2
2/2;10800;2026-02-12 01:00:00;50533;HL;низ;5045,445;5056,995;53,870;7;1
2/2;10801;2026-02-12 05:00:00;50537;LH;верх;5078,420;5064,085;32,975;4;1
2/2;10802;2026-02-12 06:00:00;50538;HL;низ;5047,130;5068,625;31,290;1;1
2/2;10803;2026-02-12 13:00:00;50545;HH;верх;5083,855;5060,570;36,725;7;2
2/2;10804;2026-02-12 16:00:00;50548;LL;низ;4878,500;4935,625;205,355;3;2
2/2;10805;2026-02-13 04:00:00;50559;LH;верх;4997,555;4967,640;119,055;11;1
2/2;10806;2026-02-13 05:00:00;50560;HL;низ;4944,930;4975,045;52,625;1;1
2/2;10807;2026-02-13 08:00:00;50563;LH;верх;4989,695;4950,100;44,765;3;1
2/2;10808;2026-02-13 11:00:00;50566;LL;низ;4933,635;4987,260;56,060;3;1
2/2;10809;2026-02-13 21:00:00;50576;HH;верх;5046,480;5015,620;112,845;10;1
2/2;10810;2026-02-16 05:00:00;50583;HL;низ;4964,865;5007,400;81,615;7;1
2/2;10811;2026-02-16 09:00:00;50587;LH;верх;5017,445;5004,750;52,580;4;1
2/2;10812;2026-02-16 15:00:00;50593;HL;низ;4969,110;4991,765;48,335;6;1
2/2;10813;2026-02-16 23:00:00;50598;LH;верх;5001,240;4957,605;32,130;5;1
2/2;10814;2026-02-17 05:00:00;50604;LL;низ;4859,200;4917,100;142,040;6;3
2/2;10815;2026-02-17 12:00:00;50611;LH;верх;4944,700;4863,325;85,500;7;1
2/2;10816;2026-02-17 14:00:00;50613;LL;низ;4842,600;4869,330;102,100;2;1
2/2;10817;2026-02-17 18:00:00;50617;LH;верх;4910,900;4877,790;68,300;4;1
2/2;10818;2026-02-17 23:00:00;50621;HL;низ;4854,240;4889,980;56,660;4;1
2/2;10819;2026-02-18 07:00:00;50629;HH;верх;4942,490;4917,425;88,250;8;2
2/2;10820;2026-02-18 11:00:00;50633;HL;низ;4906,425;4954,780;36,065;4;1
2/2;10821;2026-02-18 16:00:00;50638;HH;верх;5010,915;4987,445;104,490;5;1
2/2;10822;2026-02-18 19:00:00;50641;HL;низ;4972,870;4977,260;38,045;3;1
2/2;10823;2026-02-18 23:00:00;50644;LH;верх;4988,860;4973,140;15,990;3;1
2/2;10824;2026-02-19 00:00:00;50645;LL;низ;4960,645;4968,345;28,215;1;1
2/2;10825;2026-02-19 08:00:00;50653;HH;верх;5022,170;4993,405;61,525;8;1
2/2;10826;2026-02-19 14:00:00;50659;HL;низ;4963,445;4995,150;58,725;6;1
2/2;10827;2026-02-19 15:00:00;50660;HH;верх;5022,385;4985,165;58,940;1;1
2/2;10828;2026-02-19 18:00:00;50663;HL;низ;4975,410;5001,840;46,975;3;2
2/2;10829;2026-02-20 01:00:00;50669;LH;верх;5014,865;4988,690;39,455;6;1
2/2;10830;2026-02-20 03:00:00;50671;HL;низ;4981,670;5012,185;33,195;2;2
2/2;10831;2026-02-20 09:00:00;50677;HH;верх;5042,740;5017,435;61,070;6;1
2/2;10832;2026-02-20 15:00:00;50683;HL;низ;4990,585;5073,120;52,155;6;2
2/2;10833;2026-02-23 02:00:00;50693;HH;верх;5176,950;5160,955;186,365;10;2
2/2;10834;2026-02-23 08:00:00;50699;HL;низ;5122,220;5162,925;54,730;6;2
2/2;10835;2026-02-23 23:00:00;50713;HH;верх;5250,005;5177,375;127,785;14;2
2/2;10836;2026-02-24 14:00:00;50728;LL;низ;5093,225;5141,975;156,780;15;3
2/2;10837;2026-02-24 20:00:00;50734;LH;верх;5173,310;5146,750;80,085;6;1
2/2;10838;2026-02-24 23:00:00;50736;HL;низ;5128,285;5176,685;45,025;2;1
2/2;10839;2026-02-25 05:00:00;50742;HH;верх;5210,680;5184,600;82,395;6;2
2/2;10840;2026-02-25 11:00:00;50748;HL;низ;5155,095;5185,205;55,585;6;2
2/2;10841;2026-02-25 17:00:00;50754;HH;верх;5217,780;5205,070;62,685;6;1
2/2;10842;2026-02-25 20:00:00;50757;LL;низ;5144,905;5163,270;72,875;3;1
2/2;10843;2026-02-26 05:00:00;50765;LH;верх;5205,640;5186,105;60,735;8;3
2/2;10844;2026-02-26 15:00:00;50775;LL;низ;5130,235;5167,345;75,405;10;2
2/2;10845;2026-02-26 20:00:00;50780;LH;верх;5201,005;5184,760;70,770;5;1
2/2;10846;2026-02-27 01:00:00;50784;HL;низ;5166,995;5183,975;34,010;4;1
2/2;10847;2026-02-27 05:00:00;50788;LH;верх;5200,640;5176,035;33,645;4;2
2/2;10848;2026-02-27 10:00:00;50793;HL;низ;5168,685;5187,695;31,955;5;1
2/2;10849;2026-03-01 23:00:00;50805;HH;верх;5394,005;5325,440;225,320;12;2
2/2;10850;2026-03-02 01:00:00;50807;HL;низ;5303,390;5366,460;90,615;2;2
2/2;10851;2026-03-02 07:00:00;50813;HH;верх;5419,660;5392,110;116,270;6;1
2/2;10852;2026-03-02 11:00:00;50817;HL;низ;5374,370;5394,080;45,290;4;1
2/2;10853;2026-03-02 13:00:00;50819;LH;верх;5417,045;5315,605;42,675;2;1
2/2;10854;2026-03-02 16:00:00;50822;LL;низ;5260,285;5315,515;156,760;3;1
2/2;10855;2026-03-03 01:00:00;50830;LH;верх;5379,975;5367,525;119,690;8;1
2/2;10856;2026-03-03 02:00:00;50831;HL;низ;5332,940;5361,210;47,035;1;1
2/2;10857;2026-03-03 04:00:00;50833;LH;верх;5375,865;5310,690;42,925;2;1
2/2;10858;2026-03-03 06:00:00;50835;LL;низ;5279,005;5295,900;96,860;2;1
2/2;10859;2026-03-03 08:00:00;50837;LH;верх;5336,120;5248,500;57,115;2;1
2/2;10860;2026-03-03 15:00:00;50844;LL;низ;4996,275;5079,630;339,845;7;2
2/2;10861;2026-03-03 19:00:00;50848;LH;верх;5149,055;5088,835;152,780;4;1
2/2;10862;2026-03-03 21:00:00;50850;HL;низ;5083,450;5139,095;65,605;2;1
2/2;10863;2026-03-04 02:00:00;50854;HH;верх;5191,065;5156,930;107,615;4;1
2/2;10864;2026-03-04 06:00:00;50858;HL;низ;5117,720;5167,775;73,345;4;1
2/2;10865;2026-03-04 12:00:00;50864;HH;верх;5206,265;5147,475;88,545;6;1
2/2;10866;2026-03-04 18:00:00;50870;LL;низ;5108,640;5134,810;97,625;6;1
2/2;10867;2026-03-05 03:00:00;50878;LH;верх;5195,220;5148,755;86,580;8;1
2/2;10868;2026-03-05 06:00:00;50881;HL;низ;5120,785;5165,625;74,435;3;1
2/2;10869;2026-03-05 09:00:00;50884;LH;верх;5180,480;5164,035;59,695;3;2
2/2;10870;2026-03-05 18:00:00;50893;LL;низ;5050,905;5076,855;129,575;9;1
2/2;10871;2026-03-06 01:00:00;50899;LH;верх;5144,050;5131,210;93,145;6;1
2/2;10872;2026-03-06 01:00:00;50899;HL;низ;5066,400;5131,210;77,650;0;1
2/2;10873;2026-03-06 08:00:00;50906;LH;верх;5123,160;5091,130;56,760;7;1
2/2;10874;2026-03-06 11:00:00;50909;LL;низ;5063,215;5085,120;59,945;3;1
2/2;10875;2026-03-06 21:00:00;50919;HH;верх;5176,630;5076,010;113,415;10;2
2/2;10876;2026-03-09 01:00:00;50923;LL;низ;5015,045;5091,275;161,585;4;1
2/2;10877;2026-03-09 05:00:00;50927;LH;верх;5140,790;5099,085;125,745;4;1
2/2;10878;2026-03-09 05:00:00;50927;HL;низ;5081,185;5099,085;59,605;0;1
2/2;10879;2026-03-09 09:00:00;50931;LH;верх;5132,765;5088,305;51,580;4;2
2/2;10880;2026-03-09 14:00:00;50936;LL;низ;5060,595;5104,740;72,170;5;3
2/2;10881;2026-03-10 02:00:00;50947;HH;верх;5187,055;5163,845;126,460;11;1
2/2;10882;2026-03-10 04:00:00;50949;HL;низ;5154,470;5175,340;32,585;2;2
2/2;10883;2026-03-10 08:00:00;50953;HH;верх;5195,405;5177,180;40,935;4;1
2/2;10884;2026-03-10 10:00:00;50955;HL;низ;5156,500;5187,085;38,905;2;1
2/2;10885;2026-03-10 15:00:00;50960;HH;верх;5238,775;5227,575;82,275;5;1
2/2;10886;2026-03-10 18:00:00;50963;HL;низ;5160,650;5192,510;78,125;3;1
2/2;10887;2026-03-11 01:00:00;50969;LH;верх;5223,385;5203,440;62,735;6;2
2/2;10888;2026-03-11 08:00:00;50976;HL;низ;5175,350;5186,155;48,035;7;1
2/2;10889;2026-03-11 12:00:00;50980;LH;верх;5197,175;5183,380;21,825;4;1
2/2;10890;2026-03-11 13:00:00;50981;LL;низ;5149,155;5166,605;48,020;1;2
2/2;10891;2026-03-11 19:00:00;50987;LH;верх;5183,760;5139,130;34,605;6;1
2/2;10892;2026-03-12 00:00:00;50991;LL;низ;5125,640;5150,880;58,120;4;1
2/2;10893;2026-03-12 02:00:00;50993;LH;верх;5175,150;5142,700;49,510;2;1
2/2;10894;2026-03-12 05:00:00;50996;HL;низ;5137,170;5182,385;37,980;3;1
2/2;10895;2026-03-12 10:00:00;51001;HH;верх;5191,790;5181,625;54,620;5;2
2/2;10896;2026-03-12 20:00:00;51011;LL;низ;5055,125;5098,130;136,665;10;1
2/2;10897;2026-03-13 02:00:00;51016;LH;верх;5128,475;5104,590;73,350;5;1
2/2;10898;2026-03-13 08:00:00;51022;HL;низ;5061,720;5094,965;66,755;6;1
2/2;10899;2026-03-13 12:00:00;51026;LH;верх;5122,010;5042,025;60,290;4;1
2/2;10900;2026-03-15 23:00:00;51036;LL;низ;4967,775;5016,355;154,235;10;2
2/2;10901;2026-03-16 06:00:00;51043;LH;верх;5036,010;4991,305;68,235;7;1
2/2;10902;2026-03-16 10:00:00;51047;HL;низ;4970,230;5020,060;65,780;4;1
2/2;10903;2026-03-16 14:00:00;51051;HH;верх;5038,145;4990,740;67,915;4;1
2/2;10904;2026-03-16 16:00:00;51053;HL;низ;4974,235;5012,920;63,910;2;1
2/2;10905;2026-03-16 20:00:00;51057;LH;верх;5021,835;5012,930;47,600;4;1
2/2;10906;2026-03-17 01:00:00;51061;HL;низ;4994,935;5027,740;26,900;4;1
2/2;10907;2026-03-17 05:00:00;51065;HH;верх;5044,900;5021,460;49,965;4;1
2/2;10908;2026-03-17 06:00:00;51066;HL;низ;5005,040;5024,950;39,860;1;1
2/2;10909;2026-03-17 08:00:00;51068;LH;верх;5029,625;5000,415;24,585;2;1
2/2;10910;2026-03-17 10:00:00;51070;LL;низ;4992,060;5011,905;37,565;2;1
2/2;10911;2026-03-17 13:00:00;51073;HH;верх;5031,590;4997,980;39,530;3;1
2/2;10912;2026-03-17 15:00:00;51075;LL;низ;4973,720;5002,560;57,870;2;1
2/2;10913;2026-03-17 18:00:00;51078;LH;верх;5009,210;5005,725;35,490;3;1
2/2;10914;2026-03-17 22:00:00;51081;HL;низ;4993,390;5004,320;15,820;3;1
2/2;10915;2026-03-18 01:00:00;51084;HH;верх;5016,290;4991,570;22,900;3;1
2/2;10916;2026-03-18 04:00:00;51087;LL;низ;4981,830;5009,510;34,460;3;1
2/2;10917;2026-03-18 06:00:00;51089;HH;верх;5016,530;4987,645;34,700;2;1
2/2;10918;2026-03-18 13:00:00;51096;LL;низ;4834,380;4862,570;182,150;7;1
2/2;10919;2026-03-18 18:00:00;51101;LH;верх;4899,460;4818,415;65,080;5;1
2/2;10920;2026-03-18 22:00:00;51104;LL;низ;4804,225;4841,380;95,235;3;1
2/2;10921;2026-03-19 01:00:00;51107;LH;верх;4867,225;4851,000;63,000;3;1
2/2;10922;2026-03-19 13:00:00;51119;LL;низ;4502,365;4596,475;364,860;12;1
2/2;10923;2026-03-19 22:00:00;51127;LH;верх;4677,205;4648,745;174,840;8;1
2/2;10924;2026-03-19 23:00:00;51128;HL;низ;4634,355;4677,300;42,850;1;1
2/2;10925;2026-03-20 03:00:00;51132;HH;верх;4736,175;4688,335;101,820;4;1
2/2;10926;2026-03-20 06:00:00;51135;HL;низ;4661,305;4693,850;74,870;3;1
2/2;10927;2026-03-20 08:00:00;51137;LH;верх;4734,960;4645,465;73,655;2;2
2/2;10928;2026-03-20 18:00:00;51147;LL;низ;4477,540;4497,480;257,420;10;2
2/2;10929;2026-03-22 22:00:00;51150;LH;верх;4536,415;4354,325;58,875;3;1
2/2;10930;2026-03-23 07:00:00;51159;LL;низ;4099,125;4254,290;437,290;9;2
2/2;10931;2026-03-23 14:00:00;51166;LH;верх;4513,165;4375,790;414,040;7;1
2/2;10932;2026-03-23 15:00:00;51167;HL;низ;4350,630;4426,225;162,535;1;1
2/2;10933;2026-03-23 18:00:00;51170;LH;верх;4467,270;4406,505;116,640;3;2
2/2;10934;2026-03-24 02:00:00;51177;LL;низ;4305,880;4333,595;161,390;7;2
2/2;10935;2026-03-24 11:00:00;51186;LH;верх;4442,245;4381,670;136,365;9;2
2/2;10936;2026-03-24 13:00:00;51188;HL;низ;4351,090;4411,790;91,155;2;1
2/2;10937;2026-03-24 14:00:00;51189;LH;верх;4434,310;4421,485;83,220;1;1
2/2;10938;2026-03-24 17:00:00;51192;HL;низ;4372,655;4400,330;61,655;3;1
2/2;10939;2026-03-25 02:00:00;51200;HH;верх;4602,645;4573,020;229,990;8;1
2/2;10940;2026-03-25 06:00:00;51204;HL;низ;4533,145;4556,320;69,500;4;1
2/2;10941;2026-03-25 08:00:00;51206;LH;верх;4568,235;4558,870;35,090;2;1
2/2;10942;2026-03-25 09:00:00;51207;LL;низ;4527,890;4578,965;40,345;1;1
2/2;10943;2026-03-25 11:00:00;51209;HH;верх;4585,600;4544,970;57,710;2;1
2/2;10944;2026-03-25 12:00:00;51210;LL;низ;4521,880;4567,340;63,720;1;2
2/2;10945;2026-03-25 18:00:00;51216;LH;верх;4569,025;4506,845;47,145;6;1
2/2;10946;2026-03-25 19:00:00;51217;LL;низ;4486,590;4517,760;82,435;1;2
2/2;10947;2026-03-26 01:00:00;51222;LH;верх;4544,815;4517,165;58,225;5;1
2/2;10948;2026-03-26 08:00:00;51229;LL;низ;4412,440;4443,675;132,375;7;2
2/2;10949;2026-03-26 14:00:00;51235;LH;верх;4479,895;4389,375;67,455;6;1
2/2;10950;2026-03-26 16:00:00;51237;LL;низ;4366,950;4394,615;112,945;2;1
2/2;10951;2026-03-26 20:00:00;51241;LH;верх;4420,750;4405,110;53,800;4;1
2/2;10952;2026-03-26 20:00:00;51241;LL;низ;4351,355;4405,110;69,395;0;2
2/2;10953;2026-03-27 05:00:00;51249;HH;верх;4475,300;4447,915;123,945;8;1
2/2;10954;2026-03-27 11:00:00;51255;HL;низ;4404,580;4431,385;70,720;6;1
2/2;10955;2026-03-27 15:00:00;51259;HH;верх;4555,630;4486,875;151,050;4;1
2/2;10956;2026-03-30 00:00:00;51267;HL;низ;4417,430;4481,550;138,200;8;2
2/2;10957;2026-03-30 11:00:00;51278;HH;верх;4580,730;4523,535;163,300;11;2
2/2;10958;2026-03-31 00:00:00;51290;HL;низ;4482,660;4567,965;98,070;12;3
2/2;10959;2026-03-31 01:00:00;51291;HH;верх;4619,255;4557,490;136,595;1;2
2/2;10960;2026-03-31 07:00:00;51297;HL;низ;4543,510;4555,700;75,745;6;1
2/2;10961;2026-03-31 08:00:00;51298;LH;верх;4575,400;4547,050;31,890;1;1
2/2;10962;2026-03-31 10:00:00;51300;LL;низ;4529,545;4574,820;45,855;2;1
2/2;10963;2026-04-01 01:00:00;51314;HH;верх;4724,520;4682,000;194,975;14;1
2/2;10964;2026-04-01 04:00:00;51317;HL;низ;4667,195;4730,830;57,325;3;1
2/2;10965;2026-04-01 11:00:00;51324;HH;верх;4762,905;4738,355;95,710;7;2
2/2;10966;2026-04-01 13:00:00;51326;HL;низ;4716,280;4786,700;46,625;2;1
2/2;10967;2026-04-01 17:00:00;51330;HH;верх;4793,195;4766,205;76,915;4;1
2/2;10968;2026-04-01 18:00:00;51331;HL;низ;4742,170;4758,200;51,025;1;1
2/2;10969;2026-04-01 23:00:00;51335;HH;верх;4800,800;4696,105;58,630;4;1
2/2;10970;2026-04-02 06:00:00;51342;LL;низ;4553,850;4621,005;246,950;7;3
2/2;10971;2026-04-02 14:00:00;51350;LH;верх;4699,890;4659,215;146,040;8;2
2/2;10972;2026-04-06 00:00:00;51359;HL;низ;4600,850;4648,105;99,040;9;1
2/2;10973;2026-04-06 09:00:00;51368;HH;верх;4706,875;4677,940;106,025;9;2
2/2;10974;2026-04-06 12:00:00;51371;HL;низ;4659,655;4682,840;47,220;3;1
2/2;10975;2026-04-06 14:00:00;51373;LH;верх;4697,780;4660,515;38,125;2;1
2/2;10976;2026-04-06 19:00:00;51378;LL;низ;4645,805;4658,505;51,975;5;1
2/2;10977;2026-04-06 22:00:00;51380;LH;верх;4667,970;4655,230;22,165;2;2
2/2;10978;2026-04-07 01:00:00;51383;LL;низ;4616,530;4649,660;51,440;3;1
2/2;10979;2026-04-07 04:00:00;51386;LH;верх;4664,120;4653,585;47,590;3;1
2/2;10980;2026-04-07 05:00:00;51387;HL;низ;4623,475;4646,315;40,645;1;1
2/2;10981;2026-04-07 09:00:00;51391;HH;верх;4694,905;4659,805;71,430;4;1
2/2;10982;2026-04-07 14:00:00;51396;LL;низ;4607,630;4657,290;87,275;5;2
2/2;10983;2026-04-08 00:00:00;51405;HH;верх;4858,215;4804,220;250,585;9;1
2/2;10984;2026-04-08 01:00:00;51406;HL;низ;4788,120;4797,790;70,095;1;2
2/2;10985;2026-04-08 05:00:00;51410;LH;верх;4843,900;4813,600;55,780;4;2
2/2;10986;2026-04-09 00:00:00;51428;LL;низ;4698,725;4718,985;145,175;18;3
2/2;10987;2026-04-09 02:00:00;51430;LH;верх;4733,040;4720,920;34,315;2;1
2/2;10988;2026-04-09 06:00:00;51434;HL;низ;4703,580;4726,170;29,460;4;1
2/2;10989;2026-04-09 17:00:00;51445;HH;верх;4801,390;4768,865;97,810;11;2
2/2;10990;2026-04-10 02:00:00;51453;HL;низ;4738,105;4758,520;63,285;8;1
2/2;10991;2026-04-10 04:00:00;51455;LH;верх;4770,900;4746,070;32,795;2;1
2/2;10992;2026-04-10 08:00:00;51459;LL;низ;4730,740;4757,265;40,160;4;1
2/2;10993;2026-04-10 14:00:00;51465;HH;верх;4794,980;4763,840;64,240;6;1
2/2;10994;2026-04-10 16:00:00;51467;HL;низ;4747,375;4765,435;47,605;2;1
2/2;10995;2026-04-10 18:00:00;51469;LH;верх;4773,350;4749,685;25,975;2;1
2/2;10996;2026-04-12 23:00:00;51473;LL;низ;4644,465;4721,255;128,885;4;1
2/2;10997;2026-04-13 01:00:00;51475;LH;верх;4728,225;4718,170;83,760;2;1
2/2;10998;2026-04-13 04:00:00;51478;HL;низ;4708,640;4725,655;19,585;3;1
2/2;10999;2026-04-13 07:00:00;51481;HH;верх;4740,030;4714,905;31,390;3;1
2/2;11000;2026-04-13 11:00:00;51485;LL;низ;4703,375;4730,795;36,655;4;1
2/2;11001;2026-04-13 13:00:00;51487;HH;верх;4744,640;4714,450;41,265;2;1
2/2;11002;2026-04-13 15:00:00;51489;LL;низ;4700,565;4730,110;44,075;2;1
2/2;11003;2026-04-14 01:00:00;51498;HH;верх;4777,385;4768,250;76,820;9;2
2/2;11004;2026-04-14 05:00:00;51502;HL;низ;4757,855;4777,160;19,530;4;1
2/2;11005;2026-04-14 07:00:00;51504;HH;верх;4796,630;4778,235;38,775;2;1
2/2;11006;2026-04-14 10:00:00;51507;LL;низ;4751,220;4771,480;45,410;3;1
2/2;11007;2026-04-15 01:00:00;51521;HH;верх;4871,380;4823,925;120,160;14;3
2/2;11008;2026-04-15 09:00:00;51529;HL;низ;4786,080;4812,635;85,300;8;1
2/2;11009;2026-04-15 14:00:00;51534;LH;верх;4830,615;4803,985;44,535;5;1
2/2;11010;2026-04-15 15:00:00;51535;HL;низ;4787,145;4792,640;43,470;1;2
2/2;11011;2026-04-16 05:00:00;51548;HH;верх;4838,560;4821,200;51,415;13;2
2/2;11012;2026-04-16 10:00:00;51553;HL;низ;4805,165;4816,265;33,395;5;1
2/2;11013;2026-04-16 13:00:00;51556;LH;верх;4824,040;4807,090;18,875;3;1
2/2;11014;2026-04-16 14:00:00;51557;LL;низ;4772,575;4792,095;51,465;1;2
2/2;11015;2026-04-17 00:00:00;51566;LH;верх;4801,300;4784,695;28,725;9;2
2/2;11016;2026-04-17 01:00:00;51567;LL;низ;4767,845;4793,255;33,455;1;1
2/2;11017;2026-04-17 05:00:00;51571;HH;верх;4806,200;4784,570;38,355;4;1
2/2;11018;2026-04-17 07:00:00;51573;HL;низ;4778,810;4790,440;27,390;2;1
2/2;11019;2026-04-17 13:00:00;51579;HH;верх;4891,540;4867,445;112,730;6;1
2/2;11020;2026-04-19 23:00:00;51588;LL;низ;4736,830;4807,795;154,710;9;1
2/2;11021;2026-04-20 01:00:00;51590;LH;верх;4814,460;4791,020;77,630;2;1
2/2;11022;2026-04-20 05:00:00;51594;HL;низ;4779,540;4789,640;34,920;4;1
2/2;11023;2026-04-20 07:00:00;51596;LH;верх;4805,795;4791,885;26,255;2;1
2/2;11024;2026-04-20 09:00:00;51598;HL;низ;4783,720;4810,530;22,075;2;1
2/2;11025;2026-04-20 14:00:00;51603;HH;верх;4827,695;4805,550;43,975;5;1
2/2;11026;2026-04-20 14:00:00;51603;HL;низ;4792,615;4805,550;35,080;0;1
2/2;11027;2026-04-20 22:00:00;51610;HH;верх;4833,405;4823,895;40,790;7;1
2/2;11028;2026-04-21 07:00:00;51619;LL;низ;4772,885;4783,870;60,520;9;1
2/2;11029;2026-04-21 11:00:00;51623;LH;верх;4798,030;4779,470;25,145;4;2
2/2;11030;2026-04-21 19:00:00;51631;LL;низ;4668,620;4719,630;129,410;8;2
2/2;11031;2026-04-22 07:00:00;51642;LH;верх;4772,385;4755,335;103,765;11;2
2/2;11032;2026-04-22 16:00:00;51651;HL;низ;4723,995;4741,810;48,390;9;1
2/2;11033;2026-04-23 00:00:00;51658;LH;верх;4754,200;4699,095;30,205;7;2
2/2;11034;2026-04-23 05:00:00;51663;LL;низ;4692,485;4719,275;61,715;5;2
2/2;11035;2026-04-23 08:00:00;51666;LH;верх;4725,115;4696,820;32,630;3;1
2/2;11036;2026-04-23 10:00:00;51668;LL;низ;4684,265;4740,125;40,850;2;1
2/2;11037;2026-04-23 12:00:00;51670;HH;верх;4743,200;4733,705;58,935;2;1
2/2;11038;2026-04-23 17:00:00;51675;LL;низ;4664,380;4696,080;78,820;5;2
2/2;11039;2026-04-24 01:00:00;51682;LH;верх;4711,230;4672,380;46,850;7;1
2/2;11040;2026-04-24 04:00:00;51685;LL;низ;4658,030;4671,975;53,200;3;1
2/2;11041;2026-04-24 08:00:00;51689;LH;верх;4697,550;4677,935;39,520;4;1
2/2;11042;2026-04-24 10:00:00;51691;HL;низ;4674,880;4700,640;22,670;2;1
2/2;11043;2026-04-24 14:00:00;51695;HH;верх;4740,570;4726,980;65,690;4;1
2/2;11044;2026-04-27 00:00:00;51704;LL;низ;4672,405;4718,290;68,165;9;1
2/2;11045;2026-04-27 04:00:00;51708;LH;верх;4729,965;4712,780;57,560;4;1
2/2;11046;2026-04-27 09:00:00;51713;HL;низ;4699,300;4705,120;30,665;5;2
2/2;11047;2026-04-27 12:00:00;51716;LH;верх;4712,655;4678,240;13,355;3;1
2/2;11048;2026-04-27 15:00:00;51719;LL;низ;4667,335;4682,240;45,320;3;1
2/2;11049;2026-04-28 00:00:00;51727;LH;верх;4701,640;4669,170;34,305;8;2
2/2;11050;2026-04-28 12:00:00;51739;LL;низ;4555,135;4574,645;146,505;12;2
2/2;11051;2026-04-29 00:00:00;51750;LH;верх;4610,535;4593,710;55,400;11;2
2/2;11052;2026-04-29 01:00:00;51751;HL;низ;4575,720;4595,710;34,815;1;1
2/2;11053;2026-04-29 05:00:00;51755;LH;верх;4607,725;4567,930;32,005;4;1
2/2;11054;2026-04-29 13:00:00;51763;LL;низ;4510,095;4547,770;97,630;8;2
2/2;11055;2026-04-29 16:00:00;51766;LH;верх;4564,985;4538,240;54,890;3;1
2/2;11056;2026-04-29 18:00:00;51768;HL;низ;4518,335;4543,715;46,650;2;1
2/2;11057;2026-04-30 01:00:00;51774;HH;верх;4582,585;4556,070;64,250;6;1
2/2;11058;2026-04-30 04:00:00;51777;HL;низ;4540,925;4589,660;41,660;3;1
2/2;11059;2026-04-30 10:00:00;51783;HH;верх;4647,045;4639,610;106,120;6;1
2/2;11060;2026-04-30 16:00:00;51789;HL;низ;4605,480;4622,635;41,565;6;1
2/2;11061;2026-04-30 23:00:00;51795;LH;верх;4634,145;4621,020;28,665;6;1
2/2;11062;2026-05-01 01:00:00;51797;HL;низ;4614,150;4626,735;19,995;2;1
2/2;11063;2026-05-01 02:00:00;51798;HH;верх;4635,940;4609,265;21,790;1;1
2/2;11064;2026-05-01 09:00:00;51805;LL;низ;4560,320;4578,865;75,620;7;1
2/2;11065;2026-05-01 14:00:00;51810;HH;верх;4660,585;4638,810;100,265;5;1
2/2;11066;2026-05-01 20:00:00;51816;HL;низ;4607,220;4613,965;53,365;6;1
2/2;11067;2026-05-03 22:00:00;51817;LH;верх;4629,465;4613,170;22,245;1;2
2/2;11068;2026-05-04 10:00:00;51829;LL;низ;4526,090;4568,490;103,375;12;2
2/2;11069;2026-05-04 14:00:00;51833;LH;верх;4583,380;4510,695;57,290;4;1
2/2;11070;2026-05-04 16:00:00;51835;LL;низ;4501,035;4516,400;82,345;2;2
2/2;11071;2026-05-05 02:00:00;51844;LH;верх;4546,940;4533,670;45,905;9;1
2/2;11072;2026-05-05 04:00:00;51846;HL;низ;4528,030;4548,340;18,910;2;2
2/2;11073;2026-05-05 14:00:00;51856;HH;верх;4586,605;4561,295;58,575;10;1
2/2;11074;2026-05-05 22:00:00;51863;HL;низ;4546,360;4618,800;40,245;7;1
2/2;11075;2026-05-06 10:00:00;51875;HH;верх;4723,140;4683,290;176,780;12;1
2/2;11076;2026-05-06 12:00:00;51877;HL;низ;4660,435;4703,205;62,705;2;1
2/2;11077;2026-05-06 14:00:00;51879;LH;верх;4717,625;4683,210;57,190;2;1
2/2;11078;2026-05-06 17:00:00;51882;HL;низ;4679,145;4692,480;38,480;3;1
2/2;11079;2026-05-07 01:00:00;51889;HH;верх;4721,530;4699,380;42,385;7;2
2/2;11080;2026-05-07 01:00:00;51889;HL;низ;4685,275;4699,380;36,255;0;2
2/2;11081;2026-05-07 08:00:00;51896;HH;верх;4753,435;4735,795;68,160;7;1
2/2;11082;2026-05-07 09:00:00;51897;HL;низ;4721,840;4742,845;31,595;1;1
2/2;11083;2026-05-07 15:00:00;51903;HH;верх;4764,905;4711,440;43,065;6;1
2/2;11084;2026-05-07 17:00:00;51905;LL;низ;4687,920;4703,045;76,985;2;1
2/2;11085;2026-05-07 20:00:00;51908;LH;верх;4719,195;4704,405;31,275;3;1
2/2;11086;2026-05-07 22:00:00;51909;LL;низ;4682,045;4701,380;37,150;1;1
2/2;11087;2026-05-08 06:00:00;51917;HH;верх;4734,895;4715,760;52,850;8;2
2/2;11088;2026-05-08 07:00:00;51918;HL;низ;4697,045;4712,015;37,850;1;2
2/2;11089;2026-05-08 14:00:00;51925;HH;верх;4749,580;4712,525;52,535;7;1
2/2;11090;2026-05-08 15:00:00;51926;HL;низ;4702,055;4720,960;47,525;1;1
2/2;11091;2026-05-08 18:00:00;51929;LH;верх;4729,025;4715,715;26,970;3;1
2/2;11092;2026-05-11 00:00:00;51934;LL;низ;4670,505;4681,985;58,520;5;1
2/2;11093;2026-05-11 01:00:00;51935;LH;верх;4705,560;4678,750;35,055;1;1
2/2;11094;2026-05-11 05:00:00;51939;LL;низ;4648,090;4667,860;57,470;4;2
2/2;11095;2026-05-11 13:00:00;51947;HH;верх;4748,950;4732,360;100,860;8;1
2/2;11096;2026-05-11 16:00:00;51950;HL;низ;4708,005;4725,085;40,945;3;1
2/2;11097;2026-05-12 00:00:00;51957;HH;верх;4773,575;4730,020;65,570;7;1
2/2;11098;2026-05-12 10:00:00;51967;LL;низ;4685,280;4705,740;88,295;10;2
2/2;11099;2026-05-12 12:00:00;51969;LH;верх;4711,680;4673,000;26,400;2;1
2/2;11100;2026-05-12 15:00:00;51972;LL;низ;4638,365;4678,840;73,315;3;1
2/2;11101;2026-05-13 00:00:00;51980;HH;верх;4727,030;4692,010;88,665;8;1
2/2;11102;2026-05-13 02:00:00;51982;HL;низ;4687,705;4699,570;39,325;2;1
2/2;11103;2026-05-13 06:00:00;51986;LH;верх;4715,385;4700,605;27,680;4;1
2/2;11104;2026-05-13 09:00:00;51989;LL;низ;4685,905;4697,485;29,480;3;1
2/2;11105;2026-05-13 10:00:00;51990;LH;верх;4710,585;4683,840;24,680;1;1
2/2;11106;2026-05-13 13:00:00;51993;LL;низ;4669,525;4695,715;41,060;3;1
2/2;11107;2026-05-13 16:00:00;51996;LH;верх;4709,900;4685,110;40,375;3;1
2/2;11108;2026-05-13 18:00:00;51998;HL;низ;4677,630;4689,140;32,270;2;1
2/2;11109;2026-05-14 04:00:00;52007;HH;верх;4712,685;4700,515;35,055;9;2
2/2;11110;2026-05-14 04:00:00;52007;LL;низ;4668,710;4700,515;43,975;0;1
2/2;11111;2026-05-14 07:00:00;52010;HH;верх;4718,880;4699,730;50,170;3;1
2/2;11112;2026-05-14 09:00:00;52012;HL;низ;4688,645;4694,205;30,235;2;1
2/2;11113;2026-05-14 12:00:00;52015;LH;верх;4710,165;4679,530;21,520;3;1
2/2;11114;2026-05-14 20:00:00;52023;LL;низ;4644,310;4652,150;65,855;8;2
2/2;11115;2026-05-14 23:00:00;52025;LH;верх;4665,445;4614,230;21,135;2;1
2/2;11116;2026-05-15 09:00:00;52035;LL;низ;4531,995;4552,180;133,450;10;2
2/2;11117;2026-05-15 10:00:00;52036;LH;верх;4572,775;4545,960;40,780;1;1
2/2;11118;2026-05-15 13:00:00;52039;LL;низ;4510,985;4539,950;61,790;3;1
2/2;11119;2026-05-15 14:00:00;52040;LH;верх;4566,735;4544,400;55,750;1;2
2/2;11120;2026-05-18 00:00:00;52049;LL;низ;4480,410;4533,815;86,325;9;2
2/2;11121;2026-05-18 07:00:00;52056;LH;верх;4560,095;4543,205;79,685;7;1
2/2;11122;2026-05-18 11:00:00;52060;HL;низ;4529,960;4575,750;30,135;4;1
2/2;11123;2026-05-18 13:00:00;52062;HH;верх;4584,375;4543,710;54,415;2;1
2/2;11124;2026-05-18 15:00:00;52064;HL;низ;4531,850;4546,935;52,525;2;1
2/2;11125;2026-05-19 00:00:00;52072;HH;верх;4589,580;4547,290;57,730;8;1
2/2;11126;2026-05-19 05:00:00;52077;LL;низ;4531,085;4557,280;58,495;5;1
2/2;11127;2026-05-19 07:00:00;52079;LH;верх;4559,535;4542,035;28,450;2;1
2/2;11128;2026-05-19 10:00:00;52082;LL;низ;4525,680;4537,305;33,855;3;1
2/2;11129;2026-05-19 11:00:00;52083;LH;верх;4548,010;4504,175;22,330;1;1
2/2;11130;2026-05-19 13:00:00;52085;LL;низ;4464,780;4508,630;83,230;2;2
2/2;11131;2026-05-20 00:00:00;52095;LH;верх;4508,850;4465,395;44,070;10;1
2/2;11132;2026-05-20 03:00:00;52098;LL;низ;4453,390;4472,855;55,460;3;2
2/2;11133;2026-05-20 15:00:00;52110;HH;верх;4553,045;4531,445;99,655;12;2
2/2;11134;2026-05-20 23:00:00;52117;HL;низ;4534,740;4561,010;18,305;7;1
2/2;11135;2026-05-21 01:00:00;52119;HH;верх;4570,895;4528,400;36,155;2;1
2/2;11136;2026-05-21 07:00:00;52125;LL;низ;4512,075;4530,855;58,820;6;1
2/2;11137;2026-05-21 09:00:00;52127;LH;верх;4543,060;4514,080;30,985;2;1
2/2;11138;2026-05-21 13:00:00;52131;LL;низ;4488,630;4512,045;54,430;4;1
2/2;11139;2026-05-21 17:00:00;52135;HH;верх;4559,365;4543,085;70,735;4;2
2/2;11140;2026-05-22 02:00:00;52143;HL;низ;4518,530;4527,135;40,835;8;1
2/2;11141;2026-05-22 05:00:00;52146;LH;верх;4534,325;4521,870;15,795;3;1
2/2;11142;2026-05-22 05:00:00;52146;LL;низ;4507,430;4521,870;26,895;0;1
2/2;11143;2026-05-22 10:00:00;52151;HH;верх;4536,820;4528,240;29,390;5;1
2/2;11144;2026-05-22 14:00:00;52155;LL;низ;4491,930;4515,050;44,890;4;2
2/2;11145;2026-05-22 17:00:00;52158;LH;верх;4527,995;4508,450;36,065;3;1
2/2;11146;2026-05-22 20:00:00;52161;HL;низ;4504,170;4567,080;23,825;3;1
2/2;11147;2026-05-24 23:00:00;52163;HH;верх;4580,210;4563,080;76,040;2;2
2/2;11148;2026-05-25 06:00:00;52170;HL;низ;4550,550;4556,010;29,660;7;1
2/2;11149;2026-05-25 11:00:00;52175;LH;верх;4577,115;4563,125;26,565;5;1
2/2;11150;2026-05-25 12:00:00;52176;HL;низ;4553,120;4566,985;23,995;1;1
2/2;11151;2026-05-25 17:00:00;52181;HH;верх;4578,065;4574,935;24,945;5;1
2/2;11152;2026-05-25 17:00:00;52181;HL;низ;4563,365;4574,935;14,700;0;1
2/2;11153;2026-05-25 23:00:00;52184;HH;верх;4580,245;4537,300;16,880;3;1
2/2;11154;2026-05-26 01:00:00;52186;LL;низ;4527,865;4542,400;52,380;2;1
2/2;11155;2026-05-26 10:00:00;52195;LH;верх;4540,690;4520,590;12,825;9;2
2/2;11156;2026-05-26 18:00:00;52203;LL;низ;4482,620;4507,570;58,070;8;2
2/2;11157;2026-05-26 23:00:00;52207;LH;верх;4528,050;4508,165;45,430;4;2
2/2;11158;2026-05-27 13:00:00;52221;LL;низ;4401,630;4436,550;126,420;14;2
2/2;11159;2026-05-27 22:00:00;52229;LH;верх;4462,580;4457,150;60,950;8;2
2/2;11160;2026-05-28 04:00:00;52235;LL;низ;4366,230;4383,795;96,350;6;2
2/2;11161;2026-05-28 18:00:00;52249;HH;верх;4516,630;4495,825;150,400;14;1
2/2;11162;2026-05-28 23:00:00;52253;HL;низ;4488,975;4506,520;27,655;4;1
2/2;11163;2026-05-29 01:00:00;52255;HH;верх;4520,815;4501,380;31,840;2;1
2/2;11164;2026-05-29 08:00:00;52262;HL;низ;4509,955;4538,825;10,860;7;1
2/2;11165;2026-05-29 10:00:00;52264;HH;верх;4543,310;4523,215;33,355;2;1
2/2;11166;2026-05-29 12:00:00;52266;HL;низ;4512,730;4564,135;30,580;2;1
2/2;11167;2026-05-29 15:00:00;52269;HH;верх;4595,330;4553,510;82,600;3;1
2/2;11168;2026-05-31 22:00:00;52275;HL;низ;4520,025;4540,765;75,305;6;1
2/2;11169;2026-06-01 00:00:00;52277;LH;верх;4546,270;4521,595;26,245;2;1
2/2;11170;2026-06-01 09:00:00;52286;LL;низ;4489,095;4505,895;57,175;9;1
2/2;11171;2026-06-01 11:00:00;52288;LH;верх;4513,080;4450,745;23,985;2;1
2/2;11172;2026-06-01 14:00:00;52291;LL;низ;4447,860;4480,170;65,220;3;1
2/2;11173;2026-06-02 00:00:00;52300;LH;верх;4497,135;4486,065;49,275;9;2
2/2;11174;2026-06-02 01:00:00;52301;HL;низ;4463,010;4499,425;34,125;1;1
2/2;11175;2026-06-02 07:00:00;52307;HH;верх;4541,630;4529,950;78,620;6;1
2/2;11176;2026-06-02 23:00:00;52322;LL;низ;4462,290;4475,860;79,340;15;3
2/2;11177;2026-06-03 00:00:00;52323;LH;верх;4496,885;4481,895;34,595;1;2
2/2;11178;2026-06-03 09:00:00;52332;LL;низ;4439,090;4462,560;57,795;9;1
2/2;11179;2026-06-03 11:00:00;52334;LH;верх;4468,190;4446,875;29,100;2;1
2/2;11180;2026-06-03 22:00:00;52344;LL;низ;4423,965;4448,570;44,225;10;4
2/2;11181;2026-06-04 04:00:00;52350;HH;верх;4484,055;4467,865;60,090;6;1
2/2;11182;2026-06-04 08:00:00;52354;HL;низ;4458,665;4473,880;25,390;4;1
2/2;11183;2026-06-04 13:00:00;52359;HH;верх;4515,515;4477,450;56,850;5;1
2/2;11184;2026-06-04 14:00:00;52360;LL;низ;4457,360;4482,855;58,155;1;2
2/2;11185;2026-06-04 19:00:00;52365;LH;верх;4483,555;4469,870;26,195;5;1
2/2;11186;2026-06-05 06:00:00;52375;LL;низ;4428,720;4462,795;54,835;10;2
2/2;11187;2026-06-05 12:00:00;52381;LH;верх;4475,885;4369,810;47,165;6;1
2/2;11188;2026-06-07 22:00:00;52390;LL;низ;4310,115;4342,450;165,770;9;1
2/2;11189;2026-06-08 00:00:00;52392;LH;верх;4353,450;4310,820;43,335;2;1
2/2;11190;2026-06-08 05:00:00;52397;LL;низ;4268,480;4294,590;84,970;5;2
2/2;11191;2026-06-08 07:00:00;52399;LH;верх;4316,960;4294,455;48,480;2;1
2/2;11192;2026-06-08 09:00:00;52401;HL;низ;4273,165;4331,425;43,795;2;1
2/2;11193;2026-06-08 13:00:00;52405;HH;верх;4346,880;4341,840;73,715;4;1
2/2;11194;2026-06-08 14:00:00;52406;HL;низ;4314,945;4340,775;31,935;1;1
2/2;11195;2026-06-08 16:00:00;52408;LH;верх;4346,400;4334,790;31,455;2;1
2/2;11196;2026-06-08 23:00:00;52414;LL;низ;4312,960;4336,465;33,440;6;2
2/2;11197;2026-06-09 05:00:00;52420;HH;верх;4351,560;4326,830;38,600;6;1
2/2;11198;2026-06-09 08:00:00;52423;HL;низ;4321,320;4339,275;30,240;3;1
2/2;11199;2026-06-09 13:00:00;52428;HH;верх;4363,720;4272,460;42,400;5;1
2/2;11200;2026-06-10 04:00:00;52442;LL;низ;4172,565;4204,005;191,155;14;2
2/2;11201;2026-06-10 06:00:00;52444;LH;верх;4222,005;4169,135;49,440;2;2
2/2;11202;2026-06-10 23:00:00;52460;LL;низ;4023,870;4101,910;198,135;16;1
2/2;11203;2026-06-11 01:00:00;52462;LH;верх;4118,395;4072,675;94,525;2;2
2/2;11204;2026-06-11 14:00:00;52475;HL;низ;4052,975;4080,375;65,420;13;2
2/2;11205;2026-06-11 22:00:00;52482;HH;верх;4246,715;4208,435;193,740;7;1
2/2;11206;2026-06-12 07:00:00;52491;HL;низ;4170,290;4221,995;76,425;9;2
2/2;11207;2026-06-12 09:00:00;52493;LH;верх;4228,070;4206,915;57,780;2;1
2/2;11208;2026-06-12 14:00:00;52498;HL;низ;4177,250;4216,155;50,820;5;1
2/2;11209;2026-06-12 15:00:00;52499;HH;верх;4235,690;4221,515;58,440;1;2
2/2;11210;2026-06-12 19:00:00;52503;HL;низ;4201,820;4285,675;33,870;4;1
2/2;11211;2026-06-15 02:00:00;52509;HH;верх;4335,570;4328,345;133,750;6;3
2/2;11212;2026-06-15 06:00:00;52513;HL;низ;4301,005;4334,140;34,565;4;1
