слой,состояние,начало,конец,баров,эффективность хода,чистый ход %
5/5,ОБА живы,2017-08-01 17:00,2017-08-04 11:00,64,0.2692,0.377
5/5,ОБА живы,2017-08-07 23:00,2017-08-08 07:00,9,0.6388,0.200
5/5,ОБА живы,2017-08-09 05:00,2017-08-09 11:00,7,0.7117,0.317
5/5,ОБА живы,2017-08-11 18:00,2017-08-14 22:00,27,0.6816,0.695
5/5,ОБА живы,2017-08-21 04:00,2017-08-25 12:00,101,0.0758,0.071
5/5,ОБА живы,2017-08-30 17:00,2017-08-31 00:00,7,0.2226,0.049
5/5,ОБА живы,2017-09-06 01:00,2017-09-06 15:00,15,0.1441,0.067
5/5,ОБА живы,2017-09-26 02:00,2017-09-28 02:00,47,0.8381,2.061
5/5,ОБА живы,2017-09-29 17:00,2017-10-01 23:00,6,0.6008,0.411
5/5,ОБА живы,2017-10-04 19:00,2017-10-05 07:00,12,0.0551,0.014
5/5,ОБА живы,2017-10-23 05:00,2017-10-23 11:00,7,0.3636,0.090
5/5,ОБА живы,2017-10-26 10:00,2017-10-26 18:00,9,0.7170,0.757
5/5,ОБА живы,2017-11-07 20:00,2017-11-08 15:00,19,0.6902,0.585
5/5,ОБА живы,2017-11-15 00:00,2017-11-15 07:00,8,0.5541,0.147
5/5,ОБА живы,2017-11-15 21:00,2017-11-16 03:00,6,0.1538,0.024
5/5,ОБА живы,2017-11-17 07:00,2017-11-17 13:00,7,0.5467,0.155
5/5,ОБА живы,2017-11-21 20:00,2017-11-22 06:00,10,0.6547,0.225
5/5,ОБА живы,2017-11-24 16:00,2017-11-27 09:00,14,0.5928,0.295
5/5,ОБА живы,2017-12-04 13:00,2017-12-05 13:00,24,0.0314,0.013
5/5,ОБА живы,2017-12-08 19:00,2017-12-11 17:00,22,0.4341,0.219
5/5,ОБА живы,2017-12-20 00:00,2017-12-20 21:00,22,0.5149,0.268
5/5,ОБА живы,2018-01-05 02:00,2018-01-09 12:00,57,0.6823,0.499
5/5,ОБА живы,2018-01-11 12:00,2018-01-12 07:00,19,0.6537,0.625
5/5,ОБА живы,2018-02-01 02:00,2018-02-01 19:00,18,0.3533,0.251
5/5,ОБА живы,2018-02-09 04:00,2018-02-12 00:00,20,0.0897,0.064
5/5,ОБА живы,2018-02-19 01:00,2018-02-19 23:00,18,0.6482,0.373
5/5,ОБА живы,2018-03-11 22:00,2018-03-12 09:00,12,0.7749,0.410
5/5,ОБА живы,2018-03-13 04:00,2018-03-14 01:00,21,0.5194,0.581
5/5,ОБА живы,2018-03-14 19:00,2018-03-15 11:00,16,0.4751,0.219
5/5,ОБА живы,2018-03-22 23:00,2018-03-23 05:00,7,0.6431,0.414
5/5,ОБА живы,2018-03-27 18:00,2018-03-29 11:00,40,0.7736,1.395
5/5,ОБА живы,2018-04-04 17:00,2018-04-05 16:00,23,0.7795,0.844
5/5,ОБА живы,2018-04-06 06:00,2018-04-09 10:00,28,0.2365,0.277
5/5,ОБА живы,2018-04-16 19:00,2018-04-17 06:00,11,0.4194,0.174
5/5,ОБА живы,2018-04-25 17:00,2018-04-26 13:00,20,0.1178,0.048
5/5,ОБА живы,2018-05-07 06:00,2018-05-08 12:00,30,0.3983,0.269
5/5,ОБА живы,2018-05-09 00:00,2018-05-10 12:00,36,0.4630,0.665
5/5,ОБА живы,2018-05-14 02:00,2018-05-14 16:00,15,0.4344,0.127
5/5,ОБА живы,2018-05-22 13:00,2018-05-24 12:00,46,0.4337,0.393
5/5,ОБА живы,2018-05-28 03:00,2018-05-28 22:00,15,0.2433,0.093
5/5,ОБА живы,2018-05-29 13:00,2018-06-01 10:00,67,0.2307,0.250
5/5,ОБА живы,2018-06-08 10:00,2018-06-11 08:00,22,0.5994,0.270
5/5,ОБА живы,2018-06-11 20:00,2018-06-13 06:00,33,0.6892,0.417
5/5,ОБА живы,2018-06-14 01:00,2018-06-14 05:00,5,0.4590,0.104
5/5,ОБА живы,2018-06-22 12:00,2018-06-26 06:00,41,0.5279,0.417
5/5,ОБА живы,2018-07-01 22:00,2018-07-02 15:00,18,0.8682,0.751
5/5,ОБА живы,2018-07-05 20:00,2018-07-09 07:00,34,0.3804,0.285
5/5,ОБА живы,2018-07-19 23:00,2018-07-22 23:00,24,0.5285,0.771
5/5,ОБА живы,2018-07-27 20:00,2018-08-01 13:00,63,0.3027,0.361
5/5,ОБА живы,2018-08-09 11:00,2018-08-10 04:00,17,0.5418,0.275
5/5,ОБА живы,2018-08-31 13:00,2018-09-04 05:00,35,0.2983,0.233
5/5,ОБА живы,2018-09-07 18:00,2018-09-10 00:00,6,0.2152,0.053
5/5,ОБА живы,2018-09-10 19:00,2018-09-11 11:00,16,0.2891,0.101
5/5,ОБА живы,2018-09-12 02:00,2018-09-12 14:00,13,0.6654,0.297
5/5,ОБА живы,2018-09-14 00:00,2018-09-14 13:00,14,0.1813,0.116
5/5,ОБА живы,2018-09-19 17:00,2018-09-20 00:00,7,0.4302,0.064
5/5,ОБА живы,2018-10-18 20:00,2018-10-22 07:00,34,0.0566,0.036
5/5,ОБА живы,2018-10-26 00:00,2018-10-26 06:00,7,0.0704,0.019
5/5,ОБА живы,2018-11-05 18:00,2018-11-06 09:00,15,0.4650,0.253
5/5,ОБА живы,2018-11-07 16:00,2018-11-09 01:00,32,0.6749,0.487
5/5,ОБА живы,2018-11-15 18:00,2018-11-16 12:00,18,0.5320,0.305
5/5,ОБА живы,2018-11-21 05:00,2018-11-23 07:00,45,0.3156,0.238
5/5,ОБА живы,2018-11-30 01:00,2018-11-30 08:00,8,0.0517,0.011
5/5,ОБА живы,2018-12-12 01:00,2018-12-13 09:00,32,0.1143,0.047
5/5,ОБА живы,2019-01-15 13:00,2019-01-17 00:00,34,0.1217,0.077
5/5,ОБА живы,2019-01-17 20:00,2019-01-18 07:00,11,0.6273,0.130
5/5,ОБА живы,2019-02-01 20:00,2019-02-04 02:00,6,0.5421,0.190
5/5,ОБА живы,2019-02-05 10:00,2019-02-06 17:00,31,0.2074,0.095
5/5,ОБА живы,2019-02-11 19:00,2019-02-12 06:00,11,0.6109,0.231
5/5,ОБА живы,2019-02-13 18:00,2019-02-14 11:00,17,0.6346,0.354
5/5,ОБА живы,2019-02-25 19:00,2019-02-27 15:00,43,0.5578,0.341
5/5,ОБА живы,2019-03-06 12:00,2019-03-08 04:00,39,0.1429,0.090
5/5,ОБА живы,2019-04-01 12:00,2019-04-04 10:00,68,0.3098,0.280
5/5,ОБА живы,2019-04-05 01:00,2019-04-08 05:00,28,0.4600,0.447
5/5,ОБА живы,2019-04-24 20:00,2019-04-25 12:00,16,0.3284,0.132
5/5,ОБА живы,2019-05-01 12:00,2019-05-01 17:00,6,0.4564,0.191
5/5,ОБА живы,2019-05-06 18:00,2019-05-07 23:00,28,0.4546,0.280
5/5,ОБА живы,2019-05-15 11:00,2019-05-16 07:00,20,0.0779,0.037
5/5,ОБА живы,2019-05-20 20:00,2019-05-21 11:00,15,0.8513,0.418
5/5,ОБА живы,2019-05-22 17:00,2019-05-23 09:00,16,0.4337,0.126
5/5,ОБА живы,2019-05-24 18:00,2019-05-28 11:00,36,0.3395,0.132
5/5,ОБА живы,2019-05-30 12:00,2019-05-30 22:00,10,0.5985,0.542
5/5,ОБА живы,2019-06-04 17:00,2019-06-05 05:00,12,0.3242,0.132
5/5,ОБА живы,2019-06-10 13:00,2019-06-10 17:00,5,0.3844,0.138
5/5,ОБА живы,2019-06-26 20:00,2019-06-28 00:00,27,0.3017,0.387
5/5,ОБА живы,2019-07-04 12:00,2019-07-05 11:00,19,0.1599,0.162
5/5,ОБА живы,2019-07-09 05:00,2019-07-10 11:00,30,0.0496,0.051
5/5,ОБА живы,2019-07-15 19:00,2019-07-16 14:00,19,0.4470,0.350
5/5,ОБА живы,2019-07-23 19:00,2019-07-25 10:00,38,0.6878,0.648
5/5,ОБА живы,2019-07-30 01:00,2019-07-30 07:00,7,0.5890,0.159
5/5,ОБА живы,2019-08-09 18:00,2019-08-12 04:00,10,0.0559,0.026
5/5,ОБА живы,2019-08-13 18:00,2019-08-19 08:00,83,0.0041,0.009
5/5,ОБА живы,2019-09-02 03:00,2019-09-03 12:00,29,0.4372,0.441
5/5,ОБА живы,2019-09-16 05:00,2019-09-18 13:00,55,0.0534,0.048
5/5,ОБА живы,2019-09-26 18:00,2019-09-27 05:00,11,0.4219,0.210
5/5,ОБА живы,2019-10-15 15:00,2019-10-16 11:00,20,0.0638,0.037
5/5,ОБА живы,2019-10-16 17:00,2019-10-21 14:00,67,0.0482,0.045
5/5,ОБА живы,2019-10-27 23:00,2019-10-28 12:00,14,0.5838,0.403
5/5,ОБА живы,2019-11-04 21:00,2019-11-05 01:00,4,0.5741,0.176
5/5,ОБА живы,2019-11-15 14:00,2019-11-18 07:00,17,0.3102,0.164
5/5,ОБА живы,2019-11-18 21:00,2019-11-19 15:00,18,0.2016,0.144
5/5,ОБА живы,2019-11-22 00:00,2019-11-22 19:00,20,0.1316,0.106
5/5,ОБА живы,2019-11-29 10:00,2019-11-29 14:00,5,0.1701,0.057
5/5,ОБА живы,2019-12-05 23:00,2019-12-06 12:00,14,0.1368,0.048
5/5,ОБА живы,2019-12-16 12:00,2019-12-17 07:00,19,0.1675,0.069
5/5,ОБА живы,2019-12-17 20:00,2019-12-19 16:00,43,0.3147,0.187
5/5,ОБА живы,2019-12-20 21:00,2019-12-23 05:00,8,0.7489,0.214
5/5,ОБА живы,2020-01-09 01:00,2020-01-09 17:00,17,0.4964,0.672
5/5,ОБА живы,2020-01-16 01:00,2020-01-20 04:00,50,0.2416,0.205
5/5,ОБА живы,2020-01-23 04:00,2020-01-23 13:00,10,0.2267,0.131
5/5,ОБА живы,2020-01-30 13:00,2020-02-04 07:00,64,0.2948,0.420
5/5,ОБА живы,2020-02-26 02:00,2020-02-28 04:00,49,0.0385,0.083
5/5,ОБА живы,2020-03-11 17:00,2020-03-12 08:00,15,0.0312,0.037
5/5,ОБА живы,2020-03-27 16:00,2020-03-31 07:00,37,0.5465,0.721
5/5,ОБА живы,2020-04-08 18:00,2020-04-09 08:00,14,0.3611,0.394
5/5,ОБА живы,2020-04-20 22:00,2020-04-22 09:00,35,0.2174,0.585
5/5,ОБА живы,2020-04-24 20:00,2020-04-27 05:00,9,0.7053,0.403
5/5,ОБА живы,2020-04-30 01:00,2020-05-01 04:00,27,0.5946,1.416
5/5,ОБА живы,2020-05-05 12:00,2020-05-06 13:00,25,0.0479,0.072
5/5,ОБА живы,2020-05-18 20:00,2020-05-19 17:00,21,0.5313,0.595
5/5,ОБА живы,2020-06-11 16:00,2020-06-15 08:00,39,0.2339,0.380
5/5,ОБА живы,2020-06-16 13:00,2020-06-18 07:00,41,0.1721,0.178
5/5,ОБА живы,2020-06-18 19:00,2020-06-19 20:00,25,0.8323,1.141
5/5,ОБА живы,2020-06-25 03:00,2020-06-25 09:00,7,0.2239,0.119
5/5,ОБА живы,2020-07-01 20:00,2020-07-02 14:00,18,0.2341,0.284
5/5,ОБА живы,2020-07-02 18:00,2020-07-06 10:00,35,0.1365,0.067
5/5,ОБА живы,2020-07-13 18:00,2020-07-14 15:00,21,0.0424,0.047
5/5,ОБА живы,2020-07-15 18:00,2020-07-16 16:00,22,0.8375,0.579
5/5,ОБА живы,2020-07-19 22:00,2020-07-20 07:00,10,0.0673,0.019
5/5,ОБА живы,2020-07-30 00:00,2020-08-04 13:00,83,0.2008,0.484
5/5,ОБА живы,2020-08-21 05:00,2020-08-21 10:00,6,0.5927,0.660
5/5,ОБА живы,2020-08-24 17:00,2020-08-26 14:00,44,0.2276,0.485
5/5,ОБА живы,2020-08-26 17:00,2020-08-27 13:00,20,0.1156,0.269
5/5,ОБА живы,2020-08-27 18:00,2020-08-28 20:00,26,0.6809,1.789
5/5,ОБА живы,2020-09-02 00:00,2020-09-02 06:00,7,0.1021,0.074
5/5,ОБА живы,2020-09-04 17:00,2020-09-08 08:00,34,0.3635,0.350
5/5,ОБА живы,2020-09-08 23:00,2020-09-09 12:00,14,0.3211,0.296
5/5,ОБА живы,2020-09-11 01:00,2020-09-14 12:00,35,0.5405,0.531
5/5,ОБА живы,2020-09-16 18:00,2020-09-17 02:00,8,0.4155,0.582
5/5,ОБА живы,2020-09-20 23:00,2020-09-21 07:00,9,0.0392,0.017
5/5,ОБА живы,2020-10-05 12:00,2020-10-06 18:00,30,0.3177,0.483
5/5,ОБА живы,2020-10-08 18:00,2020-10-09 00:00,6,0.7315,0.355
5/5,ОБА живы,2020-10-12 16:00,2020-10-13 00:00,8,0.4278,0.159
5/5,ОБА живы,2020-10-16 20:00,2020-10-21 11:00,61,0.6020,0.895
5/5,ОБА живы,2020-10-27 07:00,2020-10-28 09:00,26,0.3174,0.224
5/5,ОБА живы,2020-11-04 06:00,2020-11-05 10:00,28,0.5804,0.982
5/5,ОБА живы,2020-11-18 20:00,2020-11-20 13:00,40,0.1324,0.152
5/5,ОБА живы,2020-11-25 19:00,2020-11-27 12:00,36,0.0109,0.009
5/5,ОБА живы,2020-11-30 23:00,2020-12-01 06:00,8,0.5917,0.415
5/5,ОБА живы,2020-12-11 16:00,2020-12-15 07:00,38,0.0112,0.017
5/5,ОБА живы,2020-12-18 13:00,2020-12-21 04:00,15,0.6550,0.778
5/5,ОБА живы,2020-12-21 15:00,2020-12-22 19:00,28,0.5372,0.683
5/5,ОБА живы,2020-12-24 07:00,2020-12-27 23:00,13,0.5598,0.630
5/5,ОБА живы,2020-12-28 16:00,2020-12-30 13:00,44,0.2467,0.200
5/5,ОБА живы,2021-01-07 11:00,2021-01-08 07:00,20,0.8104,0.708
5/5,ОБА живы,2021-01-12 19:00,2021-01-13 20:00,25,0.3184,0.296
5/5,ОБА живы,2021-01-19 06:00,2021-01-19 09:00,4,0.2871,0.132
5/5,ОБА живы,2021-01-19 18:00,2021-01-20 01:00,7,0.5352,0.301
5/5,ОБА живы,2021-01-25 05:00,2021-01-25 09:00,5,0.3724,0.147
5/5,ОБА живы,2021-01-25 21:00,2021-01-27 10:00,36,0.5022,0.499
5/5,ОБА живы,2021-02-12 20:00,2021-02-16 11:00,34,0.4400,0.289
5/5,ОБА живы,2021-03-08 23:00,2021-03-10 16:00,41,0.7976,2.057
5/5,ОБА живы,2021-03-15 06:00,2021-03-17 17:00,58,0.3274,0.361
5/5,ОБА живы,2021-03-18 18:00,2021-03-19 07:00,13,0.4118,0.401
5/5,ОБА живы,2021-03-22 12:00,2021-03-23 15:00,27,0.1060,0.107
5/5,ОБА живы,2021-03-24 15:00,2021-03-25 12:00,21,0.2638,0.215
5/5,ОБА живы,2021-03-25 23:00,2021-03-26 14:00,16,0.3556,0.222
5/5,ОБА живы,2021-03-26 16:00,2021-03-29 12:00,20,0.6571,0.485
5/5,ОБА живы,2021-03-31 23:00,2021-04-06 12:00,60,0.8548,1.660
5/5,ОБА живы,2021-04-07 17:00,2021-04-08 10:00,17,0.3795,0.316
5/5,ОБА живы,2021-04-09 18:00,2021-04-13 04:00,33,0.7558,0.762
5/5,ОБА живы,2021-04-19 18:00,2021-04-20 08:00,14,0.3228,0.188
5/5,ОБА живы,2021-04-22 22:00,2021-04-23 12:00,15,0.7095,0.539
5/5,ОБА живы,2021-04-23 19:00,2021-04-28 00:00,51,0.2729,0.258
5/5,ОБА живы,2021-04-29 07:00,2021-05-03 05:00,45,0.2663,0.382
5/5,ОБА живы,2021-05-05 17:00,2021-05-06 12:00,19,0.6572,0.535
5/5,ОБА живы,2021-05-11 18:00,2021-05-12 01:00,7,0.5718,0.291
5/5,ОБА живы,2021-05-12 18:00,2021-05-13 08:00,14,0.5454,0.311
5/5,ОБА живы,2021-05-13 22:00,2021-05-14 05:00,8,0.1133,0.046
5/5,ОБА живы,2021-05-19 18:00,2021-05-21 11:00,40,0.7017,0.826
5/5,ОБА живы,2021-05-23 22:00,2021-05-25 14:00,40,0.4153,0.515
5/5,ОБА живы,2021-05-27 18:00,2021-05-30 23:00,28,0.2572,0.324
5/5,ОБА живы,2021-06-11 12:00,2021-06-14 06:00,18,0.6930,1.215
5/5,ОБА живы,2021-06-16 11:00,2021-06-16 17:00,7,0.6695,0.376
5/5,ОБА живы,2021-06-21 20:00,2021-06-23 12:00,39,0.0255,0.026
5/5,ОБА живы,2021-06-28 06:00,2021-06-29 10:00,28,0.7431,0.759
5/5,ОБА живы,2021-07-08 09:00,2021-07-09 17:00,32,0.0937,0.126
5/5,ОБА живы,2021-07-12 19:00,2021-07-14 10:00,38,0.4698,0.493
5/5,ОБА живы,2021-07-15 20:00,2021-07-16 09:00,13,0.5101,0.308
5/5,ОБА живы,2021-07-20 07:00,2021-07-20 12:00,6,0.7223,0.492
5/5,ОБА живы,2021-07-20 20:00,2021-07-21 00:00,4,0.5557,0.089
5/5,ОБА живы,2021-07-27 00:00,2021-07-27 11:00,12,0.0092,0.004
5/5,ОБА живы,2021-08-02 23:00,2021-08-04 10:00,35,0.1553,0.069
5/5,ОБА живы,2021-08-04 20:00,2021-08-05 16:00,20,0.2822,0.265
5/5,ОБА живы,2021-08-12 18:00,2021-08-13 06:00,12,0.6570,0.291
5/5,ОБА живы,2021-08-17 20:00,2021-08-19 02:00,29,0.3103,0.285
5/5,ОБА живы,2021-08-31 11:00,2021-09-01 11:00,24,0.0173,0.015
5/5,ОБА живы,2021-09-01 13:00,2021-09-03 11:00,45,0.1039,0.087
5/5,ОБА живы,2021-09-10 10:00,2021-09-14 10:00,47,0.4110,0.386
5/5,ОБА живы,2021-09-27 07:00,2021-09-28 08:00,25,0.4419,0.624
5/5,ОБА живы,2021-10-04 16:00,2021-10-08 11:00,88,0.3019,0.414
5/5,ОБА живы,2021-10-11 03:00,2021-10-11 11:00,9,0.0814,0.036
5/5,ОБА живы,2021-11-02 12:00,2021-11-03 12:00,24,0.7643,0.858
5/5,ОБА живы,2021-11-29 04:00,2021-12-02 07:00,73,0.4575,0.992
5/5,ОБА живы,2021-12-07 18:00,2021-12-08 09:00,15,0.5940,0.310
5/5,ОБА живы,2021-12-10 00:00,2021-12-10 14:00,15,0.1863,0.203
5/5,ОБА живы,2021-12-13 19:00,2021-12-14 12:00,17,0.4550,0.189
5/5,ОБА живы,2021-12-27 18:00,2021-12-28 05:00,11,0.7755,0.292
5/5,ОБА живы,2022-01-10 19:00,2022-01-11 03:00,8,0.6221,0.282
5/5,ОБА живы,2022-01-13 21:00,2022-01-18 07:00,54,0.4016,0.361
5/5,ОБА живы,2022-01-21 19:00,2022-01-25 13:00,41,0.7037,0.605
5/5,ОБА живы,2022-02-02 12:00,2022-02-03 13:00,25,0.1714,0.104
5/5,ОБА живы,2022-02-04 19:00,2022-02-07 15:00,20,0.7996,0.500
5/5,ОБА живы,2022-02-10 18:00,2022-02-11 18:00,24,0.5541,1.189
5/5,ОБА живы,2022-02-15 17:00,2022-02-17 07:00,37,0.8448,1.251
5/5,ОБА живы,2022-02-23 14:00,2022-02-24 01:00,11,0.4978,0.378
5/5,ОБА живы,2022-02-25 01:00,2022-03-01 08:00,54,0.0687,0.160
5/5,ОБА живы,2022-03-03 16:00,2022-03-03 23:00,7,0.2448,0.227
5/5,ОБА живы,2022-03-07 18:00,2022-03-08 05:00,11,0.0928,0.089
5/5,ОБА живы,2022-03-09 19:00,2022-03-11 12:00,40,0.3035,0.721
5/5,ОБА живы,2022-03-18 08:00,2022-03-18 15:00,8,0.0078,0.008
5/5,ОБА живы,2022-03-24 05:00,2022-03-24 10:00,6,0.5585,0.284
5/5,ОБА живы,2022-04-05 22:00,2022-04-06 12:00,15,0.2019,0.194
5/5,ОБА живы,2022-04-08 10:00,2022-04-08 13:00,4,0.4748,0.292
5/5,ОБА живы,2022-04-14 19:00,2022-04-18 05:00,10,0.7385,0.682
5/5,ОБА живы,2022-05-20 19:00,2022-05-23 04:00,9,0.6939,0.523
5/5,ОБА живы,2022-05-25 20:00,2022-05-26 04:00,8,0.7261,0.434
5/5,ОБА живы,2022-05-31 06:00,2022-05-31 14:00,9,0.5187,0.494
5/5,ОБА живы,2022-06-08 20:00,2022-06-09 10:00,14,0.5128,0.216
5/5,ОБА живы,2022-06-14 03:00,2022-06-14 12:00,10,0.3451,0.296
5/5,ОБА живы,2022-06-15 17:00,2022-06-16 14:00,21,0.4037,0.625
5/5,ОБА живы,2022-06-21 19:00,2022-06-22 03:00,8,0.3464,0.171
5/5,ОБА живы,2022-06-22 18:00,2022-06-27 05:00,57,0.0817,0.129
5/5,ОБА живы,2022-06-29 17:00,2022-07-01 00:00,30,0.4567,0.564
5/5,ОБА живы,2022-07-07 19:00,2022-07-12 03:00,54,0.2505,0.420
5/5,ОБА живы,2022-07-13 20:00,2022-07-18 07:00,57,0.4326,0.971
5/5,ОБА живы,2022-07-22 02:00,2022-07-22 10:00,9,0.8019,0.598
5/5,ОБА живы,2022-07-25 19:00,2022-07-27 03:00,31,0.1594,0.135
5/5,ОБА живы,2022-07-27 13:00,2022-07-27 18:00,6,0.7531,1.174
5/5,ОБА живы,2022-07-29 19:00,2022-08-01 08:00,13,0.4435,0.228
5/5,ОБА живы,2022-08-11 10:00,2022-08-15 09:00,46,0.4633,0.635
5/5,ОБА живы,2022-08-23 06:00,2022-08-23 12:00,7,0.0092,0.007
5/5,ОБА живы,2022-08-24 16:00,2022-08-25 05:00,13,0.6788,0.428
5/5,ОБА живы,2022-09-07 09:00,2022-09-08 09:00,24,0.5276,0.797
5/5,ОБА живы,2022-09-09 12:00,2022-09-13 11:00,46,0.4611,0.637
5/5,ОБА живы,2022-10-13 18:00,2022-10-14 08:00,14,0.5094,0.391
5/5,ОБА живы,2022-10-24 19:00,2022-10-25 08:00,13,0.5364,0.391
5/5,ОБА живы,2022-10-25 19:00,2022-10-28 05:00,56,0.2325,0.354
5/5,ОБА живы,2022-11-03 04:00,2022-11-03 09:00,6,0.7228,0.834
5/5,ОБА живы,2022-11-07 03:00,2022-11-07 12:00,10,0.2670,0.216
5/5,ОБА живы,2022-11-09 20:00,2022-11-10 12:00,16,0.5187,0.280
5/5,ОБА живы,2022-11-14 16:00,2022-11-15 06:00,14,0.0412,0.018
5/5,ОБА живы,2022-11-22 16:00,2022-11-23 18:00,26,0.0910,0.106
5/5,ОБА живы,2022-12-05 09:00,2022-12-05 17:00,9,0.9011,1.503
5/5,ОБА живы,2022-12-07 00:00,2022-12-07 13:00,14,0.7933,0.473
5/5,ОБА живы,2022-12-12 10:00,2022-12-12 16:00,7,0.5784,0.442
5/5,ОБА живы,2022-12-30 00:00,2023-01-03 01:00,25,0.6427,0.677
5/5,ОБА живы,2023-01-09 23:00,2023-01-10 19:00,21,0.4765,0.328
5/5,ОБА живы,2023-01-11 21:00,2023-01-12 12:00,15,0.7591,0.617
5/5,ОБА живы,2023-01-18 19:00,2023-01-19 17:00,22,0.6706,0.785
5/5,ОБА живы,2023-01-20 19:00,2023-01-23 13:00,18,0.4613,0.400
5/5,ОБА живы,2023-01-24 13:00,2023-01-25 19:00,30,0.3799,0.511
5/5,ОБА живы,2023-01-26 21:00,2023-01-31 06:00,55,0.5936,0.706
5/5,ОБА живы,2023-02-01 00:00,2023-02-01 14:00,15,0.0469,0.024
5/5,ОБА живы,2023-02-03 02:00,2023-02-03 07:00,6,0.3245,0.144
5/5,ОБА живы,2023-02-07 23:00,2023-02-08 06:00,8,0.4664,0.176
5/5,ОБА живы,2023-02-14 18:00,2023-02-15 05:00,11,0.4813,0.388
5/5,ОБА живы,2023-02-16 13:00,2023-02-17 05:00,16,0.1543,0.180
5/5,ОБА живы,2023-03-07 05:00,2023-03-07 08:00,4,0.1699,0.058
5/5,ОБА живы,2023-03-20 19:00,2023-03-21 12:00,17,0.5509,0.688
5/5,ОБА живы,2023-03-30 06:00,2023-03-30 15:00,10,0.5196,0.306
5/5,ОБА живы,2023-03-31 13:00,2023-03-31 17:00,5,0.7148,0.623
5/5,ОБА живы,2023-04-03 20:00,2023-04-04 12:00,16,0.0763,0.034
5/5,ОБА живы,2023-04-06 18:00,2023-04-09 23:00,5,0.2294,0.185
5/5,ОБА живы,2023-04-11 13:00,2023-04-12 00:00,11,0.3601,0.200
5/5,ОБА живы,2023-04-20 19:00,2023-04-24 16:00,44,0.4812,0.824
5/5,ОБА живы,2023-04-26 23:00,2023-04-27 11:00,13,0.3852,0.263
5/5,ОБА живы,2023-04-28 20:00,2023-05-01 11:00,15,0.0323,0.024
5/5,ОБА живы,2023-05-12 18:00,2023-05-16 05:00,34,0.1139,0.081
5/5,ОБА живы,2023-05-24 10:00,2023-05-24 15:00,6,0.5458,0.687
5/5,ОБА живы,2023-05-24 17:00,2023-05-25 11:00,18,0.0447,0.023
5/5,ОБА живы,2023-05-29 17:00,2023-05-30 04:00,9,0.5225,0.233
5/5,ОБА живы,2023-06-06 17:00,2023-06-07 12:00,19,0.5049,0.303
5/5,ОБА живы,2023-06-08 19:00,2023-06-13 14:00,65,0.5191,0.631
5/5,ОБА живы,2023-06-16 19:00,2023-06-22 11:00,83,0.7098,1.436
5/5,ОБА живы,2023-07-07 20:00,2023-07-11 04:00,31,0.2319,0.201
5/5,ОБА живы,2023-07-14 19:00,2023-07-17 11:00,16,0.3513,0.167
5/5,ОБА живы,2023-07-20 22:00,2023-07-21 06:00,9,0.0168,0.005
5/5,ОБА живы,2023-08-01 23:00,2023-08-02 13:00,15,0.6210,0.359
5/5,ОБА живы,2023-08-04 18:00,2023-08-08 10:00,39,0.6380,0.543
5/5,ОБА живы,2023-08-15 19:00,2023-08-16 17:00,22,0.4255,0.230
5/5,ОБА живы,2023-08-21 18:00,2023-08-22 05:00,11,0.2358,0.045
5/5,ОБА живы,2023-08-24 17:00,2023-08-25 13:00,20,0.2315,0.091
5/5,ОБА живы,2023-08-28 20:00,2023-08-29 13:00,17,0.0897,0.053
5/5,ОБА живы,2023-09-01 19:00,2023-09-05 08:00,34,0.5057,0.366
5/5,ОБА живы,2023-09-13 18:00,2023-09-14 11:00,17,0.2432,0.098
5/5,ОБА живы,2023-09-20 00:00,2023-09-20 12:00,13,0.2438,0.077
5/5,ОБА живы,2023-09-22 19:00,2023-09-26 05:00,33,0.8422,0.619
5/5,ОБА живы,2023-10-23 05:00,2023-10-24 08:00,27,0.2694,0.176
5/5,ОБА живы,2023-10-25 20:00,2023-10-27 17:00,44,0.6689,0.849
5/5,ОБА живы,2023-10-31 09:00,2023-10-31 16:00,8,0.3159,0.336
5/5,ОБА живы,2023-11-13 23:00,2023-11-14 13:00,15,0.4375,0.398
5/5,ОБА живы,2023-11-15 19:00,2023-11-16 14:00,19,0.6857,0.917
5/5,ОБА живы,2023-11-30 19:00,2023-12-01 15:00,20,0.6764,0.644
5/5,ОБА живы,2023-12-04 20:00,2023-12-05 09:00,13,0.1652,0.122
5/5,ОБА живы,2023-12-07 23:00,2023-12-08 15:00,17,0.6083,0.942
5/5,ОБА живы,2023-12-14 18:00,2023-12-15 17:00,23,0.0913,0.081
5/5,ОБА живы,2024-01-02 14:00,2024-01-03 10:00,20,0.8592,0.748
5/5,ОБА живы,2024-01-08 16:00,2024-01-10 05:00,36,0.3333,0.271
5/5,ОБА живы,2024-01-10 15:00,2024-01-11 15:00,24,0.0467,0.057
5/5,ОБА живы,2024-01-11 18:00,2024-01-12 11:00,17,0.8436,1.402
5/5,ОБА живы,2024-01-22 12:00,2024-01-23 05:00,17,0.0710,0.053
5/5,ОБА живы,2024-01-25 01:00,2024-01-29 06:00,52,0.6344,0.619
5/5,ОБА живы,2024-02-01 02:00,2024-02-02 12:00,34,0.2300,0.398
5/5,ОБА живы,2024-02-08 19:00,2024-02-12 12:00,40,0.6517,0.551
5/5,ОБА живы,2024-02-12 18:00,2024-02-13 12:00,18,0.5455,0.335
5/5,ОБА живы,2024-02-15 00:00,2024-02-15 08:00,9,0.2595,0.075
5/5,ОБА живы,2024-02-22 13:00,2024-02-23 08:00,19,0.5863,0.302
5/5,ОБА живы,2024-02-26 20:00,2024-02-28 07:00,34,0.3619,0.207
5/5,ОБА живы,2024-02-28 19:00,2024-02-29 05:00,10,0.5553,0.172
5/5,ОБА живы,2024-03-22 12:00,2024-03-22 16:00,5,0.6453,0.549
5/5,ОБА живы,2024-03-25 18:00,2024-03-26 08:00,14,0.4327,0.233
5/5,ОБА живы,2024-04-15 19:00,2024-04-17 19:00,47,0.3686,0.577
5/5,ОБА живы,2024-04-24 20:00,2024-04-26 06:00,33,0.6294,1.084
5/5,ОБА живы,2024-04-29 06:00,2024-04-30 06:00,24,0.2425,0.292
5/5,ОБА живы,2024-05-06 18:00,2024-05-09 11:00,63,0.3976,0.448
5/5,ОБА живы,2024-05-21 08:00,2024-05-22 10:00,26,0.1710,0.165
5/5,ОБА живы,2024-05-27 08:00,2024-05-27 12:00,5,0.2494,0.125
5/5,ОБА живы,2024-05-29 17:00,2024-05-30 01:00,8,0.8362,0.410
5/5,ОБА живы,2024-05-31 08:00,2024-05-31 13:00,6,0.2447,0.208
5/5,ОБА живы,2024-06-13 06:00,2024-06-13 14:00,9,0.0908,0.089
5/5,ОБА живы,2024-06-14 16:00,2024-06-18 09:00,40,0.6906,0.760
5/5,ОБА живы,2024-06-18 23:00,2024-06-19 06:00,8,0.3547,0.081
5/5,ОБА живы,2024-06-19 22:00,2024-06-20 03:00,6,0.3057,0.148
5/5,ОБА живы,2024-06-25 15:00,2024-06-26 05:00,14,0.7385,0.542
5/5,ОБА живы,2024-06-27 19:00,2024-06-28 07:00,12,0.1146,0.048
5/5,ОБА живы,2024-07-01 10:00,2024-07-03 05:00,42,0.0343,0.029
5/5,ОБА живы,2024-07-04 11:00,2024-07-05 04:00,15,0.5247,0.232
5/5,ОБА живы,2024-07-18 00:00,2024-07-18 17:00,18,0.1104,0.104
5/5,ОБА живы,2024-07-23 16:00,2024-07-23 19:00,4,0.3401,0.091
5/5,ОБА живы,2024-08-02 20:00,2024-08-05 09:00,13,0.4056,0.749
5/5,ОБА живы,2024-08-14 07:00,2024-08-14 12:00,6,0.1218,0.088
5/5,ОБА живы,2024-08-19 18:00,2024-08-20 07:00,13,0.5966,0.426
5/5,ОБА живы,2024-08-21 19:00,2024-08-22 12:00,17,0.5091,0.429
5/5,ОБА живы,2024-08-27 13:00,2024-08-28 10:00,21,0.2573,0.271
5/5,ОБА живы,2024-09-02 13:00,2024-09-03 12:00,21,0.3091,0.266
5/5,ОБА живы,2024-09-04 19:00,2024-09-05 06:00,11,0.7112,0.441
5/5,ОБА живы,2024-09-08 22:00,2024-09-09 18:00,21,0.3257,0.274
5/5,ОБА живы,2024-09-19 00:00,2024-09-20 05:00,29,0.8114,1.398
5/5,ОБА живы,2024-09-23 12:00,2024-09-24 03:00,15,0.4363,0.266
5/5,ОБА живы,2024-09-24 12:00,2024-09-24 15:00,4,0.3994,0.379
5/5,ОБА живы,2024-09-25 22:00,2024-09-26 10:00,13,0.7086,0.540
5/5,ОБА живы,2024-10-01 22:00,2024-10-04 04:00,53,0.0669,0.073
5/5,ОБА живы,2024-10-04 20:00,2024-10-08 06:00,33,0.6740,0.656
5/5,ОБА живы,2024-10-15 10:00,2024-10-16 05:00,19,0.6627,0.624
5/5,ОБА живы,2024-10-28 02:00,2024-10-29 00:00,22,0.6085,0.422
5/5,ОБА живы,2024-11-05 19:00,2024-11-06 05:00,10,0.0813,0.057
5/5,ОБА живы,2024-11-26 18:00,2024-11-27 04:00,10,0.7405,0.594
5/5,ОБА живы,2024-12-03 19:00,2024-12-06 00:00,51,0.3715,0.473
5/5,ОБА живы,2024-12-20 21:00,2024-12-23 05:00,8,0.2721,0.123
5/5,ОБА живы,2025-01-06 16:00,2025-01-09 10:00,64,0.7114,1.012
5/5,ОБА живы,2025-02-03 19:00,2025-02-04 12:00,17,0.2043,0.126
5/5,ОБА живы,2025-02-07 08:00,2025-02-10 03:00,19,0.2655,0.317
5/5,ОБА живы,2025-02-12 18:00,2025-02-14 16:00,45,0.0978,0.173
5/5,ОБА живы,2025-02-20 00:00,2025-02-24 12:00,59,0.1488,0.193
5/5,ОБА живы,2025-03-05 18:00,2025-03-10 15:00,68,0.3284,0.443
5/5,ОБА живы,2025-03-11 18:00,2025-03-12 07:00,13,0.3007,0.127
5/5,ОБА живы,2025-03-19 14:00,2025-03-19 23:00,9,0.8639,0.742
5/5,ОБА живы,2025-03-24 15:00,2025-03-27 08:00,63,0.6076,0.730
5/5,ОБА живы,2025-04-03 04:00,2025-04-03 11:00,8,0.7320,1.505
5/5,ОБА живы,2025-04-17 19:00,2025-04-21 00:00,5,0.8041,1.445
5/5,ОБА живы,2025-04-29 19:00,2025-04-30 07:00,12,0.4968,0.401
5/5,ОБА живы,2025-05-08 01:00,2025-05-08 04:00,4,0.7419,0.777
5/5,ОБА живы,2025-05-20 08:00,2025-05-20 13:00,6,0.5801,0.782
5/5,ОБА живы,2025-05-22 19:00,2025-05-27 05:00,54,0.4206,1.009
5/5,ОБА живы,2025-05-29 22:00,2025-06-02 06:00,32,0.4060,0.907
5/5,ОБА живы,2025-06-09 23:00,2025-06-10 12:00,14,0.2552,0.311
5/5,ОБА живы,2025-06-18 09:00,2025-06-19 06:00,21,0.4213,0.616
5/5,ОБА живы,2025-06-23 03:00,2025-06-23 15:00,13,0.5553,0.708
5/5,ОБА живы,2025-06-26 18:00,2025-06-27 10:00,16,0.8771,1.450
5/5,ОБА живы,2025-06-30 12:00,2025-06-30 15:00,4,0.5830,0.228
5/5,ОБА живы,2025-07-08 03:00,2025-07-11 06:00,73,0.0137,0.025
5/5,ОБА живы,2025-07-17 17:00,2025-07-21 05:00,35,0.7718,0.875
5/5,ОБА живы,2025-07-29 20:00,2025-07-30 11:00,15,0.3465,0.128
5/5,ОБА живы,2025-08-08 16:00,2025-08-11 05:00,13,0.5618,0.602
5/5,ОБА живы,2025-08-12 20:00,2025-08-13 08:00,12,0.5736,0.359
5/5,ОБА живы,2025-08-18 10:00,2025-08-19 15:00,29,0.7835,0.715
5/5,ОБА живы,2025-08-20 19:00,2025-08-22 13:00,41,0.4787,0.441
5/5,ОБА живы,2025-09-04 08:00,2025-09-05 11:00,27,0.4580,0.338
5/5,ОБА живы,2025-09-10 06:00,2025-09-11 06:00,24,0.3084,0.295
5/5,ОБА живы,2025-09-15 06:00,2025-09-15 12:00,7,0.8081,0.385
5/5,ОБА живы,2025-09-25 13:00,2025-09-26 13:00,24,0.6365,0.754
5/5,ОБА живы,2025-10-02 20:00,2025-10-03 11:00,15,0.1880,0.145
5/5,ОБА живы,2025-10-10 14:00,2025-10-10 18:00,5,0.1709,0.223
5/5,ОБА живы,2025-10-24 16:00,2025-10-28 04:00,35,0.8900,3.773
5/5,ОБА живы,2025-11-03 20:00,2025-11-04 17:00,21,0.6395,1.377
5/5,ОБА живы,2025-11-05 21:00,2025-11-06 06:00,9,0.3983,0.286
5/5,ОБА живы,2025-11-19 23:00,2025-11-24 17:00,65,0.1324,0.284
5/5,ОБА живы,2025-12-03 19:00,2025-12-04 07:00,12,0.3292,0.331
5/5,ОБА живы,2025-12-04 21:00,2025-12-05 11:00,14,0.4094,0.351
5/5,ОБА живы,2025-12-08 03:00,2025-12-08 14:00,12,0.5727,0.325
5/5,ОБА живы,2025-12-10 15:00,2025-12-10 23:00,8,0.6849,0.926
5/5,ОБА живы,2025-12-16 10:00,2025-12-22 00:00,83,0.8704,2.051
5/5,ОБА живы,2026-01-07 11:00,2026-01-08 04:00,17,0.3507,0.355
5/5,ОБА живы,2026-01-09 04:00,2026-01-09 13:00,10,0.5352,0.406
5/5,ОБА живы,2026-01-14 02:00,2026-01-16 14:00,59,0.2100,0.281
5/5,ОБА живы,2026-01-29 20:00,2026-01-30 15:00,19,0.6735,6.363
5/5,ОБА живы,2026-02-04 21:00,2026-02-05 14:00,17,0.5040,2.379
5/5,ОБА живы,2026-02-24 19:00,2026-02-27 12:00,63,0.3766,0.654
5/5,ОБА живы,2026-03-04 17:00,2026-03-05 15:00,22,0.2872,0.752
5/5,ОБА живы,2026-03-09 06:00,2026-03-10 00:00,18,0.3477,0.652
5/5,ОБА живы,2026-03-16 19:00,2026-03-18 10:00,38,0.5243,0.900
5/5,ОБА живы,2026-04-16 19:00,2026-04-17 11:00,16,0.1275,0.117
5/5,ОБА живы,2026-04-20 04:00,2026-04-21 13:00,33,0.1309,0.200
5/5,ОБА живы,2026-04-24 19:00,2026-04-28 04:00,32,0.7680,1.032
5/5,ОБА живы,2026-04-30 15:00,2026-04-30 22:00,7,0.5440,0.324
5/5,ОБА живы,2026-05-01 19:00,2026-05-04 14:00,19,0.4769,1.069
5/5,ОБА живы,2026-05-12 05:00,2026-05-14 19:00,61,0.6792,1.277
5/5,ОБА живы,2026-05-20 20:00,2026-05-22 20:00,47,0.4135,0.749
5/5,ОБА живы,2026-05-27 00:00,2026-05-27 09:00,10,0.4974,0.551
5/5,ОБА живы,2026-06-09 10:00,2026-06-09 13:00,4,0.2648,0.235
5/5,только восходящий,2017-07-31 03:00,2017-08-01 16:00,37,0.4548,0.418
5/5,только восходящий,2017-08-08 08:00,2017-08-08 13:00,6,0.3719,0.149
5/5,только восходящий,2017-08-09 12:00,2017-08-11 17:00,52,0.5746,1.041
5/5,только восходящий,2017-08-17 06:00,2017-08-21 03:00,44,0.0995,0.157
5/5,только восходящий,2017-08-29 03:00,2017-08-30 16:00,37,0.3861,0.618
5/5,только восходящий,2017-09-01 01:00,2017-09-01 18:00,18,0.4691,0.448
5/5,только восходящий,2017-09-03 22:00,2017-09-05 10:00,32,0.1762,0.200
5/5,только восходящий,2017-09-08 10:00,2017-09-11 16:00,30,0.8902,1.574
5/5,только восходящий,2017-09-20 14:00,2017-09-20 18:00,5,0.6398,0.985
5/5,только восходящий,2017-10-04 00:00,2017-10-04 18:00,19,0.0640,0.059
5/5,только восходящий,2017-10-05 08:00,2017-10-05 16:00,9,0.8615,0.471
5/5,только восходящий,2017-10-09 11:00,2017-10-11 17:00,53,0.1419,0.164
5/5,только восходящий,2017-10-12 12:00,2017-10-16 17:00,52,0.5104,0.649
5/5,только восходящий,2017-10-20 04:00,2017-10-23 04:00,24,0.6221,0.535
5/5,только восходящий,2017-10-30 22:00,2017-10-31 11:00,14,0.4208,0.195
5/5,только восходящий,2017-11-01 15:00,2017-11-03 13:00,45,0.0414,0.036
5/5,только восходящий,2017-11-06 23:00,2017-11-07 19:00,21,0.3569,0.282
5/5,только восходящий,2017-11-08 16:00,2017-11-10 15:00,46,0.2359,0.159
5/5,только восходящий,2017-11-15 08:00,2017-11-15 20:00,13,0.4164,0.418
5/5,только восходящий,2017-11-17 14:00,2017-11-20 15:00,25,0.0026,0.003
5/5,только восходящий,2017-11-22 07:00,2017-11-24 15:00,51,0.4171,0.415
5/5,только восходящий,2017-11-27 10:00,2017-11-29 12:00,49,0.0360,0.024
5/5,только восходящий,2017-12-01 21:00,2017-12-04 12:00,15,0.6994,0.543
5/5,только восходящий,2017-12-14 06:00,2017-12-19 23:00,86,0.3239,0.382
5/5,только восходящий,2017-12-20 23:00,2018-01-03 23:00,185,0.7607,3.525
5/5,только восходящий,2018-01-10 16:00,2018-01-11 11:00,19,0.4024,0.159
5/5,только восходящий,2018-01-12 08:00,2018-01-17 18:00,76,0.4495,0.725
5/5,только восходящий,2018-01-19 13:00,2018-01-22 05:00,16,0.4020,0.177
5/5,только восходящий,2018-01-24 04:00,2018-01-26 00:00,43,0.2761,0.537
5/5,только восходящий,2018-02-01 20:00,2018-02-02 13:00,17,0.8871,1.054
5/5,только восходящий,2018-02-06 07:00,2018-02-06 19:00,13,0.8846,1.235
5/5,только восходящий,2018-02-12 01:00,2018-02-14 17:00,63,0.7754,1.914
5/5,только восходящий,2018-02-14 19:00,2018-02-19 00:00,51,0.2139,0.267
5/5,только восходящий,2018-02-26 12:00,2018-02-27 12:00,24,0.5300,0.336
5/5,только восходящий,2018-03-02 19:00,2018-03-08 14:00,88,0.0301,0.052
5/5,только восходящий,2018-03-14 02:00,2018-03-14 18:00,17,0.4038,0.262
5/5,только восходящий,2018-03-22 01:00,2018-03-22 22:00,21,0.0031,0.002
5/5,только восходящий,2018-03-23 06:00,2018-03-27 17:00,58,0.0379,0.053
5/5,только восходящий,2018-04-03 00:00,2018-04-03 12:00,13,0.3698,0.177
5/5,только восходящий,2018-04-10 05:00,2018-04-12 12:00,54,0.3178,0.818
5/5,только восходящий,2018-04-18 18:00,2018-04-19 13:00,19,0.1515,0.110
5/5,только восходящий,2018-04-25 00:00,2018-04-25 16:00,17,0.6563,0.638
5/5,только восходящий,2018-04-30 00:00,2018-04-30 12:00,13,0.8307,0.788
5/5,только восходящий,2018-05-03 17:00,2018-05-04 07:00,14,0.5477,0.236
5/5,только восходящий,2018-05-10 13:00,2018-05-14 01:00,35,0.2282,0.169
5/5,только восходящий,2018-05-21 00:00,2018-05-21 06:00,7,0.7704,0.502
5/5,только восходящий,2018-05-24 13:00,2018-05-28 02:00,36,0.5909,0.518
5/5,только восходящий,2018-06-05 22:00,2018-06-08 09:00,58,0.2181,0.179
5/5,только восходящий,2018-06-14 06:00,2018-06-15 11:00,29,0.3638,0.331
5/5,только восходящий,2018-07-03 20:00,2018-07-05 08:00,31,0.1724,0.125
5/5,только восходящий,2018-07-09 08:00,2018-07-10 07:00,23,0.4477,0.384
5/5,только восходящий,2018-07-23 00:00,2018-07-26 16:00,86,0.4220,0.585
5/5,только восходящий,2018-08-10 19:00,2018-08-13 04:00,9,0.4521,0.251
5/5,только восходящий,2018-08-20 13:00,2018-08-23 01:00,58,0.4408,0.633
5/5,только восходящий,2018-08-24 20:00,2018-08-28 16:00,43,0.1819,0.169
5/5,только восходящий,2018-09-06 18:00,2018-09-07 17:00,23,0.4330,0.363
5/5,только восходящий,2018-09-12 15:00,2018-09-13 23:00,31,0.0117,0.016
5/5,только восходящий,2018-09-20 01:00,2018-09-21 11:00,34,0.1203,0.098
5/5,только восходящий,2018-09-30 23:00,2018-10-08 08:00,125,0.1480,0.296
5/5,только восходящий,2018-10-11 05:00,2018-10-17 01:00,89,0.7556,2.621
5/5,только восходящий,2018-10-23 17:00,2018-10-24 10:00,17,0.5642,0.220
5/5,только восходящий,2018-10-25 11:00,2018-10-25 23:00,12,0.0285,0.017
5/5,только восходящий,2018-10-26 07:00,2018-10-29 07:00,24,0.4155,0.459
5/5,только восходящий,2018-11-01 23:00,2018-11-05 17:00,41,0.3037,0.236
5/5,только восходящий,2018-11-06 10:00,2018-11-06 15:00,6,0.7866,0.519
5/5,только восходящий,2018-11-15 01:00,2018-11-15 17:00,17,0.5139,0.378
5/5,только восходящий,2018-11-16 13:00,2018-11-21 04:00,61,0.1675,0.182
5/5,только восходящий,2018-11-28 23:00,2018-11-30 00:00,25,0.3734,0.261
5/5,только восходящий,2018-12-03 12:00,2018-12-12 00:00,150,0.6422,1.219
5/5,только восходящий,2018-12-18 00:00,2018-12-19 18:00,42,0.4573,0.474
5/5,только восходящий,2018-12-21 01:00,2019-01-04 13:00,195,0.5968,2.112
5/5,только восходящий,2019-01-10 08:00,2019-01-15 12:00,74,0.3299,0.280
5/5,только восходящий,2019-01-17 01:00,2019-01-17 19:00,19,0.6233,0.318
5/5,только восходящий,2019-01-22 14:00,2019-01-23 13:00,23,0.1067,0.060
5/5,только восходящий,2019-01-28 03:00,2019-02-01 19:00,109,0.5217,1.143
5/5,только восходящий,2019-02-11 00:00,2019-02-11 18:00,19,0.4484,0.380
5/5,только восходящий,2019-02-12 07:00,2019-02-13 17:00,34,0.0014,0.001
5/5,только восходящий,2019-02-18 08:00,2019-02-21 16:00,74,0.3191,0.612
5/5,только восходящий,2019-02-28 16:00,2019-02-28 19:00,4,0.4897,0.119
5/5,только восходящий,2019-03-08 05:00,2019-03-20 12:00,193,0.7317,1.316
5/5,только восходящий,2019-03-21 00:00,2019-03-27 16:00,109,0.1970,0.318
5/5,только восходящий,2019-03-29 18:00,2019-04-01 11:00,17,0.3999,0.178
5/5,только восходящий,2019-04-08 06:00,2019-04-10 16:00,57,0.9086,0.990
5/5,только восходящий,2019-04-10 18:00,2019-04-11 11:00,17,0.8116,0.532
5/5,только восходящий,2019-04-18 14:00,2019-04-22 15:00,25,0.1952,0.111
5/5,только восходящий,2019-04-25 13:00,2019-04-26 16:00,27,0.4201,0.469
5/5,только восходящий,2019-04-26 18:00,2019-05-01 11:00,63,0.4275,0.305
5/5,только восходящий,2019-05-03 20:00,2019-05-06 17:00,21,0.2733,0.187
5/5,только восходящий,2019-05-08 00:00,2019-05-13 11:00,81,0.1610,0.150
5/5,только восходящий,2019-05-13 13:00,2019-05-15 10:00,44,0.0529,0.049
5/5,только восходящий,2019-05-23 10:00,2019-05-24 17:00,31,0.6092,0.542
5/5,только восходящий,2019-05-29 17:00,2019-05-30 11:00,18,0.4856,0.294
5/5,только восходящий,2019-05-30 23:00,2019-06-04 16:00,64,0.8069,2.552
5/5,только восходящий,2019-06-05 06:00,2019-06-10 12:00,76,0.1885,0.325
5/5,только восходящий,2019-06-12 13:00,2019-06-17 09:00,66,0.0538,0.114
5/5,только восходящий,2019-06-18 17:00,2019-06-25 22:00,120,0.7252,5.272
5/5,только восходящий,2019-06-28 01:00,2019-06-28 20:00,20,0.6831,0.907
5/5,только восходящий,2019-07-03 06:00,2019-07-04 11:00,29,0.6026,0.752
5/5,только восходящий,2019-07-08 12:00,2019-07-09 04:00,16,0.4786,0.552
5/5,только восходящий,2019-07-10 12:00,2019-07-15 18:00,76,0.0768,0.194
5/5,только восходящий,2019-07-18 03:00,2019-07-23 03:00,70,0.1294,0.348
5/5,только восходящий,2019-07-30 08:00,2019-07-31 15:00,31,0.1425,0.095
5/5,только восходящий,2019-08-02 03:00,2019-08-09 17:00,130,0.8497,4.754
5/5,только восходящий,2019-08-12 16:00,2019-08-13 17:00,25,0.0781,0.286
5/5,только восходящий,2019-08-20 16:00,2019-08-22 10:00,41,0.6637,0.564
5/5,только восходящий,2019-08-26 03:00,2019-08-29 16:00,83,0.4303,0.705
5/5,только восходящий,2019-09-03 13:00,2019-09-05 13:00,47,0.2813,0.559
5/5,только восходящий,2019-09-12 05:00,2019-09-13 14:00,33,0.0604,0.128
5/5,только восходящий,2019-09-23 07:00,2019-09-24 12:00,29,0.2608,0.260
5/5,только восходящий,2019-09-24 22:00,2019-09-25 13:00,16,0.3227,0.199
5/5,только восходящий,2019-10-02 23:00,2019-10-04 11:00,36,0.3505,0.554
5/5,только восходящий,2019-10-10 03:00,2019-10-10 12:00,10,0.6009,0.411
5/5,только восходящий,2019-10-16 12:00,2019-10-16 16:00,5,0.1250,0.121
5/5,только восходящий,2019-10-23 06:00,2019-10-24 07:00,25,0.2039,0.112
5/5,только восходящий,2019-10-25 00:00,2019-10-27 22:00,22,0.1052,0.121
5/5,только восходящий,2019-10-31 19:00,2019-11-04 20:00,47,0.2163,0.183
5/5,только восходящий,2019-11-06 21:00,2019-11-07 08:00,11,0.4196,0.208
5/5,только восходящий,2019-11-13 20:00,2019-11-15 13:00,40,0.2672,0.245
5/5,только восходящий,2019-11-19 16:00,2019-11-21 23:00,53,0.3758,0.415
5/5,только восходящий,2019-11-27 03:00,2019-11-27 12:00,10,0.5335,0.108
5/5,только восходящий,2019-12-01 23:00,2019-12-04 13:00,61,0.5253,1.075
5/5,только восходящий,2019-12-10 19:00,2019-12-12 21:00,49,0.1844,0.301
5/5,только восходящий,2019-12-17 08:00,2019-12-17 19:00,12,0.4437,0.187
5/5,только восходящий,2019-12-19 17:00,2019-12-20 20:00,27,0.3754,0.148
5/5,только восходящий,2019-12-23 06:00,2020-01-06 16:00,192,0.7447,5.480
5/5,только восходящий,2020-01-08 05:00,2020-01-09 00:00,19,0.8790,2.372
5/5,только восходящий,2020-01-13 03:00,2020-01-14 00:00,21,0.8765,0.852
5/5,только восходящий,2020-01-20 05:00,2020-01-21 09:00,24,0.3749,0.385
5/5,только восходящий,2020-01-23 14:00,2020-01-28 14:00,70,0.3872,0.841
5/5,только восходящий,2020-02-06 19:00,2020-02-07 17:00,22,0.1524,0.133
5/5,только восходящий,2020-02-07 19:00,2020-02-11 12:00,40,0.2165,0.154
5/5,только восходящий,2020-02-12 23:00,2020-02-26 01:00,206,0.6011,4.737
5/5,только восходящий,2020-03-04 04:00,2020-03-10 04:00,94,0.3048,1.323
5/5,только восходящий,2020-03-17 23:00,2020-03-18 22:00,23,0.7473,3.444
5/5,только восходящий,2020-03-20 13:00,2020-03-27 15:00,118,0.8210,9.091
5/5,только восходящий,2020-04-03 01:00,2020-04-07 12:00,58,0.6705,2.864
5/5,только восходящий,2020-04-09 09:00,2020-04-17 02:00,109,0.5237,2.912
5/5,только восходящий,2020-04-22 10:00,2020-04-24 19:00,56,0.5535,1.470
5/5,только восходящий,2020-05-04 01:00,2020-05-05 11:00,34,0.1371,0.193
5/5,только восходящий,2020-05-08 00:00,2020-05-08 16:00,17,0.2814,0.284
5/5,только восходящий,2020-05-13 18:00,2020-05-18 19:00,71,0.3546,1.160
5/5,только восходящий,2020-05-19 18:00,2020-05-21 05:00,34,0.2530,0.234
5/5,только восходящий,2020-05-28 18:00,2020-06-02 15:00,67,0.4039,0.796
5/5,только восходящий,2020-06-04 23:00,2020-06-05 11:00,13,0.4924,0.415
5/5,только восходящий,2020-06-09 07:00,2020-06-11 15:00,55,0.6790,1.982
5/5,только восходящий,2020-06-18 08:00,2020-06-18 18:00,11,0.3931,0.457
5/5,только восходящий,2020-06-21 22:00,2020-06-25 02:00,74,0.4021,0.847
5/5,только восходящий,2020-06-29 03:00,2020-06-30 10:00,31,0.3022,0.157
5/5,только восходящий,2020-06-30 20:00,2020-07-01 19:00,23,0.2754,0.464
5/5,только восходящий,2020-07-06 11:00,2020-07-09 14:00,73,0.6029,1.501
5/5,только восходящий,2020-07-14 16:00,2020-07-15 17:00,25,0.1653,0.117
5/5,только восходящий,2020-07-20 08:00,2020-07-28 06:00,137,0.7395,7.018
5/5,только восходящий,2020-08-04 17:00,2020-08-07 14:00,67,0.4318,1.648
5/5,только восходящий,2020-08-13 23:00,2020-08-16 22:00,23,0.2729,0.420
5/5,только восходящий,2020-08-17 23:00,2020-08-19 13:00,38,0.0337,0.067
5/5,только восходящий,2020-08-30 22:00,2020-09-01 23:00,48,0.0149,0.029
5/5,только восходящий,2020-09-09 17:00,2020-09-11 00:00,30,0.1137,0.147
5/5,только восходящий,2020-09-14 13:00,2020-09-15 14:00,25,0.2312,0.280
5/5,только восходящий,2020-09-29 06:00,2020-10-05 11:00,98,0.4514,0.952
5/5,только восходящий,2020-10-09 01:00,2020-10-12 15:00,38,0.4871,0.866
5/5,только восходящий,2020-10-16 06:00,2020-10-16 19:00,14,0.4035,0.342
5/5,только восходящий,2020-10-21 15:00,2020-10-22 12:00,21,0.7211,1.011
5/5,только восходящий,2020-10-30 18:00,2020-11-04 05:00,56,0.3845,0.879
5/5,только восходящий,2020-11-05 11:00,2020-11-09 11:00,47,0.3771,0.999
5/5,только восходящий,2020-11-13 19:00,2020-11-16 10:00,15,0.3409,0.260
5/5,только восходящий,2020-11-20 14:00,2020-11-23 11:00,21,0.5691,0.493
5/5,только восходящий,2020-12-01 07:00,2020-12-07 12:00,98,0.6829,2.383
5/5,только восходящий,2020-12-07 14:00,2020-12-09 08:00,42,0.2197,0.440
5/5,только восходящий,2020-12-10 19:00,2020-12-11 15:00,20,0.3803,0.488
5/5,только восходящий,2020-12-15 08:00,2020-12-18 12:00,74,0.7129,2.181
5/5,только восходящий,2020-12-21 05:00,2020-12-21 09:00,5,0.6049,0.852
5/5,только восходящий,2020-12-21 11:00,2020-12-21 14:00,4,0.1298,0.114
5/5,только восходящий,2020-12-28 00:00,2020-12-28 15:00,16,0.1969,0.323
5/5,только восходящий,2020-12-30 14:00,2021-01-06 11:00,90,0.7225,3.071
5/5,только восходящий,2021-01-12 15:00,2021-01-12 18:00,4,0.4466,0.296
5/5,только восходящий,2021-01-19 10:00,2021-01-19 17:00,8,0.1668,0.113
5/5,только восходящий,2021-01-20 02:00,2021-01-20 17:00,16,0.3535,0.724
5/5,только восходящий,2021-01-20 19:00,2021-01-21 05:00,10,0.7884,0.327
5/5,только восходящий,2021-01-21 07:00,2021-01-22 09:00,26,0.4895,0.462
5/5,только восходящий,2021-01-25 13:00,2021-01-25 20:00,8,0.4422,0.490
5/5,только восходящий,2021-01-28 20:00,2021-02-02 06:00,56,0.3623,0.710
5/5,только восходящий,2021-02-08 05:00,2021-02-11 17:00,82,0.2839,0.745
5/5,только восходящий,2021-02-19 19:00,2021-02-24 13:00,64,0.2801,0.583
5/5,только восходящий,2021-03-07 23:00,2021-03-08 21:00,23,0.6479,1.426
5/5,только восходящий,2021-03-10 17:00,2021-03-12 06:00,36,0.2459,0.430
5/5,только восходящий,2021-03-17 22:00,2021-03-18 17:00,20,0.3511,0.730
5/5,только восходящий,2021-03-19 08:00,2021-03-22 11:00,27,0.3761,0.425
5/5,только восходящий,2021-03-25 13:00,2021-03-25 22:00,9,0.4644,0.633
5/5,только восходящий,2021-04-06 13:00,2021-04-07 16:00,27,0.0158,0.013
5/5,только восходящий,2021-04-08 11:00,2021-04-09 17:00,30,0.2177,0.341
5/5,только восходящий,2021-04-13 18:00,2021-04-14 12:00,18,0.1101,0.055
5/5,только восходящий,2021-04-15 20:00,2021-04-19 17:00,44,0.2592,0.444
5/5,только восходящий,2021-04-21 01:00,2021-04-22 20:00,43,0.1560,0.181
5/5,только восходящий,2021-05-03 06:00,2021-05-05 16:00,57,0.1558,0.251
5/5,только восходящий,2021-05-06 17:00,2021-05-11 17:00,70,0.6284,1.130
5/5,только восходящий,2021-05-14 06:00,2021-05-19 11:00,75,0.4235,1.147
5/5,только восходящий,2021-05-21 12:00,2021-05-21 20:00,9,0.3086,0.314
5/5,только восходящий,2021-05-25 15:00,2021-05-27 17:00,49,0.1790,0.232
5/5,только восходящий,2021-05-31 00:00,2021-06-01 13:00,33,0.0863,0.065
5/5,только восходящий,2021-06-02 18:00,2021-06-03 11:00,17,0.8059,0.802
5/5,только восходящий,2021-06-08 06:00,2021-06-10 06:00,47,0.5963,0.667
5/5,только восходящий,2021-06-23 13:00,2021-06-28 05:00,62,0.3586,0.484
5/5,только восходящий,2021-06-30 22:00,2021-07-08 08:00,122,0.8907,2.494
5/5,только восходящий,2021-07-09 18:00,2021-07-12 18:00,24,0.2731,0.313
5/5,только восходящий,2021-07-14 11:00,2021-07-15 19:00,32,0.5990,0.639
5/5,только восходящий,2021-07-20 13:00,2021-07-20 19:00,7,0.7008,0.764
5/5,только восходящий,2021-07-26 12:00,2021-07-26 23:00,11,0.4663,0.309
5/5,только восходящий,2021-07-27 12:00,2021-07-28 23:00,34,0.3728,0.362
5/5,только восходящий,2021-07-29 01:00,2021-07-30 12:00,35,0.3112,0.397
5/5,только восходящий,2021-08-04 11:00,2021-08-04 19:00,9,0.2331,0.325
5/5,только восходящий,2021-08-11 23:00,2021-08-12 17:00,19,0.0493,0.047
5/5,только восходящий,2021-08-13 07:00,2021-08-17 19:00,59,0.6904,1.563
5/5,только восходящий,2021-08-23 18:00,2021-08-24 23:00,28,0.3522,0.173
5/5,только восходящий,2021-08-30 06:00,2021-08-30 16:00,11,0.4318,0.207
5/5,только восходящий,2021-09-03 12:00,2021-09-07 06:00,37,0.2302,0.263
5/5,только восходящий,2021-09-14 20:00,2021-09-16 07:00,34,0.7718,1.032
5/5,только восходящий,2021-09-20 19:00,2021-09-22 16:00,44,0.5987,0.809
5/5,только восходящий,2021-09-30 20:00,2021-10-04 15:00,42,0.3733,0.484
5/5,только восходящий,2021-10-08 12:00,2021-10-11 02:00,14,0.5460,0.932
5/5,только восходящий,2021-10-12 19:00,2021-10-15 09:00,60,0.5250,1.274
5/5,только восходящий,2021-10-19 18:00,2021-10-29 11:00,178,0.4783,1.267
5/5,только восходящий,2021-11-04 19:00,2021-11-16 13:00,178,0.7955,4.083
5/5,только восходящий,2021-11-26 16:00,2021-11-29 03:00,8,0.3044,0.511
5/5,только восходящий,2021-12-06 07:00,2021-12-07 17:00,34,0.0096,0.008
5/5,только восходящий,2021-12-08 10:00,2021-12-09 11:00,25,0.8538,0.653
5/5,только восходящий,2021-12-09 13:00,2021-12-09 23:00,10,0.1276,0.071
5/5,только восходящий,2021-12-10 15:00,2021-12-13 18:00,27,0.3433,0.242
5/5,только восходящий,2021-12-17 18:00,2021-12-20 13:00,19,0.5422,0.323
5/5,только восходящий,2021-12-23 07:00,2021-12-27 17:00,34,0.1530,0.124
5/5,только восходящий,2021-12-28 06:00,2021-12-29 05:00,23,0.5110,0.455
5/5,только восходящий,2022-01-03 04:00,2022-01-03 12:00,9,0.5253,0.185
5/5,только восходящий,2022-01-05 19:00,2022-01-06 11:00,16,0.5055,0.857
5/5,только восходящий,2022-01-10 00:00,2022-01-10 18:00,19,0.4873,0.324
5/5,только восходящий,2022-01-11 04:00,2022-01-13 20:00,63,0.5761,0.840
5/5,только восходящий,2022-01-20 06:00,2022-01-21 07:00,25,0.1967,0.128
5/5,только восходящий,2022-01-25 14:00,2022-01-26 18:00,28,0.8458,1.137
5/5,только восходящий,2022-02-01 01:00,2022-02-02 11:00,34,0.3697,0.293
5/5,только восходящий,2022-02-07 16:00,2022-02-09 18:00,49,0.8018,0.948
5/5,только восходящий,2022-02-09 20:00,2022-02-10 17:00,21,0.0953,0.106
5/5,только восходящий,2022-02-11 19:00,2022-02-15 16:00,44,0.1825,0.343
5/5,только восходящий,2022-02-17 08:00,2022-02-23 13:00,96,0.3867,0.798
5/5,только восходящий,2022-02-24 02:00,2022-02-25 00:00,22,0.0842,0.423
5/5,только восходящий,2022-03-01 09:00,2022-03-02 14:00,29,0.3405,0.695
5/5,только восходящий,2022-03-04 00:00,2022-03-07 17:00,41,0.5065,1.898
5/5,только восходящий,2022-03-08 06:00,2022-03-09 18:00,36,0.3527,1.652
5/5,только восходящий,2022-03-17 20:00,2022-03-18 07:00,11,0.4390,0.422
5/5,только восходящий,2022-03-22 00:00,2022-03-22 12:00,13,0.2117,0.172
5/5,только восходящий,2022-03-24 11:00,2022-03-25 09:00,22,0.0190,0.023
5/5,только восходящий,2022-03-30 20:00,2022-04-01 09:00,36,0.0552,0.087
5/5,только восходящий,2022-04-04 18:00,2022-04-05 14:00,20,0.0628,0.067
5/5,только восходящий,2022-04-06 13:00,2022-04-08 09:00,43,0.0794,0.091
5/5,только восходящий,2022-04-08 18:00,2022-04-14 18:00,93,0.6365,1.360
5/5,только восходящий,2022-04-18 06:00,2022-04-19 13:00,31,0.6157,1.272
5/5,только восходящий,2022-04-29 16:00,2022-05-02 03:00,11,0.7223,1.028
5/5,только восходящий,2022-05-03 19:00,2022-05-05 14:00,42,0.4136,1.071
5/5,только восходящий,2022-05-17 05:00,2022-05-17 17:00,13,0.5041,0.501
5/5,только восходящий,2022-05-19 20:00,2022-05-20 18:00,22,0.0591,0.055
5/5,только восходящий,2022-05-23 05:00,2022-05-25 19:00,61,0.0393,0.060
5/5,только восходящий,2022-05-30 12:00,2022-05-31 05:00,15,0.1468,0.120
5/5,только восходящий,2022-06-02 22:00,2022-06-06 14:00,40,0.7456,1.141
5/5,только восходящий,2022-06-13 03:00,2022-06-14 02:00,23,0.6650,1.964
5/5,только восходящий,2022-06-16 15:00,2022-06-17 17:00,26,0.3264,0.452
5/5,только восходящий,2022-06-27 06:00,2022-06-29 03:00,44,0.7690,0.952
5/5,только восходящий,2022-07-18 08:00,2022-07-20 16:00,55,0.7173,0.946
5/5,только восходящий,2022-07-22 11:00,2022-07-25 18:00,31,0.4858,0.690
5/5,только восходящий,2022-07-27 19:00,2022-07-28 16:00,21,0.8180,1.119
5/5,только восходящий,2022-07-28 18:00,2022-07-29 18:00,24,0.5919,0.593
5/5,только восходящий,2022-08-01 09:00,2022-08-02 18:00,33,0.2982,0.401
5/5,только восходящий,2022-08-05 00:00,2022-08-11 09:00,102,0.0877,0.210
5/5,только восходящий,2022-08-23 13:00,2022-08-23 16:00,4,0.1426,0.151
5/5,только восходящий,2022-08-23 18:00,2022-08-24 15:00,21,0.3855,0.296
5/5,только восходящий,2022-08-25 06:00,2022-08-26 11:00,29,0.7125,0.882
5/5,только восходящий,2022-09-02 19:00,2022-09-06 13:00,39,0.0339,0.042
5/5,только восходящий,2022-09-07 04:00,2022-09-07 08:00,5,0.7374,0.613
5/5,только восходящий,2022-09-08 10:00,2022-09-08 16:00,7,0.7202,1.013
5/5,только восходящий,2022-09-16 19:00,2022-09-23 09:00,106,0.4521,0.957
5/5,только восходящий,2022-09-28 23:00,2022-10-03 13:00,61,0.3754,0.767
5/5,только восходящий,2022-10-03 15:00,2022-10-07 11:00,89,0.4416,1.117
5/5,только восходящий,2022-10-11 22:00,2022-10-13 11:00,37,0.5948,0.750
5/5,только восходящий,2022-10-24 04:00,2022-10-24 18:00,15,0.4969,0.442
5/5,только восходящий,2022-11-01 17:00,2022-11-02 19:00,26,0.3586,0.734
5/5,только восходящий,2022-11-03 00:00,2022-11-03 03:00,4,0.0122,0.006
5/5,только восходящий,2022-11-07 13:00,2022-11-08 13:00,24,0.2910,0.298
5/5,только восходящий,2022-11-08 15:00,2022-11-09 17:00,26,0.0120,0.031
5/5,только восходящий,2022-11-10 13:00,2022-11-14 15:00,49,0.5804,2.216
5/5,только восходящий,2022-11-15 07:00,2022-11-17 02:00,42,0.7703,0.863
5/5,только восходящий,2022-11-23 19:00,2022-11-24 12:00,17,0.3395,0.313
5/5,только восходящий,2022-11-24 14:00,2022-11-25 12:00,20,0.4395,0.297
5/5,только восходящий,2022-11-28 15:00,2022-11-28 19:00,5,0.4922,0.298
5/5,только восходящий,2022-11-30 18:00,2022-11-30 23:00,5,0.4557,0.741
5/5,только восходящий,2022-12-01 01:00,2022-12-02 13:00,36,0.3009,0.552
5/5,только восходящий,2022-12-06 17:00,2022-12-06 23:00,6,0.0983,0.030
5/5,только восходящий,2022-12-07 14:00,2022-12-12 09:00,65,0.3051,0.514
5/5,только восходящий,2022-12-13 19:00,2022-12-15 06:00,34,0.6473,0.880
5/5,только восходящий,2022-12-19 13:00,2022-12-22 12:00,69,0.6672,1.488
5/5,только восходящий,2022-12-27 20:00,2022-12-28 14:00,18,0.4667,0.402
5/5,только восходящий,2023-01-03 02:00,2023-01-05 12:00,57,0.1869,0.382
5/5,только восходящий,2023-01-09 12:00,2023-01-09 21:00,10,0.2637,0.175
5/5,только восходящий,2023-01-10 20:00,2023-01-11 20:00,24,0.0822,0.085
5/5,только восходящий,2023-01-12 13:00,2023-01-17 05:00,60,0.1947,0.602
5/5,только восходящий,2023-01-19 18:00,2023-01-20 18:00,24,0.2490,0.229
5/5,только восходящий,2023-01-25 20:00,2023-01-26 20:00,24,0.5603,0.880
5/5,только восходящий,2023-02-01 15:00,2023-02-01 21:00,7,0.5344,0.942
5/5,только восходящий,2023-02-02 00:00,2023-02-03 01:00,25,0.7157,1.774
5/5,только восходящий,2023-02-08 07:00,2023-02-09 18:00,35,0.7349,1.062
5/5,только восходящий,2023-02-27 20:00,2023-02-28 12:00,16,0.5352,0.435
5/5,только восходящий,2023-02-28 16:00,2023-03-07 04:00,104,0.5875,1.131
5/5,только восходящий,2023-03-09 20:00,2023-03-15 07:00,81,0.7587,3.601
5/5,только восходящий,2023-03-15 22:00,2023-03-20 18:00,67,0.6199,3.302
5/5,только восходящий,2023-03-23 00:00,2023-03-24 20:00,44,0.1627,0.305
5/5,только восходящий,2023-03-29 01:00,2023-03-30 05:00,28,0.2753,0.231
5/5,только восходящий,2023-03-30 20:00,2023-03-31 12:00,16,0.0505,0.037
5/5,только восходящий,2023-04-04 13:00,2023-04-06 17:00,51,0.3596,0.878
5/5,только восходящий,2023-04-12 01:00,2023-04-14 13:00,59,0.1833,0.433
5/5,только восходящий,2023-04-24 17:00,2023-04-26 22:00,51,0.0177,0.030
5/5,только восходящий,2023-05-01 12:00,2023-05-05 11:00,92,0.3561,1.572
5/5,только восходящий,2023-05-09 17:00,2023-05-11 12:00,42,0.0677,0.089
5/5,только восходящий,2023-05-19 20:00,2023-05-23 00:00,27,0.6687,0.532
5/5,только восходящий,2023-05-30 11:00,2023-06-01 12:00,48,0.3360,0.414
5/5,только восходящий,2023-06-01 15:00,2023-06-02 12:00,21,0.7557,0.564
5/5,только восходящий,2023-07-02 23:00,2023-07-05 17:00,63,0.0593,0.077
5/5,только восходящий,2023-07-11 05:00,2023-07-14 18:00,83,0.8497,1.569
5/5,только восходящий,2023-07-18 20:00,2023-07-20 20:00,47,0.4232,0.473
5/5,только восходящий,2023-07-26 06:00,2023-07-27 12:00,30,0.3866,0.476
5/5,только восходящий,2023-07-30 22:00,2023-08-01 22:00,47,0.2846,0.453
5/5,только восходящий,2023-08-22 06:00,2023-08-24 16:00,57,0.5682,1.023
5/5,только восходящий,2023-08-29 14:00,2023-08-31 14:00,47,0.3164,0.460
5/5,только восходящий,2023-09-08 11:00,2023-09-12 09:00,45,0.2841,0.209
5/5,только восходящий,2023-09-15 19:00,2023-09-19 23:00,50,0.5973,0.466
5/5,только восходящий,2023-09-20 13:00,2023-09-21 05:00,16,0.5093,0.609
5/5,только восходящий,2023-10-06 20:00,2023-10-23 04:00,238,0.8429,7.741
5/5,только восходящий,2023-10-27 18:00,2023-10-31 08:00,37,0.4410,0.417
5/5,только восходящий,2023-11-03 17:00,2023-11-06 19:00,25,0.8009,0.638
5/5,только восходящий,2023-11-10 00:00,2023-11-10 16:00,17,0.8916,1.072
5/5,только восходящий,2023-11-14 14:00,2023-11-15 18:00,28,0.3379,0.373
5/5,только восходящий,2023-11-16 18:00,2023-11-17 21:00,27,0.2386,0.179
5/5,только восходящий,2023-11-21 20:00,2023-11-22 15:00,19,0.2479,0.204
5/5,только восходящий,2023-11-27 06:00,2023-11-30 18:00,82,0.5461,1.258
5/5,только восходящий,2023-12-01 16:00,2023-12-04 19:00,27,0.2167,1.356
5/5,только восходящий,2023-12-07 18:00,2023-12-07 21:00,4,0.4380,0.093
5/5,только восходящий,2023-12-13 19:00,2023-12-14 17:00,22,0.3418,1.115
5/5,только восходящий,2023-12-19 00:00,2023-12-20 12:00,36,0.2690,0.335
5/5,только восходящий,2023-12-22 04:00,2023-12-28 20:00,86,0.4083,0.824
5/5,только восходящий,2024-01-05 20:00,2024-01-08 15:00,19,0.3164,0.462
5/5,только восходящий,2024-01-12 12:00,2024-01-16 07:00,40,0.0781,0.079
5/5,только восходящий,2024-01-19 18:00,2024-01-22 11:00,17,0.1335,0.086
5/5,только восходящий,2024-01-23 06:00,2024-01-24 14:00,32,0.6358,0.515
5/5,только восходящий,2024-01-24 18:00,2024-01-25 00:00,6,0.0443,0.019
5/5,только восходящий,2024-01-29 07:00,2024-02-01 01:00,64,0.2824,0.493
5/5,только восходящий,2024-02-06 21:00,2024-02-08 11:00,37,0.4053,0.333
5/5,только восходящий,2024-02-08 15:00,2024-02-08 18:00,4,0.0235,0.009
5/5,только восходящий,2024-02-15 09:00,2024-02-21 17:00,99,0.7241,1.393
5/5,только восходящий,2024-02-26 00:00,2024-02-26 19:00,20,0.0499,0.030
5/5,только восходящий,2024-02-29 06:00,2024-03-12 11:00,191,0.8085,6.631
5/5,только восходящий,2024-03-20 09:00,2024-03-22 11:00,49,0.1543,0.525
5/5,только восходящий,2024-03-26 09:00,2024-04-05 00:00,153,0.6887,4.208
5/5,только восходящий,2024-04-07 23:00,2024-04-10 17:00,65,0.4247,1.147
5/5,только восходящий,2024-04-12 20:00,2024-04-15 18:00,22,0.5893,1.357
5/5,только восходящий,2024-04-19 06:00,2024-04-22 05:00,23,0.5969,1.025
5/5,только восходящий,2024-04-26 07:00,2024-04-29 05:00,22,0.4591,0.642
5/5,только восходящий,2024-05-09 12:00,2024-05-21 07:00,180,0.6711,3.979
5/5,только восходящий,2024-05-27 13:00,2024-05-29 16:00,48,0.4422,0.556
5/5,только восходящий,2024-05-30 19:00,2024-05-31 07:00,12,0.1040,0.048
5/5,только восходящий,2024-06-03 23:00,2024-06-04 08:00,10,0.8414,0.733
5/5,только восходящий,2024-06-05 20:00,2024-06-07 07:00,34,0.5276,0.781
5/5,только восходящий,2024-06-10 22:00,2024-06-13 05:00,54,0.0418,0.079
5/5,только восходящий,2024-06-19 07:00,2024-06-19 18:00,12,0.3298,0.159
5/5,только восходящий,2024-06-20 06:00,2024-06-21 12:00,30,0.4469,0.708
5/5,только восходящий,2024-06-21 16:00,2024-06-23 22:00,6,0.2577,0.139
5/5,только восходящий,2024-06-28 08:00,2024-07-01 09:00,25,0.0552,0.050
5/5,только восходящий,2024-07-03 06:00,2024-07-04 10:00,28,0.5592,0.765
5/5,только восходящий,2024-07-05 05:00,2024-07-05 16:00,12,0.5471,0.921
5/5,только восходящий,2024-07-05 18:00,2024-07-08 19:00,25,0.7583,1.328
5/5,только восходящий,2024-07-10 18:00,2024-07-17 23:00,120,0.7804,3.740
5/5,только восходящий,2024-07-23 20:00,2024-07-24 18:00,22,0.0519,0.058
5/5,только восходящий,2024-07-31 03:00,2024-08-02 19:00,63,0.3000,0.874
5/5,только восходящий,2024-08-09 07:00,2024-08-14 06:00,69,0.7826,1.828
5/5,только восходящий,2024-08-19 02:00,2024-08-19 17:00,16,0.0177,0.015
5/5,только восходящий,2024-08-20 08:00,2024-08-21 18:00,34,0.1002,0.151
5/5,только восходящий,2024-08-26 16:00,2024-08-27 12:00,20,0.5223,0.412
5/5,только восходящий,2024-09-05 07:00,2024-09-06 15:00,32,0.0375,0.043
5/5,только восходящий,2024-09-06 17:00,2024-09-06 20:00,4,0.1647,0.079
5/5,только восходящий,2024-09-09 19:00,2024-09-17 14:00,134,0.7875,2.813
5/5,только восходящий,2024-09-20 06:00,2024-09-23 11:00,29,0.5023,0.714
5/5,только восходящий,2024-09-24 04:00,2024-09-24 11:00,8,0.6694,0.444
5/5,только восходящий,2024-09-24 16:00,2024-09-25 20:00,28,0.1198,0.127
5/5,только восходящий,2024-09-26 11:00,2024-09-27 16:00,29,0.7591,1.157
5/5,только восходящий,2024-10-04 05:00,2024-10-04 11:00,7,0.5507,0.225
5/5,только восходящий,2024-10-11 11:00,2024-10-15 09:00,45,0.3066,0.333
5/5,только восходящий,2024-10-16 06:00,2024-10-23 13:00,123,0.6575,2.253
5/5,только восходящий,2024-10-29 01:00,2024-10-31 12:00,58,0.4842,0.784
5/5,только восходящий,2024-11-18 06:00,2024-11-20 12:00,53,0.7457,1.772
5/5,только восходящий,2024-11-20 16:00,2024-11-25 04:00,58,0.2879,0.824
5/5,только восходящий,2024-11-27 05:00,2024-12-01 23:00,60,0.0858,0.147
5/5,только восходящий,2024-12-09 09:00,2024-12-12 13:00,74,0.5420,1.581
5/5,только восходящий,2024-12-23 06:00,2024-12-23 14:00,9,0.7844,0.604
5/5,только восходящий,2024-12-26 20:00,2024-12-27 12:00,16,0.5445,0.304
5/5,только восходящий,2024-12-31 15:00,2025-01-06 06:00,61,0.1085,0.219
5/5,только восходящий,2025-01-09 11:00,2025-01-13 11:00,47,0.1626,0.214
5/5,только восходящий,2025-01-15 06:00,2025-01-17 08:00,49,0.6392,1.145
5/5,только восходящий,2025-01-21 12:00,2025-01-24 20:00,78,0.6867,1.616
5/5,только восходящий,2025-01-29 06:00,2025-02-03 00:00,64,0.4571,1.200
5/5,только восходящий,2025-02-04 13:00,2025-02-06 12:00,46,0.5406,1.161
5/5,только восходящий,2025-02-10 04:00,2025-02-12 17:00,60,0.3008,0.820
5/5,только восходящий,2025-02-18 10:00,2025-02-19 23:00,36,0.6075,0.832
5/5,только восходящий,2025-02-24 13:00,2025-02-25 14:00,25,0.6737,0.737
5/5,только восходящий,2025-03-04 03:00,2025-03-05 17:00,38,0.6028,0.949
5/5,только восходящий,2025-03-12 08:00,2025-03-12 17:00,10,0.4031,0.477
5/5,только восходящий,2025-03-12 19:00,2025-03-19 13:00,110,0.8914,3.480
5/5,только восходящий,2025-03-20 00:00,2025-03-21 09:00,33,0.6598,0.772
5/5,только восходящий,2025-03-27 09:00,2025-03-27 17:00,9,0.4890,0.423
5/5,только восходящий,2025-03-27 19:00,2025-04-01 15:00,66,0.5931,1.840
5/5,только восходящий,2025-04-10 10:00,2025-04-14 14:00,51,0.6859,2.914
5/5,только восходящий,2025-04-16 13:00,2025-04-17 18:00,29,0.0648,0.144
5/5,только восходящий,2025-04-21 01:00,2025-04-22 04:00,27,0.8376,3.165
5/5,только восходящий,2025-04-22 06:00,2025-04-23 10:00,28,0.7176,4.299
5/5,только восходящий,2025-04-25 03:00,2025-04-25 09:00,7,0.4712,0.950
5/5,только восходящий,2025-04-29 01:00,2025-04-29 18:00,18,0.1639,0.199
5/5,только восходящий,2025-05-05 09:00,2025-05-08 00:00,61,0.4705,2.172
5/5,только восходящий,2025-05-13 11:00,2025-05-14 09:00,22,0.4530,0.517
5/5,только восходящий,2025-05-16 03:00,2025-05-20 07:00,51,0.1156,0.344
5/5,только восходящий,2025-05-20 14:00,2025-05-21 05:00,15,0.5706,1.026
5/5,только восходящий,2025-05-21 07:00,2025-05-22 18:00,35,0.2423,0.485
5/5,только восходящий,2025-05-28 14:00,2025-05-28 22:00,8,0.4915,0.488
5/5,только восходящий,2025-06-02 07:00,2025-06-05 14:00,77,0.2141,0.450
5/5,только восходящий,2025-06-10 13:00,2025-06-16 12:00,92,0.5294,2.152
5/5,только восходящий,2025-06-23 16:00,2025-06-24 05:00,13,0.8637,1.705
5/5,только восходящий,2025-06-26 13:00,2025-06-26 17:00,5,0.4840,0.387
5/5,только восходящий,2025-06-30 16:00,2025-07-03 11:00,65,0.6346,1.478
5/5,только восходящий,2025-07-11 07:00,2025-07-14 13:00,30,0.3038,0.399
5/5,только восходящий,2025-07-16 22:00,2025-07-17 16:00,19,0.2549,0.323
5/5,только восходящий,2025-07-21 06:00,2025-07-23 14:00,55,0.5942,1.344
5/5,только восходящий,2025-08-04 03:00,2025-08-08 15:00,105,0.5890,1.044
5/5,только восходящий,2025-08-13 09:00,2025-08-14 12:00,27,0.4246,0.421
5/5,только восходящий,2025-08-22 18:00,2025-09-04 07:00,195,0.7406,4.992
5/5,только восходящий,2025-09-05 12:00,2025-09-10 05:00,63,0.4965,1.745
5/5,только восходящий,2025-09-12 10:00,2025-09-15 05:00,19,0.2750,0.211
5/5,только восходящий,2025-09-15 13:00,2025-09-17 06:00,40,0.3196,0.491
5/5,только восходящий,2025-09-23 06:00,2025-09-24 15:00,33,0.2460,0.338
5/5,только восходящий,2025-09-26 14:00,2025-10-02 19:00,98,0.5575,2.028
5/5,только восходящий,2025-10-03 12:00,2025-10-08 22:00,79,0.7425,3.809
5/5,только восходящий,2025-10-10 19:00,2025-10-17 14:00,111,0.6169,5.924
5/5,только восходящий,2025-10-21 01:00,2025-10-21 15:00,15,0.7270,4.877
5/5,только восходящий,2025-10-23 13:00,2025-10-24 15:00,26,0.1310,0.352
5/5,только восходящий,2025-10-29 07:00,2025-10-31 20:00,60,0.0080,0.026
5/5,только восходящий,2025-11-06 07:00,2025-11-13 17:00,126,0.7023,4.900
5/5,только восходящий,2025-11-24 18:00,2025-12-02 05:00,124,0.5912,2.534
5/5,только восходящий,2025-12-05 12:00,2025-12-08 02:00,14,0.3019,0.480
5/5,только восходящий,2025-12-09 15:00,2025-12-10 14:00,23,0.5917,0.475
5/5,только восходящий,2025-12-11 02:00,2025-12-16 09:00,77,0.3900,1.379
5/5,только восходящий,2025-12-22 01:00,2025-12-29 04:00,93,0.7038,3.031
5/5,только восходящий,2026-01-02 18:00,2026-01-07 10:00,62,0.7816,3.453
5/5,только восходящий,2026-01-09 14:00,2026-01-14 01:00,57,0.7988,2.768
5/5,только восходящий,2026-01-19 04:00,2026-01-20 04:00,22,0.8195,0.686
5/5,только восходящий,2026-01-20 06:00,2026-01-20 17:00,12,0.8215,0.989
5/5,только восходящий,2026-01-20 19:00,2026-01-26 21:00,95,0.6811,5.210
5/5,только восходящий,2026-01-28 13:00,2026-01-29 19:00,30,0.0779,0.747
5/5,только восходящий,2026-02-03 21:00,2026-02-04 20:00,23,0.0348,0.171
5/5,только восходящий,2026-02-09 04:00,2026-02-12 15:00,81,0.3552,0.970
5/5,только восходящий,2026-02-16 03:00,2026-02-16 23:00,18,0.0451,0.048
5/5,только восходящий,2026-02-18 21:00,2026-02-24 18:00,90,0.6320,3.674
5/5,только восходящий,2026-02-27 13:00,2026-03-03 10:00,44,0.1086,0.484
5/5,только восходящий,2026-03-09 02:00,2026-03-09 05:00,4,0.3452,0.580
5/5,только восходящий,2026-03-10 01:00,2026-03-11 17:00,40,0.1263,0.278
5/5,только восходящий,2026-03-25 07:00,2026-03-26 06:00,23,0.4882,1.825
5/5,только восходящий,2026-03-27 20:00,2026-04-07 18:00,137,0.4400,3.753
5/5,только восходящий,2026-04-07 22:00,2026-04-10 20:00,69,0.4309,1.426
5/5,только восходящий,2026-04-14 12:00,2026-04-16 18:00,53,0.1675,0.383
5/5,только восходящий,2026-04-17 12:00,2026-04-20 03:00,15,0.3587,1.145
5/5,только восходящий,2026-04-30 23:00,2026-05-01 07:00,9,0.8064,1.047
5/5,только восходящий,2026-05-06 15:00,2026-05-10 23:00,54,0.0478,0.087
5/5,только восходящий,2026-05-24 22:00,2026-05-26 00:00,24,0.3796,0.338
5/5,только восходящий,2026-05-26 04:00,2026-05-26 23:00,19,0.0985,0.132
5/5,только восходящий,2026-05-29 00:00,2026-06-01 12:00,36,0.0564,0.133
5/5,только восходящий,2026-06-04 18:00,2026-06-05 12:00,18,0.9116,1.601
5/5,только восходящий,2026-06-12 03:00,2026-06-15 10:00,31,0.8021,3.349
5/5,только нисходящий,2017-07-27 22:00,2017-07-28 14:00,17,0.6839,0.575
5/5,только нисходящий,2017-08-04 12:00,2017-08-07 22:00,33,0.2888,0.352
5/5,только нисходящий,2017-08-08 20:00,2017-08-09 04:00,8,0.5343,0.318
5/5,только нисходящий,2017-08-14 23:00,2017-08-16 17:00,42,0.1851,0.202
5/5,только нисходящий,2017-08-31 01:00,2017-08-31 17:00,17,0.7200,1.159
5/5,только нисходящий,2017-09-05 16:00,2017-09-06 00:00,8,0.3288,0.226
5/5,только нисходящий,2017-09-06 16:00,2017-09-07 13:00,21,0.5950,0.764
5/5,только нисходящий,2017-09-12 09:00,2017-09-20 00:00,130,0.5379,1.222
5/5,только нисходящий,2017-09-21 05:00,2017-09-25 14:00,56,0.0718,0.063
5/5,только нисходящий,2017-09-25 17:00,2017-09-26 01:00,8,0.4961,0.193
5/5,только нисходящий,2017-09-28 03:00,2017-09-29 16:00,37,0.1751,0.174
5/5,только нисходящий,2017-10-02 00:00,2017-10-03 19:00,43,0.3587,0.268
5/5,только нисходящий,2017-10-06 02:00,2017-10-06 13:00,12,0.7801,0.647
5/5,только нисходящий,2017-10-06 18:00,2017-10-09 01:00,7,0.8473,0.511
5/5,только нисходящий,2017-10-11 23:00,2017-10-12 06:00,8,0.4581,0.173
5/5,только нисходящий,2017-10-17 01:00,2017-10-19 07:00,53,0.4136,0.594
5/5,только нисходящий,2017-10-23 12:00,2017-10-26 09:00,67,0.3797,0.378
5/5,только нисходящий,2017-10-26 19:00,2017-10-27 12:00,17,0.2891,0.127
5/5,только нисходящий,2017-10-27 14:00,2017-10-30 15:00,25,0.5094,0.393
5/5,только нисходящий,2017-10-31 19:00,2017-11-01 06:00,11,0.4450,0.324
5/5,только нисходящий,2017-11-03 20:00,2017-11-06 14:00,17,0.2825,0.157
5/5,только нисходящий,2017-11-13 00:00,2017-11-14 23:00,46,0.4003,0.424
5/5,только нисходящий,2017-11-16 04:00,2017-11-17 06:00,26,0.6750,0.471
5/5,только нисходящий,2017-11-21 00:00,2017-11-21 19:00,20,0.2072,0.139
5/5,только нисходящий,2017-11-30 00:00,2017-12-01 15:00,39,0.6926,0.809
5/5,только нисходящий,2017-12-05 14:00,2017-12-08 18:00,74,0.6502,1.542
5/5,только нисходящий,2017-12-11 18:00,2017-12-13 17:00,46,0.0761,0.074
5/5,только нисходящий,2018-01-04 06:00,2018-01-05 01:00,19,0.6616,0.907
5/5,только нисходящий,2018-01-09 13:00,2018-01-10 09:00,20,0.2690,0.152
5/5,только нисходящий,2018-01-18 06:00,2018-01-19 07:00,25,0.6471,0.502
5/5,только нисходящий,2018-01-22 12:00,2018-01-23 14:00,26,0.2430,0.147
5/5,только нисходящий,2018-01-26 01:00,2018-02-01 01:00,93,0.4159,0.748
5/5,только нисходящий,2018-02-02 20:00,2018-02-06 00:00,27,0.5957,0.596
5/5,только нисходящий,2018-02-07 02:00,2018-02-09 03:00,48,0.5215,0.991
5/5,только нисходящий,2018-02-20 00:00,2018-02-26 00:00,93,0.6020,1.146
5/5,только нисходящий,2018-02-27 23:00,2018-03-02 14:00,62,0.2417,0.417
5/5,только нисходящий,2018-03-08 20:00,2018-03-09 21:00,25,0.1079,0.101
5/5,только нисходящий,2018-03-12 10:00,2018-03-13 03:00,17,0.4038,0.330
5/5,только нисходящий,2018-03-15 12:00,2018-03-21 14:00,95,0.1385,0.172
5/5,только нисходящий,2018-03-29 12:00,2018-04-02 06:00,18,0.8042,0.576
5/5,только нисходящий,2018-04-03 19:00,2018-04-04 16:00,21,0.2649,0.359
5/5,только нисходящий,2018-04-05 17:00,2018-04-06 05:00,12,0.3046,0.196
5/5,только нисходящий,2018-04-09 11:00,2018-04-09 16:00,6,0.6154,0.424
5/5,только нисходящий,2018-04-13 01:00,2018-04-16 18:00,41,0.4763,0.609
5/5,только нисходящий,2018-04-17 07:00,2018-04-18 10:00,27,0.5092,0.466
5/5,только нисходящий,2018-04-19 15:00,2018-04-24 17:00,72,0.4208,0.784
5/5,только нисходящий,2018-04-26 14:00,2018-04-27 09:00,19,0.0394,0.022
5/5,только нисходящий,2018-04-30 18:00,2018-05-03 10:00,62,0.3674,0.491
5/5,только нисходящий,2018-05-04 18:00,2018-05-07 05:00,11,0.0494,0.021
5/5,только нисходящий,2018-05-08 13:00,2018-05-08 23:00,10,0.7881,0.716
5/5,только нисходящий,2018-05-14 17:00,2018-05-18 17:00,93,0.6736,1.771
5/5,только нисходящий,2018-05-21 12:00,2018-05-22 12:00,24,0.5546,0.538
5/5,только нисходящий,2018-05-28 23:00,2018-05-29 12:00,14,0.0202,0.017
5/5,только нисходящий,2018-06-01 11:00,2018-06-05 14:00,50,0.1280,0.094
5/5,только нисходящий,2018-06-11 09:00,2018-06-11 19:00,11,0.5934,0.372
5/5,только нисходящий,2018-06-13 07:00,2018-06-14 00:00,17,0.5541,0.394
5/5,только нисходящий,2018-06-17 23:00,2018-06-19 08:00,33,0.1070,0.058
5/5,только нисходящий,2018-06-19 11:00,2018-06-20 17:00,30,0.1691,0.118
5/5,только нисходящий,2018-06-20 20:00,2018-06-21 05:00,9,0.5041,0.244
5/5,только нисходящий,2018-06-21 07:00,2018-06-22 11:00,28,0.4766,0.374
5/5,только нисходящий,2018-06-26 07:00,2018-06-29 20:00,83,0.4346,0.624
5/5,только нисходящий,2018-07-02 16:00,2018-07-03 14:00,22,0.7407,1.026
5/5,только нисходящий,2018-07-05 15:00,2018-07-05 19:00,5,0.0540,0.022
5/5,только нисходящий,2018-07-10 16:00,2018-07-17 06:00,106,0.5587,0.914
5/5,только нисходящий,2018-07-17 19:00,2018-07-19 22:00,49,0.2599,0.383
5/5,только нисходящий,2018-07-27 07:00,2018-07-27 19:00,13,0.1078,0.087
5/5,только нисходящий,2018-08-01 14:00,2018-08-09 10:00,135,0.1524,0.218
5/5,только нисходящий,2018-08-10 05:00,2018-08-10 13:00,9,0.7034,0.572
5/5,только нисходящий,2018-08-13 22:00,2018-08-17 18:00,90,0.3561,1.147
5/5,только нисходящий,2018-08-23 12:00,2018-08-24 12:00,24,0.2515,0.231
5/5,только нисходящий,2018-08-29 01:00,2018-08-31 12:00,58,0.0143,0.015
5/5,только нисходящий,2018-09-04 06:00,2018-09-06 09:00,50,0.5058,0.662
5/5,только нисходящий,2018-09-10 01:00,2018-09-10 18:00,18,0.2286,0.134
5/5,только нисходящий,2018-09-11 12:00,2018-09-12 01:00,13,0.4816,0.472
5/5,только нисходящий,2018-09-14 14:00,2018-09-19 16:00,72,0.4138,0.461
5/5,только нисходящий,2018-09-21 18:00,2018-09-28 12:00,110,0.4806,0.942
5/5,только нисходящий,2018-10-08 20:00,2018-10-10 19:00,46,0.4760,0.416
5/5,только нисходящий,2018-10-17 10:00,2018-10-18 19:00,33,0.0276,0.026
5/5,только нисходящий,2018-10-22 08:00,2018-10-23 07:00,23,0.6912,0.705
5/5,только нисходящий,2018-10-24 17:00,2018-10-25 00:00,7,0.5537,0.417
5/5,только нисходящий,2018-10-29 14:00,2018-11-01 13:00,69,0.0742,0.119
5/5,только нисходящий,2018-11-07 00:00,2018-11-07 15:00,16,0.1898,0.214
5/5,только нисходящий,2018-11-09 02:00,2018-11-14 16:00,84,0.6881,1.433
5/5,только нисходящий,2018-11-23 08:00,2018-11-28 16:00,75,0.4746,0.655
5/5,только нисходящий,2018-11-30 09:00,2018-12-03 06:00,21,0.3717,0.338
5/5,только нисходящий,2018-12-13 10:00,2018-12-17 13:00,50,0.0028,0.003
5/5,только нисходящий,2018-12-20 03:00,2018-12-20 17:00,15,0.8944,1.458
5/5,только нисходящий,2019-01-04 19:00,2019-01-09 17:00,68,0.3585,0.437
5/5,только нисходящий,2019-01-18 08:00,2019-01-22 07:00,42,0.5508,0.575
5/5,только нисходящий,2019-01-23 19:00,2019-01-25 12:00,40,0.0780,0.051
5/5,только нисходящий,2019-02-04 03:00,2019-02-05 09:00,30,0.3785,0.192
5/5,только нисходящий,2019-02-06 18:00,2019-02-08 12:00,41,0.3545,0.287
5/5,только нисходящий,2019-02-14 12:00,2019-02-15 17:00,29,0.7533,1.013
5/5,только нисходящий,2019-02-22 03:00,2019-02-25 18:00,39,0.1651,0.142
5/5,только нисходящий,2019-02-27 16:00,2019-02-28 07:00,15,0.1589,0.084
5/5,только нисходящий,2019-03-04 02:00,2019-03-06 11:00,56,0.7096,0.868
5/5,только нисходящий,2019-03-27 18:00,2019-03-29 11:00,40,0.6538,1.273
5/5,только нисходящий,2019-04-04 11:00,2019-04-05 00:00,13,0.1873,0.196
5/5,только нисходящий,2019-04-11 23:00,2019-04-18 11:00,105,0.6479,1.231
5/5,только нисходящий,2019-04-22 22:00,2019-04-24 19:00,45,0.0693,0.066
5/5,только нисходящий,2019-05-01 18:00,2019-05-03 13:00,42,0.0891,0.145
5/5,только нисходящий,2019-05-16 20:00,2019-05-20 19:00,46,0.5812,0.688
5/5,только нисходящий,2019-05-21 12:00,2019-05-22 16:00,28,0.3707,0.225
5/5,только нисходящий,2019-05-28 12:00,2019-05-29 06:00,18,0.5799,0.368
5/5,только нисходящий,2019-06-10 18:00,2019-06-12 01:00,30,0.1040,0.078
5/5,только нисходящий,2019-06-17 14:00,2019-06-18 06:00,16,0.7495,0.611
5/5,только нисходящий,2019-06-26 00:00,2019-06-26 19:00,20,0.2936,0.388
5/5,только нисходящий,2019-07-01 03:00,2019-07-02 14:00,35,0.1490,0.155
5/5,только нисходящий,2019-07-05 12:00,2019-07-08 06:00,18,0.1559,0.312
5/5,только нисходящий,2019-07-16 15:00,2019-07-17 14:00,23,0.7229,0.981
5/5,только нисходящий,2019-07-23 10:00,2019-07-23 18:00,9,0.0239,0.021
5/5,только нисходящий,2019-07-25 23:00,2019-07-30 00:00,48,0.6981,0.717
5/5,только нисходящий,2019-08-01 06:00,2019-08-01 18:00,13,0.8212,2.354
5/5,только нисходящий,2019-08-12 05:00,2019-08-12 10:00,6,0.4034,0.511
5/5,только нисходящий,2019-08-19 09:00,2019-08-20 08:00,23,0.3956,0.276
5/5,только нисходящий,2019-08-22 16:00,2019-08-23 13:00,21,0.4433,0.416
5/5,только нисходящий,2019-08-30 00:00,2019-09-02 02:00,26,0.0416,0.049
5/5,только нисходящий,2019-09-05 19:00,2019-09-09 17:00,45,0.4654,0.922
5/5,только нисходящий,2019-09-09 20:00,2019-09-12 03:00,53,0.3315,0.358
5/5,только нисходящий,2019-09-16 00:00,2019-09-16 04:00,5,0.1388,0.086
5/5,только нисходящий,2019-09-19 00:00,2019-09-20 17:00,41,0.8363,1.308
5/5,только нисходящий,2019-09-25 22:00,2019-09-26 17:00,20,0.1020,0.081
5/5,только нисходящий,2019-09-27 06:00,2019-10-02 11:00,75,0.2517,0.775
5/5,только нисходящий,2019-10-07 23:00,2019-10-09 20:00,45,0.5324,0.903
5/5,только нисходящий,2019-10-10 19:00,2019-10-15 14:00,65,0.5097,0.994
5/5,только нисходящий,2019-10-21 19:00,2019-10-23 04:00,32,0.6244,0.410
5/5,только нисходящий,2019-10-28 13:00,2019-10-29 11:00,22,0.3705,0.378
5/5,только нисходящий,2019-10-29 13:00,2019-10-31 00:00,34,0.5705,0.594
5/5,только нисходящий,2019-11-05 02:00,2019-11-06 12:00,34,0.7195,1.352
5/5,только нисходящий,2019-11-07 23:00,2019-11-13 16:00,87,0.2402,0.445
5/5,только нисходящий,2019-11-18 08:00,2019-11-18 20:00,13,0.6652,0.795
5/5,только нисходящий,2019-11-22 20:00,2019-11-26 19:00,46,0.0431,0.039
5/5,только нисходящий,2019-11-27 21:00,2019-11-29 09:00,31,0.3438,0.123
5/5,только нисходящий,2019-12-04 15:00,2019-12-05 21:00,30,0.3198,0.192
5/5,только нисходящий,2019-12-06 13:00,2019-12-10 08:00,42,0.1766,0.253
5/5,только нисходящий,2019-12-13 04:00,2019-12-16 11:00,31,0.7140,0.648
5/5,только нисходящий,2020-01-06 21:00,2020-01-07 21:00,24,0.3802,0.534
5/5,только нисходящий,2020-01-09 18:00,2020-01-10 14:00,20,0.0550,0.039
5/5,только нисходящий,2020-01-14 06:00,2020-01-16 00:00,41,0.7893,1.116
5/5,только нисходящий,2020-01-21 19:00,2020-01-23 03:00,31,0.0426,0.037
5/5,только нисходящий,2020-01-29 08:00,2020-01-30 12:00,28,0.7527,0.754
5/5,только нисходящий,2020-02-04 08:00,2020-02-06 09:00,48,0.2280,0.374
5/5,только нисходящий,2020-02-11 15:00,2020-02-12 20:00,29,0.3232,0.199
5/5,только нисходящий,2020-02-28 05:00,2020-03-03 12:00,54,0.3588,1.746
5/5,только нисходящий,2020-03-10 11:00,2020-03-11 16:00,29,0.5776,1.028
5/5,только нисходящий,2020-03-12 09:00,2020-03-17 19:00,80,0.5388,6.385
5/5,только нисходящий,2020-03-19 02:00,2020-03-20 06:00,28,0.5517,1.882
5/5,только нисходящий,2020-03-31 08:00,2020-04-02 11:00,50,0.3124,0.850
5/5,только нисходящий,2020-04-07 18:00,2020-04-08 17:00,23,0.1601,0.164
5/5,только нисходящий,2020-04-17 05:00,2020-04-20 20:00,39,0.0054,0.012
5/5,только нисходящий,2020-04-27 06:00,2020-04-30 00:00,64,0.0697,0.129
5/5,только нисходящий,2020-05-01 05:00,2020-05-01 15:00,11,0.8548,1.387
5/5,только нисходящий,2020-05-06 14:00,2020-05-07 11:00,21,0.4105,0.361
5/5,только нисходящий,2020-05-08 18:00,2020-05-13 11:00,63,0.1754,0.208
5/5,только нисходящий,2020-05-21 13:00,2020-05-28 08:00,107,0.2962,0.790
5/5,только нисходящий,2020-06-02 22:00,2020-06-04 16:00,42,0.3249,0.802
5/5,только нисходящий,2020-06-05 19:00,2020-06-09 05:00,33,0.6033,0.983
5/5,только нисходящий,2020-06-15 09:00,2020-06-16 12:00,27,0.4194,0.698
5/5,только нисходящий,2020-06-25 10:00,2020-06-26 12:00,26,0.1624,0.105
5/5,только нисходящий,2020-06-26 14:00,2020-06-26 20:00,7,0.6467,0.901
5/5,только нисходящий,2020-07-09 20:00,2020-07-13 17:00,44,0.3952,0.421
5/5,только нисходящий,2020-07-16 17:00,2020-07-17 20:00,27,0.7594,0.710
5/5,только нисходящий,2020-07-28 12:00,2020-07-29 17:00,29,0.5022,1.054
5/5,только нисходящий,2020-07-29 19:00,2020-07-29 23:00,4,0.1362,0.139
5/5,только нисходящий,2020-08-09 23:00,2020-08-13 16:00,87,0.3924,3.620
5/5,только нисходящий,2020-08-17 05:00,2020-08-17 13:00,9,0.9708,1.543
5/5,только нисходящий,2020-08-20 02:00,2020-08-21 04:00,26,0.0411,0.066
5/5,только нисходящий,2020-08-21 11:00,2020-08-24 16:00,29,0.3041,0.798
5/5,только нисходящий,2020-08-27 14:00,2020-08-27 17:00,4,0.3528,0.569
5/5,только нисходящий,2020-09-02 07:00,2020-09-04 16:00,56,0.6311,1.778
5/5,только нисходящий,2020-09-08 12:00,2020-09-08 15:00,4,0.5932,0.701
5/5,только нисходящий,2020-09-08 18:00,2020-09-08 22:00,4,0.0630,0.040
5/5,только нисходящий,2020-09-15 19:00,2020-09-16 17:00,22,0.3916,0.478
5/5,только нисходящий,2020-09-17 03:00,2020-09-20 22:00,42,0.3800,0.534
5/5,только нисходящий,2020-09-21 08:00,2020-09-28 14:00,122,0.7309,3.763
5/5,только нисходящий,2020-10-06 19:00,2020-10-08 17:00,45,0.1408,0.207
5/5,только нисходящий,2020-10-13 01:00,2020-10-16 01:00,70,0.2116,0.470
5/5,только нисходящий,2020-10-22 19:00,2020-10-27 06:00,57,0.1564,0.188
5/5,только нисходящий,2020-10-28 10:00,2020-10-30 11:00,48,0.4226,0.910
5/5,только нисходящий,2020-11-09 21:00,2020-11-13 11:00,83,0.5102,0.933
5/5,только нисходящий,2020-11-16 16:00,2020-11-17 17:00,25,0.7178,0.442
5/5,только нисходящий,2020-11-17 21:00,2020-11-18 19:00,22,0.2896,0.325
5/5,только нисходящий,2020-11-23 21:00,2020-11-25 18:00,44,0.7949,1.670
5/5,только нисходящий,2020-11-27 13:00,2020-11-30 21:00,29,0.0401,0.096
5/5,только нисходящий,2020-12-09 11:00,2020-12-10 14:00,27,0.1566,0.326
5/5,только нисходящий,2020-12-22 20:00,2020-12-24 06:00,33,0.6998,0.855
5/5,только нисходящий,2021-01-06 21:00,2021-01-07 10:00,13,0.3723,0.364
5/5,только нисходящий,2021-01-08 08:00,2021-01-12 06:00,45,0.3299,1.533
5/5,только нисходящий,2021-01-13 21:00,2021-01-19 05:00,73,0.1362,0.403
5/5,только нисходящий,2021-01-22 18:00,2021-01-25 04:00,10,0.2344,0.094
5/5,только нисходящий,2021-01-27 11:00,2021-01-28 12:00,25,0.0465,0.049
5/5,только нисходящий,2021-02-02 19:00,2021-02-05 21:00,72,0.3795,1.238
5/5,только нисходящий,2021-02-12 01:00,2021-02-12 19:00,19,0.2111,0.234
5/5,только нисходящий,2021-02-16 12:00,2021-02-19 16:00,74,0.4119,1.325
5/5,только нисходящий,2021-02-24 19:00,2021-03-04 17:00,137,0.9022,5.392
5/5,только нисходящий,2021-03-04 19:00,2021-03-05 18:00,23,0.0090,0.011
5/5,только нисходящий,2021-03-12 14:00,2021-03-15 05:00,16,0.5271,1.035
5/5,только нисходящий,2021-03-23 16:00,2021-03-24 14:00,22,0.4388,0.307
5/5,только нисходящий,2021-03-29 13:00,2021-03-31 12:00,46,0.4914,1.390
5/5,только нисходящий,2021-03-31 17:00,2021-03-31 22:00,5,0.3154,0.170
5/5,только нисходящий,2021-04-13 05:00,2021-04-13 12:00,8,0.4731,0.505
5/5,только нисходящий,2021-04-14 19:00,2021-04-15 13:00,18,0.7885,1.009
5/5,только нисходящий,2021-04-20 09:00,2021-04-20 20:00,12,0.5086,0.482
5/5,только нисходящий,2021-04-28 01:00,2021-04-29 06:00,29,0.3202,0.493
5/5,только нисходящий,2021-05-12 02:00,2021-05-12 17:00,16,0.1749,0.236
5/5,только нисходящий,2021-05-13 09:00,2021-05-13 20:00,12,0.7517,0.829
5/5,только нисходящий,2021-06-01 19:00,2021-06-02 14:00,19,0.1137,0.086
5/5,только нисходящий,2021-06-03 18:00,2021-06-07 23:00,51,0.5987,1.412
5/5,только нисходящий,2021-06-10 17:00,2021-06-11 11:00,18,0.3450,0.286
5/5,только нисходящий,2021-06-14 07:00,2021-06-16 10:00,50,0.1311,0.178
5/5,только нисходящий,2021-06-16 18:00,2021-06-16 22:00,4,0.2804,0.891
5/5,только нисходящий,2021-06-17 00:00,2021-06-21 19:00,66,0.5388,1.905
5/5,только нисходящий,2021-06-29 11:00,2021-06-30 15:00,28,0.2000,0.286
5/5,только нисходящий,2021-07-16 10:00,2021-07-20 06:00,43,0.1348,0.235
5/5,только нисходящий,2021-07-21 01:00,2021-07-26 05:00,74,0.0521,0.069
5/5,только нисходящий,2021-08-02 00:00,2021-08-02 22:00,22,0.2612,0.197
5/5,только нисходящий,2021-08-05 17:00,2021-08-11 11:00,87,0.5190,3.728
5/5,только нисходящий,2021-08-19 03:00,2021-08-23 11:00,55,0.5707,0.610
5/5,только нисходящий,2021-08-25 19:00,2021-08-27 15:00,43,0.6647,1.235
5/5,только нисходящий,2021-08-31 00:00,2021-08-31 10:00,11,0.0319,0.017
5/5,только нисходящий,2021-09-07 20:00,2021-09-10 09:00,59,0.1450,0.173
5/5,только нисходящий,2021-09-16 18:00,2021-09-20 11:00,40,0.0661,0.096
5/5,только нисходящий,2021-09-22 18:00,2021-09-22 23:00,5,0.0049,0.006
5/5,только нисходящий,2021-09-23 01:00,2021-09-27 06:00,52,0.1496,0.329
5/5,только нисходящий,2021-09-28 09:00,2021-09-30 13:00,51,0.1627,0.223
5/5,только нисходящий,2021-10-11 12:00,2021-10-12 12:00,24,0.4601,0.389
5/5,только нисходящий,2021-10-15 17:00,2021-10-19 04:00,34,0.4272,0.373
5/5,только нисходящий,2021-10-29 19:00,2021-11-02 11:00,39,0.4240,0.411
5/5,только нисходящий,2021-11-03 13:00,2021-11-04 11:00,22,0.5947,0.783
5/5,только нисходящий,2021-11-17 05:00,2021-11-26 04:00,156,0.5988,2.985
5/5,только нисходящий,2021-12-02 08:00,2021-12-03 15:00,31,0.0197,0.021
5/5,только нисходящий,2021-12-14 13:00,2021-12-15 19:00,30,0.0798,0.147
5/5,только нисходящий,2021-12-21 02:00,2021-12-22 13:00,35,0.2166,0.189
5/5,только нисходящий,2021-12-29 07:00,2021-12-30 15:00,32,0.1433,0.152
5/5,только нисходящий,2022-01-03 21:00,2022-01-05 12:00,38,0.7540,0.934
5/5,только нисходящий,2022-01-06 18:00,2022-01-07 18:00,24,0.5405,0.485
5/5,только нисходящий,2022-01-18 08:00,2022-01-19 12:00,28,0.4021,0.317
5/5,только нисходящий,2022-01-21 13:00,2022-01-21 18:00,6,0.7053,0.498
5/5,только нисходящий,2022-01-28 00:00,2022-01-31 12:00,36,0.2771,0.295
5/5,только нисходящий,2022-02-03 14:00,2022-02-04 11:00,21,0.7556,1.089
5/5,только нисходящий,2022-03-02 16:00,2022-03-03 15:00,23,0.3131,0.389
5/5,только нисходящий,2022-03-11 13:00,2022-03-17 07:00,88,0.2784,1.348
5/5,только нисходящий,2022-03-18 16:00,2022-03-21 18:00,26,0.3227,0.394
5/5,только нисходящий,2022-03-22 19:00,2022-03-24 04:00,32,0.5647,0.971
5/5,только нисходящий,2022-03-25 18:00,2022-03-30 14:00,66,0.2331,0.817
5/5,только нисходящий,2022-04-03 23:00,2022-04-04 11:00,13,0.2564,0.234
5/5,только нисходящий,2022-04-20 11:00,2022-04-29 04:00,155,0.5375,2.373
5/5,только нисходящий,2022-05-02 18:00,2022-05-03 13:00,19,0.5067,0.601
5/5,только нисходящий,2022-05-05 22:00,2022-05-17 03:00,167,0.5227,2.944
5/5,только нисходящий,2022-05-18 08:00,2022-05-19 11:00,27,0.5943,0.822
5/5,только нисходящий,2022-05-26 05:00,2022-05-30 04:00,46,0.8159,0.942
5/5,только нисходящий,2022-05-31 15:00,2022-06-02 07:00,39,0.3070,0.414
5/5,только нисходящий,2022-06-07 06:00,2022-06-08 19:00,37,0.5164,0.592
5/5,только нисходящий,2022-06-09 11:00,2022-06-10 13:00,26,0.4550,0.679
5/5,только нисходящий,2022-06-14 13:00,2022-06-15 16:00,27,0.1204,0.208
5/5,только нисходящий,2022-06-20 01:00,2022-06-21 18:00,39,0.3725,0.311
5/5,только нисходящий,2022-06-22 04:00,2022-06-22 17:00,14,0.6135,0.822
5/5,только нисходящий,2022-06-29 06:00,2022-06-29 11:00,6,0.4747,0.400
5/5,только нисходящий,2022-07-01 01:00,2022-07-07 18:00,108,0.7888,3.586
5/5,только нисходящий,2022-07-12 04:00,2022-07-13 13:00,33,0.1737,0.324
5/5,только нисходящий,2022-07-21 16:00,2022-07-22 01:00,9,0.4918,0.281
5/5,только нисходящий,2022-07-27 04:00,2022-07-27 12:00,9,0.2788,0.187
5/5,только нисходящий,2022-08-03 04:00,2022-08-04 08:00,28,0.3305,0.424
5/5,только нисходящий,2022-08-15 10:00,2022-08-17 05:00,42,0.2181,0.185
5/5,только нисходящий,2022-08-17 22:00,2022-08-23 05:00,77,0.5653,1.431
5/5,только нисходящий,2022-08-28 22:00,2022-09-02 13:00,108,0.4190,1.367
5/5,только нисходящий,2022-09-08 19:00,2022-09-09 11:00,16,0.6202,0.830
5/5,только нисходящий,2022-09-13 12:00,2022-09-16 13:00,71,0.4986,2.272
5/5,только нисходящий,2022-09-23 15:00,2022-09-28 14:00,69,0.1108,0.264
5/5,только нисходящий,2022-10-07 17:00,2022-10-11 14:00,44,0.7360,1.796
5/5,только нисходящий,2022-10-14 09:00,2022-10-21 18:00,125,0.0041,0.013
5/5,только нисходящий,2022-10-25 09:00,2022-10-25 18:00,10,0.5756,0.845
5/5,только нисходящий,2022-10-28 06:00,2022-11-01 05:00,46,0.4897,0.910
5/5,только нисходящий,2022-11-03 10:00,2022-11-07 02:00,38,0.7840,3.147
5/5,только нисходящий,2022-11-17 10:00,2022-11-22 15:00,75,0.5899,1.176
5/5,только нисходящий,2022-11-25 18:00,2022-11-28 08:00,11,0.4155,0.331
5/5,только нисходящий,2022-11-29 01:00,2022-11-30 08:00,31,0.6765,0.754
5/5,только нисходящий,2022-12-02 18:00,2022-12-05 08:00,14,0.1391,0.127
5/5,только нисходящий,2022-12-05 18:00,2022-12-06 11:00,17,0.9272,0.688
5/5,только нисходящий,2022-12-12 17:00,2022-12-13 12:00,19,0.4804,0.337
5/5,только нисходящий,2022-12-15 13:00,2022-12-16 13:00,24,0.7158,0.507
5/5,только нисходящий,2022-12-23 00:00,2022-12-27 14:00,38,0.7927,0.901
5/5,только нисходящий,2022-12-28 21:00,2022-12-29 23:00,25,0.6677,0.599
5/5,только нисходящий,2023-01-05 20:00,2023-01-06 14:00,18,0.5061,0.587
5/5,только нисходящий,2023-01-17 15:00,2023-01-18 18:00,27,0.2079,0.318
5/5,только нисходящий,2023-01-23 14:00,2023-01-24 12:00,22,0.6464,1.049
5/5,только нисходящий,2023-01-31 07:00,2023-01-31 23:00,16,0.4250,0.673
5/5,только нисходящий,2023-02-03 08:00,2023-02-07 21:00,60,0.7229,2.105
5/5,только нисходящий,2023-02-10 02:00,2023-02-14 17:00,62,0.3549,0.552
5/5,только нисходящий,2023-02-15 06:00,2023-02-16 12:00,30,0.2295,0.200
5/5,только нисходящий,2023-02-17 06:00,2023-02-20 06:00,24,0.7380,1.079
5/5,только нисходящий,2023-02-21 17:00,2023-02-22 16:00,23,0.2471,0.197
5/5,только нисходящий,2023-02-22 19:00,2023-02-27 13:00,64,0.3582,0.534
5/5,только нисходящий,2023-03-07 09:00,2023-03-09 13:00,51,0.4936,1.007
5/5,только нисходящий,2023-03-21 13:00,2023-03-22 13:00,24,0.3176,0.513
5/5,только нисходящий,2023-03-27 03:00,2023-03-28 14:00,35,0.1659,0.278
5/5,только нисходящий,2023-03-31 18:00,2023-04-03 19:00,25,0.3361,0.694
5/5,только нисходящий,2023-04-10 00:00,2023-04-11 12:00,36,0.0105,0.014
5/5,только нисходящий,2023-04-16 22:00,2023-04-20 18:00,90,0.1021,0.234
5/5,только нисходящий,2023-04-27 12:00,2023-04-28 19:00,31,0.1152,0.170
5/5,только нисходящий,2023-05-05 19:00,2023-05-09 15:00,43,0.4934,0.454
5/5,только нисходящий,2023-05-11 18:00,2023-05-12 17:00,23,0.0016,0.002
5/5,только нисходящий,2023-05-16 06:00,2023-05-19 16:00,80,0.4577,1.435
5/5,только нисходящий,2023-05-23 13:00,2023-05-24 09:00,20,0.2945,0.325
5/5,только нисходящий,2023-05-25 12:00,2023-05-29 16:00,51,0.0027,0.004
5/5,только нисходящий,2023-06-05 17:00,2023-06-06 16:00,23,0.2752,0.168
5/5,только нисходящий,2023-06-08 02:00,2023-06-08 18:00,17,0.6794,0.967
5/5,только нисходящий,2023-06-13 18:00,2023-06-16 10:00,62,0.6003,1.254
5/5,только нисходящий,2023-06-22 12:00,2023-06-30 14:00,141,0.1812,0.417
5/5,только нисходящий,2023-07-06 02:00,2023-07-07 19:00,41,0.1864,0.313
5/5,только нисходящий,2023-07-17 12:00,2023-07-18 11:00,23,0.5465,0.740
5/5,только нисходящий,2023-07-21 07:00,2023-07-26 02:00,65,0.0117,0.011
5/5,только нисходящий,2023-07-27 22:00,2023-07-28 13:00,16,0.5546,0.459
5/5,только нисходящий,2023-08-02 17:00,2023-08-04 12:00,42,0.1327,0.124
5/5,только нисходящий,2023-08-08 11:00,2023-08-15 18:00,123,0.7110,1.359
5/5,только нисходящий,2023-08-16 18:00,2023-08-21 17:00,69,0.0338,0.033
5/5,только нисходящий,2023-08-25 14:00,2023-08-28 19:00,29,0.6795,0.795
5/5,только нисходящий,2023-08-31 20:00,2023-09-01 11:00,15,0.6170,0.243
5/5,только нисходящий,2023-09-05 09:00,2023-09-08 00:00,61,0.3599,0.363
5/5,только нисходящий,2023-09-12 18:00,2023-09-13 17:00,23,0.3295,0.174
5/5,только нисходящий,2023-09-14 12:00,2023-09-15 03:00,15,0.7487,0.589
5/5,только нисходящий,2023-09-21 08:00,2023-09-22 18:00,34,0.1282,0.101
5/5,только нисходящий,2023-09-26 06:00,2023-09-29 17:00,81,0.9166,3.167
5/5,только нисходящий,2023-09-29 19:00,2023-10-06 14:00,111,0.6183,1.335
5/5,только нисходящий,2023-10-24 09:00,2023-10-25 12:00,27,0.3559,0.435
5/5,только нисходящий,2023-10-31 20:00,2023-11-03 11:00,61,0.1705,0.191
5/5,только нисходящий,2023-11-07 18:00,2023-11-09 13:00,42,0.7134,0.955
5/5,только нисходящий,2023-11-13 00:00,2023-11-13 17:00,18,0.3669,0.332
5/5,только нисходящий,2023-11-20 05:00,2023-11-21 02:00,21,0.3651,0.503
5/5,только нисходящий,2023-11-23 00:00,2023-11-24 12:00,34,0.4040,0.176
5/5,только нисходящий,2023-12-05 10:00,2023-12-07 12:00,49,0.3067,0.394
5/5,только нисходящий,2023-12-08 16:00,2023-12-13 17:00,71,0.5519,1.010
5/5,только нисходящий,2023-12-15 18:00,2023-12-18 16:00,22,0.1424,0.128
5/5,только нисходящий,2023-12-20 18:00,2023-12-21 18:00,24,0.1490,0.136
5/5,только нисходящий,2023-12-29 03:00,2024-01-02 13:00,34,0.1570,0.157
5/5,только нисходящий,2024-01-03 11:00,2024-01-05 14:00,50,0.0192,0.029
5/5,только нисходящий,2024-01-10 06:00,2024-01-10 14:00,9,0.1697,0.137
5/5,только нисходящий,2024-01-17 00:00,2024-01-19 10:00,57,0.0603,0.092
5/5,только нисходящий,2024-02-02 13:00,2024-02-06 14:00,48,0.0246,0.052
5/5,только нисходящий,2024-02-12 13:00,2024-02-12 17:00,5,0.0175,0.014
5/5,только нисходящий,2024-02-13 13:00,2024-02-13 17:00,5,0.2586,0.535
5/5,только нисходящий,2024-02-13 19:00,2024-02-14 23:00,27,0.1637,0.097
5/5,только нисходящий,2024-02-22 01:00,2024-02-22 12:00,12,0.1316,0.061
5/5,только нисходящий,2024-02-23 09:00,2024-02-23 15:00,7,0.8905,0.663
5/5,только нисходящий,2024-02-28 08:00,2024-02-28 18:00,11,0.3554,0.235
5/5,только нисходящий,2024-03-13 01:00,2024-03-13 15:00,15,0.7566,0.608
5/5,только нисходящий,2024-03-22 17:00,2024-03-25 17:00,24,0.6390,0.719
5/5,только нисходящий,2024-04-05 06:00,2024-04-05 14:00,9,0.7974,1.686
5/5,только нисходящий,2024-04-10 18:00,2024-04-11 16:00,22,0.8869,0.957
5/5,только нисходящий,2024-04-17 20:00,2024-04-19 00:00,27,0.4835,0.781
5/5,только нисходящий,2024-04-23 00:00,2024-04-24 19:00,43,0.2979,0.586
5/5,только нисходящий,2024-04-30 07:00,2024-05-06 17:00,103,0.1289,0.305
5/5,только нисходящий,2024-05-22 11:00,2024-05-27 07:00,66,0.7809,2.913
5/5,только нисходящий,2024-05-30 02:00,2024-05-30 12:00,11,0.4623,0.448
5/5,только нисходящий,2024-05-31 14:00,2024-05-31 17:00,4,0.3687,0.398
5/5,только нисходящий,2024-05-31 19:00,2024-06-03 13:00,18,0.2655,0.251
5/5,только нисходящий,2024-06-10 02:00,2024-06-10 11:00,10,0.5016,0.384
5/5,только нисходящий,2024-06-13 15:00,2024-06-14 15:00,24,0.6621,1.185
5/5,только нисходящий,2024-06-18 10:00,2024-06-18 22:00,12,0.7509,0.862
5/5,только нисходящий,2024-06-23 23:00,2024-06-25 14:00,39,0.4101,0.343
5/5,только нисходящий,2024-06-26 06:00,2024-06-27 18:00,36,0.2438,0.393
5/5,только нисходящий,2024-07-08 20:00,2024-07-10 12:00,39,0.5749,0.790
5/5,только нисходящий,2024-07-18 18:00,2024-07-23 15:00,67,0.6342,1.879
5/5,только нисходящий,2024-07-25 23:00,2024-07-31 01:00,72,0.7935,1.915
5/5,только нисходящий,2024-08-05 10:00,2024-08-08 14:00,74,0.0858,0.218
5/5,только нисходящий,2024-08-14 13:00,2024-08-14 16:00,4,0.4211,0.539
5/5,только нисходящий,2024-08-14 18:00,2024-08-16 10:00,39,0.4450,0.690
5/5,только нисходящий,2024-08-22 13:00,2024-08-26 10:00,44,0.6636,1.489
5/5,только нисходящий,2024-08-28 11:00,2024-09-02 12:00,71,0.0047,0.007
5/5,только нисходящий,2024-09-03 13:00,2024-09-04 18:00,29,0.5130,0.588
5/5,только нисходящий,2024-09-17 23:00,2024-09-18 15:00,17,0.2876,0.167
5/5,только нисходящий,2024-09-18 19:00,2024-09-18 23:00,4,0.3546,0.410
5/5,только нисходящий,2024-09-29 23:00,2024-10-01 20:00,45,0.0004,0.001
5/5,только нисходящий,2024-10-08 07:00,2024-10-08 16:00,10,0.5175,0.949
5/5,только нисходящий,2024-10-08 18:00,2024-10-10 18:00,47,0.4229,0.411
5/5,только нисходящий,2024-10-23 20:00,2024-10-28 01:00,51,0.5007,0.619
5/5,только нисходящий,2024-10-31 20:00,2024-11-05 18:00,67,0.0698,0.095
5/5,только нисходящий,2024-11-06 06:00,2024-11-13 17:00,127,0.7653,4.570
5/5,только нисходящий,2024-11-13 19:00,2024-11-18 00:00,51,0.0927,0.173
5/5,только нисходящий,2024-11-25 10:00,2024-11-26 17:00,31,0.6322,1.972
5/5,только нисходящий,2024-12-02 10:00,2024-12-03 18:00,32,0.4432,0.374
5/5,только нисходящий,2024-12-06 01:00,2024-12-09 05:00,28,0.5527,0.792
5/5,только нисходящий,2024-12-12 20:00,2024-12-20 20:00,139,0.5229,2.126
5/5,только нисходящий,2024-12-23 21:00,2024-12-26 00:00,23,0.6815,0.337
5/5,только нисходящий,2024-12-27 19:00,2024-12-31 12:00,40,0.2999,0.365
5/5,только нисходящий,2025-01-06 12:00,2025-01-06 15:00,4,0.3265,0.424
5/5,только нисходящий,2025-01-14 01:00,2025-01-15 02:00,25,0.1470,0.102
5/5,только нисходящий,2025-01-17 19:00,2025-01-21 00:00,26,0.1042,0.095
5/5,только нисходящий,2025-01-27 01:00,2025-01-28 13:00,36,0.3347,0.511
5/5,только нисходящий,2025-02-03 08:00,2025-02-03 18:00,11,0.5556,0.870
5/5,только нисходящий,2025-02-06 14:00,2025-02-07 07:00,17,0.6097,0.779
5/5,только нисходящий,2025-02-14 17:00,2025-02-18 06:00,34,0.6872,0.922
5/5,только нисходящий,2025-02-25 21:00,2025-03-03 14:00,86,0.3829,1.280
5/5,только нисходящий,2025-03-10 16:00,2025-03-11 17:00,25,0.5207,0.755
5/5,только нисходящий,2025-03-21 13:00,2025-03-24 14:00,25,0.1458,0.182
5/5,только нисходящий,2025-04-03 12:00,2025-04-09 06:00,87,0.2071,1.213
5/5,только нисходящий,2025-04-14 18:00,2025-04-15 20:00,26,0.6687,0.674
5/5,только нисходящий,2025-04-23 13:00,2025-04-24 20:00,31,0.6671,2.188
5/5,только нисходящий,2025-04-25 13:00,2025-04-28 18:00,29,0.7987,2.064
5/5,только нисходящий,2025-04-30 08:00,2025-05-05 06:00,68,0.1895,0.680
5/5,только нисходящий,2025-05-08 08:00,2025-05-13 05:00,67,0.5120,2.481
5/5,только нисходящий,2025-05-14 12:00,2025-05-15 14:00,26,0.2030,0.649
5/5,только нисходящий,2025-05-27 06:00,2025-05-28 08:00,26,0.3028,0.396
5/5,только нисходящий,2025-05-29 06:00,2025-05-29 20:00,15,0.7233,1.401
5/5,только нисходящий,2025-06-05 20:00,2025-06-09 22:00,48,0.3530,0.866
5/5,только нисходящий,2025-06-16 18:00,2025-06-18 08:00,37,0.0457,0.050
5/5,только нисходящий,2025-06-19 07:00,2025-06-23 02:00,40,0.0918,0.133
5/5,только нисходящий,2025-06-24 11:00,2025-06-26 06:00,42,0.3877,0.560
5/5,только нисходящий,2025-06-27 11:00,2025-06-30 11:00,24,0.0662,0.106
5/5,только нисходящий,2025-07-03 17:00,2025-07-08 02:00,51,0.1087,0.162
5/5,только нисходящий,2025-07-14 19:00,2025-07-16 19:00,47,0.0489,0.085
5/5,только нисходящий,2025-07-23 22:00,2025-07-29 19:00,91,0.6756,1.829
5/5,только нисходящий,2025-07-30 12:00,2025-08-01 11:00,46,0.2018,0.389
5/5,только нисходящий,2025-08-11 06:00,2025-08-12 19:00,37,0.3925,0.539
5/5,только нисходящий,2025-08-14 14:00,2025-08-18 09:00,42,0.2122,0.221
5/5,только нисходящий,2025-08-19 16:00,2025-08-20 18:00,26,0.7290,0.851
5/5,только нисходящий,2025-09-11 07:00,2025-09-12 02:00,19,0.4984,0.526
5/5,только нисходящий,2025-09-17 16:00,2025-09-19 16:00,47,0.2069,0.447
5/5,только нисходящий,2025-09-25 01:00,2025-09-25 12:00,12,0.0838,0.072
5/5,только нисходящий,2025-10-09 04:00,2025-10-10 13:00,33,0.5099,1.435
5/5,только нисходящий,2025-10-19 23:00,2025-10-20 11:00,13,0.6767,0.966
5/5,только нисходящий,2025-10-21 19:00,2025-10-23 10:00,38,0.0017,0.006
5/5,только нисходящий,2025-10-28 05:00,2025-10-29 04:00,23,0.1505,0.364
5/5,только нисходящий,2025-11-03 00:00,2025-11-03 19:00,20,0.4946,0.854
5/5,только нисходящий,2025-11-04 18:00,2025-11-05 20:00,26,0.7644,1.188
5/5,только нисходящий,2025-11-14 00:00,2025-11-19 08:00,78,0.4706,2.401
5/5,только нисходящий,2025-12-02 09:00,2025-12-03 18:00,33,0.0630,0.117
5/5,только нисходящий,2025-12-04 08:00,2025-12-04 20:00,13,0.6918,0.596
5/5,только нисходящий,2025-12-08 15:00,2025-12-09 13:00,22,0.4321,0.445
5/5,только нисходящий,2025-12-29 06:00,2026-01-02 02:00,66,0.4738,2.506
5/5,только нисходящий,2026-01-08 05:00,2026-01-09 03:00,22,0.5336,0.867
5/5,только нисходящий,2026-01-16 15:00,2026-01-16 21:00,7,0.2981,0.547
5/5,только нисходящий,2026-01-27 03:00,2026-01-27 19:00,17,0.3863,0.430
5/5,только нисходящий,2026-01-30 16:00,2026-02-03 06:00,37,0.1606,2.094
5/5,только нисходящий,2026-02-05 15:00,2026-02-06 21:00,30,0.4641,3.045
5/5,только нисходящий,2026-02-12 21:00,2026-02-13 16:00,19,0.5908,1.746
5/5,только нисходящий,2026-02-17 10:00,2026-02-18 13:00,27,0.3272,0.842
5/5,только нисходящий,2026-03-03 20:00,2026-03-04 16:00,20,0.4246,1.023
5/5,только нисходящий,2026-03-05 16:00,2026-03-06 20:00,28,0.6109,1.489
5/5,только нисходящий,2026-03-11 22:00,2026-03-16 18:00,67,0.5634,2.456
5/5,только нисходящий,2026-03-18 11:00,2026-03-24 19:00,101,0.6056,10.748
5/5,только нисходящий,2026-03-26 13:00,2026-03-27 14:00,25,0.3482,1.277
5/5,только нисходящий,2026-04-13 04:00,2026-04-13 20:00,17,0.3461,0.364
5/5,только нисходящий,2026-04-21 14:00,2026-04-24 18:00,74,0.1292,0.340
5/5,только нисходящий,2026-04-28 05:00,2026-04-30 14:00,56,0.0808,0.276
5/5,только нисходящий,2026-05-01 14:00,2026-05-01 18:00,5,0.1696,0.171
5/5,только нисходящий,2026-05-04 15:00,2026-05-06 01:00,33,0.8164,2.309
5/5,только нисходящий,2026-05-11 10:00,2026-05-12 04:00,18,0.4280,1.074
5/5,только нисходящий,2026-05-14 20:00,2026-05-20 13:00,86,0.7970,3.633
5/5,только нисходящий,2026-05-27 10:00,2026-05-28 15:00,29,0.2934,0.821
5/5,только нисходящий,2026-06-01 19:00,2026-06-04 10:00,61,0.0628,0.165
5/5,только нисходящий,2026-06-08 10:00,2026-06-09 09:00,23,0.4589,0.698
5/5,только нисходящий,2026-06-09 14:00,2026-06-09 17:00,4,0.3759,0.870
5/5,только нисходящий,2026-06-09 22:00,2026-06-10 10:00,13,0.6155,1.480
5/5,только нисходящий,2026-06-10 12:00,2026-06-11 19:00,31,0.3141,1.487
5/5,ни одного,2017-07-26 03:00,2017-07-27 20:00,41,0.5476,0.946
5/5,ни одного,2017-07-28 15:00,2017-07-31 02:00,11,0.0014,0.001
5/5,ни одного,2017-08-08 14:00,2017-08-08 19:00,6,0.6606,0.603
5/5,ни одного,2017-08-16 18:00,2017-08-17 05:00,11,0.3748,0.402
5/5,ни одного,2017-08-25 16:00,2017-08-29 02:00,33,0.6962,1.885
5/5,ни одного,2017-08-31 18:00,2017-09-01 00:00,6,0.0975,0.041
5/5,ни одного,2017-09-05 11:00,2017-09-05 15:00,5,0.4720,0.429
5/5,ни одного,2017-09-07 14:00,2017-09-08 09:00,19,0.3513,0.397
5/5,ни одного,2017-09-11 17:00,2017-09-12 08:00,15,0.3329,0.259
5/5,ни одного,2017-09-20 01:00,2017-09-20 13:00,13,0.0101,0.005
5/5,ни одного,2017-09-20 19:00,2017-09-20 23:00,4,0.3678,0.133
5/5,ни одного,2017-09-21 01:00,2017-09-21 04:00,4,0.4686,0.123
5/5,ни одного,2017-10-05 17:00,2017-10-06 01:00,8,0.3101,0.150
5/5,ни одного,2017-10-06 14:00,2017-10-06 17:00,4,0.1000,0.117
5/5,ни одного,2017-10-09 02:00,2017-10-09 10:00,9,0.1335,0.062
5/5,ни одного,2017-10-11 18:00,2017-10-11 22:00,4,0.2899,0.198
5/5,ни одного,2017-10-12 07:00,2017-10-12 11:00,5,0.4644,0.135
5/5,ни одного,2017-10-16 18:00,2017-10-17 00:00,6,0.1532,0.128
5/5,ни одного,2017-10-19 08:00,2017-10-20 03:00,19,0.0462,0.031
5/5,ни одного,2017-10-30 16:00,2017-10-30 20:00,5,0.3922,0.139
5/5,ни одного,2017-10-31 12:00,2017-10-31 18:00,7,0.2797,0.148
5/5,ни одного,2017-11-01 07:00,2017-11-01 14:00,8,0.2090,0.140
5/5,ни одного,2017-11-03 14:00,2017-11-03 19:00,6,0.3119,0.287
5/5,ни одного,2017-11-06 15:00,2017-11-06 21:00,7,0.7438,0.690
5/5,ни одного,2017-11-10 16:00,2017-11-12 23:00,7,0.0455,0.039
5/5,ни одного,2017-11-20 16:00,2017-11-20 23:00,7,0.0089,0.008
5/5,ни одного,2017-11-29 13:00,2017-11-29 23:00,10,0.3006,0.294
5/5,ни одного,2017-12-01 16:00,2017-12-01 20:00,5,0.2138,0.251
5/5,ни одного,2017-12-13 18:00,2017-12-14 05:00,11,0.7347,0.822
5/5,ни одного,2018-01-04 00:00,2018-01-04 05:00,6,0.1601,0.065
5/5,ни одного,2018-01-10 10:00,2018-01-10 15:00,6,0.1489,0.154
5/5,ни одного,2018-01-17 19:00,2018-01-18 05:00,10,0.0369,0.043
5/5,ни одного,2018-01-19 08:00,2018-01-19 12:00,5,0.6113,0.206
5/5,ни одного,2018-01-22 06:00,2018-01-22 11:00,6,0.6100,0.284
5/5,ни одного,2018-01-23 15:00,2018-01-24 03:00,12,0.3190,0.212
5/5,ни одного,2018-02-02 14:00,2018-02-02 19:00,6,0.2466,0.176
5/5,ни одного,2018-02-06 01:00,2018-02-06 06:00,6,0.3243,0.246
5/5,ни одного,2018-02-06 20:00,2018-02-07 01:00,5,0.7953,0.560
5/5,ни одного,2018-02-26 01:00,2018-02-26 11:00,11,0.3328,0.315
5/5,ни одного,2018-02-27 13:00,2018-02-27 21:00,9,0.4976,0.715
5/5,ни одного,2018-03-02 15:00,2018-03-02 18:00,4,0.3530,0.168
5/5,ни одного,2018-03-08 15:00,2018-03-08 19:00,5,0.7298,0.199
5/5,ни одного,2018-03-21 15:00,2018-03-22 00:00,9,0.5134,0.682
5/5,ни одного,2018-04-02 07:00,2018-04-02 23:00,16,0.6549,0.713
5/5,ни одного,2018-04-03 13:00,2018-04-03 18:00,6,0.1864,0.135
5/5,ни одного,2018-04-09 17:00,2018-04-10 04:00,11,0.3413,0.139
5/5,ни одного,2018-04-12 13:00,2018-04-13 00:00,11,0.1826,0.162
5/5,ни одного,2018-04-18 11:00,2018-04-18 17:00,7,0.0637,0.036
5/5,ни одного,2018-04-24 18:00,2018-04-24 23:00,5,0.1052,0.022
5/5,ни одного,2018-04-27 10:00,2018-04-29 23:00,13,0.4430,0.281
5/5,ни одного,2018-04-30 13:00,2018-04-30 17:00,5,0.6694,0.531
5/5,ни одного,2018-05-03 11:00,2018-05-03 16:00,6,0.7528,0.389
5/5,ни одного,2018-05-04 08:00,2018-05-04 17:00,10,0.6608,0.394
5/5,ни одного,2018-05-18 18:00,2018-05-20 23:00,5,0.6675,0.205
5/5,ни одного,2018-05-21 07:00,2018-05-21 11:00,5,0.5419,0.164
5/5,ни одного,2018-06-05 15:00,2018-06-05 20:00,6,0.1554,0.088
5/5,ни одного,2018-06-15 12:00,2018-06-17 22:00,10,0.5148,0.957
5/5,ни одного,2018-07-03 15:00,2018-07-03 19:00,5,0.7379,0.296
5/5,ни одного,2018-07-05 09:00,2018-07-05 14:00,6,0.8426,0.420
5/5,ни одного,2018-07-10 08:00,2018-07-10 15:00,8,0.3454,0.266
5/5,ни одного,2018-07-17 07:00,2018-07-17 13:00,7,0.8262,0.970
5/5,ни одного,2018-07-17 15:00,2018-07-17 18:00,4,0.3258,0.082
5/5,ни одного,2018-07-26 17:00,2018-07-27 06:00,13,0.3259,0.130
5/5,ни одного,2018-08-10 14:00,2018-08-10 18:00,5,0.6959,0.378
5/5,ни одного,2018-08-13 05:00,2018-08-13 20:00,16,0.8209,1.236
5/5,ни одного,2018-08-17 19:00,2018-08-20 12:00,17,0.1690,0.132
5/5,ни одного,2018-08-23 02:00,2018-08-23 11:00,10,0.1579,0.091
5/5,ни одного,2018-08-24 13:00,2018-08-24 19:00,7,0.5896,0.763
5/5,ни одного,2018-08-28 17:00,2018-08-29 00:00,7,0.2903,0.217
5/5,ни одного,2018-09-06 10:00,2018-09-06 17:00,8,0.5772,0.491
5/5,ни одного,2018-09-21 12:00,2018-09-21 17:00,6,0.0700,0.078
5/5,ни одного,2018-09-28 13:00,2018-09-30 22:00,9,0.4548,0.368
5/5,ни одного,2018-10-08 09:00,2018-10-08 19:00,11,0.4019,0.414
5/5,ни одного,2018-10-10 20:00,2018-10-11 04:00,8,0.3914,0.125
5/5,ни одного,2018-10-17 02:00,2018-10-17 09:00,8,0.5654,0.348
5/5,ни одного,2018-10-23 08:00,2018-10-23 16:00,9,0.4656,0.375
5/5,ни одного,2018-10-24 11:00,2018-10-24 16:00,6,0.0017,0.001
5/5,ни одного,2018-10-25 01:00,2018-10-25 10:00,10,0.3816,0.283
5/5,ни одного,2018-10-29 08:00,2018-10-29 13:00,6,0.1498,0.052
5/5,ни одного,2018-11-01 14:00,2018-11-01 22:00,8,0.1431,0.096
5/5,ни одного,2018-11-06 16:00,2018-11-06 23:00,7,0.3865,0.180
5/5,ни одного,2018-11-14 17:00,2018-11-15 00:00,7,0.1605,0.187
5/5,ни одного,2018-11-28 17:00,2018-11-28 21:00,5,0.0270,0.028
5/5,ни одного,2018-12-03 07:00,2018-12-03 11:00,5,0.4843,0.212
5/5,ни одного,2018-12-17 14:00,2018-12-17 23:00,9,0.5313,0.318
5/5,ни одного,2018-12-19 19:00,2018-12-20 02:00,7,0.0220,0.019
5/5,ни одного,2018-12-20 18:00,2018-12-21 00:00,6,0.3941,0.212
5/5,ни одного,2019-01-04 14:00,2019-01-04 18:00,5,0.5090,0.446
5/5,ни одного,2019-01-09 18:00,2019-01-10 07:00,13,0.6000,0.354
5/5,ни одного,2019-01-22 08:00,2019-01-22 13:00,6,0.4639,0.136
5/5,ни одного,2019-01-23 14:00,2019-01-23 18:00,5,0.5232,0.293
5/5,ни одного,2019-01-25 13:00,2019-01-28 02:00,13,0.7013,1.116
5/5,ни одного,2019-02-08 13:00,2019-02-10 23:00,10,0.2963,0.080
5/5,ни одного,2019-02-15 18:00,2019-02-18 07:00,13,0.1547,0.092
5/5,ни одного,2019-02-21 17:00,2019-02-22 02:00,9,0.1445,0.109
5/5,ни одного,2019-02-28 08:00,2019-02-28 15:00,8,0.5724,0.617
5/5,ни одного,2019-02-28 20:00,2019-03-01 19:00,23,0.8409,1.472
5/5,ни одного,2019-03-01 21:00,2019-03-04 01:00,4,0.4770,0.243
5/5,ни одного,2019-03-29 12:00,2019-03-29 17:00,6,0.5843,0.314
5/5,ни одного,2019-04-11 12:00,2019-04-11 22:00,10,0.2937,0.256
5/5,ни одного,2019-04-22 16:00,2019-04-22 20:00,5,0.2948,0.047
5/5,ни одного,2019-05-03 14:00,2019-05-03 19:00,6,0.5517,0.185
5/5,ни одного,2019-05-16 13:00,2019-05-16 19:00,7,0.4515,0.319
5/5,ни одного,2019-05-29 07:00,2019-05-29 16:00,10,0.4457,0.201
5/5,ни одного,2019-06-12 02:00,2019-06-12 12:00,11,0.1982,0.144
5/5,ни одного,2019-06-17 10:00,2019-06-17 13:00,4,0.6967,0.520
5/5,ни одного,2019-06-18 07:00,2019-06-18 16:00,10,0.2198,0.248
5/5,ни одного,2019-06-30 22:00,2019-07-01 02:00,5,0.1846,0.333
5/5,ни одного,2019-07-02 15:00,2019-07-03 05:00,14,0.5125,1.605
5/5,ни одного,2019-07-08 07:00,2019-07-08 11:00,5,0.2338,0.063
5/5,ни одного,2019-07-17 15:00,2019-07-18 02:00,11,0.0523,0.046
5/5,ни одного,2019-07-23 04:00,2019-07-23 09:00,6,0.2757,0.113
5/5,ни одного,2019-07-25 13:00,2019-07-25 22:00,9,0.0646,0.068
5/5,ни одного,2019-07-31 16:00,2019-08-01 05:00,13,0.6356,1.185
5/5,ни одного,2019-08-01 19:00,2019-08-02 02:00,7,0.7402,0.920
5/5,ни одного,2019-08-12 11:00,2019-08-12 15:00,5,0.0577,0.033
5/5,ни одного,2019-08-20 09:00,2019-08-20 15:00,7,0.1150,0.054
5/5,ни одного,2019-08-22 11:00,2019-08-22 15:00,5,0.6450,0.523
5/5,ни одного,2019-08-23 14:00,2019-08-26 02:00,12,0.3836,1.343
5/5,ни одного,2019-08-29 17:00,2019-08-29 23:00,6,0.1537,0.102
5/5,ни одного,2019-09-05 14:00,2019-09-05 18:00,5,0.1912,0.276
5/5,ни одного,2019-09-13 15:00,2019-09-15 23:00,8,0.6944,1.031
5/5,ни одного,2019-09-18 18:00,2019-09-18 22:00,4,0.1096,0.188
5/5,ни одного,2019-09-20 18:00,2019-09-23 06:00,12,0.1444,0.095
5/5,ни одного,2019-09-24 13:00,2019-09-24 17:00,5,0.6911,0.909
5/5,ни одного,2019-09-25 14:00,2019-09-25 20:00,7,0.4793,0.946
5/5,ни одного,2019-10-02 12:00,2019-10-02 22:00,10,0.3384,0.477
5/5,ни одного,2019-10-04 12:00,2019-10-07 22:00,33,0.1427,0.264
5/5,ни одного,2019-10-09 22:00,2019-10-10 02:00,5,0.5403,0.410
5/5,ни одного,2019-10-10 13:00,2019-10-10 18:00,6,0.0154,0.013
5/5,ни одного,2019-10-24 08:00,2019-10-24 11:00,4,0.2818,0.068
5/5,ни одного,2019-10-24 13:00,2019-10-24 23:00,10,0.3211,0.247
5/5,ни одного,2019-10-31 01:00,2019-10-31 18:00,18,0.6348,0.822
5/5,ни одного,2019-11-06 13:00,2019-11-06 20:00,8,0.2355,0.144
5/5,ни одного,2019-11-07 09:00,2019-11-07 21:00,13,0.6272,1.162
5/5,ни одного,2019-11-26 20:00,2019-11-27 02:00,6,0.8028,0.207
5/5,ни одного,2019-11-27 13:00,2019-11-27 20:00,8,0.0865,0.034
5/5,ни одного,2019-12-10 09:00,2019-12-10 18:00,10,0.0344,0.016
5/5,ни одного,2019-12-12 23:00,2019-12-13 03:00,5,0.3469,0.194
5/5,ни одного,2020-01-06 17:00,2020-01-06 20:00,4,0.1639,0.066
5/5,ни одного,2020-01-07 23:00,2020-01-08 04:00,6,0.0513,0.121
5/5,ни одного,2020-01-10 15:00,2020-01-13 02:00,11,0.2403,0.158
5/5,ни одного,2020-01-14 01:00,2020-01-14 05:00,5,0.0339,0.017
5/5,ни одного,2020-01-21 10:00,2020-01-21 18:00,9,0.2917,0.256
5/5,ни одного,2020-01-28 15:00,2020-01-29 07:00,16,0.1742,0.141
5/5,ни одного,2020-02-06 10:00,2020-02-06 18:00,9,0.1004,0.043
5/5,ни одного,2020-03-03 13:00,2020-03-04 03:00,14,0.6976,2.276
5/5,ни одного,2020-03-10 05:00,2020-03-10 10:00,6,0.5768,0.629
5/5,ни одного,2020-03-20 07:00,2020-03-20 12:00,6,0.6354,1.080
5/5,ни одного,2020-04-02 12:00,2020-04-03 00:00,12,0.3205,0.482
5/5,ни одного,2020-04-07 13:00,2020-04-07 17:00,5,0.0572,0.053
5/5,ни одного,2020-05-01 16:00,2020-05-04 00:00,8,0.1146,0.098
5/5,ни одного,2020-05-07 12:00,2020-05-07 23:00,11,0.5649,0.952
5/5,ни одного,2020-05-13 12:00,2020-05-13 17:00,6,0.0835,0.077
5/5,ни одного,2020-05-21 06:00,2020-05-21 12:00,7,0.1390,0.086
5/5,ни одного,2020-05-28 09:00,2020-05-28 17:00,9,0.7741,0.669
5/5,ни одного,2020-06-02 16:00,2020-06-02 20:00,5,0.3162,0.175
5/5,ни одного,2020-06-04 17:00,2020-06-04 22:00,5,0.4698,0.260
5/5,ни одного,2020-06-05 12:00,2020-06-05 18:00,7,0.1273,0.267
5/5,ни одного,2020-06-28 22:00,2020-06-29 02:00,5,0.3591,0.158
5/5,ни одного,2020-06-30 11:00,2020-06-30 15:00,5,0.7974,0.965
5/5,ни одного,2020-07-09 15:00,2020-07-09 19:00,5,0.2071,0.148
5/5,ни одного,2020-07-28 07:00,2020-07-28 11:00,5,0.4612,0.837
5/5,ни одного,2020-08-07 15:00,2020-08-09 22:00,7,0.0961,0.121
5/5,ни одного,2020-08-13 17:00,2020-08-13 22:00,5,0.0422,0.062
5/5,ни одного,2020-08-16 23:00,2020-08-17 04:00,6,0.5423,0.560
5/5,ни одного,2020-08-17 14:00,2020-08-17 22:00,8,0.0409,0.038
5/5,ни одного,2020-08-19 14:00,2020-08-20 01:00,11,0.3469,1.156
5/5,ни одного,2020-09-15 15:00,2020-09-15 18:00,4,0.5630,0.237
5/5,ни одного,2020-09-28 15:00,2020-09-29 05:00,14,0.2684,0.302
5/5,ни одного,2020-10-16 02:00,2020-10-16 05:00,4,0.4935,0.127
5/5,ни одного,2020-10-22 13:00,2020-10-22 18:00,6,0.1866,0.130
5/5,ни одного,2020-10-30 12:00,2020-10-30 17:00,6,0.5223,0.414
5/5,ни одного,2020-11-09 12:00,2020-11-09 20:00,9,0.5181,2.408
5/5,ни одного,2020-11-13 12:00,2020-11-13 18:00,7,0.0303,0.030
5/5,ни одного,2020-11-16 11:00,2020-11-16 15:00,5,0.7154,1.095
5/5,ни одного,2020-11-23 12:00,2020-11-23 20:00,9,0.8537,1.739
5/5,ни одного,2020-12-10 15:00,2020-12-10 18:00,4,0.0964,0.100
5/5,ни одного,2021-01-06 12:00,2021-01-06 20:00,9,0.3286,0.811
5/5,ни одного,2021-01-12 07:00,2021-01-12 14:00,8,0.6628,0.966
5/5,ни одного,2021-01-22 10:00,2021-01-22 17:00,8,0.1693,0.199
5/5,ни одного,2021-01-28 13:00,2021-01-28 19:00,7,0.4508,0.707
5/5,ни одного,2021-02-02 07:00,2021-02-02 18:00,12,0.5149,0.718
5/5,ни одного,2021-02-07 23:00,2021-02-08 04:00,6,0.6719,0.390
5/5,ни одного,2021-02-11 18:00,2021-02-12 00:00,6,0.1971,0.073
5/5,ни одного,2021-02-24 14:00,2021-02-24 18:00,5,0.5738,0.671
5/5,ни одного,2021-03-12 07:00,2021-03-12 13:00,7,0.4078,0.312
5/5,ни одного,2021-03-31 13:00,2021-03-31 16:00,4,0.5756,0.866
5/5,ни одного,2021-04-13 13:00,2021-04-13 17:00,5,0.2440,0.175
5/5,ни одного,2021-04-14 13:00,2021-04-14 18:00,6,0.0217,0.015
5/5,ни одного,2021-04-15 14:00,2021-04-15 19:00,6,0.0083,0.007
5/5,ни одного,2021-04-23 14:00,2021-04-23 17:00,4,0.2714,0.190
5/5,ни одного,2021-05-19 12:00,2021-05-19 15:00,4,0.3657,0.682
5/5,ни одного,2021-06-01 14:00,2021-06-01 18:00,5,0.3480,0.307
5/5,ни одного,2021-06-03 12:00,2021-06-03 17:00,6,0.3279,0.503
5/5,ни одного,2021-06-08 00:00,2021-06-08 05:00,6,0.7611,0.338
5/5,ни одного,2021-06-10 07:00,2021-06-10 16:00,10,0.6537,0.866
5/5,ни одного,2021-06-30 16:00,2021-06-30 20:00,5,0.2078,0.106
5/5,ни одного,2021-07-26 06:00,2021-07-26 11:00,6,0.0705,0.027
5/5,ни одного,2021-07-30 13:00,2021-08-01 23:00,10,0.6177,0.575
5/5,ни одного,2021-08-11 12:00,2021-08-11 22:00,10,0.3158,0.355
5/5,ни одного,2021-08-23 12:00,2021-08-23 17:00,6,0.2667,0.246
5/5,ни одного,2021-08-25 00:00,2021-08-25 18:00,19,0.1807,0.203
5/5,ни одного,2021-08-27 16:00,2021-08-30 05:00,13,0.1738,0.100
5/5,ни одного,2021-08-30 17:00,2021-08-30 23:00,6,0.1554,0.030
5/5,ни одного,2021-09-07 07:00,2021-09-07 19:00,13,0.8540,1.323
5/5,ни одного,2021-09-14 12:00,2021-09-14 16:00,5,0.2283,0.356
5/5,ни одного,2021-09-16 08:00,2021-09-16 17:00,10,0.6908,1.597
5/5,ни одного,2021-09-20 12:00,2021-09-20 18:00,7,0.1299,0.093
5/5,ни одного,2021-09-30 14:00,2021-09-30 19:00,6,0.0682,0.086
5/5,ни одного,2021-10-12 13:00,2021-10-12 18:00,6,0.7343,0.517
5/5,ни одного,2021-10-15 10:00,2021-10-15 16:00,7,0.6922,0.738
5/5,ни одного,2021-10-19 05:00,2021-10-19 17:00,13,0.4248,0.428
5/5,ни одного,2021-10-29 12:00,2021-10-29 18:00,7,0.0645,0.078
5/5,ни одного,2021-11-04 12:00,2021-11-04 18:00,7,0.0074,0.008
5/5,ни одного,2021-11-16 14:00,2021-11-17 04:00,14,0.2749,0.288
5/5,ни одного,2021-11-26 05:00,2021-11-26 15:00,11,0.0119,0.013
5/5,ни одного,2021-12-03 16:00,2021-12-06 06:00,14,0.2123,0.214
5/5,ни одного,2021-12-15 20:00,2021-12-17 17:00,44,0.5851,1.507
5/5,ни одного,2021-12-20 14:00,2021-12-21 01:00,11,0.1654,0.091
5/5,ни одного,2021-12-22 14:00,2021-12-23 06:00,16,0.7865,0.860
5/5,ни одного,2021-12-30 16:00,2022-01-03 03:00,34,0.4903,0.673
5/5,ни одного,2022-01-03 13:00,2022-01-03 20:00,8,0.2282,0.299
5/5,ни одного,2022-01-05 13:00,2022-01-05 18:00,6,0.1093,0.087
5/5,ни одного,2022-01-06 12:00,2022-01-06 17:00,6,0.0564,0.043
5/5,ни одного,2022-01-07 19:00,2022-01-09 23:00,4,0.4381,0.083
5/5,ни одного,2022-01-19 13:00,2022-01-20 05:00,16,0.5822,0.839
5/5,ни одного,2022-01-21 08:00,2022-01-21 12:00,5,0.3391,0.195
5/5,ни одного,2022-01-26 19:00,2022-01-27 23:00,27,0.5250,1.197
5/5,ни одного,2022-01-31 13:00,2022-02-01 00:00,11,0.0890,0.051
5/5,ни одного,2022-02-04 12:00,2022-02-04 17:00,6,0.2040,0.256
5/5,ни одного,2022-03-17 08:00,2022-03-17 19:00,12,0.1768,0.137
5/5,ни одного,2022-03-21 19:00,2022-03-21 23:00,4,0.0353,0.013
5/5,ни одного,2022-03-22 13:00,2022-03-22 18:00,6,0.0323,0.029
5/5,ни одного,2022-03-25 10:00,2022-03-25 17:00,8,0.1583,0.152
5/5,ни одного,2022-03-30 15:00,2022-03-30 19:00,5,0.3255,0.136
5/5,ни одного,2022-04-01 10:00,2022-04-03 22:00,12,0.2626,0.226
5/5,ни одного,2022-04-04 12:00,2022-04-04 17:00,6,0.1721,0.112
5/5,ни одного,2022-04-05 15:00,2022-04-05 18:00,4,0.1835,0.144
5/5,ни одного,2022-04-19 14:00,2022-04-20 10:00,20,0.0869,0.118
5/5,ни одного,2022-04-29 05:00,2022-04-29 15:00,11,0.1546,0.141
5/5,ни одного,2022-05-02 04:00,2022-05-02 17:00,14,0.5646,1.024
5/5,ни одного,2022-05-03 14:00,2022-05-03 18:00,5,0.3997,0.264
5/5,ни одного,2022-05-05 15:00,2022-05-05 20:00,6,0.1462,0.108
5/5,ни одного,2022-05-17 18:00,2022-05-18 07:00,13,0.0618,0.045
5/5,ни одного,2022-05-19 12:00,2022-05-19 19:00,8,0.2050,0.243
5/5,ни одного,2022-05-30 05:00,2022-05-30 11:00,7,0.7890,0.418
5/5,ни одного,2022-06-02 08:00,2022-06-02 20:00,13,0.8292,0.890
5/5,ни одного,2022-06-06 15:00,2022-06-07 05:00,14,0.4187,0.257
5/5,ни одного,2022-06-10 18:00,2022-06-13 02:00,8,0.5256,0.529
5/5,ни одного,2022-06-17 18:00,2022-06-20 00:00,6,0.3911,0.172
5/5,ни одного,2022-07-20 17:00,2022-07-21 15:00,22,0.3492,0.769
5/5,ни одного,2022-08-02 19:00,2022-08-03 03:00,8,0.5770,0.471
5/5,ни одного,2022-08-04 09:00,2022-08-04 23:00,14,0.6620,0.765
5/5,ни одного,2022-08-17 06:00,2022-08-17 10:00,5,0.4143,0.264
5/5,ни одного,2022-08-17 13:00,2022-08-17 20:00,8,0.4153,0.320
5/5,ни одного,2022-08-26 12:00,2022-08-26 20:00,9,0.3610,0.454
5/5,ни одного,2022-09-02 14:00,2022-09-02 18:00,5,0.4386,0.216
5/5,ни одного,2022-09-06 14:00,2022-09-07 03:00,13,0.6048,0.604
5/5,ни одного,2022-09-16 14:00,2022-09-16 18:00,5,0.0797,0.073
5/5,ни одного,2022-09-23 10:00,2022-09-23 14:00,5,0.0000,0.000
5/5,ни одного,2022-09-28 15:00,2022-09-28 22:00,7,0.0850,0.067
5/5,ни одного,2022-10-07 12:00,2022-10-07 16:00,5,0.0843,0.113
5/5,ни одного,2022-10-11 15:00,2022-10-11 20:00,6,0.7645,0.918
5/5,ни одного,2022-10-13 12:00,2022-10-13 15:00,4,0.3056,0.674
5/5,ни одного,2022-10-21 19:00,2022-10-24 03:00,8,0.0671,0.076
5/5,ни одного,2022-11-01 06:00,2022-11-01 16:00,11,0.1420,0.134
5/5,ни одного,2022-11-17 03:00,2022-11-17 09:00,7,0.1642,0.090
5/5,ни одного,2022-11-25 13:00,2022-11-25 17:00,5,0.5083,0.279
5/5,ни одного,2022-11-28 09:00,2022-11-28 14:00,6,0.6723,0.711
5/5,ни одного,2022-11-28 20:00,2022-11-29 00:00,4,0.2930,0.049
5/5,ни одного,2022-11-30 09:00,2022-11-30 17:00,9,0.5828,0.518
5/5,ни одного,2022-12-02 14:00,2022-12-02 17:00,4,0.5388,0.531
5/5,ни одного,2022-12-06 12:00,2022-12-06 16:00,5,0.8561,0.483
5/5,ни одного,2022-12-13 13:00,2022-12-13 18:00,6,0.0185,0.039
5/5,ни одного,2022-12-15 07:00,2022-12-15 12:00,6,0.5226,0.633
5/5,ни одного,2022-12-16 14:00,2022-12-19 12:00,22,0.0909,0.084
5/5,ни одного,2022-12-22 13:00,2022-12-22 23:00,10,0.4063,0.789
5/5,ни одного,2022-12-27 15:00,2022-12-27 19:00,5,0.4571,0.636
5/5,ни одного,2022-12-28 15:00,2022-12-28 20:00,6,0.5043,0.342
5/5,ни одного,2023-01-05 13:00,2023-01-05 19:00,7,0.0202,0.026
5/5,ни одного,2023-01-06 15:00,2023-01-09 11:00,20,0.2884,0.576
5/5,ни одного,2023-01-17 06:00,2023-01-17 14:00,9,0.5103,0.330
5/5,ни одного,2023-02-09 19:00,2023-02-10 01:00,6,0.0280,0.016
5/5,ни одного,2023-02-20 07:00,2023-02-21 16:00,31,0.7552,0.707
5/5,ни одного,2023-02-27 14:00,2023-02-27 19:00,6,0.0650,0.027
5/5,ни одного,2023-03-09 14:00,2023-03-09 19:00,6,0.0695,0.044
5/5,ни одного,2023-03-15 08:00,2023-03-15 12:00,5,0.9059,2.134
5/5,ни одного,2023-03-15 14:00,2023-03-15 20:00,7,0.2035,0.299
5/5,ни одного,2023-03-22 14:00,2023-03-22 23:00,9,0.5237,0.975
5/5,ни одного,2023-03-26 22:00,2023-03-27 02:00,5,0.3155,0.152
5/5,ни одного,2023-03-28 15:00,2023-03-29 00:00,9,0.3951,0.193
5/5,ни одного,2023-04-14 14:00,2023-04-14 20:00,7,0.1841,0.286
5/5,ни одного,2023-05-05 12:00,2023-05-05 18:00,7,0.1623,0.313
5/5,ни одного,2023-05-11 13:00,2023-05-11 17:00,5,0.0430,0.058
5/5,ни одного,2023-05-23 01:00,2023-05-23 12:00,12,0.1096,0.080
5/5,ни одного,2023-06-02 13:00,2023-06-05 16:00,27,0.1362,0.267
5/5,ни одного,2023-06-07 19:00,2023-06-08 01:00,6,0.8429,0.296
5/5,ни одного,2023-06-16 11:00,2023-06-16 16:00,6,0.7147,0.531
5/5,ни одного,2023-06-30 15:00,2023-07-02 22:00,7,0.0311,0.013
5/5,ни одного,2023-07-05 18:00,2023-07-06 01:00,7,0.5311,0.181
5/5,ни одного,2023-07-18 12:00,2023-07-18 19:00,8,0.3807,0.457
5/5,ни одного,2023-07-27 13:00,2023-07-27 20:00,8,0.0168,0.015
5/5,ни одного,2023-07-28 14:00,2023-07-28 20:00,7,0.1139,0.049
5/5,ни одного,2023-08-04 13:00,2023-08-04 16:00,4,0.1780,0.086
5/5,ни одного,2023-08-31 15:00,2023-08-31 19:00,5,0.1222,0.030
5/5,ни одного,2023-09-01 12:00,2023-09-01 16:00,5,0.6336,0.604
5/5,ни одного,2023-09-08 01:00,2023-09-08 10:00,10,0.5392,0.123
5/5,ни одного,2023-09-12 10:00,2023-09-12 17:00,8,0.2966,0.187
5/5,ни одного,2023-09-15 04:00,2023-09-15 18:00,15,0.5103,0.412
5/5,ни одного,2023-10-06 15:00,2023-10-06 19:00,5,0.2796,0.172
5/5,ни одного,2023-10-25 13:00,2023-10-25 17:00,5,0.0826,0.101
5/5,ни одного,2023-11-03 12:00,2023-11-03 16:00,5,0.5270,0.490
5/5,ни одного,2023-11-06 20:00,2023-11-07 17:00,21,0.5766,0.689
5/5,ни одного,2023-11-09 14:00,2023-11-09 23:00,9,0.0589,0.051
5/5,ни одного,2023-11-10 17:00,2023-11-12 23:00,6,0.3358,0.188
5/5,ни одного,2023-11-19 23:00,2023-11-20 04:00,6,0.5763,0.345
5/5,ни одного,2023-11-21 03:00,2023-11-21 13:00,11,0.2763,0.222
5/5,ни одного,2023-11-21 15:00,2023-11-21 19:00,5,0.3664,0.207
5/5,ни одного,2023-11-22 16:00,2023-11-22 23:00,7,0.0759,0.033
5/5,ни одного,2023-11-24 13:00,2023-11-27 05:00,13,0.4612,0.551
5/5,ни одного,2023-12-07 13:00,2023-12-07 17:00,5,0.4243,0.411
5/5,ни одного,2023-12-18 17:00,2023-12-18 23:00,6,0.4773,0.292
5/5,ни одного,2023-12-20 13:00,2023-12-20 17:00,5,0.1623,0.082
5/5,ни одного,2023-12-21 19:00,2023-12-22 03:00,8,0.2749,0.215
5/5,ни одного,2023-12-28 21:00,2023-12-29 02:00,5,0.5137,0.168
5/5,ни одного,2024-01-05 15:00,2024-01-05 19:00,5,0.3859,0.442
5/5,ни одного,2024-01-16 08:00,2024-01-16 23:00,15,0.5794,0.733
5/5,ни одного,2024-01-19 11:00,2024-01-19 17:00,7,0.1594,0.127
5/5,ни одного,2024-02-06 15:00,2024-02-06 20:00,6,0.0636,0.029
5/5,ни одного,2024-02-21 18:00,2024-02-22 00:00,6,0.6504,0.224
5/5,ни одного,2024-02-23 16:00,2024-02-25 23:00,7,0.3893,0.213
5/5,ни одного,2024-03-12 12:00,2024-03-13 00:00,12,0.3335,0.483
5/5,ни одного,2024-03-13 16:00,2024-03-20 08:00,108,0.5170,0.803
5/5,ни одного,2024-04-05 01:00,2024-04-05 05:00,5,0.4839,0.350
5/5,ни одного,2024-04-05 15:00,2024-04-07 22:00,7,0.7021,0.797
5/5,ни одного,2024-04-11 17:00,2024-04-12 19:00,26,0.1318,0.546
5/5,ни одного,2024-04-19 01:00,2024-04-19 05:00,5,0.7240,1.173
5/5,ни одного,2024-04-22 06:00,2024-04-22 23:00,17,0.5198,0.936
5/5,ни одного,2024-05-30 13:00,2024-05-30 18:00,6,0.5079,0.261
5/5,ни одного,2024-06-03 14:00,2024-06-03 22:00,8,0.4294,0.388
5/5,ни одного,2024-06-04 09:00,2024-06-05 19:00,34,0.5788,1.037
5/5,ни одного,2024-06-07 08:00,2024-06-10 01:00,17,0.5703,2.118
5/5,ни одного,2024-06-10 12:00,2024-06-10 20:00,9,0.3532,0.206
5/5,ни одного,2024-07-10 13:00,2024-07-10 17:00,5,0.6309,0.430
5/5,ни одного,2024-07-24 19:00,2024-07-25 22:00,26,0.6313,1.463
5/5,ни одного,2024-08-08 15:00,2024-08-09 06:00,15,0.1253,0.088
5/5,ни одного,2024-08-16 11:00,2024-08-19 01:00,14,0.5783,1.056
5/5,ни одного,2024-08-26 11:00,2024-08-26 15:00,5,0.6603,0.424
5/5,ни одного,2024-09-17 15:00,2024-09-17 22:00,7,0.3145,0.201
5/5,ни одного,2024-09-27 17:00,2024-09-29 22:00,5,0.8625,0.665
5/5,ни одного,2024-10-04 12:00,2024-10-04 16:00,5,0.1698,0.246
5/5,ни одного,2024-10-10 19:00,2024-10-11 10:00,15,0.5878,0.474
5/5,ни одного,2024-10-23 14:00,2024-10-23 19:00,6,0.0526,0.058
5/5,ни одного,2024-10-31 13:00,2024-10-31 19:00,7,0.2106,0.324
5/5,ни одного,2024-11-18 01:00,2024-11-18 05:00,5,0.0756,0.061
5/5,ни одного,2024-11-25 05:00,2024-11-25 09:00,5,0.5370,0.343
5/5,ни одного,2024-12-02 00:00,2024-12-02 09:00,10,0.1482,0.145
5/5,ни одного,2024-12-12 14:00,2024-12-12 19:00,6,0.1372,0.125
5/5,ни одного,2024-12-23 15:00,2024-12-23 20:00,6,0.1298,0.043
5/5,ни одного,2024-12-26 01:00,2024-12-26 19:00,19,0.4543,0.315
5/5,ни одного,2024-12-27 13:00,2024-12-27 18:00,6,0.0096,0.006
5/5,ни одного,2025-01-06 07:00,2025-01-06 11:00,5,0.7739,0.715
5/5,ни одного,2025-01-13 12:00,2025-01-14 00:00,12,0.0419,0.032
5/5,ни одного,2025-01-17 09:00,2025-01-17 18:00,10,0.0338,0.018
5/5,ни одного,2025-01-21 01:00,2025-01-21 11:00,11,0.2042,0.224
5/5,ни одного,2025-01-28 14:00,2025-01-29 05:00,15,0.4078,0.257
5/5,ни одного,2025-02-03 01:00,2025-02-03 07:00,7,0.3520,0.255
5/5,ни одного,2025-02-25 15:00,2025-02-25 20:00,6,0.1452,0.233
5/5,ни одного,2025-03-03 15:00,2025-03-04 02:00,11,0.1127,0.083
5/5,ни одного,2025-04-01 16:00,2025-04-03 01:00,32,0.6992,1.507
5/5,ни одного,2025-04-09 07:00,2025-04-10 09:00,26,0.7711,2.489
5/5,ни одного,2025-04-15 22:00,2025-04-16 12:00,15,0.7555,2.033
5/5,ни одного,2025-04-24 22:00,2025-04-25 02:00,5,0.6731,0.550
5/5,ни одного,2025-04-28 19:00,2025-04-29 00:00,5,0.8730,0.660
5/5,ни одного,2025-05-13 06:00,2025-05-13 10:00,5,0.5009,0.283
5/5,ни одного,2025-05-15 15:00,2025-05-16 02:00,11,0.0905,0.134
5/5,ни одного,2025-05-28 09:00,2025-05-28 13:00,5,0.6661,0.568
5/5,ни одного,2025-05-28 23:00,2025-05-29 05:00,7,0.2987,0.388
5/5,ни одного,2025-06-05 15:00,2025-06-05 19:00,5,0.3543,0.357
5/5,ни одного,2025-06-16 13:00,2025-06-16 17:00,5,0.1226,0.129
5/5,ни одного,2025-06-24 06:00,2025-06-24 10:00,5,0.1548,0.080
5/5,ни одного,2025-06-26 07:00,2025-06-26 12:00,6,0.8354,0.717
5/5,ни одного,2025-07-03 12:00,2025-07-03 16:00,5,0.2313,0.283
5/5,ни одного,2025-07-14 14:00,2025-07-14 18:00,5,0.3779,0.173
5/5,ни одного,2025-07-23 15:00,2025-07-23 20:00,6,0.3094,0.314
5/5,ни одного,2025-08-01 12:00,2025-08-04 02:00,14,0.1953,0.393
5/5,ни одного,2025-09-12 03:00,2025-09-12 09:00,7,0.3432,0.179
5/5,ни одного,2025-09-17 07:00,2025-09-17 15:00,9,0.6321,0.470
5/5,ни одного,2025-09-19 17:00,2025-09-23 05:00,35,0.8162,2.026
5/5,ни одного,2025-09-24 16:00,2025-09-25 00:00,8,0.3900,0.355
5/5,ни одного,2025-10-08 23:00,2025-10-09 03:00,5,0.4303,0.378
5/5,ни одного,2025-10-17 15:00,2025-10-19 22:00,7,0.2238,0.435
5/5,ни одного,2025-10-20 12:00,2025-10-21 00:00,12,0.4152,1.043
5/5,ни одного,2025-11-13 18:00,2025-11-13 23:00,5,0.4828,0.677
5/5,ни одного,2025-11-19 09:00,2025-11-19 19:00,11,0.5112,0.963
5/5,ни одного,2026-01-02 03:00,2026-01-02 17:00,15,0.5956,1.186
5/5,ни одного,2026-01-18 23:00,2026-01-19 03:00,5,0.3257,0.312
5/5,ни одного,2026-01-26 23:00,2026-01-27 02:00,4,0.4416,0.577
5/5,ни одного,2026-01-27 20:00,2026-01-28 12:00,16,0.4810,1.985
5/5,ни одного,2026-02-03 07:00,2026-02-03 20:00,14,0.2196,0.544
5/5,ни одного,2026-02-08 23:00,2026-02-09 03:00,5,0.2427,0.398
5/5,ни одного,2026-02-12 16:00,2026-02-12 20:00,5,0.2087,0.800
5/5,ни одного,2026-02-13 17:00,2026-02-16 02:00,9,0.4882,0.528
5/5,ни одного,2026-02-17 00:00,2026-02-17 09:00,10,0.0752,0.202
5/5,ни одного,2026-02-18 14:00,2026-02-18 20:00,7,0.1167,0.137
5/5,ни одного,2026-03-03 11:00,2026-03-03 19:00,9,0.1177,0.613
5/5,ни одного,2026-03-06 21:00,2026-03-09 01:00,5,0.6271,1.959
5/5,ни одного,2026-03-24 20:00,2026-03-25 06:00,10,0.3479,1.595
5/5,ни одного,2026-03-26 07:00,2026-03-26 12:00,6,0.4544,0.526
5/5,ни одного,2026-03-27 15:00,2026-03-27 19:00,5,0.1440,0.220
5/5,ни одного,2026-04-12 22:00,2026-04-13 03:00,6,0.7060,1.269
5/5,ни одного,2026-04-13 22:00,2026-04-14 11:00,14,0.3308,0.353
5/5,ни одного,2026-05-01 08:00,2026-05-01 13:00,6,0.8245,1.238
5/5,ни одного,2026-05-06 02:00,2026-05-06 14:00,13,0.6380,1.341
5/5,ни одного,2026-05-11 00:00,2026-05-11 09:00,10,0.4619,0.567
5/5,ни одного,2026-05-20 14:00,2026-05-20 18:00,5,0.1308,0.248
5/5,ни одного,2026-05-28 16:00,2026-05-28 23:00,7,0.4092,0.353
5/5,ни одного,2026-06-01 13:00,2026-06-01 18:00,6,0.6412,0.809
5/5,ни одного,2026-06-04 11:00,2026-06-04 17:00,7,0.5754,0.742
5/5,ни одного,2026-06-05 13:00,2026-06-08 09:00,20,0.4668,1.633
5/5,ни одного,2026-06-11 20:00,2026-06-12 02:00,6,0.2619,0.468
3/3,ОБА живы,2017-08-01 15:00,2017-08-04 11:00,66,0.2120,0.297
3/3,ОБА живы,2017-08-07 20:00,2017-08-08 01:00,5,0.6303,0.187
3/3,ОБА живы,2017-08-09 03:00,2017-08-09 06:00,4,0.5190,0.097
3/3,ОБА живы,2017-08-11 16:00,2017-08-14 06:00,14,0.0139,0.007
3/3,ОБА живы,2017-08-18 19:00,2017-08-24 08:00,82,0.0273,0.029
3/3,ОБА живы,2017-08-24 16:00,2017-08-25 09:00,17,0.1675,0.044
3/3,ОБА живы,2017-08-30 15:00,2017-08-31 00:00,9,0.3639,0.109
3/3,ОБА живы,2017-09-01 17:00,2017-09-01 20:00,4,0.0793,0.027
3/3,ОБА живы,2017-09-13 08:00,2017-09-13 13:00,6,0.6598,0.381
3/3,ОБА живы,2017-09-18 02:00,2017-09-18 05:00,4,0.2639,0.054
3/3,ОБА живы,2017-09-19 17:00,2017-09-20 04:00,11,0.6382,0.328
3/3,ОБА живы,2017-10-04 17:00,2017-10-05 07:00,14,0.2708,0.085
3/3,ОБА живы,2017-10-06 18:00,2017-10-09 01:00,7,0.8473,0.511
3/3,ОБА живы,2017-10-09 17:00,2017-10-10 03:00,10,0.5773,0.316
3/3,ОБА живы,2017-10-11 00:00,2017-10-11 15:00,16,0.3908,0.151
3/3,ОБА живы,2017-10-11 23:00,2017-10-12 02:00,4,0.4408,0.086
3/3,ОБА живы,2017-10-18 05:00,2017-10-18 09:00,5,0.5275,0.303
3/3,ОБА живы,2017-10-26 08:00,2017-10-26 15:00,8,0.5220,0.334
3/3,ОБА живы,2017-10-27 11:00,2017-10-27 17:00,7,0.4697,0.351
3/3,ОБА живы,2017-11-02 14:00,2017-11-03 08:00,18,0.3937,0.299
3/3,ОБА живы,2017-11-07 18:00,2017-11-08 09:00,15,0.7888,0.340
3/3,ОБА живы,2017-11-13 19:00,2017-11-14 09:00,14,0.6057,0.446
3/3,ОБА живы,2017-11-15 19:00,2017-11-16 03:00,8,0.1824,0.038
3/3,ОБА живы,2017-11-21 18:00,2017-11-22 07:00,13,0.3434,0.146
3/3,ОБА живы,2017-11-28 17:00,2017-11-29 12:00,19,0.0097,0.004
3/3,ОБА живы,2017-12-01 12:00,2017-12-01 15:00,4,0.3570,0.136
3/3,ОБА живы,2017-12-04 11:00,2017-12-05 13:00,26,0.0573,0.023
3/3,ОБА живы,2017-12-06 13:00,2017-12-07 05:00,16,0.5080,0.335
3/3,ОБА живы,2017-12-08 17:00,2017-12-11 08:00,15,0.4645,0.177
3/3,ОБА живы,2017-12-13 06:00,2017-12-13 17:00,12,0.2623,0.176
3/3,ОБА живы,2017-12-14 18:00,2017-12-15 08:00,14,0.3753,0.161
3/3,ОБА живы,2017-12-15 19:00,2017-12-18 09:00,14,0.2690,0.109
3/3,ОБА живы,2017-12-18 17:00,2017-12-19 04:00,11,0.2014,0.052
3/3,ОБА живы,2017-12-20 17:00,2017-12-21 00:00,7,0.0946,0.025
3/3,ОБА живы,2017-12-21 11:00,2017-12-22 13:00,26,0.5974,0.304
3/3,ОБА живы,2018-01-03 10:00,2018-01-03 23:00,13,0.2766,0.225
3/3,ОБА живы,2018-01-05 00:00,2018-01-09 12:00,59,0.8306,0.636
3/3,ОБА живы,2018-01-11 10:00,2018-01-11 18:00,9,0.4997,0.236
3/3,ОБА живы,2018-01-16 04:00,2018-01-16 08:00,5,0.6999,0.274
3/3,ОБА живы,2018-01-17 05:00,2018-01-17 18:00,14,0.5449,0.375
3/3,ОБА живы,2018-01-18 19:00,2018-01-19 06:00,11,0.4383,0.253
3/3,ОБА живы,2018-01-22 18:00,2018-01-23 00:00,6,0.5651,0.165
3/3,ОБА живы,2018-01-30 13:00,2018-02-01 19:00,53,0.0517,0.062
3/3,ОБА живы,2018-02-15 15:00,2018-02-16 01:00,10,0.3592,0.172
3/3,ОБА живы,2018-02-18 23:00,2018-02-19 23:00,20,0.3510,0.202
3/3,ОБА живы,2018-02-21 18:00,2018-02-22 05:00,11,0.4081,0.427
3/3,ОБА живы,2018-02-28 18:00,2018-03-01 08:00,14,0.8657,0.554
3/3,ОБА живы,2018-03-09 20:00,2018-03-12 08:00,13,0.6063,0.194
3/3,ОБА живы,2018-03-13 02:00,2018-03-14 01:00,23,0.2623,0.292
3/3,ОБА живы,2018-03-14 11:00,2018-03-15 02:00,15,0.0219,0.012
3/3,ОБА живы,2018-03-22 20:00,2018-03-23 05:00,9,0.8501,0.712
3/3,ОБА живы,2018-03-26 09:00,2018-03-26 13:00,5,0.7653,0.351
3/3,ОБА живы,2018-04-06 04:00,2018-04-06 20:00,17,0.3465,0.405
3/3,ОБА живы,2018-04-09 04:00,2018-04-09 08:00,5,0.5822,0.267
3/3,ОБА живы,2018-05-02 06:00,2018-05-02 12:00,7,0.2135,0.065
3/3,ОБА живы,2018-05-02 22:00,2018-05-03 10:00,13,0.6485,0.430
3/3,ОБА живы,2018-05-04 15:00,2018-05-08 12:00,44,0.1388,0.115
3/3,ОБА живы,2018-05-14 00:00,2018-05-14 16:00,17,0.6367,0.213
3/3,ОБА живы,2018-05-17 05:00,2018-05-18 17:00,36,0.0991,0.064
3/3,ОБА живы,2018-05-23 09:00,2018-05-24 11:00,26,0.1262,0.108
3/3,ОБА живы,2018-05-29 03:00,2018-05-29 07:00,5,0.0746,0.022
3/3,ОБА живы,2018-05-29 16:00,2018-05-31 19:00,50,0.2431,0.205
3/3,ОБА живы,2018-06-05 08:00,2018-06-06 08:00,24,0.4111,0.325
3/3,ОБА живы,2018-06-06 17:00,2018-06-07 10:00,17,0.6207,0.232
3/3,ОБА живы,2018-06-07 16:00,2018-06-11 08:00,39,0.1790,0.119
3/3,ОБА живы,2018-06-11 18:00,2018-06-12 11:00,17,0.4438,0.148
3/3,ОБА живы,2018-06-12 17:00,2018-06-13 06:00,13,0.5926,0.107
3/3,ОБА живы,2018-06-13 23:00,2018-06-14 05:00,7,0.1174,0.026
3/3,ОБА живы,2018-06-20 16:00,2018-06-20 19:00,4,0.5581,0.266
3/3,ОБА живы,2018-06-21 22:00,2018-06-26 04:00,53,0.4231,0.317
3/3,ОБА живы,2018-06-27 14:00,2018-06-28 04:00,14,0.5102,0.240
3/3,ОБА живы,2018-06-28 15:00,2018-06-29 05:00,14,0.2091,0.102
3/3,ОБА живы,2018-07-02 10:00,2018-07-02 14:00,5,0.4677,0.180
3/3,ОБА живы,2018-07-05 18:00,2018-07-09 02:00,31,0.4680,0.248
3/3,ОБА живы,2018-07-12 18:00,2018-07-13 06:00,12,0.3556,0.114
3/3,ОБА живы,2018-07-24 17:00,2018-07-25 08:00,15,0.5116,0.241
3/3,ОБА живы,2018-07-26 11:00,2018-07-26 15:00,5,0.3333,0.138
3/3,ОБА живы,2018-07-27 18:00,2018-08-01 13:00,65,0.2710,0.323
3/3,ОБА живы,2018-08-08 15:00,2018-08-09 04:00,13,0.6943,0.368
3/3,ОБА живы,2018-08-09 10:00,2018-08-10 04:00,18,0.5766,0.292
3/3,ОБА живы,2018-08-14 20:00,2018-08-15 01:00,5,0.4257,0.122
3/3,ОБА живы,2018-08-17 11:00,2018-08-17 18:00,8,0.7899,0.367
3/3,ОБА живы,2018-08-27 04:00,2018-08-27 13:00,10,0.1445,0.058
3/3,ОБА живы,2018-08-31 11:00,2018-09-04 05:00,37,0.3700,0.341
3/3,ОБА живы,2018-09-10 17:00,2018-09-11 11:00,18,0.3506,0.123
3/3,ОБА живы,2018-09-12 00:00,2018-09-12 14:00,15,0.1842,0.086
3/3,ОБА живы,2018-09-13 17:00,2018-09-14 13:00,20,0.0259,0.018
3/3,ОБА живы,2018-09-18 16:00,2018-09-19 04:00,12,0.6541,0.304
3/3,ОБА живы,2018-09-25 05:00,2018-09-26 08:00,27,0.1276,0.054
3/3,ОБА живы,2018-09-28 07:00,2018-09-28 12:00,6,0.5819,0.266
3/3,ОБА живы,2018-10-12 09:00,2018-10-15 07:00,22,0.5377,0.569
3/3,ОБА живы,2018-10-18 18:00,2018-10-22 07:00,36,0.0987,0.062
3/3,ОБА живы,2018-10-25 22:00,2018-10-26 06:00,9,0.0889,0.025
3/3,ОБА живы,2018-10-26 19:00,2018-10-29 07:00,12,0.5179,0.261
3/3,ОБА живы,2018-11-02 16:00,2018-11-05 11:00,18,0.0776,0.030
3/3,ОБА живы,2018-11-06 21:00,2018-11-08 18:00,44,0.1812,0.246
3/3,ОБА живы,2018-11-08 23:00,2018-11-09 02:00,4,0.5845,0.198
3/3,ОБА живы,2018-11-14 05:00,2018-11-14 16:00,12,0.1698,0.087
3/3,ОБА живы,2018-11-15 16:00,2018-11-16 12:00,20,0.2871,0.164
3/3,ОБА живы,2018-11-20 21:00,2018-11-21 02:00,5,0.1001,0.022
3/3,ОБА живы,2018-11-27 00:00,2018-11-27 14:00,15,0.4169,0.195
3/3,ОБА живы,2018-12-06 10:00,2018-12-06 13:00,4,0.2152,0.081
3/3,ОБА живы,2018-12-12 21:00,2018-12-13 09:00,12,0.3059,0.069
3/3,ОБА живы,2018-12-18 10:00,2018-12-19 01:00,15,0.0615,0.025
3/3,ОБА живы,2018-12-24 07:00,2018-12-24 13:00,7,0.0818,0.039
3/3,ОБА живы,2019-01-02 21:00,2019-01-03 05:00,8,0.7312,0.452
3/3,ОБА живы,2019-01-11 01:00,2019-01-14 10:00,33,0.6146,0.417
3/3,ОБА живы,2019-01-15 11:00,2019-01-16 13:00,26,0.1246,0.076
3/3,ОБА живы,2019-01-17 10:00,2019-01-17 13:00,4,0.5069,0.207
3/3,ОБА живы,2019-02-01 16:00,2019-02-04 00:00,8,0.2812,0.085
3/3,ОБА живы,2019-02-05 08:00,2019-02-06 17:00,33,0.0168,0.008
3/3,ОБА живы,2019-02-13 16:00,2019-02-13 19:00,4,0.6912,0.488
3/3,ОБА живы,2019-02-25 16:00,2019-02-26 11:00,19,0.3989,0.170
3/3,ОБА живы,2019-03-06 18:00,2019-03-08 04:00,33,0.2601,0.164
3/3,ОБА живы,2019-03-12 08:00,2019-03-12 11:00,4,0.1925,0.050
3/3,ОБА живы,2019-03-20 11:00,2019-03-20 14:00,4,0.1707,0.097
3/3,ОБА живы,2019-03-21 19:00,2019-03-22 08:00,13,0.3910,0.184
3/3,ОБА живы,2019-03-27 10:00,2019-03-27 16:00,7,0.6240,0.492
3/3,ОБА живы,2019-04-01 10:00,2019-04-01 18:00,9,0.1977,0.142
3/3,ОБА живы,2019-04-03 04:00,2019-04-04 03:00,23,0.1178,0.055
3/3,ОБА живы,2019-04-04 23:00,2019-04-05 20:00,22,0.0608,0.041
3/3,ОБА живы,2019-04-10 10:00,2019-04-10 15:00,6,0.5874,0.364
3/3,ОБА живы,2019-04-12 12:00,2019-04-15 00:00,12,0.2249,0.112
3/3,ОБА живы,2019-04-30 14:00,2019-05-01 17:00,27,0.1648,0.094
3/3,ОБА живы,2019-05-03 07:00,2019-05-03 11:00,5,0.1816,0.042
3/3,ОБА живы,2019-05-07 03:00,2019-05-07 11:00,9,0.7842,0.222
3/3,ОБА живы,2019-05-08 20:00,2019-05-09 06:00,10,0.3690,0.118
3/3,ОБА живы,2019-05-15 15:00,2019-05-16 06:00,15,0.1193,0.031
3/3,ОБА живы,2019-05-20 18:00,2019-05-21 10:00,16,0.5750,0.188
3/3,ОБА живы,2019-05-22 15:00,2019-05-23 07:00,16,0.3423,0.100
3/3,ОБА живы,2019-05-30 18:00,2019-05-30 22:00,4,0.0894,0.009
3/3,ОБА живы,2019-06-04 15:00,2019-06-05 05:00,14,0.5814,0.346
3/3,ОБА живы,2019-06-07 03:00,2019-06-07 11:00,9,0.4256,0.184
3/3,ОБА живы,2019-06-19 14:00,2019-06-19 17:00,4,0.4064,0.106
3/3,ОБА живы,2019-06-21 10:00,2019-06-21 20:00,11,0.3531,0.327
3/3,ОБА живы,2019-06-26 18:00,2019-06-28 00:00,29,0.2554,0.327
3/3,ОБА живы,2019-07-04 10:00,2019-07-05 11:00,21,0.2223,0.225
3/3,ОБА живы,2019-07-08 23:00,2019-07-10 11:00,36,0.0571,0.058
3/3,ОБА живы,2019-07-12 10:00,2019-07-12 17:00,8,0.4651,0.351
3/3,ОБА живы,2019-07-15 17:00,2019-07-16 12:00,19,0.1442,0.108
3/3,ОБА живы,2019-07-26 15:00,2019-07-29 00:00,9,0.5062,0.180
3/3,ОБА живы,2019-08-08 04:00,2019-08-09 19:00,39,0.1318,0.171
3/3,ОБА живы,2019-08-13 16:00,2019-08-14 09:00,17,0.1005,0.078
3/3,ОБА живы,2019-08-15 09:00,2019-08-16 08:00,23,0.4035,0.505
3/3,ОБА живы,2019-08-18 22:00,2019-08-19 07:00,10,0.4153,0.236
3/3,ОБА живы,2019-08-22 16:00,2019-08-23 13:00,21,0.4433,0.416
3/3,ОБА живы,2019-08-28 05:00,2019-08-29 04:00,23,0.3010,0.255
3/3,ОБА живы,2019-08-30 09:00,2019-09-03 12:00,46,0.3834,0.450
3/3,ОБА живы,2019-09-04 20:00,2019-09-05 11:00,15,0.5627,0.605
3/3,ОБА живы,2019-09-06 16:00,2019-09-09 13:00,21,0.3716,0.495
3/3,ОБА живы,2019-09-09 16:00,2019-09-09 19:00,4,0.5029,0.243
3/3,ОБА живы,2019-09-10 16:00,2019-09-12 05:00,36,0.4752,0.440
3/3,ОБА живы,2019-09-16 03:00,2019-09-17 05:00,26,0.5018,0.373
3/3,ОБА живы,2019-09-20 09:00,2019-09-20 16:00,8,0.0123,0.006
3/3,ОБА живы,2019-09-26 16:00,2019-09-27 05:00,13,0.1848,0.092
3/3,ОБА живы,2019-10-03 09:00,2019-10-03 13:00,5,0.1132,0.054
3/3,ОБА живы,2019-10-08 16:00,2019-10-09 20:00,28,0.3624,0.353
3/3,ОБА живы,2019-10-15 09:00,2019-10-16 11:00,26,0.5819,0.823
3/3,ОБА живы,2019-10-16 15:00,2019-10-17 14:00,23,0.3041,0.223
3/3,ОБА живы,2019-10-18 16:00,2019-10-21 14:00,22,0.4317,0.223
3/3,ОБА живы,2019-10-25 20:00,2019-10-28 11:00,15,0.1762,0.072
3/3,ОБА живы,2019-10-30 22:00,2019-10-31 07:00,10,0.6765,0.303
3/3,ОБА живы,2019-11-01 15:00,2019-11-05 01:00,32,0.3549,0.243
3/3,ОБА живы,2019-11-08 11:00,2019-11-11 14:00,27,0.2258,0.185
3/3,ОБА живы,2019-11-12 23:00,2019-11-13 03:00,5,0.0834,0.021
3/3,ОБА живы,2019-11-15 12:00,2019-11-18 07:00,19,0.1581,0.084
3/3,ОБА живы,2019-11-18 19:00,2019-11-19 05:00,10,0.1039,0.044
3/3,ОБА живы,2019-11-19 21:00,2019-11-20 14:00,17,0.0126,0.008
3/3,ОБА живы,2019-11-22 18:00,2019-11-25 04:00,10,0.3644,0.104
3/3,ОБА живы,2019-11-25 17:00,2019-11-26 19:00,26,0.4225,0.364
3/3,ОБА живы,2019-11-28 11:00,2019-11-29 14:00,23,0.1331,0.057
3/3,ОБА живы,2019-12-05 10:00,2019-12-06 12:00,26,0.1098,0.065
3/3,ОБА живы,2019-12-15 23:00,2019-12-16 06:00,8,0.6066,0.191
3/3,ОБА живы,2019-12-16 19:00,2019-12-17 07:00,12,0.0816,0.020
3/3,ОБА живы,2019-12-17 18:00,2019-12-18 12:00,18,0.0208,0.006
3/3,ОБА живы,2019-12-20 11:00,2019-12-23 05:00,18,0.6355,0.251
3/3,ОБА живы,2019-12-27 10:00,2019-12-30 00:00,14,0.2539,0.109
3/3,ОБА живы,2020-01-08 23:00,2020-01-09 05:00,7,0.3633,0.175
3/3,ОБА живы,2020-01-15 17:00,2020-01-15 23:00,6,0.3159,0.147
3/3,ОБА живы,2020-01-16 18:00,2020-01-17 05:00,11,0.6921,0.336
3/3,ОБА живы,2020-01-17 18:00,2020-01-21 00:00,25,0.0619,0.026
3/3,ОБА живы,2020-01-23 15:00,2020-01-24 14:00,23,0.1456,0.106
3/3,ОБА живы,2020-01-31 05:00,2020-02-04 07:00,49,0.0146,0.021
3/3,ОБА живы,2020-02-26 00:00,2020-02-28 04:00,51,0.0751,0.162
3/3,ОБА живы,2020-03-02 13:00,2020-03-03 12:00,23,0.3130,0.417
3/3,ОБА живы,2020-03-06 18:00,2020-03-10 04:00,34,0.1642,0.448
3/3,ОБА живы,2020-03-13 10:00,2020-03-13 15:00,6,0.6972,3.335
3/3,ОБА живы,2020-03-17 18:00,2020-03-17 22:00,4,0.1858,0.311
3/3,ОБА живы,2020-03-27 14:00,2020-03-31 07:00,39,0.3829,0.506
3/3,ОБА живы,2020-04-03 09:00,2020-04-03 17:00,9,0.3979,0.403
3/3,ОБА живы,2020-04-08 16:00,2020-04-09 05:00,13,0.1269,0.072
3/3,ОБА живы,2020-04-16 19:00,2020-04-17 04:00,9,0.6274,0.640
3/3,ОБА живы,2020-04-29 04:00,2020-04-30 04:00,24,0.0752,0.092
3/3,ОБА живы,2020-05-05 10:00,2020-05-06 11:00,25,0.1891,0.208
3/3,ОБА живы,2020-05-07 03:00,2020-05-07 10:00,8,0.1410,0.098
3/3,ОБА живы,2020-05-12 18:00,2020-05-13 18:00,24,0.4849,0.574
3/3,ОБА живы,2020-05-25 04:00,2020-05-26 01:00,17,0.3931,0.279
3/3,ОБА живы,2020-05-27 22:00,2020-05-28 01:00,4,0.4768,0.262
3/3,ОБА живы,2020-06-02 10:00,2020-06-02 14:00,5,0.0217,0.010
3/3,ОБА живы,2020-06-11 14:00,2020-06-15 04:00,37,0.6752,0.868
3/3,ОБА живы,2020-06-16 11:00,2020-06-17 07:00,20,0.2480,0.219
3/3,ОБА живы,2020-06-17 23:00,2020-06-18 07:00,9,0.0454,0.017
3/3,ОБА живы,2020-06-18 17:00,2020-06-19 04:00,11,0.3771,0.126
3/3,ОБА живы,2020-06-23 05:00,2020-06-23 17:00,13,0.6524,0.812
3/3,ОБА живы,2020-06-29 11:00,2020-06-30 10:00,23,0.0984,0.047
3/3,ОБА живы,2020-07-01 18:00,2020-07-02 14:00,20,0.2222,0.269
3/3,ОБА живы,2020-07-02 16:00,2020-07-06 10:00,37,0.0862,0.042
3/3,ОБА живы,2020-07-10 19:00,2020-07-13 23:00,27,0.1792,0.156
3/3,ОБА живы,2020-07-15 08:00,2020-07-16 04:00,20,0.1094,0.077
3/3,ОБА живы,2020-07-30 18:00,2020-08-04 14:00,66,0.8975,1.936
3/3,ОБА живы,2020-08-10 22:00,2020-08-11 04:00,7,0.6174,0.468
3/3,ОБА живы,2020-08-12 11:00,2020-08-13 15:00,28,0.3580,0.811
3/3,ОБА живы,2020-08-14 09:00,2020-08-14 15:00,7,0.1124,0.097
3/3,ОБА живы,2020-08-18 17:00,2020-08-19 13:00,20,0.7644,1.041
3/3,ОБА живы,2020-08-21 03:00,2020-08-21 10:00,8,0.6586,0.786
3/3,ОБА живы,2020-08-24 15:00,2020-08-26 13:00,45,0.1399,0.254
3/3,ОБА живы,2020-08-26 15:00,2020-08-27 13:00,22,0.0188,0.044
3/3,ОБА живы,2020-08-27 16:00,2020-08-28 03:00,11,0.9242,1.061
3/3,ОБА живы,2020-09-01 17:00,2020-09-02 06:00,13,0.3134,0.256
3/3,ОБА живы,2020-09-04 15:00,2020-09-08 09:00,37,0.0411,0.052
3/3,ОБА живы,2020-09-08 20:00,2020-09-09 12:00,16,0.2421,0.223
3/3,ОБА живы,2020-09-10 05:00,2020-09-10 11:00,7,0.0318,0.017
3/3,ОБА живы,2020-09-10 23:00,2020-09-11 04:00,6,0.3130,0.194
3/3,ОБА живы,2020-09-11 16:00,2020-09-14 12:00,20,0.7033,0.691
3/3,ОБА живы,2020-09-17 14:00,2020-09-18 04:00,14,0.4356,0.398
3/3,ОБА живы,2020-09-18 20:00,2020-09-21 07:00,11,0.2564,0.117
3/3,ОБА живы,2020-09-24 20:00,2020-09-25 10:00,14,0.5882,0.664
3/3,ОБА живы,2020-10-05 10:00,2020-10-06 06:00,20,0.5320,0.582
3/3,ОБА живы,2020-10-08 20:00,2020-10-09 01:00,5,0.9633,0.689
3/3,ОБА живы,2020-10-12 14:00,2020-10-13 00:00,10,0.3650,0.137
3/3,ОБА живы,2020-10-15 15:00,2020-10-20 00:00,55,0.0134,0.015
3/3,ОБА живы,2020-10-22 05:00,2020-10-22 11:00,7,0.0567,0.021
3/3,ОБА живы,2020-10-23 17:00,2020-10-28 09:00,62,0.1663,0.173
3/3,ОБА живы,2020-11-04 04:00,2020-11-05 07:00,27,0.4604,0.639
3/3,ОБА живы,2020-11-16 20:00,2020-11-17 19:00,23,0.0783,0.038
3/3,ОБА живы,2020-11-18 18:00,2020-11-20 04:00,33,0.2336,0.292
3/3,ОБА живы,2020-11-25 11:00,2020-11-26 08:00,21,0.2530,0.195
3/3,ОБА живы,2020-11-30 20:00,2020-12-01 04:00,8,0.6698,0.440
3/3,ОБА живы,2020-12-03 19:00,2020-12-04 17:00,22,0.3221,0.331
3/3,ОБА живы,2020-12-09 07:00,2020-12-09 10:00,4,0.1743,0.095
3/3,ОБА живы,2020-12-11 14:00,2020-12-14 09:00,19,0.5560,0.670
3/3,ОБА живы,2020-12-16 16:00,2020-12-17 06:00,14,0.5517,0.789
3/3,ОБА живы,2020-12-18 11:00,2020-12-21 04:00,17,0.6976,0.829
3/3,ОБА живы,2020-12-21 13:00,2020-12-22 05:00,16,0.4089,0.327
3/3,ОБА живы,2020-12-23 15:00,2020-12-24 00:00,9,0.2187,0.088
3/3,ОБА живы,2020-12-28 14:00,2020-12-30 17:00,50,0.1945,0.260
3/3,ОБА живы,2021-01-07 09:00,2021-01-08 07:00,22,0.6229,0.571
3/3,ОБА живы,2021-01-12 17:00,2021-01-13 20:00,27,0.3640,0.503
3/3,ОБА живы,2021-01-14 21:00,2021-01-15 12:00,15,0.1566,0.097
3/3,ОБА живы,2021-01-19 04:00,2021-01-19 08:00,5,0.4298,0.207
3/3,ОБА живы,2021-01-19 16:00,2021-01-20 00:00,8,0.3369,0.120
3/3,ОБА живы,2021-01-25 03:00,2021-01-25 09:00,7,0.2940,0.116
3/3,ОБА живы,2021-01-25 19:00,2021-01-27 10:00,38,0.4525,0.450
3/3,ОБА живы,2021-02-08 05:00,2021-02-08 11:00,7,0.4898,0.428
3/3,ОБА живы,2021-02-11 06:00,2021-02-11 16:00,11,0.6631,0.682
3/3,ОБА живы,2021-02-15 13:00,2021-02-16 11:00,18,0.1452,0.091
3/3,ОБА живы,2021-02-18 16:00,2021-02-19 12:00,20,0.1360,0.149
3/3,ОБА живы,2021-02-24 05:00,2021-02-24 12:00,8,0.4128,0.163
3/3,ОБА живы,2021-03-04 10:00,2021-03-04 17:00,8,0.6024,0.872
3/3,ОБА живы,2021-03-05 17:00,2021-03-05 21:00,5,0.0221,0.011
3/3,ОБА живы,2021-03-08 20:00,2021-03-10 17:00,44,0.8929,2.309
3/3,ОБА живы,2021-03-11 17:00,2021-03-12 01:00,8,0.1780,0.072
3/3,ОБА живы,2021-03-15 04:00,2021-03-15 12:00,9,0.3887,0.256
3/3,ОБА живы,2021-03-16 10:00,2021-03-17 17:00,31,0.2522,0.249
3/3,ОБА живы,2021-03-18 16:00,2021-03-19 06:00,14,0.6145,0.533
3/3,ОБА живы,2021-03-22 04:00,2021-03-22 07:00,4,0.8410,0.763
3/3,ОБА живы,2021-03-23 13:00,2021-03-25 10:00,44,0.0149,0.014
3/3,ОБА живы,2021-03-25 16:00,2021-03-26 14:00,22,0.2664,0.169
3/3,ОБА живы,2021-03-31 09:00,2021-03-31 12:00,4,0.2211,0.095
3/3,ОБА живы,2021-04-07 15:00,2021-04-08 10:00,19,0.3087,0.257
3/3,ОБА живы,2021-04-09 16:00,2021-04-13 04:00,35,0.8003,0.866
3/3,ОБА живы,2021-04-14 17:00,2021-04-15 07:00,14,0.7251,0.577
3/3,ОБА живы,2021-04-19 04:00,2021-04-19 09:00,6,0.7264,0.594
3/3,ОБА живы,2021-04-19 16:00,2021-04-19 23:00,7,0.2137,0.047
3/3,ОБА живы,2021-04-20 19:00,2021-04-21 00:00,5,0.0053,0.001
3/3,ОБА живы,2021-04-23 17:00,2021-04-27 23:00,52,0.1228,0.116
3/3,ОБА живы,2021-04-29 05:00,2021-05-03 02:00,44,0.4432,0.741
3/3,ОБА живы,2021-05-04 17:00,2021-05-05 06:00,13,0.3019,0.133
3/3,ОБА живы,2021-05-11 16:00,2021-05-12 11:00,19,0.1138,0.077
3/3,ОБА живы,2021-05-12 19:00,2021-05-13 08:00,13,0.4566,0.260
3/3,ОБА живы,2021-05-13 19:00,2021-05-14 05:00,10,0.0749,0.035
3/3,ОБА живы,2021-05-21 19:00,2021-05-25 00:00,28,0.0655,0.041
3/3,ОБА живы,2021-05-25 10:00,2021-05-25 14:00,5,0.4655,0.400
3/3,ОБА живы,2021-05-28 09:00,2021-05-28 15:00,7,0.1666,0.162
3/3,ОБА живы,2021-05-31 14:00,2021-06-01 05:00,11,0.7184,0.382
3/3,ОБА живы,2021-06-01 17:00,2021-06-02 03:00,10,0.6986,0.273
3/3,ОБА живы,2021-06-02 16:00,2021-06-03 11:00,19,0.7356,0.732
3/3,ОБА живы,2021-06-08 16:00,2021-06-10 05:00,36,0.5033,0.435
3/3,ОБА живы,2021-06-11 00:00,2021-06-11 03:00,4,0.1704,0.032
3/3,ОБА живы,2021-06-16 09:00,2021-06-16 17:00,9,0.1431,0.080
3/3,ОБА живы,2021-06-21 00:00,2021-06-23 12:00,59,0.3916,0.523
3/3,ОБА живы,2021-06-23 23:00,2021-06-28 01:00,49,0.1996,0.221
3/3,ОБА живы,2021-06-28 09:00,2021-06-29 07:00,22,0.2574,0.153
3/3,ОБА живы,2021-07-08 18:00,2021-07-09 15:00,21,0.5102,0.425
3/3,ОБА живы,2021-07-15 18:00,2021-07-16 09:00,15,0.4550,0.275
3/3,ОБА живы,2021-07-20 05:00,2021-07-20 11:00,7,0.3397,0.138
3/3,ОБА живы,2021-07-20 18:00,2021-07-21 00:00,6,0.1527,0.025
3/3,ОБА живы,2021-07-22 18:00,2021-07-26 03:00,32,0.0044,0.005
3/3,ОБА живы,2021-07-26 17:00,2021-07-27 04:00,11,0.0976,0.028
3/3,ОБА живы,2021-07-28 17:00,2021-07-29 00:00,7,0.6054,0.592
3/3,ОБА живы,2021-08-02 20:00,2021-08-04 05:00,32,0.0439,0.019
3/3,ОБА живы,2021-08-04 18:00,2021-08-05 06:00,12,0.3205,0.071
3/3,ОБА живы,2021-08-12 16:00,2021-08-13 04:00,12,0.5566,0.226
3/3,ОБА живы,2021-08-17 18:00,2021-08-19 02:00,31,0.1384,0.127
3/3,ОБА живы,2021-08-19 16:00,2021-08-23 09:00,40,0.4458,0.309
3/3,ОБА живы,2021-08-24 16:00,2021-08-24 23:00,7,0.7284,0.249
3/3,ОБА живы,2021-08-26 18:00,2021-08-27 01:00,7,0.6650,0.204
3/3,ОБА живы,2021-08-31 16:00,2021-09-01 11:00,19,0.1105,0.058
3/3,ОБА живы,2021-09-01 18:00,2021-09-03 11:00,40,0.1217,0.082
3/3,ОБА живы,2021-09-08 15:00,2021-09-08 18:00,4,0.0723,0.028
3/3,ОБА живы,2021-09-10 16:00,2021-09-13 13:00,21,0.2118,0.126
3/3,ОБА живы,2021-09-27 13:00,2021-09-28 05:00,16,0.6853,0.417
3/3,ОБА живы,2021-09-29 05:00,2021-09-29 09:00,5,0.4855,0.182
3/3,ОБА живы,2021-10-04 14:00,2021-10-04 23:00,9,0.0973,0.101
3/3,ОБА живы,2021-10-05 22:00,2021-10-08 11:00,60,0.0948,0.113
3/3,ОБА живы,2021-10-11 04:00,2021-10-12 12:00,32,0.0548,0.046
3/3,ОБА живы,2021-10-21 15:00,2021-10-22 06:00,15,0.6968,0.591
3/3,ОБА живы,2021-10-27 16:00,2021-10-28 00:00,8,0.0108,0.003
3/3,ОБА живы,2021-10-28 17:00,2021-10-29 11:00,18,0.7309,0.457
3/3,ОБА живы,2021-11-02 17:00,2021-11-03 00:00,7,0.0671,0.026
3/3,ОБА живы,2021-11-12 21:00,2021-11-16 07:00,33,0.0620,0.047
3/3,ОБА живы,2021-11-29 02:00,2021-11-30 15:00,37,0.3979,0.612
3/3,ОБА живы,2021-11-30 18:00,2021-12-02 06:00,35,0.0669,0.089
3/3,ОБА живы,2021-12-07 15:00,2021-12-08 01:00,10,0.4763,0.240
3/3,ОБА живы,2021-12-08 17:00,2021-12-09 11:00,18,0.4951,0.228
3/3,ОБА живы,2021-12-13 17:00,2021-12-14 12:00,19,0.5188,0.216
3/3,ОБА живы,2021-12-23 17:00,2021-12-27 14:00,21,0.0517,0.025
3/3,ОБА живы,2021-12-27 16:00,2021-12-28 05:00,13,0.2230,0.084
3/3,ОБА живы,2021-12-28 21:00,2021-12-29 06:00,9,0.0165,0.003
3/3,ОБА живы,2022-01-10 17:00,2022-01-11 03:00,10,0.4608,0.370
3/3,ОБА живы,2022-01-14 11:00,2022-01-18 07:00,41,0.4190,0.343
3/3,ОБА живы,2022-01-21 17:00,2022-01-25 10:00,40,0.3140,0.270
3/3,ОБА живы,2022-02-02 10:00,2022-02-03 08:00,22,0.2470,0.143
3/3,ОБА живы,2022-02-04 17:00,2022-02-07 15:00,22,0.8246,0.526
3/3,ОБА живы,2022-02-10 11:00,2022-02-10 16:00,6,0.4548,0.504
3/3,ОБА живы,2022-02-15 15:00,2022-02-16 13:00,22,0.8181,0.581
3/3,ОБА живы,2022-02-18 13:00,2022-02-21 05:00,16,0.2570,0.257
3/3,ОБА живы,2022-02-22 14:00,2022-02-23 23:00,32,0.4220,0.487
3/3,ОБА живы,2022-02-28 02:00,2022-03-01 08:00,30,0.1088,0.156
3/3,ОБА живы,2022-03-03 14:00,2022-03-03 23:00,9,0.4553,0.424
3/3,ОБА живы,2022-03-07 16:00,2022-03-08 05:00,13,0.5769,0.733
3/3,ОБА живы,2022-03-09 17:00,2022-03-10 09:00,16,0.0094,0.016
3/3,ОБА живы,2022-03-11 08:00,2022-03-11 11:00,4,0.5179,0.660
3/3,ОБА живы,2022-03-16 14:00,2022-03-17 02:00,12,0.5982,1.289
3/3,ОБА живы,2022-03-18 06:00,2022-03-18 15:00,10,0.0335,0.033
3/3,ОБА живы,2022-04-05 19:00,2022-04-06 12:00,17,0.3341,0.322
3/3,ОБА живы,2022-04-08 08:00,2022-04-08 13:00,6,0.6704,0.413
3/3,ОБА живы,2022-04-21 00:00,2022-04-22 09:00,33,0.5887,0.624
3/3,ОБА живы,2022-04-26 10:00,2022-04-27 12:00,26,0.5215,0.677
3/3,ОБА живы,2022-04-27 15:00,2022-04-28 00:00,9,0.1143,0.062
3/3,ОБА живы,2022-05-06 18:00,2022-05-09 16:00,22,0.7313,1.149
3/3,ОБА живы,2022-05-18 13:00,2022-05-19 07:00,18,0.1867,0.155
3/3,ОБА живы,2022-05-20 05:00,2022-05-23 04:00,23,0.3661,0.467
3/3,ОБА живы,2022-05-30 02:00,2022-05-30 23:00,19,0.5459,0.350
3/3,ОБА живы,2022-06-07 23:00,2022-06-09 10:00,35,0.2882,0.235
3/3,ОБА живы,2022-06-20 06:00,2022-06-21 09:00,25,0.4471,0.296
3/3,ОБА живы,2022-06-21 17:00,2022-06-22 03:00,10,0.5207,0.323
3/3,ОБА живы,2022-06-22 16:00,2022-06-23 12:00,20,0.2444,0.236
3/3,ОБА живы,2022-06-23 14:00,2022-06-23 19:00,6,0.6636,0.790
3/3,ОБА живы,2022-06-27 18:00,2022-06-29 08:00,37,0.5388,0.407
3/3,ОБА живы,2022-06-29 15:00,2022-06-30 09:00,18,0.5016,0.301
3/3,ОБА живы,2022-06-30 16:00,2022-07-01 06:00,14,0.6088,0.657
3/3,ОБА живы,2022-07-04 05:00,2022-07-05 07:00,24,0.6938,0.362
3/3,ОБА живы,2022-07-08 10:00,2022-07-12 03:00,40,0.2615,0.439
3/3,ОБА живы,2022-07-13 18:00,2022-07-14 06:00,12,0.7241,0.792
3/3,ОБА живы,2022-07-21 18:00,2022-07-22 06:00,12,0.5000,0.213
3/3,ОБА живы,2022-07-27 11:00,2022-07-27 17:00,7,0.0994,0.067
3/3,ОБА живы,2022-07-29 17:00,2022-08-01 08:00,15,0.0110,0.006
3/3,ОБА живы,2022-08-03 16:00,2022-08-04 06:00,14,0.7131,0.699
3/3,ОБА живы,2022-08-08 18:00,2022-08-09 12:00,18,0.5677,0.363
3/3,ОБА живы,2022-08-11 08:00,2022-08-12 15:00,31,0.3642,0.294
3/3,ОБА живы,2022-08-18 14:00,2022-08-18 23:00,9,0.3446,0.219
3/3,ОБА живы,2022-08-23 04:00,2022-08-23 12:00,9,0.0656,0.049
3/3,ОБА живы,2022-08-24 14:00,2022-08-25 03:00,13,0.2819,0.224
3/3,ОБА живы,2022-09-09 16:00,2022-09-12 07:00,15,0.2961,0.251
3/3,ОБА живы,2022-09-14 11:00,2022-09-14 17:00,7,0.4157,0.233
3/3,ОБА живы,2022-09-26 10:00,2022-09-26 16:00,7,0.4041,0.504
3/3,ОБА живы,2022-09-27 14:00,2022-09-28 08:00,18,0.6606,0.979
3/3,ОБА живы,2022-10-02 23:00,2022-10-03 13:00,15,0.3083,0.278
3/3,ОБА живы,2022-10-18 18:00,2022-10-19 05:00,11,0.3617,0.206
3/3,ОБА живы,2022-10-20 18:00,2022-10-21 12:00,18,0.1601,0.161
3/3,ОБА живы,2022-10-25 04:00,2022-10-25 08:00,5,0.6734,0.382
3/3,ОБА живы,2022-10-25 17:00,2022-10-26 05:00,12,0.3003,0.191
3/3,ОБА живы,2022-11-03 02:00,2022-11-03 07:00,6,0.5858,0.387
3/3,ОБА живы,2022-11-09 16:00,2022-11-10 12:00,20,0.2497,0.178
3/3,ОБА живы,2022-11-14 14:00,2022-11-15 06:00,16,0.0716,0.051
3/3,ОБА живы,2022-11-22 23:00,2022-11-23 18:00,20,0.1265,0.147
3/3,ОБА живы,2022-11-25 03:00,2022-11-25 12:00,10,0.7322,0.493
3/3,ОБА живы,2022-12-05 07:00,2022-12-05 17:00,11,0.8672,1.669
3/3,ОБА живы,2022-12-06 21:00,2022-12-07 12:00,15,0.5782,0.233
3/3,ОБА живы,2022-12-12 08:00,2022-12-12 14:00,7,0.2239,0.129
3/3,ОБА живы,2022-12-14 15:00,2022-12-15 00:00,9,0.2968,0.307
3/3,ОБА живы,2022-12-19 08:00,2022-12-19 14:00,7,0.4539,0.248
3/3,ОБА живы,2022-12-21 14:00,2022-12-22 12:00,22,0.0622,0.037
3/3,ОБА живы,2022-12-30 13:00,2022-12-30 21:00,9,0.1712,0.111
3/3,ОБА живы,2023-01-03 18:00,2023-01-04 06:00,12,0.7090,0.495
3/3,ОБА живы,2023-01-06 06:00,2023-01-06 12:00,7,0.3225,0.129
3/3,ОБА живы,2023-01-09 20:00,2023-01-10 13:00,17,0.2319,0.116
3/3,ОБА живы,2023-01-10 15:00,2023-01-11 04:00,13,0.2278,0.115
3/3,ОБА живы,2023-01-11 19:00,2023-01-12 02:00,7,0.5940,0.317
3/3,ОБА живы,2023-01-20 17:00,2023-01-23 13:00,20,0.1902,0.165
3/3,ОБА живы,2023-01-27 16:00,2023-01-31 04:00,35,0.6058,0.490
3/3,ОБА живы,2023-01-31 21:00,2023-02-01 14:00,17,0.0161,0.008
3/3,ОБА живы,2023-02-07 21:00,2023-02-08 06:00,9,0.3938,0.236
3/3,ОБА живы,2023-02-08 17:00,2023-02-09 07:00,14,0.4798,0.257
3/3,ОБА живы,2023-02-10 11:00,2023-02-13 15:00,28,0.6174,0.510
3/3,ОБА живы,2023-02-14 09:00,2023-02-15 05:00,20,0.5888,0.871
3/3,ОБА живы,2023-02-16 05:00,2023-02-16 12:00,8,0.2689,0.153
3/3,ОБА живы,2023-02-16 23:00,2023-02-20 06:00,31,0.3613,0.525
3/3,ОБА живы,2023-02-22 15:00,2023-02-22 18:00,4,0.5961,0.291
3/3,ОБА живы,2023-03-06 14:00,2023-03-06 17:00,4,0.2605,0.079
3/3,ОБА живы,2023-03-14 16:00,2023-03-15 06:00,14,0.7136,0.434
3/3,ОБА живы,2023-03-16 04:00,2023-03-17 11:00,31,0.8740,1.135
3/3,ОБА живы,2023-03-20 17:00,2023-03-21 06:00,13,0.3156,0.213
3/3,ОБА живы,2023-03-30 04:00,2023-03-30 15:00,12,0.8477,0.708
3/3,ОБА живы,2023-03-31 11:00,2023-04-04 12:00,48,0.0835,0.172
3/3,ОБА живы,2023-04-05 17:00,2023-04-06 00:00,7,0.6409,0.199
3/3,ОБА живы,2023-04-17 10:00,2023-04-17 13:00,4,0.6168,0.585
3/3,ОБА живы,2023-04-18 16:00,2023-04-19 04:00,12,0.4969,0.162
3/3,ОБА живы,2023-04-21 09:00,2023-04-21 12:00,4,0.2703,0.140
3/3,ОБА живы,2023-04-24 12:00,2023-04-24 17:00,6,0.3397,0.286
3/3,ОБА живы,2023-04-26 20:00,2023-04-27 12:00,16,0.1524,0.165
3/3,ОБА живы,2023-04-28 18:00,2023-05-01 11:00,17,0.0040,0.003
3/3,ОБА живы,2023-05-03 10:00,2023-05-03 15:00,6,0.3720,0.348
3/3,ОБА живы,2023-05-10 18:00,2023-05-11 12:00,18,0.2646,0.256
3/3,ОБА живы,2023-05-12 16:00,2023-05-16 05:00,36,0.0578,0.041
3/3,ОБА живы,2023-05-22 17:00,2023-05-22 23:00,6,0.5594,0.263
3/3,ОБА живы,2023-05-29 09:00,2023-05-30 04:00,17,0.5914,0.357
3/3,ОБА живы,2023-06-06 10:00,2023-06-07 14:00,28,0.3662,0.295
3/3,ОБА живы,2023-06-09 11:00,2023-06-12 00:00,13,0.4959,0.416
3/3,ОБА живы,2023-06-16 04:00,2023-06-16 08:00,5,0.8218,0.393
3/3,ОБА живы,2023-06-16 17:00,2023-06-19 08:00,15,0.3944,0.141
3/3,ОБА живы,2023-06-20 01:00,2023-06-20 12:00,12,0.1815,0.117
3/3,ОБА живы,2023-06-26 16:00,2023-06-27 13:00,21,0.0205,0.012
3/3,ОБА живы,2023-06-29 17:00,2023-06-30 07:00,14,0.3839,0.142
3/3,ОБА живы,2023-07-10 20:00,2023-07-11 05:00,9,0.6360,0.188
3/3,ОБА живы,2023-07-14 10:00,2023-07-17 08:00,22,0.0177,0.011
3/3,ОБА живы,2023-07-17 13:00,2023-07-18 05:00,16,0.5461,0.448
3/3,ОБА живы,2023-07-19 17:00,2023-07-20 00:00,7,0.5586,0.088
3/3,ОБА живы,2023-07-25 19:00,2023-07-26 05:00,10,0.1246,0.027
3/3,ОБА живы,2023-08-03 18:00,2023-08-04 12:00,18,0.3215,0.301
3/3,ОБА живы,2023-08-04 15:00,2023-08-04 20:00,6,0.0139,0.005
3/3,ОБА живы,2023-08-07 17:00,2023-08-08 06:00,13,0.4158,0.150
3/3,ОБА живы,2023-08-18 16:00,2023-08-21 11:00,19,0.3715,0.183
3/3,ОБА живы,2023-08-21 17:00,2023-08-22 03:00,10,0.3616,0.091
3/3,ОБА живы,2023-08-22 16:00,2023-08-23 12:00,20,0.5230,0.338
3/3,ОБА живы,2023-08-24 15:00,2023-08-25 13:00,22,0.6008,0.295
3/3,ОБА живы,2023-08-28 18:00,2023-08-29 02:00,8,0.9743,0.227
3/3,ОБА живы,2023-09-01 17:00,2023-09-05 08:00,36,0.5491,0.398
3/3,ОБА живы,2023-09-13 16:00,2023-09-14 11:00,19,0.2477,0.100
3/3,ОБА живы,2023-09-19 22:00,2023-09-20 06:00,9,0.3635,0.075
3/3,ОБА живы,2023-09-21 04:00,2023-09-21 09:00,6,0.4103,0.171
3/3,ОБА живы,2023-09-22 17:00,2023-09-25 03:00,10,0.4769,0.097
3/3,ОБА живы,2023-09-25 10:00,2023-09-25 13:00,4,0.0955,0.023
3/3,ОБА живы,2023-09-28 10:00,2023-09-28 13:00,4,0.2300,0.102
3/3,ОБА живы,2023-10-23 03:00,2023-10-24 08:00,29,0.1083,0.071
3/3,ОБА живы,2023-10-25 18:00,2023-10-27 11:00,40,0.0136,0.015
3/3,ОБА живы,2023-10-31 07:00,2023-10-31 17:00,11,0.4894,0.604
3/3,ОБА живы,2023-11-02 18:00,2023-11-03 07:00,13,0.0977,0.029
3/3,ОБА живы,2023-11-06 06:00,2023-11-06 14:00,9,0.0702,0.024
3/3,ОБА живы,2023-11-15 17:00,2023-11-16 13:00,20,0.6460,0.543
3/3,ОБА живы,2023-11-30 17:00,2023-12-01 07:00,14,0.2580,0.123
3/3,ОБА живы,2023-12-04 18:00,2023-12-05 03:00,9,0.6798,0.642
3/3,ОБА живы,2023-12-08 06:00,2023-12-08 13:00,8,0.6597,0.584
3/3,ОБА живы,2023-12-12 16:00,2023-12-13 18:00,26,0.0969,0.067
3/3,ОБА живы,2023-12-14 16:00,2023-12-15 08:00,16,0.0470,0.029
3/3,ОБА живы,2024-01-02 18:00,2024-01-03 10:00,16,0.4740,0.306
3/3,ОБА живы,2024-01-08 14:00,2024-01-09 12:00,22,0.4955,0.490
3/3,ОБА живы,2024-01-09 19:00,2024-01-10 05:00,10,0.2938,0.107
3/3,ОБА живы,2024-01-10 13:00,2024-01-11 16:00,27,0.4336,0.671
3/3,ОБА живы,2024-01-22 10:00,2024-01-23 05:00,19,0.5243,0.393
3/3,ОБА живы,2024-01-24 23:00,2024-01-25 07:00,9,0.1203,0.028
3/3,ОБА живы,2024-01-25 17:00,2024-01-30 13:00,66,0.8136,1.132
3/3,ОБА живы,2024-01-30 18:00,2024-01-31 12:00,18,0.6435,0.282
3/3,ОБА живы,2024-02-01 00:00,2024-02-01 15:00,16,0.4873,0.550
3/3,ОБА живы,2024-02-02 17:00,2024-02-05 07:00,14,0.4968,0.379
3/3,ОБА живы,2024-02-06 06:00,2024-02-06 14:00,9,0.3937,0.197
3/3,ОБА живы,2024-02-14 21:00,2024-02-15 08:00,11,0.5035,0.146
3/3,ОБА живы,2024-02-22 21:00,2024-02-23 08:00,11,0.5122,0.234
3/3,ОБА живы,2024-02-26 18:00,2024-02-27 07:00,13,0.7525,0.300
3/3,ОБА живы,2024-02-28 17:00,2024-02-29 12:00,19,0.3645,0.174
3/3,ОБА живы,2024-03-15 16:00,2024-03-18 01:00,9,0.4921,0.302
3/3,ОБА живы,2024-03-20 07:00,2024-03-20 17:00,11,0.0711,0.050
3/3,ОБА живы,2024-03-22 16:00,2024-03-26 07:00,38,0.4246,0.477
3/3,ОБА живы,2024-04-14 23:00,2024-04-15 17:00,19,0.0161,0.032
3/3,ОБА живы,2024-04-16 19:00,2024-04-17 17:00,22,0.5054,0.732
3/3,ОБА живы,2024-04-19 14:00,2024-04-22 10:00,20,0.6636,1.401
3/3,ОБА живы,2024-04-23 17:00,2024-04-25 09:00,39,0.0431,0.060
3/3,ОБА живы,2024-04-25 16:00,2024-04-26 06:00,14,0.6068,0.526
3/3,ОБА живы,2024-04-29 12:00,2024-04-30 06:00,18,0.3420,0.411
3/3,ОБА живы,2024-05-03 15:00,2024-05-06 03:00,12,0.6060,0.679
3/3,ОБА живы,2024-05-08 08:00,2024-05-09 12:00,28,0.7571,0.841
3/3,ОБА живы,2024-05-21 18:00,2024-05-22 02:00,8,0.2437,0.107
3/3,ОБА живы,2024-05-28 16:00,2024-05-29 06:00,14,0.0713,0.034
3/3,ОБА живы,2024-05-30 17:00,2024-05-31 11:00,18,0.0484,0.025
3/3,ОБА живы,2024-06-13 04:00,2024-06-13 14:00,11,0.0790,0.078
3/3,ОБА живы,2024-06-18 20:00,2024-06-19 04:00,8,0.2822,0.064
3/3,ОБА живы,2024-06-19 17:00,2024-06-20 03:00,8,0.3375,0.164
3/3,ОБА живы,2024-06-24 16:00,2024-06-25 15:00,23,0.3252,0.300
3/3,ОБА живы,2024-07-01 08:00,2024-07-03 05:00,44,0.3853,0.322
3/3,ОБА живы,2024-07-04 09:00,2024-07-05 04:00,17,0.5934,0.262
3/3,ОБА живы,2024-07-15 10:00,2024-07-15 13:00,4,0.4260,0.179
3/3,ОБА живы,2024-07-17 22:00,2024-07-22 12:00,61,0.7541,2.641
3/3,ОБА живы,2024-07-23 04:00,2024-07-23 07:00,4,0.1185,0.056
3/3,ОБА живы,2024-07-23 09:00,2024-07-23 19:00,11,0.0534,0.028
3/3,ОБА живы,2024-07-25 13:00,2024-07-25 16:00,4,0.1236,0.099
3/3,ОБА живы,2024-08-01 17:00,2024-08-02 11:00,18,0.5930,0.815
3/3,ОБА живы,2024-08-02 18:00,2024-08-05 10:00,16,0.4050,0.846
3/3,ОБА живы,2024-08-06 03:00,2024-08-07 11:00,32,0.2126,0.329
3/3,ОБА живы,2024-08-14 05:00,2024-08-14 13:00,9,0.1511,0.188
3/3,ОБА живы,2024-08-19 16:00,2024-08-20 06:00,14,0.2823,0.123
3/3,ОБА живы,2024-08-23 18:00,2024-08-26 07:00,13,0.8447,0.467
3/3,ОБА живы,2024-08-28 09:00,2024-08-29 02:00,17,0.1261,0.109
3/3,ОБА живы,2024-09-02 11:00,2024-09-03 10:00,21,0.1514,0.101
3/3,ОБА живы,2024-09-04 17:00,2024-09-05 05:00,12,0.7320,0.319
3/3,ОБА живы,2024-09-16 13:00,2024-09-17 14:00,25,0.5589,0.454
3/3,ОБА живы,2024-09-18 14:00,2024-09-18 18:00,5,0.1169,0.152
3/3,ОБА живы,2024-09-18 22:00,2024-09-20 05:00,31,0.7993,1.377
3/3,ОБА живы,2024-09-23 10:00,2024-09-24 03:00,17,0.7816,0.478
3/3,ОБА живы,2024-09-24 10:00,2024-09-24 15:00,6,0.3905,0.372
3/3,ОБА живы,2024-09-25 10:00,2024-09-26 10:00,24,0.6545,0.642
3/3,ОБА живы,2024-10-02 18:00,2024-10-04 01:00,30,0.1635,0.160
3/3,ОБА живы,2024-10-04 15:00,2024-10-08 01:00,33,0.1825,0.223
3/3,ОБА живы,2024-10-15 19:00,2024-10-16 05:00,10,0.6603,0.293
3/3,ОБА живы,2024-10-23 00:00,2024-10-23 03:00,4,0.0877,0.030
3/3,ОБА живы,2024-11-01 13:00,2024-11-05 01:00,34,0.7146,0.791
3/3,ОБА живы,2024-11-15 18:00,2024-11-18 00:00,6,0.5061,0.350
3/3,ОБА живы,2024-11-20 11:00,2024-11-20 15:00,5,0.7572,0.791
3/3,ОБА живы,2024-11-26 16:00,2024-11-27 04:00,12,0.4943,0.396
3/3,ОБА живы,2024-12-03 09:00,2024-12-04 14:00,29,0.2269,0.199
3/3,ОБА живы,2024-12-04 16:00,2024-12-05 13:00,21,0.0599,0.031
3/3,ОБА живы,2024-12-16 19:00,2024-12-17 08:00,13,0.5339,0.344
3/3,ОБА живы,2024-12-19 13:00,2024-12-20 06:00,17,0.4375,0.325
3/3,ОБА живы,2025-01-06 14:00,2025-01-07 12:00,22,0.5322,0.772
3/3,ОБА живы,2025-01-13 04:00,2025-01-13 09:00,6,0.1567,0.047
3/3,ОБА живы,2025-01-15 01:00,2025-01-15 05:00,5,0.9394,0.354
3/3,ОБА живы,2025-01-23 20:00,2025-01-24 01:00,5,0.7517,0.307
3/3,ОБА живы,2025-01-24 19:00,2025-01-27 00:00,5,0.4705,0.180
3/3,ОБА живы,2025-01-29 23:00,2025-01-30 07:00,9,0.7882,0.318
3/3,ОБА живы,2025-02-03 17:00,2025-02-04 01:00,8,0.5151,0.222
3/3,ОБА живы,2025-02-04 10:00,2025-02-04 13:00,4,0.6901,0.598
3/3,ОБА живы,2025-02-07 06:00,2025-02-07 13:00,8,0.0963,0.062
3/3,ОБА живы,2025-02-07 16:00,2025-02-10 05:00,13,0.6612,0.651
3/3,ОБА живы,2025-02-13 16:00,2025-02-13 19:00,4,0.9005,0.447
3/3,ОБА живы,2025-02-17 12:00,2025-02-18 02:00,12,0.4143,0.188
3/3,ОБА живы,2025-02-19 21:00,2025-02-21 07:00,33,0.1051,0.111
3/3,ОБА живы,2025-02-24 06:00,2025-02-24 10:00,5,0.0372,0.018
3/3,ОБА живы,2025-02-24 18:00,2025-02-25 12:00,18,0.6375,0.637
3/3,ОБА живы,2025-02-27 02:00,2025-02-27 13:00,12,0.4667,0.607
3/3,ОБА живы,2025-03-03 02:00,2025-03-03 09:00,8,0.0504,0.023
3/3,ОБА живы,2025-03-05 16:00,2025-03-06 06:00,14,0.1749,0.108
3/3,ОБА живы,2025-03-07 12:00,2025-03-10 07:00,20,0.3600,0.351
3/3,ОБА живы,2025-03-14 18:00,2025-03-17 09:00,15,0.8153,0.413
3/3,ОБА живы,2025-03-19 12:00,2025-03-19 17:00,6,0.4326,0.216
3/3,ОБА живы,2025-03-20 13:00,2025-03-21 12:00,23,0.0432,0.037
3/3,ОБА живы,2025-03-24 13:00,2025-03-27 02:00,59,0.2733,0.304
3/3,ОБА живы,2025-04-07 04:00,2025-04-07 14:00,11,0.7263,1.188
3/3,ОБА живы,2025-04-08 16:00,2025-04-09 05:00,13,0.5813,0.986
3/3,ОБА живы,2025-04-15 16:00,2025-04-15 20:00,5,0.5920,0.259
3/3,ОБА живы,2025-04-24 04:00,2025-04-24 20:00,17,0.5276,0.685
3/3,ОБА живы,2025-04-29 17:00,2025-04-30 07:00,14,0.2504,0.215
3/3,ОБА живы,2025-04-30 16:00,2025-04-30 23:00,7,0.8474,1.144
3/3,ОБА живы,2025-05-02 19:00,2025-05-05 08:00,13,0.8660,1.514
3/3,ОБА живы,2025-05-09 10:00,2025-05-09 14:00,5,0.6563,0.414
3/3,ОБА живы,2025-05-14 08:00,2025-05-14 11:00,4,0.5077,0.383
3/3,ОБА живы,2025-05-19 03:00,2025-05-20 01:00,22,0.2128,0.277
3/3,ОБА живы,2025-05-22 17:00,2025-05-23 05:00,12,0.7095,0.832
3/3,ОБА живы,2025-05-26 12:00,2025-05-27 05:00,15,0.3200,0.326
3/3,ОБА живы,2025-05-30 17:00,2025-06-02 05:00,12,0.8844,0.995
3/3,ОБА живы,2025-06-03 17:00,2025-06-04 23:00,29,0.6087,0.743
3/3,ОБА живы,2025-06-10 05:00,2025-06-11 03:00,22,0.5097,0.653
3/3,ОБА живы,2025-06-11 20:00,2025-06-12 01:00,5,0.5233,0.472
3/3,ОБА живы,2025-06-18 07:00,2025-06-18 18:00,12,0.2896,0.198
3/3,ОБА живы,2025-06-23 19:00,2025-06-24 05:00,10,0.7960,1.308
3/3,ОБА живы,2025-06-25 10:00,2025-06-26 06:00,20,0.4899,0.460
3/3,ОБА живы,2025-06-30 10:00,2025-06-30 15:00,6,0.3776,0.186
3/3,ОБА живы,2025-07-02 10:00,2025-07-03 11:00,25,0.0519,0.050
3/3,ОБА живы,2025-07-08 01:00,2025-07-08 12:00,12,0.3403,0.200
3/3,ОБА живы,2025-07-10 17:00,2025-07-11 06:00,13,0.5103,0.452
3/3,ОБА живы,2025-07-17 15:00,2025-07-18 09:00,18,0.6508,0.462
3/3,ОБА живы,2025-07-28 09:00,2025-07-28 12:00,4,0.6199,0.282
3/3,ОБА живы,2025-07-29 04:00,2025-07-29 07:00,4,0.0482,0.019
3/3,ОБА живы,2025-08-05 14:00,2025-08-07 05:00,38,0.2983,0.285
3/3,ОБА живы,2025-08-08 14:00,2025-08-11 05:00,15,0.3735,0.401
3/3,ОБА живы,2025-08-12 10:00,2025-08-13 07:00,21,0.3352,0.299
3/3,ОБА живы,2025-08-13 22:00,2025-08-14 06:00,9,0.2335,0.134
3/3,ОБА живы,2025-08-20 17:00,2025-08-22 03:00,33,0.5570,0.450
3/3,ОБА живы,2025-08-27 14:00,2025-08-27 19:00,6,0.4292,0.287
3/3,ОБА живы,2025-09-02 11:00,2025-09-02 15:00,5,0.6641,0.878
3/3,ОБА живы,2025-09-04 06:00,2025-09-05 11:00,29,0.4682,0.487
3/3,ОБА живы,2025-09-09 18:00,2025-09-11 02:00,31,0.0823,0.085
3/3,ОБА живы,2025-09-15 04:00,2025-09-15 12:00,9,0.2687,0.128
3/3,ОБА живы,2025-09-18 12:00,2025-09-19 04:00,16,0.0992,0.121
3/3,ОБА живы,2025-09-24 05:00,2025-09-24 14:00,10,0.7467,0.586
3/3,ОБА живы,2025-09-25 11:00,2025-09-26 13:00,26,0.1995,0.235
3/3,ОБА живы,2025-10-02 04:00,2025-10-02 13:00,10,0.3102,0.284
3/3,ОБА живы,2025-10-02 16:00,2025-10-03 11:00,19,0.4214,0.445
3/3,ОБА живы,2025-10-10 12:00,2025-10-10 18:00,7,0.2568,0.336
3/3,ОБА живы,2025-10-14 09:00,2025-10-15 02:00,17,0.5530,1.195
3/3,ОБА живы,2025-10-22 09:00,2025-10-23 12:00,27,0.4527,1.409
3/3,ОБА живы,2025-10-29 03:00,2025-10-29 06:00,4,0.4367,0.375
3/3,ОБА живы,2025-11-03 18:00,2025-11-04 00:00,6,0.5476,0.497
3/3,ОБА живы,2025-11-05 19:00,2025-11-06 06:00,11,0.1256,0.090
3/3,ОБА живы,2025-11-07 18:00,2025-11-10 00:00,6,0.5005,0.368
3/3,ОБА живы,2025-11-19 20:00,2025-11-24 17:00,67,0.1888,0.408
3/3,ОБА живы,2025-11-26 18:00,2025-11-27 23:00,28,0.0559,0.039
3/3,ОБА живы,2025-11-28 11:00,2025-11-28 15:00,5,0.6990,0.783
3/3,ОБА живы,2025-12-02 04:00,2025-12-02 08:00,5,0.3713,0.203
3/3,ОБА живы,2025-12-03 17:00,2025-12-04 04:00,11,0.4695,0.331
3/3,ОБА живы,2025-12-04 19:00,2025-12-05 11:00,16,0.4036,0.346
3/3,ОБА живы,2025-12-10 13:00,2025-12-10 18:00,6,0.3681,0.159
3/3,ОБА живы,2025-12-12 19:00,2025-12-17 04:00,55,0.4229,0.775
3/3,ОБА живы,2025-12-18 17:00,2025-12-19 17:00,24,0.3680,0.461
3/3,ОБА живы,2025-12-23 18:00,2025-12-25 23:00,25,0.1207,0.238
3/3,ОБА живы,2025-12-31 17:00,2026-01-01 23:00,6,0.5567,0.606
3/3,ОБА живы,2026-01-07 09:00,2026-01-08 04:00,19,0.7039,0.715
3/3,ОБА живы,2026-01-09 02:00,2026-01-09 12:00,11,0.1584,0.079
3/3,ОБА живы,2026-01-13 04:00,2026-01-13 13:00,10,0.3178,0.328
3/3,ОБА живы,2026-01-13 15:00,2026-01-16 14:00,69,0.1556,0.248
3/3,ОБА живы,2026-02-04 19:00,2026-02-05 01:00,6,0.1586,0.352
3/3,ОБА живы,2026-02-24 17:00,2026-02-25 04:00,11,0.2908,0.369
3/3,ОБА живы,2026-02-26 00:00,2026-02-27 12:00,36,0.0100,0.015
3/3,ОБА живы,2026-03-04 15:00,2026-03-05 15:00,24,0.3638,0.950
3/3,ОБА живы,2026-03-09 04:00,2026-03-10 00:00,20,0.4274,0.803
3/3,ОБА живы,2026-03-16 17:00,2026-03-17 04:00,11,0.8043,0.937
3/3,ОБА живы,2026-03-17 13:00,2026-03-18 02:00,13,0.4273,0.493
3/3,ОБА живы,2026-04-06 12:00,2026-04-07 01:00,13,0.6041,1.050
3/3,ОБА живы,2026-04-07 12:00,2026-04-07 18:00,7,0.1350,0.230
3/3,ОБА живы,2026-04-14 13:00,2026-04-14 16:00,4,0.3106,0.318
3/3,ОБА живы,2026-04-16 17:00,2026-04-17 11:00,18,0.2213,0.203
3/3,ОБА живы,2026-04-20 02:00,2026-04-20 12:00,11,0.1433,0.127
3/3,ОБА живы,2026-04-21 10:00,2026-04-21 13:00,4,0.2780,0.219
3/3,ОБА живы,2026-04-23 15:00,2026-04-28 04:00,59,0.6362,1.121
3/3,ОБА живы,2026-05-01 17:00,2026-05-04 14:00,21,0.5816,1.466
3/3,ОБА живы,2026-05-05 17:00,2026-05-05 23:00,6,0.6835,0.744
3/3,ОБА живы,2026-05-08 01:00,2026-05-08 12:00,12,0.0400,0.032
3/3,ОБА живы,2026-05-12 18:00,2026-05-14 18:00,47,0.4007,0.514
3/3,ОБА живы,2026-05-18 16:00,2026-05-18 22:00,6,0.5352,0.525
3/3,ОБА живы,2026-05-19 08:00,2026-05-19 12:00,5,0.1711,0.126
3/3,ОБА живы,2026-05-20 18:00,2026-05-22 20:00,49,0.3990,0.723
3/3,ОБА живы,2026-06-04 07:00,2026-06-04 10:00,4,0.7084,0.271
3/3,ОБА живы,2026-06-04 17:00,2026-06-05 11:00,18,0.1448,0.177
3/3,ОБА живы,2026-06-09 08:00,2026-06-09 13:00,6,0.0561,0.055
3/3,только восходящий,2017-07-31 01:00,2017-08-01 14:00,37,0.3959,0.364
3/3,только восходящий,2017-08-08 02:00,2017-08-08 13:00,12,0.3445,0.167
3/3,только восходящий,2017-08-09 07:00,2017-08-11 15:00,55,0.7602,1.552
3/3,только восходящий,2017-08-17 04:00,2017-08-18 18:00,38,0.0239,0.037
3/3,только восходящий,2017-08-28 09:00,2017-08-30 14:00,52,0.3692,0.847
3/3,только восходящий,2017-08-31 23:00,2017-09-01 16:00,18,0.0964,0.092
3/3,только восходящий,2017-09-03 22:00,2017-09-05 10:00,32,0.1762,0.200
3/3,только восходящий,2017-09-05 23:00,2017-09-06 15:00,17,0.2613,0.130
3/3,только восходящий,2017-09-07 18:00,2017-09-08 20:00,26,0.0937,0.103
3/3,только восходящий,2017-09-12 18:00,2017-09-13 07:00,13,0.2117,0.101
3/3,только восходящий,2017-09-15 02:00,2017-09-18 01:00,23,0.6926,0.910
3/3,только восходящий,2017-09-20 05:00,2017-09-20 17:00,13,0.0605,0.024
3/3,только восходящий,2017-09-25 16:00,2017-09-26 06:00,14,0.0565,0.041
3/3,только восходящий,2017-09-28 16:00,2017-09-29 15:00,23,0.3750,0.257
3/3,только восходящий,2017-10-03 18:00,2017-10-04 16:00,22,0.1473,0.136
3/3,только восходящий,2017-10-05 08:00,2017-10-05 16:00,9,0.8615,0.471
3/3,только восходящий,2017-10-09 02:00,2017-10-09 16:00,15,0.3782,0.181
3/3,только восходящий,2017-10-10 04:00,2017-10-10 23:00,19,0.2767,0.184
3/3,только восходящий,2017-10-12 03:00,2017-10-16 16:00,60,0.5255,0.667
3/3,только восходящий,2017-10-19 18:00,2017-10-20 02:00,8,0.3129,0.209
3/3,только восходящий,2017-10-23 23:00,2017-10-24 13:00,15,0.7510,0.479
3/3,только восходящий,2017-10-27 18:00,2017-10-31 09:00,38,0.2965,0.230
3/3,только восходящий,2017-11-01 13:00,2017-11-02 13:00,24,0.4352,0.312
3/3,только восходящий,2017-11-06 20:00,2017-11-07 17:00,21,0.5959,0.471
3/3,только восходящий,2017-11-08 10:00,2017-11-10 06:00,43,0.4341,0.342
3/3,только восходящий,2017-11-14 21:00,2017-11-15 14:00,17,0.3453,0.281
3/3,только восходящий,2017-11-17 05:00,2017-11-20 13:00,32,0.4785,0.591
3/3,только восходящий,2017-11-22 08:00,2017-11-24 10:00,45,0.3390,0.327
3/3,только восходящий,2017-11-27 17:00,2017-11-28 16:00,23,0.0274,0.015
3/3,только восходящий,2017-12-01 19:00,2017-12-04 10:00,15,0.7713,0.709
3/3,только восходящий,2017-12-11 09:00,2017-12-11 17:00,9,0.8025,0.403
3/3,только восходящий,2017-12-13 18:00,2017-12-14 17:00,23,0.4675,0.523
3/3,только восходящий,2017-12-15 09:00,2017-12-15 18:00,10,0.3095,0.209
3/3,только восходящий,2017-12-18 10:00,2017-12-18 16:00,7,0.6646,0.382
3/3,только восходящий,2017-12-19 05:00,2017-12-19 15:00,11,0.4701,0.189
3/3,только восходящий,2017-12-21 01:00,2017-12-21 10:00,10,0.5561,0.175
3/3,только восходящий,2017-12-22 14:00,2018-01-03 09:00,134,0.8309,3.454
3/3,только восходящий,2018-01-10 14:00,2018-01-11 09:00,19,0.0895,0.043
3/3,только восходящий,2018-01-11 19:00,2018-01-12 15:00,20,0.6645,0.616
3/3,только восходящий,2018-01-12 18:00,2018-01-16 03:00,28,0.2240,0.219
3/3,только восходящий,2018-01-19 07:00,2018-01-22 04:00,21,0.4304,0.250
3/3,только восходящий,2018-01-23 01:00,2018-01-25 16:00,62,0.7029,1.822
3/3,только восходящий,2018-02-01 20:00,2018-02-02 10:00,14,0.6374,0.332
3/3,только восходящий,2018-02-05 14:00,2018-02-06 12:00,22,0.1320,0.136
3/3,только восходящий,2018-02-08 20:00,2018-02-09 10:00,14,0.2720,0.190
3/3,только восходящий,2018-02-12 04:00,2018-02-14 15:00,58,0.7467,1.839
3/3,только восходящий,2018-02-14 17:00,2018-02-15 14:00,21,0.3984,0.340
3/3,только восходящий,2018-02-16 02:00,2018-02-16 21:00,20,0.5511,0.686
3/3,только восходящий,2018-02-26 10:00,2018-02-27 12:00,26,0.6618,0.523
3/3,только восходящий,2018-02-28 13:00,2018-02-28 17:00,5,0.2504,0.128
3/3,только восходящий,2018-03-02 17:00,2018-03-05 12:00,19,0.3013,0.222
3/3,только восходящий,2018-03-06 19:00,2018-03-07 14:00,19,0.4230,0.379
3/3,только восходящий,2018-03-14 02:00,2018-03-14 10:00,9,0.4969,0.252
3/3,только восходящий,2018-03-15 03:00,2018-03-15 11:00,9,0.7099,0.327
3/3,только восходящий,2018-03-19 19:00,2018-03-20 09:00,14,0.6678,0.281
3/3,только восходящий,2018-03-21 11:00,2018-03-22 19:00,32,0.5706,0.989
3/3,только восходящий,2018-03-23 06:00,2018-03-26 08:00,26,0.3579,0.345
3/3,только восходящий,2018-03-26 16:00,2018-03-27 09:00,17,0.7771,0.489
3/3,только восходящий,2018-04-02 05:00,2018-04-03 12:00,31,0.5385,0.670
3/3,только восходящий,2018-04-04 15:00,2018-04-05 07:00,16,0.5795,0.590
3/3,только восходящий,2018-04-08 22:00,2018-04-09 03:00,6,0.2172,0.085
3/3,только восходящий,2018-04-09 22:00,2018-04-12 10:00,59,0.2884,0.740
3/3,только восходящий,2018-04-13 15:00,2018-04-17 05:00,37,0.0902,0.069
3/3,только восходящий,2018-04-18 16:00,2018-04-19 11:00,19,0.1271,0.092
3/3,только восходящий,2018-04-24 05:00,2018-04-25 13:00,32,0.3548,0.372
3/3,только восходящий,2018-04-27 17:00,2018-04-30 12:00,19,0.6835,0.662
3/3,только восходящий,2018-05-03 11:00,2018-05-04 07:00,20,0.8532,0.567
3/3,только восходящий,2018-05-08 22:00,2018-05-09 06:00,9,0.8037,0.524
3/3,только восходящий,2018-05-10 15:00,2018-05-13 23:00,31,0.0900,0.067
3/3,только восходящий,2018-05-18 18:00,2018-05-21 05:00,11,0.8518,0.535
3/3,только восходящий,2018-05-22 11:00,2018-05-23 08:00,21,0.3941,0.210
3/3,только восходящий,2018-05-24 12:00,2018-05-25 20:00,32,0.2640,0.240
3/3,только восходящий,2018-05-29 11:00,2018-05-29 15:00,5,0.0414,0.038
3/3,только восходящий,2018-06-04 16:00,2018-06-05 07:00,15,0.4079,0.135
3/3,только восходящий,2018-06-07 11:00,2018-06-07 15:00,5,0.1948,0.126
3/3,только восходящий,2018-06-14 06:00,2018-06-15 09:00,27,0.3071,0.279
3/3,только восходящий,2018-06-19 07:00,2018-06-19 10:00,4,0.6473,0.216
3/3,только восходящий,2018-06-29 06:00,2018-07-02 09:00,27,0.3150,0.201
3/3,только восходящий,2018-07-03 18:00,2018-07-05 08:00,33,0.0882,0.064
3/3,только восходящий,2018-07-09 03:00,2018-07-10 07:00,28,0.2060,0.177
3/3,только восходящий,2018-07-19 20:00,2018-07-24 03:00,53,0.0651,0.104
3/3,только восходящий,2018-07-25 09:00,2018-07-26 10:00,25,0.3140,0.214
3/3,только восходящий,2018-08-03 17:00,2018-08-06 09:00,16,0.3669,0.202
3/3,только восходящий,2018-08-07 13:00,2018-08-08 14:00,25,0.2831,0.220
3/3,только восходящий,2018-08-09 05:00,2018-08-09 09:00,5,0.1408,0.074
3/3,только восходящий,2018-08-10 17:00,2018-08-13 02:00,9,0.5768,0.294
3/3,только восходящий,2018-08-17 19:00,2018-08-23 00:00,74,0.4209,0.748
3/3,только восходящий,2018-08-24 18:00,2018-08-27 03:00,9,0.3387,0.128
3/3,только восходящий,2018-08-27 14:00,2018-08-28 16:00,26,0.4408,0.270
3/3,только восходящий,2018-09-05 12:00,2018-09-07 11:00,46,0.3937,0.445
3/3,только восходящий,2018-09-12 15:00,2018-09-13 16:00,25,0.0734,0.098
3/3,только восходящий,2018-09-19 05:00,2018-09-21 11:00,53,0.0700,0.057
3/3,только восходящий,2018-09-24 17:00,2018-09-25 04:00,11,0.2609,0.085
3/3,только восходящий,2018-09-28 15:00,2018-10-03 15:00,70,0.3103,0.619
3/3,только восходящий,2018-10-11 03:00,2018-10-12 08:00,29,0.7105,2.054
3/3,только восходящий,2018-10-15 08:00,2018-10-16 23:00,38,0.5550,0.441
3/3,только восходящий,2018-10-23 15:00,2018-10-24 10:00,19,0.5551,0.231
3/3,только восходящий,2018-10-25 04:00,2018-10-25 20:00,17,0.4394,0.395
3/3,только восходящий,2018-10-26 07:00,2018-10-26 18:00,12,0.1070,0.105
3/3,только восходящий,2018-11-01 20:00,2018-11-02 15:00,19,0.2525,0.137
3/3,только восходящий,2018-11-06 13:00,2018-11-06 20:00,8,0.5836,0.581
3/3,только восходящий,2018-11-14 17:00,2018-11-15 15:00,22,0.3610,0.422
3/3,только восходящий,2018-11-16 13:00,2018-11-20 20:00,54,0.0499,0.054
3/3,только восходящий,2018-11-21 12:00,2018-11-23 06:00,37,0.2620,0.158
3/3,только восходящий,2018-11-26 11:00,2018-11-26 23:00,12,0.7716,0.302
3/3,только восходящий,2018-11-28 18:00,2018-11-30 08:00,37,0.3557,0.259
3/3,только восходящий,2018-12-03 10:00,2018-12-05 02:00,39,0.3515,0.402
3/3,только восходящий,2018-12-06 01:00,2018-12-06 09:00,9,0.4382,0.214
3/3,только восходящий,2018-12-06 14:00,2018-12-10 09:00,42,0.1886,0.224
3/3,только восходящий,2018-12-17 21:00,2018-12-18 09:00,12,0.7117,0.268
3/3,только восходящий,2018-12-19 02:00,2018-12-19 19:00,18,0.4259,0.542
3/3,только восходящий,2018-12-20 23:00,2018-12-21 12:00,14,0.3181,0.166
3/3,только восходящий,2018-12-24 14:00,2018-12-26 19:00,27,0.0067,0.009
3/3,только восходящий,2018-12-27 21:00,2019-01-02 20:00,69,0.5259,0.598
3/3,только восходящий,2019-01-03 06:00,2019-01-04 13:00,31,0.3141,0.340
3/3,только восходящий,2019-01-09 18:00,2019-01-11 00:00,29,0.2634,0.225
3/3,только восходящий,2019-01-14 11:00,2019-01-15 10:00,23,0.7735,0.503
3/3,только восходящий,2019-01-16 16:00,2019-01-17 09:00,17,0.1396,0.043
3/3,только восходящий,2019-01-22 12:00,2019-01-23 12:00,24,0.2499,0.141
3/3,только восходящий,2019-01-25 13:00,2019-01-30 16:00,73,0.7034,1.771
3/3,только восходящий,2019-01-30 23:00,2019-02-01 04:00,29,0.1042,0.069
3/3,только восходящий,2019-02-08 17:00,2019-02-11 08:00,15,0.8260,0.407
3/3,только восходящий,2019-02-12 11:00,2019-02-13 15:00,28,0.0915,0.069
3/3,только восходящий,2019-02-14 17:00,2019-02-20 19:00,91,0.7499,2.055
3/3,только восходящий,2019-02-22 20:00,2019-02-25 15:00,19,0.1238,0.069
3/3,только восходящий,2019-02-28 14:00,2019-02-28 17:00,4,0.2342,0.157
3/3,только восходящий,2019-03-06 06:00,2019-03-06 17:00,12,0.5640,0.318
3/3,только восходящий,2019-03-08 05:00,2019-03-11 09:00,29,0.4558,0.450
3/3,только восходящий,2019-03-12 12:00,2019-03-14 08:00,43,0.2294,0.276
3/3,только восходящий,2019-03-15 17:00,2019-03-20 10:00,63,0.1697,0.164
3/3,только восходящий,2019-03-20 19:00,2019-03-21 18:00,23,0.3160,0.411
3/3,только восходящий,2019-03-22 09:00,2019-03-27 09:00,70,0.2983,0.335
3/3,только восходящий,2019-03-29 16:00,2019-04-01 09:00,17,0.5068,0.315
3/3,только восходящий,2019-04-04 04:00,2019-04-04 11:00,8,0.7366,0.276
3/3,только восходящий,2019-04-07 22:00,2019-04-10 02:00,51,0.6233,0.709
3/3,только восходящий,2019-04-10 16:00,2019-04-11 11:00,19,0.9206,0.686
3/3,только восходящий,2019-04-18 12:00,2019-04-22 13:00,25,0.1986,0.113
3/3,только восходящий,2019-04-24 18:00,2019-04-26 14:00,43,0.7941,0.893
3/3,только восходящий,2019-04-26 16:00,2019-04-29 02:00,10,0.3887,0.112
3/3,только восходящий,2019-05-03 16:00,2019-05-06 11:00,19,0.0443,0.027
3/3,только восходящий,2019-05-08 00:00,2019-05-08 19:00,20,0.4437,0.414
3/3,только восходящий,2019-05-09 07:00,2019-05-13 03:00,43,0.1259,0.089
3/3,только восходящий,2019-05-13 20:00,2019-05-14 08:00,12,0.3741,0.184
3/3,только восходящий,2019-05-16 07:00,2019-05-16 11:00,5,0.9723,0.370
3/3,только восходящий,2019-05-17 09:00,2019-05-17 12:00,4,0.2848,0.096
3/3,только восходящий,2019-05-23 08:00,2019-05-24 09:00,25,0.4404,0.452
3/3,только восходящий,2019-05-27 04:00,2019-05-28 00:00,16,0.7948,0.178
3/3,только восходящий,2019-05-29 11:00,2019-05-30 04:00,17,0.7474,0.479
3/3,только восходящий,2019-05-30 23:00,2019-06-04 14:00,62,0.7521,2.379
3/3,только восходящий,2019-06-05 06:00,2019-06-07 02:00,43,0.0085,0.011
3/3,только восходящий,2019-06-07 12:00,2019-06-10 04:00,16,0.6379,0.961
3/3,только восходящий,2019-06-12 11:00,2019-06-17 03:00,62,0.2539,0.537
3/3,только восходящий,2019-06-18 09:00,2019-06-19 13:00,28,0.1595,0.180
3/3,только восходящий,2019-06-19 18:00,2019-06-21 09:00,38,0.5538,2.729
3/3,только восходящий,2019-06-23 22:00,2019-06-25 19:00,45,0.4208,1.194
3/3,только восходящий,2019-06-28 01:00,2019-06-28 20:00,20,0.6831,0.907
3/3,только восходящий,2019-07-03 04:00,2019-07-04 09:00,29,0.6362,0.819
3/3,только восходящий,2019-07-08 10:00,2019-07-08 22:00,12,0.6552,0.708
3/3,только восходящий,2019-07-10 12:00,2019-07-11 12:00,24,0.1477,0.373
3/3,только восходящий,2019-07-12 18:00,2019-07-15 16:00,22,0.3053,0.258
3/3,только восходящий,2019-07-18 01:00,2019-07-18 14:00,14,0.0567,0.054
3/3,только восходящий,2019-07-18 18:00,2019-07-22 23:00,51,0.4286,0.974
3/3,только восходящий,2019-07-23 17:00,2019-07-25 12:00,42,0.3069,0.381
3/3,только восходящий,2019-07-26 11:00,2019-07-26 14:00,4,0.0063,0.005
3/3,только восходящий,2019-07-29 01:00,2019-07-31 15:00,61,0.2666,0.367
3/3,только восходящий,2019-08-02 01:00,2019-08-08 03:00,95,0.8371,4.678
3/3,только восходящий,2019-08-12 14:00,2019-08-13 15:00,25,0.0275,0.101
3/3,только восходящий,2019-08-14 10:00,2019-08-15 08:00,22,0.2465,0.381
3/3,только восходящий,2019-08-20 14:00,2019-08-21 06:00,16,0.3522,0.206
3/3,только восходящий,2019-08-23 14:00,2019-08-28 04:00,60,0.3067,1.074
3/3,только восходящий,2019-08-29 05:00,2019-08-29 13:00,9,0.2898,0.310
3/3,только восходящий,2019-09-03 13:00,2019-09-04 04:00,15,0.3047,0.366
3/3,только восходящий,2019-09-12 06:00,2019-09-13 14:00,32,0.1673,0.355
3/3,только восходящий,2019-09-17 19:00,2019-09-18 12:00,17,0.4556,0.172
3/3,только восходящий,2019-09-20 17:00,2019-09-24 12:00,42,0.4835,0.762
3/3,только восходящий,2019-09-24 19:00,2019-09-25 13:00,18,0.4921,0.303
3/3,только восходящий,2019-10-01 19:00,2019-10-02 08:00,13,0.0909,0.059
3/3,только восходящий,2019-10-02 12:00,2019-10-03 08:00,20,0.4952,0.698
3/3,только восходящий,2019-10-03 17:00,2019-10-04 11:00,18,0.2721,0.101
3/3,только восходящий,2019-10-09 22:00,2019-10-10 12:00,15,0.7981,0.845
3/3,только восходящий,2019-10-17 15:00,2019-10-18 08:00,17,0.8587,0.582
3/3,только восходящий,2019-10-23 06:00,2019-10-24 06:00,24,0.0640,0.035
3/3,только восходящий,2019-10-24 17:00,2019-10-25 19:00,26,0.2128,0.244
3/3,только восходящий,2019-10-30 17:00,2019-10-30 20:00,4,0.1189,0.123
3/3,только восходящий,2019-10-31 08:00,2019-11-01 14:00,30,0.4791,0.541
3/3,только восходящий,2019-11-06 16:00,2019-11-07 08:00,16,0.5810,0.369
3/3,только восходящий,2019-11-13 04:00,2019-11-15 11:00,54,0.3734,0.427
3/3,только восходящий,2019-11-19 06:00,2019-11-19 09:00,4,0.8065,0.400
3/3,только восходящий,2019-11-22 13:00,2019-11-22 17:00,5,0.6129,0.409
3/3,только восходящий,2019-11-26 20:00,2019-11-27 12:00,16,0.7957,0.299
3/3,только восходящий,2019-11-29 17:00,2019-12-03 08:00,35,0.0543,0.046
3/3,только восходящий,2019-12-03 10:00,2019-12-04 11:00,25,0.2884,0.373
3/3,только восходящий,2019-12-10 17:00,2019-12-12 10:00,40,0.7240,0.798
3/3,только восходящий,2019-12-16 07:00,2019-12-16 18:00,12,0.2464,0.101
3/3,только восходящий,2019-12-17 08:00,2019-12-17 17:00,10,0.1881,0.079
3/3,только восходящий,2019-12-19 21:00,2019-12-20 10:00,13,0.4843,0.094
3/3,только восходящий,2019-12-23 06:00,2019-12-27 09:00,70,0.8501,1.918
3/3,только восходящий,2019-12-30 01:00,2020-01-06 14:00,106,0.7453,3.881
3/3,только восходящий,2020-01-08 03:00,2020-01-08 21:00,19,0.7996,2.163
3/3,только восходящий,2020-01-14 23:00,2020-01-15 14:00,16,0.0182,0.013
3/3,только восходящий,2020-01-16 00:00,2020-01-16 17:00,18,0.5397,0.348
3/3,только восходящий,2020-01-17 06:00,2020-01-17 17:00,12,0.4431,0.189
3/3,только восходящий,2020-01-21 01:00,2020-01-21 09:00,9,0.6717,0.687
3/3,только восходящий,2020-01-23 02:00,2020-01-23 14:00,13,0.5269,0.439
3/3,только восходящий,2020-01-24 17:00,2020-01-28 09:00,39,0.3913,0.474
3/3,только восходящий,2020-01-30 11:00,2020-01-31 04:00,17,0.5591,0.530
3/3,только восходящий,2020-02-06 17:00,2020-02-07 15:00,22,0.0735,0.064
3/3,только восходящий,2020-02-07 18:00,2020-02-11 01:00,30,0.2038,0.116
3/3,только восходящий,2020-02-12 23:00,2020-02-25 23:00,204,0.5660,4.460
3/3,только восходящий,2020-03-03 13:00,2020-03-06 17:00,74,0.6774,3.772
3/3,только восходящий,2020-03-11 12:00,2020-03-11 15:00,4,0.5835,0.944
3/3,только восходящий,2020-03-17 23:00,2020-03-18 06:00,8,0.6470,1.621
3/3,только восходящий,2020-03-20 11:00,2020-03-27 13:00,118,0.7288,7.997
3/3,только восходящий,2020-04-02 12:00,2020-04-03 08:00,20,0.4162,0.626
3/3,только восходящий,2020-04-03 18:00,2020-04-07 10:00,39,0.4755,1.943
3/3,только восходящий,2020-04-09 06:00,2020-04-15 05:00,69,0.7197,4.308
3/3,только восходящий,2020-04-16 15:00,2020-04-16 18:00,4,0.3576,0.408
3/3,только восходящий,2020-04-20 19:00,2020-04-21 08:00,13,0.1801,0.124
3/3,только восходящий,2020-04-22 20:00,2020-04-24 14:00,41,0.3476,0.638
3/3,только восходящий,2020-04-30 05:00,2020-04-30 12:00,8,0.3192,0.508
3/3,только восходящий,2020-05-03 23:00,2020-05-05 09:00,34,0.0746,0.105
3/3,только восходящий,2020-05-07 11:00,2020-05-08 14:00,27,0.6262,1.149
3/3,только восходящий,2020-05-13 19:00,2020-05-18 15:00,66,0.3168,0.996
3/3,только восходящий,2020-05-19 17:00,2020-05-21 01:00,31,0.0745,0.058
3/3,только восходящий,2020-05-22 11:00,2020-05-25 03:00,16,0.1269,0.090
3/3,только восходящий,2020-05-26 02:00,2020-05-26 08:00,7,0.7930,0.481
3/3,только восходящий,2020-05-28 02:00,2020-06-02 09:00,77,0.7870,1.526
3/3,только восходящий,2020-06-04 15:00,2020-06-05 11:00,20,0.4243,0.485
3/3,только восходящий,2020-06-08 11:00,2020-06-10 20:00,56,0.8713,2.752
3/3,только восходящий,2020-06-10 23:00,2020-06-11 13:00,15,0.1475,0.154
3/3,только восходящий,2020-06-18 08:00,2020-06-18 16:00,9,0.4844,0.563
3/3,только восходящий,2020-06-19 05:00,2020-06-23 04:00,46,0.6680,1.430
3/3,только восходящий,2020-06-23 18:00,2020-06-24 08:00,14,0.6808,0.386
3/3,только восходящий,2020-06-24 10:00,2020-06-24 18:00,9,0.5862,0.615
3/3,только восходящий,2020-06-29 01:00,2020-06-29 10:00,10,0.4097,0.181
3/3,только восходящий,2020-06-30 18:00,2020-07-01 17:00,23,0.4473,0.752
3/3,только восходящий,2020-07-06 14:00,2020-07-09 14:00,70,0.5413,1.345
3/3,только восходящий,2020-07-10 15:00,2020-07-10 18:00,4,0.2119,0.102
3/3,только восходящий,2020-07-14 23:00,2020-07-15 07:00,9,0.3802,0.128
3/3,только восходящий,2020-07-17 19:00,2020-07-28 06:00,149,0.7344,7.118
3/3,только восходящий,2020-07-29 22:00,2020-07-30 17:00,20,0.4717,0.774
3/3,только восходящий,2020-08-04 15:00,2020-08-07 13:00,68,0.6001,2.565
3/3,только восходящий,2020-08-10 17:00,2020-08-10 20:00,4,0.3110,0.194
3/3,только восходящий,2020-08-13 16:00,2020-08-14 08:00,16,0.1750,0.256
3/3,только восходящий,2020-08-17 13:00,2020-08-18 16:00,27,0.5809,1.723
3/3,только восходящий,2020-08-28 04:00,2020-09-01 16:00,59,0.6008,1.654
3/3,только восходящий,2020-09-09 15:00,2020-09-10 04:00,13,0.3947,0.164
3/3,только восходящий,2020-09-10 12:00,2020-09-10 22:00,10,0.4239,0.544
3/3,только восходящий,2020-09-14 13:00,2020-09-15 13:00,24,0.1144,0.111
3/3,только восходящий,2020-09-16 11:00,2020-09-17 00:00,13,0.2895,0.308
3/3,только восходящий,2020-09-18 05:00,2020-09-18 12:00,8,0.3157,0.149
3/3,только восходящий,2020-09-28 16:00,2020-10-05 09:00,109,0.5888,1.400
3/3,только восходящий,2020-10-08 10:00,2020-10-08 19:00,10,0.0423,0.042
3/3,только восходящий,2020-10-09 02:00,2020-10-12 13:00,35,0.5108,0.745
3/3,только восходящий,2020-10-14 16:00,2020-10-15 14:00,22,0.1049,0.083
3/3,только восходящий,2020-10-20 22:00,2020-10-22 04:00,30,0.1044,0.132
3/3,только восходящий,2020-10-23 08:00,2020-10-23 13:00,6,0.6993,0.407
3/3,только восходящий,2020-10-30 16:00,2020-11-04 03:00,56,0.3548,0.810
3/3,только восходящий,2020-11-05 08:00,2020-11-09 10:00,49,0.7202,2.123
3/3,только восходящий,2020-11-12 13:00,2020-11-16 10:00,44,0.4628,0.777
3/3,только восходящий,2020-11-20 05:00,2020-11-23 09:00,28,0.0013,0.001
3/3,только восходящий,2020-11-26 09:00,2020-11-26 16:00,8,0.4582,0.296
3/3,только восходящий,2020-12-01 05:00,2020-12-03 18:00,60,0.8390,2.823
3/3,только восходящий,2020-12-07 19:00,2020-12-09 06:00,35,0.0314,0.033
3/3,только восходящий,2020-12-10 17:00,2020-12-11 13:00,20,0.5550,0.512
3/3,только восходящий,2020-12-15 11:00,2020-12-16 15:00,28,0.5167,0.648
3/3,только восходящий,2020-12-17 07:00,2020-12-18 10:00,27,0.1515,0.219
3/3,только восходящий,2020-12-21 05:00,2020-12-21 12:00,8,0.4482,1.217
3/3,только восходящий,2020-12-24 01:00,2020-12-24 16:00,16,0.2129,0.126
3/3,только восходящий,2020-12-27 23:00,2020-12-28 13:00,15,0.0181,0.030
3/3,только восходящий,2020-12-30 18:00,2020-12-31 20:00,26,0.6420,0.525
3/3,только восходящий,2021-01-03 23:00,2021-01-06 11:00,59,0.5283,1.685
3/3,только восходящий,2021-01-12 13:00,2021-01-12 16:00,4,0.0354,0.046
3/3,только восходящий,2021-01-19 09:00,2021-01-19 15:00,7,0.3194,0.217
3/3,только восходящий,2021-01-20 01:00,2021-01-20 15:00,15,0.5392,1.107
3/3,только восходящий,2021-01-20 17:00,2021-01-21 09:00,16,0.6524,0.458
3/3,только восходящий,2021-01-25 10:00,2021-01-25 18:00,9,0.2768,0.307
3/3,только восходящий,2021-01-28 18:00,2021-02-02 04:00,56,0.3297,0.728
3/3,только восходящий,2021-02-05 20:00,2021-02-08 04:00,8,0.0232,0.014
3/3,только восходящий,2021-02-08 12:00,2021-02-11 05:00,63,0.3146,0.634
3/3,только восходящий,2021-02-12 18:00,2021-02-15 12:00,18,0.0838,0.051
3/3,только восходящий,2021-02-19 13:00,2021-02-23 12:00,46,0.5709,1.494
3/3,только восходящий,2021-03-02 17:00,2021-03-03 10:00,17,0.5944,0.583
3/3,только восходящий,2021-03-07 23:00,2021-03-08 19:00,21,0.6023,1.325
3/3,только восходящий,2021-03-10 18:00,2021-03-11 16:00,22,0.0426,0.058
3/3,только восходящий,2021-03-15 13:00,2021-03-16 09:00,20,0.1966,0.164
3/3,только восходящий,2021-03-17 18:00,2021-03-18 15:00,21,0.5256,1.091
3/3,только восходящий,2021-03-19 07:00,2021-03-22 03:00,20,0.0785,0.065
3/3,только восходящий,2021-03-26 15:00,2021-03-29 03:00,12,0.4448,0.264
3/3,только восходящий,2021-03-31 13:00,2021-04-07 14:00,94,0.7503,2.587
3/3,только восходящий,2021-04-08 11:00,2021-04-09 15:00,28,0.1814,0.285
3/3,только восходящий,2021-04-13 16:00,2021-04-14 12:00,20,0.1996,0.099
3/3,только восходящий,2021-04-15 08:00,2021-04-19 03:00,42,0.7431,1.681
3/3,только восходящий,2021-04-19 10:00,2021-04-19 15:00,6,0.6577,0.856
3/3,только восходящий,2021-04-21 01:00,2021-04-22 07:00,30,0.5049,0.587
3/3,только восходящий,2021-05-03 03:00,2021-05-04 13:00,34,0.7653,1.129
3/3,только восходящий,2021-05-06 02:00,2021-05-11 11:00,79,0.8297,2.774
3/3,только восходящий,2021-05-12 12:00,2021-05-12 18:00,7,0.7720,1.033
3/3,только восходящий,2021-05-14 06:00,2021-05-18 12:00,53,0.7321,1.984
3/3,только восходящий,2021-05-19 16:00,2021-05-21 18:00,49,0.0967,0.141
3/3,только восходящий,2021-05-25 15:00,2021-05-26 15:00,24,0.4680,0.549
3/3,только восходящий,2021-05-27 09:00,2021-05-28 08:00,23,0.2738,0.159
3/3,только восходящий,2021-05-28 16:00,2021-05-31 13:00,21,0.4196,0.330
3/3,только восходящий,2021-06-01 06:00,2021-06-01 13:00,8,0.8145,0.611
3/3,только восходящий,2021-06-04 12:00,2021-06-07 04:00,16,0.0478,0.069
3/3,только восходящий,2021-06-08 04:00,2021-06-08 15:00,12,0.2988,0.317
3/3,только восходящий,2021-06-11 04:00,2021-06-11 10:00,7,0.6425,0.473
3/3,только восходящий,2021-06-18 12:00,2021-06-20 23:00,11,0.2377,0.445
3/3,только восходящий,2021-06-23 13:00,2021-06-23 22:00,9,0.6791,0.820
3/3,только восходящий,2021-06-30 19:00,2021-07-08 06:00,122,0.5613,1.564
3/3,только восходящий,2021-07-08 10:00,2021-07-08 17:00,8,0.7248,0.970
3/3,только восходящий,2021-07-09 16:00,2021-07-12 12:00,20,0.5315,0.415
3/3,только восходящий,2021-07-13 05:00,2021-07-15 17:00,59,0.6486,1.275
3/3,только восходящий,2021-07-20 12:00,2021-07-20 17:00,6,0.6470,0.705
3/3,только восходящий,2021-07-26 04:00,2021-07-26 16:00,13,0.4716,0.388
3/3,только восходящий,2021-07-27 12:00,2021-07-28 16:00,28,0.0407,0.029
3/3,только восходящий,2021-07-29 01:00,2021-07-30 11:00,34,0.5210,0.664
3/3,только восходящий,2021-08-04 06:00,2021-08-04 17:00,12,0.0723,0.101
3/3,только восходящий,2021-08-05 07:00,2021-08-05 10:00,4,0.0505,0.017
3/3,только восходящий,2021-08-11 20:00,2021-08-12 15:00,19,0.0130,0.012
3/3,только восходящий,2021-08-13 05:00,2021-08-16 05:00,24,0.6638,1.057
3/3,только восходящий,2021-08-16 17:00,2021-08-17 17:00,24,0.1805,0.151
3/3,только восходящий,2021-08-23 10:00,2021-08-24 10:00,24,0.7587,0.787
3/3,только восходящий,2021-08-24 12:00,2021-08-24 15:00,4,0.1446,0.065
3/3,только восходящий,2021-08-27 02:00,2021-08-27 16:00,15,0.6090,1.091
3/3,только восходящий,2021-08-27 18:00,2021-08-30 14:00,20,0.4467,0.323
3/3,только восходящий,2021-08-31 09:00,2021-08-31 15:00,7,0.4255,0.360
3/3,только восходящий,2021-09-01 12:00,2021-09-01 17:00,6,0.5864,0.366
3/3,только восходящий,2021-09-03 12:00,2021-09-06 09:00,21,0.0541,0.062
3/3,только восходящий,2021-09-10 08:00,2021-09-10 15:00,8,0.6574,0.498
3/3,только восходящий,2021-09-13 14:00,2021-09-14 10:00,20,0.7184,0.520
3/3,только восходящий,2021-09-14 18:00,2021-09-15 10:00,16,0.0743,0.032
3/3,только восходящий,2021-09-20 17:00,2021-09-22 14:00,44,0.4974,0.673
3/3,только восходящий,2021-09-27 05:00,2021-09-27 12:00,8,0.3407,0.308
3/3,только восходящий,2021-09-29 10:00,2021-09-29 13:00,4,0.8589,0.481
3/3,только восходящий,2021-09-30 18:00,2021-10-01 14:00,20,0.1267,0.106
3/3,только восходящий,2021-10-01 16:00,2021-10-04 06:00,14,0.1725,0.090
3/3,только восходящий,2021-10-04 09:00,2021-10-04 13:00,5,0.1239,0.075
3/3,только восходящий,2021-10-08 12:00,2021-10-10 22:00,10,0.6822,1.165
3/3,только восходящий,2021-10-12 13:00,2021-10-15 05:00,62,0.5502,1.358
3/3,только восходящий,2021-10-19 11:00,2021-10-21 14:00,50,0.0160,0.020
3/3,только восходящий,2021-10-22 07:00,2021-10-26 12:00,52,0.2007,0.347
3/3,только восходящий,2021-10-28 01:00,2021-10-28 16:00,16,0.1839,0.185
3/3,только восходящий,2021-11-01 17:00,2021-11-02 16:00,23,0.5229,0.290
3/3,только восходящий,2021-11-04 17:00,2021-11-05 14:00,21,0.4556,0.475
3/3,только восходящий,2021-11-05 16:00,2021-11-08 02:00,9,0.4128,0.304
3/3,только восходящий,2021-11-08 04:00,2021-11-09 09:00,29,0.3674,0.297
3/3,только восходящий,2021-11-09 13:00,2021-11-09 17:00,5,0.0919,0.055
3/3,только восходящий,2021-11-09 19:00,2021-11-10 15:00,20,0.4584,1.158
3/3,только восходящий,2021-11-10 17:00,2021-11-12 09:00,39,0.1419,0.188
3/3,только восходящий,2021-11-16 08:00,2021-11-16 15:00,8,0.5386,0.589
3/3,только восходящий,2021-11-19 13:00,2021-11-19 19:00,7,0.4590,0.561
3/3,только восходящий,2021-11-25 08:00,2021-11-29 01:00,33,0.0202,0.052
3/3,только восходящий,2021-12-06 00:00,2021-12-06 13:00,14,0.3911,0.244
3/3,только восходящий,2021-12-08 02:00,2021-12-08 16:00,15,0.5658,0.425
3/3,только восходящий,2021-12-10 17:00,2021-12-13 16:00,23,0.5152,0.294
3/3,только восходящий,2021-12-16 05:00,2021-12-20 13:00,55,0.3810,0.711
3/3,только восходящий,2021-12-23 00:00,2021-12-23 13:00,14,0.5799,0.221
3/3,только восходящий,2021-12-28 06:00,2021-12-28 20:00,15,0.6210,0.520
3/3,только восходящий,2021-12-31 04:00,2022-01-03 12:00,32,0.2546,0.233
3/3,только восходящий,2022-01-04 16:00,2022-01-06 11:00,42,0.4212,0.833
3/3,только восходящий,2022-01-07 21:00,2022-01-10 16:00,19,0.2204,0.146
3/3,только восходящий,2022-01-11 04:00,2022-01-13 08:00,51,0.5435,0.792
3/3,только восходящий,2022-01-20 00:00,2022-01-20 14:00,15,0.4519,0.272
3/3,только восходящий,2022-01-20 16:00,2022-01-21 07:00,15,0.3558,0.204
3/3,только восходящий,2022-01-25 17:00,2022-01-26 09:00,16,0.2904,0.157
3/3,только восходящий,2022-01-31 17:00,2022-02-02 09:00,39,0.3658,0.290
3/3,только восходящий,2022-02-07 16:00,2022-02-08 06:00,14,0.2332,0.119
3/3,только восходящий,2022-02-08 18:00,2022-02-09 16:00,22,0.5066,0.240
3/3,только восходящий,2022-02-09 18:00,2022-02-10 10:00,16,0.2689,0.083
3/3,только восходящий,2022-02-10 17:00,2022-02-11 03:00,10,0.5701,0.557
3/3,только восходящий,2022-02-14 00:00,2022-02-15 14:00,38,0.2603,0.489
3/3,только восходящий,2022-02-16 14:00,2022-02-18 12:00,45,0.7147,1.723
3/3,только восходящий,2022-02-22 02:00,2022-02-22 13:00,12,0.3299,0.379
3/3,только восходящий,2022-02-24 00:00,2022-02-24 18:00,19,0.1005,0.338
3/3,только восходящий,2022-03-01 09:00,2022-03-02 12:00,27,0.2525,0.515
3/3,только восходящий,2022-03-04 00:00,2022-03-07 15:00,39,0.4614,1.729
3/3,только восходящий,2022-03-08 06:00,2022-03-09 16:00,34,0.1643,0.769
3/3,только восходящий,2022-03-10 10:00,2022-03-11 07:00,21,0.2884,0.406
3/3,только восходящий,2022-03-17 03:00,2022-03-18 05:00,26,0.1209,0.144
3/3,только восходящий,2022-03-21 17:00,2022-03-22 08:00,15,0.3986,0.375
3/3,только восходящий,2022-03-23 23:00,2022-03-25 09:00,34,0.3472,0.512
3/3,только восходящий,2022-03-30 09:00,2022-04-01 09:00,47,0.4495,0.763
3/3,только восходящий,2022-04-04 11:00,2022-04-05 14:00,27,0.0760,0.081
3/3,только восходящий,2022-04-06 13:00,2022-04-08 07:00,41,0.0681,0.078
3/3,только восходящий,2022-04-08 16:00,2022-04-12 11:00,42,0.4897,0.782
3/3,только восходящий,2022-04-12 13:00,2022-04-14 08:00,42,0.4783,0.511
3/3,только восходящий,2022-04-18 04:00,2022-04-18 16:00,13,0.1055,0.083
3/3,только восходящий,2022-04-29 01:00,2022-05-02 07:00,30,0.4899,0.958
3/3,только восходящий,2022-05-03 17:00,2022-05-05 14:00,44,0.3099,0.801
3/3,только восходящий,2022-05-11 16:00,2022-05-12 14:00,22,0.4330,0.540
3/3,только восходящий,2022-05-17 05:00,2022-05-17 17:00,13,0.5041,0.501
3/3,только восходящий,2022-05-19 11:00,2022-05-20 04:00,17,0.5632,0.670
3/3,только восходящий,2022-05-23 05:00,2022-05-23 08:00,4,0.4817,0.288
3/3,только восходящий,2022-05-23 10:00,2022-05-25 04:00,41,0.1275,0.156
3/3,только восходящий,2022-05-27 11:00,2022-05-30 01:00,14,0.1126,0.086
3/3,только восходящий,2022-06-01 19:00,2022-06-06 14:00,65,0.0310,0.050
3/3,только восходящий,2022-06-10 19:00,2022-06-13 09:00,14,0.6550,0.925
3/3,только восходящий,2022-06-15 15:00,2022-06-16 09:00,18,0.3134,0.485
3/3,только восходящий,2022-06-16 19:00,2022-06-17 16:00,21,0.6148,0.694
3/3,только восходящий,2022-06-27 04:00,2022-06-27 17:00,14,0.5621,0.620
3/3,только восходящий,2022-07-07 08:00,2022-07-08 09:00,25,0.2343,0.214
3/3,только восходящий,2022-07-18 12:00,2022-07-20 07:00,42,0.6081,0.563
3/3,только восходящий,2022-07-20 12:00,2022-07-20 16:00,5,0.4429,0.343
3/3,только восходящий,2022-07-22 07:00,2022-07-25 13:00,30,0.1606,0.227
3/3,только восходящий,2022-07-27 18:00,2022-07-29 16:00,45,0.5873,1.650
3/3,только восходящий,2022-08-01 09:00,2022-08-02 18:00,33,0.2982,0.401
3/3,только восходящий,2022-08-04 07:00,2022-08-05 11:00,28,0.6242,0.838
3/3,только восходящий,2022-08-09 13:00,2022-08-11 07:00,41,0.3976,0.539
3/3,только восходящий,2022-08-12 16:00,2022-08-15 09:00,17,0.7185,0.982
3/3,только восходящий,2022-08-17 09:00,2022-08-17 12:00,4,0.1894,0.111
3/3,только восходящий,2022-08-23 16:00,2022-08-24 13:00,21,0.3564,0.228
3/3,только восходящий,2022-08-25 04:00,2022-08-26 09:00,29,0.4543,0.420
3/3,только восходящий,2022-09-02 17:00,2022-09-06 13:00,41,0.0923,0.114
3/3,только восходящий,2022-09-07 14:00,2022-09-08 14:00,24,0.1480,0.224
3/3,только восходящий,2022-09-09 10:00,2022-09-09 15:00,6,0.5557,0.581
3/3,только восходящий,2022-09-12 08:00,2022-09-13 03:00,19,0.3026,0.252
3/3,только восходящий,2022-09-16 17:00,2022-09-23 07:00,106,0.1185,0.243
3/3,только восходящий,2022-09-28 20:00,2022-10-02 22:00,48,0.1388,0.283
3/3,только восходящий,2022-10-03 14:00,2022-10-07 11:00,90,0.3652,1.314
3/3,только восходящий,2022-10-11 19:00,2022-10-13 11:00,39,0.5795,0.731
3/3,только восходящий,2022-10-17 16:00,2022-10-18 17:00,25,0.3140,0.334
3/3,только восходящий,2022-10-21 13:00,2022-10-24 08:00,19,0.1221,0.308
3/3,только восходящий,2022-10-26 06:00,2022-10-27 04:00,22,0.0220,0.023
3/3,только восходящий,2022-11-01 15:00,2022-11-02 18:00,27,0.1917,0.312
3/3,только восходящий,2022-11-02 22:00,2022-11-03 01:00,4,0.4432,0.246
3/3,только восходящий,2022-11-04 17:00,2022-11-08 03:00,32,0.1016,0.091
3/3,только восходящий,2022-11-08 19:00,2022-11-09 15:00,20,0.0076,0.008
3/3,только восходящий,2022-11-10 13:00,2022-11-14 13:00,47,0.4768,1.761
3/3,только восходящий,2022-11-15 07:00,2022-11-17 02:00,42,0.7703,0.863
3/3,только восходящий,2022-11-18 12:00,2022-11-18 16:00,5,0.4052,0.328
3/3,только восходящий,2022-11-22 14:00,2022-11-22 21:00,8,0.3069,0.170
3/3,только восходящий,2022-11-23 19:00,2022-11-25 02:00,28,0.3998,0.386
3/3,только восходящий,2022-11-28 13:00,2022-11-28 19:00,7,0.7724,0.753
3/3,только восходящий,2022-11-30 16:00,2022-11-30 20:00,5,0.7077,1.012
3/3,только восходящий,2022-11-30 23:00,2022-12-02 12:00,37,0.7137,1.465
3/3,только восходящий,2022-12-06 15:00,2022-12-06 20:00,6,0.1094,0.056
3/3,только восходящий,2022-12-07 13:00,2022-12-12 07:00,64,0.4020,0.728
3/3,только восходящий,2022-12-13 10:00,2022-12-14 14:00,28,0.5519,1.293
3/3,только восходящий,2022-12-16 18:00,2022-12-19 07:00,13,0.1825,0.097
3/3,только восходящий,2022-12-20 18:00,2022-12-21 13:00,19,0.2626,0.115
3/3,только восходящий,2022-12-27 18:00,2022-12-28 07:00,13,0.5778,0.323
3/3,только восходящий,2022-12-29 14:00,2022-12-30 12:00,22,0.4038,0.302
3/3,только восходящий,2023-01-02 23:00,2023-01-03 17:00,19,0.3779,0.541
3/3,только восходящий,2023-01-04 07:00,2023-01-05 10:00,27,0.4335,0.497
3/3,только восходящий,2023-01-06 13:00,2023-01-09 19:00,30,0.5001,1.265
3/3,только восходящий,2023-01-11 05:00,2023-01-11 18:00,14,0.2300,0.238
3/3,только восходящий,2023-01-12 03:00,2023-01-16 07:00,51,0.5711,1.781
3/3,только восходящий,2023-01-18 17:00,2023-01-20 16:00,46,0.5355,1.027
3/3,только восходящий,2023-01-24 05:00,2023-01-25 12:00,31,0.2984,0.391
3/3,только восходящий,2023-01-26 03:00,2023-01-26 09:00,7,0.7202,0.558
3/3,только восходящий,2023-02-01 15:00,2023-02-01 19:00,5,0.4734,0.575
3/3,только восходящий,2023-02-01 21:00,2023-02-02 12:00,15,0.3358,0.175
3/3,только восходящий,2023-02-07 12:00,2023-02-07 20:00,9,0.0121,0.013
3/3,только восходящий,2023-02-08 07:00,2023-02-08 16:00,10,0.6258,0.576
3/3,только восходящий,2023-02-09 08:00,2023-02-09 18:00,11,0.6407,0.927
3/3,только восходящий,2023-02-20 07:00,2023-02-21 02:00,17,0.6194,0.251
3/3,только восходящий,2023-02-27 18:00,2023-02-28 05:00,11,0.6846,0.298
3/3,только восходящий,2023-02-28 20:00,2023-03-06 13:00,86,0.7130,1.373
3/3,только восходящий,2023-03-09 18:00,2023-03-14 15:00,68,0.7967,3.772
3/3,только восходящий,2023-03-15 19:00,2023-03-16 03:00,8,0.2078,0.183
3/3,только восходящий,2023-03-17 12:00,2023-03-20 16:00,28,0.3983,1.533
3/3,только восходящий,2023-03-22 22:00,2023-03-24 20:00,46,0.3460,0.682
3/3,только восходящий,2023-03-28 23:00,2023-03-30 03:00,28,0.6744,0.630
3/3,только восходящий,2023-03-30 16:00,2023-03-31 06:00,14,0.1040,0.054
3/3,только восходящий,2023-04-04 13:00,2023-04-05 16:00,27,0.5933,1.448
3/3,только восходящий,2023-04-11 11:00,2023-04-14 10:00,69,0.7119,1.891
3/3,только восходящий,2023-04-18 11:00,2023-04-18 15:00,5,0.2229,0.229
3/3,только восходящий,2023-04-20 10:00,2023-04-21 08:00,22,0.5011,0.762
3/3,только восходящий,2023-04-24 18:00,2023-04-26 19:00,48,0.0519,0.087
3/3,только восходящий,2023-05-01 12:00,2023-05-02 10:00,22,0.5686,0.782
3/3,только восходящий,2023-05-02 14:00,2023-05-03 09:00,19,0.2642,0.428
3/3,только восходящий,2023-05-03 16:00,2023-05-03 20:00,5,0.6607,0.763
3/3,только восходящий,2023-05-03 23:00,2023-05-05 10:00,35,0.4331,0.617
3/3,только восходящий,2023-05-08 19:00,2023-05-10 17:00,45,0.3675,0.522
3/3,только восходящий,2023-05-19 18:00,2023-05-22 16:00,22,0.1679,0.122
3/3,только восходящий,2023-05-24 11:00,2023-05-24 15:00,5,0.7560,0.949
3/3,только восходящий,2023-05-30 15:00,2023-06-01 06:00,38,0.0234,0.025
3/3,только восходящий,2023-06-01 18:00,2023-06-02 11:00,17,0.2931,0.139
3/3,только восходящий,2023-06-05 17:00,2023-06-06 09:00,16,0.2656,0.105
3/3,только восходящий,2023-06-08 17:00,2023-06-09 10:00,17,0.0391,0.012
3/3,только восходящий,2023-06-16 09:00,2023-06-16 16:00,8,0.6240,0.464
3/3,только восходящий,2023-06-23 16:00,2023-06-26 15:00,23,0.4568,0.367
3/3,только восходящий,2023-06-30 20:00,2023-07-03 08:00,12,0.7045,0.388
3/3,только восходящий,2023-07-03 17:00,2023-07-05 04:00,32,0.4563,0.256
3/3,только восходящий,2023-07-07 18:00,2023-07-10 12:00,18,0.7965,0.642
3/3,только восходящий,2023-07-11 06:00,2023-07-14 09:00,73,0.5648,1.019
3/3,только восходящий,2023-07-18 06:00,2023-07-19 16:00,34,0.5940,0.806
3/3,только восходящий,2023-07-20 01:00,2023-07-20 13:00,13,0.5958,0.452
3/3,только восходящий,2023-07-26 06:00,2023-07-27 12:00,30,0.3866,0.476
3/3,только восходящий,2023-07-28 19:00,2023-08-01 11:00,39,0.2456,0.279
3/3,только восходящий,2023-08-06 22:00,2023-08-07 16:00,19,0.6095,0.479
3/3,только восходящий,2023-08-11 15:00,2023-08-13 22:00,7,0.0494,0.019
3/3,только восходящий,2023-08-21 12:00,2023-08-21 16:00,5,0.3378,0.241
3/3,только восходящий,2023-08-22 04:00,2023-08-22 15:00,12,0.2504,0.203
3/3,только восходящий,2023-08-23 13:00,2023-08-24 14:00,25,0.1668,0.177
3/3,только восходящий,2023-08-29 03:00,2023-08-29 14:00,12,0.4263,0.454
3/3,только восходящий,2023-08-29 16:00,2023-08-31 14:00,45,0.4487,0.348
3/3,только восходящий,2023-09-08 05:00,2023-09-12 09:00,51,0.4774,0.351
3/3,только восходящий,2023-09-15 09:00,2023-09-19 20:00,58,0.6246,0.694
3/3,только восходящий,2023-09-20 20:00,2023-09-21 03:00,7,0.2365,0.117
3/3,только восходящий,2023-09-29 10:00,2023-09-29 16:00,7,0.6769,0.998
3/3,только восходящий,2023-10-06 18:00,2023-10-09 12:00,18,0.5963,0.878
3/3,только восходящий,2023-10-09 23:00,2023-10-17 01:00,118,0.6581,2.823
3/3,только восходящий,2023-10-17 16:00,2023-10-23 02:00,79,0.6219,2.523
3/3,только восходящий,2023-10-29 23:00,2023-10-31 06:00,31,0.4832,0.391
3/3,только восходящий,2023-11-03 08:00,2023-11-06 05:00,20,0.2115,0.235
3/3,только восходящий,2023-11-09 21:00,2023-11-10 08:00,11,0.4608,0.166
3/3,только восходящий,2023-11-13 20:00,2023-11-15 16:00,43,0.4624,0.805
3/3,только восходящий,2023-11-16 14:00,2023-11-17 19:00,29,0.0317,0.035
3/3,только восходящий,2023-11-21 06:00,2023-11-22 15:00,33,0.1779,0.208
3/3,только восходящий,2023-11-24 18:00,2023-11-30 16:00,88,0.7131,1.856
3/3,только восходящий,2023-12-01 08:00,2023-12-01 14:00,7,0.1760,0.137
3/3,только восходящий,2023-12-01 16:00,2023-12-04 17:00,25,0.2552,1.597
3/3,только восходящий,2023-12-13 19:00,2023-12-14 15:00,20,0.4053,1.322
3/3,только восходящий,2023-12-15 09:00,2023-12-15 15:00,7,0.4177,0.367
3/3,только восходящий,2023-12-18 21:00,2023-12-20 10:00,36,0.3469,0.433
3/3,только восходящий,2023-12-22 02:00,2023-12-28 18:00,86,0.5456,1.101
3/3,только восходящий,2024-01-02 12:00,2024-01-02 17:00,6,0.3430,0.253
3/3,только восходящий,2024-01-05 18:00,2024-01-08 13:00,19,0.8702,1.425
3/3,только восходящий,2024-01-09 13:00,2024-01-09 18:00,6,0.5978,0.465
3/3,только восходящий,2024-01-12 17:00,2024-01-16 07:00,35,0.3195,0.268
3/3,только восходящий,2024-01-18 10:00,2024-01-18 15:00,6,0.2035,0.099
3/3,только восходящий,2024-01-18 18:00,2024-01-22 09:00,38,0.0458,0.054
3/3,только восходящий,2024-01-23 06:00,2024-01-24 14:00,32,0.6358,0.515
3/3,только восходящий,2024-01-24 16:00,2024-01-24 21:00,6,0.1317,0.056
3/3,только восходящий,2024-01-30 14:00,2024-01-30 17:00,4,0.6454,0.616
3/3,только восходящий,2024-01-31 13:00,2024-01-31 23:00,10,0.0810,0.100
3/3,только восходящий,2024-02-01 16:00,2024-02-02 12:00,20,0.2944,0.203
3/3,только восходящий,2024-02-06 15:00,2024-02-08 07:00,39,0.2316,0.170
3/3,только восходящий,2024-02-15 09:00,2024-02-16 12:00,27,0.7242,0.523
3/3,только восходящий,2024-02-19 05:00,2024-02-21 16:00,56,0.1669,0.157
3/3,только восходящий,2024-02-22 11:00,2024-02-22 20:00,10,0.4269,0.216
3/3,только восходящий,2024-02-23 21:00,2024-02-26 17:00,20,0.5522,0.326
3/3,только восходящий,2024-02-27 08:00,2024-02-28 07:00,23,0.8623,0.492
3/3,только восходящий,2024-02-29 16:00,2024-03-12 10:00,180,0.8425,6.432
3/3,только восходящий,2024-03-13 20:00,2024-03-14 12:00,16,0.6978,0.531
3/3,только восходящий,2024-03-15 05:00,2024-03-15 15:00,11,0.5649,0.422
3/3,только восходящий,2024-03-20 18:00,2024-03-21 13:00,19,0.1497,0.451
3/3,только восходящий,2024-03-26 08:00,2024-04-03 06:00,114,0.8875,4.760
3/3,только восходящий,2024-04-04 04:00,2024-04-04 22:00,18,0.3527,0.398
3/3,только восходящий,2024-04-05 20:00,2024-04-08 13:00,17,0.0538,0.118
3/3,только восходящий,2024-04-09 07:00,2024-04-10 11:00,28,0.2550,0.293
3/3,только восходящий,2024-04-12 05:00,2024-04-12 16:00,12,0.2574,0.764
3/3,только восходящий,2024-04-12 18:00,2024-04-14 22:00,4,0.4625,0.773
3/3,только восходящий,2024-04-15 18:00,2024-04-16 06:00,12,0.1057,0.127
3/3,только восходящий,2024-04-19 04:00,2024-04-19 13:00,10,0.2318,0.204
3/3,только восходящий,2024-04-25 10:00,2024-04-25 15:00,6,0.0691,0.095
3/3,только восходящий,2024-04-26 07:00,2024-04-29 01:00,18,0.4436,0.620
3/3,только восходящий,2024-05-06 04:00,2024-05-07 08:00,28,0.2723,0.284
3/3,только восходящий,2024-05-09 13:00,2024-05-13 03:00,37,0.4940,1.411
3/3,только восходящий,2024-05-14 17:00,2024-05-15 15:00,22,0.6427,0.924
3/3,только восходящий,2024-05-15 17:00,2024-05-16 11:00,18,0.2787,0.193
3/3,только восходящий,2024-05-17 10:00,2024-05-21 03:00,40,0.3874,1.108
3/3,только восходящий,2024-05-24 16:00,2024-05-28 05:00,34,0.6094,0.694
3/3,только восходящий,2024-06-03 20:00,2024-06-04 08:00,12,0.8387,0.731
3/3,только восходящий,2024-06-05 18:00,2024-06-07 07:00,36,0.5081,0.755
3/3,только восходящий,2024-06-10 15:00,2024-06-11 04:00,13,0.2504,0.163
3/3,только восходящий,2024-06-11 15:00,2024-06-13 03:00,35,0.1159,0.179
3/3,только восходящий,2024-06-14 14:00,2024-06-17 04:00,14,0.4564,0.275
3/3,только восходящий,2024-06-19 05:00,2024-06-19 16:00,12,0.0036,0.002
3/3,только восходящий,2024-06-20 04:00,2024-06-21 12:00,32,0.5432,0.861
3/3,только восходящий,2024-06-21 14:00,2024-06-21 19:00,6,0.3269,0.334
3/3,только восходящий,2024-06-27 17:00,2024-06-28 00:00,7,0.5935,0.184
3/3,только восходящий,2024-06-28 16:00,2024-07-01 07:00,15,0.4384,0.267
3/3,только восходящий,2024-07-03 06:00,2024-07-04 08:00,26,0.5848,0.800
3/3,только восходящий,2024-07-05 05:00,2024-07-05 14:00,10,0.4357,0.675
3/3,только восходящий,2024-07-05 16:00,2024-07-08 17:00,25,0.6998,1.228
3/3,только восходящий,2024-07-10 16:00,2024-07-15 09:00,63,0.6024,1.383
3/3,только восходящий,2024-07-15 14:00,2024-07-17 15:00,48,0.4882,1.316
3/3,только восходящий,2024-07-17 17:00,2024-07-17 20:00,4,0.6916,0.251
3/3,только восходящий,2024-07-23 20:00,2024-07-24 18:00,22,0.0519,0.058
3/3,только восходящий,2024-07-26 17:00,2024-08-01 09:00,85,0.5584,2.081
3/3,только восходящий,2024-08-02 12:00,2024-08-02 17:00,6,0.6744,1.823
3/3,только восходящий,2024-08-07 12:00,2024-08-14 04:00,108,0.6055,2.414
3/3,только восходящий,2024-08-16 16:00,2024-08-19 15:00,23,0.3346,0.323
3/3,только восходящий,2024-08-20 07:00,2024-08-21 07:00,24,0.1672,0.205
3/3,только восходящий,2024-08-26 08:00,2024-08-27 04:00,20,0.8046,0.671
3/3,только восходящий,2024-08-28 02:00,2024-08-28 08:00,7,0.5372,0.326
3/3,только восходящий,2024-08-29 03:00,2024-08-30 14:00,35,0.3048,0.303
3/3,только восходящий,2024-09-05 06:00,2024-09-06 15:00,33,0.0344,0.040
3/3,только восходящий,2024-09-10 02:00,2024-09-11 11:00,33,0.6625,0.765
3/3,только восходящий,2024-09-12 12:00,2024-09-16 12:00,47,0.7753,2.170
3/3,только восходящий,2024-09-20 06:00,2024-09-23 09:00,27,0.4355,0.619
3/3,только восходящий,2024-09-24 04:00,2024-09-24 09:00,6,0.4194,0.278
3/3,только восходящий,2024-09-24 16:00,2024-09-25 09:00,17,0.1212,0.128
3/3,только восходящий,2024-09-26 11:00,2024-09-27 07:00,20,0.5894,0.677
3/3,только восходящий,2024-10-01 19:00,2024-10-02 17:00,22,0.2809,0.245
3/3,только восходящий,2024-10-04 02:00,2024-10-04 11:00,10,0.0615,0.025
3/3,только восходящий,2024-10-10 17:00,2024-10-15 05:00,58,0.3592,0.689
3/3,только восходящий,2024-10-16 06:00,2024-10-21 17:00,81,0.6185,1.705
3/3,только восходящий,2024-10-23 04:00,2024-10-23 13:00,10,0.4640,0.453
3/3,только восходящий,2024-10-28 00:00,2024-10-31 12:00,82,0.6300,1.508
3/3,только восходящий,2024-11-01 09:00,2024-11-01 12:00,4,0.1635,0.089
3/3,только восходящий,2024-11-05 13:00,2024-11-06 05:00,16,0.2952,0.210
3/3,только восходящий,2024-11-18 01:00,2024-11-20 10:00,56,0.5814,1.470
3/3,только восходящий,2024-11-20 16:00,2024-11-25 04:00,58,0.2879,0.824
3/3,только восходящий,2024-11-27 05:00,2024-11-29 17:00,57,0.4101,0.704
3/3,только восходящий,2024-12-06 07:00,2024-12-12 13:00,99,0.5665,2.192
3/3,только восходящий,2024-12-16 15:00,2024-12-16 18:00,4,0.1015,0.032
3/3,только восходящий,2024-12-20 07:00,2024-12-23 13:00,30,0.3338,0.425
3/3,только восходящий,2024-12-26 18:00,2024-12-27 12:00,18,0.5771,0.322
3/3,только восходящий,2024-12-31 11:00,2025-01-03 14:00,50,0.6130,1.407
3/3,только восходящий,2025-01-07 13:00,2025-01-13 03:00,83,0.4579,0.961
3/3,только восходящий,2025-01-15 06:00,2025-01-17 08:00,49,0.6392,1.145
3/3,только восходящий,2025-01-21 10:00,2025-01-23 09:00,46,0.5571,0.959
3/3,только восходящий,2025-01-24 02:00,2025-01-24 18:00,17,0.0334,0.028
3/3,только восходящий,2025-01-29 00:00,2025-01-29 04:00,5,0.3167,0.054
3/3,только восходящий,2025-01-29 11:00,2025-01-29 21:00,11,0.0607,0.036
3/3,только восходящий,2025-01-30 08:00,2025-02-03 00:00,39,0.3307,0.581
3/3,только восходящий,2025-02-04 02:00,2025-02-04 09:00,8,0.0455,0.028
3/3,только восходящий,2025-02-04 14:00,2025-02-06 10:00,43,0.3813,0.717
3/3,только восходящий,2025-02-10 06:00,2025-02-11 11:00,29,0.2415,0.534
3/3,только восходящий,2025-02-13 00:00,2025-02-13 15:00,16,0.6466,0.476
3/3,только восходящий,2025-02-13 20:00,2025-02-14 14:00,18,0.2873,0.251
3/3,только восходящий,2025-02-18 05:00,2025-02-19 20:00,39,0.6295,0.863
3/3,только восходящий,2025-02-24 14:00,2025-02-24 17:00,4,0.1845,0.160
3/3,только восходящий,2025-03-03 10:00,2025-03-05 15:00,52,0.7475,1.578
3/3,только восходящий,2025-03-12 12:00,2025-03-12 15:00,4,0.4662,0.374
3/3,только восходящий,2025-03-12 17:00,2025-03-14 17:00,47,0.6806,1.717
3/3,только восходящий,2025-03-17 10:00,2025-03-19 11:00,48,0.6607,1.332
3/3,только восходящий,2025-03-19 18:00,2025-03-20 12:00,18,0.1888,0.197
3/3,только восходящий,2025-03-27 03:00,2025-04-01 14:00,81,0.7766,3.131
3/3,только восходящий,2025-04-03 01:00,2025-04-03 09:00,9,0.6825,1.009
3/3,только восходящий,2025-04-09 06:00,2025-04-14 14:00,78,0.7443,5.665
3/3,только восходящий,2025-04-15 07:00,2025-04-15 15:00,9,0.2133,0.136
3/3,только восходящий,2025-04-15 22:00,2025-04-17 10:00,36,0.6788,2.662
3/3,только восходящий,2025-04-21 17:00,2025-04-22 15:00,22,0.0505,0.139
3/3,только восходящий,2025-04-24 22:00,2025-04-25 07:00,10,0.7186,1.776
3/3,только восходящий,2025-04-28 23:00,2025-04-29 16:00,18,0.2028,0.264
3/3,только восходящий,2025-05-02 14:00,2025-05-02 18:00,5,0.8664,1.114
3/3,только восходящий,2025-05-05 09:00,2025-05-07 19:00,57,0.4139,1.911
3/3,только восходящий,2025-05-09 15:00,2025-05-09 20:00,6,0.8679,0.590
3/3,только восходящий,2025-05-13 09:00,2025-05-14 07:00,22,0.4137,0.472
3/3,только восходящий,2025-05-16 01:00,2025-05-16 09:00,9,0.2625,0.400
3/3,только восходящий,2025-05-21 09:00,2025-05-22 16:00,31,0.1801,0.360
3/3,только восходящий,2025-05-23 06:00,2025-05-26 11:00,29,0.0434,0.056
3/3,только восходящий,2025-05-28 12:00,2025-05-28 18:00,7,0.3648,0.306
3/3,только восходящий,2025-05-29 19:00,2025-05-30 16:00,21,0.4524,0.702
3/3,только восходящий,2025-06-02 06:00,2025-06-03 16:00,34,0.0581,0.119
3/3,только восходящий,2025-06-05 00:00,2025-06-05 04:00,5,0.5796,0.348
3/3,только восходящий,2025-06-09 20:00,2025-06-10 04:00,8,0.6630,0.550
3/3,только восходящий,2025-06-11 04:00,2025-06-11 19:00,16,0.1204,0.149
3/3,только восходящий,2025-06-12 02:00,2025-06-16 09:00,54,0.3311,1.108
3/3,только восходящий,2025-06-20 17:00,2025-06-23 01:00,8,0.3255,0.360
3/3,только восходящий,2025-06-26 07:00,2025-06-26 11:00,5,0.6968,0.392
3/3,только восходящий,2025-06-30 16:00,2025-07-02 09:00,40,0.6434,1.346
3/3,только восходящий,2025-07-04 09:00,2025-07-07 06:00,17,0.6482,0.737
3/3,только восходящий,2025-07-10 04:00,2025-07-10 16:00,13,0.3530,0.214
3/3,только восходящий,2025-07-11 07:00,2025-07-14 13:00,30,0.3038,0.399
3/3,только восходящий,2025-07-16 18:00,2025-07-17 14:00,20,0.3396,0.484
3/3,только восходящий,2025-07-18 10:00,2025-07-23 14:00,74,0.6596,1.853
3/3,только восходящий,2025-07-29 08:00,2025-07-30 11:00,27,0.2018,0.135
3/3,только восходящий,2025-08-01 17:00,2025-08-05 13:00,43,0.6269,0.759
3/3,только восходящий,2025-08-07 06:00,2025-08-08 13:00,31,0.3243,0.360
3/3,только восходящий,2025-08-13 08:00,2025-08-13 20:00,13,0.2251,0.139
3/3,только восходящий,2025-08-18 08:00,2025-08-18 17:00,10,0.7495,0.448
3/3,только восходящий,2025-08-22 18:00,2025-08-25 22:00,27,0.5143,0.253
3/3,только восходящий,2025-08-26 18:00,2025-08-27 13:00,19,0.3898,0.230
3/3,только восходящий,2025-08-27 20:00,2025-09-02 10:00,81,0.7091,2.591
3/3,только восходящий,2025-09-02 16:00,2025-09-04 05:00,36,0.0097,0.018
3/3,только восходящий,2025-09-05 12:00,2025-09-08 04:00,16,0.0209,0.030
3/3,только восходящий,2025-09-08 18:00,2025-09-09 17:00,23,0.1418,0.186
3/3,только восходящий,2025-09-12 08:00,2025-09-15 03:00,19,0.1762,0.136
3/3,только восходящий,2025-09-15 13:00,2025-09-17 04:00,38,0.4189,0.644
3/3,только восходящий,2025-09-19 05:00,2025-09-24 04:00,69,0.7839,3.173
3/3,только восходящий,2025-09-26 14:00,2025-09-30 09:00,42,0.1771,0.526
3/3,только восходящий,2025-10-01 08:00,2025-10-02 03:00,19,0.6168,0.676
3/3,только восходящий,2025-10-03 12:00,2025-10-07 07:00,42,0.6157,1.856
3/3,только восходящий,2025-10-08 12:00,2025-10-08 22:00,10,0.4270,0.464
3/3,только восходящий,2025-10-10 19:00,2025-10-14 08:00,36,0.7202,3.305
3/3,только восходящий,2025-10-15 03:00,2025-10-17 13:00,57,0.4009,2.075
3/3,только восходящий,2025-10-20 23:00,2025-10-21 07:00,9,0.7808,1.415
3/3,только восходящий,2025-10-23 13:00,2025-10-24 05:00,16,0.7813,0.980
3/3,только восходящий,2025-10-29 07:00,2025-10-31 15:00,55,0.0827,0.271
3/3,только восходящий,2025-11-06 07:00,2025-11-07 17:00,34,0.0029,0.004
3/3,только восходящий,2025-11-10 01:00,2025-11-11 14:00,37,0.6229,2.002
3/3,только восходящий,2025-11-12 21:00,2025-11-13 17:00,20,0.1045,0.163
3/3,только восходящий,2025-11-24 18:00,2025-11-26 17:00,46,0.5466,1.133
3/3,только восходящий,2025-11-28 00:00,2025-11-28 10:00,11,0.4438,0.420
3/3,только восходящий,2025-11-28 16:00,2025-12-02 03:00,32,0.1454,0.248
3/3,только восходящий,2025-12-05 12:00,2025-12-05 18:00,7,0.3269,0.470
3/3,только восходящий,2025-12-09 15:00,2025-12-10 12:00,21,0.4730,0.380
3/3,только восходящий,2025-12-11 00:00,2025-12-12 18:00,42,0.3861,1.360
3/3,только восходящий,2025-12-17 05:00,2025-12-18 16:00,35,0.3891,0.612
3/3,только восходящий,2025-12-19 18:00,2025-12-23 17:00,46,0.7719,2.860
3/3,только восходящий,2025-12-26 00:00,2025-12-29 02:00,26,0.0712,0.123
3/3,только восходящий,2026-01-02 00:00,2026-01-07 08:00,78,0.5999,2.627
3/3,только восходящий,2026-01-09 13:00,2026-01-13 03:00,37,0.6504,2.485
3/3,только восходящий,2026-01-19 02:00,2026-01-20 02:00,22,0.2290,0.134
3/3,только восходящий,2026-01-20 05:00,2026-01-21 18:00,37,0.6989,2.879
3/3,только восходящий,2026-01-23 04:00,2026-01-26 18:00,38,0.5326,2.275
3/3,только восходящий,2026-01-27 20:00,2026-01-29 14:00,41,0.6353,6.188
3/3,только восходящий,2026-02-03 07:00,2026-02-03 21:00,15,0.2417,0.599
3/3,только восходящий,2026-02-04 01:00,2026-02-04 18:00,18,0.4894,2.361
3/3,только восходящий,2026-02-08 23:00,2026-02-12 15:00,86,0.1591,0.486
3/3,только восходящий,2026-02-16 01:00,2026-02-16 23:00,20,0.5876,0.776
3/3,только восходящий,2026-02-18 10:00,2026-02-24 16:00,99,0.6616,4.625
3/3,только восходящий,2026-02-25 05:00,2026-02-25 23:00,18,0.5274,0.739
3/3,только восходящий,2026-02-27 13:00,2026-03-03 10:00,44,0.1086,0.484
3/3,только восходящий,2026-03-06 21:00,2026-03-09 03:00,7,0.4965,1.551
3/3,только восходящий,2026-03-10 01:00,2026-03-11 15:00,38,0.1548,0.340
3/3,только восходящий,2026-03-12 13:00,2026-03-12 16:00,4,0.3657,0.542
3/3,только восходящий,2026-03-17 05:00,2026-03-17 12:00,8,0.1689,0.178
3/3,только восходящий,2026-03-25 05:00,2026-03-26 04:00,23,0.3559,0.774
3/3,только восходящий,2026-03-27 18:00,2026-04-02 00:00,75,0.6979,5.924
3/3,только восходящий,2026-04-07 19:00,2026-04-10 20:00,71,0.2463,1.035
3/3,только восходящий,2026-04-13 22:00,2026-04-14 12:00,15,0.2627,0.280
3/3,только восходящий,2026-04-14 17:00,2026-04-16 16:00,46,0.4366,0.892
3/3,только восходящий,2026-04-17 12:00,2026-04-20 01:00,13,0.2503,0.799
3/3,только восходящий,2026-04-20 13:00,2026-04-21 09:00,20,0.5657,0.711
3/3,только восходящий,2026-04-30 06:00,2026-05-01 05:00,23,0.1785,0.338
3/3,только восходящий,2026-05-06 00:00,2026-05-08 00:00,47,0.4677,1.788
3/3,только восходящий,2026-05-08 13:00,2026-05-10 22:00,9,0.8070,1.181
3/3,только восходящий,2026-05-11 16:00,2026-05-12 17:00,25,0.2784,0.798
3/3,только восходящий,2026-05-18 23:00,2026-05-19 07:00,9,0.4225,0.539
3/3,только восходящий,2026-05-24 22:00,2026-05-26 00:00,24,0.3796,0.338
3/3,только восходящий,2026-05-28 22:00,2026-06-01 11:00,37,0.1380,0.327
3/3,только восходящий,2026-06-02 10:00,2026-06-03 01:00,15,0.7914,1.267
3/3,только восходящий,2026-06-04 11:00,2026-06-04 16:00,6,0.4946,0.638
3/3,только восходящий,2026-06-12 01:00,2026-06-15 10:00,33,0.8618,3.608
3/3,только нисходящий,2017-07-27 19:00,2017-07-28 11:00,16,0.1124,0.034
3/3,только нисходящий,2017-08-04 12:00,2017-08-07 19:00,31,0.3035,0.369
3/3,только нисходящий,2017-08-08 18:00,2017-08-09 02:00,8,0.6711,0.718
3/3,только нисходящий,2017-08-14 07:00,2017-08-16 16:00,56,0.4193,0.660
3/3,только нисходящий,2017-08-24 09:00,2017-08-24 15:00,7,0.2302,0.096
3/3,только нисходящий,2017-08-31 01:00,2017-08-31 13:00,13,0.6028,0.678
3/3,только нисходящий,2017-09-05 14:00,2017-09-05 17:00,4,0.2958,0.129
3/3,только нисходящий,2017-09-06 22:00,2017-09-07 08:00,11,0.7483,0.372
3/3,только нисходящий,2017-09-11 02:00,2017-09-12 14:00,36,0.6197,0.764
3/3,только нисходящий,2017-09-13 14:00,2017-09-14 20:00,30,0.4076,0.463
3/3,только нисходящий,2017-09-18 06:00,2017-09-19 16:00,34,0.6388,0.652
3/3,только нисходящий,2017-09-21 03:00,2017-09-25 11:00,55,0.4612,0.431
3/3,только нисходящий,2017-09-26 15:00,2017-09-28 14:00,46,0.6822,1.280
3/3,только нисходящий,2017-09-29 19:00,2017-10-03 15:00,43,0.4326,0.503
3/3,только нисходящий,2017-10-06 00:00,2017-10-06 13:00,14,0.7635,0.633
3/3,только нисходящий,2017-10-11 16:00,2017-10-11 22:00,6,0.6785,0.477
3/3,только нисходящий,2017-10-16 23:00,2017-10-18 04:00,29,0.5909,0.663
3/3,только нисходящий,2017-10-18 10:00,2017-10-19 09:00,23,0.5451,0.407
3/3,только нисходящий,2017-10-20 05:00,2017-10-23 14:00,33,0.7447,0.744
3/3,только нисходящий,2017-10-25 06:00,2017-10-26 07:00,25,0.3345,0.302
3/3,только нисходящий,2017-10-26 16:00,2017-10-27 10:00,18,0.3316,0.240
3/3,только нисходящий,2017-10-31 17:00,2017-11-01 05:00,12,0.3867,0.163
3/3,только нисходящий,2017-11-03 09:00,2017-11-03 14:00,6,0.5981,0.692
3/3,только нисходящий,2017-11-03 16:00,2017-11-06 10:00,17,0.5948,0.283
3/3,только нисходящий,2017-11-10 11:00,2017-11-13 18:00,31,0.3955,0.384
3/3,только нисходящий,2017-11-14 10:00,2017-11-14 17:00,8,0.7830,0.702
3/3,только нисходящий,2017-11-16 04:00,2017-11-17 00:00,20,0.5113,0.269
3/3,только нисходящий,2017-11-20 21:00,2017-11-21 17:00,20,0.6348,0.426
3/3,только нисходящий,2017-11-24 14:00,2017-11-27 09:00,16,0.3170,0.157
3/3,только нисходящий,2017-11-29 13:00,2017-12-01 11:00,45,0.4779,0.902
3/3,только нисходящий,2017-12-05 14:00,2017-12-06 12:00,22,0.0598,0.062
3/3,только нисходящий,2017-12-07 06:00,2017-12-08 16:00,34,0.6078,0.814
3/3,только нисходящий,2017-12-12 00:00,2017-12-13 05:00,29,0.0957,0.075
3/3,только нисходящий,2017-12-19 21:00,2017-12-20 11:00,14,0.7347,0.292
3/3,только нисходящий,2018-01-04 00:00,2018-01-04 23:00,23,0.5797,0.891
3/3,только нисходящий,2018-01-09 13:00,2018-01-10 09:00,20,0.2690,0.152
3/3,только нисходящий,2018-01-16 09:00,2018-01-17 04:00,19,0.0401,0.037
3/3,только нисходящий,2018-01-17 19:00,2018-01-18 18:00,23,0.1370,0.158
3/3,только нисходящий,2018-01-22 06:00,2018-01-22 17:00,12,0.4495,0.243
3/3,только нисходящий,2018-01-25 19:00,2018-01-30 12:00,63,0.1375,0.272
3/3,только нисходящий,2018-02-02 18:00,2018-02-05 09:00,15,0.2576,0.160
3/3,только нисходящий,2018-02-07 00:00,2018-02-08 15:00,39,0.5049,0.962
3/3,только нисходящий,2018-02-09 14:00,2018-02-12 00:00,10,0.2995,0.181
3/3,только нисходящий,2018-02-20 00:00,2018-02-21 17:00,41,0.6679,1.061
3/3,только нисходящий,2018-02-22 06:00,2018-02-26 00:00,41,0.5985,0.512
3/3,только нисходящий,2018-02-27 20:00,2018-02-28 11:00,15,0.1135,0.049
3/3,только нисходящий,2018-03-01 09:00,2018-03-02 12:00,27,0.4976,0.808
3/3,только нисходящий,2018-03-05 23:00,2018-03-06 10:00,12,0.7298,0.308
3/3,только нисходящий,2018-03-07 23:00,2018-03-09 19:00,44,0.0658,0.081
3/3,только нисходящий,2018-03-12 09:00,2018-03-13 01:00,16,0.5907,0.483
3/3,только нисходящий,2018-03-15 22:00,2018-03-19 14:00,40,0.2122,0.226
3/3,только нисходящий,2018-03-20 17:00,2018-03-21 05:00,12,0.1812,0.070
3/3,только нисходящий,2018-03-27 16:00,2018-04-02 00:00,54,0.7053,1.358
3/3,только нисходящий,2018-04-03 17:00,2018-04-04 06:00,13,0.4520,0.196
3/3,только нисходящий,2018-04-05 10:00,2018-04-06 03:00,17,0.0449,0.036
3/3,только нисходящий,2018-04-09 09:00,2018-04-09 16:00,8,0.7658,0.580
3/3,только нисходящий,2018-04-12 18:00,2018-04-13 10:00,16,0.2623,0.161
3/3,только нисходящий,2018-04-17 07:00,2018-04-18 10:00,27,0.5092,0.466
3/3,только нисходящий,2018-04-19 15:00,2018-04-24 04:00,59,0.6425,1.197
3/3,только нисходящий,2018-04-25 15:00,2018-04-27 09:00,41,0.2750,0.238
3/3,только нисходящий,2018-04-30 16:00,2018-05-02 05:00,36,0.4430,0.637
3/3,только нисходящий,2018-05-02 13:00,2018-05-02 20:00,8,0.0262,0.020
3/3,только нисходящий,2018-05-08 13:00,2018-05-08 17:00,5,0.6781,0.483
3/3,только нисходящий,2018-05-09 10:00,2018-05-10 10:00,24,0.6356,0.581
3/3,только нисходящий,2018-05-14 17:00,2018-05-17 04:00,57,0.7171,1.806
3/3,только нисходящий,2018-05-21 10:00,2018-05-22 10:00,24,0.7379,0.735
3/3,только нисходящий,2018-05-28 01:00,2018-05-29 02:00,21,0.0662,0.030
3/3,только нисходящий,2018-05-31 20:00,2018-06-04 10:00,37,0.2979,0.256
3/3,только нисходящий,2018-06-06 09:00,2018-06-06 16:00,8,0.3058,0.189
3/3,только нисходящий,2018-06-11 09:00,2018-06-11 17:00,9,0.4614,0.289
3/3,только нисходящий,2018-06-12 12:00,2018-06-12 16:00,5,0.1367,0.074
3/3,только нисходящий,2018-06-13 07:00,2018-06-13 14:00,8,0.5124,0.228
3/3,только нисходящий,2018-06-15 12:00,2018-06-19 00:00,35,0.4492,0.835
3/3,только нисходящий,2018-06-19 15:00,2018-06-20 15:00,24,0.1776,0.099
3/3,только нисходящий,2018-06-20 20:00,2018-06-21 20:00,24,0.1096,0.078
3/3,только нисходящий,2018-06-26 05:00,2018-06-27 13:00,32,0.7654,0.685
3/3,только нисходящий,2018-06-28 05:00,2018-06-28 14:00,10,0.3946,0.187
3/3,только нисходящий,2018-07-02 15:00,2018-07-03 14:00,23,0.6385,0.884
3/3,только нисходящий,2018-07-05 13:00,2018-07-05 17:00,5,0.3398,0.161
3/3,только нисходящий,2018-07-10 14:00,2018-07-12 17:00,50,0.4779,0.596
3/3,только нисходящий,2018-07-13 07:00,2018-07-17 05:00,45,0.0649,0.048
3/3,только нисходящий,2018-07-17 17:00,2018-07-19 16:00,46,0.6779,0.980
3/3,только нисходящий,2018-07-24 07:00,2018-07-24 16:00,10,0.1042,0.087
3/3,только нисходящий,2018-07-26 16:00,2018-07-27 17:00,25,0.2192,0.177
3/3,только нисходящий,2018-08-01 14:00,2018-08-03 10:00,43,0.4903,0.701
3/3,только нисходящий,2018-08-06 15:00,2018-08-07 07:00,16,0.0151,0.009
3/3,только нисходящий,2018-08-10 05:00,2018-08-10 13:00,9,0.7034,0.572
3/3,только нисходящий,2018-08-13 14:00,2018-08-14 13:00,23,0.0520,0.038
3/3,только нисходящий,2018-08-15 02:00,2018-08-17 10:00,55,0.3646,0.991
3/3,только нисходящий,2018-08-23 10:00,2018-08-24 12:00,26,0.3004,0.276
3/3,только нисходящий,2018-08-28 23:00,2018-08-31 10:00,58,0.3107,0.336
3/3,только нисходящий,2018-09-04 06:00,2018-09-05 09:00,27,0.2014,0.173
3/3,только нисходящий,2018-09-07 16:00,2018-09-10 16:00,24,0.0382,0.022
3/3,только нисходящий,2018-09-11 12:00,2018-09-11 23:00,11,0.6974,0.683
3/3,только нисходящий,2018-09-14 14:00,2018-09-18 15:00,48,0.0436,0.044
3/3,только нисходящий,2018-09-21 16:00,2018-09-24 12:00,20,0.1303,0.071
3/3,только нисходящий,2018-09-26 09:00,2018-09-28 06:00,44,0.8804,1.365
3/3,только нисходящий,2018-10-04 00:00,2018-10-10 18:00,111,0.2840,0.567
3/3,только нисходящий,2018-10-17 02:00,2018-10-18 14:00,36,0.2244,0.199
3/3,только нисходящий,2018-10-22 08:00,2018-10-23 05:00,21,0.2552,0.117
3/3,только нисходящий,2018-10-24 15:00,2018-10-24 23:00,8,0.8573,0.553
3/3,только нисходящий,2018-10-29 08:00,2018-11-01 05:00,67,0.5675,0.924
3/3,только нисходящий,2018-11-05 12:00,2018-11-06 09:00,21,0.6135,0.425
3/3,только нисходящий,2018-11-09 03:00,2018-11-14 04:00,71,0.6140,1.281
3/3,только нисходящий,2018-11-21 03:00,2018-11-21 07:00,5,0.6252,0.180
3/3,только нисходящий,2018-11-23 16:00,2018-11-26 06:00,11,0.7569,0.235
3/3,только нисходящий,2018-11-27 17:00,2018-11-28 14:00,21,0.1881,0.066
3/3,только нисходящий,2018-11-30 17:00,2018-12-03 04:00,11,0.7061,0.372
3/3,только нисходящий,2018-12-05 11:00,2018-12-05 20:00,10,0.0555,0.016
3/3,только нисходящий,2018-12-10 23:00,2018-12-12 20:00,45,0.2001,0.136
3/3,только нисходящий,2018-12-13 10:00,2018-12-17 09:00,46,0.2691,0.263
3/3,только нисходящий,2018-12-20 01:00,2018-12-20 08:00,8,0.5669,0.347
3/3,только нисходящий,2018-12-21 14:00,2018-12-24 06:00,16,0.4879,0.405
3/3,только нисходящий,2018-12-27 00:00,2018-12-27 12:00,13,0.3964,0.232
3/3,только нисходящий,2019-01-04 17:00,2019-01-09 15:00,68,0.3599,0.439
3/3,только нисходящий,2019-01-17 14:00,2019-01-22 07:00,59,0.5766,0.736
3/3,только нисходящий,2019-01-23 17:00,2019-01-25 10:00,40,0.0973,0.068
3/3,только нисходящий,2019-02-01 06:00,2019-02-01 15:00,10,0.0611,0.034
3/3,только нисходящий,2019-02-04 01:00,2019-02-05 07:00,30,0.2789,0.153
3/3,только нисходящий,2019-02-06 18:00,2019-02-08 11:00,40,0.2576,0.199
3/3,только нисходящий,2019-02-11 17:00,2019-02-12 08:00,15,0.6169,0.345
3/3,только нисходящий,2019-02-13 20:00,2019-02-14 15:00,19,0.3563,0.279
3/3,только нисходящий,2019-02-20 23:00,2019-02-22 13:00,38,0.5795,0.880
3/3,только нисходящий,2019-02-26 12:00,2019-02-28 07:00,42,0.1654,0.162
3/3,только нисходящий,2019-02-28 20:00,2019-03-06 02:00,75,0.7661,1.984
3/3,только нисходящий,2019-03-11 13:00,2019-03-12 07:00,18,0.0801,0.043
3/3,только нисходящий,2019-03-14 16:00,2019-03-15 04:00,12,0.3538,0.182
3/3,только нисходящий,2019-03-27 17:00,2019-03-28 08:00,15,0.3329,0.135
3/3,только нисходящий,2019-03-28 11:00,2019-03-29 11:00,24,0.5045,0.766
3/3,только нисходящий,2019-04-01 19:00,2019-04-02 17:00,22,0.5513,0.281
3/3,только нисходящий,2019-04-04 16:00,2019-04-04 22:00,6,0.5936,0.312
3/3,только нисходящий,2019-04-10 05:00,2019-04-10 09:00,5,0.5253,0.132
3/3,только нисходящий,2019-04-11 20:00,2019-04-12 11:00,15,0.0491,0.017
3/3,только нисходящий,2019-04-15 01:00,2019-04-18 10:00,79,0.6432,0.958
3/3,только нисходящий,2019-04-22 19:00,2019-04-24 14:00,42,0.0809,0.064
3/3,только нисходящий,2019-04-29 05:00,2019-04-30 13:00,32,0.3330,0.206
3/3,только нисходящий,2019-05-01 18:00,2019-05-03 06:00,35,0.2511,0.410
3/3,только нисходящий,2019-05-06 16:00,2019-05-07 02:00,10,0.3478,0.087
3/3,только нисходящий,2019-05-07 15:00,2019-05-07 20:00,6,0.0637,0.014
3/3,только нисходящий,2019-05-14 10:00,2019-05-15 14:00,28,0.1620,0.097
3/3,только нисходящий,2019-05-16 18:00,2019-05-17 05:00,11,0.5624,0.128
3/3,только нисходящий,2019-05-17 20:00,2019-05-20 17:00,21,0.0698,0.029
3/3,только нисходящий,2019-05-21 11:00,2019-05-22 14:00,27,0.4084,0.248
3/3,только нисходящий,2019-05-24 16:00,2019-05-27 00:00,8,0.0492,0.011
3/3,только нисходящий,2019-05-28 07:00,2019-05-29 05:00,22,0.2432,0.170
3/3,только нисходящий,2019-05-30 10:00,2019-05-30 17:00,8,0.8385,0.878
3/3,только нисходящий,2019-06-10 11:00,2019-06-12 01:00,37,0.3656,0.281
3/3,только нисходящий,2019-06-17 07:00,2019-06-18 04:00,21,0.6561,0.500
3/3,только нисходящий,2019-06-26 00:00,2019-06-26 17:00,18,0.1813,0.239
3/3,только нисходящий,2019-07-01 01:00,2019-07-02 14:00,37,0.0697,0.076
3/3,только нисходящий,2019-07-05 12:00,2019-07-08 06:00,18,0.1559,0.312
3/3,только нисходящий,2019-07-12 00:00,2019-07-12 09:00,10,0.1008,0.062
3/3,только нисходящий,2019-07-16 13:00,2019-07-16 19:00,7,0.5232,0.463
3/3,только нисходящий,2019-07-16 22:00,2019-07-17 12:00,15,0.0992,0.058
3/3,только нисходящий,2019-07-25 20:00,2019-07-26 09:00,13,0.6978,0.301
3/3,только нисходящий,2019-08-01 04:00,2019-08-01 16:00,13,0.4723,0.653
3/3,только нисходящий,2019-08-09 20:00,2019-08-12 10:00,14,0.4027,0.510
3/3,только нисходящий,2019-08-16 09:00,2019-08-16 20:00,12,0.3096,0.280
3/3,только нисходящий,2019-08-19 08:00,2019-08-20 07:00,23,0.1211,0.107
3/3,только нисходящий,2019-08-21 10:00,2019-08-22 15:00,29,0.0605,0.060
3/3,только нисходящий,2019-08-29 16:00,2019-08-30 08:00,16,0.1683,0.195
3/3,только нисходящий,2019-09-04 06:00,2019-09-04 19:00,14,0.7464,1.121
3/3,только нисходящий,2019-09-05 12:00,2019-09-06 15:00,27,0.3793,1.038
3/3,только нисходящий,2019-09-09 20:00,2019-09-10 15:00,19,0.3127,0.299
3/3,только нисходящий,2019-09-15 22:00,2019-09-16 02:00,5,0.0673,0.104
3/3,только нисходящий,2019-09-17 06:00,2019-09-17 14:00,9,0.6142,0.497
3/3,только нисходящий,2019-09-18 22:00,2019-09-20 08:00,34,0.6651,0.786
3/3,только нисходящий,2019-09-25 19:00,2019-09-26 15:00,20,0.3387,0.270
3/3,только нисходящий,2019-09-27 06:00,2019-10-01 13:00,54,0.7222,2.225
3/3,только нисходящий,2019-10-07 16:00,2019-10-08 06:00,14,0.6582,0.579
3/3,только нисходящий,2019-10-08 09:00,2019-10-08 15:00,7,0.0667,0.047
3/3,только нисходящий,2019-10-10 17:00,2019-10-11 06:00,13,0.1958,0.121
3/3,только нисходящий,2019-10-11 17:00,2019-10-15 00:00,30,0.4437,0.527
3/3,только нисходящий,2019-10-21 17:00,2019-10-23 02:00,32,0.3961,0.260
3/3,только нисходящий,2019-10-28 12:00,2019-10-29 06:00,18,0.3777,0.379
3/3,только нисходящий,2019-10-29 16:00,2019-10-30 09:00,17,0.3873,0.123
3/3,только нисходящий,2019-11-05 02:00,2019-11-06 09:00,31,0.6010,1.129
3/3,только нисходящий,2019-11-07 14:00,2019-11-08 10:00,20,0.6408,1.189
3/3,только нисходящий,2019-11-11 15:00,2019-11-12 21:00,30,0.4835,0.492
3/3,только нисходящий,2019-11-18 08:00,2019-11-18 18:00,11,0.6875,0.822
3/3,только нисходящий,2019-11-19 13:00,2019-11-19 20:00,8,0.3990,0.247
3/3,только нисходящий,2019-11-20 15:00,2019-11-22 08:00,40,0.1768,0.158
3/3,только нисходящий,2019-11-25 05:00,2019-11-25 16:00,12,0.1130,0.059
3/3,только нисходящий,2019-11-27 19:00,2019-11-28 10:00,15,0.6324,0.200
3/3,только нисходящий,2019-12-04 15:00,2019-12-05 09:00,18,0.1692,0.079
3/3,только нисходящий,2019-12-06 13:00,2019-12-10 08:00,42,0.1766,0.253
3/3,только нисходящий,2019-12-12 18:00,2019-12-13 21:00,27,0.4981,0.550
3/3,только нисходящий,2019-12-18 13:00,2019-12-19 17:00,28,0.7742,0.505
3/3,только нисходящий,2020-01-06 19:00,2020-01-07 21:00,26,0.4262,0.599
3/3,только нисходящий,2020-01-09 06:00,2020-01-10 14:00,32,0.5627,0.598
3/3,только нисходящий,2020-01-13 12:00,2020-01-14 20:00,32,0.3947,0.512
3/3,только нисходящий,2020-01-21 17:00,2020-01-22 21:00,28,0.1873,0.118
3/3,только нисходящий,2020-01-28 12:00,2020-01-29 23:00,34,0.1930,0.189
3/3,только нисходящий,2020-02-04 08:00,2020-02-06 08:00,47,0.3485,0.572
3/3,только нисходящий,2020-02-11 05:00,2020-02-12 18:00,37,0.0916,0.071
3/3,только нисходящий,2020-02-28 05:00,2020-03-02 12:00,31,0.4082,1.986
3/3,только нисходящий,2020-03-10 05:00,2020-03-11 09:00,28,0.3417,0.536
3/3,только нисходящий,2020-03-11 23:00,2020-03-13 09:00,34,0.6171,3.720
3/3,только нисходящий,2020-03-13 16:00,2020-03-17 17:00,48,0.0932,0.759
3/3,только нисходящий,2020-03-18 12:00,2020-03-20 06:00,41,0.0419,0.190
3/3,только нисходящий,2020-03-31 08:00,2020-04-02 09:00,48,0.4432,1.206
3/3,только нисходящий,2020-04-07 13:00,2020-04-08 15:00,26,0.1036,0.106
3/3,только нисходящий,2020-04-15 10:00,2020-04-16 09:00,23,0.0478,0.050
3/3,только нисходящий,2020-04-17 05:00,2020-04-20 12:00,31,0.2777,0.621
3/3,только нисходящий,2020-04-21 14:00,2020-04-22 07:00,17,0.3240,0.548
3/3,только нисходящий,2020-04-24 18:00,2020-04-29 03:00,55,0.3738,0.805
3/3,только нисходящий,2020-04-30 22:00,2020-05-01 15:00,18,0.2571,0.413
3/3,только нисходящий,2020-05-06 12:00,2020-05-07 02:00,14,0.2474,0.333
3/3,только нисходящий,2020-05-08 16:00,2020-05-12 17:00,48,0.2645,0.369
3/3,только нисходящий,2020-05-18 18:00,2020-05-19 13:00,19,0.3699,0.321
3/3,только нисходящий,2020-05-21 05:00,2020-05-22 06:00,25,0.2570,0.388
3/3,только нисходящий,2020-05-26 18:00,2020-05-27 20:00,26,0.1431,0.185
3/3,только нисходящий,2020-06-02 18:00,2020-06-04 09:00,38,0.4802,1.187
3/3,только нисходящий,2020-06-05 17:00,2020-06-08 03:00,10,0.6049,0.413
3/3,только нисходящий,2020-06-15 05:00,2020-06-16 10:00,29,0.2933,0.486
3/3,только нисходящий,2020-06-17 10:00,2020-06-17 22:00,12,0.4600,0.453
3/3,только нисходящий,2020-06-24 20:00,2020-06-26 10:00,37,0.0414,0.035
3/3,только нисходящий,2020-06-26 13:00,2020-06-26 20:00,8,0.8890,1.243
3/3,только нисходящий,2020-06-30 11:00,2020-06-30 14:00,4,0.7734,0.866
3/3,только нисходящий,2020-07-09 18:00,2020-07-10 09:00,15,0.2167,0.134
3/3,только нисходящий,2020-07-14 00:00,2020-07-14 13:00,14,0.2028,0.164
3/3,только нисходящий,2020-07-16 05:00,2020-07-17 09:00,28,0.2953,0.263
3/3,только нисходящий,2020-07-28 10:00,2020-07-29 18:00,32,0.6677,2.003
3/3,только нисходящий,2020-08-07 20:00,2020-08-10 12:00,16,0.1196,0.100
3/3,только нисходящий,2020-08-11 05:00,2020-08-12 10:00,29,0.4907,3.812
3/3,только нисходящий,2020-08-14 16:00,2020-08-17 09:00,17,0.6277,0.896
3/3,только нисходящий,2020-08-19 14:00,2020-08-21 02:00,35,0.2734,0.911
3/3,только нисходящий,2020-08-21 11:00,2020-08-24 14:00,27,0.2871,0.754
3/3,только нисходящий,2020-09-02 07:00,2020-09-04 14:00,54,0.6756,1.904
3/3,только нисходящий,2020-09-08 10:00,2020-09-08 19:00,10,0.4266,0.762
3/3,только нисходящий,2020-09-11 05:00,2020-09-11 15:00,11,0.4571,0.400
3/3,только нисходящий,2020-09-15 17:00,2020-09-16 06:00,13,0.5255,0.355
3/3,только нисходящий,2020-09-17 06:00,2020-09-17 13:00,8,0.2856,0.235
3/3,только нисходящий,2020-09-18 16:00,2020-09-18 19:00,4,0.7706,0.407
3/3,только нисходящий,2020-09-21 08:00,2020-09-24 19:00,81,0.7057,3.632
3/3,только нисходящий,2020-09-25 11:00,2020-09-28 14:00,27,0.2689,0.410
3/3,только нисходящий,2020-10-06 07:00,2020-10-06 15:00,9,0.3752,0.383
3/3,только нисходящий,2020-10-06 17:00,2020-10-08 06:00,36,0.1914,0.339
3/3,только нисходящий,2020-10-13 01:00,2020-10-14 10:00,33,0.4246,0.944
3/3,только нисходящий,2020-10-20 01:00,2020-10-20 17:00,17,0.8596,0.865
3/3,только нисходящий,2020-10-22 12:00,2020-10-23 05:00,17,0.0452,0.048
3/3,только нисходящий,2020-10-28 10:00,2020-10-29 08:00,22,0.6021,0.998
3/3,только нисходящий,2020-10-29 12:00,2020-10-30 11:00,23,0.7458,0.808
3/3,только нисходящий,2020-11-09 19:00,2020-11-12 11:00,62,0.1124,0.205
3/3,только нисходящий,2020-11-16 14:00,2020-11-16 19:00,6,0.1442,0.082
3/3,только нисходящий,2020-11-17 20:00,2020-11-18 17:00,21,0.2526,0.317
3/3,только нисходящий,2020-11-23 19:00,2020-11-25 10:00,38,0.7346,1.599
3/3,только нисходящий,2020-11-26 17:00,2020-11-30 19:00,42,0.5970,1.626
3/3,только нисходящий,2020-12-04 18:00,2020-12-07 13:00,19,0.1877,0.207
3/3,только нисходящий,2020-12-09 11:00,2020-12-10 13:00,26,0.2143,0.446
3/3,только нисходящий,2020-12-14 10:00,2020-12-15 07:00,21,0.7539,1.006
3/3,только нисходящий,2020-12-22 06:00,2020-12-23 11:00,29,0.2307,0.278
3/3,только нисходящий,2021-01-06 19:00,2021-01-07 08:00,13,0.0252,0.025
3/3,только нисходящий,2021-01-08 08:00,2021-01-12 04:00,43,0.4355,2.024
3/3,только нисходящий,2021-01-13 21:00,2021-01-14 20:00,23,0.0697,0.106
3/3,только нисходящий,2021-01-15 13:00,2021-01-19 03:00,33,0.0247,0.064
3/3,только нисходящий,2021-01-21 13:00,2021-01-25 02:00,36,0.1917,0.351
3/3,только нисходящий,2021-01-27 11:00,2021-01-28 12:00,25,0.0465,0.049
3/3,только нисходящий,2021-02-11 17:00,2021-02-12 14:00,21,0.5727,0.648
3/3,только нисходящий,2021-02-16 12:00,2021-02-18 15:00,50,0.5739,1.601
3/3,только нисходящий,2021-02-23 14:00,2021-02-24 04:00,14,0.4145,0.420
3/3,только нисходящий,2021-02-24 13:00,2021-03-02 15:00,95,0.6438,3.645
3/3,только нисходящий,2021-03-03 18:00,2021-03-04 09:00,15,0.2483,0.216
3/3,только нисходящий,2021-03-04 18:00,2021-03-05 16:00,22,0.2993,0.364
3/3,только нисходящий,2021-03-12 02:00,2021-03-15 03:00,26,0.2363,0.479
3/3,только нисходящий,2021-03-22 08:00,2021-03-23 12:00,28,0.6458,0.539
3/3,только нисходящий,2021-03-29 04:00,2021-03-31 08:00,51,0.8064,2.422
3/3,только нисходящий,2021-04-13 05:00,2021-04-13 12:00,8,0.4731,0.505
3/3,только нисходящий,2021-04-20 00:00,2021-04-20 18:00,19,0.5416,0.514
3/3,только нисходящий,2021-04-22 19:00,2021-04-23 11:00,16,0.7310,0.423
3/3,только нисходящий,2021-04-28 00:00,2021-04-29 04:00,28,0.4894,0.753
3/3,только нисходящий,2021-05-05 07:00,2021-05-05 23:00,16,0.4228,0.418
3/3,только нисходящий,2021-05-13 09:00,2021-05-13 18:00,10,0.7001,0.772
3/3,только нисходящий,2021-05-18 17:00,2021-05-19 08:00,15,0.4169,0.311
3/3,только нисходящий,2021-05-25 01:00,2021-05-25 09:00,9,0.6957,0.542
3/3,только нисходящий,2021-05-26 17:00,2021-05-27 04:00,11,0.4834,0.316
3/3,только нисходящий,2021-06-02 04:00,2021-06-02 11:00,8,0.7064,0.255
3/3,только нисходящий,2021-06-03 12:00,2021-06-04 09:00,21,0.2904,0.590
3/3,только нисходящий,2021-06-07 10:00,2021-06-07 18:00,9,0.8784,0.744
3/3,только нисходящий,2021-06-10 06:00,2021-06-10 23:00,17,0.4866,0.776
3/3,только нисходящий,2021-06-14 15:00,2021-06-16 08:00,40,0.2394,0.225
3/3,только нисходящий,2021-06-16 22:00,2021-06-18 06:00,32,0.6073,1.937
3/3,только нисходящий,2021-06-28 02:00,2021-06-28 08:00,7,0.0093,0.007
3/3,только нисходящий,2021-06-29 08:00,2021-06-30 15:00,31,0.1568,0.224
3/3,только нисходящий,2021-07-16 10:00,2021-07-20 04:00,41,0.0543,0.095
3/3,только нисходящий,2021-07-21 01:00,2021-07-21 08:00,8,0.0456,0.026
3/3,только нисходящий,2021-07-21 10:00,2021-07-22 17:00,31,0.3161,0.268
3/3,только нисходящий,2021-07-27 05:00,2021-07-27 09:00,5,0.1086,0.046
3/3,только нисходящий,2021-08-01 22:00,2021-08-02 19:00,22,0.0719,0.054
3/3,только нисходящий,2021-08-05 15:00,2021-08-11 10:00,88,0.5108,3.697
3/3,только нисходящий,2021-08-16 09:00,2021-08-16 12:00,4,0.2113,0.124
3/3,только нисходящий,2021-08-19 03:00,2021-08-19 15:00,13,0.1710,0.176
3/3,только нисходящий,2021-08-25 00:00,2021-08-25 08:00,9,0.1937,0.117
3/3,только нисходящий,2021-08-25 10:00,2021-08-26 17:00,31,0.1544,0.156
3/3,только нисходящий,2021-08-30 22:00,2021-08-31 02:00,5,0.5616,0.144
3/3,только нисходящий,2021-09-06 22:00,2021-09-08 09:00,35,0.7363,1.408
3/3,только нисходящий,2021-09-08 19:00,2021-09-10 04:00,32,0.4456,0.427
3/3,только нисходящий,2021-09-15 16:00,2021-09-20 11:00,65,0.6912,2.088
3/3,только нисходящий,2021-09-23 00:00,2021-09-27 00:00,47,0.3056,0.671
3/3,только нисходящий,2021-09-28 06:00,2021-09-29 04:00,22,0.1340,0.159
3/3,только нисходящий,2021-09-29 20:00,2021-09-30 13:00,17,0.7527,0.898
3/3,только нисходящий,2021-10-05 09:00,2021-10-05 20:00,12,0.1426,0.116
3/3,только нисходящий,2021-10-15 15:00,2021-10-19 02:00,34,0.3770,0.317
3/3,только нисходящий,2021-10-26 17:00,2021-10-27 15:00,22,0.2352,0.192
3/3,только нисходящий,2021-10-29 12:00,2021-11-01 12:00,24,0.4098,0.496
3/3,только нисходящий,2021-11-03 01:00,2021-11-04 10:00,33,0.1606,0.253
3/3,только нисходящий,2021-11-12 14:00,2021-11-12 20:00,7,0.4934,0.394
3/3,только нисходящий,2021-11-16 21:00,2021-11-17 13:00,16,0.7109,0.618
3/3,только нисходящий,2021-11-19 21:00,2021-11-25 04:00,75,0.7633,2.917
3/3,только нисходящий,2021-12-02 07:00,2021-12-03 15:00,32,0.2281,0.248
3/3,только нисходящий,2021-12-06 17:00,2021-12-07 14:00,21,0.0924,0.066
3/3,только нисходящий,2021-12-09 12:00,2021-12-10 12:00,24,0.2160,0.158
3/3,только нисходящий,2021-12-14 13:00,2021-12-15 19:00,30,0.0798,0.147
3/3,только нисходящий,2021-12-20 17:00,2021-12-22 11:00,41,0.2438,0.212
3/3,только нисходящий,2021-12-29 07:00,2021-12-30 15:00,32,0.1433,0.152
3/3,только нисходящий,2022-01-03 19:00,2022-01-04 12:00,17,0.0452,0.026
3/3,только нисходящий,2022-01-06 16:00,2022-01-07 16:00,24,0.3447,0.263
3/3,только нисходящий,2022-01-13 12:00,2022-01-14 10:00,22,0.0381,0.035
3/3,только нисходящий,2022-01-18 08:00,2022-01-19 12:00,28,0.4021,0.317
3/3,только нисходящий,2022-01-21 11:00,2022-01-21 16:00,6,0.2503,0.164
3/3,только нисходящий,2022-01-26 11:00,2022-01-31 12:00,71,0.7555,2.780
3/3,только нисходящий,2022-02-03 09:00,2022-02-04 09:00,24,0.3294,0.425
3/3,только нисходящий,2022-02-08 10:00,2022-02-08 15:00,6,0.4928,0.300
3/3,только нисходящий,2022-02-11 10:00,2022-02-11 17:00,8,0.9037,0.793
3/3,только нисходящий,2022-02-21 06:00,2022-02-21 17:00,12,0.8840,0.519
3/3,только нисходящий,2022-02-24 23:00,2022-02-28 01:00,26,0.1537,0.359
3/3,только нисходящий,2022-03-02 16:00,2022-03-03 13:00,21,0.3047,0.379
3/3,только нисходящий,2022-03-11 12:00,2022-03-16 13:00,72,0.7169,3.012
3/3,только нисходящий,2022-03-18 16:00,2022-03-21 13:00,21,0.0933,0.073
3/3,только нисходящий,2022-03-22 12:00,2022-03-23 08:00,20,0.1057,0.111
3/3,только нисходящий,2022-03-25 16:00,2022-03-30 03:00,57,0.4660,1.655
3/3,только нисходящий,2022-04-01 20:00,2022-04-04 07:00,11,0.3180,0.257
3/3,только нисходящий,2022-04-14 17:00,2022-04-17 22:00,5,0.6660,0.333
3/3,только нисходящий,2022-04-18 22:00,2022-04-20 23:00,48,0.4721,1.018
3/3,только нисходящий,2022-04-22 10:00,2022-04-22 15:00,6,0.1285,0.132
3/3,только нисходящий,2022-04-22 17:00,2022-04-26 04:00,34,0.6471,1.516
3/3,только нисходящий,2022-04-28 01:00,2022-04-28 22:00,21,0.4125,0.539
3/3,только нисходящий,2022-05-02 16:00,2022-05-03 13:00,21,0.2360,0.279
3/3,только нисходящий,2022-05-05 19:00,2022-05-06 14:00,19,0.3188,0.407
3/3,только нисходящий,2022-05-09 17:00,2022-05-11 07:00,37,0.2211,0.398
3/3,только нисходящий,2022-05-13 01:00,2022-05-17 01:00,47,0.0631,0.147
3/3,только нисходящий,2022-05-18 00:00,2022-05-18 12:00,13,0.3791,0.274
3/3,только нисходящий,2022-05-25 18:00,2022-05-27 08:00,37,0.1071,0.114
3/3,только нисходящий,2022-05-31 00:00,2022-06-01 12:00,36,0.0799,0.124
3/3,только нисходящий,2022-06-07 04:00,2022-06-07 22:00,18,0.6043,0.559
3/3,только нисходящий,2022-06-09 11:00,2022-06-10 13:00,26,0.4550,0.679
3/3,только нисходящий,2022-06-13 17:00,2022-06-15 08:00,38,0.2448,0.355
3/3,только нисходящий,2022-06-17 17:00,2022-06-20 05:00,12,0.4396,0.293
3/3,только нисходящий,2022-06-21 10:00,2022-06-21 16:00,7,0.2225,0.156
3/3,только нисходящий,2022-06-22 04:00,2022-06-22 15:00,12,0.5050,0.677
3/3,только нисходящий,2022-06-23 20:00,2022-06-27 00:00,27,0.3226,0.347
3/3,только нисходящий,2022-06-29 09:00,2022-06-29 14:00,6,0.0388,0.045
3/3,только нисходящий,2022-06-30 10:00,2022-06-30 15:00,6,0.1734,0.215
3/3,только нисходящий,2022-07-01 07:00,2022-07-04 04:00,21,0.5950,0.988
3/3,только нисходящий,2022-07-05 08:00,2022-07-07 04:00,43,0.7654,3.139
3/3,только нисходящий,2022-07-12 04:00,2022-07-13 13:00,33,0.1737,0.324
3/3,только нисходящий,2022-07-14 07:00,2022-07-18 07:00,47,0.0200,0.028
3/3,только нисходящий,2022-07-21 04:00,2022-07-21 17:00,14,0.5691,1.259
3/3,только нисходящий,2022-07-25 17:00,2022-07-27 10:00,40,0.0548,0.046
3/3,только нисходящий,2022-08-03 02:00,2022-08-03 15:00,14,0.3714,0.389
3/3,только нисходящий,2022-08-05 16:00,2022-08-08 17:00,25,0.7086,0.752
3/3,только нисходящий,2022-08-15 14:00,2022-08-17 04:00,37,0.0301,0.021
3/3,только нисходящий,2022-08-17 19:00,2022-08-18 13:00,18,0.1068,0.069
3/3,только нисходящий,2022-08-19 00:00,2022-08-23 03:00,50,0.5515,0.967
3/3,только нисходящий,2022-08-26 19:00,2022-09-02 13:00,110,0.4351,1.419
3/3,только нисходящий,2022-09-06 23:00,2022-09-07 11:00,13,0.1522,0.141
3/3,только нисходящий,2022-09-08 17:00,2022-09-09 03:00,10,0.6695,0.578
3/3,только нисходящий,2022-09-13 08:00,2022-09-13 14:00,7,0.5593,1.126
3/3,только нисходящий,2022-09-13 16:00,2022-09-14 10:00,18,0.1868,0.110
3/3,только нисходящий,2022-09-14 18:00,2022-09-16 13:00,42,0.6798,1.770
3/3,только нисходящий,2022-09-23 13:00,2022-09-26 09:00,20,0.0960,0.182
3/3,только нисходящий,2022-09-26 17:00,2022-09-27 13:00,20,0.6890,0.904
3/3,только нисходящий,2022-09-28 09:00,2022-09-28 12:00,4,0.8234,1.139
3/3,только нисходящий,2022-10-13 16:00,2022-10-17 11:00,42,0.2402,0.466
3/3,только нисходящий,2022-10-19 06:00,2022-10-20 17:00,35,0.4063,0.609
3/3,только нисходящий,2022-10-24 11:00,2022-10-25 03:00,16,0.1359,0.090
3/3,только нисходящий,2022-10-25 09:00,2022-10-25 16:00,8,0.5498,0.808
3/3,только нисходящий,2022-10-27 06:00,2022-10-28 04:00,22,0.2684,0.231
3/3,только нисходящий,2022-10-28 08:00,2022-10-28 14:00,7,0.5884,0.484
3/3,только нисходящий,2022-10-28 16:00,2022-11-01 05:00,36,0.0564,0.052
3/3,только нисходящий,2022-11-03 08:00,2022-11-04 03:00,19,0.5121,0.737
3/3,только нисходящий,2022-11-18 17:00,2022-11-22 10:00,40,0.2329,0.298
3/3,только нисходящий,2022-11-25 13:00,2022-11-28 08:00,16,0.7818,0.626
3/3,только нисходящий,2022-11-28 23:00,2022-11-30 08:00,33,0.9284,1.046
3/3,только нисходящий,2022-12-02 16:00,2022-12-05 06:00,14,0.3010,0.425
3/3,только нисходящий,2022-12-05 18:00,2022-12-06 11:00,17,0.9272,0.688
3/3,только нисходящий,2022-12-12 15:00,2022-12-13 07:00,16,0.2373,0.167
3/3,только нисходящий,2022-12-15 01:00,2022-12-15 08:00,8,0.6324,1.151
3/3,только нисходящий,2022-12-15 10:00,2022-12-16 13:00,27,0.6364,0.451
3/3,только нисходящий,2022-12-19 19:00,2022-12-20 07:00,12,0.6437,0.414
3/3,только нисходящий,2022-12-22 13:00,2022-12-27 14:00,48,0.0101,0.020
3/3,только нисходящий,2022-12-28 13:00,2022-12-29 11:00,22,0.1963,0.162
3/3,только нисходящий,2023-01-05 13:00,2023-01-06 05:00,16,0.0990,0.126
3/3,только нисходящий,2023-01-16 11:00,2023-01-18 10:00,44,0.0997,0.118
3/3,только нисходящий,2023-01-23 14:00,2023-01-24 00:00,10,0.6646,0.740
3/3,только нисходящий,2023-01-25 16:00,2023-01-25 21:00,6,0.4975,0.492
3/3,только нисходящий,2023-01-26 19:00,2023-01-27 15:00,20,0.3854,0.365
3/3,только нисходящий,2023-01-31 05:00,2023-01-31 20:00,16,0.3677,0.582
3/3,только нисходящий,2023-02-03 00:00,2023-02-07 06:00,53,0.7316,2.185
3/3,только нисходящий,2023-02-10 00:00,2023-02-10 10:00,11,0.0065,0.007
3/3,только нисходящий,2023-02-13 16:00,2023-02-14 08:00,16,0.6201,0.483
3/3,только нисходящий,2023-02-15 06:00,2023-02-16 01:00,19,0.1350,0.118
3/3,только нисходящий,2023-02-16 13:00,2023-02-16 21:00,9,0.3183,0.307
3/3,только нисходящий,2023-02-21 11:00,2023-02-22 14:00,27,0.1309,0.113
3/3,только нисходящий,2023-02-22 19:00,2023-02-27 13:00,64,0.3582,0.534
3/3,только нисходящий,2023-02-28 11:00,2023-02-28 16:00,6,0.8331,0.974
3/3,только нисходящий,2023-03-06 18:00,2023-03-09 09:00,61,0.7098,1.625
3/3,только нисходящий,2023-03-15 07:00,2023-03-15 10:00,4,0.5075,0.644
3/3,только нисходящий,2023-03-21 07:00,2023-03-22 13:00,30,0.6153,1.391
3/3,только нисходящий,2023-03-27 01:00,2023-03-28 13:00,36,0.3194,0.562
3/3,только нисходящий,2023-04-06 01:00,2023-04-11 04:00,50,0.3273,0.640
3/3,только нисходящий,2023-04-14 12:00,2023-04-17 09:00,21,0.2973,0.704
3/3,только нисходящий,2023-04-17 14:00,2023-04-18 03:00,13,0.7246,0.753
3/3,только нисходящий,2023-04-19 05:00,2023-04-20 08:00,27,0.1079,0.189
3/3,только нисходящий,2023-04-21 13:00,2023-04-24 11:00,22,0.3523,0.471
3/3,только нисходящий,2023-04-27 13:00,2023-04-28 17:00,28,0.4185,0.444
3/3,только нисходящий,2023-05-05 17:00,2023-05-08 14:00,21,0.7053,0.473
3/3,только нисходящий,2023-05-11 16:00,2023-05-12 15:00,23,0.2898,0.311
3/3,только нисходящий,2023-05-16 06:00,2023-05-19 16:00,80,0.4577,1.435
3/3,только нисходящий,2023-05-23 00:00,2023-05-24 07:00,31,0.2557,0.342
3/3,только нисходящий,2023-05-24 19:00,2023-05-29 08:00,59,0.4896,0.699
3/3,только нисходящий,2023-05-30 05:00,2023-05-30 09:00,5,0.9260,1.006
3/3,только нисходящий,2023-06-01 11:00,2023-06-01 14:00,4,0.4487,0.429
3/3,только нисходящий,2023-06-05 10:00,2023-06-05 15:00,6,0.6142,0.755
3/3,только нисходящий,2023-06-07 17:00,2023-06-08 11:00,18,0.2284,0.109
3/3,только нисходящий,2023-06-12 01:00,2023-06-13 14:00,37,0.1512,0.169
3/3,только нисходящий,2023-06-13 18:00,2023-06-16 03:00,55,0.4343,0.829
3/3,только нисходящий,2023-06-19 09:00,2023-06-20 00:00,13,0.0755,0.034
3/3,только нисходящий,2023-06-20 16:00,2023-06-23 06:00,60,0.8166,1.238
3/3,только нисходящий,2023-06-27 14:00,2023-06-29 16:00,49,0.2238,0.363
3/3,только нисходящий,2023-06-30 08:00,2023-06-30 13:00,6,0.7174,0.527
3/3,только нисходящий,2023-07-05 06:00,2023-07-05 15:00,10,0.0679,0.056
3/3,только нисходящий,2023-07-05 18:00,2023-07-06 11:00,17,0.8381,0.555
3/3,только нисходящий,2023-07-10 15:00,2023-07-10 19:00,5,0.4314,0.120
3/3,только нисходящий,2023-07-20 19:00,2023-07-25 18:00,69,0.2438,0.270
3/3,только нисходящий,2023-07-27 19:00,2023-07-28 13:00,18,0.6522,0.597
3/3,только нисходящий,2023-08-01 20:00,2023-08-02 13:00,17,0.0909,0.053
3/3,только нисходящий,2023-08-02 15:00,2023-08-03 17:00,26,0.0801,0.040
3/3,только нисходящий,2023-08-08 07:00,2023-08-11 07:00,70,0.5069,0.651
3/3,только нисходящий,2023-08-14 02:00,2023-08-14 10:00,9,0.4205,0.123
3/3,только нисходящий,2023-08-14 13:00,2023-08-18 15:00,95,0.4590,0.679
3/3,только нисходящий,2023-08-25 14:00,2023-08-28 17:00,27,0.7073,0.828
3/3,только нисходящий,2023-08-31 18:00,2023-09-01 11:00,17,0.4078,0.161
3/3,только нисходящий,2023-09-05 09:00,2023-09-06 15:00,30,0.7127,0.719
3/3,только нисходящий,2023-09-06 17:00,2023-09-07 11:00,18,0.6495,0.217
3/3,только нисходящий,2023-09-12 16:00,2023-09-13 15:00,23,0.1873,0.099
3/3,только нисходящий,2023-09-14 12:00,2023-09-15 03:00,15,0.7487,0.589
3/3,только нисходящий,2023-09-20 07:00,2023-09-20 12:00,6,0.5698,0.180
3/3,только нисходящий,2023-09-21 10:00,2023-09-22 16:00,30,0.0049,0.004
3/3,только нисходящий,2023-09-25 04:00,2023-09-25 09:00,6,0.0532,0.017
3/3,только нисходящий,2023-09-25 16:00,2023-09-28 09:00,63,0.8933,2.132
3/3,только нисходящий,2023-09-28 16:00,2023-09-29 05:00,13,0.5245,0.207
3/3,только нисходящий,2023-10-02 08:00,2023-10-06 14:00,99,0.4871,0.868
3/3,только нисходящий,2023-10-24 09:00,2023-10-25 12:00,27,0.3559,0.435
3/3,только нисходящий,2023-10-27 12:00,2023-10-27 16:00,5,0.3462,0.163
3/3,только нисходящий,2023-10-31 18:00,2023-11-02 11:00,40,0.1786,0.200
3/3,только нисходящий,2023-11-06 15:00,2023-11-09 13:00,68,0.7411,1.543
3/3,только нисходящий,2023-11-10 21:00,2023-11-13 15:00,18,0.0082,0.005
3/3,только нисходящий,2023-11-19 23:00,2023-11-20 23:00,24,0.3364,0.337
3/3,только нисходящий,2023-11-22 21:00,2023-11-24 12:00,36,0.6240,0.284
3/3,только нисходящий,2023-12-05 04:00,2023-12-07 07:00,50,0.0907,0.133
3/3,только нисходящий,2023-12-07 20:00,2023-12-08 05:00,9,0.0950,0.034
3/3,только нисходящий,2023-12-08 14:00,2023-12-12 15:00,48,0.6200,1.342
3/3,только нисходящий,2023-12-15 18:00,2023-12-18 16:00,22,0.1424,0.128
3/3,только нисходящий,2023-12-20 16:00,2023-12-21 18:00,26,0.2296,0.210
3/3,только нисходящий,2023-12-29 01:00,2024-01-02 04:00,27,0.0667,0.053
3/3,только нисходящий,2024-01-03 11:00,2024-01-05 14:00,50,0.0192,0.029
3/3,только нисходящий,2024-01-10 06:00,2024-01-10 12:00,7,0.4235,0.342
3/3,только нисходящий,2024-01-11 17:00,2024-01-12 11:00,18,0.9099,1.538
3/3,только нисходящий,2024-01-25 08:00,2024-01-25 12:00,5,0.0160,0.005
3/3,только нисходящий,2024-02-05 08:00,2024-02-06 03:00,19,0.0339,0.023
3/3,только нисходящий,2024-02-08 17:00,2024-02-09 15:00,22,0.6031,0.455
3/3,только нисходящий,2024-02-09 17:00,2024-02-12 10:00,17,0.5124,0.184
3/3,только нисходящий,2024-02-12 17:00,2024-02-13 06:00,13,0.5133,0.214
3/3,только нисходящий,2024-02-13 18:00,2024-02-14 20:00,26,0.2030,0.121
3/3,только нисходящий,2024-02-21 23:00,2024-02-22 06:00,8,0.6386,0.174
3/3,только нисходящий,2024-02-23 09:00,2024-02-23 15:00,7,0.8905,0.663
3/3,только нисходящий,2024-02-28 13:00,2024-02-28 16:00,4,0.2487,0.108
3/3,только нисходящий,2024-03-14 18:00,2024-03-15 03:00,9,0.5434,0.145
3/3,только нисходящий,2024-03-18 02:00,2024-03-20 06:00,51,0.5216,0.424
3/3,только нисходящий,2024-03-21 18:00,2024-03-22 15:00,21,0.7137,0.768
3/3,только нисходящий,2024-04-03 11:00,2024-04-03 17:00,7,0.7062,0.935
3/3,только нисходящий,2024-04-05 01:00,2024-04-05 15:00,15,0.8956,2.394
3/3,только нисходящий,2024-04-08 17:00,2024-04-09 03:00,10,0.2871,0.257
3/3,только нисходящий,2024-04-10 16:00,2024-04-11 16:00,24,0.4990,0.536
3/3,только нисходящий,2024-04-16 10:00,2024-04-16 18:00,9,0.6371,0.937
3/3,только нисходящий,2024-04-17 18:00,2024-04-19 00:00,29,0.1334,0.214
3/3,только нисходящий,2024-04-22 11:00,2024-04-23 16:00,29,0.1780,0.503
3/3,только нисходящий,2024-04-29 04:00,2024-04-29 11:00,8,0.2582,0.188
3/3,только нисходящий,2024-04-30 07:00,2024-05-03 14:00,77,0.5153,1.136
3/3,только нисходящий,2024-05-07 11:00,2024-05-08 07:00,20,0.3663,0.292
3/3,только нисходящий,2024-05-13 14:00,2024-05-14 12:00,22,0.2467,0.192
3/3,только нисходящий,2024-05-16 17:00,2024-05-17 09:00,16,0.0782,0.045
3/3,только нисходящий,2024-05-21 06:00,2024-05-21 17:00,12,0.3699,0.389
3/3,только нисходящий,2024-05-22 03:00,2024-05-24 05:00,49,0.8021,3.129
3/3,только нисходящий,2024-05-28 11:00,2024-05-28 15:00,5,0.6268,0.549
3/3,только нисходящий,2024-05-29 07:00,2024-05-30 16:00,33,0.0787,0.112
3/3,только нисходящий,2024-06-02 23:00,2024-06-03 13:00,15,0.3494,0.331
3/3,только нисходящий,2024-06-04 17:00,2024-06-05 13:00,20,0.7616,0.725
3/3,только нисходящий,2024-06-10 00:00,2024-06-10 11:00,12,0.4589,0.352
3/3,только нисходящий,2024-06-13 15:00,2024-06-14 04:00,13,0.3255,0.305
3/3,только нисходящий,2024-06-17 09:00,2024-06-18 19:00,34,0.3466,0.396
3/3,только нисходящий,2024-06-23 23:00,2024-06-24 15:00,17,0.5212,0.363
3/3,только нисходящий,2024-06-25 16:00,2024-06-27 06:00,37,0.5308,0.720
3/3,только нисходящий,2024-06-28 04:00,2024-06-28 09:00,6,0.7472,0.394
3/3,только нисходящий,2024-07-08 18:00,2024-07-10 12:00,41,0.6556,0.901
3/3,только нисходящий,2024-07-22 13:00,2024-07-23 03:00,14,0.2782,0.234
3/3,только нисходящий,2024-07-25 06:00,2024-07-25 12:00,7,0.0468,0.039
3/3,только нисходящий,2024-07-25 17:00,2024-07-26 14:00,21,0.6830,1.091
3/3,только нисходящий,2024-08-01 12:00,2024-08-01 16:00,5,0.2838,0.254
3/3,только нисходящий,2024-08-05 11:00,2024-08-06 02:00,15,0.3843,0.870
3/3,только нисходящий,2024-08-14 16:00,2024-08-16 10:00,41,0.5381,0.835
3/3,только нисходящий,2024-08-21 17:00,2024-08-23 17:00,47,0.0276,0.053
3/3,только нисходящий,2024-08-27 07:00,2024-08-27 17:00,11,0.8318,0.604
3/3,только нисходящий,2024-08-30 20:00,2024-09-02 10:00,14,0.2403,0.165
3/3,только нисходящий,2024-09-03 11:00,2024-09-04 16:00,29,0.2338,0.285
3/3,только нисходящий,2024-09-06 19:00,2024-09-09 18:00,23,0.4195,0.353
3/3,только нисходящий,2024-09-11 17:00,2024-09-12 08:00,15,0.2206,0.110
3/3,только нисходящий,2024-09-17 18:00,2024-09-18 13:00,19,0.1078,0.063
3/3,только нисходящий,2024-09-27 16:00,2024-10-01 08:00,39,0.1268,0.197
3/3,только нисходящий,2024-10-08 02:00,2024-10-08 14:00,13,0.4372,0.556
3/3,только нисходящий,2024-10-08 16:00,2024-10-10 11:00,42,0.2118,0.156
3/3,только нисходящий,2024-10-15 08:00,2024-10-15 18:00,11,0.4781,0.420
3/3,только нисходящий,2024-10-21 23:00,2024-10-22 23:00,24,0.8801,0.921
3/3,только нисходящий,2024-10-23 18:00,2024-10-25 13:00,42,0.4378,0.504
3/3,только нисходящий,2024-10-31 18:00,2024-11-01 04:00,10,0.3984,0.196
3/3,только нисходящий,2024-11-05 02:00,2024-11-05 11:00,10,0.6493,0.483
3/3,только нисходящий,2024-11-06 09:00,2024-11-13 15:00,122,0.8588,4.378
3/3,только нисходящий,2024-11-13 17:00,2024-11-15 17:00,47,0.4075,0.789
3/3,только нисходящий,2024-11-25 08:00,2024-11-26 15:00,31,0.5087,1.590
3/3,только нисходящий,2024-11-29 19:00,2024-12-03 08:00,34,0.1675,0.197
3/3,только нисходящий,2024-12-05 14:00,2024-12-06 04:00,14,0.0504,0.071
3/3,только нисходящий,2024-12-12 18:00,2024-12-16 08:00,37,0.5311,0.975
3/3,только нисходящий,2024-12-17 09:00,2024-12-19 12:00,50,0.4926,1.266
3/3,только нисходящий,2024-12-23 15:00,2024-12-26 00:00,29,0.7880,0.446
3/3,только нисходящий,2024-12-27 17:00,2024-12-31 08:00,38,0.0230,0.028
3/3,только нисходящий,2025-01-03 19:00,2025-01-06 13:00,18,0.5462,0.574
3/3,только нисходящий,2025-01-13 10:00,2025-01-15 00:00,37,0.2388,0.252
3/3,только нисходящий,2025-01-17 13:00,2025-01-21 00:00,32,0.0187,0.019
3/3,только нисходящий,2025-01-23 12:00,2025-01-23 19:00,8,0.4074,0.342
3/3,только нисходящий,2025-01-27 01:00,2025-01-28 12:00,35,0.4140,0.632
3/3,только нисходящий,2025-02-03 06:00,2025-02-03 16:00,11,0.5728,0.982
3/3,только нисходящий,2025-02-06 14:00,2025-02-07 05:00,15,0.5593,0.714
3/3,только нисходящий,2025-02-11 16:00,2025-02-12 19:00,27,0.1003,0.155
3/3,только нисходящий,2025-02-17 00:00,2025-02-17 11:00,12,0.6416,0.602
3/3,только нисходящий,2025-02-21 08:00,2025-02-24 05:00,21,0.4592,0.439
3/3,только нисходящий,2025-02-25 13:00,2025-02-27 01:00,35,0.4383,0.847
3/3,только нисходящий,2025-02-27 14:00,2025-03-03 01:00,34,0.0241,0.050
3/3,только нисходящий,2025-03-06 07:00,2025-03-07 11:00,28,0.2721,0.299
3/3,только нисходящий,2025-03-10 08:00,2025-03-11 08:00,24,0.3416,0.417
3/3,только нисходящий,2025-03-21 13:00,2025-03-24 12:00,23,0.4682,0.584
3/3,только нисходящий,2025-04-01 19:00,2025-04-02 18:00,23,0.1036,0.097
3/3,только нисходящий,2025-04-03 16:00,2025-04-04 13:00,21,0.5917,1.469
3/3,только нисходящий,2025-04-04 15:00,2025-04-07 03:00,12,0.0341,0.098
3/3,только нисходящий,2025-04-07 15:00,2025-04-08 15:00,24,0.2117,0.469
3/3,только нисходящий,2025-04-14 16:00,2025-04-15 04:00,12,0.6930,0.755
3/3,только нисходящий,2025-04-17 14:00,2025-04-20 23:00,9,0.8199,1.725
3/3,только нисходящий,2025-04-23 01:00,2025-04-24 03:00,26,0.4116,1.542
3/3,только нисходящий,2025-04-25 09:00,2025-04-28 13:00,28,0.0163,0.033
3/3,только нисходящий,2025-04-30 08:00,2025-04-30 15:00,8,0.4461,0.718
3/3,только нисходящий,2025-05-01 00:00,2025-05-02 01:00,25,0.1350,0.310
3/3,только нисходящий,2025-05-07 23:00,2025-05-08 04:00,6,0.1275,0.170
3/3,только нисходящий,2025-05-08 06:00,2025-05-09 09:00,27,0.0498,0.142
3/3,только нисходящий,2025-05-12 04:00,2025-05-13 05:00,25,0.2933,0.680
3/3,только нисходящий,2025-05-14 12:00,2025-05-15 14:00,26,0.2030,0.649
3/3,только нисходящий,2025-05-16 14:00,2025-05-19 02:00,12,0.6585,1.742
3/3,только нисходящий,2025-05-20 02:00,2025-05-20 12:00,11,0.7777,1.125
3/3,только нисходящий,2025-05-27 06:00,2025-05-28 08:00,26,0.3028,0.396
3/3,только нисходящий,2025-05-28 23:00,2025-05-29 10:00,12,0.6640,1.128
3/3,только нисходящий,2025-06-05 18:00,2025-06-09 16:00,45,0.1927,0.472
3/3,только нисходящий,2025-06-16 13:00,2025-06-18 06:00,40,0.1120,0.172
3/3,только нисходящий,2025-06-18 19:00,2025-06-20 15:00,41,0.0623,0.088
3/3,только нисходящий,2025-06-23 04:00,2025-06-23 18:00,15,0.4316,0.599
3/3,только нисходящий,2025-06-24 06:00,2025-06-25 09:00,27,0.0573,0.072
3/3,только нисходящий,2025-06-26 16:00,2025-06-30 09:00,40,0.4719,1.305
3/3,только нисходящий,2025-07-03 12:00,2025-07-04 03:00,15,0.3411,0.418
3/3,только нисходящий,2025-07-07 13:00,2025-07-08 00:00,11,0.4445,0.532
3/3,только нисходящий,2025-07-08 13:00,2025-07-09 20:00,31,0.0349,0.049
3/3,только нисходящий,2025-07-14 17:00,2025-07-16 17:00,47,0.0635,0.110
3/3,только нисходящий,2025-07-23 19:00,2025-07-28 08:00,59,0.7518,1.597
3/3,только нисходящий,2025-07-28 13:00,2025-07-29 03:00,14,0.3577,0.314
3/3,только нисходящий,2025-07-30 23:00,2025-08-01 11:00,36,0.4050,0.459
3/3,только нисходящий,2025-08-11 06:00,2025-08-12 09:00,27,0.5603,0.604
3/3,только нисходящий,2025-08-14 07:00,2025-08-18 03:00,43,0.0250,0.032
3/3,только нисходящий,2025-08-19 20:00,2025-08-20 16:00,20,0.7642,0.892
3/3,только нисходящий,2025-08-22 04:00,2025-08-22 13:00,10,0.3699,0.165
3/3,только нисходящий,2025-09-11 03:00,2025-09-12 01:00,22,0.4098,0.394
3/3,только нисходящий,2025-09-17 07:00,2025-09-18 11:00,28,0.0023,0.005
3/3,только нисходящий,2025-09-24 17:00,2025-09-25 10:00,17,0.5427,0.642
3/3,только нисходящий,2025-09-30 12:00,2025-10-01 04:00,16,0.6833,1.192
3/3,только нисходящий,2025-10-07 11:00,2025-10-07 20:00,10,0.4984,0.436
3/3,только нисходящий,2025-10-09 02:00,2025-10-10 11:00,33,0.2782,0.787
3/3,только нисходящий,2025-10-17 20:00,2025-10-20 11:00,15,0.4147,0.590
3/3,только нисходящий,2025-10-21 17:00,2025-10-22 08:00,15,0.2580,0.987
3/3,только нисходящий,2025-10-24 14:00,2025-10-28 03:00,36,0.7449,3.025
3/3,только нисходящий,2025-10-28 06:00,2025-10-29 02:00,20,0.1954,0.476
3/3,только нисходящий,2025-10-31 19:00,2025-11-03 17:00,21,0.0700,0.120
3/3,только нисходящий,2025-11-04 01:00,2025-11-05 18:00,41,0.0707,0.128
3/3,только нисходящий,2025-11-11 18:00,2025-11-12 14:00,20,0.4876,0.553
3/3,только нисходящий,2025-11-13 21:00,2025-11-19 05:00,77,0.3566,1.825
3/3,только нисходящий,2025-12-02 09:00,2025-12-03 16:00,31,0.1128,0.209
3/3,только нисходящий,2025-12-04 05:00,2025-12-04 18:00,14,0.6019,0.645
3/3,только нисходящий,2025-12-05 21:00,2025-12-09 11:00,37,0.0906,0.106
3/3,только нисходящий,2025-12-29 06:00,2025-12-31 16:00,57,0.6419,3.395
3/3,только нисходящий,2026-01-08 05:00,2026-01-09 01:00,20,0.5994,0.974
3/3,только нисходящий,2026-01-16 15:00,2026-01-16 21:00,7,0.2981,0.547
3/3,только нисходящий,2026-01-21 23:00,2026-01-22 14:00,16,0.7525,1.190
3/3,только нисходящий,2026-01-27 01:00,2026-01-27 18:00,18,0.3308,0.553
3/3,только нисходящий,2026-01-29 18:00,2026-02-03 03:00,55,0.5047,9.914
3/3,только нисходящий,2026-02-05 02:00,2026-02-06 20:00,42,0.4463,2.932
3/3,только нисходящий,2026-02-12 19:00,2026-02-13 16:00,21,0.4286,1.260
3/3,только нисходящий,2026-02-17 04:00,2026-02-18 03:00,23,0.2730,0.650
3/3,только нисходящий,2026-03-03 18:00,2026-03-04 14:00,20,0.0896,0.221
3/3,только нисходящий,2026-03-05 16:00,2026-03-06 17:00,25,0.5230,1.246
3/3,только нисходящий,2026-03-11 16:00,2026-03-12 08:00,16,0.0382,0.047
3/3,только нисходящий,2026-03-13 00:00,2026-03-16 16:00,40,0.7657,2.406
3/3,только нисходящий,2026-03-18 03:00,2026-03-18 08:00,6,0.1004,0.079
3/3,только нисходящий,2026-03-18 11:00,2026-03-24 19:00,101,0.6056,10.748
3/3,только нисходящий,2026-03-26 11:00,2026-03-27 14:00,27,0.5294,1.955
3/3,только нисходящий,2026-04-02 04:00,2026-04-06 11:00,31,0.0346,0.113
3/3,только нисходящий,2026-04-07 02:00,2026-04-07 11:00,10,0.1259,0.202
3/3,только нисходящий,2026-04-13 02:00,2026-04-13 19:00,18,0.4171,0.439
3/3,только нисходящий,2026-04-21 14:00,2026-04-23 14:00,47,0.0466,0.112
3/3,только нисходящий,2026-04-28 05:00,2026-04-30 03:00,45,0.4831,1.648
3/3,только нисходящий,2026-05-01 12:00,2026-05-01 16:00,5,0.5543,1.032
3/3,только нисходящий,2026-05-04 15:00,2026-05-05 16:00,25,0.4612,0.873
3/3,только нисходящий,2026-05-11 03:00,2026-05-11 12:00,10,0.4004,0.455
3/3,только нисходящий,2026-05-14 19:00,2026-05-18 15:00,43,0.5775,2.378
3/3,только нисходящий,2026-05-19 13:00,2026-05-20 13:00,24,0.2480,0.464
3/3,только нисходящий,2026-05-26 15:00,2026-05-28 15:00,47,0.1491,0.536
3/3,только нисходящий,2026-06-01 13:00,2026-06-02 03:00,14,0.8673,1.094
3/3,только нисходящий,2026-06-03 05:00,2026-06-04 06:00,25,0.1781,0.240
3/3,только нисходящий,2026-06-05 12:00,2026-06-09 07:00,42,0.3846,1.810
3/3,только нисходящий,2026-06-09 17:00,2026-06-11 17:00,47,0.4441,2.609
3/3,ни одного,2017-07-26 03:00,2017-07-27 18:00,39,0.6328,1.093
3/3,ни одного,2017-07-28 12:00,2017-07-31 00:00,12,0.4945,0.459
3/3,ни одного,2017-08-08 14:00,2017-08-08 17:00,4,0.2680,0.235
3/3,ни одного,2017-08-16 17:00,2017-08-17 03:00,10,0.7220,0.836
3/3,ни одного,2017-08-25 13:00,2017-08-28 08:00,19,0.7004,1.263
3/3,ни одного,2017-08-31 14:00,2017-08-31 22:00,8,0.3240,0.310
3/3,ни одного,2017-09-05 18:00,2017-09-05 22:00,4,0.3034,0.145
3/3,ни одного,2017-09-06 16:00,2017-09-06 20:00,5,0.0953,0.062
3/3,ни одного,2017-09-07 09:00,2017-09-07 17:00,9,0.5589,0.473
3/3,ни одного,2017-09-10 22:00,2017-09-11 01:00,4,0.1296,0.124
3/3,ни одного,2017-09-14 22:00,2017-09-15 01:00,4,0.4399,0.186
3/3,ни одного,2017-09-20 18:00,2017-09-21 02:00,8,0.0617,0.097
3/3,ни одного,2017-09-26 07:00,2017-09-26 14:00,8,0.4518,0.383
3/3,ни одного,2017-10-05 17:00,2017-10-05 23:00,6,0.3059,0.148
3/3,ни одного,2017-10-16 17:00,2017-10-16 22:00,5,0.3732,0.375
3/3,ни одного,2017-10-19 10:00,2017-10-19 17:00,8,0.3587,0.169
3/3,ни одного,2017-10-23 15:00,2017-10-23 22:00,7,0.3441,0.265
3/3,ни одного,2017-10-24 14:00,2017-10-25 05:00,15,0.0185,0.014
3/3,ни одного,2017-10-31 10:00,2017-10-31 16:00,7,0.4501,0.281
3/3,ни одного,2017-11-01 06:00,2017-11-01 12:00,7,0.0359,0.024
3/3,ни одного,2017-11-06 11:00,2017-11-06 19:00,9,0.6743,0.661
3/3,ни одного,2017-11-10 07:00,2017-11-10 10:00,4,0.2795,0.070
3/3,ни одного,2017-11-17 01:00,2017-11-17 04:00,4,0.1298,0.045
3/3,ни одного,2017-11-20 14:00,2017-11-20 20:00,7,0.5939,0.715
3/3,ни одного,2017-11-27 10:00,2017-11-27 16:00,7,0.2080,0.115
3/3,ни одного,2017-12-11 18:00,2017-12-11 23:00,5,0.3932,0.161
3/3,ни одного,2017-12-19 16:00,2017-12-19 20:00,5,0.4703,0.121
3/3,ни одного,2018-01-10 10:00,2018-01-10 13:00,4,0.1146,0.118
3/3,ни одного,2018-02-02 11:00,2018-02-02 17:00,7,0.5141,0.749
3/3,ни одного,2018-02-05 10:00,2018-02-05 13:00,4,0.0396,0.011
3/3,ни одного,2018-02-06 13:00,2018-02-06 23:00,10,0.4904,0.648
3/3,ни одного,2018-02-08 16:00,2018-02-08 19:00,4,0.1236,0.077
3/3,ни одного,2018-02-26 01:00,2018-02-26 09:00,9,0.5083,0.482
3/3,ни одного,2018-02-27 13:00,2018-02-27 19:00,7,0.5404,0.776
3/3,ни одного,2018-03-02 13:00,2018-03-02 16:00,4,0.8625,0.521
3/3,ни одного,2018-03-05 13:00,2018-03-05 21:00,9,0.2274,0.107
3/3,ни одного,2018-03-06 11:00,2018-03-06 18:00,8,0.4771,0.521
3/3,ни одного,2018-03-07 15:00,2018-03-07 21:00,7,0.1613,0.114
3/3,ни одного,2018-03-15 12:00,2018-03-15 20:00,9,0.3749,0.242
3/3,ни одного,2018-03-19 15:00,2018-03-19 18:00,4,0.0011,0.001
3/3,ни одного,2018-03-20 10:00,2018-03-20 16:00,7,0.4732,0.231
3/3,ни одного,2018-03-21 06:00,2018-03-21 10:00,5,0.2004,0.077
3/3,ни одного,2018-03-27 10:00,2018-03-27 15:00,6,0.5854,0.413
3/3,ни одного,2018-04-02 01:00,2018-04-02 04:00,4,0.1044,0.029
3/3,ни одного,2018-04-03 13:00,2018-04-03 16:00,4,0.0076,0.006
3/3,ни одного,2018-04-04 07:00,2018-04-04 14:00,8,0.2583,0.271
3/3,ни одного,2018-04-09 17:00,2018-04-09 20:00,4,0.1458,0.031
3/3,ни одного,2018-04-12 11:00,2018-04-12 17:00,7,0.6078,0.538
3/3,ни одного,2018-04-18 11:00,2018-04-18 15:00,5,0.1085,0.061
3/3,ни одного,2018-04-27 10:00,2018-04-27 16:00,7,0.3060,0.162
3/3,ни одного,2018-05-04 08:00,2018-05-04 11:00,4,0.7473,0.195
3/3,ни одного,2018-05-10 11:00,2018-05-10 14:00,4,0.0347,0.020
3/3,ни одного,2018-05-21 06:00,2018-05-21 09:00,4,0.2393,0.097
3/3,ни одного,2018-06-04 11:00,2018-06-04 15:00,5,0.5108,0.201
3/3,ни одного,2018-06-13 15:00,2018-06-13 20:00,6,0.2048,0.135
3/3,ни одного,2018-06-19 01:00,2018-06-19 06:00,6,0.5633,0.216
3/3,ни одного,2018-06-19 11:00,2018-06-19 14:00,4,0.1653,0.115
3/3,ни одного,2018-07-05 09:00,2018-07-05 12:00,4,0.7529,0.298
3/3,ни одного,2018-07-10 08:00,2018-07-10 13:00,6,0.0607,0.047
3/3,ни одного,2018-07-17 06:00,2018-07-17 11:00,6,0.5488,0.231
3/3,ни одного,2018-07-17 13:00,2018-07-17 16:00,4,0.3814,0.411
3/3,ни одного,2018-08-03 11:00,2018-08-03 16:00,6,0.3626,0.338
3/3,ни одного,2018-08-06 10:00,2018-08-06 14:00,5,0.1470,0.062
3/3,ни одного,2018-08-07 08:00,2018-08-07 12:00,5,0.0717,0.035
3/3,ни одного,2018-08-13 03:00,2018-08-13 13:00,11,0.5314,0.660
3/3,ни одного,2018-08-23 01:00,2018-08-23 09:00,9,0.5365,0.336
3/3,ни одного,2018-08-24 13:00,2018-08-24 17:00,5,0.6296,0.815
3/3,ни одного,2018-08-28 17:00,2018-08-28 22:00,5,0.3198,0.239
3/3,ни одного,2018-09-07 12:00,2018-09-07 15:00,4,0.2878,0.211
3/3,ни одного,2018-09-21 12:00,2018-09-21 15:00,4,0.0141,0.016
3/3,ни одного,2018-09-24 13:00,2018-09-24 16:00,4,0.2309,0.121
3/3,ни одного,2018-10-03 16:00,2018-10-03 23:00,7,0.1729,0.055
3/3,ни одного,2018-10-10 19:00,2018-10-11 02:00,7,0.0338,0.011
3/3,ни одного,2018-10-23 06:00,2018-10-23 14:00,9,0.1682,0.217
3/3,ни одного,2018-10-24 11:00,2018-10-24 14:00,4,0.3345,0.211
3/3,ни одного,2018-10-25 00:00,2018-10-25 03:00,4,0.6290,0.144
3/3,ни одного,2018-11-01 06:00,2018-11-01 19:00,14,0.5679,0.914
3/3,ни одного,2018-11-21 08:00,2018-11-21 11:00,4,0.2567,0.069
3/3,ни одного,2018-11-23 07:00,2018-11-23 15:00,9,0.2201,0.108
3/3,ни одного,2018-11-26 07:00,2018-11-26 10:00,4,0.3675,0.088
3/3,ни одного,2018-11-30 09:00,2018-11-30 16:00,8,0.1649,0.106
3/3,ни одного,2018-12-03 05:00,2018-12-03 09:00,5,0.6403,0.389
3/3,ни одного,2018-12-05 03:00,2018-12-05 10:00,8,0.1910,0.055
3/3,ни одного,2018-12-10 10:00,2018-12-10 21:00,12,0.3501,0.176
3/3,ни одного,2018-12-17 10:00,2018-12-17 20:00,11,0.6481,0.517
3/3,ни одного,2018-12-19 20:00,2018-12-20 00:00,4,0.8135,0.214
3/3,ни одного,2018-12-20 09:00,2018-12-20 21:00,13,0.1728,0.236
3/3,ни одного,2018-12-27 13:00,2018-12-27 20:00,8,0.0855,0.055
3/3,ни одного,2019-01-22 08:00,2019-01-22 11:00,4,0.5004,0.147
3/3,ни одного,2019-01-23 13:00,2019-01-23 16:00,4,0.6166,0.334
3/3,ни одного,2019-02-08 12:00,2019-02-08 16:00,5,0.1431,0.039
3/3,ни одного,2019-02-11 09:00,2019-02-11 16:00,8,0.3594,0.183
3/3,ни одного,2019-02-22 14:00,2019-02-22 19:00,6,0.2370,0.099
3/3,ни одного,2019-02-28 08:00,2019-02-28 13:00,6,0.3706,0.198
3/3,ни одного,2019-03-14 09:00,2019-03-14 15:00,7,0.1792,0.127
3/3,ни одного,2019-03-15 05:00,2019-03-15 16:00,12,0.4014,0.266
3/3,ни одного,2019-03-29 12:00,2019-03-29 15:00,4,0.3058,0.153
3/3,ни одного,2019-04-02 18:00,2019-04-03 02:00,8,0.3804,0.091
3/3,ни одного,2019-04-04 12:00,2019-04-04 15:00,4,0.3572,0.239
3/3,ни одного,2019-04-11 12:00,2019-04-11 19:00,8,0.3557,0.310
3/3,ни одного,2019-04-22 14:00,2019-04-22 18:00,5,0.0074,0.001
3/3,ни одного,2019-05-06 12:00,2019-05-06 15:00,4,0.6397,0.213
3/3,ни одного,2019-05-13 04:00,2019-05-13 09:00,6,0.1678,0.040
3/3,ни одного,2019-05-13 12:00,2019-05-13 19:00,8,0.4277,0.605
3/3,ни одного,2019-05-16 12:00,2019-05-16 17:00,6,0.4339,0.363
3/3,ни одного,2019-05-17 15:00,2019-05-17 19:00,5,0.3011,0.080
3/3,ни одного,2019-05-24 10:00,2019-05-24 15:00,6,0.5734,0.171
3/3,ни одного,2019-05-28 01:00,2019-05-28 06:00,6,0.0750,0.014
3/3,ни одного,2019-05-29 06:00,2019-05-29 10:00,5,0.1742,0.060
3/3,ни одного,2019-05-30 05:00,2019-05-30 09:00,5,0.1657,0.044
3/3,ни одного,2019-06-10 05:00,2019-06-10 10:00,6,0.2959,0.090
3/3,ни одного,2019-06-12 02:00,2019-06-12 10:00,9,0.2794,0.204
3/3,ни одного,2019-06-18 05:00,2019-06-18 08:00,4,0.0453,0.021
3/3,ни одного,2019-07-02 15:00,2019-07-03 03:00,12,0.4677,1.465
3/3,ни одного,2019-07-11 13:00,2019-07-11 23:00,10,0.6205,0.725
3/3,ни одного,2019-07-17 13:00,2019-07-18 00:00,11,0.6372,1.119
3/3,ни одного,2019-07-23 00:00,2019-07-23 16:00,17,0.0985,0.110
3/3,ни одного,2019-07-25 13:00,2019-07-25 19:00,7,0.1912,0.202
3/3,ни одного,2019-07-31 16:00,2019-08-01 03:00,11,0.5361,1.000
3/3,ни одного,2019-08-01 17:00,2019-08-02 00:00,7,0.1047,0.232
3/3,ни одного,2019-08-20 08:00,2019-08-20 13:00,6,0.2732,0.167
3/3,ни одного,2019-09-13 15:00,2019-09-13 20:00,6,0.1900,0.143
3/3,ни одного,2019-09-17 15:00,2019-09-17 18:00,4,0.4254,0.155
3/3,ни одного,2019-09-25 14:00,2019-09-25 18:00,5,0.4508,0.890
3/3,ни одного,2019-10-01 14:00,2019-10-01 18:00,5,0.1837,0.283
3/3,ни одного,2019-10-04 12:00,2019-10-07 15:00,27,0.1022,0.137
3/3,ни одного,2019-10-10 13:00,2019-10-10 16:00,4,0.0445,0.038
3/3,ни одного,2019-10-11 07:00,2019-10-11 10:00,4,0.7439,0.528
3/3,ни одного,2019-10-11 12:00,2019-10-11 16:00,5,0.0559,0.052
3/3,ни одного,2019-10-15 01:00,2019-10-15 05:00,5,0.8185,0.236
3/3,ни одного,2019-10-18 09:00,2019-10-18 13:00,5,0.2367,0.133
3/3,ни одного,2019-10-24 13:00,2019-10-24 16:00,4,0.1899,0.136
3/3,ни одного,2019-10-29 11:00,2019-10-29 15:00,5,0.4831,0.290
3/3,ни одного,2019-10-30 10:00,2019-10-30 16:00,7,0.1627,0.068
3/3,ни одного,2019-11-07 09:00,2019-11-07 13:00,5,0.1637,0.068
3/3,ни одного,2019-11-22 09:00,2019-11-22 12:00,4,0.2094,0.088
3/3,ни одного,2019-11-27 13:00,2019-11-27 18:00,6,0.1593,0.062
3/3,ни одного,2019-12-10 09:00,2019-12-10 16:00,8,0.0856,0.040
3/3,ни одного,2019-12-12 14:00,2019-12-12 17:00,4,0.0460,0.069
3/3,ни одного,2020-01-06 15:00,2020-01-06 18:00,4,0.1672,0.142
3/3,ни одного,2020-01-07 23:00,2020-01-08 02:00,4,0.2543,0.600
3/3,ни одного,2020-01-10 15:00,2020-01-13 11:00,20,0.3444,0.367
3/3,ни одного,2020-01-21 10:00,2020-01-21 16:00,7,0.2069,0.165
3/3,ни одного,2020-01-30 00:00,2020-01-30 10:00,11,0.2846,0.126
3/3,ни одного,2020-02-06 09:00,2020-02-06 16:00,8,0.3555,0.212
3/3,ни одного,2020-03-11 16:00,2020-03-11 22:00,6,0.3668,0.396
3/3,ни одного,2020-03-18 07:00,2020-03-18 11:00,5,0.5857,1.267
3/3,ни одного,2020-03-20 07:00,2020-03-20 10:00,4,0.0010,0.001
3/3,ни одного,2020-04-15 06:00,2020-04-15 09:00,4,0.1054,0.123
3/3,ни одного,2020-04-16 10:00,2020-04-16 14:00,5,0.3045,0.374
3/3,ни одного,2020-04-20 13:00,2020-04-20 18:00,6,0.0077,0.010
3/3,ни одного,2020-04-21 09:00,2020-04-21 13:00,5,0.0151,0.029
3/3,ни одного,2020-04-22 08:00,2020-04-22 19:00,12,0.8195,1.271
3/3,ни одного,2020-04-30 13:00,2020-04-30 20:00,8,0.6151,0.996
3/3,ни одного,2020-05-01 16:00,2020-05-03 22:00,6,0.2963,0.252
3/3,ни одного,2020-05-22 07:00,2020-05-22 10:00,4,0.1245,0.052
3/3,ни одного,2020-05-26 09:00,2020-05-26 14:00,6,0.4916,0.531
3/3,ни одного,2020-06-04 10:00,2020-06-04 14:00,5,0.3205,0.334
3/3,ни одного,2020-06-05 12:00,2020-06-05 16:00,5,0.1485,0.311
3/3,ни одного,2020-06-08 04:00,2020-06-08 10:00,7,0.6212,0.385
3/3,ни одного,2020-07-10 10:00,2020-07-10 14:00,5,0.6071,0.315
3/3,ни одного,2020-07-14 14:00,2020-07-14 22:00,8,0.0391,0.023
3/3,ни одного,2020-07-17 10:00,2020-07-17 18:00,9,0.6993,0.341
3/3,ни одного,2020-08-07 14:00,2020-08-07 19:00,6,0.2589,0.395
3/3,ни одного,2020-08-10 13:00,2020-08-10 16:00,4,0.7339,0.811
3/3,ни одного,2020-09-16 07:00,2020-09-16 10:00,4,0.1727,0.070
3/3,ни одного,2020-09-17 01:00,2020-09-17 05:00,5,0.1212,0.136
3/3,ни одного,2020-10-14 11:00,2020-10-14 15:00,5,0.1936,0.151
3/3,ни одного,2020-10-30 12:00,2020-10-30 15:00,4,0.5361,0.425
3/3,ни одного,2020-11-09 11:00,2020-11-09 18:00,8,0.7135,3.987
3/3,ни одного,2020-11-23 10:00,2020-11-23 18:00,9,0.6736,1.401
3/3,ни одного,2020-12-07 14:00,2020-12-07 18:00,5,0.1764,0.290
3/3,ни одного,2021-01-06 12:00,2021-01-06 18:00,7,0.4715,1.164
3/3,ни одного,2021-01-12 05:00,2021-01-12 12:00,8,0.1122,0.086
3/3,ни одного,2021-01-28 13:00,2021-01-28 17:00,5,0.6652,0.952
3/3,ни одного,2021-02-02 05:00,2021-02-05 19:00,84,0.6411,2.497
3/3,ни одного,2021-03-03 11:00,2021-03-03 17:00,7,0.2820,0.406
3/3,ни одного,2021-04-22 08:00,2021-04-22 18:00,11,0.4808,0.400
3/3,ни одного,2021-04-23 12:00,2021-04-23 15:00,4,0.6593,0.953
3/3,ни одного,2021-05-18 13:00,2021-05-18 16:00,4,0.3392,0.186
3/3,ни одного,2021-05-27 05:00,2021-05-27 08:00,4,0.5669,0.284
3/3,ни одного,2021-06-07 05:00,2021-06-07 09:00,5,0.1509,0.046
3/3,ни одного,2021-06-07 19:00,2021-06-08 03:00,8,0.4932,0.202
3/3,ни одного,2021-06-11 11:00,2021-06-14 00:00,13,0.8662,0.971
3/3,ни одного,2021-06-14 02:00,2021-06-14 14:00,13,0.0077,0.010
3/3,ни одного,2021-06-18 07:00,2021-06-18 11:00,5,0.0694,0.053
3/3,ни одного,2021-07-12 13:00,2021-07-13 04:00,15,0.8194,0.969
3/3,ни одного,2021-07-30 12:00,2021-07-30 20:00,9,0.4438,0.477
3/3,ни одного,2021-08-11 11:00,2021-08-11 19:00,9,0.7723,0.871
3/3,ни одного,2021-08-30 15:00,2021-08-30 20:00,6,0.0164,0.004
3/3,ни одного,2021-08-31 03:00,2021-08-31 08:00,6,0.1210,0.044
3/3,ни одного,2021-09-06 10:00,2021-09-06 16:00,7,0.2086,0.039
3/3,ни одного,2021-09-14 11:00,2021-09-14 14:00,4,0.7285,1.119
3/3,ни одного,2021-09-20 12:00,2021-09-20 16:00,5,0.1200,0.086
3/3,ни одного,2021-09-27 01:00,2021-09-27 04:00,4,0.0098,0.004
3/3,ни одного,2021-09-29 14:00,2021-09-29 19:00,6,0.1565,0.147
3/3,ни одного,2021-09-30 14:00,2021-09-30 17:00,4,0.0626,0.079
3/3,ни одного,2021-10-05 03:00,2021-10-05 08:00,6,0.6181,0.239
3/3,ни одного,2021-10-15 06:00,2021-10-15 14:00,9,0.5836,0.930
3/3,ни одного,2021-10-19 03:00,2021-10-19 10:00,8,0.3876,0.210
3/3,ни одного,2021-10-26 13:00,2021-10-26 16:00,4,0.1101,0.114
3/3,ни одного,2021-11-01 13:00,2021-11-01 16:00,4,0.0232,0.013
3/3,ни одного,2021-11-04 11:00,2021-11-04 16:00,6,0.5562,0.647
3/3,ни одного,2021-11-12 10:00,2021-11-12 13:00,4,0.6158,0.445
3/3,ни одного,2021-11-16 16:00,2021-11-16 20:00,5,0.3885,0.246
3/3,ни одного,2021-11-17 14:00,2021-11-19 12:00,45,0.3010,0.312
3/3,ни одного,2021-12-03 16:00,2021-12-05 23:00,7,0.1365,0.125
3/3,ни одного,2021-12-10 13:00,2021-12-10 16:00,4,0.0262,0.025
3/3,ни одного,2021-12-15 20:00,2021-12-16 04:00,8,0.2441,0.216
3/3,ни одного,2021-12-22 12:00,2021-12-22 23:00,11,0.6360,0.572
3/3,ни одного,2021-12-30 16:00,2021-12-31 03:00,11,0.2903,0.195
3/3,ни одного,2022-01-03 13:00,2022-01-03 18:00,6,0.2311,0.303
3/3,ни одного,2022-01-07 17:00,2022-01-07 20:00,4,0.0038,0.001
3/3,ни одного,2022-01-19 13:00,2022-01-19 23:00,10,0.5707,0.799
3/3,ни одного,2022-01-31 13:00,2022-01-31 16:00,4,0.0545,0.031
3/3,ни одного,2022-02-04 10:00,2022-02-04 15:00,6,0.4135,0.518
3/3,ни одного,2022-02-11 04:00,2022-02-11 09:00,6,0.2685,0.098
3/3,ни одного,2022-02-11 18:00,2022-02-13 23:00,5,0.0959,0.134
3/3,ни одного,2022-02-21 18:00,2022-02-22 01:00,5,0.2573,0.239
3/3,ни одного,2022-03-23 09:00,2022-03-23 22:00,13,0.6675,0.812
3/3,ни одного,2022-03-25 10:00,2022-03-25 15:00,6,0.3566,0.342
3/3,ни одного,2022-03-30 04:00,2022-03-30 08:00,5,0.7166,0.342
3/3,ни одного,2022-04-01 10:00,2022-04-01 19:00,10,0.2892,0.248
3/3,ни одного,2022-04-14 09:00,2022-04-14 16:00,8,0.1003,0.099
3/3,ни одного,2022-04-17 23:00,2022-04-18 03:00,5,0.1889,0.098
3/3,ни одного,2022-04-18 17:00,2022-04-18 20:00,4,0.0371,0.021
3/3,ни одного,2022-05-02 08:00,2022-05-02 15:00,8,0.3126,0.517
3/3,ни одного,2022-05-05 15:00,2022-05-05 18:00,4,0.1798,0.133
3/3,ни одного,2022-05-11 08:00,2022-05-11 15:00,8,0.0261,0.033
3/3,ни одного,2022-05-12 15:00,2022-05-13 00:00,9,0.4008,0.714
3/3,ни одного,2022-05-17 18:00,2022-05-17 23:00,5,0.2183,0.096
3/3,ни одного,2022-05-25 05:00,2022-05-25 17:00,13,0.5653,0.665
3/3,ни одного,2022-06-01 13:00,2022-06-01 18:00,6,0.2841,0.185
3/3,ни одного,2022-06-06 15:00,2022-06-07 03:00,12,0.2989,0.183
3/3,ни одного,2022-06-10 14:00,2022-06-10 18:00,5,0.3745,0.949
3/3,ни одного,2022-06-13 10:00,2022-06-13 16:00,7,0.8249,1.579
3/3,ни одного,2022-06-15 09:00,2022-06-15 14:00,6,0.3072,0.300
3/3,ни одного,2022-06-16 10:00,2022-06-16 13:00,4,0.4651,0.452
3/3,ни одного,2022-07-18 08:00,2022-07-18 11:00,4,0.3376,0.215
3/3,ни одного,2022-07-20 08:00,2022-07-20 11:00,4,0.0212,0.009
3/3,ни одного,2022-07-20 17:00,2022-07-21 03:00,10,0.6041,0.507
3/3,ни одного,2022-08-02 19:00,2022-08-03 01:00,6,0.3343,0.236
3/3,ни одного,2022-08-05 12:00,2022-08-05 15:00,4,0.1947,0.267
3/3,ни одного,2022-08-15 10:00,2022-08-15 13:00,4,0.0369,0.028
3/3,ни одного,2022-08-17 05:00,2022-08-17 08:00,4,0.6323,0.366
3/3,ни одного,2022-08-17 13:00,2022-08-17 18:00,6,0.0920,0.071
3/3,ни одного,2022-08-26 10:00,2022-08-26 18:00,9,0.4214,0.529
3/3,ни одного,2022-09-06 14:00,2022-09-06 22:00,8,0.3278,0.185
3/3,ни одного,2022-09-09 04:00,2022-09-09 09:00,6,0.5252,0.345
3/3,ни одного,2022-09-13 04:00,2022-09-13 07:00,4,0.3483,0.108
3/3,ни одного,2022-09-23 08:00,2022-09-23 12:00,5,0.5689,0.928
3/3,ни одного,2022-09-28 13:00,2022-09-28 19:00,7,0.3939,0.691
3/3,ни одного,2022-10-07 12:00,2022-10-11 18:00,53,0.5844,1.805
3/3,ни одного,2022-10-13 12:00,2022-10-13 15:00,4,0.3056,0.674
3/3,ни одного,2022-10-17 12:00,2022-10-17 15:00,4,0.2851,0.196
3/3,ни одного,2022-11-01 06:00,2022-11-01 14:00,9,0.1208,0.114
3/3,ни одного,2022-11-04 04:00,2022-11-04 16:00,13,0.7167,1.601
3/3,ни одного,2022-11-08 04:00,2022-11-08 11:00,8,0.2816,0.148
3/3,ни одного,2022-11-08 15:00,2022-11-08 18:00,4,0.0016,0.004
3/3,ни одного,2022-11-17 03:00,2022-11-18 11:00,32,0.2151,0.202
3/3,ни одного,2022-11-28 09:00,2022-11-28 12:00,4,0.5700,0.310
3/3,ни одного,2022-11-30 09:00,2022-11-30 15:00,7,0.5981,0.532
3/3,ни одного,2022-12-16 14:00,2022-12-16 17:00,4,0.3937,0.256
3/3,ни одного,2022-12-20 08:00,2022-12-20 17:00,10,0.5469,0.821
3/3,ни одного,2022-12-28 08:00,2022-12-28 12:00,5,0.2269,0.152
3/3,ни одного,2023-01-18 11:00,2023-01-18 16:00,6,0.3627,0.379
3/3,ни одного,2023-01-24 01:00,2023-01-24 04:00,4,0.4909,0.159
3/3,ни одного,2023-01-25 23:00,2023-01-26 02:00,4,0.4610,0.158
3/3,ни одного,2023-01-26 10:00,2023-01-26 18:00,9,0.2933,0.360
3/3,ни одного,2023-02-02 13:00,2023-02-02 23:00,10,0.6707,1.500
3/3,ни одного,2023-02-07 07:00,2023-02-07 11:00,5,0.7368,0.466
3/3,ни одного,2023-02-09 19:00,2023-02-09 23:00,4,0.0476,0.027
3/3,ни одного,2023-02-21 03:00,2023-02-21 10:00,8,0.4769,0.283
3/3,ни одного,2023-02-27 14:00,2023-02-27 17:00,4,0.1021,0.042
3/3,ни одного,2023-02-28 06:00,2023-02-28 10:00,5,0.5476,0.373
3/3,ни одного,2023-03-09 10:00,2023-03-09 17:00,8,0.5599,0.622
3/3,ни одного,2023-03-15 11:00,2023-03-15 18:00,8,0.0762,0.127
3/3,ни одного,2023-03-22 14:00,2023-03-22 20:00,7,0.5317,0.990
3/3,ни одного,2023-03-28 14:00,2023-03-28 22:00,8,0.2456,0.204
3/3,ни одного,2023-04-11 05:00,2023-04-11 10:00,6,0.5570,0.269
3/3,ни одного,2023-04-18 04:00,2023-04-18 10:00,7,0.5844,0.255
3/3,ни одного,2023-05-05 11:00,2023-05-05 16:00,6,0.4607,0.900
3/3,ни одного,2023-05-08 15:00,2023-05-08 18:00,4,0.6341,0.276
3/3,ни одного,2023-05-30 10:00,2023-05-30 14:00,5,0.2532,0.151
3/3,ни одного,2023-06-01 07:00,2023-06-01 10:00,4,0.8058,0.565
3/3,ни одного,2023-06-02 12:00,2023-06-05 09:00,21,0.6263,1.327
3/3,ни одного,2023-06-08 12:00,2023-06-08 16:00,5,0.2869,0.355
3/3,ни одного,2023-06-23 07:00,2023-06-23 15:00,9,0.1231,0.156
3/3,ни одного,2023-06-30 14:00,2023-06-30 19:00,6,0.4262,0.241
3/3,ни одного,2023-07-06 12:00,2023-07-07 17:00,29,0.6435,1.087
3/3,ни одного,2023-07-20 14:00,2023-07-20 18:00,5,0.0674,0.041
3/3,ни одного,2023-07-27 13:00,2023-07-27 18:00,6,0.0011,0.001
3/3,ни одного,2023-07-28 14:00,2023-07-28 18:00,5,0.1440,0.062
3/3,ни одного,2023-08-01 12:00,2023-08-01 19:00,8,0.1610,0.122
3/3,ни одного,2023-08-11 08:00,2023-08-11 14:00,7,0.0489,0.020
3/3,ни одного,2023-09-07 12:00,2023-09-08 04:00,16,0.1170,0.067
3/3,ни одного,2023-09-12 10:00,2023-09-12 15:00,6,0.2584,0.163
3/3,ни одного,2023-09-15 04:00,2023-09-15 08:00,5,0.4004,0.098
3/3,ни одного,2023-09-20 13:00,2023-09-20 19:00,7,0.4852,0.388
3/3,ни одного,2023-09-29 06:00,2023-09-29 09:00,4,0.4512,0.185
3/3,ни одного,2023-09-29 17:00,2023-10-02 07:00,14,0.7046,0.551
3/3,ни одного,2023-10-17 02:00,2023-10-17 15:00,14,0.6295,0.630
3/3,ни одного,2023-10-27 17:00,2023-10-29 22:00,5,0.1760,0.233
3/3,ни одного,2023-11-02 12:00,2023-11-02 15:00,4,0.7575,0.462
3/3,ни одного,2023-11-09 14:00,2023-11-09 20:00,7,0.0525,0.046
3/3,ни одного,2023-11-10 09:00,2023-11-10 20:00,12,0.7952,0.910
3/3,ни одного,2023-11-13 16:00,2023-11-13 19:00,4,0.0337,0.019
3/3,ни одного,2023-11-21 00:00,2023-11-21 05:00,6,0.3873,0.263
3/3,ни одного,2023-11-22 16:00,2023-11-22 20:00,5,0.1587,0.069
3/3,ни одного,2023-11-24 13:00,2023-11-24 17:00,5,0.1405,0.065
3/3,ни одного,2023-12-07 08:00,2023-12-07 19:00,12,0.1543,0.150
3/3,ни одного,2023-12-18 17:00,2023-12-18 20:00,4,0.5718,0.350
3/3,ни одного,2023-12-20 11:00,2023-12-20 15:00,5,0.1004,0.051
3/3,ни одного,2023-12-21 19:00,2023-12-22 01:00,6,0.3015,0.236
3/3,ни одного,2023-12-28 19:00,2023-12-29 00:00,5,0.1377,0.057
3/3,ни одного,2024-01-02 05:00,2024-01-02 11:00,7,0.4958,0.254
3/3,ни одного,2024-01-12 12:00,2024-01-12 16:00,5,0.0296,0.026
3/3,ни одного,2024-01-16 08:00,2024-01-18 09:00,48,0.6820,1.612
3/3,ни одного,2024-02-08 08:00,2024-02-08 16:00,9,0.0586,0.053
3/3,ни одного,2024-02-13 07:00,2024-02-13 15:00,9,0.7960,1.628
3/3,ни одного,2024-02-16 17:00,2024-02-19 01:00,8,0.3174,0.324
3/3,ни одного,2024-02-21 17:00,2024-02-21 21:00,5,0.2547,0.087
3/3,ни одного,2024-02-22 07:00,2024-02-22 10:00,4,0.3187,0.100
3/3,ни одного,2024-02-23 16:00,2024-02-23 20:00,5,0.1591,0.087
3/3,ни одного,2024-02-28 08:00,2024-02-28 12:00,5,0.4689,0.138
3/3,ни одного,2024-03-12 11:00,2024-03-13 19:00,32,0.0216,0.031
3/3,ни одного,2024-03-14 13:00,2024-03-14 17:00,5,0.1587,0.106
3/3,ни одного,2024-03-21 14:00,2024-03-21 17:00,4,0.1644,0.193
3/3,ни одного,2024-04-03 07:00,2024-04-03 10:00,4,0.1032,0.065
3/3,ни одного,2024-04-03 18:00,2024-04-04 03:00,9,0.2503,0.121
3/3,ни одного,2024-04-05 16:00,2024-04-05 19:00,4,0.4102,0.172
3/3,ни одного,2024-04-10 12:00,2024-04-10 15:00,4,0.0446,0.063
3/3,ни одного,2024-04-11 17:00,2024-04-12 04:00,11,0.5914,1.187
3/3,ни одного,2024-05-13 04:00,2024-05-13 13:00,10,0.5477,0.434
3/3,ни одного,2024-05-14 13:00,2024-05-14 16:00,4,0.0267,0.014
3/3,ни одного,2024-05-16 12:00,2024-05-16 16:00,5,0.1800,0.117
3/3,ни одного,2024-05-24 06:00,2024-05-24 15:00,10,0.2801,0.181
3/3,ни одного,2024-05-28 06:00,2024-05-28 10:00,5,0.3787,0.165
3/3,ни одного,2024-05-31 17:00,2024-06-02 22:00,5,0.0369,0.021
3/3,ни одного,2024-06-03 14:00,2024-06-03 19:00,6,0.2810,0.254
3/3,ни одного,2024-06-04 09:00,2024-06-04 16:00,8,0.2648,0.254
3/3,ни одного,2024-06-05 14:00,2024-06-05 17:00,4,0.2622,0.260
3/3,ни одного,2024-06-07 08:00,2024-06-09 23:00,15,0.5604,2.081
3/3,ни одного,2024-06-11 05:00,2024-06-11 14:00,10,0.6836,0.660
3/3,ни одного,2024-06-14 05:00,2024-06-14 13:00,9,0.6541,0.880
3/3,ни одного,2024-06-17 05:00,2024-06-17 08:00,4,0.3293,0.117
3/3,ни одного,2024-06-27 07:00,2024-06-27 16:00,10,0.7451,1.002
3/3,ни одного,2024-06-28 10:00,2024-06-28 15:00,6,0.4277,0.308
3/3,ни одного,2024-07-24 19:00,2024-07-25 05:00,10,0.5277,0.922
3/3,ни одного,2024-08-16 11:00,2024-08-16 15:00,5,0.5505,0.793
3/3,ни одного,2024-08-21 08:00,2024-08-21 16:00,9,0.0075,0.006
3/3,ни одного,2024-08-27 18:00,2024-08-28 01:00,7,0.5940,0.288
3/3,ни одного,2024-08-30 15:00,2024-08-30 19:00,5,0.0107,0.007
3/3,ни одного,2024-09-09 19:00,2024-09-10 01:00,6,0.4330,0.087
3/3,ни одного,2024-09-11 12:00,2024-09-11 16:00,5,0.3025,0.281
3/3,ни одного,2024-09-27 08:00,2024-09-27 11:00,4,0.3204,0.130
3/3,ни одного,2024-10-01 09:00,2024-10-01 18:00,10,0.4464,0.469
3/3,ни одного,2024-10-10 12:00,2024-10-10 16:00,5,0.2254,0.218
3/3,ни одного,2024-10-21 18:00,2024-10-21 22:00,4,0.4847,0.160
3/3,ни одного,2024-10-23 14:00,2024-10-23 17:00,4,0.0353,0.039
3/3,ни одного,2024-10-25 14:00,2024-10-27 23:00,9,0.1365,0.100
3/3,ни одного,2024-10-31 13:00,2024-10-31 17:00,5,0.3723,0.572
3/3,ни одного,2024-11-01 05:00,2024-11-01 08:00,4,0.1388,0.053
3/3,ни одного,2024-12-12 14:00,2024-12-12 17:00,4,0.0037,0.003
3/3,ни одного,2024-12-16 09:00,2024-12-16 14:00,6,0.3279,0.126
3/3,ни одного,2024-12-26 01:00,2024-12-26 17:00,17,0.1469,0.102
3/3,ни одного,2024-12-27 13:00,2024-12-27 16:00,4,0.0496,0.030
3/3,ни одного,2025-01-03 15:00,2025-01-03 18:00,4,0.2123,0.074
3/3,ни одного,2025-01-17 09:00,2025-01-17 12:00,4,0.6262,0.213
3/3,ни одного,2025-01-21 01:00,2025-01-21 09:00,9,0.1094,0.120
3/3,ни одного,2025-01-28 13:00,2025-01-28 23:00,10,0.6979,0.505
3/3,ни одного,2025-01-29 05:00,2025-01-29 10:00,6,0.2798,0.091
3/3,ни одного,2025-02-03 01:00,2025-02-03 05:00,5,0.0466,0.034
3/3,ни одного,2025-02-11 12:00,2025-02-11 15:00,4,0.6202,0.538
3/3,ни одного,2025-02-14 15:00,2025-02-16 23:00,8,0.5010,0.775
3/3,ни одного,2025-03-11 09:00,2025-03-12 11:00,26,0.1927,0.122
3/3,ни одного,2025-04-01 15:00,2025-04-01 18:00,4,0.0118,0.012
3/3,ни одного,2025-04-03 10:00,2025-04-03 15:00,6,0.1854,0.488
3/3,ни одного,2025-04-21 00:00,2025-04-21 16:00,17,0.5535,1.360
3/3,ни одного,2025-04-22 16:00,2025-04-23 00:00,8,0.2366,0.738
3/3,ни одного,2025-04-28 14:00,2025-04-28 22:00,8,0.1554,0.280
3/3,ни одного,2025-05-02 02:00,2025-05-02 13:00,12,0.0734,0.075
3/3,ни одного,2025-05-11 22:00,2025-05-12 03:00,6,0.1618,0.329
3/3,ни одного,2025-05-15 15:00,2025-05-16 00:00,9,0.4912,0.725
3/3,ни одного,2025-05-16 10:00,2025-05-16 13:00,4,0.0803,0.144
3/3,ни одного,2025-05-20 13:00,2025-05-21 08:00,19,0.5365,1.445
3/3,ни одного,2025-05-29 11:00,2025-05-29 18:00,8,0.5987,0.653
3/3,ни одного,2025-06-05 10:00,2025-06-05 13:00,4,0.6733,0.641
3/3,ни одного,2025-06-26 12:00,2025-06-26 15:00,4,0.0827,0.085
3/3,ни одного,2025-07-04 04:00,2025-07-04 08:00,5,0.2241,0.059
3/3,ни одного,2025-07-07 07:00,2025-07-07 12:00,6,0.4257,0.220
3/3,ни одного,2025-07-09 22:00,2025-07-10 03:00,6,0.3322,0.115
3/3,ни одного,2025-07-23 15:00,2025-07-23 18:00,4,0.1262,0.128
3/3,ни одного,2025-07-30 12:00,2025-07-30 22:00,10,0.5398,1.040
3/3,ни одного,2025-08-01 12:00,2025-08-01 16:00,5,0.1065,0.184
3/3,ни одного,2025-08-18 04:00,2025-08-18 07:00,4,0.6974,0.256
3/3,ни одного,2025-08-18 18:00,2025-08-19 19:00,25,0.5281,0.483
3/3,ни одного,2025-08-25 23:00,2025-08-26 17:00,19,0.7034,0.799
3/3,ни одного,2025-09-08 08:00,2025-09-08 17:00,10,0.5682,0.618
3/3,ни одного,2025-09-12 02:00,2025-09-12 07:00,6,0.0684,0.022
3/3,ни одного,2025-10-07 22:00,2025-10-08 11:00,14,0.7433,1.218
3/3,ни одного,2025-10-17 14:00,2025-10-17 19:00,6,0.2561,0.535
3/3,ни одного,2025-10-20 12:00,2025-10-20 22:00,10,0.4064,1.021
3/3,ни одного,2025-10-21 08:00,2025-10-21 16:00,9,0.7257,3.760
3/3,ни одного,2025-10-24 06:00,2025-10-24 13:00,8,0.1853,0.357
3/3,ни одного,2025-11-12 15:00,2025-11-12 20:00,6,0.1888,0.348
3/3,ни одного,2025-11-19 06:00,2025-11-19 17:00,12,0.1579,0.299
3/3,ни одного,2026-01-22 15:00,2026-01-23 03:00,12,0.5666,1.647
3/3,ни одного,2026-01-26 19:00,2026-01-27 00:00,5,0.0553,0.087
3/3,ни одного,2026-02-13 17:00,2026-02-16 00:00,7,0.1170,0.108
3/3,ни одного,2026-02-17 00:00,2026-02-17 03:00,4,0.3036,0.422
3/3,ни одного,2026-02-18 04:00,2026-02-18 09:00,6,0.5715,0.341
3/3,ни одного,2026-03-03 11:00,2026-03-03 17:00,7,0.2437,1.269
3/3,ни одного,2026-03-12 09:00,2026-03-12 12:00,4,0.2405,0.130
3/3,ни одного,2026-03-12 17:00,2026-03-12 23:00,6,0.0984,0.144
3/3,ни одного,2026-03-24 20:00,2026-03-25 04:00,8,0.4815,2.207
3/3,ни одного,2026-03-26 05:00,2026-03-26 10:00,6,0.0420,0.104
3/3,ни одного,2026-04-12 22:00,2026-04-13 01:00,4,0.7428,1.335
3/3,ни одного,2026-05-01 06:00,2026-05-01 11:00,6,0.3362,0.350
3/3,ни одного,2026-05-10 23:00,2026-05-11 02:00,4,0.2826,0.211
3/3,ни одного,2026-05-26 01:00,2026-05-26 14:00,14,0.4384,0.482
3/3,ни одного,2026-05-28 16:00,2026-05-28 20:00,5,0.3900,0.337
3/3,ни одного,2026-06-02 04:00,2026-06-02 09:00,6,0.2859,0.277
3/3,ни одного,2026-06-11 18:00,2026-06-12 00:00,6,0.4040,1.119
2/2,ОБА живы,2017-07-31 17:00,2017-08-01 12:00,19,0.0041,0.003
2/2,ОБА живы,2017-08-01 14:00,2017-08-02 14:00,24,0.2028,0.179
2/2,ОБА живы,2017-08-03 01:00,2017-08-03 10:00,10,0.3640,0.126
2/2,ОБА живы,2017-08-07 19:00,2017-08-08 00:00,5,0.5179,0.083
2/2,ОБА живы,2017-08-09 02:00,2017-08-09 06:00,5,0.5826,0.109
2/2,ОБА живы,2017-08-11 15:00,2017-08-14 06:00,15,0.1178,0.062
2/2,ОБА живы,2017-08-18 18:00,2017-08-21 12:00,18,0.0429,0.029
2/2,ОБА живы,2017-08-24 15:00,2017-08-25 08:00,17,0.0048,0.001
2/2,ОБА живы,2017-08-30 05:00,2017-08-31 00:00,19,0.3616,0.236
2/2,ОБА живы,2017-09-01 16:00,2017-09-01 20:00,5,0.5214,0.178
2/2,ОБА живы,2017-09-06 09:00,2017-09-06 15:00,7,0.0253,0.012
2/2,ОБА живы,2017-09-11 11:00,2017-09-11 16:00,6,0.4383,0.189
2/2,ОБА живы,2017-09-12 14:00,2017-09-12 17:00,4,0.2851,0.084
2/2,ОБА живы,2017-09-13 07:00,2017-09-13 12:00,6,0.1331,0.048
2/2,ОБА живы,2017-09-19 05:00,2017-09-20 00:00,19,0.4720,0.239
2/2,ОБА живы,2017-09-25 06:00,2017-09-25 14:00,9,0.7269,0.490
2/2,ОБА живы,2017-09-29 15:00,2017-09-29 18:00,4,0.4772,0.138
2/2,ОБА живы,2017-10-04 16:00,2017-10-05 07:00,15,0.3856,0.135
2/2,ОБА живы,2017-10-06 17:00,2017-10-09 01:00,8,0.7531,0.499
2/2,ОБА живы,2017-10-09 16:00,2017-10-10 02:00,10,0.6559,0.407
2/2,ОБА живы,2017-10-11 04:00,2017-10-11 15:00,12,0.1581,0.055
2/2,ОБА живы,2017-10-11 22:00,2017-10-12 02:00,5,0.4445,0.092
2/2,ОБА живы,2017-10-18 04:00,2017-10-18 09:00,6,0.7941,0.474
2/2,ОБА живы,2017-10-26 07:00,2017-10-26 12:00,6,0.1149,0.072
2/2,ОБА живы,2017-10-27 10:00,2017-10-27 14:00,5,0.2242,0.168
2/2,ОБА живы,2017-10-31 03:00,2017-10-31 09:00,7,0.0248,0.006
2/2,ОБА живы,2017-11-02 13:00,2017-11-03 06:00,17,0.1831,0.133
2/2,ОБА живы,2017-11-15 18:00,2017-11-16 03:00,9,0.0826,0.017
2/2,ОБА живы,2017-11-21 10:00,2017-11-21 13:00,4,0.7570,0.275
2/2,ОБА живы,2017-11-21 15:00,2017-11-22 07:00,16,0.3247,0.145
2/2,ОБА живы,2017-11-23 11:00,2017-11-24 10:00,19,0.5397,0.196
2/2,ОБА живы,2017-11-28 10:00,2017-11-29 12:00,26,0.1829,0.097
2/2,ОБА живы,2017-11-30 03:00,2017-11-30 07:00,5,0.5398,0.133
2/2,ОБА живы,2017-12-01 04:00,2017-12-01 07:00,4,0.2971,0.049
2/2,ОБА живы,2017-12-04 10:00,2017-12-05 11:00,25,0.5238,0.203
2/2,ОБА живы,2017-12-06 09:00,2017-12-06 12:00,4,0.4442,0.133
2/2,ОБА живы,2017-12-06 16:00,2017-12-07 05:00,13,0.6897,0.276
2/2,ОБА живы,2017-12-08 16:00,2017-12-11 08:00,16,0.3631,0.138
2/2,ОБА живы,2017-12-13 05:00,2017-12-13 17:00,13,0.2045,0.138
2/2,ОБА живы,2017-12-15 18:00,2017-12-18 09:00,15,0.6051,0.246
2/2,ОБА живы,2017-12-19 03:00,2017-12-19 07:00,5,0.7204,0.177
2/2,ОБА живы,2017-12-20 16:00,2017-12-21 00:00,8,0.2731,0.089
2/2,ОБА живы,2017-12-21 10:00,2017-12-22 13:00,27,0.5172,0.263
2/2,ОБА живы,2018-01-03 09:00,2018-01-03 23:00,14,0.3285,0.267
2/2,ОБА живы,2018-01-11 09:00,2018-01-11 18:00,10,0.5806,0.318
2/2,ОБА живы,2018-01-15 17:00,2018-01-16 07:00,10,0.3147,0.105
2/2,ОБА живы,2018-01-18 13:00,2018-01-19 06:00,17,0.2507,0.145
2/2,ОБА живы,2018-01-22 00:00,2018-01-22 05:00,6,0.3735,0.131
2/2,ОБА живы,2018-01-22 19:00,2018-01-23 00:00,5,0.3490,0.102
2/2,ОБА живы,2018-01-23 18:00,2018-01-23 21:00,4,0.7596,0.284
2/2,ОБА живы,2018-01-26 13:00,2018-01-29 07:00,18,0.4991,0.302
2/2,ОБА живы,2018-01-30 12:00,2018-01-31 04:00,16,0.2568,0.253
2/2,ОБА живы,2018-01-31 23:00,2018-02-01 06:00,8,0.6310,0.276
2/2,ОБА живы,2018-02-07 09:00,2018-02-07 15:00,7,0.7115,0.584
2/2,ОБА живы,2018-02-08 19:00,2018-02-09 07:00,12,0.0057,0.003
2/2,ОБА живы,2018-02-09 19:00,2018-02-12 00:00,5,0.4746,0.182
2/2,ОБА живы,2018-02-15 14:00,2018-02-16 01:00,11,0.1073,0.051
2/2,ОБА живы,2018-02-21 17:00,2018-02-22 12:00,19,0.3746,0.432
2/2,ОБА живы,2018-02-22 14:00,2018-02-26 01:00,34,0.6739,0.485
2/2,ОБА живы,2018-02-28 03:00,2018-02-28 08:00,6,0.0538,0.011
2/2,ОБА живы,2018-02-28 17:00,2018-03-01 03:00,10,0.5934,0.288
2/2,ОБА живы,2018-03-07 06:00,2018-03-07 10:00,5,0.2446,0.074
2/2,ОБА живы,2018-03-08 09:00,2018-03-08 14:00,6,0.6224,0.235
2/2,ОБА живы,2018-03-13 01:00,2018-03-13 23:00,22,0.1655,0.184
2/2,ОБА живы,2018-03-14 04:00,2018-03-15 01:00,21,0.1140,0.074
2/2,ОБА живы,2018-03-22 19:00,2018-03-23 05:00,10,0.8150,0.752
2/2,ОБА живы,2018-03-26 08:00,2018-03-26 14:00,7,0.5775,0.462
2/2,ОБА живы,2018-03-28 03:00,2018-03-28 09:00,7,0.8085,0.469
2/2,ОБА живы,2018-04-04 20:00,2018-04-05 00:00,4,0.5994,0.196
2/2,ОБА живы,2018-04-06 03:00,2018-04-06 12:00,10,0.1696,0.142
2/2,ОБА живы,2018-04-09 03:00,2018-04-09 07:00,5,0.5776,0.216
2/2,ОБА живы,2018-04-13 06:00,2018-04-13 13:00,8,0.6046,0.487
2/2,ОБА живы,2018-05-02 20:00,2018-05-03 09:00,13,0.8374,0.580
2/2,ОБА живы,2018-05-04 14:00,2018-05-07 22:00,31,0.2720,0.197
2/2,ОБА живы,2018-05-13 23:00,2018-05-14 16:00,18,0.2094,0.070
2/2,ОБА живы,2018-05-16 14:00,2018-05-17 08:00,18,0.0145,0.008
2/2,ОБА живы,2018-05-23 00:00,2018-05-24 03:00,27,0.1796,0.155
2/2,ОБА живы,2018-05-24 08:00,2018-05-24 11:00,4,0.3947,0.073
2/2,ОБА живы,2018-05-28 14:00,2018-05-29 07:00,13,0.2924,0.122
2/2,ОБА живы,2018-05-29 15:00,2018-05-30 13:00,22,0.2132,0.144
2/2,ОБА живы,2018-06-05 07:00,2018-06-06 08:00,25,0.5058,0.400
2/2,ОБА живы,2018-06-06 16:00,2018-06-07 10:00,18,0.1304,0.054
2/2,ОБА живы,2018-06-07 15:00,2018-06-08 04:00,13,0.3042,0.090
2/2,ОБА живы,2018-06-11 17:00,2018-06-12 00:00,7,0.1827,0.055
2/2,ОБА живы,2018-06-12 16:00,2018-06-13 06:00,14,0.5069,0.146
2/2,ОБА живы,2018-06-18 19:00,2018-06-19 00:00,5,0.6437,0.249
2/2,ОБА живы,2018-06-20 15:00,2018-06-20 19:00,5,0.7126,0.380
2/2,ОБА живы,2018-06-21 20:00,2018-06-26 00:00,50,0.0518,0.033
2/2,ОБА живы,2018-06-27 13:00,2018-06-28 05:00,16,0.4107,0.193
2/2,ОБА живы,2018-06-28 14:00,2018-06-29 04:00,14,0.1071,0.059
2/2,ОБА живы,2018-07-04 13:00,2018-07-05 06:00,13,0.2010,0.079
2/2,ОБА живы,2018-07-05 17:00,2018-07-09 02:00,32,0.2590,0.137
2/2,ОБА живы,2018-07-12 17:00,2018-07-13 03:00,10,0.2057,0.047
2/2,ОБА живы,2018-07-25 05:00,2018-07-25 08:00,4,0.4131,0.166
2/2,ОБА живы,2018-07-26 10:00,2018-07-26 14:00,5,0.3765,0.156
2/2,ОБА живы,2018-07-27 17:00,2018-07-30 02:00,9,0.6884,0.397
2/2,ОБА живы,2018-07-30 16:00,2018-07-31 06:00,14,0.2891,0.101
2/2,ОБА живы,2018-07-31 14:00,2018-08-01 13:00,23,0.2443,0.197
2/2,ОБА живы,2018-08-07 12:00,2018-08-09 03:00,38,0.1704,0.132
2/2,ОБА живы,2018-08-09 09:00,2018-08-10 04:00,19,0.4780,0.242
2/2,ОБА живы,2018-08-14 19:00,2018-08-15 01:00,6,0.4881,0.142
2/2,ОБА живы,2018-08-17 10:00,2018-08-17 18:00,9,0.5740,0.283
2/2,ОБА живы,2018-08-27 03:00,2018-08-27 13:00,11,0.0150,0.006
2/2,ОБА живы,2018-08-28 05:00,2018-08-28 15:00,11,0.1298,0.079
2/2,ОБА живы,2018-08-29 09:00,2018-08-29 18:00,10,0.2149,0.084
2/2,ОБА живы,2018-08-30 07:00,2018-08-30 12:00,6,0.3566,0.163
2/2,ОБА живы,2018-09-03 03:00,2018-09-03 07:00,5,0.5833,0.216
2/2,ОБА живы,2018-09-03 14:00,2018-09-04 05:00,11,0.5674,0.159
2/2,ОБА живы,2018-09-10 16:00,2018-09-11 11:00,19,0.4871,0.171
2/2,ОБА живы,2018-09-11 19:00,2018-09-12 14:00,19,0.2704,0.152
2/2,ОБА живы,2018-09-13 16:00,2018-09-14 13:00,21,0.2324,0.164
2/2,ОБА живы,2018-09-18 15:00,2018-09-19 03:00,12,0.4589,0.160
2/2,ОБА живы,2018-09-19 16:00,2018-09-21 01:00,32,0.4925,0.357
2/2,ОБА живы,2018-09-25 04:00,2018-09-26 08:00,28,0.2162,0.093
2/2,ОБА живы,2018-09-28 06:00,2018-09-28 13:00,8,0.7898,0.453
2/2,ОБА живы,2018-10-01 14:00,2018-10-02 01:00,11,0.3502,0.186
2/2,ОБА живы,2018-10-04 20:00,2018-10-05 09:00,13,0.3558,0.148
2/2,ОБА живы,2018-10-09 22:00,2018-10-10 07:00,10,0.0425,0.012
2/2,ОБА живы,2018-10-12 08:00,2018-10-15 07:00,23,0.7110,0.756
2/2,ОБА живы,2018-10-19 09:00,2018-10-22 07:00,22,0.5045,0.226
2/2,ОБА живы,2018-10-25 17:00,2018-10-26 06:00,13,0.3748,0.166
2/2,ОБА живы,2018-10-26 18:00,2018-10-29 07:00,13,0.7039,0.354
2/2,ОБА живы,2018-11-02 04:00,2018-11-05 11:00,30,0.1477,0.080
2/2,ОБА живы,2018-11-07 16:00,2018-11-08 18:00,26,0.3553,0.257
2/2,ОБА живы,2018-11-08 21:00,2018-11-09 02:00,5,0.6101,0.223
2/2,ОБА живы,2018-11-14 04:00,2018-11-14 16:00,13,0.0590,0.030
2/2,ОБА живы,2018-11-15 15:00,2018-11-16 12:00,21,0.3329,0.190
2/2,ОБА живы,2018-11-20 17:00,2018-11-21 02:00,9,0.1845,0.061
2/2,ОБА живы,2018-11-22 03:00,2018-11-23 06:00,23,0.2564,0.070
2/2,ОБА живы,2018-11-26 23:00,2018-11-27 15:00,17,0.7193,0.629
2/2,ОБА живы,2018-11-28 05:00,2018-11-28 16:00,12,0.2437,0.086
2/2,ОБА живы,2018-11-29 21:00,2018-11-30 08:00,11,0.0345,0.007
2/2,ОБА живы,2018-12-05 20:00,2018-12-06 00:00,4,0.6468,0.172
2/2,ОБА живы,2018-12-06 09:00,2018-12-06 13:00,5,0.0934,0.035
2/2,ОБА живы,2018-12-10 03:00,2018-12-10 07:00,5,0.4173,0.103
2/2,ОБА живы,2018-12-11 12:00,2018-12-13 09:00,44,0.1960,0.121
2/2,ОБА живы,2018-12-14 19:00,2018-12-17 09:00,14,0.0520,0.018
2/2,ОБА живы,2018-12-18 09:00,2018-12-19 03:00,18,0.2679,0.113
2/2,ОБА живы,2018-12-21 10:00,2018-12-21 17:00,8,0.1138,0.054
2/2,ОБА живы,2018-12-24 06:00,2018-12-24 13:00,8,0.0113,0.005
2/2,ОБА живы,2018-12-31 20:00,2019-01-02 04:00,8,0.3529,0.149
2/2,ОБА живы,2019-01-03 01:00,2019-01-03 05:00,5,0.3275,0.133
2/2,ОБА живы,2019-01-10 12:00,2019-01-10 15:00,4,0.6879,0.288
2/2,ОБА живы,2019-01-11 10:00,2019-01-14 07:00,21,0.0020,0.001
2/2,ОБА живы,2019-01-14 15:00,2019-01-15 07:00,16,0.2135,0.067
2/2,ОБА живы,2019-01-15 17:00,2019-01-16 15:00,22,0.6034,0.386
2/2,ОБА живы,2019-01-17 06:00,2019-01-17 13:00,8,0.1997,0.082
2/2,ОБА живы,2019-01-28 20:00,2019-01-29 05:00,9,0.0736,0.012
2/2,ОБА живы,2019-02-01 17:00,2019-02-04 00:00,7,0.4989,0.151
2/2,ОБА живы,2019-02-05 07:00,2019-02-06 17:00,34,0.0991,0.046
2/2,ОБА живы,2019-02-13 17:00,2019-02-14 07:00,14,0.2877,0.180
2/2,ОБА живы,2019-02-25 15:00,2019-02-26 01:00,10,0.2464,0.120
2/2,ОБА живы,2019-02-26 15:00,2019-02-26 18:00,4,0.1099,0.044
2/2,ОБА живы,2019-03-04 19:00,2019-03-05 14:00,19,0.2143,0.101
2/2,ОБА живы,2019-03-05 23:00,2019-03-06 05:00,7,0.1591,0.041
2/2,ОБА живы,2019-03-06 17:00,2019-03-08 04:00,34,0.2086,0.132
2/2,ОБА живы,2019-03-14 20:00,2019-03-15 01:00,5,0.5603,0.113
2/2,ОБА живы,2019-03-27 03:00,2019-03-27 16:00,14,0.4268,0.337
2/2,ОБА живы,2019-04-01 23:00,2019-04-02 02:00,4,0.0745,0.015
2/2,ОБА живы,2019-04-02 08:00,2019-04-02 16:00,9,0.5102,0.235
2/2,ОБА живы,2019-04-04 22:00,2019-04-05 20:00,23,0.1384,0.098
2/2,ОБА живы,2019-04-10 09:00,2019-04-10 14:00,6,0.3765,0.181
2/2,ОБА живы,2019-04-12 08:00,2019-04-15 00:00,16,0.4789,0.260
2/2,ОБА живы,2019-04-15 18:00,2019-04-16 01:00,7,0.7247,0.176
2/2,ОБА живы,2019-04-17 11:00,2019-04-18 02:00,15,0.5437,0.261
2/2,ОБА живы,2019-04-30 15:00,2019-05-01 17:00,26,0.0568,0.032
2/2,ОБА живы,2019-05-03 06:00,2019-05-03 11:00,6,0.0744,0.018
2/2,ОБА живы,2019-05-07 02:00,2019-05-07 10:00,9,0.5303,0.119
2/2,ОБА живы,2019-05-10 08:00,2019-05-10 11:00,4,0.2047,0.031
2/2,ОБА живы,2019-05-15 17:00,2019-05-16 06:00,13,0.0953,0.021
2/2,ОБА живы,2019-05-20 14:00,2019-05-21 10:00,20,0.5459,0.201
2/2,ОБА живы,2019-05-22 02:00,2019-05-22 10:00,9,0.2116,0.037
2/2,ОБА живы,2019-05-23 05:00,2019-05-23 11:00,7,0.5787,0.223
2/2,ОБА живы,2019-05-24 18:00,2019-05-27 00:00,6,0.1211,0.026
2/2,ОБА живы,2019-05-27 14:00,2019-05-27 23:00,5,0.4813,0.041
2/2,ОБА живы,2019-06-04 10:00,2019-06-05 05:00,19,0.0298,0.020
2/2,ОБА живы,2019-06-06 22:00,2019-06-07 05:00,8,0.7432,0.230
2/2,ОБА живы,2019-06-17 05:00,2019-06-17 09:00,5,0.6123,0.388
2/2,ОБА живы,2019-06-18 16:00,2019-06-19 17:00,25,0.3341,0.181
2/2,ОБА живы,2019-06-21 09:00,2019-06-21 20:00,12,0.7272,0.752
2/2,ОБА живы,2019-06-26 17:00,2019-06-27 03:00,10,0.4846,0.279
2/2,ОБА живы,2019-07-04 03:00,2019-07-04 16:00,14,0.3453,0.264
2/2,ОБА живы,2019-07-05 08:00,2019-07-05 11:00,4,0.3993,0.177
2/2,ОБА живы,2019-07-08 22:00,2019-07-09 07:00,10,0.3608,0.144
2/2,ОБА живы,2019-07-12 09:00,2019-07-12 17:00,9,0.6398,0.483
2/2,ОБА живы,2019-07-15 16:00,2019-07-16 12:00,20,0.2002,0.149
2/2,ОБА живы,2019-07-18 14:00,2019-07-18 17:00,4,0.6183,0.530
2/2,ОБА живы,2019-07-22 04:00,2019-07-22 23:00,19,0.5993,0.268
2/2,ОБА живы,2019-07-26 14:00,2019-07-29 00:00,10,0.1305,0.061
2/2,ОБА живы,2019-08-08 03:00,2019-08-09 13:00,34,0.0966,0.126
2/2,ОБА живы,2019-08-09 17:00,2019-08-12 05:00,12,0.3430,0.159
2/2,ОБА живы,2019-08-15 08:00,2019-08-16 07:00,23,0.0410,0.051
2/2,ОБА живы,2019-08-16 20:00,2019-08-19 07:00,11,0.8180,0.504
2/2,ОБА живы,2019-08-22 15:00,2019-08-23 11:00,20,0.5287,0.318
2/2,ОБА живы,2019-08-27 09:00,2019-08-27 14:00,6,0.6902,0.449
2/2,ОБА живы,2019-08-28 04:00,2019-08-29 04:00,24,0.5720,0.486
2/2,ОБА живы,2019-08-30 08:00,2019-08-30 17:00,10,0.4186,0.431
2/2,ОБА живы,2019-09-02 00:00,2019-09-02 15:00,16,0.1673,0.115
2/2,ОБА живы,2019-09-03 05:00,2019-09-03 12:00,8,0.5415,0.380
2/2,ОБА живы,2019-09-06 15:00,2019-09-09 13:00,22,0.5300,0.705
2/2,ОБА живы,2019-09-09 15:00,2019-09-09 19:00,5,0.0772,0.045
2/2,ОБА живы,2019-09-10 15:00,2019-09-10 19:00,5,0.7056,0.513
2/2,ОБА живы,2019-09-11 08:00,2019-09-11 19:00,12,0.1689,0.128
2/2,ОБА живы,2019-09-12 02:00,2019-09-12 06:00,5,0.8495,0.555
2/2,ОБА живы,2019-09-12 18:00,2019-09-13 02:00,8,0.2894,0.109
2/2,ОБА живы,2019-09-16 02:00,2019-09-16 12:00,11,0.1473,0.088
2/2,ОБА живы,2019-09-16 17:00,2019-09-17 05:00,12,0.5850,0.316
2/2,ОБА живы,2019-09-17 18:00,2019-09-18 13:00,19,0.3082,0.142
2/2,ОБА живы,2019-09-24 03:00,2019-09-24 12:00,10,0.0928,0.028
2/2,ОБА живы,2019-09-26 15:00,2019-09-27 05:00,14,0.4021,0.245
2/2,ОБА живы,2019-09-30 05:00,2019-09-30 09:00,5,0.6493,0.388
2/2,ОБА живы,2019-10-02 08:00,2019-10-02 11:00,4,0.4432,0.271
2/2,ОБА живы,2019-10-13 23:00,2019-10-14 06:00,8,0.4763,0.193
2/2,ОБА живы,2019-10-15 08:00,2019-10-15 13:00,6,0.5511,0.465
2/2,ОБА живы,2019-10-17 11:00,2019-10-17 14:00,4,0.3986,0.201
2/2,ОБА живы,2019-10-18 15:00,2019-10-21 15:00,24,0.5182,0.410
2/2,ОБА живы,2019-10-23 23:00,2019-10-24 06:00,8,0.0315,0.006
2/2,ОБА живы,2019-10-25 19:00,2019-10-28 11:00,16,0.3649,0.148
2/2,ОБА живы,2019-10-30 20:00,2019-10-31 06:00,10,0.3619,0.139
2/2,ОБА живы,2019-11-01 14:00,2019-11-04 15:00,24,0.0197,0.012
2/2,ОБА живы,2019-11-05 00:00,2019-11-05 11:00,12,0.5788,0.227
2/2,ОБА живы,2019-11-08 14:00,2019-11-11 06:00,16,0.2195,0.155
2/2,ОБА живы,2019-11-12 21:00,2019-11-13 01:00,4,0.4528,0.117
2/2,ОБА живы,2019-11-14 03:00,2019-11-14 07:00,5,0.4664,0.160
2/2,ОБА живы,2019-11-18 18:00,2019-11-19 04:00,10,0.2571,0.109
2/2,ОБА живы,2019-11-19 20:00,2019-11-20 06:00,10,0.5561,0.179
2/2,ОБА живы,2019-11-22 17:00,2019-11-25 04:00,11,0.2418,0.071
2/2,ОБА живы,2019-11-25 16:00,2019-11-26 19:00,27,0.3254,0.280
2/2,ОБА живы,2019-11-28 10:00,2019-11-29 15:00,25,0.4082,0.283
2/2,ОБА живы,2019-12-02 17:00,2019-12-03 08:00,15,0.0218,0.008
2/2,ОБА живы,2019-12-04 11:00,2019-12-06 05:00,41,0.0483,0.034
2/2,ОБА живы,2019-12-09 20:00,2019-12-10 07:00,11,0.4552,0.103
2/2,ОБА живы,2019-12-13 17:00,2019-12-16 06:00,13,0.4532,0.147
2/2,ОБА живы,2019-12-17 17:00,2019-12-18 06:00,13,0.0035,0.001
2/2,ОБА живы,2019-12-19 11:00,2019-12-19 16:00,6,0.7163,0.280
2/2,ОБА живы,2019-12-20 10:00,2019-12-23 05:00,19,0.6398,0.252
2/2,ОБА живы,2019-12-27 09:00,2019-12-27 15:00,7,0.0975,0.026
2/2,ОБА живы,2020-01-07 09:00,2020-01-07 15:00,7,0.2838,0.153
2/2,ОБА живы,2020-01-15 16:00,2020-01-15 23:00,7,0.4769,0.289
2/2,ОБА живы,2020-01-16 17:00,2020-01-17 05:00,12,0.5422,0.263
2/2,ОБА живы,2020-01-17 17:00,2020-01-21 00:00,26,0.1051,0.044
2/2,ОБА живы,2020-01-24 10:00,2020-01-24 15:00,6,0.4977,0.603
2/2,ОБА живы,2020-01-27 10:00,2020-01-28 11:00,25,0.7744,0.460
2/2,ОБА живы,2020-01-29 13:00,2020-01-29 18:00,6,0.0817,0.034
2/2,ОБА живы,2020-01-30 16:00,2020-01-31 14:00,22,0.1141,0.108
2/2,ОБА живы,2020-02-07 08:00,2020-02-07 13:00,6,0.3912,0.245
2/2,ОБА живы,2020-02-07 15:00,2020-02-10 09:00,18,0.6974,0.511
2/2,ОБА живы,2020-02-12 18:00,2020-02-12 21:00,4,0.3574,0.098
2/2,ОБА живы,2020-02-13 16:00,2020-02-14 12:00,20,0.1879,0.060
2/2,ОБА живы,2020-02-17 10:00,2020-02-17 17:00,8,0.3113,0.050
2/2,ОБА живы,2020-02-19 02:00,2020-02-19 07:00,6,0.4197,0.145
2/2,ОБА живы,2020-02-25 17:00,2020-02-26 07:00,14,0.1592,0.274
2/2,ОБА живы,2020-02-26 16:00,2020-02-28 04:00,35,0.0358,0.056
2/2,ОБА живы,2020-03-06 17:00,2020-03-10 04:00,35,0.0220,0.060
2/2,ОБА живы,2020-03-10 14:00,2020-03-10 18:00,5,0.3881,0.277
2/2,ОБА живы,2020-03-23 08:00,2020-03-23 12:00,5,0.7630,1.897
2/2,ОБА живы,2020-03-27 13:00,2020-03-31 07:00,40,0.3636,0.481
2/2,ОБА живы,2020-04-02 01:00,2020-04-02 11:00,11,0.6176,0.631
2/2,ОБА живы,2020-04-03 08:00,2020-04-03 17:00,10,0.3878,0.393
2/2,ОБА живы,2020-04-07 03:00,2020-04-07 06:00,4,0.5083,0.325
2/2,ОБА живы,2020-04-07 22:00,2020-04-09 05:00,31,0.0140,0.013
2/2,ОБА живы,2020-04-14 08:00,2020-04-14 12:00,5,0.7332,0.638
2/2,ОБА живы,2020-04-14 22:00,2020-04-15 05:00,8,0.0184,0.012
2/2,ОБА живы,2020-04-29 03:00,2020-04-30 04:00,25,0.0631,0.077
2/2,ОБА живы,2020-05-04 14:00,2020-05-06 11:00,44,0.0154,0.020
2/2,ОБА живы,2020-05-07 02:00,2020-05-07 10:00,9,0.1662,0.115
2/2,ОБА живы,2020-05-12 22:00,2020-05-13 10:00,13,0.1447,0.063
2/2,ОБА живы,2020-05-25 15:00,2020-05-26 01:00,6,0.2640,0.119
2/2,ОБА живы,2020-05-27 20:00,2020-05-28 00:00,4,0.0866,0.041
2/2,ОБА живы,2020-06-01 16:00,2020-06-02 12:00,20,0.3268,0.161
2/2,ОБА живы,2020-06-11 13:00,2020-06-12 07:00,18,0.2159,0.278
2/2,ОБА живы,2020-06-12 12:00,2020-06-15 04:00,16,0.5531,0.522
2/2,ОБА живы,2020-06-15 20:00,2020-06-16 01:00,5,0.8209,0.241
2/2,ОБА живы,2020-06-16 08:00,2020-06-17 08:00,24,0.5620,0.522
2/2,ОБА живы,2020-06-17 22:00,2020-06-18 07:00,10,0.0134,0.005
2/2,ОБА живы,2020-06-18 16:00,2020-06-19 04:00,12,0.4930,0.164
2/2,ОБА живы,2020-06-23 04:00,2020-06-23 17:00,14,0.6544,0.815
2/2,ОБА живы,2020-06-24 15:00,2020-06-24 19:00,5,0.1426,0.125
2/2,ОБА живы,2020-06-25 08:00,2020-06-26 13:00,29,0.7622,0.753
2/2,ОБА живы,2020-06-29 10:00,2020-06-30 10:00,24,0.3191,0.151
2/2,ОБА живы,2020-07-02 17:00,2020-07-03 01:00,8,0.2196,0.064
2/2,ОБА живы,2020-07-03 07:00,2020-07-06 10:00,23,0.0480,0.024
2/2,ОБА живы,2020-07-09 02:00,2020-07-09 14:00,13,0.2644,0.160
2/2,ОБА живы,2020-07-10 18:00,2020-07-13 23:00,28,0.1592,0.147
2/2,ОБА живы,2020-07-15 10:00,2020-07-16 04:00,18,0.2959,0.181
2/2,ОБА живы,2020-07-22 11:00,2020-07-22 19:00,9,0.3798,0.476
2/2,ОБА живы,2020-07-29 02:00,2020-07-29 18:00,17,0.4186,0.844
2/2,ОБА живы,2020-08-03 12:00,2020-08-04 13:00,25,0.4583,0.428
2/2,ОБА живы,2020-08-05 18:00,2020-08-06 04:00,10,0.4755,0.247
2/2,ОБА живы,2020-08-12 10:00,2020-08-12 13:00,4,0.2354,0.281
2/2,ОБА живы,2020-08-14 08:00,2020-08-14 15:00,8,0.3088,0.265
2/2,ОБА живы,2020-08-18 16:00,2020-08-19 13:00,21,0.7355,1.086
2/2,ОБА живы,2020-08-24 22:00,2020-08-25 08:00,11,0.2626,0.173
2/2,ОБА живы,2020-08-26 04:00,2020-08-26 12:00,9,0.4677,0.609
2/2,ОБА живы,2020-08-27 16:00,2020-08-28 02:00,10,0.8121,0.788
2/2,ОБА живы,2020-09-03 09:00,2020-09-03 14:00,6,0.5766,0.555
2/2,ОБА живы,2020-09-04 04:00,2020-09-04 12:00,9,0.3829,0.478
2/2,ОБА живы,2020-09-04 14:00,2020-09-07 09:00,19,0.1729,0.216
2/2,ОБА живы,2020-09-08 19:00,2020-09-09 13:00,18,0.5853,0.859
2/2,ОБА живы,2020-09-10 04:00,2020-09-10 11:00,8,0.0712,0.038
2/2,ОБА живы,2020-09-10 22:00,2020-09-11 03:00,6,0.4198,0.260
2/2,ОБА живы,2020-09-11 15:00,2020-09-14 11:00,20,0.4012,0.298
2/2,ОБА живы,2020-09-16 16:00,2020-09-16 23:00,7,0.3104,0.273
2/2,ОБА живы,2020-09-17 13:00,2020-09-18 04:00,15,0.5111,0.599
2/2,ОБА живы,2020-09-18 19:00,2020-09-21 07:00,12,0.2921,0.133
2/2,ОБА живы,2020-09-22 15:00,2020-09-23 02:00,11,0.0194,0.010
2/2,ОБА живы,2020-10-02 07:00,2020-10-02 14:00,8,0.3260,0.295
2/2,ОБА живы,2020-10-08 16:00,2020-10-09 01:00,9,0.8639,1.132
2/2,ОБА живы,2020-10-12 13:00,2020-10-13 01:00,12,0.8117,0.383
2/2,ОБА живы,2020-10-16 08:00,2020-10-16 18:00,11,0.3813,0.323
2/2,ОБА живы,2020-10-23 16:00,2020-10-27 01:00,32,0.3415,0.308
2/2,ОБА живы,2020-10-27 11:00,2020-10-28 08:00,21,0.1149,0.065
2/2,ОБА живы,2020-10-30 05:00,2020-10-30 11:00,7,0.7634,0.554
2/2,ОБА живы,2020-11-16 19:00,2020-11-17 19:00,24,0.0565,0.028
2/2,ОБА живы,2020-11-18 17:00,2020-11-19 07:00,14,0.4899,0.619
2/2,ОБА живы,2020-11-20 00:00,2020-11-20 13:00,14,0.4989,0.236
2/2,ОБА живы,2020-11-23 01:00,2020-11-23 09:00,9,0.4547,0.227
2/2,ОБА живы,2020-11-25 03:00,2020-11-25 08:00,6,0.5190,0.386
2/2,ОБА живы,2020-11-25 21:00,2020-11-26 07:00,10,0.5418,0.400
2/2,ОБА живы,2020-11-30 19:00,2020-12-01 04:00,9,0.2895,0.190
2/2,ОБА живы,2020-12-02 04:00,2020-12-02 07:00,4,0.6591,0.343
2/2,ОБА живы,2020-12-04 05:00,2020-12-04 14:00,10,0.2914,0.236
2/2,ОБА живы,2020-12-04 16:00,2020-12-07 13:00,21,0.3009,0.333
2/2,ОБА живы,2020-12-09 06:00,2020-12-09 10:00,5,0.1838,0.100
2/2,ОБА живы,2020-12-11 13:00,2020-12-14 09:00,20,0.4966,0.599
2/2,ОБА живы,2020-12-18 15:00,2020-12-21 00:00,9,0.2440,0.144
2/2,ОБА живы,2020-12-21 12:00,2020-12-22 05:00,17,0.2381,0.191
2/2,ОБА живы,2020-12-23 14:00,2020-12-24 00:00,10,0.2675,0.170
2/2,ОБА живы,2020-12-28 13:00,2020-12-30 01:00,35,0.1859,0.250
2/2,ОБА живы,2021-01-07 08:00,2021-01-08 04:00,20,0.5444,0.453
2/2,ОБА живы,2021-01-12 16:00,2021-01-13 19:00,27,0.3952,0.545
2/2,ОБА живы,2021-01-18 04:00,2021-01-19 07:00,23,0.5368,0.493
2/2,ОБА живы,2021-01-19 15:00,2021-01-20 00:00,9,0.4231,0.236
2/2,ОБА живы,2021-01-21 09:00,2021-01-21 12:00,4,0.6775,0.246
2/2,ОБА живы,2021-01-25 02:00,2021-01-25 09:00,8,0.2040,0.081
2/2,ОБА живы,2021-01-25 18:00,2021-01-26 09:00,15,0.3855,0.242
2/2,ОБА живы,2021-01-26 15:00,2021-01-27 02:00,11,0.3414,0.272
2/2,ОБА живы,2021-02-01 10:00,2021-02-02 06:00,20,0.2840,0.257
2/2,ОБА живы,2021-02-03 04:00,2021-02-04 00:00,20,0.5916,0.423
2/2,ОБА живы,2021-02-08 04:00,2021-02-08 11:00,8,0.6257,0.548
2/2,ОБА живы,2021-02-11 10:00,2021-02-11 15:00,6,0.1949,0.105
2/2,ОБА живы,2021-02-15 09:00,2021-02-16 00:00,11,0.4275,0.195
2/2,ОБА живы,2021-02-18 15:00,2021-02-19 12:00,21,0.2313,0.253
2/2,ОБА живы,2021-02-24 04:00,2021-02-24 12:00,9,0.3715,0.147
2/2,ОБА живы,2021-03-03 03:00,2021-03-03 07:00,5,0.2452,0.078
2/2,ОБА живы,2021-03-04 09:00,2021-03-04 16:00,8,0.0421,0.042
2/2,ОБА живы,2021-03-05 16:00,2021-03-05 21:00,6,0.5360,0.338
2/2,ОБА живы,2021-03-10 13:00,2021-03-10 18:00,6,0.2614,0.193
2/2,ОБА живы,2021-03-11 16:00,2021-03-12 02:00,10,0.4979,0.278
2/2,ОБА живы,2021-03-15 00:00,2021-03-16 04:00,28,0.5250,0.404
2/2,ОБА живы,2021-03-16 09:00,2021-03-17 10:00,25,0.2723,0.226
2/2,ОБА живы,2021-03-22 03:00,2021-03-22 06:00,4,0.7417,0.583
2/2,ОБА живы,2021-03-22 20:00,2021-03-23 00:00,4,0.4329,0.098
2/2,ОБА живы,2021-03-23 12:00,2021-03-23 15:00,4,0.5575,0.512
2/2,ОБА живы,2021-03-25 15:00,2021-03-26 14:00,23,0.0191,0.018
2/2,ОБА живы,2021-03-31 08:00,2021-03-31 12:00,5,0.1881,0.081
2/2,ОБА живы,2021-04-07 17:00,2021-04-08 09:00,16,0.2019,0.168
2/2,ОБА живы,2021-04-09 15:00,2021-04-12 00:00,9,0.5199,0.173
2/2,ОБА живы,2021-04-14 16:00,2021-04-15 05:00,13,0.5695,0.296
2/2,ОБА живы,2021-04-19 03:00,2021-04-19 08:00,6,0.7386,0.550
2/2,ОБА живы,2021-04-19 15:00,2021-04-19 23:00,8,0.0050,0.002
2/2,ОБА живы,2021-04-20 05:00,2021-04-20 19:00,15,0.3499,0.332
2/2,ОБА живы,2021-04-23 03:00,2021-04-23 10:00,8,0.2078,0.078
2/2,ОБА живы,2021-04-26 14:00,2021-04-27 11:00,21,0.4205,0.271
2/2,ОБА живы,2021-04-28 17:00,2021-04-29 00:00,7,0.7063,0.609
2/2,ОБА живы,2021-05-04 16:00,2021-05-05 02:00,10,0.4382,0.290
2/2,ОБА живы,2021-05-05 10:00,2021-05-06 01:00,15,0.5497,0.544
2/2,ОБА живы,2021-05-11 15:00,2021-05-12 11:00,20,0.0283,0.019
2/2,ОБА живы,2021-05-12 14:00,2021-05-12 19:00,6,0.4799,0.395
2/2,ОБА живы,2021-05-21 18:00,2021-05-24 07:00,13,0.2510,0.132
2/2,ОБА живы,2021-05-24 14:00,2021-05-25 00:00,10,0.6441,0.317
2/2,ОБА живы,2021-05-25 09:00,2021-05-25 14:00,6,0.4325,0.372
2/2,ОБА живы,2021-05-28 08:00,2021-05-28 15:00,8,0.1183,0.115
2/2,ОБА живы,2021-05-31 13:00,2021-06-01 00:00,7,0.3990,0.105
2/2,ОБА живы,2021-06-08 15:00,2021-06-09 00:00,9,0.9044,0.208
2/2,ОБА живы,2021-06-09 15:00,2021-06-09 23:00,8,0.5582,0.147
2/2,ОБА живы,2021-06-11 20:00,2021-06-14 00:00,4,0.9274,0.367
2/2,ОБА живы,2021-06-16 08:00,2021-06-16 17:00,10,0.1882,0.105
2/2,ОБА живы,2021-06-23 05:00,2021-06-23 12:00,8,0.1005,0.053
2/2,ОБА живы,2021-06-28 08:00,2021-06-29 00:00,16,0.3367,0.188
2/2,ОБА живы,2021-07-01 17:00,2021-07-02 02:00,9,0.6327,0.290
2/2,ОБА живы,2021-07-07 16:00,2021-07-08 01:00,9,0.2276,0.114
2/2,ОБА живы,2021-07-08 17:00,2021-07-09 15:00,22,0.5453,0.454
2/2,ОБА живы,2021-07-15 17:00,2021-07-16 13:00,20,0.2787,0.252
2/2,ОБА живы,2021-07-26 16:00,2021-07-27 11:00,19,0.1099,0.046
2/2,ОБА живы,2021-07-27 16:00,2021-07-28 01:00,9,0.3991,0.131
2/2,ОБА живы,2021-07-28 16:00,2021-07-29 00:00,8,0.4090,0.399
2/2,ОБА живы,2021-07-30 03:00,2021-07-30 11:00,9,0.1717,0.051
2/2,ОБА живы,2021-08-02 19:00,2021-08-03 02:00,7,0.2864,0.110
2/2,ОБА живы,2021-08-03 15:00,2021-08-04 11:00,20,0.8226,0.474
2/2,ОБА живы,2021-08-04 17:00,2021-08-04 23:00,6,0.2663,0.038
2/2,ОБА живы,2021-08-05 09:00,2021-08-05 13:00,5,0.3968,0.373
2/2,ОБА живы,2021-08-10 08:00,2021-08-10 12:00,5,0.4134,0.229
2/2,ОБА живы,2021-08-10 14:00,2021-08-11 09:00,19,0.3941,0.399
2/2,ОБА живы,2021-08-12 08:00,2021-08-12 12:00,5,0.4639,0.363
2/2,ОБА живы,2021-08-17 17:00,2021-08-18 02:00,9,0.7725,0.392
2/2,ОБА живы,2021-08-19 15:00,2021-08-23 09:00,41,0.4074,0.283
2/2,ОБА живы,2021-08-24 15:00,2021-08-24 23:00,8,0.7851,0.268
2/2,ОБА живы,2021-08-26 17:00,2021-08-27 01:00,8,0.5868,0.180
2/2,ОБА живы,2021-08-30 08:00,2021-08-30 14:00,7,0.4155,0.178
2/2,ОБА живы,2021-08-31 15:00,2021-09-01 11:00,20,0.4005,0.284
2/2,ОБА живы,2021-09-01 17:00,2021-09-02 03:00,10,0.3032,0.082
2/2,ОБА живы,2021-09-02 12:00,2021-09-03 02:00,14,0.0390,0.025
2/2,ОБА живы,2021-09-08 09:00,2021-09-08 12:00,4,0.0432,0.014
2/2,ОБА живы,2021-09-09 16:00,2021-09-10 04:00,12,0.3029,0.151
2/2,ОБА живы,2021-09-13 16:00,2021-09-14 07:00,15,0.5365,0.174
2/2,ОБА живы,2021-09-24 10:00,2021-09-26 23:00,13,0.3799,0.371
2/2,ОБА живы,2021-09-27 12:00,2021-09-28 05:00,17,0.4848,0.296
2/2,ОБА живы,2021-09-29 04:00,2021-09-29 09:00,6,0.6983,0.262
2/2,ОБА живы,2021-10-04 16:00,2021-10-04 22:00,6,0.0274,0.010
2/2,ОБА живы,2021-10-05 20:00,2021-10-07 00:00,27,0.1497,0.162
2/2,ОБА живы,2021-10-07 09:00,2021-10-08 10:00,25,0.0177,0.013
2/2,ОБА живы,2021-10-11 03:00,2021-10-12 10:00,31,0.5221,0.390
2/2,ОБА живы,2021-10-20 14:00,2021-10-21 11:00,21,0.3277,0.233
2/2,ОБА живы,2021-10-27 15:00,2021-10-28 00:00,9,0.0360,0.016
2/2,ОБА живы,2021-10-28 16:00,2021-10-29 11:00,19,0.6256,0.433
2/2,ОБА живы,2021-11-02 04:00,2021-11-02 15:00,12,0.5223,0.290
2/2,ОБА живы,2021-11-09 09:00,2021-11-09 12:00,4,0.2128,0.068
2/2,ОБА живы,2021-11-12 17:00,2021-11-15 01:00,8,0.3713,0.228
2/2,ОБА живы,2021-11-15 15:00,2021-11-16 07:00,16,0.1876,0.107
2/2,ОБА живы,2021-11-19 06:00,2021-11-19 16:00,11,0.1780,0.136
2/2,ОБА живы,2021-11-22 06:00,2021-11-22 09:00,4,0.3821,0.142
2/2,ОБА живы,2021-11-25 04:00,2021-11-25 07:00,4,0.4874,0.077
2/2,ОБА живы,2021-11-26 18:00,2021-11-29 08:00,11,0.1739,0.286
2/2,ОБА живы,2021-12-06 19:00,2021-12-08 00:00,28,0.4449,0.391
2/2,ОБА живы,2021-12-13 16:00,2021-12-14 08:00,16,0.4787,0.217
2/2,ОБА живы,2021-12-19 23:00,2021-12-20 13:00,15,0.3905,0.214
2/2,ОБА живы,2021-12-21 17:00,2021-12-22 06:00,13,0.0530,0.014
2/2,ОБА живы,2021-12-23 16:00,2021-12-27 07:00,15,0.2451,0.083
2/2,ОБА живы,2021-12-27 17:00,2021-12-28 05:00,12,0.6977,0.263
2/2,ОБА живы,2021-12-28 20:00,2021-12-29 05:00,9,0.3254,0.065
2/2,ОБА живы,2022-01-04 04:00,2022-01-04 12:00,9,0.2221,0.125
2/2,ОБА живы,2022-01-05 23:00,2022-01-06 02:00,4,0.2404,0.059
2/2,ОБА живы,2022-01-07 05:00,2022-01-07 16:00,12,0.2420,0.184
2/2,ОБА живы,2022-01-10 16:00,2022-01-11 03:00,11,0.8321,0.673
2/2,ОБА живы,2022-01-13 11:00,2022-01-14 02:00,15,0.1180,0.088
2/2,ОБА живы,2022-01-21 16:00,2022-01-24 09:00,17,0.3903,0.335
2/2,ОБА живы,2022-01-24 17:00,2022-01-25 08:00,15,0.0243,0.014
2/2,ОБА живы,2022-02-02 17:00,2022-02-03 08:00,15,0.6080,0.269
2/2,ОБА живы,2022-02-04 16:00,2022-02-07 15:00,23,0.6391,0.496
2/2,ОБА живы,2022-02-09 16:00,2022-02-10 01:00,9,0.1717,0.070
2/2,ОБА живы,2022-02-10 10:00,2022-02-10 15:00,6,0.1315,0.136
2/2,ОБА живы,2022-02-11 09:00,2022-02-11 17:00,9,0.9102,0.799
2/2,ОБА живы,2022-02-18 12:00,2022-02-18 21:00,10,0.3096,0.174
2/2,ОБА живы,2022-02-22 13:00,2022-02-23 04:00,15,0.3956,0.277
2/2,ОБА живы,2022-02-28 01:00,2022-02-28 07:00,7,0.6967,0.889
2/2,ОБА живы,2022-02-28 15:00,2022-03-01 08:00,17,0.1623,0.222
2/2,ОБА живы,2022-03-02 12:00,2022-03-02 15:00,4,0.0569,0.040
2/2,ОБА живы,2022-03-07 15:00,2022-03-08 05:00,14,0.5218,0.662
2/2,ОБА живы,2022-03-11 07:00,2022-03-11 10:00,4,0.0030,0.002
2/2,ОБА живы,2022-03-16 13:00,2022-03-17 02:00,13,0.4544,0.976
2/2,ОБА живы,2022-03-18 05:00,2022-03-18 17:00,13,0.2100,0.209
2/2,ОБА живы,2022-03-21 16:00,2022-03-22 07:00,15,0.2070,0.155
2/2,ОБА живы,2022-03-25 17:00,2022-03-28 00:00,7,0.6116,0.216
2/2,ОБА живы,2022-04-04 16:00,2022-04-05 12:00,20,0.3205,0.186
2/2,ОБА живы,2022-04-05 16:00,2022-04-06 04:00,12,0.1982,0.094
2/2,ОБА живы,2022-04-08 07:00,2022-04-08 14:00,8,0.5825,0.574
2/2,ОБА живы,2022-04-14 14:00,2022-04-17 22:00,8,0.3330,0.327
2/2,ОБА живы,2022-04-18 20:00,2022-04-19 14:00,18,0.7566,1.173
2/2,ОБА живы,2022-04-20 13:00,2022-04-20 18:00,6,0.2658,0.150
2/2,ОБА живы,2022-04-21 13:00,2022-04-22 05:00,16,0.4856,0.403
2/2,ОБА живы,2022-04-26 09:00,2022-04-27 07:00,22,0.4407,0.356
2/2,ОБА живы,2022-04-27 14:00,2022-04-28 00:00,10,0.1571,0.085
2/2,ОБА живы,2022-04-28 11:00,2022-04-29 00:00,13,0.6843,0.585
2/2,ОБА живы,2022-05-04 10:00,2022-05-04 17:00,8,0.0049,0.003
2/2,ОБА живы,2022-05-11 14:00,2022-05-12 00:00,10,0.5405,0.332
2/2,ОБА живы,2022-05-12 09:00,2022-05-12 15:00,7,0.6695,0.678
2/2,ОБА живы,2022-05-20 09:00,2022-05-22 23:00,14,0.0348,0.032
2/2,ОБА живы,2022-05-23 19:00,2022-05-24 11:00,16,0.4424,0.272
2/2,ОБА живы,2022-05-26 16:00,2022-05-27 00:00,8,0.2343,0.097
2/2,ОБА живы,2022-05-30 01:00,2022-05-30 23:00,20,0.2807,0.230
2/2,ОБА живы,2022-06-08 06:00,2022-06-08 14:00,9,0.5450,0.359
2/2,ОБА живы,2022-06-20 05:00,2022-06-21 09:00,26,0.4139,0.274
2/2,ОБА живы,2022-06-21 16:00,2022-06-21 23:00,7,0.5795,0.267
2/2,ОБА живы,2022-06-23 15:00,2022-06-27 00:00,32,0.1696,0.232
2/2,ОБА живы,2022-06-28 10:00,2022-06-29 05:00,19,0.2788,0.130
2/2,ОБА живы,2022-06-30 15:00,2022-07-01 06:00,15,0.8315,0.895
2/2,ОБА живы,2022-07-04 12:00,2022-07-05 07:00,17,0.2248,0.087
2/2,ОБА живы,2022-07-08 16:00,2022-07-11 06:00,14,0.4722,0.163
2/2,ОБА живы,2022-07-19 13:00,2022-07-20 06:00,17,0.3921,0.212
2/2,ОБА живы,2022-07-20 11:00,2022-07-20 15:00,5,0.0318,0.015
2/2,ОБА живы,2022-07-25 03:00,2022-07-25 13:00,11,0.4282,0.422
2/2,ОБА живы,2022-07-29 16:00,2022-08-01 08:00,16,0.2171,0.112
2/2,ОБА живы,2022-08-03 15:00,2022-08-04 01:00,10,0.7403,0.549
2/2,ОБА живы,2022-08-05 03:00,2022-08-05 07:00,5,0.3711,0.094
2/2,ОБА живы,2022-08-18 13:00,2022-08-18 22:00,9,0.5788,0.475
2/2,ОБА живы,2022-08-24 11:00,2022-08-25 01:00,14,0.6907,0.559
2/2,ОБА живы,2022-08-30 10:00,2022-08-30 13:00,4,0.2279,0.094
2/2,ОБА живы,2022-09-09 15:00,2022-09-12 06:00,15,0.4261,0.220
2/2,ОБА живы,2022-09-14 10:00,2022-09-14 17:00,8,0.6251,0.350
2/2,ОБА живы,2022-09-20 02:00,2022-09-20 05:00,4,0.8026,0.356
2/2,ОБА живы,2022-09-26 03:00,2022-09-26 16:00,14,0.3323,0.445
2/2,ОБА живы,2022-10-02 22:00,2022-10-03 13:00,16,0.2793,0.252
2/2,ОБА живы,2022-10-12 04:00,2022-10-12 18:00,15,0.3116,0.252
2/2,ОБА живы,2022-10-17 22:00,2022-10-18 04:00,7,0.7332,0.529
2/2,ОБА живы,2022-10-18 11:00,2022-10-19 05:00,18,0.4854,0.362
2/2,ОБА живы,2022-10-20 22:00,2022-10-21 03:00,6,0.6561,0.313
2/2,ОБА живы,2022-10-25 04:00,2022-10-25 08:00,5,0.6734,0.382
2/2,ОБА живы,2022-10-25 16:00,2022-10-26 05:00,13,0.5230,0.334
2/2,ОБА живы,2022-10-31 16:00,2022-11-01 05:00,13,0.4715,0.328
2/2,ОБА живы,2022-11-03 01:00,2022-11-03 06:00,6,0.5250,0.221
2/2,ОБА живы,2022-11-09 03:00,2022-11-10 12:00,33,0.0000,0.000
2/2,ОБА живы,2022-11-15 16:00,2022-11-17 01:00,32,0.0428,0.043
2/2,ОБА живы,2022-11-22 21:00,2022-11-23 02:00,5,0.4439,0.098
2/2,ОБА живы,2022-11-23 09:00,2022-11-23 18:00,10,0.2060,0.240
2/2,ОБА живы,2022-11-25 06:00,2022-11-25 12:00,7,0.7735,0.345
2/2,ОБА живы,2022-11-28 00:00,2022-11-28 07:00,8,0.1369,0.063
2/2,ОБА живы,2022-12-05 12:00,2022-12-05 15:00,4,0.7866,1.110
2/2,ОБА живы,2022-12-06 20:00,2022-12-07 07:00,11,0.2003,0.073
2/2,ОБА живы,2022-12-14 17:00,2022-12-15 01:00,8,0.5272,0.547
2/2,ОБА живы,2022-12-19 07:00,2022-12-19 14:00,8,0.0917,0.050
2/2,ОБА живы,2022-12-21 13:00,2022-12-22 12:00,23,0.0484,0.029
2/2,ОБА живы,2022-12-29 04:00,2022-12-29 13:00,10,0.1812,0.077
2/2,ОБА живы,2022-12-30 12:00,2022-12-30 21:00,10,0.3602,0.233
2/2,ОБА живы,2023-01-06 05:00,2023-01-06 12:00,8,0.0916,0.037
2/2,ОБА живы,2023-01-09 19:00,2023-01-10 09:00,14,0.1718,0.086
2/2,ОБА живы,2023-01-10 14:00,2023-01-11 04:00,14,0.0389,0.020
2/2,ОБА живы,2023-01-11 18:00,2023-01-12 01:00,7,0.3444,0.146
2/2,ОБА живы,2023-01-17 02:00,2023-01-17 05:00,4,0.0449,0.019
2/2,ОБА живы,2023-01-17 16:00,2023-01-18 02:00,10,0.6289,0.418
2/2,ОБА живы,2023-01-19 04:00,2023-01-19 18:00,15,0.7944,0.797
2/2,ОБА живы,2023-01-20 16:00,2023-01-23 13:00,21,0.1741,0.151
2/2,ОБА живы,2023-01-25 04:00,2023-01-25 17:00,14,0.4259,0.454
2/2,ОБА живы,2023-01-27 15:00,2023-01-31 04:00,36,0.2219,0.206
2/2,ОБА живы,2023-01-31 20:00,2023-02-01 14:00,18,0.0494,0.025
2/2,ОБА живы,2023-02-07 11:00,2023-02-08 06:00,19,0.4538,0.470
2/2,ОБА живы,2023-02-08 16:00,2023-02-09 07:00,15,0.5082,0.272
2/2,ОБА живы,2023-02-10 10:00,2023-02-13 15:00,29,0.5041,0.417
2/2,ОБА живы,2023-02-14 08:00,2023-02-15 06:00,22,0.5785,0.892
2/2,ОБА живы,2023-02-16 08:00,2023-02-16 12:00,5,0.2196,0.120
2/2,ОБА живы,2023-02-16 21:00,2023-02-17 15:00,18,0.0931,0.112
2/2,ОБА живы,2023-02-22 12:00,2023-02-22 18:00,7,0.6517,0.588
2/2,ОБА живы,2023-02-27 03:00,2023-02-27 13:00,11,0.7497,0.401
2/2,ОБА живы,2023-03-02 10:00,2023-03-03 05:00,19,0.6464,0.403
2/2,ОБА живы,2023-03-06 13:00,2023-03-06 17:00,5,0.2023,0.061
2/2,ОБА живы,2023-03-09 04:00,2023-03-09 09:00,6,0.4157,0.147
2/2,ОБА живы,2023-03-13 09:00,2023-03-13 13:00,5,0.3709,0.568
2/2,ОБА живы,2023-03-16 03:00,2023-03-17 03:00,24,0.6337,0.756
2/2,ОБА живы,2023-03-20 16:00,2023-03-21 06:00,14,0.1078,0.073
2/2,ОБА живы,2023-03-24 14:00,2023-03-24 20:00,7,0.6728,0.780
2/2,ОБА живы,2023-03-27 18:00,2023-03-28 00:00,6,0.4162,0.172
2/2,ОБА живы,2023-03-30 03:00,2023-03-30 15:00,13,0.8590,0.775
2/2,ОБА живы,2023-03-31 10:00,2023-04-03 09:00,23,0.3528,0.674
2/2,ОБА живы,2023-04-05 16:00,2023-04-06 00:00,8,0.6193,0.212
2/2,ОБА живы,2023-04-12 15:00,2023-04-13 08:00,17,0.8676,1.037
2/2,ОБА живы,2023-04-18 15:00,2023-04-19 04:00,13,0.4655,0.228
2/2,ОБА живы,2023-04-24 11:00,2023-04-24 17:00,7,0.3871,0.326
2/2,ОБА живы,2023-04-26 19:00,2023-04-27 03:00,8,0.8510,0.595
2/2,ОБА живы,2023-04-27 15:00,2023-05-01 00:00,32,0.0887,0.084
2/2,ОБА живы,2023-05-02 10:00,2023-05-02 13:00,4,0.1918,0.066
2/2,ОБА живы,2023-05-08 15:00,2023-05-09 02:00,11,0.3381,0.164
2/2,ОБА живы,2023-05-11 03:00,2023-05-11 12:00,10,0.2585,0.250
2/2,ОБА живы,2023-05-15 00:00,2023-05-16 01:00,25,0.4242,0.282
2/2,ОБА живы,2023-05-22 08:00,2023-05-22 22:00,14,0.6851,0.476
2/2,ОБА живы,2023-05-24 09:00,2023-05-24 14:00,6,0.3525,0.335
2/2,ОБА живы,2023-05-26 09:00,2023-05-30 04:00,40,0.9058,0.753
2/2,ОБА живы,2023-05-31 07:00,2023-05-31 12:00,6,0.7729,0.338
2/2,ОБА живы,2023-06-06 09:00,2023-06-07 05:00,20,0.0653,0.041
2/2,ОБА живы,2023-06-07 07:00,2023-06-07 15:00,9,0.3790,0.460
2/2,ОБА живы,2023-06-09 10:00,2023-06-12 00:00,14,0.3234,0.272
2/2,ОБА живы,2023-06-15 19:00,2023-06-16 07:00,12,0.3377,0.150
2/2,ОБА живы,2023-06-16 16:00,2023-06-19 08:00,16,0.1768,0.063
2/2,ОБА живы,2023-06-20 00:00,2023-06-20 12:00,13,0.5020,0.324
2/2,ОБА живы,2023-06-21 01:00,2023-06-21 08:00,8,0.2091,0.089
2/2,ОБА живы,2023-06-21 20:00,2023-06-22 03:00,7,0.0526,0.009
2/2,ОБА живы,2023-06-26 15:00,2023-06-27 13:00,22,0.1971,0.112
2/2,ОБА живы,2023-06-29 16:00,2023-06-30 07:00,15,0.7061,0.261
2/2,ОБА живы,2023-07-10 19:00,2023-07-11 01:00,6,0.0936,0.017
2/2,ОБА живы,2023-07-17 07:00,2023-07-18 00:00,17,0.2175,0.157
2/2,ОБА живы,2023-07-19 08:00,2023-07-20 00:00,16,0.1559,0.080
2/2,ОБА живы,2023-07-24 16:00,2023-07-25 12:00,20,0.0403,0.023
2/2,ОБА живы,2023-07-25 18:00,2023-07-25 22:00,4,0.2444,0.053
2/2,ОБА живы,2023-07-26 17:00,2023-07-27 00:00,7,0.1950,0.127
2/2,ОБА живы,2023-08-03 17:00,2023-08-04 11:00,18,0.3653,0.128
2/2,ОБА живы,2023-08-10 17:00,2023-08-11 06:00,13,0.2574,0.137
2/2,ОБА живы,2023-08-14 10:00,2023-08-14 13:00,4,0.8276,0.533
2/2,ОБА живы,2023-08-16 11:00,2023-08-16 18:00,8,0.6687,0.426
2/2,ОБА живы,2023-08-18 12:00,2023-08-21 11:00,23,0.2325,0.148
2/2,ОБА живы,2023-08-21 16:00,2023-08-22 02:00,10,0.2235,0.097
2/2,ОБА живы,2023-08-22 15:00,2023-08-23 00:00,9,0.2192,0.061
2/2,ОБА живы,2023-08-24 14:00,2023-08-25 13:00,23,0.5685,0.312
2/2,ОБА живы,2023-08-28 08:00,2023-08-29 10:00,26,0.4271,0.296
2/2,ОБА живы,2023-09-01 16:00,2023-09-04 00:00,8,0.6349,0.143
2/2,ОБА живы,2023-09-04 16:00,2023-09-05 00:00,6,0.2660,0.026
2/2,ОБА живы,2023-09-06 10:00,2023-09-06 13:00,4,0.2027,0.085
2/2,ОБА живы,2023-09-08 18:00,2023-09-11 01:00,7,0.5763,0.200
2/2,ОБА живы,2023-09-12 06:00,2023-09-12 10:00,5,0.6804,0.229
2/2,ОБА живы,2023-09-13 15:00,2023-09-14 06:00,15,0.4767,0.163
2/2,ОБА живы,2023-09-14 18:00,2023-09-15 00:00,6,0.8739,0.160
2/2,ОБА живы,2023-09-19 20:00,2023-09-20 06:00,10,0.2201,0.045
2/2,ОБА живы,2023-09-21 03:00,2023-09-21 08:00,6,0.6847,0.272
2/2,ОБА живы,2023-09-22 16:00,2023-09-25 03:00,11,0.2809,0.086
2/2,ОБА живы,2023-09-25 09:00,2023-09-25 14:00,6,0.5099,0.309
2/2,ОБА живы,2023-09-28 09:00,2023-09-28 14:00,6,0.7323,0.561
2/2,ОБА живы,2023-10-04 20:00,2023-10-05 02:00,6,0.6136,0.268
2/2,ОБА живы,2023-10-06 06:00,2023-10-06 12:00,7,0.2953,0.239
2/2,ОБА живы,2023-10-06 17:00,2023-10-06 20:00,4,0.0389,0.011
2/2,ОБА живы,2023-10-19 05:00,2023-10-19 16:00,12,0.9131,0.775
2/2,ОБА живы,2023-10-24 04:00,2023-10-24 08:00,5,0.4259,0.199
2/2,ОБА живы,2023-10-25 17:00,2023-10-26 03:00,10,0.3764,0.205
2/2,ОБА живы,2023-10-26 16:00,2023-10-27 03:00,11,0.3802,0.183
2/2,ОБА живы,2023-10-30 10:00,2023-10-31 09:00,23,0.2532,0.152
2/2,ОБА живы,2023-11-02 17:00,2023-11-03 07:00,14,0.1967,0.077
2/2,ОБА живы,2023-11-06 05:00,2023-11-06 14:00,10,0.1287,0.044
2/2,ОБА живы,2023-11-15 03:00,2023-11-15 09:00,7,0.5661,0.234
2/2,ОБА живы,2023-11-15 16:00,2023-11-16 05:00,13,0.0756,0.029
2/2,ОБА живы,2023-11-17 16:00,2023-11-17 21:00,6,0.0738,0.025
2/2,ОБА живы,2023-11-29 21:00,2023-11-30 07:00,10,0.0631,0.018
2/2,ОБА живы,2023-12-01 03:00,2023-12-01 07:00,5,0.0048,0.001
2/2,ОБА живы,2023-12-04 17:00,2023-12-05 02:00,9,0.4591,0.433
2/2,ОБА живы,2023-12-07 16:00,2023-12-08 12:00,20,0.0803,0.055
2/2,ОБА живы,2023-12-12 15:00,2023-12-13 18:00,27,0.0419,0.029
2/2,ОБА живы,2023-12-14 15:00,2023-12-15 07:00,16,0.1367,0.119
2/2,ОБА живы,2024-01-05 03:00,2024-01-08 02:00,23,0.1017,0.197
2/2,ОБА живы,2024-01-09 18:00,2024-01-11 15:00,44,0.0051,0.006
2/2,ОБА живы,2024-01-15 14:00,2024-01-16 02:00,10,0.2179,0.075
2/2,ОБА живы,2024-01-23 16:00,2024-01-23 19:00,4,0.5119,0.202
2/2,ОБА живы,2024-01-25 16:00,2024-01-30 06:00,60,0.7959,0.990
2/2,ОБА живы,2024-01-30 17:00,2024-01-31 12:00,19,0.5076,0.222
2/2,ОБА живы,2024-01-31 23:00,2024-02-01 15:00,17,0.5231,0.590
2/2,ОБА живы,2024-02-02 16:00,2024-02-05 07:00,15,0.5609,0.427
2/2,ОБА живы,2024-02-06 03:00,2024-02-06 14:00,12,0.6611,0.331
2/2,ОБА живы,2024-02-12 10:00,2024-02-12 13:00,4,0.2067,0.093
2/2,ОБА живы,2024-02-14 20:00,2024-02-15 08:00,12,0.6408,0.206
2/2,ОБА живы,2024-02-20 03:00,2024-02-20 06:00,4,0.3054,0.059
2/2,ОБА живы,2024-02-21 07:00,2024-02-21 14:00,8,0.2360,0.065
2/2,ОБА живы,2024-02-22 20:00,2024-02-23 08:00,12,0.5495,0.251
2/2,ОБА живы,2024-02-26 17:00,2024-02-27 07:00,14,0.6930,0.331
2/2,ОБА живы,2024-02-28 16:00,2024-02-29 00:00,8,0.1192,0.028
2/2,ОБА живы,2024-03-01 02:00,2024-03-01 07:00,6,0.0046,0.001
2/2,ОБА живы,2024-03-07 16:00,2024-03-08 08:00,16,0.4622,0.416
2/2,ОБА живы,2024-03-11 11:00,2024-03-12 10:00,23,0.2019,0.112
2/2,ОБА живы,2024-03-13 04:00,2024-03-13 09:00,6,0.1860,0.037
2/2,ОБА живы,2024-03-18 14:00,2024-03-19 06:00,16,0.1966,0.080
2/2,ОБА живы,2024-03-20 00:00,2024-03-20 11:00,12,0.4021,0.148
2/2,ОБА живы,2024-03-22 15:00,2024-03-26 07:00,39,0.2805,0.314
2/2,ОБА живы,2024-03-28 02:00,2024-03-28 09:00,8,0.2588,0.137
2/2,ОБА живы,2024-04-02 17:00,2024-04-03 03:00,10,0.6666,0.848
2/2,ОБА живы,2024-04-04 14:00,2024-04-05 14:00,24,0.3927,0.976
2/2,ОБА живы,2024-04-09 03:00,2024-04-09 06:00,4,0.1018,0.021
2/2,ОБА живы,2024-04-14 22:00,2024-04-15 17:00,20,0.1756,0.363
2/2,ОБА живы,2024-04-16 18:00,2024-04-17 16:00,22,0.5614,0.832
2/2,ОБА живы,2024-04-18 16:00,2024-04-19 00:00,8,0.5461,0.356
2/2,ОБА живы,2024-04-19 13:00,2024-04-22 04:00,15,0.2248,0.380
2/2,ОБА живы,2024-04-23 16:00,2024-04-24 01:00,9,0.7900,0.520
2/2,ОБА живы,2024-04-24 11:00,2024-04-25 09:00,22,0.2701,0.377
2/2,ОБА живы,2024-04-29 11:00,2024-04-30 03:00,16,0.3689,0.335
2/2,ОБА живы,2024-05-03 07:00,2024-05-03 12:00,6,0.2155,0.244
2/2,ОБА живы,2024-05-03 14:00,2024-05-06 00:00,10,0.2368,0.209
2/2,ОБА живы,2024-05-08 07:00,2024-05-09 11:00,28,0.5926,0.447
2/2,ОБА живы,2024-05-21 17:00,2024-05-22 02:00,9,0.2008,0.088
2/2,ОБА живы,2024-05-28 15:00,2024-05-29 06:00,15,0.4004,0.189
2/2,ОБА живы,2024-05-30 22:00,2024-05-31 11:00,14,0.0274,0.013
2/2,ОБА живы,2024-06-04 03:00,2024-06-04 06:00,4,0.1498,0.049
2/2,ОБА живы,2024-06-06 15:00,2024-06-06 23:00,8,0.1866,0.114
2/2,ОБА живы,2024-06-10 04:00,2024-06-10 10:00,7,0.3335,0.161
2/2,ОБА живы,2024-06-13 14:00,2024-06-14 02:00,12,0.3214,0.300
2/2,ОБА живы,2024-06-17 16:00,2024-06-18 09:00,17,0.3883,0.250
2/2,ОБА живы,2024-06-18 19:00,2024-06-19 00:00,5,0.0635,0.010
2/2,ОБА живы,2024-06-19 16:00,2024-06-20 00:00,6,0.0985,0.015
2/2,ОБА живы,2024-06-21 09:00,2024-06-21 13:00,5,0.6864,0.987
2/2,ОБА живы,2024-06-24 15:00,2024-06-25 02:00,11,0.0967,0.048
2/2,ОБА живы,2024-06-30 23:00,2024-07-01 09:00,11,0.2387,0.112
2/2,ОБА живы,2024-07-02 14:00,2024-07-03 04:00,14,0.5263,0.335
2/2,ОБА живы,2024-07-04 08:00,2024-07-05 04:00,18,0.4878,0.215
2/2,ОБА живы,2024-07-09 16:00,2024-07-10 03:00,11,0.7827,0.456
2/2,ОБА живы,2024-07-15 09:00,2024-07-15 13:00,5,0.6386,0.348
2/2,ОБА живы,2024-07-22 03:00,2024-07-22 12:00,10,0.6012,0.517
2/2,ОБА живы,2024-07-23 03:00,2024-07-23 19:00,17,0.3871,0.384
2/2,ОБА живы,2024-07-25 12:00,2024-07-25 16:00,5,0.4332,0.361
2/2,ОБА живы,2024-07-29 10:00,2024-07-29 13:00,4,0.0480,0.023
2/2,ОБА живы,2024-08-01 04:00,2024-08-01 07:00,4,0.4358,0.160
2/2,ОБА живы,2024-08-02 17:00,2024-08-05 00:00,7,0.1727,0.233
2/2,ОБА живы,2024-08-05 06:00,2024-08-05 10:00,5,0.5348,0.826
2/2,ОБА живы,2024-08-06 02:00,2024-08-07 10:00,32,0.2713,0.421
2/2,ОБА живы,2024-08-14 04:00,2024-08-14 14:00,11,0.3507,0.471
2/2,ОБА живы,2024-08-15 15:00,2024-08-16 03:00,12,0.5379,0.242
2/2,ОБА живы,2024-08-19 18:00,2024-08-20 04:00,10,0.3626,0.138
2/2,ОБА живы,2024-08-21 12:00,2024-08-22 12:00,24,0.3883,0.392
2/2,ОБА живы,2024-08-28 08:00,2024-08-28 23:00,15,0.0023,0.002
2/2,ОБА живы,2024-08-29 19:00,2024-08-30 14:00,19,0.5903,0.480
2/2,ОБА живы,2024-09-02 10:00,2024-09-03 00:00,12,0.4089,0.135
2/2,ОБА живы,2024-09-16 12:00,2024-09-17 14:00,26,0.3283,0.267
2/2,ОБА живы,2024-09-18 13:00,2024-09-18 18:00,6,0.1135,0.148
2/2,ОБА живы,2024-09-18 20:00,2024-09-19 06:00,10,0.5429,0.649
2/2,ОБА живы,2024-09-23 09:00,2024-09-24 03:00,18,0.6029,0.475
2/2,ОБА живы,2024-09-24 09:00,2024-09-24 13:00,5,0.3415,0.180
2/2,ОБА живы,2024-09-25 09:00,2024-09-26 07:00,22,0.4308,0.289
2/2,ОБА живы,2024-09-26 15:00,2024-09-27 07:00,16,0.4010,0.252
2/2,ОБА живы,2024-10-02 14:00,2024-10-04 01:00,34,0.3872,0.386
2/2,ОБА живы,2024-10-04 17:00,2024-10-07 06:00,13,0.4768,0.257
2/2,ОБА живы,2024-10-07 08:00,2024-10-07 11:00,4,0.5312,0.178
2/2,ОБА живы,2024-10-07 13:00,2024-10-08 01:00,12,0.2841,0.171
2/2,ОБА живы,2024-10-09 07:00,2024-10-10 11:00,28,0.0797,0.053
2/2,ОБА живы,2024-10-10 14:00,2024-10-10 18:00,5,0.0772,0.039
2/2,ОБА живы,2024-10-15 18:00,2024-10-16 05:00,11,0.3769,0.167
2/2,ОБА живы,2024-11-01 12:00,2024-11-01 16:00,5,0.4744,0.388
2/2,ОБА живы,2024-11-04 12:00,2024-11-05 01:00,13,0.5537,0.332
2/2,ОБА живы,2024-11-08 09:00,2024-11-11 00:00,15,0.2325,0.195
2/2,ОБА живы,2024-11-15 08:00,2024-11-17 23:00,15,0.2724,0.175
2/2,ОБА живы,2024-11-20 10:00,2024-11-20 15:00,6,0.8501,0.905
2/2,ОБА живы,2024-11-26 03:00,2024-11-27 03:00,24,0.2354,0.279
2/2,ОБА живы,2024-12-03 08:00,2024-12-03 12:00,5,0.5333,0.198
2/2,ОБА живы,2024-12-03 17:00,2024-12-05 13:00,43,0.0755,0.071
2/2,ОБА живы,2024-12-16 18:00,2024-12-17 07:00,13,0.1260,0.058
2/2,ОБА живы,2024-12-18 03:00,2024-12-18 18:00,16,0.5545,0.347
2/2,ОБА живы,2024-12-19 12:00,2024-12-20 06:00,18,0.0479,0.055
2/2,ОБА живы,2024-12-31 03:00,2024-12-31 07:00,5,0.8048,0.351
2/2,ОБА живы,2025-01-06 13:00,2025-01-07 02:00,13,0.4156,0.544
2/2,ОБА живы,2025-01-13 03:00,2025-01-13 09:00,7,0.3981,0.120
2/2,ОБА живы,2025-01-23 19:00,2025-01-23 23:00,4,0.0684,0.017
2/2,ОБА живы,2025-01-24 18:00,2025-01-27 00:00,6,0.3560,0.136
2/2,ОБА живы,2025-02-03 16:00,2025-02-04 00:00,8,0.2339,0.109
2/2,ОБА живы,2025-02-04 09:00,2025-02-04 12:00,4,0.1275,0.047
2/2,ОБА живы,2025-02-06 10:00,2025-02-06 13:00,4,0.1690,0.087
2/2,ОБА живы,2025-02-07 05:00,2025-02-07 13:00,9,0.0156,0.010
2/2,ОБА живы,2025-02-13 15:00,2025-02-13 18:00,4,0.3128,0.133
2/2,ОБА живы,2025-02-17 11:00,2025-02-18 03:00,14,0.4256,0.275
2/2,ОБА живы,2025-02-19 20:00,2025-02-21 07:00,34,0.1921,0.202
2/2,ОБА живы,2025-02-21 20:00,2025-02-24 07:00,11,0.3956,0.317
2/2,ОБА живы,2025-02-24 17:00,2025-02-25 11:00,18,0.1926,0.156
2/2,ОБА живы,2025-03-05 18:00,2025-03-06 06:00,12,0.2156,0.110
2/2,ОБА живы,2025-03-06 08:00,2025-03-10 07:00,47,0.0933,0.127
2/2,ОБА живы,2025-03-12 11:00,2025-03-12 15:00,5,0.5590,0.448
2/2,ОБА живы,2025-03-14 17:00,2025-03-17 08:00,15,0.1526,0.063
2/2,ОБА живы,2025-03-19 11:00,2025-03-19 17:00,7,0.5479,0.273
2/2,ОБА живы,2025-03-24 12:00,2025-03-25 04:00,16,0.3387,0.294
2/2,ОБА живы,2025-03-26 03:00,2025-03-27 08:00,29,0.7032,0.614
2/2,ОБА живы,2025-03-31 15:00,2025-04-01 01:00,10,0.8137,0.697
2/2,ОБА живы,2025-04-02 07:00,2025-04-02 20:00,14,0.2210,0.287
2/2,ОБА живы,2025-04-07 03:00,2025-04-07 13:00,11,0.0799,0.116
2/2,ОБА живы,2025-04-14 00:00,2025-04-14 09:00,10,0.1050,0.099
2/2,ОБА живы,2025-04-15 15:00,2025-04-15 20:00,6,0.5027,0.262
2/2,ОБА живы,2025-04-17 10:00,2025-04-17 13:00,4,0.4089,0.377
2/2,ОБА живы,2025-04-24 16:00,2025-04-25 08:00,16,0.3331,0.832
2/2,ОБА живы,2025-04-29 16:00,2025-04-30 07:00,15,0.7542,0.650
2/2,ОБА живы,2025-04-30 15:00,2025-04-30 23:00,8,0.7810,1.063
2/2,ОБА живы,2025-05-05 04:00,2025-05-05 08:00,5,0.8957,0.807
2/2,ОБА живы,2025-05-09 09:00,2025-05-09 14:00,6,0.5763,0.363
2/2,ОБА живы,2025-05-14 07:00,2025-05-14 11:00,5,0.7328,0.552
2/2,ОБА живы,2025-05-19 02:00,2025-05-20 01:00,23,0.1777,0.230
2/2,ОБА живы,2025-05-21 14:00,2025-05-22 00:00,10,0.6244,0.586
2/2,ОБА живы,2025-05-22 13:00,2025-05-22 18:00,6,0.1662,0.185
2/2,ОБА живы,2025-05-26 02:00,2025-05-27 05:00,25,0.6019,0.735
2/2,ОБА живы,2025-05-27 22:00,2025-05-28 06:00,9,0.2120,0.155
2/2,ОБА живы,2025-05-28 18:00,2025-05-28 22:00,4,0.5860,0.475
2/2,ОБА живы,2025-05-30 16:00,2025-05-30 20:00,5,0.3077,0.111
2/2,ОБА живы,2025-06-03 16:00,2025-06-04 13:00,21,0.1469,0.127
2/2,ОБА живы,2025-06-09 09:00,2025-06-09 14:00,6,0.1344,0.065
2/2,ОБА живы,2025-06-10 04:00,2025-06-11 03:00,23,0.6919,0.970
2/2,ОБА живы,2025-06-11 08:00,2025-06-11 20:00,13,0.2574,0.319
2/2,ОБА живы,2025-06-16 09:00,2025-06-16 12:00,4,0.2957,0.104
2/2,ОБА живы,2025-06-18 06:00,2025-06-18 18:00,13,0.1391,0.095
2/2,ОБА живы,2025-06-26 01:00,2025-06-26 05:00,5,0.2874,0.120
2/2,ОБА живы,2025-06-30 09:00,2025-06-30 15:00,7,0.1051,0.052
2/2,ОБА живы,2025-07-10 16:00,2025-07-11 06:00,14,0.5420,0.521
2/2,ОБА живы,2025-07-28 08:00,2025-07-28 12:00,5,0.5063,0.230
2/2,ОБА живы,2025-07-29 03:00,2025-07-29 07:00,5,0.3401,0.136
2/2,ОБА живы,2025-07-30 03:00,2025-07-30 11:00,9,0.2276,0.075
2/2,ОБА живы,2025-07-31 10:00,2025-08-01 00:00,14,0.2466,0.185
2/2,ОБА живы,2025-08-06 17:00,2025-08-07 05:00,12,0.0555,0.031
2/2,ОБА живы,2025-08-08 13:00,2025-08-11 05:00,16,0.6329,0.678
2/2,ОБА живы,2025-08-12 09:00,2025-08-13 07:00,22,0.3101,0.276
2/2,ОБА живы,2025-08-13 20:00,2025-08-14 06:00,10,0.3360,0.192
2/2,ОБА живы,2025-08-21 13:00,2025-08-22 03:00,14,0.4509,0.221
2/2,ОБА живы,2025-08-26 13:00,2025-08-26 19:00,7,0.6730,0.412
2/2,ОБА живы,2025-09-02 10:00,2025-09-02 15:00,6,0.7525,0.996
2/2,ОБА живы,2025-09-04 05:00,2025-09-05 11:00,30,0.7113,0.742
2/2,ОБА живы,2025-09-09 17:00,2025-09-10 01:00,8,0.4650,0.337
2/2,ОБА живы,2025-09-16 04:00,2025-09-16 07:00,4,0.1540,0.058
2/2,ОБА живы,2025-09-18 11:00,2025-09-19 02:00,15,0.4440,0.540
2/2,ОБА живы,2025-09-23 04:00,2025-09-23 07:00,4,0.5532,0.229
2/2,ОБА живы,2025-09-24 04:00,2025-09-24 15:00,12,0.6843,0.720
2/2,ОБА живы,2025-09-25 10:00,2025-09-26 12:00,26,0.1322,0.136
2/2,ОБА живы,2025-10-02 03:00,2025-10-02 09:00,7,0.6860,0.325
2/2,ОБА живы,2025-10-10 11:00,2025-10-10 18:00,8,0.2313,0.302
2/2,ОБА живы,2025-10-14 08:00,2025-10-14 22:00,14,0.2184,0.347
2/2,ОБА живы,2025-10-20 04:00,2025-10-20 11:00,8,0.2212,0.303
2/2,ОБА живы,2025-10-22 08:00,2025-10-22 20:00,13,0.2300,0.706
2/2,ОБА живы,2025-10-29 02:00,2025-10-29 06:00,5,0.4171,0.432
2/2,ОБА живы,2025-10-30 00:00,2025-10-30 08:00,9,0.3888,0.661
2/2,ОБА живы,2025-11-03 17:00,2025-11-03 23:00,6,0.2675,0.224
2/2,ОБА живы,2025-11-04 10:00,2025-11-04 16:00,7,0.3473,0.621
2/2,ОБА живы,2025-11-05 18:00,2025-11-06 06:00,12,0.3169,0.228
2/2,ОБА живы,2025-11-07 17:00,2025-11-10 00:00,7,0.4663,0.370
2/2,ОБА живы,2025-11-19 19:00,2025-11-20 06:00,11,0.0728,0.128
2/2,ОБА живы,2025-11-24 07:00,2025-11-24 17:00,11,0.6701,0.807
2/2,ОБА живы,2025-11-26 17:00,2025-11-27 01:00,8,0.5541,0.308
2/2,ОБА живы,2025-12-02 03:00,2025-12-02 07:00,5,0.1412,0.077
2/2,ОБА живы,2025-12-02 16:00,2025-12-04 04:00,35,0.1622,0.290
2/2,ОБА живы,2025-12-05 03:00,2025-12-05 11:00,9,0.4769,0.330
2/2,ОБА живы,2025-12-09 11:00,2025-12-09 14:00,4,0.0883,0.044
2/2,ОБА живы,2025-12-12 18:00,2025-12-15 00:00,6,0.6317,0.291
2/2,ОБА живы,2025-12-15 18:00,2025-12-16 03:00,9,0.5901,0.512
2/2,ОБА живы,2025-12-16 17:00,2025-12-17 04:00,11,0.7484,0.606
2/2,ОБА живы,2025-12-18 11:00,2025-12-18 16:00,6,0.5256,0.802
2/2,ОБА живы,2025-12-24 03:00,2025-12-25 23:00,17,0.0249,0.049
2/2,ОБА живы,2025-12-31 16:00,2026-01-01 23:00,7,0.5338,0.581
2/2,ОБА живы,2026-01-06 03:00,2026-01-06 13:00,11,0.0118,0.009
2/2,ОБА живы,2026-01-13 03:00,2026-01-13 12:00,10,0.0329,0.020
2/2,ОБА живы,2026-01-13 23:00,2026-01-15 12:00,37,0.2735,0.368
2/2,ОБА живы,2026-01-15 18:00,2026-01-16 14:00,20,0.2552,0.216
2/2,ОБА живы,2026-01-27 16:00,2026-01-27 19:00,4,0.4306,0.228
2/2,ОБА живы,2026-02-09 12:00,2026-02-09 15:00,4,0.6981,0.911
2/2,ОБА живы,2026-02-10 17:00,2026-02-11 08:00,15,0.4216,0.541
2/2,ОБА живы,2026-02-11 15:00,2026-02-12 15:00,24,0.0083,0.010
2/2,ОБА живы,2026-02-19 02:00,2026-02-20 07:00,29,0.5732,0.770
2/2,ОБА живы,2026-02-24 16:00,2026-02-25 04:00,12,0.6234,0.795
2/2,ОБА живы,2026-02-25 23:00,2026-02-27 12:00,37,0.3239,0.473
2/2,ОБА живы,2026-03-04 20:00,2026-03-05 15:00,19,0.2391,0.627
2/2,ОБА живы,2026-03-06 17:00,2026-03-06 20:00,4,0.2702,0.240
2/2,ОБА живы,2026-03-09 03:00,2026-03-10 00:00,21,0.4178,0.785
2/2,ОБА живы,2026-03-16 16:00,2026-03-17 03:00,11,0.6216,0.741
2/2,ОБА живы,2026-03-17 12:00,2026-03-18 09:00,21,0.3394,0.392
2/2,ОБА живы,2026-03-25 11:00,2026-03-25 19:00,9,0.4849,1.048
2/2,ОБА живы,2026-03-31 12:00,2026-03-31 15:00,4,0.5565,0.759
2/2,ОБА живы,2026-04-06 11:00,2026-04-07 00:00,13,0.4369,0.485
2/2,ОБА живы,2026-04-07 16:00,2026-04-07 20:00,5,0.7190,1.020
2/2,ОБА живы,2026-04-10 10:00,2026-04-10 20:00,11,0.1404,0.159
2/2,ОБА живы,2026-04-13 09:00,2026-04-13 20:00,12,0.5124,0.539
2/2,ОБА живы,2026-04-14 12:00,2026-04-14 16:00,5,0.6657,0.809
2/2,ОБА живы,2026-04-17 07:00,2026-04-17 11:00,5,0.4409,0.304
2/2,ОБА живы,2026-04-20 01:00,2026-04-20 12:00,12,0.0846,0.089
2/2,ОБА живы,2026-04-23 19:00,2026-04-24 12:00,17,0.0768,0.097
2/2,ОБА живы,2026-04-27 02:00,2026-04-27 13:00,12,0.5403,0.468
2/2,ОБА живы,2026-05-01 16:00,2026-05-04 04:00,12,0.5533,0.703
2/2,ОБА живы,2026-05-08 04:00,2026-05-08 12:00,9,0.3528,0.283
2/2,ОБА живы,2026-05-12 09:00,2026-05-12 12:00,4,0.2381,0.134
2/2,ОБА живы,2026-05-13 02:00,2026-05-13 12:00,11,0.2082,0.174
2/2,ОБА живы,2026-05-14 09:00,2026-05-14 14:00,6,0.4656,0.430
2/2,ОБА живы,2026-05-19 07:00,2026-05-19 12:00,6,0.5900,0.438
2/2,ОБА живы,2026-05-21 19:00,2026-05-22 20:00,25,0.6262,0.735
2/2,ОБА живы,2026-06-04 06:00,2026-06-04 10:00,5,0.3236,0.135
2/2,ОБА живы,2026-06-04 16:00,2026-06-05 00:00,8,0.6779,0.520
2/2,ОБА живы,2026-06-09 01:00,2026-06-09 13:00,13,0.1640,0.170
2/2,только восходящий,2017-07-28 17:00,2017-07-31 05:00,12,0.0247,0.008
2/2,только восходящий,2017-08-02 15:00,2017-08-03 00:00,9,0.5513,0.724
2/2,только восходящий,2017-08-03 11:00,2017-08-04 11:00,24,0.0310,0.021
2/2,только восходящий,2017-08-08 01:00,2017-08-08 13:00,13,0.3412,0.192
2/2,только восходящий,2017-08-09 07:00,2017-08-11 14:00,54,0.6846,1.398
2/2,только восходящий,2017-08-16 20:00,2017-08-17 11:00,15,0.3210,0.212
2/2,только восходящий,2017-08-18 11:00,2017-08-18 17:00,7,0.3422,0.461
2/2,только восходящий,2017-08-21 13:00,2017-08-22 02:00,13,0.5530,0.285
2/2,только восходящий,2017-08-23 14:00,2017-08-24 07:00,17,0.3104,0.135
2/2,только восходящий,2017-08-25 09:00,2017-08-25 12:00,4,0.4304,0.089
2/2,только восходящий,2017-08-28 08:00,2017-08-29 14:00,30,0.7417,1.728
2/2,только восходящий,2017-08-31 17:00,2017-09-01 15:00,22,0.4299,0.417
2/2,только восходящий,2017-09-03 22:00,2017-09-05 09:00,31,0.2188,0.248
2/2,только восходящий,2017-09-05 22:00,2017-09-06 08:00,11,0.3938,0.179
2/2,только восходящий,2017-09-07 14:00,2017-09-08 12:00,22,0.1442,0.163
2/2,только восходящий,2017-09-12 18:00,2017-09-13 06:00,12,0.1417,0.067
2/2,только восходящий,2017-09-14 19:00,2017-09-15 10:00,15,0.2352,0.213
2/2,только восходящий,2017-09-20 01:00,2017-09-20 14:00,14,0.3323,0.163
2/2,только восходящий,2017-09-22 06:00,2017-09-24 22:00,16,0.7140,0.335
2/2,только восходящий,2017-09-25 15:00,2017-09-26 06:00,15,0.2973,0.350
2/2,только восходящий,2017-09-28 16:00,2017-09-29 14:00,22,0.2539,0.174
2/2,только восходящий,2017-10-03 17:00,2017-10-04 15:00,22,0.1277,0.118
2/2,только восходящий,2017-10-05 08:00,2017-10-05 16:00,9,0.8615,0.471
2/2,только восходящий,2017-10-09 02:00,2017-10-09 15:00,14,0.4466,0.213
2/2,только восходящий,2017-10-10 03:00,2017-10-11 03:00,24,0.0987,0.066
2/2,только восходящий,2017-10-12 03:00,2017-10-12 13:00,11,0.5522,0.288
2/2,только восходящий,2017-10-13 05:00,2017-10-13 13:00,9,0.4647,0.423
2/2,только восходящий,2017-10-13 16:00,2017-10-16 16:00,24,0.4001,0.187
2/2,только восходящий,2017-10-19 17:00,2017-10-20 01:00,8,0.5121,0.269
2/2,только восходящий,2017-10-23 18:00,2017-10-24 07:00,13,0.0893,0.037
2/2,только восходящий,2017-10-27 15:00,2017-10-31 02:00,34,0.5174,0.411
2/2,только восходящий,2017-11-01 08:00,2017-11-02 12:00,28,0.1073,0.077
2/2,только восходящий,2017-11-06 14:00,2017-11-07 16:00,26,0.2889,0.280
2/2,только восходящий,2017-11-08 12:00,2017-11-10 06:00,41,0.4918,0.388
2/2,только восходящий,2017-11-13 05:00,2017-11-14 04:00,23,0.1407,0.048
2/2,только восходящий,2017-11-14 17:00,2017-11-15 17:00,24,0.2477,0.249
2/2,только восходящий,2017-11-17 04:00,2017-11-20 13:00,33,0.4291,0.530
2/2,только восходящий,2017-11-22 08:00,2017-11-23 10:00,26,0.5558,0.536
2/2,только восходящий,2017-11-27 16:00,2017-11-28 09:00,17,0.3591,0.146
2/2,только восходящий,2017-12-01 08:00,2017-12-01 16:00,9,0.4030,0.552
2/2,только восходящий,2017-12-01 18:00,2017-12-04 09:00,15,0.4943,0.509
2/2,только восходящий,2017-12-11 09:00,2017-12-11 17:00,9,0.8025,0.403
2/2,только восходящий,2017-12-13 18:00,2017-12-14 13:00,19,0.4290,0.480
2/2,только восходящий,2017-12-18 10:00,2017-12-18 15:00,6,0.7566,0.416
2/2,только восходящий,2017-12-18 17:00,2017-12-19 02:00,9,0.4587,0.119
2/2,только восходящий,2017-12-19 08:00,2017-12-19 14:00,7,0.6589,0.265
2/2,только восходящий,2017-12-21 01:00,2017-12-21 09:00,9,0.6067,0.191
2/2,только восходящий,2017-12-22 14:00,2018-01-03 08:00,133,0.8264,3.435
2/2,только восходящий,2018-01-04 23:00,2018-01-05 15:00,17,0.2037,0.152
2/2,только восходящий,2018-01-10 13:00,2018-01-11 08:00,19,0.2679,0.185
2/2,только восходящий,2018-01-11 19:00,2018-01-15 16:00,44,0.7347,1.327
2/2,только восходящий,2018-01-16 21:00,2018-01-17 17:00,20,0.2104,0.199
2/2,только восходящий,2018-01-19 07:00,2018-01-21 23:00,16,0.0174,0.009
2/2,только восходящий,2018-01-22 12:00,2018-01-22 18:00,7,0.0324,0.012
2/2,только восходящий,2018-01-23 01:00,2018-01-23 13:00,13,0.0355,0.012
2/2,только восходящий,2018-01-23 23:00,2018-01-25 18:00,43,0.7002,1.384
2/2,только восходящий,2018-01-26 09:00,2018-01-26 12:00,4,0.6020,0.273
2/2,только восходящий,2018-01-31 05:00,2018-01-31 17:00,13,0.5410,0.238
2/2,только восходящий,2018-02-02 00:00,2018-02-02 09:00,10,0.3907,0.136
2/2,только восходящий,2018-02-05 13:00,2018-02-06 12:00,23,0.0747,0.077
2/2,только восходящий,2018-02-12 01:00,2018-02-14 14:00,60,0.4985,0.763
2/2,только восходящий,2018-02-14 16:00,2018-02-15 13:00,21,0.5304,0.453
2/2,только восходящий,2018-02-16 02:00,2018-02-16 16:00,15,0.3317,0.261
2/2,только восходящий,2018-02-26 02:00,2018-02-27 12:00,34,0.4105,0.331
2/2,только восходящий,2018-02-28 09:00,2018-02-28 16:00,8,0.1309,0.067
2/2,только восходящий,2018-03-01 23:00,2018-03-05 12:00,37,0.5001,0.478
2/2,только восходящий,2018-03-06 18:00,2018-03-07 05:00,11,0.2259,0.141
2/2,только восходящий,2018-03-09 16:00,2018-03-12 08:00,17,0.6168,0.237
2/2,только восходящий,2018-03-15 02:00,2018-03-15 11:00,10,0.6611,0.305
2/2,только восходящий,2018-03-19 18:00,2018-03-20 01:00,7,0.6683,0.153
2/2,только восходящий,2018-03-21 06:00,2018-03-22 18:00,36,0.5172,0.940
2/2,только восходящий,2018-03-23 06:00,2018-03-26 07:00,25,0.2444,0.236
2/2,только восходящий,2018-03-26 15:00,2018-03-27 08:00,17,0.5977,0.281
2/2,только восходящий,2018-04-02 04:00,2018-04-03 02:00,22,0.5542,0.690
2/2,только восходящий,2018-04-04 07:00,2018-04-04 19:00,13,0.3923,0.467
2/2,только восходящий,2018-04-06 13:00,2018-04-09 02:00,13,0.2229,0.130
2/2,только восходящий,2018-04-09 17:00,2018-04-12 09:00,62,0.3438,0.882
2/2,только восходящий,2018-04-13 14:00,2018-04-17 04:00,37,0.0642,0.049
2/2,только восходящий,2018-04-17 22:00,2018-04-19 08:00,34,0.4218,0.421
2/2,только восходящий,2018-04-24 04:00,2018-04-24 13:00,10,0.4734,0.245
2/2,только восходящий,2018-04-24 16:00,2018-04-25 09:00,17,0.7872,0.579
2/2,только восходящий,2018-04-26 06:00,2018-04-26 10:00,5,0.0686,0.027
2/2,только восходящий,2018-04-27 16:00,2018-04-30 02:00,10,0.0983,0.030
2/2,только восходящий,2018-05-02 05:00,2018-05-02 12:00,8,0.0794,0.024
2/2,только восходящий,2018-05-03 10:00,2018-05-04 07:00,21,0.1606,0.107
2/2,только восходящий,2018-05-07 23:00,2018-05-08 03:00,5,0.6989,0.282
2/2,только восходящий,2018-05-08 20:00,2018-05-09 06:00,10,0.7354,0.480
2/2,только восходящий,2018-05-10 14:00,2018-05-13 22:00,31,0.1496,0.111
2/2,только восходящий,2018-05-16 09:00,2018-05-16 13:00,5,0.0126,0.007
2/2,только восходящий,2018-05-18 18:00,2018-05-21 05:00,11,0.8518,0.535
2/2,только восходящий,2018-05-22 11:00,2018-05-22 23:00,12,0.3655,0.144
2/2,только восходящий,2018-05-24 04:00,2018-05-24 07:00,4,0.1618,0.059
2/2,только восходящий,2018-05-24 12:00,2018-05-24 23:00,11,0.5417,0.439
2/2,только восходящий,2018-05-29 10:00,2018-05-29 14:00,5,0.1073,0.097
2/2,только восходящий,2018-05-30 14:00,2018-05-31 11:00,21,0.5602,0.283
2/2,только восходящий,2018-06-04 15:00,2018-06-05 06:00,15,0.1465,0.063
2/2,только восходящий,2018-06-07 11:00,2018-06-07 14:00,4,0.2234,0.144
2/2,только восходящий,2018-06-08 10:00,2018-06-11 06:00,20,0.4740,0.167
2/2,только восходящий,2018-06-13 17:00,2018-06-15 08:00,38,0.1075,0.138
2/2,только восходящий,2018-06-18 04:00,2018-06-18 18:00,15,0.2125,0.087
2/2,только восходящий,2018-06-19 01:00,2018-06-19 10:00,10,0.6858,0.300
2/2,только восходящий,2018-06-29 05:00,2018-07-02 04:00,23,0.1063,0.060
2/2,только восходящий,2018-07-03 17:00,2018-07-04 12:00,19,0.2885,0.213
2/2,только восходящий,2018-07-09 03:00,2018-07-10 07:00,28,0.2060,0.177
2/2,только восходящий,2018-07-16 03:00,2018-07-16 13:00,11,0.3805,0.166
2/2,только восходящий,2018-07-19 19:00,2018-07-23 07:00,35,0.4223,0.677
2/2,только восходящий,2018-07-24 16:00,2018-07-25 04:00,12,0.2505,0.088
2/2,только восходящий,2018-07-25 11:00,2018-07-26 09:00,22,0.4681,0.318
2/2,только восходящий,2018-08-03 16:00,2018-08-06 09:00,17,0.5040,0.292
2/2,только восходящий,2018-08-09 04:00,2018-08-09 08:00,5,0.2326,0.123
2/2,только восходящий,2018-08-10 16:00,2018-08-13 01:00,9,0.5005,0.255
2/2,только восходящий,2018-08-17 19:00,2018-08-22 07:00,58,0.5686,0.826
2/2,только восходящий,2018-08-22 14:00,2018-08-23 01:00,11,0.4130,0.267
2/2,только восходящий,2018-08-24 17:00,2018-08-27 02:00,9,0.1131,0.043
2/2,только восходящий,2018-08-27 14:00,2018-08-28 04:00,14,0.2502,0.115
2/2,только восходящий,2018-08-29 19:00,2018-08-30 06:00,11,0.4588,0.284
2/2,только восходящий,2018-08-31 03:00,2018-09-03 02:00,23,0.2393,0.263
2/2,только восходящий,2018-09-03 08:00,2018-09-03 13:00,6,0.5174,0.222
2/2,только восходящий,2018-09-05 09:00,2018-09-07 08:00,46,0.5371,0.626
2/2,только восходящий,2018-09-12 15:00,2018-09-13 08:00,17,0.3043,0.302
2/2,только восходящий,2018-09-13 12:00,2018-09-13 15:00,4,0.6111,0.571
2/2,только восходящий,2018-09-19 04:00,2018-09-19 15:00,12,0.2825,0.126
2/2,только восходящий,2018-09-21 02:00,2018-09-21 09:00,8,0.1364,0.043
2/2,только восходящий,2018-09-24 16:00,2018-09-25 03:00,11,0.5753,0.222
2/2,только восходящий,2018-09-28 14:00,2018-10-01 07:00,17,0.4902,0.338
2/2,только восходящий,2018-10-02 02:00,2018-10-03 13:00,35,0.6275,1.016
2/2,только восходящий,2018-10-04 16:00,2018-10-04 19:00,4,0.2069,0.092
2/2,только восходящий,2018-10-05 10:00,2018-10-08 00:00,14,0.0115,0.006
2/2,только восходящий,2018-10-11 02:00,2018-10-12 07:00,29,0.7459,2.157
2/2,только восходящий,2018-10-15 08:00,2018-10-16 22:00,37,0.5135,0.408
2/2,только восходящий,2018-10-17 13:00,2018-10-17 17:00,5,0.5206,0.261
2/2,только восходящий,2018-10-18 15:00,2018-10-19 08:00,17,0.4020,0.234
2/2,только восходящий,2018-10-23 05:00,2018-10-24 09:00,28,0.3482,0.454
2/2,только восходящий,2018-10-25 03:00,2018-10-25 16:00,14,0.6717,0.592
2/2,только восходящий,2018-10-26 07:00,2018-10-26 17:00,11,0.2015,0.198
2/2,только восходящий,2018-11-01 06:00,2018-11-02 03:00,21,0.5215,0.839
2/2,только восходящий,2018-11-06 12:00,2018-11-06 15:00,4,0.7054,0.465
2/2,только восходящий,2018-11-14 17:00,2018-11-15 14:00,21,0.2625,0.307
2/2,только восходящий,2018-11-16 13:00,2018-11-20 16:00,50,0.0450,0.049
2/2,только восходящий,2018-11-21 11:00,2018-11-22 02:00,15,0.4999,0.302
2/2,только восходящий,2018-11-26 10:00,2018-11-26 21:00,12,0.6459,0.272
2/2,только восходящий,2018-11-28 17:00,2018-11-29 20:00,27,0.1807,0.224
2/2,только восходящий,2018-12-03 09:00,2018-12-04 20:00,35,0.4574,0.523
2/2,только восходящий,2018-12-06 01:00,2018-12-06 08:00,8,0.6011,0.294
2/2,только восходящий,2018-12-06 14:00,2018-12-10 02:00,35,0.3727,0.442
2/2,только восходящий,2018-12-17 10:00,2018-12-18 08:00,22,0.8111,0.706
2/2,только восходящий,2018-12-19 04:00,2018-12-19 11:00,8,0.5877,0.219
2/2,только восходящий,2018-12-20 21:00,2018-12-21 07:00,10,0.4102,0.127
2/2,только восходящий,2018-12-24 14:00,2018-12-26 18:00,26,0.0409,0.054
2/2,только восходящий,2018-12-27 16:00,2018-12-31 19:00,50,0.5803,0.487
2/2,только восходящий,2019-01-02 05:00,2019-01-02 18:00,14,0.6792,0.527
2/2,только восходящий,2019-01-03 06:00,2019-01-04 13:00,31,0.3141,0.340
2/2,только восходящий,2019-01-07 03:00,2019-01-08 01:00,22,0.2850,0.197
2/2,только восходящий,2019-01-08 19:00,2019-01-09 13:00,18,0.0570,0.031
2/2,только восходящий,2019-01-09 15:00,2019-01-10 11:00,20,0.3253,0.238
2/2,только восходящий,2019-01-14 08:00,2019-01-14 14:00,7,0.2211,0.127
2/2,только восходящий,2019-01-16 16:00,2019-01-17 05:00,13,0.5217,0.161
2/2,только восходящий,2019-01-22 11:00,2019-01-23 12:00,25,0.3277,0.185
2/2,только восходящий,2019-01-25 10:00,2019-01-28 12:00,26,0.7433,1.259
2/2,только восходящий,2019-01-29 06:00,2019-01-30 15:00,33,0.5926,0.543
2/2,только восходящий,2019-01-30 21:00,2019-02-01 03:00,29,0.1376,0.091
2/2,только восходящий,2019-02-07 16:00,2019-02-11 08:00,39,0.0889,0.053
2/2,только восходящий,2019-02-12 10:00,2019-02-13 11:00,25,0.3570,0.175
2/2,только восходящий,2019-02-14 17:00,2019-02-20 19:00,91,0.7499,2.055
2/2,только восходящий,2019-02-22 16:00,2019-02-25 14:00,22,0.0563,0.033
2/2,только восходящий,2019-02-26 02:00,2019-02-26 06:00,5,0.7444,0.150
2/2,только восходящий,2019-02-26 19:00,2019-02-27 13:00,18,0.6803,0.231
2/2,только восходящий,2019-02-28 13:00,2019-02-28 16:00,4,0.4517,0.429
2/2,только восходящий,2019-03-06 06:00,2019-03-06 16:00,11,0.4963,0.280
2/2,только восходящий,2019-03-08 05:00,2019-03-11 08:00,28,0.4188,0.414
2/2,только восходящий,2019-03-12 07:00,2019-03-14 03:00,43,0.5690,0.739
2/2,только восходящий,2019-03-15 02:00,2019-03-17 23:00,21,0.1395,0.131
2/2,только восходящий,2019-03-19 06:00,2019-03-20 01:00,19,0.0818,0.045
2/2,только восходящий,2019-03-20 18:00,2019-03-21 09:00,15,0.1623,0.226
2/2,только восходящий,2019-03-22 06:00,2019-03-25 01:00,19,0.5494,0.265
2/2,только восходящий,2019-03-25 09:00,2019-03-25 12:00,4,0.4975,0.146
2/2,только восходящий,2019-03-25 14:00,2019-03-26 03:00,13,0.1183,0.048
2/2,только восходящий,2019-03-29 15:00,2019-04-01 08:00,17,0.5841,0.363
2/2,только восходящий,2019-04-01 12:00,2019-04-01 22:00,10,0.6498,0.527
2/2,только восходящий,2019-04-02 17:00,2019-04-03 12:00,19,0.1756,0.067
2/2,только восходящий,2019-04-04 04:00,2019-04-04 10:00,7,0.5135,0.115
2/2,только восходящий,2019-04-07 22:00,2019-04-10 01:00,50,0.6470,0.736
2/2,только восходящий,2019-04-10 15:00,2019-04-11 05:00,14,0.0776,0.027
2/2,только восходящий,2019-04-17 05:00,2019-04-17 10:00,6,0.4272,0.170
2/2,только восходящий,2019-04-18 11:00,2019-04-22 12:00,25,0.0746,0.042
2/2,только восходящий,2019-04-24 11:00,2019-04-26 13:00,49,0.7170,0.927
2/2,только восходящий,2019-04-26 15:00,2019-04-29 01:00,10,0.5204,0.150
2/2,только восходящий,2019-05-03 15:00,2019-05-06 10:00,19,0.3077,0.187
2/2,только восходящий,2019-05-08 04:00,2019-05-08 13:00,10,0.2187,0.104
2/2,только восходящий,2019-05-09 10:00,2019-05-10 07:00,21,0.2476,0.151
2/2,только восходящий,2019-05-10 15:00,2019-05-13 02:00,11,0.7515,0.318
2/2,только восходящий,2019-05-13 15:00,2019-05-14 07:00,16,0.0764,0.038
2/2,только восходящий,2019-05-17 08:00,2019-05-17 13:00,6,0.7779,0.422
2/2,только восходящий,2019-05-22 11:00,2019-05-23 04:00,17,0.6437,0.223
2/2,только восходящий,2019-05-23 12:00,2019-05-24 08:00,20,0.0606,0.049
2/2,только восходящий,2019-05-27 01:00,2019-05-27 13:00,13,0.6280,0.131
2/2,только восходящий,2019-05-29 10:00,2019-05-30 04:00,18,0.6490,0.416
2/2,только восходящий,2019-05-30 18:00,2019-06-04 03:00,55,0.8546,2.677
2/2,только восходящий,2019-06-05 06:00,2019-06-06 20:00,38,0.1096,0.140
2/2,только восходящий,2019-06-07 16:00,2019-06-10 03:00,11,0.8975,1.011
2/2,только восходящий,2019-06-12 10:00,2019-06-13 14:00,28,0.2064,0.142
2/2,только восходящий,2019-06-13 17:00,2019-06-14 16:00,23,0.3127,0.437
2/2,только восходящий,2019-06-18 08:00,2019-06-18 15:00,8,0.0315,0.036
2/2,только восходящий,2019-06-19 18:00,2019-06-21 08:00,37,0.5623,2.770
2/2,только восходящий,2019-06-23 22:00,2019-06-25 18:00,44,0.4765,1.353
2/2,только восходящий,2019-06-27 20:00,2019-06-28 20:00,24,0.0315,0.042
2/2,только восходящий,2019-07-03 00:00,2019-07-03 12:00,13,0.7281,1.151
2/2,только восходящий,2019-07-04 22:00,2019-07-05 07:00,10,0.7878,0.667
2/2,только восходящий,2019-07-08 09:00,2019-07-08 20:00,12,0.6626,0.715
2/2,только восходящий,2019-07-09 17:00,2019-07-10 00:00,7,0.6461,0.375
2/2,только восходящий,2019-07-10 12:00,2019-07-11 11:00,23,0.2840,0.718
2/2,только восходящий,2019-07-12 18:00,2019-07-15 15:00,21,0.3731,0.315
2/2,только восходящий,2019-07-18 00:00,2019-07-18 13:00,14,0.6969,0.660
2/2,только восходящий,2019-07-18 18:00,2019-07-19 07:00,13,0.0749,0.120
2/2,только восходящий,2019-07-23 16:00,2019-07-25 12:00,43,0.2853,0.354
2/2,только восходящий,2019-07-29 01:00,2019-07-31 15:00,61,0.2666,0.367
2/2,только восходящий,2019-08-02 00:00,2019-08-08 02:00,95,0.7504,4.167
2/2,только восходящий,2019-08-12 13:00,2019-08-13 12:00,23,0.4643,1.085
2/2,только восходящий,2019-08-14 13:00,2019-08-15 07:00,18,0.0374,0.045
2/2,только восходящий,2019-08-20 13:00,2019-08-21 01:00,12,0.0596,0.026
2/2,только восходящий,2019-08-23 12:00,2019-08-26 07:00,19,0.4765,1.883
2/2,только восходящий,2019-08-27 15:00,2019-08-28 03:00,12,0.4817,0.397
2/2,только восходящий,2019-08-29 05:00,2019-08-29 12:00,8,0.0877,0.094
2/2,только восходящий,2019-09-02 16:00,2019-09-03 04:00,8,0.4895,0.308
2/2,только восходящий,2019-09-03 13:00,2019-09-04 03:00,14,0.3464,0.416
2/2,только восходящий,2019-09-04 17:00,2019-09-05 11:00,18,0.6705,0.803
2/2,только восходящий,2019-09-11 20:00,2019-09-12 01:00,5,0.3952,0.241
2/2,только восходящий,2019-09-12 07:00,2019-09-12 17:00,11,0.1614,0.292
2/2,только восходящий,2019-09-18 14:00,2019-09-18 17:00,4,0.1197,0.064
2/2,только восходящий,2019-09-20 08:00,2019-09-24 02:00,41,0.5868,1.095
2/2,только восходящий,2019-09-24 18:00,2019-09-25 13:00,19,0.5370,0.364
2/2,только восходящий,2019-09-27 19:00,2019-09-30 04:00,9,0.3027,0.189
2/2,только восходящий,2019-10-01 18:00,2019-10-02 07:00,13,0.1989,0.129
2/2,только восходящий,2019-10-02 12:00,2019-10-04 11:00,46,0.4514,1.074
2/2,только восходящий,2019-10-07 00:00,2019-10-07 14:00,15,0.4169,0.372
2/2,только восходящий,2019-10-08 15:00,2019-10-09 09:00,18,0.0435,0.039
2/2,только восходящий,2019-10-10 00:00,2019-10-10 12:00,13,0.6785,0.590
2/2,только восходящий,2019-10-14 07:00,2019-10-15 07:00,24,0.2849,0.184
2/2,только восходящий,2019-10-16 16:00,2019-10-17 10:00,18,0.2068,0.133
2/2,только восходящий,2019-10-17 15:00,2019-10-18 03:00,12,0.5616,0.262
2/2,только восходящий,2019-10-22 09:00,2019-10-23 22:00,36,0.3528,0.316
2/2,только восходящий,2019-10-24 16:00,2019-10-25 18:00,26,0.2196,0.269
2/2,только восходящий,2019-10-30 16:00,2019-10-30 19:00,4,0.1454,0.150
2/2,только восходящий,2019-10-31 07:00,2019-11-01 13:00,30,0.5982,0.681
2/2,только восходящий,2019-11-06 16:00,2019-11-07 08:00,16,0.5810,0.369
2/2,только восходящий,2019-11-08 10:00,2019-11-08 13:00,4,0.6192,0.467
2/2,только восходящий,2019-11-11 07:00,2019-11-11 13:00,7,0.6044,0.268
2/2,только восходящий,2019-11-13 02:00,2019-11-14 02:00,24,0.4978,0.320
2/2,только восходящий,2019-11-14 10:00,2019-11-14 16:00,7,0.5199,0.334
2/2,только восходящий,2019-11-14 18:00,2019-11-15 07:00,13,0.8311,0.641
2/2,только восходящий,2019-11-15 17:00,2019-11-18 07:00,14,0.5250,0.277
2/2,только восходящий,2019-11-19 05:00,2019-11-19 08:00,4,0.7203,0.280
2/2,только восходящий,2019-11-20 07:00,2019-11-20 14:00,8,0.5681,0.357
2/2,только восходящий,2019-11-22 12:00,2019-11-22 16:00,5,0.6157,0.425
2/2,только восходящий,2019-11-26 20:00,2019-11-27 12:00,16,0.7957,0.299
2/2,только восходящий,2019-11-29 16:00,2019-12-02 07:00,12,0.6631,0.365
2/2,только восходящий,2019-12-03 09:00,2019-12-04 10:00,25,0.5128,0.743
2/2,только восходящий,2019-12-09 15:00,2019-12-09 19:00,5,0.3864,0.104
2/2,только восходящий,2019-12-10 08:00,2019-12-12 09:00,48,0.5653,0.641
2/2,только восходящий,2019-12-13 11:00,2019-12-13 16:00,6,0.3201,0.270
2/2,только восходящий,2019-12-16 07:00,2019-12-16 15:00,9,0.4517,0.163
2/2,только восходящий,2019-12-17 12:00,2019-12-17 16:00,5,0.4783,0.174
2/2,только восходящий,2019-12-19 06:00,2019-12-19 10:00,5,0.5464,0.136
2/2,только восходящий,2019-12-19 17:00,2019-12-20 09:00,16,0.3271,0.108
2/2,только восходящий,2019-12-23 06:00,2019-12-27 08:00,69,0.7882,1.778
2/2,только восходящий,2019-12-27 16:00,2020-01-02 09:00,63,0.4497,0.453
2/2,только восходящий,2020-01-02 12:00,2020-01-06 14:00,49,0.7326,3.273
2/2,только восходящий,2020-01-07 16:00,2020-01-08 10:00,18,0.2246,0.615
2/2,только восходящий,2020-01-14 23:00,2020-01-15 14:00,16,0.0182,0.013
2/2,только восходящий,2020-01-16 00:00,2020-01-16 16:00,17,0.6038,0.389
2/2,только восходящий,2020-01-17 06:00,2020-01-17 16:00,11,0.1612,0.069
2/2,только восходящий,2020-01-21 01:00,2020-01-21 09:00,9,0.6717,0.687
2/2,только восходящий,2020-01-23 01:00,2020-01-23 07:00,7,0.5703,0.369
2/2,только восходящий,2020-01-23 20:00,2020-01-24 09:00,13,0.1648,0.069
2/2,только восходящий,2020-01-24 16:00,2020-01-27 09:00,17,0.5177,0.648
2/2,только восходящий,2020-01-29 19:00,2020-01-30 15:00,20,0.4262,0.445
2/2,только восходящий,2020-01-31 15:00,2020-02-03 06:00,15,0.6815,0.559
2/2,только восходящий,2020-02-06 13:00,2020-02-07 07:00,18,0.3737,0.180
2/2,только восходящий,2020-02-10 10:00,2020-02-11 01:00,15,0.3820,0.163
2/2,только восходящий,2020-02-12 23:00,2020-02-13 15:00,17,0.4765,0.386
2/2,только восходящий,2020-02-14 13:00,2020-02-17 09:00,20,0.0770,0.049
2/2,только восходящий,2020-02-17 23:00,2020-02-19 01:00,26,0.7716,1.165
2/2,только восходящий,2020-02-19 08:00,2020-02-20 08:00,24,0.1025,0.067
2/2,только восходящий,2020-02-20 11:00,2020-02-20 15:00,5,0.0292,0.021
2/2,только восходящий,2020-02-20 17:00,2020-02-24 18:00,48,0.7551,3.422
2/2,только восходящий,2020-02-26 08:00,2020-02-26 15:00,8,0.4535,0.824
2/2,только восходящий,2020-03-02 03:00,2020-03-02 16:00,14,0.1286,0.161
2/2,только восходящий,2020-03-03 19:00,2020-03-06 16:00,67,0.5801,2.265
2/2,только восходящий,2020-03-11 11:00,2020-03-11 14:00,4,0.6725,0.780
2/2,только восходящий,2020-03-17 17:00,2020-03-18 06:00,13,0.5293,1.425
2/2,только восходящий,2020-03-20 06:00,2020-03-23 07:00,25,0.2602,0.637
2/2,только восходящий,2020-03-23 13:00,2020-03-27 12:00,92,0.7191,6.232
2/2,только восходящий,2020-04-02 12:00,2020-04-03 07:00,19,0.5494,0.827
2/2,только восходящий,2020-04-03 18:00,2020-04-07 02:00,31,0.5541,2.264
2/2,только восходящий,2020-04-09 06:00,2020-04-14 07:00,48,0.8887,4.133
2/2,только восходящий,2020-04-14 13:00,2020-04-14 20:00,8,0.3629,0.579
2/2,только восходящий,2020-04-16 10:00,2020-04-16 14:00,5,0.3045,0.374
2/2,только восходящий,2020-04-20 18:00,2020-04-21 08:00,14,0.3161,0.229
2/2,только восходящий,2020-04-22 11:00,2020-04-24 14:00,50,0.6507,1.736
2/2,только восходящий,2020-04-30 05:00,2020-04-30 12:00,8,0.3192,0.508
2/2,только восходящий,2020-05-03 22:00,2020-05-04 13:00,16,0.5255,0.672
2/2,только восходящий,2020-05-07 11:00,2020-05-08 13:00,26,0.6963,1.278
2/2,только восходящий,2020-05-12 12:00,2020-05-12 20:00,9,0.0699,0.054
2/2,только восходящий,2020-05-13 11:00,2020-05-18 11:00,70,0.8824,3.244
2/2,только восходящий,2020-05-19 16:00,2020-05-21 01:00,32,0.1304,0.109
2/2,только восходящий,2020-05-22 10:00,2020-05-25 02:00,16,0.5065,0.359
2/2,только восходящий,2020-05-26 02:00,2020-05-26 08:00,7,0.7930,0.481
2/2,только восходящий,2020-05-28 01:00,2020-06-01 15:00,61,0.7330,1.512
2/2,только восходящий,2020-06-04 04:00,2020-06-05 11:00,31,0.0549,0.074
2/2,только восходящий,2020-06-08 10:00,2020-06-10 19:00,56,0.8072,2.545
2/2,только восходящий,2020-06-10 22:00,2020-06-11 12:00,15,0.1952,0.211
2/2,только восходящий,2020-06-12 08:00,2020-06-12 11:00,4,0.2978,0.109
2/2,только восходящий,2020-06-16 02:00,2020-06-16 07:00,6,0.2194,0.142
2/2,только восходящий,2020-06-18 08:00,2020-06-18 15:00,8,0.5227,0.607
2/2,только восходящий,2020-06-19 05:00,2020-06-23 03:00,45,0.6406,1.372
2/2,только восходящий,2020-06-23 18:00,2020-06-24 07:00,13,0.1994,0.093
2/2,только восходящий,2020-06-24 09:00,2020-06-24 14:00,6,0.2484,0.243
2/2,только восходящий,2020-06-29 00:00,2020-06-29 09:00,10,0.6390,0.281
2/2,только восходящий,2020-06-30 17:00,2020-07-01 12:00,19,0.0373,0.028
2/2,только восходящий,2020-07-03 02:00,2020-07-03 06:00,5,0.2572,0.063
2/2,только восходящий,2020-07-06 13:00,2020-07-07 08:00,19,0.4887,0.344
2/2,только восходящий,2020-07-07 22:00,2020-07-09 01:00,27,0.5629,0.833
2/2,только восходящий,2020-07-10 14:00,2020-07-10 17:00,4,0.2179,0.152
2/2,только восходящий,2020-07-17 18:00,2020-07-22 10:00,62,0.8016,2.654
2/2,только восходящий,2020-07-22 20:00,2020-07-28 06:00,79,0.5738,3.602
2/2,только восходящий,2020-07-29 19:00,2020-07-30 10:00,15,0.6055,0.816
2/2,только восходящий,2020-07-31 09:00,2020-08-03 11:00,26,0.1628,0.221
2/2,только восходящий,2020-08-04 14:00,2020-08-05 17:00,27,0.5633,2.277
2/2,только восходящий,2020-08-06 05:00,2020-08-07 12:00,31,0.3307,0.551
2/2,только восходящий,2020-08-12 14:00,2020-08-12 18:00,5,0.8980,0.998
2/2,только восходящий,2020-08-13 19:00,2020-08-14 07:00,12,0.2006,0.241
2/2,только восходящий,2020-08-17 12:00,2020-08-18 15:00,27,0.7104,2.261
2/2,только восходящий,2020-08-20 20:00,2020-08-21 07:00,11,0.2563,0.291
2/2,только восходящий,2020-08-24 14:00,2020-08-24 20:00,7,0.0748,0.086
2/2,только восходящий,2020-08-26 15:00,2020-08-27 13:00,22,0.0188,0.044
2/2,только восходящий,2020-08-28 03:00,2020-08-31 06:00,27,0.5903,1.249
2/2,только восходящий,2020-09-01 09:00,2020-09-01 14:00,6,0.3929,0.544
2/2,только восходящий,2020-09-03 04:00,2020-09-03 08:00,5,0.0823,0.082
2/2,только восходящий,2020-09-09 14:00,2020-09-10 03:00,13,0.1158,0.059
2/2,только восходящий,2020-09-10 15:00,2020-09-10 20:00,6,0.6371,0.661
2/2,только восходящий,2020-09-14 12:00,2020-09-15 13:00,25,0.0019,0.003
2/2,только восходящий,2020-09-16 10:00,2020-09-16 15:00,6,0.0644,0.056
2/2,только восходящий,2020-09-18 05:00,2020-09-18 12:00,8,0.3157,0.149
2/2,только восходящий,2020-09-24 19:00,2020-09-25 09:00,14,0.1767,0.127
2/2,только восходящий,2020-09-28 15:00,2020-10-02 06:00,84,0.7800,2.122
2/2,только восходящий,2020-10-05 16:00,2020-10-06 03:00,11,0.4819,0.223
2/2,только восходящий,2020-10-08 09:00,2020-10-08 15:00,7,0.2201,0.201
2/2,только восходящий,2020-10-09 02:00,2020-10-12 12:00,34,0.5489,0.801
2/2,только восходящий,2020-10-14 08:00,2020-10-14 23:00,15,0.0378,0.037
2/2,только восходящий,2020-10-16 02:00,2020-10-16 07:00,6,0.1178,0.042
2/2,только восходящий,2020-10-19 14:00,2020-10-19 20:00,7,0.4284,0.219
2/2,только восходящий,2020-10-20 14:00,2020-10-21 10:00,20,0.3708,0.488
2/2,только восходящий,2020-10-21 13:00,2020-10-22 00:00,11,0.4026,0.246
2/2,только восходящий,2020-10-23 08:00,2020-10-23 15:00,8,0.6125,0.637
2/2,только восходящий,2020-10-27 02:00,2020-10-27 10:00,9,0.6354,0.417
2/2,только восходящий,2020-10-29 08:00,2020-10-29 11:00,4,0.5147,0.295
2/2,только восходящий,2020-10-30 12:00,2020-11-04 01:00,58,0.3297,0.751
2/2,только восходящий,2020-11-05 18:00,2020-11-09 10:00,39,0.3959,0.607
2/2,только восходящий,2020-11-12 13:00,2020-11-16 10:00,44,0.4628,0.777
2/2,только восходящий,2020-11-20 14:00,2020-11-23 00:00,10,0.1839,0.121
2/2,только восходящий,2020-11-25 09:00,2020-11-25 20:00,12,0.4913,0.364
2/2,только восходящий,2020-11-26 08:00,2020-11-26 15:00,8,0.5170,0.345
2/2,только восходящий,2020-12-01 05:00,2020-12-02 03:00,22,0.6895,1.293
2/2,только восходящий,2020-12-02 08:00,2020-12-03 14:00,30,0.2127,0.364
2/2,только восходящий,2020-12-07 14:00,2020-12-09 05:00,39,0.0665,0.133
2/2,только восходящий,2020-12-10 16:00,2020-12-11 12:00,20,0.1618,0.146
2/2,только восходящий,2020-12-17 05:00,2020-12-18 00:00,19,0.4336,0.697
2/2,только восходящий,2020-12-21 01:00,2020-12-21 11:00,11,0.3571,0.973
2/2,только восходящий,2020-12-24 01:00,2020-12-24 15:00,15,0.0923,0.055
2/2,только восходящий,2020-12-27 23:00,2020-12-28 12:00,14,0.3844,0.631
2/2,только восходящий,2020-12-30 02:00,2020-12-30 14:00,13,0.3679,0.226
2/2,только восходящий,2020-12-30 18:00,2020-12-31 19:00,25,0.4169,0.329
2/2,только восходящий,2021-01-03 23:00,2021-01-06 02:00,50,0.5419,1.615
2/2,только восходящий,2021-01-12 12:00,2021-01-12 15:00,4,0.7226,0.966
2/2,только восходящий,2021-01-14 16:00,2021-01-15 12:00,20,0.0128,0.010
2/2,только восходящий,2021-01-19 08:00,2021-01-19 14:00,7,0.6080,0.413
2/2,только восходящий,2021-01-20 01:00,2021-01-20 14:00,14,0.2847,0.500
2/2,только восходящий,2021-01-20 16:00,2021-01-21 08:00,16,0.3847,0.270
2/2,только восходящий,2021-01-25 10:00,2021-01-25 17:00,8,0.2159,0.240
2/2,только восходящий,2021-01-28 17:00,2021-01-29 19:00,26,0.2646,0.585
2/2,только восходящий,2021-02-05 05:00,2021-02-08 03:00,22,0.5103,0.722
2/2,только восходящий,2021-02-08 12:00,2021-02-11 01:00,59,0.3667,0.740
2/2,только восходящий,2021-02-12 17:00,2021-02-15 08:00,15,0.1195,0.069
2/2,только восходящий,2021-02-16 01:00,2021-02-16 11:00,11,0.7598,0.474
2/2,только восходящий,2021-02-19 13:00,2021-02-23 11:00,45,0.5514,1.443
2/2,только восходящий,2021-03-02 17:00,2021-03-03 02:00,9,0.3521,0.221
2/2,только восходящий,2021-03-07 23:00,2021-03-08 13:00,15,0.4673,0.811
2/2,только восходящий,2021-03-09 16:00,2021-03-10 12:00,20,0.2260,0.151
2/2,только восходящий,2021-03-10 19:00,2021-03-11 15:00,20,0.0689,0.082
2/2,только восходящий,2021-03-16 05:00,2021-03-16 08:00,4,0.3580,0.228
2/2,только восходящий,2021-03-17 22:00,2021-03-18 07:00,10,0.3955,0.453
2/2,только восходящий,2021-03-19 09:00,2021-03-22 02:00,17,0.1410,0.117
2/2,только восходящий,2021-03-24 04:00,2021-03-25 08:00,28,0.1071,0.074
2/2,только восходящий,2021-03-26 15:00,2021-03-29 02:00,11,0.2050,0.122
2/2,только восходящий,2021-03-31 13:00,2021-04-07 00:00,80,0.7497,2.585
2/2,только восходящий,2021-04-08 10:00,2021-04-09 14:00,28,0.0298,0.047
2/2,только восходящий,2021-04-13 15:00,2021-04-14 12:00,21,0.0582,0.029
2/2,только восходящий,2021-04-15 06:00,2021-04-19 02:00,43,0.7871,1.907
2/2,только восходящий,2021-04-19 09:00,2021-04-19 14:00,6,0.5485,0.714
2/2,только восходящий,2021-04-20 20:00,2021-04-22 07:00,34,0.5840,0.710
2/2,только восходящий,2021-04-26 07:00,2021-04-26 13:00,7,0.1681,0.127
2/2,только восходящий,2021-04-27 12:00,2021-04-27 20:00,9,0.6335,0.360
2/2,только восходящий,2021-04-29 01:00,2021-04-29 12:00,12,0.5027,0.499
2/2,только восходящий,2021-05-03 05:00,2021-05-04 12:00,31,0.5454,0.786
2/2,только восходящий,2021-05-05 03:00,2021-05-05 09:00,7,0.4623,0.235
2/2,только восходящий,2021-05-06 02:00,2021-05-07 02:00,24,0.8594,1.557
2/2,только восходящий,2021-05-07 04:00,2021-05-11 11:00,54,0.7164,1.109
2/2,только восходящий,2021-05-13 22:00,2021-05-14 04:00,7,0.2875,0.117
2/2,только восходящий,2021-05-14 06:00,2021-05-18 12:00,53,0.7321,1.984
2/2,только восходящий,2021-05-19 15:00,2021-05-21 17:00,49,0.2853,0.414
2/2,только восходящий,2021-05-25 15:00,2021-05-26 12:00,21,0.7142,0.838
2/2,только восходящий,2021-05-27 08:00,2021-05-27 13:00,6,0.3811,0.245
2/2,только восходящий,2021-05-27 22:00,2021-05-28 07:00,10,0.5308,0.298
2/2,только восходящий,2021-05-28 16:00,2021-05-31 12:00,20,0.3562,0.280
2/2,только восходящий,2021-06-01 01:00,2021-06-01 08:00,8,0.0436,0.026
2/2,только восходящий,2021-06-02 15:00,2021-06-03 05:00,14,0.4283,0.206
2/2,только восходящий,2021-06-04 12:00,2021-06-07 03:00,15,0.0982,0.141
2/2,только восходящий,2021-06-07 23:00,2021-06-08 14:00,16,0.2030,0.215
2/2,только восходящий,2021-06-09 01:00,2021-06-09 07:00,7,0.1223,0.044
2/2,только восходящий,2021-06-10 23:00,2021-06-11 07:00,9,0.1790,0.053
2/2,только восходящий,2021-06-11 09:00,2021-06-11 19:00,11,0.7453,0.852
2/2,только восходящий,2021-06-18 07:00,2021-06-18 12:00,6,0.7177,0.883
2/2,только восходящий,2021-06-21 11:00,2021-06-22 06:00,19,0.0351,0.033
2/2,только восходящий,2021-06-23 13:00,2021-06-23 20:00,8,0.7082,0.855
2/2,только восходящий,2021-06-24 14:00,2021-06-28 00:00,33,0.1270,0.120
2/2,только восходящий,2021-06-30 18:00,2021-07-01 16:00,22,0.1457,0.141
2/2,только восходящий,2021-07-02 03:00,2021-07-02 08:00,6,0.3018,0.169
2/2,только восходящий,2021-07-02 10:00,2021-07-02 13:00,4,0.0829,0.088
2/2,только восходящий,2021-07-02 15:00,2021-07-06 14:00,42,0.6514,1.223
2/2,только восходящий,2021-07-07 03:00,2021-07-07 15:00,13,0.1895,0.135
2/2,только восходящий,2021-07-09 16:00,2021-07-12 12:00,20,0.5315,0.415
2/2,только восходящий,2021-07-12 22:00,2021-07-13 09:00,12,0.1977,0.076
2/2,только восходящий,2021-07-14 15:00,2021-07-15 16:00,25,0.3075,0.241
2/2,только восходящий,2021-07-20 04:00,2021-07-20 14:00,11,0.4473,0.452
2/2,только восходящий,2021-07-22 17:00,2021-07-23 01:00,8,0.5890,0.143
2/2,только восходящий,2021-07-26 09:00,2021-07-26 15:00,7,0.6720,0.492
2/2,только восходящий,2021-07-27 12:00,2021-07-27 15:00,4,0.3993,0.235
2/2,только восходящий,2021-07-28 02:00,2021-07-28 15:00,14,0.2988,0.214
2/2,только восходящий,2021-07-29 01:00,2021-07-30 02:00,25,0.5140,0.655
2/2,только восходящий,2021-08-04 12:00,2021-08-04 16:00,5,0.6028,0.835
2/2,только восходящий,2021-08-11 10:00,2021-08-12 03:00,17,0.6172,0.756
2/2,только восходящий,2021-08-13 04:00,2021-08-16 05:00,25,0.6788,1.088
2/2,только восходящий,2021-08-16 16:00,2021-08-17 16:00,24,0.2825,0.236
2/2,только восходящий,2021-08-18 03:00,2021-08-18 09:00,7,0.2847,0.118
2/2,только восходящий,2021-08-23 10:00,2021-08-24 09:00,23,0.6786,0.704
2/2,только восходящий,2021-08-27 02:00,2021-08-27 15:00,14,0.5504,0.871
2/2,только восходящий,2021-08-27 17:00,2021-08-30 07:00,14,0.2765,0.159
2/2,только восходящий,2021-08-31 08:00,2021-08-31 14:00,7,0.5243,0.443
2/2,только восходящий,2021-09-01 12:00,2021-09-01 16:00,5,0.5317,0.331
2/2,только восходящий,2021-09-03 03:00,2021-09-06 09:00,30,0.5171,0.664
2/2,только восходящий,2021-09-10 05:00,2021-09-10 14:00,10,0.4054,0.318
2/2,только восходящий,2021-09-14 17:00,2021-09-15 09:00,16,0.4926,0.211
2/2,только восходящий,2021-09-20 16:00,2021-09-22 09:00,40,0.6207,0.840
2/2,только восходящий,2021-09-27 00:00,2021-09-27 11:00,12,0.3554,0.325
2/2,только восходящий,2021-09-29 10:00,2021-09-29 13:00,4,0.8589,0.481
2/2,только восходящий,2021-09-30 17:00,2021-10-01 13:00,20,0.1617,0.094
2/2,только восходящий,2021-10-01 15:00,2021-10-04 06:00,15,0.3883,0.219
2/2,только восходящий,2021-10-04 23:00,2021-10-05 02:00,4,0.8161,0.346
2/2,только восходящий,2021-10-08 11:00,2021-10-10 22:00,11,0.2134,0.367
2/2,только восходящий,2021-10-12 11:00,2021-10-13 14:00,27,0.7422,1.751
2/2,только восходящий,2021-10-13 16:00,2021-10-14 03:00,11,0.4428,0.218
2/2,только восходящий,2021-10-14 13:00,2021-10-15 05:00,16,0.4297,0.194
2/2,только восходящий,2021-10-19 10:00,2021-10-19 15:00,6,0.4653,0.410
2/2,только восходящий,2021-10-22 00:00,2021-10-26 02:00,49,0.6197,1.075
2/2,только восходящий,2021-10-28 01:00,2021-10-28 15:00,15,0.1944,0.196
2/2,только восходящий,2021-11-01 04:00,2021-11-02 03:00,23,0.5025,0.416
2/2,только восходящий,2021-11-04 16:00,2021-11-05 13:00,21,0.3703,0.386
2/2,только восходящий,2021-11-05 15:00,2021-11-08 01:00,9,0.3387,0.372
2/2,только восходящий,2021-11-08 03:00,2021-11-09 08:00,29,0.3416,0.276
2/2,только восходящий,2021-11-09 17:00,2021-11-10 14:00,21,0.6662,1.682
2/2,только восходящий,2021-11-10 16:00,2021-11-12 08:00,39,0.0697,0.092
2/2,только восходящий,2021-11-16 08:00,2021-11-16 15:00,8,0.5386,0.589
2/2,только восходящий,2021-11-17 17:00,2021-11-18 07:00,14,0.3817,0.169
2/2,только восходящий,2021-11-25 08:00,2021-11-25 14:00,7,0.6277,0.201
2/2,только восходящий,2021-11-26 05:00,2021-11-26 17:00,13,0.3286,0.643
2/2,только восходящий,2021-11-29 09:00,2021-11-29 12:00,4,0.5781,0.293
2/2,только восходящий,2021-11-30 11:00,2021-11-30 14:00,4,0.6530,0.557
2/2,только восходящий,2021-12-01 07:00,2021-12-02 06:00,23,0.3899,0.372
2/2,только восходящий,2021-12-03 16:00,2021-12-06 10:00,18,0.0848,0.085
2/2,только восходящий,2021-12-08 01:00,2021-12-08 12:00,12,0.2194,0.125
2/2,только восходящий,2021-12-10 16:00,2021-12-13 15:00,23,0.2215,0.126
2/2,только восходящий,2021-12-16 04:00,2021-12-17 21:00,41,0.4872,0.910
2/2,только восходящий,2021-12-21 10:00,2021-12-21 16:00,7,0.5021,0.436
2/2,только восходящий,2021-12-22 23:00,2021-12-23 13:00,15,0.5186,0.198
2/2,только восходящий,2021-12-28 06:00,2021-12-28 19:00,14,0.5227,0.438
2/2,только восходящий,2021-12-31 00:00,2022-01-03 12:00,36,0.2900,0.272
2/2,только восходящий,2022-01-04 15:00,2022-01-05 08:00,17,0.2160,0.121
2/2,только восходящий,2022-01-05 10:00,2022-01-05 14:00,5,0.5061,0.406
2/2,только восходящий,2022-01-05 16:00,2022-01-05 21:00,6,0.7895,0.751
2/2,только восходящий,2022-01-07 17:00,2022-01-10 15:00,22,0.2124,0.141
2/2,только восходящий,2022-01-11 04:00,2022-01-12 08:00,28,0.4679,0.557
2/2,только восходящий,2022-01-12 17:00,2022-01-13 07:00,14,0.1320,0.033
2/2,только восходящий,2022-01-14 03:00,2022-01-14 16:00,14,0.6570,0.410
2/2,только восходящий,2022-01-19 23:00,2022-01-20 10:00,12,0.1914,0.076
2/2,только восходящий,2022-01-20 17:00,2022-01-21 07:00,14,0.5882,0.236
2/2,только восходящий,2022-01-24 10:00,2022-01-24 16:00,7,0.3699,0.267
2/2,только восходящий,2022-01-25 16:00,2022-01-26 08:00,16,0.3842,0.208
2/2,только восходящий,2022-01-31 16:00,2022-02-02 06:00,37,0.0414,0.032
2/2,только восходящий,2022-02-04 09:00,2022-02-04 15:00,7,0.3121,0.391
2/2,только восходящий,2022-02-07 16:00,2022-02-08 06:00,14,0.2332,0.119
2/2,только восходящий,2022-02-08 17:00,2022-02-09 15:00,22,0.1292,0.056
2/2,только восходящий,2022-02-10 02:00,2022-02-10 07:00,6,0.1708,0.025
2/2,только восходящий,2022-02-10 16:00,2022-02-11 08:00,16,0.7163,0.816
2/2,только восходящий,2022-02-11 18:00,2022-02-15 07:00,36,0.4629,0.999
2/2,только восходящий,2022-02-16 13:00,2022-02-18 11:00,45,0.6381,1.750
2/2,только восходящий,2022-02-20 23:00,2022-02-21 02:00,4,0.4470,0.391
2/2,только восходящий,2022-02-22 01:00,2022-02-22 12:00,12,0.4530,0.521
2/2,только восходящий,2022-02-23 19:00,2022-02-24 18:00,23,0.1879,0.688
2/2,только восходящий,2022-03-01 09:00,2022-03-02 11:00,26,0.3315,0.677
2/2,только восходящий,2022-03-03 13:00,2022-03-07 14:00,48,0.7362,3.031
2/2,только восходящий,2022-03-08 06:00,2022-03-09 08:00,26,0.3276,1.254
2/2,только восходящий,2022-03-10 14:00,2022-03-11 06:00,16,0.4158,0.539
2/2,только восходящий,2022-03-17 03:00,2022-03-18 04:00,25,0.0971,0.116
2/2,только восходящий,2022-03-23 16:00,2022-03-25 08:00,39,0.5302,1.052
2/2,только восходящий,2022-03-30 08:00,2022-03-31 00:00,16,0.5837,0.650
2/2,только восходящий,2022-03-31 19:00,2022-04-01 08:00,13,0.3476,0.238
2/2,только восходящий,2022-04-04 10:00,2022-04-04 15:00,6,0.3774,0.245
2/2,только восходящий,2022-04-06 11:00,2022-04-08 06:00,42,0.3834,0.444
2/2,только восходящий,2022-04-08 15:00,2022-04-12 10:00,42,0.4397,0.702
2/2,только восходящий,2022-04-12 12:00,2022-04-14 07:00,42,0.1960,0.262
2/2,только восходящий,2022-04-17 23:00,2022-04-18 19:00,21,0.3858,0.430
2/2,только восходящий,2022-04-20 19:00,2022-04-21 12:00,17,0.4641,0.512
2/2,только восходящий,2022-04-22 06:00,2022-04-22 09:00,4,0.6361,0.465
2/2,только восходящий,2022-04-29 01:00,2022-05-02 06:00,29,0.4118,0.805
2/2,только восходящий,2022-05-03 16:00,2022-05-04 01:00,9,0.7135,0.379
2/2,только восходящий,2022-05-04 18:00,2022-05-05 14:00,20,0.0176,0.045
2/2,только восходящий,2022-05-06 14:00,2022-05-09 07:00,17,0.6067,0.839
2/2,только восходящий,2022-05-12 01:00,2022-05-12 08:00,8,0.6744,0.539
2/2,только восходящий,2022-05-16 22:00,2022-05-17 14:00,17,0.1423,0.141
2/2,только восходящий,2022-05-18 15:00,2022-05-19 08:00,17,0.0563,0.043
2/2,только восходящий,2022-05-19 10:00,2022-05-20 01:00,15,0.4098,0.508
2/2,только восходящий,2022-05-23 00:00,2022-05-23 18:00,19,0.1922,0.204
2/2,только восходящий,2022-05-24 12:00,2022-05-25 02:00,14,0.0533,0.045
2/2,только восходящий,2022-05-27 01:00,2022-05-30 00:00,23,0.3892,0.298
2/2,только восходящий,2022-06-01 15:00,2022-06-03 10:00,42,0.6475,1.117
2/2,только восходящий,2022-06-07 08:00,2022-06-08 05:00,21,0.2213,0.162
2/2,только восходящий,2022-06-08 15:00,2022-06-09 08:00,17,0.7207,0.469
2/2,только восходящий,2022-06-10 18:00,2022-06-13 08:00,14,0.7824,1.074
2/2,только восходящий,2022-06-15 14:00,2022-06-16 11:00,21,0.0236,0.037
2/2,только восходящий,2022-06-16 18:00,2022-06-17 15:00,21,0.3890,0.440
2/2,только восходящий,2022-06-22 15:00,2022-06-23 00:00,9,0.3206,0.126
2/2,только восходящий,2022-06-27 01:00,2022-06-27 13:00,13,0.4549,0.337
2/2,только восходящий,2022-06-29 14:00,2022-06-30 08:00,18,0.0371,0.020
2/2,только восходящий,2022-07-04 03:00,2022-07-04 11:00,9,0.6505,0.341
2/2,только восходящий,2022-07-07 07:00,2022-07-08 06:00,23,0.1595,0.101
2/2,только восходящий,2022-07-13 15:00,2022-07-14 05:00,14,0.4961,0.567
2/2,только восходящий,2022-07-18 11:00,2022-07-18 16:00,6,0.2890,0.208
2/2,только восходящий,2022-07-21 19:00,2022-07-25 02:00,30,0.2932,0.450
2/2,только восходящий,2022-07-27 10:00,2022-07-27 14:00,5,0.2473,0.179
2/2,только восходящий,2022-07-27 18:00,2022-07-29 15:00,44,0.6362,1.787
2/2,только восходящий,2022-08-01 09:00,2022-08-02 08:00,23,0.0043,0.004
2/2,только восходящий,2022-08-02 12:00,2022-08-02 18:00,7,0.8257,1.046
2/2,только восходящий,2022-08-04 02:00,2022-08-05 02:00,24,0.7811,1.234
2/2,только восходящий,2022-08-08 09:00,2022-08-10 03:00,41,0.4985,0.770
2/2,только восходящий,2022-08-11 14:00,2022-08-12 12:00,22,0.0599,0.044
2/2,только восходящий,2022-08-12 14:00,2022-08-15 08:00,18,0.4659,0.533
2/2,только восходящий,2022-08-17 08:00,2022-08-17 12:00,5,0.2940,0.202
2/2,только восходящий,2022-08-23 03:00,2022-08-23 13:00,11,0.4765,0.499
2/2,только восходящий,2022-08-23 15:00,2022-08-24 01:00,10,0.3677,0.190
2/2,только восходящий,2022-08-25 02:00,2022-08-26 00:00,22,0.0331,0.025
2/2,только восходящий,2022-08-29 16:00,2022-08-30 03:00,11,0.4462,0.178
2/2,только восходящий,2022-09-02 16:00,2022-09-06 13:00,42,0.2437,0.300
2/2,только восходящий,2022-09-07 14:00,2022-09-08 13:00,23,0.0035,0.005
2/2,только восходящий,2022-09-09 09:00,2022-09-09 14:00,6,0.7147,0.747
2/2,только восходящий,2022-09-12 07:00,2022-09-13 02:00,19,0.1323,0.121
2/2,только восходящий,2022-09-16 14:00,2022-09-19 04:00,14,0.5530,0.509
2/2,только восходящий,2022-09-21 08:00,2022-09-23 07:00,46,0.1093,0.224
2/2,только восходящий,2022-09-27 05:00,2022-09-27 18:00,14,0.2816,0.272
2/2,только восходящий,2022-09-28 19:00,2022-09-30 20:00,48,0.0075,0.015
2/2,только восходящий,2022-10-03 14:00,2022-10-05 08:00,41,0.4565,1.642
2/2,только восходящий,2022-10-06 00:00,2022-10-06 14:00,15,0.4748,0.477
2/2,только восходящий,2022-10-11 15:00,2022-10-12 03:00,12,0.7189,0.965
2/2,только восходящий,2022-10-12 19:00,2022-10-13 08:00,13,0.0180,0.009
2/2,только восходящий,2022-10-17 15:00,2022-10-17 20:00,6,0.7397,0.759
2/2,только восходящий,2022-10-18 05:00,2022-10-18 10:00,6,0.4377,0.324
2/2,только восходящий,2022-10-20 09:00,2022-10-20 20:00,12,0.3234,0.412
2/2,только восходящий,2022-10-24 01:00,2022-10-24 07:00,7,0.4545,0.270
2/2,только восходящий,2022-10-26 06:00,2022-10-27 03:00,21,0.0226,0.023
2/2,только восходящий,2022-10-28 04:00,2022-10-28 07:00,4,0.8470,0.710
2/2,только восходящий,2022-11-01 06:00,2022-11-02 18:00,36,0.0835,0.142
2/2,только восходящий,2022-11-02 20:00,2022-11-03 00:00,4,0.4132,0.159
2/2,только восходящий,2022-11-04 08:00,2022-11-08 03:00,41,0.6177,1.514
2/2,только восходящий,2022-11-08 18:00,2022-11-09 02:00,8,0.4833,0.279
2/2,только восходящий,2022-11-10 13:00,2022-11-14 05:00,39,0.3963,1.464
2/2,только восходящий,2022-11-14 17:00,2022-11-15 15:00,22,0.0162,0.018
2/2,только восходящий,2022-11-18 05:00,2022-11-18 13:00,9,0.4050,0.218
2/2,только восходящий,2022-11-22 06:00,2022-11-22 20:00,15,0.0370,0.027
2/2,только восходящий,2022-11-23 19:00,2022-11-24 17:00,22,0.2153,0.198
2/2,только восходящий,2022-11-28 08:00,2022-11-28 19:00,12,0.7890,1.081
2/2,только восходящий,2022-12-01 03:00,2022-12-02 12:00,33,0.7230,1.280
2/2,только восходящий,2022-12-05 06:00,2022-12-05 11:00,6,0.6433,0.517
2/2,только восходящий,2022-12-06 14:00,2022-12-06 19:00,6,0.2308,0.149
2/2,только восходящий,2022-12-07 08:00,2022-12-12 01:00,63,0.4353,0.866
2/2,только восходящий,2022-12-13 09:00,2022-12-14 09:00,24,0.5526,1.297
2/2,только восходящий,2022-12-16 17:00,2022-12-19 06:00,13,0.5364,0.291
2/2,только восходящий,2022-12-20 05:00,2022-12-21 12:00,31,0.7923,1.510
2/2,только восходящий,2022-12-23 07:00,2022-12-23 15:00,9,0.2947,0.163
2/2,только восходящий,2022-12-23 17:00,2022-12-28 07:00,37,0.3301,0.731
2/2,только восходящий,2022-12-29 14:00,2022-12-30 11:00,21,0.3648,0.273
2/2,только восходящий,2023-01-02 23:00,2023-01-03 10:00,12,0.1927,0.276
2/2,только восходящий,2023-01-04 05:00,2023-01-05 07:00,26,0.1459,0.162
2/2,только восходящий,2023-01-06 16:00,2023-01-09 18:00,26,0.3657,0.423
2/2,только восходящий,2023-01-10 10:00,2023-01-10 13:00,4,0.2666,0.095
2/2,только восходящий,2023-01-11 05:00,2023-01-11 17:00,13,0.4352,0.450
2/2,только восходящий,2023-01-12 02:00,2023-01-16 07:00,52,0.5691,1.775
2/2,только восходящий,2023-01-18 16:00,2023-01-19 03:00,11,0.0501,0.031
2/2,только восходящий,2023-01-19 19:00,2023-01-20 15:00,20,0.1972,0.172
2/2,только восходящий,2023-01-24 07:00,2023-01-24 13:00,7,0.6510,0.407
2/2,только восходящий,2023-01-25 18:00,2023-01-26 08:00,14,0.1636,0.100
2/2,только восходящий,2023-02-01 15:00,2023-02-01 18:00,4,0.3349,0.204
2/2,только восходящий,2023-02-01 20:00,2023-02-02 12:00,16,0.0002,0.000
2/2,только восходящий,2023-02-08 07:00,2023-02-08 15:00,9,0.7148,0.658
2/2,только восходящий,2023-02-09 08:00,2023-02-09 16:00,9,0.3920,0.510
2/2,только восходящий,2023-02-16 04:00,2023-02-16 07:00,4,0.2615,0.104
2/2,только восходящий,2023-02-17 16:00,2023-02-21 02:00,31,0.1385,0.100
2/2,только восходящий,2023-02-24 04:00,2023-02-24 09:00,6,0.5844,0.215
2/2,только восходящий,2023-02-27 14:00,2023-02-28 04:00,14,0.4582,0.190
2/2,только восходящий,2023-02-28 19:00,2023-03-02 09:00,37,0.1365,0.162
2/2,только восходящий,2023-03-03 06:00,2023-03-06 12:00,30,0.4622,0.484
2/2,только восходящий,2023-03-08 16:00,2023-03-09 03:00,11,0.4036,0.221
2/2,только восходящий,2023-03-09 10:00,2023-03-13 08:00,46,0.8528,3.712
2/2,только восходящий,2023-03-13 14:00,2023-03-14 02:00,12,0.3467,0.332
2/2,только восходящий,2023-03-15 15:00,2023-03-16 02:00,11,0.5241,0.811
2/2,только восходящий,2023-03-17 04:00,2023-03-20 15:00,35,0.5188,2.218
2/2,только восходящий,2023-03-22 17:00,2023-03-23 12:00,19,0.6624,1.316
2/2,только восходящий,2023-03-23 20:00,2023-03-24 07:00,11,0.2932,0.200
2/2,только восходящий,2023-03-28 01:00,2023-03-28 10:00,10,0.3992,0.302
2/2,только восходящий,2023-03-28 14:00,2023-03-30 02:00,35,0.5375,0.545
2/2,только восходящий,2023-03-30 16:00,2023-03-31 06:00,14,0.1040,0.054
2/2,только восходящий,2023-04-03 10:00,2023-04-05 15:00,52,0.7467,2.499
2/2,только восходящий,2023-04-11 10:00,2023-04-12 14:00,28,0.0783,0.128
2/2,только восходящий,2023-04-13 09:00,2023-04-14 09:00,24,0.5109,0.597
2/2,только восходящий,2023-04-17 09:00,2023-04-17 13:00,5,0.7239,0.722
2/2,только восходящий,2023-04-18 10:00,2023-04-18 14:00,5,0.2883,0.283
2/2,только восходящий,2023-04-20 10:00,2023-04-21 04:00,18,0.2044,0.152
2/2,только восходящий,2023-04-24 18:00,2023-04-26 18:00,47,0.0161,0.027
2/2,только восходящий,2023-04-27 04:00,2023-04-27 11:00,8,0.3739,0.136
2/2,только восходящий,2023-05-01 15:00,2023-05-02 09:00,18,0.1427,0.057
2/2,только восходящий,2023-05-02 14:00,2023-05-03 13:00,23,0.1614,0.266
2/2,только восходящий,2023-05-03 15:00,2023-05-03 19:00,5,0.6113,0.576
2/2,только восходящий,2023-05-03 22:00,2023-05-05 10:00,36,0.4738,0.843
2/2,только восходящий,2023-05-08 07:00,2023-05-08 14:00,8,0.3919,0.176
2/2,только восходящий,2023-05-09 03:00,2023-05-10 02:00,23,0.3768,0.313
2/2,только восходящий,2023-05-12 15:00,2023-05-14 23:00,8,0.0244,0.010
2/2,только восходящий,2023-05-19 08:00,2023-05-22 07:00,23,0.4487,0.618
2/2,только восходящий,2023-05-23 20:00,2023-05-24 08:00,12,0.1307,0.065
2/2,только восходящий,2023-05-30 14:00,2023-05-31 00:00,10,0.0983,0.065
2/2,только восходящий,2023-05-31 13:00,2023-06-01 06:00,17,0.5746,0.415
2/2,только восходящий,2023-06-01 17:00,2023-06-02 11:00,18,0.0814,0.039
2/2,только восходящий,2023-06-05 16:00,2023-06-06 08:00,16,0.2611,0.103
2/2,только восходящий,2023-06-08 16:00,2023-06-09 09:00,17,0.5104,0.224
2/2,только восходящий,2023-06-13 09:00,2023-06-13 14:00,6,0.5089,0.539
2/2,только восходящий,2023-06-14 11:00,2023-06-14 22:00,11,0.1440,0.152
2/2,только восходящий,2023-06-16 08:00,2023-06-16 15:00,8,0.4685,0.348
2/2,только восходящий,2023-06-23 10:00,2023-06-26 14:00,28,0.2745,0.295
2/2,только восходящий,2023-06-30 19:00,2023-07-03 07:00,12,0.9276,0.411
2/2,только восходящий,2023-07-03 16:00,2023-07-05 03:00,32,0.2207,0.124
2/2,только восходящий,2023-07-07 02:00,2023-07-10 03:00,25,0.5217,0.682
2/2,только восходящий,2023-07-11 02:00,2023-07-14 05:00,73,0.7999,1.613
2/2,только восходящий,2023-07-18 01:00,2023-07-19 07:00,30,0.7089,1.061
2/2,только восходящий,2023-07-20 01:00,2023-07-20 11:00,11,0.3683,0.179
2/2,только восходящий,2023-07-21 03:00,2023-07-21 08:00,6,0.7955,0.446
2/2,только восходящий,2023-07-25 23:00,2023-07-26 13:00,15,0.1129,0.070
2/2,только восходящий,2023-07-27 01:00,2023-07-27 10:00,10,0.1572,0.079
2/2,только восходящий,2023-07-28 06:00,2023-07-31 02:00,20,0.3286,0.264
2/2,только восходящий,2023-07-31 15:00,2023-08-01 06:00,15,0.7977,0.664
2/2,только восходящий,2023-08-04 15:00,2023-08-07 08:00,17,0.5275,0.334
2/2,только восходящий,2023-08-09 08:00,2023-08-09 13:00,6,0.5602,0.269
2/2,только восходящий,2023-08-11 07:00,2023-08-11 20:00,14,0.4765,0.217
2/2,только восходящий,2023-08-17 09:00,2023-08-17 16:00,8,0.4383,0.361
2/2,только восходящий,2023-08-21 12:00,2023-08-21 15:00,4,0.5927,0.422
2/2,только восходящий,2023-08-22 03:00,2023-08-22 14:00,12,0.0625,0.051
2/2,только восходящий,2023-08-23 01:00,2023-08-24 13:00,36,0.6003,0.762
2/2,только восходящий,2023-08-29 19:00,2023-08-30 08:00,13,0.4422,0.073
2/2,только восходящий,2023-08-30 11:00,2023-08-31 14:00,27,0.3312,0.202
2/2,только восходящий,2023-09-04 01:00,2023-09-04 15:00,15,0.4601,0.226
2/2,только восходящий,2023-09-07 05:00,2023-09-08 10:00,29,0.5344,0.309
2/2,только восходящий,2023-09-11 02:00,2023-09-12 02:00,24,0.0288,0.016
2/2,только восходящий,2023-09-15 01:00,2023-09-19 19:00,65,0.6173,0.868
2/2,только восходящий,2023-09-20 19:00,2023-09-21 02:00,7,0.3728,0.329
2/2,только восходящий,2023-09-29 09:00,2023-09-29 13:00,5,0.2436,0.160
2/2,только восходящий,2023-10-04 14:00,2023-10-04 19:00,6,0.4967,0.267
2/2,только восходящий,2023-10-05 03:00,2023-10-05 12:00,10,0.7802,0.691
2/2,только восходящий,2023-10-08 22:00,2023-10-09 12:00,15,0.0774,0.100
2/2,только восходящий,2023-10-09 22:00,2023-10-12 16:00,65,0.3106,0.536
2/2,только восходящий,2023-10-15 23:00,2023-10-17 01:00,26,0.5922,0.556
2/2,только восходящий,2023-10-17 15:00,2023-10-19 04:00,36,0.4906,1.107
2/2,только восходящий,2023-10-19 17:00,2023-10-22 23:00,29,0.0308,0.057
2/2,только восходящий,2023-10-26 04:00,2023-10-26 15:00,12,0.3814,0.415
2/2,только восходящий,2023-10-27 04:00,2023-10-27 11:00,8,0.7629,0.383
2/2,только восходящий,2023-10-29 22:00,2023-10-30 09:00,12,0.2995,0.238
2/2,только восходящий,2023-10-31 10:00,2023-10-31 16:00,7,0.4364,0.464
2/2,только восходящий,2023-11-03 08:00,2023-11-06 04:00,19,0.2201,0.244
2/2,только восходящий,2023-11-09 17:00,2023-11-10 08:00,15,0.5775,0.351
2/2,только восходящий,2023-11-13 19:00,2023-11-14 14:00,19,0.7320,1.110
2/2,только восходящий,2023-11-14 16:00,2023-11-15 02:00,10,0.0513,0.013
2/2,только восходящий,2023-11-15 10:00,2023-11-15 13:00,4,0.6277,0.380
2/2,только восходящий,2023-11-16 06:00,2023-11-17 15:00,33,0.5253,0.837
2/2,только восходящий,2023-11-21 05:00,2023-11-22 14:00,33,0.4336,0.508
2/2,только восходящий,2023-11-28 19:00,2023-11-29 08:00,13,0.0822,0.051
2/2,только восходящий,2023-12-01 08:00,2023-12-01 13:00,6,0.4837,0.378
2/2,только восходящий,2023-12-01 16:00,2023-12-04 16:00,24,0.2548,1.595
2/2,только восходящий,2023-12-06 09:00,2023-12-07 15:00,30,0.4077,0.398
2/2,только восходящий,2023-12-13 19:00,2023-12-14 14:00,19,0.4493,1.465
2/2,только восходящий,2023-12-15 08:00,2023-12-15 12:00,5,0.1237,0.048
2/2,только восходящий,2023-12-18 20:00,2023-12-20 10:00,37,0.3744,0.467
2/2,только восходящий,2023-12-22 01:00,2023-12-26 10:00,33,0.6342,0.738
2/2,только восходящий,2023-12-27 00:00,2023-12-27 11:00,12,0.3338,0.127
2/2,только восходящий,2023-12-27 15:00,2023-12-28 18:00,27,0.3146,0.296
2/2,только восходящий,2024-01-02 08:00,2024-01-02 11:00,4,0.3861,0.198
2/2,только восходящий,2024-01-04 06:00,2024-01-04 13:00,8,0.5754,0.341
2/2,только восходящий,2024-01-09 13:00,2024-01-09 17:00,5,0.6915,0.538
2/2,только восходящий,2024-01-12 16:00,2024-01-15 13:00,21,0.3426,0.287
2/2,только восходящий,2024-01-18 18:00,2024-01-22 04:00,33,0.2055,0.242
2/2,только восходящий,2024-01-23 09:00,2024-01-23 15:00,7,0.3981,0.180
2/2,только восходящий,2024-01-23 20:00,2024-01-24 15:00,19,0.6164,0.662
2/2,только восходящий,2024-01-30 07:00,2024-01-30 16:00,10,0.1034,0.099
2/2,только восходящий,2024-01-31 13:00,2024-01-31 21:00,9,0.1136,0.140
2/2,только восходящий,2024-02-01 16:00,2024-02-02 12:00,20,0.2944,0.203
2/2,только восходящий,2024-02-06 15:00,2024-02-08 06:00,38,0.2025,0.149
2/2,только восходящий,2024-02-15 09:00,2024-02-16 12:00,27,0.7242,0.523
2/2,только восходящий,2024-02-16 21:00,2024-02-19 14:00,17,0.1798,0.203
2/2,только восходящий,2024-02-20 07:00,2024-02-20 20:00,14,0.2408,0.142
2/2,только восходящий,2024-02-22 10:00,2024-02-22 19:00,10,0.5504,0.314
2/2,только восходящий,2024-02-23 20:00,2024-02-26 16:00,20,0.7071,0.433
2/2,только восходящий,2024-02-27 08:00,2024-02-27 15:00,8,0.6742,0.213
2/2,только восходящий,2024-02-29 01:00,2024-02-29 09:00,9,0.5039,0.094
2/2,только восходящий,2024-02-29 17:00,2024-03-01 01:00,8,0.3300,0.065
2/2,только восходящий,2024-03-01 11:00,2024-03-07 15:00,97,0.8251,4.782
2/2,только восходящий,2024-03-08 09:00,2024-03-11 10:00,26,0.2238,0.397
2/2,только восходящий,2024-03-13 10:00,2024-03-14 04:00,18,0.3842,0.387
2/2,только восходящий,2024-03-15 05:00,2024-03-15 11:00,7,0.2374,0.101
2/2,только восходящий,2024-03-20 18:00,2024-03-21 12:00,18,0.3903,1.176
2/2,только восходящий,2024-03-26 08:00,2024-03-28 01:00,40,0.3867,0.507
2/2,только восходящий,2024-03-28 10:00,2024-04-02 16:00,53,0.6025,2.174
2/2,только восходящий,2024-04-04 00:00,2024-04-04 13:00,14,0.6599,0.639
2/2,только восходящий,2024-04-05 15:00,2024-04-08 02:00,11,0.4285,0.943
2/2,только восходящий,2024-04-08 04:00,2024-04-08 12:00,9,0.5716,0.561
2/2,только восходящий,2024-04-09 07:00,2024-04-10 11:00,28,0.2550,0.293
2/2,только восходящий,2024-04-11 17:00,2024-04-12 15:00,22,0.4717,1.669
2/2,только восходящий,2024-04-12 17:00,2024-04-12 20:00,4,0.2786,0.466
2/2,только восходящий,2024-04-15 18:00,2024-04-16 05:00,11,0.3635,0.436
2/2,только восходящий,2024-04-19 01:00,2024-04-19 12:00,12,0.6242,1.166
2/2,только восходящий,2024-04-25 10:00,2024-04-29 01:00,38,0.0720,0.123
2/2,только восходящий,2024-05-06 03:00,2024-05-07 03:00,24,0.6506,0.678
2/2,только восходящий,2024-05-09 12:00,2024-05-13 02:00,37,0.4863,1.387
2/2,только восходящий,2024-05-14 07:00,2024-05-15 14:00,31,0.8071,1.480
2/2,только восходящий,2024-05-15 17:00,2024-05-16 11:00,18,0.2787,0.193
2/2,только восходящий,2024-05-17 09:00,2024-05-20 11:00,26,0.7040,2.020
2/2,только восходящий,2024-05-24 12:00,2024-05-28 05:00,38,0.4180,0.475
2/2,только восходящий,2024-05-30 16:00,2024-05-30 20:00,5,0.5139,0.197
2/2,только восходящий,2024-06-03 19:00,2024-06-04 02:00,7,0.0851,0.035
2/2,только восходящий,2024-06-05 07:00,2024-06-06 14:00,31,0.7132,1.401
2/2,только восходящий,2024-06-07 00:00,2024-06-07 07:00,8,0.2642,0.203
2/2,только восходящий,2024-06-10 11:00,2024-06-13 00:00,59,0.3580,0.682
2/2,только восходящий,2024-06-14 03:00,2024-06-17 03:00,24,0.5694,0.819
2/2,только восходящий,2024-06-19 01:00,2024-06-19 15:00,15,0.0373,0.018
2/2,только восходящий,2024-06-20 01:00,2024-06-21 08:00,31,0.7579,1.244
2/2,только восходящий,2024-06-25 12:00,2024-06-25 15:00,4,0.0346,0.022
2/2,только восходящий,2024-06-27 16:00,2024-06-28 00:00,8,0.5302,0.164
2/2,только восходящий,2024-06-28 15:00,2024-06-30 22:00,7,0.4159,0.175
2/2,только восходящий,2024-07-01 10:00,2024-07-02 13:00,27,0.0917,0.076
2/2,только восходящий,2024-07-03 05:00,2024-07-04 07:00,26,0.7356,1.039
2/2,только восходящий,2024-07-05 05:00,2024-07-05 13:00,9,0.5030,0.779
2/2,только восходящий,2024-07-05 15:00,2024-07-08 07:00,16,0.4185,0.285
2/2,только восходящий,2024-07-10 04:00,2024-07-12 03:00,46,0.7079,1.733
2/2,только восходящий,2024-07-12 19:00,2024-07-15 08:00,13,0.0619,0.034
2/2,только восходящий,2024-07-15 16:00,2024-07-17 15:00,46,0.5213,1.371
2/2,только восходящий,2024-07-18 09:00,2024-07-18 17:00,9,0.5173,0.380
2/2,только восходящий,2024-07-23 20:00,2024-07-24 18:00,22,0.0519,0.058
2/2,только восходящий,2024-07-26 04:00,2024-07-29 09:00,29,0.6056,0.970
2/2,только восходящий,2024-07-30 09:00,2024-07-30 16:00,8,0.6351,0.448
2/2,только восходящий,2024-07-30 18:00,2024-08-01 03:00,32,0.6918,1.574
2/2,только восходящий,2024-08-01 16:00,2024-08-02 16:00,24,0.2095,0.573
2/2,только восходящий,2024-08-07 11:00,2024-08-07 20:00,10,0.7239,0.761
2/2,только восходящий,2024-08-08 16:00,2024-08-12 03:00,34,0.4940,0.433
2/2,только восходящий,2024-08-12 07:00,2024-08-14 03:00,43,0.4669,0.791
2/2,только восходящий,2024-08-15 08:00,2024-08-15 14:00,7,0.0849,0.131
2/2,только восходящий,2024-08-16 15:00,2024-08-19 10:00,19,0.0798,0.077
2/2,только восходящий,2024-08-20 15:00,2024-08-21 11:00,20,0.1449,0.134
2/2,только восходящий,2024-08-23 17:00,2024-08-27 03:00,33,0.0841,0.070
2/2,только восходящий,2024-08-27 20:00,2024-08-28 07:00,11,0.5711,0.584
2/2,только восходящий,2024-08-29 00:00,2024-08-29 12:00,13,0.1513,0.125
2/2,только восходящий,2024-09-04 16:00,2024-09-05 05:00,13,0.4751,0.207
2/2,только восходящий,2024-09-05 07:00,2024-09-06 12:00,29,0.6032,0.631
2/2,только восходящий,2024-09-09 18:00,2024-09-10 09:00,15,0.1628,0.054
2/2,только восходящий,2024-09-10 12:00,2024-09-10 15:00,4,0.0625,0.044
2/2,только восходящий,2024-09-10 17:00,2024-09-11 11:00,18,0.5325,0.358
2/2,только восходящий,2024-09-12 08:00,2024-09-16 11:00,50,0.8570,2.608
2/2,только восходящий,2024-09-19 07:00,2024-09-23 08:00,48,0.5278,1.258
2/2,только восходящий,2024-09-24 04:00,2024-09-24 08:00,5,0.5183,0.344
2/2,только восходящий,2024-09-24 14:00,2024-09-25 08:00,18,0.3405,0.464
2/2,только восходящий,2024-09-26 08:00,2024-09-26 14:00,7,0.1036,0.120
2/2,только восходящий,2024-10-01 15:00,2024-10-02 13:00,22,0.1343,0.148
2/2,только восходящий,2024-10-04 02:00,2024-10-04 11:00,10,0.0615,0.025
2/2,только восходящий,2024-10-10 19:00,2024-10-11 10:00,15,0.5878,0.474
2/2,только восходящий,2024-10-11 14:00,2024-10-15 04:00,37,0.3640,0.328
2/2,только восходящий,2024-10-16 06:00,2024-10-17 13:00,31,0.4934,0.432
2/2,только восходящий,2024-10-17 15:00,2024-10-21 16:00,48,0.5345,1.123
2/2,только восходящий,2024-10-22 23:00,2024-10-23 13:00,15,0.3376,0.330
2/2,только восходящий,2024-10-25 19:00,2024-10-29 12:00,40,0.2023,0.244
2/2,только восходящий,2024-10-29 14:00,2024-10-31 11:00,44,0.3398,0.359
2/2,только восходящий,2024-11-01 08:00,2024-11-01 11:00,4,0.0483,0.019
2/2,только восходящий,2024-11-05 13:00,2024-11-06 04:00,15,0.1472,0.105
2/2,только восходящий,2024-11-07 19:00,2024-11-08 08:00,13,0.1872,0.209
2/2,только восходящий,2024-11-14 19:00,2024-11-15 07:00,12,0.5367,0.471
2/2,только восходящий,2024-11-18 00:00,2024-11-20 09:00,56,0.6300,1.761
2/2,только восходящий,2024-11-20 16:00,2024-11-25 01:00,55,0.6665,1.909
2/2,только восходящий,2024-11-27 04:00,2024-11-27 16:00,13,0.0011,0.001
2/2,только восходящий,2024-11-28 12:00,2024-11-29 16:00,26,0.4995,0.609
2/2,только восходящий,2024-12-03 13:00,2024-12-03 16:00,4,0.2219,0.171
2/2,только восходящий,2024-12-06 06:00,2024-12-11 04:00,68,0.5665,1.724
2/2,только восходящий,2024-12-11 20:00,2024-12-12 12:00,16,0.4077,0.382
2/2,только восходящий,2024-12-13 03:00,2024-12-13 08:00,6,0.7742,0.488
2/2,только восходящий,2024-12-16 10:00,2024-12-16 17:00,8,0.4228,0.252
2/2,только восходящий,2024-12-20 07:00,2024-12-23 12:00,29,0.2656,0.338
2/2,только восходящий,2024-12-24 07:00,2024-12-24 13:00,7,0.4112,0.159
2/2,только восходящий,2024-12-26 06:00,2024-12-26 14:00,9,0.4162,0.148
2/2,только восходящий,2024-12-26 16:00,2024-12-27 07:00,15,0.1498,0.058
2/2,только восходящий,2024-12-31 08:00,2025-01-02 09:00,25,0.5656,0.746
2/2,только восходящий,2025-01-02 11:00,2025-01-02 14:00,4,0.3775,0.214
2/2,только восходящий,2025-01-02 16:00,2025-01-03 07:00,15,0.3339,0.192
2/2,только восходящий,2025-01-07 03:00,2025-01-13 02:00,92,0.8075,1.859
2/2,только восходящий,2025-01-15 00:00,2025-01-17 08:00,55,0.7032,1.458
2/2,только восходящий,2025-01-21 09:00,2025-01-23 08:00,46,0.6733,1.158
2/2,только восходящий,2025-01-24 00:00,2025-01-24 17:00,18,0.4309,0.495
2/2,только восходящий,2025-01-28 23:00,2025-01-29 04:00,6,0.0574,0.010
2/2,только восходящий,2025-01-30 18:00,2025-02-03 00:00,29,0.0839,0.097
2/2,только восходящий,2025-02-04 01:00,2025-02-04 08:00,8,0.4826,0.297
2/2,только восходящий,2025-02-04 13:00,2025-02-06 09:00,43,0.4568,0.981
2/2,только восходящий,2025-02-07 16:00,2025-02-11 11:00,42,0.4834,1.510
2/2,только восходящий,2025-02-12 23:00,2025-02-13 14:00,16,0.4157,0.320
2/2,только восходящий,2025-02-13 19:00,2025-02-14 14:00,19,0.2231,0.195
2/2,только восходящий,2025-02-18 04:00,2025-02-19 19:00,39,0.5236,0.717
2/2,только восходящий,2025-02-24 08:00,2025-02-24 11:00,4,0.0869,0.041
2/2,только восходящий,2025-02-24 13:00,2025-02-24 16:00,4,0.4335,0.374
2/2,только восходящий,2025-02-27 01:00,2025-02-27 07:00,7,0.6808,0.709
2/2,только восходящий,2025-03-03 01:00,2025-03-05 12:00,58,0.6577,1.579
2/2,только восходящий,2025-03-12 16:00,2025-03-14 08:00,39,0.8601,1.933
2/2,только восходящий,2025-03-14 10:00,2025-03-14 16:00,7,0.1342,0.119
2/2,только восходящий,2025-03-17 09:00,2025-03-19 10:00,48,0.6438,1.300
2/2,только восходящий,2025-03-19 18:00,2025-03-20 09:00,15,0.1969,0.178
2/2,только восходящий,2025-03-25 05:00,2025-03-26 02:00,21,0.2357,0.199
2/2,только восходящий,2025-03-27 09:00,2025-03-31 14:00,52,0.8794,2.738
2/2,только восходящий,2025-04-01 02:00,2025-04-01 14:00,13,0.6538,0.525
2/2,только восходящий,2025-04-03 00:00,2025-04-03 09:00,10,0.6110,0.940
2/2,только восходящий,2025-04-08 08:00,2025-04-08 16:00,9,0.5605,0.715
2/2,только восходящий,2025-04-09 09:00,2025-04-13 23:00,60,0.8545,5.876
2/2,только восходящий,2025-04-15 06:00,2025-04-15 14:00,9,0.1259,0.080
2/2,только восходящий,2025-04-15 22:00,2025-04-17 09:00,35,0.6309,2.474
2/2,только восходящий,2025-04-21 16:00,2025-04-22 17:00,25,0.0993,0.372
2/2,только восходящий,2025-04-24 03:00,2025-04-24 15:00,13,0.0651,0.074
2/2,только восходящий,2025-04-28 22:00,2025-04-29 15:00,18,0.5561,0.763
2/2,только восходящий,2025-05-02 05:00,2025-05-02 14:00,10,0.3651,0.335
2/2,только восходящий,2025-05-05 09:00,2025-05-07 19:00,57,0.4139,1.911
2/2,только восходящий,2025-05-09 15:00,2025-05-09 20:00,6,0.8679,0.590
2/2,только восходящий,2025-05-13 08:00,2025-05-14 06:00,22,0.6731,0.823
2/2,только восходящий,2025-05-16 00:00,2025-05-16 09:00,10,0.6898,1.045
2/2,только восходящий,2025-05-20 16:00,2025-05-21 13:00,21,0.5450,0.757
2/2,только восходящий,2025-05-22 01:00,2025-05-22 12:00,12,0.5452,1.019
2/2,только восходящий,2025-05-23 09:00,2025-05-26 01:00,16,0.3816,0.488
2/2,только восходящий,2025-05-28 07:00,2025-05-28 17:00,11,0.6062,0.675
2/2,только восходящий,2025-05-29 15:00,2025-05-30 15:00,24,0.5514,0.996
2/2,только восходящий,2025-06-01 22:00,2025-06-03 15:00,41,0.4041,1.126
2/2,только восходящий,2025-06-04 14:00,2025-06-05 04:00,14,0.2652,0.265
2/2,только восходящий,2025-06-09 15:00,2025-06-10 03:00,12,0.5805,0.633
2/2,только восходящий,2025-06-11 04:00,2025-06-11 07:00,4,0.2457,0.118
2/2,только восходящий,2025-06-11 22:00,2025-06-16 08:00,57,0.3988,1.337
2/2,только восходящий,2025-06-20 16:00,2025-06-23 00:00,8,0.1858,0.170
2/2,только восходящий,2025-06-25 07:00,2025-06-25 10:00,4,0.3919,0.185
2/2,только восходящий,2025-06-26 06:00,2025-06-26 11:00,6,0.3538,0.205
2/2,только восходящий,2025-06-30 16:00,2025-07-02 03:00,34,0.6183,1.293
2/2,только восходящий,2025-07-02 17:00,2025-07-03 11:00,18,0.1567,0.112
2/2,только восходящий,2025-07-04 08:00,2025-07-07 00:00,12,0.7261,0.488
2/2,только восходящий,2025-07-08 00:00,2025-07-08 09:00,10,0.6623,0.366
2/2,только восходящий,2025-07-10 03:00,2025-07-10 15:00,13,0.1964,0.120
2/2,только восходящий,2025-07-11 07:00,2025-07-14 13:00,30,0.3038,0.399
2/2,только восходящий,2025-07-15 07:00,2025-07-15 12:00,6,0.7815,0.460
2/2,только восходящий,2025-07-16 11:00,2025-07-16 15:00,5,0.0706,0.122
2/2,только восходящий,2025-07-16 17:00,2025-07-17 00:00,7,0.7834,0.414
2/2,только восходящий,2025-07-18 14:00,2025-07-22 01:00,34,0.5395,0.932
2/2,только восходящий,2025-07-22 19:00,2025-07-23 14:00,19,0.5376,0.524
2/2,только восходящий,2025-07-29 08:00,2025-07-30 02:00,18,0.1360,0.091
2/2,только восходящий,2025-08-01 16:00,2025-08-05 05:00,36,0.5955,0.799
2/2,только восходящий,2025-08-05 18:00,2025-08-06 02:00,8,0.3125,0.112
2/2,только восходящий,2025-08-07 06:00,2025-08-08 12:00,30,0.0968,0.107
2/2,только восходящий,2025-08-13 08:00,2025-08-13 19:00,12,0.1148,0.071
2/2,только восходящий,2025-08-15 07:00,2025-08-17 22:00,15,0.7899,0.359
2/2,только восходящий,2025-08-18 07:00,2025-08-18 17:00,11,0.6373,0.457
2/2,только восходящий,2025-08-19 05:00,2025-08-19 15:00,11,0.5502,0.404
2/2,только восходящий,2025-08-20 16:00,2025-08-21 12:00,20,0.1245,0.101
2/2,только восходящий,2025-08-22 17:00,2025-08-25 10:00,17,0.5296,0.248
2/2,только восходящий,2025-08-25 14:00,2025-08-25 22:00,8,0.8160,0.304
2/2,только восходящий,2025-08-26 20:00,2025-08-27 03:00,7,0.9917,0.386
2/2,только восходящий,2025-08-27 18:00,2025-08-29 12:00,41,0.5690,0.646
2/2,только восходящий,2025-08-29 14:00,2025-09-02 09:00,40,0.4443,1.034
2/2,только восходящий,2025-09-02 16:00,2025-09-04 04:00,35,0.0803,0.152
2/2,только восходящий,2025-09-05 12:00,2025-09-08 03:00,15,0.0575,0.083
2/2,только восходящий,2025-09-08 17:00,2025-09-09 00:00,7,0.3939,0.138
2/2,только восходящий,2025-09-09 04:00,2025-09-09 16:00,13,0.2078,0.272
2/2,только восходящий,2025-09-12 07:00,2025-09-14 22:00,15,0.3620,0.167
2/2,только восходящий,2025-09-15 18:00,2025-09-16 03:00,9,0.2776,0.112
2/2,только восходящий,2025-09-16 08:00,2025-09-17 03:00,19,0.4323,0.340
2/2,только восходящий,2025-09-19 03:00,2025-09-23 03:00,47,0.8012,2.544
2/2,только восходящий,2025-09-23 08:00,2025-09-24 03:00,19,0.2226,0.240
2/2,только восходящий,2025-09-26 13:00,2025-09-30 07:00,41,0.6791,2.178
2/2,только восходящий,2025-10-01 06:00,2025-10-02 02:00,20,0.1608,0.178
2/2,только восходящий,2025-10-02 10:00,2025-10-02 13:00,4,0.2758,0.166
2/2,только восходящий,2025-10-03 17:00,2025-10-07 06:00,36,0.7284,1.884
2/2,только восходящий,2025-10-08 11:00,2025-10-08 22:00,11,0.3802,0.413
2/2,только восходящий,2025-10-09 10:00,2025-10-09 15:00,6,0.5507,0.735
2/2,только восходящий,2025-10-10 19:00,2025-10-14 07:00,35,0.6258,2.872
2/2,только восходящий,2025-10-14 23:00,2025-10-17 13:00,61,0.4953,2.704
2/2,только восходящий,2025-10-20 12:00,2025-10-21 07:00,19,0.2303,0.579
2/2,только восходящий,2025-10-22 22:00,2025-10-24 05:00,31,0.0245,0.053
2/2,только восходящий,2025-10-29 07:00,2025-10-29 23:00,16,0.4289,1.219
2/2,только восходящий,2025-10-30 09:00,2025-10-31 15:00,30,0.1612,0.348
2/2,только восходящий,2025-11-06 07:00,2025-11-07 16:00,33,0.0321,0.050
2/2,только восходящий,2025-11-10 01:00,2025-11-11 14:00,37,0.6229,2.002
2/2,только восходящий,2025-11-12 20:00,2025-11-13 15:00,19,0.1012,0.158
2/2,только восходящий,2025-11-18 19:00,2025-11-19 18:00,23,0.0788,0.150
2/2,только восходящий,2025-11-21 19:00,2025-11-24 06:00,11,0.6549,0.836
2/2,только восходящий,2025-11-24 21:00,2025-11-25 02:00,5,0.5004,0.404
2/2,только восходящий,2025-11-25 04:00,2025-11-26 16:00,36,0.4150,0.639
2/2,только восходящий,2025-11-30 23:00,2025-12-02 02:00,27,0.0025,0.004
2/2,только восходящий,2025-12-04 18:00,2025-12-05 02:00,8,0.0337,0.018
2/2,только восходящий,2025-12-05 12:00,2025-12-05 17:00,6,0.1853,0.266
2/2,только восходящий,2025-12-09 15:00,2025-12-10 08:00,17,0.4655,0.348
2/2,только восходящий,2025-12-10 23:00,2025-12-12 17:00,42,0.4131,1.457
2/2,только восходящий,2025-12-15 01:00,2025-12-15 17:00,17,0.2795,0.419
2/2,только восходящий,2025-12-17 05:00,2025-12-18 10:00,29,0.1955,0.193
2/2,только восходящий,2025-12-18 17:00,2025-12-23 13:00,66,0.7731,3.364
2/2,только восходящий,2025-12-26 00:00,2025-12-29 01:00,25,0.2650,0.457
2/2,только восходящий,2025-12-30 15:00,2025-12-30 19:00,5,0.3725,0.383
2/2,только восходящий,2026-01-02 00:00,2026-01-06 02:00,49,0.6676,2.322
2/2,только восходящий,2026-01-06 14:00,2026-01-07 07:00,17,0.4477,0.590
2/2,только восходящий,2026-01-08 19:00,2026-01-09 14:00,19,0.7965,0.961
2/2,только восходящий,2026-01-09 16:00,2026-01-13 02:00,33,0.5929,1.949
2/2,только восходящий,2026-01-13 13:00,2026-01-13 21:00,9,0.3906,0.554
2/2,только восходящий,2026-01-19 01:00,2026-01-20 01:00,22,0.4606,0.269
2/2,только восходящий,2026-01-20 04:00,2026-01-21 18:00,38,0.7426,3.302
2/2,только восходящий,2026-01-23 03:00,2026-01-26 18:00,39,0.5525,2.362
2/2,только восходящий,2026-01-27 09:00,2026-01-27 15:00,7,0.1405,0.146
2/2,только восходящий,2026-01-27 20:00,2026-01-29 14:00,41,0.6353,6.188
2/2,только восходящий,2026-02-03 06:00,2026-02-03 20:00,15,0.3544,1.286
2/2,только восходящий,2026-02-04 01:00,2026-02-04 07:00,7,0.3566,0.754
2/2,только восходящий,2026-02-04 09:00,2026-02-04 14:00,6,0.6089,1.444
2/2,только восходящий,2026-02-08 23:00,2026-02-09 11:00,13,0.3061,0.501
2/2,только восходящий,2026-02-09 16:00,2026-02-10 16:00,24,0.4998,0.978
2/2,только восходящий,2026-02-11 09:00,2026-02-11 14:00,6,0.0349,0.069
2/2,только восходящий,2026-02-16 00:00,2026-02-16 23:00,21,0.3868,0.512
2/2,только восходящий,2026-02-18 06:00,2026-02-19 01:00,19,0.4042,0.856
2/2,только восходящий,2026-02-20 08:00,2026-02-24 15:00,54,0.4679,2.414
2/2,только восходящий,2026-02-25 05:00,2026-02-25 21:00,17,0.5232,0.733
2/2,только восходящий,2026-02-27 13:00,2026-03-02 13:00,24,0.7340,3.271
2/2,только восходящий,2026-03-04 04:00,2026-03-04 19:00,16,0.1938,0.367
2/2,только восходящий,2026-03-06 21:00,2026-03-09 02:00,6,0.4756,1.486
2/2,только восходящий,2026-03-10 01:00,2026-03-11 14:00,37,0.0075,0.017
2/2,только восходящий,2026-03-12 12:00,2026-03-12 16:00,5,0.7612,1.121
2/2,только восходящий,2026-03-17 04:00,2026-03-17 11:00,8,0.6562,0.688
2/2,только восходящий,2026-03-20 05:00,2026-03-20 12:00,8,0.1012,0.211
2/2,только восходящий,2026-03-25 04:00,2026-03-25 10:00,7,0.3005,0.309
2/2,только восходящий,2026-03-27 07:00,2026-03-29 23:00,16,0.0074,0.025
2/2,только восходящий,2026-03-30 13:00,2026-03-31 11:00,22,0.4307,1.301
2/2,только восходящий,2026-03-31 16:00,2026-04-02 00:00,31,0.7549,3.152
2/2,только восходящий,2026-04-07 11:00,2026-04-07 15:00,5,0.0674,0.092
2/2,только восходящий,2026-04-07 22:00,2026-04-08 13:00,16,0.2837,0.855
2/2,только восходящий,2026-04-09 19:00,2026-04-10 09:00,14,0.3336,0.363
2/2,только восходящий,2026-04-13 22:00,2026-04-14 11:00,14,0.3308,0.353
2/2,только восходящий,2026-04-14 17:00,2026-04-16 15:00,45,0.2849,0.582
2/2,только восходящий,2026-04-17 12:00,2026-04-20 00:00,12,0.4764,1.521
2/2,только восходящий,2026-04-20 13:00,2026-04-21 05:00,16,0.6768,0.704
2/2,только восходящий,2026-04-23 14:00,2026-04-23 18:00,5,0.4251,0.690
2/2,только восходящий,2026-04-24 13:00,2026-04-27 01:00,12,0.1330,0.192
2/2,только восходящий,2026-04-30 06:00,2026-05-01 04:00,22,0.2255,0.427
2/2,только восходящий,2026-05-05 16:00,2026-05-07 18:00,49,0.6788,3.252
2/2,только восходящий,2026-05-08 13:00,2026-05-08 20:00,8,0.6762,0.677
2/2,только восходящий,2026-05-11 15:00,2026-05-12 08:00,17,0.3320,0.612
2/2,только восходящий,2026-05-18 15:00,2026-05-19 06:00,15,0.0790,0.102
2/2,только восходящий,2026-05-20 17:00,2026-05-21 05:00,12,0.0662,0.077
2/2,только восходящий,2026-05-24 22:00,2026-05-25 23:00,23,0.1774,0.122
2/2,только восходящий,2026-05-28 20:00,2026-06-01 05:00,32,0.2115,0.500
2/2,только восходящий,2026-06-02 09:00,2026-06-02 15:00,7,0.6127,0.613
2/2,только восходящий,2026-06-04 11:00,2026-06-04 15:00,5,0.5876,0.757
2/2,только восходящий,2026-06-08 15:00,2026-06-09 00:00,9,0.6518,0.502
2/2,только восходящий,2026-06-12 00:00,2026-06-15 10:00,34,0.7378,3.073
2/2,только нисходящий,2017-07-27 18:00,2017-07-28 11:00,17,0.2932,0.117
2/2,только нисходящий,2017-07-31 07:00,2017-07-31 16:00,10,0.2776,0.088
2/2,только нисходящий,2017-08-04 16:00,2017-08-07 18:00,26,0.2849,0.095
2/2,только нисходящий,2017-08-08 17:00,2017-08-09 01:00,8,0.6448,0.690
2/2,только нисходящий,2017-08-14 07:00,2017-08-16 16:00,56,0.4193,0.660
2/2,только нисходящий,2017-08-17 13:00,2017-08-18 06:00,17,0.2917,0.192
2/2,только нисходящий,2017-08-22 06:00,2017-08-23 10:00,28,0.2441,0.174
2/2,только нисходящий,2017-08-24 10:00,2017-08-24 14:00,5,0.0601,0.025
2/2,только нисходящий,2017-08-29 22:00,2017-08-30 04:00,7,0.0227,0.010
2/2,только нисходящий,2017-08-31 01:00,2017-08-31 12:00,12,0.4232,0.465
2/2,только нисходящий,2017-09-05 11:00,2017-09-05 15:00,5,0.4720,0.429
2/2,только нисходящий,2017-09-06 18:00,2017-09-07 08:00,14,0.7379,0.420
2/2,только нисходящий,2017-09-08 16:00,2017-09-11 10:00,18,0.7021,0.748
2/2,только нисходящий,2017-09-11 17:00,2017-09-12 13:00,20,0.2842,0.235
2/2,только нисходящий,2017-09-13 13:00,2017-09-14 16:00,27,0.1660,0.201
2/2,только нисходящий,2017-09-15 17:00,2017-09-19 04:00,34,0.7950,1.085
2/2,только нисходящий,2017-09-20 18:00,2017-09-22 01:00,30,0.1930,0.417
2/2,только нисходящий,2017-09-25 01:00,2017-09-25 05:00,5,0.1970,0.049
2/2,только нисходящий,2017-09-26 14:00,2017-09-28 13:00,46,0.6447,1.240
2/2,только нисходящий,2017-09-29 19:00,2017-10-03 14:00,42,0.4596,0.535
2/2,только нисходящий,2017-10-05 23:00,2017-10-06 13:00,15,0.7770,0.644
2/2,только нисходящий,2017-10-11 16:00,2017-10-11 20:00,5,0.6120,0.430
2/2,только нисходящий,2017-10-12 16:00,2017-10-13 03:00,11,0.6059,0.217
2/2,только нисходящий,2017-10-16 22:00,2017-10-18 03:00,29,0.5965,0.689
2/2,только нисходящий,2017-10-18 10:00,2017-10-19 09:00,23,0.5451,0.407
2/2,только нисходящий,2017-10-20 04:00,2017-10-23 14:00,34,0.7070,0.707
2/2,только нисходящий,2017-10-24 10:00,2017-10-26 06:00,43,0.1597,0.144
2/2,только нисходящий,2017-10-26 17:00,2017-10-27 09:00,16,0.0703,0.032
2/2,только нисходящий,2017-10-31 10:00,2017-11-01 05:00,19,0.0800,0.050
2/2,только нисходящий,2017-11-03 07:00,2017-11-03 13:00,7,0.3102,0.170
2/2,только нисходящий,2017-11-03 15:00,2017-11-06 09:00,17,0.2881,0.146
2/2,только нисходящий,2017-11-07 17:00,2017-11-08 09:00,16,0.7755,0.335
2/2,только нисходящий,2017-11-10 10:00,2017-11-13 03:00,17,0.7165,0.696
2/2,только нисходящий,2017-11-14 08:00,2017-11-14 16:00,9,0.4600,0.448
2/2,только нисходящий,2017-11-16 04:00,2017-11-17 00:00,20,0.5113,0.269
2/2,только нисходящий,2017-11-20 20:00,2017-11-21 09:00,13,0.6365,0.252
2/2,только нисходящий,2017-11-24 11:00,2017-11-27 09:00,19,0.6529,0.374
2/2,только нисходящий,2017-11-29 13:00,2017-11-30 02:00,13,0.2623,0.257
2/2,только нисходящий,2017-11-30 08:00,2017-12-01 03:00,19,0.3772,0.385
2/2,только нисходящий,2017-12-05 12:00,2017-12-06 08:00,20,0.4041,0.476
2/2,только нисходящий,2017-12-07 06:00,2017-12-08 15:00,33,0.6267,0.839
2/2,только нисходящий,2017-12-11 23:00,2017-12-13 04:00,29,0.0667,0.052
2/2,только нисходящий,2017-12-14 17:00,2017-12-15 07:00,14,0.4303,0.178
2/2,только нисходящий,2017-12-19 20:00,2017-12-20 11:00,15,0.5828,0.237
2/2,только нисходящий,2018-01-04 00:00,2018-01-04 14:00,15,0.4859,0.422
2/2,только нисходящий,2018-01-05 16:00,2018-01-10 08:00,62,0.5330,0.564
2/2,только нисходящий,2018-01-16 08:00,2018-01-16 17:00,10,0.3548,0.215
2/2,только нисходящий,2018-01-17 21:00,2018-01-18 12:00,15,0.1996,0.109
2/2,только нисходящий,2018-01-22 06:00,2018-01-22 09:00,4,0.7250,0.276
2/2,только нисходящий,2018-01-25 21:00,2018-01-26 07:00,10,0.6061,0.565
2/2,только нисходящий,2018-01-29 08:00,2018-01-30 11:00,27,0.0750,0.080
2/2,только нисходящий,2018-02-01 07:00,2018-02-01 19:00,13,0.8438,0.601
2/2,только нисходящий,2018-02-02 12:00,2018-02-05 09:00,21,0.5405,0.787
2/2,только нисходящий,2018-02-06 17:00,2018-02-07 08:00,15,0.2118,0.193
2/2,только нисходящий,2018-02-07 16:00,2018-02-08 18:00,26,0.0429,0.053
2/2,только нисходящий,2018-02-09 08:00,2018-02-09 18:00,11,0.1036,0.063
2/2,только нисходящий,2018-02-16 18:00,2018-02-21 16:00,64,0.6975,1.498
2/2,только нисходящий,2018-02-27 19:00,2018-02-28 02:00,7,0.2512,0.065
2/2,только нисходящий,2018-03-01 04:00,2018-03-01 20:00,17,0.0262,0.037
2/2,только нисходящий,2018-03-05 16:00,2018-03-06 10:00,18,0.5960,0.361
2/2,только нисходящий,2018-03-07 11:00,2018-03-08 08:00,21,0.4082,0.356
2/2,только нисходящий,2018-03-08 15:00,2018-03-09 10:00,19,0.0763,0.034
2/2,только нисходящий,2018-03-12 13:00,2018-03-13 00:00,11,0.7131,0.523
2/2,только нисходящий,2018-03-15 20:00,2018-03-19 14:00,41,0.2124,0.226
2/2,только нисходящий,2018-03-20 04:00,2018-03-21 04:00,24,0.1997,0.149
2/2,только нисходящий,2018-03-27 15:00,2018-03-28 02:00,11,0.6149,0.255
2/2,только нисходящий,2018-03-28 10:00,2018-04-02 00:00,37,0.5321,0.783
2/2,только нисходящий,2018-04-03 03:00,2018-04-04 05:00,26,0.2574,0.255
2/2,только нисходящий,2018-04-05 01:00,2018-04-06 02:00,25,0.0479,0.038
2/2,только нисходящий,2018-04-09 08:00,2018-04-09 14:00,7,0.4303,0.250
2/2,только нисходящий,2018-04-12 17:00,2018-04-13 05:00,12,0.0886,0.049
2/2,только нисходящий,2018-04-17 07:00,2018-04-17 15:00,9,0.1474,0.123
2/2,только нисходящий,2018-04-19 11:00,2018-04-24 03:00,62,0.8345,1.774
2/2,только нисходящий,2018-04-25 11:00,2018-04-26 03:00,16,0.4954,0.226
2/2,только нисходящий,2018-04-26 14:00,2018-04-27 09:00,19,0.0394,0.022
2/2,только нисходящий,2018-04-30 15:00,2018-05-02 02:00,34,0.3076,0.443
2/2,только нисходящий,2018-05-02 16:00,2018-05-02 19:00,4,0.0816,0.061
2/2,только нисходящий,2018-05-08 07:00,2018-05-08 16:00,10,0.0275,0.019
2/2,только нисходящий,2018-05-09 09:00,2018-05-10 10:00,25,0.8079,0.740
2/2,только нисходящий,2018-05-14 17:00,2018-05-16 07:00,37,0.6470,1.514
2/2,только нисходящий,2018-05-17 09:00,2018-05-18 15:00,30,0.4498,0.281
2/2,только нисходящий,2018-05-21 09:00,2018-05-22 09:00,24,0.8101,0.806
2/2,только нисходящий,2018-05-25 03:00,2018-05-28 13:00,34,0.3609,0.343
2/2,только нисходящий,2018-05-31 15:00,2018-06-04 10:00,42,0.3858,0.458
2/2,только нисходящий,2018-06-06 09:00,2018-06-06 15:00,7,0.6023,0.373
2/2,только нисходящий,2018-06-08 05:00,2018-06-08 08:00,4,0.3096,0.178
2/2,только нисходящий,2018-06-11 12:00,2018-06-11 16:00,5,0.2545,0.108
2/2,только нисходящий,2018-06-12 01:00,2018-06-12 15:00,15,0.0211,0.011
2/2,только нисходящий,2018-06-13 07:00,2018-06-13 14:00,8,0.5124,0.228
2/2,только нисходящий,2018-06-15 11:00,2018-06-18 00:00,13,0.6889,1.311
2/2,только нисходящий,2018-06-19 14:00,2018-06-20 14:00,24,0.0185,0.010
2/2,только нисходящий,2018-06-20 20:00,2018-06-21 19:00,23,0.0735,0.052
2/2,только нисходящий,2018-06-26 01:00,2018-06-27 12:00,35,0.7164,0.814
2/2,только нисходящий,2018-06-28 06:00,2018-06-28 13:00,8,0.0577,0.027
2/2,только нисходящий,2018-07-02 09:00,2018-07-03 06:00,21,0.5045,0.518
2/2,только нисходящий,2018-07-05 07:00,2018-07-05 16:00,10,0.4924,0.331
2/2,только нисходящий,2018-07-10 13:00,2018-07-12 16:00,50,0.4051,0.505
2/2,только нисходящий,2018-07-13 04:00,2018-07-16 02:00,22,0.2227,0.182
2/2,только нисходящий,2018-07-16 18:00,2018-07-17 05:00,11,0.2485,0.088
2/2,только нисходящий,2018-07-17 13:00,2018-07-18 02:00,13,0.2591,0.280
2/2,только нисходящий,2018-07-18 05:00,2018-07-19 16:00,35,0.4868,0.679
2/2,только нисходящий,2018-07-23 11:00,2018-07-24 12:00,25,0.4285,0.504
2/2,только нисходящий,2018-07-26 15:00,2018-07-27 16:00,25,0.0221,0.019
2/2,только нисходящий,2018-07-30 03:00,2018-07-30 15:00,13,0.5443,0.272
2/2,только нисходящий,2018-07-31 07:00,2018-07-31 13:00,7,0.2110,0.209
2/2,только нисходящий,2018-08-01 14:00,2018-08-03 11:00,44,0.3256,0.466
2/2,только нисходящий,2018-08-06 14:00,2018-08-07 07:00,17,0.0137,0.008
2/2,только нисходящий,2018-08-10 05:00,2018-08-10 13:00,9,0.7034,0.572
2/2,только нисходящий,2018-08-13 06:00,2018-08-14 13:00,31,0.6017,0.907
2/2,только нисходящий,2018-08-15 02:00,2018-08-17 09:00,54,0.3971,1.079
2/2,только нисходящий,2018-08-23 09:00,2018-08-24 12:00,27,0.4837,0.445
2/2,только нисходящий,2018-08-28 16:00,2018-08-29 08:00,16,0.5623,0.434
2/2,только нисходящий,2018-08-30 13:00,2018-08-31 02:00,13,0.4170,0.344
2/2,только нисходящий,2018-09-04 06:00,2018-09-05 02:00,20,0.0989,0.085
2/2,только нисходящий,2018-09-07 16:00,2018-09-10 15:00,23,0.1099,0.064
2/2,только нисходящий,2018-09-11 14:00,2018-09-11 18:00,5,0.4441,0.350
2/2,только нисходящий,2018-09-14 14:00,2018-09-18 14:00,47,0.1152,0.116
2/2,только нисходящий,2018-09-21 15:00,2018-09-24 12:00,21,0.2969,0.161
2/2,только нисходящий,2018-09-26 09:00,2018-09-28 05:00,43,0.7561,1.159
2/2,только нисходящий,2018-10-03 16:00,2018-10-04 12:00,20,0.5757,0.400
2/2,только нисходящий,2018-10-08 04:00,2018-10-09 20:00,40,0.5001,0.604
2/2,только нисходящий,2018-10-10 08:00,2018-10-10 18:00,11,0.6670,0.437
2/2,только нисходящий,2018-10-17 02:00,2018-10-17 09:00,8,0.5654,0.348
2/2,только нисходящий,2018-10-18 02:00,2018-10-18 13:00,12,0.0067,0.004
2/2,только нисходящий,2018-10-22 08:00,2018-10-23 03:00,19,0.0407,0.019
2/2,только нисходящий,2018-10-24 11:00,2018-10-24 23:00,12,0.7659,0.603
2/2,только нисходящий,2018-10-29 08:00,2018-10-31 12:00,51,0.7564,1.060
2/2,только нисходящий,2018-10-31 14:00,2018-11-01 02:00,12,0.4871,0.233
2/2,только нисходящий,2018-11-05 12:00,2018-11-06 07:00,19,0.4852,0.254
2/2,только нисходящий,2018-11-06 20:00,2018-11-07 08:00,12,0.5090,0.402
2/2,только нисходящий,2018-11-09 03:00,2018-11-14 03:00,70,0.5817,1.213
2/2,только нисходящий,2018-11-21 03:00,2018-11-21 06:00,4,0.6391,0.141
2/2,только нисходящий,2018-11-23 07:00,2018-11-26 06:00,20,0.1579,0.077
2/2,только нисходящий,2018-11-27 16:00,2018-11-28 04:00,12,0.5694,0.166
2/2,только нисходящий,2018-11-30 09:00,2018-12-03 02:00,17,0.1687,0.113
2/2,только нисходящий,2018-12-05 01:00,2018-12-05 19:00,19,0.0609,0.028
2/2,только нисходящий,2018-12-10 08:00,2018-12-11 11:00,27,0.1307,0.083
2/2,только нисходящий,2018-12-13 10:00,2018-12-14 18:00,32,0.2298,0.224
2/2,только нисходящий,2018-12-20 00:00,2018-12-20 08:00,9,0.6333,0.388
2/2,только нисходящий,2018-12-21 18:00,2018-12-24 05:00,11,0.7845,0.653
2/2,только нисходящий,2018-12-26 23:00,2018-12-27 12:00,14,0.5586,0.331
2/2,только нисходящий,2019-01-02 20:00,2019-01-03 00:00,4,0.3792,0.277
2/2,только нисходящий,2019-01-04 16:00,2019-01-07 02:00,10,0.4980,0.287
2/2,только нисходящий,2019-01-08 09:00,2019-01-08 16:00,8,0.1342,0.073
2/2,только нисходящий,2019-01-10 16:00,2019-01-11 09:00,17,0.3476,0.246
2/2,только нисходящий,2019-01-15 08:00,2019-01-15 13:00,6,0.7028,0.317
2/2,только нисходящий,2019-01-17 14:00,2019-01-22 07:00,59,0.5766,0.736
2/2,только нисходящий,2019-01-23 16:00,2019-01-25 06:00,37,0.1660,0.116
2/2,только нисходящий,2019-01-28 16:00,2019-01-28 19:00,4,0.3285,0.055
2/2,только нисходящий,2019-02-01 06:00,2019-02-01 09:00,4,0.5138,0.123
2/2,только нисходящий,2019-02-04 01:00,2019-02-05 06:00,29,0.1263,0.069
2/2,только нисходящий,2019-02-06 18:00,2019-02-07 13:00,19,0.0540,0.040
2/2,только нисходящий,2019-02-11 16:00,2019-02-12 08:00,16,0.3479,0.194
2/2,только нисходящий,2019-02-14 08:00,2019-02-14 14:00,7,0.5082,0.398
2/2,только нисходящий,2019-02-20 21:00,2019-02-22 09:00,35,0.7457,1.134
2/2,только нисходящий,2019-02-26 10:00,2019-02-26 14:00,5,0.0342,0.011
2/2,только нисходящий,2019-02-27 19:00,2019-02-28 07:00,12,0.4917,0.213
2/2,только нисходящий,2019-02-28 20:00,2019-03-04 18:00,45,0.7605,1.872
2/2,только нисходящий,2019-03-05 15:00,2019-03-05 21:00,7,0.5120,0.283
2/2,только нисходящий,2019-03-11 12:00,2019-03-12 01:00,13,0.0634,0.032
2/2,только нисходящий,2019-03-14 11:00,2019-03-14 19:00,9,0.2308,0.108
2/2,только нисходящий,2019-03-18 03:00,2019-03-19 00:00,21,0.7230,0.453
2/2,только нисходящий,2019-03-20 03:00,2019-03-20 14:00,12,0.1624,0.099
2/2,только нисходящий,2019-03-21 18:00,2019-03-22 02:00,8,0.1494,0.039
2/2,только нисходящий,2019-03-26 13:00,2019-03-27 02:00,13,0.4503,0.186
2/2,только нисходящий,2019-03-27 17:00,2019-03-28 07:00,14,0.1620,0.064
2/2,только нисходящий,2019-03-28 11:00,2019-03-29 12:00,25,0.2913,0.442
2/2,только нисходящий,2019-04-02 03:00,2019-04-02 07:00,5,0.2449,0.080
2/2,только нисходящий,2019-04-03 16:00,2019-04-04 01:00,9,0.0901,0.019
2/2,только нисходящий,2019-04-04 15:00,2019-04-04 20:00,6,0.5581,0.312
2/2,только нисходящий,2019-04-10 04:00,2019-04-10 08:00,5,0.5655,0.142
2/2,только нисходящий,2019-04-11 07:00,2019-04-12 07:00,24,0.7695,0.998
2/2,только нисходящий,2019-04-15 01:00,2019-04-15 17:00,17,0.0572,0.034
2/2,только нисходящий,2019-04-16 02:00,2019-04-17 03:00,25,0.5923,0.665
2/2,только нисходящий,2019-04-18 03:00,2019-04-18 10:00,8,0.4556,0.229
2/2,только нисходящий,2019-04-22 18:00,2019-04-23 02:00,8,0.0474,0.011
2/2,только нисходящий,2019-04-23 06:00,2019-04-24 09:00,27,0.0671,0.043
2/2,только нисходящий,2019-04-29 05:00,2019-04-30 02:00,21,0.4057,0.235
2/2,только нисходящий,2019-05-01 18:00,2019-05-03 05:00,34,0.2137,0.349
2/2,только нисходящий,2019-05-06 15:00,2019-05-07 01:00,10,0.4285,0.169
2/2,только нисходящий,2019-05-07 11:00,2019-05-07 23:00,12,0.5863,0.361
2/2,только нисходящий,2019-05-08 19:00,2019-05-09 06:00,11,0.4208,0.135
2/2,только нисходящий,2019-05-14 09:00,2019-05-15 10:00,25,0.0146,0.007
2/2,только нисходящий,2019-05-16 17:00,2019-05-17 05:00,12,0.4927,0.112
2/2,только нисходящий,2019-05-17 16:00,2019-05-20 13:00,21,0.1470,0.059
2/2,только нисходящий,2019-05-21 11:00,2019-05-22 01:00,14,0.2635,0.121
2/2,только нисходящий,2019-05-24 12:00,2019-05-24 17:00,6,0.2962,0.098
2/2,только нисходящий,2019-05-28 03:00,2019-05-29 05:00,26,0.2053,0.144
2/2,только нисходящий,2019-05-30 09:00,2019-05-30 16:00,8,0.7813,0.818
2/2,только нисходящий,2019-06-04 05:00,2019-06-04 09:00,5,0.0588,0.028
2/2,только нисходящий,2019-06-07 06:00,2019-06-07 11:00,6,0.7340,0.317
2/2,только нисходящий,2019-06-10 10:00,2019-06-12 01:00,38,0.0652,0.050
2/2,только нисходящий,2019-06-14 19:00,2019-06-17 04:00,9,0.0401,0.022
2/2,только нисходящий,2019-06-17 10:00,2019-06-18 04:00,18,0.8155,0.609
2/2,только нисходящий,2019-06-25 22:00,2019-06-26 16:00,19,0.1805,0.287
2/2,только нисходящий,2019-06-27 04:00,2019-06-27 18:00,15,0.1348,0.103
2/2,только нисходящий,2019-07-01 00:00,2019-07-02 14:00,38,0.1339,0.146
2/2,только нисходящий,2019-07-03 15:00,2019-07-04 02:00,11,0.2485,0.117
2/2,только нисходящий,2019-07-05 12:00,2019-07-08 06:00,18,0.1559,0.312
2/2,только нисходящий,2019-07-09 08:00,2019-07-09 16:00,9,0.6527,0.669
2/2,только нисходящий,2019-07-10 03:00,2019-07-10 10:00,8,0.3256,0.165
2/2,только нисходящий,2019-07-11 16:00,2019-07-12 08:00,16,0.1219,0.102
2/2,только нисходящий,2019-07-16 13:00,2019-07-16 18:00,6,0.5136,0.455
2/2,только нисходящий,2019-07-16 20:00,2019-07-17 12:00,16,0.0401,0.023
2/2,только нисходящий,2019-07-19 11:00,2019-07-22 03:00,16,0.4883,0.731
2/2,только нисходящий,2019-07-23 00:00,2019-07-23 11:00,12,0.1300,0.098
2/2,только нисходящий,2019-07-25 15:00,2019-07-26 08:00,17,0.0413,0.026
2/2,только нисходящий,2019-08-01 03:00,2019-08-01 13:00,11,0.4907,0.360
2/2,только нисходящий,2019-08-13 15:00,2019-08-14 09:00,18,0.0981,0.083
2/2,только нисходящий,2019-08-16 08:00,2019-08-16 19:00,12,0.2444,0.221
2/2,только нисходящий,2019-08-19 08:00,2019-08-20 07:00,23,0.1211,0.107
2/2,только нисходящий,2019-08-21 09:00,2019-08-22 14:00,29,0.0139,0.014
2/2,только нисходящий,2019-08-26 10:00,2019-08-27 08:00,22,0.1153,0.085
2/2,только нисходящий,2019-08-29 16:00,2019-08-30 07:00,15,0.2989,0.346
2/2,только нисходящий,2019-08-30 18:00,2019-09-01 23:00,5,0.2222,0.243
2/2,только нисходящий,2019-09-04 06:00,2019-09-04 15:00,10,0.6254,0.618
2/2,только нисходящий,2019-09-05 16:00,2019-09-06 14:00,22,0.1759,0.292
2/2,только нисходящий,2019-09-09 20:00,2019-09-10 14:00,18,0.1958,0.187
2/2,только нисходящий,2019-09-10 20:00,2019-09-11 07:00,11,0.4436,0.310
2/2,только нисходящий,2019-09-13 20:00,2019-09-16 01:00,5,0.7418,1.267
2/2,только нисходящий,2019-09-16 13:00,2019-09-16 16:00,4,0.5579,0.385
2/2,только нисходящий,2019-09-17 06:00,2019-09-17 17:00,12,0.6811,0.616
2/2,только нисходящий,2019-09-18 20:00,2019-09-20 01:00,28,0.5274,0.542
2/2,только нисходящий,2019-09-25 18:00,2019-09-26 14:00,20,0.3300,0.263
2/2,только нисходящий,2019-09-27 06:00,2019-09-27 15:00,10,0.2100,0.255
2/2,только нисходящий,2019-09-30 10:00,2019-10-01 13:00,27,0.7921,1.556
2/2,только нисходящий,2019-10-07 17:00,2019-10-08 08:00,15,0.5143,0.454
2/2,только нисходящий,2019-10-09 13:00,2019-10-09 20:00,8,0.2278,0.142
2/2,только нисходящий,2019-10-10 16:00,2019-10-11 06:00,14,0.3807,0.236
2/2,только нисходящий,2019-10-11 13:00,2019-10-13 22:00,9,0.0650,0.067
2/2,только нисходящий,2019-10-15 14:00,2019-10-16 10:00,20,0.2220,0.157
2/2,только нисходящий,2019-10-18 06:00,2019-10-18 14:00,9,0.0909,0.051
2/2,только нисходящий,2019-10-21 16:00,2019-10-22 06:00,14,0.2272,0.088
2/2,только нисходящий,2019-10-24 07:00,2019-10-24 12:00,6,0.3834,0.191
2/2,только нисходящий,2019-10-28 12:00,2019-10-29 06:00,18,0.3777,0.379
2/2,только нисходящий,2019-10-29 12:00,2019-10-30 08:00,20,0.0986,0.059
2/2,только нисходящий,2019-11-04 16:00,2019-11-04 23:00,7,0.1074,0.044
2/2,только нисходящий,2019-11-05 12:00,2019-11-06 08:00,20,0.5368,0.875
2/2,только нисходящий,2019-11-07 13:00,2019-11-08 07:00,18,0.4800,0.890
2/2,только нисходящий,2019-11-11 17:00,2019-11-12 20:00,27,0.1970,0.199
2/2,только нисходящий,2019-11-15 09:00,2019-11-15 14:00,6,0.4281,0.172
2/2,только нисходящий,2019-11-18 14:00,2019-11-18 17:00,4,0.2836,0.180
2/2,только нисходящий,2019-11-19 12:00,2019-11-19 19:00,8,0.5885,0.364
2/2,только нисходящий,2019-11-20 17:00,2019-11-22 08:00,38,0.3314,0.297
2/2,только нисходящий,2019-11-25 05:00,2019-11-25 15:00,11,0.0846,0.044
2/2,только нисходящий,2019-11-27 18:00,2019-11-28 09:00,15,0.5932,0.191
2/2,только нисходящий,2019-12-02 10:00,2019-12-02 16:00,7,0.6765,0.455
2/2,только нисходящий,2019-12-06 06:00,2019-12-06 14:00,9,0.5771,0.752
2/2,только нисходящий,2019-12-06 16:00,2019-12-09 07:00,15,0.4000,0.105
2/2,только нисходящий,2019-12-12 17:00,2019-12-13 09:00,16,0.3097,0.243
2/2,только нисходящий,2019-12-16 18:00,2019-12-17 07:00,13,0.2198,0.053
2/2,только нисходящий,2019-12-18 13:00,2019-12-19 01:00,12,0.6159,0.332
2/2,только нисходящий,2020-01-06 18:00,2020-01-07 08:00,14,0.1044,0.103
2/2,только нисходящий,2020-01-08 15:00,2020-01-10 14:00,46,0.5815,1.286
2/2,только нисходящий,2020-01-13 03:00,2020-01-14 19:00,40,0.5099,0.686
2/2,только нисходящий,2020-01-21 10:00,2020-01-22 21:00,35,0.3068,0.270
2/2,только нисходящий,2020-01-23 10:00,2020-01-23 16:00,7,0.6045,0.589
2/2,только нисходящий,2020-01-28 12:00,2020-01-29 12:00,24,0.1634,0.160
2/2,только нисходящий,2020-02-03 10:00,2020-02-06 08:00,68,0.6448,1.374
2/2,только нисходящий,2020-02-11 04:00,2020-02-12 17:00,37,0.0433,0.033
2/2,только нисходящий,2020-02-24 21:00,2020-02-25 16:00,19,0.4218,0.778
2/2,только нисходящий,2020-02-28 05:00,2020-03-02 02:00,21,0.4459,2.170
2/2,только нисходящий,2020-03-02 20:00,2020-03-03 12:00,16,0.7815,1.048
2/2,только нисходящий,2020-03-10 05:00,2020-03-10 13:00,9,0.1143,0.125
2/2,только нисходящий,2020-03-10 19:00,2020-03-11 08:00,13,0.5982,0.910
2/2,только нисходящий,2020-03-11 22:00,2020-03-13 08:00,34,0.5279,3.192
2/2,только нисходящий,2020-03-13 18:00,2020-03-17 13:00,42,0.1541,1.264
2/2,только нисходящий,2020-03-18 11:00,2020-03-20 03:00,39,0.4898,2.189
2/2,только нисходящий,2020-03-31 08:00,2020-04-02 00:00,39,0.5068,1.379
2/2,только нисходящий,2020-04-07 07:00,2020-04-07 20:00,14,0.0808,0.130
2/2,только нисходящий,2020-04-15 06:00,2020-04-16 08:00,26,0.4881,0.569
2/2,только нисходящий,2020-04-16 17:00,2020-04-20 12:00,42,0.5578,1.590
2/2,только нисходящий,2020-04-21 13:00,2020-04-22 07:00,18,0.3722,0.803
2/2,только нисходящий,2020-04-24 17:00,2020-04-29 02:00,55,0.4179,0.900
2/2,только нисходящий,2020-04-30 14:00,2020-05-01 15:00,25,0.2571,0.576
2/2,только нисходящий,2020-05-06 12:00,2020-05-07 01:00,13,0.2846,0.383
2/2,только нисходящий,2020-05-08 16:00,2020-05-12 04:00,35,0.4115,0.573
2/2,только нисходящий,2020-05-18 17:00,2020-05-19 13:00,20,0.3895,0.338
2/2,только нисходящий,2020-05-21 04:00,2020-05-22 05:00,25,0.4946,0.747
2/2,только нисходящий,2020-05-25 06:00,2020-05-25 10:00,5,0.3986,0.135
2/2,только нисходящий,2020-05-26 12:00,2020-05-27 19:00,31,0.3536,0.726
2/2,только нисходящий,2020-06-02 18:00,2020-06-04 01:00,30,0.6154,1.521
2/2,только нисходящий,2020-06-05 16:00,2020-06-08 03:00,11,0.5412,0.370
2/2,только нисходящий,2020-06-15 05:00,2020-06-15 19:00,15,0.1611,0.227
2/2,только нисходящий,2020-06-17 09:00,2020-06-17 20:00,12,0.6564,0.667
2/2,только нисходящий,2020-06-24 20:00,2020-06-25 07:00,11,0.2942,0.246
2/2,только нисходящий,2020-06-26 14:00,2020-06-26 20:00,7,0.6467,0.901
2/2,только нисходящий,2020-07-01 17:00,2020-07-02 07:00,14,0.0246,0.012
2/2,только нисходящий,2020-07-09 15:00,2020-07-10 09:00,18,0.4403,0.315
2/2,только нисходящий,2020-07-14 00:00,2020-07-14 13:00,14,0.2028,0.164
2/2,только нисходящий,2020-07-16 05:00,2020-07-17 09:00,28,0.2953,0.263
2/2,только нисходящий,2020-07-28 09:00,2020-07-29 01:00,16,0.6351,1.360
2/2,только нисходящий,2020-07-30 14:00,2020-07-31 02:00,12,0.7135,1.136
2/2,только нисходящий,2020-08-07 19:00,2020-08-10 12:00,17,0.1230,0.108
2/2,только нисходящий,2020-08-10 20:00,2020-08-12 09:00,36,0.5703,4.703
2/2,только нисходящий,2020-08-12 22:00,2020-08-13 13:00,16,0.8406,1.307
2/2,только нисходящий,2020-08-14 16:00,2020-08-17 08:00,16,0.6095,0.870
2/2,только нисходящий,2020-08-19 14:00,2020-08-20 16:00,26,0.3157,1.051
2/2,только нисходящий,2020-08-21 10:00,2020-08-24 06:00,20,0.0058,0.010
2/2,только нисходящий,2020-08-25 09:00,2020-08-26 03:00,18,0.1074,0.098
2/2,только нисходящий,2020-08-31 09:00,2020-09-01 01:00,16,0.6433,0.594
2/2,только нисходящий,2020-09-01 16:00,2020-09-03 00:00,31,0.6908,1.545
2/2,только нисходящий,2020-09-03 15:00,2020-09-04 03:00,12,0.4900,0.526
2/2,только нисходящий,2020-09-07 10:00,2020-09-08 07:00,17,0.3437,0.227
2/2,только нисходящий,2020-09-08 10:00,2020-09-08 18:00,9,0.4533,0.810
2/2,только нисходящий,2020-09-11 04:00,2020-09-11 14:00,11,0.5285,0.463
2/2,только нисходящий,2020-09-15 16:00,2020-09-16 06:00,14,0.2601,0.176
2/2,только нисходящий,2020-09-17 00:00,2020-09-17 12:00,13,0.6076,0.719
2/2,только нисходящий,2020-09-18 15:00,2020-09-18 18:00,4,0.1411,0.070
2/2,только нисходящий,2020-09-21 08:00,2020-09-22 14:00,30,0.5801,1.981
2/2,только нисходящий,2020-09-23 03:00,2020-09-24 14:00,35,0.6350,1.724
2/2,только нисходящий,2020-09-25 13:00,2020-09-28 14:00,25,0.1001,0.152
2/2,только нисходящий,2020-10-02 15:00,2020-10-05 13:00,22,0.3606,0.444
2/2,только нисходящий,2020-10-06 07:00,2020-10-06 10:00,4,0.4817,0.198
2/2,только нисходящий,2020-10-06 23:00,2020-10-08 05:00,30,0.3398,0.455
2/2,только нисходящий,2020-10-13 02:00,2020-10-14 04:00,26,0.4434,0.987
2/2,только нисходящий,2020-10-15 03:00,2020-10-15 22:00,19,0.4741,0.483
2/2,только нисходящий,2020-10-16 19:00,2020-10-19 04:00,9,0.5264,0.182
2/2,только нисходящий,2020-10-20 01:00,2020-10-20 10:00,10,0.6540,0.470
2/2,только нисходящий,2020-10-22 04:00,2020-10-23 04:00,24,0.3012,0.405
2/2,только нисходящий,2020-10-28 09:00,2020-10-29 03:00,18,0.5177,0.950
2/2,только нисходящий,2020-10-29 15:00,2020-10-30 04:00,13,0.4156,0.306
2/2,только нисходящий,2020-11-04 03:00,2020-11-05 07:00,28,0.5368,0.746
2/2,только нисходящий,2020-11-09 18:00,2020-11-12 10:00,62,0.2057,0.387
2/2,только нисходящий,2020-11-16 13:00,2020-11-16 18:00,6,0.0288,0.037
2/2,только нисходящий,2020-11-17 20:00,2020-11-18 09:00,13,0.1536,0.095
2/2,только нисходящий,2020-11-18 11:00,2020-11-18 16:00,6,0.3990,0.449
2/2,только нисходящий,2020-11-19 08:00,2020-11-19 23:00,15,0.3920,0.316
2/2,только нисходящий,2020-11-23 10:00,2020-11-23 14:00,5,0.8370,1.289
2/2,только нисходящий,2020-11-23 16:00,2020-11-25 02:00,33,0.7353,1.628
2/2,только нисходящий,2020-11-26 16:00,2020-11-30 18:00,42,0.5920,1.613
2/2,только нисходящий,2020-12-03 18:00,2020-12-04 04:00,10,0.3366,0.172
2/2,только нисходящий,2020-12-09 11:00,2020-12-10 12:00,25,0.4571,0.952
2/2,только нисходящий,2020-12-14 10:00,2020-12-15 01:00,15,0.2724,0.294
2/2,только нисходящий,2020-12-16 15:00,2020-12-17 02:00,11,0.2939,0.360
2/2,только нисходящий,2020-12-18 03:00,2020-12-18 14:00,12,0.1169,0.076
2/2,только нисходящий,2020-12-22 06:00,2020-12-23 08:00,26,0.0363,0.044
2/2,только нисходящий,2021-01-06 06:00,2021-01-06 11:00,6,0.0173,0.014
2/2,только нисходящий,2021-01-06 13:00,2021-01-07 07:00,18,0.2852,0.631
2/2,только нисходящий,2021-01-08 05:00,2021-01-12 04:00,46,0.6071,3.010
2/2,только нисходящий,2021-01-13 20:00,2021-01-14 15:00,19,0.0378,0.051
2/2,только нисходящий,2021-01-15 18:00,2021-01-18 03:00,9,0.0125,0.020
2/2,только нисходящий,2021-01-21 13:00,2021-01-25 01:00,35,0.1776,0.325
2/2,только нисходящий,2021-01-26 10:00,2021-01-26 14:00,5,0.6058,0.383
2/2,только нисходящий,2021-01-27 03:00,2021-01-28 09:00,30,0.2129,0.251
2/2,только нисходящий,2021-02-01 00:00,2021-02-01 09:00,10,0.3222,0.394
2/2,только нисходящий,2021-02-02 07:00,2021-02-03 03:00,20,0.2612,0.364
2/2,только нисходящий,2021-02-04 01:00,2021-02-05 03:00,26,0.6480,1.744
2/2,только нисходящий,2021-02-11 05:00,2021-02-11 09:00,5,0.5289,0.309
2/2,только нисходящий,2021-02-11 16:00,2021-02-12 14:00,22,0.5322,0.838
2/2,только нисходящий,2021-02-16 16:00,2021-02-18 14:00,45,0.4693,1.166
2/2,только нисходящий,2021-02-23 14:00,2021-02-24 03:00,13,0.3932,0.399
2/2,только нисходящий,2021-02-24 13:00,2021-03-02 14:00,94,0.6394,3.620
2/2,только нисходящий,2021-03-03 08:00,2021-03-04 08:00,24,0.4575,0.839
2/2,только нисходящий,2021-03-04 19:00,2021-03-05 15:00,20,0.0971,0.117
2/2,только нисходящий,2021-03-08 17:00,2021-03-09 07:00,14,0.7661,0.985
2/2,только нисходящий,2021-03-12 03:00,2021-03-14 23:00,21,0.2278,0.414
2/2,только нисходящий,2021-03-17 11:00,2021-03-17 17:00,7,0.0431,0.028
2/2,только нисходящий,2021-03-18 10:00,2021-03-19 05:00,19,0.0297,0.032
2/2,только нисходящий,2021-03-22 07:00,2021-03-22 19:00,13,0.7391,0.589
2/2,только нисходящий,2021-03-23 01:00,2021-03-23 11:00,11,0.4730,0.313
2/2,только нисходящий,2021-03-23 16:00,2021-03-24 03:00,11,0.4612,0.284
2/2,только нисходящий,2021-03-25 11:00,2021-03-25 14:00,4,0.4139,0.490
2/2,только нисходящий,2021-03-29 04:00,2021-03-31 07:00,50,0.8427,2.531
2/2,только нисходящий,2021-04-07 04:00,2021-04-07 16:00,13,0.1002,0.072
2/2,только нисходящий,2021-04-12 01:00,2021-04-12 13:00,13,0.4532,0.337
2/2,только нисходящий,2021-04-12 17:00,2021-04-13 03:00,10,0.0023,0.001
2/2,только нисходящий,2021-04-13 06:00,2021-04-13 12:00,7,0.6507,0.696
2/2,только нисходящий,2021-04-20 00:00,2021-04-20 04:00,5,0.3643,0.206
2/2,только нисходящий,2021-04-22 08:00,2021-04-23 02:00,18,0.1711,0.142
2/2,только нисходящий,2021-04-23 16:00,2021-04-26 02:00,10,0.4036,0.177
2/2,только нисходящий,2021-04-28 00:00,2021-04-28 12:00,13,0.1725,0.125
2/2,только нисходящий,2021-04-29 16:00,2021-05-03 02:00,33,0.2989,0.181
2/2,только нисходящий,2021-05-12 20:00,2021-05-13 17:00,21,0.3370,0.371
2/2,только нисходящий,2021-05-18 16:00,2021-05-19 07:00,15,0.0501,0.027
2/2,только нисходящий,2021-05-19 09:00,2021-05-19 13:00,5,0.7934,1.618
2/2,только нисходящий,2021-05-24 08:00,2021-05-24 13:00,6,0.2893,0.171
2/2,только нисходящий,2021-05-25 01:00,2021-05-25 08:00,8,0.6319,0.492
2/2,только нисходящий,2021-05-26 15:00,2021-05-27 04:00,13,0.2324,0.172
2/2,только нисходящий,2021-06-01 12:00,2021-06-02 11:00,23,0.4589,0.471
2/2,только нисходящий,2021-06-03 09:00,2021-06-04 08:00,23,0.5578,1.243
2/2,только нисходящий,2021-06-07 04:00,2021-06-07 18:00,15,0.7027,0.688
2/2,только нисходящий,2021-06-09 11:00,2021-06-09 14:00,4,0.0241,0.014
2/2,только нисходящий,2021-06-10 00:00,2021-06-10 16:00,17,0.3050,0.402
2/2,только нисходящий,2021-06-14 01:00,2021-06-16 07:00,53,0.1667,0.242
2/2,только нисходящий,2021-06-16 20:00,2021-06-18 05:00,32,0.4221,1.478
2/2,только нисходящий,2021-06-18 16:00,2021-06-21 07:00,15,0.3502,0.378
2/2,только нисходящий,2021-06-22 10:00,2021-06-23 04:00,18,0.1876,0.160
2/2,только нисходящий,2021-06-24 01:00,2021-06-24 10:00,10,0.4330,0.258
2/2,только нисходящий,2021-06-28 03:00,2021-06-28 07:00,5,0.5821,0.235
2/2,только нисходящий,2021-06-29 01:00,2021-06-30 15:00,38,0.3191,0.509
2/2,только нисходящий,2021-07-06 18:00,2021-07-07 02:00,8,0.3584,0.180
2/2,только нисходящий,2021-07-08 02:00,2021-07-08 07:00,6,0.6159,0.504
2/2,только нисходящий,2021-07-13 12:00,2021-07-14 11:00,23,0.8629,0.920
2/2,только нисходящий,2021-07-16 14:00,2021-07-20 00:00,33,0.0218,0.038
2/2,только нисходящий,2021-07-20 17:00,2021-07-21 07:00,14,0.3058,0.144
2/2,только нисходящий,2021-07-21 10:00,2021-07-22 14:00,28,0.1311,0.098
2/2,только нисходящий,2021-07-23 10:00,2021-07-26 04:00,18,0.4843,0.477
2/2,только нисходящий,2021-07-30 15:00,2021-08-02 18:00,27,0.3453,0.342
2/2,только нисходящий,2021-08-03 03:00,2021-08-03 12:00,10,0.2894,0.102
2/2,только нисходящий,2021-08-05 00:00,2021-08-05 08:00,9,0.1837,0.063
2/2,только нисходящий,2021-08-05 14:00,2021-08-10 07:00,63,0.5138,3.722
2/2,только нисходящий,2021-08-12 13:00,2021-08-13 03:00,14,0.5000,0.434
2/2,только нисходящий,2021-08-16 08:00,2021-08-16 13:00,6,0.6655,0.601
2/2,только нисходящий,2021-08-18 13:00,2021-08-19 14:00,25,0.2893,0.297
2/2,только нисходящий,2021-08-25 00:00,2021-08-25 14:00,15,0.5682,0.638
2/2,только нисходящий,2021-08-25 16:00,2021-08-26 16:00,24,0.1295,0.131
2/2,только нисходящий,2021-08-30 15:00,2021-08-31 02:00,11,0.3794,0.139
2/2,только нисходящий,2021-09-02 04:00,2021-09-02 11:00,8,0.7114,0.253
2/2,только нисходящий,2021-09-06 16:00,2021-09-08 08:00,35,0.7031,1.345
2/2,только нисходящий,2021-09-08 15:00,2021-09-09 06:00,15,0.4211,0.199
2/2,только нисходящий,2021-09-10 15:00,2021-09-13 12:00,21,0.5200,0.379
2/2,только нисходящий,2021-09-15 15:00,2021-09-20 11:00,66,0.7050,2.129
2/2,только нисходящий,2021-09-22 11:00,2021-09-22 19:00,9,0.1747,0.222
2/2,только нисходящий,2021-09-23 00:00,2021-09-24 09:00,33,0.2982,0.655
2/2,только нисходящий,2021-09-28 06:00,2021-09-29 03:00,21,0.0170,0.020
2/2,только нисходящий,2021-09-29 19:00,2021-09-30 11:00,16,0.0130,0.010
2/2,только нисходящий,2021-10-05 08:00,2021-10-05 19:00,12,0.3073,0.251
2/2,только нисходящий,2021-10-14 04:00,2021-10-14 09:00,6,0.6054,0.346
2/2,только нисходящий,2021-10-15 14:00,2021-10-19 01:00,34,0.1935,0.175
2/2,только нисходящий,2021-10-19 18:00,2021-10-20 13:00,19,0.4371,0.531
2/2,только нисходящий,2021-10-21 12:00,2021-10-21 20:00,9,0.0145,0.008
2/2,только нисходящий,2021-10-26 03:00,2021-10-27 14:00,35,0.4656,0.623
2/2,только нисходящий,2021-10-29 12:00,2021-11-01 01:00,13,0.1947,0.236
2/2,только нисходящий,2021-11-02 16:00,2021-11-04 10:00,41,0.3117,0.538
2/2,только нисходящий,2021-11-12 13:00,2021-11-12 16:00,4,0.7254,0.494
2/2,только нисходящий,2021-11-15 02:00,2021-11-15 14:00,13,0.0694,0.053
2/2,только нисходящий,2021-11-16 20:00,2021-11-17 07:00,11,0.7289,0.304
2/2,только нисходящий,2021-11-18 10:00,2021-11-19 05:00,19,0.0242,0.015
2/2,только нисходящий,2021-11-19 17:00,2021-11-22 05:00,11,0.0184,0.014
2/2,только нисходящий,2021-11-22 10:00,2021-11-25 03:00,63,0.7066,2.576
2/2,только нисходящий,2021-11-25 17:00,2021-11-26 04:00,7,0.7525,0.480
2/2,только нисходящий,2021-11-29 21:00,2021-11-30 08:00,11,0.6026,0.451
2/2,только нисходящий,2021-11-30 19:00,2021-12-01 04:00,9,0.3612,0.192
2/2,только нисходящий,2021-12-02 10:00,2021-12-03 14:00,28,0.2602,0.283
2/2,только нисходящий,2021-12-06 13:00,2021-12-06 18:00,6,0.0065,0.003
2/2,только нисходящий,2021-12-08 16:00,2021-12-09 09:00,17,0.0650,0.024
2/2,только нисходящий,2021-12-09 12:00,2021-12-10 12:00,24,0.2160,0.158
2/2,только нисходящий,2021-12-14 09:00,2021-12-15 14:00,29,0.6583,0.791
2/2,только нисходящий,2021-12-20 14:00,2021-12-21 07:00,17,0.1366,0.075
2/2,только нисходящий,2021-12-22 07:00,2021-12-22 11:00,5,0.7273,0.226
2/2,только нисходящий,2021-12-27 08:00,2021-12-27 16:00,9,0.5167,0.300
2/2,только нисходящий,2021-12-29 06:00,2021-12-30 15:00,33,0.0576,0.061
2/2,только нисходящий,2022-01-03 18:00,2022-01-04 03:00,9,0.3213,0.143
2/2,только нисходящий,2022-01-06 03:00,2022-01-07 04:00,25,0.6233,0.793
2/2,только нисходящий,2022-01-12 10:00,2022-01-12 14:00,5,0.4740,0.243
2/2,только нисходящий,2022-01-14 20:00,2022-01-19 09:00,57,0.0314,0.030
2/2,только нисходящий,2022-01-21 10:00,2022-01-21 15:00,6,0.0474,0.031
2/2,только нисходящий,2022-01-25 09:00,2022-01-25 13:00,5,0.5665,0.252
2/2,только нисходящий,2022-01-26 09:00,2022-01-31 09:00,70,0.8455,3.105
2/2,только нисходящий,2022-02-02 09:00,2022-02-02 16:00,8,0.5261,0.374
2/2,только нисходящий,2022-02-03 09:00,2022-02-04 05:00,20,0.1645,0.177
2/2,только нисходящий,2022-02-08 09:00,2022-02-08 12:00,4,0.5667,0.117
2/2,только нисходящий,2022-02-15 14:00,2022-02-16 11:00,21,0.5744,0.408
2/2,только нисходящий,2022-02-21 06:00,2022-02-21 17:00,12,0.8840,0.519
2/2,только нисходящий,2022-02-23 05:00,2022-02-23 13:00,9,0.3351,0.263
2/2,только нисходящий,2022-02-24 21:00,2022-02-28 00:00,26,0.3071,0.717
2/2,только нисходящий,2022-02-28 08:00,2022-02-28 14:00,7,0.4260,0.527
2/2,только нисходящий,2022-03-02 16:00,2022-03-03 09:00,17,0.5108,0.538
2/2,только нисходящий,2022-03-09 12:00,2022-03-10 09:00,21,0.4606,1.168
2/2,только нисходящий,2022-03-11 11:00,2022-03-16 12:00,72,0.7005,3.008
2/2,только нисходящий,2022-03-18 18:00,2022-03-21 13:00,19,0.4846,0.316
2/2,только нисходящий,2022-03-22 08:00,2022-03-23 08:00,24,0.0454,0.054
2/2,только нисходящий,2022-03-25 10:00,2022-03-25 16:00,7,0.2973,0.286
2/2,только нисходящий,2022-03-28 01:00,2022-03-30 02:00,48,0.3348,1.163
2/2,только нисходящий,2022-03-31 07:00,2022-03-31 12:00,6,0.2094,0.145
2/2,только нисходящий,2022-04-01 10:00,2022-04-04 07:00,21,0.1239,0.123
2/2,только нисходящий,2022-04-06 05:00,2022-04-06 09:00,5,0.4746,0.457
2/2,только нисходящий,2022-04-14 09:00,2022-04-14 13:00,5,0.3637,0.357
2/2,только нисходящий,2022-04-19 15:00,2022-04-20 12:00,21,0.3460,0.334
2/2,только нисходящий,2022-04-22 14:00,2022-04-26 04:00,37,0.5946,1.655
2/2,только нисходящий,2022-04-27 08:00,2022-04-27 13:00,6,0.2047,0.274
2/2,только нисходящий,2022-04-28 01:00,2022-04-28 10:00,10,0.3100,0.323
2/2,только нисходящий,2022-05-02 07:00,2022-05-03 13:00,30,0.3549,0.697
2/2,только нисходящий,2022-05-04 04:00,2022-05-04 09:00,6,0.3956,0.226
2/2,только нисходящий,2022-05-05 18:00,2022-05-06 08:00,14,0.2713,0.228
2/2,только нисходящий,2022-05-09 12:00,2022-05-11 06:00,41,0.5106,1.083
2/2,только нисходящий,2022-05-12 16:00,2022-05-16 15:00,46,0.2307,0.637
2/2,только нисходящий,2022-05-17 23:00,2022-05-18 11:00,13,0.4457,0.315
2/2,только нисходящий,2022-05-20 04:00,2022-05-20 08:00,5,0.3527,0.162
2/2,только нисходящий,2022-05-25 17:00,2022-05-26 15:00,22,0.0805,0.068
2/2,только нисходящий,2022-05-31 00:00,2022-06-01 11:00,35,0.5849,0.907
2/2,только нисходящий,2022-06-03 14:00,2022-06-06 13:00,23,0.4081,0.394
2/2,только нисходящий,2022-06-06 15:00,2022-06-07 05:00,14,0.4187,0.257
2/2,только нисходящий,2022-06-09 10:00,2022-06-10 13:00,27,0.5642,0.841
2/2,только нисходящий,2022-06-13 11:00,2022-06-15 07:00,43,0.6306,1.831
2/2,только нисходящий,2022-06-17 17:00,2022-06-20 04:00,11,0.5253,0.351
2/2,только нисходящий,2022-06-21 10:00,2022-06-21 15:00,6,0.1422,0.100
2/2,только нисходящий,2022-06-22 00:00,2022-06-22 11:00,12,0.4043,0.431
2/2,только нисходящий,2022-06-23 07:00,2022-06-23 14:00,8,0.1343,0.162
2/2,только нисходящий,2022-06-27 17:00,2022-06-28 09:00,16,0.0827,0.035
2/2,только нисходящий,2022-06-29 06:00,2022-06-29 11:00,6,0.4747,0.400
2/2,только нисходящий,2022-07-01 07:00,2022-07-03 23:00,16,0.4944,0.748
2/2,только нисходящий,2022-07-05 08:00,2022-07-05 13:00,6,0.7061,0.813
2/2,только нисходящий,2022-07-05 15:00,2022-07-07 04:00,36,0.6069,1.391
2/2,только нисходящий,2022-07-08 09:00,2022-07-08 15:00,7,0.1772,0.229
2/2,только нисходящий,2022-07-11 07:00,2022-07-13 12:00,52,0.6476,1.386
2/2,только нисходящий,2022-07-14 15:00,2022-07-18 07:00,39,0.3352,0.423
2/2,только нисходящий,2022-07-18 18:00,2022-07-19 07:00,13,0.6379,0.236
2/2,только нисходящий,2022-07-19 09:00,2022-07-19 12:00,4,0.4391,0.253
2/2,только нисходящий,2022-07-20 07:00,2022-07-20 10:00,4,0.1638,0.069
2/2,только нисходящий,2022-07-20 16:00,2022-07-21 11:00,19,0.6649,1.060
2/2,только нисходящий,2022-07-21 13:00,2022-07-21 16:00,4,0.2293,0.339
2/2,только нисходящий,2022-07-25 14:00,2022-07-27 07:00,40,0.2259,0.191
2/2,только нисходящий,2022-08-03 01:00,2022-08-03 14:00,14,0.3992,0.418
2/2,только нисходящий,2022-08-05 08:00,2022-08-08 07:00,23,0.3755,0.541
2/2,только нисходящий,2022-08-10 08:00,2022-08-11 11:00,27,0.1034,0.141
2/2,только нисходящий,2022-08-15 13:00,2022-08-17 04:00,38,0.0622,0.044
2/2,только нисходящий,2022-08-17 14:00,2022-08-18 12:00,22,0.0960,0.069
2/2,только нисходящий,2022-08-18 23:00,2022-08-19 14:00,16,0.7661,0.588
2/2,только нисходящий,2022-08-19 18:00,2022-08-22 04:00,10,0.3251,0.110
2/2,только нисходящий,2022-08-22 06:00,2022-08-23 00:00,18,0.2590,0.238
2/2,только нисходящий,2022-08-24 04:00,2022-08-24 10:00,7,0.2352,0.137
2/2,только нисходящий,2022-08-26 04:00,2022-08-26 07:00,4,0.3722,0.148
2/2,только нисходящий,2022-08-26 09:00,2022-08-29 10:00,25,0.5874,1.202
2/2,только нисходящий,2022-08-30 06:00,2022-08-30 09:00,4,0.2178,0.111
2/2,только нисходящий,2022-08-30 14:00,2022-08-31 06:00,16,0.1348,0.093
2/2,только нисходящий,2022-08-31 08:00,2022-09-01 10:00,26,0.5112,0.702
2/2,только нисходящий,2022-09-01 13:00,2022-09-02 04:00,15,0.0227,0.018
2/2,только нисходящий,2022-09-06 22:00,2022-09-07 10:00,13,0.1415,0.131
2/2,только нисходящий,2022-09-08 16:00,2022-09-09 03:00,11,0.8310,0.771
2/2,только нисходящий,2022-09-13 07:00,2022-09-13 13:00,7,0.4967,1.000
2/2,только нисходящий,2022-09-13 15:00,2022-09-14 09:00,18,0.3819,0.227
2/2,только нисходящий,2022-09-14 18:00,2022-09-16 12:00,41,0.7888,2.053
2/2,только нисходящий,2022-09-19 09:00,2022-09-20 01:00,16,0.5665,0.636
2/2,только нисходящий,2022-09-20 06:00,2022-09-21 06:00,24,0.0984,0.096
2/2,только нисходящий,2022-09-23 12:00,2022-09-26 02:00,14,0.1929,0.366
2/2,только нисходящий,2022-09-26 17:00,2022-09-27 02:00,9,0.5095,0.372
2/2,только нисходящий,2022-09-27 19:00,2022-09-28 12:00,17,0.3345,0.481
2/2,только нисходящий,2022-10-05 12:00,2022-10-05 20:00,9,0.1743,0.184
2/2,только нисходящий,2022-10-06 18:00,2022-10-07 10:00,16,0.4554,0.236
2/2,только нисходящий,2022-10-07 12:00,2022-10-11 02:00,37,0.6253,1.915
2/2,только нисходящий,2022-10-11 04:00,2022-10-11 13:00,10,0.3134,0.225
2/2,только нисходящий,2022-10-13 14:00,2022-10-17 06:00,39,0.0236,0.046
2/2,только нисходящий,2022-10-19 06:00,2022-10-20 06:00,24,0.4482,0.672
2/2,только нисходящий,2022-10-21 04:00,2022-10-21 12:00,9,0.5768,0.582
2/2,только нисходящий,2022-10-24 10:00,2022-10-24 23:00,13,0.2655,0.169
2/2,только нисходящий,2022-10-25 09:00,2022-10-25 15:00,7,0.6683,0.982
2/2,только нисходящий,2022-10-27 06:00,2022-10-28 02:00,20,0.3243,0.279
2/2,только нисходящий,2022-10-28 17:00,2022-10-31 15:00,22,0.1767,0.133
2/2,только нисходящий,2022-11-03 07:00,2022-11-04 00:00,17,0.0425,0.047
2/2,только нисходящий,2022-11-08 11:00,2022-11-08 14:00,4,0.6371,0.395
2/2,только нисходящий,2022-11-14 07:00,2022-11-14 14:00,8,0.3971,0.385
2/2,только нисходящий,2022-11-17 02:00,2022-11-18 02:00,24,0.2853,0.268
2/2,только нисходящий,2022-11-18 16:00,2022-11-22 00:00,31,0.5258,0.762
2/2,только нисходящий,2022-11-23 03:00,2022-11-23 08:00,6,0.1756,0.129
2/2,только нисходящий,2022-11-24 23:00,2022-11-25 05:00,7,0.1408,0.070
2/2,только нисходящий,2022-11-25 13:00,2022-11-27 23:00,7,0.2469,0.146
2/2,только нисходящий,2022-11-28 21:00,2022-11-30 07:00,33,0.7074,0.771
2/2,только нисходящий,2022-11-30 17:00,2022-11-30 21:00,5,0.6123,0.875
2/2,только нисходящий,2022-12-05 16:00,2022-12-06 11:00,19,0.4087,0.313
2/2,только нисходящий,2022-12-12 07:00,2022-12-13 06:00,23,0.3179,0.316
2/2,только нисходящий,2022-12-14 12:00,2022-12-14 16:00,5,0.6053,0.292
2/2,только нисходящий,2022-12-15 02:00,2022-12-16 13:00,35,0.3396,0.471
2/2,только нисходящий,2022-12-19 19:00,2022-12-20 02:00,7,0.1552,0.039
2/2,только нисходящий,2022-12-22 13:00,2022-12-23 03:00,14,0.4268,0.829
2/2,только нисходящий,2022-12-28 12:00,2022-12-29 03:00,15,0.1267,0.087
2/2,только нисходящий,2023-01-03 13:00,2023-01-04 02:00,13,0.3088,0.374
2/2,только нисходящий,2023-01-05 10:00,2023-01-06 04:00,18,0.4186,0.595
2/2,только нисходящий,2023-01-16 10:00,2023-01-17 01:00,13,0.3165,0.131
2/2,только нисходящий,2023-01-17 09:00,2023-01-17 15:00,7,0.3617,0.234
2/2,только нисходящий,2023-01-18 03:00,2023-01-18 10:00,8,0.7372,0.750
2/2,только нисходящий,2023-01-23 14:00,2023-01-24 00:00,10,0.6646,0.740
2/2,только нисходящий,2023-01-24 17:00,2023-01-25 03:00,10,0.2005,0.111
2/2,только нисходящий,2023-01-26 18:00,2023-01-27 14:00,20,0.4001,0.315
2/2,только нисходящий,2023-01-31 05:00,2023-01-31 19:00,15,0.3781,0.598
2/2,только нисходящий,2023-02-02 23:00,2023-02-07 10:00,58,0.7547,2.255
2/2,только нисходящий,2023-02-09 23:00,2023-02-10 09:00,11,0.0945,0.098
2/2,только нисходящий,2023-02-13 16:00,2023-02-14 07:00,15,0.5226,0.407
2/2,только нисходящий,2023-02-15 07:00,2023-02-16 01:00,18,0.4048,0.311
2/2,только нисходящий,2023-02-16 13:00,2023-02-16 20:00,8,0.3186,0.307
2/2,только нисходящий,2023-02-21 10:00,2023-02-22 07:00,21,0.4862,0.361
2/2,только нисходящий,2023-02-22 19:00,2023-02-24 00:00,28,0.0917,0.082
2/2,только нисходящий,2023-02-24 13:00,2023-02-27 02:00,13,0.4062,0.213
2/2,только нисходящий,2023-02-28 10:00,2023-02-28 15:00,6,0.7785,0.836
2/2,только нисходящий,2023-03-06 18:00,2023-03-08 12:00,41,0.7530,1.724
2/2,только нисходящий,2023-03-14 07:00,2023-03-15 10:00,27,0.1441,0.208
2/2,только нисходящий,2023-03-21 07:00,2023-03-22 13:00,30,0.6153,1.391
2/2,только нисходящий,2023-03-24 10:00,2023-03-24 13:00,4,0.2919,0.210
2/2,только нисходящий,2023-03-26 22:00,2023-03-27 17:00,20,0.6062,1.072
2/2,только нисходящий,2023-04-06 01:00,2023-04-11 03:00,49,0.3842,0.751
2/2,только нисходящий,2023-04-14 12:00,2023-04-17 04:00,16,0.4223,1.000
2/2,только нисходящий,2023-04-17 16:00,2023-04-18 02:00,10,0.6509,0.445
2/2,только нисходящий,2023-04-19 05:00,2023-04-20 07:00,26,0.0929,0.163
2/2,только нисходящий,2023-04-21 08:00,2023-04-24 10:00,26,0.1775,0.235
2/2,только нисходящий,2023-05-01 01:00,2023-05-01 11:00,11,0.5461,0.356
2/2,только нисходящий,2023-05-05 16:00,2023-05-08 02:00,10,0.3661,0.149
2/2,только нисходящий,2023-05-10 17:00,2023-05-11 02:00,9,0.1504,0.067
2/2,только нисходящий,2023-05-11 15:00,2023-05-12 12:00,21,0.0249,0.026
2/2,только нисходящий,2023-05-16 08:00,2023-05-19 03:00,65,0.7440,2.329
2/2,только нисходящий,2023-05-22 23:00,2023-05-23 12:00,14,0.6228,0.557
2/2,только нисходящий,2023-05-24 15:00,2023-05-25 09:00,18,0.1296,0.103
2/2,только нисходящий,2023-05-25 12:00,2023-05-26 02:00,14,0.0904,0.122
2/2,только нисходящий,2023-05-30 05:00,2023-05-30 08:00,4,0.7765,0.598
2/2,только нисходящий,2023-06-01 10:00,2023-06-01 14:00,5,0.5194,0.497
2/2,только нисходящий,2023-06-05 04:00,2023-06-05 14:00,11,0.4836,0.593
2/2,только нисходящий,2023-06-07 16:00,2023-06-08 11:00,19,0.4794,0.228
2/2,только нисходящий,2023-06-12 01:00,2023-06-13 07:00,30,0.3578,0.324
2/2,только нисходящий,2023-06-13 22:00,2023-06-14 09:00,12,0.6775,0.371
2/2,только нисходящий,2023-06-15 00:00,2023-06-15 12:00,13,0.2822,0.295
2/2,только нисходящий,2023-06-15 14:00,2023-06-15 18:00,5,0.5006,0.227
2/2,только нисходящий,2023-06-19 11:00,2023-06-19 23:00,10,0.6179,0.202
2/2,только нисходящий,2023-06-20 15:00,2023-06-21 00:00,9,0.3036,0.086
2/2,только нисходящий,2023-06-21 09:00,2023-06-21 19:00,11,0.0095,0.009
2/2,только нисходящий,2023-06-22 04:00,2023-06-23 06:00,26,0.7052,0.838
2/2,только нисходящий,2023-06-27 16:00,2023-06-29 15:00,46,0.2313,0.292
2/2,только нисходящий,2023-06-30 08:00,2023-06-30 13:00,6,0.7174,0.527
2/2,только нисходящий,2023-07-03 10:00,2023-07-03 14:00,5,0.8388,0.850
2/2,только нисходящий,2023-07-05 06:00,2023-07-05 14:00,9,0.0352,0.029
2/2,только нисходящий,2023-07-05 18:00,2023-07-06 07:00,13,0.4381,0.153
2/2,только нисходящий,2023-07-10 08:00,2023-07-10 18:00,11,0.0425,0.031
2/2,только нисходящий,2023-07-14 09:00,2023-07-17 06:00,21,0.2282,0.138
2/2,только нисходящий,2023-07-20 18:00,2023-07-20 23:00,5,0.5855,0.129
2/2,только нисходящий,2023-07-21 11:00,2023-07-24 08:00,21,0.5474,0.314
2/2,только нисходящий,2023-07-25 13:00,2023-07-25 17:00,5,0.3959,0.277
2/2,только нисходящий,2023-07-27 12:00,2023-07-28 01:00,13,0.2507,0.467
2/2,только нисходящий,2023-07-31 07:00,2023-07-31 11:00,5,0.3811,0.214
2/2,только нисходящий,2023-08-01 19:00,2023-08-02 12:00,17,0.1076,0.061
2/2,только нисходящий,2023-08-02 14:00,2023-08-03 16:00,26,0.0127,0.010
2/2,только нисходящий,2023-08-07 12:00,2023-08-09 01:00,36,0.5486,0.537
2/2,только нисходящий,2023-08-09 17:00,2023-08-10 08:00,15,0.4179,0.157
2/2,только нисходящий,2023-08-14 01:00,2023-08-14 09:00,9,0.3941,0.126
2/2,только нисходящий,2023-08-14 14:00,2023-08-16 10:00,43,0.1432,0.126
2/2,только нисходящий,2023-08-16 19:00,2023-08-17 07:00,12,0.5209,0.221
2/2,только нисходящий,2023-08-17 19:00,2023-08-18 11:00,16,0.5186,0.247
2/2,только нисходящий,2023-08-25 14:00,2023-08-28 07:00,17,0.5354,0.524
2/2,только нисходящий,2023-08-29 11:00,2023-08-29 14:00,4,0.8265,0.883
2/2,только нисходящий,2023-08-31 17:00,2023-09-01 11:00,18,0.5301,0.209
2/2,только нисходящий,2023-09-05 01:00,2023-09-05 06:00,6,0.2297,0.048
2/2,только нисходящий,2023-09-05 08:00,2023-09-05 13:00,6,0.6291,0.292
2/2,только нисходящий,2023-09-05 15:00,2023-09-06 04:00,13,0.2461,0.061
2/2,только нисходящий,2023-09-06 16:00,2023-09-07 01:00,9,0.1086,0.027
2/2,только нисходящий,2023-09-12 11:00,2023-09-13 14:00,27,0.0292,0.015
2/2,только нисходящий,2023-09-14 07:00,2023-09-14 17:00,11,0.2568,0.149
2/2,только нисходящий,2023-09-20 07:00,2023-09-20 12:00,6,0.5698,0.180
2/2,только нисходящий,2023-09-21 09:00,2023-09-22 15:00,30,0.1982,0.157
2/2,только нисходящий,2023-09-25 04:00,2023-09-25 08:00,5,0.2280,0.075
2/2,только нисходящий,2023-09-25 15:00,2023-09-26 09:00,18,0.4761,0.234
2/2,только нисходящий,2023-09-26 13:00,2023-09-28 08:00,42,0.8627,1.710
2/2,только нисходящий,2023-09-28 15:00,2023-09-29 05:00,14,0.2420,0.139
2/2,только нисходящий,2023-09-29 20:00,2023-10-04 11:00,61,0.6871,1.288
2/2,только нисходящий,2023-10-05 14:00,2023-10-06 05:00,15,0.1472,0.082
2/2,только нисходящий,2023-10-06 13:00,2023-10-06 16:00,4,0.3777,0.435
2/2,только нисходящий,2023-10-09 15:00,2023-10-09 18:00,4,0.6072,0.297
2/2,только нисходящий,2023-10-12 20:00,2023-10-13 10:00,14,0.8720,1.006
2/2,только нисходящий,2023-10-23 02:00,2023-10-24 03:00,25,0.2630,0.217
2/2,только нисходящий,2023-10-24 09:00,2023-10-25 12:00,27,0.3559,0.435
2/2,только нисходящий,2023-10-31 20:00,2023-11-02 09:00,36,0.1946,0.218
2/2,только нисходящий,2023-11-06 15:00,2023-11-09 13:00,68,0.7411,1.543
2/2,только нисходящий,2023-11-10 20:00,2023-11-13 15:00,19,0.1867,0.118
2/2,только нисходящий,2023-11-19 23:00,2023-11-20 23:00,24,0.3364,0.337
2/2,только нисходящий,2023-11-22 20:00,2023-11-24 09:00,34,0.5287,0.241
2/2,только нисходящий,2023-11-29 11:00,2023-11-29 20:00,10,0.3637,0.222
2/2,только нисходящий,2023-11-30 08:00,2023-12-01 02:00,18,0.0215,0.015
2/2,только нисходящий,2023-12-05 03:00,2023-12-06 02:00,23,0.5426,0.791
2/2,только нисходящий,2023-12-08 13:00,2023-12-12 14:00,48,0.6925,1.820
2/2,только нисходящий,2023-12-15 15:00,2023-12-18 16:00,25,0.5596,0.634
2/2,только нисходящий,2023-12-20 15:00,2023-12-21 12:00,21,0.4538,0.269
2/2,только нисходящий,2023-12-26 13:00,2023-12-26 19:00,7,0.3109,0.141
2/2,только нисходящий,2023-12-29 00:00,2024-01-02 04:00,28,0.1635,0.131
2/2,только нисходящий,2024-01-02 17:00,2024-01-04 04:00,34,0.5394,0.950
2/2,только нисходящий,2024-01-04 16:00,2024-01-05 02:00,10,0.1938,0.070
2/2,только нисходящий,2024-01-08 03:00,2024-01-09 11:00,32,0.0437,0.053
2/2,только нисходящий,2024-01-11 16:00,2024-01-12 06:00,14,0.7750,0.918
2/2,только нисходящий,2024-01-16 03:00,2024-01-18 08:00,52,0.7997,1.942
2/2,только нисходящий,2024-01-22 09:00,2024-01-23 05:00,20,0.6002,0.450
2/2,только нисходящий,2024-01-24 18:00,2024-01-25 13:00,19,0.3142,0.214
2/2,только нисходящий,2024-02-05 08:00,2024-02-06 02:00,18,0.1848,0.125
2/2,только нисходящий,2024-02-08 08:00,2024-02-09 14:00,30,0.3063,0.275
2/2,только нисходящий,2024-02-09 16:00,2024-02-12 09:00,17,0.1176,0.041
2/2,только нисходящий,2024-02-12 16:00,2024-02-13 05:00,13,0.4946,0.240
2/2,только нисходящий,2024-02-13 17:00,2024-02-14 19:00,26,0.1620,0.096
2/2,только нисходящий,2024-02-19 18:00,2024-02-20 02:00,6,0.0048,0.001
2/2,только нисходящий,2024-02-20 23:00,2024-02-21 06:00,8,0.6191,0.285
2/2,только нисходящий,2024-02-21 15:00,2024-02-22 06:00,15,0.4841,0.252
2/2,только нисходящий,2024-02-23 09:00,2024-02-23 15:00,7,0.8905,0.663
2/2,только нисходящий,2024-02-27 23:00,2024-02-28 15:00,17,0.1262,0.083
2/2,только нисходящий,2024-03-12 11:00,2024-03-13 03:00,16,0.4075,0.590
2/2,только нисходящий,2024-03-14 08:00,2024-03-15 02:00,18,0.3734,0.331
2/2,только нисходящий,2024-03-15 15:00,2024-03-18 13:00,22,0.1796,0.151
2/2,только нисходящий,2024-03-19 07:00,2024-03-19 23:00,16,0.1016,0.059
2/2,только нисходящий,2024-03-20 12:00,2024-03-20 15:00,4,0.1735,0.123
2/2,только нисходящий,2024-03-21 17:00,2024-03-22 14:00,21,0.2948,0.318
2/2,только нисходящий,2024-04-03 10:00,2024-04-03 17:00,8,0.7412,0.982
2/2,только нисходящий,2024-04-08 16:00,2024-04-09 02:00,10,0.7458,0.718
2/2,только нисходящий,2024-04-10 15:00,2024-04-11 14:00,23,0.0916,0.086
2/2,только нисходящий,2024-04-16 09:00,2024-04-16 17:00,9,0.3552,0.522
2/2,только нисходящий,2024-04-17 17:00,2024-04-18 12:00,19,0.4043,0.559
2/2,только нисходящий,2024-04-22 05:00,2024-04-23 15:00,34,0.5348,1.789
2/2,только нисходящий,2024-04-29 03:00,2024-04-29 10:00,8,0.6154,0.549
2/2,только нисходящий,2024-04-30 04:00,2024-05-03 06:00,72,0.5834,1.201
2/2,только нисходящий,2024-05-07 07:00,2024-05-08 06:00,23,0.2784,0.200
2/2,только нисходящий,2024-05-13 03:00,2024-05-14 00:00,21,0.7592,0.880
2/2,только нисходящий,2024-05-16 16:00,2024-05-17 05:00,13,0.0622,0.026
2/2,только нисходящий,2024-05-20 14:00,2024-05-21 16:00,26,0.0045,0.006
2/2,только нисходящий,2024-05-22 03:00,2024-05-22 11:00,9,0.3616,0.222
2/2,только нисходящий,2024-05-22 14:00,2024-05-24 04:00,37,0.6213,2.241
2/2,только нисходящий,2024-05-28 10:00,2024-05-28 14:00,5,0.4577,0.407
2/2,только нисходящий,2024-05-29 07:00,2024-05-30 12:00,29,0.2751,0.393
2/2,только нисходящий,2024-06-02 22:00,2024-06-03 13:00,16,0.3227,0.306
2/2,только нисходящий,2024-06-04 07:00,2024-06-05 03:00,20,0.0870,0.110
2/2,только нисходящий,2024-06-09 23:00,2024-06-10 03:00,5,0.4318,0.139
2/2,только нисходящий,2024-06-13 03:00,2024-06-13 13:00,11,0.1510,0.149
2/2,только нисходящий,2024-06-17 05:00,2024-06-17 15:00,11,0.3392,0.258
2/2,только нисходящий,2024-06-18 10:00,2024-06-18 18:00,9,0.8648,0.993
2/2,только нисходящий,2024-06-21 14:00,2024-06-24 14:00,24,0.0338,0.035
2/2,только нисходящий,2024-06-25 03:00,2024-06-25 09:00,7,0.7865,0.384
2/2,только нисходящий,2024-06-25 18:00,2024-06-27 06:00,35,0.5954,0.778
2/2,только нисходящий,2024-06-28 03:00,2024-06-28 09:00,7,0.7023,0.370
2/2,только нисходящий,2024-07-08 11:00,2024-07-09 15:00,28,0.4405,0.559
2/2,только нисходящий,2024-07-12 06:00,2024-07-12 15:00,10,0.3407,0.315
2/2,только нисходящий,2024-07-17 20:00,2024-07-18 02:00,6,0.7782,0.278
2/2,только нисходящий,2024-07-18 22:00,2024-07-22 02:00,28,0.7356,1.549
2/2,только нисходящий,2024-07-22 13:00,2024-07-23 02:00,13,0.3446,0.289
2/2,только нисходящий,2024-07-25 00:00,2024-07-25 11:00,12,0.8344,1.192
2/2,только нисходящий,2024-07-25 17:00,2024-07-26 03:00,10,0.5920,0.660
2/2,только нисходящий,2024-07-29 16:00,2024-07-30 04:00,12,0.5973,0.346
2/2,только нисходящий,2024-08-01 08:00,2024-08-01 13:00,6,0.7291,0.813
2/2,только нисходящий,2024-08-05 01:00,2024-08-05 05:00,5,0.0369,0.058
2/2,только нисходящий,2024-08-05 11:00,2024-08-06 01:00,14,0.4744,1.074
2/2,только нисходящий,2024-08-08 00:00,2024-08-08 10:00,11,0.8491,0.826
2/2,только нисходящий,2024-08-14 15:00,2024-08-15 07:00,16,0.5646,0.479
2/2,только нисходящий,2024-08-16 04:00,2024-08-16 08:00,5,0.7225,0.393
2/2,только нисходящий,2024-08-22 13:00,2024-08-23 08:00,19,0.3604,0.446
2/2,только нисходящий,2024-08-27 07:00,2024-08-27 17:00,11,0.8318,0.604
2/2,только нисходящий,2024-08-29 14:00,2024-08-29 18:00,5,0.0630,0.036
2/2,только нисходящий,2024-08-30 15:00,2024-09-02 09:00,18,0.1814,0.141
2/2,только нисходящий,2024-09-03 01:00,2024-09-03 09:00,9,0.4287,0.286
2/2,только нисходящий,2024-09-03 15:00,2024-09-04 15:00,24,0.1996,0.228
2/2,только нисходящий,2024-09-06 18:00,2024-09-09 14:00,20,0.1099,0.087
2/2,только нисходящий,2024-09-11 16:00,2024-09-12 04:00,12,0.1735,0.071
2/2,только нисходящий,2024-09-17 15:00,2024-09-18 12:00,21,0.5314,0.414
2/2,только нисходящий,2024-09-27 08:00,2024-09-27 13:00,6,0.2396,0.143
2/2,только нисходящий,2024-09-27 15:00,2024-10-01 08:00,40,0.0790,0.123
2/2,только нисходящий,2024-10-08 02:00,2024-10-08 13:00,12,0.1611,0.150
2/2,только нисходящий,2024-10-08 15:00,2024-10-09 06:00,15,0.0128,0.010
2/2,только нисходящий,2024-10-15 07:00,2024-10-15 17:00,11,0.5517,0.485
2/2,только нисходящий,2024-10-21 18:00,2024-10-22 15:00,21,0.7064,0.781
2/2,только нисходящий,2024-10-23 17:00,2024-10-25 13:00,43,0.3547,0.408
2/2,только нисходящий,2024-10-31 17:00,2024-11-01 03:00,10,0.8900,0.444
2/2,только нисходящий,2024-11-01 17:00,2024-11-04 11:00,17,0.3222,0.158
2/2,только нисходящий,2024-11-05 02:00,2024-11-05 10:00,9,0.4638,0.345
2/2,только нисходящий,2024-11-06 06:00,2024-11-07 12:00,30,0.3485,1.236
2/2,только нисходящий,2024-11-11 01:00,2024-11-11 11:00,11,0.4017,0.389
2/2,только нисходящий,2024-11-11 13:00,2024-11-14 17:00,74,0.5178,2.373
2/2,только нисходящий,2024-11-25 07:00,2024-11-26 02:00,19,0.5091,1.594
2/2,только нисходящий,2024-11-27 21:00,2024-11-28 08:00,11,0.3181,0.307
2/2,только нисходящий,2024-11-29 19:00,2024-12-03 07:00,33,0.1800,0.212
2/2,только нисходящий,2024-12-05 14:00,2024-12-06 03:00,13,0.0117,0.016
2/2,только нисходящий,2024-12-11 07:00,2024-12-11 14:00,8,0.7784,0.599
2/2,только нисходящий,2024-12-12 17:00,2024-12-13 00:00,7,0.0967,0.029
2/2,только нисходящий,2024-12-13 17:00,2024-12-16 07:00,14,0.1327,0.094
2/2,только нисходящий,2024-12-17 10:00,2024-12-17 14:00,5,0.1061,0.056
2/2,только нисходящий,2024-12-17 16:00,2024-12-18 02:00,10,0.5691,0.323
2/2,только нисходящий,2024-12-18 19:00,2024-12-19 11:00,16,0.2317,0.469
2/2,только нисходящий,2024-12-23 15:00,2024-12-24 03:00,12,0.7497,0.339
2/2,только нисходящий,2024-12-27 12:00,2024-12-31 02:00,37,0.5400,0.729
2/2,только нисходящий,2025-01-03 10:00,2025-01-06 02:00,16,0.5822,0.496
2/2,только нисходящий,2025-01-06 06:00,2025-01-06 12:00,7,0.5756,0.531
2/2,только нисходящий,2025-01-13 10:00,2025-01-14 20:00,34,0.1067,0.113
2/2,только нисходящий,2025-01-17 12:00,2025-01-21 00:00,33,0.1863,0.193
2/2,только нисходящий,2025-01-23 11:00,2025-01-23 18:00,8,0.1745,0.146
2/2,только нисходящий,2025-01-27 01:00,2025-01-28 12:00,35,0.4140,0.632
2/2,только нисходящий,2025-01-29 09:00,2025-01-30 07:00,22,0.2605,0.234
2/2,только нисходящий,2025-02-03 05:00,2025-02-03 15:00,11,0.6793,1.235
2/2,только нисходящий,2025-02-06 14:00,2025-02-07 04:00,14,0.6774,0.865
2/2,только нисходящий,2025-02-11 15:00,2025-02-12 18:00,27,0.0857,0.133
2/2,только нисходящий,2025-02-16 23:00,2025-02-17 10:00,12,0.8443,0.813
2/2,только нисходящий,2025-02-21 08:00,2025-02-21 19:00,12,0.3876,0.345
2/2,только нисходящий,2025-02-25 12:00,2025-02-25 15:00,4,0.5116,0.775
2/2,только нисходящий,2025-02-25 17:00,2025-02-26 23:00,29,0.2972,0.402
2/2,только нисходящий,2025-02-27 11:00,2025-02-28 21:00,34,0.4167,0.900
2/2,только нисходящий,2025-03-10 08:00,2025-03-11 07:00,23,0.0898,0.110
2/2,только нисходящий,2025-03-20 12:00,2025-03-21 13:00,25,0.7918,1.127
2/2,только нисходящий,2025-03-21 15:00,2025-03-24 11:00,20,0.5790,0.447
2/2,только нисходящий,2025-04-01 18:00,2025-04-02 00:00,6,0.5526,0.284
2/2,только нисходящий,2025-04-03 15:00,2025-04-04 12:00,21,0.5846,1.265
2/2,только нисходящий,2025-04-04 14:00,2025-04-07 02:00,12,0.1378,0.416
2/2,только нисходящий,2025-04-07 14:00,2025-04-08 06:00,16,0.1692,0.459
2/2,только нисходящий,2025-04-08 19:00,2025-04-09 06:00,11,0.7594,1.808
2/2,только нисходящий,2025-04-14 10:00,2025-04-15 03:00,17,0.3720,0.410
2/2,только нисходящий,2025-04-17 14:00,2025-04-17 20:00,7,0.7987,1.091
2/2,только нисходящий,2025-04-22 19:00,2025-04-24 00:00,28,0.3402,1.276
2/2,только нисходящий,2025-04-25 09:00,2025-04-28 13:00,28,0.0163,0.033
2/2,только нисходящий,2025-04-30 08:00,2025-04-30 14:00,7,0.4812,0.775
2/2,только нисходящий,2025-05-01 00:00,2025-05-02 01:00,25,0.1350,0.310
2/2,только нисходящий,2025-05-02 18:00,2025-05-05 03:00,9,0.5816,0.870
2/2,только нисходящий,2025-05-07 22:00,2025-05-08 03:00,6,0.5595,0.797
2/2,только нисходящий,2025-05-08 06:00,2025-05-09 08:00,26,0.0117,0.033
2/2,только нисходящий,2025-05-12 03:00,2025-05-13 03:00,24,0.6065,1.422
2/2,только нисходящий,2025-05-14 12:00,2025-05-15 14:00,26,0.2030,0.649
2/2,только нисходящий,2025-05-16 13:00,2025-05-19 01:00,12,0.4510,1.190
2/2,только нисходящий,2025-05-20 02:00,2025-05-20 12:00,11,0.7777,1.125
2/2,только нисходящий,2025-05-22 19:00,2025-05-23 03:00,8,0.5411,0.361
2/2,только нисходящий,2025-05-27 06:00,2025-05-27 20:00,15,0.1819,0.238
2/2,только нисходящий,2025-05-28 23:00,2025-05-29 07:00,9,0.6259,0.813
2/2,только нисходящий,2025-06-05 17:00,2025-06-09 08:00,38,0.4142,1.015
2/2,только нисходящий,2025-06-16 13:00,2025-06-18 05:00,39,0.0348,0.053
2/2,только нисходящий,2025-06-18 19:00,2025-06-20 14:00,40,0.0503,0.071
2/2,только нисходящий,2025-06-23 03:00,2025-06-23 17:00,15,0.4095,0.567
2/2,только нисходящий,2025-06-23 22:00,2025-06-25 03:00,29,0.3961,0.810
2/2,только нисходящий,2025-06-25 12:00,2025-06-26 00:00,12,0.4699,0.400
2/2,только нисходящий,2025-06-26 15:00,2025-06-30 08:00,40,0.3876,1.074
2/2,только нисходящий,2025-07-02 06:00,2025-07-02 13:00,8,0.1702,0.120
2/2,только нисходящий,2025-07-03 14:00,2025-07-04 03:00,13,0.8594,0.414
2/2,только нисходящий,2025-07-07 06:00,2025-07-07 15:00,10,0.4237,0.331
2/2,только нисходящий,2025-07-08 17:00,2025-07-09 13:00,20,0.2227,0.188
2/2,только нисходящий,2025-07-14 16:00,2025-07-15 02:00,10,0.2922,0.094
2/2,только нисходящий,2025-07-15 18:00,2025-07-16 02:00,8,0.2520,0.077
2/2,только нисходящий,2025-07-17 14:00,2025-07-18 08:00,18,0.4179,0.402
2/2,только нисходящий,2025-07-22 03:00,2025-07-22 12:00,10,0.6127,0.443
2/2,только нисходящий,2025-07-23 18:00,2025-07-28 07:00,59,0.8130,1.728
2/2,только нисходящий,2025-07-28 13:00,2025-07-29 02:00,13,0.5753,0.504
2/2,только нисходящий,2025-07-30 12:00,2025-07-31 09:00,21,0.1032,0.199
2/2,только нисходящий,2025-08-01 01:00,2025-08-01 11:00,11,0.7763,0.507
2/2,только нисходящий,2025-08-05 08:00,2025-08-05 13:00,6,0.2515,0.224
2/2,только нисходящий,2025-08-06 03:00,2025-08-06 16:00,14,0.0653,0.042
2/2,только нисходящий,2025-08-11 06:00,2025-08-12 08:00,26,0.4923,0.530
2/2,только нисходящий,2025-08-14 07:00,2025-08-15 03:00,20,0.0732,0.081
2/2,только нисходящий,2025-08-19 19:00,2025-08-20 10:00,15,0.6432,0.319
2/2,только нисходящий,2025-08-22 04:00,2025-08-22 14:00,11,0.8206,1.364
2/2,только нисходящий,2025-08-27 06:00,2025-08-27 15:00,10,0.6387,0.316
2/2,только нисходящий,2025-09-10 02:00,2025-09-10 08:00,7,0.5289,0.269
2/2,только нисходящий,2025-09-10 22:00,2025-09-12 00:00,26,0.0904,0.091
2/2,только нисходящий,2025-09-15 03:00,2025-09-15 12:00,10,0.2618,0.124
2/2,только нисходящий,2025-09-17 07:00,2025-09-18 10:00,27,0.0011,0.002
2/2,только нисходящий,2025-09-24 16:00,2025-09-25 09:00,17,0.4826,0.571
2/2,только нисходящий,2025-09-30 11:00,2025-10-01 03:00,16,0.6593,1.226
2/2,только нисходящий,2025-10-02 17:00,2025-10-03 11:00,18,0.5978,0.462
2/2,только нисходящий,2025-10-07 10:00,2025-10-07 20:00,11,0.6540,0.610
2/2,только нисходящий,2025-10-09 01:00,2025-10-09 06:00,6,0.1540,0.157
2/2,только нисходящий,2025-10-09 19:00,2025-10-10 10:00,15,0.3427,0.515
2/2,только нисходящий,2025-10-17 19:00,2025-10-20 03:00,8,0.6552,0.911
2/2,только нисходящий,2025-10-21 10:00,2025-10-22 07:00,21,0.4499,2.839
2/2,только нисходящий,2025-10-24 10:00,2025-10-28 02:00,39,0.4236,1.747
2/2,только нисходящий,2025-10-28 06:00,2025-10-29 01:00,19,0.3252,0.792
2/2,только нисходящий,2025-10-31 18:00,2025-11-03 16:00,21,0.1249,0.214
2/2,только нисходящий,2025-11-04 00:00,2025-11-04 09:00,10,0.1390,0.119
2/2,только нисходящий,2025-11-04 17:00,2025-11-05 17:00,24,0.4417,0.684
2/2,только нисходящий,2025-11-11 17:00,2025-11-12 14:00,21,0.4732,0.537
2/2,только нисходящий,2025-11-13 18:00,2025-11-18 15:00,67,0.4913,2.522
2/2,только нисходящий,2025-11-20 07:00,2025-11-21 13:00,30,0.2328,0.488
2/2,только нисходящий,2025-11-27 02:00,2025-11-27 23:00,21,0.7191,0.426
2/2,только нисходящий,2025-11-28 10:00,2025-11-28 15:00,6,0.8167,0.975
2/2,только нисходящий,2025-12-02 08:00,2025-12-02 15:00,8,0.6038,0.959
2/2,только нисходящий,2025-12-04 05:00,2025-12-04 15:00,11,0.6767,0.628
2/2,только нисходящий,2025-12-05 21:00,2025-12-09 10:00,36,0.1105,0.129
2/2,только нисходящий,2025-12-10 12:00,2025-12-10 18:00,7,0.1381,0.060
2/2,только нисходящий,2025-12-16 04:00,2025-12-16 16:00,13,0.1801,0.267
2/2,только нисходящий,2025-12-23 17:00,2025-12-24 02:00,9,0.0907,0.114
2/2,только нисходящий,2025-12-29 02:00,2025-12-30 11:00,33,0.5860,2.838
2/2,только нисходящий,2025-12-31 01:00,2025-12-31 15:00,15,0.2851,0.650
2/2,только нисходящий,2026-01-07 11:00,2026-01-08 14:00,27,0.2361,0.321
2/2,только нисходящий,2026-01-15 13:00,2026-01-15 17:00,5,0.6519,0.616
2/2,только нисходящий,2026-01-16 15:00,2026-01-16 21:00,7,0.2981,0.547
2/2,только нисходящий,2026-01-27 00:00,2026-01-27 08:00,9,0.5363,0.927
2/2,только нисходящий,2026-01-29 17:00,2026-02-03 02:00,55,0.5260,10.340
2/2,только нисходящий,2026-02-04 18:00,2026-02-06 19:00,48,0.0799,0.598
2/2,только нисходящий,2026-02-12 16:00,2026-02-13 16:00,24,0.2805,1.075
2/2,только нисходящий,2026-02-17 03:00,2026-02-18 03:00,24,0.2822,0.727
2/2,только нисходящий,2026-03-02 18:00,2026-03-04 00:00,29,0.4598,3.319
2/2,только нисходящий,2026-03-05 16:00,2026-03-06 16:00,24,0.5157,1.229
2/2,только нисходящий,2026-03-11 15:00,2026-03-12 08:00,17,0.1809,0.225
2/2,только нисходящий,2026-03-12 23:00,2026-03-16 15:00,40,0.6909,2.178
2/2,только нисходящий,2026-03-18 10:00,2026-03-20 01:00,38,0.5933,5.851
2/2,только нисходящий,2026-03-20 17:00,2026-03-24 19:00,49,0.3455,3.790
2/2,только нисходящий,2026-03-25 20:00,2026-03-27 02:00,29,0.3857,1.656
2/2,только нисходящий,2026-04-02 03:00,2026-04-06 10:00,31,0.0876,0.287
2/2,только нисходящий,2026-04-07 01:00,2026-04-07 07:00,7,0.3996,0.415
2/2,только нисходящий,2026-04-08 16:00,2026-04-09 10:00,18,0.2898,0.408
2/2,только нисходящий,2026-04-12 22:00,2026-04-13 08:00,11,0.6759,1.386
2/2,только нисходящий,2026-04-16 16:00,2026-04-17 06:00,14,0.1656,0.146
2/2,только нисходящий,2026-04-21 09:00,2026-04-23 12:00,50,0.3380,0.914
2/2,только нисходящий,2026-04-27 14:00,2026-04-30 02:00,58,0.5907,2.419
2/2,только нисходящий,2026-05-01 11:00,2026-05-01 15:00,5,0.6565,1.406
2/2,только нисходящий,2026-05-04 05:00,2026-05-05 07:00,26,0.4735,1.155
2/2,только нисходящий,2026-05-07 19:00,2026-05-08 03:00,8,0.3283,0.355
2/2,только нисходящий,2026-05-11 02:00,2026-05-11 12:00,11,0.3396,0.386
2/2,только нисходящий,2026-05-12 13:00,2026-05-13 01:00,12,0.2638,0.500
2/2,только нисходящий,2026-05-13 13:00,2026-05-14 08:00,19,0.2804,0.301
2/2,только нисходящий,2026-05-14 15:00,2026-05-18 13:00,45,0.5258,2.348
2/2,только нисходящий,2026-05-19 13:00,2026-05-20 13:00,24,0.2480,0.464
2/2,только нисходящий,2026-05-21 09:00,2026-05-21 18:00,10,0.0167,0.026
2/2,только нисходящий,2026-05-26 03:00,2026-05-28 15:00,59,0.3339,1.319
2/2,только нисходящий,2026-06-01 11:00,2026-06-02 03:00,16,0.0992,0.144
2/2,только нисходящий,2026-06-03 01:00,2026-06-04 05:00,28,0.1011,0.146
2/2,только нисходящий,2026-06-05 01:00,2026-06-08 11:00,34,0.5573,2.599
2/2,только нисходящий,2026-06-09 16:00,2026-06-11 16:00,47,0.6673,4.040
2/2,ни одного,2017-07-26 03:00,2017-07-27 17:00,38,0.6327,1.093
2/2,ни одного,2017-07-28 12:00,2017-07-28 16:00,5,0.4644,0.405
2/2,ни одного,2017-08-04 12:00,2017-08-04 15:00,4,0.3295,0.401
2/2,ни одного,2017-08-18 07:00,2017-08-18 10:00,4,0.2389,0.167
2/2,ни одного,2017-08-25 13:00,2017-08-28 07:00,18,0.6690,1.206
2/2,ни одного,2017-08-29 15:00,2017-08-29 20:00,6,0.4820,0.534
2/2,ни одного,2017-08-31 13:00,2017-08-31 16:00,4,0.4721,0.389
2/2,ни одного,2017-09-05 16:00,2017-09-05 20:00,5,0.2236,0.154
2/2,ни одного,2017-09-07 09:00,2017-09-07 13:00,5,0.3407,0.270
2/2,ни одного,2017-09-15 11:00,2017-09-15 16:00,6,0.0080,0.005
2/2,ни одного,2017-09-22 02:00,2017-09-22 05:00,4,0.0343,0.009
2/2,ни одного,2017-09-26 07:00,2017-09-26 13:00,7,0.3910,0.331
2/2,ни одного,2017-10-05 17:00,2017-10-05 22:00,5,0.3394,0.164
2/2,ни одного,2017-10-16 17:00,2017-10-16 20:00,4,0.4282,0.430
2/2,ни одного,2017-10-19 10:00,2017-10-19 16:00,7,0.3117,0.147
2/2,ни одного,2017-11-06 10:00,2017-11-06 13:00,4,0.1196,0.025
2/2,ни одного,2017-11-20 14:00,2017-11-20 19:00,6,0.6507,0.784
2/2,ни одного,2017-11-27 10:00,2017-11-27 15:00,6,0.1450,0.080
2/2,ни одного,2017-12-11 18:00,2017-12-11 21:00,4,0.5372,0.220
2/2,ни одного,2017-12-15 08:00,2017-12-15 14:00,7,0.0583,0.033
2/2,ни одного,2017-12-19 15:00,2017-12-19 19:00,5,0.1054,0.032
2/2,ни одного,2018-01-04 15:00,2018-01-04 21:00,7,0.2439,0.215
2/2,ни одного,2018-01-10 09:00,2018-01-10 12:00,4,0.5741,0.601
2/2,ни одного,2018-02-06 13:00,2018-02-06 16:00,4,0.4104,0.356
2/2,ни одного,2018-02-27 13:00,2018-02-27 18:00,6,0.5171,0.743
2/2,ни одного,2018-03-06 11:00,2018-03-06 17:00,7,0.3519,0.384
2/2,ни одного,2018-03-12 09:00,2018-03-12 12:00,4,0.1124,0.050
2/2,ни одного,2018-03-15 12:00,2018-03-15 18:00,7,0.5153,0.333
2/2,ни одного,2018-03-27 09:00,2018-03-27 14:00,6,0.5753,0.491
2/2,ни одного,2018-04-12 10:00,2018-04-12 16:00,7,0.5523,0.546
2/2,ни одного,2018-04-17 16:00,2018-04-17 20:00,5,0.0464,0.014
2/2,ни одного,2018-04-27 10:00,2018-04-27 15:00,6,0.2902,0.153
2/2,ни одного,2018-04-30 03:00,2018-04-30 14:00,12,0.6142,0.563
2/2,ни одного,2018-06-04 11:00,2018-06-04 14:00,4,0.4527,0.133
2/2,ни одного,2018-06-11 07:00,2018-06-11 11:00,5,0.0635,0.019
2/2,ни одного,2018-07-02 05:00,2018-07-02 08:00,4,0.2004,0.054
2/2,ни одного,2018-07-03 07:00,2018-07-03 16:00,10,0.5141,0.611
2/2,ни одного,2018-07-10 08:00,2018-07-10 12:00,5,0.1566,0.121
2/2,ни одного,2018-07-16 14:00,2018-07-16 17:00,4,0.1340,0.037
2/2,ни одного,2018-08-03 12:00,2018-08-03 15:00,4,0.3311,0.268
2/2,ни одного,2018-08-06 10:00,2018-08-06 13:00,4,0.2224,0.094
2/2,ни одного,2018-08-13 02:00,2018-08-13 05:00,4,0.1985,0.041
2/2,ни одного,2018-08-23 02:00,2018-08-23 08:00,7,0.2600,0.149
2/2,ни одного,2018-08-24 13:00,2018-08-24 16:00,4,0.5750,0.745
2/2,ни одного,2018-09-05 03:00,2018-09-05 08:00,6,0.2802,0.093
2/2,ни одного,2018-09-21 10:00,2018-09-21 14:00,5,0.3272,0.440
2/2,ни одного,2018-10-10 19:00,2018-10-11 01:00,6,0.2030,0.065
2/2,ни одного,2018-10-17 18:00,2018-10-18 01:00,7,0.2312,0.060
2/2,ни одного,2018-11-06 08:00,2018-11-06 11:00,4,0.4538,0.153
2/2,ни одного,2018-11-06 16:00,2018-11-06 19:00,4,0.0156,0.007
2/2,ни одного,2018-11-07 09:00,2018-11-07 12:00,4,0.2601,0.124
2/2,ни одного,2018-11-21 07:00,2018-11-21 10:00,4,0.0281,0.008
2/2,ни одного,2018-12-03 03:00,2018-12-03 08:00,6,0.7959,0.554
2/2,ни одного,2018-12-19 19:00,2018-12-19 23:00,4,0.0081,0.007
2/2,ни одного,2018-12-20 09:00,2018-12-20 20:00,12,0.2344,0.320
2/2,ни одного,2019-01-08 02:00,2019-01-08 08:00,7,0.3915,0.167
2/2,ни одного,2019-02-01 10:00,2019-02-01 14:00,5,0.0436,0.020
2/2,ни одного,2019-02-11 09:00,2019-02-11 15:00,7,0.2624,0.118
2/2,ни одного,2019-02-27 14:00,2019-02-27 18:00,5,0.3908,0.276
2/2,ни одного,2019-02-28 08:00,2019-02-28 12:00,5,0.1778,0.074
2/2,ни одного,2019-03-12 02:00,2019-03-12 06:00,5,0.1617,0.037
2/2,ни одного,2019-03-14 04:00,2019-03-14 10:00,7,0.5662,0.376
2/2,ни одного,2019-03-19 01:00,2019-03-19 05:00,5,0.1540,0.037
2/2,ни одного,2019-03-21 10:00,2019-03-21 17:00,8,0.4244,0.493
2/2,ни одного,2019-03-26 04:00,2019-03-26 12:00,9,0.4152,0.246
2/2,ни одного,2019-04-04 11:00,2019-04-04 14:00,4,0.1588,0.126
2/2,ни одного,2019-04-22 13:00,2019-04-22 17:00,5,0.0769,0.023
2/2,ни одного,2019-04-30 03:00,2019-04-30 12:00,10,0.2698,0.112
2/2,ни одного,2019-05-06 11:00,2019-05-06 14:00,4,0.2209,0.087
2/2,ни одного,2019-05-08 00:00,2019-05-08 03:00,4,0.1804,0.035
2/2,ни одного,2019-05-08 14:00,2019-05-08 18:00,5,0.3565,0.174
2/2,ни одного,2019-05-13 03:00,2019-05-13 08:00,6,0.0544,0.013
2/2,ни одного,2019-05-16 10:00,2019-05-16 16:00,7,0.7286,0.628
2/2,ни одного,2019-05-29 06:00,2019-05-29 09:00,4,0.2082,0.071
2/2,ни одного,2019-05-30 05:00,2019-05-30 08:00,4,0.0199,0.005
2/2,ни одного,2019-06-07 12:00,2019-06-07 15:00,4,0.0717,0.069
2/2,ни одного,2019-06-10 04:00,2019-06-10 09:00,6,0.0056,0.002
2/2,ни одного,2019-06-12 02:00,2019-06-12 09:00,8,0.4171,0.304
2/2,ни одного,2019-07-02 15:00,2019-07-02 23:00,8,0.6569,1.979
2/2,ни одного,2019-07-11 12:00,2019-07-11 15:00,4,0.2710,0.233
2/2,ни одного,2019-07-17 13:00,2019-07-17 23:00,10,0.5178,0.910
2/2,ни одного,2019-07-23 12:00,2019-07-23 15:00,4,0.3652,0.262
2/2,ни одного,2019-07-31 16:00,2019-08-01 02:00,10,0.5309,0.990
2/2,ни одного,2019-08-01 14:00,2019-08-01 23:00,9,0.5560,1.721
2/2,ни одного,2019-08-12 08:00,2019-08-12 12:00,5,0.0466,0.057
2/2,ни одного,2019-08-20 08:00,2019-08-20 12:00,5,0.2326,0.142
2/2,ни одного,2019-08-21 02:00,2019-08-21 08:00,7,0.5261,0.305
2/2,ни одного,2019-09-05 12:00,2019-09-05 15:00,4,0.5038,1.255
2/2,ни одного,2019-09-13 06:00,2019-09-13 12:00,7,0.3762,0.302
2/2,ни одного,2019-09-13 15:00,2019-09-13 19:00,5,0.3510,0.264
2/2,ни одного,2019-09-20 02:00,2019-09-20 07:00,6,0.0060,0.002
2/2,ни одного,2019-09-25 14:00,2019-09-25 17:00,4,0.4096,0.809
2/2,ни одного,2019-10-01 14:00,2019-10-01 17:00,4,0.0393,0.061
2/2,ни одного,2019-10-04 12:00,2019-10-06 23:00,11,0.5804,0.774
2/2,ни одного,2019-10-08 09:00,2019-10-08 14:00,6,0.0885,0.062
2/2,ни одного,2019-10-30 09:00,2019-10-30 15:00,7,0.6048,0.253
2/2,ни одного,2019-11-07 09:00,2019-11-07 12:00,4,0.1915,0.079
2/2,ни одного,2019-11-18 08:00,2019-11-18 13:00,6,0.4529,0.307
2/2,ни одного,2019-11-27 13:00,2019-11-27 17:00,5,0.1653,0.064
2/2,ни одного,2019-12-09 08:00,2019-12-09 14:00,7,0.0605,0.017
2/2,ни одного,2019-12-17 08:00,2019-12-17 11:00,4,0.2060,0.056
2/2,ни одного,2019-12-19 02:00,2019-12-19 05:00,4,0.8773,0.101
2/2,ни одного,2020-01-08 11:00,2020-01-08 14:00,4,0.2603,0.240
2/2,ни одного,2020-01-10 15:00,2020-01-13 02:00,11,0.2403,0.158
2/2,ни одного,2020-02-06 09:00,2020-02-06 12:00,4,0.4644,0.256
2/2,ни одного,2020-03-03 13:00,2020-03-03 18:00,6,0.8108,2.460
2/2,ни одного,2020-03-11 15:00,2020-03-11 20:00,6,0.6851,0.910
2/2,ни одного,2020-03-18 07:00,2020-03-18 10:00,4,0.0634,0.137
2/2,ни одного,2020-04-20 13:00,2020-04-20 17:00,5,0.1241,0.159
2/2,ни одного,2020-04-21 09:00,2020-04-21 12:00,4,0.4162,0.810
2/2,ни одного,2020-05-01 16:00,2020-05-01 20:00,5,0.2482,0.207
2/2,ни одного,2020-05-12 05:00,2020-05-12 11:00,7,0.2397,0.121
2/2,ни одного,2020-05-18 12:00,2020-05-18 16:00,5,0.4764,1.016
2/2,ни одного,2020-05-22 06:00,2020-05-22 09:00,4,0.0473,0.029
2/2,ни одного,2020-06-05 12:00,2020-06-05 15:00,4,0.2687,0.563
2/2,ни одного,2020-06-08 04:00,2020-06-08 09:00,6,0.6148,0.381
2/2,ни одного,2020-07-01 13:00,2020-07-01 16:00,4,0.1441,0.166
2/2,ни одного,2020-07-02 08:00,2020-07-02 11:00,4,0.0286,0.009
2/2,ни одного,2020-07-07 09:00,2020-07-07 20:00,12,0.7699,1.024
2/2,ни одного,2020-07-10 10:00,2020-07-10 13:00,4,0.6388,0.251
2/2,ни одного,2020-07-14 14:00,2020-07-15 06:00,16,0.0647,0.040
2/2,ни одного,2020-07-17 10:00,2020-07-17 17:00,8,0.6995,0.341
2/2,ни одного,2020-07-31 03:00,2020-07-31 08:00,6,0.4419,0.378
2/2,ни одного,2020-08-07 13:00,2020-08-07 18:00,6,0.3028,0.691
2/2,ни одного,2020-08-10 13:00,2020-08-10 19:00,7,0.7418,1.100
2/2,ни одного,2020-08-13 14:00,2020-08-13 18:00,5,0.0871,0.128
2/2,ни одного,2020-08-24 07:00,2020-08-24 13:00,7,0.2305,0.330
2/2,ни одного,2020-09-01 02:00,2020-09-01 08:00,7,0.0944,0.076
2/2,ни одного,2020-09-24 15:00,2020-09-24 18:00,4,0.4581,0.457
2/2,ни одного,2020-10-06 11:00,2020-10-06 14:00,4,0.6226,0.328
2/2,ни одного,2020-10-19 05:00,2020-10-19 13:00,9,0.0476,0.040
2/2,ни одного,2020-10-29 04:00,2020-10-29 07:00,4,0.1286,0.031
2/2,ни одного,2020-11-05 08:00,2020-11-05 17:00,10,0.6751,1.540
2/2,ни одного,2020-11-09 11:00,2020-11-09 17:00,7,0.7035,3.931
2/2,ни одного,2020-12-15 02:00,2020-12-16 14:00,36,0.6048,1.203
2/2,ни одного,2021-01-12 05:00,2021-01-12 11:00,7,0.1392,0.107
2/2,ни одного,2021-01-15 13:00,2021-01-15 17:00,5,0.2603,0.386
2/2,ни одного,2021-01-28 10:00,2021-01-28 16:00,7,0.1511,0.218
2/2,ни одного,2021-02-16 12:00,2021-02-16 15:00,4,0.2149,0.349
2/2,ни одного,2021-03-09 08:00,2021-03-09 15:00,8,0.4053,0.611
2/2,ни одного,2021-04-26 03:00,2021-04-26 06:00,4,0.5705,0.274
2/2,ни одного,2021-05-27 14:00,2021-05-27 20:00,7,0.6667,0.372
2/2,ни одного,2021-06-10 17:00,2021-06-10 22:00,5,0.5501,0.209
2/2,ни одного,2021-07-08 08:00,2021-07-08 13:00,6,0.3712,0.270
2/2,ни одного,2021-07-12 13:00,2021-07-12 20:00,8,0.8618,0.765
2/2,ни одного,2021-07-23 02:00,2021-07-23 07:00,6,0.6000,0.300
2/2,ни одного,2021-07-26 05:00,2021-07-26 08:00,4,0.0504,0.019
2/2,ни одного,2021-08-31 03:00,2021-08-31 07:00,5,0.0674,0.024
2/2,ни одного,2021-09-06 10:00,2021-09-06 15:00,6,0.5787,0.108
2/2,ни одного,2021-09-09 07:00,2021-09-09 12:00,6,0.0422,0.031
2/2,ни одного,2021-09-20 12:00,2021-09-20 15:00,4,0.1524,0.110
2/2,ни одного,2021-09-29 14:00,2021-09-29 18:00,5,0.1757,0.165
2/2,ни одного,2021-10-04 07:00,2021-10-04 12:00,6,0.1578,0.096
2/2,ни одного,2021-10-05 03:00,2021-10-05 07:00,5,0.1133,0.044
2/2,ни одного,2021-10-07 03:00,2021-10-07 07:00,5,0.5390,0.332
2/2,ни одного,2021-10-15 06:00,2021-10-15 13:00,8,0.7030,1.121
2/2,ни одного,2021-10-19 02:00,2021-10-19 09:00,8,0.4725,0.304
2/2,ни одного,2021-11-04 11:00,2021-11-04 15:00,5,0.5525,0.642
2/2,ни одного,2021-11-12 09:00,2021-11-12 12:00,4,0.0257,0.012
2/2,ни одного,2021-11-16 16:00,2021-11-16 19:00,4,0.3049,0.193
2/2,ни одного,2021-11-17 08:00,2021-11-17 16:00,9,0.5023,0.330
2/2,ни одного,2021-11-29 13:00,2021-11-29 20:00,8,0.2627,0.190
2/2,ни одного,2021-12-22 12:00,2021-12-22 15:00,4,0.3178,0.124
2/2,ни одного,2021-12-30 16:00,2021-12-30 23:00,7,0.2156,0.122
2/2,ни одного,2022-01-03 13:00,2022-01-03 17:00,5,0.3153,0.413
2/2,ни одного,2022-01-19 10:00,2022-01-19 21:00,12,0.8078,1.204
2/2,ни одного,2022-01-31 10:00,2022-01-31 15:00,6,0.3962,0.249
2/2,ни одного,2022-02-08 13:00,2022-02-08 16:00,4,0.2141,0.128
2/2,ни одного,2022-02-15 08:00,2022-02-15 13:00,6,0.3423,0.601
2/2,ни одного,2022-02-21 18:00,2022-02-22 00:00,4,0.1823,0.169
2/2,ни одного,2022-02-23 14:00,2022-02-23 18:00,5,0.2291,0.130
2/2,ни одного,2022-03-10 10:00,2022-03-10 13:00,4,0.1262,0.161
2/2,ни одного,2022-03-23 09:00,2022-03-23 15:00,7,0.0034,0.002
2/2,ни одного,2022-03-30 03:00,2022-03-30 07:00,5,0.3444,0.139
2/2,ни одного,2022-03-31 01:00,2022-03-31 06:00,6,0.0340,0.023
2/2,ни одного,2022-03-31 13:00,2022-03-31 18:00,6,0.2193,0.198
2/2,ни одного,2022-04-22 10:00,2022-04-22 13:00,4,0.3963,0.346
2/2,ни одного,2022-05-06 09:00,2022-05-06 13:00,5,0.1420,0.118
2/2,ни одного,2022-05-09 08:00,2022-05-09 11:00,4,0.3138,0.269
2/2,ни одного,2022-05-11 07:00,2022-05-11 10:00,4,0.3429,0.207
2/2,ни одного,2022-05-16 16:00,2022-05-16 20:00,5,0.5946,0.492
2/2,ни одного,2022-05-17 15:00,2022-05-17 22:00,7,0.4156,0.237
2/2,ни одного,2022-05-25 03:00,2022-05-25 16:00,14,0.7992,0.939
2/2,ни одного,2022-06-10 14:00,2022-06-10 17:00,4,0.2949,0.747
2/2,ни одного,2022-06-15 08:00,2022-06-15 13:00,6,0.0939,0.099
2/2,ни одного,2022-06-23 01:00,2022-06-23 06:00,6,0.3140,0.129
2/2,ни одного,2022-06-30 09:00,2022-06-30 12:00,4,0.4325,0.528
2/2,ни одного,2022-07-14 06:00,2022-07-14 14:00,9,0.4394,0.798
2/2,ни одного,2022-08-02 19:00,2022-08-03 00:00,5,0.3117,0.220
2/2,ни одного,2022-08-10 04:00,2022-08-10 07:00,4,0.0024,0.001
2/2,ни одного,2022-08-15 09:00,2022-08-15 12:00,4,0.0325,0.025
2/2,ни одного,2022-08-29 11:00,2022-08-29 15:00,5,0.6407,0.741
2/2,ни одного,2022-09-02 05:00,2022-09-02 15:00,11,0.7619,0.852
2/2,ни одного,2022-09-06 14:00,2022-09-06 20:00,7,0.1961,0.111
2/2,ни одного,2022-09-09 04:00,2022-09-09 08:00,5,0.6286,0.413
2/2,ни одного,2022-09-13 03:00,2022-09-13 06:00,4,0.3238,0.095
2/2,ни одного,2022-09-19 05:00,2022-09-19 08:00,4,0.5097,0.306
2/2,ни одного,2022-09-23 08:00,2022-09-23 11:00,4,0.5110,0.834
2/2,ни одного,2022-09-28 13:00,2022-09-28 18:00,6,0.4351,0.764
2/2,ни одного,2022-10-17 07:00,2022-10-17 14:00,8,0.3157,0.356
2/2,ни одного,2022-10-21 13:00,2022-10-24 00:00,11,0.3435,0.867
2/2,ни одного,2022-10-28 08:00,2022-10-28 16:00,9,0.4979,0.476
2/2,ни одного,2022-11-04 01:00,2022-11-04 07:00,7,0.5364,0.675
2/2,ни одного,2022-11-08 04:00,2022-11-08 10:00,7,0.0485,0.025
2/2,ни одного,2022-11-22 01:00,2022-11-22 05:00,5,0.3837,0.114
2/2,ни одного,2022-11-30 08:00,2022-11-30 16:00,9,0.4708,0.419
2/2,ни одного,2022-11-30 23:00,2022-12-01 02:00,4,0.0114,0.008
2/2,ни одного,2022-12-02 13:00,2022-12-05 05:00,16,0.6917,1.219
2/2,ни одного,2022-12-12 02:00,2022-12-12 06:00,5,0.0867,0.026
2/2,ни одного,2022-12-28 08:00,2022-12-28 11:00,4,0.0033,0.002
2/2,ни одного,2023-01-18 11:00,2023-01-18 15:00,5,0.2287,0.173
2/2,ни одного,2023-01-26 09:00,2023-01-26 17:00,9,0.4134,0.526
2/2,ни одного,2023-02-02 13:00,2023-02-02 21:00,9,0.7281,1.629
2/2,ни одного,2023-02-09 17:00,2023-02-09 21:00,5,0.4202,0.363
2/2,ни одного,2023-02-21 03:00,2023-02-21 09:00,7,0.2705,0.161
2/2,ни одного,2023-02-28 05:00,2023-02-28 09:00,5,0.2493,0.170
2/2,ни одного,2023-03-14 03:00,2023-03-14 06:00,4,0.5589,0.353
2/2,ни одного,2023-03-15 11:00,2023-03-15 14:00,4,0.2528,0.331
2/2,ни одного,2023-03-23 16:00,2023-03-23 19:00,4,0.1763,0.182
2/2,ни одного,2023-04-11 04:00,2023-04-11 09:00,6,0.4660,0.235
2/2,ни одного,2023-04-17 05:00,2023-04-17 08:00,4,0.1269,0.071
2/2,ни одного,2023-04-18 03:00,2023-04-18 09:00,7,0.1088,0.047
2/2,ни одного,2023-05-05 11:00,2023-05-05 15:00,5,0.5103,0.996
2/2,ни одного,2023-05-08 03:00,2023-05-08 06:00,4,0.2178,0.057
2/2,ни одного,2023-05-10 03:00,2023-05-10 09:00,7,0.3997,0.132
2/2,ни одного,2023-05-10 12:00,2023-05-10 16:00,5,0.6649,0.867
2/2,ни одного,2023-05-19 04:00,2023-05-19 07:00,4,0.5340,0.220
2/2,ни одного,2023-05-23 13:00,2023-05-23 19:00,7,0.2748,0.264
2/2,ни одного,2023-05-26 03:00,2023-05-26 07:00,5,0.6259,0.397
2/2,ни одного,2023-05-30 09:00,2023-05-30 13:00,5,0.0073,0.007
2/2,ни одного,2023-06-02 12:00,2023-06-05 03:00,15,0.6582,1.210
2/2,ни одного,2023-06-08 12:00,2023-06-08 15:00,4,0.3067,0.379
2/2,ни одного,2023-06-13 15:00,2023-06-13 20:00,6,0.0313,0.021
2/2,ни одного,2023-06-30 14:00,2023-06-30 18:00,5,0.3275,0.185
2/2,ни одного,2023-07-06 12:00,2023-07-07 01:00,13,0.1760,0.230
2/2,ни одного,2023-07-10 04:00,2023-07-10 07:00,4,0.5739,0.189
2/2,ни одного,2023-07-20 12:00,2023-07-20 17:00,6,0.2099,0.173
2/2,ни одного,2023-07-24 09:00,2023-07-24 12:00,4,0.2311,0.099
2/2,ни одного,2023-07-28 02:00,2023-07-28 05:00,4,0.0741,0.032
2/2,ни одного,2023-07-31 03:00,2023-07-31 06:00,4,0.0609,0.014
2/2,ни одного,2023-08-01 07:00,2023-08-01 18:00,12,0.6778,0.571
2/2,ни одного,2023-08-09 02:00,2023-08-09 07:00,6,0.1881,0.048
2/2,ни одного,2023-08-10 09:00,2023-08-10 13:00,5,0.1680,0.099
2/2,ни одного,2023-08-29 15:00,2023-08-29 18:00,4,0.0643,0.018
2/2,ни одного,2023-09-08 11:00,2023-09-08 15:00,5,0.3222,0.176
2/2,ни одного,2023-09-20 15:00,2023-09-20 18:00,4,0.1788,0.075
2/2,ни одного,2023-09-29 16:00,2023-09-29 19:00,4,0.5297,0.291
2/2,ни одного,2023-10-13 11:00,2023-10-15 22:00,11,0.6170,1.480
2/2,ни одного,2023-10-17 02:00,2023-10-17 14:00,13,0.4858,0.486
2/2,ни одного,2023-10-27 17:00,2023-10-27 20:00,4,0.3492,0.463
2/2,ни одного,2023-11-02 10:00,2023-11-02 14:00,5,0.4350,0.227
2/2,ни одного,2023-11-10 09:00,2023-11-10 19:00,11,0.8289,0.949
2/2,ни одного,2023-11-21 00:00,2023-11-21 04:00,5,0.4213,0.286
2/2,ни одного,2023-11-22 15:00,2023-11-22 19:00,5,0.2836,0.212
2/2,ни одного,2023-11-24 10:00,2023-11-28 14:00,48,0.8911,1.521
2/2,ни одного,2023-12-06 03:00,2023-12-06 08:00,6,0.1396,0.107
2/2,ни одного,2023-12-20 11:00,2023-12-20 14:00,4,0.4381,0.221
2/2,ни одного,2023-12-21 13:00,2023-12-22 00:00,11,0.3013,0.335
2/2,ни одного,2023-12-28 19:00,2023-12-28 23:00,4,0.1530,0.063
2/2,ни одного,2024-01-02 12:00,2024-01-02 16:00,5,0.1195,0.088
2/2,ни одного,2024-01-12 07:00,2024-01-12 15:00,9,0.5776,0.795
2/2,ни одного,2024-01-22 05:00,2024-01-22 08:00,4,0.1356,0.048
2/2,ни одного,2024-02-13 06:00,2024-02-13 14:00,9,0.7162,1.381
2/2,ни одного,2024-02-16 17:00,2024-02-16 20:00,4,0.2158,0.069
2/2,ни одного,2024-02-23 16:00,2024-02-23 19:00,4,0.0936,0.051
2/2,ни одного,2024-02-27 16:00,2024-02-27 21:00,6,0.3748,0.134
2/2,ни одного,2024-02-29 10:00,2024-02-29 13:00,4,0.8160,0.829
2/2,ни одного,2024-03-21 13:00,2024-03-21 16:00,4,0.2865,0.546
2/2,ни одного,2024-04-03 18:00,2024-04-03 23:00,5,0.1296,0.050
2/2,ни одного,2024-05-14 01:00,2024-05-14 06:00,6,0.3932,0.161
2/2,ни одного,2024-05-16 12:00,2024-05-16 15:00,4,0.1527,0.099
2/2,ни одного,2024-05-24 05:00,2024-05-24 11:00,7,0.0314,0.014
2/2,ни одного,2024-05-28 06:00,2024-05-28 09:00,4,0.1972,0.086
2/2,ни одного,2024-05-31 16:00,2024-05-31 20:00,5,0.3562,0.247
2/2,ни одного,2024-06-03 14:00,2024-06-03 18:00,5,0.3047,0.275
2/2,ни одного,2024-06-07 08:00,2024-06-09 22:00,14,0.5728,2.127
2/2,ни одного,2024-06-27 07:00,2024-06-27 15:00,9,0.8131,1.094
2/2,ни одного,2024-06-28 10:00,2024-06-28 14:00,5,0.5550,0.399
2/2,ни одного,2024-07-17 16:00,2024-07-17 19:00,4,0.1771,0.098
2/2,ни одного,2024-07-18 03:00,2024-07-18 08:00,6,0.1985,0.083
2/2,ни одного,2024-07-24 19:00,2024-07-24 23:00,4,0.0198,0.013
2/2,ни одного,2024-07-30 05:00,2024-07-30 08:00,4,0.1113,0.028
2/2,ни одного,2024-08-08 11:00,2024-08-08 15:00,5,0.2897,0.264
2/2,ни одного,2024-08-16 09:00,2024-08-16 14:00,6,0.6092,0.966
2/2,ни одного,2024-08-19 11:00,2024-08-19 14:00,4,0.3524,0.271
2/2,ни одного,2024-08-20 09:00,2024-08-20 14:00,6,0.1783,0.084
2/2,ни одного,2024-08-23 09:00,2024-08-23 16:00,8,0.4767,0.456
2/2,ни одного,2024-09-06 13:00,2024-09-06 17:00,5,0.3646,0.550
2/2,ни одного,2024-09-11 12:00,2024-09-11 15:00,4,0.2864,0.266
2/2,ни одного,2024-10-01 09:00,2024-10-01 14:00,6,0.3950,0.394
2/2,ни одного,2024-10-22 16:00,2024-10-22 22:00,6,0.1719,0.073
2/2,ни одного,2024-10-25 14:00,2024-10-25 18:00,5,0.2076,0.132
2/2,ни одного,2024-10-31 12:00,2024-10-31 16:00,5,0.6545,1.189
2/2,ни одного,2024-11-01 04:00,2024-11-01 07:00,4,0.2534,0.097
2/2,ни одного,2024-11-07 13:00,2024-11-07 18:00,6,0.3921,0.408
2/2,ни одного,2024-11-25 02:00,2024-11-25 06:00,5,0.6121,1.051
2/2,ни одного,2024-11-27 17:00,2024-11-27 20:00,4,0.0309,0.011
2/2,ни одного,2024-12-11 15:00,2024-12-11 19:00,5,0.3095,0.181
2/2,ни одного,2024-12-12 13:00,2024-12-12 16:00,4,0.3864,0.522
2/2,ни одного,2024-12-13 09:00,2024-12-13 14:00,6,0.4496,0.331
2/2,ни одного,2024-12-24 14:00,2024-12-26 05:00,12,0.8038,0.590
2/2,ни одного,2024-12-27 08:00,2024-12-27 11:00,4,0.2471,0.095
2/2,ни одного,2025-01-21 01:00,2025-01-21 08:00,8,0.1798,0.197
2/2,ни одного,2025-01-28 13:00,2025-01-28 21:00,9,0.7296,0.528
2/2,ни одного,2025-01-29 05:00,2025-01-29 08:00,4,0.3905,0.123
2/2,ни одного,2025-01-30 08:00,2025-01-30 17:00,10,0.6437,0.700
2/2,ни одного,2025-02-03 01:00,2025-02-03 04:00,4,0.0662,0.048
2/2,ни одного,2025-02-14 15:00,2025-02-14 21:00,7,0.4334,0.671
2/2,ни одного,2025-03-11 08:00,2025-03-12 08:00,24,0.5643,0.421
2/2,ни одного,2025-04-03 10:00,2025-04-03 14:00,5,0.4099,1.079
2/2,ни одного,2025-04-20 22:00,2025-04-21 15:00,18,0.7790,2.304
2/2,ни одного,2025-04-28 14:00,2025-04-28 20:00,7,0.2528,0.456
2/2,ни одного,2025-05-11 22:00,2025-05-12 02:00,5,0.0074,0.015
2/2,ни одного,2025-05-13 04:00,2025-05-13 07:00,4,0.2100,0.199
2/2,ни одного,2025-05-15 15:00,2025-05-15 23:00,8,0.3672,0.542
2/2,ни одного,2025-05-23 04:00,2025-05-23 08:00,5,0.3939,0.385
2/2,ни одного,2025-05-29 08:00,2025-05-29 14:00,7,0.6231,0.871
2/2,ни одного,2025-07-04 04:00,2025-07-04 07:00,4,0.2338,0.061
2/2,ни одного,2025-07-07 01:00,2025-07-07 05:00,5,0.1422,0.097
2/2,ни одного,2025-07-07 16:00,2025-07-07 23:00,7,0.2809,0.217
2/2,ни одного,2025-07-08 10:00,2025-07-08 16:00,7,0.5643,0.727
2/2,ни одного,2025-07-09 14:00,2025-07-10 02:00,12,0.2545,0.206
2/2,ни одного,2025-07-15 03:00,2025-07-15 06:00,4,0.0198,0.008
2/2,ни одного,2025-07-15 13:00,2025-07-15 17:00,5,0.5796,0.559
2/2,ни одного,2025-07-16 03:00,2025-07-16 10:00,8,0.0320,0.016
2/2,ни одного,2025-07-17 01:00,2025-07-17 13:00,13,0.7113,0.746
2/2,ни одного,2025-07-18 09:00,2025-07-18 13:00,5,0.2462,0.101
2/2,ни одного,2025-07-22 13:00,2025-07-22 18:00,6,0.6048,0.504
2/2,ни одного,2025-08-01 12:00,2025-08-01 15:00,4,0.1279,0.221
2/2,ни одного,2025-08-05 14:00,2025-08-05 17:00,4,0.2546,0.150
2/2,ни одного,2025-08-18 18:00,2025-08-19 04:00,10,0.3712,0.172
2/2,ни одного,2025-08-20 11:00,2025-08-20 15:00,5,0.3438,0.252
2/2,ни одного,2025-08-25 23:00,2025-08-26 11:00,13,0.6408,0.675
2/2,ни одного,2025-09-08 07:00,2025-09-08 16:00,10,0.6247,0.866
2/2,ни одного,2025-09-10 09:00,2025-09-10 20:00,12,0.6633,0.404
2/2,ни одного,2025-09-12 01:00,2025-09-12 06:00,6,0.2041,0.113
2/2,ни одного,2025-09-14 23:00,2025-09-15 02:00,4,0.1512,0.080
2/2,ни одного,2025-09-15 13:00,2025-09-15 17:00,5,0.6376,0.675
2/2,ни одного,2025-10-03 12:00,2025-10-03 16:00,5,0.3142,0.253
2/2,ни одного,2025-10-07 22:00,2025-10-08 10:00,13,0.7285,1.194
2/2,ни одного,2025-10-17 14:00,2025-10-17 18:00,5,0.1487,0.311
2/2,ни одного,2025-10-24 06:00,2025-10-24 09:00,4,0.5489,0.768
2/2,ни одного,2025-11-12 15:00,2025-11-12 19:00,5,0.2068,0.381
2/2,ни одного,2025-11-21 14:00,2025-11-21 18:00,5,0.2494,0.281
2/2,ни одного,2025-11-28 00:00,2025-11-28 09:00,10,0.3370,0.319
2/2,ни одного,2025-11-28 16:00,2025-11-28 19:00,4,0.3243,0.224
2/2,ни одного,2025-12-30 20:00,2025-12-31 00:00,4,0.0249,0.016
2/2,ни одного,2026-01-08 15:00,2026-01-08 18:00,4,0.1240,0.105
2/2,ни одного,2026-01-21 19:00,2026-01-23 02:00,30,0.8192,3.640
2/2,ни одного,2026-01-26 19:00,2026-01-26 23:00,4,0.1864,0.295
2/2,ни одного,2026-02-13 17:00,2026-02-15 23:00,6,0.0206,0.017
2/2,ни одного,2026-03-02 14:00,2026-03-02 17:00,4,0.2025,0.513
2/2,ни одного,2026-03-12 17:00,2026-03-12 22:00,5,0.1265,0.185
2/2,ни одного,2026-03-20 13:00,2026-03-20 16:00,4,0.2416,0.726
2/2,ни одного,2026-03-24 20:00,2026-03-25 03:00,7,0.4670,2.140
2/2,ни одного,2026-03-27 03:00,2026-03-27 06:00,4,0.4072,0.495
2/2,ни одного,2026-03-30 00:00,2026-03-30 12:00,13,0.8399,3.094
2/2,ни одного,2026-04-09 11:00,2026-04-09 18:00,8,0.2310,0.322
2/2,ни одного,2026-05-01 05:00,2026-05-01 10:00,6,0.6823,0.828
2/2,ни одного,2026-05-05 08:00,2026-05-05 15:00,8,0.2210,0.226
2/2,ни одного,2026-05-10 22:00,2026-05-11 01:00,4,0.1652,0.123
2/2,ни одного,2026-05-28 16:00,2026-05-28 19:00,4,0.3343,0.289
2/2,ни одного,2026-06-01 06:00,2026-06-01 10:00,5,0.0845,0.056
2/2,ни одного,2026-06-02 04:00,2026-06-02 08:00,5,0.2149,0.208
2/2,ни одного,2026-06-02 16:00,2026-06-03 00:00,8,0.1424,0.129
2/2,ни одного,2026-06-11 17:00,2026-06-11 23:00,6,0.3894,1.638
