тренд №,блок,тип блока,дата начала (0),дата конца (5),последовательность,№ посл.,подпись нуля,цена (0),цена (1),цена (2),цена (3),цена (4),цена (5),ход блока %,ход тренда от рождения %,баров,что после (5)
1,1,рождение,2017-07-28 04:00,2017-07-30 22:00,LH·HL·HH·HL·HH,П1,LL,1257.46,1260.61,1258.22,1270.96,1268.31,1271.23,1.1,1.1,17,LL
2,1,рождение,2017-07-31 07:00,2017-07-31 20:00,LH·HL·HH·HL·HH,П1,LL,1265.88,1269.42,1266.5,1269.9,1267.06,1270.4,0.36,0.36,13,HL
3,1,рождение,2017-08-04 14:00,2017-08-07 07:00,LH·HL·LH·HL·LH,П29,LL,1254.27,1259.64,1256.6,1259.13,1257.23,1258.68,0.43,0.43,16,LL
4,1,рождение,2017-08-07 12:00,2017-08-08 10:00,HH·HL·HH·HL·HH,П6,LL,1255.83,1260.04,1257.08,1261.05,1259.22,1265.35,0.76,0.76,21,LL
5,1,рождение,2017-08-08 15:00,2017-08-09 18:00,LH·HL·HH·HL·HH,П1,LL,1251.61,1263.05,1253.82,1269.24,1266.63,1278.79,2.17,2.17,26,HL
5,2,продолжение,2017-08-10 00:00,2017-08-11 01:00,HH·HL·HH·HL·HH,П6,HL,1274.74,1280.67,1277.84,1287.92,1283.71,1289.11,1.13,3.0,24,HL
6,1,рождение,2017-08-20 23:00,2017-08-21 18:00,LH·HL·HH·HL·LH,П5,LL,1280.61,1289.28,1286.72,1294.08,1288.83,1293.33,1.05,1.05,19,LL
7,1,рождение,2017-08-22 14:00,2017-08-23 23:00,LH·HL·HH·HL·LH,П5,LL,1282.05,1287.35,1284.97,1291.6,1286.8,1291.3,0.74,0.74,31,HL
8,1,рождение,2017-08-24 08:00,2017-08-25 13:00,HH·HL·LH·HL·HH,П16,LL,1284.49,1290.25,1284.88,1287.2,1285.96,1295.15,0.83,0.83,28,LL
9,1,рождение,2017-08-25 13:00,2017-08-29 08:00,LH·HL·HH·HL·HH,П1,LL,1276.2,1295.0,1293.96,1324.97,1314.06,1326.13,3.91,3.91,41,HL
10,1,рождение,2017-08-31 01:00,2017-09-01 12:00,LH·HL·HH·HL·HH,П1,LL,1297.88,1308.29,1305.06,1323.69,1317.81,1329.05,2.4,2.4,34,LL
11,1,рождение,2017-09-01 14:00,2017-09-04 13:00,HH·HL·HH·HL·LH,П12,LL,1316.45,1339.13,1331.95,1340.04,1332.27,1336.01,1.79,1.79,22,HL
12,1,рождение,2017-09-06 18:00,2017-09-08 05:00,LH·HL·HH·HL·HH,П1,LL,1331.64,1336.06,1334.12,1349.48,1342.4,1357.62,1.95,1.95,33,HL
13,1,рождение,2017-09-12 10:00,2017-09-13 02:00,HH·HL·HH·HL·LH,П12,LL,1322.68,1329.4,1325.3,1334.86,1329.57,1333.33,0.92,0.92,15,LL
14,1,рождение,2017-09-18 18:00,2017-09-19 07:00,LH·HL·HH·HL·LH,П5,LL,1304.71,1309.55,1306.32,1309.97,1306.4,1309.85,0.4,0.4,12,HL
15,1,рождение,2017-09-19 16:00,2017-09-20 09:00,HH·HL·HH·HL·HH,П6,LL,1305.19,1311.8,1309.73,1313.04,1311.66,1316.15,0.84,0.84,16,LL
16,1,рождение,2017-09-21 12:00,2017-09-22 14:00,LH·HL·HH·HL·LH,П5,LL,1288.15,1295.18,1290.25,1298.87,1293.45,1298.53,0.83,0.83,25,HL
17,1,рождение,2017-09-28 06:00,2017-09-29 12:00,HH·HL·HH·HL·HH,П6,LL,1277.81,1286.34,1282.11,1288.75,1283.63,1290.5,0.99,0.99,29,LL
18,1,рождение,2017-10-03 01:00,2017-10-04 06:00,LH·HL·HH·HL·HH,П1,LL,1268.42,1272.55,1269.31,1274.78,1270.65,1278.7,0.81,0.81,28,HL
19,1,рождение,2017-10-04 14:00,2017-10-05 09:00,LH·HL·LH·HL·HH,П20,LL,1270.59,1276.35,1273.11,1275.31,1273.38,1279.03,0.66,0.66,18,LL
20,1,рождение,2017-10-09 14:00,2017-10-10 15:00,HH·HL·HH·HL·HH,П6,LL,1279.46,1285.26,1282.21,1288.35,1285.72,1294.31,1.16,1.16,24,HL
21,1,рождение,2017-10-19 02:00,2017-10-19 23:00,HH·HL·HH·HL·HH,П6,LL,1276.73,1289.94,1284.12,1290.18,1285.68,1291.22,1.13,1.13,20,LL
22,1,рождение,2017-10-27 12:00,2017-10-30 16:00,HH·HL·LH·HL·HH,П16,LL,1263.58,1274.71,1269.0,1272.6,1269.8,1278.89,1.21,1.21,27,HL
23,1,рождение,2017-10-31 14:00,2017-11-01 14:00,LH·HL·HH·HL·LH,П5,LL,1267.84,1272.06,1267.99,1280.92,1272.38,1279.96,1.03,1.03,23,HL
24,1,рождение,2017-11-02 11:00,2017-11-03 01:00,HH·HL·LH·HL·HH,П16,LL,1273.32,1284.27,1274.96,1278.13,1275.57,1278.78,0.86,0.86,13,HL
25,1,рождение,2017-11-03 15:00,2017-11-06 17:00,LH·HL·LH·HL·HH,П20,LL,1265.53,1271.19,1266.17,1270.71,1267.67,1283.08,1.39,1.39,24,HL
26,1,рождение,2017-11-07 15:00,2017-11-08 16:00,LH·HL·HH·HL·HH,П1,LL,1271.97,1279.27,1276.01,1282.6,1278.64,1287.26,1.2,1.2,24,HL
27,1,рождение,2017-11-10 18:00,2017-11-13 06:00,LH·HL·HH·HL·HH,П1,LL,1273.51,1276.33,1274.41,1276.65,1275.46,1277.78,0.34,0.34,11,HL
28,1,рождение,2017-11-16 07:00,2017-11-17 10:00,HH·HL·HH·HL·HH,П6,LL,1275.17,1281.88,1276.41,1284.08,1281.15,1284.36,0.72,0.72,26,HL
29,1,рождение,2017-11-24 11:00,2017-11-28 00:00,LH·HL·HH·HL·LH,П5,LL,1285.81,1291.43,1286.79,1299.33,1292.29,1296.85,1.05,1.05,32,HL
30,1,рождение,2017-11-28 14:00,2017-11-29 07:00,HH·HL·LH·HL·HH,П16,LL,1290.71,1297.57,1291.7,1296.07,1294.98,1296.76,0.53,0.53,16,LL
31,1,рождение,2017-11-30 18:00,2017-12-01 09:00,LH·HL·HH·HL·HH,П1,LL,1270.37,1276.08,1273.98,1276.83,1274.25,1278.18,0.61,0.61,14,LL
32,1,рождение,2017-12-04 08:00,2017-12-05 05:00,LH·HL·HH·HL·LH,П5,LL,1271.2,1275.72,1272.33,1277.26,1274.39,1276.44,0.48,0.48,20,HL
33,1,рождение,2017-12-05 16:00,2017-12-06 10:00,LH·HL·HH·HL·HH,П1,LL,1260.98,1267.5,1264.2,1269.2,1267.24,1269.35,0.66,0.66,17,LL
34,1,рождение,2017-12-07 20:00,2017-12-10 23:00,LH·HL·HH·HL·LH,П5,LL,1243.96,1249.76,1244.01,1252.42,1246.52,1249.3,0.68,0.68,25,HL
35,1,рождение,2017-12-13 12:00,2017-12-14 12:00,HH·HL·LH·HL·LH,П25,LL,1240.3,1259.17,1253.42,1258.86,1253.76,1258.58,1.52,1.52,23,LL
36,1,рождение,2017-12-14 15:00,2017-12-15 13:00,LH·HL·LH·HL·HH,П20,LL,1250.54,1256.72,1252.48,1255.94,1254.08,1261.96,0.91,0.91,21,LL
37,1,рождение,2017-12-22 01:00,2017-12-26 06:00,HH·HL·HH·HL·HH,П6,LL,1265.08,1269.32,1267.78,1276.2,1273.41,1279.28,1.12,1.12,28,HL
37,2,продолжение,2017-12-26 09:00,2017-12-27 19:00,HH·HL·HH·HL·HH,П6,HL,1277.08,1283.84,1281.35,1286.44,1283.18,1289.03,0.94,1.89,33,HL
37,3,продолжение,2017-12-27 21:00,2017-12-29 02:00,HH·HL·HH·HL·HH,П6,HL,1286.96,1293.34,1288.63,1295.27,1293.94,1296.38,0.73,2.47,27,HL
37,4,продолжение,2017-12-29 07:00,2018-01-02 23:00,HH·HL·HH·HL·HH,П6,HL,1294.75,1307.68,1302.29,1314.58,1310.94,1321.59,2.07,4.47,38,HL
38,1,рождение,2018-01-04 01:00,2018-01-05 13:00,LH·HL·HH·HL·LH,П5,LL,1305.94,1314.41,1309.22,1326.06,1320.72,1323.03,1.54,1.54,35,LL
39,1,рождение,2018-01-10 01:00,2018-01-10 20:00,LH·HL·HH·HL·LH,П5,LL,1308.32,1312.54,1309.12,1327.87,1314.68,1320.44,1.49,1.49,19,HL
40,1,рождение,2018-01-11 07:00,2018-01-12 10:00,HH·HL·HH·HL·HH,П6,LL,1315.82,1324.1,1320.98,1330.47,1326.62,1333.24,1.32,1.32,26,LL
41,1,рождение,2018-01-12 13:00,2018-01-15 09:00,HH·HL·HH·HL·LH,П12,LL,1323.42,1339.43,1336.0,1344.87,1340.23,1343.9,1.62,1.62,19,LL
42,1,рождение,2018-01-16 10:00,2018-01-17 10:00,LH·HL·HH·HL·LH,П5,LL,1331.91,1337.22,1332.1,1344.08,1333.05,1339.03,0.91,0.91,23,LL
43,1,рождение,2018-01-18 01:00,2018-01-18 16:00,LH·HL·HH·HL·HH,П1,LL,1324.3,1330.03,1325.26,1331.57,1326.92,1333.2,0.67,0.67,15,LL
44,1,рождение,2018-01-22 17:00,2018-01-23 11:00,LH·HL·HH·HL·HH,П1,LL,1330.79,1334.95,1332.61,1338.34,1335.67,1338.85,0.61,0.61,17,LL
45,1,рождение,2018-01-23 14:00,2018-01-24 19:00,HH·HL·HH·HL·HH,П6,LL,1331.47,1342.41,1339.58,1355.76,1351.32,1362.24,2.31,2.31,28,HL
46,1,рождение,2018-01-30 05:00,2018-01-31 06:00,HH·HL·LH·HL·HH,П16,LL,1334.5,1349.07,1335.81,1340.45,1336.55,1345.03,1.09,1.09,24,HL
47,1,рождение,2018-02-02 15:00,2018-02-05 11:00,LH·HL·LH·HL·HH,П20,LL,1327.47,1336.75,1328.47,1333.98,1329.06,1338.66,0.84,0.84,19,HL
47,2,продолжение,2018-02-05 15:00,2018-02-06 02:00,LH·HL·HH·HL·HH,П1,HL,1332.4,1337.32,1333.42,1341.78,1336.03,1346.19,1.03,1.41,10,HL
48,1,рождение,2018-02-09 15:00,2018-02-12 17:00,HH·HL·HH·HL·LH,П12,LL,1311.21,1319.16,1312.06,1326.7,1316.84,1326.23,1.18,1.18,25,HL
49,1,рождение,2018-02-14 13:00,2018-02-15 08:00,HH·HL·LH·HL·HH,П16,LL,1318.0,1355.52,1349.86,1355.36,1352.32,1357.19,2.97,2.97,18,LL
50,1,рождение,2018-02-15 12:00,2018-02-16 09:00,LH·HL·HH·HL·HH,П1,LL,1348.61,1354.46,1348.73,1355.21,1352.45,1361.8,0.98,0.98,20,LL
51,1,рождение,2018-02-16 19:00,2018-02-19 12:00,LH·HL·LH·HL·LH,П29,LL,1344.9,1351.46,1346.38,1349.33,1346.47,1348.94,0.49,0.49,16,LL
52,1,рождение,2018-02-22 07:00,2018-02-23 17:00,HH·HL·LH·HL·LH,П25,LL,1321.03,1332.34,1325.88,1331.72,1326.8,1330.64,0.86,0.86,33,LL
53,1,рождение,2018-02-25 23:00,2018-02-27 08:00,HH·HL·LH·HL·LH,П25,LL,1326.73,1341.07,1330.28,1336.84,1331.44,1334.79,1.08,1.08,32,LL
54,1,рождение,2018-02-27 17:00,2018-02-28 14:00,LH·HL·HH·HL·HH,П1,LL,1313.45,1318.93,1315.73,1319.16,1316.96,1322.64,0.7,0.7,20,LL
55,1,рождение,2018-03-01 15:00,2018-03-02 05:00,LH·HL·HH·HL·LH,П5,LL,1302.83,1312.93,1304.03,1321.25,1315.27,1319.19,1.41,1.41,13,HL
55,2,продолжение,2018-03-02 09:00,2018-03-05 07:00,HH·HL·LH·HL·HH,П16,HL,1315.82,1325.58,1317.57,1323.84,1320.11,1327.87,0.92,1.92,21,LL
56,1,рождение,2018-03-05 19:00,2018-03-06 23:00,LH·HL·HH·HL·HH,П1,LL,1317.61,1324.32,1320.63,1338.47,1332.33,1340.6,1.74,1.74,26,LL
57,1,рождение,2018-03-20 14:00,2018-03-21 08:00,LH·HL·HH·HL·HH,П1,LL,1307.21,1313.41,1309.46,1314.54,1312.82,1317.97,0.82,0.82,17,HL
57,2,продолжение,2018-03-21 11:00,2018-03-22 08:00,HH·HL·HH·HL·LH,П12,HL,1314.02,1326.73,1319.22,1336.81,1327.54,1333.98,1.74,2.26,20,HL
58,1,рождение,2018-03-22 17:00,2018-03-25 22:00,HH·HL·HH·HL·HH,П6,LL,1324.81,1343.38,1340.27,1350.33,1345.57,1351.04,1.98,1.98,27,HL
59,1,рождение,2018-03-29 15:00,2018-04-03 00:00,HH·HL·HH·HL·LH,П12,LL,1321.25,1330.45,1328.44,1344.99,1339.66,1342.56,1.8,1.8,31,LL
60,1,рождение,2018-04-03 14:00,2018-04-04 12:00,LH·HL·HH·HL·HH,П1,LL,1328.94,1334.94,1330.24,1336.02,1333.13,1348.27,1.45,1.45,21,LL
61,1,рождение,2018-04-06 07:00,2018-04-08 22:00,LH·HL·HH·HL·LH,П5,LL,1320.08,1326.45,1320.49,1335.59,1330.34,1335.14,1.18,1.18,14,LL
62,1,рождение,2018-04-09 10:00,2018-04-11 00:00,HH·HL·HH·HL·HH,П6,LL,1326.93,1338.38,1331.09,1341.05,1335.95,1342.78,1.19,1.19,36,HL
63,1,рождение,2018-04-15 22:00,2018-04-16 14:00,HH·HL·LH·HL·HH,П16,LL,1340.26,1348.87,1341.18,1346.02,1342.4,1350.59,0.77,0.77,16,HL
64,1,рождение,2018-04-17 12:00,2018-04-18 22:00,HH·HL·HH·HL·LH,П12,LL,1337.71,1347.78,1342.38,1355.81,1347.61,1351.64,1.35,1.35,32,HL
65,1,рождение,2018-04-25 12:00,2018-04-26 07:00,LH·HL·HH·HL·HH,П1,LL,1318.86,1324.06,1322.04,1324.68,1323.18,1326.72,0.6,0.6,18,LL
66,1,рождение,2018-04-26 15:00,2018-04-30 00:00,LH·HL·HH·HL·LH,П5,LL,1315.29,1318.38,1315.41,1325.29,1322.46,1325.03,0.76,0.76,31,LL
67,1,рождение,2018-05-01 14:00,2018-05-02 07:00,LH·HL·HH·HL·LH,П5,LL,1301.76,1308.14,1303.81,1311.96,1307.77,1311.73,0.78,0.78,16,LL
68,1,рождение,2018-05-02 19:00,2018-05-03 18:00,LH·HL·HH·HL·LH,П5,LL,1303.96,1310.62,1306.5,1318.18,1310.71,1315.09,1.09,1.09,22,HL
69,1,рождение,2018-05-10 07:00,2018-05-11 12:00,HH·HL·LH·HL·HH,П16,LL,1310.79,1323.19,1316.27,1322.34,1318.5,1326.05,1.16,1.16,28,LL
70,1,рождение,2018-05-17 10:00,2018-05-18 07:00,LH·HL·LH·HL·LH,П29,LL,1284.91,1292.2,1287.69,1291.82,1287.8,1291.18,0.57,0.57,20,LL
71,1,рождение,2018-05-21 07:00,2018-05-22 16:00,LH·HL·HH·HL·LH,П5,LL,1282.03,1293.54,1287.95,1296.64,1291.06,1294.61,1.14,1.14,32,LL
72,1,рождение,2018-05-23 13:00,2018-05-24 00:00,LH·HL·HH·HL·HH,П1,LL,1287.88,1294.42,1289.04,1295.1,1292.94,1296.02,0.63,0.63,10,LL
73,1,рождение,2018-05-24 06:00,2018-05-24 19:00,HH·HL·HH·HL·LH,П12,LL,1292.84,1298.0,1295.6,1306.64,1303.71,1306.2,1.07,1.07,13,LL
74,1,рождение,2018-05-30 07:00,2018-05-31 06:00,LH·HL·HH·HL·HH,П1,LL,1295.91,1299.86,1296.63,1305.15,1301.3,1306.91,0.85,0.85,22,LL
75,1,рождение,2018-06-05 05:00,2018-06-06 06:00,HH·HL·HH·HL·LH,П12,LL,1289.91,1294.19,1290.41,1300.63,1296.48,1299.51,0.83,0.83,24,LL
76,1,рождение,2018-06-06 11:00,2018-06-07 12:00,HH·HL·LH·HL·HH,П16,LL,1293.9,1301.91,1294.82,1298.26,1295.61,1303.33,0.73,0.73,24,LL
77,1,рождение,2018-06-08 05:00,2018-06-11 01:00,HH·HL·LH·HL·HH,П16,LL,1292.71,1300.59,1297.17,1300.47,1298.37,1301.35,0.67,0.67,19,LL
78,1,рождение,2018-06-13 08:00,2018-06-14 12:00,HH·HL·HH·HL·HH,П6,LL,1292.05,1299.04,1292.71,1301.26,1297.58,1309.4,1.34,1.34,27,LL
79,1,рождение,2018-06-19 12:00,2018-06-20 05:00,LH·HL·LH·HL·LH,П29,LL,1270.44,1277.6,1273.2,1276.47,1273.27,1275.08,0.56,0.56,16,LL
80,1,рождение,2018-06-21 12:00,2018-06-25 00:00,HH·HL·HH·HL·HH,П6,LL,1261.26,1270.23,1266.75,1271.18,1266.95,1272.7,0.91,0.91,34,LL
81,1,рождение,2018-06-28 18:00,2018-06-29 13:00,LH·HL·HH·HL·HH,П1,LL,1245.98,1249.57,1245.99,1252.89,1249.05,1252.91,0.56,0.56,18,LL
82,1,рождение,2018-07-03 05:00,2018-07-04 06:00,HH·HL·HH·HL·HH,П6,LL,1238.02,1256.98,1251.94,1260.53,1256.24,1261.18,1.87,1.87,24,LL
83,1,рождение,2018-07-12 00:00,2018-07-12 18:00,LH·HL·HH·HL·LH,П5,LL,1241.42,1246.44,1242.5,1248.63,1245.38,1247.98,0.58,0.58,18,HL
84,1,рождение,2018-07-13 12:00,2018-07-16 09:00,LH·HL·HH·HL·LH,П5,LL,1236.52,1243.82,1240.75,1245.65,1241.88,1245.04,0.74,0.74,20,LL
85,1,рождение,2018-07-19 12:00,2018-07-23 05:00,HH·HL·HH·HL·LH,П12,LL,1211.52,1229.6,1215.64,1235.24,1231.26,1232.86,1.96,1.96,39,LL
86,1,рождение,2018-08-17 00:00,2018-08-17 15:00,LH·HL·HH·HL·HH,П1,LL,1171.92,1179.38,1173.58,1179.96,1175.14,1180.57,0.74,0.74,15,HL
86,2,продолжение,2018-08-17 17:00,2018-08-21 06:00,HH·HL·HH·HL·HH,П6,HL,1176.48,1185.23,1182.96,1189.9,1184.7,1196.44,1.7,2.09,35,HL
87,1,рождение,2018-08-22 07:00,2018-08-23 06:00,HH·HL·LH·HL·LH,П25,LL,1192.66,1201.71,1194.45,1199.07,1194.57,1193.02,0.76,0.76,22,LL
88,1,рождение,2018-08-28 19:00,2018-08-29 23:00,LH·HL·HH·HL·HH,П1,LL,1199.69,1204.88,1201.53,1206.0,1202.14,1207.96,0.69,0.69,26,LL
89,1,рождение,2018-09-04 14:00,2018-09-05 15:00,LH·HL·LH·HL·HH,П20,LL,1189.69,1194.7,1190.88,1194.67,1191.95,1198.55,0.74,0.74,24,HL
89,2,продолжение,2018-09-05 17:00,2018-09-07 01:00,HH·HL·HH·HL·LH,П12,HL,1195.12,1200.04,1195.67,1207.08,1196.82,1203.57,1.0,1.46,30,HL
90,1,рождение,2018-09-11 13:00,2018-09-12 18:00,HH·HL·LH·HL·HH,П16,LL,1187.82,1199.46,1192.73,1197.68,1193.0,1208.54,1.74,1.74,28,HL
91,1,рождение,2018-09-18 07:00,2018-09-19 07:00,HH·HL·LH·HL·HH,П16,LL,1195.9,1203.63,1196.99,1200.01,1198.23,1204.7,0.74,0.74,23,HL
92,1,рождение,2018-09-20 09:00,2018-09-21 07:00,HH·HL·LH·HL·HH,П16,LL,1201.34,1208.5,1203.07,1207.95,1206.67,1211.15,0.82,0.82,21,LL
93,1,рождение,2018-09-21 13:00,2018-09-25 01:00,LH·HL·HH·HL·LH,П5,LL,1192.02,1199.76,1194.46,1204.23,1198.45,1199.56,1.02,1.02,34,LL
94,1,рождение,2018-09-25 02:00,2018-09-25 23:00,HH·HL·HH·HL·LH,П12,LL,1197.2,1200.82,1198.36,1203.41,1200.01,1202.01,0.52,0.52,20,LL
95,1,рождение,2018-10-01 09:00,2018-10-02 08:00,HH·HL·LH·HL·HH,П16,LL,1184.62,1192.12,1185.21,1190.3,1188.59,1194.78,0.86,0.86,22,HL
95,2,продолжение,2018-10-02 10:00,2018-10-03 10:00,HH·HL·HH·HL·LH,П12,HL,1189.12,1208.3,1201.5,1208.4,1202.3,1205.27,1.62,2.01,23,LL
96,1,рождение,2018-10-04 18:00,2018-10-08 00:00,LH·HL·HH·HL·LH,П5,LL,1196.9,1200.75,1197.3,1205.87,1200.35,1204.19,0.75,0.75,28,LL
97,1,рождение,2018-10-08 15:00,2018-10-10 01:00,LH·HL·LH·HL·HH,П20,LL,1182.9,1191.98,1183.38,1190.49,1187.14,1191.48,0.77,0.77,32,HL
98,1,рождение,2018-10-10 12:00,2018-10-12 03:00,HH·HL·HH·HL·LH,П12,LL,1185.38,1195.18,1191.37,1226.4,1217.6,1222.36,3.46,3.46,37,LL
99,1,рождение,2018-10-12 06:00,2018-10-16 00:00,HH·HL·HH·HL·LH,П12,LL,1215.9,1223.81,1216.35,1233.29,1224.22,1228.7,1.43,1.43,40,HL
100,1,рождение,2018-10-18 06:00,2018-10-19 06:00,HH·HL·HH·HL·LH,П12,LL,1218.74,1226.37,1221.09,1230.26,1224.62,1229.54,0.95,0.95,23,LL
101,1,рождение,2018-10-19 07:00,2018-10-22 03:00,HH·HL·LH·HL·LH,П25,LL,1223.11,1230.86,1225.57,1229.63,1226.34,1228.45,0.63,0.63,19,LL
102,1,рождение,2018-10-22 14:00,2018-10-23 12:00,LH·HL·HH·HL·HH,П1,LL,1220.14,1223.7,1221.75,1224.59,1223.37,1239.81,1.61,1.61,21,HL
103,1,рождение,2018-10-24 12:00,2018-10-25 13:00,LH·HL·HH·HL·LH,П5,LL,1225.72,1233.46,1227.46,1239.27,1230.11,1235.48,1.11,1.11,24,LL
104,1,рождение,2018-10-25 18:00,2018-10-26 09:00,LH·HL·LH·HL·HH,П20,LL,1228.13,1233.26,1230.16,1233.01,1231.24,1238.62,0.85,0.85,14,HL
105,1,рождение,2018-10-31 13:00,2018-11-01 17:00,LH·HL·HH·HL·HH,П1,LL,1212.0,1217.46,1212.62,1226.85,1222.49,1237.5,2.1,2.1,27,HL
106,1,рождение,2018-11-02 13:00,2018-11-05 08:00,HH·HL·LH·HL·LH,П25,LL,1229.84,1236.52,1230.49,1235.17,1230.72,1234.42,0.54,0.54,17,LL
107,1,рождение,2018-11-15 13:00,2018-11-16 14:00,LH·HL·HH·HL·HH,П1,LL,1207.68,1215.9,1211.44,1217.26,1214.06,1225.36,1.46,1.46,24,HL
107,2,продолжение,2018-11-19 05:00,2018-11-20 08:00,LH·HL·HH·HL·HH,П1,HL,1218.1,1223.14,1219.2,1225.3,1221.24,1226.09,0.66,1.52,26,HL
108,1,рождение,2018-11-21 00:00,2018-11-21 15:00,LH·HL·HH·HL·HH,П1,LL,1219.87,1221.98,1220.18,1225.56,1222.29,1230.0,0.83,0.83,15,HL
109,1,рождение,2018-11-22 01:00,2018-11-22 17:00,HH·HL·HH·HL·LH,П12,LL,1225.0,1228.47,1226.17,1229.18,1226.8,1228.0,0.34,0.34,16,LL
110,1,рождение,2018-11-28 14:00,2018-11-29 16:00,HH·HL·HH·HL·HH,П6,LL,1211.28,1226.39,1220.2,1228.48,1224.39,1229.09,1.47,1.47,25,LL
111,1,рождение,2018-11-30 14:00,2018-12-03 14:00,LH·HL·HH·HL·HH,П1,LL,1216.75,1223.12,1221.38,1232.41,1227.95,1235.07,1.51,1.51,23,HL
112,1,рождение,2018-12-05 08:00,2018-12-06 02:00,LH·HL·HH·HL·HH,П1,LL,1233.42,1238.8,1235.53,1239.13,1236.08,1240.85,0.6,0.6,17,LL
113,1,рождение,2018-12-06 07:00,2018-12-07 03:00,LH·HL·HH·HL·LH,П5,LL,1234.79,1237.77,1235.39,1244.36,1236.53,1240.67,0.77,0.77,19,HL
114,1,рождение,2018-12-11 19:00,2018-12-12 18:00,LH·HL·HH·HL·HH,П1,LL,1241.09,1246.25,1242.09,1246.89,1243.98,1247.24,0.5,0.5,22,HL
115,1,рождение,2018-12-14 14:00,2018-12-17 18:00,HH·HL·LH·HL·HH,П16,LL,1233.0,1240.39,1235.87,1238.21,1236.53,1248.2,1.23,1.23,27,HL
116,1,рождение,2018-12-18 07:00,2018-12-19 08:00,HH·HL·HH·HL·HH,П6,LL,1245.17,1250.48,1245.92,1251.05,1248.63,1251.45,0.5,0.5,24,LL
117,1,рождение,2018-12-19 21:00,2018-12-21 00:00,LH·HL·HH·HL·LH,П5,LL,1241.85,1257.17,1253.57,1266.56,1259.75,1262.68,1.99,1.99,25,LL
118,1,рождение,2018-12-21 18:00,2018-12-26 16:00,HH·HL·HH·HL·HH,П6,LL,1254.01,1265.48,1259.44,1274.85,1271.13,1279.13,2.0,2.0,42,LL
119,1,рождение,2018-12-26 20:00,2018-12-27 18:00,LH·HL·HH·HL·HH,П1,LL,1264.72,1272.42,1266.75,1276.76,1270.72,1278.99,1.13,1.13,21,HL
119,2,продолжение,2018-12-27 20:00,2018-12-31 11:00,HH·HL·LH·HL·HH,П16,HL,1274.15,1282.24,1276.11,1281.38,1277.56,1284.2,0.79,1.54,37,HL
120,1,рождение,2018-12-31 18:00,2019-01-02 16:00,HH·HL·HH·HL·LH,П12,LL,1278.16,1283.07,1278.78,1288.84,1281.9,1287.83,0.84,0.84,21,LL
121,1,рождение,2019-01-04 14:00,2019-01-07 18:00,LH·HL·HH·HL·LH,П5,LL,1276.7,1286.22,1282.73,1295.11,1286.26,1289.06,1.44,1.44,27,HL
122,1,рождение,2019-01-10 21:00,2019-01-14 11:00,HH·HL·LH·HL·HH,П16,LL,1286.14,1295.25,1287.08,1292.87,1290.27,1295.95,0.76,0.76,36,LL
123,1,рождение,2019-01-21 12:00,2019-01-23 01:00,LH·HL·HH·HL·HH,П1,LL,1276.85,1281.11,1277.54,1284.93,1279.35,1285.78,0.7,0.7,31,HL
124,1,рождение,2019-01-24 13:00,2019-01-25 21:00,LH·HL·HH·HL·HH,П1,LL,1276.91,1283.98,1279.59,1285.24,1282.51,1304.1,2.13,2.13,31,HL
125,1,рождение,2019-01-28 14:00,2019-01-29 08:00,HH·HL·HH·HL·HH,П6,LL,1297.77,1304.27,1302.26,1304.69,1302.83,1309.4,0.9,0.9,17,HL
126,1,рождение,2019-01-30 18:00,2019-02-01 01:00,HH·HL·HH·HL·LH,П12,LL,1309.16,1323.37,1317.54,1326.31,1318.93,1321.92,1.31,1.31,29,LL
127,1,рождение,2019-02-05 09:00,2019-02-06 08:00,HH·HL·LH·HL·LH,П25,LL,1310.82,1316.95,1312.76,1315.87,1312.85,1315.67,0.47,0.47,22,LL
128,1,рождение,2019-02-07 04:00,2019-02-08 18:00,HH·HL·LH·HL·HH,П16,LL,1302.89,1311.96,1306.4,1311.64,1307.89,1315.65,0.98,0.98,37,HL
129,1,рождение,2019-02-11 14:00,2019-02-12 18:00,LH·HL·HH·HL·LH,П5,LL,1303.76,1310.42,1306.6,1314.8,1308.37,1312.67,0.85,0.85,27,HL
130,1,рождение,2019-02-14 12:00,2019-02-15 20:00,HH·HL·HH·HL·HH,П6,LL,1302.45,1314.42,1311.49,1319.98,1314.34,1322.54,1.54,1.54,31,HL
130,2,продолжение,2019-02-17 23:00,2019-02-19 18:00,HH·HL·HH·HL·HH,П6,HL,1320.68,1325.37,1321.38,1327.6,1323.02,1341.88,1.61,3.03,38,HL
130,3,продолжение,2019-02-20 00:00,2019-02-20 18:00,HH·HL·LH·HL·HH,П16,HL,1339.44,1346.74,1341.45,1345.42,1342.23,1346.36,0.54,3.4,18,LL
131,1,рождение,2019-02-22 10:00,2019-02-25 11:00,HH·HL·LH·HL·LH,П25,LL,1321.69,1333.13,1326.98,1331.99,1327.91,1331.22,0.87,0.87,24,LL
132,1,рождение,2019-02-25 13:00,2019-02-26 03:00,HH·HL·LH·HL·HH,П16,LL,1325.23,1332.61,1325.74,1328.48,1326.7,1330.25,0.56,0.56,13,LL
133,1,рождение,2019-02-26 12:00,2019-02-27 13:00,HH·HL·HH·HL·LH,П12,LL,1323.58,1327.84,1323.79,1329.95,1325.77,1328.85,0.48,0.48,24,LL
134,1,рождение,2019-03-07 08:00,2019-03-08 09:00,HH·HL·LH·HL·HH,П16,LL,1280.92,1289.05,1282.96,1288.49,1285.28,1295.87,1.17,1.17,24,HL
135,1,рождение,2019-03-11 17:00,2019-03-12 19:00,LH·HL·HH·HL·HH,П1,LL,1290.56,1294.08,1292.14,1297.49,1294.47,1302.26,0.91,0.91,25,HL
135,2,продолжение,2019-03-12 22:00,2019-03-13 19:00,HH·HL·HH·HL·HH,П6,HL,1300.69,1305.86,1303.83,1309.17,1306.05,1311.29,0.81,1.61,21,LL
136,1,рождение,2019-03-14 13:00,2019-03-15 08:00,LH·HL·HH·HL·HH,П1,LL,1292.93,1296.55,1293.34,1297.11,1294.19,1304.46,0.89,0.89,18,HL
137,1,рождение,2019-03-18 01:00,2019-03-19 04:00,HH·HL·LH·HL·HH,П16,LL,1298.33,1306.78,1301.1,1303.96,1302.4,1307.93,0.74,0.74,26,HL
138,1,рождение,2019-03-21 16:00,2019-03-22 13:00,LH·HL·HH·HL·HH,П1,LL,1303.35,1309.64,1306.94,1310.37,1307.43,1314.96,0.89,0.89,20,HL
138,2,продолжение,2019-03-22 13:00,2019-03-25 23:00,LH·HL·HH·HL·LH,П5,HL,1309.8,1314.15,1311.12,1324.57,1320.91,1323.32,1.13,1.63,32,LL
139,1,рождение,2019-03-26 11:00,2019-03-27 01:00,LH·HL·LH·HL·HH,П20,LL,1312.8,1318.87,1313.43,1317.32,1315.18,1318.58,0.46,0.46,13,LL
140,1,рождение,2019-04-02 07:00,2019-04-03 05:00,HH·HL·HH·HL·HH,П6,LL,1285.37,1291.93,1289.0,1292.94,1290.28,1293.79,0.66,0.66,21,HL
141,1,рождение,2019-04-03 14:00,2019-04-04 06:00,LH·HL·HH·HL·HH,П1,LL,1288.48,1291.93,1289.77,1292.56,1290.41,1293.6,0.4,0.4,15,LL
142,1,рождение,2019-04-05 12:00,2019-04-08 12:00,HH·HL·HH·HL·HH,П6,LL,1284.5,1293.24,1291.33,1298.03,1296.04,1303.75,1.5,1.5,23,HL
142,2,продолжение,2019-04-08 15:00,2019-04-09 23:00,LH·HL·HH·HL·LH,П5,HL,1296.35,1300.12,1297.17,1306.23,1303.42,1305.23,0.76,1.69,30,LL
143,1,рождение,2019-04-11 17:00,2019-04-12 09:00,LH·HL·HH·HL·HH,П1,LL,1289.78,1294.09,1291.26,1294.39,1291.5,1295.82,0.47,0.47,15,LL
144,1,рождение,2019-04-18 06:00,2019-04-22 10:00,HH·HL·HH·HL·HH,П6,LL,1271.28,1277.69,1272.62,1279.81,1276.52,1279.88,0.68,0.68,27,LL
145,1,рождение,2019-04-24 03:00,2019-04-25 03:00,HH·HL·HH·HL·LH,П12,LL,1268.87,1274.2,1270.27,1278.55,1273.47,1276.9,0.76,0.76,23,HL
145,2,продолжение,2019-04-25 05:00,2019-04-26 07:00,HH·HL·HH·HL·HH,П6,HL,1274.9,1278.59,1275.29,1282.65,1276.4,1283.27,0.66,1.13,25,LL
146,1,рождение,2019-05-03 12:00,2019-05-06 07:00,HH·HL·HH·HL·LH,П12,LL,1268.47,1282.51,1278.1,1285.86,1281.81,1283.97,1.37,1.37,18,LL
147,1,рождение,2019-05-06 13:00,2019-05-07 04:00,LH·HL·HH·HL·HH,П1,LL,1277.12,1283.06,1280.08,1283.31,1281.51,1283.7,0.52,0.52,14,LL
148,1,рождение,2019-05-07 12:00,2019-05-08 06:00,HH·HL·HH·HL·HH,П6,LL,1278.26,1286.14,1283.65,1287.21,1285.28,1288.05,0.77,0.77,17,HL
149,1,рождение,2019-05-08 17:00,2019-05-09 14:00,LH·HL·HH·HL·HH,П1,LL,1279.5,1282.86,1279.71,1285.62,1280.36,1288.2,0.68,0.68,20,HL
150,1,рождение,2019-05-20 09:00,2019-05-20 19:00,HH·HL·HH·HL·LH,П12,LL,1273.76,1278.54,1275.36,1279.03,1275.69,1278.5,0.41,0.41,10,LL
151,1,рождение,2019-05-21 13:00,2019-05-22 04:00,LH·HL·HH·HL·LH,П5,LL,1269.6,1274.98,1272.65,1275.4,1273.28,1274.42,0.46,0.46,14,LL
152,1,рождение,2019-05-24 13:00,2019-05-27 08:00,HH·HL·HH·HL·LH,П12,LL,1280.84,1286.65,1283.9,1287.45,1285.32,1287.03,0.52,0.52,18,LL
153,1,рождение,2019-05-28 14:00,2019-05-29 19:00,LH·HL·HH·HL·LH,П5,LL,1276.22,1281.94,1279.2,1285.56,1279.78,1282.89,0.73,0.73,28,LL
154,1,рождение,2019-05-30 07:00,2019-06-03 19:00,HH·HL·HH·HL·HH,П6,LL,1275.12,1299.31,1295.57,1312.81,1309.34,1328.0,4.15,4.15,58,HL
155,1,рождение,2019-06-04 12:00,2019-06-05 00:00,LH·HL·LH·HL·LH,П29,LL,1320.04,1328.9,1320.43,1328.31,1324.63,1327.62,0.67,0.67,11,HL
155,2,продолжение,2019-06-05 03:00,2019-06-06 12:00,HH·HL·LH·HL·HH,П16,HL,1325.51,1344.14,1327.12,1333.84,1327.32,1338.54,1.41,1.83,32,HL
156,1,рождение,2019-06-10 08:00,2019-06-11 06:00,LH·HL·LH·HL·LH,П29,LL,1325.2,1330.18,1325.37,1329.91,1327.74,1329.34,0.38,0.38,21,LL
157,1,рождение,2019-06-11 12:00,2019-06-12 16:00,LH·HL·HH·HL·LH,П5,LL,1320.0,1328.84,1326.12,1338.42,1329.96,1337.03,1.4,1.4,27,HL
157,2,продолжение,2019-06-12 17:00,2019-06-13 11:00,HH·HL·HH·HL·LH,П12,HL,1331.89,1337.77,1334.13,1339.12,1335.03,1337.53,0.54,1.45,17,LL
158,1,рождение,2019-06-13 13:00,2019-06-14 07:00,HH·HL·HH·HL·HH,П6,LL,1333.79,1343.17,1341.95,1347.9,1344.48,1358.22,1.83,1.83,17,LL
159,1,рождение,2019-06-17 09:00,2019-06-18 12:00,LH·HL·HH·HL·HH,П1,LL,1333.12,1343.3,1338.24,1348.0,1343.89,1354.62,1.61,1.61,26,LL
160,1,рождение,2019-06-19 11:00,2019-06-20 17:00,HH·HL·LH·HL·HH,П16,LL,1341.44,1394.28,1377.98,1386.73,1379.7,1393.42,3.94,3.94,29,HL
161,1,рождение,2019-06-21 07:00,2019-06-24 06:00,LH·HL·HH·HL·LH,П5,LL,1382.56,1400.34,1389.3,1411.28,1400.93,1406.52,2.08,2.08,22,HL
161,2,продолжение,2019-06-24 07:00,2019-06-25 08:00,HH·HL·HH·HL·LH,П12,HL,1400.93,1410.69,1404.54,1439.32,1420.52,1435.61,2.74,4.11,24,HL
162,1,рождение,2019-07-01 07:00,2019-07-03 01:00,LH·HL·LH·HL·HH,П20,LL,1381.9,1396.37,1383.07,1394.52,1390.0,1437.8,4.04,4.04,40,HL
163,1,рождение,2019-07-09 08:00,2019-07-09 22:00,LH·HL·HH·HL·LH,П5,LL,1385.87,1394.93,1390.41,1400.09,1395.72,1398.24,1.03,1.03,13,LL
164,1,рождение,2019-07-10 06:00,2019-07-11 01:00,HH·HL·HH·HL·HH,П6,LL,1390.05,1397.1,1391.57,1411.43,1403.02,1427.2,2.67,2.67,18,HL
165,1,рождение,2019-07-15 14:00,2019-07-16 09:00,HH·HL·LH·HL·HH,П16,LL,1407.81,1418.38,1411.19,1415.73,1412.22,1416.31,0.75,0.75,18,LL
166,1,рождение,2019-07-19 18:00,2019-07-22 13:00,LH·HL·HH·HL·LH,П5,LL,1420.34,1428.64,1422.32,1429.99,1424.39,1429.18,0.68,0.68,18,HL
167,1,рождение,2019-07-23 05:00,2019-07-24 14:00,HH·HL·LH·HL·HH,П16,LL,1414.3,1430.19,1416.19,1422.51,1418.43,1429.55,1.12,1.12,32,HL
168,1,рождение,2019-07-26 12:00,2019-07-29 13:00,HH·HL·LH·HL·LH,П25,LL,1413.55,1424.91,1416.47,1424.34,1417.55,1422.29,0.8,0.8,24,LL
169,1,рождение,2019-07-29 13:00,2019-07-30 18:00,HH·HL·HH·HL·HH,П6,LL,1414.94,1428.09,1422.41,1431.05,1425.02,1433.28,1.3,1.3,28,HL
170,1,рождение,2019-08-01 13:00,2019-08-02 16:00,HH·HL·LH·HL·HH,П16,LL,1400.61,1449.0,1430.39,1440.18,1431.04,1447.91,3.45,3.45,26,HL
170,2,продолжение,2019-08-04 22:00,2019-08-06 06:00,HH·HL·HH·HL·LH,П12,HL,1436.79,1469.7,1453.1,1474.9,1456.49,1465.3,2.65,5.3,31,HL
170,3,продолжение,2019-08-06 07:00,2019-08-07 14:00,HH·HL·HH·HL·HH,П6,HL,1458.57,1473.77,1468.37,1490.2,1481.37,1510.45,3.56,7.84,30,HL
171,1,рождение,2019-08-08 13:00,2019-08-09 11:00,HH·HL·LH·HL·LH,П25,LL,1490.12,1509.62,1499.19,1508.14,1500.57,1504.5,1.31,1.31,21,LL
172,1,рождение,2019-08-12 07:00,2019-08-13 10:00,HH·HL·HH·HL·HH,П6,LL,1487.48,1508.49,1499.94,1520.0,1509.74,1535.09,3.2,3.2,26,LL
173,1,рождение,2019-08-13 13:00,2019-08-14 17:00,LH·HL·HH·HL·HH,П1,LL,1479.99,1503.95,1494.29,1518.35,1506.07,1524.11,2.98,2.98,27,HL
174,1,рождение,2019-08-15 06:00,2019-08-16 05:00,LH·HL·HH·HL·LH,П5,LL,1508.03,1522.79,1509.03,1528.04,1516.91,1522.28,1.33,1.33,22,LL
175,1,рождение,2019-08-19 22:00,2019-08-20 19:00,LH·HL·HH·HL·LH,П5,LL,1493.06,1499.54,1494.48,1508.62,1501.52,1508.05,1.04,1.04,21,HL
176,1,рождение,2019-08-22 11:00,2019-08-23 18:00,HH·HL·LH·HL·HH,П16,LL,1492.59,1504.7,1493.67,1497.41,1494.88,1530.2,2.52,2.52,30,HL
177,1,рождение,2019-08-27 01:00,2019-08-28 01:00,HH·HL·HH·HL·LH,П12,LL,1525.84,1535.07,1528.62,1544.72,1537.43,1544.71,1.24,1.24,23,LL
178,1,рождение,2019-08-28 02:00,2019-08-29 01:00,HH·HL·LH·HL·HH,П16,LL,1532.0,1546.93,1533.87,1542.66,1537.87,1543.38,0.97,0.97,22,HL
179,1,рождение,2019-08-30 17:00,2019-09-02 16:00,HH·HL·LH·HL·HH,П16,LL,1517.16,1535.08,1519.44,1526.38,1523.42,1531.34,1.18,1.18,22,LL
180,1,рождение,2019-09-03 03:00,2019-09-03 23:00,HH·HL·HH·HL·HH,П6,LL,1521.73,1533.92,1529.17,1549.81,1542.34,1550.17,1.87,1.87,19,LL
181,1,рождение,2019-09-06 12:00,2019-09-09 13:00,HH·HL·LH·HL·HH,П16,LL,1502.71,1527.84,1503.43,1512.6,1504.71,1515.47,1.67,1.67,24,LL
182,1,рождение,2019-09-18 18:00,2019-09-20 06:00,LH·HL·LH·HL·HH,П20,LL,1483.31,1504.56,1496.67,1501.75,1497.14,1506.85,1.59,1.59,34,HL
182,2,продолжение,2019-09-20 12:00,2019-09-23 08:00,HH·HL·HH·HL·HH,П6,HL,1498.7,1517.06,1511.13,1519.62,1511.65,1521.26,1.5,2.56,19,HL
183,1,рождение,2019-09-24 13:00,2019-09-25 08:00,HH·HL·LH·HL·LH,П25,LL,1515.71,1535.67,1524.69,1535.1,1527.8,1532.92,1.32,1.32,18,LL
184,1,рождение,2019-09-26 12:00,2019-09-27 05:00,HH·HL·LH·HL·LH,П25,LL,1500.4,1512.38,1502.01,1507.48,1504.71,1507.07,0.8,0.8,16,LL
185,1,рождение,2019-10-01 08:00,2019-10-01 23:00,LH·HL·HH·HL·LH,П5,LL,1459.17,1470.21,1462.15,1487.26,1477.68,1482.5,1.92,1.92,14,LL
186,1,рождение,2019-10-03 06:00,2019-10-04 02:00,HH·HL·HH·HL·LH,П12,LL,1495.92,1505.45,1498.35,1519.65,1504.75,1510.09,1.59,1.59,19,HL
187,1,рождение,2019-10-08 01:00,2019-10-09 07:00,HH·HL·HH·HL·HH,П6,LL,1487.17,1508.75,1497.87,1509.75,1504.0,1511.47,1.63,1.63,29,LL
188,1,рождение,2019-10-09 11:00,2019-10-10 12:00,LH·HL·HH·HL·LH,П5,LL,1499.94,1509.32,1503.09,1517.11,1503.9,1511.39,1.14,1.14,24,LL
189,1,рождение,2019-10-11 14:00,2019-10-14 17:00,LH·HL·HH·HL·LH,П5,LL,1474.09,1486.93,1479.52,1497.15,1488.78,1493.64,1.56,1.56,26,HL
190,1,рождение,2019-10-16 12:00,2019-10-17 06:00,HH·HL·HH·HL·LH,П12,LL,1477.23,1491.63,1486.08,1493.13,1487.22,1491.93,1.08,1.08,17,LL
191,1,рождение,2019-10-18 11:00,2019-10-21 06:00,HH·HL·LH·HL·HH,П16,LL,1485.07,1493.42,1488.87,1492.42,1489.2,1493.85,0.59,0.59,18,LL
192,1,рождение,2019-10-22 00:00,2019-10-23 09:00,HH·HL·HH·HL·HH,П6,LL,1480.96,1489.05,1482.96,1490.71,1487.81,1495.06,0.95,0.95,32,HL
193,1,рождение,2019-10-25 17:00,2019-10-28 07:00,LH·HL·HH·HL·HH,П1,LL,1500.72,1506.26,1502.18,1506.27,1503.38,1508.28,0.5,0.5,13,LL
194,1,рождение,2019-10-28 14:00,2019-10-29 07:00,LH·HL·LH·HL·HH,П20,LL,1490.14,1494.01,1490.34,1493.01,1490.98,1494.85,0.32,0.32,16,LL
195,1,рождение,2019-10-29 13:00,2019-10-30 14:00,LH·HL·LH·HL·HH,П20,LL,1483.6,1492.52,1487.11,1489.55,1487.39,1495.75,0.82,0.82,24,LL
196,1,рождение,2019-10-30 18:00,2019-11-01 08:00,HH·HL·HH·HL·HH,П6,LL,1481.26,1499.57,1496.58,1514.15,1509.28,1514.77,2.26,2.26,36,LL
197,1,рождение,2019-11-01 12:00,2019-11-04 08:00,HH·HL·LH·HL·LH,П25,LL,1503.41,1516.17,1507.25,1514.4,1510.6,1514.06,0.85,0.85,18,LL
198,1,рождение,2019-11-12 15:00,2019-11-13 12:00,HH·HL·HH·HL·HH,П6,LL,1445.71,1460.44,1455.87,1463.14,1457.89,1466.78,1.46,1.46,20,HL
198,2,продолжение,2019-11-13 14:00,2019-11-14 00:00,LH·HL·HH·HL·LH,П5,HL,1460.47,1466.06,1460.84,1467.08,1462.07,1464.77,0.45,1.48,9,LL
199,1,рождение,2019-11-19 10:00,2019-11-20 08:00,HH·HL·HH·HL·HH,П6,LL,1464.88,1475.09,1471.56,1475.31,1472.08,1478.74,0.95,0.95,21,LL
200,1,рождение,2019-11-26 14:00,2019-11-27 10:00,HH·HL·LH·HL·LH,П25,LL,1450.19,1462.87,1457.99,1460.33,1458.1,1460.3,0.87,0.87,19,LL
201,1,рождение,2019-12-09 18:00,2019-12-11 00:00,LH·HL·HH·HL·LH,П5,LL,1459.21,1462.12,1460.18,1469.22,1462.41,1465.12,0.69,0.69,28,HL
201,2,продолжение,2019-12-11 08:00,2019-12-12 01:00,HH·HL·HH·HL·LH,П12,HL,1462.85,1467.98,1465.27,1478.97,1467.58,1475.73,1.1,1.35,16,HL
202,1,рождение,2019-12-13 15:00,2019-12-16 10:00,HH·HL·HH·HL·LH,П12,LL,1465.48,1478.08,1473.28,1478.8,1474.61,1478.17,0.91,0.91,18,HL
203,1,рождение,2019-12-18 13:00,2019-12-19 04:00,LH·HL·LH·HL·HH,П20,LL,1470.58,1478.51,1474.16,1476.13,1474.67,1478.01,0.54,0.54,14,LL
204,1,рождение,2019-12-20 16:00,2019-12-24 09:00,HH·HL·HH·HL·HH,П6,LL,1475.92,1485.3,1480.57,1486.22,1484.46,1493.04,1.16,1.16,39,HL
204,2,продолжение,2019-12-24 13:00,2019-12-26 18:00,HH·HL·HH·HL·LH,П12,HL,1488.84,1500.56,1497.57,1512.65,1506.74,1512.43,1.6,2.49,25,HL
205,1,рождение,2019-12-27 07:00,2019-12-30 03:00,LH·HL·HH·HL·HH,П1,LL,1507.42,1512.51,1508.86,1515.32,1510.14,1515.82,0.56,0.56,19,HL
205,2,продолжение,2019-12-30 11:00,2019-12-31 15:00,HH·HL·HH·HL·LH,П12,HL,1510.88,1516.18,1514.55,1525.38,1516.71,1524.92,0.96,1.19,27,HL
206,1,рождение,2020-01-02 08:00,2020-01-03 18:00,HH·HL·HH·HL·HH,П6,LL,1518.57,1531.41,1522.9,1551.54,1541.0,1553.54,2.3,2.3,33,HL
207,1,рождение,2020-01-07 02:00,2020-01-08 00:00,HH·HL·HH·HL·HH,П6,LL,1555.39,1570.89,1563.29,1573.25,1569.66,1611.5,3.61,3.61,21,HL
208,1,рождение,2020-01-09 06:00,2020-01-10 08:00,LH·HL·LH·HL·LH,П29,LL,1540.26,1556.58,1544.92,1555.13,1545.78,1552.5,1.06,1.06,25,HL
209,1,рождение,2020-01-14 01:00,2020-01-15 08:00,LH·HL·HH·HL·HH,П1,LL,1536.02,1547.13,1541.04,1552.92,1550.39,1554.28,1.19,1.19,30,LL
210,1,рождение,2020-01-15 13:00,2020-01-16 12:00,HH·HL·HH·HL·LH,П12,LL,1547.04,1557.06,1548.81,1558.21,1551.58,1557.54,0.72,0.72,22,LL
211,1,рождение,2020-01-16 15:00,2020-01-17 13:00,LH·HL·HH·HL·HH,П1,LL,1548.1,1554.2,1549.46,1557.04,1554.19,1560.78,0.82,0.82,21,LL
212,1,рождение,2020-01-17 15:00,2020-01-21 02:00,HH·HL·HH·HL·HH,П6,LL,1554.14,1561.3,1556.34,1562.8,1558.33,1568.7,0.94,0.94,29,LL
213,1,рождение,2020-01-22 02:00,2020-01-23 05:00,LH·HL·HH·HL·LH,П5,LL,1550.28,1559.26,1554.67,1563.82,1555.92,1560.97,0.87,0.87,26,LL
214,1,рождение,2020-01-24 13:00,2020-01-27 06:00,HH·HL·HH·HL·LH,П12,LL,1556.63,1575.93,1569.6,1588.63,1578.05,1581.0,2.06,2.06,16,LL
215,1,рождение,2020-01-29 03:00,2020-01-30 04:00,HH·HL·HH·HL·HH,П6,LL,1563.47,1572.51,1567.91,1574.51,1568.88,1580.88,1.11,1.11,24,HL
216,1,рождение,2020-02-05 09:00,2020-02-07 00:00,LH·HL·HH·HL·HH,П1,LL,1547.55,1559.64,1552.56,1568.34,1561.66,1569.19,1.4,1.4,37,HL
217,1,рождение,2020-02-07 13:00,2020-02-10 04:00,HH·HL·HH·HL·LH,П12,LL,1560.46,1574.12,1565.22,1576.69,1568.1,1572.35,1.04,1.04,14,HL
217,2,продолжение,2020-02-10 07:00,2020-02-10 17:00,HH·HL·HH·HL·HH,П6,HL,1569.51,1575.28,1571.46,1575.75,1571.67,1577.06,0.48,1.06,10,LL
218,1,рождение,2020-02-12 08:00,2020-02-13 00:00,LH·HL·HH·HL·HH,П1,LL,1561.98,1567.75,1563.61,1570.5,1565.04,1572.67,0.68,0.68,15,HL
219,1,рождение,2020-02-13 14:00,2020-02-14 21:00,HH·HL·LH·HL·HH,П16,LL,1571.93,1578.38,1573.16,1577.1,1574.98,1585.08,0.84,0.84,30,HL
220,1,рождение,2020-02-17 08:00,2020-02-18 10:00,LH·HL·HH·HL·HH,П1,LL,1578.93,1582.64,1580.82,1587.45,1585.08,1589.41,0.66,0.66,21,HL
221,1,рождение,2020-02-19 00:00,2020-02-20 02:00,HH·HL·HH·HL·LH,П12,LL,1599.61,1611.33,1602.44,1612.98,1606.08,1612.12,0.84,0.84,25,LL
222,1,рождение,2020-02-20 07:00,2020-02-23 23:00,HH·HL·LH·HL·HH,П16,LL,1603.98,1623.74,1616.11,1622.74,1619.03,1681.32,4.82,4.82,38,HL
223,1,рождение,2020-02-26 14:00,2020-02-27 15:00,LH·HL·HH·HL·HH,П1,LL,1625.02,1650.03,1636.2,1652.66,1641.4,1660.42,2.18,2.18,24,LL
224,1,рождение,2020-02-28 18:00,2020-03-02 10:00,LH·HL·HH·HL·HH,П1,LL,1563.04,1593.02,1575.58,1606.66,1596.11,1611.07,3.07,3.07,15,LL
225,1,рождение,2020-03-02 20:00,2020-03-03 23:00,LH·HL·HH·HL·HH,П1,LL,1584.12,1601.24,1593.58,1649.31,1626.47,1653.0,4.35,4.35,25,HL
225,2,продолжение,2020-03-04 07:00,2020-03-06 00:00,LH·HL·LH·HL·HH,П20,HL,1631.96,1649.41,1633.97,1640.92,1637.23,1676.6,2.74,5.84,39,HL
226,1,рождение,2020-03-06 15:00,2020-03-09 13:00,HH·HL·LH·HL·HH,П16,LL,1642.35,1703.28,1657.62,1685.33,1662.4,1685.76,3.71,3.71,22,LL
227,1,рождение,2020-03-16 13:00,2020-03-17 04:00,LH·HL·LH·HL·LH,П29,LL,1451.43,1519.64,1483.99,1519.43,1485.71,1505.22,4.7,4.7,14,LL
228,1,рождение,2020-03-19 04:00,2020-03-19 19:00,LH·HL·LH·HL·LH,П29,LL,1464.3,1496.39,1464.39,1493.38,1465.8,1480.64,2.19,2.19,15,LL
229,1,рождение,2020-03-19 22:00,2020-03-23 03:00,HH·HL·LH·HL·LH,П25,LL,1455.32,1516.18,1479.46,1508.41,1486.11,1498.14,4.18,4.18,28,LL
230,1,рождение,2020-03-23 06:00,2020-03-25 10:00,HH·HL·HH·HL·LH,П12,LL,1485.17,1583.65,1560.34,1640.35,1596.38,1627.68,10.45,10.45,50,HL
231,1,рождение,2020-04-01 13:00,2020-04-02 07:00,LH·HL·HH·HL·HH,П1,LL,1572.83,1594.3,1578.27,1596.07,1583.22,1599.42,1.69,1.69,17,HL
232,1,рождение,2020-04-03 12:00,2020-04-06 19:00,HH·HL·LH·HL·HH,П16,LL,1606.82,1626.06,1609.26,1622.6,1616.39,1669.16,3.88,3.88,30,HL
233,1,рождение,2020-04-08 11:00,2020-04-09 17:00,HH·HL·LH·HL·HH,П16,LL,1642.58,1656.59,1643.84,1649.99,1647.27,1690.25,2.9,2.9,29,HL
233,2,продолжение,2020-04-09 18:00,2020-04-13 18:00,HH·HL·HH·HL·HH,П6,HL,1674.6,1692.83,1675.05,1692.95,1686.3,1723.87,2.94,4.95,23,HL
234,1,рождение,2020-04-15 07:00,2020-04-16 07:00,LH·HL·LH·HL·HH,П20,LL,1708.28,1727.03,1708.99,1723.97,1712.02,1726.18,1.1,1.1,23,HL
235,1,рождение,2020-04-20 00:00,2020-04-20 20:00,LH·HL·HH·HL·LH,П5,LL,1671.22,1685.71,1673.08,1702.42,1685.88,1698.11,1.87,1.87,20,HL
236,1,рождение,2020-04-21 11:00,2020-04-22 09:00,LH·HL·LH·HL·HH,П20,LL,1661.42,1692.83,1671.31,1691.6,1680.48,1706.98,2.74,2.74,21,HL
236,2,продолжение,2020-04-22 12:00,2020-04-23 19:00,HH·HL·HH·HL·LH,П12,HL,1693.64,1719.49,1707.42,1738.88,1721.12,1735.4,2.67,4.66,30,HL
237,1,рождение,2020-05-01 06:00,2020-05-04 10:00,HH·HL·LH·HL·HH,П16,LL,1670.91,1706.53,1692.09,1701.52,1696.8,1713.73,2.56,2.56,27,LL
238,1,рождение,2020-05-05 07:00,2020-05-06 01:00,LH·HL·HH·HL·LH,П5,LL,1689.82,1709.79,1693.27,1711.92,1700.83,1707.84,1.31,1.31,17,HL
239,1,рождение,2020-05-06 20:00,2020-05-08 01:00,HH·HL·HH·HL·LH,П12,LL,1682.63,1694.16,1684.66,1722.29,1711.41,1720.62,2.36,2.36,27,HL
240,1,рождение,2020-05-11 15:00,2020-05-12 15:00,LH·HL·HH·HL·HH,П1,LL,1692.13,1699.59,1693.95,1707.2,1698.79,1711.19,1.13,1.13,23,LL
241,1,рождение,2020-05-13 08:00,2020-05-14 07:00,HH·HL·HH·HL·LH,П12,LL,1699.26,1718.25,1702.45,1719.91,1711.27,1719.61,1.22,1.22,22,HL
241,2,продолжение,2020-05-14 12:00,2020-05-15 07:00,HH·HL·LH·HL·HH,П16,HL,1711.27,1736.16,1728.85,1734.37,1730.15,1738.81,1.61,2.33,18,HL
241,3,продолжение,2020-05-15 10:00,2020-05-18 11:00,HH·HL·HH·HL·HH,П6,HL,1730.25,1751.72,1740.06,1765.09,1758.45,1765.26,2.02,3.88,24,LL
242,1,рождение,2020-05-19 06:00,2020-05-20 01:00,LH·HL·HH·HL·HH,П1,LL,1726.62,1739.21,1731.05,1747.86,1743.68,1751.16,1.42,1.42,18,HL
243,1,рождение,2020-05-21 14:00,2020-05-22 17:00,LH·HL·HH·HL·LH,П5,LL,1717.57,1730.6,1724.51,1740.23,1727.51,1736.81,1.32,1.32,26,LL
244,1,рождение,2020-05-27 13:00,2020-05-28 23:00,HH·HL·HH·HL·LH,П12,LL,1694.01,1715.39,1705.77,1727.55,1711.47,1722.4,1.98,1.98,32,HL
244,2,продолжение,2020-05-29 01:00,2020-05-31 23:00,HH·HL·HH·HL·HH,П6,HL,1712.62,1723.03,1716.71,1737.91,1726.95,1740.69,1.64,2.76,21,HL
245,1,рождение,2020-06-01 14:00,2020-06-02 05:00,LH·HL·HH·HL·LH,П5,LL,1727.46,1741.35,1734.91,1743.39,1736.62,1740.0,0.92,0.92,14,LL
246,1,рождение,2020-06-03 14:00,2020-06-04 12:00,LH·HL·HH·HL·HH,П1,LL,1689.59,1700.83,1694.44,1705.57,1698.47,1718.33,1.7,1.7,21,HL
247,1,рождение,2020-06-05 14:00,2020-06-09 01:00,LH·HL·HH·HL·HH,П1,LL,1670.44,1685.94,1677.51,1697.62,1686.48,1704.91,2.06,2.06,33,HL
247,2,продолжение,2020-06-09 06:00,2020-06-10 08:00,HH·HL·LH·HL·HH,П16,HL,1692.37,1720.89,1711.74,1718.82,1714.71,1720.79,1.69,3.02,25,HL
248,1,рождение,2020-06-18 14:00,2020-06-22 01:00,LH·HL·HH·HL·HH,П1,LL,1717.69,1725.6,1721.65,1733.06,1727.75,1758.68,2.39,2.39,33,HL
248,2,продолжение,2020-06-22 07:00,2020-06-23 01:00,HH·HL·LH·HL·HH,П16,HL,1742.68,1763.13,1749.71,1758.67,1751.87,1760.55,1.17,2.65,17,LL
249,1,рождение,2020-06-29 12:00,2020-06-30 06:00,HH·HL·LH·HL·HH,П16,LL,1765.94,1774.32,1767.46,1773.83,1768.84,1773.86,0.47,0.47,17,LL
250,1,рождение,2020-06-30 11:00,2020-07-01 07:00,HH·HL·LH·HL·HH,П16,LL,1764.65,1786.02,1779.52,1784.67,1780.22,1789.27,1.4,1.4,19,LL
251,1,рождение,2020-07-06 02:00,2020-07-08 14:00,HH·HL·HH·HL·HH,П6,LL,1770.1,1787.39,1773.79,1797.41,1791.53,1818.09,2.71,2.71,58,HL
252,1,рождение,2020-07-16 19:00,2020-07-20 14:00,LH·HL·HH·HL·HH,П1,LL,1795.12,1799.58,1795.99,1811.92,1805.88,1820.65,1.42,1.42,41,HL
252,2,продолжение,2020-07-21 01:00,2020-07-22 01:00,LH·HL·HH·HL·HH,П1,HL,1815.85,1820.21,1817.35,1843.48,1839.07,1865.84,2.75,3.94,23,HL
253,1,рождение,2020-07-22 09:00,2020-07-23 08:00,HH·HL·HH·HL·HH,П6,LL,1846.52,1863.37,1847.36,1876.71,1863.85,1888.81,2.29,2.29,22,HL
253,2,продолжение,2020-07-23 13:00,2020-07-24 04:00,HH·HL·LH·HL·LH,П25,HL,1869.98,1898.37,1879.11,1890.41,1881.59,1890.27,1.52,2.81,14,HL
253,3,продолжение,2020-07-24 05:00,2020-07-27 14:00,HH·HL·HH·HL·HH,П6,HL,1882.36,1898.12,1887.28,1945.28,1931.32,1945.65,3.36,5.37,32,HL
254,1,рождение,2020-07-30 15:00,2020-08-03 06:00,HH·HL·HH·HL·LH,П12,LL,1939.34,1983.1,1959.96,1986.77,1960.54,1977.54,2.45,2.45,37,HL
255,1,рождение,2020-08-05 16:00,2020-08-06 14:00,LH·HL·HH·HL·HH,П1,LL,2028.69,2044.71,2034.65,2054.1,2041.14,2069.82,2.03,2.03,21,HL
256,1,рождение,2020-08-07 17:00,2020-08-10 09:00,LH·HL·LH·HL·LH,П29,LL,2015.53,2037.21,2019.3,2036.33,2027.36,2035.59,1.08,1.08,15,HL
257,1,рождение,2020-08-13 12:00,2020-08-14 05:00,HH·HL·LH·HL·LH,П25,LL,1920.51,1966.42,1937.83,1962.43,1945.21,1957.15,2.39,2.39,16,LL
258,1,рождение,2020-08-17 00:00,2020-08-17 20:00,HH·HL·HH·HL·LH,П12,LL,1929.65,1957.26,1947.95,1991.09,1979.67,1985.71,3.18,3.18,20,HL
259,1,рождение,2020-08-18 14:00,2020-08-19 13:00,LH·HL·LH·HL·LH,П29,LL,1976.04,2010.23,1980.59,1998.39,1981.45,1995.47,1.73,1.73,22,LL
260,1,рождение,2020-08-19 20:00,2020-08-20 15:00,LH·HL·LH·HL·HH,П20,LL,1924.78,1955.47,1924.86,1947.69,1926.23,1951.69,1.59,1.59,18,HL
261,1,рождение,2020-08-21 12:00,2020-08-24 12:00,LH·HL·LH·HL·HH,П20,LL,1911.59,1945.84,1930.01,1937.06,1930.82,1961.89,2.63,2.63,23,LL
262,1,рождение,2020-08-27 14:00,2020-08-28 16:00,LH·HL·HH·HL·HH,П1,LL,1910.19,1935.2,1923.19,1964.79,1950.86,1973.9,3.34,3.34,25,HL
263,1,рождение,2020-08-31 07:00,2020-09-01 12:00,LH·HL·HH·HL·LH,П5,LL,1954.42,1975.1,1965.34,1992.57,1984.09,1991.87,1.95,1.95,28,LL
264,1,рождение,2020-09-03 15:00,2020-09-04 12:00,LH·HL·HH·HL·HH,П1,LL,1921.9,1938.46,1925.8,1942.3,1930.85,1949.5,1.44,1.44,20,LL
265,1,рождение,2020-09-08 13:00,2020-09-09 08:00,HH·HL·LH·HL·LH,П25,LL,1906.63,1940.86,1923.16,1934.42,1923.91,1934.36,1.8,1.8,18,LL
266,1,рождение,2020-09-11 03:00,2020-09-14 15:00,HH·HL·LH·HL·HH,П16,LL,1937.24,1954.77,1937.25,1951.74,1940.03,1962.54,1.31,1.31,35,HL
266,2,продолжение,2020-09-14 17:00,2020-09-15 11:00,LH·HL·HH·HL·HH,П1,HL,1953.24,1959.22,1955.25,1969.19,1960.3,1972.22,0.97,1.81,17,LL
267,1,рождение,2020-09-15 14:00,2020-09-16 13:00,LH·HL·HH·HL·HH,П1,LL,1948.47,1958.92,1949.91,1968.82,1961.75,1973.78,1.3,1.3,22,LL
268,1,рождение,2020-09-22 07:00,2020-09-23 00:00,HH·HL·LH·HL·LH,П25,LL,1894.7,1917.63,1896.93,1907.13,1897.87,1905.44,1.21,1.21,16,LL
269,1,рождение,2020-09-24 09:00,2020-09-25 07:00,HH·HL·LH·HL·HH,П16,LL,1848.84,1877.12,1861.83,1871.57,1862.08,1875.22,1.53,1.53,21,LL
270,1,рождение,2020-09-28 08:00,2020-09-29 23:00,HH·HL·HH·HL·HH,П6,LL,1848.8,1887.33,1875.68,1890.18,1877.53,1899.18,2.73,2.73,37,HL
270,2,продолжение,2020-09-30 09:00,2020-10-01 07:00,HH·HL·HH·HL·LH,П12,HL,1881.52,1900.06,1881.74,1902.35,1884.72,1900.39,1.11,2.9,21,HL
271,1,рождение,2020-10-08 17:00,2020-10-11 23:00,HH·HL·HH·HL·HH,П6,LL,1882.0,1912.97,1905.76,1929.32,1919.62,1933.29,2.73,2.73,28,HL
272,1,рождение,2020-10-14 01:00,2020-10-14 19:00,HH·HL·HH·HL·LH,П12,LL,1882.43,1897.86,1892.6,1912.96,1899.85,1904.65,1.62,1.62,18,LL
273,1,рождение,2020-10-20 14:00,2020-10-21 08:00,HH·HL·HH·HL·HH,П6,LL,1897.74,1914.12,1906.72,1920.48,1915.09,1922.85,1.32,1.32,17,LL
274,1,рождение,2020-10-22 14:00,2020-10-23 12:00,LH·HL·HH·HL·HH,П1,LL,1894.78,1907.53,1901.44,1907.84,1902.83,1914.36,1.03,1.03,21,LL
275,1,рождение,2020-10-25 22:00,2020-10-27 02:00,LH·HL·HH·HL·HH,П1,LL,1891.51,1902.52,1894.96,1908.59,1898.96,1910.45,1.0,1.0,27,LL
276,1,рождение,2020-10-27 09:00,2020-10-28 06:00,HH·HL·LH·HL·HH,П16,LL,1897.91,1911.35,1902.51,1908.33,1904.58,1910.83,0.71,0.71,20,LL
277,1,рождение,2020-10-28 15:00,2020-10-29 06:00,LH·HL·LH·HL·HH,П20,LL,1869.46,1884.29,1875.16,1880.22,1875.95,1885.05,0.83,0.83,14,LL
278,1,рождение,2020-10-29 13:00,2020-10-30 13:00,LH·HL·HH·HL·HH,П1,LL,1860.08,1876.78,1864.4,1878.14,1866.73,1889.76,1.6,1.6,23,HL
278,2,продолжение,2020-11-02 01:00,2020-11-03 02:00,LH·HL·HH·HL·HH,П1,HL,1873.5,1885.64,1879.89,1893.14,1885.87,1898.55,1.34,2.07,24,HL
279,1,рождение,2020-11-04 01:00,2020-11-05 16:00,LH·HL·LH·HL·HH,П20,LL,1882.21,1912.32,1893.3,1909.82,1905.63,1952.79,3.75,3.75,38,HL
279,2,продолжение,2020-11-06 04:00,2020-11-09 05:00,HH·HL·LH·HL·HH,П16,HL,1935.72,1960.39,1941.32,1955.32,1950.91,1965.57,1.54,4.43,24,HL
280,1,рождение,2020-11-09 16:00,2020-11-11 06:00,LH·HL·LH·HL·LH,П29,LL,1850.53,1890.51,1867.52,1885.37,1872.07,1884.47,2.16,2.16,36,HL
281,1,рождение,2020-11-11 14:00,2020-11-12 15:00,LH·HL·HH·HL·HH,П1,LL,1856.45,1872.73,1863.32,1873.01,1867.61,1883.88,1.48,1.48,24,HL
281,2,продолжение,2020-11-12 20:00,2020-11-16 02:00,LH·HL·HH·HL·HH,П1,HL,1874.15,1882.01,1875.96,1896.88,1884.74,1899.11,1.33,2.3,28,HL
282,1,рождение,2020-11-19 13:00,2020-11-20 15:00,HH·HL·HH·HL·HH,П6,LL,1852.79,1867.79,1860.97,1869.86,1861.06,1879.82,1.46,1.46,25,HL
283,1,рождение,2020-11-25 19:00,2020-11-26 13:00,LH·HL·HH·HL·LH,П5,LL,1804.33,1812.76,1806.86,1818.34,1811.16,1815.3,0.78,0.78,17,LL
284,1,рождение,2020-11-30 02:00,2020-12-01 14:00,LH·HL·HH·HL·HH,П1,LL,1764.57,1783.91,1764.67,1784.53,1775.52,1815.27,2.87,2.87,35,HL
284,2,продолжение,2020-12-01 15:00,2020-12-02 23:00,HH·HL·HH·HL·LH,П12,HL,1805.05,1817.36,1807.54,1832.52,1812.78,1831.84,1.52,3.85,30,HL
284,3,продолжение,2020-12-03 01:00,2020-12-03 12:00,HH·HL·HH·HL·HH,П6,HL,1826.22,1837.45,1830.7,1843.59,1834.86,1843.98,0.97,4.5,11,LL
285,1,рождение,2020-12-07 08:00,2020-12-08 14:00,HH·HL·HH·HL·HH,П6,LL,1822.25,1868.58,1856.95,1871.88,1860.35,1875.31,2.91,2.91,30,LL
286,1,рождение,2020-12-09 18:00,2020-12-11 02:00,LH·HL·HH·HL·LH,П5,LL,1825.58,1842.52,1828.77,1850.02,1830.28,1840.75,1.34,1.34,30,LL
287,1,рождение,2020-12-14 10:00,2020-12-14 21:00,LH·HL·LH·HL·LH,П29,LL,1819.42,1839.1,1822.28,1830.37,1824.59,1829.51,1.08,1.08,11,HL
287,2,продолжение,2020-12-15 01:00,2020-12-15 20:00,HH·HL·HH·HL·LH,П12,HL,1825.57,1847.6,1842.49,1855.44,1844.69,1854.75,1.64,1.98,19,HL
288,1,рождение,2020-12-16 19:00,2020-12-17 14:00,HH·HL·HH·HL·HH,П6,LL,1844.84,1867.58,1862.13,1883.22,1872.06,1896.32,2.79,2.79,18,HL
289,1,рождение,2020-12-28 11:00,2020-12-29 08:00,LH·HL·LH·HL·HH,П20,LL,1869.31,1896.55,1871.2,1882.83,1875.24,1883.6,1.46,1.46,20,LL
290,1,рождение,2020-12-29 15:00,2020-12-30 04:00,HH·HL·LH·HL·HH,П16,LL,1871.87,1886.44,1876.72,1880.02,1877.05,1886.17,0.78,0.78,12,LL
291,1,рождение,2020-12-30 13:00,2020-12-31 16:00,HH·HL·LH·HL·HH,П16,LL,1876.2,1899.9,1885.53,1896.16,1891.92,1900.44,1.29,1.29,26,LL
292,1,рождение,2020-12-31 18:00,2021-01-04 23:00,HH·HL·HH·HL·HH,П6,LL,1890.47,1925.35,1919.12,1944.52,1929.42,1945.74,2.92,2.92,27,HL
292,2,продолжение,2021-01-05 01:00,2021-01-05 19:00,LH·HL·HH·HL·HH,П1,HL,1934.44,1944.02,1936.78,1952.73,1939.13,1953.09,0.96,3.31,18,HL
293,1,рождение,2021-01-11 01:00,2021-01-11 23:00,LH·HL·LH·HL·LH,П29,LL,1817.16,1855.57,1829.12,1851.67,1843.51,1848.62,2.11,2.11,21,LL
294,1,рождение,2021-01-14 02:00,2021-01-14 18:00,LH·HL·LH·HL·HH,П20,LL,1829.49,1847.04,1836.29,1845.31,1836.8,1857.59,1.54,1.54,16,HL
295,1,рождение,2021-01-22 13:00,2021-01-25 05:00,LH·HL·HH·HL·LH,П5,LL,1837.46,1858.47,1852.62,1860.06,1852.91,1856.61,1.23,1.23,15,LL
296,1,рождение,2021-01-27 14:00,2021-01-28 15:00,LH·HL·LH·HL·HH,П20,LL,1831.43,1850.67,1834.13,1839.36,1834.16,1864.22,1.79,1.79,24,HL
296,2,продолжение,2021-01-28 18:00,2021-01-29 14:00,LH·HL·HH·HL·HH,П1,HL,1835.08,1845.38,1839.65,1851.76,1842.45,1875.74,2.22,2.42,19,LL
297,1,рождение,2021-02-02 14:00,2021-02-03 13:00,LH·HL·HH·HL·LH,П5,LL,1829.61,1839.87,1831.78,1844.95,1832.69,1842.39,0.84,0.84,22,LL
298,1,рождение,2021-02-04 15:00,2021-02-05 17:00,LH·HL·HH·HL·HH,П1,LL,1785.02,1795.97,1792.13,1811.32,1793.53,1815.2,1.69,1.69,25,HL
299,1,рождение,2021-02-08 08:00,2021-02-09 09:00,HH·HL·HH·HL·HH,П6,LL,1807.87,1839.23,1828.93,1843.4,1838.22,1848.63,2.25,2.25,24,LL
300,1,рождение,2021-02-09 14:00,2021-02-10 23:00,HH·HL·LH·HL·LH,П25,LL,1832.28,1855.45,1834.97,1846.39,1840.89,1844.39,1.26,1.26,31,LL
301,1,рождение,2021-02-15 10:00,2021-02-16 10:00,LH·HL·HH·HL·LH,П5,LL,1816.07,1824.37,1816.19,1826.5,1818.96,1825.68,0.57,0.57,19,LL
302,1,рождение,2021-02-19 01:00,2021-02-22 01:00,HH·HL·HH·HL·LH,П12,LL,1760.75,1777.62,1767.99,1791.7,1777.42,1789.73,1.76,1.76,23,HL
302,2,продолжение,2021-02-22 03:00,2021-02-23 03:00,HH·HL·HH·HL·HH,П6,HL,1780.78,1799.3,1793.51,1812.72,1806.32,1816.1,1.98,3.14,23,LL
303,1,рождение,2021-03-02 03:00,2021-03-02 23:00,HH·HL·HH·HL·HH,П6,LL,1707.34,1736.35,1720.43,1738.59,1732.95,1741.02,1.97,1.97,19,LL
304,1,рождение,2021-03-12 09:00,2021-03-16 01:00,HH·HL·HH·HL·LH,П12,LL,1699.22,1734.08,1721.72,1734.58,1722.76,1734.18,2.08,2.08,39,HL
305,1,рождение,2021-03-16 07:00,2021-03-17 10:00,HH·HL·LH·HL·LH,П25,LL,1726.2,1741.2,1726.85,1737.98,1733.52,1737.18,0.87,0.87,26,LL
306,1,рождение,2021-03-18 13:00,2021-03-21 22:00,LH·HL·HH·HL·HH,П1,LL,1719.25,1737.72,1728.54,1745.43,1733.32,1747.05,1.62,1.62,31,LL
307,1,рождение,2021-03-22 07:00,2021-03-23 00:00,LH·HL·HH·HL·LH,П5,LL,1727.35,1739.09,1730.61,1741.12,1738.13,1740.55,0.8,0.8,16,LL
308,1,рождение,2021-03-24 01:00,2021-03-24 16:00,HH·HL·HH·HL·HH,П6,LL,1723.89,1734.54,1727.23,1735.99,1728.44,1738.62,0.85,0.85,15,HL
309,1,рождение,2021-03-31 02:00,2021-04-01 07:00,HH·HL·HH·HL·HH,П6,LL,1677.95,1688.82,1682.34,1715.28,1705.87,1720.06,2.51,2.51,28,HL
309,2,продолжение,2021-04-01 11:00,2021-04-05 15:00,HH·HL·LH·HL·HH,П16,HL,1710.48,1730.64,1721.37,1728.56,1721.97,1733.65,1.35,3.32,27,HL
309,3,продолжение,2021-04-05 18:00,2021-04-06 19:00,HH·HL·HH·HL·LH,П12,HL,1725.13,1738.64,1727.85,1745.44,1740.04,1744.55,1.18,4.02,24,LL
310,1,рождение,2021-04-07 12:00,2021-04-08 14:00,HH·HL·HH·HL·HH,П6,LL,1730.73,1743.31,1733.26,1747.74,1741.68,1758.72,1.62,1.62,25,LL
311,1,рождение,2021-04-14 14:00,2021-04-15 15:00,LH·HL·HH·HL·HH,П1,LL,1732.65,1740.55,1734.49,1749.23,1744.62,1769.66,2.14,2.14,24,HL
311,2,продолжение,2021-04-16 02:00,2021-04-16 17:00,LH·HL·HH·HL·LH,П5,HL,1759.91,1766.34,1761.62,1783.9,1772.05,1780.38,1.36,2.96,15,HL
312,1,рождение,2021-04-20 09:00,2021-04-21 07:00,LH·HL·HH·HL·HH,П1,LL,1763.72,1775.68,1766.15,1780.51,1776.32,1788.44,1.4,1.4,21,HL
313,1,рождение,2021-04-23 14:00,2021-04-26 10:00,LH·HL·HH·HL·LH,П5,LL,1770.12,1779.37,1774.05,1783.56,1775.02,1782.32,0.76,0.76,19,LL
314,1,рождение,2021-04-26 12:00,2021-04-27 12:00,HH·HL·LH·HL·HH,П16,LL,1768.85,1784.2,1773.82,1783.47,1776.13,1785.66,0.95,0.95,23,LL
315,1,рождение,2021-04-28 12:00,2021-04-29 12:00,HH·HL·HH·HL·LH,П12,LL,1762.76,1775.93,1770.5,1790.03,1772.29,1781.45,1.55,1.55,23,LL
316,1,рождение,2021-04-30 14:00,2021-05-04 08:00,LH·HL·HH·HL·LH,П5,LL,1764.31,1772.36,1766.29,1798.07,1784.0,1790.6,1.91,1.91,40,LL
317,1,рождение,2021-05-05 12:00,2021-05-06 15:00,HH·HL·HH·HL·HH,П6,LL,1770.44,1788.03,1782.05,1795.85,1788.38,1818.13,2.69,2.69,26,HL
318,1,рождение,2021-05-07 01:00,2021-05-09 23:00,HH·HL·HH·HL·LH,П12,LL,1812.91,1822.41,1817.37,1843.4,1817.38,1837.01,1.68,1.68,21,HL
318,2,продолжение,2021-05-10 01:00,2021-05-10 20:00,HH·HL·HH·HL·LH,П12,HL,1830.07,1839.23,1833.59,1845.54,1834.0,1838.79,0.85,1.8,19,LL
319,1,рождение,2021-05-14 03:00,2021-05-17 17:00,HH·HL·HH·HL·HH,П6,LL,1819.85,1848.19,1843.65,1855.46,1844.11,1868.53,2.67,2.67,37,HL
319,2,продолжение,2021-05-17 22:00,2021-05-18 12:00,HH·HL·LH·HL·HH,П16,HL,1865.37,1873.83,1866.86,1871.7,1867.42,1875.04,0.52,3.03,14,LL
320,1,рождение,2021-05-19 11:00,2021-05-20 16:00,HH·HL·LH·HL·HH,П16,LL,1852.23,1890.14,1862.06,1879.13,1865.31,1883.98,2.05,2.05,28,HL
321,1,рождение,2021-05-25 01:00,2021-05-26 03:00,HH·HL·HH·HL·HH,П6,LL,1872.76,1887.35,1879.89,1900.3,1897.07,1907.82,1.87,1.87,25,HL
322,1,рождение,2021-05-26 17:00,2021-05-27 13:00,LH·HL·HH·HL·LH,П5,LL,1890.74,1897.79,1892.27,1903.71,1894.16,1898.86,0.69,0.69,19,LL
323,1,рождение,2021-05-28 12:00,2021-05-31 09:00,HH·HL·HH·HL·LH,П12,LL,1882.25,1906.12,1902.62,1910.65,1903.57,1907.02,1.51,1.51,20,LL
324,1,рождение,2021-06-04 01:00,2021-06-04 19:00,HH·HL·HH·HL·LH,П12,LL,1856.04,1875.15,1868.81,1896.24,1888.37,1892.24,2.17,2.17,18,LL
325,1,рождение,2021-06-14 12:00,2021-06-15 13:00,LH·HL·LH·HL·LH,П29,LL,1844.63,1869.84,1858.76,1869.2,1862.29,1868.15,1.37,1.37,24,LL
326,1,рождение,2021-06-17 15:00,2021-06-18 09:00,LH·HL·HH·HL·HH,П1,LL,1767.3,1782.01,1769.73,1787.21,1782.23,1797.32,1.7,1.7,17,LL
327,1,рождение,2021-06-18 20:00,2021-06-21 22:00,LH·HL·HH·HL·HH,П1,LL,1761.04,1776.93,1766.53,1785.95,1773.56,1787.77,1.52,1.52,24,HL
328,1,рождение,2021-06-22 12:00,2021-06-23 09:00,LH·HL·HH·HL·HH,П1,LL,1772.39,1783.22,1775.22,1783.96,1777.61,1785.59,0.74,0.74,20,HL
329,1,рождение,2021-06-24 04:00,2021-06-25 02:00,HH·HL·LH·HL·HH,П16,LL,1772.88,1788.04,1773.67,1777.21,1773.8,1779.69,0.86,0.86,21,HL
330,1,рождение,2021-06-28 01:00,2021-06-29 05:00,HH·HL·LH·HL·LH,П25,LL,1770.78,1785.83,1773.47,1783.03,1773.85,1779.03,0.85,0.85,27,LL
331,1,рождение,2021-06-30 08:00,2021-07-01 14:00,HH·HL·HH·HL·HH,П6,LL,1753.44,1774.45,1765.74,1779.11,1772.46,1782.89,1.68,1.68,29,LL
332,1,рождение,2021-07-02 07:00,2021-07-05 08:00,HH·HL·LH·HL·HH,П16,LL,1774.36,1795.1,1784.52,1789.97,1784.79,1794.74,1.17,1.17,24,HL
332,2,продолжение,2021-07-05 11:00,2021-07-06 12:00,LH·HL·HH·HL·HH,П1,HL,1789.28,1793.28,1789.97,1809.22,1802.45,1815.05,1.44,2.29,20,LL
333,1,рождение,2021-07-06 16:00,2021-07-07 12:00,LH·HL·HH·HL·HH,П1,LL,1790.15,1797.76,1793.99,1803.02,1797.42,1809.89,1.1,1.1,19,LL
334,1,рождение,2021-07-08 15:00,2021-07-09 18:00,LH·HL·LH·HL·HH,П20,LL,1794.21,1807.93,1796.74,1806.11,1798.33,1812.44,1.02,1.02,26,HL
335,1,рождение,2021-07-12 14:00,2021-07-13 06:00,HH·HL·HH·HL·LH,П12,LL,1791.64,1807.57,1805.18,1812.85,1806.17,1812.41,1.18,1.18,15,LL
336,1,рождение,2021-07-19 12:00,2021-07-20 02:00,LH·HL·LH·HL·HH,П20,LL,1795.12,1815.65,1804.94,1813.41,1810.83,1819.17,1.34,1.34,13,HL
337,1,рождение,2021-07-22 08:00,2021-07-22 23:00,HH·HL·HH·HL·HH,П6,LL,1792.84,1806.3,1794.14,1808.12,1806.22,1808.61,0.88,0.88,14,LL
338,1,рождение,2021-07-28 18:00,2021-07-29 23:00,HH·HL·HH·HL·LH,П12,LL,1792.8,1817.55,1815.23,1832.73,1827.88,1831.31,2.23,2.23,27,LL
339,1,рождение,2021-08-03 12:00,2021-08-04 07:00,HH·HL·LH·HL·HH,П16,LL,1807.17,1815.07,1808.78,1814.88,1812.13,1815.26,0.45,0.45,18,LL
340,1,рождение,2021-08-10 14:00,2021-08-11 17:00,LH·HL·HH·HL·HH,П1,LL,1717.79,1732.84,1724.2,1735.26,1728.98,1754.53,2.14,2.14,26,HL
341,1,рождение,2021-08-12 13:00,2021-08-13 16:00,LH·HL·HH·HL·HH,П1,LL,1741.65,1754.03,1751.74,1760.35,1757.04,1779.34,2.16,2.16,26,HL
342,1,рождение,2021-08-17 15:00,2021-08-18 07:00,LH·HL·HH·HL·HH,П1,LL,1780.67,1786.96,1785.18,1792.36,1787.96,1793.83,0.74,0.74,15,LL
343,1,рождение,2021-08-19 03:00,2021-08-20 12:00,HH·HL·LH·HL·LH,П25,LL,1774.21,1792.55,1776.46,1788.49,1779.93,1786.77,1.03,1.03,32,LL
344,1,рождение,2021-08-23 01:00,2021-08-24 06:00,HH·HL·HH·HL·LH,П12,LL,1776.56,1788.79,1784.35,1806.44,1800.84,1805.16,1.68,1.68,28,LL
345,1,рождение,2021-09-02 14:00,2021-09-03 15:00,LH·HL·HH·HL·HH,П1,LL,1804.9,1811.15,1809.05,1814.93,1810.76,1834.04,1.61,1.61,24,HL
346,1,рождение,2021-09-09 14:00,2021-09-10 12:00,LH·HL·HH·HL·LH,П5,LL,1783.9,1799.22,1791.02,1803.92,1796.21,1800.62,1.12,1.12,21,LL
347,1,рождение,2021-09-20 02:00,2021-09-22 02:00,HH·HL·HH·HL·LH,П12,LL,1742.08,1767.21,1758.0,1781.84,1772.36,1779.26,2.28,2.28,46,HL
348,1,рождение,2021-09-23 20:00,2021-09-27 02:00,HH·HL·LH·HL·HH,П16,LL,1737.84,1757.65,1740.52,1754.05,1746.04,1760.91,1.33,1.33,28,LL
349,1,рождение,2021-09-28 12:00,2021-09-29 10:00,LH·HL·HH·HL·HH,П1,LL,1728.19,1741.34,1732.88,1741.42,1736.76,1745.53,1.0,1.0,21,LL
350,1,рождение,2021-09-30 11:00,2021-10-01 07:00,HH·HL·LH·HL·HH,П16,LL,1722.29,1764.24,1750.67,1756.92,1750.94,1757.29,2.44,2.44,19,LL
351,1,рождение,2021-10-01 12:00,2021-10-04 06:00,HH·HL·HH·HL·LH,П12,LL,1749.71,1764.35,1757.31,1765.76,1757.86,1762.76,0.92,0.92,17,LL
352,1,рождение,2021-10-07 13:00,2021-10-08 13:00,LH·HL·LH·HL·HH,П20,LL,1752.03,1763.24,1753.45,1760.63,1754.39,1781.4,1.68,1.68,23,HL
353,1,рождение,2021-10-11 13:00,2021-10-12 14:00,LH·HL·HH·HL·HH,П1,LL,1750.24,1760.22,1750.81,1762.68,1754.02,1769.42,1.1,1.1,24,HL
354,1,рождение,2021-10-18 10:00,2021-10-19 13:00,LH·HL·HH·HL·HH,П1,LL,1760.38,1771.27,1762.95,1783.01,1775.94,1785.16,1.41,1.41,26,LL
355,1,рождение,2021-10-20 00:00,2021-10-21 02:00,HH·HL·LH·HL·HH,П16,LL,1766.94,1788.47,1774.87,1787.62,1780.87,1789.46,1.27,1.27,25,HL
356,1,рождение,2021-10-21 12:00,2021-10-22 15:00,LH·HL·HH·HL·HH,П1,LL,1776.56,1783.29,1778.62,1794.81,1790.52,1813.85,2.1,2.1,26,LL
357,1,рождение,2021-10-22 15:00,2021-10-25 19:00,LH·HL·HH·HL·LH,П5,LL,1782.88,1801.11,1796.13,1810.08,1805.16,1808.43,1.53,1.53,27,LL
358,1,рождение,2021-10-26 14:00,2021-10-27 18:00,LH·HL·HH·HL·HH,П1,LL,1782.46,1795.15,1783.58,1798.18,1784.89,1799.06,0.93,0.93,27,HL
359,1,рождение,2021-10-29 14:00,2021-11-01 14:00,LH·HL·HH·HL·HH,П1,LL,1771.98,1783.75,1779.17,1787.82,1781.09,1795.84,1.35,1.35,23,HL
360,1,рождение,2021-11-03 14:00,2021-11-05 08:00,LH·HL·HH·HL·HH,П1,LL,1758.89,1778.37,1770.87,1798.95,1790.16,1800.18,2.35,2.35,40,LL
361,1,рождение,2021-11-05 12:00,2021-11-09 06:00,HH·HL·HH·HL·LH,П12,LL,1785.06,1821.57,1812.49,1827.22,1821.93,1827.22,2.36,2.36,39,LL
362,1,рождение,2021-11-09 07:00,2021-11-10 08:00,HH·HL·HH·HL·LH,П12,LL,1819.19,1830.49,1820.36,1832.76,1823.08,1827.26,0.75,0.75,24,LL
363,1,рождение,2021-11-10 13:00,2021-11-11 08:00,HH·HL·LH·HL·HH,П16,LL,1822.4,1868.63,1841.58,1852.82,1842.95,1864.37,2.54,2.54,18,HL
364,1,рождение,2021-11-15 07:00,2021-11-16 02:00,HH·HL·LH·HL·HH,П16,LL,1856.38,1870.58,1858.27,1867.88,1861.94,1868.87,0.76,0.76,18,HL
365,1,рождение,2021-11-17 00:00,2021-11-18 00:00,LH·HL·HH·HL·HH,П1,LL,1849.67,1856.17,1852.07,1868.13,1862.87,1870.94,1.15,1.15,23,LL
366,1,рождение,2021-11-24 14:00,2021-11-25 08:00,LH·HL·HH·HL·HH,П1,LL,1778.62,1791.46,1782.6,1794.34,1791.57,1795.15,0.93,0.93,17,LL
367,1,рождение,2021-11-29 19:00,2021-11-30 15:00,LH·HL·HH·HL·HH,П1,LL,1781.23,1796.01,1788.07,1798.6,1789.22,1808.86,1.55,1.55,19,LL
368,1,рождение,2021-11-30 17:00,2021-12-01 15:00,LH·HL·HH·HL·LH,П5,LL,1769.97,1777.86,1770.95,1794.7,1776.74,1792.29,1.4,1.4,21,HL
369,1,рождение,2021-12-02 18:00,2021-12-03 20:00,LH·HL·HH·HL·HH,П1,LL,1761.94,1776.55,1766.21,1778.8,1766.39,1786.12,1.37,1.37,25,HL
370,1,рождение,2021-12-07 13:00,2021-12-08 10:00,HH·HL·HH·HL·HH,П6,LL,1772.25,1787.88,1783.73,1791.63,1785.86,1793.15,1.18,1.18,20,LL
371,1,рождение,2021-12-10 09:00,2021-12-13 12:00,HH·HL·LH·HL·HH,П16,LL,1770.21,1789.53,1781.47,1788.81,1783.39,1791.66,1.21,1.21,26,LL
372,1,рождение,2021-12-13 14:00,2021-12-14 06:00,LH·HL·LH·HL·LH,П29,LL,1781.89,1790.2,1785.17,1789.55,1785.42,1788.51,0.47,0.47,15,LL
373,1,рождение,2021-12-14 14:00,2021-12-15 13:00,LH·HL·LH·HL·HH,П20,LL,1766.59,1773.94,1766.9,1771.42,1767.74,1773.72,0.42,0.42,22,LL
374,1,рождение,2021-12-15 19:00,2021-12-16 21:00,HH·HL·HH·HL·HH,П6,LL,1753.07,1784.26,1781.03,1799.11,1795.03,1799.69,2.66,2.66,25,HL
375,1,рождение,2021-12-22 08:00,2021-12-23 13:00,HH·HL·HH·HL·HH,П6,LL,1785.95,1805.05,1803.21,1808.5,1804.87,1810.09,1.35,1.35,28,LL
376,1,рождение,2021-12-27 13:00,2021-12-28 13:00,HH·HL·LH·HL·HH,П16,LL,1803.02,1813.52,1806.78,1812.74,1808.57,1820.31,0.96,0.96,23,LL
377,1,рождение,2021-12-29 13:00,2021-12-31 01:00,LH·HL·HH·HL·HH,П1,LL,1789.49,1805.71,1796.28,1817.2,1814.53,1819.08,1.65,1.65,34,HL
377,2,продолжение,2021-12-31 02:00,2022-01-03 10:00,HH·HL·HH·HL·LH,П12,HL,1814.77,1820.28,1815.2,1831.84,1821.12,1827.55,0.94,2.37,31,LL
378,1,рождение,2022-01-03 16:00,2022-01-04 07:00,LH·HL·HH·HL·HH,П1,LL,1798.38,1804.6,1801.07,1807.15,1803.25,1807.46,0.5,0.5,14,LL
379,1,рождение,2022-01-07 13:00,2022-01-10 11:00,HH·HL·LH·HL·HH,П16,LL,1782.67,1798.7,1790.88,1796.78,1791.38,1802.37,1.1,1.1,21,LL
380,1,рождение,2022-01-10 14:00,2022-01-12 05:00,HH·HL·HH·HL·LH,П12,LL,1790.44,1810.29,1801.85,1823.35,1817.83,1821.59,1.84,1.84,37,LL
381,1,рождение,2022-01-19 03:00,2022-01-20 08:00,HH·HL·HH·HL·LH,П12,LL,1810.35,1843.38,1838.11,1844.14,1838.55,1842.18,1.87,1.87,28,LL
382,1,рождение,2022-01-21 08:00,2022-01-24 09:00,HH·HL·LH·HL·HH,П16,LL,1828.55,1843.24,1828.63,1839.66,1836.49,1844.38,0.87,0.87,24,LL
383,1,рождение,2022-01-28 11:00,2022-01-31 19:00,LH·HL·LH·HL·HH,П20,LL,1780.33,1793.07,1785.61,1789.43,1786.09,1799.88,1.1,1.1,31,HL
383,2,продолжение,2022-02-01 03:00,2022-02-01 21:00,HH·HL·LH·HL·LH,П25,HL,1795.82,1808.79,1797.86,1807.93,1798.64,1802.4,0.72,1.6,18,LL
384,1,рождение,2022-02-04 14:00,2022-02-08 02:00,HH·HL·HH·HL·LH,П12,LL,1792.23,1815.41,1808.79,1823.59,1820.34,1823.28,1.75,1.75,34,LL
385,1,рождение,2022-02-08 07:00,2022-02-09 05:00,LH·HL·HH·HL·HH,П1,LL,1815.49,1821.08,1817.33,1828.81,1825.12,1829.17,0.75,0.75,21,HL
386,1,рождение,2022-02-09 14:00,2022-02-10 07:00,HH·HL·LH·HL·HH,П16,LL,1824.76,1835.85,1831.26,1834.8,1833.57,1836.13,0.62,0.62,16,LL
387,1,рождение,2022-02-11 07:00,2022-02-14 19:00,HH·HL·LH·HL·HH,П16,LL,1820.99,1865.46,1850.85,1858.51,1851.38,1874.19,2.92,2.92,35,HL
388,1,рождение,2022-02-15 12:00,2022-02-16 10:00,LH·HL·LH·HL·HH,П20,LL,1844.61,1857.26,1846.52,1856.55,1850.32,1859.65,0.82,0.82,21,HL
388,2,продолжение,2022-02-16 12:00,2022-02-18 00:00,HH·HL·HH·HL·HH,П6,HL,1851.38,1872.6,1867.89,1893.37,1882.81,1902.55,2.76,3.14,34,HL
389,1,рождение,2022-02-18 10:00,2022-02-21 00:00,HH·HL·LH·HL·HH,П16,LL,1886.66,1900.07,1890.45,1897.96,1893.65,1908.33,1.15,1.15,13,LL
390,1,рождение,2022-02-22 11:00,2022-02-23 01:00,LH·HL·LH·HL·LH,П29,LL,1891.47,1907.27,1893.94,1905.76,1897.7,1901.37,0.84,0.84,13,LL
391,1,рождение,2022-02-24 19:00,2022-02-28 05:00,LH·HL·HH·HL·LH,П5,LL,1878.1,1921.91,1882.99,1927.48,1904.64,1911.94,2.63,2.63,32,LL
392,1,рождение,2022-02-28 17:00,2022-03-01 21:00,LH·HL·HH·HL·HH,П1,LL,1890.92,1910.99,1901.47,1926.42,1911.2,1950.31,3.14,3.14,27,HL
393,1,рождение,2022-03-02 10:00,2022-03-03 02:00,LH·HL·LH·HL·LH,П29,LL,1913.75,1935.7,1914.96,1933.41,1926.26,1930.9,1.15,1.15,15,LL
394,1,рождение,2022-03-03 05:00,2022-03-07 01:00,HH·HL·HH·HL·HH,П6,LL,1922.11,1938.84,1923.36,1951.02,1929.71,2001.14,4.11,4.11,42,HL
395,1,рождение,2022-03-07 13:00,2022-03-08 16:00,LH·HL·HH·HL·HH,П1,LL,1961.08,2000.12,1981.11,2021.09,2003.64,2070.63,5.59,5.59,26,HL
396,1,рождение,2022-03-10 01:00,2022-03-10 18:00,LH·HL·HH·HL·LH,П5,LL,1970.53,1989.12,1974.47,2009.22,1981.72,2006.08,1.96,1.96,17,LL
397,1,рождение,2022-03-16 18:00,2022-03-17 15:00,HH·HL·HH·HL·HH,П6,LL,1895.07,1938.24,1930.15,1946.97,1935.56,1949.87,2.89,2.89,20,HL
398,1,рождение,2022-03-21 13:00,2022-03-22 05:00,HH·HL·HH·HL·LH,П12,LL,1918.03,1937.65,1927.07,1941.53,1929.4,1938.48,1.23,1.23,15,LL
399,1,рождение,2022-03-22 14:00,2022-03-23 14:00,LH·HL·LH·HL·HH,П20,LL,1910.73,1924.92,1915.64,1924.52,1917.02,1936.8,1.36,1.36,23,HL
399,2,продолжение,2022-03-23 15:00,2022-03-25 02:00,HH·HL·HH·HL·LH,П12,HL,1925.91,1948.69,1937.51,1966.21,1956.24,1964.38,2.09,2.9,33,LL
400,1,рождение,2022-03-29 12:00,2022-03-30 15:00,LH·HL·HH·HL·HH,П1,LL,1890.15,1921.48,1916.01,1928.49,1917.26,1938.62,2.56,2.56,26,HL
401,1,рождение,2022-03-31 05:00,2022-04-01 04:00,LH·HL·HH·HL·LH,П5,LL,1919.27,1933.97,1922.6,1949.86,1932.56,1939.62,1.59,1.59,22,LL
402,1,рождение,2022-04-06 18:00,2022-04-08 01:00,LH·HL·HH·HL·LH,П5,LL,1915.62,1927.45,1920.62,1937.85,1929.64,1935.57,1.16,1.16,29,LL
403,1,рождение,2022-04-08 05:00,2022-04-11 12:00,HH·HL·HH·HL·HH,П6,LL,1927.78,1948.22,1939.04,1950.03,1940.04,1970.03,2.19,2.19,30,HL
404,1,рождение,2022-04-12 09:00,2022-04-13 12:00,HH·HL·LH·HL·HH,П16,LL,1949.76,1978.68,1962.95,1973.62,1965.74,1980.73,1.59,1.59,26,HL
405,1,рождение,2022-04-14 14:00,2022-04-18 12:00,HH·HL·HH·HL·HH,П6,LL,1960.6,1988.61,1982.66,1993.94,1987.88,1998.46,1.93,1.93,21,LL
406,1,рождение,2022-04-21 11:00,2022-04-22 06:00,LH·HL·HH·HL·HH,П1,LL,1936.82,1949.69,1937.91,1954.05,1945.97,1955.71,0.98,0.98,18,LL
407,1,рождение,2022-04-28 05:00,2022-04-29 11:00,HH·HL·HH·HL·HH,П6,LL,1872.21,1895.44,1881.94,1896.8,1892.6,1919.98,2.55,2.55,29,LL
408,1,рождение,2022-05-04 06:00,2022-05-05 12:00,HH·HL·HH·HL·HH,П6,LL,1861.48,1872.13,1861.67,1903.48,1889.6,1909.82,2.6,2.6,29,LL
409,1,рождение,2022-05-06 01:00,2022-05-06 15:00,LH·HL·HH·HL·HH,П1,LL,1866.14,1878.01,1873.07,1890.14,1874.47,1892.58,1.42,1.42,14,LL
410,1,рождение,2022-05-16 07:00,2022-05-17 11:00,HH·HL·HH·HL·HH,П6,LL,1786.79,1829.36,1821.91,1830.37,1823.44,1836.15,2.76,2.76,27,LL
411,1,рождение,2022-05-23 17:00,2022-05-24 08:00,LH·HL·LH·HL·HH,П20,LL,1847.04,1858.9,1849.37,1857.19,1850.39,1860.75,0.74,0.74,14,HL
412,1,рождение,2022-05-26 11:00,2022-05-27 19:00,HH·HL·HH·HL·LH,П12,LL,1840.76,1856.54,1848.06,1862.05,1850.57,1854.93,1.16,1.16,31,LL
413,1,рождение,2022-06-01 09:00,2022-06-03 11:00,HH·HL·HH·HL·LH,П12,LL,1828.54,1849.98,1844.15,1874.17,1863.41,1867.95,2.5,2.5,48,LL
414,1,рождение,2022-06-07 01:00,2022-06-07 19:00,LH·HL·HH·HL·HH,П1,LL,1837.07,1844.57,1838.59,1853.64,1842.4,1855.63,1.01,1.01,18,HL
415,1,рождение,2022-06-08 12:00,2022-06-09 03:00,HH·HL·LH·HL·HH,П16,LL,1844.59,1859.68,1849.11,1854.48,1850.98,1855.41,0.82,0.82,14,LL
416,1,рождение,2022-06-14 19:00,2022-06-15 19:00,LH·HL·HH·HL·HH,П1,LL,1805.2,1819.38,1813.29,1836.57,1813.76,1841.96,2.04,2.04,23,HL
417,1,рождение,2022-06-17 19:00,2022-06-20 13:00,LH·HL·HH·HL·LH,П5,LL,1833.9,1841.98,1835.23,1846.16,1836.48,1843.26,0.67,0.67,17,LL
418,1,рождение,2022-06-29 09:00,2022-06-30 06:00,HH·HL·LH·HL·LH,П25,LL,1812.1,1833.11,1814.96,1822.04,1815.12,1817.89,1.16,1.16,20,LL
419,1,рождение,2022-07-01 12:00,2022-07-04 02:00,LH·HL·HH·HL·HH,П1,LL,1784.58,1808.88,1797.95,1811.72,1805.55,1814.38,1.67,1.67,13,LL
420,1,рождение,2022-07-06 16:00,2022-07-07 14:00,LH·HL·HH·HL·HH,П1,LL,1732.34,1743.97,1736.58,1747.74,1738.03,1749.13,0.97,0.97,21,HL
421,1,рождение,2022-07-19 00:00,2022-07-20 04:00,HH·HL·LH·HL·LH,П25,LL,1705.44,1718.48,1708.62,1715.33,1709.6,1713.49,0.76,0.76,27,LL
422,1,рождение,2022-07-21 11:00,2022-07-22 20:00,HH·HL·HH·HL·LH,П12,LL,1680.93,1720.25,1712.96,1739.36,1720.43,1727.85,3.48,3.48,32,LL
423,1,рождение,2022-07-27 13:00,2022-07-28 15:00,HH·HL·HH·HL·HH,П6,LL,1711.56,1741.78,1734.18,1748.56,1736.09,1756.92,2.65,2.65,25,HL
424,1,рождение,2022-08-01 05:00,2022-08-02 06:00,HH·HL·HH·HL·LH,П12,LL,1758.4,1775.38,1764.26,1780.58,1770.88,1776.21,1.26,1.26,24,LL
425,1,рождение,2022-08-03 14:00,2022-08-04 18:00,LH·HL·HH·HL·HH,П1,LL,1754.35,1766.3,1769.12,1788.45,1774.38,1794.96,2.31,2.31,27,HL
426,1,рождение,2022-08-05 13:00,2022-08-08 23:00,LH·HL·HH·HL·HH,П1,LL,1765.05,1775.5,1771.43,1779.22,1772.64,1790.78,1.46,1.46,32,HL
426,2,продолжение,2022-08-09 02:00,2022-08-09 16:00,HH·HL·HH·HL·LH,П12,HL,1783.31,1794.72,1788.07,1800.47,1790.21,1798.33,0.96,2.01,14,HL
427,1,рождение,2022-08-11 05:00,2022-08-12 07:00,HH·HL·LH·HL·HH,П16,LL,1783.59,1799.42,1785.09,1790.24,1786.26,1794.18,0.89,0.89,25,LL
428,1,рождение,2022-08-16 12:00,2022-08-17 06:00,LH·HL·LH·HL·HH,П20,LL,1771.52,1778.67,1772.9,1777.65,1773.91,1782.4,0.61,0.61,17,LL
429,1,рождение,2022-08-22 12:00,2022-08-23 01:00,LH·HL·LH·HL·HH,П20,LL,1727.85,1740.09,1733.85,1737.86,1734.27,1740.61,0.74,0.74,12,HL
430,1,рождение,2022-08-24 11:00,2022-08-25 11:00,HH·HL·LH·HL·HH,П16,LL,1742.52,1755.94,1747.77,1752.8,1749.99,1765.58,1.32,1.32,23,HL
431,1,рождение,2022-09-01 14:00,2022-09-02 14:00,LH·HL·LH·HL·HH,П20,LL,1688.91,1699.66,1694.38,1699.37,1696.39,1718.02,1.72,1.72,23,HL
431,2,продолжение,2022-09-05 00:00,2022-09-06 00:00,LH·HL·HH·HL·HH,П1,HL,1707.8,1714.12,1708.31,1715.84,1709.61,1726.8,1.11,2.24,21,LL
432,1,рождение,2022-09-07 04:00,2022-09-08 11:00,HH·HL·HH·HL·HH,П6,LL,1691.46,1707.22,1697.11,1719.51,1713.57,1728.23,2.17,2.17,30,LL
433,1,рождение,2022-09-12 04:00,2022-09-13 00:00,HH·HL·HH·HL·LH,П12,LL,1712.04,1733.97,1723.82,1735.18,1723.83,1727.64,1.35,1.35,19,LL
434,1,рождение,2022-09-16 08:00,2022-09-18 23:00,HH·HL·HH·HL·LH,П12,LL,1654.19,1667.87,1657.21,1680.44,1671.22,1680.02,1.59,1.59,14,LL
435,1,рождение,2022-09-19 07:00,2022-09-20 03:00,LH·HL·HH·HL·LH,П5,LL,1659.75,1675.36,1668.98,1679.49,1673.46,1677.94,1.19,1.19,19,LL
436,1,рождение,2022-09-21 18:00,2022-09-23 01:00,LH·HL·HH·HL·LH,П5,LL,1653.87,1678.25,1664.82,1684.95,1667.98,1675.91,1.88,1.88,29,HL
437,1,рождение,2022-09-26 00:00,2022-09-26 14:00,HH·HL·HH·HL·LH,П12,LL,1626.77,1646.07,1634.71,1649.84,1636.25,1648.35,1.42,1.42,14,LL
438,1,рождение,2022-09-28 07:00,2022-09-30 00:00,HH·HL·HH·HL·HH,П6,LL,1614.92,1662.79,1641.58,1664.89,1657.25,1665.33,3.12,3.12,39,HL
439,1,рождение,2022-10-03 09:00,2022-10-04 16:00,HH·HL·HH·HL·HH,П6,LL,1659.69,1702.62,1695.24,1710.78,1700.57,1729.59,4.21,4.21,30,HL
440,1,рождение,2022-10-11 10:00,2022-10-12 01:00,HH·HL·HH·HL·LH,П12,LL,1661.03,1672.98,1663.53,1684.04,1663.85,1666.96,1.39,1.39,14,LL
441,1,рождение,2022-10-12 02:00,2022-10-12 18:00,HH·HL·LH·HL·HH,П16,LL,1661.47,1675.42,1664.88,1673.29,1667.78,1678.37,1.02,1.02,16,LL
442,1,рождение,2022-10-25 10:00,2022-10-26 15:00,HH·HL·HH·HL·LH,П12,LL,1638.36,1662.44,1649.82,1675.01,1660.71,1672.66,2.24,2.24,28,HL
443,1,рождение,2022-10-27 12:00,2022-10-28 02:00,LH·HL·LH·HL·HH,П20,LL,1654.89,1665.84,1656.82,1663.53,1660.62,1667.11,0.74,0.74,13,LL
444,1,рождение,2022-11-01 00:00,2022-11-02 18:00,HH·HL·LH·HL·HH,П16,LL,1630.8,1657.06,1642.16,1651.15,1646.17,1669.54,2.38,2.38,41,LL
445,1,рождение,2022-11-03 11:00,2022-11-04 20:00,LH·HL·HH·HL·HH,П1,LL,1616.67,1632.39,1628.73,1649.91,1641.55,1681.76,4.03,4.03,32,HL
446,1,рождение,2022-11-09 19:00,2022-11-11 10:00,LH·HL·HH·HL·HH,П1,LL,1702.26,1712.63,1704.04,1757.32,1747.31,1766.65,3.78,3.78,37,HL
446,2,продолжение,2022-11-11 11:00,2022-11-14 08:00,LH·HL·HH·HL·LH,П5,HL,1755.12,1766.13,1755.63,1772.93,1758.03,1766.26,1.02,4.15,20,LL
447,1,рождение,2022-11-14 11:00,2022-11-15 13:00,HH·HL·LH·HL·HH,П16,LL,1753.32,1775.09,1767.13,1772.4,1768.8,1786.55,1.9,1.9,25,LL
448,1,рождение,2022-11-15 17:00,2022-11-16 20:00,LH·HL·LH·HL·LH,П29,LL,1768.07,1785.94,1770.38,1785.1,1771.0,1776.26,1.01,1.01,26,LL
449,1,рождение,2022-11-17 14:00,2022-11-18 09:00,LH·HL·HH·HL·HH,П1,LL,1754.51,1762.37,1759.4,1765.78,1761.22,1767.73,0.75,0.75,18,LL
450,1,рождение,2022-11-23 13:00,2022-11-24 10:00,HH·HL·HH·HL·HH,П6,LL,1727.49,1753.46,1749.34,1756.97,1752.49,1758.7,1.81,1.81,20,HL
451,1,рождение,2022-11-28 19:00,2022-11-30 04:00,LH·HL·LH·HL·LH,П29,LL,1739.67,1759.04,1747.0,1758.09,1747.85,1755.8,1.11,1.11,31,HL
452,1,рождение,2022-11-30 18:00,2022-12-01 23:00,HH·HL·HH·HL·HH,П6,LL,1744.95,1780.04,1772.03,1783.74,1774.69,1804.63,3.42,3.42,27,HL
453,1,рождение,2022-12-06 18:00,2022-12-07 08:00,LH·HL·HH·HL·HH,П1,LL,1767.37,1772.77,1768.83,1775.27,1769.74,1775.95,0.49,0.49,13,HL
453,2,продолжение,2022-12-07 12:00,2022-12-08 15:00,HH·HL·LH·HL·HH,П16,HL,1770.86,1790.59,1781.49,1787.19,1781.76,1794.88,1.36,1.56,26,HL
453,3,продолжение,2022-12-08 18:00,2022-12-09 16:00,HH·HL·HH·HL·HH,П6,HL,1786.66,1797.82,1789.03,1805.87,1790.19,1806.16,1.09,2.2,21,LL
454,1,рождение,2022-12-12 19:00,2022-12-13 14:00,LH·HL·HH·HL·HH,П1,LL,1777.68,1786.13,1781.19,1788.7,1782.63,1824.52,2.63,2.63,18,HL
455,1,рождение,2022-12-19 16:00,2022-12-20 15:00,LH·HL·HH·HL·HH,П1,LL,1783.9,1788.18,1784.69,1809.5,1798.4,1821.14,2.09,2.09,22,HL
456,1,рождение,2022-12-21 11:00,2022-12-22 13:00,HH·HL·LH·HL·LH,П25,LL,1811.92,1823.87,1812.92,1820.46,1813.76,1819.94,0.66,0.66,25,LL
457,1,рождение,2022-12-23 14:00,2022-12-27 15:00,HH·HL·HH·HL·HH,П6,LL,1791.25,1803.24,1793.66,1811.61,1802.41,1833.44,2.36,2.36,24,HL
458,1,рождение,2022-12-28 16:00,2022-12-29 09:00,LH·HL·HH·HL·HH,П1,LL,1797.1,1809.3,1802.87,1809.34,1804.86,1812.03,0.83,0.83,16,LL
459,1,рождение,2022-12-30 10:00,2023-01-03 07:00,HH·HL·HH·HL·HH,П6,LL,1813.4,1825.27,1814.37,1843.22,1838.03,1849.99,2.02,2.02,20,LL
460,1,рождение,2023-01-03 15:00,2023-01-04 08:00,LH·HL·HH·HL·HH,П1,LL,1827.64,1840.28,1836.24,1847.21,1844.75,1865.21,2.06,2.06,16,HL
461,1,рождение,2023-01-05 15:00,2023-01-06 07:00,LH·HL·HH·HL·LH,П5,LL,1825.13,1837.47,1831.42,1840.91,1835.76,1840.68,0.86,0.86,15,LL
462,1,рождение,2023-01-06 09:00,2023-01-09 14:00,HH·HL·HH·HL·HH,П6,LL,1833.32,1869.92,1865.78,1881.02,1870.56,1881.55,2.63,2.63,28,LL
463,1,рождение,2023-01-10 12:00,2023-01-11 09:00,HH·HL·LH·HL·HH,П16,LL,1870.47,1880.8,1871.29,1878.72,1872.07,1886.69,0.87,0.87,20,LL
464,1,рождение,2023-01-11 16:00,2023-01-12 13:00,LH·HL·HH·HL·HH,П1,LL,1867.22,1878.54,1874.96,1885.09,1879.94,1901.7,1.85,1.85,20,LL
465,1,рождение,2023-01-12 13:00,2023-01-13 18:00,LH·HL·HH·HL·HH,П1,LL,1870.3,1900.98,1892.39,1909.73,1893.77,1921.91,2.76,2.76,28,HL
466,1,рождение,2023-01-16 08:00,2023-01-17 00:00,LH·HL·LH·HL·HH,П20,LL,1910.91,1919.39,1911.46,1917.14,1912.89,1919.1,0.44,0.44,13,LL
467,1,рождение,2023-01-19 02:00,2023-01-20 08:00,HH·HL·HH·HL·HH,П6,LL,1901.04,1916.84,1906.73,1935.21,1923.24,1937.58,1.92,1.92,29,LL
468,1,рождение,2023-01-20 14:00,2023-01-23 02:00,LH·HL·LH·HL·HH,П20,LL,1920.72,1931.05,1922.85,1931.03,1923.91,1935.59,0.77,0.77,11,LL
469,1,рождение,2023-01-23 15:00,2023-01-24 12:00,HH·HL·HH·HL·LH,П12,LL,1911.43,1937.13,1931.92,1942.56,1934.39,1939.44,1.63,1.63,20,LL
470,1,рождение,2023-02-07 18:00,2023-02-08 18:00,LH·HL·HH·HL·LH,П5,LL,1865.05,1878.05,1867.35,1886.52,1869.16,1879.92,1.15,1.15,23,HL
471,1,рождение,2023-02-17 08:00,2023-02-20 08:00,LH·HL·HH·HL·HH,П1,LL,1818.97,1828.28,1822.71,1843.68,1837.36,1847.57,1.57,1.57,23,HL
472,1,рождение,2023-02-21 12:00,2023-02-22 08:00,LH·HL·LH·HL·HH,П20,LL,1830.29,1843.9,1831.83,1838.51,1834.67,1841.28,0.74,0.74,19,LL
473,1,рождение,2023-02-23 13:00,2023-02-24 02:00,LH·HL·LH·HL·HH,П20,LL,1817.55,1830.21,1818.53,1824.19,1822.26,1827.88,0.7,0.7,12,LL
474,1,рождение,2023-02-27 03:00,2023-02-27 18:00,LH·HL·HH·HL·LH,П5,LL,1806.7,1813.76,1808.35,1820.2,1812.66,1820.18,0.75,0.75,15,HL
475,1,рождение,2023-02-28 08:00,2023-03-01 15:00,HH·HL·HH·HL·HH,П6,LL,1804.68,1831.17,1823.15,1836.84,1830.51,1844.83,2.22,2.22,30,LL
476,1,рождение,2023-03-02 08:00,2023-03-03 11:00,LH·HL·HH·HL·HH,П1,LL,1830.05,1839.03,1832.36,1841.59,1837.91,1849.3,1.05,1.05,26,HL
477,1,рождение,2023-03-09 02:00,2023-03-09 19:00,LH·HL·HH·HL·LH,П5,LL,1811.98,1816.12,1812.81,1835.72,1825.62,1835.06,1.31,1.31,17,HL
477,2,продолжение,2023-03-10 04:00,2023-03-13 02:00,HH·HL·HH·HL·LH,П12,HL,1827.82,1837.41,1830.94,1894.68,1872.2,1888.9,3.66,4.56,22,LL
478,1,рождение,2023-03-13 07:00,2023-03-14 00:00,HH·HL·HH·HL·LH,П12,LL,1871.54,1893.89,1880.96,1914.69,1908.03,1914.22,2.31,2.31,16,LL
479,1,рождение,2023-03-16 01:00,2023-03-17 06:00,HH·HL·LH·HL·HH,П16,LL,1907.56,1933.54,1913.43,1921.21,1918.31,1934.48,1.41,1.41,28,HL
480,1,рождение,2023-03-22 07:00,2023-03-23 07:00,LH·HL·HH·HL·HH,П1,LL,1934.35,1945.68,1937.13,1952.01,1945.03,1983.7,2.55,2.55,23,HL
481,1,рождение,2023-03-30 01:00,2023-03-31 06:00,HH·HL·HH·HL·HH,П6,LL,1955.41,1975.4,1964.02,1984.37,1977.74,1985.12,1.52,1.52,28,LL
482,1,рождение,2023-04-03 03:00,2023-04-05 13:00,HH·HL·HH·HL·HH,П6,LL,1949.81,1990.55,1977.04,2025.07,2019.41,2032.11,4.22,4.22,56,LL
483,1,рождение,2023-04-10 14:00,2023-04-11 16:00,LH·HL·HH·HL·LH,П5,LL,1981.68,1992.92,1988.88,2007.49,1995.64,2006.63,1.3,1.3,25,HL
484,1,рождение,2023-04-12 13:00,2023-04-14 02:00,LH·HL·HH·HL·LH,П5,LL,2001.22,2019.87,2015.37,2048.77,2036.66,2047.51,2.38,2.38,35,LL
485,1,рождение,2023-04-19 11:00,2023-04-20 14:00,LH·HL·HH·HL·HH,П1,LL,1969.31,1998.84,1990.57,2001.26,1992.42,2012.44,2.19,2.19,26,HL
486,1,рождение,2023-04-24 13:00,2023-04-26 13:00,HH·HL·HH·HL·HH,П6,LL,1974.15,2000.99,1976.18,2003.89,1991.51,2009.45,1.79,1.79,46,LL
487,1,рождение,2023-04-26 17:00,2023-04-27 12:00,LH·HL·HH·HL·HH,П1,LL,1983.38,1991.68,1989.62,2003.24,1997.37,2003.41,1.01,1.01,18,LL
488,1,рождение,2023-04-27 13:00,2023-04-30 22:00,LH·HL·HH·HL·LH,П5,LL,1974.12,1991.67,1976.27,1995.14,1987.56,1991.96,1.07,1.07,31,LL
489,1,рождение,2023-05-02 08:00,2023-05-03 04:00,HH·HL·HH·HL·HH,П6,LL,1978.52,1990.23,1984.52,2019.45,2014.26,2019.59,2.08,2.08,19,LL
490,1,рождение,2023-05-05 14:00,2023-05-08 12:00,LH·HL·HH·HL·HH,П1,LL,1999.59,2019.0,2014.31,2024.82,2020.0,2027.04,1.37,1.37,21,LL
491,1,рождение,2023-05-09 00:00,2023-05-09 17:00,HH·HL·HH·HL·HH,П6,LL,2019.55,2028.78,2021.49,2032.88,2023.0,2037.65,0.9,0.9,17,HL
492,1,рождение,2023-05-14 22:00,2023-05-15 22:00,HH·HL·HH·HL·LH,П12,LL,2007.85,2020.95,2011.54,2022.12,2014.51,2016.72,0.71,0.71,23,LL
493,1,рождение,2023-05-18 15:00,2023-05-19 15:00,LH·HL·HH·HL·HH,П1,LL,1952.01,1959.01,1954.13,1968.8,1957.28,1984.33,1.66,1.66,23,HL
494,1,рождение,2023-05-26 00:00,2023-05-29 06:00,HH·HL·LH·HL·HH,П16,LL,1936.82,1957.36,1938.85,1947.64,1940.38,1948.98,1.06,1.06,29,HL
495,1,рождение,2023-05-30 05:00,2023-05-30 19:00,HH·HL·HH·HL·LH,П12,LL,1932.11,1962.31,1950.68,1963.55,1957.83,1960.82,1.63,1.63,14,LL
496,1,рождение,2023-05-31 02:00,2023-06-01 01:00,HH·HL·HH·HL·LH,П12,LL,1953.7,1965.41,1955.0,1974.84,1962.48,1967.55,1.08,1.08,22,LL
497,1,рождение,2023-06-01 08:00,2023-06-02 09:00,HH·HL·HH·HL·LH,П12,LL,1953.44,1983.18,1974.11,1983.51,1975.06,1981.21,1.54,1.54,24,LL
498,1,рождение,2023-06-07 20:00,2023-06-08 22:00,LH·HL·HH·HL·LH,П5,LL,1939.95,1949.19,1945.02,1970.54,1961.84,1966.53,1.58,1.58,24,HL
499,1,рождение,2023-06-13 19:00,2023-06-14 12:00,LH·HL·HH·HL·HH,П1,LL,1940.1,1949.59,1945.31,1952.94,1945.86,1960.31,1.04,1.04,16,LL
500,1,рождение,2023-06-23 02:00,2023-06-26 01:00,HH·HL·HH·HL·LH,П12,LL,1910.21,1920.15,1916.67,1937.31,1917.99,1928.63,1.42,1.42,22,HL
501,1,рождение,2023-07-03 08:00,2023-07-05 00:00,HH·HL·LH·HL·LH,П25,LL,1910.08,1931.09,1920.01,1930.77,1924.06,1927.17,1.1,1.1,36,LL
502,1,рождение,2023-07-06 12:00,2023-07-07 15:00,LH·HL·HH·HL·HH,П1,LL,1902.74,1912.45,1909.62,1912.48,1914.32,1934.93,1.69,1.69,26,HL
503,1,рождение,2023-07-10 12:00,2023-07-12 02:00,HH·HL·HH·HL·HH,П6,LL,1912.75,1926.88,1924.42,1938.49,1929.42,1941.03,1.48,1.48,36,HL
504,1,рождение,2023-07-17 13:00,2023-07-18 15:00,LH·HL·HH·HL·HH,П1,LL,1945.84,1956.44,1954.49,1972.24,1960.81,1984.42,1.98,1.98,25,HL
505,1,рождение,2023-07-25 14:00,2023-07-26 08:00,HH·HL·HH·HL·HH,П6,LL,1952.01,1965.72,1961.34,1966.4,1962.07,1972.57,1.05,1.05,17,HL
506,1,рождение,2023-07-26 13:00,2023-07-27 07:00,HH·HL·HH·HL·HH,П6,LL,1963.96,1978.4,1965.61,1982.23,1974.13,1982.27,0.93,0.93,17,LL
507,1,рождение,2023-07-27 16:00,2023-07-28 12:00,LH·HL·HH·HL·HH,П1,LL,1942.64,1949.78,1943.48,1956.84,1947.88,1961.28,0.96,0.96,19,HL
508,1,рождение,2023-08-08 13:00,2023-08-09 06:00,LH·HL·LH·HL·HH,П20,LL,1922.8,1932.12,1923.64,1926.68,1924.31,1932.39,0.5,0.5,16,LL
509,1,рождение,2023-08-15 12:00,2023-08-16 09:00,LH·HL·LH·HL·HH,П20,LL,1896.45,1911.71,1900.35,1906.6,1902.89,1907.28,0.8,0.8,20,LL
510,1,рождение,2023-08-17 01:00,2023-08-17 13:00,LH·HL·HH·HL·HH,П1,LL,1889.61,1894.01,1892.14,1897.63,1893.7,1903.52,0.74,0.74,12,LL
511,1,рождение,2023-08-17 17:00,2023-08-18 10:00,LH·HL·LH·HL·HH,П20,LL,1885.09,1895.23,1891.23,1894.15,1891.43,1895.61,0.56,0.56,16,LL
512,1,рождение,2023-08-21 14:00,2023-08-22 10:00,LH·HL·HH·HL·HH,П1,LL,1885.31,1895.46,1893.74,1897.35,1893.92,1904.55,1.02,1.02,19,LL
513,1,рождение,2023-08-22 13:00,2023-08-23 16:00,LH·HL·HH·HL·HH,П1,LL,1889.19,1899.18,1896.42,1905.53,1901.31,1920.42,1.65,1.65,26,HL
514,1,рождение,2023-08-30 07:00,2023-08-31 07:00,HH·HL·LH·HL·LH,П25,LL,1934.99,1949.12,1942.15,1947.81,1943.29,1946.37,0.73,0.73,23,HL
515,1,рождение,2023-09-06 14:00,2023-09-07 03:00,LH·HL·LH·HL·HH,П20,LL,1915.35,1920.73,1916.04,1918.23,1916.35,1920.73,0.28,0.28,12,HL
516,1,рождение,2023-09-13 12:00,2023-09-14 05:00,HH·HL·LH·HL·LH,П25,LL,1905.69,1915.82,1907.58,1912.97,1908.88,1911.08,0.53,0.53,16,LL
517,1,рождение,2023-09-14 14:00,2023-09-18 05:00,HH·HL·HH·HL·HH,П6,LL,1901.05,1919.66,1916.11,1930.47,1922.42,1930.69,1.56,1.56,37,HL
518,1,рождение,2023-09-21 13:00,2023-09-24 22:00,LH·HL·HH·HL·LH,П5,LL,1913.94,1928.77,1924.18,1929.15,1924.39,1926.62,0.79,0.79,31,LL
519,1,рождение,2023-09-27 18:00,2023-09-28 12:00,LH·HL·HH·HL·HH,П1,LL,1872.58,1878.32,1873.64,1878.33,1873.73,1879.68,0.38,0.38,17,LL
520,1,рождение,2023-10-03 02:00,2023-10-04 04:00,LH·HL·LH·HL·LH,П29,LL,1815.32,1833.42,1819.34,1825.08,1819.69,1823.85,1.0,1.0,25,LL
521,1,рождение,2023-10-06 12:00,2023-10-09 06:00,HH·HL·HH·HL·LH,П12,LL,1810.46,1834.92,1829.01,1855.99,1848.09,1854.44,2.51,2.51,17,LL
522,1,рождение,2023-10-09 13:00,2023-10-11 00:00,HH·HL·LH·HL·LH,П25,LL,1844.21,1865.46,1853.05,1862.83,1858.17,1862.14,1.15,1.15,33,HL
522,2,продолжение,2023-10-11 05:00,2023-10-12 12:00,HH·HL·HH·HL·HH,П6,HL,1858.68,1874.82,1867.73,1878.82,1874.54,1885.16,1.42,2.22,30,LL
523,1,рождение,2023-10-12 18:00,2023-10-16 17:00,HH·HL·LH·HL·LH,П25,LL,1867.96,1932.93,1908.23,1924.61,1914.51,1922.84,3.48,3.48,45,HL
524,1,рождение,2023-10-17 02:00,2023-10-18 13:00,HH·HL·HH·HL·HH,П6,LL,1912.46,1931.63,1919.19,1942.87,1935.12,1962.67,2.63,2.63,34,HL
525,1,рождение,2023-10-19 03:00,2023-10-20 02:00,HH·HL·HH·HL·LH,П12,LL,1945.28,1957.23,1949.81,1982.55,1972.06,1981.99,1.92,1.92,22,HL
526,1,рождение,2023-10-23 13:00,2023-10-24 07:00,LH·HL·HH·HL·LH,П5,LL,1970.2,1979.39,1971.23,1980.9,1974.54,1979.24,0.54,0.54,17,LL
527,1,рождение,2023-10-26 14:00,2023-10-27 04:00,LH·HL·LH·HL·HH,П20,LL,1971.89,1989.38,1982.39,1986.93,1982.93,1990.03,0.92,0.92,13,LL
528,1,рождение,2023-11-01 18:00,2023-11-02 13:00,LH·HL·LH·HL·HH,П20,LL,1969.91,1988.22,1983.45,1986.73,1983.72,1991.06,1.07,1.07,18,LL
529,1,рождение,2023-11-02 15:00,2023-11-03 12:00,LH·HL·HH·HL·HH,П1,LL,1978.91,1986.67,1983.34,1987.93,1984.49,2004.1,1.27,1.27,20,HL
530,1,рождение,2023-11-16 02:00,2023-11-17 04:00,HH·HL·HH·HL·LH,П12,LL,1956.55,1968.62,1962.15,1988.0,1980.69,1987.12,1.61,1.61,25,HL
531,1,рождение,2023-11-20 14:00,2023-11-22 08:00,HH·HL·HH·HL·LH,П12,LL,1965.49,1994.36,1984.32,2007.65,1995.53,2006.45,2.14,2.14,40,LL
532,1,рождение,2023-11-22 18:00,2023-11-24 04:00,LH·HL·LH·HL·LH,П29,LL,1986.96,1998.57,1989.89,1995.01,1991.49,1994.83,0.58,0.58,30,HL
532,2,продолжение,2023-11-24 04:00,2023-11-28 00:00,HH·HL·HH·HL·LH,П12,HL,1991.55,2003.66,1997.24,2018.33,2005.76,2018.14,1.34,1.58,39,HL
533,1,рождение,2023-11-30 14:00,2023-12-01 09:00,LH·HL·HH·HL·HH,П1,LL,2031.53,2041.38,2033.76,2043.48,2038.74,2049.91,0.9,0.9,18,LL
534,1,рождение,2023-12-05 15:00,2023-12-07 02:00,LH·HL·HH·HL·LH,П5,LL,2009.94,2020.96,2017.29,2035.97,2022.67,2030.12,1.3,1.3,33,HL
535,1,рождение,2023-12-11 18:00,2023-12-12 13:00,LH·HL·LH·HL·HH,П20,LL,1975.89,1989.72,1982.05,1989.14,1982.77,1996.76,1.06,1.06,18,LL
536,1,рождение,2023-12-13 06:00,2023-12-14 08:00,HH·HL·HH·HL·HH,П6,LL,1973.09,1986.82,1978.54,2039.35,2029.32,2040.39,3.41,3.41,25,LL
537,1,рождение,2023-12-14 13:00,2023-12-15 02:00,HH·HL·LH·HL·LH,П25,LL,2027.62,2047.93,2029.16,2038.76,2031.4,2037.56,1.0,1.0,12,HL
538,1,рождение,2023-12-15 19:00,2023-12-18 18:00,LH·HL·LH·HL·HH,П20,LL,2015.65,2027.37,2018.8,2026.97,2020.38,2033.75,0.9,0.9,22,HL
538,2,продолжение,2023-12-19 04:00,2023-12-20 07:00,HH·HL·LH·HL·HH,П16,HL,2021.75,2047.03,2036.76,2041.74,2036.82,2043.54,1.25,1.56,26,LL
539,1,рождение,2023-12-21 13:00,2023-12-26 02:00,HH·HL·HH·HL·LH,П12,LL,2032.36,2055.07,2047.18,2070.7,2051.21,2065.22,1.89,1.89,35,HL
540,1,рождение,2023-12-29 13:00,2024-01-02 09:00,LH·HL·HH·HL·HH,П1,LL,2058.28,2068.22,2061.22,2076.83,2071.89,2078.97,1.01,1.01,19,LL
541,1,рождение,2024-01-03 19:00,2024-01-04 09:00,LH·HL·HH·HL·HH,П1,LL,2030.69,2044.01,2040.19,2046.97,2042.49,2051.01,1.0,1.0,13,LL
542,1,рождение,2024-01-08 11:00,2024-01-09 13:00,LH·HL·LH·HL·HH,П20,LL,2016.82,2036.93,2026.15,2035.91,2030.41,2042.04,1.25,1.25,25,LL
543,1,рождение,2024-01-11 17:00,2024-01-12 21:00,LH·HL·HH·HL·LH,П5,LL,2013.39,2035.62,2032.9,2062.31,2041.51,2049.28,2.43,2.43,27,HL
544,1,рождение,2024-01-17 18:00,2024-01-18 12:00,LH·HL·HH·HL·HH,П1,LL,2001.89,2012.2,2005.84,2014.2,2008.23,2017.31,0.77,0.77,17,LL
545,1,рождение,2024-01-18 13:00,2024-01-19 21:00,HH·HL·HH·HL·LH,П12,LL,2007.5,2025.63,2020.47,2039.41,2023.2,2030.08,1.59,1.59,31,HL
546,1,рождение,2024-01-23 14:00,2024-01-24 13:00,LH·HL·HH·HL·HH,П1,LL,2021.47,2027.81,2022.73,2030.72,2022.89,2036.73,0.75,0.75,22,LL
547,1,рождение,2024-01-25 13:00,2024-01-26 13:00,HH·HL·HH·HL·HH,П6,LL,2009.44,2025.32,2012.55,2025.9,2018.24,2026.9,0.87,0.87,23,LL
548,1,рождение,2024-01-29 15:00,2024-01-30 14:00,LH·HL·HH·HL·HH,П1,LL,2020.61,2035.33,2029.9,2040.58,2031.37,2048.63,1.39,1.39,22,LL
549,1,рождение,2024-01-30 15:00,2024-01-31 15:00,LH·HL·HH·HL·HH,П1,LL,2029.1,2038.69,2032.9,2040.48,2036.09,2056.07,1.33,1.33,23,LL
550,1,рождение,2024-02-01 11:00,2024-02-02 13:00,HH·HL·LH·HL·HH,П16,LL,2030.07,2065.53,2051.98,2056.99,2052.74,2057.7,1.75,1.75,25,LL
551,1,рождение,2024-02-06 09:00,2024-02-08 02:00,HH·HL·HH·HL·LH,П12,LL,2022.97,2038.94,2030.64,2044.65,2033.76,2038.79,1.07,1.07,39,LL
552,1,рождение,2024-02-08 14:00,2024-02-09 07:00,LH·HL·LH·HL·LH,П29,LL,2020.25,2035.36,2031.98,2035.17,2032.16,2035.01,0.75,0.75,16,LL
553,1,рождение,2024-02-14 15:00,2024-02-15 14:00,HH·HL·LH·HL·HH,П16,LL,1984.31,1996.15,1989.69,1994.39,1990.33,2008.34,1.21,1.21,22,HL
553,2,продолжение,2024-02-15 16:00,2024-02-16 12:00,LH·HL·LH·HL·HH,П20,HL,1998.51,2006.51,2002.42,2005.71,2002.79,2008.19,0.48,1.2,19,LL
554,1,рождение,2024-02-16 13:00,2024-02-19 07:00,HH·HL·HH·HL·HH,П6,LL,1995.16,2015.23,2000.36,2022.92,2018.35,2023.07,1.4,1.4,17,LL
555,1,рождение,2024-02-19 16:00,2024-02-20 18:00,LH·HL·HH·HL·LH,П5,LL,2013.31,2018.58,2015.12,2030.92,2025.51,2028.91,0.87,0.87,23,LL
556,1,рождение,2024-02-28 10:00,2024-02-29 07:00,HH·HL·LH·HL·HH,П16,LL,2024.56,2037.95,2030.88,2037.16,2034.48,2037.89,0.66,0.66,20,LL
557,1,рождение,2024-03-01 08:00,2024-03-04 07:00,HH·HL·HH·HL·LH,П12,LL,2039.11,2057.55,2045.67,2088.38,2079.53,2088.38,2.42,2.42,22,HL
558,1,рождение,2024-03-05 01:00,2024-03-05 13:00,HH·HL·HH·HL·HH,П6,LL,2110.53,2119.82,2114.03,2127.41,2121.25,2141.88,1.49,1.49,12,HL
558,2,продолжение,2024-03-05 16:00,2024-03-06 18:00,LH·HL·LH·HL·HH,П20,HL,2123.72,2134.77,2123.76,2131.59,2124.42,2152.25,1.34,1.98,25,HL
558,3,продолжение,2024-03-06 19:00,2024-03-07 08:00,LH·HL·HH·HL·LH,П5,HL,2139.51,2151.45,2144.26,2161.59,2151.62,2159.93,1.03,2.42,12,HL
559,1,рождение,2024-03-07 14:00,2024-03-08 17:00,LH·HL·HH·HL·HH,П1,LL,2147.99,2163.65,2154.06,2185.49,2156.78,2195.24,2.2,2.2,26,HL
560,1,рождение,2024-03-12 19:00,2024-03-13 06:00,LH·HL·HH·HL·LH,П5,LL,2150.66,2161.53,2155.86,2161.66,2157.3,2161.59,0.51,0.51,10,HL
561,1,рождение,2024-03-14 15:00,2024-03-15 09:00,LH·HL·HH·HL·HH,П1,LL,2152.84,2165.11,2160.66,2170.14,2165.37,2172.81,0.93,0.93,17,LL
562,1,рождение,2024-03-19 08:00,2024-03-20 04:00,LH·HL·HH·HL·HH,П1,LL,2147.2,2158.78,2148.45,2159.7,2155.29,2160.3,0.61,0.61,19,LL
563,1,рождение,2024-03-22 17:00,2024-03-26 10:00,LH·HL·HH·HL·HH,П1,LL,2157.13,2178.41,2163.61,2181.41,2167.62,2200.18,2.0,2.0,39,HL
563,2,продолжение,2024-03-26 15:00,2024-03-27 20:00,LH·HL·LH·HL·LH,П29,HL,2171.78,2197.68,2183.61,2195.3,2189.09,2195.22,1.19,1.88,28,LL
564,1,рождение,2024-03-28 00:00,2024-04-01 04:00,HH·HL·HH·HL·HH,П6,LL,2187.41,2200.76,2190.9,2217.18,2202.32,2265.78,3.58,3.58,27,HL
564,2,продолжение,2024-04-01 14:00,2024-04-02 14:00,LH·HL·HH·HL·HH,П1,HL,2228.54,2255.93,2246.72,2266.88,2253.43,2277.05,2.18,4.1,23,LL
565,1,рождение,2024-04-05 01:00,2024-04-08 10:00,HH·HL·HH·HL·LH,П12,LL,2267.78,2330.53,2302.97,2354.16,2331.89,2343.64,3.81,3.81,32,LL
566,1,рождение,2024-04-08 14:00,2024-04-10 05:00,HH·HL·LH·HL·HH,П16,LL,2318.74,2365.39,2338.36,2355.65,2344.8,2360.15,2.01,2.01,37,LL
567,1,рождение,2024-04-11 08:00,2024-04-12 15:00,HH·HL·HH·HL·HH,П6,LL,2325.74,2395.51,2382.89,2400.72,2390.43,2431.59,4.55,4.55,30,LL
568,1,рождение,2024-04-25 03:00,2024-04-26 09:00,HH·HL·HH·HL·HH,П6,LL,2305.03,2328.95,2312.87,2344.93,2326.36,2352.64,2.07,2.07,29,HL
569,1,рождение,2024-04-29 01:00,2024-04-30 01:00,HH·HL·HH·HL·LH,П12,LL,2319.84,2344.45,2325.62,2346.83,2333.05,2336.25,1.16,1.16,23,LL
570,1,рождение,2024-05-06 00:00,2024-05-06 20:00,HH·HL·HH·HL·LH,П12,LL,2291.85,2324.34,2314.6,2332.22,2317.76,2329.05,1.76,1.76,20,HL
571,1,рождение,2024-05-08 08:00,2024-05-09 05:00,LH·HL·HH·HL·LH,П5,LL,2303.74,2319.24,2306.9,2321.15,2307.94,2319.85,0.76,0.76,20,LL
572,1,рождение,2024-05-09 09:00,2024-05-13 00:00,HH·HL·LH·HL·LH,П25,LL,2306.66,2378.56,2356.68,2371.04,2359.78,2364.55,3.12,3.12,37,LL
573,1,рождение,2024-05-13 15:00,2024-05-14 09:00,LH·HL·HH·HL·HH,П1,LL,2332.11,2338.59,2334.89,2345.99,2336.16,2348.28,0.69,0.69,17,HL
573,2,продолжение,2024-05-14 12:00,2024-05-15 03:00,HH·HL·HH·HL·HH,П6,HL,2336.64,2357.14,2346.38,2359.7,2354.99,2361.05,1.04,1.24,14,HL
574,1,рождение,2024-05-21 03:00,2024-05-22 02:00,LH·HL·HH·HL·LH,П5,LL,2406.16,2422.26,2408.62,2433.99,2417.43,2426.61,1.16,1.16,22,LL
575,1,рождение,2024-05-24 02:00,2024-05-27 14:00,HH·HL·HH·HL·HH,П6,LL,2325.47,2347.54,2331.97,2347.66,2338.22,2358.57,1.42,1.42,35,HL
576,1,рождение,2024-05-28 08:00,2024-05-29 05:00,HH·HL·LH·HL·LH,П25,LL,2340.31,2364.18,2352.87,2361.61,2354.49,2361.45,1.02,1.02,20,LL
577,1,рождение,2024-06-03 06:00,2024-06-04 00:00,LH·HL·HH·HL·LH,П5,LL,2314.8,2328.97,2325.73,2354.77,2344.82,2352.89,1.73,1.73,17,LL
578,1,рождение,2024-06-04 14:00,2024-06-05 15:00,LH·HL·HH·HL·HH,П1,LL,2315.68,2330.42,2325.97,2341.74,2328.14,2357.43,1.8,1.8,24,HL
579,1,рождение,2024-06-10 06:00,2024-06-11 22:00,HH·HL·HH·HL·LH,П12,LL,2287.8,2313.86,2297.8,2320.0,2305.98,2317.72,1.41,1.41,38,HL
580,1,рождение,2024-06-13 16:00,2024-06-14 17:00,LH·HL·HH·HL·LH,П5,LL,2295.59,2305.07,2301.61,2336.72,2324.14,2335.65,1.79,1.79,24,LL
581,1,рождение,2024-06-18 10:00,2024-06-19 08:00,HH·HL·LH·HL·HH,П16,LL,2306.65,2333.16,2326.53,2331.84,2326.86,2335.03,1.23,1.23,21,LL
582,1,рождение,2024-06-19 14:00,2024-06-20 15:00,LH·HL·HH·HL·HH,П1,LL,2323.78,2331.37,2327.76,2345.76,2331.65,2365.59,1.8,1.8,22,HL
583,1,рождение,2024-06-21 17:00,2024-06-24 18:00,LH·HL·HH·HL·HH,П1,LL,2316.78,2332.82,2320.86,2333.93,2326.95,2334.73,0.77,0.77,24,LL
584,1,рождение,2024-06-26 13:00,2024-06-27 20:00,LH·HL·HH·HL·LH,П5,LL,2293.69,2300.21,2296.61,2331.01,2322.53,2328.66,1.63,1.63,30,LL
585,1,рождение,2024-07-01 05:00,2024-07-02 08:00,HH·HL·LH·HL·LH,П25,LL,2318.61,2338.55,2319.3,2334.39,2323.4,2332.55,0.86,0.86,26,LL
586,1,рождение,2024-07-02 12:00,2024-07-03 14:00,HH·HL·LH·HL·HH,П16,LL,2319.13,2336.89,2321.0,2332.22,2326.89,2364.99,1.98,1.98,25,HL
587,1,рождение,2024-07-09 15:00,2024-07-11 09:00,LH·HL·HH·HL·LH,П5,LL,2349.49,2365.72,2363.38,2386.73,2370.03,2384.7,1.59,1.59,40,HL
588,1,рождение,2024-07-15 07:00,2024-07-17 02:00,HH·HL·HH·HL·HH,П6,LL,2401.41,2439.86,2419.84,2443.41,2429.45,2482.42,3.37,3.37,41,HL
589,1,рождение,2024-07-17 18:00,2024-07-18 14:00,LH·HL·HH·HL·LH,П5,LL,2451.57,2460.47,2457.46,2475.0,2457.66,2469.93,0.96,0.96,19,LL
590,1,рождение,2024-07-19 13:00,2024-07-22 10:00,LH·HL·HH·HL·LH,П5,LL,2393.88,2408.49,2395.69,2412.26,2399.03,2408.46,0.77,0.77,20,LL
591,1,рождение,2024-07-23 06:00,2024-07-24 06:00,HH·HL·LH·HL·HH,П16,LL,2388.31,2412.07,2399.62,2410.09,2405.01,2419.26,1.3,1.3,23,HL
592,1,рождение,2024-07-25 17:00,2024-07-28 22:00,LH·HL·HH·HL·HH,П1,LL,2353.2,2365.48,2355.88,2379.48,2365.32,2403.26,2.13,2.13,27,HL
593,1,рождение,2024-07-29 15:00,2024-07-30 13:00,LH·HL·HH·HL·HH,П1,LL,2369.65,2385.49,2376.53,2392.47,2385.78,2397.84,1.19,1.19,21,LL
594,1,рождение,2024-07-30 15:00,2024-07-31 14:00,HH·HL·HH·HL·HH,П6,LL,2383.5,2412.93,2403.94,2425.54,2415.5,2429.1,1.91,1.91,22,HL
595,1,рождение,2024-08-01 09:00,2024-08-02 12:00,HH·HL·LH·HL·HH,П16,LL,2430.28,2462.32,2434.99,2447.62,2435.05,2477.72,1.95,1.95,26,LL
596,1,рождение,2024-08-07 22:00,2024-08-09 07:00,LH·HL·HH·HL·LH,П5,LL,2381.14,2400.8,2402.4,2429.03,2416.93,2427.08,2.01,2.01,32,HL
597,1,рождение,2024-08-12 02:00,2024-08-13 07:00,HH·HL·HH·HL·LH,П12,LL,2423.89,2445.17,2439.74,2476.99,2458.56,2466.24,2.19,2.19,28,HL
598,1,рождение,2024-08-16 03:00,2024-08-19 08:00,HH·HL·HH·HL·LH,П12,LL,2450.8,2464.57,2451.22,2509.82,2495.05,2507.22,2.41,2.41,28,LL
599,1,рождение,2024-08-20 06:00,2024-08-21 02:00,HH·HL·LH·HL·HH,П16,LL,2497.4,2531.76,2500.86,2516.97,2510.93,2519.99,1.38,1.38,19,LL
600,1,рождение,2024-08-22 14:00,2024-08-26 00:00,LH·HL·HH·HL·LH,П5,LL,2470.85,2495.86,2490.67,2518.4,2507.99,2516.99,1.92,1.92,32,HL
601,1,рождение,2024-08-28 12:00,2024-08-29 06:00,LH·HL·LH·HL·HH,П20,LL,2493.66,2510.69,2496.47,2509.65,2502.88,2521.24,1.11,1.11,17,HL
602,1,рождение,2024-09-04 09:00,2024-09-04 20:00,LH·HL·HH·HL·LH,П5,LL,2471.91,2491.28,2482.12,2500.34,2491.55,2497.05,1.15,1.15,11,HL
603,1,рождение,2024-09-05 04:00,2024-09-06 05:00,HH·HL·LH·HL·HH,П16,LL,2493.88,2523.53,2503.97,2517.97,2513.09,2521.9,1.19,1.19,24,HL
604,1,рождение,2024-09-06 16:00,2024-09-09 23:00,LH·HL·HH·HL·HH,П1,LL,2485.19,2500.59,2485.61,2505.35,2493.31,2507.74,0.91,0.91,29,HL
605,1,рождение,2024-09-11 14:00,2024-09-12 06:00,LH·HL·LH·HL·HH,П20,LL,2501.0,2520.16,2509.87,2513.93,2511.09,2522.36,0.85,0.85,15,HL
605,2,продолжение,2024-09-12 11:00,2024-09-13 17:00,HH·HL·HH·HL·HH,П6,HL,2513.12,2560.13,2556.8,2573.03,2563.78,2586.16,2.91,3.41,29,HL
606,1,рождение,2024-09-16 10:00,2024-09-17 02:00,LH·HL·LH·HL·HH,П20,LL,2575.24,2589.41,2576.18,2584.2,2579.68,2586.36,0.55,0.55,15,LL
607,1,рождение,2024-09-17 17:00,2024-09-18 18:00,LH·HL·HH·HL·HH,П1,LL,2560.78,2576.54,2565.79,2580.78,2568.12,2600.29,1.54,1.54,24,LL
608,1,рождение,2024-09-18 19:00,2024-09-20 12:00,LH·HL·LH·HL·HH,П20,LL,2546.86,2594.95,2569.82,2592.74,2584.88,2619.39,2.85,2.85,39,HL
609,1,рождение,2024-09-24 07:00,2024-09-25 02:00,LH·HL·HH·HL·HH,П1,LL,2622.68,2636.24,2623.47,2664.38,2655.58,2670.61,1.83,1.83,18,LL
610,1,рождение,2024-10-03 14:00,2024-10-04 11:00,HH·HL·HH·HL·LH,П12,LL,2637.01,2662.2,2654.42,2667.87,2656.97,2662.6,1.17,1.17,20,LL
611,1,рождение,2024-10-04 12:00,2024-10-07 04:00,HH·HL·LH·HL·LH,П25,LL,2632.01,2670.24,2641.89,2654.05,2643.89,2648.7,1.45,1.45,15,LL
612,1,рождение,2024-10-10 12:00,2024-10-11 16:00,HH·HL·HH·HL·HH,П6,LL,2604.39,2629.84,2616.55,2647.24,2636.24,2661.47,2.19,2.19,27,HL
612,2,продолжение,2024-10-14 02:00,2024-10-15 02:00,HH·HL·LH·HL·LH,П25,HL,2643.24,2666.88,2644.05,2653.36,2646.2,2652.81,0.89,2.4,23,LL
613,1,рождение,2024-10-15 05:00,2024-10-16 18:00,HH·HL·HH·HL·LH,П12,LL,2638.11,2668.97,2658.8,2685.47,2666.8,2676.76,1.8,1.8,36,HL
613,2,продолжение,2024-10-16 19:00,2024-10-17 10:00,HH·HL·HH·HL·HH,П6,HL,2672.81,2684.94,2674.6,2685.84,2677.03,2688.84,0.6,1.92,14,LL
614,1,рождение,2024-10-17 12:00,2024-10-18 14:00,HH·HL·HH·HL·HH,П6,LL,2673.16,2696.8,2684.01,2714.14,2701.74,2720.21,1.76,1.76,25,HL
615,1,рождение,2024-10-21 19:00,2024-10-23 08:00,LH·HL·HH·HL·HH,П1,LL,2714.24,2739.39,2729.59,2748.97,2737.94,2758.53,1.63,1.63,35,LL
616,1,рождение,2024-10-23 15:00,2024-10-25 06:00,LH·HL·LH·HL·LH,П29,LL,2708.76,2743.32,2722.51,2737.84,2723.99,2732.67,1.28,1.28,37,LL
617,1,рождение,2024-10-25 09:00,2024-10-28 14:00,HH·HL·LH·HL·HH,П16,LL,2717.1,2747.84,2724.76,2744.65,2727.93,2746.01,1.13,1.13,28,HL
618,1,рождение,2024-10-31 15:00,2024-11-01 09:00,LH·HL·HH·HL·LH,П5,LL,2731.64,2749.82,2744.96,2757.74,2747.22,2755.51,0.96,0.96,17,LL
619,1,рождение,2024-11-12 10:00,2024-11-13 09:00,LH·HL·LH·HL·LH,П29,LL,2589.72,2617.12,2592.53,2613.28,2601.09,2611.72,1.06,1.06,22,HL
620,1,рождение,2024-11-15 06:00,2024-11-19 03:00,HH·HL·HH·HL·HH,П6,LL,2554.39,2576.05,2559.53,2597.28,2580.5,2625.64,2.79,2.79,43,HL
621,1,рождение,2024-11-20 08:00,2024-11-21 11:00,HH·HL·HH·HL·HH,П6,LL,2618.89,2655.49,2645.5,2660.53,2650.45,2673.59,2.09,2.09,26,HL
621,2,продолжение,2024-11-21 13:00,2024-11-24 23:00,HH·HL·HH·HL·HH,П6,HL,2660.51,2710.18,2684.49,2711.51,2705.11,2721.42,2.29,3.92,32,LL
622,1,рождение,2024-11-25 23:00,2024-11-26 23:00,HH·HL·HH·HL·LH,П12,LL,2605.31,2632.22,2610.86,2642.02,2616.78,2634.21,1.41,1.41,23,HL
623,1,рождение,2024-11-28 01:00,2024-11-29 10:00,HH·HL·HH·HL·LH,П12,LL,2620.99,2649.74,2634.09,2666.35,2654.59,2665.93,1.73,1.73,30,LL
624,1,рождение,2024-12-02 05:00,2024-12-03 06:00,LH·HL·LH·HL·HH,П20,LL,2621.98,2651.91,2633.59,2645.32,2634.16,2650.16,1.14,1.14,24,HL
625,1,рождение,2024-12-06 01:00,2024-12-09 01:00,HH·HL·LH·HL·HH,П16,LL,2613.11,2645.73,2624.13,2641.68,2627.57,2650.61,1.44,1.44,23,HL
625,2,продолжение,2024-12-09 04:00,2024-12-10 17:00,HH·HL·LH·HL·HH,П16,HL,2634.72,2676.48,2656.8,2673.91,2661.24,2695.59,2.31,3.16,36,HL
626,1,рождение,2024-12-11 05:00,2024-12-12 01:00,LH·HL·HH·HL·HH,П1,LL,2675.47,2699.91,2690.76,2721.27,2713.35,2726.3,1.9,1.9,19,LL
627,1,рождение,2024-12-19 15:00,2024-12-20 16:00,LH·HL·HH·HL·HH,П1,LL,2587.07,2601.14,2589.66,2607.8,2600.22,2631.92,1.73,1.73,24,HL
628,1,рождение,2024-12-23 16:00,2024-12-26 07:00,LH·HL·HH·HL·HH,П1,LL,2608.26,2616.81,2609.17,2621.53,2610.11,2629.61,0.82,0.82,34,HL
628,2,продолжение,2024-12-26 13:00,2024-12-27 07:00,HH·HL·LH·HL·HH,П16,HL,2621.86,2639.18,2628.09,2636.26,2628.99,2638.3,0.66,1.19,17,LL
629,1,рождение,2024-12-31 05:00,2025-01-02 02:00,HH·HL·HH·HL·HH,П6,LL,2602.76,2617.85,2605.49,2627.62,2621.78,2636.59,1.3,1.3,20,HL
630,1,рождение,2025-01-06 14:00,2025-01-07 01:00,LH·HL·LH·HL·HH,П20,LL,2614.64,2641.3,2632.99,2637.11,2633.0,2641.23,1.02,1.02,10,HL
630,2,продолжение,2025-01-07 05:00,2025-01-08 10:00,HH·HL·LH·HL·HH,П16,HL,2637.18,2664.33,2642.05,2651.57,2645.37,2655.24,1.03,1.9,28,HL
630,3,продолжение,2025-01-08 12:00,2025-01-09 13:00,HH·HL·LH·HL·HH,П16,HL,2645.89,2670.15,2649.49,2664.11,2655.64,2678.41,1.23,2.44,24,HL
630,4,продолжение,2025-01-09 17:00,2025-01-13 00:00,LH·HL·HH·HL·LH,П5,HL,2662.81,2672.61,2664.07,2697.95,2684.61,2693.55,1.32,3.19,29,LL
631,1,рождение,2025-01-13 19:00,2025-01-14 21:00,LH·HL·LH·HL·HH,П20,LL,2656.84,2675.36,2659.89,2674.07,2666.72,2678.39,0.81,0.81,25,HL
631,2,продолжение,2025-01-15 02:00,2025-01-16 17:00,HH·HL·HH·HL·HH,П6,HL,2669.36,2696.05,2676.76,2702.26,2690.05,2724.78,2.08,2.56,38,HL
632,1,рождение,2025-01-20 13:00,2025-01-22 05:00,LH·HL·HH·HL·HH,П1,LL,2701.76,2712.26,2702.82,2733.06,2716.61,2758.67,2.11,2.11,36,HL
633,1,рождение,2025-01-23 13:00,2025-01-24 15:00,HH·HL·HH·HL·HH,П6,LL,2735.96,2758.97,2751.41,2778.45,2770.18,2786.06,1.83,1.83,25,LL
634,1,рождение,2025-01-29 19:00,2025-01-31 07:00,LH·HL·HH·HL·HH,П1,LL,2744.76,2762.74,2758.86,2798.61,2788.49,2801.01,2.05,2.05,34,HL
635,1,рождение,2025-02-04 07:00,2025-02-05 15:00,HH·HL·HH·HL·HH,П6,LL,2807.28,2845.47,2839.74,2877.09,2858.64,2882.31,2.67,2.67,31,HL
636,1,рождение,2025-02-07 13:00,2025-02-10 15:00,HH·HL·LH·HL·HH,П16,LL,2852.59,2886.86,2853.43,2876.74,2896.39,2911.97,2.08,2.08,25,HL
637,1,рождение,2025-02-12 13:00,2025-02-13 12:00,HH·HL·HH·HL·LH,П12,LL,2864.33,2909.26,2893.64,2922.88,2909.5,2921.43,2.04,2.04,22,LL
638,1,рождение,2025-02-14 20:00,2025-02-17 15:00,LH·HL·HH·HL·LH,П5,LL,2877.03,2905.36,2888.19,2906.53,2895.45,2904.18,1.03,1.03,18,LL
639,1,рождение,2025-02-18 01:00,2025-02-19 10:00,HH·HL·HH·HL·HH,П6,LL,2892.07,2915.76,2907.19,2939.74,2924.21,2947.08,1.9,1.9,32,LL
640,1,рождение,2025-02-19 18:00,2025-02-21 01:00,HH·HL·LH·HL·HH,П16,LL,2918.64,2954.95,2924.03,2947.09,2933.55,2949.93,1.24,1.24,29,LL
641,1,рождение,2025-02-28 15:00,2025-03-03 16:00,LH·HL·HH·HL·HH,П1,LL,2832.72,2854.03,2838.14,2876.85,2859.0,2893.2,2.14,2.14,24,HL
641,2,продолжение,2025-03-03 20:00,2025-03-04 20:00,HH·HL·HH·HL·LH,П12,HL,2878.43,2895.21,2881.98,2927.91,2900.39,2920.61,1.72,3.36,23,HL
642,1,рождение,2025-03-05 13:00,2025-03-06 02:00,HH·HL·LH·HL·HH,П16,LL,2894.35,2929.98,2911.88,2923.11,2916.01,2926.72,1.23,1.23,12,LL
643,1,рождение,2025-03-06 09:00,2025-03-07 15:00,LH·HL·HH·HL·HH,П1,LL,2891.15,2922.85,2896.91,2923.18,2903.83,2930.54,1.36,1.36,29,LL
644,1,рождение,2025-03-11 01:00,2025-03-11 19:00,LH·HL·HH·HL·LH,П5,LL,2880.25,2900.51,2892.82,2922.22,2906.89,2921.4,1.46,1.46,18,HL
645,1,рождение,2025-03-12 13:00,2025-03-13 09:00,HH·HL·HH·HL·HH,П6,LL,2906.11,2940.69,2930.97,2947.2,2932.98,2948.93,1.47,1.47,19,HL
646,1,рождение,2025-03-14 15:00,2025-03-17 06:00,LH·HL·HH·HL·LH,П5,LL,2978.51,2990.51,2981.85,2994.24,2982.34,2990.83,0.53,0.53,14,HL
646,2,продолжение,2025-03-17 08:00,2025-03-18 13:00,HH·HL·LH·HL·HH,П16,HL,2983.18,3001.19,2984.93,3000.55,2999.46,3038.35,1.85,2.01,28,HL
647,1,рождение,2025-03-19 09:00,2025-03-20 04:00,LH·HL·HH·HL·HH,П1,LL,3022.89,3041.1,3025.96,3056.23,3045.08,3057.59,1.15,1.15,18,LL
648,1,рождение,2025-03-24 18:00,2025-03-25 14:00,LH·HL·HH·HL·HH,П1,LL,3002.49,3014.99,3007.54,3021.14,3010.59,3036.07,1.12,1.12,19,HL
649,1,рождение,2025-03-26 15:00,2025-03-27 19:00,HH·HL·HH·HL·LH,П12,LL,3012.33,3038.7,3026.76,3059.76,3047.87,3057.95,1.57,1.57,27,HL
649,2,продолжение,2025-03-27 23:00,2025-03-30 22:00,HH·HL·HH·HL·HH,П6,HL,3054.24,3086.09,3066.14,3086.97,3067.43,3097.98,1.43,2.84,22,HL
650,1,рождение,2025-03-31 13:00,2025-04-01 10:00,HH·HL·HH·HL·LH,П12,LL,3099.71,3127.3,3120.12,3149.09,3124.11,3139.07,1.59,1.59,20,LL
651,1,рождение,2025-04-07 17:00,2025-04-08 13:00,LH·HL·HH·HL·HH,П1,LL,2956.57,3004.96,2990.94,3016.11,2994.9,3022.76,2.24,2.24,19,LL
652,1,рождение,2025-04-08 23:00,2025-04-10 05:00,HH·HL·HH·HL·HH,П6,LL,2969.97,3052.47,3036.08,3099.77,3078.55,3132.63,5.48,5.48,29,HL
652,2,продолжение,2025-04-10 09:00,2025-04-11 16:00,HH·HL·HH·HL·HH,П6,HL,3103.32,3175.09,3151.66,3220.1,3187.26,3245.49,4.58,9.28,30,HL
653,1,рождение,2025-04-14 13:00,2025-04-15 08:00,LH·HL·HH·HL·LH,П5,LL,3193.63,3216.49,3210.07,3232.76,3217.38,3232.24,1.23,1.23,18,LL
654,1,рождение,2025-04-15 13:00,2025-04-17 05:00,HH·HL·HH·HL·LH,П12,LL,3211.66,3317.92,3293.07,3357.78,3320.86,3345.59,4.55,4.55,38,LL
655,1,рождение,2025-04-17 14:00,2025-04-22 06:00,LH·HL·HH·HL·HH,П1,LL,3283.95,3322.68,3311.06,3430.35,3406.07,3500.2,6.58,6.58,38,LL
656,1,рождение,2025-04-25 13:00,2025-04-28 19:00,LH·HL·LH·HL·HH,П20,LL,3265.14,3330.61,3268.11,3301.16,3273.34,3353.2,2.7,2.7,29,HL
657,1,рождение,2025-05-01 12:00,2025-05-02 11:00,LH·HL·HH·HL·HH,П1,LL,3201.95,3233.37,3205.09,3258.8,3246.42,3269.3,2.1,2.1,22,LL
658,1,рождение,2025-05-02 16:00,2025-05-06 02:00,HH·HL·HH·HL·HH,П6,LL,3222.76,3328.85,3305.64,3337.67,3322.76,3387.01,5.1,5.1,32,HL
658,2,продолжение,2025-05-06 05:00,2025-05-07 13:00,HH·HL·LH·HL·HH,П16,HL,3350.26,3435.05,3360.2,3397.45,3369.3,3398.14,2.53,6.59,31,HL
659,1,рождение,2025-05-16 11:00,2025-05-19 19:00,HH·HL·LH·HL·LH,П25,LL,3154.3,3249.85,3206.72,3248.59,3217.29,3235.97,3.03,3.03,31,LL
660,1,рождение,2025-05-20 03:00,2025-05-21 10:00,HH·HL·HH·HL·LH,П12,LL,3204.67,3314.82,3285.34,3320.84,3303.97,3318.39,3.63,3.63,30,LL
661,1,рождение,2025-05-23 00:00,2025-05-23 17:00,HH·HL·HH·HL·HH,П6,LL,3287.07,3334.47,3322.66,3364.82,3336.64,3366.01,2.4,2.4,17,LL
662,1,рождение,2025-05-29 01:00,2025-05-30 13:00,LH·HL·HH·HL·LH,П5,LL,3245.56,3280.22,3266.08,3331.47,3287.43,3308.38,2.65,2.65,35,LL
663,1,рождение,2025-05-30 14:00,2025-06-02 23:00,LH·HL·HH·HL·HH,П1,LL,3271.46,3295.88,3288.8,3316.74,3301.41,3392.3,3.69,3.69,31,HL
664,1,рождение,2025-06-11 17:00,2025-06-12 19:00,HH·HL·HH·HL·LH,П12,LL,3319.38,3377.89,3338.59,3399.05,3377.89,3389.51,2.4,2.4,25,HL
664,2,продолжение,2025-06-12 22:00,2025-06-15 22:00,HH·HL·HH·HL·HH,П6,HL,3379.53,3444.49,3407.93,3446.88,3419.22,3451.53,2.13,3.98,23,LL
665,1,рождение,2025-06-17 14:00,2025-06-18 13:00,LH·HL·HH·HL·LH,П5,LL,3366.11,3395.97,3370.64,3400.11,3375.57,3396.95,1.01,1.01,22,LL
666,1,рождение,2025-06-20 06:00,2025-06-22 22:00,LH·HL·HH·HL·HH,П1,LL,3340.41,3359.27,3341.9,3374.63,3364.68,3389.22,1.46,1.46,15,LL
667,1,рождение,2025-06-25 13:00,2025-06-26 08:00,HH·HL·HH·HL·HH,П6,LL,3312.05,3340.32,3329.3,3343.26,3331.03,3350.41,1.16,1.16,18,LL
668,1,рождение,2025-06-29 22:00,2025-07-02 00:00,HH·HL·HH·HL·LH,П12,LL,3244.41,3296.83,3274.62,3358.09,3337.05,3345.05,3.5,3.5,48,LL
669,1,рождение,2025-07-02 07:00,2025-07-03 06:00,HH·HL·HH·HL·LH,П12,LL,3327.66,3351.24,3333.97,3365.92,3342.01,3363.76,1.15,1.15,22,LL
670,1,рождение,2025-07-03 12:00,2025-07-06 22:00,LH·HL·HH·HL·LH,П5,LL,3311.62,3334.89,3323.66,3345.18,3330.87,3342.07,1.01,1.01,28,LL
671,1,рождение,2025-07-10 14:00,2025-07-13 23:00,HH·HL·HH·HL·HH,П6,LL,3310.18,3344.13,3331.24,3368.86,3349.26,3374.26,1.94,1.94,31,HL
672,1,рождение,2025-07-14 14:00,2025-07-15 10:00,LH·HL·HH·HL·HH,П1,LL,3341.09,3351.77,3341.39,3365.3,3356.6,3366.43,0.76,0.76,19,LL
673,1,рождение,2025-07-17 12:00,2025-07-21 01:00,LH·HL·HH·HL·LH,П5,LL,3309.79,3344.32,3331.89,3361.33,3344.91,3358.66,1.56,1.56,35,HL
673,2,продолжение,2025-07-21 04:00,2025-07-21 23:00,HH·HL·HH·HL·HH,П6,HL,3350.7,3370.82,3362.84,3401.64,3391.38,3402.86,1.56,2.81,18,LL
674,1,рождение,2025-07-28 13:00,2025-07-29 08:00,LH·HL·HH·HL·HH,П1,LL,3301.76,3318.96,3308.16,3320.97,3309.11,3330.1,0.86,0.86,18,HL
675,1,рождение,2025-08-01 01:00,2025-08-03 22:00,LH·HL·HH·HL·HH,П1,LL,3281.74,3300.54,3285.26,3355.18,3340.63,3364.82,2.53,2.53,20,HL
675,2,продолжение,2025-08-04 01:00,2025-08-05 01:00,LH·HL·HH·HL·LH,П5,HL,3345.01,3362.7,3351.78,3385.53,3370.62,3382.37,1.21,3.16,23,LL
676,1,рождение,2025-08-06 09:00,2025-08-07 07:00,HH·HL·HH·HL·HH,П6,LL,3358.26,3380.09,3365.3,3384.3,3371.64,3397.58,1.17,1.17,21,HL
676,2,продолжение,2025-08-07 11:00,2025-08-08 04:00,LH·HL·HH·HL·LH,П5,HL,3371.87,3393.97,3374.77,3409.43,3381.22,3399.59,1.11,1.52,16,HL
677,1,рождение,2025-08-13 00:00,2025-08-13 14:00,HH·HL·HH·HL·HH,П6,LL,3342.64,3354.51,3345.57,3367.09,3354.16,3370.82,0.84,0.84,14,LL
678,1,рождение,2025-08-14 16:00,2025-08-15 19:00,LH·HL·HH·HL·LH,П5,LL,3329.85,3341.08,3332.34,3348.91,3333.06,3339.68,0.57,0.57,26,LL
679,1,рождение,2025-08-20 01:00,2025-08-21 09:00,LH·HL·HH·HL·LH,П5,LL,3311.56,3327.61,3321.07,3352.3,3334.28,3342.28,1.23,1.23,31,LL
680,1,рождение,2025-08-22 12:00,2025-08-25 07:00,HH·HL·LH·HL·HH,П16,LL,3321.45,3378.84,3359.78,3368.24,3363.16,3369.97,1.73,1.73,18,LL
681,1,рождение,2025-08-26 00:00,2025-08-26 15:00,LH·HL·HH·HL·HH,П1,LL,3351.33,3379.98,3367.09,3380.51,3370.31,3389.41,1.14,1.14,15,HL
682,1,рождение,2025-08-27 11:00,2025-08-29 08:00,HH·HL·HH·HL·LH,П12,LL,3373.75,3399.36,3384.62,3423.18,3406.57,3414.92,1.47,1.47,43,LL
683,1,рождение,2025-08-29 11:00,2025-09-01 14:00,HH·HL·HH·HL·LH,П12,LL,3404.32,3453.97,3437.03,3489.84,3466.39,3481.53,2.51,2.51,26,HL
684,1,рождение,2025-09-02 08:00,2025-09-03 18:00,HH·HL·HH·HL·HH,П6,LL,3470.05,3540.06,3526.54,3547.33,3526.77,3578.66,3.13,3.13,33,LL
685,1,рождение,2025-09-04 03:00,2025-09-05 00:00,LH·HL·LH·HL·HH,П20,LL,3511.76,3558.93,3535.14,3556.28,3540.01,3556.76,1.34,1.34,20,HL
686,1,рождение,2025-09-11 12:00,2025-09-12 05:00,LH·HL·LH·HL·HH,П20,LL,3612.84,3642.11,3630.53,3638.53,3630.62,3656.7,1.21,1.21,16,HL
686,2,продолжение,2025-09-12 09:00,2025-09-12 17:00,LH·HL·HH·HL·LH,П5,HL,3637.63,3652.26,3638.24,3654.49,3641.79,3650.86,0.46,1.15,8,LL
687,1,рождение,2025-09-15 01:00,2025-09-16 01:00,LH·HL·HH·HL·HH,П1,LL,3626.46,3646.95,3633.68,3685.7,3676.16,3689.51,1.74,1.74,23,LL
688,1,рождение,2025-09-19 01:00,2025-09-21 22:00,HH·HL·LH·HL·HH,П16,LL,3632.38,3661.36,3643.4,3659.29,3643.78,3692.29,1.65,1.65,20,HL
688,2,продолжение,2025-09-22 02:00,2025-09-23 01:00,HH·HL·HH·HL·HH,П6,HL,3685.46,3728.49,3712.25,3748.86,3738.12,3759.42,2.01,3.5,22,LL
689,1,рождение,2025-09-25 13:00,2025-09-26 14:00,LH·HL·LH·HL·HH,П20,LL,3722.22,3758.43,3734.44,3755.24,3742.95,3783.89,1.66,1.66,24,HL
689,2,продолжение,2025-09-26 20:00,2025-09-30 06:00,HH·HL·HH·HL·HH,П6,HL,3759.66,3831.45,3809.43,3833.66,3822.6,3871.89,2.99,4.02,32,LL
690,1,рождение,2025-10-02 15:00,2025-10-06 08:00,LH·HL·HH·HL·HH,П1,LL,3819.43,3863.72,3838.07,3945.33,3922.5,3949.67,3.41,3.41,39,HL
691,1,рождение,2025-10-07 08:00,2025-10-08 16:00,HH·HL·HH·HL·HH,П6,LL,3941.05,3991.14,3961.75,4049.7,4026.18,4059.35,3.0,3.0,31,LL
692,1,рождение,2025-10-08 23:00,2025-10-09 13:00,LH·HL·HH·HL·HH,П1,LL,4001.33,4036.54,4002.72,4043.7,4022.67,4058.11,1.42,1.42,14,LL
693,1,рождение,2025-10-09 17:00,2025-10-10 15:00,LH·HL·HH·HL·HH,П1,LL,3944.43,3994.52,3947.02,4006.74,3970.86,4023.0,1.99,1.99,21,HL
694,1,рождение,2025-10-14 06:00,2025-10-15 08:00,LH·HL·HH·HL·HH,П1,LL,4090.14,4145.07,4097.74,4155.49,4134.69,4218.4,3.14,3.14,25,HL
694,2,продолжение,2025-10-15 09:00,2025-10-16 22:00,LH·HL·HH·HL·HH,П1,HL,4164.24,4212.61,4179.47,4242.38,4203.55,4380.99,5.21,7.11,35,HL
695,1,рождение,2025-10-17 17:00,2025-10-20 08:00,LH·HL·HH·HL·LH,П5,LL,4185.91,4268.27,4219.11,4271.28,4221.2,4266.12,2.04,2.04,14,HL
696,1,рождение,2025-10-22 14:00,2025-10-23 14:00,HH·HL·HH·HL·HH,П6,LL,4011.09,4113.8,4065.9,4137.74,4100.14,4154.79,3.58,3.58,23,HL
697,1,рождение,2025-10-28 09:00,2025-10-29 12:00,LH·HL·HH·HL·HH,П1,LL,3886.47,3970.47,3907.93,3982.49,3943.82,4030.34,3.7,3.7,26,LL
698,1,рождение,2025-10-30 03:00,2025-10-31 08:00,HH·HL·HH·HL·LH,П12,LL,3915.52,4011.7,3960.32,4046.59,3989.07,4026.82,3.35,3.35,28,HL
699,1,рождение,2025-11-03 00:00,2025-11-03 20:00,LH·HL·HH·HL·LH,П5,LL,3962.28,4028.13,3993.1,4030.82,3995.22,4015.06,1.73,1.73,20,LL
700,1,рождение,2025-11-04 14:00,2025-11-06 12:00,LH·HL·HH·HL·HH,П1,LL,3928.68,3987.34,3956.1,3990.57,3964.45,4019.64,2.32,2.32,44,HL
700,2,продолжение,2025-11-06 17:00,2025-11-07 09:00,LH·HL·HH·HL·HH,П1,HL,3965.71,3995.36,3976.88,4003.41,3985.61,4014.29,1.23,2.18,15,LL
701,1,рождение,2025-11-07 15:00,2025-11-10 13:00,HH·HL·HH·HL·HH,П6,LL,3984.01,4027.59,3994.64,4086.38,4071.49,4106.0,3.06,3.06,21,HL
702,1,рождение,2025-11-11 15:00,2025-11-12 18:00,LH·HL·LH·HL·HH,П20,LL,4097.24,4145.61,4098.91,4133.85,4122.74,4211.8,2.8,2.8,26,HL
703,1,рождение,2025-11-18 07:00,2025-11-19 02:00,HH·HL·HH·HL·LH,П12,LL,3997.99,4081.91,4040.55,4082.58,4064.91,4080.78,2.12,2.12,18,LL
704,1,рождение,2025-11-21 08:00,2025-11-24 04:00,LH·HL·HH·HL·LH,П5,LL,4022.26,4063.61,4031.1,4101.07,4040.77,4061.43,1.96,1.96,19,LL
705,1,рождение,2025-11-24 05:00,2025-11-25 17:00,HH·HL·LH·HL·HH,П16,LL,4040.02,4155.9,4109.71,4150.91,4110.81,4159.38,2.95,2.95,35,HL
706,1,рождение,2025-11-27 04:00,2025-11-27 19:00,LH·HL·LH·HL·LH,П29,LL,4142.73,4167.26,4148.4,4161.93,4151.51,4160.46,0.59,0.59,15,HL
707,1,рождение,2025-11-28 08:00,2025-12-01 13:00,HH·HL·HH·HL·HH,П6,LL,4153.74,4226.91,4205.78,4256.6,4215.6,4264.7,2.67,2.67,26,HL
708,1,рождение,2025-12-02 15:00,2025-12-04 01:00,LH·HL·HH·HL·LH,П5,LL,4163.81,4229.06,4194.65,4241.56,4195.19,4217.08,1.87,1.87,32,LL
709,1,рождение,2025-12-04 05:00,2025-12-05 00:00,LH·HL·HH·HL·LH,П5,LL,4174.81,4206.63,4185.45,4219.62,4199.55,4210.69,1.07,1.07,18,LL
710,1,рождение,2025-12-09 06:00,2025-12-10 02:00,HH·HL·HH·HL·LH,П12,LL,4169.98,4213.05,4189.51,4221.62,4201.26,4218.86,1.24,1.24,19,LL
711,1,рождение,2025-12-10 19:00,2025-12-11 18:00,HH·HL·LH·HL·HH,П16,LL,4182.08,4247.81,4204.27,4226.08,4205.35,4285.89,2.48,2.48,22,HL
712,1,рождение,2025-12-16 05:00,2025-12-17 05:00,HH·HL·LH·HL·HH,П16,LL,4271.57,4335.19,4291.41,4315.92,4296.81,4342.58,1.66,1.66,23,HL
712,2,продолжение,2025-12-17 10:00,2025-12-18 07:00,HH·HL·LH·HL·LH,П25,HL,4306.52,4349.28,4320.32,4346.61,4324.02,4337.78,0.99,1.82,20,LL
713,1,рождение,2025-12-18 14:00,2025-12-19 18:00,HH·HL·LH·HL·HH,П16,LL,4308.67,4374.65,4309.1,4333.67,4319.83,4356.62,1.53,1.53,27,HL
713,2,продолжение,2025-12-19 21:00,2025-12-23 02:00,HH·HL·HH·HL·HH,П6,HL,4336.56,4420.52,4406.06,4442.27,4429.01,4497.69,3.72,4.39,27,HL
714,1,рождение,2025-12-24 15:00,2025-12-26 16:00,HH·HL·LH·HL·HH,П16,LL,4448.26,4536.74,4492.21,4523.75,4502.91,4550.15,2.29,2.29,21,HL
715,1,рождение,2025-12-29 15:00,2025-12-30 17:00,LH·HL·HH·HL·LH,П5,LL,4302.11,4383.44,4350.49,4404.38,4355.15,4382.12,2.38,2.38,25,LL
716,1,рождение,2025-12-31 06:00,2026-01-02 13:00,LH·HL·HH·HL·HH,П1,LL,4274.02,4337.48,4303.26,4353.44,4304.65,4402.3,3.0,3.0,30,HL
716,2,продолжение,2026-01-02 18:00,2026-01-05 23:00,HH·HL·HH·HL·HH,П6,HL,4309.91,4440.06,4396.48,4455.77,4432.53,4460.28,3.49,4.36,27,LL
717,1,рождение,2026-01-08 12:00,2026-01-09 06:00,HH·HL·HH·HL·LH,П12,LL,4407.84,4465.74,4444.72,4479.73,4452.92,4477.55,1.63,1.63,17,HL
718,1,рождение,2026-01-09 13:00,2026-01-12 16:00,HH·HL·HH·HL·HH,П6,LL,4458.94,4517.25,4482.01,4601.69,4578.48,4630.19,3.84,3.84,26,LL
719,1,рождение,2026-01-15 03:00,2026-01-15 23:00,LH·HL·HH·HL·LH,П5,LL,4581.06,4623.11,4581.62,4625.02,4600.71,4620.98,0.96,0.96,19,LL
720,1,рождение,2026-01-16 15:00,2026-01-19 18:00,HH·HL·LH·HL·HH,П16,LL,4536.49,4690.94,4653.23,4679.11,4659.73,4680.4,3.4,3.4,26,LL
721,1,рождение,2026-01-20 00:00,2026-01-21 06:00,HH·HL·HH·HL·HH,П6,LL,4659.4,4737.57,4715.03,4766.4,4747.36,4888.55,4.92,4.92,29,HL
722,1,рождение,2026-01-21 19:00,2026-01-23 16:00,LH·HL·HH·HL·HH,П1,LL,4755.07,4839.71,4810.74,4967.52,4899.8,4988.44,4.91,4.91,43,HL
722,2,продолжение,2026-01-23 18:00,2026-01-26 16:00,HH·HL·HH·HL·LH,П12,HL,4958.35,5092.98,5052.36,5111.51,5054.67,5105.34,3.09,7.5,21,LL
723,1,рождение,2026-01-26 21:00,2026-01-27 13:00,LH·HL·HH·HL·LH,П5,LL,4990.22,5079.81,5057.19,5100.84,5066.64,5093.15,2.22,2.22,15,LL
724,1,рождение,2026-01-27 14:00,2026-01-28 08:00,HH·HL·HH·HL·HH,П6,LL,5046.84,5103.35,5076.45,5190.51,5157.21,5311.66,5.25,5.25,17,HL
725,1,рождение,2026-02-02 06:00,2026-02-03 08:00,LH·HL·HH·HL·HH,П1,LL,4402.38,4812.27,4596.74,4856.76,4745.68,4950.68,12.45,12.45,25,HL
726,1,рождение,2026-02-06 00:00,2026-02-09 06:00,HH·HL·HH·HL·LH,П12,LL,4655.23,4971.34,4936.69,5047.91,4968.89,5045.81,8.44,8.44,29,HL
727,1,рождение,2026-02-09 10:00,2026-02-10 09:00,HH·HL·LH·HL·HH,П16,LL,4982.49,5086.68,4987.39,5056.34,5011.44,5063.55,2.09,2.09,22,HL
728,1,рождение,2026-02-11 13:00,2026-02-12 13:00,LH·HL·LH·HL·HH,П20,LL,5019.72,5099.31,5045.44,5078.42,5047.13,5083.85,1.59,1.59,23,LL
729,1,рождение,2026-02-13 11:00,2026-02-16 23:00,HH·HL·LH·HL·LH,П25,LL,4933.64,5046.48,4964.86,5017.44,4969.11,5001.24,2.29,2.29,32,LL
730,1,рождение,2026-02-17 14:00,2026-02-18 16:00,LH·HL·HH·HL·HH,П1,LL,4842.6,4910.9,4854.24,4942.49,4906.43,5010.91,3.48,3.48,25,HL
731,1,рождение,2026-02-19 00:00,2026-02-20 01:00,HH·HL·HH·HL·LH,П12,LL,4960.65,5022.17,4963.44,5022.39,4975.41,5014.86,1.24,1.24,24,HL
731,2,продолжение,2026-02-20 03:00,2026-02-23 23:00,HH·HL·HH·HL·HH,П6,HL,4981.67,5042.74,4990.59,5176.95,5122.22,5250.01,5.39,5.83,42,LL
732,1,рождение,2026-02-24 14:00,2026-02-25 17:00,LH·HL·HH·HL·HH,П1,LL,5093.23,5173.31,5128.28,5210.68,5155.1,5217.78,2.45,2.45,26,LL
733,1,рождение,2026-02-26 15:00,2026-03-01 23:00,LH·HL·LH·HL·HH,П20,LL,5130.23,5201.01,5166.99,5200.64,5168.69,5394.01,5.14,5.14,30,HL
734,1,рождение,2026-03-03 15:00,2026-03-04 12:00,LH·HL·HH·HL·HH,П1,LL,4996.27,5149.06,5083.45,5191.06,5117.72,5206.27,4.2,4.2,20,LL
735,1,рождение,2026-03-09 14:00,2026-03-10 15:00,HH·HL·HH·HL·HH,П6,LL,5060.6,5187.06,5154.47,5195.4,5156.5,5238.77,3.52,3.52,24,HL
736,1,рождение,2026-03-15 23:00,2026-03-16 20:00,LH·HL·HH·HL·LH,П5,LL,4967.77,5036.01,4970.23,5038.15,4974.23,5021.84,1.42,1.42,21,HL
737,1,рождение,2026-03-19 13:00,2026-03-20 08:00,LH·HL·HH·HL·LH,П5,LL,4502.36,4677.2,4634.35,4736.18,4661.31,4734.96,5.19,5.19,18,LL
738,1,рождение,2026-03-24 02:00,2026-03-25 02:00,LH·HL·LH·HL·HH,П20,LL,4305.88,4442.24,4351.09,4434.31,4372.65,4602.65,6.89,6.89,23,HL
739,1,рождение,2026-03-26 20:00,2026-03-30 11:00,HH·HL·HH·HL·HH,П6,LL,4351.35,4475.3,4404.58,4555.63,4417.43,4580.73,5.27,5.27,37,HL
740,1,рождение,2026-03-31 10:00,2026-04-01 17:00,HH·HL·HH·HL·HH,П6,LL,4529.55,4724.52,4667.19,4762.9,4716.28,4793.19,5.82,5.82,30,HL
741,1,рождение,2026-04-02 06:00,2026-04-06 14:00,LH·HL·HH·HL·LH,П5,LL,4553.85,4699.89,4600.85,4706.88,4659.65,4697.78,3.36,3.36,31,LL
742,1,рождение,2026-04-09 00:00,2026-04-10 04:00,LH·HL·HH·HL·LH,П5,LL,4698.73,4733.04,4703.58,4801.39,4738.1,4770.9,2.18,2.18,27,LL
743,1,рождение,2026-04-14 10:00,2026-04-16 05:00,HH·HL·LH·HL·HH,П16,LL,4751.22,4871.38,4786.08,4830.61,4787.15,4838.56,2.53,2.53,41,HL
744,1,рождение,2026-04-19 23:00,2026-04-20 14:00,LH·HL·LH·HL·HH,П20,LL,4736.83,4814.46,4779.54,4805.8,4783.72,4827.69,1.92,1.92,15,HL
745,1,рождение,2026-04-29 13:00,2026-04-30 10:00,LH·HL·HH·HL·HH,П1,LL,4510.1,4564.98,4518.34,4582.59,4540.93,4647.05,3.04,3.04,20,HL
746,1,рождение,2026-05-04 16:00,2026-05-06 10:00,LH·HL·HH·HL·HH,П1,LL,4501.03,4546.94,4528.03,4586.6,4546.36,4723.14,4.93,4.93,40,HL
746,2,продолжение,2026-05-06 12:00,2026-05-07 08:00,LH·HL·HH·HL·HH,П1,HL,4660.44,4717.62,4679.15,4721.53,4685.27,4753.44,2.0,5.61,19,HL
747,1,рождение,2026-05-07 22:00,2026-05-08 18:00,HH·HL·HH·HL·LH,П12,LL,4682.05,4734.9,4697.05,4749.58,4702.06,4729.02,1.44,1.44,20,LL
748,1,рождение,2026-05-18 00:00,2026-05-19 00:00,LH·HL·HH·HL·HH,П1,LL,4480.41,4560.1,4529.96,4584.38,4531.85,4589.58,2.44,2.44,23,LL
749,1,рождение,2026-05-22 14:00,2026-05-25 11:00,LH·HL·HH·HL·LH,П5,LL,4491.93,4527.99,4504.17,4580.21,4550.55,4577.11,1.97,1.97,20,HL
750,1,рождение,2026-05-28 04:00,2026-05-29 10:00,HH·HL·HH·HL·HH,П6,LL,4366.23,4516.63,4488.98,4520.81,4509.95,4543.31,4.06,4.06,29,HL
751,1,рождение,2026-06-08 05:00,2026-06-08 16:00,LH·HL·HH·HL·LH,П5,LL,4268.48,4316.96,4273.16,4346.88,4314.94,4346.4,1.84,1.84,11,LL
752,1,рождение,2026-06-10 23:00,2026-06-12 09:00,LH·HL·HH·HL·LH,П5,LL,4023.87,4118.4,4052.97,4246.72,4170.29,4228.07,5.54,5.54,33,HL
752,2,продолжение,2026-06-12 14:00,2026-06-15 08:00,HH·HL·HH·HL·HH,П6,HL,4177.25,4235.69,4201.82,4335.57,4301.01,4345.56,4.03,7.99,17,
