dir,tStart,start,end,dur,born,prov,pStart,pEnd,imp,moveImp,addImp,mfeImp,maxKN,kn20,knees,mud,mud20,zeroBar,deathLvl
-1,2017-07-26 23:00,19,55,36,первый,False,1260.3525,1263.67,19.798999999999978,-0.1675589676246332,-0.0639622867029197,0.29135309864134096,2,1,9,1,1,3,1260.606
1,2017-07-31 01:00,67,124,57,пауза,False,1268.3395,1264.714,13.01299999999992,-0.2786060093752497,-0.5237742229706005,0.4506647198954848,2,2,9,2,2,54,1267.148
-1,2017-08-03 18:00,153,206,53,пауза,False,1268.879,1260.4975,13.601999999999862,0.6161961476253526,0.8349368781896592,1.0739597118070943,2,2,10,2,1,129,1259.13
1,2017-08-08 08:00,212,218,6,рывок,True,1260.727,1253.5925,2.9629999999999654,-2.407863651704421,-2.526596893887182,1.5588930138373163,5,5,2,0,0,193,1259.222
-1,2017-08-08 23:00,226,234,8,пауза,False,1262.028,1268.1215,11.440000000000055,-0.5326486013985944,-0.4916412300088155,0.062325174825171505,1,1,0,0,0,223,1263.054
1,2017-08-10 04:00,254,303,49,рывок,False,1276.959,1283.2045,4.04300000000012,1.5447687360870164,0.8623619938789173,3.807815978233867,5,3,7,2,0,219,1285.472
-1,2017-08-14 17:00,313,359,46,рывок,True,1280.705,1276.661,4.189000000000078,0.9653855335401751,1.5853407918342126,3.1768918596323092,5,4,8,3,1,299,1274.152
1,2017-08-17 17:00,382,455,73,пауза,False,1285.012,1284.021,8.999000000000024,-0.11012334703855793,-0.5616060750005463,1.7684187131903484,2,2,9,5,0,355,1287.43
-1,2017-08-22 23:00,456,476,20,рывок,True,1283.3165,1290.301,8.082000000000107,-0.8642044048502763,-0.721344171780172,0.05970056916602808,2,2,2,0,0,447,1287.43
1,2017-08-24 17:00,497,516,19,пауза,False,1286.4805,1280.801,5.367999999999938,-1.0580290611028367,-1.2626681321500899,0.3993107302533822,2,2,3,1,1,488,1285.962
1,2017-08-25 14:00,517,596,79,рывок,True,1290.455,1303.033,2.6620000000000346,4.7250187828699515,3.0730351729627685,13.40232907588267,2,1,9,4,2,509,1306.368
-1,2017-08-31 02:00,597,609,12,рывок,False,1302.058,1316.6145,3.9720000000002074,-3.664778449143795,-3.4879563565149243,0.2761832829808466,4,4,1,0,1,582,1308.287
1,2017-09-01 05:00,623,671,48,рывок,False,1319.2905,1329.674,5.173000000000002,2.0072491784264272,1.4843273858477124,4.0107287840711265,3,3,8,3,1,596,1332.714
1,2017-09-05 14:00,674,699,25,рывок,True,1336.529,1333.3285,6.411000000000058,-0.4992200904694885,-0.7230212849231574,1.2310092029324569,2,2,4,2,1,662,1336.406
-1,2017-09-06 23:00,705,714,9,рывок,True,1333.4975,1338.816,5.59900000000016,-0.9499017681728761,-0.8556278606093779,0.16136810144666344,2,2,1,0,0,692,1336.06
1,2017-09-07 18:00,724,750,26,пауза,False,1345.4,1335.1125,15.3599999999999,-0.6697591145833466,-0.7668382404303424,0.7958333333333342,2,1,1,1,1,712,1342.874
-1,2017-09-11 13:00,765,793,28,рывок,False,1334.465,1331.0235,5.166000000000167,0.6661827332558641,0.9764252627218365,2.2816492450637678,5,3,3,1,1,734,1328.774
-1,2017-09-13 08:00,806,909,103,пауза,False,1332.552,1311.095,3.908000000000129,5.490532241555571,6.971616454910398,7.125383828044801,4,1,13,5,1,800,1309.967
1,2017-09-20 04:00,917,931,14,пауза,False,1312.6095,1301.0925,2.063000000000102,-5.582646631119479,-5.978570683791067,1.7152205525931705,4,4,3,1,1,906,1310.95
-1,2017-09-21 19:00,955,961,6,пауза,False,1290.93,1298.0065,7.029999999999973,-1.0066145092460774,-0.9565708966447234,0.06500711237554894,0,0,0,0,1,952,1295.18
-1,2017-09-25 02:00,984,996,12,пауза,False,1291.646,1298.4425,8.935000000000173,-0.7606603245663145,-0.6820551368861915,0.08987129266926336,2,2,4,0,0,980,1294.737
-1,2017-09-27 04:00,1032,1067,35,пауза,False,1294.0745,1287.4195,5.57100000000014,1.194579070184851,1.5525365030630534,2.9202118111648705,5,5,7,1,1,1008,1285.024
1,2017-09-28 18:00,1069,1093,24,рывок,False,1287.7105,1280.236,4.234000000000151,-1.765351913084445,-2.0909066936304432,0.6595418044402264,5,5,3,2,2,1057,1283.891
-1,2017-10-03 01:00,1121,1136,15,рывок,True,1268.6765,1273.196,6.870999999999867,-0.6577645175374716,-0.5306818597274303,0.037621889099133325,4,4,4,0,0,1111,1272.546
1,2017-10-04 00:00,1143,1181,38,рывок,False,1275.372,1272.895,3.240000000000009,-0.7645061728395315,-1.4322870293917342,2.144444444444397,5,5,8,1,0,1132,1275.034
-1,2017-10-06 04:00,1193,1203,10,пауза,False,1268.127,1272.6085,3.2690000000000055,-1.370908534720125,-1.1915511226968472,2.2817375344142086,2,2,1,0,1,1175,1269.767
1,2017-10-09 10:00,1222,1274,52,пауза,False,1282.954,1286.282,5.916000000000167,0.5625422582826032,0.06872257198559201,1.918864097363044,5,3,12,1,0,1202,1288.268
-1,2017-10-11 17:00,1275,1284,9,рывок,False,1285.1265,1295.0195,4.664000000000215,-2.1211406518009377,-2.0079674939004195,0.10345197255575699,3,3,1,0,1,1259,1291.409
1,2017-10-13 12:00,1316,1344,28,рывок,True,1300.509,1300.6715,7.855000000000018,0.020687460216411033,-0.18334982905427794,0.7166136218968673,5,5,4,2,1,1275,1302.823
-1,2017-10-17 23:00,1372,1406,34,рывок,False,1286.0005,1285.928,6.162000000000035,0.011765660499836173,0.32622602518136457,1.5046251217137305,3,2,5,1,1,1338,1283.619
1,2017-10-19 23:00,1418,1421,3,пауза,False,1290.183,1283.712,4.504000000000133,-1.4367229129662107,-1.4759085283761013,0.22979573712256912,2,2,2,0,0,1398,1285.676
-1,2017-10-20 10:00,1429,1457,28,пауза,False,1282.1745,1278.8805,2.768000000000029,1.1900289017341263,1.7690436803545198,3.4756141618496716,5,5,5,0,0,1418,1277.244
1,2017-10-24 04:00,1469,1473,4,пауза,False,1283.025,1278.1145,3.4909999999999854,-1.4066170151819548,-1.4739644062343908,0.0633056430822127,2,2,0,0,1,1455,1280.281
-1,2017-10-25 06:00,1494,1549,55,пауза,False,1273.247,1270.8985,9.80600000000004,0.23949622679992338,0.5538534020941022,0.9856210483377447,3,2,9,3,1,1484,1268.691
1,2017-10-30 03:00,1560,1590,30,пауза,False,1271.509,1273.008,4.053000000000111,0.3698494942018215,-0.05305277583841369,1.8211201579076939,4,3,4,2,2,1546,1274.954
-1,2017-10-31 18:00,1598,1609,11,рывок,True,1270.5675,1274.923,3.288000000000011,-1.3246654501216175,-1.1287064690760453,0.7845194647202081,2,2,2,0,0,1586,1272.055
1,2017-11-01 14:00,1617,1658,41,рывок,True,1277.5345,1275.359,4.067000000000007,-0.5349151708876451,-1.1072977917161775,1.6563806245389638,2,2,9,2,1,1604,1276.265
-1,2017-11-06 02:00,1673,1682,9,пауза,False,1269.6625,1272.3805,5.656999999999925,-0.48046667845149554,-0.38715934091427645,0.35292557892876003,2,2,4,0,0,1661,1270.706
1,2017-11-06 21:00,1692,1702,10,рывок,True,1281.8675,1276.6595,3.0399999999999636,-1.7131578947368902,-1.9060261118106083,0.07911184210522582,2,2,0,0,1,1678,1278.126
-1,2017-11-07 18:00,1712,1727,15,пауза,False,1274.9615,1281.413,8.156000000000176,-0.7910127513486984,-0.6839523121857806,0.07767287886217496,2,2,3,0,0,1708,1278.354
1,2017-11-08 14:00,1731,1770,39,рывок,True,1285.0935,1283.814,2.3479999999999563,-0.544931856899444,-1.489960501114734,1.55472742759797,5,2,7,4,2,1723,1284.868
-1,2017-11-10 16:00,1779,1826,47,рывок,True,1275.856,1281.0955,2.3230000000000928,-2.2554885923373647,-1.1142856165394615,2.4700817907877,4,3,8,2,1,1764,1277.3
1,2017-11-15 02:00,1834,1847,13,пауза,False,1281.7365,1278.5025,4.449999999999818,-0.7267415730337204,-0.8975737912601355,1.7684269662922107,2,2,3,0,1,1817,1280.498
-1,2017-11-16 00:00,1855,1869,14,пауза,False,1278.4925,1280.5155,2.969000000000051,-0.6813742000673211,-0.4062676589216443,1.1173795890872524,4,4,2,1,3,1845,1279.454
1,2017-11-17 01:00,1879,1915,36,рывок,False,1283.327,1286.5095,5.470000000000027,0.5818098720292276,0.20683534084659633,2.496709323583155,5,5,4,1,1,1862,1290.18
-1,2017-11-20 23:00,1923,1938,15,рывок,True,1279.4005,1282.725,2.4710000000000036,-1.3454067179279396,-0.9920336131878444,1.2660866046135275,2,2,1,0,0,1914,1281.484
1,2017-11-21 18:00,1942,2000,58,пауза,False,1281.6165,1287.3245,8.560000000000173,0.6668224299065119,0.28791521733510106,1.5279789719625656,2,2,9,2,0,1937,1289.119
-1,2017-11-24 17:00,2006,2019,13,пауза,False,1288.2445,1294.2035,5.617999999999938,-1.0606977572089935,-0.9253820984144894,0.2588999644001546,2,2,2,1,1,1991,1291.431
1,2017-11-27 18:00,2027,2068,41,рывок,False,1294.431,1287.979,4.641000000000076,-1.3902176255117198,-1.8918078256646194,0.6767937944408096,2,2,6,5,2,2009,1292.47
-1,2017-11-29 23:00,2077,2117,40,рывок,True,1284.1905,1284.0665,4.371999999999844,0.02836230558097623,0.5485079126262093,3.1609103385179163,4,3,5,2,1,2062,1276.833
-1,2017-12-05 20:00,2167,2248,81,рывок,True,1266.969,1250.844,2.050999999999931,7.862018527547803,10.06110804442731,11.219405168210992,2,2,10,3,1,2158,1249.299
-1,2017-12-12 10:00,2272,2300,28,пауза,False,1243.9865,1246.463,5.4699999999998,-0.4527422303473634,-0.15974169886266062,1.3637111517367837,4,4,6,1,1,2250,1245.078
-1,2017-12-20 05:00,2405,2412,7,пауза,False,1263.37,1265.8765,5.744999999999891,-0.4362924281984743,-0.36483742748983633,0.11418624891209078,0,0,2,0,0,2402,1264.981
1,2017-12-20 17:00,2417,2607,190,рывок,True,1266.7205,1309.3495,2.2670000000000528,18.80414644905123,13.940737864355741,24.202690780767,5,3,28,6,0,2411,1311.945
1,2018-01-05 17:00,2647,2689,42,пауза,False,1320.718,1312.658,12.385999999999967,-0.6507347004682863,-0.8430362841887944,0.11803649281446738,3,2,9,1,1,2608,1316.01
1,2018-01-10 17:00,2716,2796,80,пауза,False,1317.811,1334.525,13.190000000000055,1.2671721000758227,0.9294975421495024,2.051781652767247,5,2,16,0,0,2700,1338.748
-1,2018-01-17 04:00,2814,2863,49,рывок,True,1335.013,1334.9825,3.691000000000031,0.00826334326736574,0.7557492437678814,2.9024654565158157,2,2,8,2,1,2786,1330.028
1,2018-01-22 18:00,2897,2967,70,пауза,False,1332.141,1347.8435,4.779999999999973,3.285041841004176,2.4698911342510312,7.106903765690418,5,1,10,3,1,2892,1356.508
-1,2018-01-25 23:00,2970,3082,112,рывок,True,1346.8355,1346.8555,22.435999999999922,-0.0008914244963443519,0.28056834436935235,0.6211223034408927,4,4,15,6,1,2954,1344.751
1,2018-02-02 02:00,3088,3097,9,рывок,True,1347.915,1344.9895,6.283999999999878,-0.4655474220242064,-0.5495448135659078,0.2889879057924994,4,4,2,1,1,3059,1346.454
-1,2018-02-02 19:00,3105,3119,14,рывок,True,1329.612,1336.712,2.9880000000000564,-2.3761713520748913,-2.1028141497116004,0.3828647925033413,2,2,4,0,0,3093,1333.98
1,2018-02-05 18:00,3127,3144,17,пауза,False,1334.6315,1335.831,6.255999999999858,0.19173593350383164,0.03413186874626367,1.8479060102302285,4,4,3,1,1,3111,1339.155
-1,2018-02-07 00:00,3155,3194,39,пауза,False,1327.204,1316.698,24.43600000000015,0.4299394336225157,0.5207450997142429,0.8234981175315078,5,2,7,0,0,3142,1313.66
1,2018-02-09 06:00,3207,3215,8,пауза,False,1320.28,1314.4775,6.682000000000016,-0.8683777312181974,-0.9385849040256011,0.05866507033822984,2,2,2,0,1,3190,1316.153
-1,2018-02-09 17:00,3218,3225,7,рывок,True,1312.5625,1323.879,4.5190000000000055,-2.504204470015466,-2.413363801931572,0.11163974330604264,2,2,1,1,2,3207,1319.164
1,2018-02-12 17:00,3241,3334,93,рывок,False,1324.7095,1348.549,9.858999999999924,2.4180444264124383,1.8903459513522267,3.7616898265544583,3,2,15,3,1,3216,1352.318
-1,2018-02-19 05:00,3344,3451,107,пауза,False,1346.6535,1333.806,6.5629999999998745,1.957565137894271,2.875061029793148,3.9048453451166107,5,2,17,5,1,3325,1330.096
1,2018-02-26 20:00,3470,3486,16,пауза,False,1333.2795,1328.124,10.789999999999964,-0.4778035217794339,-0.5639542378173146,0.3296107506950812,2,2,4,1,1,3449,1331.438
-1,2018-02-27 21:00,3494,3505,11,рывок,True,1318.6345,1321.121,3.3539999999998145,-0.7413536076327797,-0.5492507067151056,0.8647883124627685,2,2,1,0,1,3481,1319.16
1,2018-02-28 13:00,3509,3519,10,пауза,False,1317.623,1315.4785,4.44399999999996,-0.48256075607563603,-0.6144958100594573,1.128937893789401,1,1,1,1,1,3504,1316.962
1,2018-03-02 17:00,3559,3578,19,пауза,False,1320.602,1321.6155,9.761999999999944,0.10382093833231179,-0.00870749163917449,0.744519565662758,2,2,5,1,1,3551,1324.7
1,2018-03-06 19:00,3607,3626,19,пауза,False,1334.9905,1327.1355,17.838999999999942,-0.4403273726105748,-0.5019060784450748,0.3144514827064194,2,2,3,1,1,3595,1332.254
-1,2018-03-08 00:00,3634,3719,85,рывок,True,1326.3075,1326.499,1.6100000000001273,-0.11894409937895506,2.8243105042782033,8.351242236024067,5,3,10,3,1,3622,1322.777
1,2018-03-14 03:00,3730,3761,31,пауза,False,1328.0205,1322.3555,4.3400000000001455,-1.3052995391705071,-1.7131264630022975,0.49343317972347445,4,4,8,1,0,3716,1324.08
-1,2018-03-16 14:00,3787,3811,24,пауза,False,1310.102,1318.217,8.017000000000053,-1.0122240239491027,-0.8402895171720294,0.29088187601348287,4,4,6,0,0,3755,1312.653
1,2018-03-20 03:00,3822,3828,6,пауза,False,1316.521,1313.2155,4.0770000000002256,-0.8107677213636878,-0.8970582773086222,0.121903360313967,2,2,2,0,1,3802,1315.649
-1,2018-03-20 17:00,3836,3848,12,пауза,False,1312.3655,1314.7925,9.807999999999993,-0.24745106035888143,-0.17584243964906163,0.2964416802610144,2,2,3,1,2,3825,1313.412
1,2018-03-21 12:00,3854,3944,90,рывок,True,1318.798,1348.594,3.953999999999951,7.535660091047147,6.264396681178085,9.640617096611125,4,4,12,5,2,3838,1350.88
-1,2018-03-27 19:00,3953,4004,51,пауза,False,1344.5605,1329.999,6.051000000000158,2.4064617418607903,2.8803246432804848,3.8526689803337284,5,2,6,1,1,3940,1326.715
1,2018-04-02 09:00,4012,4039,27,пауза,False,1331.793,1334.166,2.004000000000133,1.1841317365268913,0.4121679532475395,6.585329341316987,4,4,4,2,1,3995,1337.352
-1,2018-04-03 18:00,4044,4056,12,рывок,True,1332.362,1339.665,4.821999999999889,-1.5145167980091356,-1.3688640912646461,0.4406885109913001,2,2,2,1,1,4032,1334.938
1,2018-04-04 22:00,4070,4078,8,пауза,False,1334.315,1326.458,15.951999999999998,-0.49254012036108147,-0.5219486163928688,0.040809929789358074,2,2,0,0,1,4045,1332.314
-1,2018-04-05 15:00,4087,4116,29,рывок,False,1325.2545,1333.7615,6.412000000000035,-1.3267311291328783,-1.0681216937268287,0.8077822832189542,3,3,5,1,1,4061,1330.913
1,2018-04-10 08:00,4149,4198,49,пауза,False,1336.459,1345.0935,7.291999999999916,1.1841058694459665,0.8057500742255252,3.964755896873308,4,3,4,1,0,4128,1347.648
-1,2018-04-12 19:00,4206,4223,17,рывок,True,1335.4985,1343.856,4.704000000000178,-1.7766794217686557,-1.5670767370060525,0.42889030612241724,2,2,4,1,1,4194,1341.178
1,2018-04-18 17:00,4296,4317,21,рывок,True,1350.65,1342.705,5.40300000000002,-1.4704793633167008,-1.694491178648652,0.7601332593003804,2,2,4,0,0,4284,1348.088
-1,2018-04-20 10:00,4335,4376,41,рывок,False,1340.848,1326.93,3.538000000000011,3.933860938383225,4.5918259239427615,5.304691916336905,5,3,5,1,1,4309,1325.528
1,2018-04-24 10:00,4381,4405,24,пауза,False,1326.084,1320.776,4.0060000000000855,-1.3250124812780528,-1.6690960910713069,1.6714927608586545,3,3,2,1,1,4372,1324.6
-1,2018-04-25 23:00,4416,4450,34,пауза,False,1322.777,1319.726,5.199000000000069,0.5868436237737815,0.9595508303841994,1.4408540103865908,2,2,6,2,1,4389,1318.38
1,2018-04-27 18:00,4458,4471,13,рывок,True,1325.144,1317.303,2.790000000000191,-2.8103942652327447,-3.0828685917945595,0.05376344086024397,1,1,1,1,1,4447,1318.38
-1,2018-04-30 20:00,4483,4543,60,пауза,False,1315.6,1317.797,10.403999999999996,-0.21116878123799665,0.11081795903027963,1.3306420607458505,2,2,12,1,1,4458,1310.456
1,2018-05-03 16:00,4548,4563,15,рывок,True,1312.666,1308.88,4.117999999999938,-0.9193783389994871,-1.1314193642090038,0.5876639145216389,2,2,2,1,1,4539,1310.707
1,2018-05-07 09:00,4587,4612,25,пауза,False,1313.726,1311.234,7.557999999999993,-0.3297168563112188,-0.5195540430858265,0.45805768721883994,2,2,6,1,1,4568,1311.612
-1,2018-05-08 13:00,4614,4617,3,рывок,True,1307.072,1314.228,4.102000000000089,-1.7445148707947393,-1.70148902686345,0.22257435397361378,2,2,1,0,2,4608,1312.108
1,2018-05-09 04:00,4628,4631,3,пауза,False,1311.232,1306.197,7.907999999999902,-0.636697015680342,-0.659015175999785,0.03085483055135874,2,2,0,0,2,4615,1310.132
-1,2018-05-10 10:00,4657,4658,1,пауза,False,1316.488,1317.76,5.0060000000000855,-0.25409508589690627,-0.24234025591969774,0.3122253296044896,1,1,1,0,1,4649,1315.796
1,2018-05-10 18:00,4665,4710,45,пауза,False,1321.597,1315.534,6.91599999999994,-0.8766628108733266,-1.2443880816747366,0.6432909196067247,2,2,10,1,1,4654,1319.146
-1,2018-05-22 02:00,4833,4842,9,пауза,False,1290.798,1295.437,11.513000000000147,-0.4029358116911176,-0.35708854265194145,0.24728567706070909,2,2,3,1,1,4803,1293.544
1,2018-05-22 18:00,4849,4921,72,пауза,False,1291.948,1297.69,5.585000000000036,1.0281110116383034,0.3106224483067312,2.8544315129811824,4,2,10,4,1,4838,1302.508
-1,2018-05-28 16:00,4939,4950,11,рывок,True,1298.138,1304.068,3.546000000000049,-1.6723068245910833,-1.4906054343830082,0.6034968979130974,1,1,2,1,1,4936,1302.508
-1,2018-05-29 19:00,4961,5045,84,пауза,False,1300.201,1296.7,11.84199999999987,0.29564262793447177,0.6909586249337812,0.8979902043573831,4,2,16,3,1,4950,1294.683
1,2018-06-05 03:00,5060,5089,29,пауза,False,1292.086,1295.147,7.1749999999999545,0.42662020905922526,0.19551167946708456,1.1909407665505403,4,3,8,1,0,5041,1296.028
1,2018-06-06 20:00,5100,5158,58,пауза,False,1296.608,1295.65,7.097999999999956,-0.13496759650603862,-0.5919196590041171,0.9466046773739212,3,2,10,1,0,5091,1297.171
1,2018-06-11 13:00,5162,5184,22,рывок,True,1299.939,1295.716,4.182999999999993,-1.0095625149414753,-1.312251132524966,0.5725555821180937,2,2,6,1,1,5150,1296.827
-1,2018-06-12 15:00,5187,5210,23,пауза,False,1298.068,1297.804,5.975000000000136,0.04418410041839168,0.2654784607898616,1.0070292887029146,3,3,7,1,1,5174,1295.884
1,2018-06-14 05:00,5223,5253,30,пауза,False,1299.764,1292.472,3.68100000000004,-1.980983428416147,-2.446623988175207,2.6188535723988036,4,4,2,0,0,5203,1301.734
-1,2018-06-18 06:00,5270,5288,18,рывок,False,1279.134,1283.172,6.960000000000036,-0.580172413793102,-0.43041979200872876,0.288793103448273,2,2,3,1,1,5230,1280.444
-1,2018-06-19 20:00,5307,5379,72,пауза,False,1274.847,1271.989,7.160000000000082,0.3991620111731724,0.9588231321517773,1.897765363128465,4,2,12,2,0,5291,1270.185
-1,2018-06-25 11:00,5390,5477,87,пауза,False,1269.486,1251.174,6.701999999999998,2.732318710832607,3.456401043571461,3.5073112503730366,3,0,16,3,2,5387,1249.574
1,2018-06-29 11:00,5482,5509,27,рывок,False,1251.366,1243.765,3.5800000000001546,-2.123184357541776,-2.5553115703048643,1.2033519553072085,3,3,4,2,2,5473,1249.052
-1,2018-07-02 16:00,5510,5531,21,рывок,False,1242.005,1254.754,3.163000000000011,-4.03066708820732,-3.648012697363648,1.2598798608915946,3,3,1,1,1,5487,1250.835
1,2018-07-04 01:00,5541,5568,27,пауза,False,1259.536,1251.984,4.872000000000071,-1.5500821018062447,-1.8676140028103296,0.3376436781609109,4,4,4,2,2,5522,1254.04
1,2018-07-05 22:00,5580,5636,56,пауза,False,1257.643,1252.706,5.151000000000067,-0.9584546689963233,-1.567413335742633,1.626868569209818,2,2,10,0,0,5569,1257.309
-1,2018-07-10 16:00,5644,5749,105,рывок,True,1254.478,1243.006,3.1410000000000764,3.6523400191021014,5.532219511707222,5.717924227952754,2,2,14,7,2,5630,1241.498
-1,2018-07-17 12:00,5755,5806,51,рывок,True,1239.18,1226.026,3.97199999999998,3.311681772406864,4.03357110183553,6.9637462235650105,5,2,6,2,1,5744,1218.737
1,2018-07-20 12:00,5824,5862,38,рывок,False,1229.998,1219.182,13.962999999999965,-0.7746186349638371,-0.9295717234999074,0.3752775191577757,2,1,3,1,1,5813,1222.338
1,2018-07-24 23:00,5880,5920,40,пауза,False,1225.232,1226.943,5.579999999999927,0.3066308243727661,-0.10090978387126742,1.8039426523297781,3,2,8,1,0,5862,1228.022
-1,2018-07-26 17:00,5921,6053,132,рывок,False,1225.326,1211.791,3.8730000000000473,3.494706945520247,5.426421023511575,5.36999741802214,5,5,19,9,2,5905,1210.456
1,2018-08-05 23:00,6064,6075,11,пауза,False,1214.943,1209.998,6.90300000000002,-0.7163552078806203,-0.8096933405298802,0.4411125597566368,2,2,2,0,0,6050,1213.212
-1,2018-08-06 16:00,6081,6096,15,рывок,True,1209.996,1213.845,4.776000000000067,-0.8059045226130399,-0.6230768547292953,0.7412060301507833,3,3,2,0,0,6066,1211.74
1,2018-08-07 22:00,6109,6161,52,пауза,False,1211.705,1211.258,7.598999999999933,-0.058823529411750626,-0.44327375498527694,0.7499671009343492,2,2,10,3,1,6085,1212.38
-1,2018-08-10 10:00,6167,6168,1,рывок,True,1210.296,1213.504,2.1269999999999527,-1.5082275505406335,-1.4805619751452843,0.36953455571230637,1,1,0,0,1,6157,1212.38
1,2018-08-10 20:00,6177,6182,5,пауза,False,1212.019,1208.25,6.6099999999999,-0.5701966717095405,-0.6145896731053884,0.2971255673222347,2,2,2,1,1,6163,1210.584
-1,2018-08-13 14:00,6194,6217,23,пауза,False,1197.497,1197.989,19.20699999999988,-0.025615660956940952,0.04322558458997274,0.3084292185140842,2,2,3,1,1,6179,1196.246
-1,2018-08-15 10:00,6236,6291,55,пауза,False,1185.032,1184.376,2.3120000000001255,0.28373702422141583,1.6170356664941503,10.686851211072023,4,3,9,2,2,6217,1179.384
-1,2018-08-23 11:00,6375,6400,25,рывок,True,1189.747,1196.648,4.623999999999796,-1.492430795847782,-1.1821389581223176,1.4266868512111313,3,3,2,1,1,6359,1192.96
1,2018-08-26 23:00,6409,6450,41,пауза,False,1207.884,1205.192,4.030999999999949,-0.6678243612007049,-1.2453188089580045,1.618953113371409,3,3,8,1,0,6387,1208.088
-1,2018-08-29 10:00,6466,6579,113,пауза,False,1203.007,1196.062,6.317999999999984,1.0992402659069613,2.107997706638813,2.1084203861981914,2,2,12,4,1,6443,1194.674
-1,2018-09-07 16:00,6629,6697,68,пауза,False,1196.08,1202.399,8.837999999999965,-0.7149807648789301,-0.2866078632630859,0.9348268839103843,5,4,15,1,1,6624,1196.132
1,2018-09-12 22:00,6703,6722,19,пауза,False,1206.352,1201.828,15.542999999999893,-0.29106350125459346,-0.361738566131493,0.41150357073923965,3,3,3,2,2,6694,1203.478
-1,2018-09-14 10:00,6738,6802,64,пауза,False,1206.686,1203.957,8.5,0.3210588235293899,0.7406341735840589,1.6230588235293908,4,3,8,1,1,6718,1200.879
1,2018-09-19 12:00,6809,6855,46,рывок,True,1205.346,1196.074,6.634999999999991,-1.3974378296910244,-1.7888459045958887,0.875207234363229,5,5,7,3,2,6781,1203.074
-1,2018-09-24 00:00,6866,6879,13,пауза,False,1196.811,1202.587,7.739000000000033,-0.746349657578504,-0.6481194765334708,0.30326915622173023,2,2,2,1,1,6850,1199.762
1,2018-09-24 23:00,6888,6921,33,пауза,False,1199.474,1198.204,5.788000000000011,-0.2194194885970939,-0.5444983557023375,0.679854872149303,2,2,6,2,1,6872,1200.008
-1,2018-09-26 18:00,6930,6971,41,рывок,True,1198.214,1187.206,2.6380000000001473,4.172858225928516,5.055299514370333,6.6125852918874095,4,4,10,1,0,6917,1185.466
1,2018-10-01 12:00,6993,7043,50,пауза,False,1191.117,1198.692,9.394000000000005,0.8063657653821632,0.5068911869702298,1.8403236108154142,5,2,6,2,0,6965,1201.5
-1,2018-10-04 17:00,7067,7161,94,пауза,False,1198.63,1193.045,10.794000000000096,0.5174170835649422,1.0048256389069103,1.4572910876412708,2,2,12,4,1,7029,1190.492
1,2018-10-11 04:00,7169,7259,90,пауза,False,1193.105,1222.532,3.8170000000000073,7.70945768928474,6.392566014508161,10.528425465024842,4,3,12,3,1,7154,1225.118
-1,2018-10-18 09:00,7289,7295,6,пауза,False,1223.266,1229.41,5.516999999999825,-1.1136487221316296,-1.0498809866617131,0.3949610295450709,1,1,1,1,1,7284,1224.254
1,2018-10-18 23:00,7302,7334,32,пауза,False,1225.969,1223.51,5.634999999999991,-0.4363797692990353,-0.7603948436194103,0.8686779059449848,2,2,6,1,1,7286,1226.336
-1,2018-10-22 18:00,7344,7355,11,рывок,True,1221.612,1229.586,4.057000000000016,-1.9654917426669707,-1.8066765763672812,0.010845452304682333,2,2,0,0,1,7326,1223.705
1,2018-10-23 20:00,7369,7383,14,рывок,False,1230.308,1227.919,9.940000000000055,-0.24034205231387154,-0.3225142173703629,0.3398390342052224,2,2,1,0,0,7340,1229.866
-1,2018-10-24 16:00,7388,7395,7,рывок,True,1227.906,1235.714,3.8199999999999363,-2.043979057591655,-1.9365159740651827,0.11701570680625563,2,2,2,0,1,7374,1233.458
1,2018-10-25 05:00,7400,7449,49,рывок,True,1237.705,1229.299,5.999000000000024,-1.4012335389231398,-1.8611385995578151,0.960993498916499,3,2,11,2,1,7389,1232.037
1,2018-11-01 20:00,7530,7567,37,пауза,False,1233.281,1228.856,15.014999999999873,-0.29470529470529416,-0.4350581692210502,0.2159840159840137,2,2,7,3,3,7521,1231.27
-1,2018-11-05 18:00,7573,7588,15,пауза,False,1230.965,1235.472,6.444999999999936,-0.6993017843289536,-0.5638192487490026,0.3452288595810599,2,2,2,1,1,7563,1233.367
-1,2018-11-07 03:00,7604,7733,129,пауза,False,1229.688,1208.429,8.743000000000166,2.431545236188907,3.267175389294458,3.8032711883792234,5,3,22,3,1,7588,1204.426
1,2018-11-15 04:00,7743,7834,91,пауза,False,1212.145,1220.698,8.29600000000005,1.0309787849566128,0.41799971867932995,2.0177193828350934,4,2,17,2,0,7726,1221.656
1,2018-11-21 13:00,7844,7880,36,пауза,False,1226.314,1224.256,3.2719999999999345,-0.6289731051344847,-1.2558406740736794,1.127444987775038,4,4,6,2,1,7831,1226.8
-1,2018-11-23 16:00,7889,7900,11,пауза,False,1222.332,1227.365,8.317999999999984,-0.6050733349362721,-0.5276132327869761,-0.0,2,2,3,1,1,7877,1225.474
-1,2018-11-27 04:00,7920,7956,36,пауза,False,1221.964,1221.292,2.3430000000000746,0.286811779769528,1.1622324735676237,4.559539052496651,3,3,8,2,1,7901,1215.464
-1,2018-11-30 10:00,7995,8013,18,рывок,False,1222.116,1226.903,3.1829999999999927,-1.5039271127866936,-1.1764755741064405,1.6855168080427336,2,2,1,0,0,7988,1223.12
1,2018-12-03 16:00,8024,8057,33,рывок,False,1233.997,1235.558,4.45900000000006,0.35007849293561355,-0.07188976963561955,1.8037676609104698,5,5,5,2,1,7999,1236.832
-1,2018-12-05 17:00,8071,8078,7,пауза,False,1238.45,1240.308,5.387000000000171,-0.34490439948020946,-0.2687007649765702,0.43957675886390624,2,2,4,0,0,8053,1238.803
1,2018-12-07 00:00,8100,8133,33,пауза,False,1238.552,1246.62,7.821999999999889,1.0314497570953847,0.7909030321138989,1.6266939401687983,2,2,6,2,1,8084,1247.777
-1,2018-12-11 00:00,8146,8155,9,рывок,True,1244.602,1248.862,2.356999999999971,-1.8073822655918725,-1.583436738036485,0.37293169282992944,1,1,0,0,0,8129,1247.777
-1,2018-12-11 12:00,8158,8248,90,рывок,True,1246.415,1239.838,2.356999999999971,2.790411540093373,4.9230273748928095,5.691557064064543,4,4,12,5,0,8129,1238.214
1,2018-12-17 23:00,8260,8304,44,рывок,True,1245.914,1242.039,1.6849999999999454,-2.29970326409503,-3.7770634240344503,7.228486646884545,5,3,8,1,1,8244,1246.786
-1,2018-12-20 05:00,8312,8314,2,пауза,False,1245.118,1248.642,4.02800000000002,-0.874875868917601,-0.8456605351578561,0.12512413108239895,0,0,1,0,0,8309,1245.882
1,2018-12-20 23:00,8329,8344,15,пауза,False,1262.022,1258.075,12.988000000000056,-0.3038959039112929,-0.3711260349409181,0.062211271943331474,2,2,4,0,0,8320,1259.752
-1,2018-12-27 04:00,8401,8410,9,пауза,False,1269.694,1275.851,7.701000000000022,-0.7995065575899409,-0.7309648606092839,0.38215816127775293,0,0,2,1,1,8398,1272.42
1,2018-12-28 00:00,8420,8526,106,рывок,False,1275.632,1277.834,5.669000000000096,0.38842829423178,-0.6634582491030047,4.057329334979641,4,4,16,2,1,8404,1289.504
-1,2019-01-08 10:00,8568,8596,28,пауза,False,1283.601,1290.096,8.605999999999995,-0.7547060190564601,-0.5684739824283789,0.483848477806207,2,2,3,2,2,8559,1287.064
1,2019-01-09 18:00,8599,8620,21,пауза,False,1290.949,1289.178,11.70399999999995,-0.15131578947368127,-0.2547279424332286,0.5335782638414146,3,3,3,2,2,8593,1291.708
-1,2019-01-11 11:00,8638,8661,23,пауза,False,1291.626,1295.682,9.108999999999924,-0.44527390492919905,-0.3001170487189044,0.49917663848941307,2,2,2,1,1,8607,1292.874
-1,2019-01-15 11:00,8684,8710,26,пауза,False,1291.228,1292.56,5.908000000000129,-0.22545700744750352,0.026935574307712238,0.7476303317535625,2,2,6,0,0,8674,1291.276
1,2019-01-16 15:00,8711,8733,22,рывок,True,1293.048,1290.788,2.8400000000001455,-0.7957746478872799,-1.2416008758280104,0.8390845070422239,3,3,6,0,0,8702,1292.298
-1,2019-01-18 13:00,8755,8792,37,рывок,True,1283.334,1284.629,3.6499999999998636,-0.3547945205479161,0.2225749070833543,1.7761643835616958,5,5,5,2,2,8721,1281.114
1,2019-01-22 12:00,8796,8820,24,пауза,False,1283.302,1280.908,7.3900000000001,-0.32395128552097063,-0.5104734696660026,0.44546684709067647,5,4,5,2,2,8789,1283.142
1,2019-01-23 16:00,8823,8836,13,рывок,True,1285.184,1281.418,3.451999999999998,-1.090961761297821,-1.3111829000891062,0.21552723059100298,5,5,4,0,0,8789,1282.336
-1,2019-01-24 12:00,8842,8844,2,рывок,True,1279.245,1283.517,2.558999999999969,-1.6694021101993801,-1.6234156450238213,0.9109026963657412,1,1,0,0,2,8831,1282.336
-1,2019-01-24 17:00,8847,8866,19,рывок,True,1280.373,1288.725,2.558999999999969,-3.263774912075015,-2.834504676286951,0.30676045330210683,2,2,2,1,1,8831,1283.977
-1,2019-02-01 16:00,8984,9095,111,рывок,True,1316.843,1313.494,2.9980000000000473,1.1170780520347257,3.2038893179346735,4.655103402268149,4,2,18,4,1,8975,1311.958
1,2019-02-08 18:00,9101,9115,14,рывок,True,1314.12,1306.975,3.512000000000171,-2.0344533029611713,-2.2670248635139867,0.436218678815512,2,2,3,1,1,9090,1310.631
-1,2019-02-11 17:00,9123,9136,13,пауза,False,1307.398,1311.798,8.644000000000005,-0.5090236001851097,-0.4210778145410195,0.0918556223970232,2,2,3,1,1,9112,1310.417
1,2019-02-12 12:00,9141,9172,31,рывок,True,1313.366,1305.811,3.8129999999998745,-1.981379491214349,-2.44557273785219,1.2656700760556467,2,2,7,1,1,9130,1309.456
-1,2019-02-14 04:00,9179,9188,9,пауза,False,1308.789,1311.242,4.15099999999984,-0.5909419417008116,-0.4637823154786816,1.5273428089617351,2,2,1,1,2,9167,1309.291
1,2019-02-15 04:00,9202,9283,81,пауза,False,1312.777,1338.704,2.9249999999999545,8.86393162393173,7.321937572950606,11.612307692307837,5,5,15,0,0,9187,1342.232
-1,2019-02-21 04:00,9290,9323,33,пауза,False,1340.199,1329.256,4.498000000000047,2.432859048465956,2.851168626679636,4.220764784348583,4,3,8,0,0,9281,1327.009
1,2019-02-25 00:00,9332,9362,30,рывок,True,1329.678,1324.989,5.317000000000007,-0.8818882828662915,-1.2042548242379518,0.5506864773368214,2,2,6,1,1,9319,1327.915
-1,2019-02-26 12:00,9367,9409,42,рывок,True,1324.096,1323.632,4.511999999999944,0.1028368794326125,0.6307285939632501,1.5789007092198832,2,2,7,3,2,9358,1321.399
-1,2019-03-01 04:00,9428,9499,71,пауза,False,1313.234,1290.488,2.533000000000129,8.97986577181157,10.539990925435317,12.62574022897685,5,3,12,1,1,9412,1287.812
1,2019-03-07 17:00,9533,9576,43,пауза,False,1285.519,1294.212,6.092000000000098,1.4269533814838877,1.0271662083403512,2.514281024294117,5,3,7,1,0,9524,1295.771
-1,2019-03-11 14:00,9577,9598,21,рывок,True,1292.344,1298.387,3.3769999999999527,-1.7894580989043463,-1.431052461285586,0.5288717796861365,3,3,4,1,1,9569,1297.022
1,2019-03-12 18:00,9604,9641,37,рывок,True,1301.937,1297.251,3.022000000000162,-1.5506287227000897,-2.2479809433665174,3.094308405029653,5,4,3,3,2,9580,1303.826
-1,2019-03-14 22:00,9653,9657,4,пауза,False,1296.474,1299.008,4.1870000000001255,-0.6052065918318675,-0.5490542770088329,0.5454979699068091,0,0,1,0,1,9650,1297.114
1,2019-03-15 17:00,9672,9731,59,пауза,False,1302.636,1303.456,12.256999999999834,0.06690054662641326,-0.2020437004862214,0.6767561393489585,5,2,8,3,1,9656,1305.96
-1,2019-03-20 11:00,9735,9742,7,пауза,False,1304.919,1314.538,4.894999999999982,-1.9650663942798672,-1.8812034772071156,1.2494382022471926,1,1,3,0,0,9730,1306.644
1,2019-03-21 09:00,9756,9757,1,пауза,False,1317.514,1314.386,0.45299999999997453,-6.905077262693388,-7.034977216039768,2.8719646799122107,2,2,2,0,1,9739,1317.455
-1,2019-03-22 04:00,9774,9779,5,пауза,False,1308.247,1313.473,7.0190000000000055,-0.7445505057700358,-0.7027443027173859,0.11582846559340379,2,2,2,0,2,9754,1310.373
1,2019-03-22 13:00,9783,9856,73,рывок,True,1314.404,1309.984,2.939000000000078,-1.5039128955426864,-2.8863195198808405,3.4583191561754734,4,2,9,4,2,9775,1313.431
-1,2019-03-28 04:00,9866,9897,31,рывок,False,1310.799,1297.517,2.8559999999999945,4.650560224089618,5.270297216186969,8.388305322128826,3,3,5,1,1,9849,1292.735
1,2019-04-01 03:00,9911,9927,16,пауза,False,1293.402,1287.274,9.307999999999993,-0.6583584013751784,-0.758225851530822,0.39482165878813463,2,2,4,1,1,9891,1290.5
-1,2019-04-02 03:00,9934,9948,14,пауза,False,1287.426,1290.891,2.730000000000018,-1.269230769230814,-0.9700398092815383,0.7538461538461462,3,3,2,2,2,9921,1289.296
1,2019-04-03 10:00,9964,9967,3,пауза,False,1292.93,1289.426,3.0519999999999072,-1.1480996068152816,-1.20592791998899,0.5232634338139018,2,2,1,0,0,9938,1290.736
-1,2019-04-03 19:00,9973,9981,8,пауза,False,1290.134,1292.725,3.4500000000000455,-0.7510144927535827,-0.6150364264639983,0.10521739130436278,2,2,2,0,1,9965,1291.934
1,2019-04-04 06:00,9983,9988,5,рывок,True,1293.11,1289.151,2.163000000000011,-1.8303282478038894,-1.9659906330218961,0.22838650023122486,1,1,1,1,1,9974,1291.934
1,2019-04-05 09:00,10009,10072,63,пауза,False,1289.859,1302.722,7.116999999999962,1.807362652803165,1.3139045669218772,2.299985949135904,2,2,10,2,0,9990,1303.422
-1,2019-04-12 04:00,10119,10218,99,пауза,False,1292.921,1276.379,4.308999999999969,3.8389417498260068,5.127822629511199,5.022278951032776,4,2,16,5,2,10086,1274.849
1,2019-04-18 15:00,10222,10244,22,пауза,False,1273.932,1275.308,4.875,0.2822564102564054,0.02253405387656138,1.219282051282043,5,4,4,1,1,10213,1276.52
-1,2019-04-23 04:00,10257,10291,34,пауза,False,1274.591,1277.406,2.8250000000000455,-0.9964601769911537,-0.31054698507343426,2.892035398229987,2,2,4,2,1,10254,1273.183
1,2019-04-24 19:00,10295,10350,55,рывок,True,1275.912,1284.891,4.308999999999969,2.0837781387793237,1.3683948802658052,2.9777210489672767,5,5,9,1,0,10279,1285.55
1,2019-05-06 00:00,10460,10472,12,пауза,False,1284.226,1277.934,4.406000000000176,-1.4280526554697892,-1.5874574107856958,0.20290512936898372,4,4,2,1,2,10449,1281.078
1,2019-05-07 03:00,10486,10495,9,пауза,False,1283.146,1279.48,3.2229999999999563,-1.1374495811355847,-1.301222342056481,0.1718895439032252,2,2,1,1,2,10479,1280.824
1,2019-05-07 14:00,10497,10521,24,рывок,False,1284.367,1281.286,3.2229999999999563,-0.9559416692522325,-1.383617418812215,2.2171889543903367,2,2,4,1,1,10479,1285.44
-1,2019-05-09 03:00,10532,10536,4,пауза,False,1281.336,1284.907,3.36200000000008,-1.0621653777512872,-0.9922338661022546,0.3045806067817044,2,2,2,0,0,10518,1282.863
1,2019-05-09 13:00,10542,10579,37,рывок,True,1286.084,1284.104,3.157000000000153,-0.6271777003484075,-1.2947096645086724,1.0652518213492765,4,4,8,1,1,10531,1285.18
1,2019-05-14 05:00,10603,10607,4,пауза,False,1299.348,1298.211,5.106999999999971,-0.22263559819854123,-0.2686723599302927,0.13001762287056806,2,2,2,0,0,10582,1298.257
-1,2019-05-14 14:00,10612,10651,39,рывок,True,1295.946,1298.665,1.7549999999998818,-1.5492877492878827,-0.28494173412115387,1.6000000000001036,5,5,8,1,0,10603,1297.374
-1,2019-05-16 23:00,10666,10673,7,пауза,False,1285.946,1288.281,3.0119999999999436,-0.7752324037184861,-0.6389412420082852,0.3419654714475405,2,2,2,0,1,10651,1287.172
-1,2019-05-20 01:00,10691,10747,56,пауза,False,1277.167,1275.989,3.9610000000000127,0.2973996465538702,1.0893072689750447,1.909618783135528,3,3,8,3,2,10673,1274.981
1,2019-05-22 17:00,10753,10792,39,пауза,False,1274.46,1281.721,4.1039999999998145,1.7692495126706373,1.2285752298690875,3.140107212475762,2,2,8,0,0,10743,1282.578
-1,2019-05-24 19:00,10801,10806,5,пауза,False,1284.872,1287.333,4.267999999999802,-0.5766166822868152,-0.5078636974633466,0.2282099343955495,2,2,1,0,1,10788,1285.11
1,2019-05-27 04:00,10809,10824,15,пауза,False,1286.877,1284.584,3.553000000000111,-0.6453701097663442,-0.8911300145827667,0.14269631297496368,2,2,2,1,2,10805,1285.323
-1,2019-05-28 09:00,10833,10853,20,рывок,True,1283.486,1284.017,1.4600000000000364,-0.36369863013694237,0.4271208244333105,4.97945205479454,4,4,4,0,0,10824,1281.945
1,2019-05-29 18:00,10865,10875,10,пауза,False,1282.267,1277.208,5.7840000000001055,-0.8746542185338653,-0.9760234059308371,0.10805670816044063,2,2,0,0,1,10849,1279.78
1,2019-06-03 09:00,10925,11032,107,пауза,False,1314.474,1330.3,3.4760000000001128,4.552934407364646,2.82061981054876,9.705983889527895,5,4,16,6,2,10877,1333.123
-1,2019-06-11 15:00,11069,11079,10,пауза,False,1325.872,1332.292,9.913999999999987,-0.647569094210193,-0.5884285475182325,0.0472059713536489,2,2,2,0,0,11055,1328.835
1,2019-06-12 11:00,11088,11140,52,пауза,False,1335.158,1340.093,12.303000000000111,0.40112167763961054,0.16366436932999706,1.874664715922935,4,2,7,4,1,11078,1345.932
-1,2019-06-17 04:00,11150,11174,24,пауза,False,1341.464,1345.971,6.211999999999989,-0.7255312298776674,-0.5036382902717743,1.343206696716044,2,2,5,0,0,11144,1342.499
1,2019-06-18 10:00,11179,11307,128,рывок,True,1347.609,1414.888,4.551000000000158,14.78334431992917,13.190848792264427,20.151395297736073,2,2,21,4,1,11170,1420.52
-1,2019-06-26 02:00,11309,11354,45,рывок,True,1407.371,1422.312,15.769999999999982,-0.9474318325935207,-0.7861643644348312,0.5469879518072425,3,3,5,3,2,11298,1413.266
1,2019-06-28 09:00,11362,11374,12,пауза,False,1413.384,1396.081,15.677000000000135,-1.1037188237545426,-1.1485193182319238,0.12106908209478182,2,2,0,0,0,11342,1409.022
-1,2019-07-01 18:00,11394,11414,20,рывок,False,1383.998,1403.626,14.468000000000075,-1.3566491567597339,-1.2768457006032095,0.06407243572021909,2,2,1,1,1,11354,1396.372
1,2019-07-03 05:00,11427,11435,8,рывок,False,1426.155,1414.122,13.301000000000158,-0.9046688218930726,-0.9399386759415702,0.18660251108938736,2,2,0,0,1,11396,1421.474
-1,2019-07-04 10:00,11455,11494,39,пауза,False,1414.833,1406.558,11.43899999999985,0.7234023953142931,0.9173815243131118,2.461491389107485,2,2,7,1,1,11446,1402.604
-1,2019-07-09 07:00,11517,11545,28,пауза,False,1392.742,1410.154,5.576999999999998,-3.1221086605702064,-2.834729620365568,1.2322036937421683,3,3,4,1,0,11494,1396.421
-1,2019-07-12 01:00,11580,11597,17,рывок,True,1409.432,1416.704,4.518000000000029,-1.6095617529880228,-1.391330006834124,1.3738379814077175,2,2,4,0,0,11565,1410.086
1,2019-07-15 05:00,11607,11638,31,пауза,False,1413.018,1410.03,10.190999999999804,-0.29319988224905447,-0.46687948674616603,0.5261505249730334,2,2,8,1,0,11591,1412.22
-1,2019-07-17 05:00,11653,11661,8,пауза,False,1404.278,1411.901,6.175000000000182,-1.2344939271254773,-1.1585223759191519,0.6581376518218556,3,3,2,1,1,11634,1406.967
1,2019-07-18 08:00,11679,11740,61,пауза,False,1421.906,1421.14,11.62299999999982,-0.06590381140840239,-0.35874174633821587,2.6756431213972847,2,2,10,2,1,11657,1424.399
-1,2019-07-23 05:00,11745,11751,6,рывок,True,1415.832,1422.528,4.529000000000224,-1.4784720688892872,-1.4007934209344408,0.3378229189666868,2,2,1,1,2,11734,1420.105
1,2019-07-24 17:00,11780,11799,19,пауза,False,1423.236,1417.003,11.11200000000008,-0.5609251259899325,-0.6597824454087261,0.9530237580993378,2,2,4,0,0,11768,1421.824
-1,2019-07-26 04:00,11813,11820,7,пауза,False,1415.853,1420.37,6.691000000000031,-0.6750859363323576,-0.613733525770242,0.27200717381559636,2,2,3,0,0,11797,1417.897
-1,2019-08-01 13:00,11914,11915,1,пауза,False,1405.23,1413.937,5.229000000000042,-1.6651367374258577,-1.6538832130682548,0.8829604130808807,2,2,1,0,0,11891,1408.223
1,2019-08-02 06:00,11930,12059,129,пауза,False,1433.532,1496.717,18.61200000000008,3.3948527831506503,3.0023149350632905,4.132817537072842,5,2,24,5,0,11914,1500.574
-1,2019-08-12 02:00,12064,12071,7,пауза,False,1496.418,1504.621,6.956000000000131,-1.1792696952271489,-1.1202546033537863,1.2852213916043214,4,4,1,0,1,12045,1501.614
1,2019-08-12 16:00,12078,12098,20,пауза,False,1505.902,1486.3,8.549000000000206,-2.29289975435719,-2.4279560654663923,3.4146683822668504,2,2,4,1,1,12075,1509.739
1,2019-08-14 14:00,12122,12162,40,пауза,False,1515.406,1510.82,24.06399999999985,-0.1905751329787251,-0.2850763212268007,0.5249335106383037,5,5,9,1,0,12109,1516.912
1,2019-08-19 04:00,12181,12185,4,пауза,False,1509.179,1501.168,12.188000000000102,-0.657285854939295,-0.6765761193111405,0.05062356416146674,2,2,2,0,0,12168,1505.206
-1,2019-08-19 17:00,12194,12208,14,рывок,False,1498.564,1502.128,7.610000000000127,-0.46833114323256125,-0.3609998264570666,0.723521681997371,4,4,4,0,0,12179,1499.541
1,2019-08-20 15:00,12215,12230,15,рывок,True,1503.631,1497.408,5.05600000000004,-1.2308148734177482,-1.4035175913395774,0.8870648734176947,2,2,2,1,2,12203,1501.519
-1,2019-08-21 22:00,12244,12283,39,пауза,False,1502.85,1519.214,10.88799999999992,-1.502939015429845,-1.2991433452776155,0.9420462894930116,2,2,6,1,0,12222,1502.321
-1,2019-08-27 04:00,12319,12321,2,пауза,False,1527.812,1533.074,4.4500000000000455,-1.182471910112386,-1.1560271091271608,0.03730337078650298,1,1,2,0,0,12316,1530.286
1,2019-08-27 16:00,12331,12377,46,пауза,False,1542.834,1528.588,6.451000000000022,-2.208339792280274,-2.6109118860632163,1.1731514493876853,4,4,12,1,0,12316,1537.866
-1,2019-08-29 17:00,12378,12435,57,рывок,False,1527.274,1533.002,11.444000000000187,-0.5005242922055201,-0.22174292524324907,0.8837818944424711,4,4,11,3,1,12367,1529.796
1,2019-09-03 19:00,12445,12455,10,рывок,True,1545.434,1537.658,9.6099999999999,-0.8091571279916908,-0.8701685098755725,0.49302809573362183,3,3,2,0,1,12429,1542.342
1,2019-09-05 05:00,12477,12484,7,пауза,False,1544.952,1537.055,15.153999999999996,-0.5211165368879461,-0.5482056868860402,0.3480269235845398,2,2,2,1,1,12460,1541.92
-1,2019-09-05 18:00,12490,12508,18,рывок,True,1518.286,1524.731,8.30600000000004,-0.7759450999277516,-0.6504601194775665,1.8756320732000813,2,2,1,1,1,12479,1520.226
1,2019-09-09 01:00,12519,12532,13,пауза,False,1510.756,1498.997,24.410000000000082,-0.48172879967226445,-0.512871911966714,0.192953707496919,2,2,3,1,1,12507,1504.711
-1,2019-09-10 11:00,12552,12581,29,пауза,False,1491.986,1495.422,10.295000000000073,-0.3337542496357356,-0.17268541041052066,0.7072365225837907,2,2,6,2,0,12531,1493.041
1,2019-09-11 20:00,12584,12587,3,рывок,True,1496.81,1490.32,5.930999999999813,-1.0942505479683382,-1.1240080950609295,0.285280728376338,1,1,0,0,2,12577,1493.041
1,2019-09-12 04:00,12591,12625,34,рывок,False,1496.116,1490.875,5.930999999999813,-0.8836621143146436,-1.2103700501041645,4.743550834598028,4,4,3,2,1,12577,1497.062
1,2019-09-16 11:00,12644,12662,18,пауза,False,1503.7,1494.449,12.961000000000013,-0.7137566545791194,-0.7941731538939287,0.20060180541624154,2,2,6,0,0,12628,1499.109
1,2019-09-18 02:00,12681,12697,16,пауза,False,1502.088,1490.531,6.468000000000075,-1.7867965367965186,-1.93051425882013,1.4800556586270845,2,2,3,1,2,12662,1500.618
1,2019-09-25 09:00,12803,12808,5,пауза,False,1530.444,1518.0,7.869999999999891,-1.5811944091486827,-1.6184800176908114,0.23659466327828538,2,2,2,0,0,12784,1527.798
-1,2019-09-25 20:00,12814,12900,86,рывок,True,1503.634,1483.641,5.123000000000047,3.9025961350770553,4.83873141232255,8.679289478820913,5,3,13,3,1,12802,1470.21
1,2019-10-01 19:00,12905,12967,62,пауза,False,1481.236,1496.634,25.105000000000018,0.6133439553873691,0.4756148907697149,1.53017327225652,2,2,12,1,0,12899,1506.524
-1,2019-10-04 19:00,12974,13008,34,пауза,False,1505.626,1496.832,13.870000000000118,0.6340302811823932,0.7737350228671497,1.3304974765681177,5,3,6,2,1,12967,1494.424
1,2019-10-08 20:00,13021,13059,38,пауза,False,1505.452,1502.81,10.878000000000156,-0.24287552858981565,-0.4417733016390078,1.0715205000919086,5,5,9,2,1,13002,1505.595
-1,2019-10-10 18:00,13065,13077,12,рывок,True,1495.06,1502.573,6.543999999999869,-1.1480745721271848,-1.0407491821635653,0.6305012224938965,4,4,3,0,0,13059,1497.284
1,2019-10-11 11:00,13081,13082,1,пауза,False,1483.072,1484.249,9.304000000000087,0.1265047291487665,0.1201800646102985,1.3791917454858111,1,1,1,0,0,13075,1493.944
-1,2019-10-14 00:00,13093,13103,10,пауза,False,1485.846,1494.819,15.264999999999873,-0.5878152636750757,-0.5494058709528942,0.12918440877825066,2,2,0,0,1,13078,1489.359
1,2019-10-15 06:00,13122,13129,7,пауза,False,1490.45,1487.698,4.821999999999889,-0.5707175445873115,-0.6558500578745631,1.6665284114475825,1,1,3,0,0,13112,1490.672
-1,2019-10-16 03:00,13142,13151,9,пауза,False,1483.456,1490.718,7.616999999999962,-0.9533937245635037,-0.8840961522321338,0.6291190757516004,2,2,1,0,1,13126,1484.962
1,2019-10-17 08:00,13170,13194,24,пауза,False,1488.576,1488.599,5.905999999999949,0.003894344734153584,-0.22949524904028212,1.4751100575685852,2,2,6,1,1,13151,1491.276
1,2019-10-21 04:00,13212,13223,11,пауза,False,1489.752,1485.071,4.212999999999965,-1.1110847377166102,-1.2640192569850288,1.3069071920247166,3,3,3,0,0,13196,1489.204
-1,2019-10-22 10:00,13241,13260,19,пауза,False,1487.776,1491.571,8.093000000000075,-0.4689237612751527,-0.3331888627972541,0.5950821697763483,2,2,3,2,2,13221,1488.744
1,2019-10-23 07:00,13261,13284,23,рывок,True,1492.869,1489.902,6.094000000000051,-0.4868723334427053,-0.7038453894354115,0.5584181161798476,5,5,6,0,0,13247,1491.042
1,2019-10-25 04:00,13304,13335,31,пауза,False,1503.095,1498.029,3.1130000000000564,-1.627369097333742,-2.1959424508287624,4.779633793767952,3,3,8,1,1,13284,1503.384
-1,2019-10-29 00:00,13346,13353,7,пауза,False,1492.045,1494.408,3.872000000000071,-0.6102789256197794,-0.5042590446613315,0.43982438016527464,2,2,3,0,0,13330,1493.006
1,2019-10-29 10:00,13356,13357,1,пауза,False,1486.97,1486.788,3.8759999999999764,-0.04695562435500967,-0.06213743004796821,1.827915376677007,1,1,1,0,0,13352,1490.977
-1,2019-10-29 18:00,13364,13379,15,пауза,False,1490.216,1493.139,8.923999999999978,-0.3275437023756173,-0.2296968913253284,0.3478260869565018,2,2,4,0,0,13353,1489.554
1,2019-10-30 19:00,13388,13453,65,рывок,True,1496.402,1507.466,2.1660000000001673,5.108033240996766,3.436309067718949,9.126962142196897,3,1,12,1,0,13375,1511.096
1,2019-11-07 04:00,13510,13513,3,пауза,False,1491.249,1487.059,4.337999999999965,-0.9658828953434966,-1.0065680064099223,0.1551406177962211,2,2,1,0,0,13495,1489.916
-1,2019-11-07 14:00,13520,13602,82,пауза,False,1484.265,1460.281,10.999000000000024,2.180561869260851,2.5957854997408125,3.5055914174015737,4,4,14,4,0,13513,1456.22
1,2019-11-13 12:00,13610,13675,65,рывок,False,1464.819,1460.076,2.5529999999998836,-1.8578143360752661,-3.2761279119938704,3.8327457892677352,5,5,9,4,2,13590,1464.732
1,2019-11-19 05:00,13695,13699,4,пауза,False,1472.231,1466.033,6.219000000000051,-0.9966232513265866,-1.034428323229473,0.1699630165621495,2,2,2,0,1,13679,1469.176
-1,2019-11-19 13:00,13703,13720,17,пауза,False,1468.806,1477.825,8.412000000000035,-1.0721588207322834,-0.9549487602088266,0.33190679980981125,1,1,2,1,1,13696,1473.288
1,2019-11-20 11:00,13724,13728,4,пауза,False,1474.208,1469.369,5.913999999999987,-0.818227933716635,-0.8579827091924642,0.4967872844098547,3,3,1,0,1,13700,1472.825
-1,2019-11-20 21:00,13734,13825,91,пауза,False,1471.626,1462.379,9.5,0.9733684210526391,1.5086604561933097,2.2568421052631638,3,2,12,3,1,13721,1459.218
-1,2019-11-27 19:00,13847,13885,38,пауза,False,1454.586,1461.611,7.626000000000204,-0.9211906635195257,-0.637475744134647,0.18830317335429891,2,2,6,0,0,13835,1458.311
1,2019-12-02 06:00,13896,13898,2,пауза,False,1460.282,1455.508,7.5219999999999345,-0.6346716298856593,-0.6503163207104737,0.027785163520348558,2,2,0,0,2,13883,1458.939
1,2019-12-02 15:00,13905,13951,46,рывок,False,1463.406,1473.088,7.5219999999999345,1.2871576708322388,0.94190473584237,2.7491358681202165,3,2,8,1,1,13883,1476.078
-1,2019-12-04 18:00,13954,14036,82,пауза,False,1474.132,1464.14,10.419000000000096,0.9590171801516335,1.3973552847345172,1.471926288511361,4,3,12,4,0,13943,1461.638
1,2019-12-10 17:00,14045,14088,43,пауза,False,1463.286,1468.926,9.038999999999987,0.6239628277464189,0.3545189225809729,2.278570638344953,4,2,6,2,1,14034,1474.175
-1,2019-12-13 15:00,14112,14127,15,пауза,False,1472.478,1477.302,13.648000000000138,-0.3534583821805241,-0.28947941516610676,0.5124560375146594,2,2,4,0,0,14088,1475.527
1,2019-12-16 11:00,14131,14179,48,пауза,False,1476.861,1472.488,4.19399999999996,-1.0426800190748902,-1.6876667699117331,0.8822126847877572,5,5,8,2,1,14112,1474.606
-1,2019-12-18 18:00,14184,14207,23,пауза,False,1474.611,1481.106,7.932999999999993,-0.8187318794907219,-0.652056749877768,0.15744359006681266,4,4,2,1,1,14153,1478.513
1,2019-12-20 06:00,14218,14229,11,пауза,False,1479.034,1477.414,3.765999999999849,-0.430164630908174,-0.6012514948693712,0.5361125862984828,2,2,4,0,0,14198,1477.996
1,2019-12-23 16:00,14251,14431,180,пауза,False,1483.067,1564.354,4.726000000000113,17.199957680913688,14.996731275518153,22.571307659754016,5,5,32,3,0,14228,1570.352
-1,2020-01-06 20:00,14436,14460,24,рывок,True,1565.634,1574.282,8.993999999999915,-0.9615299088281068,-0.8082722992181649,1.1392039137202794,2,2,1,1,1,14427,1570.888
-1,2020-01-09 04:00,14489,14523,34,пауза,False,1558.457,1558.701,9.014000000000124,-0.027069003771900507,0.18789713414329387,2.0191923674284196,4,4,7,0,0,14462,1552.502
1,2020-01-10 19:00,14527,14540,13,пауза,False,1558.914,1548.002,14.143000000000029,-0.7715477621438176,-0.8252989727149491,0.3017747295481878,2,2,1,1,2,14521,1554.382
-1,2020-01-14 05:00,14559,14576,17,рывок,True,1538.001,1549.548,9.603000000000065,-1.2024367385192072,-1.09976350836995,0.18900343642612122,4,4,3,0,0,14529,1547.133
1,2020-01-15 02:00,14579,14592,13,рывок,True,1552.25,1549.036,6.088999999999942,-0.5278370832648994,-0.6526857236175884,0.7899490885202811,3,3,2,0,1,14569,1550.386
1,2020-01-16 08:00,14608,14675,67,пауза,False,1553.95,1554.773,6.626999999999953,0.12418892409836597,-0.4388109537731781,2.2251395805039946,5,2,14,0,0,14590,1558.328
-1,2020-01-21 21:00,14686,14710,24,пауза,False,1558.168,1561.513,13.663000000000011,-0.2448217814535625,-0.1439362555198873,0.5772524335797363,0,0,4,0,0,14683,1559.261
1,2020-01-23 14:00,14725,14792,67,рывок,True,1562.958,1574.159,4.586000000000013,2.4424334932402947,1.628870433786591,5.59834278238114,4,2,14,2,1,14701,1578.17
1,2020-01-30 12:00,14838,14903,65,рывок,True,1580.869,1568.152,5.625999999999976,-2.2603981514397304,-2.90400898672591,2.008354070387491,3,3,8,1,0,14822,1573.877
-1,2020-02-04 13:00,14908,14950,42,рывок,True,1560.05,1562.287,10.011999999999944,-0.22343188174191897,0.014467380739325582,1.248152217339197,5,4,5,2,1,14883,1559.638
1,2020-02-06 18:00,14959,15012,53,рывок,False,1566.271,1567.799,7.08199999999988,0.21575826037843066,-0.2043647863789429,1.52287489409775,4,4,8,3,0,14946,1571.461
-1,2020-02-11 12:00,15022,15023,1,пауза,False,1569.764,1572.041,4.191000000000031,-0.5433070866141796,-0.5292663615209069,0.2786924361727235,2,2,0,0,1,15004,1570.065
-1,2020-02-11 15:00,15025,15055,30,рывок,False,1564.112,1569.931,4.191000000000031,-1.388451443569534,-0.9794743735449319,0.5077547124791555,4,4,9,1,1,15004,1567.754
-1,2020-02-26 00:00,15259,15285,26,пауза,False,1641.612,1650.91,33.25999999999999,-0.279555021046302,-0.23472232793115325,0.4989476849067959,4,3,5,1,1,15251,1646.296
1,2020-02-27 10:00,15292,15310,18,пауза,False,1648.142,1630.922,11.261999999999944,-1.5290356952584012,-1.6215839324826284,1.089948499378434,3,3,4,0,0,15280,1641.403
1,2020-03-03 21:00,15372,15472,100,рывок,True,1640.886,1651.724,7.658999999999878,1.4150672411542158,0.6822752349218298,8.1467554511034,5,4,20,0,0,15358,1667.902
-1,2020-03-12 04:00,15517,15596,79,пауза,False,1636.302,1534.128,17.336000000000013,5.8937471158283286,6.1474146498369215,10.663936317489602,5,5,16,3,0,15502,1519.638
1,2020-03-17 23:00,15604,15612,8,рывок,False,1537.882,1498.114,33.92399999999998,-1.1722674212946602,-1.186096106847634,0.16958495460440787,2,2,2,0,0,15592,1520.846
-1,2020-03-18 14:00,15619,15658,39,рывок,True,1499.592,1510.42,25.579999999999927,-0.4232994526974201,-0.3365548375051814,1.7307271305707697,5,5,8,1,1,15603,1493.384
1,2020-03-22 22:00,15672,15819,147,пауза,False,1489.034,1609.539,36.72199999999998,3.2815478459778866,3.0530991220359547,4.2317684221992256,5,2,19,7,0,15649,1616.21
-1,2020-04-07 16:00,15942,15978,36,пауза,False,1652.083,1654.87,19.837999999999965,-0.14048795241454845,-0.03709493469254991,0.534781732029447,5,5,8,3,2,15933,1649.992
1,2020-04-09 20:00,15992,16047,55,пауза,False,1683.505,1713.52,34.87200000000007,0.8607192016517495,0.7723220216524744,1.8415060793759963,5,4,9,4,1,15983,1719.985
-1,2020-04-15 15:00,16056,16074,18,рывок,True,1713.65,1732.034,11.489000000000033,-1.6001392636434817,-1.509419597213049,0.4057794412046324,2,2,4,0,0,16042,1723.969
-1,2020-04-17 04:00,16091,16123,32,пауза,False,1707.676,1690.093,15.751999999999953,1.1162392077196488,1.2321498821606924,2.31449974606399,5,4,6,1,1,16076,1685.708
1,2020-04-20 20:00,16130,16142,12,рывок,True,1696.239,1679.03,12.628000000000156,-1.3627652834969788,-1.4183827488059668,0.14832119100411975,2,2,3,0,0,16118,1686.395
-1,2020-04-21 14:00,16147,16164,17,пауза,False,1683.774,1696.15,36.53800000000001,-0.33871585746346816,-0.3117310463319524,0.34123378400568843,2,2,5,1,1,16140,1691.596
1,2020-04-22 22:00,16177,16217,40,рывок,True,1712.606,1713.236,11.117999999999938,0.056664867781985304,-0.14787521082942773,2.3630149307429464,4,3,7,2,2,16160,1721.256
-1,2020-04-27 00:00,16225,16299,74,пауза,False,1724.266,1715.632,18.579999999999927,0.4646932185145344,0.6863819700776614,1.7212594187298234,5,3,18,2,0,16213,1711.017
-1,2020-05-01 05:00,16322,16333,11,пауза,False,1672.992,1697.764,8.763999999999896,-2.8265632131447087,-2.7530450559473274,0.23767685988131915,3,3,2,0,0,16301,1690.318
1,2020-05-04 01:00,16341,16398,57,пауза,False,1698.843,1697.443,14.447000000000116,-0.09690593202741606,-0.3177389052063636,1.0304561500657454,4,4,8,3,0,16323,1700.826
-1,2020-05-06 20:00,16406,16420,14,рывок,True,1685.384,1695.935,7.017000000000053,-1.5036340316374308,-1.3872322473048782,0.39219039475558387,3,3,4,0,0,16394,1691.06
-1,2020-05-11 05:00,16460,16512,52,рывок,False,1705.306,1708.45,10.968000000000075,-0.2866520787746156,-0.0202920072818019,1.2016776075857014,3,3,11,1,1,16441,1706.014
1,2020-05-14 07:00,16531,16586,55,пауза,False,1715.374,1731.41,8.639999999999873,1.8560185185185527,1.4992376781325834,5.773379629629722,5,2,10,1,1,16509,1740.055
-1,2020-05-19 04:00,16597,16607,10,пауза,False,1735.896,1743.888,13.029999999999973,-0.6133537989255547,-0.5683561488945419,0.7115886415963126,4,4,3,0,0,16581,1739.209
1,2020-05-19 17:00,16610,16641,31,пауза,False,1743.198,1740.289,14.99499999999989,-0.19399799933311948,-0.3120352683848062,0.7236412137379102,3,3,5,2,1,16605,1746.487
-1,2020-05-21 15:00,16654,16669,15,пауза,False,1724.704,1736.522,10.760999999999967,-1.098225072019331,-1.0170815963374447,0.39968404423380205,4,4,4,0,1,16634,1730.604
1,2020-05-22 12:00,16674,16690,16,рывок,True,1734.741,1725.38,6.096000000000004,-1.5355971128608712,-1.688085010834744,0.6358267716535391,2,2,0,0,1,16665,1727.508
-1,2020-05-25 16:00,16701,16706,5,пауза,False,1729.186,1733.923,9.768000000000029,-0.4849508599508667,-0.4549101413568301,0.35861998361997527,3,3,3,0,1,16670,1730.978
1,2020-05-26 03:00,16707,16713,6,рывок,False,1735.156,1721.852,7.5499999999999545,-1.7621192052980053,-1.8087161055082728,0.05576158940398035,3,3,1,1,2,16698,1725.683
-1,2020-05-27 04:00,16731,16752,21,пауза,False,1706.852,1713.588,7.207999999999856,-0.9345172031076596,-0.7666015762710113,1.7821864594894923,5,5,6,0,0,16707,1710.828
1,2020-05-28 04:00,16754,16834,80,рывок,False,1716.372,1729.919,9.618999999999915,1.4083584572201004,0.9453241065549356,3.007797068302347,2,2,10,1,0,16748,1734.907
1,2020-06-04 16:00,16881,16900,19,рывок,True,1717.001,1687.54,7.100999999999885,-4.148852274327628,-4.303549152708372,0.6311787072243407,4,4,4,1,1,16871,1711.982
-1,2020-06-05 18:00,16906,16915,9,рывок,True,1683.036,1688.944,6.6189999999999145,-0.892581961021299,-0.8128358349527013,0.8354736365009887,2,2,2,0,0,16896,1685.938
1,2020-06-08 12:00,16923,17031,108,рывок,True,1691.57,1722.32,8.432000000000016,3.646821631878551,2.9257501632869958,6.326850094876643,5,4,18,2,1,16909,1728.09
-1,2020-06-15 17:00,17043,17103,60,рывок,True,1722.478,1733.114,6.1159999999999854,-1.739045127534335,-1.191309672048535,1.5856769130150614,2,2,12,2,1,17026,1728.582
1,2020-06-26 11:00,17244,17246,2,пауза,False,1762.529,1749.734,8.576999999999998,-1.4917803427772036,-1.5055006837337448,0.3088492479888207,1,1,1,0,0,17238,1758.306
1,2020-06-26 15:00,17248,17290,42,рывок,True,1766.63,1765.948,8.576999999999998,-0.07951498192841512,-0.35721667435726057,1.0565465780575842,2,2,10,2,0,17238,1768.842
1,2020-06-30 14:00,17293,17337,44,рывок,True,1781.242,1760.398,5.013999999999896,-4.157159952134121,-4.653640181391778,1.6001196649382339,2,1,5,2,1,17285,1765.949
1,2020-07-02 14:00,17339,17451,112,рывок,True,1775.497,1801.26,10.070999999999913,2.558137225697562,1.9311060099026254,4.229470757620931,5,2,14,5,0,17330,1806.785
-1,2020-07-09 23:00,17458,17469,11,пауза,False,1804.086,1808.126,9.37700000000018,-0.4308414204969485,-0.36212934524070123,0.8586968113468862,2,2,2,0,1,17444,1805.111
-1,2020-07-13 12:00,17494,17519,25,пауза,False,1807.588,1807.778,15.826999999999998,-0.012004801920771756,0.07864974143188412,1.0628672521640166,3,2,6,2,2,17471,1802.508
1,2020-07-15 03:00,17531,17532,1,пауза,False,1809.042,1806.138,3.9459999999999127,-0.7359351241763965,-0.7508476124850402,0.2686264571718693,2,2,1,1,2,17515,1807.52
1,2020-07-15 07:00,17535,17539,4,рывок,False,1811.844,1805.305,3.9459999999999127,-1.6571211353269468,-1.7167029250289383,0.859604662949855,2,2,2,1,2,17515,1807.52
1,2020-07-15 16:00,17544,17556,12,рывок,True,1812.577,1808.503,9.290000000000191,-0.43853606027986924,-0.5141374975158108,0.1019375672766275,2,2,4,1,1,17536,1810.19
-1,2020-07-16 13:00,17564,17589,25,рывок,True,1806.48,1810.574,3.30399999999986,-1.2391041162228282,-0.8048458057983291,3.438861985472325,3,3,4,0,0,17551,1809.04
1,2020-07-20 04:00,17601,17742,141,пауза,False,1809.014,1913.316,6.046000000000049,17.251405888190423,15.924345639081917,28.505127356929986,5,3,16,6,1,17575,1933.273
-1,2020-07-29 17:00,17775,17777,2,пауза,False,1959.716,1969.401,20.51599999999985,-0.47207057906025757,-0.4663345991234154,0.25838370052641696,1,1,1,0,1,17771,1962.042
1,2020-07-29 23:00,17780,17933,153,пауза,False,1966.67,2039.047,29.24200000000019,2.475104302031307,2.1756566549790417,3.714246631557328,4,2,23,5,1,17772,2051.0
-1,2020-08-07 20:00,17939,17955,16,пауза,False,2035.23,2047.57,48.76800000000003,-0.2530347769028853,-0.2339737896561512,0.3266486220472452,2,2,3,2,2,17931,2036.328
-1,2020-08-11 02:00,17967,17995,28,пауза,False,2019.602,1936.696,10.54600000000005,7.861369239522074,8.013342775196381,14.858998672482407,4,3,4,1,0,17956,1929.482
1,2020-08-12 23:00,18010,18050,40,пауза,False,1922.0,1934.07,42.38799999999992,0.2847504010569019,0.23110133542507968,1.0479380956874624,2,0,10,1,1,18007,1945.212
1,2020-08-18 00:00,18080,18117,37,рывок,False,1984.955,1964.766,11.423000000000002,-1.7673991070646806,-1.9518864055724334,2.693775715661401,2,1,3,3,2,18076,1979.668
1,2020-08-27 05:00,18246,18255,9,пауза,False,1940.039,1919.95,16.16800000000012,-1.2425160811479337,-1.275163261284502,2.2976249381494083,0,0,1,1,2,18243,1938.646
-1,2020-08-27 22:00,18262,18268,6,пауза,False,1927.467,1942.944,25.005999999999858,-0.6189314564504499,-0.6048625691199084,0.17111893145645127,2,2,2,0,0,18254,1935.196
1,2020-08-28 20:00,18284,18340,56,рывок,True,1965.026,1961.964,12.00799999999981,-0.25499666888742284,-0.5162180290148656,2.293387741505698,3,2,7,4,1,18264,1965.338
-1,2020-09-02 11:00,18344,18437,93,рывок,True,1959.25,1938.996,9.980000000000018,2.029458917835658,2.55075944545275,5.272745490981961,5,5,18,5,1,18317,1932.318
1,2020-09-09 00:00,18444,18454,10,пауза,False,1928.888,1922.62,12.95900000000006,-0.48367929624199396,-0.5289234801994053,0.42665329114900613,2,2,2,1,2,18434,1927.897
1,2020-09-10 01:00,18468,18495,27,пауза,False,1945.858,1942.234,6.598000000000184,-0.5492573507123254,-0.7837246774313129,3.139133070627374,2,2,6,1,1,18455,1944.254
1,2020-09-11 20:00,18510,18550,40,пауза,False,1940.456,1952.912,16.567000000000007,0.7518560994748672,0.6145906564856914,1.9173658477696678,2,2,10,1,1,18493,1960.303
-1,2020-09-15 20:00,18556,18565,9,пауза,False,1954.198,1961.528,10.447999999999865,-0.7015696784073527,-0.6510490420704416,0.41003062787137834,2,2,2,1,2,18547,1958.916
1,2020-09-16 12:00,18571,18583,12,рывок,True,1967.659,1946.87,7.354000000000042,-2.8268969268425477,-2.9224010541096006,0.8326081044329324,2,2,3,1,2,18560,1956.62
1,2020-09-18 10:00,18615,18618,3,рывок,False,1951.775,1946.736,4.824000000000069,-1.0445688225538796,-1.081155060490478,0.6915422885572067,3,3,1,0,0,18595,1950.819
1,2020-09-18 14:00,18619,18636,17,рывок,True,1954.43,1939.191,5.347999999999956,-2.8494764397906054,-3.0338390106812807,1.0665669409124903,3,3,4,0,0,18595,1946.723
-1,2020-09-21 18:00,18646,18758,112,рывок,True,1908.519,1873.034,8.901000000000067,3.9866307156498855,4.696082617039696,6.709133805190386,5,2,20,4,1,18629,1864.158
1,2020-09-29 08:00,18774,18888,114,пауза,False,1882.049,1909.536,11.644999999999982,2.360412194074721,1.8080748312421913,3.1468441391155038,5,3,13,6,2,18751,1910.822
-1,2020-10-06 11:00,18892,18893,1,пауза,False,1917.644,1915.891,7.852000000000089,0.2232552215995809,0.23074944967725616,0.6314314824248634,3,3,1,0,1,18882,1914.622
-1,2020-10-06 15:00,18896,18934,38,рывок,True,1902.232,1890.937,7.852000000000089,1.4384870096790556,1.7140359112619794,3.7358634742740358,3,3,6,3,2,18882,1888.812
1,2020-10-08 11:00,18938,18941,3,рывок,True,1892.604,1885.848,5.7719999999999345,-1.1704781704781986,-1.2010554421008865,1.4003811503811414,1,1,0,0,1,18930,1888.812
1,2020-10-08 17:00,18944,18997,53,рывок,True,1892.042,1916.828,5.7719999999999345,4.294178794178853,3.778705575686874,7.146569646569728,4,2,8,2,0,18930,1921.67
-1,2020-10-13 02:00,18998,19030,32,рывок,False,1913.232,1900.422,9.816000000000031,1.3050122249388656,1.4910172110630817,3.1375305623471785,5,5,5,0,0,18978,1895.238
1,2020-10-15 04:00,19046,19080,34,пауза,False,1901.362,1901.544,20.86999999999989,0.008720651653091391,-0.08412576747329092,0.6077623382846208,3,2,8,1,0,19020,1905.18
1,2020-10-19 17:00,19105,19112,7,пауза,False,1905.782,1896.681,15.606999999999971,-0.5831357724098098,-0.6094386479830217,0.29999359261869835,2,2,2,0,1,19089,1902.933
1,2020-10-20 22:00,19132,19169,37,пауза,False,1911.112,1905.784,16.386999999999944,-0.3251357783608954,-0.45373762194752293,1.2381155794227166,5,5,7,2,2,19125,1914.631
-1,2020-10-26 17:00,19220,19307,87,пауза,False,1902.639,1887.488,17.086000000000013,0.8867493854617715,1.170771379727006,2.49086971789769,2,2,14,3,1,19192,1878.138
1,2020-10-30 18:00,19313,19443,130,пауза,False,1880.032,1938.474,14.951999999999998,3.9086409844836822,3.4161154786967467,5.720973782771534,5,2,14,5,1,19301,1953.625
-1,2020-11-10 11:00,19466,19514,48,рывок,False,1878.645,1877.074,39.98299999999995,0.039291698972060994,0.10694731343344951,0.5551609434009434,2,0,7,1,0,19462,1872.731
1,2020-11-12 14:00,19515,19558,43,рывок,True,1879.685,1869.628,9.413000000000011,-1.0684160203973234,-1.3271543034941533,2.063847869967079,4,2,8,1,1,19509,1887.559
-1,2020-11-16 14:00,19561,19653,92,пауза,False,1887.856,1875.638,30.72700000000009,0.3976307482019084,0.5650382125586342,1.1411462231913294,3,2,15,5,0,19556,1867.788
-1,2020-11-23 20:00,19682,19740,58,рывок,True,1836.119,1814.048,7.098999999999933,3.109029440766322,3.5659171347529925,5.0281729821101955,4,2,11,1,1,19668,1812.17
1,2020-11-26 13:00,19744,19745,1,пауза,False,1814.156,1807.692,7.176999999999907,-0.9006548697227289,-0.9088539332403418,0.1589800752403638,2,2,1,0,0,19736,1811.159
-1,2020-11-26 17:00,19748,19798,50,пауза,False,1810.474,1787.212,9.440000000000055,2.464194915254217,2.7622101895764297,4.8627118644067515,5,5,11,0,0,19744,1783.914
1,2020-12-01 07:00,19800,19880,80,рывок,False,1791.126,1835.614,9.014000000000124,4.93543376969153,4.441321564338953,6.331928111825964,5,3,12,4,1,19780,1837.912
-1,2020-12-07 09:00,19894,19899,5,пауза,False,1831.908,1856.722,13.260999999999967,-1.8712012668727953,-1.8490733927134897,0.3857929266269511,3,3,2,0,0,19876,1842.537
1,2020-12-08 01:00,19910,19943,33,пауза,False,1863.988,1853.82,11.625999999999976,-0.8745914329950233,-1.0364318323417596,0.9735076552554625,5,5,5,0,0,19893,1860.352
-1,2020-12-09 14:00,19946,19969,23,рывок,False,1839.972,1847.771,10.57899999999995,-0.737215237735137,-0.6122285846280788,1.3605255695245388,2,2,3,0,0,19941,1842.52
1,2020-12-10 21:00,19976,20011,35,пауза,False,1836.693,1824.433,19.733000000000175,-0.6212942786195653,-0.7223524481104941,0.5603810875183649,2,2,4,0,0,19964,1834.392
1,2020-12-15 11:00,20035,20102,67,пауза,False,1845.486,1879.69,25.322000000000116,1.350762183081897,1.2034199435015052,2.0074243740620665,5,3,9,4,1,20017,1882.692
1,2020-12-18 17:00,20110,20145,35,пауза,False,1884.232,1870.24,12.043999999999869,-1.161740285619405,-1.3273149168519305,1.874543341082717,3,3,6,1,1,20101,1877.678
-1,2020-12-22 11:00,20150,20176,26,рывок,True,1872.5,1876.58,10.301999999999907,-0.39603960396039256,-0.25129728470103896,1.4917491749174991,4,4,5,0,0,20141,1867.588
-1,2021-01-07 03:00,20369,20440,71,пауза,False,1918.047,1858.206,23.784999999999854,2.515913390792537,2.6820599963897274,4.241622871557728,5,2,14,2,2,20353,1851.672
-1,2021-01-13 04:00,20462,20514,52,пауза,False,1859.776,1854.076,26.340999999999894,0.21639269579742865,0.32730106162003264,1.1499183781936937,3,2,10,3,2,20445,1852.27
-1,2021-01-18 09:00,20536,20555,19,пауза,False,1831.835,1843.34,37.89499999999998,-0.30360205831903647,-0.2746139983274375,0.055416281831379796,2,2,4,1,1,20513,1840.85
1,2021-01-19 10:00,20556,20605,49,рывок,False,1844.825,1861.09,7.410000000000082,2.1950067476382853,1.822676051451052,4.095141700404817,3,3,9,0,0,20539,1867.135
-1,2021-01-22 09:00,20624,20648,24,рывок,False,1858.955,1862.81,13.25,-0.29094339622641646,-0.18691328748439343,1.622264150943388,4,4,5,1,1,20598,1858.475
-1,2021-01-26 07:00,20668,20720,52,пауза,False,1851.07,1857.115,14.525000000000091,-0.4161790017211728,-0.21504734842456816,1.3524268502581676,4,2,8,1,0,20651,1850.67
1,2021-01-28 21:00,20728,20781,53,пауза,False,1842.66,1856.425,29.1400000000001,0.47237474262181967,0.37027071320741817,1.1350720658888094,2,2,10,1,0,20708,1856.83
-1,2021-02-02 11:00,20787,20867,80,рывок,True,1842.34,1818.025,7.279999999999973,3.3399725274725163,3.9517757443747414,7.8736263736263945,5,2,12,3,1,20777,1811.32
1,2021-02-08 01:00,20869,20953,84,рывок,False,1815.546,1830.09,5.565000000000055,2.6134770889487378,1.7722673788920036,7.171428571428479,5,3,13,5,0,20858,1834.97
-1,2021-02-12 03:00,20963,20975,12,пауза,False,1822.02,1828.386,6.788000000000011,-0.9378314672952233,-0.8343639729048415,1.6816440777843171,5,5,5,0,0,20950,1822.073
1,2021-02-15 00:00,20983,21014,31,пауза,False,1822.998,1807.464,13.299999999999955,-1.167969924812042,-1.3010502894308416,0.3084210526315696,2,2,7,0,0,20973,1818.965
-1,2021-02-16 17:00,21019,21084,65,пауза,False,1796.715,1783.466,36.10400000000004,0.3669676490139599,0.4672599866862407,0.9960392200310207,5,3,12,2,1,21012,1777.286
1,2021-02-19 15:00,21086,21131,45,рывок,False,1785.986,1801.755,9.626999999999953,1.6379972992624996,1.3738248703788865,3.128077282642563,5,4,10,1,0,21072,1806.315
-1,2021-02-23 17:00,21134,21249,115,пауза,False,1806.976,1736.765,17.167000000000144,4.089881749868901,4.467965985671711,5.804159142540879,5,2,16,5,1,21129,1728.539
1,2021-03-02 21:00,21253,21266,13,рывок,False,1738.348,1724.316,15.926000000000158,-0.881074971744304,-0.9288084497744125,0.1677759638327263,4,4,3,0,1,21235,1730.1
-1,2021-03-03 19:00,21274,21323,49,рывок,True,1715.723,1707.845,5.910000000000082,1.3329949238578376,1.7998257967423366,4.810998307952555,2,2,8,2,0,21262,1700.482
1,2021-03-10 05:00,21375,21418,43,пауза,False,1712.96,1719.646,9.723999999999933,0.6875771287535961,0.43711400053573507,2.76943644590706,3,2,8,3,1,21341,1723.324
-1,2021-03-12 03:00,21419,21453,34,рывок,False,1718.345,1734.096,9.039999999999964,-1.7423672566371726,-1.5280193841628809,2.1151548672566562,3,3,3,1,1,21402,1728.365
1,2021-03-15 18:00,21458,21563,105,пауза,False,1728.824,1729.976,11.826999999999998,0.09740424452524257,-0.4018518209413024,2.261012936501225,4,4,18,3,0,21425,1733.32
-1,2021-03-22 14:00,21569,21637,68,пауза,False,1738.055,1739.055,11.740999999999985,-0.08517162081594423,0.23728470355854017,1.2061153223745913,5,4,11,3,2,21553,1734.535
-1,2021-03-26 05:00,21652,21662,10,пауза,False,1728.04,1734.098,8.036000000000058,-0.7538576406172162,-0.6808960453080957,0.7895719263315059,2,2,4,0,0,21637,1729.88
1,2021-03-28 22:00,21668,21674,6,пауза,False,1731.235,1727.978,6.497000000000071,-0.5013082961366475,-0.5554573798041115,0.3287671232876976,2,2,3,0,0,21658,1730.263
-1,2021-03-29 05:00,21675,21729,54,рывок,False,1728.675,1697.326,3.1080000000001746,10.086550836550249,11.061131374438538,16.319498069497154,5,5,9,2,0,21668,1686.49
1,2021-03-31 16:00,21732,21895,163,рывок,False,1712.026,1730.464,6.476000000000113,2.8471278567015985,1.399897204249165,7.21093267449028,5,5,21,3,0,21718,1735.904
-1,2021-04-13 05:00,21905,21913,8,рывок,False,1727.735,1748.136,13.802999999999884,-1.478012026371096,-1.4440248983048005,0.2856625371296107,5,5,2,0,0,21845,1736.465
1,2021-04-14 08:00,21931,21936,5,пауза,False,1745.762,1736.54,8.517000000000053,-1.0827756252201388,-1.1172288058267548,0.2862510273570608,1,1,2,1,1,21928,1740.889
1,2021-04-15 18:00,21964,22015,51,пауза,False,1767.07,1768.786,35.172000000000025,0.04878880928011261,-0.03273468715144218,0.6548959399522373,4,3,7,3,2,21947,1774.542
-1,2021-04-20 08:00,22023,22039,16,рывок,False,1768.26,1780.99,10.017000000000053,-1.2708395727263604,-1.1780407081911977,0.4532295098332774,3,3,2,1,1,22002,1775.712
1,2021-04-21 03:00,22041,22069,28,рывок,False,1782.13,1789.895,4.196999999999889,1.850131045985246,1.4682599696875793,3.7655468191566066,5,5,5,1,1,22024,1792.515
-1,2021-04-23 04:00,22088,22096,8,пауза,False,1785.004,1793.635,12.32100000000014,-0.7005113221329428,-0.6624361392176706,0.267348429510578,2,2,2,0,1,22062,1789.794
-1,2021-04-26 08:00,22115,22177,62,пауза,False,1779.645,1789.06,13.434999999999945,-0.7007815407517679,-0.44341733031438624,1.2565686639374865,2,2,10,2,1,22097,1782.324
-1,2021-04-30 00:00,22199,22225,26,пауза,False,1769.86,1774.94,18.873000000000047,-0.26916759391724376,-0.19015867254757052,0.29407089492926086,2,2,6,1,1,22178,1772.36
1,2021-05-03 18:00,22240,22260,20,рывок,True,1792.285,1775.715,6.069999999999936,-2.7298187808896768,-2.9200323564535338,1.1326194398682161,2,2,3,0,0,22220,1784.002
1,2021-05-06 04:00,22295,22372,77,пауза,False,1788.675,1826.745,5.981999999999971,6.364092276830512,5.647558105626882,9.506018054162535,5,5,17,4,0,22280,1834.0
-1,2021-05-12 00:00,22383,22395,12,пауза,False,1834.43,1839.92,20.403999999999996,-0.2690648892374049,-0.2346433369965741,0.4109488335620463,2,2,2,0,1,22371,1835.765
-1,2021-05-13 04:00,22410,22435,25,пауза,False,1819.285,1834.875,9.730000000000018,-1.6022610483042024,-1.4548006723902782,1.0708119218910666,3,3,4,2,2,22396,1823.08
1,2021-05-14 07:00,22436,22488,52,рывок,False,1833.315,1864.02,8.990000000000009,3.4154616240266846,3.090496411108643,4.6412680756395845,5,3,6,1,0,22416,1866.855
-1,2021-05-19 04:00,22502,22511,9,пауза,False,1868.13,1889.08,8.339999999999918,-2.511990407673864,-2.4487002867568317,1.9064748201439146,2,2,3,0,1,22487,1871.625
1,2021-05-25 16:00,22606,22630,24,пауза,False,1895.396,1893.385,7.454999999999927,-0.26975184439973,-0.4546477452490685,2.3325285043595296,5,5,6,1,0,22591,1900.515
-1,2021-05-27 03:00,22639,22641,2,рывок,False,1896.665,1901.885,7.0499999999999545,-0.7404255319149022,-0.7237334234916039,0.17659574468083672,2,2,1,0,1,22625,1897.79
-1,2021-05-27 23:00,22658,22675,17,пауза,False,1898.125,1899.985,10.684999999999945,-0.1740758072063556,-0.08179962291778957,1.485727655591959,5,5,4,0,0,22642,1894.85
1,2021-05-31 03:00,22685,22715,30,пауза,False,1908.475,1895.09,3.494999999999891,-3.8297567954221483,-4.320178226172699,2.3290414878398726,2,2,4,2,1,22682,1903.565
-1,2021-06-02 04:00,22728,22736,8,пауза,False,1896.41,1904.71,9.924999999999955,-0.8362720403022662,-0.7890051054207473,0.19697732997482756,2,2,3,0,0,22707,1900.8
-1,2021-06-03 13:00,22760,22782,22,пауза,False,1868.015,1884.676,7.5150000000001,-2.217032601463687,-2.0485500349498182,1.5934797072521594,5,5,4,0,0,22748,1874.196
1,2021-06-06 22:00,22791,22798,7,рывок,False,1889.98,1883.545,7.870000000000118,-0.817662007623869,-0.8698232501996137,0.24777636594663485,0,0,1,0,0,22787,1888.37
1,2021-06-08 11:00,22827,22866,39,пауза,False,1900.11,1885.53,13.610000000000127,-1.0712711241733865,-1.2343076602951675,0.2806759735488705,3,3,7,1,1,22800,1889.77
-1,2021-06-10 10:00,22872,22877,5,пауза,False,1880.11,1893.83,11.5300000000002,-1.189939288811777,-1.1644893547938635,0.8816131830008489,1,1,1,1,1,22868,1888.13
1,2021-06-11 03:00,22888,22893,5,пауза,False,1899.035,1895.23,2.5399999999999636,-1.4980314960630385,-1.6135581650498712,1.608267716535381,2,2,1,0,1,22874,1897.45
-1,2021-06-14 17:00,22925,23007,82,пауза,False,1863.355,1793.17,25.205999999999904,2.7844560818852737,2.9656448746984583,3.810997381575828,4,2,16,1,1,22892,1782.014
-1,2021-06-21 12:00,23035,23082,47,пауза,False,1775.14,1794.385,24.914999999999964,-0.7724262492474381,-0.666023900751406,0.11037527593819,2,2,10,2,1,23009,1783.22
1,2021-06-28 15:00,23153,23169,16,пауза,False,1780.94,1769.475,12.3599999999999,-0.9275889967637734,-1.0027966202304996,0.12985436893204136,2,2,2,1,1,23139,1773.47
-1,2021-06-29 16:00,23177,23200,23,рывок,True,1763.135,1772.32,9.559999999999945,-0.9607740585774056,-0.822465083345233,1.014121338912133,2,2,4,1,1,23151,1764.69
1,2021-07-01 04:00,23211,23377,166,пауза,False,1774.61,1792.425,8.710000000000036,2.0453501722158416,0.9482332732992446,5.043628013777254,4,4,27,8,2,23192,1799.02
1,2021-07-13 11:00,23398,23399,1,пауза,False,1809.51,1800.366,6.904999999999973,-1.3242577842143435,-1.332779823152201,0.014482259232427146,2,2,1,0,1,23378,1805.945
1,2021-07-13 13:00,23400,23466,66,рывок,False,1813.93,1819.57,6.904999999999973,0.8167994207096155,0.28451161692434834,2.934829833454012,3,2,7,3,1,23378,1823.75
-1,2021-07-16 14:00,23470,23514,44,рывок,False,1812.79,1822.895,11.691000000000031,-0.8643400906680345,-0.6514111821488457,1.5114190402874028,5,4,5,2,1,23440,1815.655
-1,2021-07-21 01:00,23526,23563,37,пауза,False,1807.01,1807.195,5.959999999999809,-0.03104026845636768,0.32255006893526417,2.378355704698055,2,2,8,1,0,23515,1803.48
-1,2021-07-25 22:00,23592,23598,6,пауза,False,1800.92,1806.5,15.004999999999882,-0.3718760413195582,-0.34843008353298577,0.15661446184606165,2,2,2,1,1,23578,1804.695
1,2021-07-26 11:00,23605,23607,2,рывок,True,1807.945,1802.595,6.125,-0.8734693877550872,-0.8926823452055775,0.2800000000000238,1,1,0,0,1,23594,1804.695
-1,2021-07-27 04:00,23621,23629,8,пауза,False,1798.035,1802.91,3.4700000000000273,-1.4048991354466749,-1.269704804409479,1.250720461095133,3,3,2,0,2,23601,1799.915
1,2021-07-28 03:00,23643,23698,55,рывок,False,1806.355,1822.875,10.629999999999882,1.554092191909705,1.26410287291302,2.481185324553179,4,3,7,2,1,23623,1826.82
-1,2021-08-01 23:00,23708,23725,17,рывок,True,1813.975,1817.91,5.416000000000167,-0.7265509601181779,-0.544503133470598,1.4955686853765988,5,5,4,1,1,23693,1813.414
1,2021-08-03 04:00,23736,23783,47,пауза,False,1811.9,1808.72,10.039999999999964,-0.31673306772909116,-0.5807783379261673,1.9790836653386417,5,1,11,2,1,23733,1810.86
-1,2021-08-06 09:00,23810,23881,71,пауза,False,1798.85,1737.72,4.179999999999836,14.624401913876143,15.569807898117604,28.98660287081453,5,5,10,3,1,23789,1735.256
1,2021-08-11 22:00,23891,23945,54,рывок,True,1750.98,1773.41,6.276000000000067,3.5739324410452236,3.0913007788787255,5.047004461440347,3,3,8,0,0,23877,1775.965
1,2021-08-17 04:00,23966,24011,45,пауза,False,1786.17,1780.06,4.817000000000007,-1.268424330496184,-1.7963852964215579,1.9576499896200585,4,3,6,2,0,23950,1784.483
-1,2021-08-19 04:00,24012,24064,52,рывок,False,1777.555,1790.415,13.067000000000007,-0.984158567383477,-0.7605848883344835,0.13698630136986015,5,5,9,2,1,23973,1786.76
1,2021-08-23 11:00,24065,24100,35,рывок,False,1790.914,1796.005,4.442999999999984,1.1458474004051633,0.6970108353445009,4.2079675894665725,4,4,5,3,1,24055,1800.84
-1,2021-08-25 16:00,24116,24148,32,пауза,False,1789.906,1797.36,5.910000000000082,-1.261252115059196,-0.9523138842985723,1.6527918781725708,5,4,6,2,1,24091,1793.039
-1,2021-08-30 23:00,24191,24192,1,пауза,False,1810.53,1812.72,3.5399999999999636,-0.618644067796632,-0.6020212771565451,0.1401129943502464,2,2,0,0,1,24180,1811.325
-1,2021-08-31 20:00,24212,24227,15,пауза,False,1813.795,1819.42,14.714999999999918,-0.38226299694189814,-0.32292321156556236,0.29595650696568415,2,2,4,0,0,24198,1816.435
-1,2021-09-02 04:00,24242,24273,31,пауза,False,1810.985,1823.576,7.371000000000095,-1.7081807081807028,-1.4680546941486845,0.8255324921991224,2,2,6,1,1,24227,1814.505
1,2021-09-03 19:00,24280,24294,14,рывок,True,1828.64,1824.05,4.170000000000073,-1.1007194244604472,-1.2965926428445034,0.4786570743404874,2,2,2,0,0,24266,1825.245
-1,2021-09-07 03:00,24306,24377,71,рывок,True,1823.25,1802.515,3.150000000000091,6.582539682539461,7.8370784171836,12.946031746031364,4,3,10,4,2,24290,1799.22
-1,2021-09-13 09:00,24404,24409,5,пауза,False,1790.15,1796.18,9.910000000000082,-0.6084762865792052,-0.5788660202596746,0.49445005045409185,2,2,1,0,2,24377,1793.71
1,2021-09-13 20:00,24415,24427,12,пауза,False,1793.475,1787.9,7.365000000000009,-0.7569585879157924,-0.8523200749384552,0.20366598778004047,2,2,1,1,1,24408,1791.105
-1,2021-09-14 15:00,24433,24434,1,пауза,False,1805.825,1803.71,14.375,0.14713043478260932,0.15122397766023762,0.10845217391304132,1,1,1,0,1,24425,1794.975
1,2021-09-14 23:00,24440,24447,7,пауза,False,1803.765,1800.53,5.665000000000191,-0.5710503089143898,-0.6435143828898715,0.16593115622238225,2,2,1,1,1,24430,1802.995
-1,2021-09-15 11:00,24452,24522,70,пауза,False,1802.155,1760.126,5.420000000000073,7.754428044280338,8.473324793040478,11.083948339483255,4,2,9,2,0,24447,1755.29
1,2021-09-21 10:00,24543,24574,31,пауза,False,1765.99,1767.14,9.205999999999904,0.12491853139258124,-0.06734399841733059,1.7211601129698233,4,4,5,0,0,24512,1772.355
-1,2021-09-27 16:00,24641,24681,40,пауза,False,1752.27,1745.35,13.05099999999993,0.5302275687686852,0.7044729594668453,1.8450693433453418,2,2,8,0,0,24627,1741.34
1,2021-09-29 13:00,24684,24685,1,пауза,False,1736.954,1728.445,8.769999999999982,-0.9702394526795932,-0.9769492222196053,0.4088939566704698,3,3,1,0,1,24667,1736.76
-1,2021-09-30 06:00,24700,24707,7,пауза,False,1728.886,1742.11,13.2349999999999,-0.9991688704193451,-0.9681519471801218,0.49837551945599196,2,2,1,1,1,24681,1734.945
1,2021-09-30 18:00,24712,24747,35,пауза,False,1756.945,1753.525,41.950000000000045,-0.08152562574493068,-0.12906271414932907,0.2100119189511362,3,2,9,1,0,24705,1757.305
1,2021-10-04 14:00,24754,24766,12,рывок,True,1766.42,1760.07,8.450000000000045,-0.7514792899408405,-0.8345961363221315,0.49230769230767246,2,2,4,0,0,24740,1763.68
-1,2021-10-05 10:00,24773,24844,71,рывок,False,1754.33,1775.95,6.470000000000027,-3.3415765069551817,-2.730788714972317,1.2890262751159016,3,3,10,3,1,24761,1760.635
1,2021-10-08 17:00,24849,24854,5,пауза,False,1759.63,1754.05,25.80899999999997,-0.21620364988957966,-0.22757323953763073,0.023247704289197944,2,2,2,0,0,24839,1755.596
-1,2021-10-11 17:00,24872,24891,19,пауза,False,1754.335,1768.555,9.975000000000136,-1.4255639097744193,-1.3154383425181158,0.35388471177944103,2,2,2,1,1,24856,1760.22
1,2021-10-12 20:00,24898,24953,55,пауза,False,1760.125,1791.76,11.414999999999964,2.771353482260192,2.5013064861204866,3.5497152869032074,5,2,6,3,1,24879,1793.855
-1,2021-10-15 16:00,24963,24996,33,рывок,True,1767.865,1774.805,5.3689999999999145,-1.2926056993853912,-0.9421574813177466,1.3950456323337919,4,3,5,1,1,24943,1771.265
1,2021-10-19 12:00,25005,25121,116,рывок,True,1781.72,1790.04,8.310000000000173,1.0012033694343878,0.21316072851765458,3.865824308062495,4,2,14,5,2,24992,1800.015
-1,2021-10-26 17:00,25125,25155,30,пауза,False,1791.106,1797.61,22.235000000000127,-0.2925118057117098,-0.21542510004617757,0.33870024735776505,4,2,7,2,1,25120,1795.15
1,2021-10-28 02:00,25156,25189,33,рывок,False,1799.675,1780.47,5.115000000000009,-3.7546432062560884,-4.122493936032266,2.1174975562072555,5,5,5,2,1,25139,1795.825
-1,2021-10-29 13:00,25190,25213,23,рывок,False,1774.205,1792.25,8.214999999999918,-2.196591600730402,-2.035638003259973,0.2708460133901316,4,4,3,2,2,25167,1787.43
1,2021-11-01 18:00,25218,25247,29,рывок,True,1792.8,1783.34,6.7349999999999,-1.4046028210839163,-1.650809754984974,0.5398663697104709,3,3,2,0,0,25208,1789.284
-1,2021-11-03 16:00,25262,25280,18,рывок,False,1762.095,1780.94,7.413999999999987,-2.5418127866199165,-2.4012303415674148,0.07216077690856255,4,4,3,0,0,25230,1778.365
1,2021-11-04 18:00,25287,25416,129,рывок,True,1792.49,1846.27,7.499000000000024,7.171622883051048,6.197371058994246,10.152820376050103,4,3,18,5,1,25275,1855.205
1,2021-11-15 06:00,25435,25468,33,пауза,False,1857.355,1855.215,12.246000000000095,-0.17475093908215608,-0.3283975569822981,1.6156295933365938,4,4,8,2,1,25417,1862.31
-1,2021-11-17 05:00,25480,25483,3,пауза,False,1852.42,1860.16,6.4909999999999854,-1.1924202742258552,-1.1652300089653171,0.05006932676013653,2,2,0,0,0,25465,1856.166
-1,2021-11-18 16:00,25514,25620,106,пауза,False,1861.78,1794.39,14.615000000000009,4.611016079370498,5.0190314617971135,5.69038658912076,5,3,13,5,1,25506,1791.46
1,2021-11-26 03:00,25634,25690,56,рывок,False,1797.095,1774.35,7.140999999999849,-3.1851281333147456,-3.624386793503844,2.5871726648929143,3,3,4,1,0,25608,1788.005
-1,2021-12-01 08:00,25705,25759,54,пауза,False,1778.935,1780.815,24.725000000000136,-0.07603640040445293,0.0464710338425423,0.6873609706774437,4,2,10,1,0,25689,1776.545
1,2021-12-06 01:00,25767,25780,13,рывок,True,1786.225,1777.88,10.335000000000036,-0.8074504112239739,-0.8810066154917545,0.15084663763910894,3,3,2,0,1,25752,1780.88
1,2021-12-06 16:00,25782,25785,3,рывок,True,1784.535,1778.455,6.903999999999996,-0.8806488991888989,-0.9062126320692803,0.0695249130938613,3,3,1,0,1,25752,1780.88
1,2021-12-07 15:00,25804,25846,42,пауза,False,1782.565,1780.36,7.276000000000067,-0.3030511269928717,-0.6304078361685431,1.455470038482658,3,3,9,2,0,25798,1783.73
-1,2021-12-10 06:00,25864,25871,7,пауза,False,1773.655,1784.204,6.394999999999982,-1.6495699765441765,-1.5853777984251587,0.5379202501954753,3,3,2,0,0,25843,1779.705
1,2021-12-12 23:00,25880,25917,37,пауза,False,1783.315,1772.24,8.059000000000196,-1.3742399801463923,-1.6357362465385012,1.0349919344831482,2,2,6,2,1,25867,1783.39
-1,2021-12-14 18:00,25922,25947,25,рывок,True,1771.41,1778.1,7.654999999999973,-0.8739386022207513,-0.6865069291126534,2.3958197256695244,4,4,3,0,0,25893,1773.725
1,2021-12-16 08:00,25958,26010,52,пауза,False,1786.67,1791.905,3.2349999999999,1.6182380216383498,0.7151662243792182,8.542503863987896,4,2,4,2,1,25946,1795.835
-1,2021-12-20 19:00,26015,26054,39,рывок,True,1790.485,1793.545,8.339999999999918,-0.3669064748201682,-0.10084805076531432,0.6690647482014367,4,2,5,2,2,26002,1791.265
1,2021-12-23 01:00,26066,26079,13,рывок,True,1807.16,1802.945,5.315000000000055,-0.7930385700846853,-0.9360683670945645,0.5512699905926258,2,2,2,1,2,26050,1804.865
1,2021-12-23 17:00,26082,26141,59,рывок,True,1808.42,1804.475,3.2100000000000364,-1.2289719626168596,-2.255903313663427,3.7024922118379613,3,3,12,1,0,26078,1808.565
1,2021-12-31 05:00,26185,26216,31,рывок,True,1818.655,1807.2,4.350999999999885,-2.632728108480862,-3.039523982861481,3.0291886922547486,4,3,5,2,2,26164,1821.12
-1,2022-01-03 19:00,26222,26240,18,пауза,False,1801.76,1810.305,29.164999999999964,-0.2929881707526173,-0.25725087441730976,0.11143493913937953,2,2,4,0,0,26213,1807.155
-1,2022-01-07 06:00,26301,26326,25,пауза,False,1790.07,1796.51,6.819999999999936,-0.944281524926703,-0.7339018390553691,1.0843108504398902,2,2,6,1,1,26263,1793.24
1,2022-01-10 10:00,26328,26396,68,рывок,False,1799.73,1822.81,7.828999999999951,2.9480137948652536,2.464432276857738,3.633925150083053,5,3,9,2,0,26308,1824.085
-1,2022-01-13 15:00,26402,26490,88,пауза,False,1814.74,1824.04,6.930000000000064,-1.3419913419913232,-0.6334533765764557,1.2842712842712856,3,3,10,6,2,26392,1820.14
1,2022-01-20 01:00,26501,26531,30,рывок,True,1841.406,1831.696,9.485000000000127,-1.0237216657880766,-1.2044304586687404,0.6895097522403665,3,3,5,2,1,26480,1838.62
-1,2022-01-21 11:00,26534,26583,49,пауза,False,1832.055,1850.4,14.279999999999973,-1.2846638655462228,-1.0914586513482234,0.2398459383753474,4,2,9,1,0,26530,1842.83
1,2022-01-26 04:00,26596,26599,3,пауза,False,1847.515,1844.03,7.289999999999964,-0.4780521262002942,-0.5022622787114265,0.1680384087791379,2,2,1,0,0,26579,1846.595
-1,2022-01-26 10:00,26602,26674,72,пауза,False,1846.935,1797.785,4.875,10.082051282051253,10.904035615632148,13.662564102564106,5,3,9,1,0,26598,1793.07
1,2022-01-31 18:00,26679,26739,60,рывок,True,1797.96,1803.405,7.460000000000036,0.7298927613940898,0.28083779547570786,1.7514745308310948,4,2,7,3,1,26665,1805.22
-1,2022-02-03 19:00,26749,26763,14,пауза,False,1805.15,1813.37,18.99000000000001,-0.4328593996840335,-0.389847745094169,0.029225908372831143,2,2,2,0,0,26732,1807.675
1,2022-02-07 09:00,26785,26806,21,пауза,False,1812.46,1817.365,6.625,0.740377358490562,0.5576851564922922,1.6799999999999822,4,4,4,1,1,26767,1820.34
-1,2022-02-08 11:00,26810,26812,2,рывок,True,1818.175,1824.05,2.935000000000173,-2.001703577512659,-1.9616083937360844,0.2896081771720133,1,1,0,0,1,26801,1820.34
1,2022-02-09 03:00,26825,26864,39,пауза,False,1828.14,1829.766,3.6800000000000637,0.44184782608694245,-0.16112153712431332,3.756793478260755,4,4,8,3,1,26806,1831.255
1,2022-02-14 10:00,26901,27012,111,пауза,False,1855.59,1888.02,14.61999999999989,2.218194254445985,1.7902694818626617,3.6070451436388864,5,2,20,3,0,26875,1893.654
-1,2022-02-21 14:00,27020,27024,4,пауза,False,1895.14,1904.945,11.075000000000045,-0.8853273137697333,-0.8640984431454395,0.23656884875847473,2,2,2,0,1,27006,1898.74
1,2022-02-22 03:00,27030,27035,5,рывок,True,1908.56,1896.52,6.259999999999991,-1.9233226837060673,-1.970197721921171,0.7753993610223721,1,1,0,0,1,27018,1898.74
1,2022-02-22 13:00,27040,27092,52,рывок,True,1902.31,1888.19,6.259999999999991,-2.255591054313085,-2.722274323343948,11.529552715654962,4,2,6,3,1,27018,1913.485
-1,2022-02-25 13:00,27109,27151,42,рывок,False,1887.456,1916.34,43.815000000000055,-0.6592262923656277,-0.6048648313143393,0.10181444710715525,2,2,7,2,1,27083,1910.995
1,2022-03-02 02:00,27167,27175,8,рывок,True,1938.265,1926.675,9.524999999999864,-1.2167979002624998,-1.2660497982886498,1.0230971128608957,2,2,2,0,0,27144,1931.055
-1,2022-03-02 13:00,27178,27211,33,пауза,False,1932.04,1947.325,34.25999999999999,-0.44614711033275206,-0.39122718964375164,0.49839462930531375,2,2,7,2,2,27172,1933.415
-1,2022-03-11 13:00,27339,27420,81,рывок,False,1962.14,1933.86,13.93600000000015,2.0292766934557904,2.352922832887455,4.81307405281281,4,4,13,4,2,27321,1924.86
1,2022-03-17 11:00,27430,27458,28,рывок,False,1943.34,1928.49,8.0949999999998,-1.8344657195800218,-2.0324537254134136,0.8060531192094197,4,4,5,0,0,27414,1935.575
-1,2022-03-18 18:00,27460,27479,19,рывок,True,1923.82,1933.395,14.183999999999969,-0.6750564015792488,-0.5976098044711239,0.4096164692611364,4,4,2,1,1,27442,1928.995
1,2022-03-21 18:00,27483,27497,14,рывок,True,1936.08,1925.26,6.954999999999927,-1.5557153127246657,-1.673154754947748,0.7836089144500507,4,4,4,0,0,27478,1929.4
-1,2022-03-22 13:00,27501,27520,19,рывок,True,1923.54,1929.49,9.084999999999809,-0.6549257017061277,-0.5340118290168965,1.4100165107319995,4,4,6,1,1,27493,1924.52
1,2022-03-23 23:00,27533,27567,34,пауза,False,1946.18,1950.56,31.37000000000012,0.13962384443735623,0.0778544862235347,0.6383806184252395,4,3,5,2,1,27517,1956.24
-1,2022-03-25 18:00,27575,27630,55,пауза,False,1953.265,1925.93,18.735000000000127,1.459033893781684,1.6235701340237287,3.368561515879354,5,4,8,1,1,27559,1921.48
1,2022-03-30 12:00,27638,27682,44,рывок,False,1927.235,1927.58,5.470000000000027,0.06307129798903575,-0.3920204514621215,4.136197440584988,4,4,8,1,1,27626,1932.56
-1,2022-04-03 22:00,27693,27702,9,рывок,True,1923.23,1929.945,7.059999999999945,-0.9511331444759165,-0.8763683274152868,1.084985835694071,2,2,2,0,1,27676,1926.86
1,2022-04-04 17:00,27712,27733,21,пауза,False,1929.605,1921.036,12.519999999999982,-0.6844249201277933,-0.7810971116803923,1.2005591054313076,2,2,3,1,1,27699,1925.555
-1,2022-04-06 05:00,27746,27750,4,пауза,False,1921.015,1929.795,8.669999999999845,-1.0126874279123563,-0.9855698105923957,0.6845444059977254,2,2,1,0,1,27732,1925.37
1,2022-04-06 14:00,27755,27885,130,пауза,False,1925.83,1973.525,15.24499999999989,3.128566743194523,2.6455072900934202,3.6560183666776322,5,2,24,6,2,27748,1974.85
-1,2022-04-14 18:00,27897,27900,3,рывок,True,1970.545,1978.655,6.865000000000009,-1.1813546977421543,-1.155645737537325,0.023160961398413008,2,2,0,0,1,27881,1975.196
1,2022-04-18 14:00,27916,27917,1,рывок,False,1983.995,1989.156,0.7210000000000036,7.158113730929309,7.076498364957178,14.507628294036039,2,2,1,0,1,27893,1987.885
-1,2022-04-19 11:00,27936,28001,65,пауза,False,1980.15,1951.01,8.409999999999854,3.464922711058336,3.895476166387717,5.151724137931126,4,3,8,4,1,27914,1949.69
-1,2022-04-25 11:00,28028,28045,17,пауза,False,1907.67,1906.885,8.865000000000009,0.08855047941343272,0.19977112567663882,1.8172588832487435,4,4,4,0,0,28000,1902.605
1,2022-04-26 10:00,28050,28076,26,рывок,True,1909.5,1888.295,5.184999999999945,-4.0896817743491125,-4.377268152943108,0.34811957569914803,3,2,7,1,1,28045,1896.57
1,2022-04-29 01:00,28110,28128,18,рывок,True,1902.575,1896.75,13.5,-0.43148148148148485,-0.5086872776014287,1.2892592592592573,4,4,1,1,1,28091,1902.64
-1,2022-05-03 04:00,28159,28169,10,рывок,False,1858.615,1874.42,12.740000000000009,-1.240580847723709,-1.1945589183748788,0.6393249607535303,3,3,1,0,0,28120,1867.22
1,2022-05-03 23:00,28177,28216,39,пауза,False,1868.445,1875.145,12.779999999999973,0.5242566510172191,0.35063167006123597,3.2374804381846705,2,2,6,2,2,28163,1889.6
-1,2022-05-05 23:00,28223,28239,16,пауза,False,1874.296,1886.585,8.529999999999973,-1.4406799531066854,-1.331703842198276,0.9555685814771504,3,3,2,1,2,28213,1881.075
-1,2022-05-09 16:00,28263,28301,38,пауза,False,1861.04,1851.766,15.326000000000022,0.6051154900169564,0.7462880056915708,1.889925616599235,5,4,4,1,1,28239,1840.095
1,2022-05-11 16:00,28309,28331,22,пауза,False,1852.275,1835.68,23.364000000000033,-0.710280773840096,-0.764472970696445,0.2824858757062104,2,2,1,1,1,28305,1844.04
-1,2022-05-13 11:00,28350,28390,40,рывок,False,1814.01,1828.555,18.215000000000146,-0.7985177051880294,-0.6736713371396266,1.4946472687345425,5,4,4,2,1,28317,1817.71
1,2022-05-17 07:00,28392,28400,8,рывок,False,1824.28,1818.74,7.444999999999936,-0.7441235728676979,-0.8071355713497768,1.5950302216252654,1,1,1,1,1,28388,1821.91
-1,2022-05-18 04:00,28412,28423,11,пауза,False,1809.125,1823.485,4.389999999999873,-3.271070615034241,-3.124302248365024,0.41230068337129794,3,3,4,0,0,28396,1817.3
1,2022-05-19 04:00,28435,28528,93,пауза,False,1815.43,1860.185,10.881000000000085,4.113132984100683,3.634998688942283,4.992188217994625,4,2,18,3,0,28420,1862.835
-1,2022-05-25 19:00,28542,28576,34,рывок,True,1855.2,1858.336,5.274999999999864,-0.5945023696682556,-0.227164973048798,2.7381990521327646,4,3,4,3,1,28523,1853.5
-1,2022-05-31 09:00,28622,28648,26,рывок,True,1850.355,1844.265,7.0,0.8699999999999883,1.083019339001395,3.116428571428579,4,4,4,3,3,28605,1838.09
1,2022-06-02 05:00,28664,28720,56,пауза,False,1848.35,1843.675,5.826000000000022,-0.8024373498111804,-1.3408421030570217,4.431857191898398,2,1,6,2,1,28661,1851.01
1,2022-06-07 23:00,28750,28785,35,пауза,False,1853.665,1846.305,13.230000000000018,-0.5563114134542623,-0.7070431487954952,0.455026455026453,4,3,5,3,1,28741,1849.106
-1,2022-06-09 20:00,28794,28811,17,пауза,False,1847.94,1855.926,10.485000000000127,-0.7616595135908231,-0.6676231731880276,2.1745350500715,2,2,3,1,1,28777,1847.65
1,2022-06-13 05:00,28825,28828,3,пауза,False,1865.515,1853.415,18.855000000000018,-0.6417395916202665,-0.6511000801806565,0.09339697692919467,2,2,1,0,2,28809,1860.275
-1,2022-06-13 17:00,28837,28875,38,пауза,False,1828.77,1825.45,43.79600000000005,0.07580600968124789,0.12520800929831657,0.5380628367887484,4,2,5,1,1,28826,1819.375
1,2022-06-15 18:00,28884,28899,15,рывок,True,1830.97,1819.835,6.085000000000036,-1.8299096138044246,-1.9734075500103032,1.806902218570226,4,4,3,1,1,28871,1829.85
-1,2022-06-16 14:00,28903,28904,1,пауза,False,1832.545,1845.37,20.50499999999988,-0.6254572055596144,-0.6225874333642519,0.3521092416483818,1,1,1,0,2,28898,1836.165
1,2022-06-17 06:00,28918,28929,11,пауза,False,1845.11,1837.03,15.910000000000082,-0.5078566939031983,-0.5483540622047597,0.49874292897549544,2,2,2,1,2,28900,1841.725
-1,2022-06-20 00:00,28935,29015,80,пауза,False,1839.94,1844.35,8.079999999999927,-0.5457920792079077,0.005436561763406826,2.0402227722772617,3,2,13,3,0,28924,1838.21
-1,2022-06-23 16:00,29018,29049,31,рывок,True,1830.385,1834.79,14.230000000000018,-0.3095572733661256,-0.18517436054602526,0.9420238931834122,4,3,6,2,1,29013,1831.39
1,2022-06-27 05:00,29053,29061,8,рывок,True,1835.59,1828.61,7.7000000000000455,-0.9064935064935035,-0.9674187439868893,0.716233766233775,1,1,1,1,2,29044,1831.39
-1,2022-06-28 11:00,29082,29106,24,пауза,False,1825.605,1831.33,8.650000000000091,-0.6618497109826414,-0.502497232273764,1.5618497109826415,4,4,4,1,1,29055,1823.035
-1,2022-06-29 13:00,29107,29235,128,рывок,True,1816.835,1746.42,10.940000000000055,6.436471663619709,7.098943980475511,7.72349177330893,5,5,20,2,0,29055,1743.97
1,2022-07-07 11:00,29241,29260,19,пауза,False,1743.78,1736.59,7.644999999999982,-0.9404839764552089,-1.084172993248099,0.6998037933289927,4,4,4,2,2,29231,1740.095
1,2022-07-11 04:00,29280,29293,13,пауза,False,1742.4,1736.205,13.870000000000118,-0.446647440519114,-0.5014566237280188,0.029199711607784375,2,2,2,1,1,29265,1738.6
-1,2022-07-12 00:00,29299,29336,37,рывок,True,1732.605,1742.315,8.9849999999999,-1.080690038953828,-0.8461437494875974,2.8319421257651887,5,2,5,2,1,29289,1728.855
1,2022-07-14 04:00,29349,29352,3,пауза,False,1728.17,1718.33,19.875,-0.4950943396226488,-0.5039744408455998,0.2133333333333338,0,0,2,0,0,29346,1725.55
-1,2022-07-14 17:00,29362,29399,37,рывок,True,1710.085,1719.315,8.075000000000045,-1.14303405572755,-0.8820559243524358,1.3578947368421157,2,2,4,1,0,29348,1714.195
1,2022-07-18 23:00,29413,29443,30,пауза,False,1708.39,1707.39,17.214999999999918,-0.05808887598025006,-0.1576545396731416,0.5861167586407183,2,2,5,2,1,29382,1709.85
-1,2022-07-20 09:00,29446,29490,44,пауза,False,1712.94,1716.325,7.414999999999964,-0.4565070802427522,-0.12078868921134897,4.3162508428860775,3,3,7,2,0,29441,1713.495
1,2022-07-22 08:00,29491,29520,29,рывок,False,1718.365,1716.525,7.289999999999964,-0.25240054869683504,-0.47986333330912684,2.8792866941015247,4,4,5,1,1,29471,1723.86
-1,2022-07-25 20:00,29526,29530,4,пауза,False,1719.875,1727.125,6.7150000000001455,-1.0796723752792021,-1.0446597554483685,0.2732688011913621,2,2,0,0,2,29515,1721.515
-1,2022-07-26 15:00,29544,29570,26,пауза,False,1717.055,1734.95,14.220000000000027,-1.2584388185653972,-1.1535769779880523,0.3864275668073212,2,2,5,1,1,29536,1721.975
1,2022-07-28 05:00,29580,29663,83,пауза,False,1738.85,1760.69,7.5900000000001455,2.877470355731189,2.268222155468584,6.491436100131626,5,5,18,1,0,29565,1770.885
-1,2022-08-03 08:00,29675,29697,22,пауза,False,1765.17,1773.08,15.650000000000091,-0.5054313099041411,-0.4245273809998771,0.6913738019169393,2,2,5,0,0,29656,1766.3
1,2022-08-04 22:00,29711,29725,14,пауза,False,1791.08,1769.06,25.835000000000036,-0.852332107605959,-0.8839477964258362,0.14960325140313543,2,2,2,1,2,29696,1788.81
-1,2022-08-05 16:00,29729,29771,42,пауза,False,1774.37,1793.89,24.215000000000146,-0.8061119141028327,-0.7077494356406319,0.13008465826966115,2,1,3,3,1,29725,1789.265
-1,2022-08-15 15:00,29866,29902,36,пауза,False,1780.84,1781.74,13.549999999999955,-0.06642066420664901,0.08495281812316725,0.6878228782287799,2,2,6,3,2,29849,1778.67
-1,2022-08-17 22:00,29918,30002,84,пауза,False,1762.39,1747.21,10.450000000000045,1.4526315789473683,1.9006059365038994,3.305263157894741,5,2,15,4,1,29903,1740.085
-1,2022-08-26 20:00,30078,30187,109,рывок,True,1738.05,1717.33,6.509999999999991,3.18279569892474,4.125771247589221,7.547619047619056,5,2,13,4,1,30064,1708.615
1,2022-09-05 03:00,30199,30231,32,пауза,False,1712.13,1703.75,10.220000000000027,-0.8199608610567599,-0.9986130081991579,1.4349315068493076,3,2,6,1,0,30164,1709.605
-1,2022-09-07 02:00,30242,30254,12,пауза,False,1695.195,1711.66,4.089999999999918,-4.025672371638258,-3.853951747696467,0.9132029339853239,3,3,3,0,0,30217,1703.97
1,2022-09-07 17:00,30257,30278,21,рывок,False,1717.015,1707.25,10.115000000000009,-0.9653979238754415,-1.0850554461926474,1.1092436974789708,5,5,3,1,1,30244,1713.57
-1,2022-09-08 20:00,30283,30287,4,пауза,False,1708.74,1716.99,7.694999999999936,-1.0721247563352916,-1.04157118360442,0.24691358024692744,0,0,1,0,0,30280,1711.695
1,2022-09-09 10:00,30296,30299,3,пауза,False,1726.915,1713.49,11.310999999999922,-1.1868977101936211,-1.202501282981717,0.22588630536646462,1,1,1,0,1,30292,1718.255
-1,2022-09-09 19:00,30305,30316,11,пауза,False,1715.78,1724.455,8.960000000000036,-0.9681919642857053,-0.8962820167770177,0.4174107142857136,2,2,2,1,1,30293,1720.38
1,2022-09-12 18:00,30327,30336,9,пауза,False,1726.955,1722.07,23.1400000000001,-0.21110630942091485,-0.23391700987242908,0.091832324978392,2,2,3,0,0,30313,1723.83
-1,2022-09-13 12:00,30344,30478,134,рывок,True,1703.92,1671.175,3.810000000000173,8.594488188976019,10.58902003897698,13.052493438319622,5,2,18,7,1,30332,1667.52
1,2022-09-21 10:00,30480,30486,6,рывок,True,1674.54,1665.305,5.744999999999891,-1.607484769364678,-1.6687217748629415,0.5761531766753714,1,1,0,0,2,30474,1667.52
1,2022-09-21 18:00,30488,30493,5,рывок,True,1686.025,1660.59,5.744999999999891,-4.427328111401333,-4.478405176540855,0.36553524804176657,1,1,2,2,3,30474,1667.52
-1,2022-09-23 13:00,30529,30575,46,пауза,False,1645.04,1639.185,34.674999999999955,0.16885364095169506,0.24374888470061426,0.687382840663304,2,2,9,2,1,30517,1633.08
-1,2022-09-28 03:00,30588,30598,10,пауза,False,1624.705,1649.295,3.9300000000000637,-6.256997455470674,-6.1078067735612365,2.4885496183205635,3,3,2,0,0,30573,1630.655
1,2022-09-29 09:00,30617,30758,141,пауза,False,1647.89,1697.995,21.210000000000036,2.3623290900518485,1.9840449662371353,3.8519566242338366,5,4,18,8,2,30592,1709.245
-1,2022-10-07 15:00,30761,30807,46,пауза,False,1703.21,1681.65,24.154999999999973,0.8925688263299512,1.0000824912851891,1.7462223142206628,5,2,5,2,0,30755,1673.665
-1,2022-10-11 18:00,30810,30849,39,рывок,True,1667.345,1678.78,12.194999999999936,-0.9376793767937683,-0.7557255222125899,0.481754817548178,5,5,6,2,1,30755,1673.29
-1,2022-10-13 20:00,30858,30896,38,пауза,False,1666.135,1666.65,30.154999999999973,-0.01707842812137624,0.054671197984713774,0.8577350356491471,4,2,6,0,0,30849,1652.74
-1,2022-10-18 18:00,30925,30989,64,пауза,False,1650.365,1642.77,11.5150000000001,0.659574468085103,0.9692914003877218,2.873208858011268,4,2,9,2,1,30919,1635.1
1,2022-10-24 05:00,31004,31008,4,пауза,False,1654.605,1649.415,18.79000000000019,-0.27621075039914855,-0.2887232433296462,0.22032996274613253,2,2,2,0,0,30983,1651.995
-1,2022-10-24 14:00,31013,31035,22,рывок,True,1648.16,1659.4,6.75,-1.6651851851851864,-1.4776079277997436,1.452592592592602,3,3,4,1,0,31004,1654.494
-1,2022-10-27 10:00,31078,31143,65,пауза,False,1660.99,1647.27,10.670000000000073,1.2858481724461044,1.6252066128697225,2.8298969072164697,4,4,11,5,3,31069,1642.15
1,2022-11-01 17:00,31154,31179,25,пауза,False,1649.145,1637.035,14.894999999999982,-0.8130245048673994,-0.9093514238094932,1.3689157435381085,2,2,3,0,0,31137,1646.175
-1,2022-11-03 04:00,31187,31210,23,пауза,False,1637.785,1646.93,9.059999999999945,-1.0093818984547502,-0.8634399775695879,2.330022075055216,4,4,3,1,1,31178,1631.58
1,2022-11-04 17:00,31223,31255,32,пауза,False,1674.49,1670.175,33.930000000000064,-0.12717359269083545,-0.18098511475966264,0.2197170645446482,2,2,5,3,2,31218,1673.605
1,2022-11-08 23:00,31273,31292,19,пауза,False,1711.745,1705.37,8.650000000000091,-0.7369942196531715,-0.8639887321828398,1.2254335260115636,2,2,4,2,2,31260,1708.32
1,2022-11-10 18:00,31315,31415,100,пауза,False,1750.72,1763.985,49.289999999999964,0.2691215256644326,0.15525554928517193,0.7268208561574371,5,4,16,6,1,31307,1771.0
-1,2022-11-17 08:00,31420,31492,72,пауза,False,1767.12,1748.625,13.400000000000091,1.3802238805969975,1.6792666885228802,2.5764925373134053,5,3,13,3,1,31413,1745.74
-1,2022-11-23 03:00,31507,31523,16,пауза,False,1737.23,1751.955,5.795000000000073,-2.5409836065573295,-2.380575284547197,1.6798964624676453,3,3,4,0,1,31492,1742.89
1,2022-11-24 12:00,31539,31561,22,рывок,False,1757.435,1748.415,0.974999999999909,-9.251282051282896,-10.549893833182237,3.8153846153849993,3,3,3,0,0,31517,1752.49
1,2022-11-28 13:00,31581,31588,7,пауза,False,1753.545,1740.11,17.725000000000136,-0.757968970380822,-0.781128856365088,0.1816643159379409,1,1,1,0,0,31569,1746.05
-1,2022-11-29 11:00,31602,31623,21,пауза,False,1757.415,1762.025,19.360000000000127,-0.23811983471074882,-0.17560248769429587,0.5379648760330524,2,2,4,1,1,31578,1758.09
1,2022-11-30 19:00,31633,31673,40,рывок,True,1767.935,1785.725,10.240000000000009,1.737304687499995,1.515226895117019,3.583496093750013,4,2,6,2,1,31614,1795.645
-1,2022-12-06 05:00,31711,31718,7,пауза,False,1770.94,1780.635,10.509999999999991,-0.9224548049476636,-0.8833959106497457,0.3372978116079996,2,2,2,0,1,31687,1776.42
-1,2022-12-07 05:00,31734,31742,8,пауза,False,1773.2,1778.365,7.900000000000091,-0.6537974683544182,-0.5944146419368147,0.4373417721519133,2,2,3,0,0,31718,1775.265
-1,2022-12-12 17:00,31815,31829,14,рывок,False,1783.065,1785.79,9.980000000000018,-0.2730460921843591,-0.19120327448280333,0.5390781563126352,2,2,3,0,0,31809,1786.13
1,2022-12-13 12:00,31833,31868,35,рывок,True,1789.08,1798.525,4.940000000000055,1.9119433198380686,1.5082629840962685,7.173076923076879,4,4,8,3,2,31825,1805.4
-1,2022-12-15 17:00,31884,31904,20,пауза,False,1776.9,1792.215,12.270999999999958,-1.248064542417071,-1.153973074429735,0.20658463042947522,2,2,4,1,1,31864,1784.24
1,2022-12-19 03:00,31916,31928,12,пауза,False,1793.935,1786.185,2.9450000000001637,-2.6315789473682747,-2.8700636169512537,1.6434634974532687,3,3,4,1,2,31898,1790.965
-1,2022-12-20 06:00,31942,31944,2,пауза,False,1793.205,1803.21,12.269999999999982,-0.8154034229828951,-0.8058126027396797,0.3940505297473548,2,2,1,0,1,31921,1796.175
1,2022-12-20 18:00,31954,31995,41,пауза,False,1815.58,1807.81,22.735000000000127,-0.3417638003078926,-0.4441557122898426,0.36441609852650253,2,2,8,1,1,31948,1813.76
-1,2022-12-22 21:00,32003,32043,40,пауза,False,1792.63,1824.695,35.09500000000003,-0.9136629149451433,-0.8488651775466057,0.04288360165266015,2,1,2,1,1,31995,1803.24
1,2022-12-27 18:00,32046,32059,13,пауза,False,1816.26,1803.3,31.034999999999854,-0.4175930401160012,-0.44208807382334836,0.043177058160139344,2,2,3,0,0,32042,1809.675
-1,2022-12-28 14:00,32065,32088,23,рывок,True,1805.61,1814.07,4.970000000000027,-1.7022132796780665,-1.4361702609216167,1.7122736418510953,4,4,4,1,0,32052,1809.295
-1,2023-01-16 14:00,32341,32382,41,пауза,False,1915.38,1915.725,8.475000000000136,-0.040707964601745646,0.23396815562357678,2.207079646017682,5,1,8,0,0,32338,1910.365
1,2023-01-18 20:00,32391,32454,63,пауза,False,1903.53,1916.665,24.289999999999964,0.5407575133799922,0.3961736847584561,1.401811445039111,3,0,12,3,1,32388,1923.91
1,2023-01-24 18:00,32481,32499,18,пауза,False,1935.035,1922.35,25.335000000000036,-0.5006907440300041,-0.5418305998665639,0.18571146635089483,2,2,4,0,0,32455,1925.88
1,2023-01-26 04:00,32513,32518,5,пауза,False,1946.73,1936.855,6.660000000000082,-1.4827327327327144,-1.526792453337301,0.3475975975976015,2,2,2,1,1,32499,1942.6
-1,2023-01-26 19:00,32528,32613,85,пауза,False,1931.255,1929.76,30.350000000000136,0.04925864909390812,0.20539175986453015,1.0011532125205957,2,2,13,2,0,32515,1927.43
1,2023-02-02 09:00,32633,32637,4,пауза,False,1956.495,1944.355,5.990000000000009,-2.0267111853088235,-2.065961559626696,0.16694490818030025,3,3,2,0,1,32618,1951.32
-1,2023-02-03 05:00,32652,32700,48,пауза,False,1915.07,1876.265,7.275000000000091,5.334020618556612,5.70585215574007,7.37319587628855,4,3,6,2,2,32631,1871.355
1,2023-02-07 17:00,32710,32756,46,рывок,False,1880.675,1868.555,12.289999999999964,-0.9861676159479191,-1.197477020097128,0.7790886899918693,3,3,7,3,1,32685,1873.33
-1,2023-02-10 04:00,32766,32770,4,пауза,False,1854.025,1867.835,6.565000000000055,-2.1035795887280777,-2.0677669851996616,0.18126428027418806,2,2,2,0,1,32753,1865.54
1,2023-02-10 19:00,32781,32801,20,пауза,False,1863.735,1851.275,15.769999999999982,-0.7901077996195196,-0.86332253669451,0.18421052631580237,2,2,6,0,0,32767,1857.05
1,2023-02-16 09:00,32863,32867,4,пауза,False,1835.615,1830.9,8.24499999999989,-0.5718617343844731,-0.6003771670302046,0.5567010309278325,1,1,2,0,0,32860,1834.4
1,2023-02-16 16:00,32870,32880,10,рывок,True,1840.96,1828.285,10.4699999999998,-1.2106017191977265,-1.2666016599717578,0.41642788920725726,1,1,2,0,0,32860,1834.4
-1,2023-02-20 00:00,32900,32907,7,пауза,False,1838.975,1846.115,24.710000000000036,-0.288951841359777,-0.2723387705758386,0.06535815459328234,2,2,2,0,1,32873,1843.685
-1,2023-02-21 11:00,32932,33027,95,пауза,False,1833.9,1817.97,15.924999999999955,1.00031397174255,1.3343485823014154,1.707692307692323,5,2,13,4,1,32914,1813.76
1,2023-02-28 01:00,33037,33040,3,рывок,False,1817.34,1814.515,4.144999999999982,-0.6815440289505019,-0.7241235251642906,0.5126658624849239,2,2,0,0,1,33016,1816.055
-1,2023-02-28 11:00,33047,33052,5,пауза,False,1809.125,1826.74,14.779999999999973,-1.1918132611637375,-1.1719595575624824,0.12009472259811192,1,1,1,1,2,33038,1819.465
1,2023-03-01 03:00,33062,33146,84,пауза,False,1831.085,1847.095,8.024999999999864,1.9950155763240203,1.41167202037812,3.3925233644860278,5,4,12,3,1,33044,1850.81
-1,2023-03-06 19:00,33147,33207,60,рывок,False,1846.17,1818.09,6.759999999999991,4.153846153846183,4.649400894341914,5.435650887573989,4,2,7,4,2,33143,1816.525
1,2023-03-10 07:00,33227,33297,70,пауза,False,1833.605,1896.525,7.9099999999998545,7.954487989886376,7.4618937574868704,10.25158027812913,5,3,10,2,1,33199,1900.79
1,2023-03-15 22:00,33311,33389,78,пауза,False,1920.39,1970.365,28.300000000000182,1.7659010600706568,1.612480665097947,3.1611307420494428,5,2,14,1,1,33298,1975.52
-1,2023-03-22 04:00,33409,33419,10,пауза,False,1939.39,1950.705,10.840000000000146,-1.043819188191852,-0.9897306845106629,0.46540590405904103,4,4,3,0,0,33385,1945.68
1,2023-03-22 22:00,33426,33472,46,пауза,False,1965.56,1973.96,41.784999999999854,0.2010290774201297,0.13887776529870385,0.9046308483905728,4,2,5,3,2,33417,1981.325
-1,2023-03-27 05:00,33479,33510,31,рывок,True,1970.18,1963.405,21.75499999999988,0.31142266145714215,0.39278183633326436,1.2013330268903761,2,2,3,2,1,33463,1959.46
1,2023-03-29 00:00,33520,33573,53,рывок,True,1970.54,1975.41,14.830000000000155,0.3283884018880693,0.1277605248054234,0.982805124747127,4,2,7,3,1,33506,1977.745
1,2023-04-04 09:00,33621,33658,37,пауза,False,1983.04,2017.12,13.509999999999991,2.522575869726125,2.3665878304327084,3.632124352331604,5,5,4,2,1,33592,2019.41
-1,2023-04-06 15:00,33673,33709,36,рывок,False,2011.23,1999.12,12.955000000000155,0.9347742184484742,1.093100014324119,2.28097259745269,5,3,7,1,1,33669,1992.925
1,2023-04-11 12:00,33716,33785,69,рывок,True,1998.62,2024.725,4.0499999999999545,6.445679012345756,5.497304770371812,12.382716049382877,4,3,9,3,0,33705,2036.66
1,2023-04-18 12:00,33831,33847,16,рывок,True,2001.3,2000.5,3.75,-0.21333333333332122,-0.46121766027964894,2.824000000000039,2,2,4,0,0,33819,2003.475
-1,2023-04-19 15:00,33857,33871,14,рывок,True,1990.87,1999.2,4.7800000000002,-1.7426778242677419,-1.5718009789410696,0.40899581589954925,2,2,2,1,1,33843,1996.855
1,2023-04-20 09:00,33874,33901,27,пауза,False,1999.67,1973.865,10.694999999999936,-2.4128097241701933,-2.5574581974466715,1.1944834034595548,3,3,4,0,0,33868,1992.425
-1,2023-04-21 17:00,33905,33929,24,рывок,True,1980.665,1989.815,26.37000000000012,-0.34698521046644104,-0.2947137299646663,0.2468714448236618,4,4,5,0,0,33879,1985.425
1,2023-04-25 15:00,33949,33974,25,пауза,False,1990.035,1988.39,24.809999999999945,-0.06630390971382448,-0.12413500433867282,0.7825473599355102,5,4,4,2,1,33924,1993.215
-1,2023-04-27 09:00,33989,34038,49,пауза,False,1997.065,2004.015,19.86500000000001,-0.3498615655675833,-0.21097556210685212,1.1552982632771223,2,2,6,4,2,33986,1991.115
-1,2023-05-05 18:00,34136,34153,17,рывок,True,2016.69,2026.145,29.25499999999988,-0.3231926166467259,-0.2894899665314182,0.10784481285250334,2,2,1,1,1,34109,2019.0
1,2023-05-08 22:00,34162,34223,61,рывок,True,2022.265,2012.88,4.815000000000055,-1.9491173416406822,-2.6560031812438245,5.3956386292833844,5,2,11,2,0,34154,2026.345
-1,2023-05-12 03:00,34236,34363,127,пауза,False,2011.68,1974.93,6.410000000000082,5.733229329173094,6.854783892602087,9.30889235569412,5,3,17,6,1,34222,1968.795
1,2023-05-19 18:00,34366,34394,28,пауза,False,1977.015,1967.37,27.045000000000073,-0.35662784248475443,-0.4158888115075409,0.23183582917359827,2,2,5,2,1,34362,1971.31
-1,2023-05-23 01:00,34395,34428,33,рывок,False,1960.47,1981.95,10.049999999999955,-2.1373134328358323,-1.9500938823079557,0.6139303482587165,4,4,3,1,0,34380,1977.805
-1,2023-05-25 11:00,34451,34517,66,пауза,False,1962.04,1955.535,9.75500000000011,0.6668375192208927,1.043613253217532,3.068170169144001,4,3,10,2,1,34429,1947.64
1,2023-05-30 17:00,34524,34560,36,пауза,False,1958.685,1955.625,11.629999999999882,-0.2631126397248475,-0.43947641320455727,1.3886500429922832,5,5,8,1,1,34512,1962.485
1,2023-06-02 04:00,34580,34588,8,пауза,False,1979.83,1971.015,9.075000000000045,-0.9713498622589293,-1.023044003162408,0.34325068870523345,4,4,4,0,0,34561,1975.055
-1,2023-06-05 10:00,34609,34615,6,пауза,False,1943.565,1958.3,42.65000000000009,-0.34548651817115755,-0.33723782891939863,0.12696365767877965,3,3,3,0,1,34585,1946.04
1,2023-06-06 04:00,34626,34660,34,пауза,False,1961.31,1947.225,4.975000000000136,-2.831155778894402,-3.2206441743049616,1.7909547738693141,3,3,7,1,0,34611,1959.08
-1,2023-06-08 11:00,34679,34680,1,пауза,False,1946.69,1959.415,9.240000000000009,-1.377164502164491,-1.3707960304257565,0.18073593073593844,2,2,1,0,0,34658,1949.195
1,2023-06-08 17:00,34685,34715,30,пауза,False,1963.93,1955.98,25.519999999999982,-0.3115203761755506,-0.3786842829339017,0.3616771159874618,2,2,7,0,0,34679,1962.435
-1,2023-06-12 14:00,34728,34815,87,рывок,False,1954.295,1964.38,12.710000000000036,-0.7934697088906378,-0.41166012635595745,2.3017309205350136,4,3,7,5,1,34703,1960.31
1,2023-06-23 19:00,34938,34979,41,пауза,False,1919.17,1917.29,19.310000000000173,-0.09735888140860137,-0.21791196887155445,0.7366649404453538,2,1,5,1,0,34935,1922.23
1,2023-07-03 05:00,35062,35066,4,пауза,False,1917.015,1913.175,8.105000000000018,-0.47378161628626,-0.5027896042151992,0.44910549043798453,2,2,2,0,2,35042,1914.675
1,2023-07-03 22:00,35078,35107,29,пауза,False,1921.28,1922.185,10.430000000000064,0.08676893576222121,-0.07221511982968568,0.909395973154369,2,2,4,1,1,35065,1924.06
-1,2023-07-05 16:00,35117,35136,19,рывок,True,1921.61,1906.335,3.115000000000009,4.903691813804115,5.256341102209135,2.1685393258426524,2,2,4,0,0,35107,1921.555
-1,2023-07-07 03:00,35150,35156,6,пауза,False,1911.225,1916.14,9.740000000000009,-0.5046201232033045,-0.4685003494263521,0.08983572895277199,2,2,1,0,1,35136,1912.485
1,2023-07-07 18:00,35165,35183,18,пауза,False,1926.42,1923.075,20.61999999999989,-0.16222114451988578,-0.21276810124244877,0.09020368574199368,2,2,3,1,1,35159,1919.43
1,2023-07-11 02:00,35195,35283,88,пауза,False,1927.855,1953.175,2.4600000000000364,10.292682926829091,8.296679634014048,14.609756097560782,5,4,13,5,1,35182,1956.415
-1,2023-07-17 03:00,35288,35294,6,рывок,True,1952.185,1958.76,8.394999999999982,-0.7832042882668326,-0.741297606124186,0.18522930315662176,2,2,1,0,1,35274,1956.02
-1,2023-07-17 12:00,35297,35314,17,рывок,True,1948.695,1961.77,4.9849999999999,-2.622868605817514,-2.4250810372872547,0.5727181544634053,3,3,3,0,1,35274,1956.44
1,2023-07-18 18:00,35326,35366,40,пауза,False,1976.815,1974.025,26.61500000000001,-0.10482810445237507,-0.19027152335155512,0.40259252301333515,2,2,5,3,2,35314,1977.89
-1,2023-07-20 23:00,35376,35452,76,рывок,False,1972.29,1969.64,6.1749999999999545,0.42914979757083127,1.1142667673576243,3.2850202429149804,5,5,10,4,2,35357,1964.205
-1,2023-07-27 20:00,35489,35494,5,пауза,False,1945.15,1952.17,7.134999999999991,-0.983882270497546,-0.9427557478308957,0.234057463209541,2,2,0,0,1,35476,1949.78
1,2023-07-28 19:00,35511,35550,39,пауза,False,1959.125,1946.885,15.690000000000055,-0.7801147227533439,-0.9215377473943542,0.8495857233906872,4,3,3,0,0,35500,1954.49
-1,2023-08-02 04:00,35565,35620,55,рывок,False,1946.455,1943.5,11.704999999999927,0.25245621529260537,0.515812598114882,1.8517727466894567,5,2,10,1,1,35528,1938.055
1,2023-08-07 13:00,35643,35660,17,пауза,False,1933.73,1930.54,13.549999999999955,-0.23542435424354724,-0.30818974384674475,0.5933579335793351,3,3,4,0,1,35619,1933.44
-1,2023-08-08 11:00,35664,35730,66,рывок,True,1928.875,1919.055,6.629999999999882,1.4811463046757332,2.035512411031287,2.7111613876320106,5,5,8,4,1,35643,1916.05
1,2023-08-11 16:00,35738,35747,9,пауза,False,1914.395,1912.095,7.980000000000018,-0.28822055137843977,-0.35436586572029943,0.14912280701755035,2,2,2,1,2,35726,1912.99
-1,2023-08-14 19:00,35764,35872,108,пауза,False,1907.655,1897.24,10.525000000000091,0.9895486935866863,1.5672279926996506,2.1634204275534237,4,3,13,5,2,35753,1894.185
-1,2023-08-21 20:00,35880,35887,7,пауза,False,1894.895,1894.06,10.150000000000091,0.0822660098522196,0.12271024424346234,0.11379310344827215,2,2,2,0,0,35873,1895.46
1,2023-08-22 06:00,35889,35896,7,рывок,True,1898.97,1890.51,1.7200000000000273,-4.918604651162734,-5.157272662250589,3.244186046511534,2,2,2,0,0,35883,1893.92
1,2023-08-23 13:00,35919,35966,47,пауза,False,1918.045,1904.605,4.220000000000027,-3.1848341232227413,-3.8130366144025083,1.2689573459715602,5,5,7,1,0,35896,1914.55
-1,2023-08-28 04:00,35979,35990,11,пауза,False,1915.705,1924.81,13.730000000000018,-0.6631463947560092,-0.6162190000234642,0.20903131828112798,2,2,1,1,2,35966,1917.54
1,2023-08-28 19:00,35994,36059,65,рывок,True,1919.75,1940.69,4.2849999999998545,4.886814469078359,4.0417842335310645,6.852975495916221,4,2,10,2,0,35988,1943.29
-1,2023-09-01 04:00,36071,36079,8,пауза,False,1940.07,1949.98,5.400000000000091,-1.8351851851851695,-1.7483103095001575,0.33333333333331927,3,3,2,0,1,36056,1944.15
-1,2023-09-01 14:00,36081,36169,88,рывок,True,1940.14,1923.31,5.880000000000109,2.862244897959157,3.697307500055243,4.216836734693811,3,3,12,6,2,36056,1920.735
1,2023-09-08 19:00,36199,36234,35,пауза,False,1919.265,1919.79,12.365000000000009,0.042458552365536854,-0.11881769984348169,0.93125758188434,4,3,4,3,2,36169,1921.435
-1,2023-09-12 17:00,36243,36296,53,рывок,True,1912.075,1915.415,4.190000000000055,-0.7971360381861275,-0.08703784793896044,2.6312649164677677,3,2,6,4,1,36230,1912.13
1,2023-09-15 16:00,36311,36371,60,рывок,False,1925.4,1928.785,3.5599999999999454,0.9508426966292255,0.009845492766529814,3.3792134831461116,5,5,10,1,0,36286,1929.86
-1,2023-09-20 10:00,36374,36377,3,пауза,False,1932.595,1940.64,4.3900000000001,-1.8325740318906354,-1.7923708401352483,0.37927107061501725,5,5,1,0,0,36353,1932.385
-1,2023-09-21 09:00,36396,36426,30,пауза,False,1924.75,1925.375,6.319999999999936,-0.09889240506329214,0.17231375007486252,1.7104430379746922,4,4,4,1,0,36381,1925.58
1,2023-09-24 22:00,36431,36437,6,пауза,False,1925.825,1923.19,4.759999999999991,-0.5535714285714277,-0.6274803774343516,0.16701680672265692,2,2,2,0,1,36422,1924.39
-1,2023-09-26 11:00,36467,36531,64,пауза,False,1911.63,1870.165,5.949999999999818,6.968907563025447,7.568300920246422,9.06218487394987,5,4,12,1,0,36440,1867.38
1,2023-09-29 11:00,36536,36539,3,рывок,True,1869.515,1860.955,3.490000000000009,-2.4527220630372923,-2.5032928400591126,2.9727793696274993,1,1,0,0,1,36528,1867.38
-1,2023-10-02 09:00,36557,36655,98,пауза,False,1834.335,1832.645,7.019999999999982,0.24074074074074914,1.0235342893961736,3.400284900284926,5,5,12,7,1,36538,1824.62
1,2023-10-09 08:00,36671,36676,5,пауза,False,1850.54,1845.365,7.900000000000091,-0.6550632911392272,-0.6922073087628408,0.23797468354431486,0,0,2,0,1,36668,1848.09
1,2023-10-10 09:00,36695,36803,108,пауза,False,1858.38,1914.825,10.230000000000018,5.517595307917873,4.9232576125939245,7.287390029325496,4,2,12,4,2,36676,1917.905
-1,2023-10-17 05:00,36806,36813,7,пауза,False,1916.485,1926.105,9.409999999999854,-1.0223166843783493,-0.978691925709792,0.23166843783207972,1,1,1,0,0,36800,1921.87
1,2023-10-17 22:00,36822,36925,103,пауза,False,1924.915,1966.625,12.440000000000055,3.3528938906752295,2.8876143805634262,5.815514469453353,5,5,14,5,0,36803,1974.35
-1,2023-10-24 20:00,36936,36952,16,пауза,False,1971.025,1985.195,24.00999999999999,-0.5901707621824178,-0.5514549676780975,0.11162015826739129,2,2,4,1,1,36918,1977.065
1,2023-10-26 17:00,36979,36997,18,пауза,False,1987.035,1980.5,21.654999999999973,-0.3017778803971411,-0.3499089470154391,0.13807434772569904,2,2,4,0,0,36954,1982.935
1,2023-10-30 11:00,37019,37048,29,пауза,False,1995.84,1984.24,18.595000000000027,-0.623823608496902,-0.7129983167423226,0.6534014520032306,2,2,6,1,1,36998,1992.005
-1,2023-11-02 20:00,37097,37108,11,пауза,False,1985.91,1988.655,7.759999999999991,-0.3537371134020482,-0.27070707091779,0.33118556701033075,2,2,3,1,1,37090,1986.675
-1,2023-11-06 18:00,37140,37205,65,рывок,False,1981.4,1958.23,7.125,3.251929824561414,3.760133973237909,5.147368421052657,4,2,11,3,0,37119,1950.58
1,2023-11-09 23:00,37213,37223,10,пауза,False,1959.235,1953.985,9.470000000000027,-0.5543822597676858,-0.6162956050585089,0.1689545934530234,2,2,2,0,0,37199,1956.23
-1,2023-11-12 23:00,37236,37253,17,рывок,True,1940.455,1945.875,4.605000000000018,-1.1769815418023999,-0.9628727406898442,1.9044516829533003,2,2,3,0,0,37215,1941.295
1,2023-11-14 08:00,37268,37351,83,пауза,False,1945.45,1974.695,5.400000000000091,5.415740740740629,4.559408548149299,8.89629629629614,5,4,10,4,2,37252,1980.695
-1,2023-11-20 11:00,37363,37375,12,рывок,False,1973.47,1986.555,11.835000000000036,-1.1056189269117023,-1.0462748329597031,0.6738487536966719,4,4,1,0,0,37339,1979.005
1,2023-11-21 13:00,37388,37414,26,рывок,False,1997.7,1991.165,10.035000000000082,-0.6512207274539141,-0.7998141876442315,0.9915296462381629,4,4,3,1,1,37366,1996.325
-1,2023-11-22 23:00,37420,37455,35,рывок,True,1990.51,1999.695,10.929999999999836,-0.8403476669716453,-0.6578974511834893,0.06267154620310665,2,2,4,1,1,37406,1998.378
1,2023-11-26 23:00,37461,37592,131,рывок,True,2002.47,2022.64,3.5150000000001,5.738264580369701,3.626548044437913,41.68421052631453,2,2,13,7,1,37443,2057.89
-1,2023-12-05 04:00,37604,37654,50,рывок,False,2032.38,2033.005,21.164999999999964,-0.02952988424285382,0.103390701138753,1.0604299551145866,2,2,9,2,2,37576,2030.12
1,2023-12-07 16:00,37662,37682,20,пауза,False,2026.465,2018.66,14.679999999999836,-0.5316757493187959,-0.6103267304954042,0.5177111716621404,2,2,7,0,0,37651,2026.905
-1,2023-12-08 14:00,37683,37757,74,рывок,False,2008.725,2013.74,5.884999999999991,-0.8521665250637397,-0.15225539438525354,6.055225148683101,5,4,11,2,1,37672,1982.89
-1,2023-12-18 14:00,37821,37844,23,рывок,True,2024.27,2041.48,8.569999999999936,-2.0081680280046865,-1.8538817032416093,0.45332555425904547,2,2,3,2,2,37818,2028.54
1,2023-12-19 20:00,37850,37864,14,рывок,True,2040.3,2033.595,12.0,-0.558749999999994,-0.6268159433884546,0.26958333333334394,4,4,4,0,1,37818,2036.815
-1,2023-12-20 17:00,37870,37895,25,пауза,False,2034.75,2043.93,10.259999999999991,-0.8947368421052702,-0.7548938150445991,0.7080896686159948,4,4,4,2,1,37860,2038.24
1,2023-12-21 21:00,37897,37987,90,рывок,False,2045.92,2068.16,13.75,1.6174545454545295,1.2518854165365507,3.1,5,5,11,4,0,37874,2071.4
-1,2023-12-29 04:00,37995,38019,24,пауза,False,2070.08,2074.555,6.735000000000127,-0.6644394951744357,-0.4597774401140379,1.7527839643651988,4,4,4,2,2,37983,2068.22
-1,2024-01-03 08:00,38045,38098,53,пауза,False,2060.16,2054.905,10.115000000000236,0.5195254572416739,0.8136738919560189,3.522985664854071,4,3,5,3,2,38023,2047.84
1,2024-01-08 08:00,38114,38158,44,пауза,False,2028.355,2024.67,36.924999999999955,-0.09979688557887474,-0.16721332077177511,0.3704807041299954,2,2,8,2,1,38096,2030.415
-1,2024-01-11 10:00,38185,38210,25,пауза,False,2032.11,2047.85,15.284999999999854,-1.0297677461563728,-0.935898628875215,1.2247301275760536,2,2,4,0,0,38162,2035.62
1,2024-01-12 21:00,38219,38250,31,рывок,False,2049.155,2043.175,20.804999999999836,-0.2874309060322179,-0.3725051117246016,0.4573419850997331,2,2,3,2,1,38192,2049.315
-1,2024-01-16 17:00,38259,38300,41,рывок,True,2025.4,2015.08,7.0900000000001455,1.4555712270803882,1.7839041070394286,3.315232722143812,5,3,9,1,1,38238,2012.2
1,2024-01-18 15:00,38303,38395,92,пауза,False,2013.685,2015.285,9.075000000000045,0.17630853994491774,-0.3905156096186199,2.8352617079889684,4,3,14,3,0,38293,2023.2
-1,2024-01-25 02:00,38405,38416,11,пауза,False,2015.32,2019.465,6.434999999999945,-0.6441336441336468,-0.5440072836553487,0.4040404040403933,2,2,1,0,1,38393,2017.71
-1,2024-01-25 17:00,38420,38423,3,рывок,True,2015.065,2020.19,4.990000000000009,-1.027054108216431,-0.9916849675739154,0.5050100200400756,1,1,2,0,0,38416,2017.71
1,2024-01-26 02:00,38428,38554,126,пауза,False,2022.03,2031.74,13.355000000000018,0.7270685136652957,0.19315879146567969,3.2572070385623486,5,5,22,4,0,38416,2052.74
-1,2024-02-05 02:00,38566,38592,26,пауза,False,2033.56,2029.555,14.445000000000164,0.2772585669781818,0.38048704555276336,1.287642782969865,5,5,7,0,0,38554,2027.605
1,2024-02-07 11:00,38621,38641,20,пауза,False,2034.21,2030.92,7.639999999999873,-0.43062827225131134,-0.5817534559780937,1.3671465968586531,4,4,4,2,2,38596,2033.76
-1,2024-02-08 21:00,38654,38709,55,пауза,False,2034.21,2025.285,15.1099999999999,0.5906684315023173,0.7946781244827772,1.4735274652548145,2,2,12,3,1,38635,2021.61
-1,2024-02-14 05:00,38730,38756,26,пауза,False,1993.02,1995.265,4.75,-0.4726315789473933,-0.15870834252426755,1.834736842105246,5,5,8,1,0,38715,1993.475
1,2024-02-15 18:00,38766,38784,18,рывок,True,2004.58,2001.52,4.069999999999936,-0.7518427518427502,-1.0079307733708238,0.8869778869779321,2,2,2,0,0,38751,2002.785
1,2024-02-19 19:00,38813,38855,42,пауза,False,2017.945,2024.27,9.759999999999991,0.6480532786885298,0.4040115352497789,1.4738729508196726,4,2,8,0,0,38784,2025.985
-1,2024-02-22 00:00,38861,38868,7,пауза,False,2026.52,2031.525,6.9500000000000455,-0.7201438848920974,-0.66107784473798,0.19999999999998036,2,2,2,0,0,38851,2027.045
1,2024-02-22 11:00,38872,38877,5,пауза,False,2029.08,2021.02,9.345000000000027,-0.8624933119315058,-0.8938938190718534,0.09577314071695872,1,1,1,0,0,38865,2025.6
-1,2024-02-23 05:00,38889,38900,11,пауза,False,2022.495,2038.435,7.745000000000118,-2.058102001291131,-1.9749111517523534,0.8224661071658869,3,3,2,0,0,38869,2027.46
1,2024-02-26 04:00,38911,38960,49,пауза,False,2032.31,2028.14,11.445000000000164,-0.3643512450851713,-0.6054146316074419,0.6290956749672296,2,2,6,2,0,38893,2029.965
1,2024-02-28 23:00,38975,38986,11,пауза,False,2034.73,2030.89,7.0750000000000455,-0.542756183745568,-0.6338251773396089,0.44664310954064473,2,2,4,0,0,38963,2034.485
1,2024-02-29 13:00,38989,39172,183,рывок,True,2047.72,2171.995,3.4050000000002,36.49779735682601,33.38581482645681,43.32305433186239,5,2,31,7,0,38981,2177.255
1,2024-03-13 20:00,39204,39220,16,пауза,False,2174.385,2162.555,22.365000000000236,-0.5289514866979771,-0.5705149217996413,0.11893583724568864,2,2,3,1,1,39193,2167.47
-1,2024-03-14 19:00,39226,39235,9,рывок,True,2163.53,2169.245,4.6150000000002365,-1.2383531960995444,-1.1239784163708306,0.6229685807150277,2,2,2,0,1,39216,2165.11
-1,2024-03-18 15:00,39268,39317,49,пауза,False,2158.435,2182.115,17.47499999999991,-1.3550786838340463,-1.1971976847640926,0.6426323319027225,3,2,8,2,1,39239,2158.775
-1,2024-03-21 18:00,39340,39400,60,пауза,False,2182.975,2190.995,45.414999999999964,-0.17659363646372317,-0.10283056158205088,0.5690851040405113,2,2,13,3,1,39332,2176.32
1,2024-03-26 18:00,39409,39513,104,пауза,False,2177.74,2271.265,28.394999999999982,3.2937136819862705,3.087822456202621,3.8983976052121934,4,2,18,3,1,39392,2276.765
1,2024-04-04 15:00,39544,39553,9,пауза,False,2292.17,2271.895,22.299999999999727,-0.9091928251121228,-0.9328627627106899,0.6044843049327436,3,3,2,1,2,39518,2282.69
1,2024-04-08 04:00,39579,39589,10,пауза,False,2342.24,2328.905,27.550000000000182,-0.4840290381125043,-0.5053110482723625,0.12468239564429683,4,4,4,0,0,39553,2331.895
-1,2024-04-08 22:00,39596,39605,9,пауза,False,2338.82,2354.015,23.360000000000127,-0.6504708904109429,-0.6278750167616262,0.06635273972603482,2,2,0,0,1,39585,2342.1
1,2024-04-10 08:00,39629,39633,4,пауза,False,2354.63,2338.48,15.345000000000255,-1.0524600847181378,-1.0677816710435888,0.08732486151838831,1,1,1,0,0,39622,2344.805
-1,2024-04-10 17:00,39638,39661,23,пауза,False,2337.825,2356.34,33.070000000000164,-0.5598729966737296,-0.5198901178343114,0.3654369519201686,2,2,4,0,0,39626,2346.955
1,2024-04-12 14:00,39681,39683,2,пауза,False,2426.59,2369.31,10.289999999999964,-5.566569484936871,-5.578005769133592,0.48590864917395704,2,2,1,0,0,39652,2390.435
-1,2024-04-15 01:00,39691,39708,17,пауза,False,2355.71,2376.055,39.10999999999967,-0.5201994374840186,-0.494989234744992,0.8042700076706774,2,2,4,0,0,39682,2361.305
1,2024-04-16 04:00,39717,39719,2,пауза,False,2386.18,2373.04,12.9050000000002,-1.018209996125507,-1.027328893016964,0.22898101511044835,2,2,2,0,1,39704,2379.35
-1,2024-04-16 10:00,39723,39783,60,пауза,False,2370.205,2409.66,26.36999999999989,-1.496207811907474,-1.3691714051668158,0.586841107318922,2,2,10,3,1,39716,2389.405
1,2024-04-19 04:00,39786,39811,25,пауза,False,2383.625,2355.91,44.07999999999993,-0.6287431941923818,-0.6612928642840898,0.4167422867513594,2,2,3,1,1,39782,2373.84
1,2024-04-23 23:00,39850,39860,10,пауза,False,2323.345,2315.135,10.934999999999945,-0.7508001828989138,-0.8044187818841996,0.7338820301783384,2,2,2,1,1,39837,2321.275
-1,2024-04-24 12:00,39863,39884,21,пауза,False,2323.295,2328.225,19.554999999999836,-0.25210943492712234,-0.19021550303049503,0.9342879059064247,2,2,5,1,1,39857,2322.165
1,2024-04-26 04:00,39901,39922,21,пауза,False,2336.01,2324.325,18.565000000000055,-0.6294101804470975,-0.6946046775243145,0.8957716132507194,4,4,4,0,0,39877,2328.77
1,2024-04-29 16:00,39936,39950,14,пауза,False,2342.915,2317.62,18.825000000000273,-1.3436918990703695,-1.387080548242296,0.2079681274900349,3,3,2,0,0,39921,2325.62
-1,2024-05-02 16:00,40005,40039,34,пауза,False,2299.71,2309.24,40.9699999999998,-0.23260922626311428,-0.18531352777232596,0.5458872345618829,2,2,9,0,0,39990,2303.465
1,2024-05-06 06:00,40041,40067,26,рывок,True,2314.21,2313.81,11.615000000000236,-0.03443822643134591,-0.16281837047007316,1.551011622901378,4,4,5,1,1,40035,2319.71
-1,2024-05-07 16:00,40074,40116,42,рывок,False,2312.545,2326.78,12.215000000000146,-1.165370446172735,-0.9703767977108292,0.7204257060990649,2,2,10,1,1,40059,2316.96
1,2024-05-10 18:00,40145,40154,9,пауза,False,2367.36,2354.36,21.884999999999764,-0.5940141649531707,-0.6181329498948224,0.16815170207904392,2,2,2,0,1,40113,2359.775
-1,2024-05-13 15:00,40165,40186,21,рывок,False,2336.04,2353.96,14.364999999999782,-1.2474765053950814,-1.163220616899533,0.27358162199790437,4,4,4,2,2,40145,2345.985
1,2024-05-14 18:00,40191,40231,40,рывок,True,2357.7,2379.225,9.820000000000164,2.191955193482661,1.9603791655802538,4.054480651731099,5,5,9,2,1,40180,2386.62
-1,2024-05-16 18:00,40237,40252,15,рывок,True,2379.77,2387.405,7.9050000000002,-0.965844402277043,-0.8553845740907363,0.7273877292852441,2,2,2,1,1,40224,2383.83
1,2024-05-17 11:00,40253,40292,39,рывок,True,2389.88,2412.5,7.869999999999891,2.8742058449809664,2.592258290137575,7.65501905972055,2,1,5,1,1,40244,2423.36
-1,2024-05-21 06:00,40294,40363,69,пауза,False,2410.655,2338.87,26.975000000000364,2.6611677479147113,2.8035557249302583,3.1581093605189583,5,2,13,3,0,40289,2335.24
1,2024-05-26 23:00,40379,40407,28,пауза,False,2337.28,2341.9,15.565000000000055,0.2968197879858577,0.19385076085953196,1.3674911660777245,5,5,6,1,1,40359,2350.795
1,2024-05-28 22:00,40422,40431,9,пауза,False,2359.335,2350.6,11.305000000000291,-0.7726669615214421,-0.8193577716451067,0.20168067226887984,2,2,3,0,0,40409,2354.485
-1,2024-05-29 15:00,40439,40482,43,пауза,False,2339.17,2354.885,26.909999999999854,-0.5839836492010491,-0.4934781323377835,0.6135265700483206,3,3,9,2,2,40429,2344.38
-1,2024-06-03 04:00,40497,40507,10,пауза,False,2321.375,2341.8,10.550000000000182,-1.9360189573459554,-1.8804436606725823,0.6236966824644373,3,3,2,0,1,40483,2331.145
1,2024-06-04 04:00,40520,40524,4,пауза,False,2349.37,2333.45,11.579999999999927,-1.3747841105354208,-1.3950871970780852,0.21459412780657539,2,2,1,0,2,40499,2343.19
-1,2024-06-04 17:00,40533,40553,20,пауза,False,2328.835,2349.055,36.179999999999836,-0.5588723051409589,-0.5269597456143529,0.13847429519071977,2,2,3,1,1,40522,2341.745
1,2024-06-05 19:00,40558,40593,35,рывок,True,2354.095,2347.425,13.599999999999909,-0.4904411764705634,-0.6370721219532494,2.477205882352962,4,2,5,1,1,40545,2369.505
-1,2024-06-10 05:00,40613,40620,7,пауза,False,2295.765,2306.255,14.61999999999989,-0.7175102599179422,-0.6894316703781939,0.544459644322852,0,0,2,0,1,40610,2301.45
1,2024-06-10 16:00,40624,40632,8,рывок,True,2313.01,2302.89,13.644999999999982,-0.7416636130450978,-0.7760442893880126,0.06266031513371671,2,2,1,1,2,40614,2308.585
1,2024-06-11 12:00,40643,40692,49,рывок,False,2317.995,2298.97,13.644999999999982,-1.3942836203737718,-1.5964800629349614,1.7372663979479632,4,4,9,3,0,40614,2315.875
-1,2024-06-13 16:00,40693,40705,12,рывок,False,2299.365,2309.96,22.784999999999854,-0.46499890278693534,-0.43417435365716067,0.16567917489574985,4,4,3,0,0,40667,2305.07
1,2024-06-14 15:00,40715,40728,13,рывок,True,2326.205,2318.665,3.4650000000001455,-2.176046176046074,-2.395441088342606,2.7258297258296587,2,2,2,0,0,40700,2324.135
-1,2024-06-17 11:00,40734,40762,28,рывок,True,2318.225,2330.3,11.514999999999873,-1.0486322188450201,-0.9094474244706142,1.0052105948762438,5,4,4,1,1,40717,2322.72
1,2024-06-19 04:00,40773,40826,53,пауза,False,2328.08,2340.63,6.639999999999873,1.8900602409639191,1.4419711721181772,6.127259036144688,4,1,9,4,2,40770,2357.145
-1,2024-06-24 11:00,40847,40912,65,пауза,False,2326.295,2302.39,16.03500000000031,1.4908013719987365,1.7166170601384283,2.03336451512313,5,2,11,3,2,40844,2300.21
1,2024-06-27 18:00,40923,40929,6,рывок,True,2326.31,2320.4,3.3850000000002183,-1.7459379615951176,-1.8498690093314527,0.6927621861152448,2,2,2,0,0,40911,2322.53
1,2024-06-28 17:00,40945,41082,137,пауза,False,2326.855,2356.645,16.809999999999945,1.7721594289113658,1.3094490964880172,3.932778108268908,4,2,21,5,1,40929,2368.36
-1,2024-07-08 19:00,41083,41121,38,рывок,True,2359.305,2378.435,11.259999999999764,-1.698934280639477,-1.5067841940294247,0.8721136767317864,3,2,2,1,0,41078,2368.825
1,2024-07-10 22:00,41131,41241,110,пауза,False,2372.9,2455.675,16.704999999999927,4.955103262496285,4.584106317909654,6.635139179886272,4,3,11,3,2,41102,2461.88
-1,2024-07-18 10:00,41258,41325,67,пауза,False,2464.235,2404.09,23.429999999999836,2.5670081092616477,2.7262484076250586,3.4274434485702456,2,1,9,2,1,41255,2400.155
-1,2024-07-25 09:00,41372,41401,29,пауза,False,2373.71,2385.255,11.914999999999964,-0.9689467058329927,-0.8297772807533784,1.7217792698279426,2,2,6,1,1,41369,2378.775
1,2024-07-26 19:00,41405,41488,83,рывок,True,2386.4,2435.245,14.159999999999854,3.4495056497175356,3.1229382881360865,5.089336158192147,5,1,11,4,1,41392,2437.32
1,2024-08-01 22:00,41499,41524,25,пауза,False,2445.28,2422.235,27.329999999999927,-0.8432125869008464,-0.8957112864120974,1.1871569703622318,3,3,3,2,2,41487,2434.995
1,2024-08-05 07:00,41531,41535,4,пауза,False,2432.04,2386.84,45.085000000000036,-1.0025507374958365,-1.007765548234753,0.30198513918155095,1,1,1,0,1,41524,2413.79
-1,2024-08-05 18:00,41542,41582,40,пауза,False,2405.075,2403.865,47.85500000000002,0.025284714240936913,0.07280486039079956,0.5438303207606232,5,2,8,1,1,41528,2396.085
1,2024-08-09 01:00,41617,41699,82,рывок,True,2427.37,2450.305,25.985000000000127,0.8826245911102495,0.706867627029084,2.030209736386371,5,3,12,4,3,41591,2458.99
-1,2024-08-15 09:00,41717,41740,23,пауза,False,2456.905,2463.435,20.740000000000236,-0.31485053037606897,-0.25109769511958163,1.1899710703953716,4,4,4,3,3,41697,2458.885
1,2024-08-16 17:00,41748,41764,16,рывок,True,2499.855,2489.91,10.870000000000346,-0.9149034038638314,-1.0004200759934265,0.9167433302667736,2,2,2,1,1,41734,2495.045
-1,2024-08-19 16:00,41770,41784,14,пауза,False,2505.51,2514.985,21.48999999999978,-0.4409027454630063,-0.40289477335218565,0.37738483015356955,2,2,2,1,2,41762,2507.225
-1,2024-08-21 22:00,41821,41877,56,пауза,False,2514.065,2524.295,25.355000000000018,-0.40347071583514144,-0.2797575984062209,1.7043975547229389,2,2,6,3,2,41802,2510.645
1,2024-08-26 09:00,41878,41899,21,рывок,False,2525.12,2504.98,9.590000000000146,-2.100104275286712,-2.226312391891354,0.1856100104275467,4,4,4,0,0,41837,2510.68
-1,2024-08-27 11:00,41903,41910,7,пауза,False,2511.535,2524.46,14.029999999999745,-0.9212401995723747,-0.8919808282914676,0.5652173913043465,3,3,1,1,1,41886,2517.615
-1,2024-08-28 16:00,41931,41941,10,пауза,False,2501.99,2516.755,17.02500000000009,-0.8672540381791629,-0.8328153080820061,0.32452276064608554,2,2,2,0,1,41914,2509.65
1,2024-08-29 14:00,41952,41976,24,рывок,True,2522.235,2502.55,14.224999999999909,-1.3838312829525534,-1.4807310327474084,0.4572934973637748,4,4,4,0,0,41931,2512.255
-1,2024-09-01 22:00,41982,42056,74,рывок,True,2503.465,2502.02,14.670000000000073,0.09850034083163985,0.37927586939625224,2.1506475800954346,5,3,11,2,0,41970,2496.985
1,2024-09-05 15:00,42066,42090,24,пауза,False,2507.19,2489.11,29.644999999999982,-0.6098836228706338,-0.6563804668858743,0.7458256029684649,3,2,3,2,1,42055,2503.965
-1,2024-09-09 06:00,42103,42116,13,пауза,False,2489.855,2506.055,15.400000000000091,-1.051948051948034,-1.0025841966813125,0.27564935064934193,2,2,2,1,1,42086,2500.59
1,2024-09-10 11:00,42131,42155,24,пауза,False,2504.63,2508.22,7.549999999999727,0.4754966887416981,0.29292729260502853,3.2397350993378704,5,4,4,2,2,42103,2515.02
-1,2024-09-11 19:00,42162,42178,16,пауза,False,2512.99,2528.585,19.159999999999854,-0.8139352818371802,-0.7654192992667869,0.16283924843423353,1,1,3,1,2,42159,2520.16
-1,2024-09-18 04:00,42262,42298,36,пауза,False,2568.73,2590.655,15.759999999999764,-1.3911802030457177,-1.2610335859410835,1.387690355329963,2,2,6,2,2,42241,2576.54
1,2024-09-20 19:00,42323,42427,104,пауза,False,2621.17,2662.71,40.914999999999964,1.0152755713063668,0.8723871109342115,1.5757057313943506,3,3,19,3,0,42305,2666.295
-1,2024-09-27 14:00,42433,42474,41,рывок,True,2649.53,2648.745,7.75,0.10129032258068506,0.4016619508270909,3.193548387096774,3,2,8,0,0,42422,2641.895
1,2024-10-02 08:00,42496,42546,50,пауза,False,2652.505,2638.95,28.68000000000029,-0.47262900976290634,-0.5707205087029926,0.5357391910739061,5,2,10,1,0,42460,2654.42
1,2024-10-07 04:00,42561,42582,21,пауза,False,2646.845,2635.765,26.354999999999563,-0.4204135837602015,-0.4663379183547208,0.48624549421363183,2,2,4,2,2,42546,2643.885
1,2024-10-10 20:00,42646,42701,55,пауза,False,2629.92,2648.71,13.2800000000002,1.4149096385541928,1.1827871640862198,2.7827560240963383,5,4,10,1,0,42638,2646.195
1,2024-10-16 03:00,42721,42805,84,пауза,False,2667.21,2716.45,10.164999999999964,4.844072798819474,4.383538412546402,7.219872110182011,5,4,10,5,1,42700,2723.67
1,2024-10-23 05:00,42838,42847,9,пауза,False,2751.615,2717.805,11.034999999999854,-3.0638876302673665,-3.111720852600674,0.6261893973720345,3,3,2,0,0,42806,2737.94
-1,2024-10-24 16:00,42872,42893,21,пауза,False,2733.68,2738.565,34.56999999999971,-0.14130749204513335,-0.10629633097372612,0.47960659531385785,2,2,6,0,0,42841,2732.67
1,2024-10-28 04:00,42906,42984,78,пауза,False,2733.015,2755.43,23.079999999999927,0.9711871750433291,0.7830677132700306,2.476386481802443,5,2,10,3,0,42888,2770.925
-1,2024-10-31 23:00,42993,42999,6,пауза,False,2746.785,2754.965,18.1899999999996,-0.4496976360637972,-0.4303569765482653,0.10032985156678714,2,2,2,0,0,42972,2749.825
1,2024-11-01 11:00,43005,43008,3,рывок,True,2752.99,2747.26,4.864999999999782,-1.1778006166495005,-1.2140785224678277,1.9085303186024103,1,1,1,0,0,42995,2749.825
-1,2024-11-04 17:00,43033,43052,19,пауза,False,2738.445,2744.75,16.309999999999945,-0.3865726548129894,-0.3192211812764078,0.8387492335990396,5,5,4,0,0,43007,2739.735
-1,2024-11-06 09:00,43071,43247,176,пауза,False,2724.73,2587.13,48.35500000000002,2.845620928549268,3.0559075554328716,3.8853272670871664,5,1,21,4,1,43063,2577.525
-1,2024-11-25 14:00,43375,43412,37,пауза,False,2641.34,2642.09,30.61999999999989,-0.024493794905290748,0.04433045104030252,1.176681907250174,4,4,6,2,1,43360,2632.225
1,2024-11-27 06:00,43413,43470,57,рывок,False,2647.845,2650.35,25.24499999999989,0.09922756981580987,-0.027148899327240062,0.7330164388987993,4,4,7,2,0,43391,2654.59
-1,2024-12-01 23:00,43471,43533,62,рывок,True,2645.98,2655.09,11.33999999999969,-0.8033509700176699,-0.4984401968936572,2.116402116402174,2,2,10,2,1,43461,2649.225
1,2024-12-04 23:00,43540,43549,9,пауза,False,2650.435,2643.275,10.360000000000127,-0.6911196911196685,-0.7420694602748843,0.5019305019305221,2,2,2,1,1,43531,2646.875
-1,2024-12-05 12:00,43553,43569,16,пауза,False,2653.36,2638.035,13.690000000000055,1.1194302410518782,1.1873313532541223,2.940102264426577,5,5,5,0,0,43546,2633.91
1,2024-12-06 17:00,43581,43670,89,пауза,False,2634.965,2686.46,21.59999999999991,2.3840277777777827,2.1540226853529343,4.228240740740755,4,1,10,5,1,43578,2700.81
-1,2024-12-12 19:00,43675,43711,36,рывок,True,2683.095,2658.19,19.710000000000036,1.263571790969036,1.3676362600491476,2.0040588533739183,4,2,4,1,1,43663,2655.77
-1,2024-12-17 04:00,43729,43801,72,пауза,False,2651.845,2606.36,10.109999999999673,4.499010880316631,4.89536831119764,6.719090009891398,4,4,12,3,1,43714,2601.135
1,2024-12-20 13:00,43807,43832,25,рывок,True,2609.635,2609.925,11.470000000000255,0.02528334786398929,-0.09980727616761076,2.0710549258935593,5,5,4,0,0,43795,2617.515
1,2024-12-26 10:00,43870,43896,26,пауза,False,2628.74,2618.8,5.940000000000055,-1.6734006734005906,-1.924433564479687,1.756734006734058,4,4,5,3,2,43855,2628.99
-1,2024-12-27 18:00,43901,43938,37,рывок,True,2618.65,2615.35,9.3100000000004,0.3544575725026896,0.5808161558382393,2.4129967776583436,4,2,4,2,1,43890,2609.585
1,2024-12-31 15:00,43944,43990,46,рывок,True,2625.83,2643.94,8.849999999999909,2.046327683615855,1.752882194690002,4.471751412429455,5,5,8,1,0,43934,2649.95
-1,2025-01-03 20:00,43995,44034,39,рывок,True,2638.355,2662.46,9.394999999999982,-2.565726450239496,-2.3295447305356682,2.524747205960601,3,3,5,2,2,43986,2641.23
1,2025-01-08 19:00,44063,44123,60,пауза,False,2658.42,2679.53,24.7800000000002,0.85189669087974,0.7167090377017287,1.595238095238072,5,3,9,4,2,44048,2684.615
-1,2025-01-13 11:00,44124,44165,41,рывок,False,2676.0,2681.055,12.009999999999764,-0.42089925062447425,-0.2270707644538089,1.5957535387177637,4,4,5,1,1,44113,2675.365
-1,2025-01-17 18:00,44223,44250,27,рывок,True,2705.625,2718.01,7.464999999999691,-1.6590756865372713,-1.4518398631357994,2.17682518419299,4,4,4,2,1,44208,2713.885
1,2025-01-21 11:00,44260,44305,45,рывок,True,2724.105,2751.365,12.120000000000346,2.2491749174916653,2.0393409263313966,3.2450495049503965,5,3,6,2,1,44241,2750.41
-1,2025-01-23 13:00,44308,44311,3,рывок,True,2741.705,2753.975,6.0349999999998545,-2.033140016570054,-2.003895275591404,0.9519469759734929,1,1,1,1,1,44301,2750.41
1,2025-01-24 00:00,44318,44342,24,пауза,False,2759.74,2763.035,7.554999999999836,0.4361350099272196,0.25368644065761864,3.483785572468661,5,5,5,0,0,44308,2770.18
-1,2025-01-27 05:00,44346,44377,31,рывок,False,2753.33,2748.915,2.7899999999999636,1.5824372759856706,2.2168347130573745,8.161290322580745,4,4,7,0,0,44342,2745.05
1,2025-01-29 03:00,44390,44392,2,пауза,False,2762.79,2760.755,2.7899999999999636,-0.7293906810035415,-0.7715696646538122,0.6433691756272746,3,3,2,1,1,44372,2762.3
-1,2025-01-30 03:00,44413,44417,4,пауза,False,2761.885,2769.215,17.98999999999978,-0.4074485825458597,-0.39437966969627347,0.16814897165092427,2,2,1,0,0,44388,2762.745
1,2025-01-30 19:00,44429,44457,28,пауза,False,2793.49,2782.275,39.74499999999989,-0.28217385834695485,-0.3224987522259653,0.5969304315008285,5,4,5,2,1,44415,2791.07
1,2025-02-04 01:00,44480,44539,59,пауза,False,2823.525,2842.005,18.477000000000317,1.000162364020117,0.8217540922844747,3.1815229745087863,5,2,11,0,0,44459,2859.975
1,2025-02-07 20:00,44568,44606,38,пауза,False,2860.765,2889.35,33.42000000000007,0.8553261520047868,0.7905861766837473,2.4540694195092803,4,2,4,2,1,44561,2905.94
-1,2025-02-11 19:00,44613,44640,27,пауза,False,2900.27,2906.465,27.115000000000236,-0.22847132583441304,-0.17141746554704776,1.3254656094412591,2,2,4,1,1,44600,2895.85
1,2025-02-13 12:00,44652,44678,26,рывок,False,2917.835,2901.945,13.38000000000011,-1.1875934230194127,-1.2990385181621509,1.6550822122570852,3,2,5,0,0,44630,2923.335
-1,2025-02-17 08:00,44694,44710,16,пауза,False,2900.295,2909.085,28.329999999999927,-0.3102717966819621,-0.27745971669436126,0.2903282739145757,2,2,5,0,0,44673,2904.185
1,2025-02-18 13:00,44720,44784,64,пауза,False,2918.77,2923.44,8.570000000000164,0.5449241540256691,0.1287759071803226,4.2222870478412196,5,4,10,1,1,44708,2933.555
-1,2025-02-21 21:00,44797,44810,13,пауза,False,2936.26,2947.685,26.059999999999945,-0.43841135840367423,-0.40924008552924923,0.5673445894090691,2,2,5,0,0,44777,2942.88
-1,2025-02-25 02:00,44824,44924,100,пауза,False,2948.725,2871.935,22.615000000000236,3.395533937651964,3.6437078919183223,5.129560026531014,5,5,17,4,1,44813,2865.025
1,2025-03-03 11:00,44925,44990,65,рывок,False,2874.49,2910.135,17.38000000000011,2.050920598388965,1.8425802900276296,3.19275028768699,5,5,14,2,2,44906,2916.01
-1,2025-03-06 13:00,44996,45062,66,рывок,True,2904.595,2911.825,10.709999999999582,-0.6750700280112325,-0.33189100979112063,2.273109243697549,5,2,10,2,0,44985,2900.515
1,2025-03-11 17:00,45070,45250,180,рывок,False,2917.83,3006.655,15.335000000000036,5.792305184219111,5.113306293322499,9.113791979132696,5,1,26,6,1,45066,3027.45
1,2025-03-27 09:00,45338,45413,75,пауза,False,3040.08,3113.79,11.930000000000291,6.178541492036734,5.8285766333714015,9.137468566638521,5,4,16,3,2,45321,3124.105
-1,2025-04-01 20:00,45418,45422,4,рывок,True,3114.475,3133.23,14.965000000000146,-1.2532576010691565,-1.237546960095949,0.44403608419645285,1,1,0,0,0,45408,3124.105
-1,2025-04-02 04:00,45425,45442,17,рывок,True,3116.13,3145.955,14.965000000000146,-1.9929836284663902,-1.9270984945456875,0.7577681256264641,2,2,5,0,0,45408,3133.95
-1,2025-04-04 11:00,45478,45542,64,пауза,False,3110.425,3038.99,31.559999999999945,2.2634664131812587,2.376469913671268,4.87515842839038,3,3,13,1,0,45473,3016.105
1,2025-04-09 14:00,45550,45620,70,пауза,False,3070.585,3198.15,16.38500000000022,7.785474519377379,7.547670407184522,10.696368629844214,5,3,8,4,2,45535,3213.355
-1,2025-04-14 20:00,45625,45630,5,пауза,False,3210.68,3224.365,22.855000000000018,-0.5987748851454795,-0.585935780388247,0.14373222489607754,2,2,1,0,0,45607,3216.485
1,2025-04-15 07:00,45635,45688,53,пауза,False,3225.755,3291.465,22.690000000000055,2.895989422653146,2.7648606691434208,5.818422212428367,2,2,8,1,0,45629,3320.855
1,2025-04-21 20:00,45717,45736,19,пауза,False,3424.235,3393.155,24.279999999999745,-1.2800658978583301,-1.3253090005511494,3.128706754530498,4,4,2,1,1,45688,3443.175
-1,2025-04-23 05:00,45748,45787,39,рывок,False,3319.04,3367.19,71.42999999999984,-0.6740865182696374,-0.643022157964199,0.823883522329554,5,5,7,0,0,45726,3340.6
-1,2025-04-28 01:00,45813,45826,13,пауза,False,3281.055,3328.695,65.4699999999998,-0.7276615243623106,-0.7160500477912473,0.19772414846494193,2,2,4,0,0,45787,3301.165
1,2025-04-29 00:00,45835,45866,31,рывок,True,3330.025,3284.51,27.829999999999927,-1.635465325188645,-1.6990646370618048,0.3632770391663728,2,2,6,1,1,45822,3305.14
-1,2025-04-30 15:00,45873,45906,33,пауза,False,3308.105,3248.11,47.91000000000031,1.2522437904403987,1.2915165202004726,2.2156126069713924,4,2,6,0,0,45863,3233.37
1,2025-05-02 14:00,45918,45993,75,пауза,False,3262.875,3364.355,41.83000000000038,2.4260100406406666,2.3261993601750324,4.116184556538328,5,1,14,1,0,45904,3375.8
-1,2025-05-07 23:00,45995,46034,39,пауза,False,3376.475,3345.14,34.284999999999854,0.9139565407612708,0.9786766007471968,2.9652909435613357,5,2,8,0,0,45991,3324.095
1,2025-05-09 18:00,46037,46040,3,рывок,False,3338.785,3272.68,11.954999999999927,-5.529485570890876,-5.544248599900173,0.3567544960267966,1,1,1,0,1,46033,3320.395
-1,2025-05-12 16:00,46058,46071,13,пауза,False,3224.29,3262.25,40.909999999999854,-0.9278904913224193,-0.909308155191705,0.20618430701539905,2,2,2,1,1,46035,3248.7
1,2025-05-13 17:00,46082,46100,18,пауза,False,3247.185,3184.87,40.279999999999745,-1.5470456802383428,-1.572921505650936,0.24714498510426985,2,2,4,1,1,46066,3225.505
1,2025-05-16 06:00,46140,46144,4,пауза,False,3215.005,3176.17,45.6550000000002,-0.8506187712189216,-0.855768475351307,0.357682619647352,0,0,2,0,0,46137,3206.6
-1,2025-05-16 15:00,46149,46155,6,рывок,True,3183.585,3239.29,24.735000000000127,-2.252071962805726,-2.237848934845851,0.43541540327470896,1,1,0,0,0,46140,3206.6
1,2025-05-19 07:00,46164,46182,18,пауза,False,3232.395,3206.785,43.125,-0.5938550724637711,-0.6180238434230578,0.37553623188406177,2,2,4,1,1,46145,3217.29
1,2025-05-21 04:00,46207,46299,92,пауза,False,3302.17,3308.615,29.480000000000018,0.21862279511532243,0.04413401773102368,2.165705563093615,5,5,13,4,0,46183,3331.445
-1,2025-05-28 23:00,46338,46350,12,пауза,False,3259.975,3299.825,14.429999999999836,-2.7616077616077868,-2.7129357344475706,0.9989604989605078,4,4,2,0,1,46325,3280.22
1,2025-05-30 12:00,46374,46459,85,рывок,False,3304.075,3364.425,44.034999999999854,1.3705007380492917,1.2628899758853673,2.0036334733734598,2,2,13,4,1,46340,3370.675
-1,2025-06-06 08:00,46485,46516,31,пауза,False,3365.325,3337.775,36.35500000000002,0.7578049786824292,0.806490684896981,1.9756567184706308,4,3,4,1,1,46465,3328.515
1,2025-06-09 20:00,46520,46628,108,пауза,False,3325.675,3388.34,27.5,2.2787272727272714,2.0576336500667622,4.576363636363633,5,1,20,0,0,46513,3419.215
-1,2025-06-16 15:00,46630,46721,91,рывок,False,3404.625,3371.51,13.204999999999927,2.5077622112836018,2.892864394838043,4.862552063612298,5,5,21,2,2,46613,3359.27
1,2025-06-20 20:00,46725,46729,4,рывок,True,3368.75,3355.325,17.36999999999989,-0.7728842832469929,-0.7864196742754359,1.1784686240644748,2,2,2,0,1,46717,3364.685
-1,2025-06-24 06:00,46757,46782,25,пауза,False,3322.95,3327.295,24.674999999999727,-0.17608915906789474,-0.11794166331743881,1.1199594731509652,4,4,4,2,1,46744,3325.38
1,2025-06-25 16:00,46790,46809,19,рывок,True,3334.815,3322.095,9.465000000000146,-1.3438985736925577,-1.4599580066964273,1.648177496038,3,3,4,1,1,46781,3331.025
-1,2025-06-26 20:00,46817,46859,42,пауза,False,3327.82,3297.38,26.5600000000004,1.1460843373493823,1.235762327408199,3.140248493975864,5,3,6,0,0,46805,3282.94
-1,2025-07-03 17:00,46929,46939,10,рывок,True,3329.145,3340.94,21.740000000000236,-0.5425482980680747,-0.5155786853769941,0.25229990800368296,2,2,2,0,1,46918,3334.89
1,2025-07-08 07:00,46984,46990,6,пауза,False,3333.93,3315.31,18.549999999999727,-1.0037735849056693,-1.0227389000855898,0.30512129380056024,2,2,2,1,1,46964,3327.405
-1,2025-07-08 19:00,46996,47019,23,рывок,True,3303.0,3315.79,12.184999999999945,-1.0496512105047207,-0.9411379726532993,1.6688551497743231,3,3,2,1,1,46984,3308.145
1,2025-07-10 07:00,47030,47083,53,пауза,False,3321.075,3343.13,11.549999999999727,1.9095238095238798,1.6519210894255476,4.676190476190605,5,3,8,1,0,47008,3353.675
-1,2025-07-15 13:00,47105,47133,28,пауза,False,3346.89,3350.445,25.335000000000036,-0.1403197158081818,-0.07705889452453217,1.0734162226169202,3,1,5,1,1,47102,3343.08
-1,2025-07-17 20:00,47158,47170,12,пауза,False,3339.06,3352.275,31.38000000000011,-0.421128107074573,-0.39874641963282953,0.22864882090502556,2,2,2,1,1,47130,3341.17
1,2025-07-18 15:00,47176,47245,69,пауза,False,3353.735,3398.105,29.44499999999971,1.5068772287315446,1.376433497028557,2.8969264730854327,5,4,9,4,1,47167,3416.445
-1,2025-07-23 20:00,47250,47330,80,рывок,True,3387.45,3326.435,17.434999999999945,3.499569830800118,3.755028816693333,4.914539718956135,4,4,12,1,0,47239,3318.96
1,2025-07-29 14:00,47336,47357,21,рывок,True,3328.935,3313.38,10.800000000000182,-1.4402777777777385,-1.5523459109479711,0.4939814814814765,4,4,4,3,2,47322,3321.795
-1,2025-07-30 23:00,47367,47403,36,пауза,False,3285.41,3341.26,65.97000000000025,-0.8465969380021244,-0.8155053708417638,0.11626496892526972,2,2,5,1,0,47354,3300.54
1,2025-08-01 18:00,47409,47535,126,рывок,True,3347.665,3365.815,15.275000000000091,1.188216039279868,0.721416409821548,4.043535188216007,5,2,19,5,1,47398,3381.215
1,2025-08-13 09:00,47584,47605,21,рывок,False,3364.8,3346.15,8.934999999999945,-2.0872971460548633,-2.2227572286780917,1.1197537772803263,5,5,6,0,0,47575,3355.595
-1,2025-08-14 11:00,47609,47648,39,пауза,False,3355.545,3357.63,25.195000000000164,-0.0827545147846804,0.005315628363461891,1.2645366144076173,3,2,3,3,2,47605,3348.915
1,2025-08-18 11:00,47655,47657,2,пауза,False,3345.485,3336.89,13.8449999999998,-0.6208017334778172,-0.6293015069978067,0.23943661971831726,2,2,0,0,1,47643,3344.645
-1,2025-08-19 20:00,47687,47750,63,пауза,False,3315.7,3373.9,30.460000000000036,-1.9107025607353973,-1.7954057387650395,0.135915955351276,2,1,6,3,1,47677,3335.15
1,2025-08-25 05:00,47764,47781,17,пауза,False,3364.78,3354.98,19.054999999999836,-0.5143007084754797,-0.5660441369259301,0.608501705589079,2,2,3,1,1,47748,3361.985
1,2025-08-26 00:00,47782,47992,210,рывок,True,3383.18,3591.385,14.389999999999873,14.468728283530384,13.616203814414582,15.081653926337875,5,2,33,7,2,47768,3586.19
1,2025-09-09 02:00,48012,48029,17,пауза,False,3647.54,3629.56,18.065000000000055,-0.995294768890117,-1.0498738460627337,1.5031829504566907,5,5,4,1,1,47991,3636.62
-1,2025-09-10 23:00,48055,48083,28,пауза,False,3644.96,3654.985,14.355000000000018,-0.6983629397422555,-0.5867145310190746,2.2378962034134418,4,4,5,1,1,48051,3642.115
1,2025-09-12 10:00,48089,48155,66,рывок,True,3651.335,3667.09,11.489999999999782,1.371192341166267,1.0513100709193284,4.517406440383005,4,2,11,1,0,48079,3678.885
1,2025-09-19 09:00,48203,48278,75,рывок,False,3658.71,3741.22,14.855000000000018,5.5543588017502294,5.273303213471703,8.922584988219448,5,2,10,4,1,48195,3752.075
-1,2025-09-25 03:00,48289,48322,33,пауза,False,3736.68,3761.98,34.01499999999987,-0.7437895046303183,-0.6884740119710456,0.4251065706306068,2,2,6,2,1,48270,3751.535
1,2025-09-26 18:00,48327,48364,37,рывок,True,3778.6,3798.815,23.98999999999978,0.8426427678199387,0.7547978986722071,3.88870362651108,4,3,4,1,0,48312,3822.6
-1,2025-09-30 17:00,48372,48385,13,пауза,False,3844.085,3879.35,61.524999999999636,-0.5731816334823255,-0.5608256258251534,0.07200325071109082,1,1,1,1,1,48369,3854.7
1,2025-10-01 10:00,48388,48415,27,рывок,False,3887.735,3839.98,22.179999999999836,-2.153065825067649,-2.2228140406533994,0.42357980162308617,4,4,2,1,1,48364,3856.335
-1,2025-10-03 02:00,48426,48436,10,пауза,False,3848.105,3873.95,44.289999999999964,-0.5835403025513619,-0.5703021137976004,0.2265748475953909,2,2,2,1,1,48414,3863.715
1,2025-10-03 19:00,48443,48478,35,рывок,True,3885.825,3951.325,25.644999999999982,2.554104113862353,2.4763431133334186,3.5708715149152015,4,2,5,2,1,48427,3955.87
1,2025-10-07 18:00,48488,48515,27,пауза,False,3981.01,4011.78,29.38500000000022,1.0471328909307387,0.9944864583395556,2.6659860473030155,5,3,5,1,1,48478,4026.175
-1,2025-10-09 08:00,48524,48558,34,пауза,False,4038.22,4011.365,42.36999999999989,0.6338210998347908,0.6795540421800255,2.2134765164031176,3,2,6,1,1,48521,3994.52
1,2025-10-10 20:00,48559,48668,109,рывок,True,4016.68,4248.98,35.88000000000011,6.474358974358947,6.303267256917315,10.153567447045676,5,3,11,4,0,48543,4306.255
-1,2025-10-19 22:00,48675,48689,14,рывок,True,4256.06,4323.54,100.08500000000004,-0.6742269071289358,-0.6660659307522407,0.3691362342009353,2,2,2,0,0,48659,4271.285
1,2025-10-21 00:00,48700,48707,7,рывок,True,4368.645,4298.52,50.07999999999993,-1.4002595846645387,-1.4084566489431156,0.07587859424918686,2,2,0,0,1,48683,4333.095
-1,2025-10-22 01:00,48724,48759,35,рывок,False,4087.445,4145.12,50.52000000000044,-1.1416270783847828,-1.1021539814219068,1.5112826603325358,3,3,6,0,0,48696,4113.8
-1,2025-10-24 19:00,48788,48845,57,пауза,False,4104.205,4001.765,95.1550000000002,1.0765592979874925,1.1100874779414232,2.2882665125321773,2,2,10,2,2,48770,3970.465
1,2025-10-31 01:00,48885,48900,15,пауза,False,4019.0,3980.72,86.27499999999964,-0.44369747899160084,-0.453818428766307,0.23853955375253566,2,2,5,0,0,48874,3998.875
-1,2025-11-03 11:00,48917,48982,65,пауза,False,4007.69,4005.78,65.85500000000002,0.029003112899549828,0.0839868583907051,1.199681117606865,4,2,12,3,1,48896,3987.34
-1,2025-11-12 03:00,49070,49082,12,рывок,False,4112.085,4181.495,21.139999999999418,-3.2833491012299794,-3.2501259530785163,0.6229895931882893,2,2,2,0,0,49057,4145.61
1,2025-11-12 23:00,49089,49108,19,рывок,True,4191.41,4158.07,46.69499999999971,-0.7139950744191103,-0.7375201313498662,1.1518363850519369,4,4,2,0,0,49072,4184.51
-1,2025-11-14 18:00,49131,49188,57,рывок,True,4098.105,4091.075,66.2450000000008,0.10612121669559454,0.15428143955794252,1.5113593478752845,4,4,6,3,1,49102,4081.915
-1,2025-11-20 03:00,49208,49269,61,пауза,False,4072.365,4120.585,54.89499999999998,-0.8784042262501188,-0.8164012147246762,0.9127425084251677,4,4,8,3,1,49197,4088.725
-1,2025-12-02 18:00,49405,49462,57,рывок,True,4190.985,4224.7,66.88000000000011,-0.5041118421052645,-0.4564088821244589,0.24185107655501265,4,4,9,2,0,49377,4217.08
1,2025-12-05 12:00,49468,49474,6,рывок,False,4228.83,4208.955,20.074999999999818,-0.9900373599003826,-1.0075619724327622,1.5198007471980322,4,4,2,0,2,49438,4215.935
-1,2025-12-08 09:00,49488,49517,29,пауза,False,4207.855,4212.575,27.11999999999989,-0.17404129793511333,-0.11289809366433141,1.3963864306784677,3,2,5,1,1,49485,4198.905
1,2025-12-09 19:00,49521,49746,225,рывок,True,4212.62,4446.745,32.11999999999989,7.289072229140747,6.878123562275894,8.875000000000046,5,3,32,6,1,49508,4469.5
-1,2025-12-23 18:00,49750,49775,25,пауза,False,4484.725,4517.97,67.11999999999989,-0.4953069129916559,-0.47393043120318024,0.5432806912991687,2,2,5,1,1,49745,4497.635
1,2025-12-26 14:00,49789,49804,15,пауза,False,4521.16,4475.105,33.82999999999993,-1.361365651788365,-1.3871766166660706,0.8569317174105777,4,4,4,0,0,49770,4510.025
1,2026-01-02 02:00,49869,49964,95,рывок,False,4362.955,4425.815,48.79999999999927,1.288114754098373,1.1791085825174306,2.8197745901639863,5,4,13,2,0,49856,4442.665
1,2026-01-09 04:00,49986,50112,126,пауза,False,4464.79,4571.31,26.8149999999996,3.9724035055007283,3.706493964573039,6.644788364721348,5,3,17,4,1,49971,4599.5
-1,2026-01-16 20:00,50117,50119,2,рывок,True,4582.02,4672.975,24.94499999999971,-3.646221687713008,-3.6415041345206145,0.049709360593333564,1,1,0,0,1,50112,4599.5
1,2026-01-19 14:00,50134,50183,49,пауза,False,4666.625,4781.57,31.210000000000036,3.682954181352117,3.5945539744073103,7.110541493111176,4,2,8,0,0,50112,4832.725
-1,2026-01-22 00:00,50187,50202,15,рывок,True,4797.975,4871.82,48.210000000000036,-1.531736154324814,-1.5136240418624043,0.5331881352416492,2,2,1,0,1,50178,4839.71
1,2026-01-23 05:00,50215,50252,37,рывок,True,4960.64,5028.715,25.75,2.6436893203883423,2.5618486054037186,5.859029126213588,5,2,6,0,0,50200,5054.67
-1,2026-01-27 01:00,50257,50276,19,пауза,False,5060.14,5176.65,115.125,-1.0120304017372361,-1.0024885773430416,0.3590445168295334,2,2,3,0,0,50249,5100.84
-1,2026-01-29 18:00,50320,50378,58,пауза,False,5338.785,4917.365,452.34999999999945,0.9316237426771318,0.9387939554318822,2.0700895324416955,5,4,7,2,1,50316,4812.265
1,2026-02-03 13:00,50384,50419,35,рывок,True,4933.07,4812.24,215.52500000000055,-0.560631017283376,-0.5698836833711363,0.7370838649808615,3,3,6,0,0,50364,4883.69
-1,2026-02-05 06:00,50423,50462,39,пауза,False,4920.27,5036.085,234.375,-0.4941439999999983,-0.4846765770384305,1.130837333333337,4,4,6,1,0,50402,4903.4
1,2026-02-09 01:00,50464,50548,84,рывок,False,4983.005,4954.74,34.650000000000546,-0.8157287157287123,-0.9508320934044899,3.934776334776277,5,5,13,6,1,50440,5047.13
-1,2026-02-13 07:00,50562,50572,10,пауза,False,4975.045,5021.045,119.05500000000029,-0.38637604468522857,-0.38145126723023637,0.3478224350090274,2,2,4,0,0,50545,4989.695
1,2026-02-16 08:00,50586,50599,13,пауза,False,5008.11,4936.04,81.61499999999978,-0.8830484592293071,-0.8923629647872012,0.11437848434724084,2,2,3,0,0,50566,4969.11
-1,2026-02-17 04:00,50603,50626,23,пауза,False,4953.03,4934.235,78.34499999999935,0.2399004403599493,0.2567775072208795,1.4095347501435995,4,4,5,1,1,50598,4910.9
1,2026-02-18 12:00,50634,50840,206,рывок,True,4943.36,5144.925,56.659999999999854,3.5574479350512007,3.345359856392895,8.406283092128511,5,4,30,5,0,50621,5260.285
-1,2026-03-03 19:00,50848,50862,14,рывок,True,5113.395,5190.135,119.69000000000051,-0.6411563204946066,-0.6343320969115042,0.2501879856295471,2,2,2,1,1,50830,5149.055
-1,2026-03-05 06:00,50881,50946,65,пауза,False,5167.79,5184.24,86.57999999999993,-0.18999768999768807,-0.14817562301547468,1.7642065142065144,2,2,10,3,0,50864,5140.79
1,2026-03-10 07:00,50952,50984,32,рывок,True,5181.205,5175.77,80.19499999999971,-0.06777230500654044,-0.09053962147010197,0.7178751792505756,4,4,8,2,1,50936,5175.35
-1,2026-03-11 22:00,50989,51000,11,рывок,True,5139.13,5188.385,21.824999999999818,-2.256815578465087,-2.2272937855817947,0.6180985108820112,4,4,4,0,0,50980,5175.15
-1,2026-03-13 05:00,51019,51065,46,пауза,False,5103.175,5020.83,73.35000000000036,1.1226312201772304,1.1580367086161363,1.8459441036128135,2,2,10,0,0,51001,5021.835
1,2026-03-17 09:00,51069,51086,17,пауза,False,5010.52,4991.57,39.85999999999967,-0.4754139488208952,-0.5001498000282041,0.5286001003512264,3,3,3,1,1,51061,5005.04
1,2026-03-18 09:00,51092,51093,1,пауза,False,4992.265,4967.955,34.69999999999982,-0.7005763688760959,-0.7022721809471595,0.10331412103746557,1,1,1,0,0,51087,4981.83
-1,2026-03-18 22:00,51104,51195,91,пауза,False,4834.57,4474.275,65.07999999999993,5.536186232329448,5.614325051226749,11.300629993853727,5,5,10,3,0,51089,4442.245
1,2026-03-25 06:00,51204,51226,22,рывок,True,4545.62,4439.045,91.15499999999975,-1.1691624156656257,-1.1830524544715249,0.4385936043003739,2,2,2,1,1,51188,4521.88
-1,2026-03-26 12:00,51233,51259,26,рывок,True,4429.47,4524.445,58.224999999999454,-1.631172176899963,-1.6055622950105706,1.3416058394160828,4,4,4,1,1,51222,4475.3
1,2026-03-27 19:00,51263,51266,3,рывок,True,4514.49,4449.04,70.72000000000025,-0.9254807692307633,-0.9279764141940855,0.16720871040723664,1,1,0,0,1,51255,4475.3
1,2026-03-30 05:00,51272,51337,65,рывок,False,4522.53,4696.105,70.72000000000025,2.4543976244343777,2.4031963439010062,3.9348133484162817,5,3,8,2,1,51255,4742.17
-1,2026-04-02 17:00,51353,51401,48,пауза,False,4648.76,4701.05,146.03999999999996,-0.3580525883319637,-0.3395297560051375,0.3280608052588323,2,1,8,2,2,51350,4667.97
1,2026-04-08 23:00,51427,51472,45,пауза,False,4715.84,4659.035,158.90999999999985,-0.35746649046630385,-0.3734704422180031,0.5383550437354494,2,2,6,3,1,51396,4747.375
1,2026-04-13 20:00,51494,51626,132,пауза,False,4740.34,4739.02,49.64000000000033,-0.026591458501202665,-0.1773071842074971,3.0459307010475185,3,3,23,4,1,51489,4787.145
-1,2026-04-21 15:00,51627,51779,152,рывок,False,4741.78,4589.66,25.144999999999527,6.049711672300766,6.395503609143884,9.213959037582176,4,4,24,5,1,51610,4564.985
1,2026-05-04 05:00,51824,51829,5,пауза,False,4598.92,4562.575,69.47500000000036,-0.5231378193594828,-0.527361464400527,0.20496581504137756,2,2,0,0,2,51805,4591.11
-1,2026-05-04 18:00,51837,51865,28,рывок,False,4516.4,4618.8,57.289999999999964,-1.787397451562238,-1.7594220124416016,0.11241054285214878,3,3,2,1,1,51810,4583.38
1,2026-05-06 02:00,51867,51933,66,рывок,False,4640.95,4691.89,40.24499999999989,1.2657472978009852,1.1744204923559047,3.080009939122879,4,4,11,4,1,51835,4702.055
-1,2026-05-11 04:00,51938,51947,9,рывок,False,4672.16,4736.135,26.969999999999345,-2.3720800889878353,-2.352508727903369,0.8924731182795808,3,3,2,0,0,51929,4705.56
-1,2026-05-13 03:00,51983,52071,88,пауза,False,4696.1,4581.995,88.66499999999996,1.2869226865166696,1.3423015631909503,2.432639711272775,3,2,12,4,1,51957,4560.095
-1,2026-05-19 10:00,52082,52109,27,пауза,False,4544.925,4531.295,28.449999999999818,0.479086115992977,0.5334627564742401,3.217398945518469,5,5,4,1,1,52072,4508.85
1,2026-05-21 16:00,52134,52186,52,пауза,False,4519.465,4537.3,82.26500000000033,0.21679936789643184,0.1812868502506142,0.738831823983462,2,0,11,2,1,52131,4553.12
-1,2026-05-27 02:00,52210,52247,37,пауза,False,4505.96,4511.015,45.43000000000029,-0.11127008584636272,-0.0648822713877661,3.075720889280202,5,3,4,1,0,52184,4462.58
1,2026-05-29 02:00,52256,52290,34,пауза,False,4501.785,4450.745,27.654999999999745,-1.8455975411318182,-1.9156646091906722,3.382570963659408,4,3,5,2,1,52253,4520.025
-1,2026-06-01 15:00,52292,52304,12,рывок,False,4474.29,4517.45,23.984999999999673,-1.7994579945799642,-1.7701756367762569,0.7794454867625584,4,4,3,0,0,52269,4495.54
1,2026-06-02 10:00,52310,52328,18,пауза,False,4533.28,4457.165,78.61999999999989,-0.9681378784024407,-0.9813950425797395,0.01990587636734306,2,2,3,2,2,52301,4478.785
1,2026-06-04 12:00,52358,52381,23,рывок,False,4504.185,4406.605,25.390000000000327,-3.8432453721937603,-3.895322323876295,0.4462386766443395,1,1,2,1,1,52354,4458.665
-1,2026-06-05 16:00,52385,52479,94,рывок,False,4344.68,4161.87,47.164999999999964,3.8759673486695756,3.9875137908695386,6.801865790310625,4,3,11,4,1,52359,4118.395
